,cell_class,coord_X,coord_Y
246597,L4/5 IT,0.26801324,-0.053928226
243121,Endo,-0.09609857,-0.22485653
280098,Astro,-0.4147134,0.119303524
270974,Peri,-0.24841928,0.13261104
248753,Pvalb,-0.29411954,-0.050447106
276401,L2/3 IT,0.004972875,0.26650423
239487,Peri,0.02181691,0.18575442
273773,OPC,0.059139848,-0.16332951
270977,Astro,-0.24595991,0.25319344
241411,Lamp5,-0.072855115,0.41283166
256988,L5 IT,0.13103348,-0.026367337
242273,VLMC,-0.48703364,0.21413934
278556,L6 CT,0.14600283,-0.20684391
243141,L6 IT,0.08183628,-0.30345
270984,Lamp5,-0.06224644,0.40368098
270985,L2/3 IT,-0.017461747,0.34111238
246993,L6 IT,0.06524819,-0.060997546
263654,Lamp5,0.4500935,0.002725184
270050,L6 CT,-0.018215865,-0.13842723
266356,L5 IT,0.043571055,0.041199505
267054,L4/5 IT,0.026691437,0.17961073
251396,Sst,0.20082968,0.1050446
276336,Endo,-0.15561977,-0.10398486
258644,L4/5 IT,0.3386346,-0.12485734
258868,L5 IT,-0.25225797,0.0027250051
249583,Astro,-0.30489096,0.17165762
242270,L6 IT,-0.026300997,-0.22993964
277792,L5 IT,0.10729879,0.049485147
267048,L6 CT,-0.15304363,-0.22538939
248204,Astro,0.46620178,0.023456156
258612,Endo,-0.072465,0.3187111
280124,Pvalb,0.13722688,-0.29697752
265748,L5 IT,0.102181494,0.017791808
276395,Endo,-0.3246866,0.3024431
268898,Oligo,0.05617076,-0.32696754
246466,Endo,0.32930863,-0.016073883
276573,Astro,-0.08046582,0.37819183
244557,VLMC,0.2312097,0.26770616
256983,L5 ET,-0.037925005,-0.14882272
245673,SMC,-0.27510864,0.31375426
249251,L2/3 IT,-0.39207956,0.22769034
252633,Astro,0.3261208,0.18026406
271093,Endo,0.17860371,-0.20539299
269089,L5 ET,-0.062467456,-0.2702523
270920,L2/3 IT,0.38351315,0.017423391
280111,Peri,-0.16573858,-0.0010159314
257744,L2/3 IT,0.29539323,0.059545398
270924,Astro,0.18191183,0.33128738
244547,Astro,-0.17441437,0.093135595
265299,Endo,-0.026251704,0.38777983
241700,L6 CT,0.11686605,-0.18702698
268241,L5 IT,-0.26185018,-0.09904432
275033,L4/5 IT,-0.026085496,0.13212252
273778,L2/3 IT,0.13593554,0.1933968
252036,L4/5 IT,-0.07739258,0.2148518
270162,Oligo,-0.059859574,-0.19083428
252568,Micro,-0.25428838,0.03679222
280067,L2/3 IT,-0.06465447,0.3320169
254906,Endo,-0.12553152,0.39287245
275312,Astro,-0.055785388,-0.087666124
251123,Astro,-0.2882334,-0.041116327
240891,L2/3 IT,0.3014766,-0.0006380081
246631,Micro,0.3078493,0.19438398
255020,L5 ET,-0.13553181,-0.27648607
276443,L2/3 IT,0.40932596,-0.09615296
244054,L4/5 IT,-0.28167439,0.17173886
269142,L4/5 IT,-0.34064522,-0.033492655
270073,L6 CT,0.24718308,-0.22690246
239184,Endo,-0.023842603,0.3089248
251136,L6 IT,-0.019898683,-0.269725
275306,Astro,-0.38067877,0.24528033
271054,L4/5 IT,-0.29116422,0.099711895
245925,L5 IT,0.307424,-0.1991747
246988,Astro,-0.42909402,0.15126163
255790,L6 CT,-0.11544344,-0.18866313
261445,Micro,-0.088380575,0.4436288
264206,L4/5 IT,0.13334513,0.100842535
271065,OPC,0.17080963,-0.123147905
251129,L2/3 IT,-0.38690537,0.17759883
275304,L5 IT,0.26839626,-0.14813122
261045,L6 IT Car3,-0.09600365,-0.1991274
257839,L4/5 IT,-0.25127262,0.080226064
257884,PVM,-0.16970038,0.10089731
243755,Astro,0.41718638,-0.046236724
267851,L2/3 IT,0.35163403,0.09629917
259447,Endo,0.13566768,0.35346264
276442,Astro,-0.22136277,-0.1750468
239555,L2/3 IT,-0.2853589,0.3376426
266237,Peri,0.20861083,0.085715175
246425,L2/3 IT,-0.19701898,0.3341236
240900,L2/3 IT,0.18757749,0.22237384
245843,L6 IT,-0.03748691,-0.26538882
239205,L6 CT,-0.10012692,-0.11462551
247387,Endo,0.28644145,-0.061610013
259470,L2/3 IT,-0.250081,0.28739113
242914,L4/5 IT,0.2310803,-0.009496629
240903,Endo,0.099683404,0.3939854
252016,Astro,-0.26293728,-0.11579993
250313,Endo,0.26379395,0.24192274
255025,L5 IT,-0.17999819,0.0126722455
257790,OPC,-0.17213908,-0.17885548
278588,Micro,-0.3443793,0.09350985
268226,Pvalb,-0.05825883,-0.26959294
263663,L2/3 IT,-0.03588158,0.32286978
245131,VLMC,-0.2377798,0.47368163
248161,Endo,0.107061446,-0.06774771
253634,Pvalb,0.048463464,0.02958119
256990,SMC,0.20714265,0.3085227
254960,Micro,-0.15992528,0.13130772
270132,L4/5 IT,-0.14996243,0.19494832
262419,SMC,-0.33406085,0.28246182
279308,SMC,0.3143801,0.0033017397
280036,Micro,-0.05458209,-0.30925822
265304,L4/5 IT,-0.31792247,-0.058137
280033,Micro,0.0052797794,-0.3800067
271037,L4/5 IT,0.05254394,0.13012671
279286,L6 CT,0.06755102,-0.2353552
252701,L5 IT,0.26748794,-0.21767452
273644,L2/3 IT,0.037569582,0.294347
239173,Astro,0.09252995,0.24778199
269453,L6 IT,0.1131444,-0.058186352
273793,L2/3 IT,-0.35253924,0.09108466
254597,Peri,-0.053972125,0.24134535
257363,L4/5 IT,0.34147668,-0.092362136
263542,Micro,-0.19089419,0.36197507
241299,Endo,0.1312114,-0.198167
257367,L2/3 IT,-0.11336169,0.37972176
264811,L5/6 NP,-0.14958721,-0.35450083
273962,L2/3 IT,0.3228653,0.05064875
254594,L2/3 IT,-0.28164127,0.23100102
249379,L4/5 IT,0.2739799,0.036268413
265258,Astro,-0.10448918,-0.44941264
261296,SMC,0.34782153,-0.14350078
252354,Astro,-0.35795525,0.23369724
255963,L5 IT,0.028153062,0.081605256
280276,Endo,0.06758773,0.20678443
279195,PVM,0.4351462,0.05810845
263530,L5 ET,0.21713334,-0.24764276
248780,L6 IT,-0.07209039,-0.22279087
264252,L5 IT,-0.2959435,-0.09746286
244940,Oligo,-0.0066431165,-0.37912184
251469,L4/5 IT,0.31643534,-0.17478517
274125,Endo,0.20477563,-0.013272464
276791,L4/5 IT,0.35891044,-0.048909754
250370,Oligo,-0.026824445,-0.19772315
278393,L5 ET,-0.000580132,-0.021789968
266073,L2/3 IT,0.33861583,0.047886908
247777,Endo,0.17276525,0.2863266
246543,Peri,0.079343796,-0.23884556
273940,L2/3 IT,-0.36263314,0.15471452
244205,L6 CT,0.17728311,-0.21813485
239094,Astro,0.3569494,-0.08623958
257619,Endo,0.14105195,0.29243767
239092,L2/3 IT,-0.17623398,0.3250677
258837,L5 ET,-0.23333079,-0.14616302
261939,L6 CT,-0.13329789,-0.23498613
245351,Peri,0.010830998,0.14090538
262365,Endo,0.016495585,-0.0623568
259680,L2/3 IT,0.1424464,0.17941493
246119,Endo,-0.45034456,0.15792418
272655,Endo,0.2348929,-0.10153729
276908,L4/5 IT,-0.16528702,0.22304177
275155,L2/3 IT,0.38036638,-0.05585873
267169,L2/3 IT,-0.26326105,0.39666444
257445,Endo,-0.42867577,0.1584732
243198,Astro,-0.11329526,0.4269691
249341,L4/5 IT,0.08569968,0.15070742
248785,Peri,0.086274445,0.1111958
267999,L6 IT,0.10822934,-0.32485527
249339,L5 IT,-0.0043908656,-0.24722028
240339,L6 CT,0.07049084,-0.16498584
274067,L6 IT,-0.024935335,-0.07691285
264275,Peri,-0.010230422,0.27814305
239807,L5 IT,0.005886793,-0.31139505
243876,Endo,0.15401584,-0.15481114
259657,Lamp5,-0.3235085,0.40461773
263483,L4/5 IT,0.2898448,-0.07229537
246521,L5 ET,0.21929324,-0.25111148
245141,Micro,0.2746362,-0.104650766
270613,OPC,-0.13125369,-0.04974994
242467,Astro,-0.22771403,0.30627173
270523,Oligo,-0.045701027,-0.32887152
258751,L5/6 NP,-0.10780111,-0.20036647
268985,VLMC,0.3018468,0.23191619
277861,L2/3 IT,0.08091509,0.30721843
261313,L6 IT,-0.041887283,-0.12204057
277004,L2/3 IT,0.043952465,0.28395164
270373,L2/3 IT,0.029810071,0.21577567
268006,L4/5 IT,-0.2590896,0.17497033
263467,Endo,0.03318268,0.27580208
267158,VLMC,0.38874936,0.1424486
249337,Oligo,-0.056033105,-0.3720389
265985,L4/5 IT,0.040663123,0.13914222
255919,Astro,0.28133923,-0.07032737
274013,L2/3 IT,-0.36266577,0.109573424
277859,L6 IT,-0.20085105,-0.10361913
247450,L2/3 IT,0.12624693,0.24726361
240343,OPC,0.054339528,-0.04614815
250968,L5/6 NP,0.2437619,-0.24448833
250937,L5/6 NP,0.018225312,-0.08420861
245365,L2/3 IT,0.18893105,0.24373227
274139,Astro,0.318178,-0.1721555
273822,L5 ET,0.07379532,-0.051136315
266160,L4/5 IT,0.3536684,-0.10731059
248337,L2/3 IT,-0.33731425,0.21345109
270235,Pvalb,0.07901293,-0.24185169
247849,L5 IT,0.21104664,-0.065297276
268870,Endo,0.08363193,-0.18465513
275255,L2/3 IT,-0.394077,0.10994458
257200,L4/5 IT,-0.18085697,0.21892238
261880,Oligo,-0.06414211,-0.17900273
263371,Astro,-0.013864964,0.1912604
260280,L2/3 IT,-0.015689552,0.24228501
240416,VLMC,-0.40462404,0.3063771
277816,L2/3 IT,-0.3583038,0.2120713
254806,Sst,8.165836e-06,-0.2880993
265228,L5 IT,0.011393905,-0.0035451055
279239,L4/5 IT,0.07021451,0.1275599
250864,L4/5 IT,0.36411506,-0.16101477
268116,L6 CT,-0.07478285,-0.14540067
266162,Oligo,-0.06923169,-0.24732724
273813,L4/5 IT,-0.27500886,0.081890345
275041,Astro,-0.24423021,0.31373417
241383,L6 CT,0.02270031,-0.13691813
264312,L5 IT,-0.31298184,-0.060340315
242537,L2/3 IT,-0.22086439,0.29339862
276583,L6 CT,0.20259023,-0.2653243
262273,L4/5 IT,-0.15594584,0.23180997
241251,Peri,0.055817306,0.20272297
267894,L2/3 IT,0.06905472,0.25613678
241376,L4/5 IT,-0.32724416,-0.0048295856
270202,OPC,-0.17721027,-0.2719382
278502,L6 CT,0.0069417357,-0.18286192
259501,L2/3 IT,0.14871186,0.15867716
242533,OPC,-0.23106205,0.32223153
247010,L5 ET,0.30505502,-0.16501641
254846,SMC,-0.27528787,0.20211965
241254,Endo,-0.45124927,0.21876878
263617,L6 IT,0.11365199,-0.109812856
254520,Pvalb,0.33900875,-0.16479337
267101,L6 IT,-0.15329736,-0.0008029938
253793,L6 CT,-0.14353582,-0.1638543
280208,L5 ET,-0.097637296,-0.13687673
246555,Oligo,0.028645575,-0.25296056
253670,L2/3 IT,0.31439257,0.08461249
244995,L2/3 IT,0.34868318,-0.022391558
248816,OPC,-0.031235516,0.29033422
257639,VLMC,-0.031152546,0.43994385
270702,L6 CT,-0.051665157,-0.065066785
278443,L6 IT,-0.011056811,-0.21532604
257314,Micro,0.1977228,0.2594875
254728,L2/3 IT,0.4169823,-0.06040278
264240,Lamp5,0.0048867464,0.20848507
247461,VLMC,-0.04365042,0.4522243
251017,L2/3 IT,0.44193345,-0.03835678
262796,L5/6 NP,-0.13915586,-0.25124562
273902,L4/5 IT,-0.14185056,0.24514687
275092,L6 IT,-0.051591635,-0.24112552
270288,L2/3 IT,0.08130145,0.21790582
247772,L6 IT,0.08982372,-0.2960957
263579,Sst,0.091555476,-0.03818524
270725,Peri,-0.063919455,0.3986004
241786,Endo,0.354353,0.027753353
267919,Pvalb,0.19311577,0.019980788
259597,L6 IT,-0.08550382,-0.052439272
245893,Astro,-0.14862898,0.4237613
239122,L2/3 IT,0.1016773,0.22945583
270783,L2/3 IT,0.3807239,-0.040828317
277084,Peri,-0.3301476,0.36948484
268089,L4/5 IT,-0.08866289,0.16267198
273879,PVM,-0.37679744,-0.02184841
280186,L5 ET,-0.2330449,-0.17882288
273880,L4/5 IT,-0.13525942,0.15896559
254755,Micro,0.23964936,0.24646395
262716,PVM,-0.4362643,0.27929884
263586,L4/5 IT,0.32372785,-0.114632696
243812,Endo,-0.34461918,-0.057118237
252159,Peri,-0.16616341,0.4321066
274161,L5 IT,0.24222976,-0.077828765
266179,L2/3 IT,0.32579058,0.08277941
249450,Micro,-0.042844802,0.32125777
276215,Micro,0.3874759,0.11974406
276306,L4/5 IT,0.29342002,-0.090587646
251231,Astro,0.066415966,0.3518452
265094,VLMC,0.2306993,0.25332713
254202,L2/3 IT,-0.28374577,0.3420558
240147,L2/3 IT,0.16455561,0.17227018
272180,Endo,0.12136805,-0.2719212
249963,L5 IT,-0.26285762,-0.03181237
247208,L5 IT,-0.2618236,-0.07104498
260708,L6 CT,-0.06402418,-0.18979773
266914,PVM,-0.41295925,0.32771862
265594,Pvalb,-0.15367472,0.3124228
251856,L2/3 IT,0.24465817,0.07647842
260719,L4/5 IT,-0.16317889,0.20572042
263931,L6 CT,0.016468942,-0.33519226
251860,L4/5 IT,-0.23852745,0.067750275
250196,L5 ET,0.13668555,-0.028773576
247607,Astro,-0.08935785,0.33751065
279664,L4/5 IT,-0.23369694,0.1811043
271751,L5 IT,0.033016264,-0.0754163
255400,L2/3 IT,0.3914221,-0.054433137
248917,Pvalb,-0.3290575,-0.009136111
258477,Oligo,0.16823614,-0.36970136
271785,Oligo,0.15020746,-0.18408147
242738,VLMC,0.40334767,0.12903577
274797,L4/5 IT,-0.026617855,0.10922837
242018,L5 ET,0.29005957,-0.20473498
249980,Endo,-0.011816174,0.25345153
258247,L4/5 IT,0.034878075,0.20059514
260665,L2/3 IT,-0.30593684,0.21459913
243613,Astro,0.058366537,0.37870663
254181,Lamp5,0.057862163,0.34670287
240674,Endo,-0.18719894,0.2534126
241100,L2/3 IT,0.41423374,-0.06286177
254194,Astro,-0.33648914,0.24959171
240078,L5/6 NP,0.24120861,-0.16669312
271760,Lamp5,-0.40736517,0.29452902
275569,L4/5 IT,-0.06606457,0.15112793
271716,L2/3 IT,-0.17307079,0.26823694
253446,L4/5 IT,-0.19464433,0.2318595
260728,L4/5 IT,-0.218395,0.18729472
246311,Oligo,0.040442348,-0.006774783
267584,Peri,0.29616445,-0.17725688
247587,VLMC,-0.39113533,0.33804762
266604,L2/3 IT,-0.33834398,0.22827148
243311,VLMC,0.25288463,0.2513405
241630,Micro,-0.007216722,0.21246833
261620,L6 IT Car3,-0.09044933,-0.24072367
266612,Sst,-0.027246654,-0.3421086
242106,L2/3 IT,-0.34972447,-0.08445877
259968,VLMC,0.2910136,0.273471
250608,L4/5 IT,-0.33371663,-0.00035473704
249840,VLMC,-0.0959948,0.47191238
250216,L2/3 IT,-0.17612153,0.37398833
253018,Oligo,0.0142195225,0.11530954
265190,Endo,-0.029183388,-0.10520685
263881,Micro,0.3322379,-0.14488038
255343,Endo,-0.21580979,-0.21092
271806,L5 IT,-0.027386963,-0.30512196
278824,Endo,-0.038192928,0.15006196
251358,L5 ET,0.044142663,0.03211218
271709,L6 CT,0.056931376,-0.20499596
275967,L4/5 IT,-0.29488832,0.08091825
239987,L2/3 IT,-0.2925977,0.25802863
258216,L4/5 IT,0.31517625,-0.08618185
249937,Vip,0.4400279,-0.034377664
265188,L6 CT,0.1346367,-0.18368205
263917,Astro,0.18830186,0.2706185
240818,Endo,-0.34520677,0.27780795
255377,Astro,0.2886998,0.2158885
239580,L4/5 IT,0.07275599,0.15381885
241628,Micro,0.24739206,0.04565382
263914,Oligo,0.04760796,-0.2733062
244413,Peri,-0.14719498,0.002725482
247710,Sst,0.2505257,-0.026112705
260736,Astro,0.033353984,0.37255806
271702,Endo,0.030009449,0.23669839
277508,L6 IT,-0.10007304,-0.012341827
246788,L4/5 IT,-0.2959603,0.15165001
241089,L4/5 IT,-0.15711951,0.22532398
278048,L5 IT,0.021945417,-0.20753539
268604,Pvalb,-0.08943096,-0.41601837
263026,OPC,-0.10248354,0.3418429
268671,Endo,-0.0693506,0.28178996
263028,OPC,-0.21333566,-0.07148039
250062,L2/3 IT,-0.39430264,0.106586516
247981,Pvalb,0.20543438,0.058610618
246017,L4/5 IT,-0.33131105,0.14065993
271965,Sst,-0.09072378,-0.22444963
250101,Micro,0.18608618,0.31258398
253343,Lamp5,0.0449847,-0.28901857
241981,L6 CT,-0.15971273,-0.22139043
271953,L2/3 IT,0.096659124,0.1824646
253209,L4/5 IT,-0.2505896,0.16168797
245586,L4/5 IT,0.077858865,0.18196714
247954,L5 IT,0.14273953,-0.0628863
253233,L6 CT,-0.091747195,-0.31066415
243574,Peri,0.12273985,0.09636629
248947,L4/5 IT,0.33456624,-0.07121804
264010,PVM,0.097447574,-0.08545902
256399,L2/3 IT,-0.03456357,0.26764476
243583,L6 CT,0.23151636,-0.1915493
274714,Lamp5,-0.019885808,0.24656165
258417,Endo,-0.047960103,0.3304726
267434,Endo,-0.034207284,0.37393755
273044,L4/5 IT,-0.12229267,0.23916054
273013,L4/5 IT,-0.03848636,0.20750755
240706,L2/3 IT,-0.36917567,-0.023715168
269480,L4/5 IT,0.33355302,-0.14335349
256412,L4/5 IT,0.33695108,-0.11500898
246926,Peri,0.26766074,-0.014429867
261733,L5 IT,-0.22246549,-0.1140528
262023,L2/3 IT,0.44747996,-0.04956904
265468,L2/3 IT,-0.33618978,0.28859973
263023,Astro,-0.14953545,-0.24864933
260598,Astro,-0.12852323,-0.19821426
277990,Pvalb,0.05797279,0.15454644
239351,L6 IT Car3,-0.055628926,-0.20848414
241593,L6 IT,-0.006341666,-0.25796044
268672,Peri,-0.19653803,-0.22824147
269547,L2/3 IT,0.062205374,0.2508747
244314,L6 CT,0.11235201,-0.24253547
241544,L2/3 IT,0.33060873,0.08770549
279622,L6 CT,-0.1121501,-0.26976553
262090,L2/3 IT,0.21255875,0.24023843
269571,Lamp5,-0.39658737,0.31674463
260052,Sst,-0.23250559,-0.2011781
273164,L6 CT,-0.09458688,-0.18919429
272122,VLMC,-0.22753644,0.47708738
271831,L2/3 IT,0.23203093,0.15643704
266861,Endo,0.119127095,-0.29889938
246852,L5 IT,0.18452191,-0.12444797
273189,L4/5 IT,-0.2887485,-0.039167732
268542,L5 IT,-0.2409671,-0.11136261
259179,L2/3 IT,0.30555487,0.109276354
256267,Pvalb,-0.09337476,0.20682293
263948,L2/3 IT,-0.18265277,0.28498638
261693,Astro,0.17596394,-0.35687643
253367,L5 IT,0.10047537,0.07562959
275837,Micro,-0.19569099,0.061306953
271949,OPC,-0.14279681,-0.14917329
249098,Oligo,-0.23591661,-0.07491478
271945,Micro,-0.16172957,-0.2620703
245069,Endo,-0.09389591,-0.33881164
242790,L4/5 IT,-0.22987324,-0.10474676
245573,L2/3 IT,0.3647799,0.06317276
274669,SMC,-0.10929993,0.23383528
255637,L5/6 NP,0.16186327,-0.18962985
253191,Endo,-0.0012462437,0.13593966
251268,SMC,-0.21498802,0.4222725
239341,L4/5 IT,-0.0073985755,0.13002473
267430,Astro,-0.19953015,0.3678711
256319,Endo,-0.22480038,0.037931323
260074,Vip,-0.30599853,0.30581456
260618,VLMC,0.22962558,0.28003305
274753,L2/3 IT,0.34741604,0.0729031
253185,Endo,-0.23287472,0.45067596
271633,VLMC,-0.44751737,0.27609235
277478,Astro,0.13544679,0.19349897
278791,L6 CT,-0.033168584,-0.15399283
258021,Pvalb,-0.2624923,-0.16428062
249193,L2/3 IT,0.1294471,0.1464842
259861,L2/3 IT,0.36952263,0.029413939
250264,Oligo,0.065677345,-0.12220058
275432,L2/3 IT,-0.33028138,0.17755336
275413,L2/3 IT,0.07398909,0.27414936
277353,L4/5 IT,-0.2668561,0.13226408
253580,L2/3 IT,0.24177349,0.17698765
266992,L5 IT,-0.2046574,0.074902534
255114,L4/5 IT,-0.18505901,0.1752218
277721,Astro,-0.05554366,0.3256964
272313,L5 IT,0.2122196,-0.07754946
266459,L2/3 IT,-0.24965009,0.30508715
258004,VLMC,0.022462726,0.4194225
262480,L2/3 IT,-0.23242998,0.25340426
258549,L5 IT,-0.15564212,0.072505176
258953,L6 IT,0.03652799,-0.29364282
265029,L6 IT,-0.018376797,-0.07422587
248107,L4/5 IT,-0.20384574,0.17926288
273461,L2/3 IT,-0.38046795,0.1437388
279077,Peri,0.04125601,0.20738548
251612,Endo,-0.22715092,0.06447083
256792,L4/5 IT,-0.122902066,0.20767945
274446,SMC,0.35896862,0.080378175
254318,Astro,-0.35883683,0.049601495
241466,L6 CT,0.18805188,-0.21922508
249654,L4/5 IT,-0.133196,0.16044253
269268,Astro,0.019157827,-0.07363549
239450,Peri,0.10236859,-0.29159865
271406,L2/3 IT,0.020169199,0.324053
243705,L2/3 IT,-0.22329098,0.38474995
262188,Endo,-0.06218356,-0.10033482
259338,Astro,-0.13180727,-0.18468028
269260,Endo,-0.38231817,0.064082205
247278,L6 CT,0.0074430704,-0.15957427
258058,L2/3 IT,0.09182751,0.27198392
243957,L4/5 IT,-0.28307807,-0.0792768
250439,L5 ET,-0.15640956,-0.20428276
278675,L5 ET,-0.03743592,0.009653032
249625,L4/5 IT,0.07102716,0.14632529
258930,OPC,0.062022448,0.26811153
245818,Vip,0.26577336,0.0754087
246662,L6 CT,0.04585004,-0.33607543
255070,L2/3 IT,-0.3244809,0.25963628
268855,Endo,-0.058214396,0.11361432
278649,L4/5 IT,0.01946956,0.19921196
273606,L4/5 IT,-0.30359906,-0.060541242
272753,L4/5 IT,0.010522246,0.16534114
271238,L6 CT,0.16007835,-0.21099198
276288,L2/3 IT,0.4175911,-0.06446761
267035,Astro,0.05074054,0.40657723
276294,VLMC,-0.41405553,0.34413773
277271,L6 IT,0.071956515,-0.072836995
263241,VLMC,-0.450726,0.2589903
277741,Peri,0.38039345,-0.044625193
242248,L6 CT,0.16746378,-0.26169202
241467,Astro,-0.34111333,0.09329015
247075,L2/3 IT,0.39456522,0.014828384
251151,L4/5 IT,-0.31967753,0.009689093
259391,Oligo,0.09301221,0.012901306
278668,L4/5 IT,0.08800477,0.14252096
248391,Endo,0.20061159,-0.25517333
257939,L2/3 IT,-0.344405,0.24207419
248134,Oligo,-0.029212058,-0.124138355
252826,Oligo,0.2049005,0.31168538
261531,L2/3 IT,0.4097566,-0.0077855885
262465,L2/3 IT,-0.4047258,0.10645592
262475,Micro,-0.20445916,0.31099737
265734,L2/3 IT,-0.06385705,0.35292768
253312,L2/3 IT,-0.112965345,0.29700583
276234,L6 IT Car3,-0.051967263,-0.23574486
277308,L6 CT,0.09357101,-0.20949829
239996,Astro,0.004112065,-0.2719539
243731,L6 CT,0.1390084,-0.13695869
240056,L2/3 IT,-0.27742288,0.32590926
263202,L2/3 IT,-0.37459695,0.15500873
261585,Micro,-0.19084853,-0.1411975
271418,L5 ET,0.10215467,-0.041296214
268783,L6 IT,-0.007639885,-0.2688132
256691,L2/3 IT,-0.23204866,0.29126412
252951,Peri,-0.09037256,-0.053230137
265648,Micro,-0.007317275,-0.2879145
244324,L2/3 IT,0.024371445,0.23670202
267643,L2/3 IT,0.13304454,0.21800888
240599,L2/3 IT,0.3079633,0.14909434
240598,Astro,-0.3383417,0.38090938
274524,Astro,0.106009066,-0.04031393
271567,Sncg,-0.3581255,0.32199013
243078,Pvalb,-0.009894371,-0.3043185
251190,PVM,-0.17229187,6.252527e-05
269752,Astro,0.17026246,0.25153345
275476,L2/3 IT,0.41808808,-0.055512756
245533,L2/3 IT,0.017947674,0.29410648
260196,Oligo,0.095588624,-0.3337657
252924,L4/5 IT,-0.2881838,-0.064608276
267323,SMC,-0.48005438,0.25604242
253487,Endo,-0.23429686,-0.063354045
249780,L5 ET,0.030559659,-0.105769485
252958,L6 CT,0.12539804,-0.31839034
249813,Endo,0.15053844,0.1515134
249812,L4/5 IT,-0.13231689,0.24069375
258167,Astro,-0.35596877,0.033809602
263089,Oligo,-0.11587784,0.07629436
255696,L6 IT Car3,-0.116368145,-0.23315302
278782,L4/5 IT,0.3615595,-0.16481179
277688,Astro,-0.08538702,0.42494726
258804,L5 IT,0.03761357,-0.033207476
245221,L6 IT,-0.04348913,-0.23479205
279787,SMC,0.07989895,0.30455208
274541,L2/3 IT,-0.31053984,0.23608994
266596,Micro,0.39721155,-0.15707207
251201,L5 IT,-0.08687225,0.022923112
276035,SMC,0.35083163,-0.0001360476
260773,Sst,0.17188859,-0.118968904
268424,Endo,0.19305158,-0.17543119
246219,Pvalb,0.08653355,0.26655734
243510,L6 CT,-0.015447527,-0.26779085
250231,Peri,0.2553525,-0.100991786
248068,L4/5 IT,0.35744208,-0.18568507
256742,L6 IT,0.21957535,-0.22320971
243683,OPC,0.074015975,-0.14396313
258100,L4/5 IT,-0.19657159,0.20420682
264555,L5 IT,-0.14596254,0.14230365
273441,L2/3 IT,-0.29740107,0.28292572
264389,L5 IT,0.09542471,-0.021399826
256767,OPC,0.2534104,0.24112856
245518,OPC,-0.021773338,-0.1433115
239715,Endo,-0.2282339,-0.14769477
263142,L2/3 IT,0.4168706,-0.045286685
251941,L2/3 IT,0.10339129,0.28558904
278126,VLMC,-0.08208692,0.45919776
241156,OPC,-0.32088205,0.31796288
277414,L6 IT Car3,-0.020447373,-0.25415567
249729,L4/5 IT,-0.3045175,0.08590567
252877,L5 ET,0.30274534,-0.15603018
244498,L6 IT,-0.05752489,-0.09172997
250681,L2/3 IT,0.13337475,0.17877781
266524,Endo,0.07775724,-0.30913717
250694,L5 IT,0.07029742,-0.03540042
259912,VLMC,-0.25340074,0.46061164
245121,L4/5 IT,0.15491885,0.037310243
247733,Astro,-0.45741275,0.17280143
273411,L5 IT,-0.24707308,-0.049506128
259281,L5 IT,0.05506414,-0.028425962
269780,Vip,-0.03308478,0.3189625
252894,Endo,-0.06985748,-0.056801677
241479,L5 IT,0.107287824,0.0019617677
271491,Astro,-0.14370963,0.026444256
267663,L6 CT,-0.015937835,-0.30599487
275453,L5 IT,-0.23130804,-0.065927684
252887,Astro,0.1342864,0.1339559
249052,Astro,0.06775981,0.094189644
276083,L2/3 IT,-0.3131093,0.2742659
249182,Astro,-0.43102735,0.17090303
258969,SMC,0.24647367,0.28442705
241484,Micro,-0.06672022,-0.022564948
265902,L4/5 IT,-0.29318404,0.113922834
280326,L2/3 IT,0.045977354,0.2781883
82843,VLMC,-0.39969695,0.34905505
144274,VLMC,0.36593914,0.16655439
195878,L4/5 IT,0.2066105,0.03130877
195873,Micro,0.19666398,-0.06924182
144280,Endo,0.33239967,-0.2050601
34342,L4/5 IT,-0.18336073,0.17759252
34358,L5 IT,-0.08099866,0.08588785
144346,L6 IT,0.012455165,-0.37050658
34372,L5 IT,0.22782117,-0.03898269
144432,Endo,-0.008598268,-0.050259084
144471,L4/5 IT,-0.14715225,0.21337873
34422,L4/5 IT,-0.14696917,0.13162762
144492,L5 ET,0.102885544,0.013607025
144521,L5 ET,0.21229935,-0.112538695
144248,Lamp5,-0.43142605,0.22256559
34433,Astro,-0.1939536,0.25013536
77706,Astro,-0.37790447,0.32177323
77668,L2/3 IT,0.36485898,0.06660199
195622,L2/3 IT,0.109238744,0.19008005
144688,Endo,-0.1980061,0.20685565
195615,L6 CT,0.12521678,-0.3049231
34561,OPC,-0.06005305,0.040942073
144745,L4/5 IT,-0.17369983,0.22861987
195608,L6 IT,-0.044655323,-0.160916
144758,VLMC,-0.15289941,0.47793627
144766,L4/5 IT,-0.17623836,0.18063843
77482,L6 CT,-0.11212203,-0.23083854
77439,L2/3 IT,-0.39486519,0.18110591
77395,L6 IT,0.040386736,-0.009425193
144533,Endo,-0.10006684,-0.18967447
144220,L4/5 IT,0.11037803,0.085095406
34269,VLMC,-0.19659004,0.4618771
144187,L6 CT,-0.035934478,-0.19498283
33604,L2/3 IT,0.44410783,-0.028921545
196765,L4/5 IT,-0.0189991,0.16902381
196702,L2/3 IT,0.20961678,0.22420067
143540,Peri,0.12795097,0.25871813
78499,L4/5 IT,-0.19337603,0.26831597
78418,Vip,-0.10772669,-0.18110982
196615,Astro,0.05225253,0.31076205
78386,L4/5 IT,0.073976755,0.14729297
143801,VLMC,0.117848575,0.36712462
196474,L4/5 IT,-0.1405023,0.22269279
196408,Endo,0.2618001,0.018543601
143861,Endo,-0.42068407,0.10514343
143889,Micro,-0.37753975,0.33628058
143975,Lamp5,-0.1344764,0.41347468
196363,L2/3 IT,0.050108314,0.27467012
33905,Lamp5,0.3329032,0.1429683
33975,Pvalb,-0.13463166,-0.24767959
78254,Astro,-0.15447825,0.17921305
144040,Astro,-0.3948759,0.17468953
78102,Peri,-0.22615036,0.4523232
34043,L4/5 IT,-0.27175736,-0.026781917
196203,L6 IT,-0.02183181,-0.14694434
196136,Pvalb,-0.2703058,0.17854989
34066,Lamp5,0.22542095,0.305862
196099,Astro,0.23726493,0.23384804
34076,Micro,-0.08207098,-0.043488562
77972,L6 CT,0.016019166,-0.27781516
144131,L6 IT Car3,-0.06271821,-0.27333272
34258,Astro,-0.3866541,0.16597533
77376,L4/5 IT,-0.13169378,0.23771727
33598,L2/3 IT,-0.21169236,0.30828625
144874,Sst,-0.02171585,-0.13690504
77369,SMC,-0.34973964,0.30371588
145578,Micro,-0.25803438,-0.15612522
194421,L2/3 IT,-0.39606062,0.14574051
35390,L2/3 IT,0.11317134,0.20699245
194382,Micro,-0.2843272,0.4115076
145604,L2/3 IT,0.022300601,0.3425688
76863,Astro,-0.40576687,0.11941022
145643,VLMC,0.12728852,0.3761173
35418,L2/3 IT,0.19302875,0.24498338
145662,L5/6 NP,-0.19231546,-0.2552334
76836,L4/5 IT,-0.15146282,0.1998651
194210,Endo,-0.40830597,0.08827555
145694,L5 IT,-0.31648862,-0.12874413
35456,L4/5 IT,0.029098332,0.07849622
194478,L2/3 IT,0.08475143,0.19828093
76824,L2/3 IT,0.14508092,0.28462982
194146,L5 IT,-0.10340917,0.021014512
145753,PVM,-0.108774126,0.46272945
194113,Astro,-0.007970363,0.3453493
35559,L5 IT,0.09276575,0.025891066
76778,Endo,-0.025048554,0.4265586
35582,Endo,0.06858188,0.34469914
194054,L5 IT,-0.16176075,-0.045432568
194047,L6 IT,0.049179792,-0.2864669
194038,PVM,0.029826641,0.1792568
145824,L2/3 IT,-0.37990677,0.1452657
194004,L2/3 IT,0.1113317,0.25187647
35647,L2/3 IT,-0.21283922,0.33090013
193960,VLMC,0.46657932,0.030776262
76791,L6 IT,0.12445533,-0.28215927
76978,L2/3 IT,-0.012427539,0.2833196
194517,Astro,-0.24614295,0.19049644
194535,Lamp5,-0.20956913,0.44919878
77345,L6 IT,0.07091665,-0.11840281
144937,Oligo,0.062726796,-0.29903764
144982,L6 CT,-0.057189733,-0.10021439
195265,Oligo,-0.047216892,0.0150767565
144997,Endo,0.39280355,0.12701339
34809,L2/3 IT,0.40693516,-0.030591518
34900,Endo,-0.057917118,0.30980778
195231,L5 IT,0.08743048,0.03052485
145040,L2/3 IT,0.3207466,0.035826683
77294,L2/3 IT,0.369399,-0.041938215
34983,Endo,0.24223644,0.16533762
77242,L2/3 IT,0.027890801,0.22660857
77220,Astro,-0.30905196,0.3891068
145112,Pvalb,-0.19504336,0.02396375
77202,Micro,0.21667391,-0.10752684
194992,Vip,0.48289752,-0.010362774
77176,L2/3 IT,0.15996289,0.26014674
145176,VLMC,0.4183209,0.1232124
77141,L2/3 IT,0.037368,0.23157126
194860,Micro,-0.25609374,0.39456183
145357,L4/5 IT,-0.2880736,0.011449099
145374,L5 IT,0.26844776,-0.14534092
194735,L2/3 IT,0.40591884,-0.018631041
145380,L6 IT,0.19493908,-0.26364058
145409,L4/5 IT,-0.19344243,0.19618648
77051,L6 CT,0.1438734,-0.28187305
194574,Peri,-0.08694631,0.4319843
35278,L5/6 NP,-0.19021478,-0.15609658
145507,OPC,0.18132448,-0.040267467
77375,VLMC,0.448695,0.064193666
145899,L6 CT,0.15508056,-0.26822227
33562,L5 IT,0.16039658,-0.037408203
143495,Astro,0.4442057,0.07629919
79717,VLMC,-0.3059333,0.41502953
198726,L6 CT,0.16764444,-0.23655361
198725,L2/3 IT,-0.28386024,0.26479697
79716,L2/3 IT,-0.40881583,0.13263595
141812,Astro,-0.21269026,-0.12679985
141866,L4/5 IT,0.043826103,0.14615065
32089,Micro,-0.14709094,0.0024473667
198623,L2/3 IT,0.31447428,-0.008336246
79675,L6 CT,-0.14953896,-0.24640399
32096,VLMC,0.49518162,0.016374528
79661,Micro,0.16222954,-0.09360418
198608,L2/3 IT,0.24719691,0.081133306
198602,OPC,-0.3627553,0.12728071
198728,L6 IT,0.047668397,-0.29016632
79651,VLMC,0.4603821,0.06878406
79565,L2/3 IT,0.3882776,-0.07164323
141980,L2/3 IT,0.3535599,0.062459826
141993,Peri,-0.23225278,0.17050028
198367,Endo,-0.39238477,0.35735905
79513,L4/5 IT,0.18848932,-0.005551338
32235,Endo,-0.15189925,-0.25517032
198281,L6 IT,0.12552637,-0.18577525
79434,Peri,-0.18134347,0.31549424
198212,L2/3 IT,-0.39261073,0.078173816
142119,Astro,-0.44556794,0.15715688
198208,L2/3 IT,0.2077477,0.17768347
32339,OPC,0.17520732,0.19329286
198190,L6 CT,0.21193528,-0.25185207
79650,L2/3 IT,-0.30519205,0.27510858
141715,Oligo,0.008948684,-0.39255536
141704,Endo,-0.057868272,-0.22868961
79761,Endo,0.06210375,-0.19084826
140997,Endo,-0.07836622,-0.18224555
141024,Sst,-0.08614412,-0.2898873
141030,L6 IT Car3,0.027009249,-0.24704972
199381,Astro,0.1274088,0.3603239
80347,L2/3 IT,0.08834964,0.21022338
31386,Oligo,-0.06494227,-0.08942759
80287,Sncg,-0.33823293,0.17239976
199321,Astro,-0.03665155,0.41277236
141174,SMC,-0.19519389,0.46516418
199314,Micro,-0.15639398,0.23210305
31436,L5 ET,-0.17046446,-0.2023134
31453,Endo,-0.37859195,0.16372156
199257,Oligo,0.044719815,0.12378913
141247,L4/5 IT,0.022346139,0.15118665
141277,Peri,0.1359083,0.17070365
199164,L2/3 IT,0.3509403,-0.008892179
141309,L6 IT,0.05326718,-0.086603165
141406,Oligo,0.1322496,-0.0558109
141414,L4/5 IT,-0.04760313,-0.49014547
79979,L2/3 IT,0.17908597,0.23204911
198976,L4/5 IT,-0.33578336,0.13408613
79966,L2/3 IT,0.33078665,0.09289312
31716,Micro,-0.06138423,-0.17799458
141460,L6 IT,0.07141489,-0.20259726
79904,Peri,-0.38041252,0.24072939
31877,VLMC,-0.44386673,0.29012847
141614,L2/3 IT,0.23474282,0.19887012
198847,L5 IT,-0.05250919,-0.44250676
31917,L6 CT,-0.0488863,-0.15317124
79388,Astro,-0.18807214,0.24241179
196829,Endo,-0.3069783,0.15243608
198168,L2/3 IT,-0.34923035,0.21576792
198157,OPC,-0.18798676,0.08959317
78957,VLMC,-0.23878744,0.48282242
33187,L2/3 IT,0.39123946,-0.031250536
78918,VLMC,0.12787682,0.37291908
33292,L6 IT,-0.13041958,-0.15156561
33300,L4/5 IT,0.176593,0.05743581
197291,Endo,0.21761644,0.08966321
197267,L4/5 IT,-0.25853088,0.012378871
197182,L5 IT,-0.23372424,-0.05261302
197178,L2/3 IT,0.39910775,0.013712764
78835,Astro,0.30741268,-0.13333324
143026,L2/3 IT,-0.3211159,0.28856063
33369,Lamp5,-0.13063887,0.27460235
143041,L6 IT,-0.12947491,-0.22206226
142807,L2/3 IT,0.108076096,0.25828058
143060,Endo,-0.31847775,0.34936386
143192,Endo,-0.12324044,0.14711267
78778,L6 IT,-0.029708564,-0.25499916
78638,Astro,0.032705784,0.20306486
197042,L6 CT,0.15108281,-0.31267065
196988,L4/5 IT,-0.19254047,0.18000668
196975,L6 CT,0.0018302798,-0.23156157
143329,Pvalb,-0.13467038,-0.21121141
33524,Micro,0.4524892,0.0035825968
196964,Micro,0.10381734,0.3013941
143370,L2/3 IT,-0.1384075,0.3332147
196892,L5 IT,0.12510902,0.0030033588
78533,L4/5 IT,-0.2558564,0.1634056
196865,Oligo,0.088047266,-0.23174134
33452,L2/3 IT,0.19192672,0.24743098
142806,L6 IT,-0.0051257014,-0.075261176
142730,L5 ET,0.04210806,0.025677085
142677,VLMC,0.3942477,0.1543721
198100,VLMC,-0.2082164,0.4709671
198076,Peri,0.26992625,0.24506932
32365,Endo,-0.096066326,-0.18252954
198033,L6 IT Car3,-0.080667794,-0.26385814
32491,Peri,-0.19428253,-0.1492466
142198,PVM,0.14071774,0.19637465
142244,Endo,0.18943602,-0.08768907
197928,Vip,0.43797714,-0.0961138
32556,Micro,0.03437704,-0.30292878
32637,Astro,0.3157416,0.1669488
142283,L6 CT,-0.10372174,-0.17448884
142301,OPC,-0.16782063,-0.09865415
197832,L5 IT,-0.26991162,-0.0551171
32736,L4/5 IT,0.3402521,-0.13739067
197799,L5 IT,-0.08805978,0.019798279
32763,Peri,0.010728836,0.14907253
79241,L2/3 IT,-0.33601022,0.21956259
142361,L5 IT,0.05335003,0.042299032
197735,Astro,0.19950879,0.3062579
142446,Lamp5,0.4143213,0.08000541
142491,Astro,0.3439895,0.035144925
32936,PVM,-0.10034081,0.45373005
142548,VLMC,0.08789736,0.4031366
197515,L2/3 IT,0.3659566,0.008436918
32941,L5/6 NP,-0.17642131,-0.020429939
197506,L2/3 IT,0.20964313,0.23324966
197498,L4/5 IT,0.2226485,-0.010225654
142574,L4/5 IT,-0.065103084,0.22117263
197473,PVM,0.3922127,0.1312046
79371,Oligo,0.050034583,0.04719132
80352,L6 CT,-0.01623407,-0.29099172
193944,L4/5 IT,0.30174702,-0.079874545
35685,L6 CT,-0.100402385,-0.19914216
38554,L2/3 IT,0.08163613,0.2522782
147934,L2/3 IT,0.05224645,0.29771668
190513,Astro,-0.12150636,0.085134745
190509,L2/3 IT,0.25143355,0.06395882
74921,Oligo,-0.06975865,-0.41020805
38564,Astro,-0.12345815,-0.19077638
38565,Peri,0.0134679675,0.32174963
148015,L6 CT,0.0774802,-0.24261445
190419,L5/6 NP,0.19050813,-0.23676825
190415,L2/3 IT,-0.4075997,0.11401105
38615,L2/3 IT,-0.2879945,0.22128469
148031,OPC,0.29239523,0.16581422
74856,Astro,-0.36763954,0.21139467
147919,L6 IT Car3,-0.04309675,-0.22335759
74836,L6 IT,-0.073937535,-0.12162402
148259,Endo,-0.015332669,-0.29281873
190295,L5 IT,0.30236864,-0.121922225
38766,Astro,-0.022134334,0.30810577
74609,L6 IT,-0.1255436,-0.2629795
190268,L6 IT Car3,-0.10639626,-0.17812389
74553,Endo,-0.15592465,-0.27338776
148425,Sst,0.13508308,0.026223958
38896,Endo,-0.276065,-0.03556013
190227,L2/3 IT,-0.3437614,0.14294088
74407,Micro,-0.031166673,-0.3270148
74402,L6 IT,0.26892817,-0.23130289
190185,L4/5 IT,0.061024904,0.15556866
190170,L2/3 IT,-0.0815171,0.29162705
148207,OPC,-0.31311065,0.13392365
190571,L4/5 IT,-0.29315853,-0.010658205
147907,L6 CT,-0.09659386,-0.057815135
38426,L6 CT,-0.06686428,-0.28784212
191093,L6 CT,0.098490894,-0.32502675
147572,L6 IT,-0.07197982,-0.21664566
191083,L2/3 IT,-0.20431817,0.30274314
191077,L4/5 IT,-0.15018153,0.16998458
191023,SMC,0.30240095,-0.014875203
147592,L6 IT Car3,-0.043007255,-0.15399688
190963,L4/5 IT,0.18307298,0.019233465
37671,L2/3 IT,0.38978297,-0.06295377
37931,L2/3 IT,0.104979515,0.32214153
37948,L5 IT,-0.1857203,0.07289469
75292,L5 ET,-0.07465842,-0.20700577
190845,Astro,-0.3410446,0.27935117
38000,L4/5 IT,-0.29331774,-0.03992051
147650,L4/5 IT,-0.22668684,0.1652838
147657,Micro,0.1560551,0.06667131
75222,L2/3 IT,-0.0055564046,0.30005628
75193,L6 CT,-0.013750434,-0.17432365
147693,L5 IT,0.21186256,-0.12267926
75190,VLMC,0.26138216,0.26534986
75186,L4/5 IT,-0.34885424,0.011435211
147720,L5 ET,0.31020862,-0.19759369
75078,L2/3 IT,0.14481074,0.16124952
147829,Sst,0.012293637,-0.21487829
190659,L6 CT,0.02651763,-0.15145928
147854,L2/3 IT,0.3595292,0.11209667
147883,Vip,-0.13936308,0.33669972
147889,L2/3 IT,0.13588727,0.23891711
75048,Astro,-0.389951,0.123294234
190637,Astro,0.030332983,0.3277216
38925,Endo,0.074435055,-0.39826953
147561,Micro,0.37359375,-0.01201871
74396,L6 CT,0.09436822,-0.2693079
39081,L4/5 IT,-0.09021902,0.1538707
73199,Micro,0.15611291,-0.21497467
189094,VLMC,0.28475362,0.22710693
189065,Micro,-0.018583,-0.35171562
39752,L6 IT,-0.018704295,-0.25807375
39756,L6 CT,-0.0118686855,-0.2964697
39799,L2/3 IT,0.17759472,0.25412142
149744,L2/3 IT,0.3417248,-0.025290817
149811,L2/3 IT,0.13878441,0.19797534
73086,Micro,0.01236397,-0.38051504
149838,Astro,-0.14379051,0.44277066
39897,Astro,0.27058458,0.0885402
73058,Endo,-0.03855899,0.37133396
149878,L2/3 IT,0.09585667,0.20328283
189170,Lamp5,-0.35238397,0.30087036
39957,Endo,-0.123401016,-0.16208836
188854,L5 IT,0.19517857,-0.092158616
72996,Pvalb,0.10229361,0.10820466
40085,L5 IT,0.17178524,-0.051835746
150096,Endo,0.011289954,0.3103211
188727,L5 IT,-0.12025961,-0.4332498
72966,L6 IT,-0.06640777,-0.119713485
40151,L2/3 IT,-0.20366248,0.34140295
150156,Astro,0.4546193,-0.026450813
150169,VLMC,-0.38174966,0.3764699
72814,L4/5 IT,0.29719013,-0.09153578
40274,L2/3 IT,-0.37633044,0.12878954
72793,L2/3 IT,0.10015106,0.31232858
40279,L4/5 IT,-0.30605975,-0.025899619
40014,L2/3 IT,0.42777842,-0.04208836
189178,L6 CT,0.018324137,-0.19738168
149459,L6 IT Car3,-0.05259648,-0.25825366
149359,L4/5 IT,-0.28015238,0.14204168
148479,L4/5 IT,0.0017466545,0.2216664
74297,L2/3 IT,-0.34965932,0.22059727
190085,SMC,-0.4286975,0.26625615
148577,L2/3 IT,0.33398396,0.007221818
189998,L6 IT,0.1639123,-0.15376034
189953,L5 IT,0.008605063,0.026478708
148698,L4/5 IT,0.050043464,0.14505875
39216,L4/5 IT,-0.15205535,0.23328573
73939,L5/6 NP,0.21602803,-0.11860651
189776,L6 IT,0.23088849,-0.29239935
148867,Endo,0.1767512,0.016777754
73839,Oligo,0.044534206,0.12665194
73832,L2/3 IT,-0.20106629,0.341228
189725,Endo,-0.107375145,0.06876397
39352,L2/3 IT,-0.2693385,0.29766405
148984,OPC,-0.16908947,0.4050128
189657,L6 CT,0.09588605,-0.26352143
73673,SMC,-0.026832044,-0.083602846
39404,L2/3 IT,-0.35029492,0.23260337
73670,PVM,-0.07051587,0.4267249
189555,Astro,0.00010859966,-0.37761402
39485,Pvalb,0.19310242,-0.2865884
39521,L6 IT,-0.1901651,-0.20406264
73574,Peri,0.048128963,-0.3052158
189462,Astro,0.31924736,-0.17136046
149249,L4/5 IT,-0.15070271,0.115270376
189425,VLMC,-0.44382313,0.2778427
39610,L2/3 IT,0.14361632,0.25679725
39627,L2/3 IT,-0.24551722,0.3692873
39080,PVM,0.21679366,0.3096276
35659,VLMC,-0.13831371,0.489276
37580,Astro,0.2087996,0.11421454
75363,L5 IT,0.25312608,-0.14289552
146244,L6 CT,0.22543865,-0.29283243
36204,Astro,-0.23450395,0.46968448
36211,L6 IT,0.05424893,-0.12775159
193129,L2/3 IT,-0.37704948,0.10623157
193119,L2/3 IT,-0.2690411,0.38587856
76456,Endo,-0.30231977,0.019462705
193101,L5 IT,0.12897152,0.045129478
36241,L2/3 IT,0.3558495,-0.06463763
193059,Pvalb,-0.0818553,0.080806315
36263,L5 IT,-0.12984282,0.09172082
193037,L4/5 IT,-0.16477549,0.26346767
76450,Astro,-0.118410796,-0.2047374
36382,L4/5 IT,-0.114396006,0.1891979
193301,L5 IT,0.09207225,0.064936936
146338,L4/5 IT,0.047110975,0.1628316
36428,L6 CT,-0.16675049,-0.20151949
146373,L6 IT Car3,-0.08075917,-0.24392521
36485,L4/5 IT,0.12938505,0.103204966
192779,L4/5 IT,0.26290035,-0.015564799
192764,L4/5 IT,-0.3195427,-0.04560569
146473,L4/5 IT,-0.20569521,0.18313372
36510,L4/5 IT,-0.21931529,0.24702477
36540,VLMC,-0.21894205,0.482118
36545,L6 CT,-0.053902894,-0.2742784
146520,Micro,-0.08743933,-0.14080918
76299,L6 CT,0.09005362,-0.24899322
146599,L6 CT,-0.11937645,-0.19518805
146611,Pvalb,-0.036794066,0.26444894
146355,PVM,0.073206544,0.30531925
36120,L5/6 NP,0.04034531,-0.065516025
193387,VLMC,0.35562104,0.1432609
36103,L5 IT,0.22845906,-0.067626506
35691,L2/3 IT,-0.21314707,0.28424168
76730,L5 IT,-0.15567833,0.14699495
76692,OPC,0.10123658,-0.28072765
145968,L2/3 IT,0.1311338,0.27169776
146009,L6 IT,0.2054807,-0.30541015
35820,L2/3 IT,0.3887992,-0.030591726
35853,Astro,0.47308755,-0.027254552
35856,Peri,0.18323004,-0.29672828
193785,L5 IT,-0.20871165,-0.11274642
35879,Astro,0.12322956,-0.34043825
146035,Oligo,0.07198447,-0.35488173
35885,Astro,0.102811396,0.3684575
193677,Peri,-0.16886905,0.18679142
146044,L4/5 IT,-0.0053034127,0.19689149
35956,L2/3 IT,0.050285876,0.22919393
35970,Astro,-0.26522225,0.40245157
76652,L5 IT,0.21560621,-0.06350529
35979,L4/5 IT,-0.061517417,0.1867271
35981,Peri,0.05792308,-0.32392275
146077,SMC,0.012466669,-0.09433296
36003,Oligo,0.27435625,-0.21364796
193529,Micro,0.0012287498,-0.009899765
36061,Sst,0.232203,-0.23212156
36065,L5 IT,0.11971331,-0.09948945
193499,L4/5 IT,-0.10012245,0.20087385
193476,Astro,-0.25159332,0.21486509
36069,Astro,-0.34302872,0.102505505
193460,L4/5 IT,-0.12553209,0.16399533
146130,L6 IT,-0.02031082,-0.2572807
146615,Pvalb,-0.11214265,-0.05848199
75356,L2/3 IT,0.4252388,-0.01753056
36668,L5 ET,-0.19363952,-0.113693446
192549,L5/6 NP,-0.15420812,-0.26238513
191755,Astro,0.069987535,0.1086573
191751,SMC,0.08559817,0.41077393
147247,Astro,-0.2321656,0.36438584
37276,Endo,-0.16900644,-0.2642438
147249,L5 IT,-0.016260386,-0.23340052
147288,L2/3 IT,0.09031254,0.3416615
75631,L2/3 IT,0.36347836,0.0022448301
147303,L2/3 IT,0.24491197,0.18212944
75576,L4/5 IT,-0.17346612,0.20535731
191449,Astro,-0.049229145,-0.17021596
147325,L6 IT Car3,-0.05316052,-0.23777318
191410,L4/5 IT,0.25316566,-0.031245977
147342,L6 IT,0.20650703,-0.29474562
75709,L4/5 IT,-0.24285117,0.1725375
147349,L6 CT,-0.12919739,-0.11875212
147397,L5 ET,0.099580884,-0.060511082
191351,Micro,0.17281228,0.13344455
147440,Endo,0.27314043,0.10712069
37410,L2/3 IT,-0.31676722,0.26409745
37421,L4/5 IT,0.18715322,0.077863276
191298,L2/3 IT,0.14729953,0.27783024
191297,L2/3 IT,0.17192739,0.2672603
37425,L2/3 IT,-0.20610988,0.32099074
37437,Endo,-0.21689448,0.07432151
191234,L5 IT,0.09639615,-0.022567958
147489,L4/5 IT,-0.21474993,0.20950747
147496,Pvalb,0.21011168,-0.09196493
37560,Endo,-0.07572231,-0.09400347
75557,PVM,0.20799583,0.20993084
191764,L2/3 IT,-0.24208876,0.27841276
191767,L5 IT,0.06802815,-0.011860132
37123,Endo,0.06598598,0.3201331
146691,Astro,0.43224597,-0.041830808
146708,Endo,0.31490844,-0.104495436
76123,Endo,0.29308307,0.14499491
36718,Endo,-0.21405017,0.111682236
146812,L2/3 IT,-0.3597414,0.12699193
36790,Pvalb,-0.024706662,0.20889533
192400,L6 IT,0.083250105,-0.3007591
192389,L6 CT,-0.01695016,-0.117736965
146829,Micro,0.104225755,-0.0024864078
192291,Endo,-0.2558471,-0.14158288
146835,L5 ET,0.108313024,-0.07205811
192257,L4/5 IT,-0.15173909,0.194641
76041,L4/5 IT,0.20549327,0.06342775
192233,L2/3 IT,0.17786789,0.25285625
146861,L2/3 IT,0.05882168,0.2182163
76027,L2/3 IT,-0.29524413,0.23191959
146892,L4/5 IT,0.3669358,-0.07060194
192180,Lamp5,-0.0591079,0.20054317
146916,L6 CT,-0.095312744,-0.20912132
36976,Endo,-0.30846038,0.02788037
146996,L2/3 IT,0.4002334,-0.016415
36982,Sst,-0.002914101,-0.23724416
147000,L2/3 IT,0.09671527,0.22833997
75909,Pvalb,-0.14825979,0.17183691
147075,L2/3 IT,-0.30925196,0.2355842
191897,L6 IT,-0.12917984,-0.042429358
147077,L2/3 IT,0.030042589,0.32562375
75842,L5 ET,-0.23353398,-0.1095908
75828,L6 CT,-0.11086625,-0.06705716
146686,VLMC,-0.11951062,0.47960627
188562,Endo,0.34024107,0.019323647
140880,OPC,-0.09837094,0.332367
31210,L5 IT,-0.17664748,-0.04875481
207179,L6 IT,-0.03033927,-0.22232807
25609,Astro,0.25322908,0.05426252
207145,L5 ET,0.009084523,-0.04302028
25640,L6 CT,0.027829468,-0.13509318
25683,Endo,0.03370577,0.23698819
25694,Endo,-0.39479315,0.31006813
133862,L4/5 IT,0.03591919,0.19344324
25747,L5 IT,-0.25862464,0.061279774
133933,L2/3 IT,-0.2704163,0.30691463
85431,OPC,0.10869479,0.005666733
133966,L2/3 IT,-0.36777568,0.12552768
85429,L6 IT,-0.05023864,-0.06519234
25874,L4/5 IT,0.27897352,-0.09545654
207189,VLMC,0.06882352,0.40007585
85392,L5 IT,-0.07477537,0.100523055
206803,Endo,0.14493793,0.34531277
85384,OPC,-0.19969139,0.43351084
206714,L2/3 IT,-0.30124226,0.31894225
206701,Endo,-0.12690628,0.36887002
134058,L2/3 IT,0.34330487,-0.0010374784
206674,L6 CT,0.1534121,-0.2773624
206606,Endo,-0.36158675,0.19711238
206601,L6 CT,0.12907064,-0.20544517
134136,PVM,-0.3469023,-0.035288543
85270,L2/3 IT,-0.00075638294,0.33780044
25984,OPC,0.4324702,0.03591901
206430,L6 CT,0.091724634,-0.20310196
26039,L2/3 IT,0.3931402,0.0025494099
206875,Astro,-0.20398441,-0.16493103
207226,Pvalb,0.042068124,0.17569512
85615,Endo,-0.3864652,0.1104731
133711,L2/3 IT,0.39140868,-0.0690065
133208,L5/6 NP,0.04348129,-0.029913098
25106,Endo,-0.25073993,0.15429455
133282,Astro,-0.17966709,-0.23215634
25156,Oligo,-0.00057822466,-0.14938703
207806,L2/3 IT,0.047616243,0.30692452
25160,L6 IT,0.06729734,-0.32509947
85772,Oligo,0.07010126,-0.3995453
207780,Astro,-0.042051136,-0.03248775
207766,Sncg,-0.17115685,-0.1472021
133305,Peri,0.109903336,-0.20572287
85767,L6 IT,0.23161715,-0.22174773
25239,L4/5 IT,0.28306466,-0.016219288
207706,VLMC,0.38972807,0.15214121
25261,L2/3 IT,0.39785624,-0.08591983
133400,Oligo,-0.0050774515,-0.29308444
133462,L2/3 IT,-0.20395419,0.34179866
85727,Peri,-0.009598613,-0.24917445
207518,Peri,-0.33352637,-0.0033213794
25442,PVM,-0.32126707,0.40995264
207479,L5 ET,0.26780194,-0.14940813
25461,L6 IT,-0.017151237,-0.25812563
25509,Oligo,0.09253621,-0.31321818
207386,VLMC,-0.33309996,0.4042099
25518,Oligo,0.082131505,0.12533408
133662,Oligo,-0.32315278,0.026586294
207322,L5 IT,0.11849511,0.04079932
133685,PVM,-0.14486331,0.49000418
133694,VLMC,-0.4685497,0.25674915
207294,L2/3 IT,-0.18686622,0.3557518
206397,L6 IT,-0.03431496,-0.17663506
207867,L2/3 IT,-0.3844685,0.16182113
26057,L2/3 IT,0.16959149,0.26512456
134206,L4/5 IT,-0.18725002,0.24206519
134724,Astro,-0.40645674,0.22956616
84912,L2/3 IT,-0.21068665,0.32590824
26758,Endo,-0.14398295,-0.23065138
26779,L4/5 IT,0.06181246,0.14079171
134884,Pvalb,0.22716296,-0.10343689
134898,Endo,0.3430816,-0.13898835
134920,L5 ET,-0.16691053,-0.1643964
134952,Pvalb,-0.031799167,-0.021389306
84793,L4/5 IT,-0.20597762,0.23456204
84743,L4/5 IT,-0.06862879,0.18404078
84716,Endo,-0.061404854,0.4190449
135088,L2/3 IT,-0.045116425,0.31657028
26954,L6 CT,-0.095550984,-0.20318347
84934,Oligo,-0.27888224,0.09745991
135153,L5 IT,0.18903524,-0.062506706
205369,Astro,-0.039007515,-0.34418178
84641,Astro,0.042624116,-0.04985562
84629,Endo,-0.3517985,0.33434498
135258,Pvalb,-0.10320637,0.24453741
27045,L4/5 IT,0.11615729,0.12312907
84530,SMC,-0.13391554,0.20358664
205251,Endo,-0.03606823,-0.07588926
27080,Endo,-0.3902976,0.07001799
84491,SMC,0.11926246,0.38364762
205171,L2/3 IT,0.23880023,0.19070196
135313,L5 IT,-0.06809059,-0.0069176853
84485,L2/3 IT,0.40393317,-0.021625787
27111,L2/3 IT,0.197106,0.18167794
135158,L2/3 IT,-0.39046997,0.19147003
26660,L6 IT,-0.09890127,-0.026254833
134677,L5 ET,0.039785206,-0.004987359
134656,Astro,0.24731928,0.0665161
26107,L2/3 IT,0.10897678,0.28139305
85263,Lamp5,0.013261974,0.34254855
206289,L6 IT,0.022042513,-0.22504133
206287,L2/3 IT,0.15923858,0.14700401
26138,L6 IT Car3,-0.08471325,-0.22889566
134247,PVM,0.15814537,0.32485723
85260,L2/3 IT,0.074148715,0.2061879
206231,L4/5 IT,0.15271825,0.11282086
85202,L5 IT,-0.15604603,0.041275263
85155,Lamp5,-0.11929235,0.44604045
26221,Endo,-0.03617546,-0.0038226545
26240,L4/5 IT,-0.23934385,0.17709565
26316,OPC,0.20903075,0.07022983
26340,L4/5 IT,-0.10852784,0.2433415
85101,OPC,-0.32545477,0.22358644
205956,Oligo,0.014986634,-0.15376824
205945,Astro,-0.0706048,0.11599809
205893,L2/3 IT,0.26106727,0.19992298
85042,Peri,-0.13492015,0.34808713
85036,L4/5 IT,0.029431641,0.13082093
205832,L2/3 IT,-0.13280639,0.34225768
205829,L2/3 IT,0.08838284,0.2631848
134601,L2/3 IT,-0.21376127,0.33142954
205818,L6 IT Car3,-0.07370973,-0.29283568
26497,L4/5 IT,0.108207405,0.13937312
205766,PVM,-0.26595387,-0.115991026
26528,L5 ET,0.11986339,-0.06468359
134633,OPC,-0.16999641,-0.23518431
134638,L4/5 IT,0.26798385,-0.0699988
134184,L5/6 NP,-0.23484337,-0.029539287
205130,VLMC,0.045418143,0.4165128
133181,SMC,-0.32234037,0.16864622
133027,Oligo,0.0021095872,-0.21044773
209899,L2/3 IT,0.030883312,0.29017967
209845,L2/3 IT,0.31985497,0.017854154
86810,Vip,-0.1586526,-0.18858889
209800,L6 IT Car3,-0.06317407,-0.19567797
23344,L2/3 IT,-0.11247581,0.2923292
131555,Lamp5,0.34552366,-0.11413658
23392,L2/3 IT,-0.34118277,0.25605595
131559,PVM,-0.022808641,0.41807866
23429,OPC,-0.24777076,0.055734217
23461,VLMC,-0.06110257,0.45415914
131562,L2/3 IT,0.30467647,0.03789133
209675,L2/3 IT,-0.36722636,0.043545663
131590,Astro,-0.35359684,0.0905996
209905,PVM,0.097047925,0.041960657
209632,Pvalb,0.137564,-0.0015928149
23487,L6 CT,0.22174072,-0.22101879
209588,L2/3 IT,-0.20625964,0.34677964
86721,L5 IT,0.0847584,-0.056057185
131665,Astro,0.24757963,-0.1639663
86696,L4/5 IT,-0.2940662,-0.015760183
23518,L6 CT,0.1943953,-0.26477617
86649,L2/3 IT,0.27005285,0.075900376
86582,L6 CT,0.16874582,-0.27898663
86536,PVM,0.094251335,0.38032073
86519,L2/3 IT,0.3993374,0.05445671
209382,Endo,-0.0997335,-0.19736934
86515,L6 CT,0.04102987,-0.16222939
209301,L2/3 IT,-0.006348729,0.2747453
209600,Endo,-0.0068891644,-0.12750858
23139,L6 IT,0.22482365,-0.24853
131373,L2/3 IT,-0.24419221,0.25426775
86921,Oligo,-0.042217582,-0.30014336
130731,Micro,0.3382724,0.046976566
130846,Lamp5,-0.2681101,0.01990056
210405,Astro,0.4528718,0.08581734
22783,L4/5 IT,-0.27846843,0.034143567
130853,L2/3 IT,0.15900838,0.24436176
22803,Endo,-0.13687494,-0.19256404
130913,OPC,-0.13745233,0.40795207
130958,Oligo,0.07783753,-0.12888911
130985,L6 CT,-0.13695115,-0.2619245
87233,Lamp5,0.15913147,0.32568532
210281,L4/5 IT,-0.28614855,0.16665703
210242,L6 CT,0.16539907,-0.21011636
130993,OPC,-0.05461344,-0.002472967
131089,L2/3 IT,0.32084203,-0.004710138
131136,SMC,0.16938406,0.35670662
87098,Sst,-0.17286846,-0.2546916
210109,L4/5 IT,0.10376924,0.15713125
131215,L6 CT,-0.12721151,-0.24619791
210093,Endo,-0.12512764,0.22193265
86967,OPC,0.21700293,0.06818032
23058,Astro,-0.0620932,-0.015467435
210044,Lamp5,-0.2675296,0.36767548
210023,OPC,0.11519992,-0.2821396
210019,L4/5 IT,0.32934994,-0.049083173
131336,Vip,-0.3432994,0.2663532
23131,L2/3 IT,0.22824156,0.13986129
23132,L2/3 IT,0.17536545,0.2521404
86924,L6 IT,0.06289023,-0.22933626
23136,L4/5 IT,-0.30118018,-0.05291021
23701,L5 IT,0.0681656,0.015890181
25050,L6 IT,0.20431852,-0.20966086
86470,L4/5 IT,-0.13353133,0.14394277
86445,L2/3 IT,0.18568122,0.1509201
24341,L6 CT,0.1481787,-0.22866225
208489,L4/5 IT,-0.33851182,0.02711296
24398,Oligo,-0.055472523,-0.32487392
24413,L5 ET,-0.07561374,-0.12878257
24551,L6 IT,0.1613208,-0.2700128
86107,VLMC,0.49212915,0.034597695
208384,L5/6 NP,0.13588434,-0.13852808
132553,L4/5 IT,-0.0056111515,0.17838442
132615,L2/3 IT,-0.24635834,0.29981244
208263,L5 IT,-0.23861298,-0.11232981
208185,L5 ET,0.23947167,-0.15030348
208157,L4/5 IT,0.17541862,0.08047396
24616,L5/6 NP,-0.061590016,-0.4377623
208491,Endo,-0.14486009,0.45337653
208152,Lamp5,-0.08759603,0.30661887
24770,L4/5 IT,-0.1780169,0.24420351
85995,L6 IT,0.08281225,-0.41038215
132675,Lamp5,-0.40786088,0.33346957
24838,OPC,-0.078231156,0.1468966
208114,L6 CT,0.06646389,-0.21419832
208109,L2/3 IT,0.27856696,0.13492835
85966,L4/5 IT,0.3842824,-0.12984785
132767,L5 ET,0.17394698,-0.18049917
208061,L2/3 IT,-0.3873242,0.12164903
208032,Astro,-0.03478673,-0.008879602
24943,L5 IT,-0.18688038,-0.24872667
24979,L4/5 IT,-0.15955544,0.14143854
132896,L2/3 IT,0.08338928,0.1851269
208150,Endo,0.1666627,-0.13553396
132449,Micro,0.11320746,0.27082992
132375,L6 IT,0.08702278,-0.30677605
24218,Endo,0.14387071,-0.11425537
209198,L5 IT,0.2118125,0.014998198
23724,L5 ET,0.26788414,-0.15992144
209193,L5/6 NP,-0.13879755,-0.008411378
209186,L6 CT,0.058660448,-0.2710197
23740,Peri,0.013010263,0.20401496
86409,L2/3 IT,0.13635796,0.20259356
209107,VLMC,0.15680909,0.34024906
209066,L2/3 IT,-0.017448753,0.2893917
86382,L5 IT,-0.04221624,0.11466408
86345,L2/3 IT,-0.16429788,0.264912
208993,PVM,0.22587025,0.021779716
208988,Lamp5,0.25570983,0.25915784
208959,Lamp5,-0.12826985,0.27863938
86339,Endo,0.06580514,0.08826202
86337,L4/5 IT,-0.1975865,0.17263961
86331,VLMC,-0.16474283,0.47127044
208922,L2/3 IT,0.14312565,0.20795763
23918,Micro,-0.1200749,0.25893033
23967,L2/3 IT,-0.2583434,0.2783553
132181,L2/3 IT,0.3946479,0.013296306
86211,L4/5 IT,-0.2633171,0.05960983
208756,Astro,-0.008061737,0.40688306
24107,Vip,-0.19897673,0.14192694
24121,L5 IT,-0.15777534,0.101011455
208678,L4/5 IT,0.09804267,0.1427005
208666,Micro,-0.07013565,-0.3435125
24166,L6 IT,0.20513612,-0.29340625
132227,Peri,0.07398915,0.085407674
24211,Endo,-0.18688071,-0.110449135
131929,L4/5 IT,-0.33680373,0.00020802021
80372,Sncg,0.012154996,-0.34402817
135359,L4/5 IT,0.035479963,0.12942725
135372,Pvalb,0.20295286,-0.26077986
201691,L4/5 IT,-0.3210324,-0.033796847
201689,Oligo,-0.32393456,-0.10426089
201685,L2/3 IT,-0.3038296,0.26567596
139361,L6 IT,0.15012103,-0.07807851
30024,Astro,0.42349845,-0.10763186
30106,L2/3 IT,-0.38702434,0.16507131
201493,L6 CT,0.12857229,-0.30098242
201459,L2/3 IT,0.16412151,0.22942376
201435,PVM,0.18274611,0.3211509
139431,Peri,0.06654036,0.30798608
139438,Micro,0.061319232,0.12296963
201386,PVM,-0.24876797,0.2250418
30201,VLMC,-0.120943815,0.47168165
201710,L6 CT,0.08351284,-0.35377163
139454,L6 IT,0.1176188,-0.1477808
139469,L4/5 IT,-0.32649988,-0.024814993
81303,OPC,-0.17023045,0.04608667
201258,Pvalb,0.07146406,-0.20504493
81250,L5 ET,0.16895515,-0.29195356
201120,Pvalb,0.34988576,-0.022748858
81211,Lamp5,-0.19073847,0.31678635
81210,L6 CT,0.073862016,-0.17905238
81179,Peri,-0.005875796,-0.19987038
30306,Peri,0.23190343,-0.046636015
30325,L2/3 IT,0.15489918,0.3138628
81115,L6 IT,-0.010913312,-0.24987155
139712,Oligo,0.06905937,-0.20597813
200938,Sst,0.06057954,-0.25375253
139457,L5 ET,0.014704466,-0.10449332
139339,L2/3 IT,-0.12203622,0.36067563
139272,L6 CT,-0.06956443,-0.13589433
81474,L2/3 IT,0.3331045,-0.013382196
29555,L5 IT,-0.23027706,-0.008555263
138388,Astro,-0.24514475,0.087877214
138442,L4/5 IT,0.21197182,0.05319059
202334,L5 ET,0.17494655,-0.08201137
138511,L2/3 IT,-0.3565752,0.17285031
202310,Endo,0.05837983,0.23018646
202271,L6 IT,-0.069983035,-0.038652956
138518,L2/3 IT,0.37230903,-0.04645112
202240,L6 CT,0.051514745,-0.2181594
202220,L4/5 IT,0.2576657,0.007612467
202170,L2/3 IT,-0.17332923,0.24371767
81704,Endo,0.14101708,0.255969
202129,Peri,-0.04254937,0.02254945
202123,L4/5 IT,-0.30269524,0.1137951
138697,L6 CT,-0.11588043,-0.24191764
202072,L2/3 IT,0.06698388,0.30768538
138725,L5 IT,0.0063539147,0.09422135
201998,L2/3 IT,-0.36170334,0.24355191
81607,Peri,-0.14589185,0.23329496
138973,VLMC,0.23568577,0.29228055
201920,L4/5 IT,-0.14256713,0.19606656
139037,L2/3 IT,0.41523296,-0.040867716
81589,L4/5 IT,-0.08038247,0.11640531
139059,L4/5 IT,-0.012269467,0.16774774
81543,L2/3 IT,0.33877963,0.055969954
139104,L4/5 IT,-0.16275468,0.16217703
29883,Peri,0.3249588,-0.21112204
139106,L4/5 IT,-0.33263546,0.042150795
139239,L6 CT,-0.06745562,-0.13840258
30407,L4/5 IT,-0.28779417,0.014768183
29554,L5 ET,-0.13659036,-0.11131582
200911,Pvalb,-0.08483943,0.23420781
81092,Astro,0.09141791,-0.22347957
200154,L2/3 IT,-0.3776241,0.15328562
30860,L4/5 IT,-0.2895307,0.107929885
200121,OPC,0.17508239,0.24922282
140271,L5/6 NP,-0.19281465,-0.16054773
200044,Peri,-0.24492282,0.25079948
80683,L6 CT,-0.008394688,-0.19558138
80635,L5/6 NP,-0.23492897,-0.14602003
140436,PVM,0.15524149,0.3295074
80594,VLMC,-0.18462732,0.47238195
199767,L4/5 IT,0.2100569,0.046857595
140541,Astro,0.03293085,0.34174883
140617,L6 IT,-0.05561757,-0.1969797
80537,Astro,0.056491613,0.12991315
140234,L5 ET,0.043163657,-0.10643175
80532,L5 IT,-0.26019064,-0.094284
80475,L4/5 IT,-0.30430323,0.05872804
80467,Astro,-0.052008778,-0.3892995
199662,L2/3 IT,0.30859226,0.10233438
31098,L2/3 IT,0.31503725,0.13507593
80443,Peri,-0.008881092,-0.06368846
140763,Astro,-0.101145476,-0.23384786
199575,L2/3 IT,0.22562748,0.112307906
199567,Endo,-0.1908387,0.03887987
31156,L4/5 IT,-0.356238,-0.008364111
199522,L2/3 IT,0.25180846,0.10382277
199483,Pvalb,0.24547595,-0.19706029
80427,L4/5 IT,-0.12379581,0.21222049
80410,L2/3 IT,0.21496505,0.08990079
199672,L2/3 IT,0.31679213,-0.01894477
200193,L5 IT,0.016266048,-0.028403223
30859,L2/3 IT,0.20794618,0.2253815
200233,Vip,-0.299185,0.3106817
81088,Lamp5,-0.044617027,-0.21154112
139766,L6 IT Car3,-0.07810843,-0.20481294
200831,L4/5 IT,0.13897276,0.101421356
139789,L5 IT,0.2958631,-0.18974388
200776,L4/5 IT,-0.20760989,0.12703872
200737,Endo,-0.4092021,0.23201704
139804,Endo,0.1571604,-0.12918815
139844,L2/3 IT,0.10524821,0.30615336
81080,L4/5 IT,0.33864218,-0.07647863
30520,L6 CT,0.16836399,-0.2952003
30544,SMC,0.09558147,0.22990501
139865,L5/6 NP,-0.24394569,-0.03447458
81050,L2/3 IT,-0.08303666,0.33856487
139879,L6 CT,-0.014859974,-0.14001605
200610,L5 IT,0.156824,-0.013112158
200598,L6 CT,-0.08283529,-0.19184443
200565,L2/3 IT,0.03429699,0.21141022
200528,L5 IT,-0.23659131,0.013810873
200522,Sst,0.17772865,-0.16921669
80992,Oligo,0.19094276,-0.1070973
200395,L5 ET,0.17134666,-0.1677002
200386,L5 ET,0.015367091,-0.03324321
80863,Micro,-0.24893251,0.2698341
30688,L6 CT,0.17839956,-0.18474802
30736,Lamp5,0.45121396,0.012558699
140131,L2/3 IT,0.1352573,0.16392559
80823,L4/5 IT,-0.34650165,0.03852749
30798,Peri,-0.045568854,0.24130088
140227,L2/3 IT,0.05063659,0.23580903
139723,Endo,-0.020074725,-0.057793975
205100,PVM,-0.2294347,0.21624726
202441,L5 IT,-0.21178624,0.054113567
29342,L5 IT,-0.2438766,0.02372384
204372,L4/5 IT,-0.18428081,0.23347479
27372,L4/5 IT,-0.247908,0.06716967
83970,Endo,0.30113685,-0.18697545
135755,Astro,0.13500404,0.17861682
27447,Endo,0.010263503,0.2144965
204341,L6 CT,0.1635691,-0.26194388
83955,Astro,-0.08801803,-0.18348885
135837,Micro,-0.16062436,0.45077235
27521,L2/3 IT,0.20488292,0.106633544
135873,Endo,0.32479942,-0.15063068
135921,Pvalb,0.1386038,-0.002475977
135932,L2/3 IT,0.054827273,0.22926128
83764,Peri,0.23474228,0.2600255
204382,PVM,-0.3049413,-0.12967733
204274,L2/3 IT,0.18397784,0.24183828
83675,VLMC,0.45596027,0.07652998
27816,L5 ET,-0.19097617,-0.2791037
204165,L2/3 IT,-0.3808876,0.16553009
204154,Peri,-0.14771014,0.244928
136112,L5 ET,-0.00150913,-0.12009904
28014,L2/3 IT,-0.1735906,0.3593592
136147,L4/5 IT,0.1575988,0.03470415
83529,L6 IT,0.052608848,-0.06829354
136152,Endo,-0.08479184,0.096324265
136203,L6 IT Car3,-0.046165615,-0.25540292
136246,L2/3 IT,0.12468737,0.1775865
28145,L2/3 IT,-0.3784666,0.15357357
136257,L2/3 IT,0.17536646,0.21942562
83756,L2/3 IT,-0.05738759,0.34636557
135698,L6 CT,-0.12029612,-0.19406125
135685,L4/5 IT,-0.2366085,0.15266323
135602,L6 IT,0.00698936,-0.0878489
205038,L5 IT,0.2952292,-0.16825393
84469,L5 ET,-0.1804874,-0.24403903
27132,L2/3 IT,-0.36263168,0.2255156
204972,VLMC,-0.15206784,0.48062044
27174,Endo,-0.2453951,-0.10566905
27182,L6 IT,-0.14224479,-0.06806725
204894,L2/3 IT,0.35481036,0.06754458
135413,L2/3 IT,0.40966547,-0.07761812
84404,Endo,0.10256618,0.037628114
135437,Astro,0.0120767355,0.43992728
204845,L2/3 IT,0.39186043,0.0033672452
27192,L2/3 IT,-0.1567713,0.29278094
84349,L2/3 IT,0.39353013,-0.09950566
204799,Oligo,0.04469973,-0.37532726
27303,L5 IT,0.12772018,0.03940016
204737,PVM,-0.28560388,0.43699586
27315,L5 IT,-0.10613155,-0.0025034249
84283,L2/3 IT,-0.32987344,0.2603544
204702,L4/5 IT,-0.36935765,0.0012490749
204694,OPC,0.1182431,-0.2594601
84179,L4/5 IT,-0.08476815,0.22770679
84168,L2/3 IT,0.16028339,0.2813344
27346,VLMC,0.21853054,0.29803824
204616,L2/3 IT,-0.37630647,0.1883632
204602,L6 CT,0.11797422,-0.29815644
204579,Oligo,-0.20936361,-0.04425627
204575,L4/5 IT,-0.016263783,0.19026077
84165,L5 ET,-0.22740525,-0.11924708
84105,L6 CT,-0.15612882,-0.14251328
203913,L5 IT,-0.044720113,-0.046572
29482,L4/5 IT,-0.16543671,0.22513789
83263,Astro,-0.17820606,0.4395789
28306,L2/3 IT,0.3539858,-0.049630612
203008,Astro,-0.049655467,0.2573443
82526,L2/3 IT,0.43134993,-0.022386223
137441,Endo,0.3988958,-0.06412488
28973,Lamp5,0.079539955,0.32082027
137532,Sst,-0.041830808,-0.25057766
29035,Astro,-0.015159458,0.316705
202850,L4/5 IT,-0.28817362,-0.011795253
29114,Micro,-0.20137131,0.3925895
137571,L2/3 IT,-0.071197,0.3059944
137632,L5 IT,0.049670994,-0.0070471764
82372,Astro,-0.008176863,0.42877555
202805,L5 IT,-0.12178144,0.09809619
29158,L2/3 IT,-0.08732018,0.35285258
28930,Endo,0.024856627,0.19813693
137778,L2/3 IT,-0.2230227,0.2743827
137924,L4/5 IT,0.022404075,0.20832282
29215,VLMC,0.2766531,0.2478866
82297,Micro,0.089689136,0.22404224
82263,L2/3 IT,0.36130887,0.04809487
138048,L4/5 IT,-0.27432808,0.09887451
82252,Vip,-0.1206384,0.35252184
138066,L2/3 IT,0.40361613,-0.050195366
29256,Astro,-0.39951587,0.19058228
29259,L4/5 IT,-0.3575442,0.022089541
82195,L5 IT,0.13926011,0.005946398
82139,OPC,0.10893208,0.3017559
82138,L2/3 IT,0.15812218,0.2305572
81998,L6 IT,0.16909432,-0.1810396
137820,L2/3 IT,-0.38171542,0.10516763
28919,Astro,0.17693734,0.17010689
137117,Astro,-0.012109071,-0.04777059
203126,L4/5 IT,-0.31389856,0.0446738
83244,L5 IT,0.30978483,-0.19359991
83230,L6 IT,0.31144792,-0.22477993
83159,L4/5 IT,0.10135293,0.15357888
136533,L6 CT,0.03370446,-0.214699
83133,L4/5 IT,0.17542619,0.097233534
136654,L4/5 IT,-0.31625366,0.11695796
83089,Astro,-0.07943383,0.21394104
28461,L4/5 IT,-0.22333685,0.22287917
203670,L5 IT,0.06880283,0.042708337
203639,L4/5 IT,0.08093274,0.12322152
28532,L2/3 IT,0.43878907,-0.077459246
28631,L6 IT,0.00019043684,-0.30859628
83028,L4/5 IT,0.123113036,0.12121707
28651,L4/5 IT,0.079975426,0.1593957
82962,Endo,0.27553886,-0.23959786
203493,L2/3 IT,0.3007868,0.03498429
82863,L4/5 IT,0.05000311,0.16108185
82848,L2/3 IT,0.1522907,0.16283804
203433,OPC,-0.1137791,-0.3449818
203402,L5 ET,-0.17881823,-0.10040352
28773,Micro,-0.13990432,0.19641095
203323,L6 CT,0.107800186,-0.22165927
167782,L4/5 IT,-0.14158207,0.22987092
136981,L6 IT,0.20066059,-0.28245735
82807,Endo,0.097126365,-0.061303765
137014,L2/3 IT,0.06333274,0.25865352
137086,Micro,0.011856258,0.07997817
203152,Pvalb,0.034667373,-0.084312856
28872,L2/3 IT,-0.35091403,0.22335112
203756,Astro,-0.17418176,-0.16396955
130716,L2/3 IT,0.35616732,0.079047084
40301,L2/3 IT,-0.23113215,0.29754287
40341,L4/5 IT,-0.20874605,0.14896816
162715,L6 IT,0.13086122,-0.1282202
162756,SMC,0.39927876,0.11330253
162799,PVM,0.1826104,0.04569924
162824,L4/5 IT,-0.2864216,0.016917408
174728,VLMC,-0.24282017,0.46587414
62755,L2/3 IT,0.11766398,0.251571
52346,VLMC,-0.45983484,0.20055419
62748,Micro,0.04940772,0.23623824
174654,Endo,0.088065326,-0.00093978643
174645,L4/5 IT,-0.30652165,-0.050189763
163062,Endo,-0.13078672,0.15078962
174613,Lamp5,-0.08813885,0.38588327
163088,L4/5 IT,-0.30573082,0.074507356
52272,Astro,0.41588205,0.10239339
174535,L4/5 IT,0.060333073,0.15357882
62711,Peri,-0.39397916,0.07234633
174485,L2/3 IT,0.41883934,-0.10592654
62683,Endo,-0.31950194,0.009389162
174428,L2/3 IT,0.1337505,0.27562875
163187,Sst,-0.37262216,0.050637543
62643,Peri,0.06485629,0.05663079
174408,Micro,-0.18926162,-0.11435568
163199,Vip,0.16531467,-0.2446756
174407,Endo,0.43303418,0.0018334389
62638,Pvalb,0.045359552,0.16090387
174397,L4/5 IT,-0.06962463,0.19781965
52640,Astro,0.36737543,-0.10427478
174387,L6 IT,-0.02516082,-0.018471211
174515,Endo,0.011323035,0.26379603
162704,L2/3 IT,0.32125092,0.10369825
63029,L6 IT,-0.0044192076,-0.24445897
162684,L2/3 IT,-0.19424418,0.35616356
63469,L2/3 IT,-0.19408044,0.32659853
175571,L6 CT,-0.023640603,-0.19092426
175515,L5 IT,-0.07841307,0.012175739
63407,Micro,0.09725171,-0.17050633
175425,L2/3 IT,-0.14509997,0.2956341
162398,Sst,0.23354334,-0.09974438
63348,L6 CT,0.09036672,-0.14966577
51811,Micro,0.07155281,0.23366809
175319,Pvalb,0.25928408,-0.15054613
51846,L6 IT Car3,0.028802633,-0.22245541
51873,L5 IT,0.26412582,-0.0659112
51921,Peri,0.041471303,0.13395894
175232,L6 IT Car3,-0.08067396,-0.14096427
175229,SMC,-0.023975253,0.4174546
175221,L6 IT,-0.07115367,-0.26875907
63279,L6 IT,0.10348147,-0.01941213
63242,L6 IT,0.030461967,-0.26513022
63180,PVM,0.3848558,0.1247316
175075,L5 ET,0.15458894,-0.20262936
175058,Peri,0.14549977,0.36554414
63179,L2/3 IT,0.06940895,0.22438133
175036,VLMC,0.2781796,0.26038706
63175,L5 ET,0.116681874,-0.1403665
162527,L5 IT,-0.013772279,-0.021656036
174954,PVM,-0.08422515,0.06945264
63161,L2/3 IT,0.32661372,0.08224535
162582,L2/3 IT,-0.258196,0.26082772
52231,L6 IT,-0.07672551,-0.20105517
63042,L4/5 IT,-0.16075215,0.15843785
62606,L5 IT,-0.14004296,-0.0023278892
175628,Astro,-0.3989303,0.17426008
62591,L5/6 NP,0.09676087,-0.060439736
174351,OPC,0.1384545,-0.014861643
61955,L5 IT,0.12913251,-0.015477806
61925,L4/5 IT,-0.28307563,-0.06918225
61914,L5/6 NP,0.18422925,-0.30613568
53180,Astro,0.31135464,-0.015748292
163775,L5/6 NP,-0.029629469,-0.09100115
53214,L2/3 IT,0.004760146,0.23542714
61883,L6 IT,0.014658868,-0.2802214
61874,Astro,-0.33469385,0.24430197
61870,Pvalb,-0.010349542,-0.10150924
61848,L2/3 IT,-0.22403207,0.33113986
173334,Astro,-0.39292717,0.25771493
173315,PVM,0.025361776,0.4161325
173299,L5 ET,0.14192712,-0.10741755
173646,L5 IT,0.17089528,-0.06399459
164057,L2/3 IT,0.10097039,0.20391726
164112,L4/5 IT,-0.041794956,0.19706917
53323,Micro,0.017738044,-0.36788017
61667,Oligo,0.041909456,-0.119919
173221,Oligo,-0.013219357,-0.36728394
173200,L6 CT,-0.0845294,-0.21887845
61545,L2/3 IT,-0.019749224,0.2565549
173166,L6 CT,0.116505325,-0.31153864
53445,L2/3 IT,0.14440185,0.25121683
53466,L4/5 IT,-0.3109392,-0.0014286339
53553,L2/3 IT,0.1169163,0.27310407
173120,L2/3 IT,-0.25568658,0.30707502
61444,L2/3 IT,0.31301236,0.1336608
53566,L4/5 IT,-0.14327893,0.11040348
164086,L6 IT,0.14879197,-0.10555363
173682,L2/3 IT,-0.24250272,0.3177203
173683,L4/5 IT,0.027145624,0.07982081
173812,L2/3 IT,0.10473102,0.24400467
163245,OPC,-0.09763053,-0.37662938
174328,Lamp5,-0.22988737,0.2631085
174294,Astro,-0.39969108,0.18109834
62411,L6 IT,-0.08338156,-0.13956684
52689,L6 IT,0.11373091,-0.11129835
174230,Peri,0.35066295,0.12657905
163392,OPC,-0.18035144,0.20826936
52699,L6 IT Car3,-0.045901358,-0.21685931
174176,Endo,-0.28454268,0.2395311
163405,L5/6 NP,0.25992423,-0.13009349
163406,L4/5 IT,-0.2922303,0.035582542
62376,L2/3 IT,0.116882145,0.21351409
174106,Micro,0.1666534,-0.15698999
174097,Astro,-0.28963202,0.06784719
52724,L5 ET,0.1698252,-0.22056878
52778,L6 IT,0.005988419,-0.050040692
62299,Endo,-0.032250136,-0.3059126
174046,VLMC,0.0010282397,0.42766738
163451,L6 CT,-0.06934738,-0.2791471
62131,L6 CT,0.032805145,-0.18375891
163570,L2/3 IT,0.3658654,-0.062233806
173921,L5 IT,0.1103428,0.05881399
163574,L4/5 IT,-0.34472543,-0.044341058
163593,Endo,-0.41364598,0.23620397
173876,Astro,0.055437267,0.39940166
173875,Pvalb,-0.21880272,-0.1925034
61987,Oligo,-0.020678222,-0.27982223
53088,Endo,-0.08368939,0.2883041
53109,Endo,-0.47337228,0.2015922
62539,L6 IT,-0.14219278,-0.31219923
164252,Endo,-0.10128069,0.23440194
51657,Sst,-0.22008997,-0.10850918
63551,SMC,0.15085787,0.051050067
177353,Vip,-0.34107974,0.2757494
65233,L2/3 IT,0.29921043,0.04903704
177308,L4/5 IT,-0.2782604,0.13558978
160364,L6 CT,-0.047434896,-0.21896863
177248,VLMC,0.30482006,0.23815644
50344,L6 IT,-0.026072055,-0.22012392
177185,L5 IT,-0.2765196,-0.008823007
177181,L2/3 IT,0.029776394,0.24238265
65188,Endo,0.10008913,0.16763383
65136,Vip,-0.3829736,0.17676932
160460,L6 IT,0.08284104,-0.26549143
50447,L5 ET,0.12941664,-0.019616544
160478,Pvalb,-0.038629353,-0.012278527
65247,L2/3 IT,0.44141048,-0.003599584
177115,L4/5 IT,-0.12103292,0.12815899
177045,OPC,0.29597318,0.049946487
177040,Endo,0.055343866,0.28998882
177028,L5 IT,-0.22608966,-0.19080055
50545,L5 IT,0.24918991,-0.11502412
160570,L4/5 IT,-0.23879948,0.1917969
160571,Astro,0.035597384,-0.42119953
176959,VLMC,0.12498075,0.37404507
65031,SMC,0.29769504,-0.13905719
65020,Micro,0.2255007,-0.17147604
176948,L2/3 IT,0.1307962,0.24481487
160635,L4/5 IT,-0.2678145,0.15217447
50635,Pvalb,-0.21502441,0.25734502
176889,Pvalb,0.06510818,0.0058767796
50528,L2/3 IT,0.20535052,0.22531492
65269,Oligo,0.11388022,-0.15415013
50209,L6 CT,-0.14646575,-0.11941436
50174,L2/3 IT,-0.16565213,0.3438862
49688,L2/3 IT,0.0024129152,0.26812434
177930,L2/3 IT,-0.10791689,0.37218088
49786,Endo,0.05466938,0.3300594
49792,L6 CT,-0.14180255,-0.30700657
49843,L2/3 IT,0.10749781,0.2109611
177904,L6 CT,-0.07413116,-0.1792106
65478,L2/3 IT,0.31326562,0.124830365
177832,Endo,-0.25992844,-0.091600776
49892,OPC,-0.23486951,-0.032877386
160076,L6 IT,0.20207,-0.112273246
49926,L4/5 IT,0.078353524,0.1421197
177761,L2/3 IT,-0.38925427,0.16986096
65337,L6 IT,0.21681792,-0.20678553
49935,Astro,-0.32592595,0.1488275
177696,L5 IT,0.12357974,-0.03554198
177694,Micro,-0.44525808,0.2586313
160111,Micro,-0.01715061,-0.32500315
65328,L4/5 IT,-0.21326667,0.22308111
177619,Astro,0.032450795,0.087104976
65320,SMC,0.44984108,0.0028352141
177612,Peri,0.05897504,-0.07040417
160181,Pvalb,-0.09977296,0.06757069
177544,Astro,-0.41646764,0.23818088
65310,L5 IT,-0.14918742,-0.15354133
50085,Sst,-0.06358713,-0.3133886
50149,Astro,0.03167516,-0.3389299
177462,Pvalb,-0.12629569,0.27306628
177460,Vip,-0.0327698,0.30049294
65276,L6 IT Car3,0.029692769,-0.32636935
176863,L2/3 IT,0.08794665,0.2345984
63543,L2/3 IT,-0.36292052,0.19933778
160652,L4/5 IT,0.07474363,0.17251438
50654,L2/3 IT,0.31862456,0.041415274
64160,Peri,0.09275156,0.10002887
64155,L4/5 IT,0.09452969,0.08499968
64153,Sst,0.24323899,-0.03943932
161522,L4/5 IT,-0.27911544,-0.040302098
161531,Astro,-0.4184016,0.27881753
64060,Endo,0.4488523,0.010179877
51246,L6 IT,-0.18726534,0.03352207
161632,L2/3 IT,0.09164053,0.18458581
64023,L2/3 IT,-0.32874325,0.27188963
63962,L2/3 IT,0.09651488,0.27877122
51326,L5 IT,0.23392582,-0.07061428
161905,L5 IT,-0.1682415,-0.1723975
161938,Endo,0.13949907,-0.17321077
176057,L6 CT,0.11196929,-0.2179411
51333,OPC,-0.09921372,-0.24310136
51496,L2/3 IT,0.2663862,0.057985246
51501,VLMC,-0.42552456,0.30661577
63793,L5/6 NP,0.10134238,-0.18229496
63789,L6 CT,-0.058133543,-0.13513982
51521,L2/3 IT,0.0027153492,0.34369844
51537,Endo,-0.1773304,0.4445383
175791,L4/5 IT,0.11000639,0.083363235
51538,L2/3 IT,-0.386577,0.15911168
63688,Peri,0.07579172,-0.26585838
175746,Astro,0.2326979,0.21954018
63632,L4/5 IT,-0.29105517,-0.04886636
63626,L2/3 IT,-0.22650382,0.34073198
63559,VLMC,0.14915943,0.37342888
162026,Endo,-0.25077915,0.4323418
161474,PVM,0.19705445,-0.107516766
64237,L6 IT,-0.078148335,-0.0675765
51089,L4/5 IT,-0.25452206,0.07084131
64950,L2/3 IT,0.4128846,-0.007336408
64937,Sst,0.4396705,-0.07521963
176736,L5 ET,0.27639514,-0.14139336
176696,Lamp5,0.077699065,0.13134927
160733,Astro,-0.13535303,0.1238659
64851,Lamp5,-0.00653702,0.37943208
160795,L2/3 IT,-0.36837286,0.16486192
64803,L5 IT,0.038781166,0.11311507
50780,Astro,-0.4270267,0.19452965
176582,L6 CT,0.06386781,-0.28134087
176558,L2/3 IT,0.3791275,-0.07616916
176496,Astro,-0.15115577,-0.065142214
176411,OPC,0.05967796,0.34110212
160983,L2/3 IT,0.14844662,0.16794372
50873,L5 ET,0.27674592,-0.18924078
64563,Endo,0.07135105,0.10470909
176329,Oligo,-0.09664443,-0.10147616
176325,L5 ET,-0.14242938,-0.18917724
176290,Endo,0.22029126,-0.0044041574
51028,L2/3 IT,0.32850856,-0.04418215
176261,L4/5 IT,-0.19063297,0.25366426
161163,L5 IT,-0.07699239,-0.2115145
176230,L5 ET,-0.16684115,-0.035708517
176223,Sst,-0.2540542,-0.12639481
161197,L5/6 NP,0.118026495,-0.065288305
176190,L4/5 IT,0.30645782,-0.13360626
64315,L2/3 IT,0.1792916,0.24027056
51081,VLMC,0.24054843,0.29552388
161360,L2/3 IT,0.091804385,0.18460709
160658,L6 IT,-0.07062507,-0.27309734
159923,L5 IT,0.17578942,-0.03487858
172960,Astro,-0.2047205,0.24133813
164271,L5 IT,0.07772988,0.043798745
56861,L6 CT,0.09979063,-0.196002
169450,L5 IT,-0.19346362,0.061505258
169448,Peri,-0.020330995,0.29687476
56873,Astro,-0.051263243,-0.0786992
59292,L2/3 IT,0.38162374,-0.079781204
56879,Pvalb,0.12312311,-0.15439343
59286,Endo,-0.3073305,-0.009085178
56905,L6 IT,-0.08638656,-0.25040716
59275,SMC,0.27252656,0.016736567
169341,Oligo,0.03591615,0.16420877
56919,L2/3 IT,-0.36580917,0.1771189
169295,L2/3 IT,-0.10023677,0.35426217
59192,L6 IT,0.20142335,-0.097640604
169473,VLMC,-0.48976466,0.18931031
169230,L2/3 IT,-0.22795668,0.29226786
169210,L4/5 IT,-0.3087969,0.06149
166824,Astro,0.16213071,-0.023065388
169185,Micro,-0.1676349,-0.21192876
57062,L6 CT,0.057950735,-0.32546055
166836,Endo,0.31576926,0.17485332
166848,L6 IT,-0.039283663,-0.21810603
59153,Astro,0.1446895,0.35743678
59139,Vip,0.24769503,0.017763674
57215,L5/6 NP,-0.20480591,-0.15666306
59057,Astro,0.15832037,0.07513678
57274,L2/3 IT,0.07657349,0.31464225
169010,L6 CT,-0.054879755,-0.23974475
57340,L6 CT,0.124471605,-0.27763432
166772,Endo,-0.37670258,0.32537025
56833,Endo,0.20229983,0.10269195
59389,L2/3 IT,0.07011396,0.2541303
59460,L5 IT,-0.16921741,-0.039910495
170162,Lamp5,0.09747541,0.3395807
170160,L6 CT,0.21015,-0.22323212
59831,VLMC,-0.43564713,0.27731293
59821,SMC,-0.086901724,-0.2768879
56320,L6 CT,-0.08688897,-0.23271602
170081,L6 IT,-0.04748115,-0.20909822
166166,L5 ET,0.10865027,-0.1789951
59737,L6 IT,-0.20667559,-0.19092289
170024,Endo,0.3304298,-0.017092675
169999,L5 IT,-0.19382077,-0.021585435
169907,L2/3 IT,-0.22143114,0.34468442
56500,L5 IT,0.06407899,0.06947172
56508,OPC,-0.38868544,0.122810364
56526,Astro,0.22976398,0.2692455
56551,L5/6 NP,-0.1662043,-0.27029917
59646,L5 IT,-0.13694757,-0.37098503
56612,L6 IT,-0.15877813,-0.099428505
59582,OPC,-0.30214667,0.4165852
169750,Astro,-0.3958099,0.27130467
59560,L4/5 IT,-0.13923347,0.24026674
59539,OPC,-0.09326884,0.063753426
169735,Vip,0.4051767,0.008216143
56678,L5 IT,0.22680247,-0.039172947
56682,Endo,0.09584367,0.20140171
59521,L4/5 IT,-0.30747622,-0.057750523
169631,Endo,-0.048897564,0.12041706
56759,Peri,-0.023897916,0.15001392
169592,L6 IT,-0.11018267,0.0028164983
59476,Astro,0.107370555,-0.22506627
57363,SMC,0.06094432,-0.27356115
56271,Oligo,0.052321315,-0.17214167
57401,L4/5 IT,0.11446583,0.105168104
168909,L4/5 IT,0.21821576,0.012364686
167375,Peri,-0.061484933,-0.19002011
168246,L2/3 IT,-0.19209382,0.36875588
167455,L6 CT,-0.06324309,-0.30708617
167474,L2/3 IT,-0.3352717,0.16162807
58033,Endo,0.25674206,0.24258542
168191,VLMC,-0.23457998,0.46428263
167492,Sst,-0.022230327,-0.076271474
167540,L4/5 IT,-0.2836703,0.14869434
58418,Endo,-0.040647924,0.14116055
58166,L6 CT,-0.04211107,-0.22633812
167616,L5 ET,0.17521417,-0.22584078
168068,VLMC,-0.1777826,0.48302376
168059,Astro,-0.344405,0.19245267
58534,L6 IT,0.017691314,-0.15374684
168002,L6 IT,0.18882751,-0.2565703
167984,L4/5 IT,-0.17411911,0.2201578
167967,L5 IT,0.28478187,-0.07257846
167958,L2/3 IT,0.35402572,-0.045450926
167955,L5/6 NP,-0.085460335,-0.42050207
167952,Astro,0.27317858,-0.21642753
58176,Micro,0.09105849,0.31372237
58206,L4/5 IT,0.198973,0.015606761
58241,L4/5 IT,-0.1519584,0.26126945
58369,SMC,0.32334185,0.18651623
167700,L2/3 IT,0.26416022,0.1388604
167793,L2/3 IT,0.06721681,0.24605852
58284,L2/3 IT,0.024134934,0.16782665
58308,L6 IT,-0.037558466,-0.21711197
168001,L2/3 IT,0.41638458,-0.015780896
58581,Micro,-0.3535586,-0.033026695
168346,L2/3 IT,0.3907917,0.050780654
57820,SMC,-0.28292954,0.2708667
57460,L2/3 IT,-0.38495973,0.12390989
59042,L6 IT,0.040075183,-0.28860617
166997,Peri,0.046324253,0.23846406
57495,L5 IT,0.020498097,-0.012055814
168861,Astro,-0.3725844,0.21292084
168845,L2/3 IT,-0.22245541,0.27021122
58936,L2/3 IT,0.41162705,-0.061892927
58907,Astro,-0.032931447,-0.018039614
168717,Pvalb,-0.28118044,-0.09862295
167169,L2/3 IT,0.0036689043,0.24682778
58895,L6 CT,-0.055291653,-0.196188
167178,L2/3 IT,0.25611067,0.13082957
57621,Pvalb,-0.24382967,-0.14800611
168651,Endo,-0.2170887,0.00015181303
167250,Astro,-0.33576092,0.3414353
57645,L4/5 IT,0.18024015,0.045761943
168599,VLMC,-0.15630946,0.47101235
58841,Oligo,0.08191508,0.059930444
57649,L4/5 IT,-0.16466609,0.24139273
168545,Endo,-0.019630045,-0.21620622
168534,Pvalb,0.066138804,0.18735033
168473,Endo,-0.040832043,0.3368554
168472,L6 IT,0.1107806,-0.20879021
57687,L6 IT,-0.040225774,-0.24682885
57688,Peri,0.06731486,0.15153366
168438,Endo,0.2644143,0.27163434
168398,Pvalb,-0.2517094,-0.0924896
168375,L2/3 IT,-0.15776962,0.32720768
57806,Oligo,0.09463942,-0.009142578
57419,Endo,-0.026535064,0.2616189
53628,L6 CT,0.15278709,-0.13911304
56195,Peri,0.3151766,-0.10592502
59841,L6 CT,0.15793127,-0.27215213
164574,OPC,-0.12195864,0.10503042
172051,L5 IT,-0.24354672,-0.05878347
172037,L2/3 IT,0.13682532,0.18802536
61139,L6 IT,0.17338347,-0.20849761
54446,L6b,0.06952816,-0.318282
171968,L2/3 IT,0.43289882,-0.03123805
54497,L4/5 IT,-0.30546814,0.0024291873
54519,L2/3 IT,-0.003774792,0.25250643
61073,L2/3 IT,-0.109340966,0.3493244
54578,L5 IT,0.0832603,0.009906828
164720,SMC,-0.33398998,-0.078691185
54597,OPC,0.07074261,0.14909643
61049,Astro,-0.17073241,0.18268734
54402,L2/3 IT,0.17732471,0.15406257
171764,L2/3 IT,-0.34859222,0.25166523
171734,L2/3 IT,0.047293067,0.2825266
171704,L6 IT,0.049791932,-0.07200143
54763,Peri,-0.31281507,-0.050165266
54767,L5 ET,-0.13524738,-0.182742
60886,Astro,0.0086236,0.3563404
171625,VLMC,0.31860256,0.20888084
171623,L4/5 IT,0.025347471,0.13922155
164900,L6 CT,-0.08890343,-0.11735892
164912,L2/3 IT,0.1415779,0.19687843
164916,VLMC,0.24536365,0.28742474
164923,Micro,-0.14302546,-0.28803006
60857,L4/5 IT,-0.07266584,0.18336105
54816,VLMC,0.4354744,0.09162277
171735,Lamp5,-0.44381207,0.14988667
172166,OPC,0.050460756,0.40594006
61187,L4/5 IT,-0.3085248,-0.054060847
54361,L6 IT,-0.015452862,-0.17943954
53654,VLMC,0.17667514,0.34942788
172850,Endo,0.027010918,-0.41393447
172842,L4/5 IT,0.10192424,0.1092363
61436,L4/5 IT,-0.045260668,0.20474094
164326,L2/3 IT,-0.30100518,0.23824126
61386,L4/5 IT,0.33856958,-0.03892076
172733,Astro,-0.017938256,-0.21328235
172706,L4/5 IT,-0.2109698,0.1861307
53722,Oligo,0.07411671,-0.29751188
61350,L4/5 IT,-0.29367334,-0.05715111
172554,L2/3 IT,0.10933882,0.22061759
53839,SMC,0.08002418,0.24186158
164405,VLMC,0.13725877,0.37670362
53844,L4/5 IT,0.035687685,0.13979936
164427,PVM,0.41385967,-0.029068202
53963,L6 IT,-0.0038077831,-0.2126301
164431,L6 CT,0.038368106,-0.14666608
54028,Vip,-0.35063672,0.059325814
172398,L6 CT,0.09881914,-0.2873489
54038,L4/5 IT,-0.0012453198,0.1666969
172379,OPC,0.3436656,-0.1764892
164458,L4/5 IT,0.20174772,0.046999574
54117,L6 IT,-0.082589805,-0.040503085
172331,Astro,0.008723259,-0.062562585
164469,Endo,0.07563496,-0.06297505
61221,L2/3 IT,0.19705606,0.13304782
164523,L2/3 IT,-0.15163165,0.2826733
172209,L4/5 IT,-0.28366378,-0.04209566
54358,Oligo,0.27460974,-0.16069004
60844,L4/5 IT,-0.28104132,-0.1438635
56151,L5 ET,-0.17899826,-0.016884238
171422,L5 IT,0.23526996,-0.17419875
54935,L4/5 IT,-0.2736705,0.16430819
165533,L2/3 IT,0.3332575,0.069069326
170757,L2/3 IT,0.33661282,-0.04077238
165679,L5 IT,0.21486253,-0.016006798
165692,L5 IT,-0.08135858,-0.018277615
60252,L2/3 IT,0.40881282,-0.10081622
55738,L6 CT,0.033708096,-0.31879443
170559,VLMC,-0.5,0.1919567
60221,Peri,-0.13888106,-0.010789305
60207,L2/3 IT,0.3935408,0.0388242
60183,L6 IT,0.053366363,-0.2091349
60044,L4/5 IT,-0.2479847,0.15382737
60006,L4/5 IT,-0.30472055,0.009896219
165858,L4/5 IT,-0.23118758,0.06659442
170785,VLMC,0.22500712,0.2804829
55798,OPC,-0.101659834,0.06975573
59974,Oligo,0.05409479,-0.35723704
170383,Sst,0.049364865,0.3201927
165917,OPC,-0.2795773,-0.07140508
55900,Endo,-0.31058145,0.28860855
59969,Peri,0.045291007,-0.02567932
55952,L5 IT,-0.25683898,-0.107290596
55983,L6 CT,-0.13493684,-0.17787284
170355,L4/5 IT,-0.3267281,0.09573245
59925,L4/5 IT,0.33568805,-0.04847151
170318,L2/3 IT,-0.39945015,0.15895319
170308,Oligo,-0.051065832,-0.26601237
59859,L6 IT Car3,-0.04985386,-0.2350662
170262,Micro,0.20252866,-0.22515178
55848,L4/5 IT,-0.32500893,-0.016444504
170798,Astro,0.28337604,0.25124508
170829,L6 IT,0.19617617,-0.30362347
170836,L6 CT,-0.08446461,-0.15585548
165079,VLMC,0.049277723,0.41563445
60789,L4/5 IT,0.051257312,0.19814706
171367,Vip,-0.23321283,0.3619898
165146,L5 IT,-0.066767186,0.03417051
60782,OPC,-0.094789475,-0.075749695
165184,L2/3 IT,0.12731749,0.29469335
55010,L6 CT,0.01572448,-0.1114673
171282,L2/3 IT,0.41125947,-0.020225197
60627,Endo,-0.1938945,-0.23078796
171254,Micro,-0.1439338,-0.14384967
171217,L2/3 IT,0.11919963,0.2914933
55201,L5/6 NP,0.12796241,-0.09429613
60566,L5 ET,0.015506864,-0.08049959
60564,Pvalb,0.17146748,-0.23295954
55312,L5/6 NP,-0.11254749,0.01577115
171155,VLMC,0.24593168,0.26999384
55348,L6 CT,-0.02680102,-0.1963484
165355,L4/5 IT,-0.3058228,0.049372315
55360,Astro,-0.41230008,0.19949049
60445,Vip,0.011930227,-0.15321237
165371,L6 CT,-0.02113697,-0.17913547
60413,L6 IT,0.14182025,-0.16305843
55492,Endo,0.0030528307,-0.28785402
165507,Endo,0.013414979,0.2290439
165511,L2/3 IT,0.07297647,0.2886235
170900,Astro,-0.12296277,0.18148625
165517,L6 IT,-0.034891218,-0.24576917
55514,L2/3 IT,0.4033085,-0.09614426
55582,L5 IT,-0.23468602,-0.03851384
54928,L2/3 IT,-0.15614963,0.3681283
188517,Astro,-0.12459347,-0.23147726
65515,L6 IT,0.06943691,-0.14342552
49572,Endo,0.058526576,0.2770654
152971,Endo,-0.15707862,0.21335769
43220,L2/3 IT,0.42198712,-0.056441456
153014,L6 CT,-0.16586879,-0.17622381
185285,SMC,-0.35501343,0.08253056
153018,L4/5 IT,0.25572306,-0.009897113
185238,Endo,-0.3002007,0.24022561
185213,Sst,0.085707605,-0.1263543
185016,L6 IT,-0.08678067,-0.024594188
153089,PVM,0.1406318,0.3691165
70723,Lamp5,0.20097125,0.2461409
184966,PVM,-0.37258983,0.36005092
184956,L2/3 IT,0.081994355,0.2077226
184931,L6 IT,0.09210032,-0.29232618
185419,L4/5 IT,-0.17443806,0.1893245
153116,L4/5 IT,0.034656584,0.19346374
70701,Micro,-0.16723847,-0.27993023
43498,L5 IT,-0.115572095,-0.10822737
153295,Endo,0.13897365,-0.21887419
184763,L4/5 IT,-0.31435484,-0.08089176
184746,Micro,0.26866913,-0.20852053
43550,L6 CT,0.14628476,-0.3029288
153335,Lamp5,-0.12574625,0.24561942
70258,VLMC,-0.20470288,0.46157008
184698,L4/5 IT,0.0026080012,0.1181497
153352,L6 CT,0.23632526,-0.1397345
184691,Endo,0.25761187,0.18426204
153371,Endo,-0.052454352,-0.056006074
153388,L6 CT,-0.025296211,-0.29083535
43422,VLMC,0.25730455,0.26247644
70795,Astro,0.019008577,0.40917945
185471,Endo,0.19372648,0.15217781
152905,L6 IT,0.0056774616,-0.011822075
185914,Endo,-0.04142517,-0.1107721
185899,Endo,-0.06936854,0.3321811
152611,L2/3 IT,-0.28762388,0.29436433
71146,L2/3 IT,-0.3909873,0.1264295
185865,L2/3 IT,-0.1801354,0.32187438
152636,L5 IT,0.20182556,0.019936204
185839,L2/3 IT,-0.22827154,0.336735
185823,Astro,0.22589773,0.28975844
42958,L5 ET,0.23088056,-0.13915324
70981,L2/3 IT,0.38472867,-0.0106036365
42963,Astro,0.016707301,-0.31310266
185803,L2/3 IT,0.12190473,0.21343333
42964,L2/3 IT,0.019668639,0.31418204
185787,L5 IT,-0.14470306,0.010878861
70959,VLMC,0.12315124,0.38177288
70958,L2/3 IT,0.1837905,0.12536877
70930,Astro,0.3061027,0.026155055
70899,Vip,-0.38349682,0.22769052
152741,L6 IT,-0.07391217,-0.28000516
43009,Oligo,-0.05180186,-0.3285538
185671,Lamp5,0.05228442,0.38497376
152841,VLMC,0.122418284,0.37200278
185642,L6 IT,-0.07198253,-0.25896955
185640,Micro,-0.20174375,0.4455539
185635,VLMC,0.19032717,0.31391597
43066,OPC,0.06744367,-0.15195179
43129,L4/5 IT,-0.29909515,0.049238324
43140,Micro,0.0034748912,0.23164725
70874,L6 IT,0.003870964,-0.039301753
70174,Peri,-0.08955222,-0.1708526
42843,L4/5 IT,-0.2441377,0.16167653
153452,Endo,-0.07790208,0.043883324
43719,L6 IT,-0.25075358,-0.2107661
183855,L6 IT,0.057515383,-0.13057375
183833,L2/3 IT,0.36834025,0.04764223
69763,Oligo,-0.0033930838,0.26544875
44220,L4/5 IT,-0.1418871,0.25413704
154183,SMC,0.20548964,0.092139125
69729,Endo,0.021133184,-0.36297846
69715,Pvalb,0.092442214,-0.10330054
44310,L4/5 IT,-0.25551552,0.1388169
183686,Astro,0.029964805,0.27530175
154292,L5 ET,-0.21689776,-0.1608203
69650,Astro,-0.15498602,0.4410571
183665,Oligo,0.19684309,0.101356745
154364,Astro,0.18655336,0.28603566
154116,L2/3 IT,0.4445771,-0.027375609
44441,Oligo,-0.052661747,-0.039168
154377,Sst,-0.14260009,-0.22720844
44540,L2/3 IT,0.38346303,0.066534996
154462,Micro,-0.09966254,-0.23523274
44557,Astro,0.3360353,0.16941714
69459,L2/3 IT,0.36520934,-0.042732954
183502,L5 IT,-0.1914427,0.041203678
154582,L2/3 IT,0.31272066,-0.0042984188
154598,L5/6 NP,0.17127585,-0.24123827
154630,Astro,-0.2538979,-0.1281414
44682,Endo,0.042875588,0.11970371
44760,L5 ET,0.210904,-0.22063273
183372,L4/5 IT,-0.3115122,-0.008159161
69445,L5 ET,0.0032901168,-0.08146572
183654,L4/5 IT,-0.25676486,0.14858645
183942,Pvalb,0.18557048,0.09826183
183954,Astro,-0.090250045,-0.20283857
154009,SMC,-0.3308236,-0.043902546
70135,PVM,0.03912437,-0.31235242
184512,L6 IT Car3,-0.13637578,-0.19918397
70101,L6 IT Car3,-0.06431043,-0.13744414
184501,L6 IT,0.00781703,-0.21482724
43726,L2/3 IT,-0.13970968,0.27684116
153583,L2/3 IT,-0.11244586,0.27551734
70038,L6 IT Car3,-0.056388766,-0.2213045
184400,Pvalb,0.15672696,0.04593402
184393,OPC,-0.10769546,-0.3515418
43768,Astro,0.005023241,0.39453977
153648,L5 IT,-0.10364881,-0.025412858
69987,Astro,-0.10492548,-0.15895557
184279,Astro,0.0052185655,0.37131774
184271,L2/3 IT,-0.17512175,0.32386726
153714,L6 CT,-0.04464197,-0.25828803
43857,Micro,-0.18741465,0.1250931
153738,L6 CT,-0.101623416,-0.15056095
43894,L6 IT,-0.005212873,-0.11007878
43973,L4/5 IT,0.16091436,0.09944445
184176,L5 ET,0.059001684,0.025356174
153781,Astro,0.40695333,-0.07528266
184155,L2/3 IT,-0.41129282,0.08180988
153834,Oligo,-0.032651782,-0.4093133
153871,Sst,0.062127113,0.22148728
44080,Astro,-0.34864005,0.34401518
184082,L2/3 IT,-0.3469978,0.19680727
69894,L6 IT,-0.008303553,-0.2171011
69883,L4/5 IT,0.18224531,0.10340893
44128,Astro,-0.4275686,0.102484405
153489,L2/3 IT,0.31732082,0.089408755
183365,L2/3 IT,0.14944232,0.1757651
185930,OPC,-0.071234524,0.19449824
185963,L5 ET,-0.21032882,-0.1540575
150705,L4/5 IT,0.12593508,0.12535745
40799,Peri,-0.0027880669,-0.32451487
187930,SMC,-0.28715825,-0.25666684
187916,Sst,-0.12868425,0.38117987
150741,L6 CT,-0.17317405,-0.20112261
72595,L4/5 IT,-0.2898256,-0.0030025244
150775,Endo,-0.109928966,0.22854084
40896,L5 IT,0.11655831,-0.04569441
187833,L2/3 IT,-0.3992483,0.13425428
187832,SMC,-0.00022524595,0.13560551
72586,Peri,-0.14766002,0.4562186
40956,L4/5 IT,-0.28334165,-0.05119285
187768,L2/3 IT,0.004312098,0.34267318
40769,Endo,-0.058271438,0.22864437
40966,L5 IT,-0.27759317,-0.07029867
40988,L2/3 IT,-0.228506,0.3729452
187701,Endo,-0.06518668,-0.20281294
72476,Pvalb,-0.20680505,0.29351276
151001,L6 CT,-0.13999736,-0.13405174
72454,L6 CT,-0.08718851,-0.30198866
151119,Astro,-0.39090037,0.14384079
187619,L2/3 IT,-0.10727605,0.2632985
72375,L4/5 IT,-0.33728465,0.107733965
41207,L6 CT,0.063442826,-0.13030848
41223,Astro,-0.040047735,-0.28056738
187580,L5 IT,-0.103007406,0.13722324
41275,PVM,0.14403331,0.360556
187553,L4/5 IT,-0.19163513,0.16135067
150845,Peri,0.08748102,-0.28911918
187997,L4/5 IT,-0.2993651,-0.08648121
40734,Astro,-0.013366491,0.15859526
188030,Astro,-0.4372755,0.24069679
188484,L6 IT Car3,-0.058433563,-0.25025553
150334,L6 IT,-0.0004299283,-0.25623387
188429,L6 IT,-0.050534964,-0.3054744
188427,L4/5 IT,0.32314038,-0.105704665
188394,Endo,0.34603375,-0.12439558
72751,Endo,0.08549887,-0.16224116
150389,Peri,0.045989454,0.332056
72713,L5 ET,-0.077522784,0.044091046
188337,Pvalb,0.11627966,0.17281276
40416,Oligo,-0.032479435,-0.29217243
72692,Endo,0.1796748,0.0052629113
150472,L2/3 IT,0.14968866,0.14072835
72677,OPC,0.08947092,0.07741284
150513,PVM,-0.026187003,-0.2569394
150526,L2/3 IT,-0.38687778,0.22153568
188234,Astro,0.22878635,-0.061572522
150558,Oligo,-0.07281172,-0.2995513
188211,Sncg,-0.059625953,-0.20427948
40605,L6 IT,-0.024943262,-0.19471756
188197,Oligo,0.022617698,-0.2944597
188160,PVM,0.21895707,-0.085457385
188126,Astro,-0.33138603,0.11332816
72607,Endo,-0.4638592,0.1972174
40680,L4/5 IT,-0.3029793,-0.009438038
150618,L6 CT,0.18696636,-0.19593936
150646,L4/5 IT,-0.1765256,0.21275425
188056,Oligo,-0.09635419,0.20094478
150665,Oligo,0.20943385,-0.16275704
150672,L5 IT,-0.19866815,-0.15237498
41305,L2/3 IT,-0.2033216,0.3421461
71163,L2/3 IT,0.13943106,0.27799654
151218,L5 IT,0.2529428,-0.19502887
41354,L4/5 IT,0.035847664,0.19770151
42172,Lamp5,0.09308618,-0.24483246
71782,L2/3 IT,-0.045607656,0.31866372
186647,PVM,0.23252898,0.3072669
42269,VLMC,0.4620278,0.06421542
71692,OPC,0.073016346,0.015593708
152096,L6 IT,-0.06748527,-0.24624059
42328,Astro,-0.2708375,-0.0710448
152144,VLMC,-0.44644114,0.24621964
42343,L2/3 IT,0.22516853,0.12703204
42371,L6 IT Car3,-0.15900311,-0.21937981
71592,L6 IT,-0.03369543,-0.19051918
152220,L4/5 IT,-0.17615563,0.23600495
42473,Sst,-0.08626917,-0.076993674
71888,L5 IT,0.005312562,-0.2840189
186400,L4/5 IT,0.07579988,0.16720986
42515,Astro,-0.15948975,-0.27622294
42557,Pvalb,-0.061858833,0.15186387
42575,L5 IT,-0.19479701,-0.14983234
186332,Endo,-0.17908409,0.16837323
186288,Astro,-0.2430655,0.0009623766
42653,Lamp5,-0.19708174,0.4160962
42654,L4/5 IT,0.27801394,-0.016330183
186096,L5 IT,0.26377857,-0.11854935
152322,L4/5 IT,-0.12799263,0.14244014
186066,L6 IT,-0.06526002,-0.19463235
152344,Oligo,0.20408487,-0.036944956
42766,L5 IT,0.14373952,0.0005720854
186023,L2/3 IT,0.4107917,-0.07408127
42475,L4/5 IT,-0.15062743,0.2223289
186857,L6 IT,-0.11254206,-0.12500593
186863,L5 IT,0.13099557,-0.09159207
151776,L5/6 NP,0.23266953,-0.20248297
72197,L4/5 IT,0.35198826,-0.12542847
41423,L2/3 IT,-0.28369397,0.3051058
151254,L5 IT,-0.25001526,-0.066411376
151270,Endo,0.04062867,0.28087795
151318,Endo,-0.3359168,-0.1388756
151340,L6 CT,0.09681404,-0.27845684
151366,L4/5 IT,0.244699,0.036946476
187428,Astro,-0.018507034,-0.23232111
41498,L6 IT,-0.0439758,-0.20622009
41533,L6 CT,0.062167168,-0.16593218
151466,Vip,-0.2360957,-0.07131934
41667,Endo,0.026248872,0.21791828
41682,L2/3 IT,-0.31953293,0.2773822
187246,L5 IT,0.22398967,-0.117626816
72014,Endo,0.09179795,0.36776435
72001,Endo,0.015044212,0.20433742
71990,L5 ET,0.23125458,-0.11702919
151620,Endo,-0.0877471,0.12927943
151622,Endo,-0.14134678,-0.2077286
151652,L2/3 IT,0.0640167,0.26402825
151659,L6 IT,0.21330917,-0.24098662
187125,OPC,0.19860369,-0.0027463436
151706,L4/5 IT,0.035072327,0.15292543
151712,L4/5 IT,0.3145486,-0.06494078
41780,L4/5 IT,0.23640835,0.00070655346
71946,L6 IT Car3,-0.11459446,-0.20809531
151733,L6 CT,-0.101337194,-0.31221986
71934,L2/3 IT,-0.15562391,0.33235157
151761,Pvalb,-0.3242606,0.19174564
151220,Lamp5,-0.15401486,0.44377863
159874,L4/5 IT,0.077439964,0.1571477
154741,L6 CT,0.08501965,-0.1841285
69438,L5 IT,0.07884836,-0.07799068
180000,L5 IT,0.11402053,-0.01995176
158105,L2/3 IT,-0.3458522,0.22742689
47806,L5 IT,-0.17589402,-0.027809769
47821,L2/3 IT,0.16784585,0.2560432
179836,L2/3 IT,0.07467401,0.3013615
179806,Endo,-0.29198727,-0.015335441
158156,L5 IT,0.105992615,0.060041368
158161,L4/5 IT,-0.28565526,0.07508147
47876,L5 ET,0.093386054,-0.11657289
66518,Oligo,0.048539996,-0.2705057
66496,Astro,-0.4088474,0.0936051
47959,OPC,0.020710707,-0.374556
179642,OPC,-0.13755783,-0.26441652
158065,L5 ET,0.051752687,-0.03639248
47962,L5 IT,0.32544458,-0.17814067
47967,Sst,0.2639001,-0.21442333
48017,Oligo,-0.040828615,-0.1445702
48018,L2/3 IT,0.28001684,0.12357205
66488,L2/3 IT,0.4064787,-0.01304245
48061,L5 IT,-0.022469252,-0.0529415
158236,L6 IT,0.016240776,-0.24683362
158250,L5 IT,0.2506767,-0.10121524
179405,SMC,0.395675,0.07877463
66461,Micro,0.15857065,0.32616198
48174,L2/3 IT,0.083744705,0.24312466
179316,L5 IT,-0.24828553,-0.11430654
158261,L2/3 IT,-0.23779806,0.26333255
158278,L6 CT,0.019910455,-0.29703832
179639,L5 IT,-0.18351766,0.04569429
66607,Astro,-0.37792152,0.164841
158006,L6 CT,-0.15335575,-0.21988752
47781,SMC,-0.11248854,0.01195848
157161,L6 CT,-0.017091513,-0.19767946
180845,Pvalb,-0.13528115,-0.3295492
47338,VLMC,0.25271976,0.25693887
180790,VLMC,-0.46951362,0.20348519
157195,Micro,0.3442154,-0.12497908
180680,Oligo,0.08021885,-0.16491833
66880,L6 IT,0.009596884,-0.26326028
180588,Vip,0.34538972,-0.006823808
157381,Endo,0.059608698,-0.16870725
47444,PVM,-0.3250168,0.18430525
180557,L4/5 IT,-0.28032362,0.028781295
157443,L4/5 IT,-0.3072214,0.0042356253
66772,L5 IT,0.032115817,-0.12555808
157500,L5 IT,0.17598313,-0.06072113
180401,L4/5 IT,0.022851288,0.19177759
180353,L4/5 IT,-0.06289306,0.20346683
157558,Astro,0.15717667,0.24450088
157678,Peri,0.32189757,0.15151447
157682,L4/5 IT,-0.3165071,0.00019842386
180179,Astro,-0.29948413,0.28788364
180143,L6 IT,0.0878337,-0.33172762
157861,L2/3 IT,0.40065372,-0.06932098
157901,L4/5 IT,0.13112271,0.13096166
180094,L5/6 NP,-0.08839348,-0.06582555
157974,PVM,-0.42207468,0.12767577
47748,L6 CT,-0.078404486,-0.15702108
157993,Pvalb,0.15978211,0.30343133
47754,OPC,0.13443297,0.26907825
47776,L5 IT,-0.018111318,-0.17867231
158321,L2/3 IT,-0.39399108,0.17201877
157153,L2/3 IT,0.098914444,0.28862685
48310,L5 ET,-0.09217754,-0.13444409
66392,L2/3 IT,-0.38252556,0.16844434
159225,L4/5 IT,-0.15907761,0.18699008
48888,L6 IT,0.0018621683,-0.3139369
159262,L2/3 IT,0.067292154,0.32074583
159265,L6 IT,-0.042844534,-0.014947742
178545,L6 CT,0.07261294,-0.2983103
48934,Vip,0.40233916,0.045270085
48944,L2/3 IT,0.13474375,0.26440287
178515,L2/3 IT,0.022458494,0.25870168
48970,L4/5 IT,0.27977002,0.004922986
66032,L6 IT Car3,-0.017109096,-0.3073055
159294,L4/5 IT,0.046276927,0.17635983
66029,L2/3 IT,0.19112188,0.14154613
49105,L2/3 IT,0.024752617,0.29684418
178763,Endo,-0.0180161,-0.1243566
178411,PVM,-0.061572075,0.3812458
65800,Peri,-0.286498,-0.040447295
159424,L6 IT,0.08403295,-0.2914762
159476,Endo,0.35267484,-0.042478204
49327,L2/3 IT,0.029210389,0.33703673
159502,Endo,-0.0006210506,0.10215634
65727,L4/5 IT,-0.28657025,0.11310822
178205,L2/3 IT,-0.23793894,0.29529154
178192,Endo,-0.3096254,0.36863303
178161,Astro,-0.019936621,-0.29735368
159700,VLMC,0.46703756,0.049543142
178100,Micro,0.027591527,0.2457043
178084,L2/3 IT,0.45031047,-0.035549372
65523,Astro,0.3782736,-0.09868181
49192,L6 IT Car3,0.007816792,-0.22357765
178780,Endo,0.084102094,0.0668056
178803,L5 IT,-0.1460447,-0.05267456
159186,Astro,0.083817124,0.099229634
48400,L6 CT,0.09731138,-0.2848463
179228,Oligo,-0.018746883,-0.32129383
158434,L6 CT,-0.07861161,-0.27162388
66370,Endo,-0.17914176,0.21043438
158461,L6 IT,0.09163654,-0.36023897
66297,Endo,0.4702922,0.027536094
66265,Endo,-0.20260602,-0.17775372
158569,L5/6 NP,-0.16097236,-0.17493293
48453,Endo,-0.015822321,0.16888607
66162,L2/3 IT,-0.1904358,0.3099664
48480,PVM,0.07026225,0.19958371
66155,L4/5 IT,0.025398314,0.1601317
179111,L2/3 IT,-0.16974324,0.33933353
179068,L2/3 IT,0.39552367,-0.0028965473
48501,L4/5 IT,-0.10492197,0.1531505
178981,Peri,-0.29581708,0.3256343
66105,L2/3 IT,0.20478582,0.21294868
48556,Endo,0.19713116,-0.048885673
158856,L6 IT,0.029149652,-0.27571577
48654,Endo,-0.26427582,0.44839567
178915,L6 IT,0.16935807,-0.24378043
158957,L4/5 IT,0.12037051,0.07695842
48660,L2/3 IT,0.1644187,0.11639118
48670,Endo,0.07191038,0.14972037
48686,Astro,0.3990187,-0.08958709
159007,Micro,0.065312624,0.27878487
48762,L2/3 IT,0.033878803,0.31065202
66052,L2/3 IT,-0.34960383,0.15566534
159162,L2/3 IT,0.38390195,-0.024861664
66396,L2/3 IT,0.34905505,-0.0009635985
183347,L4/5 IT,-0.3352062,0.010121703
157145,L6 IT,0.0027108192,-0.20279363
47218,Sst,-0.19349468,-0.09126857
182813,L6 CT,-0.12106153,-0.14011621
68586,Astro,-0.26075917,0.10362035
182782,Endo,0.27930075,0.17664176
68557,L6 IT Car3,-0.062014163,-0.31923583
45423,Astro,-0.087894976,-0.0982196
68506,L2/3 IT,0.105690956,0.2327773
45523,L4/5 IT,0.1013847,0.09100884
68413,L2/3 IT,0.42843485,-0.03275758
45661,L5/6 NP,-0.019786626,-0.20668995
68394,Peri,-0.19418132,0.30652314
155844,L5 ET,-0.17223793,-0.17223161
155863,Lamp5,0.38955545,0.11771023
68343,L6 CT,-0.027732283,-0.1346209
182825,L2/3 IT,-0.07205546,0.23865956
45746,PVM,0.16282445,0.32451516
45809,L6 IT,0.314377,-0.16051108
68326,PVM,0.07261783,0.38987345
68164,L5 IT,0.070723474,-0.048096806
68085,PVM,0.012406111,-0.30478156
156027,L5 IT,-0.14241153,-0.001885891
182430,L6 IT,-0.011742294,-0.06367326
182425,Astro,-0.15102708,-0.23323622
45884,OPC,-0.01861155,-0.3837318
182399,L2/3 IT,-0.3864541,0.113031805
182394,L6 IT Car3,-0.013369322,-0.26784897
45907,L4/5 IT,-0.16100997,0.2370807
182299,Astro,0.048358202,-0.16982189
45919,L5 ET,0.22064513,-0.25830495
155918,L2/3 IT,0.068985105,0.20644236
68799,L2/3 IT,0.28302425,0.13890523
45316,Endo,0.1827724,0.1134876
182850,Sst,-0.110441715,0.30413502
44799,L4/5 IT,0.30000722,-0.027145416
183330,L2/3 IT,0.384346,0.031049788
154831,L2/3 IT,-0.29275846,0.32107913
44804,PVM,-0.1669262,-0.25856155
154841,L2/3 IT,-0.32055902,0.2859708
44939,L5 IT,-0.09271371,-0.3271604
154902,Peri,-0.13505697,0.2669165
69327,L2/3 IT,0.04837334,0.2649153
154995,Pvalb,-0.061962575,0.15682161
183278,PVM,-0.3819155,0.35413617
69296,Endo,0.050268352,0.4089849
183267,Endo,0.2325998,0.11052382
183222,L4/5 IT,0.06693733,0.13274753
69222,L6 CT,0.011251032,-0.18644592
183190,L2/3 IT,0.138444,0.25693285
183169,L2/3 IT,-0.31863672,0.28106308
155109,Lamp5,0.06617957,-0.27566153
69183,VLMC,0.46299857,0.060472608
155169,L2/3 IT,0.35293984,-0.0043826103
69031,L2/3 IT,-0.06612426,0.31395155
69011,Astro,-0.44895518,0.16437715
68982,Endo,-0.154877,0.07041001
155340,L4/5 IT,-0.31009683,-0.09020847
155406,L6 IT,0.15522408,-0.2972695
68864,L6 IT Car3,-0.10323015,-0.20907018
182977,VLMC,0.43016165,0.10103178
45210,Micro,-0.023222893,-0.1387234
155407,Pvalb,-0.02925098,-0.07421249
155415,PVM,0.4128353,-0.098299235
156087,Endo,0.2016725,-0.06922194
180899,OPC,0.16939181,-0.066415966
182267,Pvalb,0.12374115,-0.09673196
67745,L2/3 IT,0.06979835,0.19521165
67243,Peri,-0.21875626,-0.11475593
181427,PVM,0.046694636,0.39723372
181418,PVM,-0.31913143,-0.11436778
156848,L6 CT,-0.017008811,-0.21623522
156894,L5 IT,-0.18432406,-0.04433155
181318,Vip,-0.3402093,0.13164562
46837,L5 ET,0.20807546,-0.10119474
46854,Endo,0.3394212,-0.16401815
181286,L4/5 IT,0.30771524,-0.13582847
67187,L4/5 IT,0.27606857,-0.03278479
156944,L6 IT Car3,-0.16427958,-0.21458882
181264,Endo,0.13236582,0.27795976
46942,Lamp5,-0.083479315,0.26238883
181438,Oligo,0.23457265,-0.27460864
181240,L2/3 IT,0.27114248,0.061869085
46999,L2/3 IT,0.40045428,-0.021195173
47012,Endo,-0.15304929,0.3061338
181159,L6 CT,0.0044092536,-0.18637407
47034,L6 CT,0.11996871,-0.31937096
47046,L2/3 IT,0.33262283,0.033868432
181105,OPC,-0.20142573,-0.20905966
157109,L4/5 IT,-0.32197422,-0.0210523
47053,L4/5 IT,0.357306,-0.16641814
180994,L5 ET,-0.022587389,-0.0324699
157113,L2/3 IT,0.27826637,0.15696812
47147,L2/3 IT,-0.40405613,0.06272656
180968,Pvalb,0.3052237,0.05541426
157132,Peri,0.0033876896,-0.11091161
181230,L6 IT,-0.03567937,-0.20958602
46725,Sst,-0.23579803,-0.116054356
46658,Micro,0.18531966,0.099704266
46637,Micro,0.028535187,-0.27213746
67726,L4/5 IT,0.21852583,-0.008765638
46132,L2/3 IT,-0.29294705,0.24202299
156371,L2/3 IT,-0.060180813,0.33675152
182033,Astro,-0.19388288,0.38398093
67669,Endo,-0.02462697,0.40184993
67660,Endo,0.067560434,-0.2690953
67636,L2/3 IT,0.010036886,0.31698567
67530,L6 IT,0.16429055,-0.15327463
156500,Endo,0.07929683,0.24282074
67404,L6 IT,0.076996684,-0.07224381
46291,L2/3 IT,0.43527323,-0.056302756
46321,L6 CT,0.040992558,-0.22808424
67401,Peri,0.022711396,0.151999
67384,L5 IT,-0.18359,0.06612158
67374,Endo,-0.26880407,-0.037543386
67365,L4/5 IT,0.1783042,0.05714357
67348,OPC,0.16867965,0.070999265
46413,L6 CT,0.14075601,-0.3067428
156657,L4/5 IT,0.03689742,0.17627364
156665,L6 CT,-0.0079550445,-0.19034061
156673,L2/3 IT,-0.19949037,0.3196873
181637,Astro,0.20240462,-0.25937316
181620,L4/5 IT,0.37538218,-0.12100977
46483,L5 IT,0.10945439,0.04036957
46519,Micro,0.0017806292,-0.08738753
156729,L2/3 IT,-0.14862719,0.34919494
181551,Pvalb,0.08885372,-0.18556756
156742,L2/3 IT,0.115450144,0.22031903
181529,L2/3 IT,-0.28137052,0.40198714
182155,Sst,0.24243319,0.0818764
22643,Endo,0.20559049,0.30580825
58313,L5 IT,-0.06923208,-0.059477508
225173,L5 IT,0.21368992,-0.09565151
4969,Micro,-0.024751604,0.13957083
222100,Astro,-0.19320607,-0.26522297
233442,Endo,-0.24475613,0.3681119
233448,Sst,0.18921721,-0.04030201
233449,L5/6 NP,0.2896251,-0.16914502
222056,L2/3 IT,-0.28916007,0.30809855
233451,L5 ET,-0.20351961,-0.042322785
122171,Astro,-0.120247096,-0.16093779
222014,Sst,0.016542673,-0.2037623
13979,L2/3 IT,0.05664289,0.29595757
95515,L4/5 IT,-0.115608454,0.16976213
14072,OPC,0.23840153,0.22773492
221966,L5 ET,0.096499085,-0.025103599
112676,L6 CT,0.19970864,-0.20057458
122228,L4/5 IT,0.16073406,0.081437945
122275,L5 ET,-0.22422814,-0.1575478
14137,VLMC,0.23642832,0.2762432
104195,PVM,0.10297531,0.38295358
14269,L2/3 IT,0.38715142,-0.037559837
14281,L2/3 IT,0.35558367,-0.029837132
122350,Vip,-0.3773077,0.2163114
233402,L4/5 IT,-0.29266423,-0.05023253
221810,Astro,-0.23172712,0.21068907
4979,Astro,-0.32814896,0.08566767
104180,PVM,-0.26816797,-0.17181599
13680,L6 CT,-0.11403066,-0.14621463
233177,L6 IT,-0.15146202,-0.28087372
222401,PVM,-0.42081487,0.3416531
104024,Endo,0.09221023,-0.38530287
112852,L6 CT,-0.02721414,-0.05701813
112846,SMC,-0.14606342,0.09069455
5302,L6 IT,0.16905892,-0.33507842
222342,Oligo,0.10230744,0.098593
121682,Sst,-0.14039135,0.34454137
222229,L4/5 IT,-0.26375136,0.04227096
112839,L5 ET,0.10098624,-0.13552848
112801,Astro,-0.06278598,-0.05068755
95958,VLMC,0.08520317,0.3937984
222195,L2/3 IT,-0.2530071,0.24388665
104136,L4/5 IT,-0.22280937,0.23544747
95940,Peri,0.41822398,-0.07811391
233289,L6 IT,-0.113428354,0.029419601
95918,Astro,0.29217154,0.05935687
233324,OPC,-0.13422978,0.04265994
5012,L5 IT,-0.12959397,0.09380156
13884,L6 IT,0.21787411,-0.19220233
95861,L2/3 IT,0.19382745,0.22683984
221802,L2/3 IT,-0.23379293,0.31028008
4916,L5 IT,-0.099069655,0.08010453
221729,Astro,-0.34248823,0.0504573
14693,L6 CT,-0.077833354,-0.24859154
221402,Peri,-0.06090048,0.42395914
122634,Endo,0.10216606,0.37508357
221391,Astro,-0.05259669,-0.22926751
4706,Astro,0.14931875,-0.089481294
94998,L2/3 IT,0.15494889,0.16713238
233798,L2/3 IT,0.0020489097,0.35169435
14734,L5 IT,-0.2635505,-0.016938746
233804,L6 IT,0.21174228,-0.2167525
112446,L6 CT,0.036372244,-0.2782796
221248,L4/5 IT,0.19030303,0.08947724
94993,Endo,-0.1299223,0.4291833
94987,Sncg,0.4651693,-0.04178554
4630,L4/5 IT,0.04344684,0.15349048
94959,SMC,-0.086624056,-0.03246063
122748,L5 ET,0.11016613,-0.16095531
14780,L6 IT,0.1850326,-0.27753696
94935,L4/5 IT,0.3349691,-0.06364524
233838,OPC,-0.26710552,0.20919913
122785,L4/5 IT,0.28557956,-0.11229426
221133,L4/5 IT,0.04632038,0.14942044
221429,L4/5 IT,-0.03664279,0.22905403
14666,L4/5 IT,-0.14708722,0.19946975
233678,L2/3 IT,0.41044337,-0.09145123
221466,L2/3 IT,0.41460115,0.0048348308
14357,Endo,0.24407595,-0.15332928
112637,VLMC,0.07362777,0.4033205
14399,Astro,-0.40002096,0.12259358
122359,Oligo,0.15916169,0.36740524
14481,Endo,-0.027185142,0.41625303
14484,VLMC,-0.46459246,0.26527405
122367,L4/5 IT,0.2818997,-0.038387865
14498,Endo,-0.22983065,-0.012072146
112580,L2/3 IT,-0.24235308,0.27166253
221603,Endo,-0.301364,0.01619178
96020,L2/3 IT,0.17344123,0.21918488
14564,L2/3 IT,-0.20832586,0.31667793
4733,L2/3 IT,-0.253856,0.30146062
95185,L6 CT,0.089146435,-0.32272404
122497,Oligo,0.15103579,-0.24658799
122507,Micro,0.062246323,0.15230817
122533,Oligo,-0.042117536,-0.2993036
221547,L5 ET,-0.21896568,-0.21069631
221532,Micro,0.14918447,-0.05766231
122563,Astro,-0.06300712,-0.2883128
221517,L2/3 IT,-0.3240646,0.32423335
14599,Astro,-0.15881002,-0.28408855
95215,Astro,-0.42629948,0.2273649
121602,Micro,-0.38407463,0.10636634
96050,L2/3 IT,-0.105819464,0.27144182
121551,L2/3 IT,0.09531814,0.27115345
12939,L4/5 IT,-0.053610623,0.17104512
223311,L5/6 NP,-0.07249594,-0.15087762
96684,Pvalb,-0.17417046,0.29216325
13008,L4/5 IT,0.39053887,-0.06263736
120837,L2/3 IT,0.2123208,0.19382435
13018,Astro,0.13866001,0.3216151
13027,L4/5 IT,-0.3179528,0.027732372
232796,Peri,-0.20411977,-0.21189567
223241,Oligo,0.1596638,-0.05317658
113218,L2/3 IT,0.39193958,-0.11350697
223225,Vip,-0.22921798,0.21266788
120844,L2/3 IT,0.40242493,-0.08551648
96665,VLMC,-0.16775969,0.46170682
5610,Endo,0.06526673,0.21955109
120939,L4/5 IT,-0.16569048,0.18726313
120951,L6 CT,0.054481745,-0.17748746
5592,L4/5 IT,-0.019116014,0.17778206
120977,OPC,-0.21094349,0.30651492
121003,L6 IT Car3,-0.10839829,-0.22637886
121064,L2/3 IT,-0.285039,0.26111943
113215,L2/3 IT,-0.19151315,0.36047167
96736,L2/3 IT,-0.042450994,0.26875496
223381,Peri,0.09282112,0.14436376
5645,L5 IT,0.09104109,-0.00023052096
96774,Vip,0.3546816,0.013277888
97059,L4/5 IT,-0.20225614,0.21681947
232640,Oligo,-0.029594213,-0.3470685
223738,L5/6 NP,0.1741693,-0.2141966
97057,L2/3 IT,0.4032992,0.047289968
12778,L4/5 IT,-0.3168438,-0.007081181
5808,Astro,-0.087893605,0.3616224
12816,L2/3 IT,0.09595704,0.1809035
5796,Astro,-0.061942816,-0.107482016
223647,L6 CT,0.15174162,-0.26428825
103534,VLMC,-0.1946153,0.48672873
223043,L2/3 IT,0.44726646,-0.023118824
120507,PVM,-0.4625895,0.25618094
5719,L2/3 IT,0.15497094,0.25741243
97019,L2/3 IT,0.37823218,-0.050085098
103545,Astro,-0.007480383,-0.30344266
223608,L2/3 IT,0.06012076,0.32540435
113409,L6 CT,0.096569836,-0.27489024
103649,L6 IT,0.12289351,-0.09539279
96899,Micro,0.0035219789,0.18092579
113307,Astro,-0.1573011,0.10289836
12903,L5 IT,-0.18942866,-0.051930845
96845,OPC,-0.038852155,-0.13998747
113412,Peri,0.17966813,0.062262118
233869,L6 IT Car3,-0.20139673,-0.20952299
223038,Pvalb,-0.055440485,-0.1889438
113145,Pvalb,-0.11250645,-0.22461778
222720,L2/3 IT,-0.28243458,0.22492343
121326,L2/3 IT,0.40431064,-0.015816152
13488,Oligo,-0.11676571,0.1479122
5412,L2/3 IT,0.4372341,-0.0040188134
96198,L4/5 IT,0.33930427,-0.15315536
121385,L5 IT,-0.24291396,-0.05905056
112961,L2/3 IT,0.1666944,0.23045516
222592,L6 IT,0.1513735,-0.2639972
233059,L6 IT,0.08256137,-0.32952985
121410,Astro,-0.105670005,0.3645571
112948,Astro,0.050337434,0.39911473
222577,L5 ET,-0.1089285,0.060950816
233083,L6 CT,0.13274717,-0.23115423
103973,L2/3 IT,0.04175055,0.26799434
5387,PVM,0.19379127,0.08874619
222567,Astro,-0.06779322,-0.4066032
96144,L6 CT,-0.08843711,-0.08912873
96097,L2/3 IT,0.400895,-0.065642774
121510,Pvalb,0.3255257,-0.15017974
233159,L4/5 IT,-0.31141394,0.13211942
96057,L2/3 IT,0.039882243,0.23377377
222727,Sst,0.04072416,-0.14049605
222738,L6 IT,0.083502054,-0.2077752
96229,L5 IT,0.052079618,-0.026543379
222749,L6 IT Car3,-0.051808894,-0.29295087
13076,L4/5 IT,0.024102092,0.16532058
121111,Lamp5,0.11540151,0.36791843
13135,L2/3 IT,-0.38433754,0.14664966
13139,L6 IT,0.19552433,-0.22032163
13159,L6 CT,0.18754965,-0.23431057
113086,Endo,-0.44299018,0.25650418
113067,Sst,-0.032182366,-0.07338193
222922,L2/3 IT,-0.30264512,0.28071564
232999,L2/3 IT,-0.20716476,0.30599952
121188,Lamp5,0.25753707,0.2492044
5513,Astro,0.09737551,0.34622103
233008,L6 IT,-0.077776134,-0.024330676
103910,Astro,0.1844039,0.090673625
233028,L2/3 IT,0.05195266,0.21107948
13284,Endo,0.09015322,0.1321798
222819,SMC,0.18795228,0.10741639
96269,L2/3 IT,0.39461315,-0.07163459
5440,L6 CT,-0.040913522,-0.24054354
13328,L5 ET,-0.26656216,-0.15838471
5431,L2/3 IT,0.10818684,0.3267243
222784,L2/3 IT,-0.31102908,0.25864905
13346,Oligo,-0.026123136,-0.42456034
222876,Micro,-0.15266922,0.33651567
221125,L2/3 IT,0.05321461,0.31310856
122803,L2/3 IT,-0.2430337,0.33079922
221096,Lamp5,0.09588814,-0.25957835
124341,L2/3 IT,-0.39701873,0.123467624
3785,PVM,-0.36836785,-0.066013485
124351,L2/3 IT,-0.24433056,0.3617037
235035,L2/3 IT,0.18536407,0.22615182
219242,Peri,0.19431221,-0.115974545
105038,L2/3 IT,-0.2035358,0.24546278
124383,OPC,0.2555371,-0.15948251
124401,SMC,0.0668273,0.19000053
93746,Oligo,-0.015933692,-0.32806253
219195,L5/6 NP,0.17571127,-0.23225933
16357,Astro,-0.097329706,-0.16442147
219162,Peri,0.13483262,0.0848887
16359,SMC,-0.14722973,0.016116917
16385,L2/3 IT,0.3079304,0.12780535
105108,Oligo,0.1971178,-0.13242847
219127,L2/3 IT,0.1429202,0.2421425
16422,L6 IT,-0.022473305,-0.21074489
93742,L2/3 IT,-0.37017417,0.1690532
3768,L5 IT,-0.05421582,0.092999935
235094,L6 IT,0.083661735,-0.059155375
235106,Astro,-0.30984145,-0.03064096
234979,L2/3 IT,0.09369123,0.22444779
219285,Micro,-0.13166693,0.06963396
93801,Micro,-0.06354153,0.44521105
111829,L6 IT,-0.0194965,-0.05619636
111881,L6 CT,0.13047403,-0.22795269
104974,L2/3 IT,0.40214038,0.07252759
234817,Vip,-0.13544422,0.30541158
124205,L6 IT,0.112903,-0.06589827
234822,L2/3 IT,-0.07450768,0.35728085
3860,Lamp5,0.2311858,0.039855123
219491,L6 CT,0.015381157,-0.29235914
234847,L2/3 IT,0.36764556,0.0411191
219435,L6 IT,-0.051882118,-0.17967078
93910,L4/5 IT,0.15633887,0.12548703
3715,L2/3 IT,-0.12208867,0.3705514
3855,Pvalb,-0.08373672,-0.11593661
219381,L2/3 IT,0.2460118,0.18368745
234862,L5/6 NP,0.22955155,-0.2092273
111858,L6 IT,-0.21149611,-0.13020349
16289,L4/5 IT,0.065867245,0.09565741
105031,L5 IT,-0.07532814,-0.024663031
219353,L6 IT,0.17047155,-0.16697997
219335,Endo,-0.117097795,-0.19983748
124308,L2/3 IT,0.41210896,-0.012051672
93843,L6 IT,0.14857572,-0.16442654
16292,L4/5 IT,0.065647125,0.13132113
234850,L4/5 IT,0.10661942,0.08836466
104944,Astro,-0.12585908,0.13651294
105199,L2/3 IT,0.37967515,0.050631225
219013,Oligo,-0.047578186,-0.36109638
105232,Oligo,-0.07580057,-0.07132611
218661,L6 CT,0.13883704,-0.2666248
235280,SMC,0.23620278,0.28271747
105289,L6 IT,0.13547564,-0.22537291
124751,Micro,-0.2962466,0.2933228
235319,L4/5 IT,-0.3247235,0.09220499
16718,L6 CT,0.15059114,-0.14780742
3523,L2/3 IT,0.18230754,0.18932045
235328,Astro,-0.13169539,-0.11939639
93413,L5/6 NP,-0.20877832,-0.02620998
218524,Lamp5,-0.45540357,0.21523798
218523,VLMC,0.12503433,0.38637424
218521,Pvalb,0.43134105,-0.09452957
16746,Pvalb,0.0422979,0.13713115
105296,Oligo,0.2509187,-0.13306773
16773,Endo,-0.050011694,-0.27441132
218486,Peri,0.30848032,0.005640805
93384,L2/3 IT,0.33570218,0.008868277
235441,Peri,0.057641447,-0.16013694
16802,Endo,0.12935758,0.33871704
218350,Oligo,0.19685256,-0.21859136
218669,L6 IT,-0.02392,-0.22387135
218682,L2/3 IT,-0.29440367,0.24326384
218704,L4/5 IT,-0.13979232,0.14719057
93568,Astro,-0.19383544,0.45978934
218985,Pvalb,-0.0252904,0.2883377
124481,Lamp5,-0.23697451,0.28099442
16470,L2/3 IT,0.40447295,-0.008173853
105216,L2/3 IT,-0.2561155,0.38471425
93635,Micro,0.21612817,-0.27366096
111720,L2/3 IT,0.40253913,0.0029661655
93617,L6 IT,-0.069548845,-0.057557434
93589,L5 IT,0.28758752,-0.17118931
3673,Sst,0.013549566,-0.1175116
124615,L2/3 IT,-0.13290542,0.36301214
219015,L5 IT,-0.29698175,-0.09662604
105218,L2/3 IT,0.35582918,0.0175066
218832,L2/3 IT,-0.3382355,0.24519038
111708,L2/3 IT,0.021637976,0.33803254
3641,L5 IT,-0.21088725,-0.08247912
16583,L5/6 NP,-0.10053444,-0.32873678
16595,Pvalb,-0.07889381,-0.28272465
218782,L2/3 IT,0.3741299,-0.06929746
124682,L6 CT,-0.19071877,-0.20224899
218748,L2/3 IT,-0.07104409,0.33611304
218747,L6 CT,0.10418326,-0.17599204
93573,Astro,-0.13134393,0.31875885
218846,L2/3 IT,0.17635602,0.2449637
12731,Endo,0.3091269,-0.018039405
3885,Peri,-0.0003362298,0.35323346
219570,L2/3 IT,0.028906465,0.32974988
234157,Astro,0.045515954,-0.3913887
220552,SMC,-0.19034532,0.07423365
94643,L2/3 IT,0.11614925,0.22746843
234185,L2/3 IT,0.40485358,-0.024176449
4351,Pvalb,0.1701135,-0.015140057
94589,Pvalb,-0.006181568,-0.37799704
4312,L4/5 IT,-0.30825776,0.032357395
94585,PVM,0.010818481,0.15966195
220474,Lamp5,-0.27148452,0.27968246
123435,Peri,0.05434996,0.12003642
4265,Astro,0.031637967,0.3742668
94538,Astro,0.42115808,0.09766847
4262,Sst,-0.21620429,0.29550916
15389,Pvalb,-0.20788273,0.26374513
4228,L6 CT,-0.13778645,-0.209207
112250,L4/5 IT,0.1563853,0.10107207
94499,Astro,0.5,0.010290027
94478,Astro,0.25068426,0.14978135
220381,Astro,-0.4184677,0.21449864
234330,SMC,0.21929616,0.25585163
123582,L6 CT,-0.017784089,-0.29187304
112315,Astro,-0.22026128,-0.2767703
4447,L4/5 IT,-0.26844537,0.10949218
220589,L4/5 IT,0.3663507,-0.12939727
220608,L2/3 IT,0.37039405,0.056989133
4585,L5 IT,-0.0867137,0.029142678
233927,L2/3 IT,0.33155066,0.0160442
94888,L4/5 IT,0.3807553,-0.1275746
4507,Oligo,0.2834503,-0.12827677
4491,Astro,-0.08226821,0.06180638
233975,L6 CT,0.17642564,-0.30741274
220937,Micro,0.06783086,0.22911769
94839,L2/3 IT,0.12743396,0.29281932
14878,L2/3 IT,-0.40090114,0.13490158
220894,Oligo,-0.18093985,-0.057181716
112196,Astro,-0.018796742,0.23071021
4475,Astro,-0.23253608,-0.23585072
220857,Endo,0.07115698,0.29209882
234017,Astro,-0.34728527,0.22199559
14947,L5 IT,0.12414873,-0.047023952
220756,L5/6 NP,0.30108154,-0.16844738
14948,L6 IT,-0.13618848,-0.06876469
123115,L2/3 IT,0.21213484,0.2005443
123118,L2/3 IT,0.1323446,0.24965674
220685,Astro,-0.21972156,0.080358505
112320,L2/3 IT,-0.35613942,0.19760716
94748,Pvalb,-0.14827174,0.100661755
4474,Endo,0.08059704,0.15817928
124132,Endo,-0.08054122,-0.24019623
123589,Oligo,0.115490615,-0.18789148
15651,Endo,-0.122508496,0.008204043
3990,L2/3 IT,0.32464093,0.009239137
16030,L4/5 IT,0.081255674,0.13809252
16039,Astro,-0.19493634,0.45945513
111965,Micro,0.34426916,-0.062024593
104876,VLMC,0.17129642,0.35082722
16062,L5 IT,0.22806251,-0.2080718
234732,L2/3 IT,0.3948955,0.016382754
123961,L6 CT,0.026904047,-0.17727566
219788,SMC,0.15180296,0.3522809
111939,Oligo,0.13922763,-0.11430135
3917,Astro,0.0145487785,-0.32856494
16121,L5 IT,-0.17120183,-0.015054315
124092,L6 CT,0.04621929,-0.2371557
124107,Oligo,-0.16206428,0.028982937
234742,L6 IT,0.26630884,-0.1847263
104910,L5 IT,-0.05615571,-0.2843408
16189,L6 IT,0.10105336,-0.16068175
16204,L4/5 IT,-0.30823857,0.048829496
219652,Endo,0.088264406,0.40161544
219619,L4/5 IT,-0.1671572,0.20277852
124129,L4/5 IT,0.17400533,0.07005525
15993,L6 CT,-0.11958814,-0.23287112
220026,L2/3 IT,-0.00140059,0.31718093
112022,L4/5 IT,0.046269834,0.14626199
220083,L4/5 IT,-0.09983373,0.1944536
234432,L5 IT,0.088976085,-0.046100646
123648,L4/5 IT,0.16524339,0.070010066
15730,L6 CT,0.011359751,-0.15298745
112134,Astro,0.28880638,0.10414767
123680,L2/3 IT,0.10268444,0.18174237
15790,OPC,-0.29965824,0.4073348
94375,Astro,-0.22206628,-0.11006397
94326,L6 IT,0.08353692,-0.31894952
220224,L2/3 IT,0.30617946,0.13912076
4105,L5 IT,0.058980346,-0.087253034
94383,Astro,0.036967456,0.37328076
234533,L5 ET,-0.123414636,-0.21810651
104786,L2/3 IT,0.31681794,0.081843555
15949,OPC,-0.3719911,0.06489557
4034,L6 IT,0.07608467,-0.23282182
234590,Peri,0.19743818,0.08477014
15963,L6 IT,0.09145242,-0.06300062
123902,Peri,0.20343632,-0.13594383
104797,Astro,0.20215464,-0.27240047
220144,L6 CT,-0.06912094,-0.28436863
234636,L4/5 IT,-0.29257947,0.18566686
220109,Endo,0.029089928,0.16559994
94305,L2/3 IT,-0.1760157,0.291003
93286,L2/3 IT,0.1290083,0.20374268
12660,Astro,0.043478966,-0.10723904
223827,L6 IT,0.0022686124,-0.21511954
227506,Pvalb,0.08862001,0.07921398
9667,L2/3 IT,0.31381404,0.02979368
227492,Oligo,-0.22390732,-0.13305613
117670,VLMC,0.2943406,0.23845994
99723,L4/5 IT,-0.29917604,0.015324235
99683,L2/3 IT,0.11858195,0.20301205
101938,L4/5 IT,0.34719443,-0.1734434
230522,Astro,-0.05704549,-0.090141356
99660,Vip,0.22665912,0.19725955
7342,Sst,-0.1258595,0.17117274
99577,L4/5 IT,-0.11486313,0.1534254
99565,VLMC,0.18332833,0.33152735
9758,OPC,0.2597806,0.2374382
99503,Micro,0.1540901,-0.14790714
230561,L5 IT,-0.18878627,-0.045776695
227278,L6 CT,-0.12586221,-0.115531534
227240,Astro,-0.29230845,-0.06606528
99396,VLMC,-0.47513115,0.26749372
117974,L2/3 IT,0.09497404,0.29074776
117992,VLMC,0.24930269,0.28716546
9814,Vip,-0.30798036,0.23509896
99766,Astro,0.15754241,0.29894876
115326,L6 IT,0.1365574,-0.24449548
230489,L2/3 IT,0.27736133,0.19059569
99772,L5 IT,0.33847314,-0.17277822
227829,Pvalb,0.114551365,0.09196484
230339,Micro,-0.03939283,-0.32761613
7500,L2/3 IT,0.027985156,0.33942157
230398,L5 ET,0.12615383,-0.0652318
115516,Pvalb,-0.11325255,0.19143993
115486,L4/5 IT,-0.20122942,0.2037009
230415,L2/3 IT,0.38579422,-0.0060390234
115483,OPC,-0.14254925,0.3548289
99895,L2/3 IT,0.06406242,0.25878185
227720,L2/3 IT,-0.165301,0.3607124
9569,L2/3 IT,0.04168731,0.24133664
227707,L4/5 IT,-0.059503824,0.27217984
101844,L2/3 IT,0.0022135377,0.28423858
227666,Lamp5,0.4174646,0.01892829
115375,L5 IT,-0.2575636,-0.14475998
230459,L6 CT,-0.18461034,-0.28835517
227601,L5 IT,0.24906611,-0.10320148
230460,L5 ET,-0.22996119,-0.14497638
9615,L6 CT,0.14638126,-0.27284753
230470,L2/3 IT,0.31483543,0.073768675
227537,L5 IT,0.13228625,0.01818657
7414,Astro,-0.3966608,0.19579202
227175,OPC,0.15809059,0.098183274
227165,Peri,0.19441491,-0.10340744
118016,L2/3 IT,0.014083862,0.3339138
7097,L6 IT,0.038588226,-0.21915022
115063,Astro,0.25691533,0.20923698
7058,L4/5 IT,0.08621037,0.1557203
115049,Endo,0.021326005,-0.12437421
99237,Vip,0.3235042,0.114866495
99178,Astro,0.051035643,-0.14697078
118304,Astro,0.13987625,-0.19075549
230887,Astro,0.0883075,0.3731615
114995,L6 IT,0.064542234,-0.03424841
226687,L2/3 IT,0.05460298,0.2332139
6900,Pvalb,0.02555871,0.12149477
226656,OPC,-0.1790263,0.28587484
10092,L5 IT,-0.08055052,0.029893935
230935,Lamp5,0.051421702,-0.3388719
10136,Micro,-0.1308471,0.17096168
114798,L5 IT,0.040857375,0.09512675
118416,L4/5 IT,-0.057676375,0.13118386
114797,L6 CT,0.037562728,-0.2608
226590,SMC,0.0076949,-0.011765957
98944,OPC,-0.17919075,0.14688379
230978,Micro,-0.0061794817,0.14226013
226847,Astro,0.35504526,0.02221489
226871,Endo,-0.08711788,-0.40978017
118183,L4/5 IT,0.37759155,-0.10890645
118145,L2/3 IT,0.13526845,0.28636277
227113,L2/3 IT,0.2706433,0.16978455
7341,L2/3 IT,0.2861961,0.051689565
227083,L4/5 IT,0.101643324,0.16162431
115325,L2/3 IT,0.23791057,0.1479258
227073,L5 ET,-0.14999321,-0.17585975
227047,Astro,-0.12080562,0.4072265
102054,L4/5 IT,-0.24434462,0.16698557
9835,Astro,0.17595565,0.21770239
115286,L6 IT Car3,-0.28675655,-0.096645445
226993,Lamp5,-0.4094532,0.30803
9546,L2/3 IT,-0.3311009,0.20913213
115234,Astro,-0.4626662,0.25062704
102152,Astro,-0.061294556,-0.19660455
9925,Astro,0.073889434,0.4175083
99322,PVM,-0.20844007,0.16154528
9945,Astro,-0.17801672,0.33300406
226953,Peri,0.026058853,-0.36619464
102224,L6 IT,0.07199168,-0.08140576
226948,L5/6 NP,0.24984217,-0.14326781
118129,L5 ET,0.18511933,-0.25451207
115151,L4/5 IT,-0.12402469,0.16434723
226890,Oligo,0.17150646,-0.06094885
118055,Astro,0.31925476,0.18209445
100020,Micro,-0.123695165,-0.2568522
227876,Pvalb,0.061677754,0.015741885
227878,Astro,-0.31285858,-0.032622904
229074,L4/5 IT,-0.30330995,0.19878191
229050,VLMC,-0.16296956,0.4782617
100580,L4/5 IT,-0.009382188,0.20502478
8320,L4/5 IT,-0.110804975,0.24872166
8338,Endo,0.092457,0.35192406
228927,L2/3 IT,-0.07655209,0.25092798
228924,Endo,-0.0107809305,0.15806472
8429,Lamp5,-0.118115395,0.45444554
7994,L4/5 IT,0.09966487,0.13548219
101266,Sst,-0.37083605,0.08290619
229758,Endo,-0.24694419,0.17250454
100407,Astro,-0.39378625,0.16096073
7964,L2/3 IT,0.38181818,-0.084864706
8602,L2/3 IT,-0.3657859,0.081780255
101272,Lamp5,0.43574965,-0.035345525
100347,Vip,0.13154173,0.11744857
116712,L5 IT,-0.045073926,-0.08798048
7816,L2/3 IT,0.09365511,0.27832568
7783,Vip,-0.24692032,0.30732983
8724,L2/3 IT,-0.35012296,0.17295724
101316,Endo,0.20438164,0.015151203
101163,Pvalb,0.074189365,0.04679483
8311,L4/5 IT,-0.31164542,-0.034904957
229078,L4/5 IT,0.27902955,-0.05480984
229109,L4/5 IT,0.03673953,0.17890602
116194,L2/3 IT,0.0027742386,0.33674884
8100,VLMC,0.3652283,0.15820855
116182,Astro,-0.11366519,-0.2637021
229395,L2/3 IT,-0.34604245,0.17301965
229591,L2/3 IT,0.20701844,0.14760834
8194,Astro,0.41164273,-0.089808494
116148,L4/5 IT,0.31948858,-0.06250921
100890,L2/3 IT,0.41187066,-0.027768701
229342,L6 CT,0.15189767,-0.21985051
101045,VLMC,0.033836365,0.41435784
228676,L4/5 IT,0.15581876,0.115674734
116248,Endo,-0.12663981,-0.060399085
229337,Micro,-0.13259047,0.4245968
116275,Lamp5,-0.1855002,0.3445632
229605,L2/3 IT,-0.054451942,0.348611
116283,PVM,-0.21261835,-0.06820971
116350,Micro,-0.069161355,-0.24168175
100660,Endo,-0.070982546,-0.3950362
8015,L5 ET,0.039494634,-0.112050444
116385,L4/5 IT,-0.008107245,0.12895471
116065,Endo,-0.00047022104,0.39757198
116415,L5 IT,-0.28408268,0.0341115
229339,Oligo,0.09653056,0.13347077
10243,L4/5 IT,0.05731505,0.18710852
101345,L5 IT,-0.1419873,-0.011744231
8806,Vip,-0.37060165,0.21116108
228115,L2/3 IT,0.42297858,-0.06572798
9299,L6 CT,0.028343081,-0.13485128
9326,Oligo,-0.07009813,-0.029569149
115674,L5 IT,0.28117657,-0.112617016
117346,L2/3 IT,0.16364038,0.28589922
115672,L5 IT,-0.23578715,-0.11780566
228070,Endo,-0.35322034,0.3159324
9357,Lamp5,-0.33545607,0.23535985
117351,L2/3 IT,0.05524814,0.22521865
117364,Astro,-0.1515162,0.47343618
9412,Astro,-0.367665,0.18731153
230192,L2/3 IT,0.081646025,0.18230593
101535,PVM,0.47307193,-0.042174608
101585,L5 IT,-0.2595289,-0.10517281
9473,L4/5 IT,-0.1942912,0.14782661
101587,L6 CT,-0.13969013,-0.1848214
115604,L5 IT,-0.090292096,0.10247505
227904,L2/3 IT,0.42707658,0.003587842
227901,Endo,-0.36002845,0.094263196
9498,L2/3 IT,-0.012165278,0.29900777
230303,L6 CT,-0.050201803,-0.17389148
117328,Micro,0.016824424,0.12659997
228123,L6 IT,0.04912001,-0.08455464
230081,L6 IT,0.13898587,-0.12722012
230043,Endo,0.17786914,-0.2912009
229932,Astro,-0.06443161,-0.15911317
116820,Lamp5,-0.2293852,0.28830332
101418,L4/5 IT,0.12641442,0.08015764
100211,L4/5 IT,-0.18691638,0.24042076
228434,L2/3 IT,-0.32629347,0.26210397
229959,L2/3 IT,0.4290418,-0.056105703
7663,L4/5 IT,-0.0025101006,0.20131034
229989,L4/5 IT,-0.32997665,0.087001264
8976,Micro,0.08459872,-0.04853189
8996,L5 IT,0.08764219,-0.086996436
116722,L2/3 IT,0.41131157,-0.11969173
9006,L5 IT,0.33356112,-0.17590511
116906,L5 IT,-0.23512125,-0.14640248
9046,Endo,0.123987556,0.10423535
117002,L2/3 IT,0.34440356,0.041784704
7612,L6 IT Car3,-0.16512772,-0.16068286
115746,Peri,-0.1990478,0.03525126
9130,L4/5 IT,0.20469075,0.00081419945
100194,Pvalb,-0.1364584,-0.096978396
9184,Lamp5,0.3528437,0.08758032
117157,L2/3 IT,0.3893655,0.018243551
100169,Endo,0.08964646,-0.14798361
100207,L2/3 IT,-0.3557107,0.2086882
6808,L2/3 IT,0.3303516,0.101053
226558,Peri,0.36888385,-0.014598429
10245,Pvalb,0.30312514,-0.20056161
97779,Astro,-0.1976333,-0.15622044
119674,L2/3 IT,0.22487545,0.20808142
11752,PVM,0.4368472,0.06624085
97741,OPC,-0.13768765,-0.22554344
6197,Pvalb,0.06260455,-0.23599222
119718,L5/6 NP,0.17101568,-0.19303823
113797,SMC,0.14845872,-0.094929665
103317,L4/5 IT,-0.13594759,0.15148729
224460,Endo,-0.2211403,-0.14263868
119726,L6 CT,0.007260084,-0.34134
11932,L6 IT Car3,-0.033833325,-0.2853788
97684,Astro,-0.23869458,-0.1562751
113769,L2/3 IT,0.34898627,-0.08188996
97682,L2/3 IT,0.22586673,0.18128306
11964,L2/3 IT,0.3775316,-0.022753388
6132,L2/3 IT,0.15748471,0.16032153
232088,L6 IT,-0.080378145,-0.11217618
12033,Micro,0.075665295,-0.3206916
97676,Peri,0.10502708,0.2739221
97622,PVM,0.28013086,-0.22299698
12155,Astro,-0.28716433,-0.089393765
113814,SMC,0.007093489,-0.030234098
113818,Pvalb,0.37197077,-0.08819291
6203,L2/3 IT,0.31143248,0.029258966
113864,Micro,0.24324542,0.11606377
11343,L4/5 IT,-0.23864603,0.21483177
114117,OPC,0.086051166,-0.13960078
114113,L4/5 IT,-0.18784001,0.19097704
114052,L2/3 IT,0.2780881,0.087566376
97970,Astro,0.31804484,0.03860128
224851,Vip,-0.37150934,0.2243663
11396,L6 CT,0.007922411,-0.13761353
113986,Micro,-0.18620002,0.046804667
97938,Sst,-0.15585059,-0.2037335
97905,L4/5 IT,-0.09900501,0.11390877
113701,Oligo,-0.15203527,-0.27501512
113985,L6 IT,-0.05766681,-0.20871001
231878,L4/5 IT,-0.2663298,-0.09441978
97822,VLMC,-0.47157323,0.2667033
11634,Micro,-0.0112321675,-0.08763802
11656,Oligo,0.0960592,-0.14613748
103226,Astro,-0.2734242,0.23720676
113920,VLMC,0.45584446,0.06304133
11691,L6 CT,0.14825511,-0.18947074
231897,SMC,-0.0142759085,0.25527877
119603,Astro,-0.25817686,-0.019574106
103265,L2/3 IT,-0.39677355,0.12215775
103202,PVM,-0.02251169,-0.2238374
11321,SMC,-0.13517609,-0.23318362
97611,Vip,-0.13775223,0.07114667
6105,Pvalb,0.14496845,-0.21798894
97356,L6 CT,0.20808333,-0.19078422
103408,L6 IT,-0.086230606,0.008149445
6074,Astro,-0.22145253,0.42726576
12372,Lamp5,0.07273549,-0.2921539
232391,L4/5 IT,-0.23579264,0.14655006
224005,PVM,0.294374,0.08696443
113579,PVM,-0.1041711,-0.28744343
223952,L6 CT,0.11542404,-0.33476153
113558,OPC,-0.18370208,0.26508808
103465,L4/5 IT,-0.050201803,0.18561512
97269,Astro,-0.031831414,0.18800062
113531,L6 CT,0.18648565,-0.2570187
223906,Endo,-0.303921,0.21151787
120191,Peri,-0.0018588603,0.25403208
113509,L5 IT,-0.2222332,-0.03674963
120230,L6 CT,0.2230745,-0.25965053
120251,OPC,0.07866222,0.3238569
97198,L4/5 IT,0.2800277,0.006522
223847,L4/5 IT,-0.29777122,0.13846618
120309,Peri,0.059572935,-0.32119453
97122,L5 IT,0.110155284,-0.003932476
12371,Pvalb,0.2198469,-0.09950745
224109,L2/3 IT,0.33392286,0.10683638
120068,L6 CT,-0.14666674,-0.13162187
113611,L4/5 IT,-0.29156202,0.1048668
232164,L4/5 IT,0.38275123,-0.08517972
97550,L4/5 IT,-0.26514953,0.0899899
232167,SMC,0.39268935,0.1377424
224339,L4/5 IT,-0.16890144,0.24018049
119850,PVM,0.11774665,-0.3244633
113665,L2/3 IT,-0.19528621,0.28350055
12215,Peri,0.028877854,0.28397942
119867,SMC,-0.024464905,0.11636263
113650,Endo,0.21085143,-0.04388714
224299,L6 CT,-0.08512288,-0.240964
224348,L4/5 IT,-0.14805731,0.25951278
97532,Astro,-0.15733549,0.13160217
12267,L2/3 IT,0.3160591,-0.025227249
232254,L5 ET,0.0136531,-0.14464033
119950,Endo,0.13379985,-0.028635085
12295,L2/3 IT,0.39009136,-0.035170615
6082,L5 IT,-0.23186433,0.01591152
119990,L6 IT,0.15568304,-0.13908407
119995,L4/5 IT,0.18187404,0.00888294
120038,L5 ET,-0.20153248,-0.04708478
97435,L4/5 IT,-0.2061137,0.20756972
12356,L2/3 IT,-0.3465687,0.242845
224230,Lamp5,0.28485692,-0.18656266
120333,VLMC,0.08711499,0.37853527
231787,Micro,0.3334946,0.19821775
119295,Lamp5,-0.23834193,0.44222164
118648,Endo,0.1067633,-0.3727673
226209,Sst,-0.061839283,-0.34588158
10613,Endo,-0.042886615,0.43417782
98693,SMC,0.17962372,0.2831934
118725,L2/3 IT,0.10273379,0.2565723
118739,L2/3 IT,0.06911498,0.29528487
118779,Lamp5,0.36310732,0.092261195
226038,Astro,0.35420823,0.0059061646
6585,L2/3 IT,0.42522883,-0.04274547
6577,L2/3 IT,0.10461885,0.29189527
102886,L4/5 IT,-0.03843689,0.18032217
226032,Astro,-0.12623888,-0.3287192
239044,L2/3 IT,0.38528025,-0.06953427
114509,VLMC,0.1840843,0.34596968
225952,L5 IT,-0.25825554,-0.100786716
10650,L2/3 IT,0.26077121,0.07255691
10652,Pvalb,-0.21895167,0.100100815
118802,L2/3 IT,-0.3979563,0.10555667
114491,Endo,0.09708518,0.2931373
118864,L5 IT,-0.15446803,0.08398694
231400,L4/5 IT,-0.27366552,-0.085784465
226225,L4/5 IT,0.12519348,0.13434476
231270,Micro,0.07429075,-0.27215987
231248,L5 IT,-0.19141084,-0.108198315
10552,L4/5 IT,0.13630688,0.11774665
98891,Micro,-0.2619894,0.37684816
118546,L2/3 IT,0.040969253,0.3091498
10290,Endo,-0.3302133,0.07317734
10331,VLMC,-0.3402683,0.399072
226518,L2/3 IT,0.22222185,0.071920514
114760,VLMC,0.11295915,0.37757337
6700,Endo,0.12670755,0.35374147
231116,L2/3 IT,-0.18560314,0.26634723
231165,L2/3 IT,-0.18594724,0.34881926
102649,L6 IT,0.02015382,-0.2590826
225820,L2/3 IT,0.0025612116,0.34099793
98792,L6 IT,0.10348648,-0.102443755
6691,Endo,-0.17338485,0.2999022
118595,L4/5 IT,0.10132325,0.14443523
10514,SMC,-0.31390673,0.4023521
118597,L2/3 IT,0.0569914,0.27591497
98777,L4/5 IT,-0.086648285,0.21998554
118601,Astro,-0.22895104,-0.08918774
98764,L6 CT,0.016959846,-0.15000919
226244,SMC,-0.24840319,0.2115171
98741,Peri,-0.0878467,-0.32556593
118628,L4/5 IT,-0.28325534,0.11455983
10441,L2/3 IT,0.23392725,0.09329349
119307,L2/3 IT,-0.087901294,0.3007558
10747,L2/3 IT,0.09429997,0.30587733
114490,L2/3 IT,0.24633706,0.16864598
225400,L2/3 IT,0.4392563,-0.07841247
11082,L2/3 IT,0.25946867,0.13564897
11137,L2/3 IT,0.1768375,0.1590069
231563,Endo,-0.33118695,-0.04334861
11165,L5 IT,-0.28798723,-0.10685712
11170,Pvalb,-0.052732527,0.24219686
11175,L2/3 IT,-0.40711826,0.11783981
225287,Endo,0.28247005,-0.020264894
11244,L2/3 IT,-0.22482029,0.23998785
114310,VLMC,-0.12024146,0.4875487
231650,Peri,-0.3687153,0.17265493
130695,VLMC,-0.48186156,0.21452081
98184,L4/5 IT,-0.18751854,0.23614687
11253,VLMC,0.24674505,0.27131832
11265,L4/5 IT,0.13295758,0.08259004
114198,L6 IT,0.13049245,-0.3530043
98168,L5 IT,-0.26429042,0.008030832
11270,Oligo,0.22583646,0.10183483
231741,L2/3 IT,0.32117903,0.111421406
11280,Peri,0.2022847,-0.09583941
6368,Endo,0.06136048,-0.24495059
103111,Micro,-0.24183437,0.40734124
114332,L5/6 NP,-0.22577229,-0.034880936
231540,L2/3 IT,0.10089719,0.22161472
231518,Endo,-0.32664084,0.01411128
231404,L2/3 IT,-0.33296436,0.25266117
10775,L4/5 IT,-0.18493101,0.20379293
118965,Sst,-0.030445635,-0.37362406
102901,L2/3 IT,-0.3856334,0.14667326
114463,L5 IT,0.3167426,-0.14141107
98391,Pvalb,-0.04950291,-0.060664326
10788,Peri,0.10912961,0.16764659
119036,L2/3 IT,0.14628172,0.20304024
119048,Endo,0.39667827,-0.100114375
225626,L2/3 IT,0.31436712,0.093903065
98424,Endo,0.0776785,0.29898113
225619,L2/3 IT,-0.16846254,0.29185694
102926,L2/3 IT,0.14312649,0.2839808
10835,VLMC,0.2762211,0.22102559
10852,L2/3 IT,0.20550168,0.2077707
10862,L2/3 IT,-0.33124298,0.14432436
225539,L2/3 IT,0.32515788,0.061642647
119059,Oligo,-0.073120296,0.15667748
231497,L2/3 IT,-0.330222,0.32454437
10903,L2/3 IT,-0.36729333,0.13684636
119117,Pvalb,-0.22709653,-0.16346246
103085,L6 IT,0.031452954,-0.121237546
10803,L4/5 IT,-0.1971429,0.22079736
3454,Peri,0.087154925,0.12413722
123799,L6 CT,0.005423546,-0.13584217
237306,L6 IT,-0.05585125,-0.16377491
238295,L5 IT,0.15969133,-0.103910655
1842,L4/5 IT,-0.291207,0.1368748
129516,Pvalb,0.118774176,-0.27525175
88550,Astro,-0.32974428,0.17203373
214931,L4/5 IT,-0.015810877,0.21824485
106600,L5 IT,-0.20482758,0.0011399984
237014,L4/5 IT,0.10944992,0.13726866
90568,Micro,0.070863366,0.3732915
237029,Astro,-0.4323536,0.14339173
238267,L6b,0.04000628,-0.3746099
90556,VLMC,0.46878713,0.047076643
214912,Micro,-0.009699613,0.29775864
127408,L6 CT,-0.07396513,-0.22103888
19213,L5 IT,0.2193554,-0.13935885
106645,L2/3 IT,0.39112872,-0.0020401776
21540,L6 IT Car3,-0.019829303,-0.29761264
237052,L6 IT,0.21189898,-0.25321063
127380,L2/3 IT,0.093387425,0.3149231
127375,Astro,-0.40437198,0.19369262
1875,L2/3 IT,0.23712528,0.15849537
236888,PVM,-0.072108865,-0.08781624
19058,Peri,-0.3177273,0.06252372
88457,PVM,-0.0041523874,0.36125648
21597,L6 CT,0.13358861,-0.3167758
129561,Endo,0.2350986,0.19503546
19138,Astro,-0.105101496,0.062758684
88518,L4/5 IT,-0.15468279,0.25415844
791,Astro,0.31479055,-0.011179537
826,Endo,-0.16819069,0.15905118
1925,L2/3 IT,0.2841118,0.030477583
1897,L4/5 IT,-0.073030084,0.2068268
215093,Astro,-0.046562135,-0.17849097
90632,L6 CT,-0.12418264,-0.24597865
127321,Pvalb,-0.23791707,0.24126065
90624,Astro,-0.40697676,0.29767227
127336,L6 IT,0.24892968,-0.20330158
108771,L2/3 IT,-0.34228414,0.22388065
214892,L5 ET,0.0940063,-0.12947372
127169,VLMC,-0.1516681,0.46924067
237058,L4/5 IT,-0.059824347,0.21492374
107412,SMC,0.4137481,-0.067673236
19458,L6 CT,-0.039369345,-0.23816764
106702,Astro,-0.17188114,0.45339197
90418,SMC,-0.22642472,0.16657579
19543,L6 IT,0.0012774467,-0.0531303
90389,VLMC,-0.08449334,0.45737606
127594,PVM,-0.024725825,-0.26577285
90366,Astro,0.32355523,-0.13749245
237154,L5/6 NP,0.2928483,-0.13613313
19582,L2/3 IT,-0.17877278,0.32180655
238218,L2/3 IT,-0.36395591,0.21310514
108910,L4/5 IT,-0.31059706,0.009194732
90361,SMC,0.3227743,0.21347177
90336,Pvalb,-0.15864116,-0.23629898
19604,OPC,-0.1041792,0.32453233
237174,SMC,0.28982896,0.1811173
106732,Astro,-0.101703286,0.04719156
21440,L5 ET,0.14826536,-0.0988628
214704,L6 IT,0.24998307,-0.22458598
127536,VLMC,-0.4089409,0.3364914
129384,Astro,-0.38915107,0.096300304
110030,Micro,0.24271595,0.29212254
127488,Oligo,-0.20178023,0.04041046
21506,OPC,0.10312027,-0.2868182
19233,L6 IT,0.09189677,-0.095487654
19234,Astro,0.022113562,-0.15744042
109981,L4/5 IT,-0.2892784,-0.06391609
90481,Endo,0.32233948,0.03200841
1756,Endo,-0.02640599,-0.008887619
212123,L2/3 IT,-0.07250449,0.37840766
849,PVM,-0.008392751,-0.33934364
212164,Oligo,-0.09537122,-0.21549228
19341,Oligo,-0.1413728,-0.18470576
129413,SMC,-0.106764376,-0.25139695
238241,Astro,-0.4206978,0.17026252
214742,L2/3 IT,-0.295431,0.262784
109955,L6 CT,0.038428664,-0.28500366
90451,L6 IT,0.042651832,-0.08767256
1795,L4/5 IT,0.23936033,-0.039425105
237208,Endo,0.11228502,-0.08136925
127154,Micro,0.042535663,0.2701673
238348,Astro,-0.024415016,-0.25679344
126759,Oligo,-0.043336213,-0.021016061
2256,PVM,0.33331,0.1282109
129906,Pvalb,-0.20141196,0.23146522
211789,Endo,0.20375389,-0.17085353
640,L2/3 IT,0.08913636,0.1798206
215627,Endo,-0.475605,0.24236262
215626,Astro,-0.32446092,-0.08189985
609,Astro,0.08366561,0.081640065
649,Astro,-0.28771508,0.40154916
106311,VLMC,0.13814443,0.35159463
110356,L2/3 IT,0.14686048,0.26787966
211816,Endo,0.08666223,0.19483817
2227,L6 IT,0.06624925,-0.11482853
107532,Oligo,-0.037496507,-0.1359742
106351,OPC,0.28035277,0.1978864
211823,L2/3 IT,0.28202975,0.09575379
21780,L6 IT,0.10900307,-0.103651345
129918,L4/5 IT,0.37094408,-0.16271925
91105,L2/3 IT,0.13282597,0.24427348
211743,Endo,0.110786855,-0.105947584
215868,L5 IT,0.17472678,-0.04729569
2381,L6 IT,-0.105149776,0.0029649138
21876,Sst,-0.27529097,0.39787394
106263,L2/3 IT,0.3035965,0.0036419034
91221,L5 ET,0.05408585,-0.049695432
88174,Astro,0.016434789,0.18549329
236541,VLMC,-0.050717503,0.4437279
369,PVM,0.2667653,0.2526093
215811,L4/5 IT,0.20669019,0.045300663
126727,L2/3 IT,0.036522925,0.22834516
106272,Endo,-0.35909867,0.0847829
110432,Astro,-0.26399723,-0.13880196
215751,Sst,0.1394226,0.03870541
211688,VLMC,-0.49579751,0.20318061
88205,Astro,-0.096950114,5.596876e-05
215742,Oligo,0.16763574,0.0380013
88211,L5 IT,0.07433611,0.07276565
215394,Endo,-0.0051497817,-0.046432912
211999,L4/5 IT,0.2236644,-0.01659733
211837,L4/5 IT,-0.3278252,-0.048538446
129774,L2/3 IT,-0.19289011,0.3446144
215316,Sst,0.22564787,-0.1328196
108734,SMC,-0.12572443,0.11182308
211944,L5 ET,0.09408003,0.004627824
215298,VLMC,0.34520763,0.1966567
106457,L5 IT,-0.2647468,-0.1054067
215290,L5 IT,0.041721642,-0.006996423
106539,Astro,-0.27406627,0.31920338
90875,L2/3 IT,-0.33805472,0.2568432
90723,L2/3 IT,0.05382949,0.26015204
215262,L6 IT,0.08935559,-0.2892421
211957,OPC,0.09144455,-0.14185947
107474,L6 CT,0.07892829,-0.30175787
90679,L2/3 IT,0.195113,0.12803346
127108,L2/3 IT,-0.32137227,0.20693201
19032,L4/5 IT,0.097077906,0.11886394
236862,Astro,-0.007701665,-0.12955505
1997,L2/3 IT,-0.09489694,0.3661675
126992,L4/5 IT,0.05990374,0.13553798
238407,L6 IT,-0.07493648,-0.019193172
126991,L2/3 IT,-0.2291888,0.29798478
236678,L2/3 IT,0.18287599,0.1781885
236700,L4/5 IT,-0.2410801,0.19931006
126909,VLMC,-0.38995168,0.36495513
2129,SMC,-0.16069523,-0.30535695
110216,L5 IT,-0.16589704,-0.036809087
129737,L6 IT,0.09183586,-0.17161027
129695,Lamp5,-0.23237944,0.3728326
107531,Astro,-0.3592887,0.3387198
126927,L2/3 IT,0.22931594,0.2146427
238446,L4/5 IT,-0.106152385,0.16227746
129670,L4/5 IT,-0.30370992,0.16296178
236734,PVM,-0.41456512,0.30867583
238436,Endo,0.023736,0.2914695
211932,Endo,-0.40082133,0.10370237
236737,L2/3 IT,-0.06098652,0.34740752
126979,L2/3 IT,0.067563474,0.26746327
126980,L5 IT,-0.14651832,0.003360808
126884,Vip,-0.33647978,0.08146167
91494,L5 IT,-0.15595844,-0.16412187
19640,L6 IT,0.07949853,-0.13059494
21428,Lamp5,-0.21441469,0.25770843
109167,L6 IT,-0.18936825,-0.21530166
212759,L2/3 IT,0.14898175,0.27393633
212768,Endo,-0.24830073,0.043765843
237522,Endo,-0.32313478,-0.04670161
128636,L6 IT,-0.14219794,-0.20758557
212772,L2/3 IT,-0.15221527,0.3149014
20505,L5 IT,0.17978138,-0.098223776
128583,L2/3 IT,0.0150101185,0.31274194
20994,Micro,-0.28749347,0.17461234
1360,VLMC,-0.4581347,0.2472462
213405,Endo,0.081023276,-0.34126323
20536,L4/5 IT,-0.3271799,0.010270417
20550,Astro,0.1114679,0.22251546
213356,L4/5 IT,-0.32326865,0.02845776
1100,Micro,0.0706324,0.33544093
128657,L4/5 IT,0.31864923,-0.15769738
20983,Endo,0.1848799,-0.21554652
1046,L6 IT Car3,-0.015909463,-0.28644955
129018,L4/5 IT,-0.3099439,0.025618315
128570,L4/5 IT,-0.078793615,0.15704024
20341,Endo,0.022989988,0.2788474
212600,Endo,-0.1158351,-0.32748407
213652,SMC,-0.31977808,0.413243
213638,L4/5 IT,-0.34788892,0.049996674
89608,L5 IT,0.29626155,-0.18070248
106781,Oligo,0.006960869,-0.08707267
20414,L2/3 IT,-0.43679348,0.16650367
129039,L2/3 IT,0.36054033,-0.054975003
128502,Vip,-0.121956736,0.17146045
213589,Micro,0.29117388,0.22641641
109120,Peri,-0.09623322,0.000487566
88798,L2/3 IT,0.11777991,0.20387173
20456,L6 CT,0.032678664,-0.33256686
129021,L5/6 NP,-0.21681437,-0.09086111
109425,Endo,-0.21764067,0.23265332
212701,L6 IT,-0.01941967,-0.057228684
20472,Vip,-0.017648786,0.29646498
213293,OPC,0.06829888,0.30545813
1005,VLMC,-0.35904965,0.39788258
107236,L2/3 IT,-0.36384985,0.16437536
128689,L2/3 IT,0.22118807,0.18295348
128829,L4/5 IT,-0.026639968,0.15894318
107218,VLMC,0.48534787,0.022958994
128980,L4/5 IT,0.06261653,0.13765001
107185,Astro,-0.263389,0.21788692
89076,L2/3 IT,0.2124983,0.20459843
237659,L6 IT Car3,-0.10142872,-0.2039192
128970,Astro,-0.010620058,0.41935825
213106,L6 CT,0.1270433,-0.3046956
128882,Micro,-0.11695108,-0.2883487
128892,Micro,-0.10649869,-0.2522882
128922,L6 CT,-0.120393515,-0.04398358
20758,L2/3 IT,-0.23750159,0.30026835
109211,L5 IT,0.30918998,-0.19135863
213003,L4/5 IT,-0.22386292,0.15664381
89011,Oligo,-0.038542807,-0.09961966
1250,L6 IT,-0.009312063,-0.23750773
107105,Endo,-0.059020072,0.11062455
89149,Oligo,0.062319398,-0.40962756
213156,L4/5 IT,-0.28814209,-0.05841872
212920,L6 IT,0.02513951,-0.044669777
89342,L5 ET,0.09685457,-0.05996409
128706,L2/3 IT,-0.0027688742,0.3484366
213271,L4/5 IT,-0.16253635,0.24513692
212820,L2/3 IT,-0.33501473,0.23429728
88933,L5 IT,0.2815869,-0.20451325
20587,L6 IT,-0.041946918,-0.23750725
89223,OPC,0.15018606,0.3232063
237758,L5 ET,0.053118765,-0.14351743
1192,L4/5 IT,0.10133737,0.13011211
212880,Endo,-0.11424282,0.37402427
128783,L5 ET,-0.2096085,-0.122169465
20633,Astro,-0.18328404,0.32529545
109336,L2/3 IT,-0.4001985,0.08394933
213206,L6 CT,-0.09135848,-0.16254258
128985,L2/3 IT,0.118281305,0.19605643
1281,L4/5 IT,-0.17606732,0.2396304
213184,L6 CT,-0.121454656,-0.21635455
212815,L5 IT,-0.10121423,0.102656305
88613,Astro,0.21464837,0.29225594
237939,Pvalb,0.31040794,0.081976
89611,Endo,0.14861739,0.36966038
106743,L4/5 IT,-0.20664436,0.24553508
106748,Astro,0.24985194,-0.06826678
1652,OPC,0.32369095,-0.2195436
109749,L6 CT,0.1999157,-0.25187406
214104,L2/3 IT,-0.33825526,0.2375719
20011,Astro,-0.007324904,0.1921696
90143,L4/5 IT,0.34383798,-0.06904471
19902,Pvalb,0.19156194,-0.180163
924,L6 CT,0.124947846,-0.17758566
20040,Pvalb,0.10656613,-0.16741386
129214,Astro,-0.18050033,0.13999867
128048,L2/3 IT,-0.09479612,0.31754297
107341,L2/3 IT,0.3869683,-0.1093362
109715,L4/5 IT,0.116095364,0.12812799
934,L5 ET,-0.21120402,-0.20417553
21304,Micro,-0.13383347,-0.19369811
90141,L4/5 IT,-0.30250168,-0.07703352
19893,Endo,-0.16652146,-0.1204105
90165,L6 CT,0.1623236,-0.32738644
19874,L4/5 IT,0.03975451,0.19669765
90320,L4/5 IT,-0.2458461,0.13907915
214411,L2/3 IT,-0.026510924,0.26533896
127764,PVM,-0.18723091,0.45529526
127765,L6 CT,0.04467255,-0.16497678
891,L2/3 IT,0.37614465,0.00903362
19693,L2/3 IT,0.122229815,0.16508615
238158,L6 CT,0.030479252,-0.1481708
127841,L2/3 IT,0.43732572,-0.037275285
1668,L4/5 IT,-0.30785286,-0.03819844
106733,L4/5 IT,0.06472236,0.099720776
90227,L2/3 IT,-0.19638318,0.35357738
88637,L6 CT,-0.104751825,-0.22688511
108917,L4/5 IT,-0.32708335,0.013829529
1653,L2/3 IT,0.36421102,-0.0054193437
237279,Astro,-0.4107286,0.12437433
19867,L2/3 IT,0.41365618,-0.032798797
214233,Astro,-0.043504715,0.44570154
21301,L2/3 IT,0.3609286,-0.02118823
20330,L5/6 NP,-0.23621398,-0.04849279
129210,Pvalb,-0.052755326,0.2919873
212402,L5/6 NP,0.2063247,-0.24280441
20157,SMC,-0.17925584,0.4116329
20193,L2/3 IT,0.1877088,0.16640997
129122,L5 IT,0.28536606,-0.16009817
237425,Oligo,0.23572582,-0.0318096
237431,Endo,-0.09329763,0.15077627
109581,Endo,-0.08536962,0.36914885
89654,L2/3 IT,-0.09046328,0.25804317
129126,L4/5 IT,-0.3001485,-0.13715428
89638,L6 CT,0.18375534,-0.20240426
109047,L4/5 IT,-0.18104774,0.26001424
213732,Endo,0.07023579,0.3292107
20313,L6 IT,0.036117673,-0.049600095
237445,L6 IT,-0.035877794,-0.23031923
213706,Sst,0.2078315,-0.14468387
89627,L6 IT Car3,-0.09599379,-0.27702856
987,L4/5 IT,-0.099690765,0.16707909
107325,L6 IT,0.003926575,-0.24879414
213804,L2/3 IT,0.10434461,0.20591402
128334,L2/3 IT,0.2081132,0.13901609
109629,Oligo,0.06834954,-0.37007055
21235,Astro,0.10381943,0.26930672
89978,L2/3 IT,0.3332771,-0.0067205727
213975,L2/3 IT,0.36079782,0.046228588
88666,L5 ET,-0.09213406,-0.06655684
89874,L6 CT,0.097764194,-0.28184485
212434,L5/6 NP,0.19855547,-0.11113009
237395,Sst,-0.074364275,-0.42032838
213918,Pvalb,-0.23502028,-0.1299775
89859,Astro,0.44769174,0.004422486
212455,L6 IT,0.26936263,-0.22792253
88678,Peri,0.0061734915,0.16600913
213853,L5 ET,0.24615222,-0.13774279
213840,Astro,0.03314811,-0.22510633
108965,Astro,0.084902704,0.3441555
213839,Oligo,0.049708962,-0.09810829
108973,Astro,-0.22556886,-0.100860596
129141,Oligo,0.12042153,-0.2013703
238054,PVM,0.20008433,-0.13330936
238589,L6 IT,-0.028316587,-0.102916956
2135,Pvalb,-0.08932057,-0.33335733
211561,L2/3 IT,-0.063411415,0.3428771
210909,SMC,0.14319324,-0.07449359
22344,Endo,0.08979422,-0.27097604
235976,Oligo,0.15739626,-0.083005965
92326,Micro,-0.14495939,0.44523782
130403,L4/5 IT,-0.2603451,0.05769974
217052,L2/3 IT,0.06545031,0.29178548
105563,L6 IT Car3,-0.056601614,-0.3193047
92297,Endo,0.112586975,0.35781163
111251,L4/5 IT,-0.30171138,0.03046012
3016,SMC,-0.15200916,0.4437849
17839,Endo,0.10985422,0.14226496
217035,L2/3 IT,0.38326263,0.014652371
210950,Endo,-0.16979036,0.32114446
92254,L6 CT,0.038981974,-0.209165
217000,VLMC,0.1688093,0.3270443
3064,L2/3 IT,-0.31893522,0.20422244
92335,Micro,-0.08994141,0.3006795
111296,Oligo,0.16635185,0.055505335
105541,L2/3 IT,0.34244126,0.04562521
92589,L2/3 IT,0.3535803,0.063863575
217363,Oligo,-0.07920003,-0.3119995
107824,Astro,-0.067878604,0.27600706
235869,L2/3 IT,-0.171393,0.2598858
105516,L6 CT,0.09206462,-0.31877252
217355,L2/3 IT,0.045855463,0.32441193
125537,Endo,-0.10980624,0.18109
210962,Astro,-0.232755,0.283553
111308,L6 IT Car3,-0.08508107,-0.25710058
92475,L2/3 IT,-0.15211186,0.2817207
108268,L4/5 IT,0.0029119253,0.1574614
210888,L2/3 IT,-0.21761912,0.29651386
3100,L6 IT,-0.06891355,-0.21493363
125616,L5 ET,0.13009393,-0.16987664
125617,L2/3 IT,0.41984123,-0.05450535
125619,L2/3 IT,-0.38250095,0.16452384
111303,L2/3 IT,0.07657552,0.25266457
17554,L2/3 IT,0.120150626,0.31577146
236018,Astro,0.165106,0.32249397
125811,Micro,0.03139305,-0.25118256
108317,L4/5 IT,0.12462002,0.12449998
18036,OPC,-0.36379606,0.22238833
22238,Lamp5,0.062856615,0.4128275
105737,PVM,-0.09109259,0.030120611
236200,L5 IT,0.08964324,0.039985776
2755,L2/3 IT,0.42396766,-0.027892858
22237,L4/5 IT,-0.21148899,0.18706393
238742,L6 CT,-0.07417184,-0.22844857
126023,L2/3 IT,0.3453647,0.091670275
216523,L5 IT,-0.27551436,-0.065592945
18117,L6 CT,-0.13072062,-0.22253472
87781,L5 IT,-0.26552042,-0.07616863
126028,Micro,0.03526026,-0.4276394
111041,L2/3 IT,0.09165543,0.21065396
126034,L2/3 IT,0.15856713,0.1776433
105731,L4/5 IT,-0.038596183,0.08617097
111182,L6 IT,-0.069147974,0.00678885
111184,Micro,-0.24771363,0.32597983
211056,L4/5 IT,-0.16265154,0.26781285
125818,L2/3 IT,-0.11426517,0.347103
92166,L5 IT,0.20337379,-0.10758102
216904,SMC,0.13455468,0.35791183
110481,L5 IT,-0.27322453,-0.041342884
17938,L2/3 IT,-0.31424385,0.30018926
125823,Astro,0.062512636,-0.28472596
105587,L2/3 IT,0.3760988,-0.06975883
87766,Lamp5,-0.10011089,0.26851285
236089,L4/5 IT,-0.3392759,0.078953445
130318,Pvalb,-0.035252094,0.11584443
111187,L2/3 IT,-0.34317222,0.2450757
92133,Pvalb,0.17847389,-0.098917276
92099,L6 CT,0.21004683,-0.20287064
92077,VLMC,-0.39856774,0.34608704
2893,Endo,-0.22788337,0.41931182
2892,Oligo,-0.030020922,0.14038748
216710,L5 IT,0.093490064,-0.27280727
91984,Pvalb,0.023251355,0.03865218
108225,L4/5 IT,-0.34960502,0.052716196
125519,L2/3 IT,-0.22560567,0.34521163
124952,VLMC,-0.38773507,0.36032557
87469,L4/5 IT,0.29582065,-0.22233626
235553,L5 ET,0.16881591,-0.07842511
3405,Astro,-0.06911448,-0.25420755
107876,Astro,0.31823105,-0.029537946
125004,Vip,-0.16782168,0.063156605
87476,L5 IT,-0.14155915,0.026569486
3356,L2/3 IT,0.07903069,0.2809177
22501,Micro,0.04723227,0.1830684
17157,L6 IT,0.006385863,-0.12431827
111506,Astro,-0.03045094,-0.15814105
235741,L2/3 IT,0.14210099,0.16887623
17199,L6 CT,0.062007964,-0.20361528
22497,L5 IT,-0.0030703545,0.08945012
210676,VLMC,0.06417006,0.4045676
210631,L5 IT,0.16264594,-0.27183443
105389,L5 IT,-0.03444642,0.00875169
17070,Pvalb,0.011286974,0.20937872
93184,Endo,0.18908077,-0.3901368
124834,L2/3 IT,-0.3691944,0.15582585
210546,Astro,-0.23197281,0.11365932
93260,OPC,0.12511832,-0.058731914
218192,L2/3 IT,0.36200345,0.0085090995
124898,SMC,0.009155095,0.35520345
108065,L6 IT,0.13879383,-0.15246707
238994,L2/3 IT,0.2542202,0.16020149
210684,L6 IT,-0.12205377,-0.16855177
218180,SMC,-0.3259856,0.2841128
124900,L2/3 IT,-0.2631951,0.32814753
22568,L5/6 NP,0.2398578,-0.21334386
124901,Pvalb,-0.26810443,0.14381957
93202,VLMC,-0.13252145,0.5
124924,L6 IT,-0.040988,-0.21547559
218025,L2/3 IT,-0.33283263,0.24428183
17065,L2/3 IT,0.40876716,-0.04160419
218168,L4/5 IT,-0.14480236,0.25875998
235865,PVM,0.13083166,0.3597076
17231,L4/5 IT,-0.18693689,0.19862896
22496,L6 CT,0.13142419,-0.30789357
22401,Peri,-0.45756936,0.26469082
17404,L4/5 IT,0.19652712,0.08342689
238884,L6 IT,0.07863945,-0.33351085
111379,SMC,-0.27073717,0.4435444
17412,L4/5 IT,-0.20627972,0.24498111
92689,L2/3 IT,-0.21832788,0.3087386
87663,L6 CT,0.180781,-0.26209342
217550,L5 IT,0.083799005,-0.06531933
217497,L4/5 IT,0.3138891,-0.054462314
3156,OPC,0.028761148,0.39646226
17416,L4/5 IT,0.010519981,0.1838662
17455,Astro,0.060944736,-0.5
17464,L6 CT,0.04094833,-0.21822062
238864,L6 CT,-0.08320513,-0.20824853
210874,L4/5 IT,-0.31312913,-0.060803354
130460,Endo,0.104670584,0.3405553
178,Peri,0.08302498,0.13859445
3196,L6 CT,-0.02442506,-0.10788074
87586,L2/3 IT,0.027758718,0.26710743
92985,Astro,0.21758306,-0.33465755
17303,L2/3 IT,0.22899354,0.19032955
217768,L6 CT,0.07690197,-0.3772449
111492,Pvalb,-0.106923044,-0.06409076
17312,L5 IT,-0.27657202,-0.11133051
87528,L5 ET,-0.17571121,-0.021390975
92941,L2/3 IT,0.42092383,-0.022135377
235760,L2/3 IT,0.056586564,0.31207973
107872,L5 IT,0.2861271,-0.17621782
217726,Endo,0.30742544,0.16982418
22438,Vip,-0.17386198,0.17864072
17335,L2/3 IT,0.0011594296,0.3636691
162,L5 ET,-0.20606881,-0.25091976
107867,L4/5 IT,-0.19079918,-0.15869698
108187,L5 IT,0.27538294,-0.18633673
92796,L4/5 IT,0.09387326,0.031748474
217734,L5 IT,0.26434678,-0.18183404
211131,Oligo,0.071091175,-0.014760345
108314,Endo,-0.011365682,-0.20125642
20762,Micro,-0.024186224,-0.17084694
110852,Endo,0.36994392,-0.039022624
236319,L2/3 IT,-0.2710927,0.3362239
106233,Peri,0.20326608,0.23021281
107587,Endo,0.091811895,0.27778733
91892,L6 CT,0.15914464,-0.27506375
87890,L4/5 IT,0.05210316,0.12854189
91925,L2/3 IT,-0.31345677,0.25936913
91662,L4/5 IT,-0.26314664,0.13818544
22010,L2/3 IT,-0.05617276,0.3351218
130240,L6 CT,0.16960394,-0.26630622
215937,SMC,-0.22276458,-0.02357772
236278,L2/3 IT,-0.3647353,0.19934213
110889,PVM,0.014822602,-0.30602717
91609,Astro,0.07700378,-0.19335452
211209,L6 CT,0.09995264,-0.2850927
216244,L2/3 IT,0.051229417,0.18389237
18189,L2/3 IT,0.18453348,0.15010923
22097,Sst,-0.20000926,0.317625
215925,Micro,-0.21424729,-0.10664132
88061,L5 IT,0.012971342,-0.041461438
236461,L2/3 IT,0.27140296,0.18420833
105808,L5/6 NP,-0.0932807,-0.012292415
88083,L2/3 IT,0.0915575,0.19738197
236443,L6 IT Car3,-0.14299545,-0.13282996
106236,VLMC,-0.14219135,0.48688132
110529,L6 CT,-0.15575573,-0.09985423
22096,Endo,-0.08516836,0.20557737
216050,L6 CT,-0.08937925,-0.20928001
107648,Pvalb,0.4486801,-0.06211227
110827,L5 ET,-0.12016797,-0.02584657
2490,L6 IT,-0.006979406,-0.21703836
106032,L2/3 IT,0.17781383,0.19569242
105996,Astro,-0.2851804,-0.11901665
18510,L6 IT,-0.06903151,-0.20309764
130144,SMC,-0.18284854,0.48548907
126312,L4/5 IT,-0.3229045,0.01057297
18554,L2/3 IT,0.1956712,0.14332289
126301,Oligo,0.05883938,-0.30646962
108474,L6 IT,-0.09445396,-0.21032
211,Micro,-0.16568533,0.43471986
126338,L2/3 IT,0.13998705,0.2733246
2551,L2/3 IT,0.16843325,0.21510798
88030,L2/3 IT,0.37189674,0.023664773
126377,Astro,0.35987538,0.09723705
91801,Micro,-0.16504335,-0.23576146
126258,L6 CT,0.109533906,-0.26648688
211306,L4/5 IT,-0.25151715,0.15621477
215977,L6 CT,0.12980169,-0.26238516
110654,L5 IT,0.03210455,-0.0031496882
211370,L2/3 IT,-0.38184455,0.17575347
107628,L2/3 IT,0.13598335,0.15337229
18148,Astro,-0.027641386,-0.14414546
238629,L5 ET,0.23225707,-0.1669161
215873,L6 IT,0.20566046,-0.22846594
126098,Sst,-0.33142674,0.26697558
236477,L2/3 IT,0.1515283,0.27158177
22200,OPC,0.15372592,-0.054019213
110966,L2/3 IT,0.059664667,0.2404319
2434,L4/5 IT,-0.31504136,0.021321833
126127,L2/3 IT,0.07127398,0.3168822
105740,Astro,-0.13995853,-0.30689976
238740,L5 IT,-0.047689736,0.02758032
211534,Micro,-0.15137962,0.048647642
110988,OPC,0.014442742,-0.1756253
91539,L2/3 IT,0.30193406,0.15588188
2387,Micro,-0.16811341,-0.15116861
105803,L6 CT,-0.010021597,-0.17312855
211512,Astro,-0.34874082,0.07882613
236501,Endo,-0.21696797,0.036863387
130247,Astro,0.033937335,0.13039279
321,VLMC,-0.11741865,0.4962806
130276,L6 CT,-0.059340715,-0.17465374
88132,L2/3 IT,0.066394925,0.2222035
211137,L2/3 IT,0.03767681,0.34019846
108457,Astro,-0.42509407,0.14691967
216316,L2/3 IT,-0.09035811,0.3520441
91543,L4/5 IT,-0.22271451,0.17996812
130016,Astro,-0.3750212,0.15829885
216283,L5 IT,-0.11243221,0.054268777
