,cell_class,coord_X,coord_Y
264592,L6 IT,-0.07418978,-0.19781876
1768,L4/5 IT,-0.10455352,0.28493917
106403,L5 ET,-0.037354946,0.016808093
18695,L6 IT,0.26424128,-0.22803319
17960,Micro,0.16341764,0.22949684
93049,L2/3 IT,0.22133464,0.106734395
93995,PVM,-0.13188615,0.450118
17952,Astro,0.06301957,0.40493053
18172,L4/5 IT,0.3811398,-0.16213548
277586,Peri,-0.1734736,-0.20487267
16257,Endo,0.11261487,-0.23138973
18809,Pvalb,-0.17226991,0.3807224
106402,L6 IT,0.01540637,-0.22783479
92588,Endo,0.13078451,-0.2626658
94009,L2/3 IT,0.4193989,-0.057453394
91275,L2/3 IT,-0.19166437,0.40540838
745,L5 IT,0.28219187,-0.22133434
93428,L2/3 IT,-0.390046,0.18430328
91947,L2/3 IT,-0.03501469,0.29124337
261684,L5/6 NP,-0.27190447,-0.023208082
16866,Micro,0.280248,0.034941316
19179,Vip,-0.12668702,-0.07351673
16218,L2/3 IT,-0.005090028,0.2975667
91427,Micro,0.3161229,-0.17837563
106197,L2/3 IT,0.13082635,0.14088148
18256,L4/5 IT,0.35605454,-0.1465939
16206,Astro,0.38274616,-0.17834347
261972,L6b,0.09844172,-0.39407325
93091,Oligo,0.11563325,-0.45715708
92844,Sst,0.13212484,-0.042616457
932,Peri,-0.04423514,-0.025855094
18376,OPC,0.08317393,0.23994374
1248,PVM,-0.115146995,-0.021881163
18364,L6 IT,0.18083882,-0.111043036
106544,L6 IT,0.058552206,-0.27411443
91435,L5 IT,0.14923918,-0.021248579
92169,L6 IT,-0.065154314,-0.046409875
90603,Endo,-0.058397323,0.23908275
93850,Endo,-0.3885548,0.07991558
170,L4/5 IT,-0.33424753,0.17582375
277087,L5 ET,0.30911577,-0.25145265
106917,L6 IT,0.15747076,-0.33503935
106209,L5/6 NP,0.106832206,-0.16022259
986,VLMC,0.111162424,0.36039054
18300,SMC,-0.20897064,0.46571237
17903,Peri,0.16881472,0.32892114
16274,L2/3 IT,-0.36944622,0.25980985
1981,Pvalb,-0.20949107,0.14415014
1933,L2/3 IT,0.36670834,-0.07260668
93475,Astro,-0.21192119,0.07778674
91087,L4/5 IT,0.08580351,0.10652059
16259,Astro,0.13930964,0.3516416
261894,L4/5 IT,0.21673572,-0.0017949641
107137,Astro,0.36644465,-0.043554246
18751,L4/5 IT,-0.3269549,0.19535768
18392,L6 CT,0.13869876,-0.13186046
16827,L6 CT,-0.054158926,-0.007041335
91214,L4/5 IT,-0.011932701,0.19530714
16693,Pvalb,-0.0780285,0.20434755
1378,Micro,-0.35371795,0.16462654
280025,L2/3 IT,-0.29211155,0.34585965
106983,L4/5 IT,-0.3371822,0.1522544
50,Pvalb,-0.11370134,-0.17889181
277062,Micro,0.3103298,-0.048436046
107019,L4/5 IT,-0.26409835,0.19819349
16721,Peri,0.11304301,0.065295875
17286,L2/3 IT,-0.15675035,0.31799603
16169,L4/5 IT,0.2484492,0.032167077
838,Micro,-0.16091627,0.22334296
106994,Endo,-0.060101897,-0.1458804
1347,L6 CT,-0.06315398,-0.089909434
16119,L4/5 IT,0.043342352,0.1675691
2481,L2/3 IT,-0.065109104,0.2704525
2505,PVM,-0.45826584,0.1961348
24,SMC,-0.10075635,-0.2538461
90523,Astro,0.21776116,-0.12451884
16069,Oligo,0.08725655,-0.44338557
18064,Oligo,-0.1677298,-0.22523749
18049,L2/3 IT,0.1514321,0.204247
90514,L2/3 IT,-0.34128216,0.23805737
106637,L4/5 IT,-0.31265408,0.20184344
2480,L6 CT,0.12503034,-0.36815053
91194,L5 IT,0.337965,-0.25646663
107301,L4/5 IT,0.06992781,0.17207628
94035,VLMC,0.011561394,0.43844628
17577,L2/3 IT,-0.3472721,0.30387038
107028,Endo,-0.24160537,-0.17601177
94062,Endo,0.45924747,-0.024765462
107020,L2/3 IT,0.08039713,0.28506225
93318,Endo,-0.28871307,0.21916395
94,L2/3 IT,0.2816522,0.09825754
106191,Astro,0.1350224,0.34993738
106155,Endo,-0.385249,0.14549404
277596,L2/3 IT,0.3774513,-0.108284086
17996,VLMC,0.31283182,0.18316793
107350,L6 CT,0.06590295,-0.28027493
106929,L5/6 NP,-0.2800803,-0.052994132
94146,L6 IT,-0.0697369,-0.044381857
264371,L6 IT,-0.056376934,-0.0028134882
107413,OPC,-0.31529412,-0.009729654
92971,Oligo,0.07491517,0.04393667
93025,Lamp5,-0.31707346,0.42953497
92060,L4/5 IT,-0.24415436,0.1767376
1421,L4/5 IT,0.269758,-0.08363786
91223,L4/5 IT,0.0070797205,0.16441905
1279,L6 CT,-0.026431799,-0.0054950714
19216,Oligo,0.062704384,0.38892168
261858,L6 IT,-0.11627504,-0.08953446
106031,L6 IT,0.17028457,-0.3347836
277166,Oligo,0.059028566,-0.26014927
18675,SMC,0.28897148,-0.046349585
91491,L2/3 IT,0.016611159,0.2992552
18964,L4/5 IT,0.110541284,0.0790298
17381,Endo,0.059442997,0.10206497
17028,L2/3 IT,-0.1895963,0.2908975
106336,L6 IT,-0.2160593,-0.08725986
17039,L4/5 IT,-0.26859945,0.25612777
19021,L4/5 IT,0.027341008,0.15532798
261955,L6 CT,0.2760266,-0.30350015
16546,L4/5 IT,0.31854063,-0.086536765
1008,L5 ET,0.22176462,-0.13460988
107583,Sst,-0.23206231,0.3985448
90971,L6 IT,-0.21142024,-0.047546595
264546,PVM,0.0714702,0.35322243
16529,L5 IT,-0.11068255,0.10623479
107717,L2/3 IT,0.108915925,0.26970017
264424,L5 ET,0.3005277,-0.18666866
2098,L2/3 IT,0.03295642,0.36044127
16477,L2/3 IT,0.0939374,0.2954113
2236,VLMC,0.36398894,0.14949149
16476,L4/5 IT,-0.3395332,0.16669142
1069,Astro,0.4301784,-0.017032593
340,SMC,-0.036150813,-0.16464043
93511,Endo,-0.17926347,0.4131264
261935,L5 ET,0.24559683,-0.2180705
280059,L5 IT,-0.044907063,-0.10099724
1455,Sst,-0.32164305,0.04483688
17759,Oligo,0.047809422,-0.3240795
90742,L2/3 IT,-0.446227,0.16178513
93669,L6b,0.03517258,-0.33876663
18942,L2/3 IT,-0.21356434,0.39933717
17686,L2/3 IT,0.31505728,0.038482904
17679,SMC,0.054348946,0.24382085
16690,Endo,0.38557845,-0.008241922
1618,Endo,0.06494981,-0.12660745
106359,Astro,0.1570257,0.25507218
277192,Endo,0.041476488,0.25425708
16659,L4/5 IT,-0.218707,0.26185155
18613,L6 IT,-0.21894106,-0.17906222
1570,L6 CT,0.02715373,-0.30423754
16624,OPC,-0.28588974,0.098017395
93578,Astro,0.29382408,-0.28203887
17648,Peri,-0.20683032,0.13283956
16913,Astro,0.09067857,0.3814063
18969,Astro,0.09662497,-0.45271403
309,Peri,0.06233275,0.34500623
106352,L5 ET,0.11404568,-0.090036035
107586,L6 IT Car3,-0.17282212,-0.1679872
277140,Endo,0.36841142,-0.07692212
107708,L6 IT,-0.123702854,0.08603209
17683,L2/3 IT,0.19679904,0.24153453
90870,L4/5 IT,-0.20295033,0.20824033
1556,L6 IT Car3,-0.153074,-0.19939318
1554,L2/3 IT,-0.42711082,0.13790232
90808,Astro,-0.05381784,-0.16339028
18859,L2/3 IT,0.39254552,-0.1273714
16564,Astro,0.12859905,-0.46444392
1638,L6 IT,-0.079833925,-0.21339637
17370,L4/5 IT,0.051077545,0.20529115
18639,Oligo,-0.004095435,-0.13036248
93680,Astro,0.36030227,0.009065688
18819,Astro,-0.3354209,0.30316043
18717,Pvalb,-0.26426798,0.23236966
91807,L5 ET,0.23632205,-0.28489596
106283,SMC,-0.099487334,0.4506247
90646,L2/3 IT,-0.36793283,0.23568475
264171,L6 IT,-0.051123142,-0.15856266
16792,Sst,-0.29259655,0.13560575
264174,SMC,0.09595466,-0.32845438
107768,L5 ET,-0.113251865,0.1028384
16339,L5/6 NP,0.26883322,-0.12074548
106684,PVM,0.39871395,-0.045472622
106653,L4/5 IT,0.021945179,0.16478288
18419,L6 CT,-0.092804015,-0.12013051
2348,L5 IT,0.17127979,-0.1598416
91039,L5 IT,-0.17195866,0.11268276
264412,L2/3 IT,0.3833027,-0.16673657
92245,L4/5 IT,-0.23422045,0.23998034
2356,Micro,0.17542773,0.20594841
18722,L5 IT,-0.19087273,0.1436888
90630,Endo,0.038643837,0.19285947
17154,Astro,0.062154472,-0.20280555
264346,L2/3 IT,0.3971311,-0.055882573
91041,Astro,-0.12630156,0.19157845
1176,L6 CT,-0.15818122,-0.036587715
90625,L2/3 IT,0.12290841,0.20073843
1443,SMC,0.14275074,0.16768676
627,L5 IT,-0.16689157,0.1570313
19043,Endo,0.15968859,0.04862261
17142,L6 IT,0.0618549,-0.30547288
17787,L4/5 IT,-0.061687678,0.22158062
17347,L6 IT,0.017486274,-0.025089294
92825,Endo,-0.2780189,0.013625801
19026,L4/5 IT,0.20120847,-0.01519084
192,L6 IT,-0.10173544,0.008882999
261926,VLMC,0.27459383,0.24477327
107722,L2/3 IT,0.055203557,0.25966918
279961,L6 CT,0.04861027,-0.046689183
280175,L6 IT,0.14943331,-0.17211649
17627,L4/5 IT,-0.3081931,0.18585199
18468,Oligo,-0.21889597,0.07712108
93707,Lamp5,-0.060847938,0.41146654
92828,SMC,-0.083841085,0.26907903
261813,Astro,0.11759776,0.23392421
279987,Sst,-0.02638033,-0.07359949
16446,L5 IT,-0.11818093,0.12535298
16438,L6 CT,-0.14243197,-0.085550904
90658,Vip,-0.40687442,0.20318389
91805,L2/3 IT,-0.4101548,0.17218715
17828,Astro,0.24080777,-0.255104
18420,PVM,-0.27361763,0.05976945
184,L2/3 IT,0.11460447,0.25488275
264577,L4/5 IT,-0.121548355,0.2830994
93737,L4/5 IT,-0.029725194,0.21787977
92296,Astro,-0.1561257,-0.03611052
16425,L2/3 IT,0.40052235,-0.12244251
93279,L4/5 IT,0.22743464,0.027635276
19048,Pvalb,-0.05344799,0.17334265
104561,Pvalb,-0.11998218,0.265711
264000,Astro,0.1406936,0.26432234
279213,Endo,0.28120655,0.022558928
6502,Endo,-0.321657,0.016940296
10549,Astro,-0.17838311,0.15297896
10550,L4/5 IT,0.38484758,-0.13573411
6423,L6 IT Car3,-0.22117275,-0.14713252
102938,Endo,-0.016085565,-0.15134907
10620,L2/3 IT,0.06835067,0.20831239
98683,L5 IT,-0.055750072,0.10972446
102954,L5/6 NP,-0.23450488,0.019444883
103049,L5 ET,-0.034163952,0.074541986
98680,L4/5 IT,-0.09500161,0.25015616
103080,L4/5 IT,-0.17190939,0.20340079
6417,Astro,0.06383121,0.18939948
10634,Astro,0.15063608,0.016372323
263204,Endo,-0.32052544,-0.010790855
278418,L5 ET,-0.08060655,-0.011215866
6391,OPC,-0.20584136,0.447087
98645,L6 CT,-0.019053131,-0.2441544
279236,Astro,-0.2812104,0.14910603
98608,Oligo,-0.14324644,0.10234815
98606,Peri,-0.14970288,0.31530643
10703,L6 IT,-0.10232812,0.028484702
98549,L6 CT,0.1514489,-0.31898046
263240,L5 IT,0.13533193,-0.052850127
10710,L6 IT,-0.06603536,-0.24565545
98504,SMC,0.28277212,-0.26218367
98453,Pvalb,0.24929655,-0.36774415
103118,Micro,0.06950134,0.22711569
6375,L6 CT,-0.056548357,-0.14973089
10508,Endo,-0.09266159,-0.16882443
10746,L2/3 IT,0.3879233,-0.12096465
10477,SMC,0.09100515,-0.22819328
10335,L2/3 IT,-0.4239604,0.1810829
10015,SMC,0.40968984,-0.13944909
6883,Astro,-0.4118533,0.20586538
278544,Oligo,-0.03785935,0.1168192
102554,L6 IT,-0.16504046,-0.084323764
262591,Lamp5,0.062524974,0.24575847
10060,L2/3 IT,0.106535554,0.16701937
6784,Peri,-0.06439164,-0.036810726
99174,Oligo,0.26821506,-0.008835703
262587,L6 IT,-0.17457485,-0.18341589
279179,Oligo,0.12883055,-0.29436243
279183,Endo,-0.24369398,0.251032
102594,Sst,0.23640472,-0.2023735
10073,L6 IT,0.13791066,-0.10190132
10083,L2/3 IT,-0.43043986,0.16125256
278517,L2/3 IT,-0.30017018,0.30497307
102630,Astro,0.07568663,0.36871427
10095,L2/3 IT,0.041777432,0.30331725
102710,L4/5 IT,-0.13740939,0.2663824
102770,L4/5 IT,0.17267346,0.0895462
102809,L5/6 NP,0.14768386,-0.17532128
10111,L4/5 IT,-0.34207416,0.1881994
99052,L6 CT,0.23182434,-0.3159943
99027,L2/3 IT,-0.23572323,0.36377704
263151,L6 IT,-0.06617516,-0.21934187
98974,L2/3 IT,0.37153935,-0.056103557
98894,L2/3 IT,0.07847017,0.2965598
278490,L4/5 IT,0.014076948,0.16173375
98881,Micro,-0.25045544,-0.017207712
6627,Micro,0.28873295,0.093069375
10398,Astro,0.30082136,-0.0065457523
10748,Micro,0.21161884,0.09135634
98420,L4/5 IT,0.19815809,0.007867813
262502,L2/3 IT,0.14275879,0.25148445
103338,Sst,-0.15465757,0.0037762523
11382,Endo,0.10711074,-0.35601392
11390,L5 IT,0.31989115,-0.1338633
11452,VLMC,-0.39092946,0.3959021
103359,Endo,0.37634832,0.0006532669
11536,Peri,0.11150634,0.21468526
97893,Oligo,0.02875638,-0.10548136
11680,SMC,-0.0046470463,0.32421607
97815,L2/3 IT,0.31397867,0.10949248
279300,Astro,-0.12137261,-0.08589637
11733,L2/3 IT,-0.17947412,0.3162722
97805,Astro,-0.046756685,-0.0016143024
103396,Peri,-0.14089057,0.2564556
11743,L4/5 IT,0.3798769,-0.19482556
11747,L2/3 IT,-0.048305213,0.3862539
279302,L2/3 IT,-0.4175369,0.23423725
97769,L6 IT Car3,-0.06675294,-0.24916357
263372,L6 IT,0.037487984,-0.22309035
11820,PVM,-0.32871386,0.28571057
262450,Pvalb,-0.11161554,0.19511223
11884,L2/3 IT,-0.071353614,0.2946298
262449,Endo,-0.2071352,0.4712453
11897,L2/3 IT,0.20600063,0.14951015
279312,L2/3 IT,-0.16360739,0.33161938
279316,L4/5 IT,0.36981362,-0.19992998
6061,L2/3 IT,-0.11519241,0.38428837
12039,L6 IT,-0.04566419,-0.14288697
12177,L5 IT,-0.3228726,0.055496693
97589,L2/3 IT,0.050733328,0.23192197
98075,L6 IT,-0.11052686,0.057038307
103332,L5/6 NP,0.20118928,-0.1318357
98097,L2/3 IT,0.13520026,0.25838524
263310,L4/5 IT,0.27646643,-0.10399884
10786,L5 ET,0.18299508,-0.15614864
103139,Oligo,-0.16932154,0.22736359
98367,L2/3 IT,-0.43753743,0.12346995
10789,Pvalb,0.034154773,0.21504682
278367,Oligo,0.049081266,-0.4119694
6307,L6b,0.13677645,-0.4421693
10897,L6 IT,0.16554797,-0.3622247
10902,L5 IT,0.17569804,-0.032514453
98297,Oligo,0.10828662,-0.4539785
11012,Pvalb,-0.12528709,-0.14539033
98261,L6 IT,-0.13614929,0.02867341
11050,L6 IT,0.19580948,-0.14181885
11059,L4/5 IT,-0.12386578,0.18397331
6269,L2/3 IT,0.16051626,0.20945728
99241,Oligo,-0.33816892,-0.07994059
11127,PVM,-0.34109396,0.40559697
6230,L2/3 IT,0.05320829,0.32464498
103280,Astro,0.26620406,0.25765353
103305,Astro,-0.22608122,0.11879629
103307,Micro,-0.27362058,0.09237975
279267,Astro,0.115364075,-0.20981014
11300,VLMC,0.43824136,0.079472005
6204,L2/3 IT,0.09217888,0.28894103
279277,L5 IT,0.1390872,0.025600791
6199,L2/3 IT,-0.1666834,0.29871118
6179,L2/3 IT,-0.43282005,0.17530173
98158,L5 IT,-0.2210829,0.112748325
98114,Oligo,-0.17753777,-0.25893027
6149,L5 ET,-0.067224264,-0.053833365
98106,L5/6 NP,0.22490662,-0.16602328
103157,L6 CT,-0.013672143,-0.3055297
10011,L4/5 IT,0.010038614,0.1832273
99267,OPC,0.048885107,0.3971436
9962,L6 CT,-0.12149665,-0.21096027
8721,L5 ET,0.085808754,-0.100805044
279023,Oligo,-0.14187273,0.29930806
8798,Lamp5,0.286663,0.2334128
100295,VLMC,0.413612,0.15331757
7641,Pvalb,-0.10156858,-0.21347782
8820,Endo,-0.035301954,0.33363593
262956,L4/5 IT,-0.25270823,0.25791824
262762,L6 CT,0.024665356,-0.10258013
278787,VLMC,0.2229287,0.30322552
279041,Astro,-0.29309815,0.14137703
8834,L6b,-0.031451017,-0.2735961
7595,L2/3 IT,0.41333002,-0.04046476
279045,Micro,-0.1682407,0.08853823
100267,Astro,0.20496976,0.32653958
8850,L6 IT,-0.042659044,-0.24099734
262761,Oligo,0.026469588,-0.37536913
101463,Endo,-0.22381309,0.42792863
100260,L5 IT,-0.16733062,0.13037848
8900,Oligo,0.07258701,-0.3820712
7573,L4/5 IT,0.21712708,-0.010605067
101484,L6 IT,-0.1665599,-0.2492432
9011,Pvalb,-0.027446598,-0.115608364
279053,VLMC,0.12971479,0.39067608
279056,Endo,0.3562882,-0.070061356
100200,PVM,-0.14516017,-0.17238942
100198,L6 IT,-0.01382488,-0.07119912
101529,Oligo,-0.03913796,-0.2730408
9136,L2/3 IT,0.17705762,0.19073057
9206,Oligo,0.10244846,-0.3534084
100336,L2/3 IT,0.11857313,0.28217053
7743,L6 CT,-0.011143178,-0.14393353
8640,Micro,-0.22408623,0.13584775
7778,PVM,0.09982139,-0.4291392
8203,Vip,0.36545002,-0.1280798
100962,Lamp5,0.090529025,0.34820366
8078,L6 CT,0.15540463,-0.3944887
8077,Oligo,0.092543185,-0.41535252
100914,Peri,0.33311057,0.048005342
101032,Oligo,-0.25355032,0.21606463
8036,PVM,0.16372275,-0.22844008
8029,L2/3 IT,-0.4062156,0.15515196
8226,L2/3 IT,0.3108124,-0.025607735
100837,L4/5 IT,0.36313432,-0.18486008
101050,L2/3 IT,0.3818305,-0.006727904
100755,Endo,-0.32641977,0.34932864
100724,Vip,-0.19965151,0.33508533
8272,L2/3 IT,0.052729845,0.24146956
9214,Endo,-0.18171975,0.18433195
101083,L5 IT,-0.030692667,0.05683863
101128,L5 IT,-0.052681774,0.14718717
8317,SMC,-0.17776951,0.2530412
8362,Pvalb,0.11681467,-0.039299875
8380,L2/3 IT,0.21726108,0.22449523
101154,L4/5 IT,-0.094451845,0.22479111
8402,Endo,0.069640756,0.01167655
278857,L6 CT,-0.14732829,-0.01374197
8449,PVM,0.39170992,-0.11388177
101271,L2/3 IT,0.15453392,0.2584141
7925,L2/3 IT,0.1293248,0.2932943
8530,L5 IT,0.32088184,-0.19724327
7888,Peri,-0.2374497,-0.10798463
101290,Astro,0.09650415,-0.4578074
262933,L4/5 IT,-0.38906896,0.14857721
8300,Micro,0.20974356,-0.2826977
97585,OPC,0.016962886,-0.103679895
7514,L2/3 IT,-0.3517989,0.26108015
100177,Lamp5,0.34426808,-0.17742649
9725,L5/6 NP,-0.22823292,-0.0056032836
279122,L2/3 IT,-0.09697184,0.34806997
9743,L6 CT,-0.109740704,-0.22860909
99592,L2/3 IT,0.4469844,-0.06284037
279134,Oligo,0.052260876,-0.36305237
102251,L4/5 IT,-0.4023348,0.14737844
99557,Endo,0.4811105,-0.057584107
9763,Peri,0.03710729,0.167849
102295,L2/3 IT,-0.25235915,0.33192348
102312,L4/5 IT,-0.26318544,0.18811512
6956,Astro,-0.03095007,-0.13366523
102341,Astro,-0.065708935,-0.15966949
99493,L4/5 IT,0.109727025,0.078645766
99488,L2/3 IT,0.14322251,0.2542609
102361,L2/3 IT,0.30623108,0.03664106
262623,Endo,-0.35988003,0.060747206
9795,L6 CT,0.010099471,-0.23211244
6934,L6 CT,-0.12911147,-0.06458762
102381,Endo,-0.2392276,0.07527888
9833,L4/5 IT,-0.07104018,0.26219404
99373,Oligo,0.021531165,-0.39409304
6886,L6 CT,-0.10500914,-0.019817263
102395,L2/3 IT,-0.35655382,0.24462456
102405,L5 ET,0.21117145,-0.29908526
102527,Oligo,0.035418153,-0.16487855
9943,Peri,0.018777728,0.19969004
102537,Astro,0.09715772,-0.4383648
99273,L4/5 IT,-0.24527454,0.22527629
9958,Pvalb,0.08765441,0.13601965
9682,Oligo,0.32637298,-0.25922394
99674,L4/5 IT,0.25722718,-0.047756255
279120,L2/3 IT,0.46339417,-0.07639432
102183,L6 IT,-0.15305817,-0.21506077
100171,Endo,0.057259917,-0.1627298
279066,OPC,0.35212952,-0.21651256
100147,L5 IT,0.19793749,-0.113416374
100140,L6 CT,0.16292578,-0.34341067
101711,L6 CT,0.13910794,-0.41448304
7447,L4/5 IT,-0.14506844,0.19311744
100125,Lamp5,0.40187824,0.057489276
100086,L2/3 IT,-0.059632838,0.3256697
101850,L6 CT,-0.08427867,-0.22476289
279084,Oligo,0.28925693,-0.27787942
279085,Endo,0.32971078,-0.1410203
100072,L2/3 IT,0.39905328,-0.17009354
9402,L6 CT,-0.05267048,-0.13823533
9410,L5 IT,-0.3136135,0.057455957
279063,Astro,-0.3187286,0.16736835
7388,L6 IT,-0.07788417,-0.049291402
100034,OPC,0.19235462,-0.17298147
9539,L2/3 IT,0.3840866,-0.11051658
9558,L6 CT,0.0753966,-0.18460864
263031,L6b,0.11871505,-0.40616405
100016,L4/5 IT,0.20044434,0.063397825
9565,Endo,0.3738916,-0.061734945
101991,L5 IT,0.1021598,-0.0019652843
100009,L2/3 IT,0.3108729,0.111569226
102086,L5 IT,0.11377293,0.03645891
102095,L4/5 IT,-0.14286703,0.2617948
102108,Astro,-0.068448335,0.40976453
9574,L2/3 IT,0.1292792,0.2600488
9588,SMC,-0.37868112,0.3398031
9653,L2/3 IT,-0.42078456,0.19126755
9441,L4/5 IT,-0.12302232,0.25108802
2571,Astro,-0.1387819,0.06292826
12187,L6 CT,-0.17407143,-0.04159394
263415,OPC,-0.22751269,0.41819292
95285,Astro,-0.060553312,-0.10799569
279710,L2/3 IT,-0.32063144,0.27437413
14516,Astro,0.064787745,0.2628293
95220,L2/3 IT,0.09746665,0.18242842
263788,L2/3 IT,0.1305638,0.25939983
95191,L2/3 IT,0.41157758,-0.077509046
3780,L6 IT Car3,-0.2252881,-0.07821673
95175,L2/3 IT,-0.14771956,0.4006818
105091,Oligo,0.050113976,-0.40903193
14592,Oligo,-0.30508137,0.14381462
95124,Sst,-0.36259913,0.28224283
277807,L5 IT,0.09002417,-0.114499
95112,L6 CT,-0.043655306,-0.1273157
95065,PVM,-0.051320404,0.41518545
3779,Endo,-0.048100203,0.25079578
14606,Endo,0.2946555,0.13452512
14638,L4/5 IT,-0.0074395835,0.20236808
14672,L4/5 IT,0.08398265,0.23064989
262167,L2/3 IT,-0.18206903,0.31658554
3682,Lamp5,0.43745232,0.009685934
95006,Endo,0.07766366,0.34107918
14738,Astro,0.17074686,0.06882632
3663,Pvalb,0.053412914,-0.21489066
3662,Micro,0.0047667623,-0.15203127
14757,L4/5 IT,0.35592818,-0.13984609
3628,PVM,-0.10984832,-0.14039737
3576,Oligo,-0.104738325,0.20693833
94958,OPC,0.027908385,-0.07825124
105245,L6 IT,0.007199347,-0.06479791
3795,Pvalb,-0.00739941,0.15235108
3569,L2/3 IT,-0.30512628,0.29844266
105025,L5 IT,0.2843172,-0.18062052
104999,Oligo,0.28019834,-0.161791
13972,Endo,-0.015082598,0.19203943
95850,L6 IT,-0.21058643,-0.16830137
95838,L6 IT,0.13431787,-0.18944412
95733,L5 IT,-0.093779355,0.078921914
4124,Endo,-0.0152364075,0.17353213
4121,L6 IT,0.14362174,-0.30918688
95588,L2/3 IT,0.007039666,0.24299896
95577,Oligo,0.17241973,-0.3061183
95566,L4/5 IT,0.20260727,0.013504326
104739,Endo,-0.24419782,0.32539564
262219,Endo,-0.29681757,0.3964011
4117,L6 IT,-0.11865482,-0.012757629
95518,L5/6 NP,-0.045464844,-0.04946357
14038,L5/6 NP,-0.06721008,-0.0748834
4114,L6 CT,-0.058623523,-0.061733812
95487,L6 CT,0.11197233,-0.31245035
95460,L4/5 IT,-0.20335081,0.2669856
4063,Endo,0.11580068,-0.01116237
104856,L4/5 IT,-0.1819838,0.22166824
95454,L6 IT,-0.25206593,-0.079148084
95453,Endo,-0.3530168,0.33842212
95362,L5 ET,-0.049515635,-0.064973384
95352,L2/3 IT,0.41895515,-0.109433144
14236,L2/3 IT,-0.31405294,0.3011834
95344,L6 IT,0.2020539,-0.11666682
95325,Oligo,-0.10943735,-0.04478571
104949,L2/3 IT,0.077046454,0.27855998
95302,L2/3 IT,0.4237544,-0.041890174
3863,Endo,-0.014613181,0.2712493
14321,PVM,-0.22841409,0.4613124
94950,L6 IT,0.08317882,-0.10756627
14807,Astro,-0.027021825,0.44660813
105277,Endo,0.29059565,-0.18111551
15298,L4/5 IT,0.23891151,0.012059689
105567,L2/3 IT,0.09382558,0.30690467
15371,L6 CT,0.0020754337,-0.21638325
94528,L6 IT,-0.038399816,0.02689898
15475,L2/3 IT,0.26909333,0.11583501
105609,Astro,0.25126654,0.2437905
94469,Pvalb,-0.18842351,0.16256982
94407,L2/3 IT,0.08780998,0.21157986
2965,L6 IT,-0.05206588,-0.17969745
2957,L4/5 IT,-0.24531692,0.19042587
15589,Astro,-0.32180434,0.16609877
105677,L6 CT,-0.074551046,-0.14608392
105715,Micro,-0.027970463,-0.25092936
2783,L6 CT,0.17156404,-0.33879817
2771,L6 IT Car3,-0.20125908,-0.20880964
15664,L4/5 IT,-0.17095959,0.24353576
262051,OPC,0.34252965,0.18460923
15808,PVM,0.013207316,0.40740603
279896,L4/5 IT,-0.0055583715,0.18333793
15835,Pvalb,-0.14578348,0.031582475
94355,Pvalb,-0.24864179,0.3569101
15924,Peri,-0.24568012,0.08664405
263977,L5 IT,-0.05832866,0.044484437
94262,L5 IT,-0.16754645,0.112650394
105877,L6 CT,0.15352386,-0.3038363
15960,OPC,-0.075792074,0.45810175
2675,L5/6 NP,0.23306984,-0.35826528
94250,L2/3 IT,-0.024340034,0.27428806
105982,L4/5 IT,0.30728698,-0.07214013
94558,L4/5 IT,-0.10597518,0.28624338
94573,L4/5 IT,-0.24260962,0.20049143
15293,Oligo,0.065162,-0.28645533
105529,Micro,-0.15666151,0.11133629
14836,L6 IT,0.12356365,-0.2978587
14855,L5 ET,-0.14553767,0.10742563
262146,L2/3 IT,0.10269642,0.2174589
105286,VLMC,0.45456284,0.059651375
279786,L4/5 IT,-0.20113847,0.2504549
277749,Oligo,0.23826194,0.30297416
3463,L6 IT,0.030941546,-0.0077500045
14884,Micro,0.13992423,0.14437336
3412,Peri,-0.270228,0.15328479
94780,L6 IT,-0.084350616,-0.23637071
262121,L2/3 IT,-0.19253623,0.42580354
105372,L6 IT,-0.0060478747,-0.07743257
94768,L2/3 IT,0.08663458,0.2931484
14970,L2/3 IT,-0.44391292,0.1347959
263701,Astro,0.3025239,-0.1953243
277722,L6 CT,-0.20930988,-0.11506507
15025,L2/3 IT,0.44251716,-0.02944991
3255,L2/3 IT,0.05269903,0.26490664
15146,Astro,0.25996637,0.14547813
94739,L6b,0.12002766,-0.39703965
15182,L2/3 IT,-0.34291577,0.27278244
3224,Micro,-0.13993588,0.4523977
15208,L2/3 IT,0.0788151,0.2081368
15210,L4/5 IT,0.2695052,-0.04747203
3220,L5 IT,0.35049325,-0.17589885
105502,L2/3 IT,0.11234945,0.25562
3115,Pvalb,0.04442227,0.10973549
15240,Oligo,0.082362294,-0.40700653
3113,Lamp5,-0.2732168,0.34844643
15270,Astro,-0.37621212,0.2720784
3334,L5 IT,-0.33327258,0.1753872
104643,L2/3 IT,0.05162579,0.30926323
104633,L6 CT,-0.030253321,-0.122651845
95852,L6 CT,-0.03289613,-0.14348367
278085,Astro,0.35535353,0.1421001
5484,L6 IT,0.16508657,-0.2581698
103876,L5 ET,-0.2564922,-0.03821951
12774,L4/5 IT,-0.33953226,0.08794278
103917,L2/3 IT,-0.2346746,0.34984618
12790,L2/3 IT,-0.31585234,0.34551567
12834,Oligo,0.16057014,-0.4514527
103947,L6b,-0.040278196,-0.29684204
279428,Astro,0.06272161,-0.41311368
12844,L6 CT,0.07786399,-0.20017606
5396,L4/5 IT,-0.21592551,0.16969949
278057,Oligo,0.0023872256,0.090866506
5350,Endo,0.39570916,-0.002244085
5339,L6 CT,-0.063019246,-0.036234677
97047,L6 IT,0.09452468,-0.11114523
104046,L6 IT,0.055209875,-0.19100079
278054,Pvalb,-0.13222185,0.070956945
263513,Endo,0.30375963,-0.0018622279
263515,L4/5 IT,0.054309547,0.18973953
104071,Pvalb,-0.23718926,0.30786538
96936,Oligo,0.19034302,-0.12866831
278047,L6 CT,-0.18108481,-0.20501974
96918,Oligo,-0.2647999,0.16820431
12882,L6 CT,0.116658986,-0.32856047
5246,L6b,0.013219714,-0.29400015
12921,L2/3 IT,0.24507391,0.19793278
278033,L4/5 IT,-0.3511976,0.123055935
263547,L6 IT,0.092936635,-0.0773896
104118,PVM,-0.07553092,0.07909566
103833,L4/5 IT,0.029361963,0.16163588
97150,Pvalb,0.06845516,-0.058421195
97151,L2/3 IT,0.4037916,-0.007209629
97168,Pvalb,-0.14944851,0.12265611
278152,L2/3 IT,0.40028888,-0.13397655
12261,L4/5 IT,-0.235656,0.19770354
97515,Micro,0.26401895,0.09150207
97473,L2/3 IT,-0.07420415,0.26628804
103592,OPC,-0.35663873,-0.10098079
5672,OPC,0.35237664,-0.1405698
12333,Oligo,0.09225571,-0.4417498
263443,Astro,0.25730187,0.18977863
97434,Astro,-0.43513525,0.031906366
103678,Endo,0.27802026,0.22693765
5627,L5 IT,-0.3147572,0.11619413
5614,Endo,0.0143684745,0.32218224
12382,OPC,-0.0816274,0.25645608
12414,Endo,-0.17064133,0.30503953
5078,Micro,-0.032141954,0.10214102
5540,L4/5 IT,0.08689493,0.1492281
97282,Oligo,0.03346491,0.23117197
12485,PVM,-0.18986857,0.3700087
103748,L6 CT,-0.1145083,-0.06282109
5532,L6 IT,-0.07623187,-0.25993228
12500,L6 CT,0.20268565,-0.34568
12527,L4/5 IT,0.07502586,0.17875725
103761,L6b,0.13130605,-0.39199388
12531,L2/3 IT,0.019463241,0.32658142
97249,L5/6 NP,0.0008383393,-0.10133085
5511,L2/3 IT,0.08959925,0.2856418
12550,L4/5 IT,0.3310985,-0.13306329
12569,VLMC,0.4985448,-0.04715076
103798,Oligo,0.0103901625,-0.38022575
12656,Oligo,-0.18484628,0.21419609
97309,L2/3 IT,-0.017885149,0.27362508
6043,L6 IT,0.1160931,-0.2144078
96759,L2/3 IT,0.07097238,0.34592348
104160,L2/3 IT,0.032510996,0.31086224
96173,Oligo,0.103114665,-0.40438786
96171,Oligo,0.12703139,-0.38088125
13493,L6 IT,0.0061801076,-0.18281364
262289,L2/3 IT,0.45139492,-0.10665685
96104,Endo,0.15918583,0.206774
13602,Astro,0.058054328,0.37121463
96079,Vip,0.030971706,0.20334923
96066,L5 ET,0.1359815,-0.04975328
13623,L5 ET,0.22536612,-0.15101251
262283,L5 IT,-0.13626629,0.13214672
4489,VLMC,0.5,-0.052258402
263659,Lamp5,0.34767407,-0.042060047
13650,Astro,-0.22289053,-0.096331
262276,Endo,0.08431488,-0.3815612
104478,Micro,0.04459238,0.3683374
4456,L6 IT,0.07910752,-0.03727755
95968,Oligo,0.08788222,-0.1297695
95957,Peri,0.14643484,0.2700109
277922,L6 IT,0.27252346,-0.27961147
95955,Oligo,0.06454241,-0.4231798
4394,Pvalb,0.16249353,-0.26137936
13822,Astro,0.10997176,0.34779644
279627,Micro,0.026769519,0.2885102
13868,SMC,-0.010386735,-0.23951146
4175,PVM,-0.029943943,0.23359996
104572,L4/5 IT,-0.1694679,0.2756353
95878,Endo,-0.20366827,0.103434026
95874,Vip,0.435192,-0.08743018
13967,L4/5 IT,-0.1452286,0.26287848
96191,Sst,-0.05238536,-0.16076982
96224,L4/5 IT,0.3604145,-0.19145522
13432,Endo,0.065351546,-0.17541075
13325,Astro,-0.21349877,0.039898455
12960,L2/3 IT,0.31488883,-0.03218758
5068,Oligo,0.071219146,-0.41845223
5002,L6 CT,-0.0007341504,-0.30815583
279510,L4/5 IT,0.06205499,0.14383614
4922,L6 CT,0.24791133,-0.2930774
4921,Pvalb,-0.052786678,-0.17496213
279514,Endo,-0.09855339,-0.030467302
96584,Oligo,0.25975418,-0.30737323
13039,SMC,-0.19927794,0.40154737
104212,L2/3 IT,-0.34068906,0.3090886
96569,PVM,0.15421402,-0.017312974
96541,L2/3 IT,0.11069465,0.28558153
4906,Vip,-0.002640605,-0.30986506
4879,L6 IT,-0.00024440885,-0.27386254
12928,SMC,-0.050870776,0.2084071
13042,Oligo,0.077103615,-0.4445524
13075,L4/5 IT,-0.23757881,0.18597782
13077,Peri,0.09988803,0.2755865
96436,L6 CT,-0.12786672,-0.119883984
96374,L5 IT,0.30346477,-0.17118478
4847,Astro,0.39101815,-0.10934782
4840,L2/3 IT,-0.405768,0.14554107
13165,Vip,0.052747846,0.32065052
4683,Pvalb,0.019029379,0.13362569
13176,Astro,0.12393403,0.24037844
4662,Astro,-0.28328955,0.34653562
263611,L6 IT,-0.13429594,-0.07503539
96320,L2/3 IT,-0.11914793,0.38560838
96311,VLMC,0.49338496,-0.039614767
96290,L6 IT,-0.24157485,-0.0042693317
4877,Oligo,0.03448856,-0.3429336
58309,L6 CT,-0.01977545,-0.15780449
82573,Endo,0.2967415,-0.062015474
19374,L6 CT,0.12074906,-0.40372002
69286,Pvalb,-0.15217108,0.38452035
268399,Vip,-0.25624514,0.1779679
268398,Endo,0.1011498,-0.43726414
268383,L4/5 IT,0.32295924,-0.16294435
268378,L5 ET,0.08520615,-0.08913553
272545,Astro,-0.2603001,0.0564034
69455,L2/3 IT,0.07725549,0.19814694
44646,L6 CT,0.013297439,-0.04510969
44640,L5 IT,0.30856222,-0.26703793
272558,Sst,-0.20264232,0.17909634
69591,PVM,0.15969849,0.20960176
69622,Endo,0.19160366,0.22359723
44550,Sncg,-0.05358848,0.400631
44469,L2/3 IT,-0.26282027,0.3958552
44450,Vip,0.45264935,-0.050482035
69649,L2/3 IT,0.16589993,0.17897767
44406,Astro,0.2261402,0.088884115
69651,L4/5 IT,-0.08844823,0.23958838
69663,L2/3 IT,0.33394235,-0.011727631
45102,L6 IT Car3,-0.33079448,0.13578385
44261,L6 IT,-0.060572863,0.03218484
69100,Astro,0.27400017,0.21753949
45107,Pvalb,0.11834335,0.26596242
68590,L6 IT,-0.06572762,-0.06358659
268498,PVM,0.3656249,0.10898954
45370,VLMC,0.09308082,0.36766022
68762,L4/5 IT,0.21034789,-0.016845495
45341,L2/3 IT,0.15786642,0.21686286
68816,L2/3 IT,-0.24132341,0.30687392
45304,L5 IT,0.14084524,-0.007902741
68851,Oligo,0.011332691,-0.2480953
272461,Lamp5,-0.17517585,0.4695968
45228,L2/3 IT,-0.10765782,0.30217022
45182,L2/3 IT,0.0038604736,0.2909183
268451,Astro,-0.23369277,0.12066704
68894,L6 CT,0.08134228,-0.29081222
68899,L4/5 IT,0.36463273,-0.12837613
68960,L2/3 IT,-0.03580004,0.3726508
268436,L2/3 IT,0.0879882,0.2368542
45140,Oligo,0.123472154,-0.4610347
69010,L2/3 IT,0.15344322,0.2697248
45131,L2/3 IT,0.24344921,0.09664917
69052,PVM,0.16633117,0.32156396
68516,Astro,0.06430006,-0.109225035
268323,L2/3 IT,0.32087028,0.08511251
44219,L4/5 IT,0.3307786,-0.16242197
70165,L4/5 IT,0.18155885,0.003579259
43641,Oligo,0.10153037,-0.4679433
43639,L4/5 IT,-0.2030516,0.2512403
43638,Endo,-0.22049835,0.37170315
43633,L5 IT,-0.1224086,0.02116406
70225,L2/3 IT,0.17113405,0.20085967
70251,Endo,0.16714418,0.20966667
43582,L4/5 IT,0.07855368,0.16719013
70364,L2/3 IT,0.11913818,0.18397087
70492,Pvalb,-0.10211599,0.15985548
272717,L2/3 IT,0.12547684,0.23200762
43508,L2/3 IT,0.43192035,-0.10229945
70585,L2/3 IT,0.42617428,-0.024699688
70661,L2/3 IT,0.41110706,-0.01108554
70691,Astro,-0.35949576,0.09530151
43491,L4/5 IT,0.18659157,0.010101974
43471,L6 IT,0.12639618,-0.1995928
43460,Vip,-0.12498197,0.2924469
43395,Endo,-0.016741306,0.17138761
43681,L6 CT,-0.15699536,-0.034672916
69736,L2/3 IT,0.11277288,0.2666967
43722,L4/5 IT,0.16229045,0.023287058
43727,L5 ET,0.29919976,-0.2267237
272602,L6 CT,0.24380136,-0.3018533
44165,L2/3 IT,0.092484355,0.20399958
268305,L2/3 IT,0.40100634,-0.023805857
69785,PVM,0.03848833,-0.24052519
272604,L4/5 IT,-0.20263803,0.21893209
69807,Astro,0.25922763,0.0326463
44159,L6 IT,-0.056008905,-0.021336168
44155,L6b,0.025011182,-0.332312
44099,L2/3 IT,0.07484937,0.23331791
69905,Astro,-0.28651714,0.16891903
44072,L2/3 IT,0.15843326,0.24978507
43986,Peri,-0.2036595,0.16340339
43983,PVM,0.1888088,0.24021113
43959,L6 CT,0.16466886,-0.3876993
43952,Oligo,0.18762898,-0.33412635
43855,Pvalb,0.10261279,-0.21679366
43791,L6 CT,-0.034575224,-0.075000405
43738,OPC,0.06974214,0.38724542
268262,L2/3 IT,0.11814785,0.2947145
43723,Oligo,0.044114172,-0.39009756
68478,L6 IT,-0.25278682,-0.0884738
45575,L6 CT,0.1955117,-0.34769252
68397,L2/3 IT,-0.32469708,0.25201613
47323,L5/6 NP,0.1057896,-0.10941267
66938,L2/3 IT,0.3227194,-0.07235181
47314,L6 CT,0.055711985,-0.14047468
47250,Astro,0.16458869,0.03820324
66972,L6 IT,-0.040100873,-0.21163875
47207,L6 CT,0.014159024,-0.20619836
66977,VLMC,0.1358198,0.37938392
47121,Astro,-0.09090409,0.11862385
272153,L5 IT,0.029138207,0.1110245
67073,L6 CT,-0.0042285025,-0.13324243
67082,L5 ET,0.24077517,-0.14881977
67128,L2/3 IT,0.3635456,0.0020298362
47038,Sst,-0.12976837,-0.07228759
67139,L5 IT,0.17518538,-0.034760058
67158,Pvalb,-0.21295011,0.28812236
268750,L6 IT,0.03186673,-0.2607137
46923,L6 CT,0.048442423,-0.10498759
272204,Endo,-0.04135266,0.19486678
67223,Astro,-0.07327691,0.35946596
47361,VLMC,0.15824705,0.3645125
67242,L2/3 IT,0.3850497,-0.02482903
66907,Oligo,-0.12889686,-0.18375379
66852,L6 CT,0.21194172,-0.3297584
66627,L4/5 IT,-0.010298669,0.18342996
66653,SMC,0.026839733,-0.13271517
47690,L5 IT,-0.2931137,0.093883336
268851,Astro,-0.17407209,-0.15770161
268849,L2/3 IT,-0.40447408,0.18781191
66662,Astro,0.07519615,-0.4181901
47683,L2/3 IT,0.39388198,-0.14733699
47678,SMC,-0.00784412,0.1778683
47638,Oligo,0.08329582,-0.31417933
47636,L6 IT Car3,-0.089095235,-0.23178732
66734,Oligo,0.15330118,-0.2586537
47634,Oligo,-0.024213105,-0.1849159
47625,L2/3 IT,0.11351818,0.21370596
66755,L5/6 NP,0.09073353,-0.18418863
66777,OPC,0.3202235,0.13510507
66809,L6 IT,-0.20685884,-0.1669097
268808,Astro,-0.22198415,0.4290732
66837,L6 IT,0.124539435,-0.18491119
66848,L5 IT,-0.10704529,0.073234975
66858,L6b,0.10725057,-0.40066388
46729,Pvalb,0.08857316,-0.27262807
46615,L6 IT,-0.14121321,-0.21522844
46592,L5 ET,0.024283051,-0.078550935
268599,Pvalb,0.061247885,-0.22460428
67921,Endo,-0.10939708,-0.1711626
67941,L2/3 IT,0.18172234,0.22841644
67949,Astro,0.083341,-0.34109992
45974,L5 IT,0.14840329,-0.019411951
68009,L5 ET,-0.082536995,0.06766814
45951,Oligo,-0.14013284,0.035443723
45935,L5 IT,0.22635162,-0.074697584
68019,Sst,0.19287926,0.2321797
68052,L6 CT,-0.013137221,-0.08311683
272349,L4/5 IT,0.35424727,-0.11401975
45883,L5 IT,0.17175663,-0.039155275
45852,L2/3 IT,-0.27478898,0.38743412
68167,Micro,-0.06522587,0.43596673
68331,L2/3 IT,-0.27505147,0.41254902
45769,Endo,0.021052122,0.15738916
45712,Micro,0.15968972,0.17938733
268538,Astro,-0.3814029,0.3141675
45672,L4/5 IT,0.007581651,0.22235417
45992,Micro,0.3719632,-0.006797105
67861,L2/3 IT,-0.14512268,0.3604288
67850,L6b,0.10924542,-0.3986306
46002,VLMC,0.41313964,0.08946192
46582,Astro,0.12661874,-0.40419525
46528,L2/3 IT,0.13813353,0.21944124
67261,L2/3 IT,-0.22312722,0.39523298
46412,Astro,-0.10328424,0.36159945
46393,L4/5 IT,-0.10972148,0.2939902
46392,L5/6 NP,0.12402755,-0.19199249
46364,Oligo,0.039105654,-0.34032694
67385,SMC,-0.21305278,0.3313328
46320,Endo,-0.02770868,0.18103331
43359,L6 CT,0.08154374,-0.2330463
268683,Astro,0.111999154,-0.4103869
46183,PVM,0.107860684,0.15940845
46159,L5 IT,0.22405285,-0.10379955
67610,Pvalb,-0.26258838,0.23131138
67652,Lamp5,0.0024802089,0.4011984
67696,L5 ET,-0.06253198,-0.04763156
272311,L6 IT,0.03937596,-0.28229994
268626,Lamp5,-0.39456534,0.1755305
67802,L2/3 IT,-0.06299633,0.3507433
67816,L2/3 IT,0.41283333,-0.16043645
46235,L4/5 IT,-0.3403551,0.19149011
268859,L6 CT,-0.0813508,-0.15637901
43301,VLMC,0.36443847,0.13608128
43259,Endo,0.026942134,0.14393574
73450,L4/5 IT,-0.39657956,0.14799982
73475,Pvalb,-0.19080997,0.22051811
73491,SMC,0.342268,-0.20948488
39701,L5/6 NP,0.3147233,-0.20666927
273388,L6 CT,0.06569743,-0.16521418
73561,L4/5 IT,-0.30941823,0.18294746
39683,L4/5 IT,-0.18214089,0.18394405
39647,OPC,0.13163036,0.3752511
39602,Astro,0.1519481,-0.32636195
39592,L6 IT Car3,-0.10406387,-0.2509554
39492,Astro,-0.17373961,0.4564317
73662,Astro,0.22738731,0.16992444
39405,L5 IT,-0.091867805,0.12836683
73684,L5 IT,0.0004529357,0.11635476
73719,Endo,-0.23289096,0.21846038
73721,Oligo,0.021555781,-0.27487338
73759,L2/3 IT,-0.008203775,0.33660817
39309,Sst,-0.20435959,0.1363622
73879,L2/3 IT,0.09384179,0.26083744
73337,L6b,0.121546924,-0.43046835
39284,L5 ET,0.2137776,-0.10121882
273380,Astro,0.103744626,-0.46778175
73248,Astro,0.07479483,0.08845854
72848,Endo,0.08658606,-0.17251748
72946,Oligo,-0.040792674,-0.27523562
273303,SMC,-0.16382423,0.3849933
72982,Micro,0.1662572,0.063646495
72984,L4/5 IT,0.30731833,-0.10236171
72995,L6 IT Car3,-0.06650117,-0.23835695
267753,L6 CT,-0.09654468,-0.07015163
40054,L4/5 IT,-0.28033084,0.13738334
40013,SMC,0.42486715,-0.08633691
73027,VLMC,-0.22733212,0.49714231
73039,L6 CT,0.15970272,-0.2110148
39917,Astro,0.18735605,-0.41284186
39891,L2/3 IT,-0.034362376,0.36082727
73074,Micro,-0.4087128,0.2328251
39878,L4/5 IT,-0.31910378,0.11777377
273356,Oligo,0.14765126,-0.25251788
73106,Endo,0.030558348,-0.22228652
73173,L4/5 IT,-0.3093212,0.25763232
267714,L5/6 NP,0.14353871,-0.045291543
39747,L5 ET,0.06880772,-0.10206109
40271,L5 IT,0.15708834,0.02598834
73895,L6 CT,-0.028465003,-0.10510677
73959,L2/3 IT,0.12992263,0.15742922
267453,Micro,0.23960006,0.28581303
38606,L6 CT,-0.21710965,-0.101303905
267442,L2/3 IT,0.1950447,0.21105278
38571,L6b,0.06788182,-0.3654881
267439,Astro,0.43733972,-0.021226317
38556,Oligo,0.08061051,-0.40938488
273611,Peri,-0.00021833181,0.21164912
38500,L6 IT,0.2405355,-0.2547261
74936,L2/3 IT,-0.42154074,0.17539477
38434,Oligo,0.03904426,-0.35583776
38344,L2/3 IT,0.25000948,0.010691047
267429,L4/5 IT,-0.039919376,0.18384784
38255,L6 CT,0.10055983,-0.17639115
38233,Micro,0.29102242,-0.099429816
75110,L2/3 IT,0.35838783,-0.008160979
273643,Astro,0.002976358,-0.04575312
38187,L6 CT,-0.1172736,-0.3194041
38125,L2/3 IT,0.38368994,-0.067732304
38104,Oligo,0.037246406,0.10116482
74868,L5 IT,0.31183124,-0.1641703
73942,VLMC,0.29319417,0.22741598
74816,Lamp5,0.3495891,0.075157344
74813,Astro,0.39737326,-0.085463345
39232,L4/5 IT,-0.12305009,0.22682273
39182,L4/5 IT,-0.09549931,0.18177539
74076,L4/5 IT,-0.35133475,0.16362941
74120,L6 IT,-0.20358878,-0.16636586
74153,Micro,0.14459014,0.078831375
74173,Astro,-0.21825364,0.16510904
39006,L6b,0.14798617,-0.43164653
74389,L4/5 IT,-0.351417,0.1940121
74391,Oligo,0.25033653,-0.22252026
38937,L2/3 IT,-0.37124807,0.2529595
74502,L6 CT,-0.06938672,-0.06120491
74547,L6 CT,-0.013308495,-0.004611492
38810,Oligo,0.021652222,-0.14269176
267495,L6 IT,0.18810427,-0.14573619
74632,Astro,0.028326154,-0.33197755
38720,L2/3 IT,0.124399364,0.25075436
74658,L4/5 IT,0.3730982,-0.15183258
74766,Endo,-0.13013208,0.28467166
74800,L2/3 IT,-0.41695505,0.15544659
38622,L4/5 IT,0.052228153,0.1724068
40302,L2/3 IT,-0.43606043,0.15545976
273261,Micro,0.124183714,0.300022
40375,Oligo,-0.108668804,0.045575976
42756,L6 IT Car3,-0.08106086,-0.2605915
71394,L6b,0.12823325,-0.42414135
42715,L2/3 IT,0.104275346,0.30443853
272871,L2/3 IT,-0.28953296,0.37907255
42625,L4/5 IT,-0.32197714,0.14441538
42621,L5 ET,0.105550885,-0.0021104813
71481,L6 CT,-0.10995901,-0.22159019
42400,L6 CT,-0.043000787,-0.2647478
268034,L2/3 IT,-0.13898116,0.3046099
71513,L2/3 IT,0.07202166,0.20738763
71520,Astro,-0.004087031,0.28807527
71609,L4/5 IT,-0.1279605,0.2067061
42342,L2/3 IT,-0.285893,0.3611349
71630,Peri,-0.18135613,-0.21513882
71653,L2/3 IT,0.34026343,-0.04722762
42323,Micro,0.15157127,-0.29084283
71704,Endo,0.24789315,0.062345386
71760,OPC,0.22874916,0.2926023
71761,L6 IT,-0.21237805,0.047583044
71374,OPC,-0.2088258,0.024903297
71781,Micro,-0.26939338,0.3543173
42781,Micro,0.3111527,-0.067497015
71234,L5 ET,-0.013744473,-0.016834497
43258,Micro,0.20708364,0.32510525
268147,Astro,-0.09533155,0.12602967
43208,Endo,0.023040652,0.28020406
268144,L4/5 IT,-0.08839965,0.26988357
43205,Endo,0.00803113,0.23678833
70807,L6 IT,0.020323575,-0.07409504
70818,Endo,-0.31339985,0.001200676
70826,VLMC,0.040295422,0.4303862
43151,L6 CT,0.020461857,-0.21120891
43027,Oligo,-0.025876641,-0.2082969
70897,L6 CT,-0.14723045,-0.06909984
42983,Oligo,0.10133237,-0.12414512
42969,L4/5 IT,-0.09787601,0.25603408
42901,Lamp5,0.10838854,0.08743483
42887,L5 ET,0.18266529,-0.08818424
42873,L2/3 IT,-0.37739763,0.22652066
272828,L2/3 IT,0.079126716,0.28522372
71167,Micro,0.41724312,-0.09290603
71207,L6 IT,0.04636997,-0.0996736
71267,Endo,-0.3113258,0.25808418
42171,Oligo,0.2523479,-0.14857227
71881,Peri,0.06155622,0.27616245
42158,L2/3 IT,-0.29614842,0.35107636
41258,L2/3 IT,-0.44110915,0.17468947
41225,L6 IT,0.054029226,-0.22434768
72424,Astro,-0.27422693,0.43582028
41085,L2/3 IT,0.089491904,0.3010071
72441,VLMC,0.20258832,0.30378538
273139,L2/3 IT,-0.07412845,0.2667172
41030,L5/6 NP,0.11818069,-0.0670428
41019,VLMC,-0.25644627,0.487139
40999,L6 CT,0.24354798,-0.27996826
72546,L5 IT,-0.07544291,-0.053159863
40868,Micro,-0.25395244,0.39552557
40739,Astro,-0.38792387,0.22095364
40701,Pvalb,-0.13004503,0.008998752
40697,L2/3 IT,0.39004046,-0.06725961
40651,L5 ET,0.27069908,-0.21860778
267834,L4/5 IT,0.29722577,-0.08209863
72675,Astro,-0.020451516,0.17304099
72689,PVM,0.37233263,0.065506816
40434,L4/5 IT,0.018030703,0.1682607
41325,L4/5 IT,0.058205903,0.12234563
41436,L5 IT,-0.15360367,0.03208697
267911,Endo,0.28238338,-0.018474549
41452,L6 IT Car3,-0.23780164,-0.15910363
42125,L5/6 NP,0.002470255,-0.042655557
42071,L2/3 IT,0.14242953,0.25969654
42004,Pvalb,-0.09391618,0.19498807
41997,L5/6 NP,0.2973842,-0.22110876
71893,VLMC,0.28244,0.22972888
41942,Micro,0.16953021,0.33932
71916,L5 IT,0.30835342,-0.1811299
71975,Oligo,0.19812906,-0.3233925
41779,SMC,0.078778446,0.17558426
70749,L6 CT,0.23566723,-0.2838922
41720,Endo,-0.102772534,0.025254369
267944,Endo,0.29765213,0.21271706
72021,Micro,0.2648431,-0.27508613
273048,L6 IT,0.16045249,-0.21083277
72060,L6 CT,0.008961141,-0.15999764
41581,L6b,0.019527912,-0.28683358
41559,L2/3 IT,-0.39343306,0.17937845
72149,L4/5 IT,-0.3030988,0.17070282
72161,SMC,0.38867736,-0.18200624
41488,Endo,-0.27284664,0.20859838
72009,PVM,0.19901663,0.3164674
267369,Astro,-0.33029377,0.3412496
66612,VLMC,0.25264394,0.2892059
272033,Pvalb,-0.026784807,0.0005697608
54403,L2/3 IT,0.3454764,-0.009836614
54401,L6 CT,0.13003129,-0.39292085
54381,Astro,-0.010190517,-0.23038474
54278,L4/5 IT,-0.053060025,0.15074217
54261,L2/3 IT,0.078387976,0.24409372
54124,L2/3 IT,-0.35601193,0.15389633
269809,Astro,0.14647192,-0.18326384
61254,L5 ET,0.05931562,-0.03517893
53975,OPC,0.33250004,-0.016933322
53900,Astro,0.17496192,-0.11802143
53764,L2/3 IT,-0.4424755,0.12201238
53743,L6 IT,0.05277419,-0.15276676
61370,L4/5 IT,-0.1910964,0.19323558
61375,L6b,0.07793051,-0.36598194
61381,L5 ET,0.20013201,-0.10503438
53692,Astro,-0.22803229,0.45188838
53691,Endo,-0.13996848,0.44943237
53580,L2/3 IT,-0.4194862,0.1634559
271066,L2/3 IT,0.38300103,-0.048031986
54414,OPC,0.3595236,-0.21006966
53443,VLMC,0.16490602,0.3428977
54415,L6 CT,0.13519144,-0.18379697
61115,L2/3 IT,-0.22902456,0.37715054
55204,Astro,0.28029394,-0.23560265
55186,Sst,-0.2624084,0.17953795
55157,L5 IT,0.007874489,0.12513399
60642,L4/5 IT,-0.36024302,0.13370878
270867,Endo,-0.16993338,0.43540174
54983,L2/3 IT,0.1635853,0.25042313
60647,Astro,0.3672971,-0.054383785
54952,SMC,0.028461277,-0.22405967
269874,L6 IT Car3,-0.16728094,-0.1716604
270895,Endo,0.048556745,0.25136304
54801,Sst,-0.41563925,0.064157724
270904,L2/3 IT,-0.1793662,0.3185752
60931,L5 ET,0.117376745,-0.043586522
60933,OPC,-0.04461032,-0.19084072
60963,L6 CT,0.03673941,-0.15904123
54626,L5 ET,0.15624791,-0.20305407
54600,OPC,-0.2990692,0.22863722
61057,Endo,-0.07220742,0.30999994
54583,Lamp5,0.013359129,0.29224348
61136,Oligo,-0.055007488,0.016056001
270825,L2/3 IT,0.089065254,0.20159996
269759,L4/5 IT,-0.054471016,0.1807468
53326,L2/3 IT,0.37414765,-0.11540139
62265,L2/3 IT,-0.41880226,0.16291189
62287,Oligo,-0.01598066,-0.32680064
62382,Astro,-0.0024640858,-0.23494834
269652,Micro,0.28656858,0.11842883
62386,Astro,0.044787824,0.20319968
271235,Oligo,0.15892977,-0.3815329
62455,L5 IT,-0.29430014,0.005847752
62497,L2/3 IT,0.40617347,-0.04291272
52678,Vip,0.009852707,0.22709805
52667,L6 IT,0.10317063,-0.12402251
62522,L6 CT,-0.14904287,-0.053600043
52649,OPC,-0.27816278,0.043743372
52559,SMC,0.24656767,0.01891619
271253,L2/3 IT,0.24873048,0.059753716
52558,Micro,0.21070212,-0.08883828
62651,Astro,0.3439507,-0.046856105
52515,Micro,0.29147422,-0.27225995
52490,L4/5 IT,-0.20869601,0.17894804
52468,Endo,-0.43430984,0.09013331
62252,OPC,0.34130388,-0.18636402
61608,Astro,0.049172997,-0.05749613
62216,L2/3 IT,0.41034478,-0.09559932
62164,Endo,0.24497336,-0.26897025
61702,L6 IT,0.09858203,-0.25898945
53315,L5 IT,-0.2076016,0.04479319
61730,VLMC,-0.21927443,0.5
271116,Vip,-0.26655754,0.27470082
53269,L6 CT,-0.055567592,-0.10216662
53237,L4/5 IT,0.13525373,0.119271696
53221,L2/3 IT,-0.4043131,0.17991114
61890,L6 CT,0.053066373,-0.25867012
53192,Astro,0.03574282,0.42013288
61894,Oligo,0.08588576,-0.4362241
61900,L4/5 IT,-0.11126134,0.2850508
53154,L2/3 IT,-0.3065056,0.28846967
61977,L5 IT,0.26191258,-0.095745206
53126,Sst,-0.19076502,-0.037350208
53125,L4/5 IT,0.11478889,0.20158333
61980,L2/3 IT,-0.32349798,0.28879
62128,Micro,0.12114543,0.37936753
271198,L5 IT,0.31357288,-0.219491
52897,L2/3 IT,0.2955199,0.09509456
52856,L4/5 IT,-0.11219764,0.22386551
269908,L4/5 IT,-0.25239885,0.16530877
55346,L2/3 IT,0.36616164,-0.066898495
55350,L6 IT,-0.06573835,-0.22763553
59112,L5 IT,-0.29531515,0.09347528
57127,L6 IT,-0.040399313,-0.2294046
57113,Micro,0.09614599,-0.23195297
57012,L2/3 IT,-0.4174569,0.18252677
59171,Sst,-0.25013325,0.11903167
57010,OPC,0.17450345,0.33631647
56980,L5 IT,0.30278426,-0.22084978
59196,Micro,0.11617994,0.3118949
56921,Astro,0.06177956,0.21445483
56912,Oligo,0.10675228,-0.17828342
59280,SMC,0.027754605,0.28267825
56908,Endo,-0.2198269,0.23678458
56886,L6 CT,0.17823607,-0.32838744
270517,Peri,-0.09671426,0.3420918
59317,L2/3 IT,0.08591235,0.20664406
59364,Astro,0.221273,0.23503077
56777,L2/3 IT,0.19618672,0.14357722
56761,L4/5 IT,-0.20425633,0.19016433
59486,Astro,0.124706745,-0.43278506
57232,L5 IT,-0.09954244,0.058734775
59491,L2/3 IT,-0.13987237,0.36430687
58979,Endo,0.15163994,-0.22502652
58933,Endo,0.092942715,0.35110033
58301,L6 IT,-0.122712106,-0.1392794
58140,L5 ET,-0.085764736,0.06225729
58136,Astro,-0.39313298,0.15403003
270280,Astro,0.14621854,-0.040588498
58468,Sst,-0.18584552,0.048706353
270276,SMC,-0.18067217,0.33722204
58070,Endo,0.47320467,-0.071018845
58496,L2/3 IT,0.147133,0.16754812
58007,L4/5 IT,-0.30971786,0.18970078
58502,Oligo,0.14705402,-0.45687273
270250,L2/3 IT,0.09363365,0.23535699
57871,Oligo,0.065717995,-0.4247301
57863,L4/5 IT,-0.315271,0.1129452
57838,L5 ET,-0.08831361,-0.026907295
58737,L2/3 IT,0.423653,-0.11112571
57686,L6b,-0.02090913,-0.28542072
270408,L5 IT,-0.092063755,0.14647824
57547,L6 IT,-0.02489689,0.009513915
57530,PVM,-0.194356,-0.19334462
57505,Pvalb,-0.039140135,0.17734843
59518,L2/3 IT,-0.14377883,0.31002933
270543,SMC,0.10744357,-0.2830761
56713,L4/5 IT,-0.40837228,0.11137581
60004,L5 IT,0.11100894,0.03361404
270704,L4/5 IT,-0.30954546,0.238478
60171,L2/3 IT,0.33677632,0.036463022
270710,Oligo,0.097339034,-0.43869016
55763,Oligo,0.27593535,0.005605519
270720,L2/3 IT,-0.40351906,0.17348951
55755,L2/3 IT,-0.42113256,0.15545136
55691,L2/3 IT,-0.12114096,0.3230366
55671,Lamp5,0.31383097,0.11716527
55648,L2/3 IT,-0.23144162,0.417269
60285,Micro,0.060629725,0.13877016
55608,L6 CT,-0.17206743,-0.058239818
55543,L6 CT,0.02384746,-0.23065042
55530,L4/5 IT,0.05282134,0.15415591
55493,L5 IT,0.16256821,-0.005297959
55455,Oligo,0.13289517,-0.30739036
55440,L2/3 IT,0.29025573,0.10573518
60389,L2/3 IT,-0.3746195,0.24800771
60412,Astro,0.052372277,0.3796438
55849,L5 ET,0.29035407,-0.22972447
55864,Astro,0.15679985,-0.07461187
55887,L2/3 IT,-0.40332678,0.16469288
270687,L2/3 IT,0.39380628,-0.10861528
59532,L2/3 IT,0.21908504,0.11926371
56674,L6 CT,0.027003407,-0.015583873
59549,Endo,-0.31841207,-0.019259095
270566,L6 IT,-0.023345709,-0.13480517
59643,Astro,-0.23040512,0.35482454
56547,L2/3 IT,0.13948017,0.29097426
56461,L4/5 IT,-0.21663487,0.21906495
59697,L2/3 IT,-0.16945848,0.3202501
56436,L5 IT,-0.29651517,0.02744162
269609,L6 IT,-0.03372991,-0.21707642
270617,L2/3 IT,0.012876868,0.31837195
56323,L5 IT,-0.087547034,0.027672231
270624,L6 CT,0.14306301,-0.38455284
59741,L4/5 IT,0.20519608,0.057419598
56297,L6 IT,-0.065987974,-0.23610139
56290,Pvalb,-0.14014068,0.3038094
56142,Peri,-0.19015405,0.2636189
56128,Endo,0.27173954,-0.27548528
56076,L6 CT,-0.06802225,0.0047724843
59935,L6 CT,0.018217862,-0.17128867
59715,OPC,-0.23515451,0.063087344
47695,L6b,0.13892895,-0.39526376
62721,L2/3 IT,-0.10132986,0.35742027
271316,L6 CT,0.120443344,-0.43311888
65319,SMC,-0.094080806,-0.023872554
50026,PVM,-0.21132648,-0.119897425
65363,OPC,0.15470397,0.0667088
65443,L5 ET,0.29317242,-0.2573996
65475,Endo,0.0023866892,0.08128971
49881,Astro,0.14211643,0.30473548
49733,SMC,0.15630823,-0.23446095
49705,Astro,-0.08215219,0.43370765
49620,L6 CT,-0.005778998,-0.2708596
49616,L4/5 IT,-0.11538315,0.2898305
65518,SMC,0.319283,0.06906688
49521,L2/3 IT,-0.24320382,0.31004292
65550,Endo,0.07353693,0.22523189
49491,L2/3 IT,0.4400857,-0.045514792
49471,Peri,0.10253245,0.24862474
49446,Astro,-0.26082695,0.120907485
49444,L6 CT,-0.029625058,-0.09294367
65728,L5 IT,-0.09410581,0.061253726
65733,VLMC,0.41015065,0.07698321
50034,L5/6 NP,0.19039714,-0.04519424
65735,L4/5 IT,-0.10330233,0.21366948
50164,L2/3 IT,-0.22455907,0.31127793
50265,L2/3 IT,0.08538967,0.23223591
50584,Sst,-0.026378363,0.12749648
50568,Endo,-0.17693955,0.42875075
50513,L6 CT,0.21194983,-0.31543547
269235,Endo,0.0038799047,-0.2668984
269231,L5 ET,0.2589268,-0.14034966
50473,L6 CT,0.14568627,-0.11875746
50441,L6 CT,-0.2769951,-0.045633435
65090,Endo,0.09837818,0.35378152
269215,Micro,-0.09262544,0.1732325
269210,L5/6 NP,-0.30617726,-0.0027677715
50419,L6 CT,0.07426506,-0.28586572
50341,L6 CT,-0.051582962,-0.05918637
50337,Astro,0.26907587,0.1975519
50324,L6 IT,0.005615175,-0.2462658
50320,L4/5 IT,0.314093,-0.07003412
269190,L6 CT,0.055327892,-0.13706133
50295,L2/3 IT,0.17796326,0.14804405
50281,Peri,0.11448383,0.20808017
65242,L6 CT,0.052037895,-0.1254277
50180,SMC,0.40475506,-0.06408027
50588,L4/5 IT,-0.19096732,0.21764606
271798,L6 IT Car3,-0.10290012,-0.16563189
49266,L5 ET,0.32917148,-0.1955536
66385,Oligo,0.3266471,-0.21725148
48395,L6 IT,0.1675331,-0.30610573
48355,Oligo,0.059357464,-0.104272366
271961,L6b,0.065383196,-0.35925156
66404,Sst,0.18794006,-0.14984602
66408,L4/5 IT,-0.29771218,0.16244698
66429,L2/3 IT,0.42737693,-0.075724065
48204,Endo,0.3167249,-0.17004594
48133,Micro,-0.30796522,0.39549506
48100,Peri,0.28159583,-0.23855278
48079,L6 CT,0.08275139,-0.2558797
66479,PVM,-0.099496484,0.3761912
48035,Endo,-0.22433555,0.06648809
47900,L2/3 IT,-0.42663378,0.22164142
47888,Peri,-0.023385108,-0.19808024
47835,L6 IT,-0.10530883,-0.17194355
47810,Lamp5,0.14534664,0.32259429
66584,L2/3 IT,-0.25473392,0.3094132
268866,L2/3 IT,0.18701899,0.2949615
66302,Pvalb,-0.03824413,-0.10719219
49349,L4/5 IT,-0.08475098,0.24819362
66301,L2/3 IT,-0.39712226,0.15961266
66247,L2/3 IT,0.13074213,0.14213032
49263,L4/5 IT,-0.14061251,0.29017895
49196,Astro,0.2718072,0.26243562
49173,Oligo,0.053553045,-0.33378696
269020,L4/5 IT,-0.15674537,0.32797235
269007,L2/3 IT,0.14498436,0.16613466
65967,L6 CT,0.19940686,-0.3481785
66015,Peri,0.062139094,-0.18749976
48999,SMC,-0.371674,-0.05315143
66042,L5 ET,0.25134796,-0.25557536
48802,L2/3 IT,-0.12431836,0.2813776
66089,L2/3 IT,0.40782928,-0.09932825
271904,L6 CT,-0.017616987,-0.056645513
48545,Endo,0.19048828,0.18636364
66127,L5 IT,-0.09863779,0.08762747
48461,PVM,-0.3065532,0.34931147
268948,Astro,0.16287422,0.1795814
271931,L5 IT,0.2394296,-0.11656207
66177,Endo,0.3619358,-0.10905695
66245,L2/3 IT,0.28403085,0.14023125
48448,Astro,-0.10939276,0.28237635
50614,Micro,0.098762274,0.19639009
50697,L6 CT,-0.0764724,-0.25998148
50727,L2/3 IT,0.08056933,0.33361298
51659,L6 IT,-0.17107859,-0.12772366
63532,L4/5 IT,-0.25424725,0.1195513
63542,OPC,0.09383172,0.3177172
269483,L2/3 IT,-0.31624535,0.34020174
51623,L6 IT,-0.23237473,-0.12198073
51593,L4/5 IT,0.15997362,0.05399424
271444,Endo,0.25141197,-0.09145114
63581,L2/3 IT,-0.042458057,0.27692193
51580,Endo,-0.027561158,-0.19379029
51573,L4/5 IT,0.3338421,-0.11423218
271454,L6 IT,-0.224496,-0.0019788444
271456,Peri,0.12235212,-0.40198013
51503,L2/3 IT,0.12942314,0.17378455
63860,L4/5 IT,-0.17233062,0.20165813
63879,L2/3 IT,0.0495376,0.3063439
63922,Endo,0.157462,0.16929716
51390,SMC,-0.33313435,0.23401916
63958,Astro,-0.27667284,0.22008961
269422,L6 IT,0.040634632,-0.16872156
63472,Endo,-0.25129136,0.372258
63959,L5/6 NP,0.2944225,-0.29676908
51678,Oligo,0.3526808,-0.20470494
269506,L4/5 IT,0.29868686,-0.05026591
62761,L6 IT,-0.05166596,-0.2497535
52304,L6 CT,-0.074703425,-0.26101363
52299,Endo,0.17894477,0.24139589
62886,Endo,-0.060882628,-0.2596628
62920,Astro,0.18409914,-0.03512889
62980,Micro,0.17868942,-0.0646925
52282,L5 ET,0.23639482,-0.29743096
52249,Sst,-0.27530855,0.2976038
271345,L2/3 IT,0.17195958,0.21082658
52125,L5 IT,-0.29722068,0.100221515
269552,Astro,0.08187163,-0.4597515
63107,L2/3 IT,-0.057249486,0.34072244
52096,L6 CT,-0.033872038,-0.1348016
52021,Endo,0.022801518,0.13610893
52011,L6 CT,-0.1242547,-0.029614568
63285,L2/3 IT,0.39636844,-0.011502326
271392,L5 ET,0.22941077,-0.27288854
51714,L2/3 IT,-0.42382914,0.14745724
51689,L5/6 NP,-0.18511525,-0.023180902
51681,Micro,0.37144637,0.024705887
271488,L2/3 IT,0.25034863,0.14405155
64001,Vip,0.103996515,0.35069072
51284,OPC,0.12049222,-0.30749595
51024,L4/5 IT,-0.055850565,0.2240262
50954,Astro,-0.24476406,-0.09173462
64517,Oligo,0.014846206,-0.2269713
64575,L6 CT,-0.16006994,0.12868571
64599,L4/5 IT,0.24486583,-0.088725716
64616,L6 CT,0.013917506,-0.11666462
64642,L4/5 IT,-0.36996263,0.07891852
64711,Micro,-0.025527388,-0.37442183
64714,L2/3 IT,0.40114754,-0.14376599
269281,L2/3 IT,-0.4582861,0.13762593
64759,Micro,0.1704095,0.2947536
50848,Sst,0.020700216,-0.15347224
50831,Astro,-0.09099445,-0.10538831
50796,Endo,-0.08205673,0.16107625
64790,Astro,0.2601865,-0.05444178
64805,Astro,0.40648437,0.12284273
64836,L2/3 IT,-0.19795531,0.30915296
64849,L5 IT,0.020822465,0.06637323
64911,L4/5 IT,-0.25211102,0.23438323
64500,L6 CT,0.11968374,-0.24190384
64473,PVM,0.34888667,-0.05391249
64460,PVM,0.15656161,0.3720554
269311,Astro,0.30079603,-0.021857977
64054,L2/3 IT,0.38498187,-0.031386048
51270,Pvalb,0.315897,-0.060076237
271494,Astro,0.32000327,-0.14245692
51229,L5 IT,-0.18786201,0.20586056
64077,Endo,-0.23871168,-0.1651313
51226,L2/3 IT,0.0811764,0.23195678
64107,SMC,-0.30822393,0.16208959
64143,L5/6 NP,0.22428912,-0.30207026
51122,Endo,0.2509088,-0.23956025
52425,L2/3 IT,0.28097463,0.111041546
64225,L6 IT,0.08928871,-0.22827262
269366,Oligo,0.07657349,-0.4375994
271538,L2/3 IT,-0.032326996,0.28638643
269362,L2/3 IT,0.3917814,-0.079806834
64249,L2/3 IT,0.27110368,0.09580666
64296,L2/3 IT,0.30808675,0.082626104
64313,L6 IT,0.043266475,-0.0037914217
269328,Micro,-0.14839488,0.23090792
64402,Astro,-0.26485828,-0.13450256
64448,Lamp5,0.27127826,0.19152242
64231,L2/3 IT,0.40758157,-0.07447323
37749,L2/3 IT,0.20874512,0.21285975
75354,Micro,0.10524964,-0.48584747
37604,Vip,-0.13950849,-0.21481138
85219,Astro,0.03625506,-0.37301064
85244,Astro,0.112195075,0.27193725
26117,Pvalb,-0.05939257,0.15083253
26082,Micro,0.048241198,0.108771205
85277,Peri,-0.23866135,0.18695831
265576,Astro,0.26059717,0.010353923
25975,L4/5 IT,0.37043977,-0.15182313
275829,L6 IT,0.074211776,-0.05649087
275838,L2/3 IT,0.12857151,0.17054534
275840,L5 IT,0.16844112,0.013646841
275845,Pvalb,-0.13036755,-0.14178953
85349,Oligo,0.1674667,-0.37687975
25900,Astro,-0.20446,0.4764741
265563,L4/5 IT,-0.071238816,0.20793611
275865,L6 IT,-0.09081271,0.016762257
275873,L2/3 IT,0.20275337,0.17504013
25806,Astro,0.21604675,0.16546339
85444,L2/3 IT,-0.28597462,0.3375758
85449,L4/5 IT,-0.21481809,0.20468289
85194,L5/6 NP,0.20463032,-0.30380094
85451,L6 CT,-0.23895463,-0.08999109
265608,Pvalb,-0.10486689,0.26882315
26390,L5 IT,-0.12800041,0.12448734
84788,Oligo,0.06558967,-0.42114526
26803,Astro,-0.11902696,0.14010215
84803,Endo,0.24314308,-0.18904826
275667,Pvalb,-0.19907609,0.32680428
275670,L5 IT,-0.16972196,0.14298159
26727,PVM,0.05635315,-0.29210228
26717,OPC,0.42547625,-0.11650029
84928,Peri,-0.22441778,0.34741962
84945,L2/3 IT,-0.41857007,0.19616485
26710,L4/5 IT,0.3736496,-0.1585806
26634,L4/5 IT,-0.081071615,0.22906369
26632,L6 CT,0.014235377,-0.27763295
26628,Astro,-0.12205073,0.28854448
26627,L2/3 IT,0.4173665,-0.146503
26541,SMC,0.17893034,-0.17881623
26435,L2/3 IT,0.170183,0.25144285
26398,Micro,0.010012925,-0.30091113
85062,L2/3 IT,-0.42525676,0.14606708
26392,SMC,0.07232052,0.3770094
26356,Astro,-0.026042879,0.36836237
26896,L6 IT,-0.101043135,-0.16167757
25757,L2/3 IT,0.28611797,0.075923204
85536,L4/5 IT,-0.046705812,0.2340079
25092,L4/5 IT,0.21553397,0.05240196
85775,Astro,-0.2766464,0.11887854
25022,L2/3 IT,0.09056324,0.29264176
276007,L2/3 IT,0.10308784,0.29875857
85802,L4/5 IT,-0.34780425,0.1644243
85823,L6 IT,0.036564887,-0.23634127
85845,L4/5 IT,0.25006258,-0.028852612
85873,L6 IT,0.24068809,-0.25346866
25017,OPC,0.24025047,0.24004984
85881,Astro,-0.14773604,0.08934194
85906,L6 CT,0.17592841,-0.25177127
24974,Endo,0.2547753,-0.020991117
24949,L5 ET,0.1838389,-0.13488269
265412,Astro,0.25953656,0.26241535
24868,Lamp5,0.12874192,-0.4246333
85992,Endo,-0.2854068,0.20580733
24821,L5 IT,0.04449123,0.18390727
24612,L2/3 IT,0.30184048,-0.03915745
85997,L2/3 IT,0.10417819,0.2869469
25099,Astro,0.098437965,0.23032546
85491,L6 IT,-0.09559807,-0.068942666
25121,L6 IT,0.25321162,-0.18219745
265462,Pvalb,0.0567199,-0.10180208
25654,L5 IT,-0.26489526,0.016259193
85570,L5 IT,-0.16909838,0.08159202
25635,Vip,0.01567775,0.36453527
275925,L4/5 IT,-0.024611682,0.20787632
85628,L2/3 IT,-0.14581701,0.3071456
85635,Peri,-0.32354087,0.08437288
25584,L4/5 IT,0.23381662,-0.05049494
25531,Endo,-0.24387985,0.07041609
265496,L4/5 IT,-0.37414533,0.12508422
25375,Vip,-0.29715988,0.25753123
25366,Astro,-0.30823857,0.15992624
85659,Endo,0.13231522,-0.18095756
25323,L4/5 IT,-0.03038603,0.20380175
25305,Endo,-0.0346137,-0.26063174
85745,L6 CT,-0.00555709,-0.27857074
265475,L2/3 IT,-0.2800292,0.3526284
25281,L2/3 IT,0.1632781,0.26659995
25257,L2/3 IT,0.32848144,-0.0554291
85764,L2/3 IT,-0.45988008,0.15362483
25205,L2/3 IT,0.39789885,-0.13932896
26905,L2/3 IT,-0.389318,0.20054984
265676,Lamp5,-0.13474914,0.4634204
84730,Peri,-0.36366254,0.09980881
28573,L6 IT,0.30429512,-0.24279091
83054,L6 IT,0.30744815,-0.24194956
28459,L2/3 IT,0.12527704,0.1778236
28434,Endo,-0.08500457,-0.004367411
83103,L6 IT,0.022934318,-0.22886527
83120,SMC,-0.25537324,0.05465263
28389,Peri,-0.32521325,0.3165024
28369,L4/5 IT,-0.25692907,0.2689429
28282,Astro,0.16195738,-0.24872133
275410,L5/6 NP,-0.09031883,-0.1462689
28261,L6 CT,0.10995954,-0.3427924
28257,L2/3 IT,-0.37335604,0.2338674
28222,L6 CT,0.01976484,-0.07727143
83336,PVM,0.15367496,0.36146975
83341,Astro,0.2297011,0.32239377
28174,L2/3 IT,0.13695312,0.26584512
83415,L4/5 IT,0.064009905,0.14441812
28105,L6 CT,-0.026683033,-0.11257449
28092,L2/3 IT,0.3972174,-0.049411863
28604,Micro,-0.3848372,0.2339629
83435,L5 IT,-0.21635208,-0.06985846
28696,L6 CT,0.19302481,-0.25354412
28724,Oligo,-0.17221048,0.0007824898
29030,Oligo,0.1334163,-0.134976
82508,L4/5 IT,0.31353563,-0.077914506
28963,Astro,-0.43176627,0.15901124
28962,L4/5 IT,-0.16644016,0.22838283
266062,Pvalb,0.16513962,0.18113977
28956,Oligo,0.15758324,-0.13541403
82527,L2/3 IT,-0.23827654,0.29351807
82536,Peri,0.2591558,-0.101055056
28953,VLMC,0.24940985,0.25862938
58312,L6 CT,0.0672425,-0.14624819
82626,L2/3 IT,-0.09808734,0.3559612
82630,L5 IT,-0.048989505,0.051728964
82651,Micro,-0.10866931,0.27604502
275316,Astro,-0.16659969,-0.26158983
28854,SMC,-0.34215993,0.13212568
28812,L6 IT Car3,-0.30726612,-0.16839275
28775,Endo,0.098612964,0.30716228
266005,L4/5 IT,-0.38557371,0.1374588
28727,L2/3 IT,-0.09211776,0.41144574
28708,L2/3 IT,0.086683154,0.28612602
83437,Astro,0.08440626,0.26093864
83513,Oligo,0.04963708,-0.19173244
83519,L2/3 IT,-0.421797,0.16823971
27368,L4/5 IT,0.027637422,0.24003577
275566,L5 IT,-0.12070486,0.1603536
265751,L2/3 IT,0.11856121,0.24051994
27187,L4/5 IT,-0.1359809,0.24333858
84430,L5 ET,-0.035928905,0.15191454
84445,L5 IT,0.26226074,-0.13591811
84452,VLMC,0.28727406,0.22960466
265723,VLMC,-0.3367602,0.389525
265722,L4/5 IT,0.3833381,-0.11916834
275597,Peri,-0.08911702,0.27035427
27074,Endo,0.2406438,-0.073419124
84607,Endo,0.1979841,0.15611154
27040,L5 IT,0.13725108,-0.049831897
26979,Pvalb,0.18955481,-0.07670501
84653,L6 CT,-0.26969093,-0.115585625
84661,Endo,0.09203911,0.1115551
84697,L4/5 IT,0.16076815,0.055431604
84715,Astro,0.10889679,0.32504052
26923,L2/3 IT,0.045806408,0.35705858
275555,Sst,0.028336465,-0.13618213
84047,L6 IT,-0.0071757734,-0.27091098
84023,L4/5 IT,0.35874665,-0.14622411
83981,L6 IT,-0.120678306,-0.18954101
28066,L6 CT,0.058281124,-0.3121689
83616,Micro,0.25139815,0.23665154
265856,L2/3 IT,0.43759423,-0.09940997
265851,L5 ET,-0.022228032,0.07498807
275497,L6 CT,0.09319687,-0.30600512
83757,Astro,0.018347085,0.42295915
27781,Oligo,0.1934954,-0.108410865
83773,L6 IT Car3,-0.014232188,-0.25590968
83793,L2/3 IT,-0.080608934,0.31909227
276052,Sst,-0.24000096,0.08443624
83799,L5/6 NP,-0.04786986,-0.027124673
83822,Astro,-0.34461987,0.33871573
83826,L2/3 IT,-0.42067075,0.15674978
83834,L4/5 IT,-0.11209589,0.17450559
27693,L2/3 IT,-0.3018093,0.3539784
27470,L6 CT,0.04904163,-0.17974076
83959,L5 IT,-0.21906945,0.12819529
27430,VLMC,-0.49519888,0.11514294
83965,Peri,-0.012761593,-0.077581644
275554,L4/5 IT,0.25696212,-0.010234296
265814,L6 CT,0.0301435,-0.014580756
82491,Sst,-0.29347622,0.04561466
86065,Micro,-0.3512497,0.23918909
276096,Lamp5,-0.06830248,0.43638283
21150,L6 IT,-0.12312245,-0.19032905
21140,Endo,0.20596695,0.17580235
21117,L5 IT,0.09819186,0.058590114
21114,L4/5 IT,0.31285602,-0.095021546
21111,Astro,-0.021641135,-0.3128179
21104,L4/5 IT,0.18793565,0.051397026
21059,Endo,0.20776772,-0.30112848
21009,VLMC,-0.23008934,0.45538288
20937,L6 CT,-0.025384873,-0.163456
20917,Oligo,0.0068528056,-0.28690177
276757,Oligo,-0.15436518,-0.151066
88952,L5 IT,-0.3143866,0.037879705
20859,Astro,0.12781227,-0.48412448
88990,Endo,-0.009250224,0.12757331
20768,Astro,-0.07505894,0.001115799
89015,L6 IT,-0.092321426,-0.11263022
20760,L5 IT,-0.3060916,0.0013445616
89064,Lamp5,0.20517808,0.32608968
20755,L2/3 IT,-0.28199327,0.3795722
21162,Astro,0.03530568,-0.41160238
20724,Lamp5,0.43359286,-0.029085487
21210,Astro,0.34126985,-0.20792931
21446,L2/3 IT,0.24769074,0.16347772
88266,OPC,0.019514143,0.2147674
265013,SMC,0.06931585,0.3928693
88328,L6 CT,-0.09271559,0.04179901
265004,Astro,-0.37698245,0.10170442
21719,L5 IT,-0.11110672,0.13302386
88384,L6 IT,0.08772457,-0.15998909
264981,L6 IT,-0.13922772,-0.17179587
88466,Micro,-0.24160668,-0.05460742
21591,Peri,0.1814003,0.19530982
21588,Astro,0.35132736,0.13649958
21568,Pvalb,-0.18766886,0.28455055
21536,L6 IT,-0.066015214,-0.18590274
21522,Astro,0.2207256,0.29084373
21507,L5 ET,0.24343151,-0.1914315
88557,Oligo,0.075154066,-0.4437566
88578,Astro,0.11859715,0.23456639
21504,Peri,-0.07905531,0.1586616
21473,Oligo,0.08393943,-0.39644238
21464,L6 CT,0.20348012,-0.2830422
21436,Sst,0.17877889,-0.14757705
88258,L5 IT,-0.043076694,0.07772869
89079,L6 IT,-0.02355069,-0.1957703
264856,SMC,0.02319467,0.2337063
90058,L4/5 IT,0.05703658,0.11174351
90075,L6 IT,0.10255736,-0.17427716
90122,Micro,-0.23581555,0.07042688
19986,L6 CT,-0.11226052,-0.11753833
90156,L5/6 NP,0.27194446,-0.17358214
19966,Peri,-0.31299895,0.121469855
19914,L5 IT,0.22777867,-0.07034266
19876,L4/5 IT,-0.20533606,0.29331625
19862,L6 CT,0.1483239,-0.29565108
90174,Astro,0.1854322,-0.18651402
19804,Astro,-0.24834421,0.061558545
19739,SMC,-0.19283861,0.4549873
90312,L6 CT,-0.038365573,-0.1017147
19703,Oligo,-0.15151203,-0.18482861
19644,L5 IT,0.008197248,0.07211393
90329,Micro,0.30453008,0.07984465
264649,L5/6 NP,-0.28320193,0.06373656
19586,Endo,-0.19446766,0.32854885
90367,L2/3 IT,0.23695713,0.10992414
90025,L6 CT,0.122790456,-0.27505368
20672,L6 CT,0.07372826,-0.35092765
20075,L2/3 IT,0.14615542,0.20971036
89860,Astro,0.011814892,0.12057072
89245,Pvalb,0.0039212704,0.17405254
89263,L5 IT,0.19087702,-0.14421618
20567,Oligo,0.0380522,0.13160402
264840,L2/3 IT,0.21347445,0.12926018
89345,Pvalb,0.10205746,-0.15150997
89385,SMC,-0.4575883,0.13124406
89402,Astro,0.0661419,-0.2859261
276847,Micro,-0.22592568,0.19495171
20487,L5/6 NP,0.21411479,-0.30314183
89460,Astro,0.11187744,-0.42968756
89491,L2/3 IT,0.09732568,0.18386698
20462,L2/3 IT,-0.3403386,0.2805217
20452,L5 ET,0.23167086,-0.119208604
20442,Micro,0.25122458,-0.24382082
89578,L6 CT,-0.14642793,-0.06587881
20301,Pvalb,0.38235766,-0.20332944
20199,Oligo,0.038045824,-0.37147892
89781,L2/3 IT,0.003529787,0.3709488
89807,Micro,-0.31348693,0.42509413
89914,L5 ET,0.13705134,-0.056466877
88243,L5 IT,-0.06765342,0.12656808
21800,PVM,0.46943468,0.023962498
21848,Endo,-0.40911147,0.0867551
23540,L6b,0.05067724,-0.33614832
86666,Astro,-0.22391394,0.3674816
265273,L2/3 IT,0.06762028,0.370708
86713,L6 CT,0.2092855,-0.33464652
23509,L4/5 IT,-0.30923378,0.18264157
86739,L2/3 IT,0.16766739,0.20840651
86759,L4/5 IT,-0.07892513,0.18535876
276216,L5 ET,0.006754935,0.052369952
86784,Astro,-0.19166097,0.099843025
23328,Peri,-0.12308836,0.24398613
23259,L2/3 IT,0.24985915,0.18571687
23248,L5/6 NP,0.26026714,-0.16843292
23172,Astro,0.100352705,0.057320297
23114,L2/3 IT,-0.38361394,0.20033264
23087,L6 CT,-0.18406677,-0.17293203
276315,Endo,-0.1252704,-0.16369271
23082,L2/3 IT,0.04779625,0.33494478
86960,Endo,0.0716089,0.15078753
86965,L5 IT,-0.10608876,0.14285839
265283,L4/5 IT,-0.17367125,0.2671076
23039,L2/3 IT,-0.29603475,0.3488477
23544,L4/5 IT,-0.3102176,0.22125983
86578,Endo,-0.34729958,0.036597133
86149,L2/3 IT,0.3263483,0.10079414
86150,L2/3 IT,0.1653325,0.25949997
276098,L6 CT,0.062147677,-0.19256791
86179,L2/3 IT,0.03780693,0.1942054
24190,L6 IT Car3,-0.23718679,-0.12152389
86180,L6 CT,0.07945615,-0.22998357
24140,L6 IT,-0.049703598,-0.20438164
24072,L6 IT,0.15737242,-0.11183831
276125,L6 CT,0.16449761,-0.31655163
24040,Endo,-0.16399863,0.00605917
23922,L2/3 IT,-0.36189052,0.24512535
23880,Oligo,0.12089574,-0.4254235
86396,Astro,0.089254975,0.16043985
86407,Oligo,0.08579707,-0.37847847
23716,L4/5 IT,-0.17731234,0.26523906
86482,L2/3 IT,-0.41459638,0.17114878
86501,L5 ET,-0.27424404,-0.06443125
265308,Endo,0.3459671,-0.006793469
23624,OPC,-0.32415736,-0.083342195
23616,L6b,-0.0055474043,-0.2877259
23012,L6 CT,-0.06376088,-0.095802605
87059,L6 CT,-0.22412717,-0.054840893
87077,Oligo,-0.06867981,-0.22549081
22329,PVM,-0.17905608,0.13703161
87762,L6 CT,-0.11133918,-0.1316028
22286,L2/3 IT,0.11901581,0.1693126
22255,L6 CT,-0.009566784,-0.095371544
22219,L6 IT,0.07358706,-0.2739824
22171,L6 IT,0.25209975,-0.2660696
87862,Peri,-0.15343308,0.2527793
22131,L5 IT,-0.07918498,0.16209859
276489,L2/3 IT,-0.059286803,0.31817842
87976,Sst,0.069232166,-0.38643003
88015,L2/3 IT,0.3886935,-0.081754416
88028,L2/3 IT,-0.33107048,0.2933494
22023,SMC,0.090780854,0.39386737
22003,L6 CT,-0.059953183,-0.14939514
22002,L2/3 IT,-0.30057657,0.30546838
21912,L2/3 IT,-0.3827082,0.20712042
276530,Pvalb,-0.16992486,0.11699122
88189,L4/5 IT,-0.14306507,0.259268
21871,Sst,0.16554594,0.18085927
276420,L6 CT,-0.023307353,-0.08834532
87576,L6 IT,-0.17649996,-0.003232956
22464,Vip,-0.15472436,0.23907548
87565,SMC,0.31922418,-0.039656073
23002,Lamp5,0.1111415,0.34903795
87179,L6 CT,0.1152724,-0.37617123
22975,L2/3 IT,0.1288364,0.24719816
22961,L6 IT Car3,-0.09588373,-0.18425986
276337,L2/3 IT,0.3322935,0.076103985
87187,L2/3 IT,0.04680854,0.2405262
87190,L5 IT,-0.0781315,0.06884706
22945,L4/5 IT,-0.051487327,0.19614434
265183,Peri,0.022708058,-0.17052874
24608,Pvalb,0.23819524,-0.27900386
87210,Peri,0.20682877,0.24428314
87247,L2/3 IT,-0.1854268,0.29978806
87398,Endo,0.09258503,0.26385814
87412,VLMC,0.15718013,0.33539534
87426,SMC,-0.19883204,0.21607131
22747,L2/3 IT,0.15896791,0.15876502
22727,L6 IT,-0.022386879,-0.20085219
276391,L6 IT,0.016221225,-0.19102871
22480,L4/5 IT,0.38130653,-0.10908383
87544,L4/5 IT,0.010378599,0.2337923
22923,Micro,0.43875372,-0.15889701
275268,L5 IT,0.3357767,-0.19099605
82389,L2/3 IT,-0.3979763,0.19007885
82377,L2/3 IT,-0.4321054,0.17852205
34765,OPC,-0.29972774,0.02271074
77329,L4/5 IT,0.18974537,0.060162485
34658,Astro,-0.1553796,0.1059643
34604,L5 ET,-0.0581944,-0.022771537
34595,L6 IT,-0.18404987,-0.046744406
266927,L6 CT,0.019023657,-0.21546212
77467,Endo,-0.16160443,0.1596747
77612,L4/5 IT,-0.15066251,0.17848617
34496,Astro,0.44248515,-0.10842967
274323,L6 IT,-0.18711898,-0.15008014
77711,L6 IT,0.10568988,-0.28199995
77732,L5 ET,-0.04020405,-0.09755719
77774,Oligo,-0.016321242,-0.062702954
34426,L5 ET,0.08562982,-0.019422084
77777,L4/5 IT,-0.018816113,0.23711598
34389,L6 CT,-0.14458397,-0.2389904
266869,Endo,-0.24661782,0.14882588
77835,Astro,-0.1946572,-0.18922189
77858,L6 CT,0.14131594,-0.23129332
77317,Pvalb,-0.0881125,0.24673223
77877,SMC,0.26197135,0.25699198
34944,Oligo,-0.24004754,0.1891995
274253,L4/5 IT,0.20531112,0.014006853
35298,OPC,0.25781363,0.12706327
35286,Astro,-0.3423035,0.27874863
35265,Micro,0.16630238,0.09922141
77039,L2/3 IT,-0.42723578,0.19001484
77042,L2/3 IT,0.365304,0.012200177
35262,L6 CT,-0.22279271,-0.11901498
35234,L4/5 IT,-0.3203034,0.23924321
35189,Oligo,0.09114236,0.20193511
35165,L4/5 IT,-0.12693971,0.20640141
35155,Endo,0.063135564,0.38954055
274232,Endo,-0.20611426,0.31074655
35151,Astro,0.16367728,0.19715351
35124,Astro,-0.20749786,0.13626564
77115,L6 CT,0.18983197,-0.29295304
77135,Astro,0.088178754,0.3845542
266976,OPC,0.31352878,0.051515996
274244,L6 CT,0.079236865,-0.24486962
35120,L2/3 IT,0.39285576,-0.09362912
35052,L5 IT,-0.25424194,0.0036652088
77243,L2/3 IT,0.36754924,-0.04792458
76964,L5 IT,0.31330281,-0.16091204
274346,L2/3 IT,-0.016958654,0.32811487
77899,Endo,0.1253829,0.2772962
274445,L2/3 IT,0.097269714,0.16634053
33765,OPC,-0.061091065,0.4257136
33737,L4/5 IT,0.20203674,0.06544912
78422,Astro,-0.18523547,0.14897096
78487,L6 IT,0.015251875,-0.0888018
33708,Astro,0.3721395,0.10897112
266745,Micro,-0.31739503,-0.0072673857
33619,L6 IT,-0.08012357,-0.11948079
274481,L4/5 IT,-0.15569639,0.24302101
33544,PVM,0.065998495,0.15240794
33525,L2/3 IT,-0.42450613,0.13823217
78614,L4/5 IT,-0.3321098,0.20239139
78669,L5 IT,-0.13244614,0.11523157
33485,Pvalb,0.12863892,-0.19986567
33449,Endo,0.08932662,-0.21829134
78794,L2/3 IT,0.07116467,0.18637145
78797,SMC,-0.022036344,-0.17403686
33367,L4/5 IT,0.19553971,4.172325e-06
78815,Oligo,0.103857994,-0.4076077
274443,Astro,-0.032455474,0.24273556
77888,L6 CT,-0.02092418,-0.11733216
78368,L4/5 IT,0.26781076,-0.073121965
266783,L6 IT,0.011894226,-0.13551298
34341,L4/5 IT,-0.3730122,0.10499591
266841,Oligo,0.20925575,-0.39221287
34333,Astro,0.086485565,0.38472104
34304,L4/5 IT,0.3559925,-0.15438083
77944,VLMC,-0.02704379,0.45101225
34248,Astro,0.29856384,-0.14949635
34245,Pvalb,-0.12719563,0.13232255
77975,L2/3 IT,0.069135964,0.30134577
34156,PVM,0.13946581,-0.17705542
78092,L6 IT,-0.1763922,-0.11120874
34121,L5 ET,0.033071756,-0.052856326
34055,L2/3 IT,-0.21490455,0.4169773
34008,Micro,0.06890726,0.11955285
33993,L6 IT Car3,-0.09339905,-0.178442
274407,L5 IT,-0.3120371,0.044243634
33899,Peri,-0.0741491,-0.19812968
78292,L2/3 IT,0.4017781,-0.10800883
78293,PVM,0.06670767,0.12185645
33836,Endo,0.044967413,0.20997685
33789,Sst,-0.014045805,-0.25831348
35334,SMC,0.33198273,0.020518601
76957,L5 IT,0.17261392,-0.046886504
76933,Astro,-0.14924628,-0.049785197
37136,Vip,0.24924839,0.11662108
75784,Oligo,0.033017516,-0.24327123
37117,L2/3 IT,0.38655955,-0.024944007
75821,L6 CT,0.14423788,-0.19125551
37104,Micro,0.12679636,-0.15010777
75850,L2/3 IT,-0.42199415,0.15880293
75868,Astro,-0.19221413,0.28144068
75894,L5/6 NP,0.27436328,-0.13943708
75945,SMC,-0.15102232,0.2806639
75958,L2/3 IT,0.15850908,0.28588563
75991,Endo,0.06315899,-0.42547756
76022,L6 CT,0.016136765,-0.2630741
36966,PVM,0.34191138,0.02554655
76024,SMC,-0.18694496,0.41271168
36895,Micro,-0.28728604,0.26001096
76071,L6 CT,0.18102771,-0.103762746
36752,Astro,0.2558269,-0.27261052
76118,Endo,-0.34446952,-0.1199469
273890,OPC,0.26200658,-0.26080233
75764,Oligo,-0.15087003,0.2865842
76128,L2/3 IT,0.42026502,-0.088983834
37161,Peri,0.048603535,0.16983044
37300,L2/3 IT,-0.00029683113,0.26972842
37541,PVM,-0.047281116,-0.28767106
273730,L2/3 IT,0.3941937,-0.11341342
37527,Astro,0.09466058,0.33027357
37515,Astro,0.111778915,-0.087764144
75449,Pvalb,-0.0069016814,-0.12300217
37430,Sst,0.18834484,-0.082032025
75498,Peri,0.11189997,-0.28391248
37391,L6 CT,-0.0120410025,-0.17678234
75527,Endo,0.28563392,0.0058116913
37389,L2/3 IT,0.081107914,0.3138889
37376,L5 ET,-0.21315074,0.029688835
37374,Astro,0.25616246,0.19101143
37370,L4/5 IT,-0.103459895,0.21903628
37358,L4/5 IT,0.2264508,-0.046416134
37340,L2/3 IT,0.2994693,0.1165393
37325,L5 IT,-0.10883269,0.106604576
75633,L2/3 IT,0.29805523,0.12295395
75647,L4/5 IT,0.13137603,0.10901898
37312,L4/5 IT,0.047152996,0.1763252
37250,L4/5 IT,0.28900796,-0.10156879
76129,L4/5 IT,0.33200848,-0.17092174
76206,L2/3 IT,-0.019032657,0.27138722
76268,L6 IT,0.1463685,-0.32540643
274023,L4/5 IT,-0.22760522,0.2829864
267102,L6 CT,-0.09077215,-0.0866507
76563,L2/3 IT,0.42614555,-0.049683362
35973,L2/3 IT,0.38700193,0.011437178
35883,L6 CT,0.012641013,-0.3568337
35817,L6 IT,0.06857759,-0.08682582
274090,Astro,-0.3023298,0.2893015
76665,Astro,-0.23637027,0.19134617
35741,Endo,0.040514827,0.317698
35703,OPC,0.15392298,0.2728945
267071,L6 CT,-0.032272726,-0.24825352
35598,L2/3 IT,0.12483287,0.19960815
274151,Pvalb,-0.018957615,-0.07230812
35521,L2/3 IT,-0.12192568,0.3573261
76782,Pvalb,-0.06294778,-0.12968293
76797,Endo,0.1631577,-0.3941322
35462,L5/6 NP,0.29603446,-0.27229667
35442,L2/3 IT,0.25623184,0.14361358
35344,L6 CT,0.12480104,-0.14338133
76551,L6 IT,-0.036141515,-0.11079392
76514,Oligo,-0.028389782,-0.119001955
267119,L6 IT,0.01629752,-0.09454757
76510,Micro,0.18780315,0.14610213
76282,Micro,0.2569881,0.17326397
36597,Oligo,-0.05117494,0.12973857
76313,Pvalb,0.27724665,-0.121367484
36577,L5 IT,-0.053748667,0.12661672
76336,L6 CT,0.14262223,-0.39061952
273926,L2/3 IT,0.3750459,-0.05889806
76337,L5 IT,-0.28582716,0.0027487874
76340,L4/5 IT,-0.37567937,0.16831112
36466,Peri,-0.0052215457,0.27680492
33366,L2/3 IT,0.09865266,0.25445443
36402,L2/3 IT,-0.40306327,0.23628652
76353,Astro,0.09960133,-0.46745807
36373,Peri,0.13246787,-0.20599735
76373,Micro,-0.13040537,-0.008723855
267150,L6 CT,0.15809274,-0.35927743
36348,L6b,0.009771287,-0.28530487
36217,Endo,-0.027458966,0.15129822
76492,L6 IT,0.121792555,-0.17499009
36201,L2/3 IT,-0.15079862,0.37769502
36161,L5 ET,0.24293983,-0.15795594
36377,L2/3 IT,-0.39618003,0.19623679
33361,Oligo,0.08507198,-0.45492527
78838,L4/5 IT,-0.3253085,0.20474136
78902,L2/3 IT,0.1791808,0.1847583
275010,L5 IT,0.30571097,-0.16924712
81133,L2/3 IT,0.077560425,0.30571628
81142,Endo,0.044471323,0.2701711
30305,L6 IT,-0.019647598,-0.081899196
30300,L2/3 IT,0.43724728,-0.050038636
30261,Oligo,-0.06585458,-0.20680404
81265,Oligo,0.14828205,-0.02810362
30241,L6 IT,0.18518597,-0.16582224
30230,Oligo,-0.01020506,0.12837344
266279,L2/3 IT,0.060326993,0.3032031
30184,Endo,0.3491497,-0.22065765
30118,Oligo,0.12196922,-0.40194514
29968,Sst,-0.20406705,0.10430801
275102,L4/5 IT,-0.16936207,0.2723664
266268,Endo,0.050965905,0.30151147
81429,OPC,-0.021629691,-0.2557131
29939,PVM,0.08876228,0.39734012
29924,L4/5 IT,-0.33552194,0.23504376
81484,L5/6 NP,0.2186042,-0.24206221
30405,Micro,0.020433068,-0.1327568
81499,Astro,-0.008963525,0.2943815
30415,Oligo,0.06685454,-0.34651697
81081,L4/5 IT,-0.11723909,0.26416576
80712,Peri,0.22925872,-0.13915166
30785,L5 ET,0.08470321,0.024550974
80851,Astro,0.09423274,0.344972
30744,Endo,-0.036990434,0.2108612
30682,L4/5 IT,0.30761123,-0.06847
80883,L4/5 IT,-0.29967836,0.15037131
30677,L2/3 IT,0.1931454,0.21128714
30636,L4/5 IT,-0.31172782,0.11591518
30619,Oligo,0.07011676,-0.43820286
30594,L5 ET,0.036773443,0.005834222
80890,L2/3 IT,0.086365044,0.31418628
30587,L6 IT,0.156937,-0.14947182
80900,L6 IT,0.20653999,-0.30842385
30585,VLMC,0.15730643,0.36241
30560,SMC,-0.15696874,0.18005371
30545,L6 IT,0.12105304,-0.23840812
81057,VLMC,0.07554114,0.3931709
30506,L2/3 IT,0.14367765,0.24339509
30479,L2/3 IT,-0.02988252,0.26797003
30423,Endo,0.282848,-0.15221271
81501,Oligo,-0.016801536,-0.0665074
275116,L5 IT,0.23374617,-0.059999436
29842,L4/5 IT,0.107381165,0.12622309
29499,L2/3 IT,0.23608714,0.215123
266155,L2/3 IT,-0.0062648654,0.3156404
275222,L5 ET,0.21939665,-0.23510194
29346,Oligo,-0.015473455,0.28197455
266147,L4/5 IT,-0.079839915,0.24827856
29338,L5 IT,0.19992661,-0.050876886
29267,L2/3 IT,0.31668526,0.063506186
275250,Endo,-0.24703234,0.0338884
266123,Vip,0.3798914,-0.097987235
82212,L6 CT,0.03682953,-0.0849804
29235,L2/3 IT,0.07669717,0.30838323
82277,L2/3 IT,-0.4359439,0.14931399
266098,OPC,0.4494524,-0.052137554
29200,L2/3 IT,0.081694484,0.28209955
29197,L4/5 IT,-0.29995614,0.26682168
29187,Micro,-0.365708,0.19257832
29165,Astro,-0.40308717,0.16476709
82325,L4/5 IT,-0.21117368,0.25939125
266087,Peri,0.072289824,-0.3604514
81871,L2/3 IT,0.24095386,0.15598315
81869,OPC,0.25471258,0.25067508
29593,L6 CT,0.08716011,-2.2381544e-05
29601,L4/5 IT,0.19866693,0.023619294
266246,L2/3 IT,0.10906243,0.25867188
29833,L2/3 IT,-0.25143838,0.38846433
266241,Astro,0.15130848,-0.4645749
81596,L4/5 IT,0.040793717,0.16626209
81602,Endo,-0.25916678,-0.1371646
29824,L6 CT,0.14093226,-0.35608926
29807,PVM,-0.107180834,-0.24556106
81611,L2/3 IT,0.39329016,-0.05910346
81622,L6 IT,0.18917984,-0.14044362
30886,Oligo,-0.054813623,-0.049198627
29771,Astro,0.27586955,-0.06049651
266210,L5 ET,0.23726612,-0.10594514
81683,L2/3 IT,-0.41024712,0.18073153
29675,L4/5 IT,0.3424092,-0.15397263
81709,Oligo,0.21708512,-0.3806833
81714,Micro,-0.24566573,0.19343406
81745,PVM,-0.16222602,0.19376242
81789,OPC,-0.020877153,-0.21284208
29613,Oligo,-0.009586483,0.22829735
81862,L4/5 IT,-0.07986039,0.18063694
81658,L6 IT,0.09371996,-0.3337066
19327,L2/3 IT,0.1042155,0.21726346
80688,L2/3 IT,0.20620126,0.2067514
30919,Oligo,0.122490525,-0.44995666
32479,Micro,-0.40992135,0.25284815
79319,L2/3 IT,0.35803843,-0.0753409
79326,Peri,0.19490612,-0.23397309
79335,VLMC,0.1782589,0.35137802
32361,L6 IT,-0.0066327453,-0.22667864
79428,L4/5 IT,0.2388705,-0.0061461627
79490,L6 IT Car3,-0.21643594,-0.17601883
79499,L2/3 IT,0.36604214,-0.065449536
79549,L6 IT,0.16392606,-0.35260665
79550,L5 IT,0.0358482,0.071816444
79563,L6 IT,-0.086030096,-0.17748472
32210,Oligo,0.037263453,-0.19665256
32135,Endo,-0.12503946,0.02849257
32102,Oligo,0.06540072,-0.3831588
274711,L2/3 IT,0.34853512,-0.07890707
79681,Astro,0.25950968,0.2643991
79702,Pvalb,0.15748233,-0.14603657
32060,L2/3 IT,0.11733627,0.2645315
32054,L2/3 IT,0.09940988,0.31389916
79315,L4/5 IT,0.36779225,-0.15333268
32009,Sst,0.25515038,-0.04417503
32537,Endo,-0.15217793,0.14831603
79248,L6 IT,-0.17478636,-0.18780255
78929,Peri,0.36575532,-0.17145687
33266,Micro,0.06471616,-0.38175017
78963,L2/3 IT,-0.23061591,0.3529616
33144,Oligo,0.21290815,-0.3771181
78973,SMC,0.118383765,0.39289737
78981,Pvalb,-0.21114045,0.0942533
33039,L2/3 IT,0.24174583,0.18462735
78995,L6 CT,0.116368234,-0.39453965
33021,L6b,0.028356075,-0.28799742
32959,L2/3 IT,0.4444511,-0.1355063
32937,Micro,0.12165725,0.34444046
79127,Astro,0.22201318,-0.19796717
32921,Astro,-0.008213311,0.27032787
32882,L5 IT,0.270548,-0.14479718
274614,L2/3 IT,-0.28037578,0.3248284
79217,Oligo,0.08394867,-0.4366125
32857,OPC,-0.036687493,0.23238689
32844,Oligo,0.028860986,-0.38921186
32797,OPC,0.3460304,-0.0077553093
32611,VLMC,0.17300421,0.3348257
31959,L4/5 IT,0.36029506,-0.19886893
79758,L2/3 IT,0.3683437,-0.067061454
31923,L5 ET,-0.12006685,0.17497909
31296,Astro,0.34895015,-0.1775091
31258,VLMC,0.33220845,0.18217504
31145,Peri,0.054133892,0.21625888
31088,L4/5 IT,0.37559593,-0.1879479
274888,L2/3 IT,0.4056021,-0.07915625
31066,L4/5 IT,-0.30266565,0.24373937
274895,L5 IT,-0.07890597,0.087809026
31065,Oligo,0.2724927,0.24723119
31049,Micro,-0.37128758,0.3185367
30984,OPC,0.12017149,0.30787683
80568,Pvalb,0.122066736,0.20368469
30943,PVM,-0.32123917,0.40984
80569,Micro,0.17470133,0.24609601
266387,Astro,-0.02485624,-0.08731142
266386,L4/5 IT,0.19718605,0.05692804
30932,L6 CT,0.043812156,-0.36558333
30922,Endo,-0.008798391,0.32778752
266382,L2/3 IT,0.38089067,-0.124212265
80607,L6b,0.11526728,-0.37440628
31378,L2/3 IT,0.017320693,0.21890312
266447,Sst,0.3095191,-0.20596877
80326,VLMC,0.38568616,0.12834907
80311,L5 ET,0.08416885,0.020095706
79796,Pvalb,-0.21159482,0.31700665
79870,Endo,-0.038855284,-0.31230474
79895,L4/5 IT,-0.23126882,0.25828183
79928,PVM,0.19531155,0.30729032
31757,L5/6 NP,0.32492834,-0.25270692
31698,L6 IT,-0.022013992,-0.23189956
31612,L5/6 NP,0.21210265,-0.14968982
31600,L5 IT,-0.23821494,0.13504773
31589,L2/3 IT,0.22568715,0.18979567
274916,Micro,-0.2906881,-0.040130466
80043,L5 ET,-0.030098855,-0.0054635108
80153,L4/5 IT,0.21987224,0.024046302
31583,L6 CT,0.15057087,-0.38535184
80188,L2/3 IT,0.077454925,0.3313784
80207,L6 CT,0.14276755,-0.27682608
31489,L4/5 IT,-0.04733056,0.26680344
31487,L4/5 IT,-0.20904851,0.2897339
80242,L6 CT,-0.07029724,-0.14535668
274804,Peri,0.10941684,0.09632015
80303,PVM,0.10550243,-0.46593672
266494,L6 IT,0.124361694,-0.089806676
239040,L5 IT,-0.0616557,0.15089893
140278,L6 CT,0.0228495,-0.09266853
107990,L6 IT,-0.056651473,-0.13954964
152645,Oligo,0.46918368,-0.037163556
244301,L6 CT,0.1645912,-0.31285208
244302,Endo,0.12671667,-0.2156941
152778,L6 IT,0.11402726,-0.1400078
152883,L6 CT,0.16381031,-0.37017065
208473,Endo,-0.14990428,0.22306949
152928,L4/5 IT,-0.14726785,0.17634636
152966,Pvalb,-0.16853401,0.016180992
152973,L6 CT,0.1727755,-0.23876771
152996,Pvalb,-0.16978633,0.240556
208540,L6 CT,-0.22391489,-0.03144172
208395,Micro,-0.04605928,0.21049827
208143,L5 ET,0.23909521,-0.3406173
244365,L2/3 IT,-0.21632138,0.39683837
208025,L4/5 IT,-0.319018,0.10812414
153315,Sst,-0.1877025,-0.0006879568
244390,L4/5 IT,-0.20989063,0.33248818
207892,Vip,0.16345137,0.16558075
207876,Astro,-0.42006445,0.15798783
253844,L6 IT Car3,-0.15739468,-0.12856942
207824,Astro,-0.3821662,0.21301585
253837,Oligo,0.020795643,-0.29695123
208230,Astro,-0.34476447,0.21446145
253959,L6 IT,0.1781981,-0.37159866
152608,Astro,0.20952559,-0.22695157
208571,L4/5 IT,0.3536511,-0.12365994
152089,L5 ET,0.003683567,-0.0762189
254054,Vip,0.42314106,-0.119529486
208950,Oligo,-0.113704026,0.20788419
152147,L5 IT,0.2824841,-0.123444974
208909,L2/3 IT,-0.22898713,0.32323563
208872,L2/3 IT,0.118600965,0.27590013
254043,Oligo,0.22116917,0.013143361
152203,L2/3 IT,-0.30143583,0.32368755
208857,L6 IT,-0.043764383,0.07179713
208812,L4/5 IT,-0.069339514,0.22707629
152227,L5 ET,0.1161021,-0.16274351
244245,L5 IT,0.11647129,0.012625217
208808,L5 IT,-0.11990973,0.14274442
208683,Astro,-0.091606796,0.3785314
152325,L2/3 IT,0.2796349,-0.03550431
152403,L4/5 IT,-0.10431343,0.2523855
152459,L6 CT,-0.15699902,-0.142548
208609,L5 IT,0.2459737,-0.20513472
152485,L2/3 IT,0.1781286,0.24289858
244273,Astro,-0.31363833,0.1385026
152515,Sst,0.18508166,0.26381052
152539,Astro,-0.13690415,0.47130537
208589,Lamp5,0.049522996,0.29792595
207820,OPC,-0.4297961,0.13814253
153431,OPC,0.39879507,0.0549075
244436,L2/3 IT,-0.16807246,0.37223494
153544,L2/3 IT,-0.39567944,0.17157573
207098,Sncg,-0.3681196,0.34642297
207059,L4/5 IT,0.06886792,0.113940895
207032,L6 IT,-0.03321287,-0.25472477
154690,Pvalb,0.18133879,0.120973945
154813,L6 CT,-0.13070357,-0.08538252
207017,Endo,0.35275352,0.0155028105
207013,L6 CT,-0.09544358,-0.23021528
155065,L2/3 IT,-0.19038475,0.38636512
206929,L6b,0.103512526,-0.39984754
206908,L2/3 IT,0.21567714,0.2057035
155128,Endo,-0.0801124,0.31763762
206728,Endo,-0.30289608,0.0046029687
155221,L4/5 IT,0.3446893,-0.15948325
244569,L2/3 IT,-0.19091588,0.3253312
155240,L2/3 IT,-0.22535288,0.35491323
244575,L2/3 IT,0.2401722,0.09819901
206431,Endo,0.10320872,0.2958253
155391,Astro,-0.18789136,0.13667428
155395,OPC,0.15893841,0.3343581
253538,Lamp5,0.2903874,0.17933404
253530,PVM,-0.123872876,-0.25972867
253514,Astro,0.10475874,0.34152883
206413,L5 IT,-0.009025961,0.117770076
154499,L5 ET,-0.046355188,-0.013605773
254064,SMC,0.459055,-0.034631908
154443,L2/3 IT,0.09362984,0.29596478
154355,L4/5 IT,-0.027335256,0.18675905
207735,Sst,0.15756553,-0.1576001
207688,L2/3 IT,0.08521134,0.28098756
207631,L6 CT,-0.1445745,-0.05118373
207587,L5 IT,0.17915815,-0.1061354
153693,L2/3 IT,0.13620335,0.26460868
207510,Astro,-0.24890679,0.47032374
153758,Endo,-0.1357199,0.37594694
153889,L4/5 IT,-0.22422007,0.23823601
153907,Oligo,0.1909123,-0.20906916
153935,L2/3 IT,0.37302697,-0.1058619
154003,Peri,-0.12987351,0.1937967
244486,L2/3 IT,-0.29419875,0.2874853
154068,Endo,0.037171185,0.15390241
207328,L6b,-0.0029459596,-0.29727226
207254,L4/5 IT,-0.03152728,0.23039031
154172,Endo,0.15563339,-0.40275508
154217,L6 CT,-0.16282004,-0.073557824
154230,Astro,-0.45451185,0.20178753
154287,L2/3 IT,0.36390716,-0.018784553
207152,VLMC,0.027699292,0.44985718
207132,VLMC,-0.24176478,0.4787414
154331,L6 IT Car3,-0.13001516,-0.14914545
154343,L5 IT,0.13565356,-0.0792442
207109,VLMC,0.10249448,0.3902855
155498,SMC,0.39245725,0.07072002
152015,Peri,-0.43914646,0.11284006
152005,L4/5 IT,-0.10495466,0.18412519
210567,L5 IT,0.21525145,-0.15382195
210515,Pvalb,0.13423228,-0.24884972
149566,L2/3 IT,-0.0453268,0.29132617
149585,L6 CT,-0.05306828,-0.082021266
210482,VLMC,0.34510028,0.17641383
210473,L6 CT,-0.09665114,-0.07858291
210460,L2/3 IT,-0.15443859,0.39537305
149690,Oligo,0.07358664,-0.42933282
149710,L6 CT,0.021613479,-0.1738295
254466,L2/3 IT,0.14594626,0.21074331
149417,Oligo,0.20289707,0.32026148
210458,L6 IT,-0.27581793,-0.028512627
149742,L2/3 IT,0.41684824,-0.026144534
210398,L6 IT,-0.1371876,0.024441838
149861,L5/6 NP,0.21309441,-0.2621377
243992,Pvalb,0.14093614,-0.09050506
150022,L6 CT,-0.04698232,-0.047712624
210240,Pvalb,0.04600495,-0.073522
150086,L6 CT,-0.25057045,-0.08058071
150119,VLMC,0.07308698,0.39976603
254404,L2/3 IT,-0.2995311,0.30731595
150120,L5 IT,0.039569616,-0.03400892
149732,Astro,-0.12250301,-0.03518614
149387,L2/3 IT,0.08047515,0.16595554
149292,L2/3 IT,0.34508002,-0.033313066
149236,L5 ET,0.25608706,-0.29651177
211151,L6 IT,0.08352089,-0.29186317
211110,L2/3 IT,0.3857082,-0.10456517
148539,L2/3 IT,0.1682347,0.24289554
211080,Lamp5,-0.21182916,0.4413038
211039,L6 CT,0.05482489,-0.11762503
210997,L2/3 IT,0.41270745,-0.11298567
148583,Oligo,0.039364934,-0.35501635
148694,L2/3 IT,-0.31872076,0.35422033
254603,L6 IT,0.05626625,-0.25370514
210922,L6 IT,0.0921967,-0.15427095
148825,PVM,-0.1274221,-0.24275169
254587,Endo,-0.05405104,0.33152264
210828,L5 ET,0.05626291,-0.038990796
148871,Endo,0.020404756,-0.11873609
148878,Lamp5,-0.120372295,0.18353379
148929,L2/3 IT,0.0056535006,0.31335056
148953,L5 ET,0.2181989,-0.12911025
210733,Micro,0.03354013,0.2437951
149061,L2/3 IT,0.010349989,0.38381112
149069,L5 IT,0.049294233,0.040124238
149163,L4/5 IT,0.3516609,-0.14060974
149198,Pvalb,-0.34344888,0.1689573
210675,L2/3 IT,-0.2820579,0.3995859
150150,Astro,0.036483467,0.32896662
150158,VLMC,-0.23196465,0.47573578
150172,L6 IT,-0.009104222,-0.052123338
150174,L6b,-0.08640349,-0.2583108
151310,Astro,0.03031516,0.14555353
151405,L4/5 IT,0.34019613,-0.1322451
151407,L2/3 IT,-0.17641214,0.3999403
209512,L5 ET,-0.14647102,0.07219219
209505,Micro,0.44765776,-0.14344576
209437,L2/3 IT,-0.26189557,0.29209274
209415,Endo,0.110886455,0.3531859
209404,Astro,0.16634601,0.1150375
244161,VLMC,-0.46813583,0.22109872
244163,Astro,0.10144329,-0.4902918
151583,Oligo,0.05038303,-0.40631002
209343,Oligo,0.148848,-0.3878479
151611,Astro,0.05713755,-0.24344656
151724,Oligo,0.037080705,-0.2931061
254133,L2/3 IT,0.039162636,0.19725281
254132,OPC,0.039824545,0.2733128
151764,L2/3 IT,-0.3890419,0.22019875
209262,L6 IT,0.047044277,-0.11142722
209225,L5 IT,0.29634225,-0.19979167
209197,L2/3 IT,-0.17478892,0.2937718
151876,L2/3 IT,-0.2898057,0.364564
209115,Astro,0.1709097,-0.009646744
209105,L6 CT,-0.1448282,-0.10350147
151240,L2/3 IT,-0.41565675,0.17748147
152007,L2/3 IT,0.08090782,0.27793044
244115,SMC,0.15100044,-0.2302587
244112,L2/3 IT,0.40656626,-0.029379934
254378,L5 IT,-0.33529943,0.01762122
244016,L5 IT,0.20297891,-0.24784681
150230,Astro,0.15182483,0.23812854
210041,Lamp5,-0.2280969,0.39629984
210032,Astro,-0.29959178,0.095244944
210016,Astro,0.33879203,0.07032871
209973,Peri,-0.16463959,0.3403831
150515,L5 IT,-0.10578683,0.114474654
150534,Micro,-0.3021,0.24492764
150583,SMC,0.08754474,-0.24470693
209960,L2/3 IT,-0.21411243,0.4445638
209913,L2/3 IT,-0.13454086,0.33790588
150771,L6 IT,-0.090141624,-0.21395597
209878,L2/3 IT,0.12002885,0.2825051
209803,Vip,0.37396544,-0.010455519
151000,L5 ET,-0.050569415,-0.020549297
151047,Endo,0.18273538,-0.13122535
209797,L2/3 IT,0.118279755,0.20534796
151127,L2/3 IT,0.34504342,-0.031805784
209782,L5 ET,0.10352802,-0.10368812
209713,L6 IT,0.2586133,-0.28727216
151138,Astro,-0.17469859,0.0771482
151140,L2/3 IT,-0.19738436,0.32635403
244113,Astro,-0.0653362,0.46976537
148517,L4/5 IT,-0.10162935,0.24809372
206317,Endo,0.32852435,-0.011643589
206275,L6 CT,-0.09443554,-0.05381623
203743,Micro,-0.28729576,0.15038657
159462,Peri,0.18842739,0.09837687
159485,L2/3 IT,0.3824659,-0.016658604
203731,L5 IT,-0.027957618,0.12970608
245094,L2/3 IT,0.20868641,0.118749976
203691,Endo,0.34761214,-0.08450252
159676,L2/3 IT,0.054540038,0.22965288
203638,Oligo,0.073411524,-0.42704132
159724,Endo,-0.08514032,-0.108677894
203612,Oligo,0.03094232,-0.38499045
159380,L4/5 IT,0.15773737,0.046499074
159777,Astro,-0.044805825,0.32748175
160008,L6 CT,-0.035615414,-0.152082
160057,L2/3 IT,0.31272733,0.11032677
203553,Endo,0.15280288,0.25762266
252732,Astro,0.26340967,0.122651935
203529,Pvalb,0.21212143,-0.062921286
203509,L2/3 IT,-0.2690676,0.27348256
203421,L4/5 IT,-0.29923162,0.22973228
160126,L6 CT,0.15040392,-0.354108
160144,Astro,0.11394429,0.3772002
160173,L6 CT,-0.08245328,-0.058760643
159922,Astro,0.15607113,0.34879243
203775,L2/3 IT,-0.3401232,0.30315828
252823,Oligo,-0.18983692,0.2616428
203834,Oligo,0.06616759,0.00685215
158559,Sst,0.35837263,-0.16921091
158593,Endo,0.075837195,-0.42328843
158638,L5 ET,-0.13073692,0.087676525
204143,Pvalb,-0.24166146,0.2855969
158685,L6 IT,-0.15048882,-0.11749083
204082,Astro,-0.010273159,0.24351162
204049,Oligo,-0.044127733,-0.21884158
158735,Endo,0.2293216,-0.0045779347
158751,Endo,0.012999058,-0.10486832
158754,Peri,0.13362283,0.0733735
158788,L2/3 IT,-0.2155667,0.3487252
204012,Micro,-0.24609292,0.14032793
159003,Astro,-0.11538607,0.40760964
252868,L4/5 IT,0.38136464,-0.14789322
203998,L2/3 IT,0.111019135,0.22853005
159114,Oligo,0.097638965,-0.3612448
159202,L6 CT,0.05432254,-0.082393885
159209,VLMC,0.40940702,0.11139828
203986,Astro,0.06607026,-0.46076024
159344,L5 ET,-0.0149125755,-0.07634422
159360,L6 CT,0.09227824,-0.30009735
203876,L4/5 IT,-0.09762764,0.23861796
203875,VLMC,0.49273884,-0.09345254
160245,L4/5 IT,0.06081325,0.18504763
203289,L4/5 IT,-0.10252488,0.24310958
203176,Oligo,0.07914519,-0.4108966
203175,L4/5 IT,-0.16712117,0.15953195
202696,Astro,-0.2421548,0.067396104
160865,L4/5 IT,-0.422987,0.10219002
160883,Astro,-0.06651327,0.19692081
245263,L2/3 IT,-0.39856514,0.23269016
160906,Astro,-0.017863244,-0.22119153
160926,SMC,0.21003097,-0.39068955
160941,Astro,0.408974,0.025915027
160943,Peri,-0.15381819,0.029465497
160947,Astro,-0.10837299,0.27867675
202566,L2/3 IT,-0.020238638,0.27114737
202560,Pvalb,0.27142888,0.044399917
245271,L6 IT,-0.01481235,-0.18677154
161016,L6 CT,-0.10512644,-0.10918155
202553,Pvalb,-0.18182707,0.2698692
161049,L2/3 IT,-0.3567324,0.281417
161137,SMC,0.15747178,0.06214726
245289,Endo,0.14357817,0.36174685
161225,Oligo,-0.05211863,-0.14873171
161307,L4/5 IT,-0.04358378,0.2429192
161322,L5 IT,-0.29373306,-0.02248174
202401,Peri,-0.0029051006,-0.13491553
245317,Endo,0.11127949,0.29448044
252473,L2/3 IT,0.038661122,0.24221122
202769,L2/3 IT,0.06704718,0.30586624
158549,L2/3 IT,0.3050862,0.103962064
202786,L5 ET,-0.04160431,0.08947396
160690,VLMC,0.2506153,0.28073466
160264,L2/3 IT,0.2825747,-0.033328444
252694,Sst,0.12659168,-0.008737057
160267,L2/3 IT,0.1640045,0.24329787
160298,SMC,0.4216193,0.014451981
203169,L5 IT,-0.11338821,0.23965585
203095,L2/3 IT,-0.13234445,0.35371572
203078,L5 IT,-0.1279045,0.18690383
160328,L5 ET,0.08868003,-0.0907256
203059,L5/6 NP,0.20421416,-0.1672841
203057,L2/3 IT,0.16659713,0.17535722
160436,L2/3 IT,-0.2735374,0.33603555
245197,L2/3 IT,0.34140015,-0.003101498
202975,L5 ET,-0.16919279,0.13346165
160447,L5/6 NP,0.02900368,-0.116249144
202950,Endo,-0.3300025,0.05722034
160459,L6 CT,-0.14677241,-0.06814802
245215,L6 IT Car3,-0.1536384,-0.18246803
202901,Oligo,0.20836073,-0.04327655
160501,L6 IT Car3,-0.22384226,-0.0489524
160539,L6 IT,0.051974475,-0.2652393
160610,L6b,0.12904233,-0.40017745
160675,Micro,0.1080367,0.29240823
202806,L4/5 IT,0.39942712,-0.16341448
160726,Endo,0.16093373,-0.15068677
253501,Endo,0.29574585,-0.0027329922
158472,Astro,0.35402268,-0.09990588
158412,L6 IT,0.035590053,-0.21893334
205717,L2/3 IT,-0.4171636,0.1784594
205716,L5 IT,-0.29933468,0.0908075
156380,L5/6 NP,0.28003854,-0.31222656
205657,Astro,0.36144316,-0.120096445
156448,Peri,0.2423141,-0.011317879
156461,Lamp5,0.46431708,-0.062374502
205597,Astro,0.13263011,0.23552978
156482,L6 CT,0.103417456,-0.14110869
205585,L2/3 IT,0.05264622,0.31821477
205500,Pvalb,0.080489814,-0.19962946
156283,L2/3 IT,-0.25841337,0.39909613
156525,L2/3 IT,0.44379938,-0.07515639
205454,Vip,0.37669832,-0.12113783
253285,OPC,-0.05772057,-0.030477941
205431,L6 CT,0.09074783,-0.13104865
156644,L2/3 IT,0.057520032,0.22847813
205344,L2/3 IT,-0.22991404,0.3365258
205310,L5 IT,-0.060109794,0.18110514
244809,L6 CT,0.008428454,-0.109821856
205268,Pvalb,0.19899637,0.07905042
156803,L6 IT,0.23900986,-0.33636403
156804,L6 IT Car3,-0.22036278,-0.081683666
205466,PVM,0.21524614,0.101756394
156256,L5 IT,-0.30014926,-0.0015351474
156173,Pvalb,-0.24434799,0.29498225
253373,Astro,0.36816818,-0.010605574
155519,Lamp5,-0.072796345,0.41874248
253494,L2/3 IT,0.07347494,0.29342943
206164,Micro,-0.08426803,0.27521253
155556,Endo,0.1470682,0.344647
155601,Micro,0.2137292,0.23014277
155658,PVM,-0.057817936,0.2347197
155772,Endo,0.31016558,0.04640901
155793,Endo,0.4059047,-0.06315169
155796,Lamp5,0.061330795,0.31348103
206088,L2/3 IT,0.100580454,0.2345568
155875,Peri,0.1338818,0.030915916
155886,L2/3 IT,0.2283625,0.22303325
155943,L2/3 IT,0.06850809,0.3167755
206038,Sst,-0.06633645,0.12271255
155983,Endo,0.4234053,-0.16544929
156028,L5/6 NP,0.22831362,-0.3200227
205951,L5 IT,0.045510292,0.04071164
156057,L2/3 IT,0.38763165,-0.13745943
205880,L4/5 IT,0.30481118,-0.10251543
156081,L5/6 NP,0.21702677,-0.13862133
205864,L6 IT Car3,-0.2803033,-0.06561011
156136,L6 CT,0.055395007,-0.12778285
156140,L2/3 IT,-0.11168194,0.36338943
156842,L6 IT,-0.032325506,-0.17236808
156910,Endo,0.07063407,0.11889416
156935,Astro,0.39295667,-0.13595247
156953,L4/5 IT,-0.12328854,0.26070094
204475,L6 IT,0.2690884,-0.2748894
157485,Peri,-0.04817438,0.19942653
204364,L5 IT,-0.32262358,-0.014517099
157588,Peri,0.017152488,-0.12113303
157727,L2/3 IT,0.16527623,0.15593791
157749,L2/3 IT,-0.219803,0.34812635
157830,Micro,-0.052954137,0.14104486
204355,L2/3 IT,0.15020448,0.2605812
204344,Astro,0.1494627,-0.21788156
157838,L2/3 IT,0.35736883,-0.08923817
157840,L2/3 IT,0.11737281,0.21164078
158073,L6 IT,0.18574214,-0.29669294
158086,L6 IT,-0.21648052,-0.12141672
158116,L2/3 IT,-0.39907655,0.1787644
244965,L6b,0.09849942,-0.37525657
244991,L6 CT,0.07653803,-0.23824382
252989,L2/3 IT,-0.38007796,0.24171305
158252,Astro,-0.34623718,0.23040318
158294,L2/3 IT,-0.2804,0.35033786
204221,L5 IT,-0.13459316,0.18155062
252952,L6 CT,-0.0116096735,-0.09792715
245001,L4/5 IT,-0.04040739,0.23727769
204210,L4/5 IT,0.38022715,-0.18126658
244929,Endo,-0.13589165,-0.16676685
158442,Endo,0.17322391,0.20034611
253109,L5/6 NP,-0.278194,0.05779153
157478,L2/3 IT,0.09737551,0.2761656
156962,Astro,-0.10825083,-0.23312038
157010,Oligo,0.027312279,-0.26136386
157019,L5 IT,0.32890546,-0.22743577
205081,L6 CT,0.106776536,-0.18119755
157097,Oligo,-0.17823958,0.28224802
157101,L6 IT,0.00807476,-0.24619609
204955,Micro,-0.053140342,0.111424804
204909,L6 CT,-0.13157752,-0.049443424
157139,Peri,0.33605367,0.024625659
204867,Endo,-0.21706799,-0.07114145
204842,Sst,-0.03788075,0.286631
157155,L5/6 NP,0.068870544,0.04699695
157185,Endo,-0.31423032,0.281932
157206,SMC,0.058365464,-0.1783596
157232,L5 IT,-0.14108112,0.14007652
157386,Lamp5,-0.0457913,-0.016896486
204732,L4/5 IT,-0.010591745,0.26222014
204692,Astro,0.31870311,-0.015452862
204691,Oligo,0.18810636,-0.13065213
157402,L2/3 IT,-0.22955427,0.31187093
157452,PVM,0.06915295,0.37459582
204643,L5/6 NP,-0.12355417,0.1365189
204510,L4/5 IT,-0.2220217,0.21781176
253116,Astro,-0.28680027,0.036803126
211160,L6 CT,0.056960225,-0.16354895
254645,Endo,-0.036203563,0.38537425
211174,L5 ET,0.10686433,0.010851979
139725,Endo,0.06806755,-0.2745396
256235,Astro,0.111049056,-0.4004909
217049,Oligo,0.30314362,-0.31047386
139851,Oligo,0.031625748,-0.31815183
217038,Micro,-0.4518964,0.1584627
139902,Pvalb,0.06120473,-0.12026295
216923,L5 IT,-0.2724269,0.14855224
216732,Oligo,0.0533188,0.2821492
140055,L5 ET,0.06207645,-0.034532726
140132,Astro,0.040979683,-0.32869267
242890,L6 CT,-0.21121201,-0.11202878
216707,Oligo,-0.27309698,0.25585407
242980,L6 IT,-0.2379435,-0.06515387
216351,L2/3 IT,0.18210381,0.20785183
140452,L2/3 IT,0.4130236,-0.03325829
140453,Astro,0.100580454,-0.0010888875
256102,L4/5 IT,0.38803214,-0.13530195
140538,Pvalb,-0.026156485,0.11575174
140632,L5 IT,-0.064165235,0.07603246
140722,L6 IT Car3,-0.16700274,-0.13381833
216204,L6 IT,-0.15728909,-0.01250118
256084,L6 CT,0.20291924,-0.30031377
216589,L4/5 IT,-0.14560974,0.2256555
256246,Endo,0.30888617,0.037553728
217139,Vip,0.318708,0.0013483167
217219,L4/5 IT,0.12927365,0.102929115
138941,L2/3 IT,-0.21014279,0.30679655
242806,L2/3 IT,0.3851195,0.024154961
217713,L5 IT,-0.10038608,0.0846287
138998,L6 IT,0.017871618,-0.2560212
139031,L4/5 IT,0.019744217,0.15278691
217709,SMC,-0.10605332,0.4557718
256395,Micro,0.17976266,-0.43996692
139062,L4/5 IT,-0.26331535,0.15494245
139135,Endo,0.049493313,-0.1444462
139201,Oligo,0.17511797,-0.0571647
256377,L4/5 IT,0.028629184,0.17248178
217482,L2/3 IT,0.32146,-0.060656816
217479,Pvalb,0.18064594,-0.34507105
139270,Endo,0.03007406,-0.26148885
217457,L5/6 NP,-0.22292998,0.00036531687
217447,L6 CT,0.18296343,-0.2386451
139315,L2/3 IT,0.031411946,0.20960605
217437,L2/3 IT,0.39472795,-0.034668446
217372,L2/3 IT,0.13724995,0.29509866
256288,VLMC,0.4016723,0.112077415
217362,L2/3 IT,-0.37499055,0.25473827
217272,L4/5 IT,-0.047713608,0.15921485
139543,L6 IT,-0.06297484,-0.21009767
140761,L6b,0.12899536,-0.40666726
140788,L2/3 IT,0.08774263,0.29626405
243007,L2/3 IT,0.20181596,0.23900282
216131,VLMC,0.42205614,0.076990545
215699,Astro,0.40715605,-0.11055693
215660,Peri,-0.3064559,0.10060364
141652,SMC,0.06561977,0.35144305
215603,L2/3 IT,0.3348614,-0.04878232
141760,Peri,0.39560616,-0.15198615
141761,Pvalb,-0.19252175,0.025547922
141764,L6 CT,0.025749326,-0.13589063
141881,L4/5 IT,0.36140132,-0.09949753
141900,L5 ET,0.18586439,-0.23090714
255893,Astro,-0.15326425,0.38103992
255889,L5 ET,0.18363106,-0.11717856
215388,L6 CT,0.09634799,-0.18727207
142040,Micro,0.37620932,-0.022931904
243115,L5 ET,0.07398361,-0.1477463
255866,L6 IT,-0.045322835,-0.11295205
255852,Sst,-0.074786276,0.27208418
215258,Peri,-0.03591627,8.6426735e-05
142133,Endo,0.046126127,-0.21765953
215211,OPC,-0.23721716,-0.16256952
215193,L6 IT,-0.16379088,-0.23442575
142170,Oligo,0.10736698,-0.45608276
215172,OPC,0.26653832,-0.20374838
142187,L6 CT,-0.1198467,-0.05283293
141532,L2/3 IT,0.36832094,-0.07917607
217756,Lamp5,-0.22158065,0.43608868
215718,L2/3 IT,-0.028095365,0.27179813
215767,OPC,0.27525657,-0.20040086
140888,L2/3 IT,-0.40600222,0.12245172
140951,L2/3 IT,-0.18906775,0.37535596
243010,L6 CT,-0.017148644,-0.119054586
141109,L2/3 IT,0.16600633,0.23464519
141116,L5 IT,-0.13864884,0.15003014
141147,L2/3 IT,-0.34800124,0.32886475
243013,OPC,-0.22779185,0.4332989
216076,Micro,0.009903014,0.36136037
243017,L6 IT,0.1873914,-0.20750913
215990,L2/3 IT,0.032401264,0.23547357
215964,L2/3 IT,0.041723847,0.22242165
141280,Endo,-0.26426262,0.1612361
141305,Micro,-0.08399561,-0.17490709
141318,L5 IT,0.18665689,-0.07173398
243032,Oligo,-0.2609365,0.1201933
141337,Endo,-0.14290762,0.15888292
141383,L6 IT,0.03990531,-0.04289636
255989,PVM,0.17583466,0.29406744
243045,Endo,0.1293742,0.2553174
141444,L4/5 IT,-0.39680445,0.10321337
215849,Vip,-0.4145431,0.24684829
215829,Astro,0.26545596,-0.05752307
243069,VLMC,0.2535566,0.2849568
255962,Sst,0.17517543,-0.18088731
142223,Endo,0.2876792,-0.31387186
217776,L5 IT,-0.096144736,0.123695314
217841,SMC,0.048278987,0.21171105
136248,Oligo,0.01300168,0.15939975
256712,Astro,0.22065258,-0.08976522
220262,Micro,0.37918687,-0.16487736
220228,L5 IT,0.03371644,0.111839175
136335,L5 ET,0.06982154,0.084309936
220158,Astro,0.39488047,-0.022811621
256704,Astro,-0.310503,0.20302057
136354,OPC,0.07243687,0.24624026
220153,PVM,-0.2561344,-0.13120389
220148,Endo,0.23699313,-0.2982952
136169,L2/3 IT,0.21490586,0.24974811
219996,L6 IT Car3,-0.14752182,-0.114804834
219896,Endo,-0.18042105,0.47576088
219782,Oligo,0.077273846,-0.43619636
219705,VLMC,0.062799394,0.39763898
219666,L6 IT,-0.096657574,-0.13746461
219665,L2/3 IT,0.21922088,0.21080935
136710,L4/5 IT,0.13767612,0.13924038
136734,L5 ET,-0.05857438,0.09123874
219425,L6 IT,0.13679278,-0.20340073
136792,Endo,-0.16590917,0.22651601
242521,L2/3 IT,0.24889219,0.15761697
219900,L5 ET,0.19648707,-0.16219273
220335,L4/5 IT,-0.013022155,0.22122312
136166,L5 IT,0.2111494,-0.17422935
136161,L2/3 IT,-0.1289751,0.31484312
220671,L5 ET,0.13206774,-0.14892912
135551,Endo,0.34260947,-0.14870337
220585,Endo,-0.319215,0.052418172
220581,L4/5 IT,0.30144978,-0.054156393
135653,L6 IT,0.22301406,-0.23595548
220577,L6 IT,0.12132156,-0.24387923
135674,L2/3 IT,0.12114406,0.297069
135688,Endo,-0.11963889,-0.15860784
220566,L4/5 IT,-0.32408658,0.123849034
220528,OPC,-0.036482513,-0.34466088
135800,L2/3 IT,0.39334005,-0.119871795
135877,L5 IT,0.18058646,-0.0024074614
220515,L6b,0.03547418,-0.3248403
135915,OPC,-0.07887074,0.4345653
256794,L2/3 IT,-0.40572038,0.15348232
135948,L6 CT,0.0899443,-0.31464913
135959,L6 CT,0.12707764,-0.2146048
135972,L5 ET,0.26751274,-0.16736045
220432,L2/3 IT,0.31452644,0.08419514
220431,Endo,-0.36186504,0.37028968
136022,L4/5 IT,-0.17731616,0.23036397
256759,L2/3 IT,0.2514888,0.072939515
242392,L6 CT,0.17851287,-0.27969885
219300,Endo,-0.1910421,0.1018123
136826,Peri,0.34519047,-0.2512885
219234,L6 CT,0.06460059,-0.18397188
136832,Oligo,0.04863435,-0.41344905
218569,L2/3 IT,0.021977723,0.3436591
137989,L5 ET,0.13378507,-0.13424301
138041,Astro,0.36203176,-0.011309713
218463,L5 ET,0.10539657,-0.042138368
218443,L6 CT,-0.20119503,-0.025465697
138119,L2/3 IT,0.13601261,0.264291
218332,L2/3 IT,-0.41406342,0.17291093
218314,SMC,0.1996386,-0.04290235
218287,L6 CT,-0.0114097,-0.1383537
138170,L6 CT,-0.051155478,-0.08316058
256473,VLMC,0.06880176,0.39525616
138260,Pvalb,0.29053652,-0.15057194
138302,L2/3 IT,-0.40824348,0.19349462
138397,Pvalb,-0.20355037,0.17049503
217905,SMC,0.110373795,0.059850335
256451,L2/3 IT,0.19853628,0.14502817
138543,Astro,0.21034217,0.21302408
138550,Vip,-0.06809759,-0.18047267
138557,L4/5 IT,-0.116206914,0.29500842
217847,L2/3 IT,0.10274196,0.20003748
138646,Oligo,0.12810963,-0.42571354
138783,L5 IT,-0.07161853,0.114305854
138800,Astro,-0.10036066,-0.17127755
218581,L6 CT,0.14354193,-0.26389414
138818,L4/5 IT,0.019453704,0.15673912
218636,L6 CT,0.12666702,-0.41965026
218746,PVM,0.13487363,0.3451805
136846,L6 CT,0.18461424,-0.3141752
219227,L6 CT,-0.03756404,-0.07774499
219187,L6 CT,-0.061914295,-0.19866991
219150,Endo,0.23625904,-0.041642606
136980,L4/5 IT,-0.10061693,0.26998746
242550,Oligo,0.15509856,-0.24674961
219114,Oligo,0.07133639,-0.4511279
137030,Astro,0.07941949,-0.012538433
219051,VLMC,0.41276115,0.05924815
137110,L5 IT,-0.35102135,0.07452291
137180,L6 IT,-0.15926817,-0.14223713
218976,Astro,-0.25921646,0.088279784
218913,Endo,-0.10971823,0.17186427
137265,L2/3 IT,0.21363121,0.12547064
137277,Endo,-0.22245651,0.24994242
242616,Peri,-0.007022351,0.24862987
137307,L6 IT,0.2433691,-0.22186568
137381,L2/3 IT,0.06881112,0.25347108
242636,Oligo,-0.059212863,-0.07196048
137541,L5 IT,-0.10669771,0.047555268
137579,L4/5 IT,-0.23690748,0.21973205
137635,Astro,0.24220335,0.18125874
218764,L5 ET,0.23415482,-0.13808778
256524,Sst,-0.06941259,0.29680002
215126,PVM,0.16506869,-0.22731817
142320,Endo,0.19786316,-0.20328817
215026,L4/5 IT,-0.29892936,0.21035087
146749,Oligo,0.14594942,-0.32845557
146754,L4/5 IT,-0.36709705,0.13942307
146784,L4/5 IT,0.06317532,0.22011507
212498,L2/3 IT,0.08391446,0.32019377
146815,L5/6 NP,-0.061838597,0.10246891
212481,L4/5 IT,-0.082496434,0.17938751
212424,Oligo,-0.15201482,-0.19378892
146836,Astro,0.09089416,0.30633366
146884,Astro,-0.42658332,0.1845957
146925,Peri,-0.38040942,0.32527333
212504,Astro,0.46474165,-0.11281681
146937,L6 IT,0.086867094,0.11058742
212346,L6 IT Car3,-0.18852684,-0.19205755
146938,Oligo,0.26422477,-0.20621315
254981,Oligo,0.07126856,-0.41294596
212335,Micro,-0.08861366,0.33296275
147019,Astro,-0.15346885,0.19649798
212305,L4/5 IT,0.21597546,0.05831313
147020,L5 IT,0.07699758,0.019482553
212292,L2/3 IT,0.15653455,0.256777
254952,Endo,0.041282833,0.2973761
147087,Oligo,-0.050377846,-0.20610818
212387,L2/3 IT,-0.29548705,0.34116882
146703,L6 IT,0.052651346,-0.1386829
255062,Astro,0.25851488,0.16366708
146588,Astro,-0.41942757,0.2117253
145988,L6 IT,-0.24925935,-0.04835823
146006,L4/5 IT,-0.35695004,0.10957557
212926,OPC,0.042349815,-0.109233916
146062,L5 IT,-0.10426265,0.095023096
212907,Astro,0.07804793,0.2036559
255141,L5 ET,-0.018995196,-0.0054080486
212821,L2/3 IT,0.36614102,0.010135174
255140,L2/3 IT,0.29335886,0.030078232
212786,Sst,0.086275935,0.25800133
146231,L2/3 IT,0.34160113,-0.040572286
146245,L2/3 IT,0.38700992,0.004485905
212775,L2/3 IT,0.2433762,0.18612432
212692,L2/3 IT,0.42997408,-0.041046113
212687,Astro,-0.015401691,-0.1621083
212685,L6 IT,-0.17014268,-0.21966341
146297,L6 CT,-0.10812202,-0.1729106
212569,L4/5 IT,-0.22559965,0.1683448
146323,Sst,-0.24420622,-0.09614137
146335,L6 CT,0.057079554,-0.15325138
146424,L4/5 IT,0.37430322,-0.19296935
243599,Endo,-0.016901582,-0.114531726
212560,OPC,-0.18161368,-0.098899245
146559,OPC,-0.3095079,0.0833925
212196,L4/5 IT,-0.06219867,0.15259367
147106,L2/3 IT,0.40418357,-0.026899755
147124,Lamp5,0.08840978,0.35764056
212177,Peri,0.041969,-0.1583572
147879,L5 IT,0.039313078,0.08648658
147892,L6 CT,-0.031665444,-0.13926005
211725,L5/6 NP,-0.17959815,-0.022953928
211702,L4/5 IT,-0.3852501,0.15314698
147940,Endo,-0.18982783,0.20450413
147942,L2/3 IT,0.21736622,0.20136565
254743,L4/5 IT,-0.31647506,0.10859376
147998,L5 IT,-0.057039797,0.06834394
148017,Oligo,0.007142842,-0.24947345
211667,L4/5 IT,-0.20209423,0.27039373
211465,L5 IT,0.26914036,-0.15642485
211455,Endo,-0.029381573,0.45956534
254696,Peri,0.30786335,0.029648304
148154,VLMC,0.21391642,0.31324112
211380,Endo,-0.049452513,-0.22666892
211323,Endo,0.17381197,0.31337643
148370,L6 IT,-0.15873161,-0.18118006
211321,OPC,-0.23096493,0.053171813
148417,Sst,0.17678738,-0.100477904
148420,L6 IT,0.0875659,-0.07865584
211298,VLMC,0.31296098,0.22541982
148431,L6 CT,0.019327164,-0.2252883
148469,Oligo,-0.13031268,0.2612005
147875,L2/3 IT,0.0020666122,0.27096587
145897,L5 ET,0.035871685,-0.04652667
147780,L4/5 IT,-0.39617577,0.14953983
211747,L6 IT,-0.1614849,-0.24175766
147132,Peri,0.16059333,-0.30691424
147154,Astro,-0.23532408,0.054807603
147156,Peri,0.031987906,0.2617224
212145,L6 CT,-0.11521566,-0.050523162
147161,L6 CT,-0.14467955,-0.09630859
185945,L4/5 IT,-0.123409,0.21987969
212104,L4/5 IT,-0.3970706,0.11314148
147270,L4/5 IT,-0.16209173,0.16148227
147323,Oligo,0.15385115,-0.12436393
212082,L4/5 IT,-0.20484671,0.25347376
147416,Oligo,0.003544867,-0.2007432
147483,OPC,0.27739602,0.22196013
212079,L2/3 IT,0.016516209,0.24434984
211977,Endo,-0.19213441,-0.09843239
147577,Endo,0.08302188,0.21966499
211963,Endo,0.12676835,-0.32083046
211890,L6 IT,-0.15714973,-0.24074975
254843,L6 IT,0.2337442,-0.16990033
243750,L5 IT,-0.11217883,0.13094187
211810,L5 IT,0.14527845,-0.10463995
147658,Pvalb,0.09280461,-0.13796517
147695,L2/3 IT,0.036717296,0.23847675
211752,Astro,-0.18708849,0.14701748
254798,Peri,-0.3165608,0.06440693
243532,L5 IT,-0.11745414,0.12752688
213018,Sst,-0.25246948,-0.020793289
213077,L2/3 IT,-0.36144197,0.32162255
143345,VLMC,0.19473219,0.33990908
143385,Endo,-0.25328112,0.35746986
143444,L2/3 IT,-0.4071823,0.16551262
143531,Endo,0.17631978,0.018263936
143621,Peri,-0.031539798,-0.11558193
214537,Astro,-0.15302387,-0.15099385
214461,Sst,-0.37119815,0.16688985
143741,Sst,0.2530104,-0.11751741
214415,L2/3 IT,0.40360802,-0.12856027
143762,L6 CT,0.20389158,-0.29839063
143818,L5 ET,0.27315128,-0.24292701
214409,L4/5 IT,0.29832953,-0.12030354
143836,Endo,0.113321304,0.3943038
143855,L2/3 IT,0.06923026,0.22768527
255583,L5 IT,-0.29745728,0.053096473
214401,L5 IT,0.015954733,0.10699558
214366,Pvalb,0.10111046,0.0869773
214353,L6 IT,0.07470387,-0.31094918
144023,L5 IT,0.23590124,-0.15572447
144061,Vip,0.21294427,0.09590274
144118,Endo,0.29873997,0.043043494
214225,L4/5 IT,0.118125975,0.11258662
255520,Endo,0.008663833,-0.07171565
143293,L6 IT,0.19728869,-0.25288725
144130,L4/5 IT,-0.08869836,0.2853253
143269,L2/3 IT,-0.30737883,0.35492295
214688,L6 IT,0.25418502,-0.2238121
142416,Astro,-0.32843414,0.21344495
142427,Micro,0.13428193,0.38182604
142478,L6 IT,-0.05786583,0.042948365
142556,L6 IT,-0.119348764,-0.25330403
243195,Oligo,-0.070336044,-0.046627373
214898,L6 IT,0.09835154,-0.13503182
142804,Sst,0.017182648,-0.18883178
214883,SMC,0.08486408,0.31336278
142812,Micro,-0.17354548,-0.040468514
214795,Endo,0.17562044,-0.23867106
214790,PVM,0.09478885,-0.18041652
142895,Endo,0.124628544,0.16429836
243223,OPC,0.034620643,-0.08497861
142915,L6 IT,-0.15462953,-0.1263077
214750,SMC,-0.021341234,0.43399704
142922,L5 IT,-0.1378293,0.096799076
142979,L6 IT,-0.075216115,-0.23719966
143010,Oligo,0.08297652,-0.44023588
143130,Astro,0.27362883,0.16690809
143154,L6 CT,-0.07014361,-0.059792727
143155,Astro,0.098356426,-0.42932746
255663,L2/3 IT,0.23406833,0.2020936
243227,OPC,-0.045405626,0.009811342
243241,L6 IT,0.23114306,-0.31471732
161347,L6 IT,-0.103206456,0.009532988
144182,Peri,0.2230944,0.064953566
144237,L6 CT,0.09628767,-0.28431094
145225,Astro,0.2261424,0.18500549
145281,L6 IT,-0.1905976,0.057291687
213556,VLMC,0.41481632,0.04917562
213534,L2/3 IT,-0.41769028,0.14741403
213525,Astro,0.090369165,-0.41384262
213500,PVM,0.2990896,0.06155491
145477,L6b,0.08031094,-0.35088044
145528,OPC,0.18842494,-0.2933976
145550,PVM,0.27462602,0.10101712
145555,L5 IT,-0.05489078,0.08332276
145574,Lamp5,-0.4324486,0.13526207
213322,L2/3 IT,0.22762918,0.21040201
213290,L2/3 IT,0.21537602,0.071249604
145592,Astro,-0.019644886,0.390122
145611,OPC,0.3840106,-0.027261347
213287,L5 IT,0.107705474,0.05304241
145688,Oligo,0.067459166,-0.08988899
145716,L2/3 IT,0.14879131,0.21576935
243499,Sst,0.22959304,-0.22205654
213219,Endo,-0.21843135,0.26358193
243501,L4/5 IT,-0.022224575,0.2283622
213121,SMC,0.20499992,-0.21446532
145756,L2/3 IT,0.05434096,0.2764938
145150,Lamp5,0.43928134,-0.0330182
144211,PVM,0.14236653,0.15016335
145096,L6 IT,0.1327895,-0.26424202
255385,Endo,0.16310692,0.3413372
144252,Astro,-0.07918379,0.25880677
144333,L2/3 IT,0.3772623,0.033356667
144361,Astro,-0.39810988,0.053336024
214141,L6 IT,-0.025175422,-0.2093581
214129,Vip,-0.36901718,0.3114385
214115,L4/5 IT,-0.30246782,0.19936424
144502,PVM,0.12091291,0.35099894
214073,Micro,-0.12472376,-0.044436753
214035,L2/3 IT,0.3572842,-0.06412318
213977,VLMC,0.0606789,0.4172874
213785,L6 IT Car3,-0.090792984,-0.22026828
243391,L6 CT,0.047067165,-0.3231865
144749,Endo,0.20882863,0.14080918
255425,Peri,-0.2782582,0.07345641
144863,L6 IT,0.031942368,-0.2310895
213752,Pvalb,-0.10806319,0.026628792
255421,L5 IT,0.22502327,-0.13776541
144869,L5 IT,-0.14137444,0.059911966
144887,Endo,-0.051876694,-0.24602458
213735,L2/3 IT,-0.21860814,0.3511765
213678,L2/3 IT,0.37136948,-0.07188481
213673,Pvalb,-0.1759851,0.24102813
145093,SMC,-0.09417719,0.46006978
145094,Micro,-0.014326245,-0.068350255
256857,L6 IT,-0.12448716,-0.063843995
252466,Oligo,0.14134079,-0.21660557
202208,Endo,0.38356394,0.108389854
249628,Endo,-0.09955722,0.22892004
177367,L2/3 IT,0.094720125,0.28929228
249620,L6 IT Car3,-0.18024048,-0.19158295
249617,Endo,-0.16777417,-0.04821983
190766,Endo,-0.34170917,0.08783245
177515,L2/3 IT,0.1894933,0.25276828
177528,L5 IT,-0.12699571,0.040459216
177663,Oligo,0.09905642,-0.37776262
190649,L6 CT,0.025504827,-0.13307464
177800,Astro,0.08102143,0.009346545
190894,Peri,0.20488459,0.055658102
177892,L4/5 IT,-0.22685957,0.22254753
249540,L2/3 IT,0.35252857,-0.054080784
177924,L4/5 IT,-0.41010785,0.123229146
190563,Astro,-0.06025666,0.14043033
177937,L2/3 IT,-0.39116675,0.19671255
249523,L2/3 IT,-0.1914649,0.39139748
177975,Lamp5,-0.08952862,0.42818445
178011,L2/3 IT,0.2092495,0.25505888
247258,Oligo,0.1586867,-0.4698216
190407,Astro,0.48855817,-0.051679134
190402,L2/3 IT,0.35374838,0.049230635
190642,VLMC,-0.5,0.17477071
177176,Oligo,-0.18475291,0.1315906
190903,L6 CT,-0.20458648,-0.09625918
177168,Micro,0.017097712,0.13375157
191252,L2/3 IT,0.3265304,0.13548386
247111,Endo,0.30120504,-0.13696542
176452,L2/3 IT,0.30735528,0.07058895
191214,SMC,0.057433248,0.40058464
191197,Micro,-0.275282,0.39935493
191183,Endo,0.032586694,0.12961805
176603,L6 IT,0.08126742,-0.06947604
176645,L2/3 IT,-0.34908545,0.28803277
176648,Pvalb,0.110094845,-0.17056921
176661,L5 IT,-0.33256936,0.011295557
191131,L2/3 IT,0.23119092,0.087824345
247129,L2/3 IT,-0.12203556,0.37423068
176784,Micro,-0.061936766,-0.23565972
176798,L5 ET,0.11126214,-0.016962975
247133,L6 IT,0.22140872,-0.20084086
176838,L5 ET,0.15664148,-0.23566344
176897,L6 CT,0.027647734,-0.23918736
247138,L4/5 IT,0.0007018447,0.13691092
190927,L4/5 IT,0.19978625,0.005094588
177023,Oligo,0.023999333,0.21936804
190906,L6 CT,0.19553918,-0.32310838
177117,L6 IT,0.11877209,-0.093978494
177147,Astro,0.30356908,-0.012201846
190388,SMC,0.40059948,-0.02561289
178075,L5 IT,0.32561004,-0.24666998
190352,L6 IT,0.11408764,-0.06810224
178200,L6 CT,-0.097518325,-0.099319726
178925,Astro,-0.107718796,0.18050307
178937,Lamp5,0.1712997,0.33221787
249365,L6 IT,-0.06672263,-0.2062296
178958,L2/3 IT,-0.3989734,0.16788465
189831,Astro,0.16728985,-0.33987868
179042,L5 ET,0.1192255,-0.11617005
189829,L6 IT,-0.024415106,-0.23947549
179138,Oligo,0.081137,-0.41874808
179143,L2/3 IT,0.057392478,0.2789194
189775,L5/6 NP,0.25744855,-0.19842717
179161,Oligo,0.08935505,-0.038057357
179174,L2/3 IT,0.44623202,-0.051917553
179206,L2/3 IT,0.19045115,0.19276428
179223,L6 IT,0.13222897,-0.29045966
249300,L6 CT,-0.15626252,-0.0004528165
247399,Endo,-0.3174696,0.04736662
189762,Lamp5,-0.17584896,0.46624988
179281,SMC,-0.36039242,0.08737761
179309,L2/3 IT,0.42580295,-0.08803946
189707,Oligo,0.0671162,-0.421814
189679,L2/3 IT,0.096140206,0.19493115
189666,Endo,0.26026553,0.18391794
179413,L2/3 IT,0.38034928,-0.08126125
178924,Sst,0.12764817,-0.10915133
247095,VLMC,0.26648265,0.26355118
190002,VLMC,0.07362473,0.39347124
178907,Micro,0.3296489,0.13401973
247279,L4/5 IT,-0.36893964,0.10799813
178290,L6 CT,-0.061508477,-0.061040282
190320,L2/3 IT,-0.33033764,0.3234836
178325,L6b,0.09465116,-0.3810898
190290,Pvalb,-0.11639473,0.06332576
249474,Micro,-0.17560455,0.12022287
178364,Peri,-0.3679631,0.36495793
178367,L2/3 IT,0.15035224,0.25965852
190287,Pvalb,-0.2853629,0.12145805
178392,SMC,-0.27397037,0.28415072
178474,L2/3 IT,0.10306513,0.23351866
190235,L4/5 IT,0.37297183,-0.16745692
178488,Endo,-0.026966035,0.21187693
178496,L4/5 IT,0.24055606,-0.026449025
178505,VLMC,-0.33225358,0.40434748
247326,L2/3 IT,0.39153856,-0.09866056
190118,Endo,0.16431886,0.19910604
178718,Pvalb,0.035871148,-0.09022811
247347,L6 CT,0.044407606,-0.19144407
178821,L6 CT,0.041259646,-0.17676908
178829,L2/3 IT,-0.33232927,0.24618661
190086,Endo,0.021720171,-0.27526754
178896,L2/3 IT,-0.4255531,0.20563042
178919,L6 CT,-0.0882726,-0.12866715
189651,L2/3 IT,0.3244201,0.11212957
247090,L2/3 IT,0.24043494,0.13887537
176268,L4/5 IT,-0.11175683,0.24948686
174405,Micro,-0.023036033,0.31431723
250181,L2/3 IT,-0.38374802,0.19628131
174419,L4/5 IT,-0.38688517,0.11352813
192739,L4/5 IT,-0.1530188,0.18516773
174476,Endo,0.02344203,0.26097542
174489,Oligo,0.051248074,0.12719661
174493,L2/3 IT,0.41028577,-0.02243039
174579,Vip,-0.10294774,0.3592502
174617,L2/3 IT,0.27878547,0.15756333
246907,L6 CT,-0.084409565,-0.08681688
174401,L2/3 IT,-0.3203602,0.33815277
192729,L5 IT,-0.10722077,-0.18922189
192663,Astro,0.032305002,-0.15457696
174675,L4/5 IT,0.2836166,-0.051213264
174726,L4/5 IT,0.31827223,-0.087064624
174737,Endo,0.14100021,-0.18020195
250109,L4/5 IT,-0.34172952,0.07590592
174784,L5 IT,-0.23001853,0.11337972
250099,Astro,0.06755197,0.07173222
174820,L6 CT,0.19128984,-0.33490503
174829,Pvalb,-0.05599019,0.13208443
192511,L4/5 IT,-0.35111454,0.057317555
174674,L2/3 IT,-0.16507638,0.3119095
192852,Endo,0.06074345,0.21855688
192880,L2/3 IT,0.1773758,0.11224365
192913,L6 CT,0.1815874,-0.31933072
246803,L4/5 IT,-0.07111895,0.23881382
173516,L2/3 IT,-0.4046163,0.22735983
246810,L4/5 IT,-0.053290427,0.21985215
193206,L6 CT,0.13193399,-0.41210234
173613,Astro,-0.16668609,0.35118324
173660,Endo,0.015438676,-0.26532966
173837,L5 ET,0.07450998,0.032463968
173857,L2/3 IT,-0.37501428,0.2472204
193154,L6 IT,-0.048160136,-0.13042337
193145,Lamp5,-0.07182559,0.41682285
250277,PVM,0.28679574,0.19455022
173923,Endo,0.13780183,0.14230889
173933,OPC,-0.11592215,0.46621323
193042,L2/3 IT,0.43666303,-0.12668985
174000,L6 CT,-0.0620974,-0.28800255
250251,L2/3 IT,0.29060626,0.09567046
250247,Oligo,0.10212582,-0.45561212
193039,L5 IT,0.29128718,-0.19700223
250230,L5 IT,-0.26598212,0.019087791
192937,Sst,-0.3684341,0.21069533
246867,Oligo,0.027340293,-0.36562312
174231,Endo,0.16624123,0.06135297
174259,Oligo,0.12064415,-0.35381392
192497,L4/5 IT,-0.13034007,0.23993391
174887,Pvalb,-0.27364838,0.19003612
174906,Astro,-0.28904483,0.35539633
192442,L2/3 IT,-0.40804988,0.18239123
191848,Lamp5,-0.044824958,0.35798836
175770,Oligo,0.211407,-0.21566471
175788,SMC,-0.32152915,0.36051714
175831,Endo,0.081006706,0.15089923
175837,L2/3 IT,-0.043602794,0.3408141
175839,PVM,0.40768045,-0.057328552
191770,L5 IT,0.28442985,-0.11547953
175983,Astro,0.38520372,-0.012974113
191688,Micro,0.4190089,-0.16040498
175997,VLMC,0.47985905,0.016977727
175999,Endo,0.05488211,0.23621184
191633,L5/6 NP,0.075329125,-0.025096178
191631,L6 CT,-0.0029934943,-0.28207308
191624,Oligo,0.07261914,0.14966834
191429,L2/3 IT,0.39572984,-0.023223579
176071,Endo,0.21481907,-0.088195294
176083,L5 IT,-0.3402727,0.03406018
191402,L6 IT,-0.15878832,0.026194692
176117,L6 CT,0.023136199,-0.14543623
249849,Peri,-0.25596327,0.3798285
249848,L6 IT,0.06910658,-0.29234624
249844,L4/5 IT,-0.29438066,0.15773094
176193,Oligo,0.0119044185,-0.287979
175753,L4/5 IT,-0.118894815,0.2628162
191328,Oligo,0.044989586,0.15410429
175729,L5/6 NP,0.24388504,-0.14098781
175661,Vip,-0.23029715,0.220967
250084,L4/5 IT,-0.3187819,0.23802745
174939,L4/5 IT,0.1714645,0.06221044
192437,L4/5 IT,-0.29280955,0.22973269
192436,L6 CT,-0.13333195,-0.041224808
175006,Vip,-0.3526526,0.3035574
250073,L6 CT,-0.20430318,-0.14233029
175088,L6 IT,-0.048688322,-0.11078423
175187,L2/3 IT,0.08044559,0.2017594
175192,L4/5 IT,0.048192203,0.18177032
175206,Astro,-0.08864519,-0.20111725
246969,L2/3 IT,0.16629726,0.2226361
192045,Oligo,-0.08503142,-0.1238887
175265,L5 ET,0.24625385,-0.14795637
192014,Oligo,-0.06452209,-0.23948202
175344,L6 IT,0.043888807,-0.34962422
175359,Endo,0.1582818,-0.07837251
191968,Micro,-0.1903924,0.09033024
175395,L5 IT,-0.27239504,-0.011942357
175439,L4/5 IT,-0.28767747,0.1611957
191939,Sst,-0.2722316,0.15133655
175639,L6 CT,-0.012869656,-0.06873721
175645,Micro,0.13687938,-0.47579348
175659,Astro,0.09372592,-0.37483686
175708,L6 IT,0.043019712,-0.07787761
250333,Endo,-0.083293766,-0.04193732
179434,Endo,0.1523813,0.3465472
189596,Micro,-0.28853095,-0.052611083
183288,PVM,0.29028773,-0.11890674
247847,Pvalb,-0.1711112,0.252178
187398,L4/5 IT,-0.3518493,0.067236304
183357,Astro,-0.14076757,-0.043025613
187315,VLMC,0.33211297,0.18425918
183398,L6 CT,0.12621617,-0.4025926
183448,Endo,-0.110230625,0.16053307
183572,Oligo,-0.09199619,0.26920086
187267,Endo,0.40352464,-0.13494977
187254,L5 IT,0.014259577,-0.14205357
183286,L6 IT,0.10921931,-0.11400232
187168,L2/3 IT,-0.29271638,0.35287118
183650,L6 CT,-0.0015426278,-0.10557413
183662,SMC,-0.3459186,0.19930303
183677,Endo,-0.1777508,0.29432523
187162,L4/5 IT,0.33325595,-0.1372425
183678,L4/5 IT,-0.25501066,0.15544748
183758,L6 CT,0.11966932,-0.35809135
186982,Sst,-0.045443952,-0.23753309
183831,OPC,-0.09927496,0.3458677
183864,Peri,0.15772432,0.2584784
186968,L4/5 IT,0.29189575,-0.033707887
183615,L6 IT,-0.052019447,0.011617899
183282,Oligo,0.12397593,-0.23153532
187431,L2/3 IT,-0.03115499,0.37889785
183164,Astro,-0.25403246,-0.073942214
182581,VLMC,0.053979754,0.42433333
182597,Pvalb,0.15342325,-0.26091954
182662,L6 IT,0.25028974,-0.23292023
187728,L6 IT,0.03971523,-0.23345086
182719,OPC,0.22534412,-0.23573771
248724,L6 IT,0.022276461,-0.05712965
187666,L6 IT,-0.050364792,-0.2354551
187645,L6 CT,0.15078413,-0.07779363
247785,Astro,0.02488947,0.25661206
247791,L6 CT,-0.078749865,-0.2915312
182835,L5 IT,-0.09037432,0.13617378
182838,L4/5 IT,0.0046622157,0.18994993
187530,Pvalb,-0.093995005,0.15684468
182917,L2/3 IT,0.4031294,-0.12182823
187514,Pvalb,-0.34235483,0.17488837
182965,PVM,0.03575957,-0.37584567
247820,L2/3 IT,0.4362461,-0.1452466
183049,Astro,-0.28582385,0.14523304
183053,Astro,0.05306822,-0.35787898
187510,Oligo,0.35852087,-0.13548896
187504,Lamp5,-0.16241902,0.40024745
187452,L6 CT,-0.06628969,-0.28046435
247831,Astro,-0.27694362,-0.07881376
183974,L2/3 IT,-0.36627313,0.23935944
183984,Sst,-0.23973116,0.23739833
183988,OPC,0.09056163,-0.41173485
184078,L2/3 IT,0.101713,0.26432163
184886,Astro,0.06862992,0.39127338
248003,L2/3 IT,0.39670098,-0.016901314
248271,OPC,-0.068514526,-0.049807668
184906,Endo,0.055131495,-0.38411227
248023,L4/5 IT,0.068134844,0.11923081
186406,L6 CT,-0.1270892,-0.09075329
248237,L4/5 IT,-0.3491158,0.08168304
185217,L6 IT,-0.09845233,-0.1954126
185377,Astro,-0.031100065,-0.24076626
185422,Sst,-0.07989794,-0.06557995
186298,L4/5 IT,0.21329618,0.04312396
186235,Oligo,0.2173475,-0.32319805
185498,OPC,-0.108659595,-0.0048811436
186172,PVM,-0.3141086,0.3113711
186159,Peri,-0.1922934,-0.18668222
185576,Peri,0.062053263,0.07116336
185583,Oligo,-0.010488749,0.1826793
186120,L2/3 IT,0.30537134,-0.0475069
185672,Astro,-0.30785996,-0.0019869208
185789,Micro,0.3051828,0.056800187
185814,L4/5 IT,-0.02072221,0.12030202
185876,L6 IT Car3,-0.13633147,-0.22369081
186041,L6 CT,-0.3885572,0.091475725
247999,SMC,-0.016216964,0.3321048
248758,L2/3 IT,0.07077104,0.24565578
186504,L2/3 IT,-0.42580283,0.15374511
184755,L5/6 NP,0.23099345,-0.22900197
248443,Oligo,0.020945251,-0.22678652
186946,L4/5 IT,-0.29480356,0.19314295
248432,Peri,-0.21183363,0.2255671
184111,L2/3 IT,0.40807587,-0.11828968
184199,Oligo,0.04068148,-0.13784862
248411,Lamp5,-0.3730857,0.15086097
184226,L6 CT,-0.03267926,-0.079135954
184282,L4/5 IT,-0.2805156,0.20697147
184346,L2/3 IT,0.22425783,0.19772995
184358,L4/5 IT,-0.14003423,0.1898104
184387,L6 IT,-0.082532555,0.01847601
184427,L6 CT,0.10806215,-0.21119598
184454,L4/5 IT,-0.1717957,0.2467919
184461,SMC,0.18068385,-0.027885675
184517,Endo,0.27441972,-0.19790381
184544,Astro,-0.050291985,-0.0389328
186677,L6 IT Car3,-0.048152268,-0.17351899
186676,L2/3 IT,-0.4190715,0.17589182
184590,Endo,0.11343598,0.19434649
184625,L2/3 IT,-0.35411543,0.28989756
186568,Astro,0.18491703,-0.26970634
184705,L2/3 IT,0.3852309,-0.06421834
184745,Astro,0.09588927,0.3376059
184770,Pvalb,-0.11896157,0.1636743
179447,Vip,-0.2959365,-0.04137367
187848,Endo,0.28508443,0.09347767
187884,L2/3 IT,0.27824593,0.12314838
180391,Endo,0.22511661,-0.05708781
180431,L2/3 IT,0.2939502,0.0047278404
189289,SMC,0.2971288,-0.17548689
180563,Pvalb,0.018542945,-0.24796435
189181,Endo,0.08534384,-0.32098287
189158,L2/3 IT,-0.29498214,0.33338523
180829,Oligo,0.25581408,-0.276478
247513,Oligo,0.010470629,-0.25542176
249055,L6 CT,-0.06323594,-0.16694373
189007,Vip,-0.21190047,0.32429105
189339,VLMC,0.4327289,0.061484456
189001,Sst,0.20584714,-0.028117865
180908,Astro,0.040549695,-0.2579661
180938,Micro,-0.08855334,-0.1906704
188960,Micro,0.42985886,0.056285143
180975,L2/3 IT,-0.19112623,0.35287225
188915,L2/3 IT,0.41306734,-0.035025567
249022,Endo,0.23765713,-0.2637372
181032,PVM,-0.15864646,-0.01991713
188873,Vip,0.038331687,0.16230166
181177,VLMC,0.13165301,0.35731268
181181,L4/5 IT,-0.31671488,0.15759254
180868,L4/5 IT,-0.025029331,0.17089325
180254,Vip,-0.19846424,0.24954855
180236,Endo,0.13359708,0.22558618
180231,Endo,-0.38103357,-0.0068223774
179474,L2/3 IT,0.097990334,0.24944293
179515,SMC,-0.4280619,0.17308795
179578,L2/3 IT,0.3794018,0.0173015
179631,Astro,-0.23669204,0.26588804
179635,L5 IT,-0.23673874,0.0134812
249229,L2/3 IT,0.043239415,0.25106806
189558,OPC,0.015919685,0.27750534
189545,Oligo,0.046960592,-0.39297807
189542,Pvalb,-0.0012522936,0.16137904
189471,L6 IT,0.005552411,-0.09560242
179891,Astro,0.09675223,0.37330943
179893,L2/3 IT,-0.40620637,0.17810887
179996,L5 ET,-0.07140735,0.09250766
249179,Micro,0.1256218,0.2048912
180003,L2/3 IT,-0.3341278,0.28888464
189407,Lamp5,-0.08185756,0.08149171
249169,Astro,-0.33367914,0.3381999
180027,L2/3 IT,-0.023955077,0.33869416
180028,PVM,-0.02380091,0.10615075
180041,L6 IT,-0.026418537,-0.14373997
189351,L2/3 IT,-0.29717895,0.32957256
180188,L6 IT,-0.04310602,0.033599377
180198,L2/3 IT,-0.2913943,0.26885712
181196,L6 CT,-0.14982036,-0.098911464
247540,Oligo,0.14009392,-0.0052749515
188842,L4/5 IT,-0.005109608,0.20198256
181265,L2/3 IT,-0.38538188,0.20472258
181861,L4/5 IT,0.3686949,-0.20399672
248867,L6 IT,0.17600286,-0.15032944
181912,Pvalb,0.18133944,-0.13240466
181928,L2/3 IT,0.24284768,0.16374695
248830,Endo,0.04396099,0.112680316
182081,L4/5 IT,-0.07168582,0.1704703
188222,L2/3 IT,0.057363212,0.3209926
188212,Astro,0.20905912,-0.17360541
182145,Sst,-0.16634268,0.0942691
188182,L2/3 IT,-0.39426133,0.17797428
182198,L2/3 IT,0.04450679,0.29459012
182210,SMC,0.21209317,0.19309199
182253,L5 IT,-0.19237494,0.13442504
182290,L4/5 IT,-0.36301166,0.13065618
188064,VLMC,0.0544222,0.4190364
182306,OPC,-0.27368668,-0.15906173
182414,Lamp5,0.38428015,0.07774854
188054,L5 IT,0.11592567,-0.030457765
182420,L2/3 IT,-0.3349083,0.28510082
182435,L6 IT,0.066337824,-0.07237151
182440,L6 IT,0.09315038,-0.25653622
182465,L5 IT,-0.16376978,0.14635766
187948,Endo,0.14194798,-0.4066799
181813,L6 CT,0.07267964,-0.22118106
182506,Pvalb,-0.08808434,-0.042793453
181781,OPC,0.08412433,-0.19242066
188301,L2/3 IT,0.134718,0.30803418
247548,OPC,0.08455455,-0.2236341
181288,Micro,0.16890132,0.0712769
188674,Endo,0.42037457,-0.16267753
181439,L5 IT,-0.23317057,0.11091077
181448,Astro,0.23489147,-0.20999175
248944,L2/3 IT,0.26828247,0.13098943
188659,Endo,-0.19018236,0.25908047
188600,L2/3 IT,0.41495454,-0.09393197
181468,L6 IT,0.06964213,-0.18771029
188591,L5 IT,0.20859748,-0.09798172
181469,L2/3 IT,-0.20596704,0.35484153
188556,L4/5 IT,-0.115612775,0.23781371
188526,VLMC,0.08572137,0.39367878
188486,Endo,0.024587274,0.42264843
181611,L2/3 IT,-0.35398704,0.18523407
188444,SMC,-0.24224761,0.14058554
248918,L4/5 IT,-0.09019828,0.2509613
188377,Lamp5,0.30195904,-0.013351172
181679,Astro,-0.23599958,0.023552
181708,Sst,-0.35902947,0.09493363
181719,L4/5 IT,-0.035592437,0.24917912
188331,Astro,0.17031437,0.15783691
181771,L2/3 IT,0.36181682,-0.047463894
188295,OPC,0.30910462,0.1344251
173491,L5 IT,-0.084980816,0.058493435
173441,L2/3 IT,0.35127997,0.05033374
250353,L6 IT,0.2521658,-0.26354775
165269,Micro,-0.24873987,-0.056883037
199246,VLMC,0.28570879,0.24059695
199203,L2/3 IT,-0.007820874,0.31155318
199189,L5 ET,-0.122225374,0.09354073
165518,L5/6 NP,-0.26248953,0.03522539
199036,L6 IT Car3,-0.30568096,-0.011657327
165656,L6 IT,0.18818527,-0.15369403
198950,L5/6 NP,-0.16812024,-0.028045416
165667,L2/3 IT,0.12691039,0.2880537
165746,L2/3 IT,0.25744152,0.1525287
199362,L2/3 IT,-0.28348053,0.34264785
165785,L6 CT,-0.11364168,-0.06494659
198907,SMC,-0.26349935,0.4531049
165839,L4/5 IT,0.39462948,-0.16214585
251671,L2/3 IT,0.22077018,0.20766217
198859,L5 IT,-0.09045681,0.04703605
165871,Astro,-0.055823237,-0.24320623
198844,L6 CT,-0.044041246,-0.13551798
165877,VLMC,0.17432362,0.34236282
165922,L4/5 IT,-0.31289673,0.15310746
166009,Pvalb,-0.16845545,0.07944727
245929,Oligo,0.023914635,-0.45790032
251687,L6 CT,0.13089156,-0.28824604
165222,Oligo,0.10935849,-0.44846413
199387,Astro,0.31151694,-0.24623713
199401,L6 CT,0.10438681,-0.17744786
251934,L6 CT,-0.2160433,-0.023424119
199696,L6 CT,0.18774217,-0.35890716
251929,L2/3 IT,-0.3021434,0.37473005
199669,Oligo,0.19755542,-0.192175
199666,Oligo,0.108924925,-0.4345913
199654,L4/5 IT,0.35741585,-0.09882569
164524,Endo,-0.22468236,0.36898428
164617,SMC,0.0017110705,-0.253712
164682,Peri,0.0723393,0.18067235
164702,Astro,-0.21242622,0.17350727
199525,OPC,0.41177517,-0.079722255
251877,L2/3 IT,0.4417073,-0.0749791
199460,Micro,-0.059749663,0.09709746
164800,L2/3 IT,0.116399884,0.29053122
199456,PVM,0.27430427,0.24206126
245824,Peri,0.2836694,0.13615453
164852,L5 IT,0.050075054,0.05914563
164879,L6 CT,-0.2115973,-0.1671871
164962,L2/3 IT,0.16796619,0.14068216
165051,L4/5 IT,-0.24134049,0.16496694
199420,Micro,0.39374173,-0.23638588
165175,Oligo,0.027736843,-0.30541396
199419,L5 ET,-0.034719974,-0.033875346
166042,L2/3 IT,0.08195865,0.19077283
198717,L6 IT,0.04512441,-0.18088639
166140,L4/5 IT,-0.3117392,0.25105113
198710,Peri,0.3994739,-0.10948083
198070,L6 CT,0.148404,-0.24431375
166875,Peri,-0.3036911,0.038098752
166930,L4/5 IT,0.31500596,-0.15127343
166949,L4/5 IT,0.31732327,-0.108674794
166955,L6 CT,0.033190906,-0.15360713
197940,L2/3 IT,0.14737296,0.19803923
166984,VLMC,0.2851469,0.250606
167058,L4/5 IT,0.3917395,-0.15078485
167110,L5 IT,-0.26484674,0.015618086
167135,L2/3 IT,0.1028468,0.28217673
197887,Pvalb,0.18723541,0.11084169
251429,Endo,-0.12040371,0.08003646
197879,L5 ET,0.2579205,-0.3169499
167259,PVM,-0.27311778,0.43590045
167271,L2/3 IT,0.11467874,0.27366245
197813,PVM,-0.0784246,0.30676168
251406,Pvalb,-0.17872116,-0.18703341
246118,L6 CT,0.07414091,-0.14650568
197744,Astro,0.13142717,0.37272954
197692,L2/3 IT,0.047062337,0.31295675
197677,L2/3 IT,0.08428013,0.21523136
251395,L5/6 NP,-0.061976016,-0.017274708
197607,Astro,-0.3427698,0.06450623
198129,VLMC,0.44664478,0.04944372
199697,L4/5 IT,-0.017389387,0.21825618
198175,L4/5 IT,-0.04611793,0.1880421
166679,L2/3 IT,0.12667066,0.30578756
251602,Pvalb,0.12017077,-0.20599157
166177,L2/3 IT,-0.3318044,0.30219436
251578,Astro,0.023782313,0.39681852
198621,L5 IT,-0.16767696,0.022350967
166243,L2/3 IT,0.22036433,0.17277443
166272,L2/3 IT,0.13291782,0.32302308
166278,L2/3 IT,-0.013068944,0.26302612
251562,Astro,0.19423181,0.3100773
166282,Peri,0.37247056,-0.03585118
166288,L5 IT,0.3105234,-0.14199644
166291,L6b,0.122409046,-0.4037068
198543,Endo,0.0356223,0.29697102
166327,L6 IT,-0.061920345,-0.17209303
198536,SMC,0.18209189,-0.3531838
166345,Astro,-0.39235485,0.13632941
166441,L4/5 IT,-0.30576092,0.21672994
251535,Astro,0.16912967,0.25830704
166502,L6 CT,-0.12712967,-0.02771455
166515,L2/3 IT,-0.008204013,0.3731513
166545,L2/3 IT,-0.25262704,0.38397115
198371,Oligo,0.15908659,0.008091927
166625,Vip,0.08508319,0.27074373
246006,L2/3 IT,0.37576026,-0.10832408
198194,Oligo,-0.12699103,-0.038228363
197555,Oligo,0.24368888,-0.022430688
164342,L4/5 IT,0.18815821,0.030803382
164313,Endo,0.29353756,-0.14627942
162294,L2/3 IT,-0.41695118,0.20309043
162317,L6 CT,0.1099686,-0.19761854
252306,Pvalb,-0.21037325,0.21926337
201635,L6 CT,0.16144687,-0.367253
162416,L2/3 IT,0.049660146,0.22347748
162448,L2/3 IT,0.27578712,0.14833653
201558,L2/3 IT,-0.40169588,0.18863028
201508,Vip,0.25589633,0.023944438
162508,VLMC,0.29820573,0.23223484
162513,L6b,-0.14303422,-0.19326362
162262,Astro,-0.36932376,0.117070496
201507,Peri,-0.06369093,0.30445212
201415,L6 CT,-0.18840626,0.0014923811
201393,Astro,0.06626904,-0.4582898
201352,L2/3 IT,0.02987808,0.31123906
162567,L2/3 IT,0.031511843,0.3580882
162585,L2/3 IT,0.08793855,0.26637977
201334,L6 CT,-0.03419262,-0.16930974
162711,Astro,-0.24802661,0.09980446
201118,Oligo,-0.14399493,0.24429893
162717,Astro,-0.03707409,-0.06444663
162741,L6 IT,-0.18276897,-0.11478531
162537,L5 IT,-0.08667815,0.12295294
162230,L5 ET,-0.20741034,0.0819819
252339,L5 ET,0.31302327,-0.19723952
162228,Endo,-0.3664214,0.31809515
252453,Oligo,0.07274246,-0.39017504
161438,L5 IT,-0.0047436655,-0.14519322
161509,L6 CT,-0.086847186,-0.13349861
161517,Vip,-0.087002635,-0.04748714
161567,L2/3 IT,0.06621289,0.3157788
202183,Micro,-0.029993147,-0.22746807
161572,L2/3 IT,0.2205568,0.07949376
202168,L6 IT,0.050924003,-0.2583807
161605,L2/3 IT,0.3048054,0.0630821
161631,L6 IT,0.033154488,-0.25013557
202078,L5 IT,0.24485892,-0.1300003
202046,VLMC,0.4558198,0.051418126
201975,Peri,0.24726439,0.08241707
161844,VLMC,0.16564322,0.36230785
162046,Vip,0.2636807,-0.30998838
252374,L2/3 IT,0.110859215,0.27126926
201867,L5 ET,0.26743627,-0.16624036
201840,Endo,0.42280698,-0.06980711
162081,VLMC,0.38277638,0.13517994
162083,Oligo,-0.12133047,-0.17910805
162117,L6 IT,0.1298396,-0.12773046
245435,L6 IT,0.14496404,-0.14852586
162197,L2/3 IT,0.33290833,-0.0346722
162876,Sst,0.13606179,-0.112659544
201052,L6 CT,0.15463787,-0.29431766
252223,L4/5 IT,0.27030605,-0.04420644
162918,Oligo,0.084762335,-0.24363011
200359,L2/3 IT,0.40324372,-0.09696755
163632,SMC,0.19297451,0.0030437708
200303,Endo,-0.25849724,0.3770827
200297,L4/5 IT,-0.04682961,0.18731534
252026,OPC,-0.42507538,0.21086085
200271,L4/5 IT,-0.29515755,-0.06409094
163687,L2/3 IT,0.17658871,0.24483532
163693,L6 IT,-0.11163017,0.043744028
200253,Lamp5,0.0013464093,-0.28711253
200124,Endo,-0.012541324,0.1990915
163872,L2/3 IT,0.4394914,-0.085888326
200084,Pvalb,-0.06316942,0.008467257
163927,L5 ET,-0.0751265,0.04161334
245731,L2/3 IT,0.10635841,0.19151574
164117,L5 IT,-0.18562642,0.07260245
199994,L5 IT,0.25138664,-0.090039015
164126,L6 IT,-0.13430476,-0.18679473
199846,L6 IT,0.08533478,-0.06995082
199775,L2/3 IT,0.14789289,0.24357694
164210,L6 CT,0.17387134,-0.3977037
164238,Endo,0.32448477,0.18796533
164253,Endo,-0.25429875,-0.01886928
164284,L2/3 IT,0.17168027,0.24698001
163604,Astro,0.109556496,0.3435312
164327,L2/3 IT,0.36908805,-0.06996223
200464,L5 IT,-0.06411362,0.12962979
252094,VLMC,0.2009573,0.32595026
252215,Astro,-0.0541659,0.32116473
201000,L6 CT,0.12136859,-0.39370146
163043,Micro,0.1042968,0.27583915
163079,Endo,-0.036326498,-0.15481526
200991,Endo,0.19979846,0.3070919
252179,SMC,-0.011851281,0.42405218
163092,L4/5 IT,0.3406343,-0.15326303
200990,L5 ET,0.0028105378,-0.016635656
252169,Astro,0.20262355,0.3241254
163189,L2/3 IT,0.029331088,0.33001858
163218,L6 IT Car3,-0.21872029,-0.1264309
200986,L5 IT,0.08765733,0.025637984
200973,Pvalb,0.09471053,0.303864
163233,L6 IT,0.043518364,-0.17852074
200876,L4/5 IT,-0.36344373,0.15416259
163383,Astro,0.2428847,-0.045975983
200693,L2/3 IT,0.107675076,0.17954057
200670,Endo,-0.28270453,0.017424941
163427,Peri,0.069598615,0.09038639
200647,L6 CT,0.17423731,-0.32541507
163434,L5 ET,-0.046595305,-0.058145493
163440,OPC,0.15997452,-0.2615291
200633,L2/3 IT,-0.21670401,0.39565957
200594,L5 ET,-0.02230665,-0.09828997
167534,Astro,0.04243046,0.10702288
197453,Peri,-0.21567923,0.42960542
167539,L4/5 IT,-0.23665375,0.16856468
171201,L4/5 IT,-0.31048512,0.19772398
250724,Endo,-0.0867475,-0.2117331
171221,L5 IT,-0.20830259,0.10228443
194815,L6 IT,0.12055892,-0.1345036
194814,L6 IT,-0.12923044,-0.2353366
250710,VLMC,0.4162622,0.062315762
194783,L2/3 IT,0.089301586,0.24569362
171264,OPC,0.069668055,0.20356542
194746,L2/3 IT,0.008410752,0.33927524
171288,L2/3 IT,0.06381744,0.24092233
194904,SMC,0.46097296,0.019172668
171333,Endo,0.32684827,-0.23038292
171370,SMC,0.034519136,0.40881246
171395,L2/3 IT,0.093521774,0.28913963
171441,L2/3 IT,0.4229766,-0.06736809
250644,L2/3 IT,0.40375763,-0.027333051
250643,L6 IT,-0.05778584,-0.018705606
171588,Endo,-0.29132485,0.10050386
194592,L2/3 IT,0.0821175,0.26187408
171608,L4/5 IT,-0.28039008,-0.07288745
171612,Endo,0.10302186,0.39682603
194582,L4/5 IT,-0.32006013,0.2227928
250674,L5 IT,0.120108426,0.014811993
195085,Peri,0.16931176,0.080956936
250734,L4/5 IT,-0.10894278,0.23056966
171152,Oligo,0.31804407,-0.16286823
170538,Lamp5,-0.30683047,0.26946592
170541,L2/3 IT,-0.32858115,0.31544638
195614,Endo,-0.07953802,0.1021803
170566,Astro,-0.34993696,0.11146057
170580,OPC,-0.24965557,-0.050587714
170588,L6 IT,-0.11474362,-0.14906284
170595,Astro,0.033489108,0.2892595
195452,L6 CT,0.14655662,-0.4031374
195415,L5/6 NP,0.20781302,-0.2192966
195326,L5 IT,-0.07170257,0.115909815
195273,L5 IT,-0.010267109,0.1351977
170881,L6 CT,0.0025530457,-0.09083766
170887,L6 CT,-0.15978172,-0.18870726
170984,L2/3 IT,0.106698155,0.28549802
171003,Lamp5,-0.06284502,-0.16364205
171019,Peri,0.15928286,-0.014286488
171034,Endo,0.16099936,-0.010763437
195211,Peri,0.10828394,-0.19362897
195196,L4/5 IT,0.3433621,-0.13888511
195107,VLMC,0.23356575,0.30348593
171081,Endo,0.05371648,-0.37858522
250742,L5 ET,0.17081761,-0.07439679
171100,L2/3 IT,-0.3863272,0.21336555
194579,L6b,0.082232475,-0.36360204
194568,L6 CT,-0.2128658,-0.07501039
250597,Micro,-0.30606174,0.16417968
171820,L6 IT,-0.12550378,0.028826594
172434,L2/3 IT,-0.39154962,0.22629213
246691,Endo,0.115548134,-0.1944857
172462,L2/3 IT,-0.13513932,0.32059413
172466,Micro,-0.264749,0.3118657
172475,L4/5 IT,-0.0837442,0.23055202
172581,L5 IT,-0.061733633,0.10935354
193841,L5 IT,0.3100354,-0.25049666
193795,L6 CT,-0.050239474,-0.05811873
173084,L5 IT,0.22673523,-0.057180524
173088,L2/3 IT,-0.30560052,0.33314854
173104,Oligo,0.053250074,-0.3813586
173128,L2/3 IT,0.05848235,0.30479228
193771,L5 ET,-0.087365,0.061412156
193750,Micro,0.38191068,-0.117148876
250399,Sst,-0.1257709,-0.082748294
193743,Pvalb,-0.114956856,-0.10349429
173198,L4/5 IT,0.035639584,0.21737856
193710,Astro,0.37282467,0.16678071
246745,L2/3 IT,0.042393386,0.22616976
193631,L6 IT,0.08968943,-0.041186333
193630,Peri,0.08184254,-0.29401577
193501,Astro,-0.16866678,0.039037943
173346,Pvalb,-0.1817118,0.18333018
172408,L2/3 IT,-0.22201127,0.30168164
170492,L2/3 IT,-0.14329395,0.35434198
193939,Micro,0.08270222,0.21612632
172396,Micro,0.29075325,0.12544239
250578,L4/5 IT,0.20498812,-0.03439623
194503,Endo,-0.10978913,0.2539205
194451,L4/5 IT,0.17789793,0.14987499
194438,Astro,-0.4269063,0.16345006
194397,VLMC,0.19131202,0.33932233
171948,Oligo,-0.22603118,0.1295039
194282,L6 CT,-0.21411753,-0.14999697
194257,Peri,0.16460812,-0.31666762
172046,VLMC,-0.4707269,0.20064944
194174,Oligo,0.08044773,-0.4347542
194173,SMC,-0.34015417,0.12760568
172120,Endo,-0.028056145,-0.060212135
246650,L5 ET,0.28965253,-0.22806448
172175,L4/5 IT,-0.41508004,0.13544762
250520,L2/3 IT,0.082746446,0.27301806
172278,L6 CT,0.14306277,-0.26820314
172285,L6 CT,-0.032020807,-0.16204953
194029,L2/3 IT,0.025231361,0.35049403
246667,L6 IT,-0.07202357,0.009345114
193999,PVM,-0.043162107,0.25043327
172385,Astro,0.0022297502,-0.25280362
172393,L2/3 IT,-0.4128042,0.14377135
193941,Astro,-0.034647524,-0.1485166
250486,L6 IT,0.009042203,-0.24515796
195675,L2/3 IT,0.3489632,-0.077020645
170382,Lamp5,-0.12853885,0.47267395
246448,L2/3 IT,0.07857156,0.22972226
197144,L2/3 IT,0.18316877,0.21153527
168443,L5 ET,0.04882127,-0.1356104
168467,L5 IT,0.2890135,-0.19547662
246227,OPC,0.22825128,-0.2280899
197098,Endo,0.3680235,-0.06505039
251191,Pvalb,0.20092899,-0.12623906
168669,L2/3 IT,-0.39475876,0.1466105
168691,Endo,-0.313424,0.22424626
168708,Astro,-0.23437795,0.43780452
168718,OPC,-0.24770781,0.22711563
168731,L5 IT,0.03009653,0.112784445
251169,L5 ET,-0.20106524,-0.06180346
196966,Vip,-0.31016892,0.23450494
196961,L5 ET,-0.116885155,-0.005906433
168896,Pvalb,0.069808304,-0.32596314
196930,Endo,0.060311735,0.3342672
196913,L2/3 IT,0.121417284,0.27766562
246274,Peri,0.005499661,-0.39397812
168943,L4/5 IT,-0.20893341,0.1735037
196800,PVM,-0.22296885,0.4733296
169026,L2/3 IT,-0.3876357,0.1887291
246284,Vip,0.1732015,-0.20952821
196664,Astro,0.41065663,-0.049011856
168356,L4/5 IT,0.15280324,0.14833647
169113,Oligo,0.08614862,-0.4351038
251240,Endo,0.03979963,0.31574208
168330,L4/5 IT,-0.38673648,0.17384303
251361,L6 CT,0.22142047,-0.2523012
197442,Oligo,0.15925509,-0.3848768
167569,L2/3 IT,0.28733253,0.027724504
167649,L2/3 IT,0.31900382,0.16107279
197422,L6 CT,-0.14822379,-0.074837595
167745,L6 IT,-0.15881708,-0.17923784
251335,L6 CT,-0.1295732,-0.034296066
167756,L5 IT,-0.0888367,0.14782488
167790,OPC,-0.40350038,0.0036949515
197396,Oligo,0.10498965,-0.03224656
251324,L6 CT,-0.1412315,-0.05693257
167884,L4/5 IT,-0.41003484,0.12841356
167897,L2/3 IT,0.065371096,0.18716949
197372,L5 IT,-0.009141237,0.0830099
197345,Astro,0.21425658,0.28096706
197335,Pvalb,0.17066842,-0.21245605
168072,L6 CT,0.09002638,-0.29541832
246197,L5 IT,-0.07739514,0.10710943
168118,L4/5 IT,-0.16513887,0.23858607
168150,Astro,0.026496708,0.393174
168218,Oligo,0.14377922,-0.25899345
197275,Micro,0.22750318,-0.009030759
168256,L2/3 IT,0.23407817,0.1696611
197206,L2/3 IT,0.3007807,-0.03234142
161392,L2/3 IT,0.16357434,0.2642817
169148,L2/3 IT,0.08369732,0.29723704
196577,Peri,-0.3311283,0.06428331
169862,Pvalb,0.3092534,-0.05609727
196089,Astro,-0.0835692,0.29530132
250963,Peri,-0.27199644,0.33826798
169887,Oligo,0.029068053,-0.40294433
196046,L2/3 IT,-0.13632768,0.3725528
250954,Endo,-0.225876,0.41658223
196020,Sst,-0.006785989,-0.0600273
196001,Vip,0.012246549,0.2053628
170004,L2/3 IT,-0.25048512,0.30092794
246406,Peri,0.20698947,-0.21563363
170046,Astro,-0.17467919,0.13491052
170073,VLMC,-0.09672549,0.4639784
170129,Oligo,-0.080381095,-0.22957844
170181,Micro,0.0416947,0.12537658
195857,Astro,0.19131255,0.26475334
246426,L6 IT,-0.0063367784,-0.10059053
195741,L2/3 IT,0.09378475,0.28917068
170222,L2/3 IT,0.19109815,0.123647034
170249,L4/5 IT,-0.3246662,0.16373092
195729,L5 IT,0.18150985,-0.07625303
250885,Oligo,-0.04567209,-0.14373496
246443,L6 CT,-0.004513979,-0.052741766
170370,Endo,0.11145961,-0.27799493
169851,SMC,-0.30404162,0.3638118
169175,Astro,-0.3615399,0.073379934
196092,Pvalb,0.18053526,-0.05780956
169819,L4/5 IT,0.07331222,0.08445066
196499,L2/3 IT,0.014455795,0.25501388
169289,L5/6 NP,-0.23821375,-0.09417504
196459,PVM,0.3592649,0.13506061
251075,OPC,-0.23621929,0.06307787
169353,VLMC,0.09500122,0.3846475
196418,Astro,0.095770836,-0.4514932
251059,SMC,0.4452772,0.034564197
169400,Oligo,0.3395065,-0.15033403
251051,L4/5 IT,-0.390501,0.16658705
196416,L6 IT,0.03997594,-0.016851544
169493,L6 CT,-0.13021964,-0.03273341
169518,L6 IT,-0.08307642,-0.20655501
169520,L4/5 IT,0.28267223,-0.09243584
169521,Pvalb,-0.1488243,0.28791517
169603,L2/3 IT,0.39736015,-0.090905964
196330,Endo,0.14772242,0.2048406
169707,L4/5 IT,-0.0990009,0.27730095
169712,Endo,0.1223039,0.35653257
196269,L4/5 IT,0.36108655,-0.1606507
251006,Lamp5,-0.081003934,0.38667017
169731,L2/3 IT,-0.4254732,0.18028206
251002,Endo,-0.009384841,0.24058163
196130,Endo,0.15047842,-0.014755249
169846,L6 IT,0.21940374,-0.16754234
135455,Astro,0.18710738,0.352544
147162,Vip,0.231902,0.10886592
220691,PVM,0.04878229,0.09421915
227450,L5 IT,0.0868004,-0.029013127
114765,Endo,0.0610407,-0.41085306
114746,L5 IT,0.17009938,-0.022452265
125935,L5/6 NP,-0.3007655,-0.044319212
114712,L5 ET,-0.16689563,-0.08864701
114701,L6 IT,0.14681911,-0.17655742
227377,L5 IT,-0.29951167,-0.022821724
114674,Astro,-0.19784734,0.40032685
114645,L2/3 IT,-0.38027057,0.15130144
235219,Lamp5,0.04264283,0.39514965
258509,Endo,-0.23869109,0.22500145
235245,L6 IT,-0.040747106,-0.09740582
114589,Oligo,0.17880535,0.321082
125977,Astro,0.058206618,0.28264248
125990,Astro,0.15527904,0.30740637
235128,L4/5 IT,0.29801226,-0.056568444
125913,L2/3 IT,0.2301287,0.0755474
235093,L2/3 IT,-0.19440618,0.3435884
125868,Astro,0.05762154,-0.37561485
241166,L2/3 IT,0.38758916,-0.10473722
114887,L6 CT,0.16393274,-0.20407408
260458,L6 CT,-0.034273624,-0.16715819
227629,L6 CT,0.1108706,-0.13931826
125729,OPC,-0.33062822,0.28664702
227583,L2/3 IT,0.41641092,-0.030701071
258543,L2/3 IT,-0.023428917,0.3538357
114523,L2/3 IT,0.07665312,0.27582014
235042,Astro,0.35807043,0.08154589
260466,L4/5 IT,0.2791369,-0.13252336
114857,Oligo,-0.06916806,-0.25584343
125803,L2/3 IT,0.09900874,0.20755512
125816,L2/3 IT,0.036810637,0.3226654
125822,Astro,-0.46260276,0.13486558
125844,OPC,0.31579292,0.059283733
227500,Astro,-0.11160013,0.16667062
114879,VLMC,0.41515464,0.07133347
114899,L4/5 IT,-0.025371522,0.21239007
235274,L6 IT Car3,-0.18584922,-0.23208725
114511,L2/3 IT,-0.010626584,0.36490548
126389,L2/3 IT,0.39224917,-0.054486066
239812,Micro,0.017392397,-0.21587443
241284,Oligo,0.07104403,-0.40679163
114290,L6 IT,-0.15239555,-0.18552762
114179,L6 CT,-0.01565075,-0.2751583
226911,Astro,0.10769373,-0.41759676
126403,L2/3 IT,0.056991637,0.23595518
241303,L6 IT,0.16524875,-0.11912081
226802,L2/3 IT,0.3372296,0.07171208
126491,L2/3 IT,0.3244812,0.10346341
235459,Astro,-0.26785213,0.25524926
114056,L4/5 IT,0.03309506,0.14926511
226761,Astro,-0.21575162,-0.17811063
226755,Astro,0.26409203,0.23600835
258412,Oligo,0.047757387,-0.2986783
126388,Pvalb,-0.21713236,0.27940542
226970,L4/5 IT,0.15341079,0.07940912
260583,L2/3 IT,0.2521038,0.057723224
126326,L2/3 IT,-0.24165973,0.43028772
126092,Sst,-0.16851875,0.32011354
227225,Micro,-0.16760299,0.11676854
260550,L4/5 IT,0.31032968,-0.06919107
114482,Astro,-0.3558521,0.12632054
114461,Peri,-0.109704554,0.21032673
126160,L2/3 IT,0.06115812,0.26603168
126170,L2/3 IT,0.116295755,0.22236693
227295,L5 IT,-0.24043697,0.1171031
126171,Pvalb,-0.2338328,0.23702788
239814,Endo,-0.3563512,0.1716435
227096,L4/5 IT,-0.29342437,0.17700869
227027,Astro,-0.28864753,0.113719285
114376,L4/5 IT,0.35039693,-0.17601004
114358,L6b,-0.03946355,-0.33828735
226977,L4/5 IT,0.09755236,0.18274003
126265,L2/3 IT,-0.3950858,0.20956743
239820,L2/3 IT,-0.0339984,0.35535765
234988,L5 IT,-0.20169553,0.1432817
114978,SMC,-0.06066695,0.41285527
115024,L6 IT,-0.23269984,-0.018715799
115614,L6b,0.0053031445,-0.26481128
234469,L2/3 IT,0.039917886,0.33104664
260360,L6 IT,-0.07808235,-0.024266928
234504,L6 IT,-0.059475362,-0.095661074
241028,L5 IT,-0.3530598,-0.0020075738
228331,Endo,-0.00041350722,0.23443621
258691,L6 CT,-0.1929219,0.10111278
115496,Sst,0.23253322,-0.24790558
228299,Astro,0.11712569,0.24159676
241040,L2/3 IT,0.35927546,-0.0848231
124842,Astro,-0.24314743,0.08831048
228275,L5 IT,0.023222625,0.10012084
124926,L5 ET,0.21798998,-0.26363853
258665,L6 CT,-0.20541254,-0.091032386
228244,Endo,-0.133019,0.3286543
260354,L2/3 IT,0.050268292,0.21895945
115621,Oligo,-0.10391909,0.13589442
115654,Peri,-0.33681574,0.08174753
234294,L6 CT,0.14526755,-0.22074011
234255,Astro,-0.39468443,0.08265257
234265,OPC,0.08720106,0.14886093
228495,L5 IT,-0.15250453,0.121109486
234287,Pvalb,-0.018372357,-0.08956954
115749,Endo,0.10635167,0.012154639
124565,L2/3 IT,-0.40935114,0.18787229
124662,L6b,0.03986311,-0.3232594
115462,Peri,-0.3014171,0.3877868
115718,L6 IT,-0.058302432,0.025835156
258725,L2/3 IT,0.041496336,0.25294948
124683,Oligo,0.096490026,-0.419678
115693,L4/5 IT,-0.29614094,0.09897226
239999,L4/5 IT,0.29668057,-0.08102739
241012,L6 CT,0.13405514,-0.43026465
115687,Oligo,0.114053786,-0.4869114
115665,L2/3 IT,0.008478165,0.3406207
124671,Endo,0.17887545,0.22512168
115452,Endo,0.11727357,0.36873484
125038,Endo,-0.24102297,0.21897
258650,Oligo,0.07031685,-0.42796248
234796,L6 IT,0.12641013,-0.18251204
239903,Astro,0.111329734,0.2960484
115159,L4/5 IT,0.22731614,0.03759086
228007,L2/3 IT,-0.31349468,0.27407283
125370,L2/3 IT,-0.13295513,0.41957718
234848,L5 IT,0.20671105,-0.1413118
115032,OPC,0.031527042,-0.34565464
234752,L6 CT,-0.14882886,-0.19172701
125474,L6 IT,0.068262756,-0.116530806
125528,Oligo,-0.09293687,0.08704013
125533,Astro,0.425812,-0.14827898
227938,OPC,0.38819695,-0.06263134
227891,Endo,-0.08297402,0.20331627
241138,Astro,0.3619923,0.030350804
258571,L2/3 IT,-0.34510535,0.28851068
125676,L6 IT,0.0813908,-0.23064339
125522,Astro,0.08559954,-0.07723865
241320,L5 IT,-0.007710457,0.14742094
125343,L2/3 IT,0.38528347,0.024826288
260399,L4/5 IT,-0.24948785,0.25075465
115354,Endo,-0.32011327,0.22046542
228136,L6 IT,0.13367206,-0.26409203
125067,Astro,0.101291895,-0.44036418
115353,Pvalb,0.0871709,-0.2562378
234589,Oligo,0.2302075,0.18251836
125106,L5/6 NP,-0.28865427,-0.04975295
260392,L2/3 IT,0.36584568,-0.124081224
234729,L6 IT,-0.064795375,-0.037749916
260394,Pvalb,0.051468194,0.087951064
258643,L6 CT,0.20181626,-0.3389239
125130,L5 IT,-0.25032735,0.014136612
258638,Oligo,0.07324278,-0.42250225
125194,L2/3 IT,0.44698584,-0.078416675
115291,L5/6 NP,-0.015854746,0.024972439
125252,Astro,0.29923713,0.08927786
228084,L5/6 NP,-0.009196103,-0.053916425
234595,L6 IT,-0.057456225,-0.14262086
126525,L4/5 IT,0.017641366,0.19827205
113974,VLMC,0.29672545,0.22652352
235515,Pvalb,0.011163354,-0.16050637
236273,L2/3 IT,0.14371496,0.2770474
112791,Astro,0.13736981,-0.4574731
112729,L5 IT,0.21028006,-0.09085688
225526,Oligo,0.033847272,-0.26336098
225492,L5 IT,-0.032783866,0.1240657
128302,Sst,0.052782297,-0.0774692
128337,L4/5 IT,0.35809392,-0.13725328
225482,L6 CT,0.09309459,-0.3202718
225464,Vip,-0.38492432,0.22315842
128444,L5/6 NP,-0.08244836,-0.03232324
236358,Oligo,0.1839068,-0.37368894
239612,Sst,0.3975984,-0.08613852
128458,L6b,0.11609721,-0.40668654
225393,L6 CT,0.14523774,-0.13306293
225372,L6b,0.13125098,-0.4071403
241495,L6 CT,0.19134837,-0.32147866
128161,L4/5 IT,0.37170994,-0.16481069
236258,Oligo,-0.04777202,0.07463521
260836,Astro,-0.22845477,0.128447
113025,Pvalb,-0.3862638,0.1107257
113014,L6 IT,-0.1257492,-0.277121
225900,OPC,0.3779953,0.02734679
236163,L6 CT,-0.118787944,-0.049476117
236182,Astro,0.15579611,0.36621016
128002,L5/6 NP,-0.0058802366,0.13057882
112928,L4/5 IT,-0.28326637,0.19101173
225367,L6 IT,-0.038258463,-0.1479077
225775,L2/3 IT,0.18611127,0.2417404
258161,Astro,-0.1021646,0.3926645
128050,VLMC,0.17043036,0.3506223
239644,Endo,-0.19494402,0.06572169
128058,VLMC,0.2307018,0.30066526
128073,L4/5 IT,-0.34267893,0.084150314
225671,L6b,0.12347603,-0.41888484
225661,L2/3 IT,-0.3710901,0.2580549
128039,L4/5 IT,-0.2750113,0.23659825
236361,L2/3 IT,0.08590472,0.2850786
258091,L2/3 IT,0.074468255,0.2907046
112604,L5 IT,-0.13577697,0.13916183
224758,L2/3 IT,0.17527562,0.19573575
224755,Endo,0.32928002,-0.099561036
112253,L5 IT,-0.10634434,0.08534837
236550,L5 IT,-0.05337864,0.14064085
241597,OPC,0.13562167,-0.4367808
236590,Endo,0.22269297,-0.08993676
128862,Pvalb,-0.08067706,0.2651655
112259,L2/3 IT,-0.12738398,0.32028788
112225,L6 CT,0.13293737,-0.19369894
128977,L4/5 IT,-0.11445722,0.2320801
128987,Sst,0.072490275,-0.39598328
128991,OPC,0.08801615,-0.38318563
112127,Oligo,0.14378083,-0.38939175
236649,L2/3 IT,0.29741752,0.1066829
128993,L5 IT,-0.065515876,0.024775028
128998,Peri,-0.2808508,0.33244693
224584,Astro,-0.24882948,0.38365144
127887,L6 CT,0.11532235,-0.21640003
128811,L2/3 IT,-0.40010297,0.21415424
224792,Pvalb,-0.2066412,0.20166862
236426,Micro,0.02695781,0.29448843
241555,L6 CT,-0.039117277,-0.067622274
128615,Endo,0.123901784,0.1605584
225040,Oligo,-0.055781752,-0.22406065
236465,L6 CT,0.15270591,-0.12508398
236485,L6 IT,0.029110372,-0.20925501
224969,Peri,-0.1969589,0.26926237
128748,L6 IT,-0.2049241,-0.01565966
112510,L6 IT,-0.13864002,-0.14964685
258056,L5 IT,-0.3256033,0.007923365
112377,L2/3 IT,0.045492172,0.25569582
224878,L4/5 IT,-0.08240467,0.24909872
224846,PVM,0.15360278,0.1673379
112338,L6 IT,-0.070745975,0.036418974
112334,OPC,0.076069176,0.22677183
128733,Micro,0.1524939,-0.23506323
260895,L5 IT,-0.2640471,0.029420614
228503,L6 IT,-0.05614552,-0.25500885
225903,L4/5 IT,0.024948776,0.23889017
236140,Pvalb,0.007283926,-0.16981542
226495,L5 ET,0.005198121,-0.09185293
258350,VLMC,0.113672316,0.39272892
258348,Oligo,0.23069131,-0.21899527
126898,L6 CT,0.035138965,-0.22567147
241369,L5 IT,-0.1470083,0.09339279
226478,L4/5 IT,-0.38049388,0.17046952
127008,L6 CT,-0.021591306,-0.09550148
127045,Astro,-0.3295933,0.23494124
226303,L2/3 IT,0.33284992,0.07291818
239736,L6 IT,-0.006312251,-0.05094263
127051,Endo,-0.22908095,0.33587003
241373,L4/5 IT,-0.2118895,0.1873135
127078,L2/3 IT,0.3844766,-0.022408843
113633,L5 IT,0.2988776,-0.23486564
127147,L4/5 IT,0.04977745,0.1491192
235802,Micro,0.20584702,0.155402
258361,Endo,-0.08264631,-0.006658852
226520,L6 CT,0.18564975,-0.20429909
113775,Pvalb,0.008724391,0.20724416
226729,L5 IT,-0.09170836,-0.009580851
126561,Endo,-0.26460862,0.41424412
126566,L6 CT,-0.23765728,-0.08087844
226642,Sst,-0.10852632,0.30931675
241339,L2/3 IT,0.20322174,0.11041349
126573,Sst,-0.08839169,-0.2614704
235560,Peri,0.33806252,0.023097754
113617,Endo,-0.24457133,0.18741
126640,L6 CT,-0.10050607,-0.15745863
126663,Astro,0.08733797,-0.28401402
113914,L2/3 IT,-0.27976295,0.38489908
113884,Astro,0.25082064,-0.4005214
113877,Astro,-0.2999779,0.04368794
126758,Astro,-0.1364164,0.41671944
235728,SMC,0.062032223,-0.3119923
226529,Sst,0.06812054,-0.007386476
226572,Oligo,0.12599117,-0.43543047
127288,L5 IT,-0.20521656,0.02252227
127308,PVM,-0.067902684,-0.1756374
258291,L6 IT Car3,-0.09930062,-0.23506704
127593,L2/3 IT,0.42715102,-0.108199805
226118,L5 ET,0.06131029,0.08151758
127614,Endo,-0.28754285,0.32674348
226023,Astro,0.0006123185,-0.32851553
127617,L4/5 IT,0.00216645,0.18568265
127623,L4/5 IT,-0.096259564,0.23276162
226003,Micro,0.13422614,-0.45838943
127558,L5/6 NP,0.10250622,-0.032541066
127640,L5 IT,-0.14914149,0.15083933
127802,Micro,-0.17302823,0.3148145
236059,Astro,0.27331036,0.103080034
236063,SMC,-0.26491755,0.10935861
236124,Sst,0.012012303,0.2250005
127864,Astro,-0.09811795,0.24340063
113120,Pvalb,0.32268006,-0.1801368
113114,PVM,-0.052289486,-0.038084507
113191,L4/5 IT,0.35934561,-0.111588866
127873,Peri,-0.36054847,0.07076526
260763,Micro,0.13345218,-0.45499542
113248,Astro,0.053025424,-0.33322278
127324,L6 IT,-0.07045704,-0.003296107
235838,L4/5 IT,-0.37971017,0.18272173
258282,L2/3 IT,-0.37635404,0.24923795
127357,PVM,0.17881602,0.26613814
226259,L4/5 IT,-0.26090255,0.16381752
235904,L6 CT,-0.09019473,-0.11956847
127390,L2/3 IT,-0.32887936,0.33631295
235977,L2/3 IT,0.12657702,0.24199295
113472,Pvalb,0.07003707,-0.0043985248
127403,Endo,0.10104656,0.20152861
113378,L6 IT,-0.080990165,-0.23498961
113356,VLMC,-0.19280103,0.47990847
241402,L5 IT,-0.12432173,0.07331723
226226,L2/3 IT,0.03737712,0.22936368
127523,L2/3 IT,0.110114396,0.213103
113272,L5 IT,0.32280767,-0.22887582
235929,Peri,0.40881896,-0.115251094
129013,L4/5 IT,-0.08000496,0.2530948
228559,Sst,0.3502112,-0.11166829
228563,Endo,0.42085516,-0.10174468
121056,Endo,0.37505585,-0.13919312
118471,L6 CT,0.12937582,-0.40326887
232767,Peri,0.12895143,-0.425145
118390,L2/3 IT,-0.29117113,0.4055053
118353,PVM,0.39020818,-0.06584862
121113,L4/5 IT,-0.25066817,0.2622354
232858,Oligo,0.07813972,-0.382017
240266,L4/5 IT,0.076049805,0.15180439
232926,Oligo,0.0883773,-0.1915609
121137,L5/6 NP,0.13060647,-0.062609404
240577,Astro,0.40157682,0.09948087
121189,VLMC,0.46719092,-0.017134994
230824,L6 CT,-0.18080455,-0.035263866
121218,L4/5 IT,-0.32433856,0.14427435
118244,Pvalb,-0.09807396,0.12829387
120986,Oligo,0.18070722,-0.14025238
240566,Endo,0.27841544,-0.0762932
230902,L5 IT,-0.035978436,-0.10405648
118486,L6b,0.13328165,-0.4189188
120620,Oligo,0.080712855,-0.47564992
259465,L6 CT,0.16566432,-0.24493277
120625,L2/3 IT,0.43395692,-0.08329943
230960,L2/3 IT,0.13909376,0.16174692
230915,Pvalb,0.12149668,0.1472199
120693,L4/5 IT,0.27191234,-0.065698296
232642,VLMC,0.4656651,0.033867955
121250,VLMC,0.42793083,0.0831427
232666,Oligo,0.1953913,-0.3890577
230910,Astro,0.13694,0.35778016
120712,L4/5 IT,0.23796993,-0.090234816
120742,L6 CT,0.17167974,-0.40569735
118535,L6b,0.0787248,-0.3864178
120823,L4/5 IT,-0.37127066,0.19777596
120828,Astro,-0.23965293,0.072482586
120830,Astro,-0.22899953,-0.110170126
232714,L6 CT,-0.06693858,-0.04117325
118625,Astro,-0.34932446,0.051526308
121258,Oligo,0.09592658,-0.44060224
121332,L5 IT,-0.27200514,0.025580406
233052,Endo,0.08796185,0.25847948
259950,PVM,0.32704902,0.06626147
233063,L5 IT,0.1729241,-0.08227709
233128,L2/3 IT,0.33032084,-0.010442674
121714,L2/3 IT,0.4157024,-0.071263164
121719,L5 IT,-0.29001546,0.06758702
121809,Endo,-0.031463563,0.33363926
121836,L6 IT,-0.2110627,-0.09769076
230482,VLMC,0.0899328,0.38917875
230454,L4/5 IT,-0.3576811,0.21763492
121867,Peri,-0.031766534,0.27415413
230445,Endo,0.055592895,0.19831073
121910,Astro,-0.052275956,-0.20650381
259247,Endo,-0.47419846,0.059138834
117804,L2/3 IT,0.23890573,0.18817222
121639,VLMC,0.15790814,0.35890907
117847,Endo,0.2550969,0.18330789
233050,L2/3 IT,-0.37433177,0.24681878
230517,Astro,-0.3230889,0.18354881
259357,Endo,-0.2942031,0.24830198
118176,L2/3 IT,-0.34449938,0.32152122
230732,L2/3 IT,0.15618205,0.29354483
121360,OPC,-0.35415983,0.07108897
232974,L6 CT,0.07193756,-0.23006403
121395,Pvalb,-0.06690368,-0.016717345
118042,Endo,0.11702573,0.38406014
232950,Pvalb,-0.12340146,0.29900885
259903,L2/3 IT,0.16403449,0.24436611
230669,Astro,-0.14141145,0.14174438
121544,Micro,-0.19419411,0.19879794
233039,L5 IT,0.23192322,-0.19707397
117918,Micro,0.042294145,0.26424384
117905,L4/5 IT,-0.29376912,0.121207714
233044,L2/3 IT,0.39670008,-0.13553229
121583,L2/3 IT,0.15130526,0.28996956
232982,L6 CT,-0.043156683,-0.059400976
230992,PVM,-0.27902305,0.06329584
118629,L6 IT,-0.020858854,-0.020255327
230993,L4/5 IT,-0.24946299,0.1573711
232048,L5 IT,-0.08777431,0.12082189
259613,OPC,0.016544461,0.083625376
119279,Astro,-0.4505912,0.107189655
232054,L6 CT,0.13217044,-0.35813746
119738,VLMC,-0.2107893,0.47965932
240446,L2/3 IT,0.106212676,0.20904994
232083,L4/5 IT,-0.39855066,0.10593319
259598,L2/3 IT,-0.42128587,0.19166976
119839,Micro,0.3445362,-0.05866018
231623,Pvalb,-0.24404237,0.27196312
119149,L4/5 IT,-0.3888806,0.1512397
119887,Astro,0.057849765,0.39897245
119914,Oligo,0.21364349,0.12373221
259581,L6 IT,0.14757138,-0.122771144
119938,Astro,0.2802931,-0.20439163
119735,L6 IT,-0.019914985,-0.1329352
119283,PVM,0.18798321,-0.22916347
119315,Oligo,0.03036803,0.15343559
231797,L6 CT,0.17656833,-0.3348753
119483,Pvalb,0.058076262,-0.17491776
231938,L6 IT,-0.11264932,-0.22192559
231986,L5/6 NP,0.2974769,-0.20391127
119485,VLMC,0.25977284,0.27338558
231923,Pvalb,-0.17994002,0.06264043
259670,L5 ET,-0.02956158,-0.032352448
119500,Vip,-0.0542036,-0.2774275
119960,Vip,0.1780212,0.19455713
259671,Oligo,0.06674725,-0.35352898
231992,L2/3 IT,-0.09912208,0.28300947
119624,SMC,-0.023481518,-0.15012684
119626,Astro,-0.3089042,-0.05189821
231871,PVM,0.007705033,-0.3082324
231862,Micro,0.016293287,0.20999837
119411,Oligo,-0.10952121,-0.13774619
119378,Oligo,0.097005606,-0.45338455
240417,L2/3 IT,-0.39334944,0.22509867
232175,L2/3 IT,0.4050266,-0.12159631
232177,Peri,0.030421555,0.29535544
231550,L6 CT,-0.019832134,-0.091700405
118833,L2/3 IT,0.12334925,0.19117576
231289,L5/6 NP,0.1757946,-0.5
231229,L6b,-0.008595049,-0.29022944
120377,OPC,0.07962698,0.31553447
118830,L6 IT Car3,-0.14262643,-0.17131287
231210,L5 IT,0.03287947,0.18590963
120533,OPC,-0.053257436,-0.16989124
259507,Endo,0.026504993,0.078568816
118803,L4/5 IT,-0.34732953,0.16972542
259485,Endo,0.3018282,0.17345119
231028,L6 IT,0.1196515,-0.18122017
120557,L6 CT,0.1241169,-0.3788362
232614,L2/3 IT,0.07506299,0.32368773
231022,L5 ET,0.26384258,-0.24837068
118766,L4/5 IT,0.21602869,0.050818563
118637,Endo,0.08455622,-0.22385669
231131,L6 IT,-0.06695074,0.031092763
117718,L6b,0.028238893,-0.31333345
120299,OPC,0.4228356,0.00034213066
120298,L6 IT Car3,-0.2440573,-0.12916216
119124,L2/3 IT,0.20829034,0.113794506
119079,SMC,-0.40214196,0.18560159
120026,L4/5 IT,-0.029181957,0.18406677
231422,L2/3 IT,-0.044216484,0.28935236
232288,Oligo,0.0010370612,-0.26510355
118962,Micro,0.1919949,0.30773795
259554,L5 ET,-0.29617152,0.00020080805
231294,L5 IT,0.18783677,-0.057356566
232347,Endo,0.25525612,0.14576316
232354,Sst,-0.10998514,0.09857875
231391,Endo,-0.06347108,-0.22077078
231378,L2/3 IT,-0.44308758,0.16344243
259535,L2/3 IT,0.030585289,0.28974468
232419,L2/3 IT,0.13756275,0.2810107
120142,L4/5 IT,-0.07544148,0.28182477
231315,L2/3 IT,0.36523342,0.012545764
118881,L2/3 IT,0.1387158,0.17056537
117689,L6 CT,-0.02578041,-0.106484145
230439,VLMC,0.04405594,0.41280657
121943,Sst,0.11562592,0.08934015
123757,Oligo,0.07104939,-0.3451693
123760,L4/5 IT,-0.25641173,0.24081618
116262,L6 IT,0.043265462,-0.2232272
240918,OPC,0.013891578,0.12289828
116240,Endo,-0.05121827,0.44716942
123839,L2/3 IT,-0.42474842,0.14385217
123844,Endo,0.12607324,0.27173543
123852,L5 ET,0.023421407,0.087957025
229025,L2/3 IT,0.3581109,0.075182796
116239,Pvalb,0.068697035,0.039231896
228958,Micro,0.14463842,0.33706468
124055,Endo,-0.36218023,-0.030700862
233831,L2/3 IT,0.3845355,-0.07236251
116185,L5 IT,0.21302211,-0.08889431
228912,Astro,-0.1356036,0.05955994
258913,L6 CT,0.09323603,-0.18706593
229174,Pvalb,-0.09592494,0.14649713
116289,L4/5 IT,0.013741732,0.13339454
229179,Peri,-0.19043863,0.3453787
116474,L2/3 IT,-0.17430931,0.31494617
258997,L5 IT,0.29198998,-0.24314001
229452,Micro,0.072211266,-0.19067562
123388,L5 ET,-0.26836687,0.023302615
123426,PVM,-0.34136218,0.17981952
229377,Sst,0.26604885,-0.14689246
123427,Oligo,0.07387453,0.1172449
228869,L2/3 IT,0.05707836,0.31258124
260179,Astro,0.13908398,0.12451196
258951,L6 IT,-0.03655374,-0.05411026
123501,Oligo,0.110495746,-0.40664938
229358,OPC,-0.01137948,-0.28613955
116376,VLMC,0.20675898,0.32868147
229340,L4/5 IT,-0.095775664,0.27451032
123517,L4/5 IT,0.3874653,-0.16825029
116324,L5 ET,0.3128168,-0.25210172
123495,L5 IT,-0.13179806,-0.22503078
116130,PVM,-0.045215815,0.3757047
124140,Endo,0.22339648,-0.28053522
124149,L2/3 IT,0.20169592,0.22690076
124419,L5 IT,-0.24512085,-0.090598464
124428,Lamp5,-0.13145936,0.41649765
124440,Micro,0.10098976,-0.28135228
124445,L5 ET,-0.011158884,-0.015267938
115947,L6 IT Car3,-0.10258284,-0.22411314
234150,L2/3 IT,0.22240955,0.14177638
124451,L2/3 IT,0.36451977,-0.10267535
116020,Micro,0.4111622,-0.15558115
234188,Peri,0.4129616,-0.03927976
115877,Endo,-0.24382389,0.16317844
124477,L4/5 IT,-0.37320834,0.15116811
258752,L2/3 IT,-0.27230248,0.42197186
115812,L6 IT,0.14254498,-0.3780314
228627,L4/5 IT,0.26834542,-0.07577616
234194,L4/5 IT,0.38920683,-0.18424201
234217,Oligo,0.13216478,-0.0072547495
115880,L2/3 IT,0.0034847856,0.34169292
233589,Pvalb,-0.14494678,0.25494367
124413,L4/5 IT,-0.006902039,0.19753247
124333,Endo,0.09765637,0.37971622
116107,L2/3 IT,0.33178145,0.08605862
233968,L4/5 IT,-0.27880454,0.1428703
124244,Astro,-0.30521375,0.071261704
228784,Astro,0.12919044,0.021548986
234013,Pvalb,0.10507518,0.1351183
260257,Astro,-0.18298045,0.27838176
234014,L6 IT,0.21329892,-0.14994827
116030,L2/3 IT,0.078404784,0.22087711
240040,Pvalb,-0.09370789,0.3083961
124248,Endo,0.31777614,-0.2267442
124270,L6 CT,0.028869033,-0.11753833
228777,VLMC,-0.22009712,0.48773235
116040,L5 IT,0.30323744,-0.17360952
124331,L2/3 IT,-0.29826623,0.31412578
228732,L2/3 IT,0.05649978,0.31355846
234132,SMC,-0.21674392,0.13570267
234035,Peri,0.03534466,0.20288998
240991,Micro,-0.33063743,0.019291878
229458,L5/6 NP,0.29588425,-0.16224974
229496,L2/3 IT,-0.22339317,0.38795036
122242,Endo,-0.13576385,-0.059963226
122259,L2/3 IT,0.29505593,0.05244553
117335,Astro,0.29478788,-0.11130276
230026,L4/5 IT,-0.09192073,0.17017192
230019,L6 CT,0.16359687,-0.2869354
117322,Endo,0.026319027,-0.33585665
117310,L6 CT,0.1624443,-0.20876783
230014,Astro,-0.14908251,0.3867855
117251,Astro,-0.36548853,0.07217687
117202,Vip,0.21557063,0.13107401
233288,Oligo,0.023305357,-0.37862343
122381,Oligo,0.045853913,-0.42930683
122403,Micro,-0.014097452,0.28803658
259148,L6 CT,0.017896533,-0.1822192
122431,Micro,-0.1849741,-0.18818456
122225,Pvalb,-0.24945879,-0.08658621
122221,SMC,0.06846672,0.409455
259206,Micro,-0.1936734,0.014477611
259212,L2/3 IT,0.3380013,0.026913285
230410,SMC,0.029152274,0.3615626
220681,L5 IT,-0.12848815,0.05762893
230384,L5 IT,0.12819064,-0.003669262
233162,L2/3 IT,-0.39855382,0.21620923
117657,Oligo,0.22367549,-0.32894725
230234,Peri,0.08724904,-0.40992558
230223,L2/3 IT,-0.41367152,0.17468315
229935,L2/3 IT,0.0799095,0.22334248
121957,L6 CT,-0.11133969,-0.19566864
230190,VLMC,0.103548884,0.3789022
121991,Sst,0.43930167,-0.055641025
260003,L2/3 IT,0.4128034,-0.13861477
233225,L6 IT,-0.09380868,0.021228313
233260,Micro,-0.26567113,0.057575047
122080,L6 IT,-0.02196899,-0.081026405
122194,L5 ET,0.064688385,0.061478376
259987,L6b,0.13074899,-0.42893896
229909,L5 ET,-0.099328905,0.13893753
122487,L6 CT,0.11454421,-0.38538998
117093,L6 CT,-0.16710263,-0.0107679665
233458,L4/5 IT,-0.17957091,0.23855907
122804,PVM,0.046150446,-0.35828125
122808,L4/5 IT,-0.07028347,0.2397883
233463,Sst,-0.15117767,-0.057767063
116709,L2/3 IT,-0.44385448,0.16046405
122850,VLMC,-0.47751555,0.20672083
260152,L2/3 IT,0.36096054,0.012185216
122753,Oligo,0.17857689,-0.09952542
116545,L2/3 IT,0.37592584,-0.11421022
229681,Sst,-0.08199489,0.07901734
116505,L6 CT,0.20464182,-0.3219179
122919,Micro,0.27010673,0.13106644
122948,L2/3 IT,0.14965731,0.23921192
240108,L6 IT,-0.14776644,-0.22131923
260159,PVM,0.22718704,-0.31839865
229502,L2/3 IT,0.10621512,0.31870812
240793,L2/3 IT,0.38099974,-0.052000344
123159,Peri,0.21060592,-0.37733698
259060,OPC,0.045661807,-0.4021495
122750,L2/3 IT,-0.015473425,0.35822517
117074,L6 CT,0.12368977,-0.1342422
233368,Oligo,0.019301772,0.35314697
229880,Astro,0.15243459,0.3263448
260080,Oligo,-0.077678114,-0.14152813
122582,L5 ET,-0.15684405,-0.0013317466
116892,L2/3 IT,-0.13806272,0.36383218
122599,Pvalb,0.13078016,-0.008274585
116748,OPC,-0.08792049,-0.025657743
229855,L6 CT,-0.12527567,-0.047347188
122662,Oligo,-0.118821144,-0.1996269
116886,L6 CT,0.0074748397,-0.14456528
229810,Micro,0.23003787,-0.26387373
122713,PVM,-0.1787619,0.40217835
116816,L5 ET,0.063797235,-0.07696465
122728,OPC,-0.3344913,0.008269429
240164,Oligo,0.06603724,-0.41197392
116889,Astro,0.067453444,0.34210032
112107,L5 ET,0.05602008,-0.13665858
235784,L2/3 IT,0.39566082,-0.13308531
119455,L2/3 IT,-0.2888289,0.23371994
242120,L2/3 IT,-0.41592628,0.16635585
257530,L2/3 IT,-0.19701523,0.34474605
110934,L2/3 IT,0.20477277,0.100069106
131226,L2/3 IT,-0.35559893,0.29126763
133888,L5/6 NP,-0.14411658,0.10698539
223307,L2/3 IT,0.094429016,0.23666376
109196,OPC,-0.17296457,-0.03555429
223353,L4/5 IT,0.017977774,0.21839398
223357,L6b,0.056335628,-0.34253132
221717,Endo,-0.43582505,0.12794769
239175,SMC,0.30299348,0.19487184
131183,Peri,0.26434267,-0.10161877
131173,L5 ET,-0.074932784,0.045384645
109181,L6 CT,0.046289325,-0.33091292
241849,OPC,-0.38492638,0.20843345
109174,Peri,0.12569344,0.22686511
131155,L4/5 IT,0.05889517,0.2180087
109095,L2/3 IT,0.4020713,-0.009486467
237371,L2/3 IT,-0.26324952,0.34284443
239386,Peri,0.028055906,0.19927883
257580,L2/3 IT,-0.13626668,0.3851601
134011,L6 CT,-0.123681605,-0.038395613
134017,L5 ET,0.2992214,-0.1825242
223536,Astro,0.09147972,0.3825038
238506,SMC,-0.404528,0.24762273
131364,L5 IT,0.28167582,-0.20412984
223265,Sst,0.10071242,0.35810745
109208,Endo,-0.019129783,-0.25648016
133858,L2/3 IT,-0.4110008,0.15987659
257475,L2/3 IT,0.3564371,-0.076868504
131677,L2/3 IT,0.36638612,-0.0021693707
238343,L6 IT,-0.039820045,-0.18210068
237510,Sst,-0.37560344,0.24694341
223051,L5 ET,-0.08927432,0.15031493
131660,L6 CT,0.04684776,-0.11348319
223081,Endo,0.3924445,0.031387985
131620,L6 IT,-0.022024602,-0.2428796
238459,L4/5 IT,-0.12716007,0.17548811
109273,L2/3 IT,-0.4292326,0.1751486
237461,L2/3 IT,0.38240236,0.0012549162
223111,Oligo,0.092531025,-0.41184017
131154,OPC,0.08297461,0.19553244
110818,L5 IT,-0.026027769,0.069661856
131601,Endo,0.052024186,0.25830048
131571,OPC,-0.40000418,0.014833331
221841,L6 IT Car3,-0.08339423,-0.21466875
223197,L4/5 IT,-0.35273325,0.18437105
237442,Astro,-0.33472282,0.38973653
131463,L5 IT,-0.1582185,0.04988545
237433,Astro,0.25879782,0.21623188
239366,Lamp5,0.011504829,0.1884259
133849,SMC,-0.10966918,-0.25482506
131428,Sst,0.31293476,-0.1371271
237401,L4/5 IT,0.06989533,0.16739482
131372,L2/3 IT,0.37976003,-0.014390171
237457,L2/3 IT,-0.18872455,0.30919474
110812,Oligo,0.23430985,-0.18456677
134081,L2/3 IT,0.3490253,-0.029425085
134097,L2/3 IT,0.065363646,0.20437711
134537,Endo,0.05626625,0.1624608
130759,L2/3 IT,0.20523667,0.20149368
223838,L6 IT,-0.054727316,-0.016174793
108755,L5 ET,0.29090643,-0.1529508
223844,L2/3 IT,0.28066963,0.0019984245
223857,L6 IT,-0.14677262,-0.061484456
130571,L2/3 IT,0.100292206,0.25358647
108740,L6 CT,-0.21742612,-0.11348203
237259,Endo,0.18888694,0.03126955
130563,L2/3 IT,0.28468645,0.16008478
223876,Oligo,0.0993948,0.03007716
223899,Astro,0.47585368,-0.093615115
221453,L4/5 IT,0.37866867,-0.1721884
111270,Lamp5,0.35059094,0.095008135
237247,Astro,0.0301584,-0.0056822896
238586,Oligo,0.045619488,-0.4172784
242192,Micro,0.18607664,0.31209707
261139,L6 CT,0.19391263,-0.34485096
130495,L5 IT,-0.06448686,0.06810731
130489,Oligo,-0.054608732,-0.2593447
130484,SMC,-0.31906,0.24073046
237184,L2/3 IT,-0.11838147,0.31412107
223922,Astro,0.12309629,-0.28040826
111349,L4/5 IT,-0.10218635,0.17401385
111395,Astro,0.18337685,0.26555473
223754,L6 IT,-0.27156943,-0.028926581
108793,L2/3 IT,-0.06579444,0.26627165
242156,L5 IT,0.25655365,-0.2072545
261162,L2/3 IT,0.41701835,-0.09350431
134148,L6 IT,0.14515442,-0.08392128
257589,VLMC,0.1387825,0.3708006
108988,Oligo,-0.01901424,-0.3008719
134223,L5 IT,0.33075052,-0.18896896
111020,L6 CT,-0.05329904,-0.10763684
131103,L6 IT,-0.19430512,-0.06626421
223596,OPC,0.40649867,-0.076470315
221654,L2/3 IT,-0.44083408,0.14798218
223630,L2/3 IT,-0.058523297,0.30966848
108938,L6 CT,0.12526053,-0.40105602
111039,Astro,-0.28194183,0.093367755
223678,Lamp5,0.3096527,0.16749579
134095,L4/5 IT,-0.34613854,0.07951361
130902,L5 ET,0.15476322,-0.19064078
111131,Endo,-0.03540066,-0.07880494
223680,L4/5 IT,-0.26625997,0.18181407
130882,L4/5 IT,-0.22621623,0.2343868
261167,Oligo,-0.10529551,0.15252084
223697,L5 IT,-0.09792763,0.09693313
237298,L4/5 IT,0.40205824,-0.16439855
257059,Oligo,0.14233041,-0.34422314
111200,SMC,-0.3758108,0.10191971
134368,Vip,0.07414526,0.24696898
261164,Endo,-0.34882277,0.06303501
221595,Peri,0.089243114,-0.3241006
221586,L2/3 IT,-0.2444418,0.34865636
223679,L4/5 IT,-0.0024232268,0.1705299
221867,Micro,0.18843257,0.1524989
110749,L2/3 IT,0.08632189,0.3229202
110643,L4/5 IT,-0.17789137,0.20443523
133172,L2/3 IT,0.18541992,0.26380986
222701,PVM,-0.006208837,-0.17501491
237773,L6 IT,-0.0863955,-0.17340088
237770,L2/3 IT,0.08725482,0.29370844
110084,Peri,0.2786759,-0.10013154
237742,Pvalb,-0.29389304,0.2122606
110093,Astro,-0.2596128,0.13002676
132267,OPC,-0.10464448,-0.042957813
239296,Micro,-0.34064645,0.36562705
261408,L2/3 IT,-0.08515954,0.29086536
110126,L2/3 IT,0.26077342,0.21410191
132226,L6 IT,-0.0038758516,-0.24685216
132224,Astro,0.42043573,-0.015201598
222141,L2/3 IT,-0.07379824,0.29270554
132218,L5 ET,-0.24723065,-0.08360106
222753,Pvalb,-0.058641046,0.17445725
132190,Oligo,0.0058077574,0.07834369
132184,L6 CT,0.02624482,-0.22097501
110135,Endo,0.16876352,0.019794047
132156,Endo,0.38250417,0.031027555
133297,L2/3 IT,0.036732733,0.316325
237706,Oligo,0.07824284,-0.197638
238110,PVM,-0.11810154,-0.057513446
109494,L2/3 IT,-0.2656204,0.28783536
222803,Pvalb,0.19314265,-0.13748378
241980,L4/5 IT,-0.37534603,0.1555705
132433,L6 CT,-0.20753136,-0.015898317
222569,L2/3 IT,0.09832728,0.2091704
261325,L4/5 IT,-0.15146035,0.3028595
109922,L2/3 IT,-0.087536156,0.29041415
257294,L6 IT,-0.047014415,-0.19636059
109928,L2/3 IT,0.25086325,0.17619854
261360,Oligo,-0.118445486,-0.25390747
237961,L2/3 IT,-0.34509173,0.29125708
238025,L5 ET,0.1787647,-0.19934613
222405,Endo,0.13140023,0.14135325
132663,L6 CT,0.16408831,-0.25385654
110032,L4/5 IT,-0.33916247,0.20997047
132967,OPC,0.20521492,-0.020177752
132657,Pvalb,0.16396403,0.16907495
110033,L4/5 IT,-0.33891892,0.22900695
132041,L5 IT,-0.30255967,0.08127129
132566,L6 CT,0.13386959,-0.25526595
109860,L4/5 IT,0.3747267,-0.16075125
237926,L2/3 IT,-0.28808266,0.26861614
132984,PVM,-0.16029999,0.37704885
238041,L2/3 IT,0.1104309,0.29601097
110052,L6 CT,0.18752158,-0.3416051
222427,PVM,-0.111163914,-0.2581541
133031,Oligo,0.058039546,-0.3623652
132515,PVM,-0.15876251,0.36947304
109785,L5 ET,0.24663931,-0.31404957
133073,L4/5 IT,0.38280243,-0.15737545
238072,Oligo,0.0605343,-0.41454524
109758,Micro,0.11809665,0.34109157
222423,Oligo,-0.30271807,0.208466
132031,Oligo,-0.13891736,-0.18418303
110153,L6 IT,0.19932348,-0.20033184
129029,Endo,-0.10816592,-0.11987358
257154,L4/5 IT,0.2615946,-0.061496735
110391,Oligo,-0.1759578,0.2635777
131838,L6 CT,-0.022875816,-0.102409065
257448,L2/3 IT,0.40058583,-0.027705759
237566,L6 CT,-0.13994077,0.03355533
237544,L5 IT,-0.31037325,0.029469728
131798,Astro,0.25276047,0.04949045
222925,L6 CT,0.14648491,-0.3781742
237521,Endo,0.10263103,0.20751834
133742,Sst,-0.055250764,-0.29459155
261272,Micro,0.1149016,0.3757096
110480,Lamp5,0.18512714,0.2915904
133646,Oligo,0.07046342,-0.42974997
110509,L6 CT,-0.06744307,-0.070117384
237518,Oligo,0.050576925,-0.41020244
222940,Pvalb,0.04469067,0.23310989
109387,L5 IT,-0.15689352,0.13376218
109372,Astro,-0.42806542,0.10722929
221952,Vip,0.3766284,-0.062741876
261461,L4/5 IT,-0.18897602,0.2791974
242103,L6 CT,-0.05719465,-0.08177188
131719,L5 ET,0.13519812,-0.17184523
261259,Astro,-0.17959747,-0.04972166
109370,L5 IT,-0.30021757,0.005007565
242109,L6 IT,-0.11075127,-0.03199792
131708,Pvalb,-0.06834656,-0.07527289
222936,L2/3 IT,0.13478124,0.1997897
111433,Endo,0.019511044,0.34477645
133639,Astro,0.1378004,-0.47162536
238254,Oligo,0.049954176,-0.3406871
132004,L2/3 IT,-0.20980072,0.42567688
133347,Endo,-0.15565434,0.38780677
222815,Endo,0.28191698,0.27318043
222825,L2/3 IT,0.33521003,0.08806157
238161,Endo,0.25386494,-0.17044637
133370,SMC,-0.10884935,0.037239075
222118,Astro,0.032385826,-0.17875913
257199,Peri,-0.11930403,0.10159391
237612,Oligo,0.053144872,-0.19953638
257407,L6 CT,-0.056024104,-0.06204182
131990,Endo,0.25172937,-0.0017978251
110232,L6 CT,0.19819677,-0.3106216
131842,L6 CT,-0.09456056,-0.044133008
110248,L4/5 IT,-0.24419424,0.18918252
110293,L6 CT,-0.15598181,-0.26538792
131934,L6 CT,-0.24874231,-0.10006747
133418,Micro,-0.32355186,0.024644613
131925,L2/3 IT,-0.40359968,0.20831889
133476,Oligo,-0.09487587,-0.22303244
110336,Pvalb,-0.1272082,0.2647215
131886,L6 IT Car3,-0.07610822,-0.20245764
222108,Micro,-0.22131392,0.16316962
109485,Pvalb,-0.043970793,-0.038274527
131845,L4/5 IT,0.36860687,-0.12287778
109455,Astro,0.13728803,-0.44065547
261446,Endo,0.2134425,-0.07456127
261427,Oligo,0.007823825,-0.18978387
108691,L2/3 IT,0.26300985,0.08701414
261178,L5 IT,-0.11189583,0.27212626
132734,Oligo,-0.2668463,0.13875294
261055,Astro,-0.06275627,0.14280975
111669,VLMC,0.063788295,0.38488615
111714,L5 IT,-0.14313644,0.15850264
239516,Micro,-0.085256726,-0.05305323
108611,OPC,-0.15696388,-0.12607363
135278,L5/6 NP,0.102508545,-0.017473489
220987,L6 CT,-0.0009447336,-0.06440061
236985,L6 IT,0.15853077,-0.15581006
111730,Sst,0.249358,-0.108297706
242215,Astro,0.15232557,0.35798442
224239,Peri,0.2030077,0.13685381
261643,L6 CT,0.19880664,-0.18313354
130030,Endo,-0.35093188,0.042289197
111751,L2/3 IT,0.2827124,0.1394552
130000,Micro,-0.3810008,0.17569393
224401,L4/5 IT,-0.09983224,0.25543362
239063,Endo,-0.35239035,0.18006086
238839,L2/3 IT,0.42243707,-0.12920672
111923,L6 IT,-0.11835462,-0.08640012
220931,L4/5 IT,-0.3147382,0.13395643
220896,Peri,0.00079387426,0.39211428
129432,L5 IT,0.16595852,-0.04091686
111634,OPC,-0.15671283,-0.0010202527
112057,L2/3 IT,0.13588268,0.25137508
112045,L6b,0.13921517,-0.4377442
108122,Endo,-0.08179647,0.30355918
224141,Oligo,0.19118083,-0.0694032
135374,Astro,0.07425004,0.38206404
236997,Endo,0.008228958,0.41213167
224416,L5 ET,-0.079845965,0.05628866
238638,Peri,-0.23019141,0.3375916
111640,L4/5 IT,0.287799,-0.057430327
111663,L5 IT,-0.28423864,0.06466466
224161,Micro,-0.18727142,0.19159126
239002,Oligo,-0.007321149,-0.1728529
108153,L2/3 IT,-0.2926965,0.3366657
261058,L2/3 IT,0.38248676,0.038110793
108179,Vip,-0.13993725,-0.0023056269
224221,L4/5 IT,-0.23601156,0.29006934
236970,L2/3 IT,-0.22634098,0.2828033
129576,Vip,-0.19584498,0.37742013
239489,L6 IT,0.005892694,-0.0026358366
129853,L6 IT,-0.035867304,0.0022593737
135142,Sst,-0.009110004,-0.26879048
221180,Sst,-0.3788881,0.21508658
108348,L4/5 IT,0.099820256,0.18784481
108435,Astro,0.15819043,0.32927352
129641,L2/3 IT,0.41744417,-0.09648216
238814,Oligo,-0.056928784,-0.0017802119
135187,Peri,-0.22587472,0.34335107
111815,L2/3 IT,0.07569003,0.21741843
260998,L4/5 IT,0.031093717,0.1395883
261002,Oligo,0.016083717,-0.19999042
261003,Oligo,0.044318438,-0.40293124
111861,Astro,0.13548994,0.22764635
242246,OPC,0.3001945,-0.2028479
111833,L5 IT,-0.28058565,-0.0004762411
221048,Micro,-0.14470372,0.19840878
129754,Astro,-0.15364707,0.08896333
111797,Vip,0.12714094,0.2821371
224304,L2/3 IT,-0.07005665,0.27718943
224383,L4/5 IT,-0.00075891614,0.26548284
238942,Oligo,0.11868167,-0.44223836
129590,L4/5 IT,-0.31348068,0.10984069
134970,Peri,0.08189094,-0.3481713
129979,Oligo,0.012812793,-0.09193739
238719,Astro,0.09571457,0.26454037
108581,Astro,0.25784284,-0.27726662
135260,Astro,0.23741066,-0.1468274
261628,Pvalb,-0.2356638,0.2565291
224395,Endo,-0.297191,0.2544719
111629,L4/5 IT,-0.28171676,0.21652466
257791,Pvalb,0.16180581,-0.3324411
108524,L2/3 IT,0.40370244,-0.14124799
224300,Endo,0.15732384,0.33581233
242237,L4/5 IT,-0.20874149,0.28263694
111790,L6 IT,0.011070728,-0.27773535
129632,PVM,0.47269058,-0.037334263
129963,Endo,0.13670576,0.2660482
242240,Peri,0.054516733,0.21316546
257810,Sst,-0.29857445,0.08120811
256929,L6 CT,0.07961494,-0.37330937
112080,Endo,0.073735595,0.15156722
135289,Sst,0.26105988,-0.2731307
224059,L2/3 IT,0.28579688,0.017700672
261575,L6 IT,-0.07093528,-0.22815043
135402,Astro,0.12333423,-0.41672432
129074,L5 ET,0.074900806,-0.0016934574
134760,L6 CT,-0.056624025,-0.10111457
111533,L2/3 IT,-0.3714096,0.29050094
129168,L6 CT,-0.098814785,-0.24354637
130174,L2/3 IT,0.31285524,0.06576306
224112,L6 CT,-0.02616185,-0.08572927
224111,L4/5 IT,0.28703517,0.003340423
224140,L2/3 IT,0.22204185,0.23491293
237097,OPC,0.013832629,-0.05283037
108636,Micro,-0.43061286,0.27095842
256871,Peri,0.40986884,-0.033510596
236698,Pvalb,-0.2535287,0.19765037
224495,L6 IT,0.01789409,-0.069096774
111571,Micro,0.04814458,0.26195914
239017,L2/3 IT,-0.43264145,0.14493316
224482,L6 CT,-0.07373598,-0.24315023
130227,VLMC,0.2591133,0.25006568
239454,L6 CT,-0.03556332,-0.19269866
134713,Peri,0.10945588,0.2629323
112096,L6 CT,-0.071683705,0.014012694
223979,Astro,0.04027438,0.29128933
241730,L6 IT,-0.022880435,-0.2529974
134687,Sst,-0.13008967,0.13221931
111519,L4/5 IT,-0.24308103,0.23423713
134836,L6 CT,0.16462553,-0.30969977
130312,Oligo,0.17203891,-0.07418659
237005,L4/5 IT,0.33909774,-0.17687374
135392,L4/5 IT,0.101080894,0.1513614
224035,Oligo,-0.15103573,-0.0665735
237070,Endo,0.3655269,-0.07960403
111544,Astro,0.15632468,-0.12921584
221406,L2/3 IT,0.0649209,0.23078215
256879,L2/3 IT,0.3512563,-0.03766644
