,cell_class,coord_X,coord_Y
66574,L6 CT,-0.16736394,-0.10975392
58772,L5 ET,0.029954769,-0.1449048
109113,Pvalb,-0.068992846,-0.11781828
156792,L4/5 IT,0.2415432,-0.21000127
67254,Vip,0.017781712,0.16901039
261823,L2/3 IT,0.0922697,0.26600704
67244,L4/5 IT,0.2367967,-0.14991252
270289,L2/3 IT,0.39557204,-0.3571085
68549,Astro,0.094950534,-0.45173913
66577,SMC,0.40940395,-0.039900467
58888,L4/5 IT,0.009838559,0.17474602
108191,OPC,-0.19177857,0.24768625
107855,Astro,-0.34849787,0.46051875
109190,L4/5 IT,0.26449183,-0.24148907
268886,Endo,-0.090301774,0.033120915
101546,Micro,-0.3260235,0.17473434
107339,L4/5 IT,-0.26172,0.26243386
166671,Astro,-0.09971347,-0.25857306
261664,L5 IT,0.21976772,-0.4087216
155950,L5 IT,0.13810137,-0.32887244
261639,L5 IT,0.15020773,-0.20328914
67185,L4/5 IT,0.28381094,-0.21563788
58741,L2/3 IT,-0.044468515,0.41235247
107645,L2/3 IT,0.014368035,0.29377648
107254,L2/3 IT,0.20565775,0.18964659
252992,Astro,0.27534005,-0.08257727
155937,L4/5 IT,0.2242265,-0.27358457
66603,Oligo,-0.048847936,0.23857169
59285,L6 CT,0.031575598,-0.32138264
114541,L5 ET,0.11273769,-0.020803707
68561,L6 IT,0.092423595,-0.39241636
59533,L5 IT,0.0209947,0.0001124274
67257,Endo,-0.112710826,-0.105604604
262686,L4/5 IT,0.26965138,-0.04928179
107241,L2/3 IT,-0.35122067,0.4351699
270298,Astro,0.47098562,-0.3372518
102817,Endo,-0.10579326,0.23832361
107888,L2/3 IT,0.27635297,0.1000403
268726,Pvalb,-0.16477811,0.1473913
156771,L6 IT,-0.3176404,-0.14916663
68547,L6 IT,-0.16175503,-0.28636625
268727,Sst,-0.1273478,0.18157391
166616,L5 IT,0.15778187,-0.09476067
166576,L4/5 IT,0.038880564,0.13605057
114494,Lamp5,0.44266585,-0.2169771
155675,Astro,0.44824758,-0.20399861
251424,L4/5 IT,0.079033114,0.09366338
66489,VLMC,-0.5248611,0.5236545
166348,L4/5 IT,0.0020849481,-0.31177774
101880,Endo,-0.1837695,0.43683222
68417,L6 CT,-0.19020987,-0.23798127
68543,L2/3 IT,-0.04148551,0.35166934
116129,L4/5 IT,0.2680185,-0.0711876
59474,L4/5 IT,0.28907284,-0.26797608
107225,SMC,0.18194005,0.1943243
114484,L6 CT,-0.38174406,0.026902182
67201,L2/3 IT,-0.3565474,0.41519836
101689,L4/5 IT,0.2422202,-0.45376715
260377,Astro,0.3848286,-0.36320847
166438,L2/3 IT,0.30599436,-0.04186292
156843,L5 ET,0.07892511,-0.24170418
253221,L6 IT,-0.1823098,-0.117784396
158211,L2/3 IT,0.004014291,0.3133513
114550,L2/3 IT,0.23822376,0.08187823
261751,L6 CT,-0.20064682,-0.089436695
68340,L2/3 IT,0.3954632,-0.12809385
109117,L2/3 IT,0.2890714,0.1685466
101129,L2/3 IT,-0.45567644,0.43641308
107537,Endo,-0.23384467,0.07408075
251432,Sst,0.0382782,0.09593229
66536,L6 IT,0.06389747,-0.27360746
59520,L6 CT,-0.41483977,0.009881927
155580,Endo,0.0905082,-0.15065701
58886,Oligo,0.07060943,0.022258861
262833,Astro,0.055348076,-0.031963274
58801,L4/5 IT,0.18097612,-0.02604206
107570,L4/5 IT,0.3372052,-0.30611268
107577,L2/3 IT,0.39278182,0.13144325
156943,Micro,0.3000175,-0.03387557
116119,L4/5 IT,0.2028859,-0.07862826
101627,VLMC,-0.51162565,0.52162063
102856,PVM,-0.109207,0.18576215
261678,L2/3 IT,0.35566726,-0.040565625
101792,Endo,-0.4898375,0.38827333
101051,Oligo,0.3091785,-0.14193706
109169,PVM,-0.10272407,0.08526336
102829,L6 CT,-0.08514922,-0.23378523
101201,L2/3 IT,-0.12230655,0.39431152
108802,Endo,-0.34421405,0.42067912
59207,Micro,-0.28968006,0.4528816
115735,L2/3 IT,-0.44012168,0.37930402
156530,L2/3 IT,0.4102237,-0.19126369
115694,L5 ET,0.075809754,-0.4273761
59096,Peri,0.11370043,-0.44378555
115818,L6 CT,-0.2774836,-0.11077933
66906,OPC,0.076358356,0.12526034
67836,L2/3 IT,-0.33009192,0.348789
67904,SMC,0.0924103,0.022763414
157231,L4/5 IT,0.23189113,-0.1456827
67966,L4/5 IT,-0.31580666,0.22750287
102235,Astro,-0.4070701,0.340857
156543,L5 IT,0.090585805,-0.26653388
157314,L2/3 IT,0.39172956,-0.16891773
66935,L2/3 IT,-0.017970644,0.33078232
157359,L5 IT,0.120165564,-0.3751523
156100,Sst,0.11312065,0.12875162
253187,Astro,0.33376196,-0.08904602
157377,Endo,0.20123497,-0.03193964
156547,Lamp5,0.22267833,0.054691896
102287,L2/3 IT,-0.22560832,0.31284872
156593,L5 IT,-0.2177909,0.14999215
156098,Endo,-0.26775324,-0.111556605
270183,L4/5 IT,0.34378496,-0.447717
66817,L4/5 IT,0.28900418,-0.18139936
58469,L4/5 IT,0.33107725,-0.43790892
114958,L2/3 IT,0.122442044,0.20933174
157418,L2/3 IT,-0.3731167,0.43815097
260455,L2/3 IT,-0.24140897,0.3904675
156105,Astro,-0.107134394,0.30513963
102373,L4/5 IT,0.38961634,-0.36764616
166936,L6 CT,-0.027934812,-0.37846982
67408,Endo,-0.14051548,0.36202523
115186,L2/3 IT,0.17379668,0.24541162
167392,L2/3 IT,-0.008840762,0.28360888
66965,L6 IT,0.07205895,-0.24100055
115164,L4/5 IT,-0.23665196,0.26296857
58499,L4/5 IT,0.27249947,-0.39149353
67582,L4/5 IT,0.2669405,-0.04334335
157148,L5 ET,-0.06587716,0.05407588
268657,L6 IT,-0.058967017,-0.28529984
108836,L4/5 IT,0.25620422,-0.3784253
102175,L5 ET,-0.05252012,0.11819373
251463,L4/5 IT,-0.22088584,0.27214846
67474,L5 IT,0.13890782,-0.15024467
156496,L2/3 IT,-0.19275993,0.39221683
157177,Micro,0.25976977,0.22662632
260316,L4/5 IT,-0.11898982,0.26471344
157119,L6 CT,-0.21729606,-0.10667677
157175,L4/5 IT,0.32922783,-0.24419571
101434,L4/5 IT,0.066255845,0.06480901
251462,L6 IT,-0.3313454,-0.12244649
167449,L5/6 NP,-0.2526292,0.08090578
261721,Micro,-0.10807707,-0.27876544
107692,SMC,0.31156394,-0.10476713
108407,L2/3 IT,0.09981278,0.29735395
156334,Vip,0.10004119,-0.18559407
115149,PVM,-0.43328318,0.48777333
115249,Pvalb,0.13652202,-0.3956919
156506,L2/3 IT,-0.15801218,0.4283823
262778,VLMC,-0.34290668,0.5184311
67659,Oligo,-0.17944628,-0.14411186
115846,Pvalb,0.25689617,0.0056904387
66739,L6 IT,-0.2649718,-0.17417176
66981,Oligo,-0.048540436,-0.20841403
58951,Endo,0.15419993,-0.043853387
261776,L2/3 IT,-0.017742895,0.36745057
156033,Endo,-0.32202223,-0.2507526
270242,L6 CT,-0.3424676,-0.008152502
68066,Oligo,0.13885775,-0.21478061
270164,Pvalb,0.03941963,-0.42959854
115334,L5 IT,0.05583129,-0.16986255
108503,Vip,-0.23417255,0.30263188
102592,Oligo,-0.24205658,0.085154876
115950,L6 IT,0.07000772,-0.21533294
167323,SMC,-0.027285002,0.15486108
101518,L6 IT,0.035185434,-0.19156621
157025,Astro,-0.1163547,0.1448481
101284,Endo,0.024769641,-0.08414923
67548,Micro,-0.39690253,0.31884608
101526,L5 ET,-0.056342028,-0.1348346
260499,L5 IT,0.13573548,-0.06872995
115993,L5 ET,-0.031640105,0.0889356
102600,Peri,0.11740587,0.22525553
166714,Oligo,-0.21020037,-0.2722378
102609,L6 CT,-0.40700904,0.015068127
166711,PVM,-0.08826392,-0.077347025
108200,L6 CT,-0.31703582,-0.06587143
58371,L5 ET,-0.40338323,0.14079241
158026,L5 ET,-0.17959169,0.18089937
270158,Lamp5,-0.1635721,0.43876114
101959,L2/3 IT,-0.19123384,0.41631022
67140,L2/3 IT,0.38944218,-0.21891193
157962,L6 CT,-0.09313672,-0.09414579
115913,L6 CT,-0.28480682,-0.18115948
156041,L6 IT,-0.34271786,-0.11015378
156047,L2/3 IT,-0.25419912,0.4005308
68050,L6 CT,-0.2867678,-0.14333542
157491,Sst,0.07964537,-0.20896025
101967,L6 IT,-0.11588486,-0.2865238
102388,L2/3 IT,-0.3380095,0.4293643
107431,Endo,0.11153684,0.07913379
166826,L5 IT,-0.01903423,0.046262547
157509,L2/3 IT,0.0522478,0.22989105
262612,L5 IT,-0.38014647,0.17868768
157533,Astro,-0.016907118,0.040848777
107733,Astro,0.39654788,-0.3241866
67006,L4/5 IT,0.3234479,-0.2564734
101485,L2/3 IT,-0.07556047,0.37993678
114804,Micro,0.17275932,0.27339026
157565,L5 IT,-0.22922099,0.19355457
107506,L5/6 NP,-0.18385702,-0.0556937
157040,L4/5 IT,0.2991896,-0.11291079
101501,L2/3 IT,-0.47514743,0.37389454
268838,L4/5 IT,0.35319832,-0.39369807
66710,L6 CT,0.04330931,-0.30282745
107660,L2/3 IT,0.40302595,-0.18762998
157673,L6 CT,-0.31714144,-0.16790159
107345,L6 CT,-0.3169866,-0.20509268
270190,Peri,-0.28805414,-0.2758095
157679,Astro,0.14775726,0.2702929
167348,Astro,-0.2715513,-0.26589912
167053,L2/3 IT,0.38617823,0.010126127
58694,L5 ET,0.029105641,-0.4451113
270283,L5 ET,0.08432714,-0.38015512
157815,Endo,0.40444246,-0.12566952
102698,L4/5 IT,-0.012967788,0.20711385
58727,Peri,-0.030658416,0.18241172
163477,Oligo,-0.08723491,-0.08263956
114460,L2/3 IT,0.17707554,0.22943644
252367,L6 IT Car3,-0.02624353,-0.28149903
112318,L2/3 IT,-0.17235371,0.33100125
63929,Pvalb,0.21157965,-0.38959667
105986,L2/3 IT,-0.3287292,0.3111271
112327,L2/3 IT,-0.41713956,0.31217435
61253,L2/3 IT,0.24549583,0.1562445
112329,L2/3 IT,0.02222941,0.28128204
252389,OPC,0.17070583,-0.14650114
161808,Micro,0.055839874,0.339981
104548,Astro,-0.11217227,-0.21276526
61242,Sst,-0.43108818,0.13798945
112341,Sst,-0.024793886,-0.33526924
161691,L5 IT,0.08321867,-0.18747495
161657,L2/3 IT,0.28191265,-0.011615114
251911,L5 IT,-0.35064483,0.21275853
110826,L2/3 IT,0.27683118,0.04517238
104421,Oligo,-0.027329467,-0.20443074
64102,SMC,0.31337497,-0.10766037
164470,L5 IT,0.036658026,-0.07698722
251903,L5 IT,0.111911274,-0.28661117
110649,L6 CT,-0.30890843,-0.11269553
110833,L2/3 IT,-0.038873993,0.28463456
63825,L2/3 IT,-0.032991998,0.38084337
105909,Micro,0.047930397,0.09673606
112284,L6 CT,-0.08960261,-0.070119455
162334,Astro,0.0029725805,-0.10977061
164296,L2/3 IT,0.13276568,0.14668183
61404,Sst,0.1449664,-0.11473741
162332,Lamp5,-0.019718789,0.3252031
112145,L2/3 IT,0.38431832,-0.3522457
112162,L5 IT,0.055874027,0.078910515
105793,L5 IT,0.055028357,0.04401873
162313,Endo,-0.19290006,0.34566787
262045,Micro,-0.05267804,0.2874824
104584,Peri,0.100257315,-0.21332963
110624,Oligo,0.059145667,-0.31757566
61378,Astro,-0.399474,0.4802775
63583,L5 IT,0.14732274,-0.16153891
162148,Astro,-0.47534785,0.4148815
104555,Astro,0.14796183,0.04433833
112269,L6 CT,0.06458477,-0.443273
251933,L6 CT,-0.07401063,-0.105538234
61339,L4/5 IT,0.29473773,-0.17816661
162101,Endo,0.13231793,0.07379489
260926,OPC,0.14340481,0.25689676
110943,VLMC,-0.32687727,0.5162251
61334,L2/3 IT,0.19680855,0.13459866
63550,Astro,0.14442322,0.24817525
112362,L6 IT Car3,0.113837995,-0.35656765
112429,L6 IT,-0.024687432,-0.081425175
261977,Endo,-0.2893165,-0.12774138
161028,Oligo,-0.19294384,-0.23126505
104299,Endo,0.026571192,-0.11142148
112546,L2/3 IT,-0.3492225,0.41198
164747,L4/5 IT,0.31634465,-0.4585868
160980,L2/3 IT,-0.5195478,0.40663323
160946,L4/5 IT,-0.1065787,0.2173153
261957,Oligo,0.05751399,-0.46782324
61041,Astro,-0.3714346,0.23921321
60984,Endo,0.17836812,-0.13717188
110380,Micro,0.342181,-0.04822813
262293,L5/6 NP,0.15590897,-0.45236537
269275,L4/5 IT,0.28264263,-0.44262767
60965,Endo,0.2944937,-0.30376813
64726,L4/5 IT,0.06583712,0.079255864
64775,L2/3 IT,-0.11418652,0.35408846
110363,L2/3 IT,-0.3230798,0.30836502
164802,Astro,0.47323522,-0.23694842
160892,L5/6 NP,0.1212217,-0.46300218
160890,L2/3 IT,0.39702788,-0.4537322
164826,L5 IT,0.055928864,0.10959391
64777,L6 IT,-0.032515787,-0.25208572
260870,L6 IT,-0.10391771,-0.13806768
104265,L5 ET,0.18625048,-0.2598636
63425,L2/3 IT,-0.25380602,0.41727516
112477,L5 ET,-0.06420227,0.117486045
64536,L4/5 IT,-0.16214848,0.24413668
61164,Oligo,-0.34238726,-0.09664859
161382,Oligo,-0.32575235,-0.2857123
112442,Peri,-0.26359925,-0.107186124
252465,VLMC,0.19577965,0.35763094
161356,L2/3 IT,0.18246093,0.14154093
61154,L5 ET,0.020361103,-0.1429561
64323,L2/3 IT,-0.22033754,0.34699932
64458,Peri,0.07081083,0.08371775
269830,L2/3 IT,0.41616967,-0.29428747
112448,L2/3 IT,0.09738276,0.28803298
110461,Endo,-0.30625078,-0.16348629
104371,Oligo,-0.15043154,-0.11404987
164646,OPC,-0.30342814,0.14153974
112450,L2/3 IT,0.282571,0.0654401
112467,L6 CT,-0.2906305,-0.09105496
161124,L6 IT,0.08783487,-0.23287503
164658,L2/3 IT,-0.50753605,0.37583843
161105,L2/3 IT,0.3932931,-0.24213304
269835,L2/3 IT,-0.05118733,0.34469882
252504,L6 CT,-0.2784907,-0.17942138
106269,Sst,0.013456501,0.35907647
161070,L6 CT,-0.31234404,-0.023272859
64481,L5 ET,-0.24292332,0.18198793
160833,L4/5 IT,-0.024738692,0.2033302
252310,Peri,0.2578505,-0.1422415
104651,L5 IT,0.21995261,-0.43062758
105225,L4/5 IT,0.25515416,0.07483111
252038,L6 IT,-0.0012220368,-0.2973349
111451,L2/3 IT,0.3535287,-0.06560604
252037,Astro,-0.028425954,0.43923035
105498,L5 IT,-0.004539214,-0.0041811634
163662,L5 ET,0.12084804,-0.06572156
111743,Oligo,-0.3387859,-0.10321377
62635,L5 IT,-0.23327768,0.097950265
252034,L2/3 IT,0.31808147,0.102141365
105139,L6 CT,-0.21932077,-0.08414675
61976,VLMC,-0.2939093,0.51333004
163673,Endo,-0.18393812,-0.28476202
252161,Micro,0.39653042,-0.47421542
105137,L6 CT,-0.32234147,-0.07828961
163170,L4/5 IT,0.13947865,0.084407195
61940,L4/5 IT,-0.089272164,0.21638267
262099,Oligo,0.25593856,-0.06327669
163679,Endo,0.22456387,0.2714261
261025,OPC,-0.34734043,0.055299625
163690,VLMC,-0.45191455,0.51796114
62686,Astro,0.12703899,0.1037368
111497,L2/3 IT,-0.038725875,0.29799846
163251,L6 CT,-0.13405088,-0.16635333
261051,L2/3 IT,-0.055279158,0.32959118
163643,Astro,-0.3424132,-0.15987943
252080,L4/5 IT,0.3316677,-0.44710654
105331,L5 IT,-0.29767573,0.14929281
163449,Endo,-0.4114,0.4744182
111574,Peri,0.1746408,-0.3975154
163493,L6 IT,-0.12794524,0.008571578
163508,Endo,-0.23623872,0.478583
62316,L5 ET,-0.1490098,0.1654781
111558,Peri,-0.06584402,-0.14034556
163564,VLMC,-0.08018931,0.46989492
111550,Endo,-0.16465947,-0.060238734
163704,L4/5 IT,-0.041857503,0.15153198
111599,L4/5 IT,0.33927622,-0.2744828
262134,L2/3 IT,0.3318483,0.0033923816
261062,L4/5 IT,0.29650757,-0.3722991
105230,L5 IT,0.15894917,-0.124503866
105469,L6b,-0.28263608,-0.20663561
163385,L2/3 IT,-0.515899,0.44504902
62050,L2/3 IT,0.28524664,0.12425314
62000,L2/3 IT,0.39389798,-0.2142575
163328,L6b,-0.22763547,-0.2811537
111679,L4/5 IT,-0.097218595,0.22608148
62498,Oligo,-0.27997354,-0.1729558
62330,L6 CT,-0.040577553,-0.093805
269616,L2/3 IT,0.08993808,0.17576568
62720,Astro,0.11945454,-0.043210164
111827,L6 CT,-0.19029859,-0.139295
162521,L5 ET,0.11232922,-0.08277349
105613,L5 IT,0.14012358,-0.12408249
61496,L5 IT,0.18072084,-0.1070541
105620,Astro,0.36127803,-0.16730477
61480,Endo,0.016840972,-0.3610181
112019,Lamp5,-0.40595952,0.34914306
162511,L4/5 IT,0.030610062,0.18093525
61449,L6 IT Car3,0.029197492,-0.37293604
61439,L4/5 IT,-0.19144246,0.2588254
162473,L6 IT,-0.1313569,-0.05971302
162532,L6 CT,-0.33739147,-0.06721996
104790,L4/5 IT,-0.27900723,0.2793124
164277,L4/5 IT,0.33899626,-0.4208663
68628,L5/6 NP,0.10229496,-0.04474123
162432,L5 IT,0.17772016,-0.3055083
164281,L5 IT,0.068462946,-0.049124613
162424,L2/3 IT,-0.05975207,0.37230948
104767,L5 IT,-0.23764294,0.13797377
112064,L5 IT,-0.22396344,0.16838787
104666,Micro,-0.2651305,0.46039006
162407,VLMC,-0.018156849,0.45814916
104663,L6 CT,-0.09376647,0.0058267843
63297,L6 CT,-0.109626375,-0.1379386
162394,L2/3 IT,0.051880516,0.19398849
111227,Lamp5,0.4004241,-0.17399688
104900,L2/3 IT,-0.26666042,0.30479667
111332,L6 CT,-0.18997487,-0.1423523
163781,L6 IT,-0.23801929,0.052759096
261019,Micro,-0.06805768,-0.0021484066
163078,Peri,0.46048227,0.070246264
163030,L5 IT,-0.07551288,0.15918426
163018,L4/5 IT,0.24866131,-0.10245304
61772,L5/6 NP,0.16332719,-0.454722
261136,L6 IT,-0.03822487,-0.030892598
163934,L4/5 IT,-0.41728154,0.3086485
162926,L2/3 IT,0.37655762,-0.17203929
269538,L4/5 IT,-0.013790987,0.19590287
162886,Astro,0.13776615,0.3182213
105023,SMC,0.15036997,-0.24081348
62912,L2/3 IT,0.32868943,-0.04887502
163967,Astro,-0.18343922,0.23097597
111864,Peri,-0.07824641,0.16849034
63024,L6 CT,0.0659341,-0.41428703
61706,Peri,0.07372103,0.21559642
164151,L2/3 IT,0.21898648,0.102276966
63074,OPC,0.2601867,0.05109851
111230,Oligo,-0.0059843287,-0.33237672
162547,L5 IT,0.099381365,-0.4378035
62808,VLMC,0.2593498,0.25966665
252988,Sst,-0.12232121,0.18778352
110238,L5 IT,-0.2752193,0.14229135
112683,Oligo,-0.28579342,-0.21067865
65993,Endo,0.4200296,-0.41574508
113659,L2/3 IT,-0.13424441,0.40095165
252840,L4/5 IT,-0.3509923,0.28012797
166030,L6 CT,0.0024769083,-0.2060302
113677,L2/3 IT,-0.44936553,0.38622192
106773,L5/6 NP,-0.054512136,0.019531442
166036,L6 IT,0.012059726,-0.0015866924
270030,Micro,-0.15806326,0.048106536
109588,L6 CT,-0.342905,-0.12127192
113685,L4/5 IT,0.12755165,0.109944984
113751,L5 IT,-0.010931455,0.10967009
166093,L5 IT,0.28388694,-0.39457935
159264,L6 CT,-0.00083937496,-0.36629152
166101,L2/3 IT,0.35015598,-0.01762505
109573,OPC,-0.37710717,0.23889546
113758,L2/3 IT,0.07318429,0.26331237
159215,L2/3 IT,-0.2921189,0.3198239
109524,Micro,-0.48684686,0.50778776
113773,L5 IT,0.17236802,-0.0615509
268989,L4/5 IT,0.28840318,-0.3227106
166123,L2/3 IT,0.26662454,0.16557
159363,L6 CT,-0.13319653,-0.28314796
113646,L5 IT,0.10761527,-0.20921029
269011,L2/3 IT,0.41968104,-0.22741176
65883,Pvalb,0.017631687,-0.19144012
103415,VLMC,-0.49090537,0.5205225
159673,L5 IT,-0.3357258,0.22573738
65690,L6 CT,-0.12236407,-0.19662605
261875,Oligo,-0.33244708,-0.1374876
113582,Micro,0.41236743,-0.46765342
65737,Endo,0.25666806,-0.023771899
159479,Astro,-0.051314883,0.43300983
165902,L5 ET,0.017797686,-0.12219976
109708,L6 CT,-0.25554067,-0.06560899
65798,L5 IT,-0.20753428,0.03790246
66044,L2/3 IT,0.12946638,0.21076284
106772,L4/5 IT,0.18840697,0.061889455
109696,Endo,0.026678719,0.012079431
109653,Pvalb,0.11614815,-0.3270423
165961,Micro,0.04260025,0.3062078
159405,L2/3 IT,0.35296866,-0.054756835
159388,L5 IT,0.17208257,-0.15592493
251643,L2/3 IT,0.34516296,-0.025301801
65847,Oligo,-0.08025461,-0.15621875
269027,L6 CT,-0.13483739,-0.07931243
65861,Astro,-0.2642186,-0.012408512
166020,VLMC,-0.23813254,0.51044935
109703,Endo,-0.41190353,0.08584498
106921,L2/3 IT,-0.09127136,0.35973135
109475,L2/3 IT,0.07466022,0.30460808
109471,Astro,-0.03737881,0.10234688
158579,L5 IT,-0.03987258,0.037305936
59657,L4/5 IT,0.14067975,-0.45030776
66250,L5 ET,0.0802748,-0.30949807
114141,L5 IT,-0.18717685,0.16827624
106990,L5 IT,0.14886948,-0.03493099
114165,Lamp5,-0.45482686,0.47164944
261462,L2/3 IT,-0.47755578,0.43222806
107015,Endo,-0.002022706,0.0630068
262511,Endo,0.2645633,0.029040916
114228,L6 CT,0.06349514,-0.43372205
268937,L5 ET,0.042561747,-0.38823488
59650,Micro,-0.15125823,0.35909352
109313,L5 ET,-0.06328281,0.054494545
166267,L5 ET,0.06825886,-0.31048188
158387,Endo,0.044234373,-0.3442315
158326,L5 ET,0.16500601,-0.13094963
166269,L6 IT,-0.3229983,-0.11715482
252966,L4/5 IT,0.14452854,0.042268142
103102,Peri,0.06107817,0.1765316
107146,Micro,-0.38309017,0.39264163
109231,Pvalb,-0.38416043,0.14918528
114437,Endo,0.072045244,0.2556778
262513,Endo,-0.20316583,0.19462304
65663,L2/3 IT,0.35992518,-0.09326886
166207,PVM,0.42554072,-0.40218937
103121,L5 IT,0.10001389,-0.19380282
159032,L5 IT,-0.2827948,0.15468071
66048,Peri,0.31749752,-0.3559972
109457,L6 IT,0.14620295,-0.21779846
66054,Lamp5,-0.33287463,-0.16276087
113838,L6 IT,-0.013541482,-0.030062513
158983,L2/3 IT,-0.3309212,0.36522892
103263,L5 ET,-0.0060485825,-0.106439784
59804,L6 CT,0.043842115,-0.24246366
106954,Oligo,-0.27247083,-0.13913722
158934,PVM,0.24230954,0.2605408
158651,Astro,0.4685528,-0.4276527
268967,Oligo,-0.2834289,0.09131919
106972,L5 ET,-0.21483913,0.12315391
158764,Pvalb,-0.23061064,-0.09065516
166180,Oligo,0.008255757,-0.031456307
66106,L4/5 IT,0.19563857,0.027015788
251593,SMC,-0.21340671,-0.18919377
66110,Micro,0.38512585,0.1423267
166184,L4/5 IT,0.2214115,-0.16736154
251587,Pvalb,-0.31155452,0.028565092
262494,L6 IT Car3,-0.048674397,-0.31635645
66140,Pvalb,-0.07726326,-0.21826385
252890,Endo,0.35803255,0.06609939
164881,L2/3 IT,0.39636764,-0.19277506
60000,L2/3 IT,-0.24017403,0.27074417
65613,L6 IT,-0.13437116,-0.20795687
261331,Endo,0.23244825,-0.11590035
65067,Endo,0.31589147,-0.4262359
160518,Oligo,-0.19069901,-0.020174937
160506,L6 CT,-0.34222528,-0.1566716
104001,L2/3 IT,0.36480907,-0.13173191
165253,L4/5 IT,-0.3370931,0.18588112
251795,L4/5 IT,0.2100918,-0.029406415
110083,PVM,-0.38646534,0.06370203
165259,L2/3 IT,0.31663546,0.029468996
261914,L2/3 IT,-0.24645808,0.32869253
65171,L4/5 IT,-0.3724246,0.2821528
110077,L4/5 IT,-0.03195619,0.20722692
110060,L5 IT,-0.049474142,0.04169409
165303,L2/3 IT,-0.29994366,0.37503865
112966,L2/3 IT,0.14783266,0.24316989
60472,L5 ET,-0.37476745,0.1422318
106584,L2/3 IT,0.37463126,-0.23797329
160336,L6b,-0.29800928,-0.23915036
269196,L6 CT,-0.109549694,-0.12722199
65204,Oligo,0.08409486,-0.110128626
262373,L5 ET,0.056078292,-0.2120942
165217,Oligo,-0.4056427,0.11428963
165201,Micro,0.0875772,-0.089402065
165198,Sst,-0.06406363,0.17096524
165190,L6 CT,-0.31182426,-0.06612061
160793,Oligo,-0.42357603,0.0982772
160767,L6 IT,-0.25425965,-0.16612546
160753,L2/3 IT,-0.40163553,0.4049609
106381,Astro,-0.35011128,0.3287451
160705,Endo,0.17538646,-0.0932997
164975,Endo,0.323037,-0.35302737
164988,L4/5 IT,0.19962206,-0.30229717
164996,L6 IT,-0.0041634664,0.021569176
104192,Endo,-0.36228737,0.441376
64962,Oligo,-0.28344718,-0.24426557
165423,Lamp5,0.4587522,-0.3456212
64997,Micro,0.12277553,-0.17701925
106416,L4/5 IT,-0.39389452,0.23188691
110096,L6 CT,0.08263872,-0.38984656
106446,L5 ET,0.09552995,-0.26876307
160631,Peri,0.152693,0.31733575
112723,Astro,-0.3684139,0.48444876
110088,VLMC,0.19155827,0.30299035
104117,Lamp5,0.3154376,-0.030555027
104101,Endo,-0.33876047,0.056408808
65058,L6 IT,-0.03191965,-0.27365148
112843,L5 IT,-0.24357209,0.14825557
110151,L4/5 IT,0.33272716,-0.47563666
160271,Endo,0.003406085,0.16535686
165426,L2/3 IT,-0.51713115,0.39852497
65252,L6 IT,0.052428402,-0.13221945
269115,Oligo,-0.15126675,-0.061566547
260742,L4/5 IT,-0.095249705,0.23814623
160042,Oligo,-0.42425016,0.06410526
165752,Peri,0.17693588,0.099552795
165765,Astro,0.21510151,-0.044622615
65511,L2/3 IT,0.32716092,-0.09821515
60251,Endo,0.46507588,0.14909278
159969,L2/3 IT,0.4177623,-0.31420627
159955,SMC,0.09841291,-0.35498533
109821,Endo,-0.112766914,0.06254612
113300,L5 ET,0.09688244,-0.26420203
165790,L6 CT,0.084513344,-0.4713
165803,Oligo,-0.25481182,0.0747699
60219,Sncg,0.47204557,-0.2979817
113471,L2/3 IT,0.34663853,0.018336369
103501,Pvalb,0.093429185,-0.41590247
159848,Oligo,-0.1942643,-0.15856238
159782,L6 IT,-0.13843426,-0.26323125
103468,L6 CT,-0.054414652,-0.19527666
60125,L2/3 IT,-0.030395024,0.35940245
65542,Endo,-0.2835429,0.36701164
65597,L5 IT,0.28978476,-0.38925692
159943,L6 IT Car3,-0.1522145,-0.263137
163459,L2/3 IT,0.16112134,0.2547466
60263,L6 IT,-0.004490398,-0.050996706
113291,L2/3 IT,0.393801,-0.30731347
165450,Endo,0.091380455,-0.43147436
160251,L2/3 IT,-0.031534724,0.3455998
165490,Endo,-0.1644404,0.21706913
260792,L6 CT,-0.3113796,-0.17653437
65290,L6 CT,-0.12562197,-0.094996944
103774,L5 IT,0.14746079,-0.39336544
65298,Pvalb,-0.20649347,0.22806202
103763,L6 CT,-0.09230932,-0.12533318
260772,L5 IT,0.20219103,-0.42292127
60386,L2/3 IT,0.0011631623,0.34086874
165639,L6 IT,-0.08184885,-0.28321347
113203,L5/6 NP,-0.19881988,0.05288051
109957,L2/3 IT,-0.5108956,0.42614987
106687,L2/3 IT,-0.2589553,0.2936873
109863,VLMC,-0.51866186,0.522687
106720,Astro,0.07897393,-0.04848446
165550,PVM,0.19180867,0.35675082
262398,Vip,0.32414755,-0.31540498
103686,L4/5 IT,-0.36143395,0.26314256
103658,SMC,0.45201865,0.16878001
165567,Astro,-0.2250602,-0.14351995
65411,Micro,-0.1726869,0.08671038
269941,L4/5 IT,0.23797938,0.01847024
100969,L6 CT,-0.17756724,-0.18446828
265137,L6 IT,-0.19930092,-0.2353792
116211,L6 IT,0.09163705,-0.18312083
139577,Oligo,-0.17923865,-0.20936637
92076,L5/6 NP,-0.30715153,-0.048472777
81292,Endo,-0.020216964,-0.11541237
139510,Astro,0.10275886,-0.40892318
139502,L6 IT,-0.21878892,-0.1750394
264379,L2/3 IT,0.06355158,0.26518664
139473,Oligo,-0.23866439,-0.08224569
92051,L2/3 IT,-0.094066374,0.31084922
125972,L5 IT,0.14451626,-0.0882016
92048,OPC,0.09654079,0.15008359
92013,L5 IT,0.17701635,-0.371491
126013,L5 ET,-0.42353764,0.17546062
81337,L6 IT,-0.22114459,-0.26428857
139403,Oligo,-0.101268314,-0.018631803
139402,L4/5 IT,-0.024983667,0.23640506
91959,Astro,-0.1540564,-0.15339433
139390,L6 CT,0.07312725,-0.30152735
91881,VLMC,0.18602589,0.3938094
91885,Astro,-0.2910947,0.40831432
81512,Micro,0.36878487,-0.25795314
139230,L6 CT,-0.15375465,-0.28219688
91931,L6 IT,-0.26800266,-0.17329492
139265,L5 IT,0.15813777,-0.09308545
92143,L2/3 IT,-0.1097567,0.30069396
81473,Endo,-0.3512312,0.505891
126156,Micro,0.14516267,0.3183199
139343,L2/3 IT,0.26792267,0.08090304
81417,Endo,-0.011513375,-0.14227016
81391,L2/3 IT,-0.2423133,0.4295241
81379,Endo,0.10204283,-0.17584251
139386,Endo,-0.22523522,0.14987712
256354,L2/3 IT,0.39197668,-0.3159569
126177,Lamp5,0.46229753,-0.42444903
139596,L5 IT,0.08928446,-0.3949205
139615,L4/5 IT,-0.12963676,0.21255492
140315,Oligo,-0.048352234,-0.0653763
140267,Peri,0.30871168,-0.23528217
140260,L5/6 NP,-0.14826319,-0.026970135
140255,Oligo,-0.27651533,0.001521362
92660,Micro,-0.12582806,0.1776713
92637,Sst,0.12132088,0.09279321
80734,L2/3 IT,0.3513995,0.037019655
92539,Endo,-0.4753626,0.45972863
140122,L2/3 IT,-0.5028742,0.42978194
140045,Astro,-0.21366858,0.13377212
140044,L2/3 IT,0.3935081,-0.03826396
92444,L4/5 IT,0.28097227,-0.44805756
80885,L2/3 IT,0.39337328,-0.24941428
80886,Endo,-0.16270459,0.4983075
266337,L5 IT,0.11925451,-0.1681631
92437,L2/3 IT,0.17593017,0.111162946
266328,Vip,-0.2176637,0.4248114
81125,Sst,0.19495574,-0.039270714
92155,L5 ET,0.1157637,-0.20394488
266298,Micro,-0.24937668,-0.09633674
92197,Micro,0.21020749,-0.26642278
92240,Endo,0.21046802,0.053178653
92251,OPC,0.126757,0.15752946
139612,Astro,-0.02633255,0.21844964
125728,PVM,0.083394386,-0.24803801
125711,Micro,0.06972984,0.003750665
125710,Endo,-0.28010544,-0.1995915
258558,VLMC,0.17254105,0.38363203
258566,L4/5 IT,0.26623258,-0.31504533
92327,L5 IT,0.18462095,-0.15370442
139898,L4/5 IT,0.15918127,0.008345736
139808,L4/5 IT,0.14884534,-0.4199651
92702,Peri,0.27102104,-0.0783401
81560,Endo,0.13277426,-0.42718682
81606,L2/3 IT,0.11225907,0.27238616
91135,Peri,0.19963977,-0.23391442
126730,L6 IT,-0.1968841,-0.21336009
137925,L5 ET,0.08046583,-0.27332005
137920,L5 IT,0.20530602,-0.42892516
137870,L4/5 IT,0.16040638,-0.014363604
137845,L5 IT,0.059047677,-0.38606364
258374,Peri,0.25809094,-0.21880172
91068,L6 CT,-0.14685512,-0.08894588
256521,Oligo,-0.18946683,0.09190057
126810,Astro,0.45145622,-0.11112167
126857,Astro,0.38070682,-0.41034052
126862,Pvalb,0.119076826,-0.10947202
82507,L2/3 IT,-0.13233349,0.2644196
91002,Astro,-0.033075236,-0.35152662
126874,SMC,-0.39655122,0.07738201
90940,Pvalb,0.12902996,-0.2502354
137521,Lamp5,0.25380245,-0.016943978
256602,L2/3 IT,-0.31562477,0.32940248
82650,Micro,-0.2844591,-0.27424088
126962,L4/5 IT,0.31536767,-0.34233794
82629,L2/3 IT,-0.4455813,0.4123322
82578,Peri,0.31578955,0.22222893
90937,L6 CT,-0.019910656,-0.16185178
126720,L2/3 IT,-0.13472265,0.33879122
256583,OPC,-0.14646757,0.10022019
137341,L2/3 IT,-0.3958657,0.32866398
137371,L4/5 IT,0.21384552,0.062199757
266063,L5 IT,0.21554074,-0.1796117
137402,L2/3 IT,-0.33073047,0.42801753
90938,L6 CT,0.045517124,-0.2864708
137481,L5 IT,-0.10562905,0.16051005
82538,Peri,0.1548051,-0.29084808
126239,L5 IT,-0.18038672,0.15510724
82237,L6 IT,-0.123605035,-0.15497862
126664,Oligo,-0.25779524,0.25860777
138977,Pvalb,0.045665182,0.16302101
91803,L2/3 IT,-0.41848925,0.32746097
138882,Lamp5,0.27218392,0.06298773
81630,L4/5 IT,0.023676492,0.19441907
81646,L4/5 IT,0.062230207,0.16271
256414,L6 CT,-0.14346057,-0.2773053
266214,Astro,-0.17334697,0.20966177
138811,Endo,-0.035884522,0.21068023
138656,Endo,-0.3611308,0.40801528
138650,L5 ET,-0.027065031,-0.059809938
91769,Endo,-0.15940714,-0.16895984
138624,L6 CT,-0.08086007,-0.19596438
81796,OPC,0.22463599,-0.38387418
126390,Endo,0.30626038,-0.2812166
81817,L2/3 IT,-0.21345872,0.3798482
91676,L4/5 IT,0.26184604,-0.21093442
81835,L6 CT,-0.24315742,-0.11652987
91442,L6 CT,-0.07880362,-0.09453915
91451,L6 CT,-0.11350956,-0.11708598
82004,L2/3 IT,0.20863375,0.14062802
138284,L4/5 IT,0.2922273,-0.263707
138298,L2/3 IT,-0.30009076,0.4117655
138329,L4/5 IT,0.17305127,-0.01761912
256481,L5 ET,0.096598424,-0.05663632
138333,L2/3 IT,-0.05962401,0.29847398
81921,OPC,0.050143756,-0.19889908
91514,Micro,0.18392935,0.2941397
138420,L5 ET,-0.38614663,0.1237127
91560,L5/6 NP,-0.31625715,0.08100955
256455,L5 IT,0.12228397,0.013546063
126438,L2/3 IT,0.4032288,-0.4093675
91499,L2/3 IT,-0.48731542,0.4483305
82794,L2/3 IT,0.41087475,-0.2902452
140380,Endo,-0.04674243,-0.21087839
140446,L6 CT,-0.20620465,-0.2862535
78841,L5 IT,0.17020407,-0.45332086
78875,Peri,0.04573504,-0.033122316
93996,Oligo,0.11177675,-0.17654727
255704,L2/3 IT,-0.2608204,0.37854126
93911,L6 IT,-0.34039822,-0.13511975
142893,L6 CT,-0.15338886,-0.021236556
142858,L5 IT,-0.29709205,0.20097451
142856,L2/3 IT,-0.18362221,0.29953858
266689,L6 IT,-0.17484877,-0.25976762
124302,Endo,0.34853205,-0.35544288
124306,L2/3 IT,-0.11485239,0.38927945
142795,L6 IT,-0.059656642,-0.050787136
255748,L5 IT,0.24942562,-0.39159444
78986,Astro,-0.094117604,-0.20903231
79011,L2/3 IT,-0.40292123,0.43235216
79084,L2/3 IT,0.05833981,0.19313495
93813,L2/3 IT,0.39728025,-0.088572636
142252,Astro,-0.45318294,0.49577072
142275,Astro,0.11753336,0.12531255
142316,Astro,-0.082152896,-0.14861856
79227,L4/5 IT,-0.3905277,0.18569832
124357,Peri,-0.40162256,0.39609453
79197,L4/5 IT,-0.33036557,0.29599753
142927,L4/5 IT,0.32947907,-0.26914182
142429,Micro,-0.1826492,0.3998756
142473,L2/3 IT,-0.033627354,0.31944588
79148,L2/3 IT,-0.4342249,0.40405044
142495,L5 IT,-0.071262024,0.14492719
142529,L6 CT,0.021903493,-0.38217992
142542,L6 IT,-0.13429865,-0.23758198
79122,SMC,0.20460859,0.23475598
79187,L2/3 IT,0.27391353,0.08716248
79312,Oligo,-0.06237664,-0.043434873
264036,SMC,-0.27347842,0.45172736
142965,L2/3 IT,0.2842469,0.14979665
78306,L5/6 NP,0.18714085,-0.47538713
266788,L4/5 IT,-0.27004233,0.21913432
78313,L2/3 IT,0.068527795,0.31477955
78331,L6 CT,-0.23491418,-0.2639726
143804,L6 IT,-0.22861615,-0.23460318
255597,L2/3 IT,0.019245721,0.23127012
143798,L2/3 IT,0.03921304,0.24832611
263985,Astro,0.43906024,-0.1549835
123857,L6 IT,-0.09737503,-0.27128914
78427,L2/3 IT,0.0015472546,0.3313863
78473,Micro,0.20692119,0.012025399
255628,Oligo,0.16610143,-0.4272097
143528,L4/5 IT,0.2862976,-0.14922886
94222,Astro,-0.20687258,0.38448682
143507,L4/5 IT,-0.116297,0.2509146
258862,L6 CT,0.09115604,-0.41720924
94210,L2/3 IT,0.41263196,-0.3634831
142970,PVM,-0.43995696,0.48344877
78812,Endo,-0.25457045,-0.27003354
143172,Endo,0.47238263,-0.3286421
143182,L4/5 IT,0.091372825,0.09553002
94077,L4/5 IT,-0.2866077,0.23620795
124081,L4/5 IT,0.041758157,0.20302384
142950,L2/3 IT,0.31411847,-0.0590647
94184,L4/5 IT,0.23431078,-0.23939462
124007,OPC,0.28427753,0.099879906
143307,VLMC,-0.16599861,0.50491166
123960,Peri,-0.13272929,0.17300414
78591,Astro,0.11075292,-0.07474892
78562,L6 CT,-0.102525465,-0.13141386
143413,L4/5 IT,0.35337678,-0.15978362
143295,L5 IT,0.058453895,0.053243324
125349,Oligo,-0.20314294,0.16781424
264090,L2/3 IT,0.07697926,0.2896221
79316,Pvalb,-0.27929083,-0.019986855
124800,L4/5 IT,0.32977352,-0.32738426
141410,L2/3 IT,0.36238214,-0.12367745
264196,L5 ET,0.13991168,-0.47162813
79983,L2/3 IT,-0.07386579,0.31019977
80177,Peri,0.18056676,0.103860304
256012,L6 CT,0.0059622303,-0.35712266
266470,Endo,-0.078028135,0.4395279
141193,Lamp5,-0.067684434,0.25551835
141182,L2/3 IT,0.17758587,0.19993018
80260,L5/6 NP,0.116774835,-0.46512374
124945,L4/5 IT,0.2196751,0.028979821
93120,Micro,0.25517717,-0.19195946
124960,L5 IT,0.18003246,-0.43256322
80359,Micro,0.08293942,-0.35734022
266441,L5 IT,0.010749556,0.0180483
125039,L6 IT,0.08145598,-0.22849943
93008,L4/5 IT,0.31900272,-0.43552342
256099,L5 IT,0.13648352,-0.2860166
80545,L4/5 IT,0.25152394,-0.23560472
92810,L6 IT,-0.20570248,-0.13193555
92879,L6 IT,-0.052891992,-0.040002212
125237,L4/5 IT,0.00779406,0.17295776
140741,Astro,-0.21190119,0.48358998
79975,L2/3 IT,0.39272508,-0.22538058
125177,Micro,0.2612019,0.16799764
125118,L6 CT,0.04310254,-0.41630644
80436,Oligo,-0.01396706,0.12410347
92992,L4/5 IT,-0.16392419,0.18249671
140802,L4/5 IT,0.28245112,-0.4126365
256068,L4/5 IT,-0.053958528,0.20620744
125105,L5 IT,0.2052736,-0.42422342
92973,Astro,-0.27872273,-0.18868144
258769,L4/5 IT,-0.06288006,0.15885697
141451,L2/3 IT,0.26148358,0.10012351
79824,L6 IT,-0.17561987,-0.2737957
93730,L2/3 IT,0.36627278,-0.19505765
142155,L6 CT,-0.10567131,-0.10311733
93712,L6 CT,0.07421181,-0.41074663
124454,Oligo,-0.34768766,0.16953264
124469,L2/3 IT,0.3271871,-0.015279399
142153,L2/3 IT,0.3486069,0.03145109
93664,SMC,0.095252074,-0.09145783
93623,L4/5 IT,-0.42958215,0.2700241
142089,L2/3 IT,-0.013352416,0.34919426
124639,L5 ET,-0.42059997,0.17533158
142075,Astro,-0.0762014,0.11875622
79524,L2/3 IT,0.42255113,-0.2600887
142033,L2/3 IT,0.38574865,-0.13362972
141997,L5/6 NP,0.1517711,-0.22717722
124660,L5 ET,0.13073239,-0.4722111
93581,Lamp5,-0.14160022,0.4141197
255887,L6 IT,-0.2894694,0.044744715
79818,L2/3 IT,-0.04361131,0.3100523
255947,L5 IT,-0.14858457,0.118429765
141673,L5/6 NP,0.18636921,-0.39479324
266545,L6 IT,-0.020157658,-0.23159446
264182,L5 IT,-0.25421777,0.16479628
79741,L6 IT,-0.04615747,-0.35459116
141454,L2/3 IT,0.35399792,-0.11898957
93548,Endo,0.0225083,-0.044687495
124702,L2/3 IT,0.27511153,0.17162476
79704,VLMC,0.4513159,0.18930362
266554,L2/3 IT,0.3456309,0.07753621
141798,L4/5 IT,0.3094146,-0.25083312
264157,L5 ET,-0.010071181,0.083504245
266580,L6 CT,-0.20709431,0.0004550945
124711,L6 IT,0.057566084,-0.10575865
90749,L5 ET,0.10204897,-0.14881323
136967,L4/5 IT,0.33012727,-0.36744446
266009,OPC,-0.33183113,-0.17456894
132850,L6 IT,-0.32580927,0.066980645
132781,L6 CT,-0.02343925,-0.38023725
129354,L2/3 IT,-0.39194992,0.36256513
129362,Astro,0.100087084,0.09878121
85983,L6 CT,-0.3212836,-0.024055498
132731,Micro,-0.015137158,-0.1567037
88585,L6 IT,0.090233184,-0.05280508
129425,SMC,0.1970661,0.3476974
257882,L2/3 IT,0.047181822,0.27700463
257881,L6 IT,-0.2519728,0.09018175
129480,Endo,-0.217253,0.019167347
132640,L2/3 IT,-0.42934823,0.31317136
132626,L4/5 IT,0.31353155,-0.41755936
129539,L4/5 IT,0.26145992,-0.3944046
132531,Peri,0.37425497,-0.4085245
86045,Oligo,-0.34128067,0.035467073
132482,L2/3 IT,0.032509007,0.2311775
86189,L4/5 IT,0.16956607,-0.010510849
129661,L5 IT,-0.13282168,-0.19225924
132242,L6 CT,-0.2938929,-0.20870648
132259,L5 IT,0.13033643,-0.397634
86144,L5 IT,0.07145921,-0.1983714
257346,L6 IT,-0.01273676,-0.20421518
129314,Pvalb,-0.18740109,-0.0500149
88387,Oligo,-0.2519329,-0.2206559
86115,Oligo,-0.28462812,-0.044533387
88428,L6 CT,0.045085408,-0.28140113
88444,L4/5 IT,0.22316834,-0.17368285
132459,Micro,-0.23241496,0.17945062
129623,Oligo,-0.32731783,-0.24977042
132472,L2/3 IT,0.254396,0.1680228
86118,Micro,0.34419706,-0.086855724
257373,L6 IT,-0.00094314665,-0.12749983
85882,L6 IT,-0.32370833,0.06537126
133010,Micro,0.19365421,-0.47268027
88914,L4/5 IT,0.035863437,0.10643624
133797,L2/3 IT,0.41865668,-0.2300023
85602,Sst,-0.055201642,-0.32772723
88898,Pvalb,0.25896487,-0.33561555
85608,L2/3 IT,0.023050942,0.34342542
88881,L4/5 IT,-0.20401159,0.2647008
88810,L6 CT,-0.0026277527,-0.22590722
85640,L5 ET,0.060112037,-0.3950499
88791,L4/5 IT,0.19636682,0.039698705
133642,L6b,0.0007527247,-0.27216765
133624,Peri,0.011634506,0.23888628
133623,L6 IT,-0.28029725,-0.13095538
129054,L2/3 IT,0.13787845,0.22885458
133495,Pvalb,-0.35848984,0.20775132
85743,Micro,-0.12257048,0.42430952
257195,L5 IT,-0.39878005,0.16025601
129057,L5 IT,-0.09751185,0.1768227
85781,Pvalb,-0.1805515,0.08820824
85779,L4/5 IT,0.17328826,0.04808925
129182,L4/5 IT,0.026160993,0.15627514
88638,L2/3 IT,0.2072508,0.24759851
129142,L6 CT,-0.08673673,-0.19641142
85771,L6 CT,-0.21513867,-0.112450734
132974,Astro,-0.46325272,0.4882076
133310,L4/5 IT,-0.43463123,0.30504802
129125,Astro,0.18999347,0.035168752
265473,L2/3 IT,-0.10776942,0.35615656
133399,L5 IT,-0.17313811,0.09537743
129121,Endo,-0.5234492,0.3931857
257204,L6 CT,-0.14302713,-0.14276896
88760,Pvalb,-0.06465339,0.14794151
133314,L6 CT,0.052186884,-0.29421958
88922,L6 CT,-0.34273684,0.017933471
86210,L2/3 IT,0.36195692,-0.20039837
86293,Astro,0.17883739,0.015292151
86847,L5/6 NP,0.068181194,-0.25543028
257511,L6 IT,-0.17937905,-0.2447546
86865,VLMC,-0.26139864,0.5095025
131411,Peri,0.423422,-0.42527407
130365,L4/5 IT,0.28704563,-0.4045162
87694,Micro,-0.41821438,0.5007806
87681,Micro,-0.09627365,-0.22013344
131332,L5 ET,0.20191404,-0.4565772
265238,L2/3 IT,-0.010933481,0.3400431
86927,L2/3 IT,-0.10189038,0.33057532
131316,VLMC,-0.35934797,0.515961
131298,Sst,-0.086407654,-0.27731216
131274,L6 IT,-0.07222139,0.02363835
86935,Endo,0.40363613,-0.34967163
130405,L2/3 IT,-0.15541574,0.37029132
87641,VLMC,0.18472597,0.35794184
87030,Lamp5,0.13539901,-0.030123817
265139,Lamp5,-0.1604183,0.2671114
130645,Endo,-0.087729536,-0.044619218
87452,OPC,-0.059021376,-0.16866963
130761,VLMC,-0.3833463,0.10169624
87428,L5 ET,0.0811185,-0.44179916
130610,L6 IT,0.12235848,-0.3714599
131456,Astro,-0.22745708,0.47783676
87263,L2/3 IT,0.037589587,0.28110197
130497,L6 IT,-0.17375854,-0.253727
131101,L5 IT,0.24336156,-0.3765994
131119,L2/3 IT,0.3469812,0.020847006
87185,Astro,0.06942812,0.06035112
87580,L6 CT,-0.29093617,-0.022964524
87050,Astro,-0.18919703,0.20957802
87224,L5 IT,0.20880112,-0.31448975
129873,Endo,0.15471461,-0.37266877
131493,L6 IT,-0.3586444,0.073885426
257731,L5 ET,-0.106475495,0.09137039
86294,L5 IT,-0.030749641,0.094037935
265350,SMC,-0.075419776,0.34104958
132138,L2/3 IT,-0.19747123,0.29924104
129880,L2/3 IT,0.343546,0.12377207
129901,L5 ET,0.020690836,-0.22315513
129915,Oligo,0.13224784,-0.17051502
88242,L2/3 IT,0.4298407,-0.2670612
131973,L5 IT,0.03035561,-0.4625223
131972,L5 IT,-0.3725721,0.16834603
131950,L2/3 IT,0.12351517,0.22824149
257799,L4/5 IT,0.20252296,-0.06850089
88142,Peri,0.09515522,-0.3600602
88109,Oligo,0.22157618,-0.26888204
131880,L5 IT,-0.26638857,0.117893025
88046,OPC,-0.03931483,-0.28318647
131867,L2/3 IT,-0.36315307,0.3968657
131832,L6 IT,-0.23302871,-0.10028578
87797,L6 CT,-0.23665008,-0.19780539
131560,L6 IT,-0.19112018,-0.24616899
87891,Endo,-0.115132175,0.1398528
130223,L6 CT,0.02497343,-0.40603617
130191,Astro,-0.36214766,0.48744252
87901,L2/3 IT,0.40275738,-0.063063666
131496,Endo,-0.4069768,0.009467287
86692,L4/5 IT,0.21988782,-0.0299529
86652,Astro,0.43801174,-0.36654946
131747,Pvalb,-0.06643703,-0.1087039
131761,L5 IT,0.017886795,0.025424166
265289,OPC,0.09979848,-0.36056513
130109,VLMC,-0.5199102,0.5093272
86563,Endo,-0.05597972,-0.18948565
131687,L4/5 IT,0.3483583,-0.23475195
85571,L6 IT,0.017888345,-0.03938611
133837,Micro,-0.43733135,0.442161
88975,Pvalb,-0.13872981,0.23133664
136076,Micro,0.3708934,0.16235755
90461,Peri,0.107878424,0.2563642
83639,L6 IT,-0.23141786,-0.18064116
136052,Astro,0.41585585,-0.3970195
83743,L2/3 IT,-0.11650749,0.34979114
136039,Oligo,-0.1496836,-0.13566579
136009,Micro,-0.2895746,0.22793768
90429,Sncg,-0.4699414,0.43559024
265807,L4/5 IT,0.2653394,-0.20172332
127551,L5 IT,0.06969271,-0.22197087
135843,OPC,0.23417202,-0.16586949
135841,L2/3 IT,-0.1698738,0.41914383
135753,Sst,-0.16434571,0.06400965
90338,L4/5 IT,0.13058355,-0.11390443
127691,L2/3 IT,-0.037474416,0.25651714
258215,PVM,-0.43365082,0.11329757
135625,Astro,0.039503552,0.40149698
127937,L2/3 IT,-0.5213193,0.3784187
127906,Pvalb,0.22736463,-0.44688508
127904,Astro,0.028697051,-0.17121993
258193,L2/3 IT,0.29645482,0.01712562
84244,Endo,-0.08032333,0.045813784
264671,L4/5 IT,0.2856702,-0.3794036
136148,L2/3 IT,0.23248246,0.09604232
127863,Peri,-0.06752881,0.042431816
135524,Endo,0.05707059,-0.34549454
127795,L2/3 IT,0.16733304,0.1997423
135542,Astro,0.27839574,-0.21623932
127774,Micro,0.12510738,0.0059841704
84088,L2/3 IT,0.38020203,-0.28374508
256829,L6 CT,-0.05374428,-0.14150386
135479,L4/5 IT,0.27290532,-0.17557673
127954,L2/3 IT,0.055330314,0.23963909
127436,L2/3 IT,0.3895608,-0.050384834
83528,L4/5 IT,0.18087229,0.004337145
82844,Endo,0.3687838,-0.41493547
136853,L2/3 IT,0.36210534,-0.044325843
136849,Endo,-0.15687096,0.11021261
127091,L2/3 IT,-0.2621391,0.34675053
256637,L4/5 IT,0.12062881,0.0819305
82885,Astro,0.035214342,0.1149836
127141,L2/3 IT,0.33411923,0.044585392
83013,L6 IT Car3,-0.22245064,-0.2868543
136763,Endo,0.31950173,-0.34959823
136744,L6 CT,-0.33889535,-0.12252058
83035,L2/3 IT,-0.07239541,0.28419462
136728,L2/3 IT,0.3509507,-0.10959785
265974,Endo,-0.32245424,0.3205231
83056,Oligo,-0.2566662,-0.10706277
265966,L4/5 IT,0.32169315,-0.20807083
258298,Endo,0.15988037,-0.39344242
83086,L4/5 IT,0.16525224,-0.10977106
136208,L4/5 IT,0.3301979,-0.24627055
136243,Endo,0.03855834,0.29639593
83366,L2/3 IT,-0.27760968,0.30546042
136259,Micro,0.37846187,-0.2072077
136321,Vip,-0.014946543,0.38160238
265906,L2/3 IT,0.3078892,-0.46859166
90540,L4/5 IT,-0.23306155,0.25651047
265913,SMC,-0.37920377,0.06408368
127400,Endo,-0.2465513,-0.09216033
83251,VLMC,0.45662013,0.16337977
136396,L6 CT,0.04533694,-0.38792
127359,OPC,0.1599057,0.29547688
83155,Micro,0.044270016,0.18677752
90613,Pvalb,0.08396111,-0.21954523
136347,Astro,-0.039701574,0.3394241
127981,L6 IT,-0.042867802,-0.24985863
90154,L5 ET,-0.16854557,0.024411244
256880,L2/3 IT,-0.20727965,0.34665737
89427,Lamp5,0.45288566,0.13970493
89399,L6 CT,0.062486686,-0.15258403
85087,Peri,0.11873547,0.042049155
85097,L5 IT,0.19342026,-0.41170007
134462,L4/5 IT,0.29125234,-0.46833062
134429,L6 IT Car3,-0.068383716,-0.242974
85132,L2/3 IT,0.35639122,0.044987425
134403,Vip,0.35528967,0.048267886
257074,Astro,0.4635528,-0.4119127
89305,Astro,-0.12559745,-0.146004
264860,L4/5 IT,-0.15570423,0.26000527
128758,L6 CT,-0.2922261,-0.1633019
128809,Astro,0.16343907,0.14247338
134159,OPC,-0.06844964,0.13360415
264864,L5/6 NP,0.05912105,-0.08064599
89187,L4/5 IT,-0.07098659,0.18588082
85281,L4/5 IT,-0.010063671,0.15438347
85566,Astro,0.0677673,0.3670055
85521,L6b,-0.32135952,-0.1875289
85473,Astro,-0.47809067,0.4141648
133876,L4/5 IT,0.30500486,-0.22137146
128971,L5 ET,-0.18035844,-0.016758578
128966,L4/5 IT,0.038141705,0.18397687
134589,Peri,0.32796094,-0.14813943
85402,L2/3 IT,0.39532325,-0.38940373
258014,Endo,-0.3077593,0.4861422
134025,L2/3 IT,0.29246148,0.10166155
134049,L5 IT,-0.17010579,0.10229175
85324,L2/3 IT,-0.5135129,0.44587484
134070,Astro,-0.14888087,-0.26001143
85309,L5 ET,-0.32104823,0.16556154
134009,L6 IT,-0.2537531,0.09308408
264783,Endo,-0.19270712,0.34935454
134611,L2/3 IT,-0.14230964,0.3412554
89534,L6 IT,-0.16341946,-0.10852556
135245,L5 ET,-0.41932985,0.13816313
135253,L5 IT,-0.3456513,0.17393498
89770,L2/3 IT,-0.48567858,0.37696806
84529,L5 IT,0.27524576,-0.39515048
135280,Astro,-0.27330586,0.3982111
84504,Oligo,-0.24926677,0.066573545
89768,L2/3 IT,0.27451774,0.10795556
128149,L5 IT,-0.18963659,0.11254202
89995,L4/5 IT,0.2749767,-0.29490408
264709,L4/5 IT,0.29277387,-0.10711248
135344,Oligo,-0.12750262,0.11957495
90040,Peri,0.08827583,0.11053197
128043,Micro,-0.2785816,0.33756205
84451,L4/5 IT,0.3286195,-0.27758518
128092,L6 CT,-0.18016812,-0.22321506
258908,OPC,-0.08362024,-0.1316251
89710,L5 IT,0.21282521,-0.40305907
134978,Astro,0.13321671,0.38060877
85021,L2/3 IT,-0.3646576,0.42175254
85006,L4/5 IT,0.2567859,-0.07234289
264771,L5 IT,-0.052825652,-0.2947491
85000,Astro,-0.26737824,-0.22126798
84955,Pvalb,-0.29587713,0.09623109
134792,L2/3 IT,-0.3526512,0.34200743
128343,Micro,-0.34240833,0.20800011
134817,L4/5 IT,0.23494098,-0.11890133
84906,L4/5 IT,0.26131228,-0.032181814
84880,Astro,0.44440857,-0.24098013
134968,Endo,-0.15119073,0.18925773
89659,Peri,-0.32811663,0.40250906
84775,Peri,0.26739863,0.110202715
134975,L5 ET,0.17033556,-0.40724778
134823,L4/5 IT,0.18319967,0.08209501
155467,Oligo,0.3180882,0.037456915
94363,L5 IT,0.16292962,-0.13848735
78277,Pvalb,-0.014004432,0.0054018926
151942,SMC,0.4241399,-0.21615769
99106,L5 IT,0.1802741,-0.34478292
151858,SMC,0.40437433,-0.04226969
254091,L5 ET,-0.28560266,0.19135635
71889,VLMC,-0.3561359,0.5141594
254095,L6 CT,-0.2503651,-0.11577506
151841,Endo,0.3790277,-0.45257545
267966,L6 IT Car3,-0.012043439,-0.30033454
151816,L4/5 IT,0.33649597,-0.33572784
118354,L5 IT,-0.3817934,0.19015025
118379,L5 IT,0.03477017,0.059497938
151760,L2/3 IT,0.30790678,-0.08888094
151748,L4/5 IT,-0.30703935,0.26220438
99061,L6 IT,0.010669328,-0.253216
71939,L6 IT,-0.16459277,-0.25377432
118397,Astro,-0.19350868,-0.03027724
99009,L6 IT,-0.03247779,-0.21571542
72135,L4/5 IT,0.14001313,0.13839607
98856,L5 IT,-0.22873127,0.19009112
72126,L4/5 IT,0.23423305,-0.0752586
151435,L5 ET,0.1134688,-0.40503693
72107,L2/3 IT,-0.03877642,0.36501995
259824,Endo,-0.10655802,0.16638748
151947,L5 ET,-0.0059200153,-0.15723513
151500,L2/3 IT,0.3867204,-0.34645995
151532,L2/3 IT,-0.014517628,0.31515977
72020,L4/5 IT,0.11007736,0.12180327
151576,Astro,-0.325222,0.19115363
151585,L2/3 IT,-0.28093746,0.41997626
151628,L2/3 IT,-0.11162727,0.37325612
98938,Astro,0.028993227,0.23540638
259825,Peri,-0.24844617,0.00645159
118584,Endo,-0.41652006,0.34926298
151961,L6 IT,-0.12936395,-0.056466058
267983,L2/3 IT,0.28390256,0.046853885
71317,Oligo,0.18772855,-0.09741856
152450,Lamp5,-0.28187212,0.40275797
71334,L2/3 IT,-0.08403643,0.34001514
152392,Pvalb,0.03764937,0.21561764
118064,L2/3 IT,0.03838507,0.23473243
268059,L2/3 IT,0.38974854,-0.3953227
118077,Oligo,0.056217648,-0.313956
71448,L5/6 NP,0.15119997,-0.45218414
254023,L5 IT,0.14089468,-0.39110628
71462,L2/3 IT,0.019145645,0.31023917
71466,Lamp5,0.12972048,0.24205767
71475,Endo,0.16663292,-0.29855296
152272,L2/3 IT,0.37236264,-0.18902539
152248,Oligo,0.2870504,-0.12376501
71499,L4/5 IT,0.2881725,-0.21994402
152229,L6 CT,0.053564765,-0.3794664
118205,L5 ET,0.08059309,-0.3814376
118339,L4/5 IT,0.28142324,-0.25865686
152008,L2/3 IT,0.009026326,0.22365652
152029,L5 IT,0.14559856,-0.06764381
152054,Micro,0.31643674,0.209356
152065,L2/3 IT,0.40053234,-0.27713922
118291,L6 CT,0.04457674,-0.36387935
71812,L4/5 IT,-0.10378318,0.20963858
118289,L6 IT,-0.021925591,-0.012591051
118250,L2/3 IT,0.40355763,-0.23599543
254047,Oligo,-0.19804487,-0.07579313
118216,L2/3 IT,-0.122337125,0.2805809
118209,PVM,-0.40859228,0.10610293
152198,L2/3 IT,-0.4115127,0.43647042
268031,L6 IT,-0.32801303,0.02819608
118278,Lamp5,-0.14745429,0.1946954
152558,Endo,0.1781967,-0.076167
151349,Astro,-0.00062223524,0.019411368
72290,L4/5 IT,0.27922556,-0.16391699
150434,L5 IT,-0.00021275133,-0.05542104
98207,L2/3 IT,-0.13363239,0.3298209
119220,Lamp5,-0.059279405,0.42769614
150342,L4/5 IT,0.2960954,-0.2968054
72788,PVM,-0.3956438,0.08210455
259693,L2/3 IT,-0.07841524,0.40241864
150286,L5 ET,0.09171877,-0.3002218
119271,L4/5 IT,0.13579407,-0.0064118076
72810,L2/3 IT,-0.24820718,0.4149445
150188,L5 IT,0.07753364,0.0586835
267796,L6 IT,0.06627444,-0.1268511
72927,Endo,0.32099298,0.011686636
267785,L2/3 IT,-0.2907419,0.43024114
119289,PVM,-0.3786505,0.06792198
72962,L5 ET,0.107080616,-0.40188116
119346,L6 IT,-0.42892274,0.009007527
150078,L2/3 IT,0.1208382,0.2527915
73113,L2/3 IT,0.0487381,0.29932216
119480,Astro,0.2891834,-0.05737157
119468,L2/3 IT,0.39853594,-0.4322833
149760,L5/6 NP,0.24444047,-0.44886166
149774,L5 IT,0.18435475,-0.13685007
97963,Endo,-0.27034527,0.048658952
119204,L6 CT,-0.14746034,-0.16018157
73055,L6 CT,0.016088106,-0.2632667
149985,L4/5 IT,0.23195025,-0.0027917493
98089,L4/5 IT,0.013928153,0.18911026
149997,L5 IT,-0.276375,0.13746022
259676,L5 ET,0.1946775,-0.28978074
254424,L5 ET,0.088347174,-0.029778885
150068,PVM,-0.37839088,0.07349579
98056,L5/6 NP,-0.093179576,0.108281896
263189,L6 CT,-0.0032574162,-0.1966743
72706,Micro,-0.28203267,0.17002504
263282,L2/3 IT,0.059153534,0.3109255
98735,Endo,0.086610235,0.07430242
267899,L2/3 IT,-0.3929796,0.4345328
72319,L5/6 NP,-0.06692927,0.065366074
151186,L2/3 IT,-0.2768651,0.32774195
72320,L2/3 IT,0.2834501,0.03480707
98720,L2/3 IT,0.23895422,0.19825976
151004,L2/3 IT,0.31271467,-0.13829659
150982,Astro,-0.014573537,0.30861166
72501,L2/3 IT,0.25343874,0.18912183
150871,PVM,0.1738917,0.18302993
150867,Astro,0.10312144,-0.3098729
98678,Pvalb,-0.097563915,0.117917284
98654,L6 CT,-0.13360614,0.032144234
150805,Astro,0.12796524,0.08496158
98594,L2/3 IT,0.29009643,0.108963355
118920,L4/5 IT,-0.18582943,0.27674296
118963,Peri,0.27786335,-0.24447395
98333,L2/3 IT,-0.12243026,0.38789657
72676,L2/3 IT,-0.22285324,0.29886892
150549,L4/5 IT,-0.33774593,0.24924432
98341,Oligo,0.18868074,0.0707085
254313,L4/5 IT,0.3093213,-0.28950128
259719,L2/3 IT,0.25024226,0.07805024
119170,L6 CT,-0.34132472,0.0705608
72674,L6 IT,0.050567903,-0.04882501
150606,L5 IT,0.07791672,-0.11130397
98405,Lamp5,0.46588674,0.09073661
150676,L6 CT,-0.14634961,-0.016194182
119003,L2/3 IT,0.3007966,-0.41400343
72600,L6 IT,-0.12925619,-0.27660325
150732,L6 IT,-0.34388453,0.051501498
98343,L4/5 IT,0.22702035,-0.113115504
73123,Endo,0.046068944,-0.31386846
71157,L2/3 IT,-0.28756067,0.3351042
99394,Sst,0.18247679,-0.20769219
69491,L4/5 IT,0.22487977,0.069599494
69549,Astro,0.1457319,0.16498892
100360,L4/5 IT,0.27625266,-0.41040275
154468,Pvalb,-0.41857842,0.14671127
268353,L6 CT,-0.33809897,-0.031619743
69628,Sst,-0.27051437,-0.003999429
154375,L5 IT,0.042571403,0.046381637
268348,L6 CT,-0.20057324,-0.28216538
116713,L2/3 IT,-0.016241275,0.26473913
100315,L5 IT,-0.19518575,0.19470684
100291,L4/5 IT,0.078110196,0.20044218
116741,Oligo,-0.24154475,-0.21402185
116743,L5 IT,-0.18038273,0.05269377
262958,L4/5 IT,0.29695347,-0.21139504
116760,Endo,-0.06678238,-0.045026287
260104,L6 IT,0.07729868,-0.12267159
116810,L5 ET,0.16006377,-0.4763455
117012,L6 CT,0.041316487,-0.31943426
153898,L2/3 IT,0.40997908,-0.44938895
116900,Micro,-0.003295444,0.38388738
69873,L2/3 IT,0.3703908,-0.04183744
69812,L4/5 IT,-0.13436392,0.20281295
262971,Peri,0.33602747,-0.007045107
260145,L5/6 NP,-0.07572203,-0.039297
69790,Oligo,-0.40758163,0.502914
69782,L5 IT,-0.34701127,0.1020128
154107,VLMC,-0.45875117,0.51886064
253732,Sst,0.15529582,0.14382665
100236,Endo,-0.19373491,0.4245377
154148,Astro,0.06326882,-0.02605717
69743,L2/3 IT,0.42529443,-0.31331667
154071,L4/5 IT,0.097579874,0.1133555
253774,Oligo,-0.33320284,-0.24887164
154574,L6 CT,-0.17996845,-0.12296753
116560,L4/5 IT,-0.3601679,0.26836947
253510,L2/3 IT,0.29359093,0.11690067
116213,Endo,0.18403926,-0.013291882
116227,L4/5 IT,0.26973626,-0.26273313
155439,Astro,-0.4178739,0.013922675
253534,Peri,0.23696229,0.0026026797
68863,Endo,-0.29186723,0.41864845
116231,L4/5 IT,0.3350223,-0.14438309
260220,L6 IT,0.038488843,-0.09606312
260214,Vip,0.25567833,0.2010272
68879,PVM,0.20090464,0.29855403
68962,L5 IT,-0.27783427,0.09544639
253574,L2/3 IT,0.22019717,0.09992467
155215,L5 IT,0.20256272,-0.21494974
69180,Endo,-0.33205858,0.14714633
100801,L6 IT,-0.26234534,-0.06554054
116299,L2/3 IT,0.38436928,0.03804563
253591,L2/3 IT,0.24500588,0.12316041
262925,Astro,-0.21995392,0.06885503
154655,L2/3 IT,0.35035416,-0.08178525
100522,Astro,-0.32604393,0.2518272
116503,Oligo,-0.32212955,-0.27664158
69450,PVM,0.13549533,0.38222614
100536,L2/3 IT,0.3079677,0.10040377
100388,SMC,0.4480457,0.17233984
100543,L5 ET,-0.27417105,-0.02103849
69434,L4/5 IT,0.027585603,0.0841075
100612,L2/3 IT,0.39821938,-0.22437526
116405,L6 CT,-0.046547435,-0.29981652
155013,L5 ET,-0.19440016,-0.04647024
69292,Endo,0.31204626,-0.050678506
69241,L6 IT,-0.07070788,-0.15271737
100577,Endo,-0.13107845,-0.070733204
99380,L2/3 IT,0.43980524,-0.38519785
69916,L4/5 IT,0.17058274,0.017666204
69922,L4/5 IT,0.10772029,0.02778135
100007,L2/3 IT,0.3156537,-0.06860076
153118,L6 CT,-0.13906893,-0.040475383
117538,Sst,0.12713787,-0.36379835
70708,L5 IT,-0.2909664,0.19747852
259995,L6 CT,-0.14558652,-0.18134563
117565,L6 CT,-0.08239346,-0.1989959
153080,Oligo,0.076560594,0.039005086
153075,Oligo,-0.20472577,0.09258054
153032,Endo,-0.49956137,0.47955605
117647,Endo,0.021786429,0.28964034
70761,Astro,0.07616339,0.34024397
117655,Astro,-0.30409732,-0.27227828
99881,VLMC,0.4695963,0.15806566
70774,Lamp5,-0.38427868,0.47973588
268150,L2/3 IT,0.3593355,-0.41531596
253911,L5 IT,-0.05806472,-0.02027844
70793,L6 CT,-0.18212023,0.0062399935
268094,L6 IT,-0.18428266,-0.25948846
152630,VLMC,-0.209299,0.5076695
117999,L5 IT,0.14012042,-0.13197686
117998,L6 IT,0.1037176,-0.22537799
117930,L6 IT,0.0009679571,-0.36250594
117876,Oligo,0.10257319,-0.09423195
100013,Pvalb,0.11859373,-0.45083022
117853,L6 CT,-0.3708209,0.069260225
152757,PVM,0.08214829,0.3738697
99652,Lamp5,0.46636918,-0.3973169
99669,L4/5 IT,0.18896905,-0.124672934
117756,Astro,0.40108535,0.112026915
117724,Endo,0.29862878,-0.17576693
152862,Astro,-0.34825668,0.18223773
253940,L4/5 IT,-0.18094584,0.26629898
117036,L2/3 IT,0.066605486,0.24041681
153127,L5/6 NP,0.16607305,-0.44706005
117487,L2/3 IT,0.34258452,0.008537812
153767,Astro,-0.28843024,-0.2691832
262988,Lamp5,0.4133853,-0.2400447
69945,L5 IT,-0.17483905,0.19454484
262989,Astro,0.39322963,-0.23302813
117101,Vip,0.35667136,-0.43713045
100187,VLMC,0.18896946,0.3518065
260056,L2/3 IT,-0.08473825,0.28785428
69989,L6 IT,0.033575214,-0.118512794
69991,L2/3 IT,-0.08650576,0.3579364
70020,L6 IT,-0.08618855,-0.017574089
153653,Endo,0.009716846,-0.006216841
70073,L5 IT,-0.13358167,0.2229545
268259,L4/5 IT,-0.15157172,0.20540915
153561,L2/3 IT,0.34121177,0.0057194363
260028,Pvalb,0.07493619,-0.1036814
153514,L2/3 IT,0.30855456,-0.20153682
153498,Endo,-0.083539,0.09059273
70674,L6 IT,0.059260167,-0.2712861
117480,Peri,-0.41180697,0.23453014
268207,VLMC,0.19754586,0.30026385
117443,L2/3 IT,-0.2251944,0.30924252
153306,L5 IT,-0.13663182,0.009916617
70522,L2/3 IT,0.2700316,0.024020953
153135,L5 IT,0.2134873,-0.31206006
153343,L4/5 IT,0.26122853,-0.06446244
70199,L2/3 IT,0.396984,-0.20664544
70198,L6 CT,-0.38645482,0.032217428
153402,Astro,0.20954111,-0.0485795
153421,L4/5 IT,0.17123869,0.020766182
117420,Endo,0.41272298,-0.16136827
100044,L5 IT,-0.005137287,0.057022378
117434,Pvalb,0.2255412,-0.088227436
263346,L6 IT,-0.19909567,-0.14503957
73174,L5 IT,0.24165323,-0.3473464
97820,Micro,0.16411182,0.08124666
146046,L6 CT,-0.27605385,0.040036306
122307,L5 IT,0.070121326,-0.47160017
122330,L6 IT,-0.022197686,-0.14948703
146040,L6 CT,-0.266278,-0.14464138
146033,Micro,-0.050866447,-0.3277196
259170,L2/3 IT,0.37717435,-0.14318769
95298,L2/3 IT,0.36219445,-0.2689748
76656,L4/5 IT,-0.2466628,0.24945132
145990,L2/3 IT,0.26490316,0.1456062
255191,L5 IT,-0.07389646,-0.2488425
76690,Endo,0.1462619,0.12933145
122387,Oligo,-0.30739364,-0.08499117
95280,Endo,-0.3548965,0.040910587
95258,VLMC,-0.22123712,0.50981396
76731,SMC,0.43498126,-0.18219595
255211,L6 IT Car3,-0.0155268535,-0.29193348
145848,Micro,-0.21311232,-0.24009873
76887,Lamp5,0.43480304,-0.33928838
76867,L4/5 IT,0.27897635,-0.23863705
122655,Astro,0.17303011,-0.16978972
263826,L6 IT,-0.25648102,0.08927475
76837,L2/3 IT,-0.15187418,0.37985197
122615,L4/5 IT,0.026612796,0.12051676
122287,L2/3 IT,-0.21633992,0.29238716
122612,SMC,-0.2070651,-0.1905676
122537,L6 IT,-0.3259983,0.047671482
255239,L5 IT,0.18478718,-0.18780841
76763,L6 CT,-0.24690947,0.044585392
76743,L6 CT,-0.22709662,-0.27738482
122426,L4/5 IT,0.07528482,0.08325319
145839,Oligo,-0.17653257,-0.20045464
259114,L2/3 IT,0.4111062,-0.37336552
122679,L6 CT,-0.26659784,-0.13092528
76595,L2/3 IT,0.3825474,0.008415623
95548,L2/3 IT,-0.46848667,0.41539142
146471,Endo,-0.48928645,0.4226438
121651,Endo,-0.19333908,0.47406664
146457,L5 IT,0.19334128,-0.35374218
267165,L4/5 IT,0.31323728,-0.18296476
146418,Pvalb,-0.27415818,0.23758124
146359,Vip,0.078215875,-0.017040001
121669,L5/6 NP,-0.31984624,0.12817167
121713,L2/3 IT,0.3941634,-0.15361853
76352,Peri,0.16577163,0.17243122
146303,PVM,-0.048760585,0.44945958
146282,L6 IT Car3,-0.05903005,-0.2540807
146259,Endo,-0.1111119,-0.05851917
121728,Endo,0.15517226,0.16555296
121833,Micro,0.16993555,-0.058327153
121853,Oligo,-0.34362355,-0.19927226
95884,L4/5 IT,0.23707125,-0.2288876
76497,L2/3 IT,0.35083315,0.0016566049
122133,L2/3 IT,0.41060683,-0.21526603
95574,Oligo,-0.30732432,-0.28381217
146131,Astro,0.10213307,-0.30301014
95612,L5 IT,0.0594118,-0.09532155
146153,SMC,-0.07466947,0.34071282
95655,L2/3 IT,0.05707989,0.23187499
122214,L2/3 IT,0.38714024,-0.2859932
267111,Micro,0.251565,-0.20638277
76512,Oligo,-0.0962983,0.06374787
76507,L2/3 IT,-0.27339533,0.383575
259242,L5 IT,0.3081328,-0.38263658
255127,L5 IT,0.10065446,-0.3916629
255126,L5 ET,-0.12718832,-0.033123866
121893,Endo,-0.21780568,-0.0038522352
76515,Endo,-0.20306116,-0.022910433
259301,Endo,0.14878121,-0.011132227
145560,L4/5 IT,0.18063667,0.04279028
263834,L6 CT,0.0035008565,-0.34891447
123280,Pvalb,-0.012800477,-0.21780138
123314,L6 CT,-0.29705676,0.06118135
258994,L2/3 IT,0.22143456,0.18954049
94598,Endo,-0.14065552,-0.25497416
144466,Endo,-0.10726916,0.076802
123406,Oligo,-0.31695288,-0.095557466
144358,L6 IT,0.017371632,-0.087634906
77919,L4/5 IT,0.3061017,-0.25266072
123443,Pvalb,0.16082719,-0.14884798
258962,Astro,0.3662298,-0.30129942
144254,L6 CT,-0.2974818,-0.1278875
258954,L5 IT,0.16706267,-0.18052883
77926,Oligo,0.06485883,-0.25914204
144232,L2/3 IT,0.31374636,0.084220454
94509,L5 IT,0.07445178,-0.21949874
77927,Micro,0.10331533,0.16472296
77939,Pvalb,-0.19424337,-0.10037957
78272,Lamp5,0.38764104,0.17626129
144020,L2/3 IT,0.24806103,0.1958255
258922,L2/3 IT,-0.23403454,0.3445364
94378,Peri,0.19333002,-0.4259408
78125,L5 ET,-0.24747354,0.056807145
258931,Astro,0.023092784,0.215811
263915,Endo,-0.08801567,0.11243777
144077,L5 IT,-0.14846215,-0.27457362
144092,Oligo,0.09782628,-0.32742867
78097,L2/3 IT,0.079446115,0.309799
144112,Oligo,-0.25037634,-0.17961462
78022,Oligo,0.048767425,0.1917855
94396,Oligo,-0.4279906,0.23335372
144140,L5/6 NP,0.047499813,-0.16444506
94392,Micro,0.08362047,0.03014992
122685,Sst,0.0031410828,-0.14815445
144672,Astro,-0.15804037,-0.23081197
94736,SMC,-0.1908806,0.30998716
145547,L4/5 IT,0.26846537,-0.3733127
77000,L4/5 IT,0.30024287,-0.4614599
94997,L5/6 NP,0.13905147,-0.4692348
77001,L6 IT,-0.1799632,-0.28138703
145453,Peri,-0.016106628,-0.19105674
266987,Micro,-0.5020197,0.4239523
122743,L4/5 IT,0.3079416,-0.3081837
145352,L4/5 IT,0.013887979,0.21930556
77078,Pvalb,0.12266097,-0.00014265068
145265,Endo,0.107576944,-0.319424
266969,Oligo,-0.042986654,-0.29281795
94911,L6 CT,-0.15319982,0.016929848
77210,Vip,0.37837276,-0.3952578
263861,Endo,-0.032604866,-0.16232269
94847,Oligo,-0.33692348,-0.22832216
255383,L6 IT,-0.24691325,0.030251605
77270,L5 IT,0.12927046,-0.23288764
123215,L4/5 IT,0.0018921271,-0.31665802
94754,L5 ET,-0.17557019,0.17873864
94758,L5 IT,0.06435744,-0.16893579
77445,Oligo,-0.043864094,-0.32965297
259019,Oligo,-0.343595,-0.26183662
255420,L2/3 IT,0.36054763,-0.14158852
94667,Endo,-0.24485406,0.23088162
123097,L2/3 IT,0.2391065,0.15934347
94789,L2/3 IT,-0.14725178,0.35272405
77319,L4/5 IT,0.22542629,0.013759119
122906,L5 ET,0.12693468,-0.45183164
94814,Oligo,-0.14113918,0.30035773
122901,Sst,-0.258795,0.04324673
122882,L2/3 IT,-0.33771884,0.31098732
122968,Peri,-0.1458664,0.24143521
96038,Endo,-0.37183404,0.11745374
96045,L4/5 IT,-0.16432402,0.25687733
146585,L2/3 IT,-0.11865201,0.38802537
254622,L6 IT,-0.22254282,0.07172428
148548,Micro,0.09657595,0.23356853
74203,L4/5 IT,0.33509263,-0.19867115
74246,L6 IT,-0.08354782,0.030249638
148484,L4/5 IT,-0.1911597,0.2668883
259587,L6 CT,-0.26798394,-0.12475227
97523,L6 CT,-0.03663432,-0.18897505
74344,Oligo,-0.020872734,0.2404574
259580,L4/5 IT,0.258458,-0.29877105
148465,L2/3 IT,-0.23922822,0.29662034
119948,L4/5 IT,0.17536494,-0.023740815
97507,VLMC,0.044603504,0.40151647
74465,Oligo,-0.2971076,-0.28701338
119979,L4/5 IT,0.3055285,-0.39177117
148366,L5 IT,-0.23708078,0.09545438
254694,L2/3 IT,-0.31349942,0.4125848
74664,Peri,0.107353486,0.14315705
259527,L4/5 IT,-0.3948376,0.25406566
120171,Micro,-0.11024877,0.25577715
120141,L5 ET,0.18051735,-0.32787308
147987,L5 IT,0.1241769,-0.3772038
74908,SMC,0.21040419,-0.2542974
148005,VLMC,-0.12845713,0.49278763
74032,L5 ET,0.114609696,-0.2540219
97344,L6 CT,-0.3997157,0.08589326
267449,Endo,0.0810977,0.10803001
120091,L2/3 IT,0.18992034,0.2194355
259547,L5 IT,0.23272517,-0.4307768
148080,L4/5 IT,0.082598485,0.12112473
267469,L5 IT,-0.40654674,0.15134297
74796,L2/3 IT,0.398703,-0.4566865
120112,L6 IT,0.09081463,-0.2315699
147926,L4/5 IT,0.3194469,-0.18194558
148606,L2/3 IT,-0.36300826,0.43169436
74011,VLMC,-0.13572365,0.49536756
73206,L2/3 IT,-0.009259246,0.3349562
149572,L2/3 IT,-0.48170954,0.4305152
73270,L6 IT,0.11678741,-0.3309113
149552,Astro,-0.23519194,0.23452221
73278,L2/3 IT,-0.20375913,0.30412075
149500,Sncg,0.40639803,-0.15883051
73331,L5 IT,0.11354963,-0.26510134
263357,L4/5 IT,0.2946948,-0.043862477
149381,OPC,-0.25243983,0.23774968
119630,Peri,0.2582939,-0.16497655
149303,L4/5 IT,0.25104538,-0.16570713
73573,L6 IT,-0.13490522,0.110605225
267662,L6 CT,-0.09048059,-0.098441675
149281,L6 IT,0.014013864,-0.061458454
119707,L4/5 IT,0.3645877,-0.35930198
97693,L4/5 IT,0.028370656,0.20701353
73589,Peri,0.32846448,0.067873046
73982,L4/5 IT,0.3885739,-0.37139088
73968,Peri,-0.2441709,0.07257019
148794,Astro,0.15236935,-0.13340278
148860,L2/3 IT,-0.14369637,0.31014886
119806,L2/3 IT,-0.22040313,0.4095501
267627,Endo,0.06552646,-0.2522908
267587,L2/3 IT,-0.45817974,0.44628528
73770,Vip,0.4235302,-0.18700431
73732,SMC,-0.19519776,0.31020394
149040,L4/5 IT,-0.082296334,0.22650133
119736,L4/5 IT,0.23258165,-0.05040677
149162,L2/3 IT,0.38251433,0.120914504
73634,Endo,-0.030662678,-0.23514868
149220,L5 IT,-0.2546287,0.15973483
148964,SMC,-0.19600236,0.30533275
263471,VLMC,0.4444144,0.18330239
74978,Endo,-0.02666109,0.25945082
75066,L6 CT,0.04010264,-0.25560364
147248,L2/3 IT,-0.27523258,0.29375026
259398,L6 IT,0.1112558,-0.37815735
147199,Endo,-0.18798354,0.45463428
75688,L5 ET,-0.29917106,0.18730514
96363,L5 IT,0.1816127,-0.2220604
75746,L2/3 IT,-0.3507943,0.39982143
254934,L2/3 IT,-0.38560387,0.31775966
147135,L2/3 IT,0.36743572,0.07103549
75786,Pvalb,-0.04861059,-0.09543954
96345,L4/5 IT,0.28253636,-0.37822753
263615,L2/3 IT,0.18355069,0.2472835
121232,L5 IT,0.13675138,-0.08919434
147050,L2/3 IT,-0.17182559,0.36036912
75886,L4/5 IT,0.31472078,-0.11854093
259370,Peri,-0.39892337,0.39274707
75911,L6 CT,-0.20899391,-0.02956696
146927,L2/3 IT,0.42167017,-0.3287284
121521,Astro,0.05201266,-0.34103924
121431,L6 IT,-0.33304867,0.061708376
146728,L4/5 IT,0.2421973,-0.22130047
96169,Oligo,-0.07700338,0.075440094
146780,Peri,0.03573624,-0.46200824
76110,L2/3 IT,0.17055538,0.15761636
96455,L4/5 IT,-0.27976605,0.2204719
267198,L6 IT,-0.05092355,-0.04199998
76042,L4/5 IT,0.28031453,-0.40663534
255015,L4/5 IT,0.2325398,0.011084212
146870,L2/3 IT,0.32474497,0.08052109
96251,L4/5 IT,0.13290271,0.09133689
254999,L6 CT,-0.045947395,-0.16002567
121256,L2/3 IT,-0.19929484,0.41785607
146819,L2/3 IT,-0.41285232,0.42223117
147261,L5 IT,0.20059863,-0.4665381
96514,OPC,0.060723998,0.37239584
147316,L4/5 IT,0.31881472,-0.14485301
75330,L6 IT Car3,0.17037562,-0.4141699
120532,Pvalb,-0.08595096,0.10001032
254838,Oligo,-0.30491146,-0.20384414
263497,L4/5 IT,-0.00059541315,0.22001867
120480,L2/3 IT,-0.030239485,0.29175952
147647,L4/5 IT,0.19493756,0.070889995
147608,L6 IT,-0.3110187,0.051378235
120457,L2/3 IT,0.3878055,-0.1875862
120415,L6 IT Car3,-0.025103174,-0.2558237
75116,Astro,-0.06915679,-0.35950997
147769,Endo,-0.4299938,0.053646967
75115,L2/3 IT,-0.24959713,0.33336237
147838,L2/3 IT,0.2445297,0.09209089
97095,L2/3 IT,0.38496616,-0.19217552
120453,L2/3 IT,0.12944505,0.1889293
144001,Astro,0.17855749,0.20807324
259484,L6 IT,-0.33782572,-0.13785984
263522,L6 CT,-0.014679097,-0.18240003
75568,Vip,-0.11344253,0.23759805
120914,L4/5 IT,0.28417674,-0.30265176
147436,Endo,0.0838472,-0.020074802
75487,L5 IT,-0.18892914,0.12000947
147482,L2/3 IT,-0.0027456507,0.31121102
96699,L5 IT,-0.047927998,0.028099163
263517,L6 IT,-0.1613394,-0.23835804
96705,Sncg,0.4678931,-0.29825553
75385,L6 IT,-0.24791932,-0.07524468
147542,L5 IT,-0.10526898,0.040545627
96873,L6 CT,-0.31677166,-0.086214945
96887,L6 IT,-0.17033175,-0.22050028
120586,Oligo,-0.22804278,0.06012927
147582,L6 CT,-0.2259661,-0.20701729
75404,L5 IT,0.017258503,0.111366734
271157,L5 IT,0.17549428,-0.45104915
107900,L2/3 IT,0.22288212,0.16936563
190654,L2/3 IT,0.05738411,0.24863832
33873,Lamp5,0.44713035,-0.4088362
246323,Micro,0.423144,-0.35954383
224359,PVM,-0.3427335,0.43592307
33769,L5 IT,0.14856884,-0.3823342
224336,L6 CT,-0.056250118,-0.3034822
12251,L2/3 IT,0.08582447,0.28340778
224385,VLMC,0.44819412,0.18370257
196620,Peri,0.21092114,-0.3004599
33732,Oligo,0.032904245,-0.05636297
33714,Astro,-0.20842087,-0.093599394
33711,L2/3 IT,0.27806535,0.055441245
224270,L6 IT,0.096890785,-0.31080118
274458,Micro,0.14684299,0.013484849
33597,Peri,-0.38504723,0.10472827
278155,Endo,0.022808768,0.18220185
246333,L2/3 IT,0.006054558,0.22402631
278189,Oligo,-0.0249243,0.05475025
196398,L4/5 IT,0.108874835,0.002957387
34270,L5 IT,0.17142585,-0.4709392
34265,Micro,-0.10962369,0.3174084
196057,Endo,0.20209065,-0.036229894
11748,Vip,-0.42446962,0.02136789
196080,Astro,0.45907858,-0.37499732
34141,L6 CT,-0.11742007,-0.05114527
11867,L2/3 IT,-0.33332446,0.41182932
224474,L6 IT,-0.10559478,-0.2753817
196245,L2/3 IT,-0.20208037,0.32516018
196261,Endo,0.37215486,-0.13877158
246358,L6 CT,0.018298782,-0.46229807
224437,L2/3 IT,0.32060882,-0.08242677
11961,L5/6 NP,0.027070083,-0.026130365
33877,L2/3 IT,-0.30071723,0.34725943
196373,Peri,0.18019482,-0.26722196
33557,L4/5 IT,0.096593834,0.16657309
274477,L6 CT,-0.2988378,-0.04830666
224211,L5 IT,0.0044209138,0.11907826
224182,L6 IT Car3,0.00070337206,-0.30728057
33305,L2/3 IT,-0.26320162,0.3131971
274546,PVM,0.3411745,0.1466016
197289,L4/5 IT,0.043837883,0.10766916
246203,L6 IT,-0.26410747,-0.033359274
197305,L5 IT,0.10456113,-0.38975877
246192,L6 IT,-0.1604074,-0.10888146
197306,Astro,0.23535725,0.26706865
12430,L2/3 IT,-0.5044651,0.4359615
33243,L2/3 IT,0.31804022,0.06407808
33167,Endo,0.39965978,-0.47155356
241725,L2/3 IT,0.10665456,0.20921932
33114,L4/5 IT,0.25364444,-0.012120532
274578,L2/3 IT,-0.2355484,0.37286267
33109,L4/5 IT,-0.20535147,0.24614869
33101,L4/5 IT,0.26181433,-0.11111839
224051,L2/3 IT,-0.42918864,0.42202225
195996,Astro,0.36533114,-0.24186517
274535,Lamp5,0.14760754,-0.16448338
12364,Endo,-0.1525023,-0.21002619
274488,L2/3 IT,-0.152253,0.2901539
196973,Pvalb,0.309961,-0.20783399
33495,L2/3 IT,-0.341711,0.40982875
33493,L4/5 IT,0.20142487,-0.05895342
224159,L2/3 IT,-0.17187649,0.4018624
274498,L6 CT,-0.22425619,0.014074368
12330,Peri,-0.041529022,-0.3330715
33482,L6b,-0.2914906,-0.25502
224149,L4/5 IT,0.30423418,-0.2637374
246234,PVM,-0.039867155,-0.18183209
33441,L4/5 IT,-0.2805353,0.2877392
33415,L5 ET,0.10085938,-0.10952501
33395,VLMC,-0.4364831,0.48613223
12351,L4/5 IT,-0.31658408,0.3393745
224122,L4/5 IT,0.29227385,-0.40617308
197234,Peri,-0.2989618,0.1105542
246417,Endo,-0.11358973,-0.2830249
195941,Astro,-0.00048770756,0.002603246
11712,L6 CT,-0.12353747,-0.221366
225663,L4/5 IT,0.14242157,0.15281384
225640,L2/3 IT,-0.35591224,0.37203434
241489,L5 IT,0.1296973,-0.4478363
35188,L2/3 IT,0.17044446,0.11924122
10913,L2/3 IT,0.41134426,-0.20593394
10923,Pvalb,0.15359154,-0.30629376
194881,L5 ET,-0.34385207,0.16294317
194889,L6b,-0.229749,-0.2619515
278323,L6 IT,-0.04806783,-0.16825335
35088,L4/5 IT,-0.13212278,0.23893867
195029,L2/3 IT,0.23208007,0.18013357
195040,L6 CT,-0.10203316,-0.14538617
35038,Astro,0.039201833,-0.3974292
225193,L2/3 IT,0.4417431,-0.29202288
34986,L5 IT,-0.09348612,-0.13673894
194545,L5 ET,0.1242312,-0.058385864
225163,Lamp5,0.1993545,0.16327624
225691,L4/5 IT,-0.14872509,0.26400313
225696,Micro,-0.18844819,-0.22367452
35606,Oligo,-0.034305535,-0.019468026
35602,Micro,0.45236197,-0.35633397
35585,L2/3 IT,0.18269494,0.17826854
194060,L2/3 IT,-0.41718975,0.36170402
35569,Sst,-0.0515685,0.08936994
35475,L2/3 IT,0.31496528,0.051438853
194185,Astro,0.21827886,-0.06548984
194276,Pvalb,-0.30961788,0.12127654
35428,OPC,-0.09686678,0.42453554
194316,L5 IT,-0.021863304,0.09256594
194350,Endo,0.087320246,0.23555695
35411,L6 IT Car3,-0.065650664,-0.29476798
35384,L2/3 IT,0.23056099,0.15076457
194472,Pvalb,-0.12397649,-0.16460918
225762,L2/3 IT,-0.21770215,0.36763844
246582,L6 CT,0.035550036,-0.3098613
278105,L4/5 IT,-0.24476787,0.28064933
195160,L4/5 IT,0.14959648,0.05209647
34931,Lamp5,-0.40855247,0.44643596
224900,L5 IT,0.035312034,-0.11039339
11371,Sst,0.23984489,0.104621634
34449,Oligo,-0.38334277,0.035757706
195681,Astro,-0.2347475,-0.23305513
11408,Pvalb,-0.16260639,-0.15140812
195693,L5 IT,0.09624074,-0.17993768
241586,L2/3 IT,0.2629694,0.14774726
241590,Endo,0.3595921,-0.112483636
34388,Lamp5,0.4644812,-0.2505392
11592,Astro,-0.12586027,0.44026032
195833,L2/3 IT,0.37598917,0.019098831
278233,L2/3 IT,-0.34033725,0.39208022
195836,OPC,0.08149997,0.2089542
195902,VLMC,-0.36456466,0.51535094
195916,L5/6 NP,0.09531436,-0.16906218
34483,L5 IT,0.18943027,-0.16688953
225158,L6 IT,0.06951568,-0.23627271
34552,Oligo,0.294539,0.37093875
195569,Astro,0.38758674,-0.10925619
225075,L2/3 IT,0.38458404,-0.038697287
195259,Micro,0.25608626,-0.2541935
34780,Vip,0.12317041,-0.020224767
195291,L4/5 IT,0.26926973,-0.2604453
11286,Pvalb,0.11175612,-0.45031455
34734,L4/5 IT,-0.17227969,0.22119503
34705,Oligo,-0.28776333,0.48723683
34686,L5 ET,-0.0015124902,0.08275978
11318,L2/3 IT,0.32620814,0.09041475
34583,L2/3 IT,-0.37329552,0.40178713
224992,VLMC,0.25748065,0.25980827
195464,L6 CT,-0.1524218,-0.21723463
34578,L5 IT,0.26008943,-0.37854174
34566,L6 IT,-0.04834699,-0.23458086
195509,L2/3 IT,0.3630803,-0.036055014
195613,Astro,0.44960794,-0.28320965
35611,Pvalb,-0.29874662,0.30045667
246168,L2/3 IT,0.40120885,-0.36853078
197572,OPC,0.096029796,-0.16021948
241948,L2/3 IT,0.31635967,-0.066429034
13350,L2/3 IT,0.3112106,0.0418403
241967,Pvalb,-0.0035287961,0.17242078
30938,Oligo,-0.09778335,-0.17532955
222639,L2/3 IT,0.3311197,0.008918418
199982,L2/3 IT,0.3390083,0.017057104
13294,L5 IT,-0.4053111,0.1798502
13489,Sst,0.25169882,-0.36999023
222586,Sst,0.28362635,-0.1710725
274919,Endo,-0.39897326,0.3769975
13516,L2/3 IT,0.096426345,0.1938446
200133,VLMC,-0.47464958,0.5198168
200153,L5 ET,0.08793882,-0.3300071
200165,Endo,0.24465898,-0.19222547
200033,Lamp5,-0.28783292,0.47124234
199729,Peri,0.18480113,0.26384744
13260,L6 IT,0.1702281,-0.4325112
222904,Endo,-0.3050414,0.008374346
31389,Peri,-0.052523427,-0.38009736
223021,L5 IT,0.021778382,-0.020499336
199369,Endo,-0.3591011,0.30571333
31363,Endo,-0.10389092,0.42505768
31318,L4/5 IT,0.23935196,-0.306223
241925,Endo,0.16943446,-0.33960775
274827,Oligo,-0.07920768,-0.14784501
274832,L2/3 IT,0.35964486,-0.07382287
199439,L4/5 IT,0.087593414,0.15583847
274848,L6b,-0.21309981,-0.25051075
245811,L2/3 IT,0.17399552,0.12127434
199475,L4/5 IT,0.10810522,0.10958736
31172,Endo,0.21669659,-0.12702237
199587,L6 IT,0.08416239,-0.25908682
31135,Endo,0.2032859,-0.24060936
200251,Peri,-0.1049064,0.3202226
30815,L2/3 IT,0.4036496,-0.34648836
222561,Micro,0.2636557,0.015722258
30704,Astro,-0.033272408,-0.37385312
13754,Oligo,0.18691441,0.02268709
13784,L5 IT,0.09038899,0.04582171
275002,L6 CT,-0.25723717,-0.21654241
30350,Pvalb,0.022923686,-0.005641805
222187,OPC,-0.05242338,0.11635624
30312,L6 CT,-0.33153576,-0.113706484
201091,L6 CT,-0.071014546,-0.27859396
222155,L6 IT,-0.24249706,0.10935019
245557,L5 IT,0.05985061,0.088486776
201116,L6 CT,-0.044715993,-0.102510914
201125,L2/3 IT,0.13847634,0.15462618
201231,L5/6 NP,0.117516376,-0.17855872
30248,L5 IT,-0.16409114,0.11909382
13872,Oligo,-0.21833679,0.036837026
201314,L4/5 IT,0.00797943,0.20872639
30429,L6 IT,0.010845937,-0.24021359
31411,L4/5 IT,0.33619013,-0.24221797
200835,L2/3 IT,-0.3848364,0.35098264
200813,VLMC,-0.37969673,0.511954
222516,L6 IT,-0.29228744,-0.15220354
13605,L4/5 IT,0.16987637,0.10105567
222506,L2/3 IT,0.36779967,-0.21820758
222456,L2/3 IT,0.30941293,0.025030477
222444,Oligo,-0.08457192,0.23423927
13642,L5 IT,0.20690337,-0.40507546
13648,L5 IT,-0.32256433,0.13923202
30571,L4/5 IT,0.26114568,-0.42048225
245638,L2/3 IT,0.037555434,0.3257577
200612,L4/5 IT,0.12222896,0.11422633
13675,L5 IT,0.15178487,-0.056941673
274968,L5/6 NP,0.23630449,-0.2760447
13715,L4/5 IT,-0.3620368,0.24094592
13721,L2/3 IT,-0.31159362,0.44870302
30441,L4/5 IT,-0.32677504,0.20853613
222255,Lamp5,-0.38237903,-0.0017516185
31474,L6 IT,-0.13584405,0.048174545
199228,Micro,-0.24590743,0.101101264
199207,VLMC,0.14831385,0.39452347
274665,L5 ET,-0.19469976,0.12998264
223645,L2/3 IT,-0.2996675,0.3292521
198165,Sst,-0.42364395,0.046441004
32351,L4/5 IT,0.059455194,0.18256955
246022,Micro,0.4349638,-0.4186206
32335,Peri,0.3108364,-0.1749741
198266,L4/5 IT,0.064567424,0.104787335
198346,L2/3 IT,0.3626223,-0.016871797
223624,Micro,-0.1636531,-0.18860264
32223,L2/3 IT,-0.43340072,0.3545505
274687,L6 IT,0.029878177,-0.34015852
198418,L6 IT,-0.12174358,-0.24873324
198435,Lamp5,0.23075017,0.31292614
32213,L5 IT,0.20133659,-0.119922236
223620,L6 CT,-0.327417,-0.14666365
223691,L2/3 IT,-0.21730638,0.3285117
198482,Lamp5,0.13283518,0.24181871
223735,L6 IT,-0.16881135,-0.25971827
32533,L6 CT,-0.33656475,-0.2068687
197591,L2/3 IT,0.38725814,0.1288523
197609,PVM,-0.5204129,0.503082
223879,L2/3 IT,0.40569076,-0.30144075
246140,PVM,-0.39047903,0.06477003
32930,Astro,0.17812392,0.2632365
246135,Endo,-0.4236288,0.071694836
197695,L2/3 IT,0.32281974,0.07113229
197719,L5 ET,-0.0053297505,0.06947552
12658,L6 IT,-0.25325373,0.114558086
274629,L2/3 IT,0.17936644,0.16427772
32709,VLMC,-0.32080588,0.51650196
32663,L2/3 IT,0.34629062,-0.16246922
223817,Oligo,-0.31071892,-0.2416227
246076,L2/3 IT,0.38471994,-0.20752083
223759,Lamp5,0.4355984,-0.33607265
32493,Peri,0.42167667,-0.42933622
197476,L4/5 IT,-0.10664826,0.24438648
198505,L2/3 IT,-0.19360715,0.43923917
32120,SMC,0.19847825,0.080326006
31668,L6 IT,-0.05886232,-0.032342836
198944,SMC,-0.37682942,0.08207594
31624,L2/3 IT,0.40560362,-0.21833058
223274,Astro,-0.044234596,0.22386359
223214,Micro,0.021088518,-0.2547142
199081,Pvalb,0.011030771,-0.33019164
13033,Pvalb,-0.18443945,0.01845063
199138,L6 CT,-0.27930608,0.087294206
223188,Astro,-0.41977978,0.37957218
223133,Oligo,0.03205452,-0.3646565
199163,L5 ET,-0.42924017,0.039103493
13040,Endo,-0.16476384,0.16171174
31515,L6 IT,-0.23815456,0.044370636
223073,L6 IT,-0.31330976,0.052079424
223068,Astro,-0.2892764,-0.09553389
12975,L5/6 NP,-0.42981037,0.17890291
198526,L4/5 IT,0.28266367,-0.31076193
12955,Vip,-0.14447668,0.3249621
198885,Endo,-0.418273,0.20647793
12871,L2/3 IT,0.39714774,-0.11787684
223549,Endo,-0.34876254,0.20599137
198650,L6 CT,-0.40653983,0.06982927
198656,L2/3 IT,-0.09840878,0.24959062
12879,SMC,-0.38800815,0.5163104
245957,L5/6 NP,-0.38680705,0.016628547
245943,Micro,-0.40010127,0.07904278
245939,L6 CT,-0.11113273,-0.22860567
31995,Micro,-0.06820395,0.007967217
198803,L2/3 IT,0.3532736,-0.1297055
31976,L2/3 IT,0.19570407,0.22847031
245930,Astro,0.4486679,-0.43234864
31897,L6 CT,-0.19037458,0.008979751
223400,L4/5 IT,-0.24814022,0.20455818
274752,L2/3 IT,0.27238598,0.0002420675
31865,L6 IT,-0.41123044,0.077455744
35636,Endo,-0.13591778,-0.0030392278
193953,Micro,0.15903142,0.29020652
193934,Pvalb,0.2385123,-0.32911003
9073,Endo,-0.26170444,-0.02957301
9101,L2/3 IT,-0.060842596,0.3202555
189524,Peri,0.06379745,-0.011778938
39437,Micro,0.19648519,-0.31040272
39425,Pvalb,0.11449001,-0.15374081
189620,L2/3 IT,-0.2608906,0.4270238
9050,L6 CT,-0.2643265,-0.0878786
273430,L5 IT,-0.05233883,0.051138565
39398,L5/6 NP,-0.11970421,0.027723951
39381,Astro,-0.2595724,-0.16706522
189690,L2/3 IT,-0.17065114,0.35284558
9258,PVM,0.09315125,-0.38501814
189691,L4/5 IT,0.071062125,0.16781096
189751,Peri,0.31137493,-0.35346076
228190,L2/3 IT,0.04762975,0.23425
228385,OPC,0.041632034,0.32412055
189311,SMC,-0.21637589,-0.13792808
189304,L4/5 IT,0.03038875,0.18957417
273365,L2/3 IT,-0.009117626,0.2612308
39755,Astro,-0.40408623,0.33923784
247503,Micro,-0.38376597,0.15828161
189107,L4/5 IT,0.2750006,-0.2289172
273369,L4/5 IT,0.2281318,-0.07123084
8837,Peri,0.21879032,0.0066307615
39741,Astro,-0.3349339,-0.078251764
189205,L5 ET,0.032170333,-0.4469312
39724,Sst,-0.030818574,-0.06886922
189271,L4/5 IT,0.23040971,0.06595157
39718,SMC,-0.028517239,0.15880798
228469,L4/5 IT,0.27594134,-0.1459906
8942,Micro,0.051913716,0.11698209
228419,Lamp5,-0.28869447,0.47199968
228388,L4/5 IT,0.32060167,-0.13825844
39329,Oligo,-0.19795516,-0.277929
228135,L5 ET,-0.22913742,-0.06640233
228124,Endo,-0.18314657,0.21958761
39276,SMC,0.11711822,-0.31319436
227996,L6 CT,-0.00914564,-0.23438545
247322,Astro,0.288695,0.11623649
190194,L4/5 IT,-0.4083313,0.22562669
190204,L2/3 IT,-0.29634675,0.2950532
38912,Astro,0.4521058,-0.20432846
38861,L5 IT,0.23716435,-0.28745934
38825,L2/3 IT,-0.11898213,0.2938201
273547,L6 CT,-0.17709878,-0.13151948
227841,Endo,-0.16949621,0.0031891596
190302,L2/3 IT,-0.3880919,0.4373314
273563,L6 CT,-0.29848382,-0.15119581
190322,Astro,0.072557665,0.13251667
38678,Endo,0.14992931,-0.075673416
227805,L4/5 IT,0.32718083,-0.30944607
273570,Sst,0.18914536,-0.37081805
39082,L2/3 IT,-0.2558718,0.41200724
188977,Endo,0.20100364,-0.22760536
39100,Micro,-0.083657585,-0.11184125
39157,Astro,0.30918297,0.16601078
189777,L4/5 IT,0.32189408,-0.272935
241062,L2/3 IT,-0.09232273,0.32184628
189792,Peri,0.2558526,-0.18814512
273463,L6 IT,0.071592905,-0.4616861
189872,L6 CT,-0.39708918,0.00957088
189941,L6 CT,-0.28253597,0.07368223
189958,L2/3 IT,0.2996361,0.14916639
39214,VLMC,0.15078393,0.40053746
39196,Endo,0.051592506,-0.3262039
9266,L2/3 IT,0.43414828,-0.2760183
190005,L6 CT,-0.2774351,-0.16548018
9338,Peri,-0.22479868,0.078600034
190024,Endo,0.32060066,-0.25964844
9397,L4/5 IT,0.33026126,-0.2571387
190038,Sst,-0.23290631,0.021783752
190071,L2/3 IT,-0.4760326,0.38753977
278788,L4/5 IT,-0.13349587,0.21541052
188927,Endo,-0.16334972,-0.08969204
39889,L6 IT,-0.031835012,-0.27080092
40899,L5 IT,0.18102321,-0.16241421
187784,L2/3 IT,-0.2866008,0.41854808
40893,L4/5 IT,0.10362128,0.1552444
229203,VLMC,-0.23509982,0.512349
40829,L5/6 NP,0.048798002,0.015209479
40782,Astro,0.4438161,-0.41711685
247725,Oligo,0.07206074,-0.42388022
187979,L4/5 IT,0.1900588,-0.0015496779
8256,L4/5 IT,0.049052633,0.14762698
40702,PVM,0.1856822,0.19645403
229164,Micro,-0.2937685,-0.08023234
40692,VLMC,-0.4319672,0.5207742
188119,Micro,0.21330932,0.058033273
229160,Oligo,-0.24388906,0.01054026
40647,Endo,0.2748051,-0.35169402
187752,L2/3 IT,0.3934414,-0.032502815
273228,L2/3 IT,-0.38016322,0.38953426
8250,Micro,0.16191044,-0.22915907
187704,Astro,0.42781088,-0.28937945
229359,Astro,-0.3055747,0.36365196
41437,Oligo,-0.07464143,-0.0140688885
187491,Endo,0.26491818,-0.18745165
41353,L2/3 IT,0.11702398,0.30257997
41323,L5 IT,0.097802676,0.055558726
8222,Endo,-0.1619696,-0.050728515
41237,Micro,-0.41911867,0.2880799
229355,Endo,-0.23576906,0.24501352
247802,Astro,0.0077798143,0.447499
41092,Vip,0.36463216,-0.15195785
229290,Endo,-0.09764778,0.20056735
229275,L5/6 NP,0.007469572,0.11685048
273141,L2/3 IT,-0.12829658,0.26045737
41051,Micro,-0.36086828,0.03485523
187685,Peri,0.09852765,-0.2152559
229250,Oligo,-0.32627615,-0.24042426
227751,Peri,0.3259891,-0.19397177
40574,L4/5 IT,0.30321053,-0.1597877
40562,L2/3 IT,-0.49520555,0.37473014
40175,L4/5 IT,0.19183919,-0.022330748
8552,Oligo,-0.10455569,-0.022012161
188712,L6 IT,0.09506474,-0.2549639
40119,Astro,0.14392605,-0.47308204
8632,L4/5 IT,0.24593714,-0.009242969
40079,Endo,0.059305348,-0.4453889
188744,Astro,0.43959084,-0.45844612
8666,VLMC,-0.24790406,0.51153904
40063,Endo,0.34385338,-0.08356418
40061,L4/5 IT,-0.14723986,0.23573641
8746,L6 CT,-0.2790461,0.037571773
8753,Micro,0.34364083,-0.44330233
39921,L2/3 IT,0.3430327,0.074408695
188898,L5 IT,0.10213945,0.032552585
228620,Endo,0.26315406,0.08870618
188660,L5 IT,0.17180386,-0.27351463
40565,Oligo,-0.32897416,-0.23736204
247571,L2/3 IT,-0.34450707,0.3213196
188631,L5 IT,0.23171142,-0.41927364
40526,L5 IT,0.0859885,0.027251048
40522,Endo,-0.38969192,0.40560207
40447,L2/3 IT,-0.4536024,0.42153147
40446,Sst,-0.014372192,-0.09367587
188302,Endo,0.27924976,0.0140423905
40368,L6 CT,-0.11610436,-0.058706477
40366,Astro,0.27908793,-0.19593088
188401,L4/5 IT,-0.06620341,0.24231492
40356,L2/3 IT,0.24717674,0.051865503
188502,L2/3 IT,0.3654606,-0.4352795
188572,L5 IT,-0.14273143,0.069340035
188580,L5/6 NP,-0.10557156,0.04825811
8505,Pvalb,-0.19102404,0.19907127
188602,L6 IT,-0.32146397,-0.14323084
228852,Oligo,-0.25779644,0.030993206
40251,Micro,0.21329924,0.12043069
227738,Oligo,-0.110381536,0.11344509
273583,Micro,-0.035178117,-0.1712472
190391,L4/5 IT,0.24259368,-0.3635946
36700,L4/5 IT,0.26829496,-0.17410336
36691,L2/3 IT,0.19251058,0.24973314
10190,Pvalb,-0.05426713,-0.26420596
241348,L6 IT,-0.18370572,-0.20166452
192542,Endo,-0.13620365,-0.165491
192566,Astro,-0.17650905,0.50128156
36652,Endo,0.07559434,-0.22634862
36619,L6 IT,0.08784107,-0.25718063
226589,L2/3 IT,0.20347139,-0.019121425
36609,SMC,0.10963503,-0.31447145
10242,Astro,0.2779959,0.20745204
192724,Oligo,-0.30790082,0.2289723
192756,L2/3 IT,0.36848125,-0.023525612
278487,L2/3 IT,-0.05401679,0.30977955
192810,L2/3 IT,0.38473144,-0.12719329
226631,L5 ET,0.025267936,-0.41886118
36472,L6 CT,0.10651115,-0.44054568
36717,Peri,0.37229785,-0.009429799
36769,L2/3 IT,-0.10567143,0.39424106
192029,Endo,-0.28674427,0.36148903
192096,L2/3 IT,-0.35407737,0.4384323
226699,Peri,0.25239,-0.30052987
226660,L2/3 IT,0.29274103,0.1559159
36913,Micro,0.023769177,0.058035836
226647,L4/5 IT,-0.27932915,0.20972256
246972,L2/3 IT,-0.16899377,0.32516292
192192,Micro,-0.27931276,0.100069806
36869,Endo,0.08489249,0.2337036
36856,VLMC,-0.29005688,0.51372075
36820,L4/5 IT,0.29509124,-0.06361283
192339,Lamp5,0.4748086,-0.29492554
192370,Endo,-0.0010961518,-0.20717843
36818,L6 CT,-0.08844384,-0.25665772
36795,L4/5 IT,0.11892227,0.16585825
36721,L2/3 IT,-0.1158978,0.2973446
192016,OPC,0.016373374,0.054341838
10346,L6 IT,-0.21275786,-0.086783364
10351,L6 IT,-0.122563444,-0.07696058
226129,L2/3 IT,-0.25618178,0.3742766
193437,Endo,0.23920557,-0.08814748
36074,Astro,0.23367068,-0.069860354
193553,Endo,-0.30718258,-0.08890773
193583,Micro,0.17911616,0.18112503
226045,L4/5 IT,0.23564962,-0.008382993
35966,L4/5 IT,0.29078224,-0.34251156
35937,L2/3 IT,0.3226138,-0.23174028
274071,L4/5 IT,0.29373327,-0.14061643
35869,Lamp5,0.4516408,-0.21297573
226011,L5 IT,0.11421213,-0.16253348
35765,L5 IT,-0.344408,0.17687146
35748,L5 IT,0.11079786,0.013314111
10674,L5 IT,0.1526533,-0.07034655
35700,L5 IT,-0.0096572265,0.15062074
36135,Astro,0.14136091,-0.47422785
192865,L6 CT,-0.3030261,-0.07715611
36144,L5 IT,-0.22378027,0.09047179
226211,Endo,0.23829004,-0.46963587
36458,Pvalb,-0.08473065,0.20517431
246876,L4/5 IT,0.27462843,-0.06558867
226279,L6 CT,-0.087378584,-0.116551444
226267,VLMC,0.15688798,0.40980664
192988,L6 IT,0.053144075,-0.30509502
226266,L5 IT,0.16495839,-0.31504592
10523,PVM,-0.07360154,-0.19031398
36306,Lamp5,0.33397558,0.055326685
226242,L2/3 IT,0.36740598,-0.1205333
193124,Peri,-0.38573033,0.3090373
274009,L2/3 IT,0.438121,-0.22069128
10596,Endo,0.14666674,-0.17596884
36156,Sst,0.33382788,-0.20607059
226218,Endo,-0.18252856,0.37919042
193277,L4/5 IT,0.23683122,-0.036172405
226142,L2/3 IT,-0.070435755,0.3001105
201319,L6 CT,-0.3458682,0.08577441
37001,OPC,0.46413222,-0.45192873
226737,Micro,0.38698754,-0.080739304
19238,Oligo,-0.22031048,-0.23486073
227433,L6 CT,-0.20323104,0.024874134
38224,L2/3 IT,0.42225894,-0.3130104
190693,Astro,0.4492732,-0.26163
9746,L5/6 NP,-0.29758748,-0.033320084
190762,Astro,-0.16926935,0.06971346
38114,L5 IT,0.0018522516,0.054013893
241215,Oligo,-0.32518613,0.1479014
38075,Peri,0.28128454,-0.19968154
190779,L2/3 IT,-0.43198365,0.38686898
227335,Endo,-0.024107955,0.33834448
190797,Endo,0.20606491,-0.47278014
190806,Micro,0.37247995,-0.10485999
190855,SMC,0.2509587,0.13577794
190884,L5 IT,-0.035772137,0.13595991
38273,L5 ET,0.045512594,0.040777013
37936,L5 IT,-0.07237782,-0.25870144
247207,L6 IT,-0.19500941,-0.14789398
38386,L5 IT,0.16338733,-0.24960239
38619,Endo,0.39399776,0.013292147
227721,L6 CT,-0.2762704,-0.1169772
241158,L2/3 IT,0.33435252,0.061451003
247250,Micro,0.28793392,-0.30075282
190429,L2/3 IT,0.13270608,0.2578211
9589,L5 IT,0.20900485,-0.22264124
190448,Astro,0.39814177,-0.011548834
38559,L2/3 IT,-0.32053986,0.35547873
227628,L2/3 IT,0.094897605,0.24881624
9591,Endo,-0.08077466,0.07697038
227523,L2/3 IT,0.229049,0.21949588
247221,L2/3 IT,0.0015027896,0.3568702
227488,L2/3 IT,0.40512404,-0.3876685
227474,Oligo,-0.18436906,0.14926551
190640,Oligo,-0.25482494,-0.27867845
227462,L6 IT,-0.06089153,-0.18726657
37007,L6 IT,-0.30531797,-0.022826897
273699,SMC,0.10404537,-0.32395235
273707,L6 CT,-0.024357162,-0.22194551
191587,L5/6 NP,0.12483231,-0.46362588
241285,L6 CT,-0.22303212,-0.116997436
37304,Endo,-0.41342658,0.38495263
191750,Oligo,-0.34348166,-0.21319424
37220,L6 CT,-0.06521856,0.002092285
273796,Endo,0.2608175,-0.46632236
191769,L5 IT,0.16636714,-0.37881878
241312,OPC,0.31008944,-0.19457142
10050,L5 IT,-0.19822568,-0.02130212
37116,L6 IT,-0.14324176,-0.22817804
10056,L5 IT,0.2252424,-0.46977186
191886,L5 ET,0.12257592,-0.44987023
37101,L2/3 IT,-0.051147066,0.31666097
37058,L2/3 IT,-0.024648748,0.24986045
37021,L4/5 IT,0.28342274,-0.13636927
191565,L5 IT,0.18826994,-0.41164657
191029,L4/5 IT,0.32772377,-0.37028363
191552,Micro,0.021116175,-0.00972222
278563,L2/3 IT,-0.17994627,0.3608791
278575,VLMC,-0.41047814,0.51669914
247128,L2/3 IT,-0.3600123,0.31394544
273715,L5 IT,0.16564229,-0.26634994
191141,Micro,-0.41752544,0.11939238
227282,L6 IT,-0.017335378,-0.3322627
227281,L4/5 IT,0.22990832,-0.17640729
9771,L2/3 IT,-0.14159083,0.28363225
241243,L4/5 IT,0.34520444,-0.24017109
37402,L2/3 IT,0.24899682,0.022536827
37398,Endo,-0.089281134,0.058959708
227182,L4/5 IT,0.28479567,-0.10790031
241252,L6 CT,0.03454552,-0.34779823
227149,L2/3 IT,-0.03150239,0.30138668
227122,Astro,-0.41344342,0.21931003
247077,Oligo,-0.014360152,0.07998018
241280,L4/5 IT,0.20508674,0.06685595
30237,L5 IT,-0.03778764,0.04297863
222116,L2/3 IT,-0.073817514,0.24930625
201340,PVM,-0.39400706,0.070051834
17858,Astro,-0.13598481,0.240036
210123,L5 ET,0.10159782,-0.41605562
216976,L5 ET,0.07175908,-0.08510451
277312,L2/3 IT,-0.4625146,0.42157885
216936,PVM,-0.10251581,0.19487737
277310,L6 CT,-0.35967925,0.082954094
23022,L2/3 IT,0.30196032,0.0006048512
242924,L2/3 IT,0.025093533,0.32307455
244005,Sst,0.38223758,-0.32046267
22926,L2/3 IT,-0.27026454,0.2969382
210258,L2/3 IT,0.080145754,0.29070416
17972,L6 CT,-0.328638,0.09582667
22896,L4/5 IT,0.25687662,-0.27154496
22826,L5 IT,-0.21803609,0.15885101
242935,Peri,0.21492109,-0.19008048
17816,L4/5 IT,-0.284605,0.2506353
244034,L4/5 IT,0.2717578,-0.32522795
210049,L2/3 IT,-0.3000932,0.31945136
244111,L5 IT,0.056624986,-0.09187971
23374,L4/5 IT,0.274013,-0.043339446
217150,Endo,-0.38642976,0.46663252
209811,L5 IT,0.2053602,-0.091883674
209854,OPC,0.36424646,0.010649605
23189,L5 ET,0.13258436,-0.33383295
217133,L2/3 IT,-0.5192646,0.44198027
209898,Sst,-0.059263162,-0.1168537
209955,L5 ET,-0.14535502,-0.005846368
23138,Peri,-0.10529821,0.38621643
209989,L6 CT,-0.22978154,-0.018750088
17696,L5 IT,0.24327365,-0.24171807
244050,Vip,0.39629033,-0.025666343
210024,Oligo,0.13199672,0.09753053
242892,OPC,0.045026697,-0.44609824
22825,L2/3 IT,-0.14220023,0.2602953
216695,L5 IT,-0.36442158,0.17138861
22801,Endo,0.25120386,-0.068743005
216660,L6 IT,-0.230396,-0.0069916714
210818,SMC,0.047419168,0.12354182
22359,L4/5 IT,0.15606657,0.07642339
210858,Oligo,-0.36590043,0.10597418
22340,L2/3 IT,0.34346238,0.12656723
210930,L2/3 IT,0.34382233,0.08984505
216450,Sst,0.021129824,0.24441527
216437,L2/3 IT,0.20125267,0.05629967
216399,L5 ET,0.19334999,-0.3708063
211020,Endo,-0.2071743,0.15521954
216370,Endo,0.28165528,-0.27904132
211108,L2/3 IT,0.41493377,-0.17892374
18139,L5 ET,0.12688175,-0.44824696
22166,L2/3 IT,0.3406358,-0.14619677
211223,L2/3 IT,0.3834419,-0.34379923
211250,L4/5 IT,0.29215673,-0.35813132
18133,L2/3 IT,-0.31150672,0.34618703
276236,VLMC,-0.33355203,0.516933
22435,Lamp5,0.13726357,0.2640446
216528,L5 IT,0.22341809,-0.29519442
210400,PVM,-0.060754947,-0.1522666
210421,Peri,0.31932196,0.24730949
216626,L2/3 IT,-0.51733,0.452445
22709,OPC,0.34281817,-0.0071057547
210470,L2/3 IT,-0.2541888,0.3883274
22707,Micro,0.0022097006,0.011830969
22649,Oligo,-0.2750833,-0.23638074
22593,L6 CT,-0.3987327,0.013499333
210545,L6 CT,-0.2654648,-0.19081958
22586,L5 ET,-0.17169267,0.16111617
277279,L2/3 IT,0.3950627,-0.2241608
210650,L2/3 IT,-0.29275125,0.3787577
276398,L6 IT,-0.12564403,-0.07935269
216584,Endo,0.00048384815,0.17846052
18099,L4/5 IT,0.123269714,0.14592056
210779,L5 IT,0.15925714,-0.43770492
23468,Peri,-0.37788042,0.0862727
217198,L5 ET,0.18782988,-0.44203365
217203,L6 CT,-0.29213712,-0.07508005
208346,Micro,0.24818948,0.2740601
208347,Pvalb,0.10899875,-0.4563242
24389,L5 IT,-0.0034043416,-0.038406447
24322,Pvalb,0.1934996,-0.4460965
208517,VLMC,-0.3534228,0.51697725
276091,Endo,-0.36734128,0.23399203
208562,L2/3 IT,0.3966839,-0.2274098
244289,Endo,0.12985423,-0.35548684
17155,L2/3 IT,0.40724662,-0.20493226
217850,L2/3 IT,-0.42670712,0.43190995
208576,L2/3 IT,-0.515931,0.4111624
17188,VLMC,-0.39517125,0.51596063
17287,L4/5 IT,0.031109609,0.08682279
217827,L4/5 IT,-0.07219305,0.23034869
217764,SMC,0.2073842,0.23484735
217885,L2/3 IT,-0.122254215,0.39791688
24134,L5/6 NP,0.1525332,-0.28297117
244316,L5 ET,-0.047131233,-0.122830495
208281,L4/5 IT,0.1981323,-0.048605606
207900,L6 CT,0.10708622,-0.30879027
16979,Oligo,0.057315327,0.14078097
207914,L4/5 IT,-0.26405588,0.24991475
25016,L2/3 IT,0.01041422,0.33446458
218165,L5 ET,0.19327071,-0.4603317
24981,Sst,0.056881286,-0.3711319
208069,L6 IT,-0.090455495,-0.0029614437
24919,L5 IT,-0.003226243,0.05660282
218088,Endo,-0.0067586526,-0.31821123
208089,Oligo,-0.3282133,-0.27182934
217997,L2/3 IT,0.37392512,0.027658684
244352,Endo,-0.036558352,0.22462223
17098,L2/3 IT,-0.22983274,0.3847479
208219,L4/5 IT,-0.071043245,0.20565544
217914,L6 CT,-0.10212415,-0.064648196
276050,L2/3 IT,0.06499926,0.30214188
211277,L6 IT,0.024169363,-0.3406485
208800,L2/3 IT,0.3708485,-0.14831214
217739,L5 IT,0.12157247,-0.26047215
217613,L2/3 IT,0.36355856,0.026779456
244160,L5 IT,0.12991819,-0.30200645
217595,L5 IT,0.2196227,-0.31973705
17470,L2/3 IT,0.34406832,-0.15208296
23603,L6 IT,-0.13509366,0.026725633
17512,L5 IT,-0.022669576,0.10698782
209429,L6 IT,-0.30689403,-0.130087
17534,L5 IT,-0.16971213,0.13881336
209434,Astro,-0.25854507,-0.118157044
209442,L6 IT,-0.1373097,-0.219777
23528,L2/3 IT,0.38735685,-0.34201697
209545,Pvalb,0.25351492,-0.09633373
209552,OPC,0.41327366,-0.2528806
217267,L2/3 IT,0.21081176,0.20950858
217206,Astro,-0.3981993,0.28750375
244162,L2/3 IT,-0.502585,0.44991013
17309,L6 IT,-0.17129159,-0.13063963
23650,L4/5 IT,-0.29389736,0.2655715
23664,L4/5 IT,-0.3645945,0.19695596
23980,L2/3 IT,-0.23945159,0.38329962
23959,Astro,-0.108997874,0.44866654
242791,L2/3 IT,0.35086647,-0.04700266
17334,L2/3 IT,-0.01878097,0.31578615
23856,L2/3 IT,0.40920857,-0.41176358
23850,Astro,0.41019407,-0.2534886
208996,L4/5 IT,-0.35133007,0.2542424
209007,L5 IT,-0.034200095,0.044907972
209096,Astro,0.21511331,0.16510461
23839,L4/5 IT,0.322539,-0.42514256
23766,Pvalb,0.3250802,-0.40545192
23763,L2/3 IT,0.0014064685,0.2994828
23722,Peri,0.14003244,0.1025586
209239,L5 IT,0.24657354,-0.2857703
23690,SMC,0.18895707,0.07989858
209394,L2/3 IT,-0.179373,0.31278524
22050,Pvalb,-0.41752952,0.0469725
22049,Micro,0.15096697,0.029793425
276497,Astro,-0.36624,0.08956824
213606,Astro,0.13989773,0.2736285
276878,L5/6 NP,-0.22917485,-0.040769115
20315,Micro,-0.17312235,0.07141344
243413,Micro,0.24643365,-0.437189
276894,L2/3 IT,-0.3444757,0.31691214
215235,SMC,-0.20752472,0.36380902
20263,Endo,0.03112451,-0.3935089
20233,OPC,-0.18256468,-0.27392474
20195,L2/3 IT,0.31728765,-0.09843092
213834,L5 ET,-0.3513241,0.14384644
20121,L2/3 IT,-0.44667435,0.41587213
215176,L6 CT,-0.23654848,0.03375505
213875,L5 IT,0.04914836,0.057501182
213945,L4/5 IT,0.2498872,-0.030990617
20114,L6 IT Car3,-0.2914621,-0.23590197
215268,L6 IT Car3,-0.018666469,-0.31953502
20080,Sst,-0.0590676,-0.21119876
19004,L6 CT,-0.22495204,-0.07700257
243451,L5/6 NP,0.044715203,-0.0066408683
20630,L6 CT,-0.175331,-0.05524178
20617,L4/5 IT,0.09539572,0.1594836
243496,L2/3 IT,-0.4874784,0.43107226
213256,Astro,0.42952457,-0.18287872
215386,L4/5 IT,0.1747627,0.024455769
215385,Micro,0.4525346,-0.4060647
243109,Micro,0.09985123,0.14777009
20593,L2/3 IT,-0.16275209,0.2885972
213284,L2/3 IT,0.33585218,-0.12970953
20565,Peri,0.12507823,0.13044684
20555,Pvalb,0.12411932,-0.09310739
277135,Pvalb,0.039430715,-0.1379639
213444,L2/3 IT,-0.40836814,0.41783562
20491,Pvalb,-0.08646383,0.24018066
215375,Pvalb,0.17942515,0.03703712
18982,L2/3 IT,0.36597237,-0.17991738
213212,L4/5 IT,0.15353122,0.103490874
20076,L2/3 IT,0.24282572,0.08897124
214008,PVM,0.08475707,-0.09740929
277000,L4/5 IT,-0.0012840852,0.20243798
277010,L6 CT,-0.25549152,-0.17509983
214945,Peri,-0.32233956,0.4983364
277017,Lamp5,-0.48876745,0.48525652
214435,Oligo,-0.008186363,-0.07848449
19199,SMC,0.14654282,-0.24327941
243252,L5 IT,0.15585628,-0.38815907
214523,L5 IT,-0.12948298,0.050474867
214560,Micro,0.23660025,-0.33436492
214574,L2/3 IT,0.2681032,0.06581192
19560,Endo,-0.07134738,0.27152893
19467,L5 IT,0.13009736,0.023738427
214682,L2/3 IT,0.39746156,-0.18148859
19436,Sst,-0.20664984,0.21115462
19423,Oligo,-0.35867408,0.049154207
243268,Endo,0.34740004,-0.20393543
213990,L6 CT,-0.01716932,-0.36887446
214965,L2/3 IT,0.030481972,0.2943637
19746,Sst,-0.04073324,-0.31148192
243163,L5 ET,0.15010878,-0.15229203
215088,Oligo,0.005370535,0.15758298
276929,VLMC,0.46232948,0.16067164
20068,Astro,-0.065913014,-0.36683068
214089,Micro,-0.084047906,0.41410008
243318,Endo,0.026496686,0.07649903
215053,SMC,0.041554905,0.121788606
19164,L2/3 IT,-0.4697211,0.38539633
19937,L4/5 IT,-0.25440857,0.24980287
214998,Micro,-0.14013207,0.10553901
214977,L2/3 IT,0.061649956,0.20330112
214236,L2/3 IT,-0.106894396,0.36704358
214975,Sst,0.10071037,-0.25000745
214300,Endo,-0.5171555,0.38134637
214301,L6 CT,-0.23688748,-0.18199776
243185,L5 IT,0.11415634,0.020625187
16905,OPC,-0.30502477,-0.23819442
213204,L4/5 IT,0.23879513,0.05690126
20666,Endo,-0.20123202,0.20939343
215970,OPC,0.25236854,0.11591171
21736,Pvalb,0.1577411,-0.16671447
211891,L4/5 IT,0.2331852,-0.010854946
21688,L4/5 IT,-0.29729536,0.22780083
211950,L2/3 IT,-0.42427203,0.33331648
21680,Endo,0.26615086,-0.08933021
21627,L4/5 IT,0.07622973,0.16331427
211985,L2/3 IT,-0.34419644,0.37165847
21609,Endo,0.30102947,-0.31708327
215935,L5 ET,-0.19074553,0.15167885
212046,L6 CT,-0.029914878,-0.14407389
212073,Vip,-0.24139303,-0.1369477
18708,L5 IT,-0.04649573,0.07313864
215903,L5 ET,0.05661247,-0.14218937
215886,L2/3 IT,0.1552538,0.23958246
21748,L5 ET,-0.29802272,0.034770653
277172,Endo,-0.34407732,0.23512928
18580,Micro,-0.03446593,0.000120861456
215994,L4/5 IT,0.30346265,-0.13662212
211329,L5 IT,0.214282,-0.32204375
243813,Micro,-0.19060466,0.0826246
18395,L2/3 IT,0.204056,0.14626037
211409,Endo,-0.15657216,0.18810509
276513,Micro,0.049647428,0.24764644
21897,L5 IT,0.1619673,0.020806445
211615,Oligo,-0.14857689,-0.10053246
21875,Sst,-0.3951635,0.04608904
216110,Astro,-0.14436805,0.01855631
21834,L4/5 IT,0.20052561,0.013687296
211762,Sst,0.09546802,-0.4141469
21828,L2/3 IT,0.38641044,-0.2072065
211800,L2/3 IT,0.25539872,0.016070409
211819,L2/3 IT,0.365536,-0.010307031
18489,Peri,0.45694408,-0.029304193
18563,Micro,-0.014555596,0.31074026
276796,L2/3 IT,0.3705913,-0.4742266
243061,L2/3 IT,-0.28632212,0.3274261
243663,Endo,-0.13021857,-0.016263442
18810,L5 ET,-0.29042307,0.1824107
212787,L6 CT,-0.40485713,0.020704163
215639,L6 IT,-0.15794995,-0.14361386
215615,Astro,-0.055208944,-0.06915082
212873,L6 CT,-0.14698568,-0.12087102
20847,L5 IT,-0.2670132,0.12082516
20812,Pvalb,0.42220125,-0.109958306
212980,L4/5 IT,0.10706643,0.041501567
20793,Astro,0.33089104,0.11649434
213014,L6 IT,-0.14105299,-0.100971624
18854,L6 IT,-0.1386148,0.017716987
215426,Pvalb,0.07406596,-0.35626262
213050,Lamp5,0.27712402,0.18349187
215391,L6 CT,0.08446065,-0.36495554
18924,L6 CT,-0.08815353,-0.25142577
243569,L6 CT,-0.046360843,-0.19749717
243665,L4/5 IT,0.104884006,0.11393754
212744,L6 CT,-0.33594713,-0.17795376
21030,L2/3 IT,-0.22948894,0.42111835
21402,L6 IT,-0.16843078,-0.17531909
212309,L5 IT,0.24027112,-0.28453285
21324,L2/3 IT,-0.05829438,0.2587014
212394,L6 IT,-0.30370173,0.060897633
212400,L6 CT,-0.021743856,-0.32531732
21214,Micro,0.27396747,-0.16623826
243063,L2/3 IT,0.40843067,-0.2627209
21207,L2/3 IT,0.3212221,0.1003236
18740,SMC,-0.30029652,0.24173693
21131,L4/5 IT,-0.2097773,0.23723732
215806,L6 CT,-0.047669582,-0.3488905
277170,L6 IT,-0.27076098,-0.17195891
18783,L2/3 IT,0.27612278,-0.4084403
212684,Vip,-0.007411264,-0.24748816
21037,Peri,-0.19246024,-0.038609788
212733,L2/3 IT,0.39227214,-0.29415944
8148,L2/3 IT,0.23953924,0.18908177
16864,L6 CT,-0.04294067,-0.22305225
25192,Astro,0.159354,-0.33741853
28868,L5 IT,0.22500893,-0.39825138
242238,L5 IT,0.22571608,-0.40898818
221195,L6 IT,-0.19416922,-0.20765133
14774,Micro,-0.19034395,0.011647863
28847,Endo,-0.175091,-0.06466924
245171,OPC,-0.37483355,0.49546328
28901,Pvalb,0.024688162,-0.011307733
203194,Sst,-0.23957211,0.43697265
203293,L5/6 NP,0.08009861,-0.14302905
14821,Pvalb,-0.13327897,-0.20450045
221121,PVM,-0.37712598,0.05993341
28721,L5 IT,-0.17208987,0.13981627
245147,L6 IT,-0.13146168,-0.24082561
203498,PVM,-0.3953875,0.09031336
28781,Endo,-0.40089276,0.17517655
203091,L2/3 IT,0.08904556,0.21882777
203085,L4/5 IT,0.32477054,-0.3108733
221207,Astro,0.09396044,0.06946139
202829,L2/3 IT,0.3796173,0.023053003
202839,L6 IT,-0.2677086,-0.1871937
28981,L4/5 IT,0.27967152,-0.4243999
245209,L6 IT,-0.24154106,-0.23171093
202945,L2/3 IT,-0.18758142,0.33432636
277785,L2/3 IT,-0.20201463,0.33530214
14696,L6 CT,-0.16316006,-0.13463692
202984,L5 IT,0.17229423,-0.44777903
203028,Endo,-0.004212342,-0.251833
221375,L5 ET,-0.33811966,0.046315238
14731,VLMC,-0.4438505,0.5195829
14737,OPC,0.3105094,-0.44078705
28941,Oligo,-0.405482,-0.004421698
14743,Oligo,0.042100467,-0.2913173
28903,L2/3 IT,-0.079425536,0.3662177
28654,Peri,0.4350781,0.14160351
275353,L2/3 IT,0.42160323,-0.437947
28633,Endo,0.24898133,-0.37097818
203570,Endo,0.07103536,-0.45057067
220686,Astro,-0.2928703,0.04763387
14974,SMC,-0.42344174,0.51883346
28172,L2/3 IT,0.3862336,-0.08701335
203925,Endo,0.28770223,0.21024708
203939,Endo,-0.28099516,-0.05901365
275442,L6 IT,-0.2121779,0.05438398
220635,Sst,0.22781852,0.030806823
28079,Astro,-0.3655292,0.007888867
28076,L2/3 IT,-0.42759213,0.32274118
277706,L4/5 IT,0.31081375,-0.27333888
28025,L2/3 IT,-0.4392576,0.42529824
275460,L2/3 IT,0.034687795,0.33583483
15241,Oligo,-0.099125884,-0.07906909
204138,Endo,0.084436156,0.30267146
27961,L4/5 IT,0.06667868,0.13421242
28212,Endo,-0.117678754,-0.2043647
221505,L2/3 IT,-0.39458832,0.31403652
203784,Oligo,-0.3398368,-0.22982557
242293,L2/3 IT,0.39455518,-0.2710036
14862,L4/5 IT,0.25404134,-0.30413052
221014,Astro,0.27888408,0.020984007
28537,L6 IT,-0.2500085,-0.20363964
28483,L2/3 IT,0.39718446,-0.24174984
28472,Endo,-0.37980905,0.22074656
275375,L5 ET,-0.41459304,0.18713604
14875,OPC,0.17841783,-0.36969396
14934,VLMC,0.23252162,0.27351382
220865,L2/3 IT,0.3374423,0.052530512
220801,Lamp5,0.39744022,-0.17263578
203714,OPC,-0.33899704,0.11897616
275401,L2/3 IT,0.376453,-0.24876435
28365,L2/3 IT,0.30434993,-0.005606966
203742,Peri,-0.4148781,0.16617452
220758,L2/3 IT,0.030202724,0.31615272
220721,Endo,0.34460732,-0.04927148
29120,Endo,0.26620153,-0.465964
221527,L4/5 IT,-0.42256925,0.25390562
245241,Endo,0.22137782,-0.22435556
222034,L4/5 IT,0.16685727,-0.07336174
201844,L2/3 IT,0.4183829,-0.069573745
201847,Micro,0.40558496,-0.07121964
222025,L2/3 IT,-0.15692714,0.29992536
222020,L2/3 IT,-0.32678363,0.4142371
277888,Peri,-0.30980796,-0.12267806
221953,Sst,-0.38096017,0.009420617
29795,L4/5 IT,-0.15578538,0.2422689
201940,L2/3 IT,-0.2110115,0.29885134
275154,L6 CT,-0.14554319,-0.16970445
14091,L4/5 IT,0.1425862,-0.38157085
201990,L6 IT,-0.07093399,-0.044392094
201999,L5/6 NP,-0.19549137,0.050917014
275158,Oligo,-0.007137023,-0.29778183
202043,L4/5 IT,-0.05196943,0.2525961
201838,L2/3 IT,0.43184218,-0.19433461
29763,Oligo,-0.114113234,-0.23475431
29880,L5 IT,0.07376508,-0.07733138
222051,L2/3 IT,-0.27089474,0.3435082
30110,OPC,0.23668441,0.199962
30075,L2/3 IT,0.40119836,-0.0662332
30064,L5 IT,-0.031032227,0.06941514
30023,Peri,-0.16993353,0.26293358
30020,L4/5 IT,0.06743673,0.15664165
275100,Micro,0.21306196,-0.11825837
201682,Micro,0.42938468,-0.30172157
201684,L2/3 IT,-0.52519137,0.39758316
245471,L6 IT,0.38434538,-0.3729526
201726,L5/6 NP,0.097432174,-0.23389246
201790,Endo,-0.44220173,0.41117004
201804,L2/3 IT,0.3672478,-0.08146314
222073,L2/3 IT,-0.036485814,0.32788756
201810,L5 IT,0.11334447,-0.21953706
201823,Pvalb,-0.24342665,0.2649081
245440,L5 IT,0.14538828,-0.3444924
27930,OPC,-0.3769125,0.13507341
29695,L6 IT,-0.2946707,-0.11971153
14172,L2/3 IT,0.36373803,-0.0015919078
29332,L2/3 IT,0.38590452,-0.21794237
14576,L4/5 IT,0.14364222,0.06599049
221581,L2/3 IT,0.33381203,0.08445607
202581,Oligo,-0.3065648,-0.26531708
202613,L2/3 IT,0.16117236,0.2131596
29253,L2/3 IT,-0.21781641,0.3907965
202654,L2/3 IT,-0.4588363,0.40665022
202665,PVM,-0.3852069,0.109254345
277812,L4/5 IT,-0.3377066,0.19797336
245255,L2/3 IT,0.40116164,-0.36150947
202685,Micro,0.036319353,0.24394362
202751,L2/3 IT,0.31124535,-0.12698324
221556,PVM,-0.0075171217,0.22751991
202770,Peri,0.20318952,-0.014917808
221539,Oligo,0.2796987,-0.04624088
221633,L6 IT,0.048833765,-0.46819174
277877,Peri,0.0037055984,0.02175538
29340,Sst,-0.0022418126,-0.28749603
221663,Endo,-0.060022257,0.12257515
275164,Peri,0.21451566,-0.44548038
29660,L2/3 IT,0.29138216,0.13239871
29629,L4/5 IT,0.34685048,-0.37444416
275179,Oligo,-0.14516756,0.14290868
14272,L5 ET,0.12122867,-0.3861888
275189,Oligo,-0.42885423,0.29781792
202256,L2/3 IT,-0.20858002,0.42047414
14306,L6 CT,0.034797348,-0.2756152
14316,Micro,0.25757244,-0.4602445
202342,Endo,0.28167686,0.17129277
29584,L2/3 IT,0.35293105,0.07719861
29577,L2/3 IT,0.31229052,0.023522092
14415,OPC,0.23048446,-0.22060664
29457,Endo,-0.39990717,0.36144146
29421,L6 IT,-0.10048526,-0.18304308
221648,L5 ET,0.077953495,-0.28168175
15277,L5 IT,-0.32769865,0.1988049
27812,Astro,-0.18693775,0.44146362
204216,Endo,0.20055923,0.17734896
206233,SMC,0.13969836,-0.20661442
206242,Endo,-0.036093734,0.4109176
206266,L5 IT,0.09106318,-0.12513672
219303,L2/3 IT,-0.082840435,0.26453444
206325,Astro,-0.030238055,0.27831063
219296,L2/3 IT,-0.46548733,0.39703402
206391,L6 CT,0.07970766,-0.36832967
206453,L2/3 IT,0.40975353,-0.38255742
219268,Endo,-0.10177826,0.15234862
206509,L4/5 IT,0.3057883,-0.20882495
219264,L4/5 IT,-0.37947688,0.28405616
16331,L2/3 IT,-0.2849845,0.29804906
206641,Oligo,-0.09977772,0.086661145
16355,L6 CT,-0.21742198,-0.1808226
219217,L2/3 IT,-0.31775394,0.3121483
219313,Astro,0.15976498,0.06200801
277547,Pvalb,0.21530846,-0.09399356
26140,Astro,0.15303692,0.22501956
16285,L6 CT,-0.293568,-0.10626869
205603,L2/3 IT,0.024050988,0.26030847
205606,L4/5 IT,0.17659304,0.06588279
16182,L2/3 IT,0.41781804,-0.43787956
219592,L2/3 IT,0.43757352,-0.29107514
244720,L2/3 IT,0.3892679,-0.31878075
205728,Micro,-0.17764506,0.22047482
26488,L2/3 IT,-0.18030441,0.41086903
205827,L5 IT,0.16619137,-0.46886444
26413,Lamp5,0.19395497,-0.08063005
219486,L5 ET,0.076219775,-0.39347473
205972,Lamp5,0.0770667,-0.33465186
26358,L2/3 IT,0.39602783,-0.28107044
26302,L2/3 IT,-0.04010909,0.27077904
26177,Endo,0.09498236,-0.0076992977
275792,L2/3 IT,0.38956133,-0.012242423
219329,L4/5 IT,0.24664375,0.03683673
16180,Lamp5,-0.024780355,-0.17039971
25906,L4/5 IT,0.16986331,0.04222046
25889,Astro,-0.17575896,0.4056131
16569,VLMC,0.26905915,0.23591779
25445,Endo,-0.22661293,0.26156732
16637,Astro,-0.05527129,0.036459908
16684,L2/3 IT,-0.2773541,0.29114422
244462,Pvalb,-0.27134567,0.067251846
207548,Sncg,-0.29190877,-0.187975
207568,Astro,0.43414035,-0.11229186
218659,OPC,0.2696837,0.20593683
218584,L6 IT,-0.367746,0.020537509
207591,L4/5 IT,-0.4026766,0.20895337
207686,Astro,0.19890335,-0.3626431
25218,Astro,-0.2567883,-0.044820055
25208,L4/5 IT,0.17399648,0.061011836
207762,L5 IT,0.1660612,-0.43272164
207765,L2/3 IT,0.053712524,0.21744601
207327,L2/3 IT,-0.05120816,0.33053473
219059,L6 CT,-0.17354286,-0.087705955
207308,L2/3 IT,0.3439729,0.047165558
218817,Peri,0.41749164,-0.3513843
206905,L5/6 NP,-0.3235101,0.08197199
25887,L6 IT Car3,-0.008781575,-0.35527146
25791,Endo,0.1482679,-0.3626784
242581,L5 IT,0.26638344,-0.41262278
219032,L4/5 IT,0.13425282,0.10649507
25789,L2/3 IT,0.11117677,0.1813169
242593,Lamp5,-0.2728935,0.498188
25717,L2/3 IT,0.16812,0.2171204
25709,Sst,-0.21942163,0.304624
25688,SMC,-0.41809276,0.5154629
277519,L4/5 IT,0.24583748,-0.018306838
207193,L5 IT,-0.011184476,0.14888863
207231,L6 CT,-0.24146163,-0.16600402
207251,L2/3 IT,0.0067610517,0.3182315
218859,Sst,-0.17152077,0.076884255
207298,L2/3 IT,-0.34273702,0.3323036
218526,Pvalb,0.033757307,-0.1277047
16174,Astro,-0.36710826,0.1219828
205554,Endo,-0.34225807,0.4968398
15556,L5 ET,0.19952288,-0.41703403
220366,Oligo,0.10853145,-0.18894778
220352,VLMC,-0.005978368,0.45244452
27365,Peri,-0.27858144,0.053162143
204548,Astro,-0.21393886,-0.023529427
204574,L6 IT Car3,-0.06721153,-0.22257675
244923,L2/3 IT,0.08685575,0.2608967
204635,L2/3 IT,-0.08428358,0.33325937
27330,L6 CT,-0.1484701,-0.19582419
204672,Lamp5,-0.13947654,0.44457725
27329,Vip,0.008008815,0.18250315
27327,L4/5 IT,0.2721499,-0.19920547
204716,Peri,-0.12547383,0.42855933
15681,L4/5 IT,0.22944722,-0.056246176
27211,L4/5 IT,0.22797003,-0.2750146
204473,L5/6 NP,-0.058331095,-0.062569246
204858,L5 ET,0.02512721,-0.4157948
220375,L4/5 IT,-0.16009104,0.18415157
277661,L5 IT,0.13053635,0.034255788
27789,Micro,-0.34267458,0.28335795
204232,Oligo,-0.4256459,0.16668807
242363,L4/5 IT,0.29614428,-0.16213344
27742,VLMC,0.4479756,0.188157
220463,VLMC,-0.010276996,0.45139477
220447,L5 IT,-0.2795092,0.11919133
204290,L2/3 IT,0.06337402,0.29105303
204298,OPC,-0.10954612,-0.2542483
15470,L5/6 NP,0.16959259,-0.32472998
204330,L6 IT,-0.008212291,-0.3384005
27620,L2/3 IT,-0.48788223,0.41006908
27575,L2/3 IT,0.38505664,-0.17323898
27479,Astro,-0.1428855,0.1755548
220417,L5 IT,0.13552293,-0.46585226
27438,Oligo,-0.28592098,-0.04019414
204361,Endo,0.01803092,-0.36534706
205555,L2/3 IT,0.40079227,-0.10991143
220328,VLMC,-0.31151393,0.51523846
220317,Endo,-0.25063208,0.45538315
205410,Endo,0.20341203,-0.4474158
205418,L4/5 IT,0.27071503,-0.36850548
26948,Astro,-0.27212855,0.07695638
242446,L2/3 IT,0.36781624,-0.37963507
242453,VLMC,-0.44742027,0.5184339
205422,L5/6 NP,-0.4345171,0.20084779
205425,L6 CT,-0.2653421,-0.21427663
15970,L6 IT,-0.18763104,-0.18189846
219972,L4/5 IT,-0.22995833,0.26461932
205465,Pvalb,-0.024498962,-0.329576
275652,Micro,-0.14928731,0.41113517
16093,Micro,0.22136036,0.09659444
26802,Astro,-0.05647006,-0.08724798
205543,Endo,0.14367631,0.18857889
205547,L2/3 IT,-0.113808,0.32845065
242438,L4/5 IT,0.28631517,-0.25938785
244878,Astro,-0.25233322,0.2058327
205339,L5 IT,0.103026964,-0.43776268
27044,L2/3 IT,-0.014506482,0.25246194
244868,L5 IT,-0.2606506,0.21081649
15776,L2/3 IT,-0.30479798,0.30432728
204999,L6 CT,-0.39014587,0.014751388
205018,L2/3 IT,0.108102836,0.24321131
220243,Micro,0.04567007,-0.11638354
27127,L2/3 IT,0.19829985,0.243582
27126,L6 IT,-0.08005264,-0.22546895
205157,L4/5 IT,0.2725421,-0.26979107
244839,L4/5 IT,-0.06294333,0.22740243
205177,Endo,-0.37388948,0.09464131
205178,L4/5 IT,0.2944375,-0.40977606
205226,L6 CT,-0.24779907,-0.015633957
27059,Peri,-0.10129245,0.18865584
220212,L2/3 IT,0.37268254,-0.4657517
205309,L4/5 IT,0.20530036,0.026907427
220189,Astro,0.37207016,-0.10920982
187440,L6 CT,0.045593597,-0.2157305
277061,L6 CT,0.044969477,-0.32962558
229481,Oligo,-0.27589384,0.10699831
48062,L2/3 IT,-0.10816478,0.2960647
1718,Vip,-0.24746689,-0.25445798
179449,Micro,-0.037581734,0.07735662
5158,L5 IT,0.02312491,-0.07172142
1732,L6 CT,-0.027171783,-0.23849984
237122,L2/3 IT,0.31901,0.12754135
53874,L2/3 IT,0.3911809,0.038597688
48120,OPC,0.20110539,-0.2587739
53842,L5 IT,0.20311013,-0.34124485
48288,Endo,0.41412362,0.14809947
179314,L2/3 IT,0.35241863,-0.36923274
53819,Peri,-0.032505177,-0.11983688
271964,L5 IT,0.10856906,-0.24524827
179304,Astro,-0.18904275,0.3665674
239448,L6 IT,-0.11774578,-0.13817303
237113,Astro,0.47094104,-0.23948433
233522,Vip,0.3870593,-0.38979283
172707,L2/3 IT,-0.2537226,0.372871
271942,L2/3 IT,0.38028345,0.05175589
249303,PVM,0.120530285,-0.035661653
237093,Oligo,-0.19514835,0.13863735
179210,L4/5 IT,0.28323045,-0.07029106
271045,L6 IT Car3,-0.047153406,-0.30989513
172779,VLMC,-0.24245164,0.5116266
48412,L6 CT,-0.24045837,-0.01618843
179195,L5/6 NP,0.09328822,-0.030652778
179193,L4/5 IT,-0.33568177,0.2612038
54106,OPC,0.21559551,-0.06226729
172789,L4/5 IT,-0.4300144,0.29151055
48039,Micro,0.45472446,-0.19682796
47920,L5 ET,0.065306224,-0.39392182
233088,Pvalb,-0.052630745,0.26233706
237280,L4/5 IT,0.024039902,0.15805893
180104,Pvalb,0.2308487,0.23441462
180070,L6 CT,-0.029203855,-0.31476554
180064,Oligo,0.15656456,-0.2007529
180039,L4/5 IT,0.24873444,-0.21878262
180016,L5 IT,-0.023614727,0.00031624548
47789,L4/5 IT,0.2634875,-0.17804943
47796,Peri,0.45517144,-0.36366752
233189,L2/3 IT,-0.5136349,0.43425837
172257,L2/3 IT,0.4137341,-0.12535118
237260,L2/3 IT,0.106924094,0.30112627
272025,Vip,0.13070926,-0.32410297
280051,L6 CT,0.093010284,-0.4674827
54204,Endo,0.044330277,-0.08840887
47797,L2/3 IT,-0.3242874,0.413254
5322,Micro,-0.2952905,0.33198908
54188,L2/3 IT,0.039017655,0.3080941
179879,Astro,0.05249963,0.12561576
233224,Micro,-0.07410922,-0.27212992
1689,Endo,-0.172378,0.46811053
172365,Endo,-0.058741324,0.15862183
179741,L5 IT,-0.33833238,0.13586222
249216,Endo,0.26621202,-0.28435642
54111,L5 ET,0.049192585,-0.2565194
1701,L2/3 IT,-0.14727467,0.40034446
5232,L5 IT,0.1386598,-0.44678417
5195,L6 IT Car3,-0.08515277,-0.22754206
48456,Endo,0.46361104,0.07278441
53652,L4/5 IT,0.3406758,-0.4355302
172869,VLMC,-0.27032813,0.5105773
173275,Peri,0.34704313,-0.4591438
249399,L6 IT,-0.20324984,0.12238
271881,OPC,-0.13398206,-0.25518608
178818,Peri,0.1319603,0.33119497
173281,L2/3 IT,-0.37063938,0.3469135
233847,L2/3 IT,0.3497717,-0.0066561867
178807,Astro,0.016878821,-0.33294025
178800,SMC,0.34696916,0.15625302
178724,L6b,-0.28080073,-0.26805693
48816,L6b,-0.30363265,-0.18913348
48901,Endo,-0.02653744,-0.2976589
178554,Astro,0.044272758,0.35147545
48912,Peri,0.067214765,0.30221263
249447,L2/3 IT,-0.11674576,0.36383244
236835,L2/3 IT,0.32898596,0.092780635
48989,VLMC,0.18791893,0.30215558
173345,Oligo,-0.2378034,0.078972384
249454,Micro,0.43496975,-0.30139264
4627,L5 IT,-0.33266953,0.15849607
178480,OPC,-0.3788123,0.291225
53243,L4/5 IT,0.2097322,-0.120820865
49111,L4/5 IT,0.2521703,-0.13100202
4464,L6 IT Car3,-0.061872475,-0.35930046
236832,Astro,-0.43105376,0.17520188
49120,Oligo,-0.10950451,0.26265606
49148,Pvalb,0.082079746,-0.22182982
178383,Endo,-0.032543413,-0.25745583
173264,L6 CT,-0.13919902,-0.14217402
271882,L2/3 IT,0.394816,-0.16369839
178837,L5 IT,-0.12775245,0.14479868
236929,L2/3 IT,-0.3178884,0.40345827
172873,Astro,0.11365531,-0.124965355
233555,L2/3 IT,-0.24020997,0.42366055
237053,L6 CT,-0.21148092,-0.047432646
48459,L4/5 IT,-0.415425,0.26188043
173042,L5 IT,-0.26512903,0.15771602
279543,Astro,0.39782956,-0.15915634
4729,L4/5 IT,-0.22498572,0.2130904
279556,L4/5 IT,-0.2218481,0.23588513
53564,Astro,0.0017497316,-0.08426325
179115,L2/3 IT,0.1376538,0.24318759
179102,L2/3 IT,-0.095721744,0.26131806
250411,Endo,-0.04685136,0.17722891
179007,L4/5 IT,0.26680258,-0.23087932
172107,Peri,0.10916863,-0.0639611
48544,L5 ET,0.102664925,-0.42660293
48577,L6 IT,-0.28814426,0.093549654
1825,L5 IT,0.24391398,-0.28404817
53402,Astro,0.40632448,-0.13700052
48589,OPC,0.08546219,0.20838998
233825,Astro,-0.10033392,-0.15337588
48610,L6 CT,0.03947697,-0.3555767
48613,Astro,-0.36158207,0.45313367
178910,L6 CT,-0.03810232,-0.22135939
280013,Oligo,0.25195292,-0.19517322
178904,L6 CT,-0.07968675,-0.28546488
4641,L4/5 IT,0.25270972,-0.26649505
236937,Micro,0.12493465,-0.42009476
178895,L6 CT,-0.09769892,-0.111342624
53482,L5 IT,0.24465355,-0.32119787
240220,L5 IT,0.17502365,-0.13338868
5426,L6 IT,-0.28421417,0.03877406
237345,Endo,0.11852775,-0.3491272
46722,Oligo,-0.28062555,-0.2521556
237485,Peri,-0.41451994,0.10268794
46760,Micro,0.08081476,-0.06454246
181435,PVM,0.26344123,-0.1655535
171347,Lamp5,0.40617612,-0.32129118
232468,L2/3 IT,0.33377436,0.037090763
46774,L4/5 IT,0.08040462,0.10024415
237470,L2/3 IT,-0.13031065,0.40679953
54947,OPC,0.43485424,-0.38800803
181390,Astro,0.14051631,-0.3791521
181349,L4/5 IT,0.022246875,0.120240435
250671,L2/3 IT,0.2804459,0.1571918
181339,L2/3 IT,0.34787557,-0.14461838
5993,L2/3 IT,0.38140318,-0.4565084
248988,Micro,0.22631976,-0.35307327
279327,Micro,0.02342967,-0.28599665
46934,Lamp5,0.4656823,-0.24759866
5987,Endo,-0.16209418,-0.053152308
52242,Lamp5,0.14119193,0.30554363
279329,L2/3 IT,0.24753079,0.08282219
181182,L4/5 IT,0.25910398,-0.11702223
5925,Astro,-0.47935483,0.48844758
54916,Endo,0.021854319,-0.04045789
47018,Micro,0.25602707,-0.36832047
232675,L4/5 IT,0.36998215,-0.4211765
5765,L2/3 IT,-0.2235916,0.37937376
5705,L2/3 IT,-0.14483553,0.3412119
237503,Endo,0.42865708,0.14027111
232379,Astro,-0.31052715,0.20316963
181542,L2/3 IT,0.24744794,0.18403749
171318,Pvalb,0.17137155,-0.328648
181896,OPC,-0.1163049,0.37937102
232110,SMC,-0.25423032,0.5105505
171077,Endo,0.21155313,-0.23328127
46236,L5 IT,0.0948169,0.032523736
46246,L4/5 IT,-0.049695693,0.18870889
1354,Oligo,-0.047279023,-0.10426308
248871,Endo,-0.22378558,-0.15025462
46254,L4/5 IT,0.059201635,0.095542595
46269,Oligo,-0.3242077,-0.10572536
248880,SMC,0.114139654,-0.31007794
46297,Oligo,-0.4313601,0.14661764
181812,Sst,0.0057273284,-0.22380562
55289,VLMC,0.0003213063,0.45043686
279355,Astro,0.12199143,-0.3122011
1398,Astro,-0.4243773,0.48614547
6097,Astro,0.2348263,0.2826613
250709,Astro,0.07696704,-0.32274476
6091,Pvalb,0.19455275,-0.029517101
55023,Micro,-0.3312846,0.23908351
232238,L2/3 IT,-0.20775309,0.28385141
181680,L2/3 IT,-0.26576278,0.41775748
54995,L2/3 IT,0.4144313,-0.3326886
46443,L4/5 IT,-0.18185183,0.2563121
181663,Sst,-0.37059802,0.1547138
250690,L5/6 NP,-0.074275576,0.081446156
46460,L4/5 IT,0.17584255,0.07772224
280112,L6 IT,-0.31586573,0.0715801
279311,Astro,0.25254253,-0.21573918
181777,Endo,-0.2771442,0.070200786
173423,Endo,-0.061578654,0.20209722
240306,L6 CT,-0.100447886,-0.14268951
181081,L4/5 IT,0.34723786,-0.37723267
180533,Sst,-0.014262162,-0.1952105
54681,L2/3 IT,0.18660268,0.23751496
1460,Peri,0.43238315,-0.3268861
1465,L4/5 IT,-0.4030832,0.26457277
47529,Pvalb,0.30998078,0.07639651
5528,L5 ET,0.13341841,-0.46804067
280095,Astro,0.1158962,0.050515816
180487,L5 IT,-0.37393323,0.20648794
232969,Astro,-0.34127668,-0.023948269
47534,L4/5 IT,0.1679819,-0.10096575
171740,L5 IT,0.13807729,-0.18235092
171769,Endo,-0.2917218,0.056157514
180438,Astro,-0.04387351,0.24742375
47597,L6 CT,0.041301824,-0.38371104
171819,L6 CT,-0.1461471,0.024807436
171845,L5 IT,0.090970196,-0.1881652
279399,L5 IT,0.011332788,0.07214771
237355,Sst,-0.42146227,0.08357416
5494,SMC,0.20937672,0.2378823
180246,L2/3 IT,-0.14446375,0.41978928
47648,L2/3 IT,0.4132127,-0.11474995
180220,Oligo,-0.27652112,-0.07306431
171852,Micro,0.06779615,0.18127696
54538,Astro,-0.057732217,-0.2428902
249127,L6 CT,-0.029082619,-0.22246428
5476,Astro,-0.2721771,0.47074428
270944,L5 ET,0.013543226,0.032045826
1458,L5 IT,-0.05380311,-0.3376644
171682,Endo,-0.06621661,0.2757419
47460,Endo,-0.14972034,0.14247285
47390,SMC,0.45320693,0.17445688
54849,OPC,-0.0028630719,-0.23819764
47094,L6 CT,-0.14972505,0.04226099
5692,Sst,0.1667513,-0.35212985
171474,L6 IT,-0.16228572,-0.20248498
270889,Astro,0.30092624,0.1162024
279361,L6 IT,-0.16371772,-0.23368086
180956,L4/5 IT,0.1215981,0.12616394
272123,L5 ET,-0.24764144,0.17668884
180879,Pvalb,0.040642835,-0.06280188
232750,L4/5 IT,0.28581503,-0.33474174
171487,L6 IT,-0.183622,-0.1746761
232757,L4/5 IT,0.00012115389,0.20176183
54802,L5 IT,-0.0742557,0.09373991
272152,L4/5 IT,0.034862913,0.1101381
180848,L6b,-0.19173455,-0.28748313
47375,Astro,0.36343274,0.09277241
180760,L2/3 IT,0.38948813,0.012365801
180755,L2/3 IT,0.41162923,-0.30514967
1446,L4/5 IT,0.23854128,0.034285232
47385,L2/3 IT,-0.026054345,0.35380086
249077,Micro,0.1947473,-0.28600892
232899,Astro,-0.22623149,0.48532173
249081,L6 CT,0.020955183,-0.46591508
237446,L6 CT,0.03747002,-0.40133315
249083,L5 ET,-0.00095614046,-0.07429688
54776,L4/5 IT,0.18997642,-0.076505706
180630,L4/5 IT,-0.15800864,0.22278021
171627,L5 ET,-0.10030719,-0.032084957
232778,L6 CT,-0.18437532,-0.07928701
49160,L4/5 IT,0.26125196,-0.09084757
49224,OPC,-0.33920076,0.12394188
49257,L2/3 IT,-0.25543106,0.41484573
3406,VLMC,0.18203655,0.3931717
3378,L2/3 IT,-0.15160263,0.3217716
271526,Endo,-0.15837714,-0.17316593
51100,L5 IT,-0.02500739,0.107053146
176042,PVM,-0.0365965,-0.18179975
51113,L5 IT,0.04364661,0.011359377
271250,L6 CT,0.0021995082,-0.3424836
279930,L5 ET,-0.10593518,-0.03703685
176014,L5 IT,0.09557644,-0.1460502
174415,L2/3 IT,0.23091957,-0.39517313
3328,Lamp5,0.018170811,0.35543135
236448,L2/3 IT,-0.22225517,0.2947968
250174,Astro,0.22953138,0.08300762
2443,Endo,0.34811726,-0.31254545
174423,L5 IT,-0.0046197996,0.054528937
236441,L2/3 IT,-0.3770329,0.36263713
52472,L4/5 IT,0.24102989,-0.43455732
235832,L6 IT,-0.05761554,-0.0023233462
239732,L2/3 IT,0.22394082,0.24761783
174492,L4/5 IT,-0.22840416,0.27619293
2463,L2/3 IT,-0.11594575,0.1845362
52446,Astro,-0.34999198,0.2767971
51304,L4/5 IT,-0.07434895,0.17833643
235902,L2/3 IT,0.30626932,0.07820593
235903,L2/3 IT,0.36346778,-0.46218935
175932,L2/3 IT,0.22001186,0.16689001
279835,L2/3 IT,-0.16170421,0.41005215
174382,Vip,0.39870867,0.081203565
52646,L2/3 IT,-0.15538189,0.39257482
176079,L5 IT,0.24469087,-0.33654863
235543,SMC,-0.30234805,0.23633085
249794,L2/3 IT,0.2156417,0.24500094
235279,L4/5 IT,0.30159214,-0.16910262
52715,L5 ET,0.14978215,-0.2566878
50919,L2/3 IT,-0.26503205,0.39648184
271232,Micro,-0.13860297,0.061634585
271234,L2/3 IT,-0.2861894,0.4256182
176292,SMC,-0.09264558,0.29056022
236615,Micro,0.10894797,-0.42789418
51041,L5 ET,-0.19096753,0.0013429653
176232,Micro,-0.22747123,-0.14886834
279955,L2/3 IT,0.39573655,-0.38029754
174250,L6 CT,0.009368695,-0.2726955
51064,L6 IT,-0.00094725937,-0.16347925
175884,Astro,-0.09857681,0.2574121
3529,Lamp5,0.4407148,-0.2191181
236560,L4/5 IT,0.2310296,0.032228336
235305,Micro,0.2233825,-0.23362692
3500,L2/3 IT,-0.41670272,0.37822983
279954,Endo,0.1514571,-0.4624412
176152,L6 CT,-0.4013441,0.001986457
176141,Pvalb,-0.3250095,0.3775923
3455,Astro,-0.4996249,0.3917713
239568,Endo,-0.2556445,0.12892894
51073,L5 IT,0.2875524,-0.33164176
51077,L4/5 IT,-0.40790948,0.32363412
239572,Micro,-0.0013274774,0.14401107
52648,VLMC,-0.40110663,0.5156638
176120,L5 ET,-0.06826063,-0.06959142
176173,L2/3 IT,-0.12361478,0.37824956
176344,L2/3 IT,-0.4049296,0.37527886
249903,L5 IT,0.17968795,-0.11809118
279842,Endo,0.1006485,-0.25823352
2710,L2/3 IT,-0.49726298,0.41467682
51722,L5 IT,-0.40712598,0.18916695
51729,Endo,0.0846831,-0.4228719
250019,L6 IT,-0.18766606,-0.0062996317
51920,L4/5 IT,0.3085012,-0.112058476
175258,L5/6 NP,-0.26595822,0.07478474
52297,L6b,-0.0016540512,-0.2715533
239628,L4/5 IT,0.27813956,-0.38585863
51947,Endo,0.3279231,-0.08118449
51972,L5 IT,-0.14118722,0.082082435
51986,L2/3 IT,-0.030301087,0.2877852
271376,Endo,0.32328418,-0.3939162
52295,L2/3 IT,-0.3897021,0.36083767
175053,L6 CT,-0.3397635,-0.15283157
175016,L5 IT,-0.42704487,0.2225006
271373,Lamp5,0.09425739,0.34573635
52005,L2/3 IT,-0.29340115,0.44175175
236261,Peri,-0.41755626,0.10445593
279901,L6 CT,-0.21383357,0.038064227
52073,L2/3 IT,0.37723628,-0.12234531
174793,OPC,0.43881664,-0.25991538
52285,L2/3 IT,-0.08388766,0.30389234
236285,Endo,0.18087551,-0.2291729
2556,L6 CT,-0.012884162,-0.26195952
174844,OPC,0.21995959,-0.02133392
236351,L2/3 IT,0.212962,0.2433319
52238,L6 IT,-0.061538152,-0.0048108567
239635,Peri,0.11460439,0.3167648
236411,L6 CT,-0.22266209,-0.099949196
250000,L2/3 IT,0.4060298,-0.4423672
236254,Endo,0.002301015,0.22957622
52443,PVM,0.1963354,0.114332005
235960,L2/3 IT,0.2915019,0.05432217
271475,L2/3 IT,0.36665848,-0.06547488
279846,L4/5 IT,0.31388506,-0.25163147
52429,L4/5 IT,0.25433436,-0.2738721
279925,Astro,-0.3307182,0.35009858
235997,L4/5 IT,-0.43288228,0.25782397
51421,L2/3 IT,0.39202163,-0.117372796
249918,L5 IT,-0.3121371,0.14077334
239684,L2/3 IT,0.009961225,0.29664943
175800,VLMC,0.18062589,0.39013097
236022,L2/3 IT,-0.4926484,0.43663052
174635,L6 CT,-0.21492517,-0.28013095
175882,L4/5 IT,0.22512498,-0.20762368
3004,L6 CT,-0.21152902,-0.21780811
174639,Lamp5,0.29889223,0.16514985
236422,OPC,-0.10792657,0.13714735
249958,Lamp5,0.21422389,0.28366825
175689,Oligo,-0.28424993,-0.07571249
279866,Endo,-0.034305327,0.22771148
52312,L5 IT,-0.04516565,0.04889761
2883,L6 CT,-0.33130845,-0.019105839
2853,L6 IT,-0.30987975,0.012816174
2743,L5 IT,0.036025085,-0.028019177
51675,Sst,0.3036243,-0.05628474
175521,VLMC,-0.44371572,0.51694745
175509,L4/5 IT,-0.24918467,0.27050695
236229,L4/5 IT,-0.18156898,0.2513838
175724,PVM,-0.28747326,-0.21434186
6129,L2/3 IT,0.077915825,0.26541075
176347,L6 IT,-0.41166934,0.09504281
271572,Oligo,0.13708195,0.066092536
234386,L4/5 IT,0.088864364,0.14264433
173605,Sst,0.05345086,-0.18150638
49873,L4/5 IT,0.319334,-0.2720901
49876,L4/5 IT,0.24398807,0.019140465
49896,L2/3 IT,-0.20525861,0.29173848
53139,Vip,-0.22337252,0.4369227
4119,L5 ET,0.09798256,-0.020283805
249563,L4/5 IT,0.28843644,-0.28759626
234499,Endo,-0.12243288,-0.042747304
177749,L2/3 IT,0.09705571,0.22131144
177684,L4/5 IT,0.17481872,0.089854464
50010,Astro,-0.13754165,0.29877713
2121,L4/5 IT,0.28897366,-0.243064
53136,L5 IT,0.2030249,-0.36550766
271712,L4/5 IT,0.10164765,0.17831473
50140,Pvalb,-0.4331942,0.2515771
177502,VLMC,-0.37019828,0.5139511
236722,L6 CT,-0.04421004,0.00625862
4076,Pvalb,-0.21611607,0.029273553
173817,OPC,0.25074944,0.24347858
50269,Peri,-0.34079063,0.09428792
50278,L6 CT,-0.018088005,-0.24331398
279669,Endo,-0.07855522,0.12995695
53071,Lamp5,-0.41332188,0.2915565
53023,Vip,-0.28359652,0.38663903
234659,L4/5 IT,0.22025618,0.07668899
239948,OPC,-0.42252067,0.34209344
108023,VLMC,0.16506335,0.37541232
177931,L2/3 IT,0.1773034,0.12878881
239990,Astro,0.09485481,0.3325617
178002,Pvalb,0.024957158,-0.25348952
234043,L6 IT,-0.23915306,-0.22229509
178326,VLMC,0.1777179,0.38572988
4453,Peri,-0.16758636,0.15075605
234126,Peri,-0.06177222,0.23726492
234128,L2/3 IT,0.20561686,0.09018038
178284,L6 IT,-0.02023729,-0.027137177
173452,L2/3 IT,0.2524872,0.10224812
2053,L2/3 IT,0.24243823,0.17655025
271140,VLMC,-0.48168895,0.52151406
4375,L2/3 IT,0.37720504,-0.36084276
234207,L6 IT,0.030867375,-0.18750636
49397,L6 CT,0.037933208,-0.10490705
236794,L6 CT,-0.11929586,-0.13086455
3970,L6 IT,-0.16363505,-0.21706413
4232,L2/3 IT,-0.26950863,0.3684539
49468,Astro,-0.318069,0.479216
187434,L4/5 IT,-0.20349988,0.24950252
250331,L6 IT,0.013153888,-0.34546188
53171,L4/5 IT,-0.40463248,0.25406775
173502,L2/3 IT,-0.046693735,0.31551442
4137,Astro,-0.00910338,0.36252353
178066,L2/3 IT,-0.010106944,0.3513154
271148,Astro,-0.3797938,0.4676067
173580,L4/5 IT,0.2639208,-0.36615658
178030,PVM,0.39931312,-0.2971056
49528,Endo,0.15444079,-0.028000133
178009,L6 CT,-0.15379736,-0.19560035
234382,L6 IT,0.11344615,-0.29765302
49464,Endo,-0.03342583,-0.10957928
3659,Endo,0.42604193,-0.4058439
3951,Astro,-0.089204066,-0.27512577
234741,Vip,-0.034311168,0.18958835
50742,Astro,-0.012873076,0.2123292
271600,L6 IT,-0.112499796,-0.17421953
52828,L6 CT,0.05799798,-0.36155412
249733,Pvalb,-0.13836738,0.14972131
50744,L6 CT,0.10472254,-0.31097212
50762,L2/3 IT,0.383925,-0.08907969
176632,Lamp5,0.46575978,-0.3208519
50771,L2/3 IT,0.28376105,-0.021612244
236643,Astro,0.33548853,-0.08711417
3774,Astro,-0.27004448,-0.18369047
279721,L2/3 IT,0.25015786,0.07507925
52796,L2/3 IT,0.33379766,-0.023972945
50776,L2/3 IT,0.3636386,-0.060054496
174085,L2/3 IT,0.055412747,0.20178257
235120,L6 CT,-0.28460935,-0.112569526
235144,Endo,-0.13341415,0.038790092
249763,L2/3 IT,0.38702092,-0.06780811
174098,Oligo,-0.105644785,-0.12165339
235166,L5 IT,0.025096513,0.09453444
176571,L4/5 IT,-0.036812566,0.17457156
271576,Astro,-0.059178464,-0.3187628
235177,L6 CT,0.049795367,-0.2996761
174137,Astro,-0.51914,0.41774443
176435,OPC,0.20164481,-0.26310351
52720,Astro,-0.33831865,0.052380905
50864,Endo,-0.026399665,0.08097164
279750,L5 ET,-0.41164395,0.03464876
50729,Astro,-0.31029302,0.48970518
174038,L2/3 IT,-0.36231777,0.32501128
235028,L2/3 IT,-0.09642624,0.27656248
249708,L6 CT,-0.25271526,0.046460852
177177,Astro,-0.0722582,0.061343893
250287,L4/5 IT,-0.32308185,0.23855512
236719,VLMC,-0.2274358,0.51086503
271187,Astro,-0.35812995,0.29900464
3904,L6 CT,-0.1633974,0.10640995
234760,Pvalb,0.27711317,-0.1873375
239916,L5 IT,0.11060075,-0.02990015
249645,L4/5 IT,0.26984683,-0.27602556
52923,Endo,-0.343974,0.35322312
236671,L6 CT,-0.19576281,-0.057363704
234803,L6 CT,-0.26092985,-0.25018093
234829,L6 CT,-0.30635902,0.026814384
50497,L2/3 IT,-0.231204,0.3047165
234737,L5 IT,0.20291165,-0.4317742
177118,L2/3 IT,-0.4272553,0.4566035
52886,L2/3 IT,0.22462091,0.2068222
271208,L6 CT,-0.09607377,0.0016560089
234924,Pvalb,0.27637658,-0.10486765
50606,L4/5 IT,0.31430754,-0.28831276
173952,L5 IT,-0.15679377,0.17280267
234977,Oligo,-0.3781501,0.050048456
176917,Endo,0.032606043,-0.26168492
52882,Lamp5,0.45592013,-0.34466305
50633,L5/6 NP,0.18513629,-0.4668295
249700,L2/3 IT,-0.3850824,0.42352036
249701,Endo,-0.1785863,0.0012384485
50667,L6 CT,0.03562186,-0.35584477
236659,Endo,0.28091034,-0.117954925
250267,Micro,-0.44057554,0.4963989
270819,Pvalb,-0.11380463,-0.07392968
46987,L2/3 IT,-0.25750658,0.42378977
181929,L5 ET,0.15585533,-0.22568317
230627,L4/5 IT,-0.2548332,0.26339218
230634,L6 CT,-0.2897003,-0.06987645
251115,Lamp5,0.2956272,-0.32049847
230638,L2/3 IT,0.35576227,0.02182625
240608,Oligo,-0.20226747,0.49246904
169199,L4/5 IT,0.14271733,0.09526907
248276,Sst,0.038675524,-0.4687372
239131,L2/3 IT,0.1699185,0.25313482
230675,L4/5 IT,-0.045305155,0.15869968
230701,Pvalb,-0.42240104,0.19508259
238734,Pvalb,-0.3516756,0.4273307
169229,L5 ET,0.092340805,-0.28697237
7376,Astro,0.2797208,-0.24966095
43529,OPC,-0.22757944,0.45009413
221,Astro,-0.31556806,0.23692207
246,Vip,0.20365551,0.03977357
184729,Astro,-0.30481791,0.43757984
56925,Micro,0.2163032,0.15227108
230717,L2/3 IT,-0.4262332,0.43953708
184693,L4/5 IT,0.26103762,-0.42355552
238707,Astro,0.3153521,-0.45430502
7334,Pvalb,-0.24078366,0.16037242
248305,L5 IT,0.115345456,-0.04967676
7280,Endo,-0.26305547,-0.18262933
7142,Endo,0.25743613,-0.22285224
230764,L2/3 IT,0.4031225,-0.41725895
184730,L4/5 IT,0.18170717,-0.078578964
57102,L4/5 IT,-0.013810836,0.22297673
184924,L5 IT,-0.37775457,0.17715757
239125,L4/5 IT,-0.3599694,0.24858074
168894,Peri,-0.042277537,0.10607611
7513,L6 IT,-0.10014292,0.010256929
43030,Endo,0.26395175,-0.15964906
230305,L2/3 IT,0.14733824,0.21719216
7460,L5 IT,-0.16765529,0.1283388
168916,Peri,0.09441201,-0.09878947
43183,L2/3 IT,-0.19292039,0.35845068
230413,L5 IT,0.24557856,-0.39311865
185469,L4/5 IT,0.23646095,-0.085509434
57282,L4/5 IT,0.22076878,0.019792242
230436,L2/3 IT,-0.17259446,0.3640543
7443,L2/3 IT,0.4109827,-0.1163982
185381,L4/5 IT,0.2750272,-0.3426241
185379,L6 IT,0.09949354,-0.3107349
43211,Vip,0.17409977,0.15260844
185352,L6 CT,-0.34227362,-0.06098117
169052,L5 ET,0.056795932,-0.22868575
185219,L2/3 IT,-0.021316312,0.27750233
169069,Oligo,0.050543107,-0.33869436
238750,Lamp5,0.45432654,-0.29611012
270463,SMC,-0.12470778,0.3166037
43261,L6 IT,-0.07359048,0.013838245
185134,Micro,0.32603422,-0.3209214
7442,Vip,0.031731047,0.0746765
279092,L2/3 IT,0.28292176,0.15345167
239124,L5 IT,0.19377187,-0.28230658
43381,Pvalb,-0.4170888,0.2745144
184622,Pvalb,-0.09997632,-0.08909188
280283,L2/3 IT,-0.08531409,0.26178148
184617,L5 IT,0.1925911,-0.3993018
270498,L2/3 IT,0.40752825,-0.3439993
44096,L4/5 IT,0.14259204,-0.047916904
169527,Peri,-0.11857029,0.21101002
660,Peri,0.26936147,-0.028532134
183994,L2/3 IT,-0.1320098,0.28874448
6904,Astro,0.079058744,-0.2236365
169567,Endo,0.06585381,0.35560617
230911,L5 IT,-0.197974,0.1059895
183935,Peri,-0.13074166,-0.2300107
238398,L2/3 IT,-0.3496869,0.34043404
56737,L2/3 IT,0.21096858,0.09102611
238382,Astro,-0.016527615,0.06597452
238354,Endo,-0.092623435,0.13371895
183879,OPC,0.13291165,-0.33820584
238351,L4/5 IT,0.3499126,-0.23869242
238322,L6 IT,-0.1237322,-0.26923156
169742,Peri,-0.35863677,0.24384217
183851,Sst,0.07438586,0.11113672
44207,L2/3 IT,0.22655728,0.10992794
183803,L6 CT,-0.14467317,-0.20564668
230920,Endo,0.106999554,-0.11680733
183762,Astro,-0.43184313,0.095649645
830,Micro,-0.30802456,0.19526319
56646,Astro,-0.08149224,-0.054728404
56592,L6 CT,-0.18825066,-0.093403056
6834,L2/3 IT,0.29561397,0.09945832
44300,L6 IT,-0.14686927,-0.19270672
270584,L2/3 IT,-0.2121315,0.42137995
184097,L4/5 IT,0.27715608,-0.059461728
251156,L5 IT,0.2053887,-0.18843569
238470,L4/5 IT,0.017100848,0.14235596
44030,L4/5 IT,0.29413208,-0.18669789
184606,L2/3 IT,0.20070639,0.18389247
169322,Pvalb,0.36335132,-0.0718164
184563,L6 IT,-0.042469613,-0.36166608
7100,L2/3 IT,-0.22508371,0.39279673
184562,L2/3 IT,0.31015238,-0.07019533
299,L6 CT,-0.03617578,-0.090632305
230796,Micro,-0.004231535,0.1936628
184556,L4/5 IT,0.29824218,-0.11084311
272676,L5 IT,-0.27240023,0.19856165
230826,L2/3 IT,0.34200123,0.054122075
7003,L2/3 IT,0.39455673,-0.13435183
272667,L5 IT,0.02638302,-0.16122572
248360,Peri,-0.098320626,-0.16228192
279139,VLMC,-0.19460717,0.50526774
43808,L5 IT,0.13441363,-0.21461315
43836,L5/6 NP,-0.32385892,0.08461456
184337,L4/5 IT,-0.38572398,0.22814564
55381,L4/5 IT,0.03653965,0.20577715
6958,L2/3 IT,-0.06380188,0.37792227
184270,L2/3 IT,-0.27299377,0.38715854
169502,L4/5 IT,0.2219406,-0.17623822
184222,PVM,-0.18490228,0.1385505
184216,Endo,0.04205004,-0.030050235
169516,Endo,-0.06826671,-0.2699033
648,L5 ET,0.12405709,-0.45344433
184153,L2/3 IT,-0.2850367,0.42856
56813,L5/6 NP,-0.21409181,-0.013891773
652,Astro,-0.37881774,0.042819187
43023,L2/3 IT,0.43229678,-0.26293463
185694,Peri,-0.21054822,-0.07789929
185710,L4/5 IT,0.2782862,-0.30207995
247920,L2/3 IT,-0.11068677,0.3400872
41813,L4/5 IT,0.15793309,-0.005973922
41838,Astro,-0.26313323,-0.08206661
8026,Pvalb,-0.24697268,0.260286
41914,L2/3 IT,-0.24977714,0.39046046
239065,L4/5 IT,0.15394565,0.09258817
186919,Pvalb,-0.3540065,0.061509058
238992,L5 IT,-0.11971732,0.12847774
41984,L5/6 NP,0.14679739,-0.45362368
7999,L2/3 IT,0.25014862,0.10163139
186894,L2/3 IT,-0.068400525,0.32240108
240789,Endo,-0.15263382,-0.13670908
58048,L2/3 IT,-0.013888381,0.28223535
168210,L2/3 IT,0.2049385,0.20146923
238970,Micro,0.022002734,-0.45624033
58032,Astro,-0.12949833,-0.021674888
229709,L5 IT,0.20901695,-0.42097077
229711,Endo,0.42084214,-0.09267299
272966,L4/5 IT,0.3014486,-0.052923307
229753,L2/3 IT,-0.29295087,0.34917304
186780,L6 IT,-0.2914039,0.072658226
168227,L4/5 IT,0.26367912,-0.08232911
186747,Sst,0.17094699,-0.2204182
238947,Oligo,-0.26044446,-0.26611635
42181,L6 IT,-0.055926733,-0.048627302
7987,L6 IT,0.034401275,-0.11606179
57956,Peri,-0.096856944,-0.16798718
41800,L2/3 IT,-0.49015,0.4473931
42218,L6b,-0.19594046,-0.2033702
187004,PVM,0.05949042,-0.12467678
187039,Oligo,-0.075493716,-0.2411687
8082,L2/3 IT,-0.12361061,0.32463345
41496,Oligo,-0.28839526,-0.28667754
167825,Pvalb,0.15834674,-0.35438958
58270,Vip,0.40441713,0.1319608
41609,L6 CT,-0.30433133,-0.11769323
58243,Endo,-0.18347088,0.4861851
41635,Peri,0.41281143,-0.27203646
187296,L2/3 IT,-0.010216795,0.23730557
168010,L4/5 IT,0.3147554,-0.2727818
58167,L6 CT,-0.14315772,-0.03305541
278969,L5 IT,0.19356695,-0.34181872
187269,L2/3 IT,0.11419562,0.21266906
273046,Micro,0.1331546,0.2898139
247877,Endo,0.21789756,-0.19555019
187221,L4/5 IT,0.10759894,0.055196688
88,Pvalb,-0.20816138,0.11075555
187200,L6 CT,-0.27707085,-0.08470793
270330,L2/3 IT,-0.08143934,0.352029
247885,L6 IT,0.109325625,-0.2304403
240820,L2/3 IT,-0.023652457,0.3523192
41754,Pvalb,0.2773945,-0.18939449
187161,L5 IT,0.18379256,-0.24302422
187154,L6 CT,-0.20682737,-0.06156455
41760,L2/3 IT,0.38270685,-0.2726042
187080,L2/3 IT,0.39033255,-0.3142006
229639,L4/5 IT,-0.14258721,0.19950108
229670,Endo,0.2269834,0.16160373
41791,L5/6 NP,0.06924353,-0.16513453
44349,L4/5 IT,0.26791963,-0.018266218
7892,L2/3 IT,0.098767914,0.26509276
186658,Pvalb,-0.10652652,0.021391375
248069,Astro,0.115571834,0.16891943
42668,L6 CT,-0.13369122,-0.15115093
168621,Peri,-0.027330779,0.4342356
57631,L5 ET,0.09973047,-0.42569587
270407,Micro,0.43022522,-0.15874042
272837,L5 ET,0.13794538,-0.2900894
168693,Endo,0.069094576,0.010332478
186033,L5 IT,0.23311743,-0.39485306
230103,L5 IT,-0.016213559,0.04991947
230116,L2/3 IT,-0.09761401,0.35445353
238808,Astro,-0.19344407,0.07075159
230165,L4/5 IT,0.31516567,-0.17330147
185951,Endo,-0.404187,0.41822252
42841,L4/5 IT,-0.17379445,0.27548578
7543,L5 IT,-0.07139256,0.12301169
238761,L4/5 IT,0.041143574,0.16265808
7521,Sncg,0.28974673,0.09587322
57500,Micro,0.4246575,-0.3529367
168784,Peri,0.19313267,-0.32054368
230220,L6 CT,-0.3643881,0.065878615
272811,Astro,0.13116375,-0.41569608
185842,L4/5 IT,-0.25154683,0.24977033
248144,Astro,-0.13644484,0.4574875
168789,L2/3 IT,0.27999815,0.09331058
57471,L4/5 IT,-0.35230795,0.26201698
185768,L4/5 IT,0.2697045,-0.44656038
185716,L4/5 IT,0.23650709,-0.13621919
270392,L2/3 IT,0.3861191,-0.1679479
42249,L6 CT,-0.21129832,-0.108830675
42660,L2/3 IT,-0.32155904,0.33940777
186278,Oligo,-0.32361022,-0.014058249
57910,L5 IT,0.055088498,-0.013238715
229840,Pvalb,-0.32599366,-0.21185185
186635,L6 CT,-0.035765283,-0.24991195
186605,VLMC,0.25969228,0.24610971
57905,Endo,-0.15160733,0.40488514
7774,L2/3 IT,0.3681343,-0.072053924
168328,L4/5 IT,-0.42478162,0.34931
186509,L5 ET,0.0460094,0.06913476
238906,SMC,0.19339934,0.08257131
42395,L5 IT,-0.36083075,0.1832202
238870,L5 IT,0.20567521,-0.3642498
238847,PVM,-0.15597272,0.08920656
181,L5 IT,-0.28978854,0.2105494
272927,L4/5 IT,0.21571663,0.07018785
229938,L2/3 IT,-0.16400048,0.39339462
186468,L4/5 IT,-0.29639778,0.25586984
251237,Micro,-0.28586122,-0.13122605
186435,L6 IT,-0.33768907,-0.1485012
7726,L5 ET,-0.27339727,-0.035774335
168357,OPC,-0.30645534,0.10969071
42445,Micro,0.16888693,-0.036056563
248033,Endo,0.3142747,0.1436594
238827,Astro,0.10244445,0.34770402
42568,L2/3 IT,-0.08518439,0.3140153
57742,Endo,0.32362482,0.22279172
57715,L5 IT,0.27204332,-0.3077236
168509,L6 CT,0.043863572,-0.3551265
270383,Astro,-0.26258174,0.21787427
56556,L2/3 IT,-0.08553063,0.38656852
184320,Vip,0.07497946,-0.017962204
238193,L4/5 IT,0.23254475,-0.09369634
56059,Astro,0.103391625,0.18298624
45317,L4/5 IT,-0.40612444,0.29445687
45336,L2/3 IT,0.045874394,0.21973912
237903,Astro,0.08954594,-0.20399447
238252,L6 IT,0.02287189,-0.19963719
6392,Endo,-0.23952189,-0.072192356
237869,Peri,0.11659513,0.10207878
231685,Pvalb,-0.13488814,-0.11704047
45387,Micro,0.31206128,-0.1665381
45393,Oligo,-0.1531159,-0.17498587
45420,L5 ET,-0.42952284,0.13395457
240471,L6 CT,0.052403368,-0.42867595
182769,Lamp5,0.10649804,0.38427988
170415,Pvalb,-0.33077493,0.2563605
237771,Lamp5,-0.3845175,0.4448115
45449,L2/3 IT,-0.2627367,-0.28710163
45517,L6 CT,-0.32574436,-0.095782295
231686,Oligo,-0.023575447,0.19220857
55793,L5 ET,0.088066734,-0.32824805
182701,Oligo,-0.22341132,0.22544448
272401,L5 IT,0.2770101,-0.30447397
55769,L2/3 IT,0.3933449,-0.06252603
170523,L6 IT,-0.08208992,0.041909203
45545,L2/3 IT,0.31339267,0.108271345
182756,Peri,0.3233706,-0.3891408
231750,L5 IT,0.081294276,-0.1283095
182852,Peri,0.24504629,0.2724516
231512,L2/3 IT,-0.0622065,0.37609133
237993,L5 ET,0.17771861,-0.4130959
56189,Pvalb,0.048446275,-0.27372608
183119,Astro,-0.32422101,0.11683963
183111,L5 IT,-0.3551504,0.17896102
231385,Lamp5,-0.23580799,0.48537597
6503,L4/5 IT,0.2156801,-0.20957302
237992,L2/3 IT,0.355503,0.057369575
272484,L5 ET,0.09695677,-0.42663318
231405,Astro,-0.1407012,0.35325894
6444,L6 CT,-0.36348453,0.03192894
231428,Pvalb,0.14017531,-0.008590894
237918,Astro,-0.07068368,0.4341434
45158,Oligo,0.15885273,-0.061725214
170295,L5 IT,0.21315274,-0.28287655
45164,Astro,-0.14530829,0.03239815
6421,Endo,-0.22253582,-0.093131945
170299,L2/3 IT,0.34009483,-0.17863627
182995,L6 IT,-0.17720756,-0.09846078
45167,L2/3 IT,-0.32307556,0.32565555
56070,Astro,0.42021194,-0.27102
170324,L4/5 IT,-0.13809878,0.2464919
250877,L5 IT,0.12074015,-0.18541326
56067,L6 IT Car3,-0.108584635,-0.23199339
182894,L2/3 IT,0.39402393,-0.2278278
231466,L2/3 IT,0.3964058,-0.2568522
972,Endo,0.14924589,0.023318602
45670,L5 IT,0.22384414,-0.37029523
1167,L5 IT,0.02282355,0.034272537
231908,L5 ET,-0.25260535,0.14031498
6224,L6 IT,-0.026693694,-0.09450959
270761,Astro,0.24396244,-0.0895343
1274,L6 IT,-0.16012412,-0.25945526
170713,PVM,0.42487058,-0.45070884
55605,L4/5 IT,0.2215313,0.0155491065
55603,L2/3 IT,-0.09645655,0.37453458
55509,L6 CT,-0.002602838,-0.32572058
170913,Astro,-0.5238922,0.5100534
232041,Endo,0.47129574,-0.46031398
279283,L6 IT,0.10584799,-0.43334454
170604,L4/5 IT,0.28967956,-0.16131915
170948,L6 IT,-0.24101707,-0.19327341
46092,L2/3 IT,0.3920193,-0.27015254
46135,Micro,-0.13654038,-0.07019521
232099,L4/5 IT,0.04090569,0.15638946
270796,Endo,0.030558683,0.37847915
182061,L5 IT,0.19975564,-0.3466231
182003,L2/3 IT,0.16088948,0.20691381
46140,L6 CT,0.04351125,-0.435171
248841,L2/3 IT,0.39110115,-0.21740232
1324,L4/5 IT,0.11325846,0.10791807
181972,L5 IT,0.10363988,-0.39384624
239327,L4/5 IT,0.2536238,-0.24754663
279288,L2/3 IT,-0.16481528,0.37201497
231790,Oligo,0.16614255,-0.1659361
182221,Astro,-0.29749992,-0.14678378
182281,L6 IT,0.06850014,-0.24349771
6344,L5 IT,0.1345807,-0.15082009
231836,Oligo,0.017449535,-0.065392
45742,L6 CT,-0.2863084,-0.16362377
45767,L5 IT,0.2318255,-0.36383504
182501,L4/5 IT,-0.37268975,0.27668682
55766,L4/5 IT,0.2881547,-0.09636854
1197,L2/3 IT,-0.450788,0.4018868
182472,L6 IT Car3,0.1257824,-0.43684006
55760,SMC,-0.30119613,0.24482314
45825,L6 IT,-0.17219827,-0.22812416
237714,Astro,0.47137418,-0.24079819
6231,Astro,0.04182736,-0.14495738
45849,L4/5 IT,-0.22585392,0.20688348
270736,Sst,0.28175238,-0.4278433
237705,L5 ET,-0.024037264,-0.057682917
237685,PVM,-0.1467711,0.48820063
237672,SMC,0.107382454,0.14019082
45873,L5 IT,-0.15819553,0.15910463
45900,L6 IT,0.10989974,-0.43377
182363,L6 CT,-0.044002883,-0.055282578
231863,Pvalb,0.22526112,-0.4307592
55624,L2/3 IT,-0.2536682,0.36485288
272341,OPC,-0.28727242,0.28261766
6233,L2/3 IT,0.017679311,0.2565383
6291,L2/3 IT,-0.3317872,0.37777528
6507,Lamp5,0.43462178,-0.105179444
231556,L6 IT Car3,-0.06731578,-0.30906674
45101,VLMC,-0.4042215,0.51781666
44774,L2/3 IT,-0.0059531555,0.27006176
6657,Astro,0.0066237226,0.41079667
183335,L4/5 IT,0.23884818,-0.24680282
183329,L2/3 IT,-0.33851603,0.29924265
44850,L5 IT,0.13294706,-0.06681864
183287,L4/5 IT,0.3345038,-0.27546063
6651,L2/3 IT,0.31449243,0.12660651
44951,L6 CT,-0.23981917,-0.14211904
239253,L6 IT,-0.094599865,-0.030689465
248605,OPC,-0.13193834,0.36895087
44985,L6 IT Car3,-0.028369717,-0.32534906
183268,Endo,-0.21216705,-0.061086044
45014,L6 IT,0.013608314,-0.3380894
231272,Oligo,-0.32030705,-0.1929753
170063,Astro,0.24075666,0.14550416
183370,Astro,0.22345278,-0.44464728
272538,L2/3 IT,-0.09107479,0.32686713
949,Astro,-0.28500214,0.45954886
183466,L6 CT,-0.088275485,-0.1536343
56459,Endo,-0.3093393,-0.22932331
183664,L2/3 IT,0.36445668,-0.23075993
907,L2/3 IT,0.3908548,-0.08547716
183649,Micro,0.35714474,-0.47372532
56437,L4/5 IT,0.24025854,-0.0032110978
238097,L6 IT,-0.10415324,0.013591958
44487,Micro,0.18394008,0.18970792
56322,L2/3 IT,0.114680864,0.20118545
183614,Oligo,-0.089630716,-0.054364726
231103,OPC,-0.26225325,0.46716234
6696,Oligo,0.20801094,-0.31951073
231170,L5 ET,0.110150255,-0.40169176
183548,L4/5 IT,0.30998984,-0.2654269
183524,L6 CT,-0.08992671,-0.10828872
6673,L6 IT,-0.18597206,-0.17675953
183478,L2/3 IT,-0.2540149,0.29975417
44543,Sst,-0.19926476,-0.09621145
56306,PVM,-0.37798545,0.08867012
52261,L5 ET,0.13540784,-0.33352897
240505,Astro,-0.12539718,0.020176066
183196,L6 IT,-0.28097716,-0.10418768
45089,Endo,-0.10709756,-0.09387456
248627,Oligo,-0.28498167,0.11834775
183166,Pvalb,-0.20140707,-0.064585075
183206,Astro,-0.40990695,0.2491198
