,cell_class,coord_X,coord_Y
232355,L4/5 IT,0.41571343,-0.07365957
111564,Endo,0.27269268,-0.17485243
234111,Endo,-0.23930451,0.056871712
19641,Micro,-0.06055656,-0.014336437
13810,Oligo,-0.05182612,-0.26457667
252239,PVM,0.07675773,0.3232782
183221,L6 CT,0.07132286,-0.18555915
118086,Sncg,0.4730255,0.059298992
74196,Oligo,0.13086128,-0.08460474
74126,Endo,-0.015258729,0.19707358
117504,Oligo,-0.01659605,-0.20178524
260875,L5/6 NP,-0.3410018,0.20433784
112575,L4/5 IT,-0.12957823,0.24488395
13793,L6 CT,0.18892497,-0.24830621
212070,L2/3 IT,0.14837527,0.31301767
118083,L2/3 IT,0.24850923,0.21466845
261100,L6 CT,-0.11999738,-0.13625684
13747,L6 CT,-0.14519638,-0.09842867
162675,L2/3 IT,-0.09240636,0.36304402
14587,Vip,-0.16329476,0.3652177
199859,L5 IT,-0.32816395,0.04793495
13801,L6 CT,0.22068858,-0.29393923
117589,Pvalb,-0.2679448,0.25271648
166730,Endo,0.27511358,0.2593845
234127,Sncg,0.41520178,0.08757484
162322,PVM,-0.045345306,-0.1972625
81324,Endo,-0.09988797,-0.09418526
201462,Endo,-0.29727167,0.13589114
81389,L6 IT,-0.3758561,0.050530255
81170,Micro,0.034974933,0.22498369
14507,L6 CT,0.23152661,-0.31679186
166983,L6 CT,0.11976057,-0.22972438
73791,L5 ET,-0.19791412,0.16834831
80797,PVM,0.14051378,0.23229867
14277,L6 CT,0.15098214,-0.27488855
166951,Oligo,-0.012040675,-0.25912344
245463,L6 IT,-0.033733904,-0.083948016
80789,L2/3 IT,0.29415405,0.18619984
167091,Endo,0.029583514,0.14268643
111941,L6 IT,-0.22602126,-0.008342892
80768,L4/5 IT,-0.12068862,0.22718048
111940,L6 CT,-0.2768977,0.10119426
19850,L6b,-0.071451366,-0.18589586
112175,Astro,-0.07436386,-0.24996912
166939,L4/5 IT,-0.0054136217,0.14561951
80745,Astro,0.013414085,-0.3270973
162435,L6 CT,0.1417734,-0.49745736
73821,Endo,0.14444816,0.00095945597
117793,Oligo,-0.00669232,-0.2246711
162589,L5 IT,0.3416139,-0.13532734
183348,Astro,0.3745538,0.11607438
117767,Oligo,-0.15901548,-0.17071992
162411,Astro,0.14142865,-0.0651387
14338,L5/6 NP,0.3936057,-0.0847289
81083,L4/5 IT,0.4188491,-0.08162728
73619,Peri,-0.2033897,0.20096529
14351,L6 CT,0.18706071,-0.41201878
19960,L6 IT,-0.17957783,0.036667824
112287,L6b,-0.08865416,-0.16190872
162488,Micro,-0.18595153,0.3452502
243302,Oligo,-0.16467702,0.08345878
243305,PVM,0.10870719,0.30797112
14234,L4/5 IT,0.30977756,-0.008214891
199724,L5 ET,-0.07074848,0.094343066
80916,Astro,0.13821667,-0.3161875
117914,Oligo,-0.1837413,-0.17654794
117912,Endo,-0.20246777,0.2833479
112108,Oligo,-0.1390973,0.020323813
19895,Astro,-0.22853196,-0.06944963
251448,Sst,-0.14706519,0.25941753
260950,Endo,0.013943851,-0.031576276
14267,L4/5 IT,0.35073948,-0.04834929
199717,L2/3 IT,-0.1879096,0.39030784
112173,L4/5 IT,-0.23445854,0.25401425
112143,Oligo,-0.04975286,-0.24682671
167012,L6 IT,-0.39821896,0.10719967
117906,Endo,-0.22181112,0.034342945
73775,L6 CT,-0.31415856,0.1650827
19884,L5/6 NP,-0.029687434,-0.047630012
14166,L5 IT,0.39781922,-0.14026007
167004,L2/3 IT,0.14311296,0.26200205
112054,PVM,0.2714644,0.30197328
112011,L4/5 IT,0.19076568,0.043812633
111979,L6 CT,-0.017023414,-0.06647259
14162,Oligo,0.24648237,-0.02235493
112161,L2/3 IT,-0.14441052,0.3193249
117882,L2/3 IT,-0.061723024,0.2512815
266351,L5 IT,0.2734697,0.10913068
167263,L6 CT,0.233531,-0.31709218
14367,L2/3 IT,0.15390241,0.31991363
81134,Astro,-0.122377455,0.20556307
13859,L6 CT,0.20957959,-0.2762454
214136,L6 IT,-0.13575482,-0.09395623
14428,L4/5 IT,0.38982737,-0.01896432
73578,Oligo,-0.46297523,-0.0038220584
73575,Endo,-0.17449519,0.25834674
74029,Astro,-0.07320747,-0.24468085
13845,L6 CT,-0.33439443,-0.012603134
118048,L2/3 IT,0.22555143,0.23100406
81279,L5 IT,0.046560884,-0.095065504
80395,Oligo,-0.25827718,-0.19357708
214126,VLMC,0.5,0.053954303
199810,L6 CT,-0.075724244,-0.11232853
13862,Oligo,-0.15793219,-0.19081062
232512,L5 ET,-0.28581038,0.20943242
212006,L2/3 IT,0.25006223,0.18943745
240016,L6 CT,0.26342285,-0.29336533
267577,L6 IT,0.13768202,-0.13416064
212013,Endo,0.1867441,-0.44550866
111641,VLMC,0.451706,0.15223694
14461,L6 CT,-0.21111554,0.09646422
81285,Pvalb,-0.23308289,0.195696
19660,L6 CT,-0.15245977,-0.06914243
80273,L6 CT,0.31192684,-0.20794591
214113,L2/3 IT,0.09902918,0.2980556
117593,L4/5 IT,-0.17389742,0.31945562
118071,VLMC,0.10546863,0.4276772
212000,L5/6 NP,0.37288713,-0.13716233
118007,L5 IT,0.3925115,-0.10455635
81196,Micro,0.3974598,0.1940692
211758,L6 CT,-0.06565446,-0.16492277
80590,L5 ET,-0.26849252,0.20840847
19711,Micro,-0.19240466,0.21210718
73880,L4/5 IT,0.39288765,-0.088861376
80549,L5 ET,0.029665232,0.0753749
214165,Oligo,-0.45587173,0.0044364333
73903,L5 IT,0.3548649,-0.16914475
166919,L5 IT,0.31171834,-0.085642666
13916,Endo,0.036712646,0.18311793
73608,L4/5 IT,-0.056566864,0.20578414
73908,Pvalb,0.102564216,-0.11817607
81144,L2/3 IT,0.10631943,0.24925733
111901,Micro,0.1587469,0.32248545
266420,L6 CT,0.13441539,-0.20703673
184818,Astro,-0.063593656,-0.24818167
261005,Oligo,0.010403633,-0.28979966
243296,PVM,-0.1683439,0.19612294
201754,Endo,0.13148606,-0.26334858
211768,Micro,-0.3319618,0.13766861
81166,L5 IT,0.31688344,-0.122050375
166886,L4/5 IT,-0.13107505,0.24782252
166881,L6 CT,0.17500854,-0.2598761
112373,Micro,-0.28363523,0.19502479
80519,L5/6 NP,-0.011377513,0.06952214
111819,Oligo,-0.028291792,-0.27730393
211763,Micro,0.19429195,-0.22709104
243733,L2/3 IT,0.1569829,0.25041878
266292,L4/5 IT,-0.049657196,0.24608159
183314,L6 CT,0.32220292,-0.2802298
164388,L4/5 IT,0.10235107,0.122033834
80100,Astro,-0.16837645,0.40332842
184366,L4/5 IT,-0.2537849,0.29262662
200369,L4/5 IT,0.03171903,0.24838555
184372,Oligo,-0.07178131,-0.048321486
77904,L2/3 IT,0.26914173,0.19250494
165145,L5/6 NP,-0.03016913,0.1019907
18369,L2/3 IT,0.03172183,0.3498686
116008,Astro,-0.19610703,0.3453799
16114,L6 CT,-0.055833876,0.020989776
16191,L6b,-0.15141246,-0.15292072
76003,Oligo,0.1616795,-0.34808218
213510,Oligo,0.16133863,-0.09484151
163889,Micro,-0.3204249,-0.06110999
165223,L5 ET,0.12743437,0.09572309
116050,L4/5 IT,0.010376155,0.24864793
232900,L6 IT,-0.42762765,0.05630642
165228,OPC,0.2397778,-0.27263707
213524,Endo,0.00618273,0.45425177
16034,L2/3 IT,0.22545034,0.23367757
232903,L2/3 IT,0.1219067,0.2766978
77875,L5/6 NP,0.30836082,-0.15667027
115968,L4/5 IT,0.06772292,0.14211357
16214,L5 IT,0.064581156,-0.051662207
114647,Oligo,-0.34559047,-0.086194366
114646,L4/5 IT,0.29996908,-0.0186328
18095,L2/3 IT,0.18244225,0.29450208
16282,L2/3 IT,0.37150252,0.04179102
164106,L2/3 IT,0.4412703,0.05170983
114641,Lamp5,0.22842485,0.29667443
200812,Pvalb,-0.35335934,0.14933795
183959,Endo,0.3835482,0.12221819
164069,L4/5 IT,-0.122213304,0.24570459
115951,Sst,0.0490852,-0.005064249
76082,Endo,-0.25587115,0.1827001
76067,L6 CT,-0.23591861,0.118130386
212848,Endo,-0.38527346,0.069040716
16262,L6 CT,-0.03439501,-0.058302104
16226,L6 IT,-0.30718464,0.084971905
18272,VLMC,0.26307565,0.31434768
240131,Micro,0.37348616,-0.10331789
240130,L6 CT,-0.4671161,0.036209166
77864,L5/6 NP,-0.00026714802,-0.059654057
77947,Sst,-0.21683916,-0.050781548
243557,Oligo,0.108867645,-0.34419018
75925,Peri,0.0013592839,0.31047976
114447,L5 IT,-0.37271804,0.14777988
18686,L4/5 IT,0.3840809,-0.063197225
245689,Oligo,0.12085134,-0.41896072
163750,Endo,-0.44555733,0.05623114
78201,L5 IT,0.048233032,-0.027196348
18731,L4/5 IT,-0.12781051,0.23781049
78232,L4/5 IT,-0.042996198,0.21068084
15848,L6 IT,-0.00065749884,-0.15174961
116294,Endo,0.034040093,0.43346864
114194,Astro,-0.36297533,-0.046803713
75569,L4/5 IT,0.3562684,-0.03592688
116316,L6 CT,0.15770233,-0.3002879
165455,L5 ET,-0.27159172,0.28721207
200238,VLMC,0.23201162,0.3349955
18784,Oligo,-0.2566794,-0.14504129
200968,OPC,0.06664181,0.22573066
78384,L6 CT,0.08466238,-0.25593323
213659,Astro,0.21643835,-0.13666582
266768,L5 IT,0.19906199,-0.13930851
78297,Endo,-0.15044025,0.45145547
114201,L6 CT,-0.32045275,0.17350644
116221,Endo,0.3164059,0.04453659
15903,L4/5 IT,-0.1556502,0.28971595
233592,L2/3 IT,0.032619536,0.3674096
213532,VLMC,0.43401122,0.19266999
18521,L6 IT,-0.18790299,0.0010967851
15988,Sst,-0.080988765,-0.014240921
232879,L2/3 IT,0.14672601,0.3206483
78048,Peri,0.027305543,0.1645714
245686,L6 CT,0.2353676,-0.2821239
243577,OPC,-0.37049365,0.13436043
78086,L6 CT,-0.16396418,-0.092256635
266815,L5 IT,0.06429273,-0.031937003
277624,SMC,0.30587816,0.0970853
75861,Oligo,0.25166643,-0.040694237
277626,Astro,0.098727465,-0.38536972
18550,L2/3 IT,0.121516764,0.2628935
212740,Oligo,0.047196805,-0.32860488
114258,Oligo,-0.20584181,-0.15102744
267257,Oligo,-0.011326849,0.050245702
165406,L5 IT,-0.0022445023,-0.0377813
15912,L2/3 IT,0.052485883,0.35924262
212785,Sst,-0.41296947,0.16504449
277151,L4/5 IT,0.41037828,-0.07915741
212884,Oligo,0.04416114,0.40761387
77545,L2/3 IT,0.40094942,0.09482163
17536,OPC,-0.106003016,0.44360912
16908,Astro,-0.27423626,0.19527334
76453,Endo,-0.20946336,-0.14211535
76987,L6 CT,-0.25938603,-0.034564167
16851,Astro,-0.002104789,0.34417474
17649,L6 CT,0.26053578,-0.3155662
243476,L5 IT,0.257608,-0.105338395
164287,L2/3 IT,-0.17422396,0.37591738
17501,Peri,0.26156628,-0.24927703
213097,L6 CT,-0.25077707,0.111970186
164594,Astro,0.41859674,0.15025347
115046,L6 CT,-0.46579266,0.026297152
17773,L5 ET,-0.17183438,0.14453703
77043,L6 IT,-0.032592684,-0.040089995
267156,L4/5 IT,-0.116260886,0.25873834
115608,L6 CT,0.16609192,-0.35815063
200654,L6 CT,0.20882493,-0.35477704
16815,Oligo,-0.27104694,0.21978515
77006,L6 CT,-0.1098361,-0.03539589
16987,L5 IT,-0.0033113956,-0.04191768
17450,L5 IT,-0.1411064,0.034247935
17056,VLMC,0.42878634,0.16311759
115349,Oligo,-0.009004831,-0.27645344
260379,L6 CT,0.048546433,-0.18845445
76626,Vip,-0.29910845,0.30182666
164385,L5 IT,0.01052624,0.100334704
115287,Micro,-0.3227064,-0.063590884
115405,L6 IT,-0.28734,0.007706523
277416,Peri,0.10164732,-0.14952883
164415,L6 CT,0.24163681,-0.2977047
115277,Oligo,-0.20210457,-0.15442678
115264,L6 CT,-0.16059464,-0.039248496
17264,Astro,-0.015456647,0.16961455
17248,L5 ET,0.33694887,-0.13390338
213226,L5/6 NP,0.28737974,-0.28844488
76695,L6b,-0.410884,-0.006556481
164482,L2/3 IT,0.16001809,0.30005378
267046,L4/5 IT,0.3757637,-0.095644385
200536,VLMC,0.44883245,0.15901822
115129,L4/5 IT,0.41279918,-0.054650724
17431,Oligo,0.09250867,-0.39263302
77097,L2/3 IT,0.2403999,0.27385592
212895,Astro,0.29705608,-0.36489186
76362,L5 IT,-0.23775852,0.09674096
184080,L6 CT,-0.1473738,-0.031322062
184010,L5 ET,0.26034504,-0.14286098
114819,Endo,0.19234437,0.16892701
184008,L2/3 IT,0.31404233,0.1937685
18063,L2/3 IT,0.10226601,0.30747646
76185,L2/3 IT,0.10511643,0.20170051
76175,Oligo,-0.122825086,-0.19563434
233440,Peri,0.20407689,0.17381889
164121,L6 CT,0.20346355,-0.16993403
114853,Astro,-0.23743698,-0.09880945
16482,L4/5 IT,-0.10278502,0.2592429
212924,Oligo,-0.22497886,-0.10173342
16397,Oligo,-0.44101602,0.0017963648
245610,Peri,0.08368069,0.12399262
114711,L5 IT,0.27379292,-0.08217889
77521,Astro,0.07052535,-0.044255614
267183,Oligo,-0.2877296,0.25348604
16386,L6 CT,-0.11413142,-0.040198624
277570,Endo,0.096473455,0.21926373
76140,L4/5 IT,0.050741374,0.19185603
277297,L4/5 IT,0.31826782,-0.032526314
76296,L6 CT,-0.010644823,-0.06766799
17919,L6 CT,0.16364348,-0.39971513
115632,L2/3 IT,0.0022782087,0.3776737
16765,L2/3 IT,0.0723232,0.33420187
16758,Peri,-0.39564383,0.1277588
114972,L4/5 IT,0.26509464,0.027911425
233383,PVM,-0.18556547,-0.1858159
277497,L6 CT,0.16797101,-0.39803082
77277,L6 CT,-0.2923506,0.03375739
267164,L4/5 IT,0.15724808,0.2015444
164728,L6 CT,-0.28726894,0.114432216
77289,SMC,-0.19504151,0.48476934
212983,L4/5 IT,0.045680046,0.19945228
200460,L2/3 IT,0.33282912,0.11926025
77302,L6b,0.124230325,-0.3074144
240162,L2/3 IT,0.39262545,0.073220074
76338,Astro,-0.44692117,0.03557366
164179,L6 CT,-0.19563013,-0.062095046
16641,L4/5 IT,-0.15998009,0.2572621
76332,Oligo,-0.120776236,0.15463823
200717,Astro,0.31907195,-0.07317519
77173,PVM,-0.13733217,0.4327548
184761,Oligo,-0.42755917,-0.090149224
252044,L6 IT,-0.16028255,-0.12995195
116360,Oligo,-0.1446391,-0.13936824
163196,Endo,0.26214284,0.29621404
266576,Sncg,0.38672656,0.096609354
260777,L4/5 IT,-0.124238044,0.29966122
117040,L4/5 IT,0.08194208,0.15671569
79645,L6 CT,-0.12157059,-0.0035707355
233956,L6 CT,0.2329812,-0.304551
113109,L4/5 IT,0.05602318,0.14027274
74685,OPC,-0.41265154,0.11762804
79623,Astro,0.31649715,-0.15335244
19261,Oligo,-0.07908437,-0.09445581
117083,Oligo,-0.079096615,-0.21093678
266546,OPC,-0.09744424,0.18040264
248314,Sst,0.26287705,-0.10234162
166385,L4/5 IT,-0.031112254,0.18321699
117104,Lamp5,-0.16735193,0.31610084
166417,L6 CT,0.119770765,-0.10293439
243666,Oligo,0.13463926,-0.41376203
74616,L6 CT,-0.39562106,0.10768157
266560,L5 ET,0.15551484,-0.42827937
232654,PVM,0.13446838,-0.00054106116
251552,L6 IT,0.19550192,-0.21620998
79603,Oligo,-0.26206857,0.22926295
74886,Oligo,0.25533718,-0.112867
166215,L6 CT,0.21851683,-0.32087058
74848,L6 CT,0.15338755,-0.23284167
184602,L6 CT,-0.35938156,0.1361618
166238,Astro,-0.2799058,-0.115799546
240060,L4/5 IT,0.3882696,-0.05362311
79500,L5/6 NP,0.31869817,-0.25644004
183555,L6 CT,0.062223315,-0.075137526
233940,Oligo,-0.22587365,-0.06330666
213931,L6 CT,0.13452804,-0.34029198
113217,L6 CT,-0.21640679,0.018354714
74751,Oligo,0.10838306,-0.3299381
201261,PVM,0.08371037,0.20455277
212270,Oligo,-0.17188957,0.17881137
79568,L4/5 IT,0.1408456,0.13836467
166294,Oligo,0.026718438,-0.2846404
79602,L2/3 IT,0.25493026,0.2308507
201279,L4/5 IT,-0.21098596,0.38679022
243351,L5 ET,-0.11371431,0.12957966
112965,L5 IT,0.048279047,0.09471828
15083,L6 IT,0.23461789,-0.23989376
166421,Peri,-0.24111667,0.30295438
14909,Endo,-0.10958207,0.17984605
14695,L5 IT,0.25826007,-0.201125
184695,L6 IT,-0.35816595,0.12945694
252191,Oligo,-0.0084733665,-0.23827463
260853,Astro,0.3880406,-0.14400542
212135,L5 ET,0.065240026,0.0073156953
166571,L6 CT,-0.15488988,-0.052533507
14654,Endo,0.22375363,-0.30880243
74324,VLMC,0.347426,0.2846514
79955,L6 CT,0.22331166,-0.35348406
277796,Astro,-0.11440787,0.25170135
112678,Sncg,0.25851393,0.22291476
199889,Astro,0.19548845,-0.1611205
166622,Endo,0.3246832,-0.045862198
74268,L4/5 IT,0.38957995,-0.0795677
80056,L6 CT,0.09826332,-0.099289745
14637,Endo,-0.010445774,-0.019046634
74212,Oligo,0.0069176555,-0.30548996
183438,L6b,-0.23395419,-0.110786736
80035,SMC,0.43958175,0.14026338
112796,L6 CT,0.2027142,-0.22478467
243331,L6 IT,0.27128023,-0.17582339
112805,Oligo,0.025863647,-0.19946265
19298,Endo,-0.22335014,0.13637996
199957,VLMC,0.19429624,0.37166417
14867,L5 IT,-0.27331313,0.18297201
213989,L6 CT,0.17986697,-0.23352948
166444,L5 IT,-0.09203696,0.11698085
184648,L5 IT,0.35408992,-0.058983028
14865,L6 CT,-0.11808118,-0.055309296
112890,L4/5 IT,-0.06881872,0.17260325
79855,Astro,0.3518874,0.21388865
245740,L6 CT,0.0046827197,-0.1366728
267515,L6 CT,0.22055459,-0.30807012
79856,Oligo,-0.30099276,0.26107895
79862,Endo,-0.23717985,0.23997915
112838,L2/3 IT,0.03504628,0.37982535
14847,L6 CT,-0.24558574,0.032561958
112806,L2/3 IT,0.149131,0.27209127
19328,L2/3 IT,0.29122466,0.18803811
232620,L2/3 IT,0.26679546,0.17292106
74425,Pvalb,-0.3440783,0.10704899
14918,L4/5 IT,0.40215945,-0.022506803
212631,Sst,0.3470912,-0.21702752
163311,L5 IT,0.39793777,-0.118306994
79375,Astro,0.07033235,0.1296711
213742,Micro,0.3923003,-0.040976822
116577,Endo,0.027604043,0.15919262
165707,L4/5 IT,0.3893085,-0.022354484
113765,Astro,0.12664789,-0.027688384
165740,L6 IT,-0.31441873,0.08720791
266714,Astro,0.26662874,0.09422821
165778,Endo,0.027079642,0.12791944
232756,L5/6 NP,-0.06260991,0.07438958
266721,Endo,0.07819128,0.087184966
163506,L5 ET,0.24975562,-0.097207844
113720,L2/3 IT,-0.06404209,0.42821723
113705,Endo,-0.11681616,0.022198915
240090,Micro,-0.06591228,0.16520911
75268,L5 IT,-0.3076893,0.14272451
75248,L2/3 IT,0.40321535,0.10289031
113700,Peri,0.06837487,0.12726837
116625,L2/3 IT,0.35070217,0.10030258
277664,Micro,0.38410956,-0.04262021
233759,Endo,-0.050241947,0.45619208
201067,L6 CT,0.23891187,-0.32501143
15603,L2/3 IT,0.37835598,0.0665043
165670,L6 CT,0.048304856,-0.15016752
200994,L2/3 IT,0.20267528,0.23832214
78462,OPC,-0.3615638,0.0048624277
78495,Astro,0.17954499,0.27236915
184478,Oligo,-0.08681333,-0.19553638
78514,Oligo,-0.0032824874,-0.26871997
18870,L4/5 IT,0.25423574,0.03663671
75433,L6 CT,0.19454849,-0.2844705
240289,Astro,0.3844092,-0.02707851
165628,Astro,0.37020516,0.06988633
200191,L6 CT,0.22653955,-0.27581847
78558,L6 CT,-0.07580191,-0.05916828
78584,L4/5 IT,-0.16547716,0.24790764
266740,Astro,-0.13415343,-0.07440707
243600,L6 CT,0.13396877,-0.4270589
78628,L6 CT,0.12770307,-0.16002527
15635,Endo,0.015910387,0.18131185
232769,Pvalb,-0.18124357,0.16057533
163541,L6 CT,0.08050984,-0.19677794
18971,L5 IT,0.2874297,-0.039378762
116632,L5 ET,0.32534957,-0.26495552
19132,L6 CT,0.4632433,0.03427291
165815,Vip,0.34708333,0.053884268
243394,L6b,0.11255115,-0.3073254
277705,L4/5 IT,-0.1444538,0.3532461
277714,L2/3 IT,0.06603378,0.22293252
200077,L5 ET,-0.0984568,0.1331023
163431,L5 IT,-0.06319055,0.020248652
163399,L6 CT,0.031531096,-0.09520295
116859,Peri,0.089883745,0.12825727
248538,L5 IT,-0.2203342,0.16185153
74979,Oligo,0.100228906,-0.339977
163466,L6 CT,0.22598112,-0.34987792
163391,L2/3 IT,0.19401675,0.2720214
79334,Oligo,-0.4490571,0.08894992
113451,L6 CT,0.28013682,-0.23375529
74958,L4/5 IT,0.40040314,-0.060556233
183594,Oligo,0.060239613,-0.27591348
15108,Micro,-0.21211225,0.1724624
163362,L4/5 IT,0.13925177,0.15200496
116919,L5 IT,0.32873327,-0.09223351
166115,L6b,-0.030906439,-0.18067932
252112,Endo,0.10783285,0.23297834
116800,Astro,0.09494001,0.2408548
75119,L6 CT,0.07768124,-0.09896815
15384,L2/3 IT,0.43308073,0.008798122
75228,L4/5 IT,0.06584072,0.13649023
184523,Astro,-0.34452295,0.15939814
163500,L5 ET,-0.012406856,0.047562957
75195,L6 CT,-0.2577027,0.038903713
116718,L4/5 IT,0.37903035,-0.009469777
201132,L5 ET,0.092448056,-0.02130574
15485,L2/3 IT,-0.2184012,0.3746584
79111,L5 IT,0.022412002,0.091157615
79163,L5/6 NP,0.23524094,-0.38029057
232745,Astro,0.26980716,0.08131802
75184,Oligo,-0.19616297,-0.14540121
79178,Astro,0.049809337,0.26068968
184535,L6 CT,-0.085090995,-0.16147852
15465,Oligo,-0.3884745,-0.050718427
75151,L4/5 IT,0.042525887,0.15985745
113605,L6 CT,0.18599916,-0.30393392
240071,Astro,0.09673309,-0.38307753
113600,L2/3 IT,-0.22290838,0.3557707
113587,L6 CT,0.22573358,-0.37215024
165880,Endo,0.09084284,0.21197832
260451,Oligo,0.11872774,-0.23111603
170608,L5 IT,0.23519707,-0.01854226
13569,L6 CT,0.009305894,-0.19974443
102307,L5 IT,0.1262936,0.022451878
91644,Oligo,0.06104088,-0.39843786
208352,OPC,-0.3238101,0.21060008
180524,L6 CT,0.022432566,-0.059118986
4577,Astro,0.06778276,0.14232641
91695,Micro,-0.08630839,-0.042643398
208335,Astro,0.2240017,-0.0987345
262643,Peri,0.19194263,0.24760067
175134,L6 CT,-0.30366406,0.010212243
4426,Oligo,-0.24221608,-0.15243739
102122,Endo,-0.18552786,0.20790476
204934,Micro,0.28661966,-0.20211512
175180,L4/5 IT,0.3819551,0.023762107
237451,L6 CT,-0.035096467,-0.069755524
91860,Endo,-0.32658887,-0.07902557
91888,Pvalb,0.04545909,-0.24508482
102051,PVM,-0.24373013,-0.09096697
175252,Endo,0.054060042,0.36673355
102036,L2/3 IT,0.30788088,0.19751406
102021,Sst,-0.23577991,0.33450097
102007,L6 CT,-0.2936877,0.10805094
102005,Peri,0.284361,0.096664846
4362,L6 CT,-0.014693886,-0.068222255
208282,Peri,-0.20762828,0.304304
101948,L6 CT,0.24219102,-0.26076847
279626,L2/3 IT,0.19954193,0.2092728
180445,PVM,-0.003870517,-0.18260628
91944,Micro,0.08363354,-0.13138136
91878,Astro,-0.0752756,-0.2805977
91614,Pvalb,0.17219335,-0.16167176
102318,Peri,0.42764604,0.11206508
91555,L6 IT,-0.33829084,0.015829325
102865,L5 IT,0.32935268,-0.12374127
174642,Sst,-0.35529822,0.18620539
279501,L6 IT,-0.29622823,-0.014086664
5013,Endo,-0.0093019605,-0.23022118
4988,L6 CT,0.23816049,-0.26219594
180625,L2/3 IT,-0.13178968,0.43397206
279523,L2/3 IT,0.12667108,0.2741512
264504,L6b,0.15237749,-0.30740702
239387,Oligo,-0.101426154,-0.09303197
91267,L6 CT,0.14657116,-0.26960212
4770,L4/5 IT,-0.1985243,0.2662329
102613,Oligo,-0.42432392,-0.10776493
237379,L6 CT,0.24303836,-0.3101169
102563,L5 ET,-0.0040646493,0.13524592
4759,Endo,0.3039297,0.17594486
208447,L4/5 IT,0.39726937,-0.05874452
102526,Oligo,-0.11776629,-0.11601043
279548,Oligo,-0.19358426,-0.1662963
102503,L6 CT,0.18719327,-0.3571204
279553,L6 CT,-0.20921412,-0.09025681
91388,Vip,0.22626841,0.24176925
4672,L2/3 IT,0.19468361,0.29874432
102439,Oligo,0.08112472,-0.39010274
174982,L6 IT,-0.19880265,0.054796815
249095,L5 IT,0.27010667,-0.06687307
237426,L6 IT,0.26486415,-0.166257
239362,Oligo,-0.28769398,-0.1006273
204861,L2/3 IT,0.14137584,0.29810774
91551,L2/3 IT,-0.043717295,0.28356087
180441,L6 CT,0.052415967,-0.19013512
175365,L2/3 IT,-0.18317789,0.41816193
175367,L5 IT,0.19103283,-0.07846609
91976,L5 IT,0.05153513,-0.045262963
205173,L6 IT,-0.3369465,-0.019563586
3898,Oligo,0.013324261,-0.3379394
180279,Peri,0.09211683,0.23817194
101368,L5 IT,0.08623284,0.0025632381
3867,Endo,-0.0867106,0.20395702
101356,L6 CT,-0.01712212,-0.09758243
244826,Astro,0.3495391,0.120333076
264260,L6 IT,-0.22478151,-0.05240345
92898,L6b,0.1639697,-0.2577941
279704,Endo,0.12671745,0.3658207
92920,L2/3 IT,0.35734415,0.12272847
101304,Pvalb,-0.051602155,0.20824933
3781,Pvalb,-0.24584994,0.2584318
92925,Pvalb,0.1332863,0.23208106
92956,L2/3 IT,0.38974506,0.0052502155
93022,Endo,0.029013157,-0.23265496
101180,L4/5 IT,0.39726627,-0.030369878
237743,L6 CT,0.23387241,-0.26362133
237748,Oligo,-0.33285788,0.05537498
207977,Peri,0.096735835,-0.341214
180234,Peri,0.09481466,0.23134327
264210,Astro,-0.3481611,0.055808246
244815,L2/3 IT,0.09959322,0.27958047
239289,L5 ET,-0.017407447,0.10703254
101038,Oligo,-0.04201597,-0.24682623
93152,Pvalb,0.011315763,-0.06950706
205275,Oligo,-0.31546152,-0.11574906
175885,VLMC,0.46242487,0.15461385
100988,Oligo,-0.2751811,-0.13064718
92754,Micro,-0.26526058,0.26996797
102872,L6 CT,-0.2714514,0.028185785
101409,L6b,-0.06644079,-0.17227152
262772,L5/6 NP,0.021174729,-0.028444141
91993,L2/3 IT,0.25449282,0.13340658
4146,Micro,-0.26562455,0.19871157
92045,L6b,-0.444435,0.0091741085
262698,OPC,0.2984829,0.2465179
4123,Pvalb,0.3996936,0.017558992
4122,L5 IT,0.1895495,-0.047041804
237588,L5 ET,-0.19216967,0.15245736
205064,Lamp5,-0.23415259,0.3705417
175454,L2/3 IT,0.19480872,0.17696846
175498,L5 IT,0.36391294,-0.099743605
239316,OPC,-0.07877126,0.32991254
101690,Astro,-0.12487733,0.46845806
4062,Endo,-0.006235689,0.009783268
175548,Endo,-0.29840222,-0.12869638
92446,L6 IT,-0.13642061,-0.012212962
101607,Vip,0.32282215,0.22508729
101598,Astro,0.022230566,-0.3206741
4053,L4/5 IT,0.061238706,0.14408624
205116,OPC,-0.37993014,0.11574817
237658,Astro,-0.2217465,0.3432094
180350,L2/3 IT,0.21600223,0.22619313
92541,Astro,-0.21663997,-0.13172725
175656,Oligo,0.028513253,-0.29902813
180335,Oligo,-0.35678637,0.13264257
101514,L5 IT,0.113167584,-0.041793108
101510,L2/3 IT,-0.046059668,0.37115282
92611,Endo,0.067680955,0.20182723
175674,L6 CT,-0.32486144,-0.028698713
208127,Pvalb,-0.10309556,0.30364358
249951,L4/5 IT,0.06867677,0.1729297
175933,L6 CT,0.21842307,-0.31553268
90974,Astro,0.079865396,-0.12110892
174577,L2/3 IT,0.064344704,0.3516237
104168,L4/5 IT,0.25149405,0.036153793
250328,L5/6 NP,-0.078145,0.1732691
236887,OPC,0.08910006,-0.33991593
89386,Pvalb,-0.43583632,0.06545925
104128,Endo,-0.16788808,0.15363997
89396,L2/3 IT,0.1481846,0.2680331
89401,L4/5 IT,0.38931012,-0.09396523
250326,L6 CT,-0.25034097,-0.03225547
104087,Vip,0.37961495,0.11003435
6218,SMC,-0.06597534,0.19229692
104059,L5 IT,0.05042368,0.035259247
104056,Oligo,-0.33910373,0.15245873
204363,L4/5 IT,0.36001515,-0.03660509
204332,L6 IT,-0.13025254,-0.0051806867
279276,Micro,0.30203933,-0.089223236
250311,L4/5 IT,0.35174406,-0.05349195
173712,L2/3 IT,0.2906294,0.20702136
103993,L2/3 IT,-0.108602315,0.38497174
89516,L6 CT,0.24003941,-0.30313486
239490,L6 CT,0.22589391,-0.26422396
279301,Astro,-0.039658695,0.4437847
208982,Astro,-0.032494396,-0.24798602
279320,L6 CT,-0.19731763,0.10933679
279322,L2/3 IT,0.22848564,0.27341115
173755,L5/6 NP,0.21917468,0.0031709075
173768,Astro,0.09474963,-0.37772942
5962,L2/3 IT,-0.1631662,0.41574645
264769,Oligo,0.11227262,-0.39140907
6195,L5 IT,0.20382357,0.04874307
6319,L5/6 NP,0.17923409,-0.46518087
104186,VLMC,0.41848165,0.19692022
6380,Astro,0.187909,-0.23277989
104564,Oligo,0.07628524,-0.33114582
88787,PVM,0.086190104,0.39313668
209182,L2/3 IT,0.123054504,0.3062811
250373,L6 IT,-0.14017326,-0.06367329
104525,VLMC,0.112442315,0.41399753
173286,L2/3 IT,0.09914744,0.30700153
88824,Endo,-0.22203699,-0.10648051
88872,OPC,0.44605947,0.10138339
104456,Endo,0.06464249,0.15950131
173301,Astro,-0.35668778,0.17062503
104428,L6 CT,0.23147035,-0.2543998
88983,OPC,0.05762458,-0.4069598
6819,PVM,0.21386951,0.29439324
6796,L6 IT,0.24019408,-0.06266478
250356,L4/5 IT,0.24632215,0.0538525
181171,L2/3 IT,0.35152227,0.15979773
204253,Micro,0.4380257,0.014793992
89119,Pvalb,-0.34142587,0.17269844
104336,Astro,0.3464219,0.14779443
104334,VLMC,0.12346125,-0.35749477
173424,L6 CT,0.19149512,-0.24299756
173446,L6 CT,0.25128382,-0.2725536
89195,L6 IT,0.033931017,-0.12663156
6553,Oligo,-0.25626528,-0.0022640824
6529,L6 IT,0.23472464,-0.20300063
104270,OPC,0.2576784,0.3049885
104203,Astro,0.113792,-0.3268939
6399,L5 IT,0.18055058,0.03537637
204324,L6 CT,0.0761103,-0.17671636
250302,Oligo,-0.3812273,0.031279325
89623,L6 IT,-0.44473788,0.045973897
180980,L6 IT,-0.36289325,0.08576679
204432,Oligo,-0.0697031,-0.23960748
90272,L6 CT,0.06225401,-0.15404367
90315,L2/3 IT,0.186854,0.26425034
239439,Oligo,0.24674958,-0.048654586
204611,Astro,0.36474335,0.20892733
180786,L6 CT,0.22819555,-0.28789306
103293,L5 IT,0.013128579,0.015345097
103282,Astro,0.21674901,-0.12572518
90387,Micro,0.16806066,0.27042812
174257,Vip,-0.14493838,0.12991679
103270,Astro,0.008185267,0.4305036
174304,OPC,0.34080982,0.17936748
204638,Peri,-0.118685365,0.30005556
237191,L6 CT,-0.08177242,-0.11961132
174318,Micro,-0.0870468,-0.11821416
5401,L6 IT,-0.2917914,0.03877586
279443,L5 IT,-0.021435946,0.062972546
174386,L6 CT,-0.032095253,-0.052349508
103133,Astro,-0.28089088,-0.13577393
174400,L2/3 IT,-0.11236903,0.32878584
5321,L5 IT,-0.14025629,0.1640358
279468,Pvalb,-0.23502758,0.2512551
5205,L2/3 IT,0.3167565,0.16245943
103004,L6b,0.01801306,-0.26618105
5163,L5 IT,0.015693605,-0.011071175
264551,L5 IT,0.33102214,-0.11737388
5147,Astro,-0.24688351,0.21174842
102925,L4/5 IT,0.4027471,-0.07492176
264539,Micro,0.40315473,-0.10461268
102905,L6 CT,-0.44184887,0.037739098
90271,PVM,-0.089142114,0.053839684
237288,L2/3 IT,-0.018452764,0.37267327
174243,Pvalb,0.16179436,0.13746047
103398,L6 IT,0.14042538,-0.19851533
103810,L6b,-0.17411193,-0.11880788
5913,Sst,-0.16567507,-0.21534699
5904,L6 IT,-0.30000222,0.046487153
204439,L4/5 IT,0.08039099,0.1743697
103745,L6b,-0.05181119,-0.19663489
237048,Peri,-0.2197392,0.22748983
173930,L6 CT,-0.24012175,0.0024647117
89785,L5 ET,0.28050697,-0.045158446
89802,Oligo,-0.28869045,-0.12828293
237073,L2/3 IT,-0.13704991,0.42379022
103602,OPC,-0.20066398,0.40653396
5694,Astro,0.051909983,-0.02374202
249042,L6 CT,0.16332042,-0.4500158
89930,L2/3 IT,-0.18680868,0.3695171
250242,L4/5 IT,0.33236325,-0.058111966
174113,L2/3 IT,0.19230402,0.22707492
90105,VLMC,0.13029116,0.38825744
174123,PVM,0.17961848,0.38608217
5555,L5 IT,-0.01629597,0.016836405
103489,Astro,0.12661874,0.14459336
208797,Astro,0.26377708,0.23862958
237131,Pvalb,-0.07785103,0.006226361
208793,Endo,0.36378175,-0.09198463
208771,Astro,-0.11871725,0.17267329
174157,Astro,0.3631752,-0.012034655
262443,L2/3 IT,0.16076815,0.19453698
5544,PVM,0.27712798,0.24112678
264673,Endo,0.2945745,-0.051351786
244253,Lamp5,-0.24892974,-0.04088053
174233,L6 CT,0.23330045,-0.23202816
104573,L4/5 IT,0.31052512,0.098603904
93231,Oligo,-0.0629707,0.16648412
100909,Pvalb,0.19004214,-0.107052386
238548,L4/5 IT,-0.17011645,0.28465933
95689,L5 IT,0.16194558,0.04222828
238550,OPC,-0.42709357,0.048579574
98554,L4/5 IT,0.33415383,0.0031815767
98515,PVM,-0.099927634,-0.21341488
179485,L6 CT,-0.035426825,-0.02644813
238560,L6 CT,0.21919513,-0.36930692
178108,L4/5 IT,-0.13585782,0.3599618
98454,Oligo,0.21324426,-0.012500107
1548,L4/5 IT,0.3632385,-0.09820536
280110,Peri,0.39684016,0.07170552
178183,L2/3 IT,0.17100781,0.2910657
95802,L2/3 IT,0.23861557,0.29093277
244664,Peri,-0.07112104,-0.06869778
178210,Sst,0.21809697,-0.23336262
95828,PVM,-0.20116904,0.30636048
206999,L6 IT,0.06473875,-0.11891878
178298,L4/5 IT,0.09118998,0.10003871
98291,Astro,0.23700714,-0.1923447
1284,L6 IT,-0.40290275,0.09053886
263284,L6 CT,-0.29065406,0.03467673
238659,L6 CT,0.14499366,-0.23616704
95890,L6 CT,0.07645321,-0.15321243
238660,OPC,0.033073545,0.41375184
1215,L2/3 IT,-0.15033585,0.4127797
239153,Oligo,0.2754286,-0.15003416
178479,L6 CT,0.19516397,-0.41134745
178500,L2/3 IT,0.19757307,0.2667926
95824,Astro,0.26585376,0.12761933
207063,OPC,0.03667015,0.27424747
205995,L4/5 IT,0.1335895,0.14205319
98656,L2/3 IT,-0.15333995,0.3608951
177709,L6 CT,0.051873147,-0.16386265
95273,Astro,-0.29936135,-0.11437017
205872,VLMC,0.36341327,0.21161324
205874,SMC,-0.22251889,0.14003766
95296,L2/3 IT,0.4242972,-0.056253433
179644,L6b,-0.47247654,0.016692638
95341,L6 CT,-0.3195718,-0.003371805
207176,Pvalb,-0.24841136,0.14035374
95370,L6 CT,-0.0055030286,-0.07933682
239190,L6 IT,-0.30670273,0.05808127
263178,Astro,0.20197558,-0.37486175
95423,L6 CT,-0.4169302,0.021346867
179620,Astro,0.29501557,-0.16003597
238413,OPC,0.360308,0.21202993
1895,L6 CT,-0.211099,0.052585423
205924,Sst,0.28459948,0.20300502
207125,Endo,-0.2881359,0.049462855
1859,Lamp5,-0.28111035,0.16245645
98721,Oligo,0.105060935,-0.4521019
249546,Peri,-0.18009672,0.2246542
263736,L6 IT,0.2365641,-0.31832147
239187,OPC,0.104602695,-0.23320904
1828,L6 CT,0.22947788,-0.29641628
1801,L2/3 IT,0.30746442,0.09114456
207104,L5 ET,0.24937963,-0.09893468
207097,L5 ET,0.22723365,-0.060724676
244666,Micro,-0.050043225,0.17222023
207071,Pvalb,-0.32170266,0.24677044
207070,SMC,-0.15252218,0.24448043
1171,L6 IT,0.3151052,-0.24560818
178504,Astro,-0.0871883,0.091643214
206159,Endo,0.15351295,-0.30889484
96108,Oligo,-0.0542309,-0.24129027
238828,L6 CT,0.04947871,-0.20194453
97628,Peri,0.14038658,0.27452058
179224,L4/5 IT,0.43425548,-0.04643321
179221,L4/5 IT,-0.145076,0.30354947
536,L4/5 IT,0.1807701,0.08212954
460,Oligo,0.01431638,-0.3112809
97549,L5 IT,-0.32861495,0.16385025
97460,L2/3 IT,0.30969006,0.14449853
263439,L6 CT,-0.19698092,-0.07997048
96752,Endo,-0.009995788,-0.09009659
274,L4/5 IT,-0.21706423,0.31576055
263450,L4/5 IT,0.36515093,-0.04756406
206416,PVM,0.1117751,0.40800852
249368,L4/5 IT,0.12079865,0.109690845
238952,Astro,0.4535215,0.033649445
179145,Peri,-0.2316117,-0.1343585
263551,OPC,0.10128641,-0.41881928
96792,Oligo,-0.18819532,-0.16270745
206642,L4/5 IT,-0.10754371,0.2996915
244600,Astro,-0.16586298,-0.15292785
206466,L4/5 IT,0.028741002,0.15782142
71,Pvalb,-0.07999548,0.11395186
179003,Micro,-0.2725026,0.30580568
97064,L4/5 IT,-0.107503355,0.18180192
179020,L6 CT,0.22170693,-0.29649767
97200,L2/3 IT,0.26801407,0.23537117
179051,L2/3 IT,0.27169937,0.21532589
206507,SMC,0.189439,0.23499727
7,L4/5 IT,-0.20794418,0.31217653
96423,L6 CT,-0.11961216,-0.09107342
279980,L5 IT,-0.33147925,0.14684063
178801,L4/5 IT,-0.16415414,0.24361247
206778,L5 IT,0.017994344,-0.37783378
178541,L2/3 IT,0.40253764,0.045021832
98127,L5 IT,0.31473106,-0.029818535
206909,Micro,0.22411275,0.19006246
96134,VLMC,0.21450746,0.34146696
206885,L6 CT,-0.22146428,-0.0020814538
999,Micro,0.23426378,0.017599225
98079,Sst,0.2471214,0.06550336
179318,Oligo,0.012309909,0.120080054
98060,L2/3 IT,0.10295969,0.3131191
96221,L6 IT,-0.24052197,0.03745097
96234,Oligo,-0.12059933,0.15129304
98007,L4/5 IT,0.23989367,0.084071994
98005,OPC,0.27324903,-0.21188399
238756,L5 IT,0.17698127,0.010222793
906,L6 IT,-0.111123145,-0.062057137
97920,L4/5 IT,0.1893422,-0.022865802
206826,L6 IT,-0.011804551,-0.1112296
249426,VLMC,0.27555823,0.2910176
178668,SMC,0.09167516,0.16138995
96304,L4/5 IT,0.0964942,0.17090905
178669,L6 IT,0.024046361,-0.04084587
238781,Endo,-0.36904007,0.10043925
97850,Pvalb,0.2515443,-0.027775228
249424,L5 IT,0.37443417,-0.122128785
96385,L6 IT,-0.2975189,0.07466692
206785,Endo,-0.014491439,-0.072502434
238812,VLMC,-0.14244038,0.49398202
97732,L2/3 IT,0.24234092,0.22748876
697,L4/5 IT,0.075459,0.20425016
178775,L5 IT,-0.0056729317,0.0068713427
3668,VLMC,-0.03634432,0.47152466
179661,L6 CT,0.033697665,-0.18653494
2091,Oligo,-0.38183492,-0.074631214
205429,L6 CT,-0.33480126,0.09583163
176420,L4/5 IT,0.12558115,0.21065062
3404,Oligo,-0.16026968,0.241153
3400,Micro,0.36387557,0.21221888
176476,L6 IT,-0.27605513,0.07326949
3376,Endo,-0.111355305,0.41503298
93805,L6 IT,-0.16036782,-0.06524992
100387,L6 CT,-0.41136527,0.09942019
93861,Oligo,-0.047086686,-0.23724407
100361,L6 CT,0.064798236,-0.22738591
279837,L5 IT,0.107171595,-0.11883187
3097,Astro,0.32263303,0.15343004
100335,Micro,0.15926564,0.36002892
3411,L5 IT,-0.00549075,-0.021320283
100333,L5 IT,-0.11214015,0.024118304
205503,L6 CT,-0.48565573,-0.0690462
179989,L2/3 IT,-0.16059661,0.37749946
93899,Astro,-0.19658968,0.12665653
93923,L6 CT,-0.18552902,-0.0053605437
100235,L6 CT,-0.4216757,0.11510897
179973,L5 ET,0.088779986,0.0068077445
179968,Astro,-0.4303767,0.034783006
279871,L4/5 IT,-0.11934477,0.2083394
176794,L6 IT,0.3183453,-0.18787369
176802,OPC,0.26116526,-0.010654002
100058,Sst,0.2709006,0.2181601
94193,Endo,-0.32613516,0.24045885
2752,L4/5 IT,0.3782478,-0.06079954
3096,L5 IT,-0.15826562,0.20044899
93732,Oligo,0.11534166,-0.331357
264115,Micro,0.25476247,0.16329902
3422,Pvalb,-0.25351268,0.20227808
264193,L6 IT,0.18268597,-0.12402853
176023,L4/5 IT,0.20999599,0.012933075
180184,Pvalb,0.17187291,-0.016729444
176038,L2/3 IT,0.2725823,0.15885389
249868,OPC,0.2667212,-0.2100273
93397,L2/3 IT,-0.11609754,0.39340198
207880,L6 IT,-0.4402408,0.066559374
205326,L2/3 IT,0.29239672,0.20173907
207878,L5 IT,-0.20665577,0.120033205
93460,Pvalb,-0.20121336,0.28177047
100792,L4/5 IT,0.35070086,0.017872095
93464,Endo,0.030463457,0.18454218
176177,Micro,0.048162222,-0.13757688
93483,Astro,0.06332612,0.13238287
176227,L6 CT,-0.08558902,-0.027517706
205367,Endo,-0.18094277,0.3969347
249826,Pvalb,-0.2247316,0.18688935
205372,L2/3 IT,-0.116942376,0.37106824
237841,Astro,-0.3663848,0.16781092
100669,L6 CT,0.19636226,-0.34528965
176262,L5 IT,0.22918439,-0.10894224
180097,L4/5 IT,-0.13745892,0.2505356
264128,Astro,-0.1624664,-0.052323014
100632,L4/5 IT,-0.113588214,0.26226187
176305,Astro,-0.33339244,0.12738359
93634,Oligo,-0.0516859,-0.056476563
93636,L4/5 IT,0.34379017,-0.013454288
93637,L2/3 IT,-0.12811917,0.42061335
93646,Astro,0.31933445,0.07080823
238101,L6 CT,0.073999345,-0.2001158
94259,Vip,0.38305312,0.0097562075
279889,L4/5 IT,0.22207683,0.06440765
99931,Astro,0.16056335,-0.075540304
177256,Oligo,-0.20668072,0.089249074
238238,Astro,0.06939083,-0.38914344
99513,L5/6 NP,0.22007549,-0.04918906
94855,L2/3 IT,0.35951942,0.011747599
2446,L6 CT,-0.18247727,-0.025138795
99470,L2/3 IT,-0.18889558,0.41592103
207347,L6b,-0.2799625,-0.052121818
99406,Astro,0.14946848,0.37450612
263851,Astro,-0.28216746,-0.11115003
2344,L2/3 IT,0.33899087,0.18975365
94955,L6 CT,-0.39793926,0.039708436
177365,L6 CT,0.25301623,-0.27146786
238283,Endo,0.21162736,-0.112537384
95087,L6 CT,-0.13703132,-0.1041134
177427,PVM,0.19158977,0.36516666
2257,Oligo,-0.29114276,0.12661391
207271,Oligo,-0.23507142,-0.083051115
2243,L6 CT,0.17052764,-0.24105188
95189,L4/5 IT,0.070539236,0.205347
249223,Astro,0.055671036,-0.3227807
279967,L2/3 IT,0.33517528,0.06739992
2163,L6 CT,-0.023620993,-0.06398818
2136,L2/3 IT,0.07604998,0.20592612
2132,L4/5 IT,-0.11332023,0.25079942
95221,Oligo,-0.12620768,0.12294996
98984,VLMC,0.48897195,0.10340804
95238,Oligo,-0.19635022,-0.16253787
95253,Astro,0.13495564,-0.37858987
205849,L4/5 IT,-0.029181391,0.15660256
263083,L6 CT,-0.119507074,-0.045435578
207233,Oligo,-0.033726424,-0.27748263
94793,Oligo,0.05727184,-0.36194986
238233,L6 CT,0.22748607,-0.38932884
94290,L6b,-0.3698649,-0.016470999
205625,Pvalb,0.13745862,-0.20546776
176962,L6 CT,0.16923606,-0.33998016
179878,L6 CT,-0.09650135,-0.04743433
99887,L6 CT,0.20251417,-0.3325798
99880,L6 CT,0.23292881,-0.22979692
99873,L4/5 IT,0.2357592,0.049076855
176988,Peri,0.08250356,-0.41549337
99831,L6 CT,0.19234252,-0.43134236
94426,Lamp5,0.19627786,0.24063879
94437,L2/3 IT,0.1590364,0.31558746
2659,Oligo,0.13308597,-0.3838122
238132,OPC,0.10709369,0.0858984
2635,L6 CT,-0.12506485,-0.044895202
99769,L4/5 IT,0.047502637,0.20348227
94513,Sst,0.14683491,0.25297385
177124,L6 CT,-0.10497451,-0.1084345
2567,VLMC,0.29603678,0.26074052
2561,Oligo,-0.10405862,-0.19207343
263919,Oligo,-0.27841234,-0.09953016
249651,L6 CT,-0.26640287,0.043470025
2530,Endo,0.016488314,0.347431
94613,L2/3 IT,0.4431507,0.0008084774
177158,Astro,-0.21505192,0.14664525
99687,Peri,0.2138375,0.015093625
239231,L2/3 IT,0.3176614,0.15365475
99681,OPC,0.1593405,-0.0042226613
94693,SMC,0.22854966,-0.0043527186
207415,L5 IT,0.394148,-0.17378572
99628,L5/6 NP,-0.07377154,0.17367524
104583,L2/3 IT,0.12511837,0.25094414
88738,L5 ET,0.24788165,-0.10403997
104602,L6 IT,-0.42750663,0.0075460076
235096,L2/3 IT,-0.2141957,0.34824318
109512,Endo,0.14964068,0.22080594
210849,L5 IT,-0.012334377,0.13533527
109502,L5 IT,0.20969218,0.015497804
83800,Oligo,-0.111605704,-0.082055956
11633,Endo,0.39963037,-0.09175861
11624,L6 IT,0.28676528,-0.11651179
83871,L6 IT,-0.098266065,0.103030026
169385,L4/5 IT,-0.08956066,0.276717
109346,Astro,0.41024935,-0.13677403
109334,L2/3 IT,0.27755153,0.17702812
11587,Micro,-0.11181322,0.3513295
261472,Oligo,-0.2894447,-0.058656752
83769,L5/6 NP,0.34658086,-0.23631376
11568,Oligo,-0.4201541,-0.003184706
84030,L2/3 IT,-0.11155835,0.32196283
109269,Astro,0.38035524,-0.014551401
182520,Astro,0.21566397,-0.20064509
84075,L6 IT,0.026700616,-0.06126824
261483,L6 IT,0.24277216,-0.26480386
261512,Pvalb,-0.20500827,0.28105485
84111,L5 IT,0.24050093,-0.052356362
109149,Oligo,-0.14911774,-0.17872787
109148,L2/3 IT,0.17671293,0.23165882
169574,L6 IT,-0.17020378,-0.08330312
210750,Pvalb,-0.12430075,0.49266934
84158,L6 CT,0.22439897,-0.3402055
11443,L4/5 IT,0.33131164,-0.002678603
210784,L6 CT,0.20054907,-0.28389373
83736,SMC,-0.15823188,0.43843544
278224,L4/5 IT,-0.07770413,0.27409935
83735,Endo,-0.19071323,0.11980438
83281,L6 CT,-0.16852337,0.079974234
251153,L6 CT,-0.005860716,-0.026369512
12044,Vip,-0.3332833,0.16111398
12043,OPC,-0.43830475,-0.04760903
168967,L6 IT,0.088000596,-0.13680258
83407,L5/6 NP,-0.064429075,0.058469355
109763,L2/3 IT,0.4231935,-0.011308312
11926,L4/5 IT,-0.09454253,0.2706387
169024,L4/5 IT,0.2511201,0.11176044
11885,L4/5 IT,0.22246099,2.9802322e-07
83474,L6 CT,-0.0506289,-0.28127772
11871,Endo,-0.29058826,-0.066529155
202449,Astro,0.14216721,-0.37541026
11861,Oligo,-0.29734612,0.19041526
169086,L5 ET,0.12599123,0.029427946
202459,Endo,0.133829,0.13678181
210972,Peri,0.15645468,0.07885361
169108,L4/5 IT,0.35917914,-0.044545203
83532,L6 IT,-0.10503486,-0.071065485
83551,Oligo,-0.44840407,-0.037062943
109630,L6 IT,-0.13720053,0.077482104
265840,PVM,-0.093321055,-0.19642648
235057,L5 ET,-0.18112111,0.17620695
11763,L5/6 NP,0.03900808,-0.019141465
83728,Pvalb,-0.04216844,0.3867789
83730,Astro,0.25728416,-0.26974154
109578,L6 CT,0.16616106,-0.32793206
109571,L4/5 IT,-0.24111992,0.27067065
11734,L6 CT,0.21037239,-0.18122977
109129,Astro,0.22445351,0.3353548
265762,L4/5 IT,-0.19360682,0.24952203
109119,L6 CT,-0.026539236,-0.18913692
84184,L4/5 IT,0.37287766,-0.031821996
84752,L5 ET,0.24338806,-0.15998021
108626,L6 CT,-0.26190913,0.0975917
261582,L2/3 IT,0.19353408,0.2583068
170006,L5/6 NP,0.30696183,-0.10149369
170010,L5 IT,0.3631332,-0.095772
84795,Astro,0.18102205,0.34646505
84811,Peri,0.31424004,0.15392298
108512,L6 IT,-0.43088233,0.06511128
84868,Micro,0.27028835,-0.21436903
108466,L6 CT,-0.18011951,-0.0139018
10666,L2/3 IT,0.26120162,0.19772053
84890,Oligo,-0.0015057623,-0.2810483
170102,L6 IT,-0.27914947,0.014179945
84948,Oligo,-0.09534755,-0.19730353
84953,L5 ET,0.34413564,-0.13510165
210468,L2/3 IT,0.16007686,0.2378825
84986,L4/5 IT,0.041896045,0.16765225
108417,PVM,0.2013573,-0.151694
108413,L6 CT,0.10839307,-0.1768854
202879,PVM,0.18217564,0.33789462
265636,Endo,-0.00070023537,0.31357425
108340,Pvalb,-0.08430445,0.1623528
85076,Astro,-0.3554827,-0.056967825
85083,Astro,0.11105293,0.09138107
10564,L4/5 IT,0.36934185,-0.074033886
85123,L5 IT,0.3956672,-0.106301785
261625,L6 CT,-0.093611985,-0.10889423
278438,L6 IT,0.08468914,-0.16049325
85187,L2/3 IT,-0.01262486,0.2813906
235400,L5/6 NP,0.0011751652,-0.067643285
168888,Oligo,0.069824934,-0.40402552
239799,Micro,-0.1911138,0.39121258
11098,Sst,0.09994733,-0.08492878
261517,Oligo,-0.144494,-0.11241916
11438,L5/6 NP,0.26500982,-0.13164032
265752,L6 CT,-0.21687773,-0.05710718
84299,Endo,-0.23436731,0.05159241
84305,L4/5 IT,-0.015280247,0.23806769
169640,L2/3 IT,0.20822561,0.13993484
169646,L6 IT,-0.3868169,0.12953311
245252,L2/3 IT,0.33826882,0.10363662
109054,Oligo,-0.30355725,-0.011704564
108993,L4/5 IT,-0.04999441,0.16612697
202705,L4/5 IT,0.19077122,0.20909142
248774,L2/3 IT,0.16308892,0.23870021
210664,L2/3 IT,0.2669378,0.14859897
210661,L5 IT,0.18564773,-0.041217506
11320,Endo,0.041816115,0.12235689
169733,Astro,0.09480363,0.23051214
11266,L4/5 IT,0.06613976,0.17691141
182431,Astro,0.11912584,-0.38483852
210613,Endo,-0.008517444,0.25061238
248786,L6 CT,0.03002578,-0.17912367
108816,Astro,-0.0012924671,0.40871376
169809,Endo,-0.03461626,0.09798068
210601,L2/3 IT,0.22648048,0.22251129
261547,Astro,-0.3267764,0.20682001
11191,Astro,0.46546125,-0.057141542
210594,L2/3 IT,-0.028656453,0.32471395
202775,Endo,0.17451209,0.11474717
108712,L5 IT,0.052748024,0.0061698556
84698,Astro,-0.09529436,0.39883804
108680,L2/3 IT,0.15587366,0.30073726
85193,L6 CT,-0.19141313,-0.18394265
83189,Oligo,0.14697146,-0.22420985
83171,L2/3 IT,0.1397028,0.27919036
110998,Oligo,-0.20791134,-0.1115599
13181,L5 IT,-0.1364218,0.105003774
202025,Peri,-0.3566056,0.12061858
202027,L6 CT,-0.15711516,0.0099925995
234548,Sst,-0.07172015,0.34811628
81851,Oligo,0.12420249,-0.32255647
110916,Endo,-0.44479108,0.0228737
183003,L2/3 IT,0.2933029,0.23623782
211493,L6b,-0.4399847,-0.0037246644
234553,L4/5 IT,0.27321225,-0.010103375
81907,Astro,0.14438117,0.3096832
278010,Oligo,0.088698745,0.062454283
110870,L4/5 IT,0.33417082,0.025646865
202019,L6 CT,-0.32796258,0.14226526
81994,L6 CT,-0.29350555,0.16243166
278011,L2/3 IT,-0.15576813,0.38563162
168188,L4/5 IT,0.036067724,0.15440935
82099,L5 IT,0.28907365,-0.0853259
211435,L6 IT,0.090945184,-0.12775597
110820,L4/5 IT,-0.22121316,0.30121857
168192,L6 CT,0.18946254,-0.26148862
168204,L4/5 IT,0.10908908,0.16118407
168219,L4/5 IT,0.025542319,0.21226591
110795,Oligo,-0.017675728,-0.040624797
211398,L2/3 IT,0.2941848,0.06652194
211391,L2/3 IT,0.1056937,0.29794508
82304,L5 ET,0.04889238,-0.0012694597
234609,Astro,-0.24560189,-0.09642932
82000,L6b,-0.27888888,-0.108018935
234511,L6 IT,-0.052839965,-0.11722964
13206,L6 IT,0.05212778,-0.09695476
202008,Pvalb,-0.11287677,-0.036547452
13558,L6 CT,-0.186917,-0.07930711
13531,Endo,-0.30392346,0.2983712
111406,OPC,0.25441194,0.28776306
251367,L2/3 IT,0.37052298,0.06317413
111400,SMC,-0.328649,-0.029715598
167555,L6 CT,-0.0005111098,-0.14942563
183146,L6 CT,-0.108356774,-0.07479024
81563,L5 IT,-0.36909083,0.1544931
183144,L4/5 IT,-0.0044365227,0.21567756
277951,SMC,0.32559353,0.10305148
13481,L6 CT,-0.38892192,0.131334
167631,L4/5 IT,0.38551134,0.04930359
111269,L6 CT,-0.18558097,-0.0601888
81625,L6b,-0.2105029,-0.0873622
183103,L6 IT,0.23390824,-0.22523159
261165,Micro,0.27888763,0.23325145
81691,L4/5 IT,-0.03277093,0.19940895
277968,L5 IT,0.014177024,0.09161365
234489,Endo,-0.043909878,0.43728727
167785,L6 CT,0.11519772,-0.06916362
111137,L2/3 IT,-0.08337921,0.36397797
111135,L6b,-0.0063480735,-0.2193515
111122,L2/3 IT,-0.13707379,0.37017208
167811,Oligo,0.024028242,0.13063473
234498,L6 IT,0.32436472,-0.18116957
13227,L4/5 IT,-0.054652512,0.22590846
261174,L6 CT,0.12885427,-0.31344315
261176,L2/3 IT,0.23496968,0.25976235
13210,L5 ET,0.26357096,-0.049066424
110742,Oligo,0.015286982,-0.29865068
168294,L4/5 IT,0.09218258,0.1316669
278042,Endo,-0.20617631,0.07751608
110713,L2/3 IT,0.10491902,0.23807532
82801,OPC,0.101486444,-0.06315172
168583,L4/5 IT,0.0922246,0.14433885
202265,Endo,0.19100088,0.080934405
12449,Oligo,-0.07058275,-0.23341203
202280,L6b,-0.2963059,-0.08028972
110243,Astro,0.24600399,0.04709637
82879,L4/5 IT,0.35476077,-0.034149498
261300,Endo,-0.13386112,0.28597194
12442,L4/5 IT,0.0739826,0.21015602
82908,L4/5 IT,0.37636966,-0.0732646
12399,Astro,0.11259502,0.34727162
12366,L2/3 IT,-0.05757138,0.4049762
83019,Endo,0.1420713,0.3823933
110122,L4/5 IT,0.33828312,0.0096873045
245344,L6 CT,0.21625525,-0.225209
83022,L4/5 IT,0.2525571,0.061621666
110115,SMC,-0.04112664,0.009541392
168697,L2/3 IT,0.01322341,0.30047876
83048,Endo,0.37629813,0.034177423
234835,L6 IT,-0.2926124,0.05422932
211126,L6 IT,-0.25618124,-0.021779627
12235,Astro,0.12986553,0.23786283
211103,Oligo,-0.19979343,-0.045510143
265948,Oligo,-0.051843554,-0.22769293
211099,L6 CT,0.20385313,-0.3183134
168818,L5 ET,0.28175914,-0.15011021
278160,Sst,0.06880033,0.23471016
234887,L6 IT,0.026961267,-0.020599157
12214,Astro,0.06537551,0.3733436
202252,Vip,0.05854118,0.36190695
234902,L5 IT,-0.18798351,0.012094796
12559,L4/5 IT,0.288931,0.031484008
110362,Endo,0.09883714,-0.06414497
82379,L4/5 IT,0.20489681,0.116936445
110703,Oligo,-0.055955797,-0.25850976
202145,L5 IT,-0.2678641,0.14190018
82380,Oligo,-0.017964065,-0.22670591
261252,L5 ET,0.19572228,-0.5
82403,Micro,0.24285895,0.2262643
261255,L2/3 IT,0.27048832,0.21150434
82410,Endo,0.3139854,0.0028547049
12728,L4/5 IT,0.37897158,0.0009889007
168359,L6 CT,0.2317366,-0.31016535
82513,Pvalb,-0.22825435,0.26286948
211283,L5 IT,0.36968803,-0.1373283
251234,Astro,0.121539354,0.39462566
12669,L2/3 IT,0.37014592,0.116137445
168380,L6 IT,0.21384114,-0.20091763
82521,L5 IT,0.39782673,-0.16030568
168386,L5 ET,0.2221241,-0.08693665
168391,L6 CT,0.21791726,-0.2676105
211241,Oligo,0.038778067,-0.27258396
202215,L6 IT,-0.3676018,0.1160357
202217,VLMC,0.24881333,0.32705897
202221,L5 ET,0.17748475,0.0033048391
266038,Oligo,-0.022054821,-0.2529617
168492,VLMC,0.16169655,0.40038145
82642,L5/6 NP,0.2922755,-0.1058273
82670,L5 ET,0.19504005,-0.05867216
278093,Endo,-0.25397277,0.29402316
239925,L5 IT,0.013523638,0.0146631
211207,Oligo,0.119470835,-0.027300954
82765,Endo,0.12043303,0.12865078
108195,L6 IT,0.19129741,-0.42917645
261651,L6 CT,-0.19396019,0.05463451
108165,L4/5 IT,0.17270833,0.16890574
250546,Oligo,-0.25871685,0.060901523
105761,OPC,0.31268096,-0.05049777
87482,L6 IT,0.21635312,-0.29584116
245073,Astro,0.09775877,0.37330806
105748,VLMC,0.20071107,0.3444174
8179,Oligo,-0.39858425,-0.06158185
172097,Micro,-0.33235443,0.16972864
250544,L6 CT,0.054488063,-0.1459589
87511,L5 IT,-0.10905343,0.09210366
87529,Sst,0.256334,0.2210173
203759,L6 CT,0.2149105,-0.26878947
244135,L4/5 IT,-0.23726544,0.30488807
239633,L5 IT,0.34694272,-0.06419146
181579,L2/3 IT,0.11517161,0.17010957
105648,VLMC,0.36249542,0.24761117
87594,L4/5 IT,-0.20398587,0.3194204
105546,L2/3 IT,0.19992942,0.28790945
87613,L6 CT,-0.19264692,0.02958554
209517,Astro,-0.4102376,-0.041275382
209514,L5/6 NP,0.30633837,-0.13228929
105531,Endo,0.17177397,0.09102702
172183,Endo,-0.1923562,0.41949624
209506,L5 ET,-0.030494839,0.10512632
172184,L5 IT,-0.19934031,0.22457159
203832,Sncg,0.16621625,-0.36622697
172187,Pvalb,0.06757897,-0.27320975
236298,L5 IT,0.36881357,-0.108932406
236303,L6 IT,-0.36719957,0.009496629
105551,Pvalb,0.11969364,-0.05316791
209597,VLMC,0.10245329,0.41279137
172021,L5 IT,-0.17613822,0.06903815
278887,Endo,0.091896534,-0.37941617
8779,L5 IT,-0.1247935,0.014774203
209770,Astro,0.18716365,0.38168573
171690,Pvalb,-0.2104181,0.28310013
181716,L6 CT,-0.085072994,-0.10138029
8709,L4/5 IT,-0.16644683,0.248079
8684,L2/3 IT,0.020754755,0.3659184
106238,L6 CT,0.20590419,-0.18077603
171738,PVM,-0.216376,0.41940594
8555,L5 IT,0.23952442,0.007129967
8529,L6 CT,0.11920208,-0.075704515
203629,Micro,0.39471805,-0.05421433
87203,Pvalb,0.080296636,0.20127982
106143,Oligo,-0.087350935,-0.17351875
171848,PVM,0.060886502,0.21332002
106068,L5 IT,-0.006913215,-0.078455925
106055,Vip,0.3916201,0.05402744
248916,L6 CT,-0.14849359,-0.019595712
87264,Pvalb,-0.03232047,0.34744072
8388,OPC,-0.37226784,-0.04466495
171940,PVM,-0.46293592,-0.11609337
171949,Astro,0.14444429,-0.014936626
105958,L2/3 IT,0.41708863,-0.04629466
250562,L5/6 NP,0.2719754,-0.10978454
209652,L6 CT,0.19278878,-0.2917986
265170,L6 CT,-0.1926991,0.049023032
209642,L2/3 IT,0.19927245,0.26767176
105897,L6 CT,0.17064446,-0.27931273
239649,L6 CT,-0.2878126,0.12820035
87358,L4/5 IT,-0.22536406,0.27145845
87656,L4/5 IT,-0.13808995,0.30108094
87676,L2/3 IT,0.21672732,0.22509938
105448,L4/5 IT,0.033003986,0.18924296
105446,L4/5 IT,0.018019319,0.16137612
204004,L4/5 IT,-0.015945911,0.23614287
88240,Endo,-0.1354754,0.19884968
236537,Endo,0.3024693,-0.03926173
88272,L4/5 IT,-0.07827398,0.2554955
7422,Oligo,-0.3153496,-0.07779768
204022,L6 CT,0.17116654,-0.2756158
204028,L6 IT,0.052962422,-0.16483462
239559,Peri,0.23916328,-0.16540629
172885,Sncg,-0.16468886,0.4589398
88324,L6 CT,0.17666626,-0.3192086
236604,L6 CT,-0.0039310157,-0.07497221
7207,L2/3 IT,-0.14411315,0.31214517
104831,Oligo,0.0015879273,-0.3054033
172981,Endo,0.22186792,0.023247123
88477,L5 IT,-0.3156801,0.21485072
88485,Astro,-0.14311618,-0.14694574
104788,Micro,-0.38189846,0.017748892
181280,L4/5 IT,0.21406502,0.14753366
88532,Vip,-0.12948605,0.46132165
7144,L4/5 IT,-0.059416115,0.18908882
250420,Peri,0.002687335,0.21989518
173077,Oligo,0.04378873,-0.29709432
88582,Endo,0.016807556,0.33614457
7116,L6 CT,-0.068247914,-0.08052382
181248,L4/5 IT,0.0026846528,0.17895001
88604,Oligo,0.03872347,-0.3089346
250405,L5 IT,0.053992033,0.085259736
88714,L2/3 IT,-0.14440751,0.4245913
173202,Micro,0.09518474,-0.07163721
7461,L2/3 IT,0.23446381,0.2660929
8795,L5 IT,-0.052039355,-0.017861366
88161,L4/5 IT,-0.08186874,0.25245535
172715,L5 IT,0.041732192,0.10794687
181483,L2/3 IT,0.289469,0.17956054
105408,Astro,0.15708774,0.23853028
105395,Oligo,-0.05786261,-0.2000632
172289,L4/5 IT,-0.24055928,0.31222546
250508,L2/3 IT,0.087795556,0.33696944
262117,Micro,0.19459319,0.14091146
181473,L2/3 IT,0.2134341,0.27145094
87775,L2/3 IT,-0.18560606,0.4373991
87790,L4/5 IT,-0.19247869,0.2965305
172390,L2/3 IT,0.09149057,0.24924314
87851,Oligo,-0.27859354,0.1775415
105239,OPC,0.07695633,-0.37133577
7854,Oligo,-0.12566882,-0.17422971
7821,VLMC,0.12536937,0.3965484
236427,L5/6 NP,0.2791084,-0.14486054
172550,Astro,0.16103184,0.01585722
262170,L4/5 IT,0.26758415,0.087509334
262173,Astro,-0.19754705,0.2708109
7768,L6 CT,0.1777727,-0.24927598
181415,Peri,-0.18276545,0.38649577
172559,L4/5 IT,-0.032310635,0.20274216
88034,Oligo,0.26975322,-0.23977304
7731,L2/3 IT,0.14188409,0.32938862
88059,Oligo,-0.0010016263,0.123877704
88065,L2/3 IT,0.14790678,0.2466842
88067,Astro,-0.34199083,0.20488578
105058,Pvalb,-0.2364724,0.23102778
279036,L6 CT,0.04922396,-0.1477313
7647,Endo,0.38350946,0.1430775
7600,L4/5 IT,0.1073038,0.18019909
171678,L2/3 IT,-0.19702601,0.3611126
261956,Micro,-0.07767427,0.32453942
106343,L2/3 IT,0.16259003,0.2759424
245181,L6 CT,0.03918016,-0.09673005
239756,L2/3 IT,-0.21884784,0.4233998
85891,L6 CT,-0.28395826,-0.0136143565
170726,Oligo,-0.09847748,-0.24865979
170751,L4/5 IT,0.126719,0.1315915
235748,L6 IT,-0.046484113,-0.07082063
9621,Pvalb,-0.229536,0.27057493
170773,OPC,0.12378216,-0.17434677
170779,L4/5 IT,-0.12700716,0.27111775
250794,L6 IT,-0.31386685,0.0033040047
107496,Peri,-0.000605613,0.14037263
86028,Endo,0.080430984,0.21447355
86035,L6 IT,-0.30316162,0.12184447
86041,L6 CT,0.21306676,-0.22985741
9616,VLMC,0.2880053,0.30369717
210163,Oligo,-0.15084803,-0.20491952
181994,Pvalb,-0.16543126,0.2515658
9550,Oligo,-0.029273123,-0.25413132
107430,L6 CT,0.19206661,-0.32547694
181974,L6 CT,-0.08142704,0.018021166
107415,L6 CT,0.262003,-0.3088284
248850,L6 CT,0.20013624,-0.36302355
9497,L6b,-0.4311095,-0.03728515
261794,L4/5 IT,0.18522948,0.11029947
250773,Endo,-0.024636447,0.2537884
210143,Oligo,-0.24430338,-0.14793444
107335,VLMC,0.18824029,0.36696917
203285,L4/5 IT,-0.22147825,0.27351558
261804,L4/5 IT,0.27940768,0.036759913
85783,Endo,-0.0048617423,-0.2867231
107316,L6 CT,-0.05587843,-0.1326532
9688,Pvalb,-0.071419775,0.17376941
107621,L4/5 IT,0.38512194,-0.0004954338
278455,Astro,-0.34528792,0.16387516
10465,L4/5 IT,0.09951073,0.18596232
85294,Endo,0.32359374,0.1870594
202968,OPC,0.32814115,0.11118156
108064,Astro,-0.42470607,0.052559853
85365,Astro,-0.2836255,-0.118445784
107966,L5 IT,0.004122436,-0.071343064
10289,Peri,0.17283338,0.076691926
250862,L4/5 IT,0.03332758,0.19653845
10266,Oligo,-0.19239837,-0.10661048
170398,L6 CT,-0.2622878,0.039429903
203007,L2/3 IT,0.37503278,0.0587852
107877,Micro,0.19057548,0.34975153
170449,OPC,-0.35561824,0.12795657
10204,L2/3 IT,-0.17951754,0.39778918
107847,L5 IT,0.02611202,-0.044641107
85490,Astro,-0.35905224,0.103973985
245200,Oligo,0.02312988,-0.25088567
170547,L6 IT,-0.2476238,0.004520297
85587,PVM,-0.1836215,0.25749844
9884,L4/5 IT,-0.096491516,0.20923543
9865,L6 CT,-0.0075468123,-0.15042952
235672,L2/3 IT,0.16530019,0.29639655
107691,L5 IT,-0.14137891,0.19630903
85691,OPC,0.32739323,0.017178714
235691,Oligo,0.056076884,-0.37240764
278586,L4/5 IT,0.18568271,0.1165238
9726,L6 CT,-0.21262431,0.0639289
107630,L6 CT,-0.17101318,-0.07408771
250807,L4/5 IT,0.3119073,-0.02656743
81416,VLMC,0.18986559,0.36761189
181939,L5 IT,-0.15995368,0.15569544
244021,Peri,-0.17442694,0.2378838
86577,L2/3 IT,0.11433828,0.19749951
86600,Vip,-0.25090373,0.046009243
235912,L5/6 NP,0.31854445,-0.17212296
171256,L5 IT,0.37600416,-0.12735987
203451,Oligo,0.15269613,-0.34314752
171270,Micro,-0.24872911,0.13796431
181835,Oligo,0.08075738,0.14600748
86723,L2/3 IT,0.04212272,0.32453567
106698,Astro,0.10636133,-0.40754473
171308,L6 CT,0.184888,-0.33835533
235956,Pvalb,-0.07778987,0.21417671
8952,Astro,-0.041176826,0.06038159
8946,Oligo,0.009688497,-0.30931494
235975,L6 CT,0.21093595,-0.3255033
244088,L2/3 IT,0.39664137,0.028803468
171556,L6 CT,0.06894523,-0.1266264
8909,OPC,-0.146371,0.2220273
209850,L6 CT,-0.20254293,0.027067184
235995,Lamp5,0.015800059,0.38071603
86876,Micro,0.16650891,-0.26768905
8860,L6 IT,0.0059432983,-0.035387427
278775,Peri,-0.12858063,-0.09415272
106385,L2/3 IT,-0.18870279,0.34307712
106378,L4/5 IT,0.031680524,0.20201218
86945,Oligo,-0.18026996,-0.02132392
86948,Astro,-0.1538463,0.33330524
106371,Oligo,-0.22274584,-0.14683053
106366,L4/5 IT,0.19010234,0.116223335
86954,Micro,-0.30623215,0.03223908
209963,L5 IT,-0.44329613,0.13353878
86158,L6 CT,0.06586629,-0.13790256
250726,L2/3 IT,0.3075056,0.029412746
171186,PVM,0.11580938,-0.4305006
107289,L4/5 IT,0.07324064,0.15640616
170965,L6 IT,-0.018334776,-0.19314098
86172,L6b,-0.18934557,-0.035478055
86182,L2/3 IT,0.0020941496,0.32581586
9324,L6 CT,-0.17557415,-0.076173246
86199,Endo,-0.045104057,0.24077368
181917,Oligo,0.116012216,0.11925584
86253,L5 ET,0.18827933,-0.08520079
86289,L2/3 IT,0.086921275,0.25924057
171048,L6 CT,0.22725058,-0.36694825
107197,L6 IT,-0.37447214,0.12284255
171049,L2/3 IT,0.28507942,0.18833083
107163,Endo,0.42448598,0.08074319
107156,L4/5 IT,0.0613786,0.14187336
86318,VLMC,0.45436144,0.14534312
86336,L4/5 IT,0.079693854,0.122985005
9226,Endo,0.13181853,0.10618478
265332,Astro,-0.4650711,0.025938153
86356,L6b,0.0057330728,-0.22075537
107041,L6 CT,-0.24659443,0.08334684
181890,VLMC,0.054133773,0.4631356
9174,L4/5 IT,0.040734112,0.1632483
86487,Micro,0.27302402,-0.018407285
86498,OPC,0.20654106,-0.10885531
244056,Astro,0.29332358,-0.20686749
86500,Endo,0.3865049,-0.027613044
171159,L6 IT,-0.38739562,0.122795224
209980,Endo,-0.3546753,0.06618339
106900,Peri,-0.014156193,-0.24500462
203428,L6 CT,0.26316434,-0.32609135
162276,L6 IT,0.020199478,-0.074365795
44208,L4/5 IT,-0.17787716,0.28317404
162268,OPC,0.021482825,0.3379386
227565,L6b,-0.019782275,-0.23501769
150207,Oligo,0.027664602,-0.2268919
34101,L4/5 IT,0.35235077,-0.016953528
150214,L6 CT,-0.15981266,0.007470548
188911,L4/5 IT,-0.13231489,0.20935386
56524,Oligo,0.12058902,0.1615774
227585,Oligo,0.060916483,-0.19673407
195005,L4/5 IT,-0.19281495,0.4001618
131986,Oligo,-0.1681934,-0.03922406
56584,L5 IT,0.12626511,-0.08122879
274401,L6 CT,0.22654384,-0.34808725
56627,Astro,-0.06719154,0.06295562
257415,L6 CT,-0.0057246387,-0.058856428
56635,L6 CT,0.24553859,-0.29174078
150240,Peri,-0.05824703,0.06555498
188878,L6 CT,-0.21381286,0.10680801
33921,L5 ET,-0.05346906,0.027518034
227626,Astro,-0.0028640628,0.17657357
219893,Peri,-0.0068204403,0.24324399
195049,L5 ET,-0.14630151,0.05730748
56725,L6 IT,-0.010858804,-0.1143789
150313,OPC,0.07968837,0.36485988
195057,L6 CT,0.00859189,-0.0959633
270533,Astro,0.07585108,0.125256
219884,Peri,-0.2940084,0.24172056
219871,L2/3 IT,0.2415415,0.23645264
241168,Astro,-0.1267708,-0.1954507
227634,Peri,-0.3077851,0.11760348
219834,L6b,-0.11762312,-0.16773286
56510,OPC,-0.39728183,0.109733045
131834,L4/5 IT,-0.13262737,0.22352624
219958,L2/3 IT,0.1536501,0.26695126
254386,L6 IT,0.2279334,-0.36564735
55873,L6 IT,-0.32788244,0.14683604
132564,L2/3 IT,-0.1792542,0.33847487
55955,L4/5 IT,0.19957602,0.08681667
149916,L5 IT,0.17621356,-0.025990337
55962,Endo,-0.19906625,-0.029273659
132481,L2/3 IT,0.25832158,0.22468525
34410,L5 IT,-0.15441418,0.1512965
149953,Micro,-0.15747333,0.08534515
34364,L5 IT,0.12447643,0.03324014
56088,Pvalb,0.09111971,0.117503524
56099,Oligo,-0.29199076,-0.10028559
220116,L2/3 IT,-0.21191141,0.38191193
274352,OPC,-0.38618582,0.06670439
56117,Micro,0.12167525,0.037753522
149991,L6 CT,0.0033556223,-0.11678243
150023,SMC,0.36359644,0.23087132
150030,L6 IT,0.12663192,-0.09846032
220101,Astro,0.050726533,-0.2765602
132363,L6 CT,0.1430043,-0.14559561
132320,L6 CT,-0.030185431,-0.07630548
227481,L4/5 IT,-0.11187166,0.2425844
56209,L5 IT,-0.37196755,0.13491344
150103,Lamp5,0.44575763,0.11886841
56304,Astro,0.34551436,-0.20409259
56316,OPC,-0.11033529,0.4668361
34224,L2/3 IT,0.17965317,0.2895227
270628,Peri,-0.31338042,-0.12988007
220014,L5 ET,-0.02492398,0.105802715
56334,Astro,0.2834919,-0.032992125
34196,L4/5 IT,0.14692372,0.093502045
55836,L6b,-0.31747067,-0.047709256
131829,L6 CT,0.2206403,-0.27794558
195125,Astro,0.15407193,-0.30178732
131312,L6 CT,0.0027506948,-0.15937257
131311,L2/3 IT,0.3949492,0.07148981
131293,Astro,0.22806352,-0.18476608
254265,L4/5 IT,-0.16252333,0.27876645
195288,Vip,0.47313058,0.046601534
195289,Peri,0.03755492,0.18632537
257562,Oligo,-0.18584764,-0.16746941
242480,L2/3 IT,0.12118715,0.28682506
150911,L2/3 IT,0.2798465,0.16254336
57701,Endo,0.19274902,-0.027176201
227849,L6 IT,-0.020948768,-0.110661834
57827,L2/3 IT,0.19443816,0.24631709
257581,L6 CT,0.23132259,-0.26425597
188613,L2/3 IT,0.24874735,0.24258661
195321,L5 ET,0.27496004,-0.05203235
57852,Micro,-0.3791975,0.136715
188610,L6 CT,-0.2372891,0.07217902
151028,L4/5 IT,0.38851953,-0.0807454
151044,L6 CT,-0.3164754,0.11384666
33105,Micro,-0.016369969,0.1831013
33080,Endo,-0.049120218,-0.18843427
33067,L5 IT,0.3077653,-0.25982696
131068,L2/3 IT,-0.18299371,0.34846884
32954,Oligo,-0.3178057,-0.034685135
151124,L4/5 IT,-0.17579871,0.26598692
227896,Oligo,0.023105621,-0.37644964
131056,Oligo,0.0013743043,-0.29051507
219560,L6b,-0.32251936,-0.053788155
32901,Oligo,-0.18785375,-0.17420784
150864,Astro,-0.08362281,-0.24311897
254347,L6 CT,0.28019863,-0.25992477
219674,Endo,-0.17710349,0.32421094
227820,L5 ET,0.30387366,-0.05692011
33837,Pvalb,-0.25708866,0.2668541
150503,VLMC,0.2615522,0.320625
57075,Oligo,0.071315765,-0.37162554
150516,Astro,-0.25185376,0.34759545
131668,L6 CT,-0.35774273,0.16938871
227701,L5 IT,0.033560574,0.13155007
33749,Astro,0.29853338,-0.089784
150576,L5 IT,-0.28749496,0.26808804
57200,L5/6 NP,0.21959245,-0.053988338
33707,L6 CT,-0.25018016,-0.028012812
131573,L2/3 IT,0.14139533,0.2692454
257496,L5 IT,0.043981314,0.07574469
33687,PVM,-0.060894877,-0.11164495
33681,L6 CT,-0.22008851,0.113758385
195181,L5 IT,0.26538962,-0.079574466
188735,Sst,0.3377697,-0.13535982
33582,L4/5 IT,0.3848216,-0.031893253
33564,L5/6 NP,0.13233441,0.025026321
188722,OPC,0.079266906,-0.2354374
150727,Micro,-0.14355552,0.39275402
246517,L5 IT,0.03556627,-0.006707132
33409,L6 IT,-0.43072367,0.017445445
257509,Pvalb,-0.19747552,0.32769448
247562,L5 IT,0.39601207,-0.14383191
150765,Oligo,-0.24361998,-0.12660125
131394,Endo,-0.44141725,0.020393968
227809,L6 CT,-0.09891114,-0.0869391
33274,L5 IT,0.15988362,0.049431562
150832,Oligo,-0.12537932,-0.17728388
57653,L6 CT,0.028155327,-0.17451072
219536,L2/3 IT,0.28958935,0.19561756
55833,L5 IT,-0.2346158,0.13984627
149850,OPC,-0.015808612,-0.16547358
54242,L2/3 IT,0.34765112,0.13165855
274110,Lamp5,0.24123919,0.30181336
257151,Astro,-0.06846538,0.024868906
148771,L6 IT,-0.23838428,-0.043153584
148793,L6 CT,-0.29194483,0.16196406
54336,L5 IT,0.27747977,-0.07596037
241288,L2/3 IT,0.42496657,0.07231712
270955,L6 IT,0.039109707,-0.11449844
148842,Micro,0.31601012,0.015208602
226978,Astro,-0.3389489,0.17132306
54501,L2/3 IT,0.12884128,0.31134182
274141,L4/5 IT,0.29148233,-0.0010968745
189352,L6 CT,-0.16953173,-0.06433511
246596,VLMC,0.13940078,0.38317573
54546,L6 IT,0.24758154,-0.15316439
54569,Oligo,-0.2514174,-0.13207951
35538,L5 IT,0.2051171,-0.11875427
189334,OPC,-0.24918148,0.29754436
133635,L5 IT,0.14503545,-0.105109096
242344,Pvalb,-0.2877761,0.2665885
54623,Endo,0.11794007,0.24849534
227019,L6 CT,0.12338632,-0.16903964
254547,Oligo,-0.3435899,-0.027923912
227021,Astro,-0.42752266,0.10066819
149078,OPC,-0.2963723,0.046164393
149132,Oligo,-0.3385257,0.013472378
246589,L6 IT,0.28083003,-0.22422567
133575,L6 CT,0.17172265,-0.36086982
242355,L6 CT,-0.32208884,0.09391123
35778,L6b,0.10269898,-0.30445087
133565,L2/3 IT,0.25765342,0.21625471
246608,Oligo,0.03327453,-0.30842367
241304,Vip,0.17391598,0.27115005
36399,L5 IT,-0.14078408,0.1329372
194236,Oligo,0.008013964,-0.13611683
53666,L6 CT,-0.025920719,-0.06600684
53685,Pvalb,0.23054147,0.049027324
148309,L5/6 NP,0.27326995,-0.26473212
148310,L5 ET,0.16019535,-0.04174775
36320,L4/5 IT,-0.054255366,0.2357853
220776,L6 CT,-0.024586946,-0.07287568
134145,L6 CT,-0.026091695,-0.09185368
271040,L6 CT,0.11689901,-0.16756478
36229,Oligo,-0.025181532,-0.19374338
53756,Endo,0.07067633,-0.35567448
194280,Endo,-0.32234585,0.18359601
53801,L5 ET,0.34180027,-0.11113277
148450,Peri,0.22745937,-0.3262031
274014,L6 CT,0.027007341,-0.13355231
134056,L6b,-0.049242556,-0.19861189
53959,Oligo,0.1674856,-0.1528647
133999,L4/5 IT,0.38258588,-0.07787755
274039,Oligo,0.07196748,-0.3561097
133968,Peri,0.22536904,-0.1779876
274045,L5 IT,0.41584653,-0.08999786
54075,L5 IT,0.017302811,0.09413469
54113,L6 CT,0.18939632,-0.17083192
35923,Oligo,-0.24243909,-0.1731756
220663,Endo,-0.26872143,0.30531085
35914,L2/3 IT,0.3888625,0.046664417
220644,Astro,-0.040165186,0.45700067
54196,Oligo,0.05766183,0.09980637
54240,L5 IT,-0.14396963,0.10664183
274307,L4/5 IT,0.13106251,0.1804254
54862,OPC,0.023263097,0.27390963
149170,L6 CT,0.14944112,-0.20322031
133033,Oligo,-0.10253197,-0.20748678
227237,Astro,-0.23525909,0.14310366
133015,Astro,0.2984571,-0.087641925
227243,L4/5 IT,-0.12921035,0.30277044
257268,PVM,0.02814293,-0.31228414
34827,L6 IT,0.116343856,-0.1288923
149621,Endo,0.109504044,0.35890108
227267,Endo,0.3176487,-0.051662743
55610,Sst,0.23459744,0.23266602
149643,Peri,0.049508333,-0.3234058
132824,Endo,-0.4616663,-0.080895185
241230,L6 CT,0.022129178,-0.17208803
194703,L4/5 IT,0.34192985,-0.00068074465
132813,Astro,-0.0026165843,-0.2683985
132799,Micro,0.1542123,-0.14213622
55644,Vip,0.3841673,0.104996264
149717,L5 IT,0.18083978,0.02632749
55649,L6 IT,-0.25484228,-0.0073275566
227294,Pvalb,0.0936268,0.020436943
34645,Astro,0.103618264,-0.4203829
241223,Micro,0.064796746,-0.36697567
149770,VLMC,-0.12429276,0.49778962
132729,OPC,0.08451086,0.27021164
254450,Endo,-0.11302295,-0.08444932
270734,Endo,0.25905335,0.05816531
149788,L6 CT,0.007675886,-0.17366707
132697,L4/5 IT,-0.2559693,0.2963397
194750,L5 IT,-0.20147169,0.13901103
132692,Astro,-0.16489926,0.45396137
133055,Sst,0.2415297,-0.08719042
133560,L6 CT,0.23896301,-0.21390858
133057,L4/5 IT,-0.0108778775,0.16073883
133072,Astro,-0.0708459,-0.13262382
270878,Astro,-0.07352072,0.17934215
194516,L4/5 IT,0.058100045,0.20538312
189267,Micro,0.099951625,0.38432205
194522,OPC,-0.33577895,0.2188136
274188,Astro,-0.029597938,0.26093364
270862,L5/6 NP,0.082069516,0.03249353
55015,L6 IT,0.08164352,-0.07539672
35264,L5 IT,0.123205066,-0.115525514
227097,L4/5 IT,0.06881052,0.15729845
149350,Micro,0.09810048,0.2916836
55122,OPC,0.077953935,-0.4667903
220416,Oligo,-0.035037845,-0.22873238
189231,Pvalb,-0.26200318,0.23186088
35218,Oligo,0.063206494,-0.18997562
194564,L2/3 IT,0.25292856,0.24510455
35197,Pvalb,0.009485364,0.18345135
35187,L2/3 IT,0.08351749,0.3556633
133278,Oligo,-0.43940338,0.014549375
227148,L4/5 IT,0.3663538,-0.0706583
35127,Vip,0.26034117,0.22056395
133261,L4/5 IT,0.2043786,0.0652554
55383,L5 IT,0.040027857,0.0018609166
270809,Astro,0.16690058,0.014925063
220358,Oligo,-0.08841893,0.068042755
194598,Pvalb,0.064827025,0.18096673
133183,Endo,0.1191268,0.21509421
270800,PVM,0.093153894,0.2734636
133107,Astro,-0.18177041,-0.022634417
133083,L6 IT,0.22165531,-0.2965191
133068,Oligo,-0.009769052,-0.12656492
227921,Micro,0.2619838,0.27613056
227925,L4/5 IT,0.254519,0.0004994869
151232,OPC,-0.16185054,-0.020434558
61031,Astro,0.33122718,-8.395314e-05
61068,L6 IT,0.22254199,-0.13705614
61086,L4/5 IT,-0.031772375,0.07196957
30827,Micro,0.36127323,0.094646454
240983,Oligo,-0.23374298,-0.1243929
153238,L4/5 IT,0.26429147,0.09324837
30794,Oligo,-0.050052375,0.2504351
61140,L5/6 NP,0.20361543,-0.1400708
247746,L6 CT,0.09690237,-0.24981025
228655,L6 CT,0.075633526,-0.12782887
269801,OPC,-0.050863236,0.022245169
153301,Oligo,-0.18891859,-0.13414359
128550,Endo,0.39759296,-0.008091569
128524,L6 CT,0.25928575,-0.20730817
218428,L5/6 NP,0.046100438,-0.06363267
128512,L6 IT,-0.45163232,0.021954715
153319,Peri,0.041251123,-0.10621825
253854,Oligo,-0.31546038,-0.04597515
218402,Peri,0.05489558,0.2431817
61435,L4/5 IT,-0.09803051,0.27187955
61452,L4/5 IT,-0.13038346,0.24935424
30601,Astro,0.26803476,0.27427125
228696,Oligo,-0.1297727,-0.17158368
30599,L6 CT,0.1906302,-0.3135121
61600,L2/3 IT,0.1870575,0.18536752
153440,Endo,0.010866821,-0.0695605
253828,L2/3 IT,0.4117025,0.04065895
228725,L6 CT,0.08515197,-0.103495955
153516,L2/3 IT,-0.19958788,0.3249393
30879,L5 IT,-0.07273695,-0.05655396
128247,L5 IT,-0.15989411,0.10740882
228610,L5 IT,0.20954478,-0.03874132
128762,L6 CT,-0.19155663,0.018209815
129047,Astro,0.045075536,-0.2539621
246397,L6 CT,0.16922742,-0.26443812
218650,Vip,0.28676128,-0.31503284
274851,Endo,0.07388884,-0.14694762
31154,L4/5 IT,-0.1865755,0.23385155
31144,Astro,-0.13156927,0.18870455
247722,Pvalb,0.40416628,-0.06901699
31129,L4/5 IT,0.08157563,0.21240312
269897,L6 CT,0.1880328,-0.29106373
60613,OPC,-0.40668976,0.124920905
274886,L6 CT,-0.20024616,-0.040632516
31076,L6 CT,0.23125166,-0.3040511
128934,Endo,-0.013732731,0.2288785
60680,Oligo,-0.008576125,-0.3101947
128919,OPC,-0.2416412,0.021609843
60687,L5 ET,0.165595,-0.0039405227
128891,SMC,0.24769104,0.28885293
60758,Astro,-0.16071686,-0.093286484
31052,Pvalb,0.11647332,-0.10247818
153016,L4/5 IT,0.24664319,0.08030599
153036,L5 IT,0.007889152,0.08481407
31032,Vip,0.23935062,-0.05365923
60850,Vip,0.0633713,0.2945016
128802,L6 IT,0.15096939,-0.28092974
218548,Astro,-0.10017493,-0.2544774
269849,Sst,0.22987503,0.09196168
60972,L6 IT,-0.42241895,0.08768052
228595,L6 CT,-0.34043652,0.14587212
128765,L5 IT,0.21067637,-0.060761362
274915,Pvalb,0.19519913,0.119121015
228541,VLMC,0.23555988,0.34093577
61671,L6 CT,0.22952968,-0.329333
128225,L5 ET,0.16015321,-0.08157006
154048,L6 CT,-0.08308378,-0.08490223
127577,L6 CT,0.23772067,-0.2783538
218113,Oligo,0.0805217,-0.3530406
62440,Peri,0.12834066,0.19169551
62445,L6 CT,-0.16144985,0.023742795
29750,L5 ET,-0.14173108,0.1424458
62454,Endo,0.1329369,0.21721995
29685,Lamp5,-0.123129666,-0.15084872
29659,Astro,0.30372256,-0.038520277
29658,VLMC,0.09586823,0.41112107
154162,L5 IT,0.08119047,-0.13875514
127431,Oligo,-0.35864565,0.15021116
218043,L6 CT,0.13757753,-0.100353956
127419,Micro,0.21344489,0.3192414
29631,L6 IT,-0.4253518,0.08280289
29626,Peri,-0.23843756,0.11847752
154219,L5 ET,0.39260614,-0.17589676
62650,L6 CT,0.21848571,-0.3428881
269618,L6 CT,-0.14434618,0.017684996
127377,L4/5 IT,0.43271595,-0.071397126
154248,Sst,-0.07267597,0.39236975
196646,VLMC,-0.16186571,0.48975557
218005,L6 CT,0.17446756,-0.42280594
154270,L4/5 IT,0.07511133,0.14299023
187521,L4/5 IT,0.15159613,0.16041541
269604,L6 CT,-0.23527822,-0.029701978
62733,Peri,-0.24114537,-0.1786558
154279,L6 IT,-0.04695064,-0.029860258
62743,OPC,0.40554947,-0.07866043
29809,Oligo,-0.1845777,-0.05044338
196348,OPC,-0.16790777,0.01831901
240937,L2/3 IT,0.2692685,0.16969246
29867,L6b,-0.44650888,0.004229009
274989,Oligo,-0.014918536,-0.2489737
61768,L4/5 IT,-0.017094553,0.19688511
61796,Oligo,-0.37668172,-0.047589213
128125,SMC,-0.39130893,-0.010088176
187732,L2/3 IT,0.22963184,0.17259407
30175,L5 IT,-0.29426008,0.09924489
128009,Oligo,0.069000185,-0.3855273
275064,L5/6 NP,0.30845815,-0.28163671
258181,Astro,0.004296005,-0.24175414
218232,VLMC,0.17721945,0.3625586
61952,L6 CT,0.1592645,-0.22330177
153765,Endo,0.10339832,-0.24316809
196464,L4/5 IT,0.10203707,0.13754505
127897,L4/5 IT,0.37682307,0.017881513
61990,SMC,-0.009128302,0.3602447
247781,Oligo,-0.19300565,-0.07370907
62132,Astro,0.081825316,-0.3591625
62141,L5/6 NP,0.21032268,-0.034169286
29919,Oligo,0.047270298,-0.37176806
127820,Micro,0.40805137,0.09667289
62223,Astro,0.18949199,0.34638506
62255,L2/3 IT,-0.033738256,0.32157433
258202,Oligo,-0.20465222,-0.15071243
127793,L6 IT,-0.089313656,-0.04954025
127749,L5 IT,-0.20787609,0.085534334
269657,L5 IT,0.3243929,-0.30930007
196544,L6 CT,-0.015600055,-0.10778695
29877,L6 CT,-0.35202035,0.04800701
62365,L6 CT,0.23253173,-0.24858469
269649,Astro,0.3157338,0.23536861
31214,Endo,-0.3147143,0.049690306
196044,L6 CT,0.24020928,-0.30725434
60504,Pvalb,-0.1753945,0.2624913
58862,Astro,-0.31679338,-0.046465933
270211,L6 CT,0.027837396,-0.07816321
130423,L2/3 IT,0.13394564,0.26799572
32506,L5 ET,-0.13582444,0.13958877
32489,L5 IT,0.05979663,-0.03197512
32456,L4/5 IT,-0.07898739,0.17971104
32390,L6 CT,-0.058365017,-0.074475706
32376,L5 IT,0.3810215,0.06226456
195609,Astro,-0.3267908,0.1677503
274668,Oligo,-0.18061873,-0.17706615
32350,L5/6 NP,0.009125769,-0.04205382
130279,Endo,-0.26771098,-0.12165296
130270,L6 CT,0.2391305,-0.18295914
59101,Astro,-0.29138124,0.26349634
32211,L2/3 IT,0.15099251,0.24307257
257757,L6 CT,0.23873305,-0.22467613
162269,OPC,-0.33809763,0.04917842
130145,L6 IT,0.18300766,-0.30187774
228210,L4/5 IT,-0.21644992,0.2583391
32182,L5 IT,0.39330035,-0.15344101
59340,L5 ET,0.35122406,-0.16258284
246445,L2/3 IT,0.25069237,0.24850714
152039,PVM,0.1097067,0.13079631
270135,Endo,-0.05452466,0.08799261
59417,Oligo,-0.33721203,0.045874357
32128,L6 CT,-0.3223368,0.1267668
274708,L4/5 IT,0.08826196,0.14960533
59449,L5 ET,-0.1779662,0.15654624
129944,VLMC,0.17326224,0.38801497
257695,Oligo,-0.08766776,-0.25035635
129941,L4/5 IT,-0.15245828,0.30455995
254159,L4/5 IT,-0.24965051,0.25377166
130508,L2/3 IT,-0.17197841,0.3124472
151233,L5 IT,0.02292788,0.12072432
130926,Astro,0.32615602,0.23677266
32835,Oligo,0.26882964,-0.23702025
227960,L6 CT,-0.14680052,0.015821159
58299,L5 ET,0.21301442,-0.11475456
270303,L6b,-0.14648741,-0.12141186
219474,Pvalb,0.21974862,0.22192276
58386,L6 IT,0.20560765,-0.12902626
227970,Vip,-0.16504356,0.44195265
151331,Astro,0.06574428,-0.27014232
254198,L5 IT,0.37481683,-0.07082537
151372,Peri,-0.031991035,-0.26474664
32787,Peri,0.05050522,0.1911506
151401,L4/5 IT,0.37559807,-0.0809972
58528,L2/3 IT,-0.16665515,0.3694625
58541,L5 IT,0.23562461,-0.14353591
195495,VLMC,0.24693674,0.3492638
188464,Oligo,-0.07552543,-0.22337723
188459,L6 CT,-0.018740743,-0.07701555
254183,L4/5 IT,-0.1517505,0.2533971
130657,Peri,0.12749875,0.26708478
32745,Peri,-0.28714645,-0.02102071
58639,L4/5 IT,0.36540425,-0.013166934
195512,L5 IT,-0.01799041,-0.062699646
219344,Astro,0.069862425,-0.36840603
32613,PVM,-0.16802025,0.22693944
32607,OPC,-0.27884674,-0.031129837
188426,L6 IT,-0.27073675,0.051115453
32597,L4/5 IT,0.30758,0.018446803
58758,L6b,-0.030828655,-0.23162624
188228,L2/3 IT,0.18037748,0.2223112
195754,Astro,0.0012488961,-0.15206239
129829,L2/3 IT,0.22748476,0.2553478
31525,L6 IT,0.26666737,-0.21233636
31518,Astro,-0.01670143,0.31021386
257905,Oligo,0.18418533,-0.076544315
152528,L6 CT,0.17759246,-0.18241987
129349,Oligo,0.047266483,0.2182287
60043,Oligo,-0.2096422,-0.009357959
129312,L4/5 IT,0.223876,0.05657798
228436,Astro,-0.2965783,0.23029894
60155,L4/5 IT,0.2131207,0.15407324
60193,Pvalb,0.23235446,-0.25493908
129297,Oligo,0.089540005,-0.27119797
152597,L5 IT,0.036309183,0.12349099
60205,L6 CT,0.06028837,-0.22209457
218751,OPC,-0.36022007,0.105451405
129245,Pvalb,-0.4249333,0.0509423
60239,L6 IT,-0.096907765,-0.05949244
60274,L4/5 IT,0.30523306,-0.02312997
253970,L4/5 IT,-0.13378254,0.30311286
274823,Micro,-0.23259082,0.30875546
129203,L6 CT,0.044294238,-0.09762913
60303,L4/5 IT,-0.20518908,0.27126777
152629,L6 CT,-0.24287173,-0.03130895
60388,Oligo,-0.24344388,0.19060975
218674,Oligo,-0.24518728,-0.09999496
242659,L2/3 IT,0.20041019,0.27910972
188033,L2/3 IT,0.21369523,0.2564379
31264,L5 IT,-0.031152278,0.10585153
274836,PVM,0.13801736,0.24356031
31252,L6 IT,0.14366919,-0.25204086
253984,Pvalb,0.31905824,0.11304808
129450,L2/3 IT,-0.18032548,0.37036836
59914,L2/3 IT,-0.024295002,0.37247074
152477,L4/5 IT,0.39309323,-0.108056605
32073,Oligo,0.20952988,0.33628798
270097,Vip,0.116586864,0.38532925
129770,L4/5 IT,0.35923922,-0.012903988
59541,Oligo,-0.27065718,0.17614365
257833,L6b,-0.3981809,-0.021917075
129732,L4/5 IT,0.4128942,-0.11552316
152190,L5 IT,-0.19530934,0.12946641
59591,L2/3 IT,0.12367785,0.30410254
188202,VLMC,0.3875147,0.20624596
59659,L2/3 IT,0.2992223,0.17245233
228296,L6 IT,0.20230615,-0.24747461
31981,L5/6 NP,-0.1651159,0.18629777
152265,Pvalb,-0.23947793,0.27767396
195826,Astro,0.080176055,-0.38803872
53585,Oligo,0.034556866,-0.33327907
257851,Astro,-0.026412666,0.4314021
59750,VLMC,0.2070772,0.3488534
228313,L6 CT,-0.23173898,0.08685976
257852,OPC,-0.09446129,0.40309948
31947,Oligo,-0.071327,0.12737703
218912,L6 CT,-0.24317586,-0.03492832
31915,Sst,0.0997535,0.37797493
152305,L6 CT,-0.13467455,-0.044080913
152339,L5 IT,-0.31386825,0.14575249
152416,L6 CT,-0.44503278,0.10927808
59866,Oligo,-0.10500851,0.18869525
242619,L5 IT,0.21349543,0.0044692755
31568,Oligo,0.043619037,-0.2807567
129475,L4/5 IT,0.27012438,0.093037546
129472,L6 IT,-0.22054651,0.091537654
59745,Endo,0.08210987,-0.11610186
53537,L2/3 IT,-0.022437751,0.39605618
134241,Astro,-0.34906197,0.11097044
189551,Oligo,-0.42040223,0.054340124
247140,Astro,-0.34870026,0.11252588
41905,Micro,0.28130436,0.25390536
47503,Astro,0.08971721,-0.38384926
47570,L6 CT,-0.19481674,0.017438948
224789,Endo,-0.39240417,0.12492567
139255,Astro,0.04471028,0.20321405
191036,Endo,-0.17780334,0.18598968
41806,L4/5 IT,0.39088964,-0.05837226
41802,L2/3 IT,-0.22419292,0.3487684
192599,Sst,0.0307976,0.05796027
224843,L6 IT,0.20062989,-0.26930964
47680,L6 IT,-0.13995588,-0.018947065
139168,L6 IT,-0.26473254,-0.18916848
143966,L4/5 IT,-0.13455707,0.22604734
41787,L5 IT,0.24395823,-0.032473773
139117,Oligo,0.027550876,-0.2939349
273031,L6 CT,-0.24091387,0.120850265
47725,Oligo,-0.27933484,-0.07334027
247149,Astro,-0.3833356,0.08053762
192629,SMC,0.16965252,0.3260979
47771,OPC,0.1573258,0.2376526
47825,L6b,-0.3973338,-0.042894483
192639,L6 CT,-0.034289867,0.0013008714
144032,L2/3 IT,-0.12479904,0.39315414
47851,L6 IT,0.22504252,-0.30437666
222744,L2/3 IT,0.060318887,0.24840224
190973,L6 CT,-0.15212542,0.050727606
138994,Micro,-0.042199194,0.11749846
41565,Oligo,0.026677668,-0.3082254
143701,Oligo,-0.4291643,-0.011757582
256403,L2/3 IT,0.2639749,0.20886993
47412,VLMC,-0.090108305,0.48372996
47411,L5 ET,0.110795856,0.003851533
42192,Sst,0.11455065,-0.047011703
42185,L6 CT,-0.078234375,-0.013932526
191185,Oligo,0.047269046,0.11881876
139597,L4/5 IT,0.3388077,-0.019016027
42124,L4/5 IT,0.2456047,0.21643156
42087,L4/5 IT,-0.018444687,0.2276563
47205,OPC,-0.22163567,-0.049683154
42077,VLMC,0.14450061,0.39112812
143483,Oligo,-0.22849658,-0.123833686
47241,L6 CT,0.1275683,-0.19448769
192449,L5 IT,0.123485744,0.076493084
222966,Astro,-0.11404249,0.21182227
139537,L4/5 IT,-0.19856235,0.29565585
42063,L6 CT,0.2879243,-0.22203445
47288,L5 IT,-0.041489452,-0.014268607
47290,L2/3 IT,0.29867005,0.15621912
255633,PVM,-0.2546398,0.09673375
222933,L5 IT,0.22130376,-0.11682856
42013,L4/5 IT,0.22787517,0.0056351423
139450,L6 CT,0.024229348,-0.1932613
192479,Pvalb,-0.08832383,-0.026615351
42008,L4/5 IT,0.11502403,0.20540655
222931,L5 IT,-0.044247,-0.021820307
47358,Astro,-0.034901857,-0.2864011
224724,PVM,-0.14804089,0.2548952
191101,L6 CT,-0.080450326,-0.027821928
41944,L4/5 IT,0.37466282,-0.0525271
143663,L4/5 IT,-0.040467232,0.26950592
246934,Astro,0.18362004,0.118196726
256359,VLMC,0.36606693,0.2343911
47080,Micro,0.18963754,0.30094683
138964,L5 ET,0.07273811,0.10865754
138955,L6 CT,0.13622236,-0.33583453
138551,L6 CT,-0.03680104,-0.17241049
138530,L4/5 IT,0.18229342,0.072132945
40768,Oligo,0.024861932,-0.23964623
144628,L5 IT,0.35319072,-0.091837645
246884,Oligo,-0.24575448,-0.07149288
138469,Astro,-0.35670114,0.17114574
40688,L5 ET,-0.26388493,0.16281164
271888,L4/5 IT,-0.19414577,0.29754436
256457,L4/5 IT,-0.06514442,0.1472404
225238,Astro,-0.04665622,-0.23777139
48663,L4/5 IT,0.027673662,0.17628825
138429,L6 CT,-0.29525822,-0.016324043
222440,L5 IT,0.041273773,0.11499709
40685,L6 IT,-0.17912504,-0.041830122
48783,L6 IT,0.25970805,-0.28148392
225272,Sst,-0.30462712,0.24374348
48807,Astro,0.39312643,-0.04094866
48818,L2/3 IT,0.19905436,0.30285847
222398,Peri,0.015124559,0.29915214
48840,Astro,-0.2128455,0.10408652
144778,L6 CT,0.15591758,-0.24600667
48885,Pvalb,-0.3099156,0.06598979
138255,L4/5 IT,-0.26302877,0.29936284
138231,L5/6 NP,-0.21088007,0.13663602
138196,L5 IT,0.0027337074,-0.031326026
138181,Astro,0.33774394,0.040563107
40490,Endo,-0.28137314,0.0735051
138155,L5 IT,-0.32369184,0.19955593
138153,L5/6 NP,-0.008844763,0.11679745
144609,L5 ET,0.23598474,-0.03849691
144080,L6 IT,-0.03665155,-0.12355453
40783,L6 CT,-0.060747176,-0.16815156
138569,Endo,-0.13032565,0.34453845
144098,L2/3 IT,0.24862051,0.22895032
41444,L5 IT,0.06352174,0.11691338
41424,L5 ET,0.08602995,0.0028455853
222684,L4/5 IT,-0.2669655,0.3106894
272004,L4/5 IT,0.41330636,-0.07231775
41333,OPC,0.36332363,-0.10969308
271995,L6b,-0.2359761,-0.07299599
144270,L6b,0.04725796,-0.25540927
41233,Sst,-0.19514763,0.3427869
247162,Astro,0.40490955,0.08150196
47992,L6 CT,-0.12914893,-0.08060959
47993,L2/3 IT,0.19059306,0.26908648
190867,Pvalb,-0.0019951165,0.19207811
144321,Endo,-0.12454128,0.36657917
41156,L5/6 NP,0.06577855,0.11407536
222613,L4/5 IT,-0.28376782,0.2707849
246892,L4/5 IT,0.16121113,0.08858222
225101,Astro,0.06126052,0.42628396
138707,PVM,-0.17234391,-0.14986247
190840,VLMC,0.37974298,0.22329497
241976,L5/6 NP,0.3902411,-0.2540642
40989,L5 ET,0.14731276,-0.1277928
255457,L2/3 IT,0.13273942,0.24630523
225146,Sncg,0.37920105,-0.055777818
144506,L2/3 IT,0.036530495,0.36089784
144518,L5 IT,0.018217802,0.13368154
48360,SMC,0.1775074,0.22304666
225183,Oligo,-0.0739215,-0.088050514
144537,Astro,-0.015430301,-0.21231657
222503,L6b,0.16532445,-0.37021792
47064,L6b,-0.18882361,-0.073714465
42195,L5 ET,0.37012613,-0.10332373
241895,L2/3 IT,0.092546284,0.32226706
141055,Astro,-0.329791,0.18793297
43782,Lamp5,-0.24166155,-0.09358823
241814,Oligo,-0.087907195,-0.2295098
223602,L2/3 IT,0.17167664,0.27112025
140977,L6 IT,-0.5,0.0038624406
142167,Oligo,-0.39269036,-0.023799926
140924,L4/5 IT,0.15727043,0.1773135
241707,L5 ET,0.31089664,-0.14336252
45353,Oligo,-0.15860671,-0.19217455
241821,Endo,0.15314764,0.37595642
43712,Astro,0.08227235,-0.13884461
191947,Astro,0.3350798,-0.14184067
223543,Oligo,0.24775934,-0.27154127
43711,VLMC,-0.16500404,0.5
272415,L4/5 IT,0.051609457,0.18571281
43706,L6b,-0.024661273,-0.21383467
255827,L5 ET,0.16839701,-0.034415007
142248,PVM,-0.23563048,0.26570743
140829,Oligo,-0.08078572,-0.20227867
223530,L6 CT,-0.041849673,-0.011118591
142261,L2/3 IT,0.07370424,0.22719973
256063,Endo,0.069580674,-0.3717808
140811,Endo,-0.17683426,0.31690663
142288,L5 ET,-0.2913855,0.15273929
140795,Endo,0.23828751,-0.11484167
191542,L6 CT,-0.25901562,0.100277066
140771,L6 CT,-0.22042811,0.043507874
45496,VLMC,0.20954627,0.3497033
43626,L6 CT,0.20717067,-0.25833946
43868,Oligo,0.11391449,-0.3723681
45576,L6 CT,0.25259942,-0.28592706
43892,Sst,0.0343045,0.38262463
142065,Peri,0.33292586,0.12416476
141680,L5 ET,0.220514,-0.029767275
44286,L6 CT,-0.10871866,-0.14410865
44424,Astro,-0.11529264,-0.095941395
44434,L6 CT,0.081644714,-0.23413
44472,Astro,0.08007449,-0.3752434
141473,Micro,-0.2901053,0.24513084
241734,L6 IT,-0.25931746,0.11901963
223783,L6 CT,-0.13893962,0.019007564
223926,L6 IT,-0.36567342,0.070465624
191680,L2/3 IT,0.21426344,0.26470608
223746,Astro,-0.29041955,0.15689969
141774,Sst,-0.20590293,0.040259182
141381,L6 IT,0.16150713,-0.26224053
255917,Oligo,-0.040543526,-0.14917645
255899,L2/3 IT,0.3254394,0.10922527
141926,Oligo,-0.031967044,0.41260755
223951,Endo,0.07975477,-0.26213592
141284,L5 IT,0.013067722,0.13396126
44808,Endo,0.35468054,0.0640704
44810,Vip,0.36345863,0.059763968
223684,Astro,0.48432732,0.07081574
141977,Peri,-0.117150605,-0.14936277
272523,L5 ET,0.3055306,-0.19397455
223976,L6 CT,0.104572296,-0.25783497
44965,L6b,0.049803138,-0.22586432
142020,Oligo,-0.2628927,-0.13295513
142026,L5/6 NP,-0.15300775,0.13239145
44997,L4/5 IT,0.15108931,0.16317445
45024,L6 CT,-0.30027857,-0.015141815
43893,Micro,0.032118857,0.33552313
142351,L6 CT,0.15225154,-0.29094192
224160,L6 CT,0.23050582,-0.14155284
142448,L6 IT,0.044159055,-0.0340268
223239,L5/6 NP,0.28261185,-0.21191245
42765,L4/5 IT,-0.0927732,0.27217513
46507,L5 ET,0.121311724,0.026548922
192246,L4/5 IT,0.33234388,-0.0389767
272854,L2/3 IT,-0.19512,0.41887027
42671,L5 ET,-0.051237702,0.064647615
46550,L4/5 IT,0.10529554,0.16408455
255694,L6 CT,0.1929366,-0.33951545
46568,L6b,-0.44830027,0.012012422
247097,L5 ET,0.18595093,-0.11143297
247099,Micro,0.18789184,0.049663007
143008,Oligo,-0.18637899,-0.14892063
272897,L6 CT,0.09736574,-0.21862257
224476,L6 CT,0.18891871,-0.2436856
224478,L4/5 IT,-0.23710355,0.27773625
42486,L6 CT,0.206473,-0.29246283
42485,L4/5 IT,-0.16599548,0.26864964
256215,L2/3 IT,-0.11119479,0.3869648
139846,L6 CT,0.0077795982,-0.09877938
192329,Endo,0.21213228,0.33819032
46753,L6 CT,0.05369723,-0.15084374
46868,L6 CT,-0.39465064,0.111479044
139841,L5 ET,0.3002075,-0.0543395
143201,L5 IT,0.26365584,-0.058953434
42459,L2/3 IT,0.10969615,0.2826348
139769,L6 CT,-0.07885748,0.03410387
143215,Endo,-0.07520935,-0.27896017
46952,Endo,0.10057682,0.2518273
42293,L2/3 IT,0.05727619,0.32985836
223247,L6 IT,-0.08689943,-0.14431277
46430,L2/3 IT,0.032346368,0.24841356
142902,L5 IT,-0.28811872,0.17721516
142833,Endo,-0.27430838,0.15743858
45721,OPC,-0.06507298,0.1835931
192044,L6 CT,-0.101964325,-0.11786619
43476,L6 CT,0.049128532,-0.20431632
223450,OPC,0.090275705,-0.33077234
223446,L6 CT,0.23990744,-0.33133483
140513,L6 CT,0.2248022,-0.29644752
45857,L2/3 IT,0.33545107,0.14108807
223405,L5 ET,0.20679337,-0.11640513
45945,L2/3 IT,0.31089365,0.16707128
43234,Micro,0.17831981,-0.2800788
140414,L2/3 IT,-0.1318101,0.32725352
140397,L4/5 IT,0.29560566,-0.070993155
224302,PVM,-0.02614522,0.36998123
46160,L2/3 IT,0.088075995,0.30597794
40449,Endo,-0.26245898,0.13486469
140365,L4/5 IT,-0.07310018,0.29138464
46237,L4/5 IT,0.40495056,-0.08576906
46251,L5 IT,-0.024042845,0.15605885
140349,L5 IT,0.26583242,0.0438084
272791,Pvalb,0.22734994,0.19655448
42990,Oligo,0.01612252,-0.2094346
42932,Astro,0.25772923,0.14428216
42850,Micro,0.24121833,0.30775046
42848,Oligo,-0.19789878,0.11221379
223290,Astro,-0.35568595,-0.05092901
140247,L2/3 IT,0.16863054,0.27968436
224386,Astro,-0.019317597,-0.34433618
140221,Micro,0.37249386,0.08081275
42790,OPC,-0.0019712746,0.3965364
140193,Oligo,-0.15349331,-0.21479896
140357,Endo,-0.4274287,-0.020761043
29518,Oligo,-0.0132671,-0.3078276
138147,Oligo,-0.22247258,0.1863808
242012,L4/5 IT,0.2916053,0.054543316
147003,Oligo,0.049363792,-0.34427667
226096,L6 CT,-0.026441067,-0.08640167
37800,Oligo,-0.40741187,0.021289647
193845,L2/3 IT,0.33551675,0.0826205
147096,L4/5 IT,0.34113276,-0.055636853
52133,Oligo,0.14828867,-0.40849888
52142,L2/3 IT,0.13859403,0.28124744
135567,L2/3 IT,-0.16783118,0.4019547
52148,L6 CT,0.20379317,-0.37740523
189896,L6b,-0.23351622,-0.09782156
135512,Astro,-0.2808078,0.26640522
37612,L6 IT,-0.15952623,-0.042562515
189868,L5 ET,0.23301905,-0.12204668
147182,L6 CT,-0.021436006,-0.16413334
37551,VLMC,0.19337344,0.35292357
135483,L2/3 IT,0.11134583,0.3075775
37549,Lamp5,0.31979847,0.049328685
221267,L4/5 IT,0.13460904,0.13373256
193901,Endo,-0.048118114,-0.19855613
135433,Vip,0.3300556,0.21219307
221266,Astro,0.029579222,-0.27142206
193904,Endo,0.12951243,0.3509761
189849,Oligo,0.11753851,-0.37502062
37484,L5 IT,-0.21633226,0.13579285
193920,L5/6 NP,0.17064768,0.026996851
147341,Lamp5,-0.0008324981,0.42535275
52277,L5 IT,0.31795424,-0.18561134
37467,L4/5 IT,0.35285556,-0.04448563
135348,L6 IT,0.04359436,-0.10988271
52077,Astro,-0.067403406,0.26817107
37453,Oligo,-0.39917287,-0.039776176
221357,Vip,0.38061404,0.10270065
193808,L6b,0.09702927,-0.27588806
190110,L6 IT,0.114503026,-0.07671389
225918,L6 IT,-0.27916515,0.03441429
38461,Astro,-0.26961818,0.30274457
51500,L6b,-0.05886364,-0.18822888
271465,L6 CT,-0.21840999,0.06764245
38401,L5 IT,-0.046137154,-0.04226637
51607,L6 IT,0.27262115,-0.28335285
221520,L6 IT,-0.1075013,0.09892738
135982,Vip,0.06473464,0.34605712
190060,L4/5 IT,-0.21619803,0.31192166
271430,SMC,-0.12704527,0.44294018
146801,VLMC,0.3583625,0.22834826
38226,Oligo,-0.024728686,-0.16456872
51861,L4/5 IT,-0.19550678,0.2620809
146846,L2/3 IT,0.2629757,0.14863396
146858,L2/3 IT,0.018749356,0.34589618
241437,L5 ET,-0.24318841,0.16349477
190011,L5 IT,-0.21885413,0.22078067
38071,PVM,0.24329656,0.23134428
135817,Micro,0.30606443,-0.19050992
193776,L6 CT,-0.3671888,0.08178753
146882,L5 IT,0.27434033,-0.14615256
242202,L5 ET,0.08121824,-0.003434509
271393,L4/5 IT,0.3063857,0.010933101
193789,Endo,0.14202124,0.38640147
52024,L2/3 IT,0.09853107,0.352799
135666,Endo,0.20758379,0.33437246
52040,L4/5 IT,0.36534268,-0.051541597
135633,Micro,-0.296201,0.24031025
37839,Astro,0.29611832,0.23117912
225911,L6 IT,-0.23357949,0.014690697
135320,L5 IT,0.06421608,-0.0189479
273771,L6 CT,0.039416134,-0.030738264
254771,L6b,0.23101825,-0.33438694
254759,L6 IT,-0.13305235,-0.07371014
220999,Oligo,-0.3902268,0.027524889
247430,L5 IT,0.14466202,0.008384407
36756,L2/3 IT,-0.15590829,0.35425788
241362,Endo,0.39877546,0.10591823
271149,L2/3 IT,0.31948268,0.05879301
273881,Astro,0.3149135,0.25866818
226543,Astro,0.08434361,-0.4258998
134655,Astro,0.00013160706,-0.29539025
194142,Astro,-0.3324425,0.009948075
147973,Peri,-0.18995598,0.14547992
147981,Micro,-0.3425739,-0.064817846
194147,L6 CT,0.28212404,-0.26876837
134636,Micro,0.088997066,0.22017324
53233,Oligo,-0.16844276,-0.17757979
226548,Endo,-0.14275002,-0.19410935
148000,L6 CT,-0.051236212,-0.16081733
194160,L4/5 IT,0.020727634,0.20420474
271101,L2/3 IT,0.21873814,0.20681983
36653,L6 IT,-0.22243509,0.06611794
148044,Endo,0.30760908,0.09263784
36558,Astro,-0.2391139,0.18765223
271082,Sst,-0.38826558,0.122062266
36550,L4/5 IT,-0.1699664,0.25172287
53457,Micro,0.10929984,0.4024973
134354,L4/5 IT,-0.10489535,0.18051738
220848,L4/5 IT,-0.16809598,0.2492764
134273,L6 CT,0.14694875,-0.2073772
147870,L2/3 IT,0.14323455,0.3174073
37364,L6 CT,0.08264381,-0.15818211
53047,Endo,0.029798627,0.09927708
147833,L2/3 IT,0.1836819,0.27780396
37346,Endo,0.10063052,0.23522395
247395,L2/3 IT,0.18690068,0.2003892
135232,L6 CT,0.10646868,-0.22454116
271312,L4/5 IT,0.22624576,0.062083006
241400,Pvalb,0.2532714,-0.31282264
37288,L4/5 IT,0.24828476,0.10309428
52353,L5 ET,0.37487316,-0.16198775
147484,Oligo,0.06518853,-0.08400917
37275,Oligo,-0.47543728,-0.045523524
52457,Endo,-0.3398903,0.14827836
52504,L6 IT,0.087948084,-0.18457168
52511,Sst,0.30086416,-0.079474956
135036,L6 CT,0.24554944,-0.29141885
52585,Micro,-0.097770214,0.47705138
52608,L6 CT,0.105186105,-0.21312016
221129,Oligo,0.060946524,-0.11185652
271236,L6 CT,0.17640996,-0.34777725
246660,Astro,0.28893292,-0.22946146
37087,L2/3 IT,0.16705114,0.30812413
241371,Oligo,-0.07033819,-0.26299325
135003,Astro,-0.330724,0.1340481
134991,Endo,0.100780845,0.16383982
36993,L6 IT,-0.24855429,0.1038394
36974,Micro,0.14923757,-0.27272147
36959,L4/5 IT,0.035051703,0.21710795
221047,Astro,-0.0070326626,0.41926926
36958,L4/5 IT,-0.16942409,0.28325576
194073,Endo,-0.3317554,-0.102894306
52920,SMC,0.23958945,0.23079109
147856,L5 IT,-0.12274653,0.088247955
221574,Pvalb,-0.40559152,0.1126886
256740,L6 CT,0.24714267,-0.26583156
136188,Astro,-0.30019546,0.218566
137585,Micro,-0.26235104,0.103239715
225509,Endo,0.20086712,0.34990215
145566,L6 IT,0.228324,-0.15466964
271749,L4/5 IT,-0.08712724,0.23910427
137466,L5 IT,0.05931002,-0.052778006
49789,Oligo,-0.0646148,-0.24135622
190467,L6 CT,0.21766275,-0.31641278
39720,Astro,-0.1703941,0.28310317
137434,Oligo,-0.13832927,0.22939605
193201,L4/5 IT,0.13873273,0.18045485
49822,OPC,0.21805686,0.2209807
137421,Astro,-0.3814521,0.15472251
49832,L6 CT,0.14577192,-0.32779303
222104,L5 ET,-0.0969452,0.06623268
222092,Astro,-0.36041322,-0.023412228
225565,Pvalb,-0.0932444,0.38401538
271721,L2/3 IT,0.28880793,0.21833909
137221,Astro,-0.31388557,0.14757717
225588,L6 IT,0.01397711,-0.08328262
39546,L2/3 IT,0.13496423,0.26170343
193270,Oligo,-0.16425374,-0.19526747
39508,L4/5 IT,0.2712986,0.020373225
137152,L6 IT,-0.3561862,0.10440785
193284,Oligo,-0.2538274,-0.11949432
222007,Endo,0.1328767,-0.06710088
137122,Oligo,0.1434356,-0.36104465
50091,L5 IT,-0.021696597,-0.017521173
273412,L4/5 IT,0.253681,0.122674525
39412,L6 CT,-0.39008212,-0.004817575
145508,Pvalb,-0.37655672,0.17930019
39406,PVM,-0.083008796,0.3884374
190524,L2/3 IT,0.1207245,0.21305132
49563,Micro,0.19516057,-0.31104985
137961,L6 CT,-0.18126896,-0.033294618
137956,L5 IT,0.38745385,-0.057864368
222337,L2/3 IT,0.13678652,0.17222661
40259,PVM,-0.46120638,0.059319198
137933,VLMC,0.3198942,0.2854321
241519,Astro,-0.15614292,-0.044368386
40240,L4/5 IT,0.27230293,0.04795754
190638,L2/3 IT,0.04883623,0.35416478
273294,L5 ET,-0.031578243,0.13653135
40140,Sst,0.10504031,0.17511761
145171,OPC,-0.38720834,0.14525038
137835,Vip,0.1450386,0.17912775
190604,L2/3 IT,0.27176863,0.19142419
273304,SMC,0.08376336,0.10575545
40107,Oligo,-0.40718812,-0.06797078
49283,L6 IT,0.07854003,-0.09027192
222308,Pvalb,-0.2392872,0.29276955
145291,Endo,0.3443706,0.21929306
137784,L4/5 IT,-0.054520607,0.18931925
39938,L6 CT,-0.19094044,0.05603224
255346,Endo,0.19694686,0.0931226
137753,L4/5 IT,0.0938853,0.10344827
145325,L6 IT,0.29551125,-0.20040488
145343,Peri,-0.21297288,0.17342561
49483,L4/5 IT,0.2103594,0.14946383
193132,Endo,0.11329448,0.40119743
49492,Astro,0.42071444,0.13572925
137688,Oligo,-0.19613183,-0.09986079
137680,Astro,-0.40876162,0.06475973
190526,L6 IT,0.23540598,-0.2655228
137005,Peri,-0.13966143,0.21891385
39307,L5/6 NP,0.18222594,-0.42719528
39267,Astro,0.061017215,0.15746021
50772,Pvalb,-0.28679115,0.22271514
146305,L2/3 IT,0.43393737,-0.03839186
193520,Oligo,0.12512141,0.022853076
50921,L4/5 IT,-0.11363956,0.20669752
146332,L6 CT,-0.098229915,-0.030724704
38864,L6 CT,0.12980658,-0.19570702
136475,L4/5 IT,0.28046525,0.05375409
146337,Micro,0.23441565,0.08661902
221705,Micro,-0.24391863,0.26501745
38826,L2/3 IT,0.35623074,0.029551446
51003,Oligo,-0.20074663,-0.13988906
146349,Oligo,-0.05864799,0.07326138
38809,L5 IT,0.1534192,0.017292738
51075,Micro,0.24466467,0.30702835
146376,L2/3 IT,-0.11196047,0.37107348
225841,Pvalb,-0.28261375,0.15915024
190181,L6 CT,-0.14872298,-0.06619334
146401,L2/3 IT,0.12039268,0.2778859
51211,L2/3 IT,0.37779868,0.09394646
38657,L4/5 IT,-0.023323983,0.19155282
221617,L5 IT,0.40141302,-0.13037604
146427,L4/5 IT,-0.26472294,0.23669475
38596,L4/5 IT,-0.18087551,0.26301295
51322,L6 CT,0.3154391,-0.2305843
146481,L4/5 IT,0.39098048,-0.018963665
136235,Astro,0.20352304,0.2570089
136228,L4/5 IT,0.06860268,0.082558334
271483,L2/3 IT,-0.20613211,0.37321603
136194,Lamp5,-0.13607013,0.44827163
247306,L4/5 IT,-0.16623604,0.28110868
38875,L5 IT,-0.12942523,0.037119567
271608,L6 CT,-0.06872502,-0.0213629
136596,VLMC,0.32219058,0.2496202
193340,L5/6 NP,-0.24632603,0.21628511
145962,L4/5 IT,-0.11831173,0.27076817
50190,Astro,-0.0015870035,0.25541937
190334,L4/5 IT,0.14024258,0.06337613
193380,Oligo,0.07258785,-0.3595902
255168,L6 CT,-0.17309895,-0.062488258
221933,L5 IT,-0.053658783,0.021196008
50299,L6b,0.10810292,-0.31807828
39145,Oligo,-0.23790255,-0.15709826
136816,L6 IT,0.10536188,0.06833148
190317,Oligo,-0.19923615,-0.18305525
39072,OPC,-0.4426581,-0.048496693
50444,Endo,0.084834695,-0.047221184
146091,Sncg,0.36196846,0.18215889
49137,OPC,-0.35305595,0.15016383
50464,L4/5 IT,0.39101416,-0.080949545
225755,L6b,-0.28498673,-0.06536114
193440,Oligo,-0.082556784,0.1984371
38936,L6 CT,-0.28204566,0.092782974
50519,L6 IT,-0.21219292,-0.054004103
190267,L2/3 IT,0.15844578,0.27812874
50596,L2/3 IT,0.38847435,0.12006688
190259,L2/3 IT,0.18325478,0.27183497
50620,L2/3 IT,0.12891078,0.2834744
136667,Oligo,0.079794526,-0.41425478
255119,OPC,-0.3761888,-0.040561795
190247,L6 CT,-0.02502349,-0.08339682
136614,L6 CT,0.12514281,-0.33293813
50724,Sst,0.40083212,-0.07597387
136597,L2/3 IT,0.37508214,-0.00026339293
146139,Oligo,0.102163434,-0.40769574
187490,Oligo,0.114672184,-0.3869857
21881,L4/5 IT,0.08783823,0.13248527
154349,Oligo,-0.15185967,-0.20632675
198101,Astro,0.04308933,0.3283618
122801,L5 ET,0.2443313,-0.13819262
158351,L2/3 IT,0.24872553,0.2409488
158363,L2/3 IT,-0.20198157,0.3457831
268647,Endo,0.015869856,0.110036135
67678,Oligo,0.31072545,0.18183869
67703,Astro,-0.3200342,0.18741202
216169,L6 CT,0.16331995,-0.28336215
198164,Lamp5,0.4034875,0.18357831
24724,L6 CT,0.2624851,-0.31342107
67771,L5 IT,0.021249294,0.05639273
67785,L6 CT,-0.325392,-0.015890092
240611,PVM,-0.15570596,0.2333759
24723,Peri,0.24113834,0.23385388
268620,L6 CT,-0.06818229,-0.041081965
216132,Pvalb,-0.22390085,0.30391634
230743,OPC,0.25780648,0.26621068
122643,L4/5 IT,0.16777539,0.24820745
67944,L5 IT,0.29944164,-0.03479892
122593,L2/3 IT,0.36233944,0.0711661
186099,Peri,0.27916092,-0.24875212
68010,L4/5 IT,-0.15811434,0.29310822
68022,Pvalb,-0.44646996,0.07503182
24527,L4/5 IT,0.37039745,-0.072044104
24516,Oligo,0.362971,-0.13536206
68039,Endo,0.23879218,0.29598784
243008,L6 CT,-0.37004772,0.11250448
216228,L2/3 IT,-0.047008812,0.35786927
67543,L6 CT,-0.37627977,0.114705145
24836,L2/3 IT,0.1410377,0.3172511
253048,L5 IT,0.17791235,-0.30251956
123174,L4/5 IT,0.12968391,0.16825682
25154,Oligo,-0.056943536,-0.22143456
216377,Oligo,-0.26748684,-0.107185274
25101,L6 CT,-0.20420995,0.020484388
25096,L5 IT,-0.057412148,0.0014326572
275995,Astro,0.1618995,-0.20964316
25084,L5 ET,0.30485278,-0.14607021
242987,L6 CT,-0.4669832,0.047792494
67178,L2/3 IT,0.37680328,0.10394633
25029,L4/5 IT,-0.20373169,0.3056444
158003,L4/5 IT,-0.08646098,0.2401703
158011,Pvalb,-0.03234014,0.065512836
158032,L2/3 IT,0.3915226,0.110730946
123078,L6 CT,-0.08486554,-0.04181263
268722,L2/3 IT,0.13946956,0.25579625
67289,Oligo,-0.3346587,-0.0714232
158075,Astro,0.15638912,-0.4115126
186229,OPC,0.22260654,0.22139573
24953,Oligo,0.0176391,-0.2296175
158144,L6 CT,-0.31890368,-0.01286903
198056,L4/5 IT,0.2579288,0.058907986
158194,Astro,-0.14997095,-0.16105908
186201,L6 IT,-0.23616207,0.0071569085
122891,L4/5 IT,-0.16301337,0.30597657
246039,Vip,0.14023304,0.22221226
198077,VLMC,0.47664094,0.12071025
68062,Sst,-0.25418246,0.20929176
25167,L5 IT,0.072348595,0.061648548
198255,L4/5 IT,-0.10258895,0.25958174
158674,OPC,0.14038175,0.3683638
268504,L6 CT,-0.12302363,-0.007825106
240550,L6 CT,0.1597681,-0.18737984
276121,OPC,0.023834169,-0.333118
248100,Pvalb,-0.018470228,-0.030360848
24043,L6 CT,0.23649609,-0.29199153
230938,L6 CT,-0.1149784,0.048841298
215834,L6 CT,-0.15298182,0.055356145
23904,Micro,0.2965541,-0.12909114
23888,Astro,0.02901721,-0.2710426
122032,Astro,-0.294025,0.21131504
159129,Astro,0.123942494,-0.4335966
215799,Oligo,-0.044822007,-0.19165447
198391,Oligo,-0.08449292,-0.2331911
68905,VLMC,0.2785855,0.30896735
259244,Oligo,-0.009517252,-0.13486335
259249,L5 IT,0.2900318,-0.07374075
159281,L4/5 IT,0.27338338,0.12973821
121862,Oligo,-0.0669578,-0.24987155
259259,L6 CT,-0.20153835,-0.08174729
69092,L4/5 IT,-0.23024842,0.3093949
276177,Sst,-0.34105492,0.10361457
23706,Endo,-0.08143848,0.37452924
240534,L5/6 NP,-0.2814093,0.2692564
248133,L6 CT,0.1537996,-0.13960361
121740,Lamp5,0.19956106,0.040723026
69150,Peri,-0.34049988,-0.09616649
121945,L6 CT,0.20025307,-0.29206926
259216,Oligo,-0.2624508,0.06600827
122183,L6 CT,-0.2812332,0.0004555583
68540,Endo,0.16775286,0.35166967
24463,Vip,0.18352443,0.32334483
122404,L4/5 IT,-0.20579877,0.24989802
259152,Oligo,-0.1001713,-0.18290907
122401,L6 CT,0.18145198,-0.39629367
68135,L4/5 IT,0.2648512,0.004958391
158771,Endo,-0.12987134,0.3999943
122384,L6 CT,0.21003681,-0.36288562
248079,OPC,0.16666776,0.31236482
68276,L4/5 IT,0.35476857,-0.09467965
158773,Astro,-0.29261136,-0.08380887
268539,L4/5 IT,0.40119058,0.046367526
230815,Astro,0.024261892,-0.3503039
158824,L4/5 IT,0.06510645,0.19176811
158834,L4/5 IT,-0.23358718,0.31784242
68367,Oligo,0.050718844,-0.31157923
158846,Oligo,-0.004063934,-0.10587925
158847,L5 ET,-0.116422325,0.22763681
259197,Peri,-0.29996294,0.23583221
24404,L4/5 IT,-0.25981665,0.2947846
198357,L6 CT,-0.25683358,-0.019782573
186024,Endo,0.14888448,-0.306342
24351,Endo,-0.107629836,0.087331
198362,L4/5 IT,-0.10853693,0.23719579
24349,L2/3 IT,0.25957125,0.18202585
24290,L6 CT,-0.11559549,-0.037080765
186013,Oligo,0.19748819,-0.35039204
122229,L6 CT,-0.27842188,0.0993337
122513,Astro,-0.36406797,0.15255094
67110,L6b,-0.11106765,-0.15931374
25175,L4/5 IT,-0.07815787,0.2243821
240627,L2/3 IT,-0.1857489,0.42193544
156773,Oligo,-0.018556327,-0.25756097
240721,L4/5 IT,0.04765761,0.097067595
26391,L4/5 IT,0.21443856,0.06234497
26389,L5 ET,0.2890129,-0.19044459
240713,Micro,-0.19972971,0.30463332
156891,L4/5 IT,0.19050145,0.1913144
197658,Pvalb,-0.18724036,0.18284446
156896,L6b,0.033927023,-0.25100958
197660,L5 IT,-0.122113824,0.20047355
26355,L2/3 IT,0.3782829,0.05178553
216761,L5 IT,0.015397787,-0.08761576
26337,OPC,-0.023102343,-0.17980632
197614,Astro,-0.19174784,0.17246836
66070,Peri,0.00912267,0.18162197
268969,L4/5 IT,0.0456357,0.23598772
66096,Oligo,-0.12501088,-0.20573196
26296,L5 IT,0.3760783,-0.12016222
26290,Endo,-0.27778256,0.22848475
124245,SMC,-0.196718,0.31444472
186600,Pvalb,-0.25500846,0.3020079
157023,SMC,-0.036415786,0.24610573
26190,Oligo,-0.32348263,0.21846366
124161,L6 IT,0.2750278,-0.26651484
275786,Peri,-0.12623581,-0.07972255
216699,L6 IT,-0.15463436,-0.07175824
240700,L4/5 IT,0.40949243,-0.06368145
275773,L6 CT,0.29656297,-0.31735426
26466,OPC,-0.15726948,0.4536618
26480,OPC,-0.287766,0.08452761
124636,SMC,-0.1829558,0.2360537
65675,L2/3 IT,0.15429103,0.26701522
65709,L5 ET,0.1405459,-0.06003678
156475,Sst,-0.009646565,-0.03291583
216884,L6 CT,-0.18867332,-0.06615606
26815,L5/6 NP,-0.32217273,0.14575595
124885,Lamp5,0.003958702,0.36621928
247959,SMC,-0.18052277,-0.093868256
229904,L6 CT,-0.28149575,-0.0027452111
65758,L4/5 IT,0.33049428,0.039346993
269037,PVM,0.15807658,0.1931389
197538,Astro,-0.1750696,0.22632486
229912,L5 ET,0.36671287,-0.1278803
156537,L4/5 IT,-0.1604557,0.24162734
26713,L4/5 IT,-0.062021345,0.213211
156551,Oligo,-0.096252084,0.20372206
124823,Oligo,-0.21779582,0.16549921
156561,Endo,-0.18007472,0.296934
26708,L6 CT,-0.31295386,-0.013341755
156567,L2/3 IT,-0.1597476,0.42873663
124785,L6 CT,-0.15996587,0.09084487
258696,Vip,-0.117669314,0.38873488
124749,L4/5 IT,0.07331312,0.17098624
124748,L6 CT,0.10509199,-0.10403818
216857,Astro,0.120839834,-0.35620606
26658,L5/6 NP,-0.1829023,0.1535036
156640,Astro,0.1009779,-0.2897246
65841,Pvalb,-0.034847617,0.014778554
275801,Pvalb,-0.18936408,0.2467559
186567,Astro,0.28725654,0.2692476
253190,L6 IT,0.2593978,-0.2565682
66258,L4/5 IT,0.3915336,-0.040632635
123723,L5 IT,0.38735306,-0.14114124
186402,L6 IT,-0.3683747,0.13769269
66614,Micro,0.12485862,0.30338293
25581,Pvalb,-0.23304915,0.26785362
123661,L2/3 IT,0.33436495,0.14130634
186386,L2/3 IT,-0.19700867,0.3593877
123608,L6 IT,0.20434773,0.24005383
123594,L4/5 IT,-0.20476562,0.2864341
66711,Sst,-0.037759423,0.3161785
66786,L6 CT,-0.008181483,-0.046804577
123484,L4/5 IT,0.17793834,0.10366613
230425,L5 IT,-0.2924226,0.25659478
216485,L6 CT,-0.33146423,0.023656547
123446,Astro,-0.21681148,-0.16588783
216468,L2/3 IT,0.0055133104,0.40688074
123419,L6 CT,0.16783261,-0.30773544
242984,L6 CT,-0.07586914,0.028460383
67016,Oligo,0.4564675,-0.031617224
25412,L5 IT,0.23620284,-0.18679947
123353,L5 IT,0.071288586,-0.018893242
25407,L4/5 IT,0.21246988,0.14566624
157777,Astro,-0.04063043,0.4620365
186328,L5 IT,-0.05251962,0.043929815
258992,L4/5 IT,0.104356885,0.21250933
67033,Astro,0.16763896,-0.03140521
25260,Astro,0.47497547,0.016135693
25232,L6 CT,-0.09431273,0.015030086
157559,VLMC,0.20918065,0.34105498
121711,L4/5 IT,-0.12828764,0.3045805
230355,SMC,-0.23844251,-0.08449775
25645,Oligo,-0.0012204647,-0.27919403
246120,L5 ET,0.18200094,-0.07741389
230185,L4/5 IT,-0.26062,0.30114847
26033,Micro,-0.15530238,0.19950825
268916,L6 CT,0.22907728,-0.22145304
186532,Oligo,-0.16733223,-0.1355558
124020,Oligo,0.17439562,-0.39543635
157164,L6 IT,0.2244966,-0.3575548
157165,Oligo,0.06497282,-0.10749343
275830,L6 CT,0.12895179,-0.2808352
242946,Oligo,-0.1581353,-0.18170878
216664,L4/5 IT,-0.29596373,0.31712908
66329,Oligo,0.23694682,-0.11460614
66340,L2/3 IT,0.054588556,0.383223
25924,L6 IT,-0.07848343,-0.10249153
123931,L2/3 IT,-0.011120677,0.27644926
242954,Endo,-0.34079126,0.17342788
268897,Astro,-0.112023324,-0.08732653
157360,L5 IT,0.35759896,-0.15076843
268894,L6 CT,-0.040037125,-0.04097712
123883,L2/3 IT,0.14832109,0.29950488
123872,L4/5 IT,-0.20782867,0.25461245
253133,L5 IT,0.25322813,-0.09160122
157387,L4/5 IT,0.34139347,-0.030412108
25692,Endo,-0.28305912,0.20731044
230333,PVM,-0.09582192,0.23567677
253122,L5 ET,-0.07937896,0.13415366
157473,Micro,-0.21092075,-0.009276807
157495,Astro,-0.06838,-0.042191982
197490,Endo,-0.26415873,0.029050708
69159,Endo,0.09472233,0.24026978
121694,Oligo,0.08730286,0.38838494
267960,Oligo,0.19933182,-0.27543896
259683,L6 CT,0.18981445,-0.2754741
21379,L6 IT,0.32646054,-0.18334681
71993,Oligo,-0.18537194,-0.16040862
267947,L6 IT,-0.25351977,0.05510038
214761,Astro,0.23052359,0.26146406
119249,L4/5 IT,-0.19062486,0.25074452
267930,L6 CT,0.21990055,-0.32199538
72099,L6 CT,0.16247123,-0.113444984
161268,L2/3 IT,0.06453711,0.2913366
161269,L6 CT,0.15411323,-0.20841253
21359,PVM,-0.22194317,0.07408273
71899,PVM,-0.18140018,-0.19756952
21350,Vip,0.46250743,0.024499297
21320,Endo,-0.1209231,0.20941406
119101,OPC,-0.31842238,0.24739921
119086,L6 CT,0.20733154,-0.26162842
199330,Oligo,0.22349173,-0.37045574
199332,Astro,0.043849826,-0.37357348
185234,L2/3 IT,0.10522306,0.3470167
72253,L5 ET,0.32596487,-0.074055225
161331,L6 IT,-0.290851,0.07456952
199340,L6 CT,0.113922656,-0.1540845
72292,Oligo,-0.4311883,0.08674002
161355,L6b,-0.40534654,0.009526849
119045,L6 CT,0.00085902214,-0.054194123
214714,L5 IT,0.14395261,0.036097884
267970,L6 CT,0.06013167,-0.2294972
119412,L5 IT,-0.28131542,0.1450612
214831,L4/5 IT,0.06063229,0.19420165
71285,Pvalb,-0.34935588,0.12315035
160812,L4/5 IT,0.2522847,0.022894979
199113,Sst,0.2762934,-0.2206578
214993,L6 IT,-0.12436184,0.005516231
119723,L6 CT,0.122021735,-0.25889215
231713,L4/5 IT,0.3741855,-0.012955219
214990,PVM,-0.13520342,0.4651394
71325,L4/5 IT,0.08333832,0.15207797
199130,Oligo,-0.31471843,-0.09886691
185391,Micro,0.28139,-0.2709813
276561,Oligo,0.07478207,-0.33472747
119637,L6 IT,-0.3059955,0.083817124
259639,L2/3 IT,-0.010664403,0.33121216
160899,L4/5 IT,-0.18151766,0.32769775
160901,Oligo,-0.019322723,-0.26843157
214951,Endo,0.07127249,-0.08860639
71493,L6 CT,-0.20255232,-0.00319162
160975,L6 CT,-0.055065274,-0.06839886
119533,Vip,0.33651626,-0.21528101
276582,L2/3 IT,-0.20457324,0.35097218
161045,L5 IT,0.29903835,-0.05747816
71655,L5 IT,0.09804785,0.0538162
71714,L6 CT,0.08784354,-0.15581098
71737,L6 CT,-0.31004572,0.111534536
71765,Oligo,-0.007432133,-0.16798112
71777,L2/3 IT,0.30742002,0.029119253
71839,L5 IT,0.3794636,-0.12032384
267886,Oligo,0.1322645,-0.36227667
71282,Astro,0.41558224,-0.08596763
240408,Sst,0.10035533,-0.100283474
161401,L4/5 IT,-0.06817904,0.2561853
161792,L4/5 IT,0.24778634,0.028873622
232050,L6 IT,-0.3174382,0.0011832118
118489,Endo,-0.29293814,0.2853598
20846,L6 CT,-0.36417145,0.15991068
118473,Oligo,-0.29710463,0.14689016
20834,L5 IT,-0.024228722,-0.05148956
185078,Pvalb,-0.005130142,0.13477778
73001,L2/3 IT,0.022648513,0.30065858
20776,Peri,0.23287696,-0.16946816
20679,L6 CT,-0.09378934,-0.069946796
20641,L2/3 IT,0.11268097,0.27740943
73157,L6 CT,0.11156803,-0.100780666
199493,L6 IT,-0.40183467,0.047904313
20585,L5 IT,-0.1493752,0.14143246
20415,Oligo,-0.18689176,-0.15036774
162061,L4/5 IT,0.42133027,-0.08764693
162075,L2/3 IT,-0.1703288,0.34859002
232211,Oligo,-0.3554977,0.063399434
259862,Oligo,-0.0629268,-0.22790244
118251,L4/5 IT,0.34970695,0.0066628456
20320,L6 CT,-0.1838733,0.02826339
199601,L5 IT,-0.03961891,-0.013038039
276917,L4/5 IT,-0.20046762,0.24893254
259890,Micro,0.29449314,0.051918745
73465,L6 CT,-0.1617311,-0.09543803
73500,OPC,0.1812495,0.3168891
214346,L4/5 IT,-0.22246951,0.27308583
243259,Astro,0.089640915,0.14510477
252404,Lamp5,0.1864028,0.34458607
185117,Peri,-0.23139027,0.21520358
161407,Astro,-0.09097731,-0.20606309
199376,Oligo,0.038368165,-0.33984947
161484,L4/5 IT,-0.11292493,0.259395
72466,Oligo,-0.209669,-0.13574952
199399,Oligo,0.21674526,-0.1771572
118838,L2/3 IT,0.13104033,0.24188948
161537,L6 IT,-0.04420325,-0.10895392
199405,VLMC,0.23564106,0.34919304
118762,L6 CT,0.06661773,-0.11276406
72627,L5 IT,0.112845,0.00024747849
240399,L2/3 IT,0.33255088,0.1346479
21044,L6 CT,0.22765708,-0.2690537
232005,L5 IT,-0.13794109,0.06477404
267829,L4/5 IT,0.077695966,0.13417572
72734,L2/3 IT,0.28789252,0.19231188
185141,L2/3 IT,0.31054777,0.1272139
118690,VLMC,0.23343962,0.33752996
161647,Pvalb,0.3107133,-0.112379104
72743,L6 CT,-0.08349836,-0.037993938
161649,L2/3 IT,0.30852854,0.12246972
21006,Astro,0.03529644,-0.09279847
214465,L4/5 IT,0.10951632,0.12194073
72847,L4/5 IT,-0.060887784,0.088391125
72854,L2/3 IT,0.10923779,0.31149495
20969,Pvalb,-0.18467209,0.2557367
199472,Sst,-0.11366579,0.19829118
232019,Endo,0.3150425,0.21987635
199360,L5 IT,0.42002034,-0.048360765
119776,L6 CT,0.20665091,-0.28056893
276539,L6 CT,-0.40791953,0.14090264
160697,L4/5 IT,0.14050221,0.13941956
69751,Oligo,0.049651146,-0.37272465
185704,L4/5 IT,0.16909528,0.056622326
215509,Oligo,0.30005056,-0.086251915
159835,L5 IT,-0.049277544,-0.023329467
231344,Astro,-0.13406411,0.38323522
185690,OPC,0.3253258,0.23681653
22696,Astro,0.13766307,0.18222052
159900,L6 CT,-0.010362834,-0.16929027
22625,Oligo,0.025803447,-0.272013
159973,Oligo,0.14976579,0.11543608
198733,L2/3 IT,0.056169808,0.35687077
69998,Endo,0.41087574,0.15071076
22950,L6 IT,-0.18606108,0.0450058
22581,L4/5 IT,0.01487565,0.2572369
22508,L6 CT,0.08740467,-0.1610604
120905,L6b,-0.33340576,-0.07873869
160072,L2/3 IT,0.19026107,0.28029805
198752,Astro,-0.12935963,-0.019004703
120886,L2/3 IT,0.06818366,0.34343326
185603,VLMC,0.4188673,0.14203405
215368,L4/5 IT,-0.22796518,0.29646623
198788,PVM,0.26780975,0.025022209
120808,L6 CT,0.21371585,-0.31830904
160107,L4/5 IT,0.3977391,-0.09848946
22351,L6 CT,-0.2867025,0.14774638
70141,Oligo,0.10505849,-0.38240927
160066,L5 ET,0.1008144,0.013141751
69739,L6 CT,-0.36552244,0.14131355
259388,L5 IT,0.26494795,-0.16924918
121159,Micro,-0.2396541,-0.15890983
23502,L4/5 IT,0.05924338,0.1638816
69231,Oligo,-0.253245,-0.13922298
69256,Micro,-0.23902714,0.3278464
215659,Oligo,-0.06542337,-0.21461537
23495,Peri,0.24495465,-0.089089185
121629,L5 IT,0.3355692,-0.13604197
69305,L2/3 IT,0.15789962,0.26844168
159466,L5 ET,0.018198967,0.0051606297
198577,Endo,-0.1464785,0.39664906
23420,L6 IT,0.07015252,-0.20668378
268386,L2/3 IT,0.14938849,0.2948329
159545,Oligo,-0.042238474,-0.2687137
252793,L4/5 IT,0.111766696,0.14776069
121496,L4/5 IT,0.4332261,-0.083782405
276269,OPC,-0.0033922493,-0.31990743
268363,Endo,-0.14072752,0.4108702
231216,L2/3 IT,0.10237086,0.37188542
69586,L4/5 IT,-0.22811007,0.29087514
159638,L5/6 NP,-0.2034536,0.104967594
23233,L6 CT,0.27494764,-0.27459866
185752,L6 IT,-0.39473563,0.0011250973
276297,Oligo,-0.036720872,-0.10855085
276299,Astro,0.015035987,-0.2820922
240506,L6 CT,0.13130432,-0.2572385
69697,L5/6 NP,0.18161929,-0.045410097
121196,Sst,-0.24090481,0.18578595
259386,Micro,-0.16111064,0.09912145
120785,L2/3 IT,-0.032847285,0.3535825
198813,Endo,0.21087861,-0.30015016
268245,Astro,0.057624698,-0.37296456
268240,Pvalb,0.09681851,-0.099245906
198946,L6 CT,-0.22604075,0.14796764
185508,L6 CT,-0.38774946,0.02985537
70778,L6 IT,-0.3669274,0.11141163
160444,L5 IT,-0.48368803,0.09212941
185496,Pvalb,-0.43209815,0.07342929
70812,L2/3 IT,0.38535267,0.104664266
198982,PVM,0.12672639,-0.4126331
120174,Astro,0.27219957,0.29992074
70825,Pvalb,0.026064157,0.12562984
120159,Sst,0.15834653,0.25207037
70879,L4/5 IT,0.27219397,0.027292907
120067,L2/3 IT,0.3578841,0.13116688
160575,L5/6 NP,-0.16830736,0.12252897
215094,Micro,-0.13204396,0.45680523
243166,Astro,0.33682394,0.16261762
120049,L6 IT,0.20162797,-0.12865135
243169,Oligo,0.09178388,-0.31645012
160588,L6 CT,0.025208473,-0.09300971
70964,L4/5 IT,-0.24669221,0.29977953
259561,Micro,0.20358467,-0.25684148
231665,Oligo,-0.23506409,0.10170919
268104,L2/3 IT,0.02471286,0.3721993
71113,L4/5 IT,0.0745129,0.20615757
185436,L6 CT,0.20708317,-0.36796677
160689,Endo,-0.27751452,-0.030720353
252609,L5 IT,0.25311673,-0.11255482
71142,L2/3 IT,0.035588562,0.33000755
120307,L4/5 IT,0.353221,-0.06327447
268410,Oligo,0.014433622,-0.32799613
215164,Micro,-0.3031553,-0.09761974
120334,L6 CT,0.15358555,-0.19088742
120728,OPC,-0.20129323,0.29822683
231528,VLMC,0.16899228,0.39011872
215339,L6b,0.0021011233,-0.2362169
248182,L5 IT,-0.11506599,0.12577492
120685,L5/6 NP,0.18190378,-0.07397029
70332,Astro,0.12526381,-0.40734434
22296,Oligo,-0.021353036,-0.17931747
198853,L6 CT,-0.34343848,-0.007541448
120609,L6 CT,-0.061786503,-0.08937654
70384,Endo,-0.105036795,0.33404303
268219,Oligo,0.06874049,-0.34454173
70439,Astro,0.1098097,-0.36440724
160270,Pvalb,-0.4544286,0.04146415
120538,Micro,0.26527238,0.23946583
259490,L5 ET,0.27651465,-0.10360649
252686,Sst,-0.07439643,0.026317298
22223,L4/5 IT,0.3825283,-0.091558516
215249,Oligo,0.09120917,-0.34100714
70571,L6 CT,0.103560925,-0.3348386
120455,Oligo,-0.28747284,-0.11064607
231573,Astro,-0.34699464,0.16830873
120419,Endo,0.013392448,0.11025387
185530,Micro,-0.17856896,0.12996972
120386,L6 IT,-0.049947917,-0.061107606
185527,L4/5 IT,0.09973979,0.15478712
160346,Astro,-0.4410503,0.07316494
160365,Astro,-0.29452425,0.25017142
243149,Astro,0.1098848,0.4063427
65616,L6 IT,0.24252969,-0.20750108
122714,L6 CT,-0.1612106,-0.08793077
217652,L2/3 IT,0.2746687,0.22763592
197387,L6 IT,-0.30338505,0.081077635
63365,OPC,0.24451846,0.25170314
64940,L4/5 IT,0.09262061,0.191468
28378,Pvalb,0.19583035,0.10887569
246210,Oligo,-0.23126405,-0.14627135
126396,Oligo,-0.39579314,0.17839986
65273,Endo,0.091896296,0.30678022
27090,Vip,0.3546849,-0.1070379
63558,Oligo,-0.36001512,-0.005061507
63359,L5 IT,-0.22702637,0.16068804
246255,Endo,-0.10593611,0.3142773
65288,L4/5 IT,0.019878149,0.16820359
126560,L6 CT,-0.4138205,0.095219076
186903,L6 IT,-0.34391564,0.023948252
269465,Vip,0.06379044,0.37045562
275363,VLMC,0.27312565,0.29863584
27168,L2/3 IT,-0.0064629316,0.36967683
240839,L4/5 IT,0.09035051,0.18954402
27188,Pvalb,-0.24103925,0.29556602
155890,Pvalb,0.30674857,-0.01789084
155653,L4/5 IT,0.025883615,0.16608685
27391,L5 IT,0.32920104,-0.09545943
63758,L6 CT,-0.0290308,-0.14067653
217849,L2/3 IT,0.12618953,0.24070877
155156,Oligo,0.13331795,-0.36410928
27375,L4/5 IT,0.35247475,0.0546515
275618,L6 CT,-0.06030515,-0.1271911
154593,L2/3 IT,0.04214436,0.3945933
196763,Oligo,0.028027713,-0.29845768
246286,Oligo,0.08395535,-0.3572599
197397,L5 IT,-0.07651925,0.05687356
63859,Endo,0.18748707,0.21065432
126607,Pvalb,-0.031826615,0.1583218
27788,L5 IT,0.38886172,-0.13677517
28506,Astro,0.057288766,-0.3606853
64349,Peri,-0.08264184,0.4816211
229409,L5 IT,0.31211644,-0.10008538
64227,VLMC,0.14146715,0.39971948
155350,OPC,-0.018054813,0.389879
125284,L2/3 IT,0.31111038,0.18292946
64724,L2/3 IT,0.07502359,0.37433416
127109,L5 IT,0.31143308,-0.095065564
28833,Astro,-0.41642392,0.037082672
197031,SMC,0.19955778,0.20182031
27520,Peri,-0.09659016,0.3652522
126395,L6 CT,-0.16097704,-0.08622524
127080,Endo,-0.2522032,0.029495597
27515,OPC,-0.0923385,0.17583275
63068,L4/5 IT,0.08286649,0.13858926
187263,Micro,-0.34171495,0.14257914
154578,Endo,0.3454762,0.16625643
28396,L6 CT,-0.047861725,-0.18357617
126800,Peri,-0.3165062,0.15711957
125944,Oligo,-0.37251863,-0.12960356
253583,L4/5 IT,0.020252764,0.27920842
197017,L4/5 IT,0.37157714,-0.053279072
64964,L6 CT,-0.23655605,0.05191356
229671,Sst,-0.20125365,0.14082229
28701,L4/5 IT,0.41049457,-0.11162412
269242,L4/5 IT,-0.008562028,0.2052247
63330,OPC,-0.3479964,0.14025193
155678,L2/3 IT,-0.1588228,0.41985047
197297,L6 CT,0.22208816,-0.30221674
64232,L4/5 IT,0.19432998,0.023790002
155249,Oligo,0.122638404,-0.2323136
64269,Oligo,0.07605356,-0.3187651
229544,L4/5 IT,0.10884851,0.20431519
155279,Lamp5,-0.23315373,-0.057725787
258575,L2/3 IT,-0.047207683,0.34219462
154767,L5 IT,-0.26842004,0.27059048
154780,L6 CT,0.038040757,-0.09315476
28769,L5 IT,-0.33204514,0.20293987
155710,Oligo,0.020931482,-0.28507453
269351,Lamp5,0.32827896,0.15977323
242848,Pvalb,-0.0073931515,0.17494726
187333,L6 IT,-0.1806092,0.015699744
28890,Oligo,0.25925976,0.19095862
28836,Vip,-0.05818647,0.35266656
253433,L4/5 IT,-0.25480658,0.30052602
187184,L6 CT,-0.1483194,-0.007990152
126947,Peri,0.06489581,0.068194926
217399,L2/3 IT,0.019341528,0.3236835
125632,L5 ET,0.2775815,-0.022445977
229199,Sst,-0.02291879,0.014165521
217809,OPC,-0.35562336,0.14589006
154645,L2/3 IT,-0.17663684,0.378788
65166,L5 IT,0.11034709,0.089837015
63187,L4/5 IT,0.07789022,0.22611243
27242,L4/5 IT,-0.12082267,0.21202981
125704,L6 IT,0.1090489,-0.27929586
64953,Oligo,-0.3920375,-0.04861635
187214,L4/5 IT,-0.0052073,0.22322536
253421,Endo,-0.21865031,0.38536716
217116,L2/3 IT,0.15780741,0.28951603
28952,L4/5 IT,0.07060766,0.15317762
197311,L6 CT,0.22971946,-0.37739062
217557,L5 IT,0.13057828,-0.020127326
197330,L5/6 NP,0.083937526,0.06683326
27309,L6 CT,0.2668233,-0.15566835
63197,L5 IT,0.2539389,-0.0041603744
197325,Oligo,0.10199916,0.10336608
63739,Peri,0.0785169,0.12914199
155966,Micro,-0.03295484,-0.3204457
229679,L4/5 IT,0.10345191,0.19073504
155956,OPC,0.00059890747,0.29651368
155283,OPC,-0.20955563,0.35444033
125703,L2/3 IT,-0.11561757,0.35089737
275356,Astro,0.045454502,-0.31013077
154656,L6 IT,0.19426924,-0.06089586
27885,Astro,0.3489383,0.13804275
217691,Endo,-0.11242169,0.37878454
65485,Pvalb,-0.044141024,0.1679315
28110,L2/3 IT,-0.11180681,0.31338847
63948,Oligo,-0.24283856,-0.12632251
269392,L2/3 IT,0.16077495,0.23075461
155477,L4/5 IT,0.45129544,-0.072451234
125043,Oligo,-0.021365702,-0.25785002
29324,Peri,-0.22851932,0.4355886
240747,L5 ET,0.39265114,-0.06943366
242746,Astro,0.083592534,-0.35510987
269492,L6 IT,-0.40278625,0.11506444
125049,Endo,0.01530385,0.43968827
217940,Astro,-0.35326827,0.1868717
229073,L4/5 IT,0.3858742,-0.07943383
187456,L6b,0.14687723,-0.31557697
187018,Oligo,0.39504355,0.09002322
63524,L4/5 IT,0.35416543,0.002718389
247897,L4/5 IT,0.10157055,0.20336187
154415,Oligo,-0.36140054,-0.06746921
187454,Pvalb,0.05178851,-0.04181567
275639,L4/5 IT,-0.11339551,0.32911175
63521,Oligo,-0.05035159,-0.2126252
62955,Oligo,-0.40997392,-0.030129403
125137,Sst,0.255284,-0.19863069
186868,L4/5 IT,-0.0002706647,0.22815055
63903,L5 IT,-0.3010024,0.12151992
197111,L4/5 IT,0.39528966,0.003573954
269394,L2/3 IT,0.20228297,0.29144245
126672,Astro,0.09185463,0.100504994
154388,VLMC,0.14872342,0.36735594
156458,Oligo,-0.42386448,0.06537324
28444,L4/5 IT,0.17066616,0.122516334
64523,OPC,0.056824982,0.35295653
275381,OPC,-0.280653,-0.10438606
258527,Astro,-0.048511624,-0.16160822
155054,L2/3 IT,-0.17876378,0.32253754
27991,Pvalb,-0.08635855,0.15153909
64513,Oligo,-0.06741527,0.17849022
27669,Oligo,-0.24884889,-0.12796831
187085,Oligo,0.0938077,-0.33395594
187083,L5 IT,0.1500684,-0.04274702
275470,L6 CT,0.047128856,-0.28037143
65563,L6 CT,-0.40036434,0.038854837
187093,Oligo,0.06869072,0.16881579
125014,L4/5 IT,-0.25328672,0.31533563
29351,Astro,0.10471451,0.28989017
125016,Lamp5,-0.16804188,0.44647878
217477,L5 IT,0.02160567,0.0043972135
242921,Endo,-0.35110965,0.17402887
126632,L5 IT,0.11145967,0.0148662925
155803,Astro,-0.48049933,-0.035985887
26982,L6 IT,0.055372834,-0.17882484
258505,Pvalb,-0.37242836,0.08174157
187427,Oligo,-0.2008774,-0.15313718
125856,L2/3 IT,-0.043692887,0.37176794
155630,Micro,0.12994283,-0.36870846
62968,Endo,0.24059725,-0.11653447
126732,L6 CT,-0.0062785745,0.015976667
127145,L6 CT,-0.45563528,0.049279153
197411,Oligo,-0.4028811,-0.047368377
125180,L6b,0.14589876,-0.3375985
155620,L6 CT,0.12518716,-0.25868893
217916,L6 CT,-0.020395398,-0.08327168
28150,L5 ET,-0.055838138,0.05327648
229313,L4/5 IT,0.04235208,0.21491486
197129,Oligo,-0.061222732,-0.2291317
187011,Peri,-0.22042555,0.102199376
197420,L6 CT,-0.41030112,0.11053848
197409,Micro,-0.29936752,0.09796846
63485,Oligo,-0.058460593,-0.20356667
127155,L2/3 IT,0.22535902,0.25209498
217906,L6 CT,-0.30343497,0.13290185
64453,Peri,0.06764853,0.20668292
65346,L6 CT,0.080158055,-0.20897105
240766,Sst,0.089891255,0.22876662
269382,Micro,0.321213,0.23064333
27555,Oligo,0.123200476,-0.32109803
