,cell_class,coord_X,coord_Y
229257,Endo,0.38090885,-0.19494596
192546,L4/5 IT,-0.20027408,0.28646183
242448,L2/3 IT,0.3457048,0.031138062
211546,Oligo,-0.315394,-0.045945108
192601,L6 IT,0.25217605,-0.26985866
199326,L2/3 IT,0.09680146,0.1942662
238977,L4/5 IT,0.13424891,0.051657677
198480,Oligo,0.2112444,-0.09864837
230532,Astro,-0.17011252,-0.16600043
208128,L4/5 IT,0.34289545,-0.11790368
230912,L5 IT,0.3515337,-0.1996311
247193,Oligo,-0.021957219,-0.28464168
238060,L5 IT,0.06573957,-0.12403959
204422,L5 IT,0.13586414,-0.061435312
199450,L5 IT,0.1450488,-0.056394458
230688,Oligo,-0.18898603,-0.115938306
192580,OPC,-0.21477687,0.37504303
198405,L6 CT,0.12579995,-0.17023683
225836,Endo,0.21788329,-0.020067245
188422,Astro,0.0017223358,-0.11215299
188082,L2/3 IT,0.31781363,0.11072332
229739,L5 ET,0.27994096,-0.13825822
220133,Astro,-0.28635728,-0.16538784
233111,L4/5 IT,-0.14816827,0.28925282
242511,L2/3 IT,0.3531965,0.0028510094
219019,L5 IT,-0.40582615,0.09801906
179592,L6 CT,-0.273686,0.03139633
228025,Peri,-0.22241357,0.102027535
242503,L2/3 IT,0.22718585,0.20067912
188086,PVM,-0.19279861,0.10963076
204269,L6 IT,-0.23383835,0.081498384
247121,L4/5 IT,-0.27641106,0.21707565
229730,L4/5 IT,0.07048643,0.13581014
205680,Micro,0.103076875,0.37019873
216207,L6 CT,0.20354575,-0.37043178
248925,L6 IT,0.08161348,-0.22677386
183385,Endo,-0.0026942194,0.2931525
210272,L2/3 IT,0.0418635,0.2791114
199484,Astro,-0.18527132,0.1412127
206280,L4/5 IT,-0.138219,0.27151918
181676,L6 CT,-0.006555736,-0.17110363
204260,Astro,0.050973117,0.36773908
213911,L2/3 IT,0.09753358,0.20895058
241887,L6 IT,-0.02375874,-0.18814924
208583,L6 CT,0.020805955,-0.26721263
213902,Astro,-0.2627129,0.20388788
204461,L2/3 IT,0.06577003,0.27015322
185772,Oligo,0.068143904,-0.28030565
220138,OPC,0.14337283,-0.2622097
216214,L4/5 IT,-0.15686059,0.2125346
239238,L4/5 IT,0.21138823,0.05393082
222538,Oligo,-0.030098796,-0.29341272
204451,Oligo,-0.34438577,-0.07951
215118,VLMC,-0.42325604,0.11145389
186187,L5 IT,-0.25189814,0.18172449
191202,L5 IT,0.33313572,-0.1932894
217956,Oligo,0.050519884,-0.3685696
191300,L2/3 IT,0.4032666,-0.038464755
179663,L4/5 IT,-0.23097411,0.25036204
229731,Astro,-0.3954997,-0.081247896
183463,L5/6 NP,-0.21896523,0.15263283
242558,L6 CT,0.07745701,-0.19724289
228396,Oligo,0.14052194,-0.41811723
208522,Oligo,-0.1579839,-0.1292181
240822,L6 CT,-0.012196153,-0.062663555
239343,SMC,0.08886516,0.38616937
234884,Astro,-0.20578319,0.18059897
181653,L5 ET,-0.07606539,0.029032826
244973,L4/5 IT,-0.024126828,0.13497496
226637,L4/5 IT,-0.15663508,0.2190001
244980,Lamp5,0.3971014,0.105048716
198460,L2/3 IT,0.30024087,0.12371558
192667,Endo,-0.16356105,-0.07265097
245990,L2/3 IT,-0.19076255,0.41299623
222996,L5/6 NP,-0.2817036,0.2287674
191162,L6 CT,0.055255294,-0.2496123
186210,Oligo,-0.061222225,-0.12489486
216269,L5 IT,0.3408485,-0.2216818
247106,Oligo,-0.063714385,0.15328598
181894,L6 IT,0.27485073,-0.27389163
234154,L5 IT,0.3448658,-0.16016212
181546,Astro,0.03944373,0.18590951
220052,Astro,-0.039233,0.32930142
220091,L2/3 IT,0.37654567,0.028482378
249343,L6 CT,0.013610244,-0.2388185
181889,L6b,-0.1968683,-0.14052776
248920,L6 IT,0.01625532,-0.10246375
197666,L2/3 IT,0.09988171,0.23537505
234444,L4/5 IT,0.2833966,-0.04757929
210203,L2/3 IT,0.40334064,-0.035988957
204337,Oligo,0.08413851,-0.40278473
242440,VLMC,0.29450887,0.23162419
191363,Sst,0.21231759,0.17991632
211631,Endo,-0.34125984,0.07269156
192680,L6 CT,0.01199764,-0.2221075
214673,L6 IT,-0.15704271,-0.035760522
188450,L4/5 IT,0.36047143,-0.11015254
225877,L5 ET,-0.01530835,0.00059098005
239899,Pvalb,-0.33054006,0.12872976
191365,L5 IT,0.0045558214,0.091918886
230708,L6 CT,-0.16535681,0.07220191
219098,Oligo,-0.25468418,-0.14877439
222450,L4/5 IT,0.33407694,-0.0941658
248476,L6 IT,0.11600149,-0.12336117
244963,Micro,0.40103745,0.105603695
243067,Oligo,-0.10405278,-0.25177482
198597,Oligo,0.017935336,-0.32263127
245829,L6 CT,-0.45437935,0.019026995
198479,Oligo,-0.045679748,-0.24036083
199385,Endo,0.14050776,0.3070681
235140,L6 CT,-0.013780415,-0.22714362
211659,L4/5 IT,0.36902088,-0.13138965
236262,Oligo,-0.040200144,-0.27295393
228268,L4/5 IT,0.3883407,-0.14314589
199448,L2/3 IT,-0.00986436,0.28969133
220171,L2/3 IT,0.056417465,0.25496006
239108,L2/3 IT,0.18991971,0.22275186
213209,VLMC,0.34518087,0.20934826
179671,L6 CT,-0.19830042,0.055638254
212555,L6 CT,-0.2695918,0.020862758
191394,Endo,0.1368717,0.23741221
191089,L6 CT,-0.05732131,-0.20729065
208267,L5 IT,-0.15988609,0.12485522
186213,L2/3 IT,-0.18974325,0.32417232
181581,L4/5 IT,0.067070484,0.15519547
204288,Lamp5,0.45385903,-0.023507327
211680,L5 IT,0.24474323,-0.09958956
235534,L4/5 IT,0.1658141,0.02866888
197737,Endo,0.36673427,-0.1513246
191387,L4/5 IT,-0.21664393,0.25511402
244714,VLMC,0.19960254,0.30187356
239472,Endo,-0.1441248,0.39063728
236843,L4/5 IT,0.38283706,-0.1314551
215113,Pvalb,-0.27210552,0.17601049
230929,L2/3 IT,0.3103373,0.115683496
219031,L6 CT,0.03300357,-0.19240683
234204,SMC,-0.060835063,0.12879306
179144,L4/5 IT,-0.06520119,0.16177225
208309,L6 CT,0.013360262,-0.079236686
234717,Astro,-0.099130094,0.43249476
239786,OPC,0.32234973,0.111665964
248285,L2/3 IT,-0.19899812,0.38873923
186241,Sst,-0.04261744,0.21024013
244001,L5 IT,0.25761414,-0.11743179
205788,Astro,0.31047767,0.19160044
205628,Oligo,-0.20624092,-0.1730318
198643,Astro,-0.21113986,0.27576005
216804,L6 IT,0.3224498,-0.20124152
206342,Astro,0.0156613,0.18596745
183806,Oligo,-0.04284829,0.13741398
247635,L6 CT,0.14936972,-0.28113145
210798,L5 IT,-0.21138006,0.17067474
219120,L6 IT,0.22834903,-0.2427611
192074,PVM,-0.25220847,-0.09742674
213125,Peri,-0.12778115,0.30893606
184843,Astro,-0.040539414,-0.17683685
233011,OPC,-0.059901506,-0.23546064
218029,Pvalb,-0.29882878,0.193151
185568,L6b,0.011671662,-0.29511535
230107,L5 ET,0.17373449,-0.118076265
233227,Oligo,0.06421572,-0.41652128
198043,PVM,-0.31763372,0.19806111
223220,L4/5 IT,0.3985271,-0.11609867
226844,L6b,0.14575475,-0.37483603
198984,L2/3 IT,0.31487387,-0.050974756
230586,Astro,-0.032068044,0.13618308
198253,L5 IT,0.119505286,-0.11310157
186059,L2/3 IT,0.24887687,0.13925391
226361,Pvalb,-0.29741126,0.091839194
219781,L6 CT,-0.21012512,-0.0927926
243982,L6 IT,-0.23273495,-0.019394487
231930,L6 IT,-0.121921,-0.051582247
239794,Oligo,0.08958733,-0.12618163
192007,VLMC,0.08230007,0.40219676
198973,L4/5 IT,-0.121352226,0.1539483
216705,Lamp5,-0.04115981,0.38161677
191753,L4/5 IT,-0.03457123,0.20502675
226908,Endo,-0.28489012,-0.21507385
233035,L6 IT,0.2488668,-0.2716152
215846,Peri,0.18040174,0.3259064
181460,L5 IT,0.3231097,-0.21411386
205228,Micro,0.20595878,0.19006717
216688,Astro,-0.065317154,-0.26841986
199023,L4/5 IT,0.1927579,0.07320684
208171,L6 CT,0.12003231,-0.31110245
242998,Vip,0.2127983,0.26145303
239979,Astro,-0.26557595,0.14167356
208463,Pvalb,-0.28362826,0.09782386
204805,Pvalb,-0.24593809,0.33096176
208451,Oligo,-0.007251829,-0.3171564
241971,Astro,-0.19165018,-0.1950858
240208,L2/3 IT,0.10815978,0.19200605
183726,Oligo,-0.05880338,-0.17068979
219820,Sst,0.06274027,-0.03138742
219819,L2/3 IT,-0.07192716,0.34537512
241944,L6 IT,0.12307155,-0.17837995
204826,VLMC,0.22969073,0.29446
230584,L5 ET,-0.05263582,0.042234123
190824,L4/5 IT,0.1123628,0.095387995
226827,Oligo,0.09608179,-0.450971
205286,L6 IT,0.0048410296,-0.17433473
219672,Endo,0.097431004,0.36506748
247174,PVM,-0.17481884,0.029442549
231749,Vip,-0.2398856,0.3278162
208438,L4/5 IT,-0.24415785,0.2669347
212485,Oligo,-0.3378068,0.018952489
204839,Pvalb,-0.36712766,-0.008893281
236990,L6 CT,0.16120017,-0.23134461
183946,Astro,0.25406754,0.27237064
236207,L6 CT,0.049574077,-0.20635942
179446,L6 CT,-0.24843687,0.1134848
191693,OPC,-0.44611156,-0.023002744
223237,L2/3 IT,0.112995505,0.2299788
197993,L2/3 IT,0.20703042,0.14777064
183595,L5 IT,-0.35416782,0.13316458
244329,Pvalb,-0.1812737,0.081535935
212419,L2/3 IT,0.059010267,0.23947406
185982,L4/5 IT,0.22853321,-0.0017310381
241412,Oligo,-0.18594253,0.13914019
205165,PVM,-0.3789289,-0.029589057
185924,Oligo,0.041249573,0.053907692
185969,L2/3 IT,0.16239667,0.24374205
205056,Vip,-0.45222053,-0.048465997
243974,L2/3 IT,0.21079177,0.25822508
226213,L2/3 IT,-0.03672993,0.36031663
181780,L5 ET,0.19875187,-0.122933954
212436,L6 CT,-0.034461617,-0.1198996
210456,L5 ET,0.11917114,-0.072254
190907,SMC,0.07857436,0.14166111
216703,L5 IT,0.120033145,-0.07569784
210471,OPC,0.13114786,0.24432683
226887,L4/5 IT,0.14389825,0.07133424
208390,Oligo,0.07975191,0.09141016
191868,OPC,-0.18582228,-0.2181148
228343,Astro,-0.3573206,-0.0253025
238799,Endo,-0.08817282,0.03814614
236175,L4/5 IT,-0.12850055,0.2517436
245917,L6 IT,0.12251085,-0.16052073
191865,L6 CT,-0.01949495,-0.10270524
183968,Peri,0.27222645,0.1765762
191859,Endo,-0.23805922,0.1645168
226229,Astro,-0.2676336,0.12869406
206031,Pvalb,0.35002106,-0.21306857
228125,L6 IT,-0.30317342,-0.01794669
231776,VLMC,0.0011817217,0.4032659
183971,L6 CT,0.053498983,-0.1476115
246023,Astro,0.21268547,0.1770373
235800,L6 CT,0.16309291,-0.3485667
222772,L2/3 IT,0.10761857,0.3016575
216916,L4/5 IT,-0.19943464,0.28360957
198074,L6 CT,-0.19867301,-0.10911587
233803,L4/5 IT,0.0007632375,0.1605469
198078,L6 CT,-0.29978752,-0.025535315
190860,L6 CT,0.0658769,-0.12778449
244869,L5 IT,0.20358986,-0.12865588
246016,L4/5 IT,0.08468622,0.09608096
210436,L4/5 IT,-0.13513473,0.18007773
241961,Oligo,0.117646456,0.054112613
190937,Sst,0.45837188,-0.02800557
238784,L6 CT,0.2324062,-0.3822533
198214,Peri,0.05013299,0.14260119
223193,L5 IT,0.14721918,-0.13792014
198936,Astro,-0.27364773,0.17754698
204981,Pvalb,-0.28403407,0.09841275
243977,L4/5 IT,0.3454305,-0.09083456
249264,VLMC,0.3026877,0.26321512
248183,L5/6 NP,0.10936326,-0.13404888
241953,L4/5 IT,0.046052873,0.12569124
186029,L6b,-0.011749923,-0.29663235
191908,L5 IT,-0.104770154,0.12453109
241867,L6b,-0.28159782,-0.080896676
188564,Astro,-0.21992567,0.1509921
233573,L5/6 NP,0.24947125,-0.28388923
229405,Astro,-0.033022255,0.33474404
185529,Vip,0.17995822,-0.09077817
198901,L2/3 IT,0.35444576,-0.015096039
211746,Vip,0.39789045,0.027725339
216303,Pvalb,0.32878524,0.03487754
185501,Astro,-0.05340451,-0.3207886
230582,Pvalb,-0.1583617,0.17934698
241941,L4/5 IT,0.31312698,-0.058122188
208376,Pvalb,-0.31331575,0.09033942
245942,L6 IT,-0.051056206,-0.0908767
210290,L6 CT,0.017121077,-0.18860248
199249,Endo,0.014118493,-0.23202702
231889,L2/3 IT,-0.15603486,0.32711828
222581,Oligo,-0.1867199,-0.11368114
185805,Vip,-0.5,-0.08831015
235565,Oligo,0.08620477,0.028868675
216965,Oligo,0.009490967,-0.21858743
190730,L4/5 IT,0.35534173,0.11394936
208355,PVM,-0.18502799,-0.1766307
197878,Endo,-0.24328318,-0.1739966
235546,L5 ET,-0.0786477,0.086327195
226523,L2/3 IT,-0.083566636,0.40469396
211559,L6 CT,-0.2122894,-0.10449526
183766,Endo,0.14052242,0.27917176
230204,Oligo,0.0965606,-0.38690215
244917,L4/5 IT,0.32471347,-0.07647067
208145,Micro,-0.22409949,0.17693228
198160,L2/3 IT,-0.18504646,0.4333197
230202,Vip,0.2425288,0.1802311
237692,Micro,-0.32054204,0.05095744
248487,PVM,0.32342863,-0.19345254
248143,Endo,-0.23805481,-0.030880094
244304,Oligo,-0.11953834,-0.25991437
208488,L6 CT,0.09521586,-0.20083523
190743,L4/5 IT,0.28709805,-0.04270807
215099,L5 IT,0.14698029,-0.03159702
241363,L6b,-0.15624082,-0.17485708
191054,L2/3 IT,0.066173196,0.18369293
183496,Vip,0.11515218,0.23202157
204552,Endo,-0.2974579,-0.22055024
210852,Oligo,-0.066937596,-0.270733
215833,L4/5 IT,-0.005840063,0.19500118
239476,Astro,0.21464086,-0.31788778
248910,L5 IT,0.34527147,-0.21064103
205558,SMC,0.095388114,0.3677801
191446,Astro,-0.32325476,0.18283957
214646,L6b,-0.43424094,-0.03477472
179577,Oligo,0.06430721,-0.29260686
248151,L5/6 NP,-0.27160406,0.1819166
234455,Astro,0.14563364,0.28624666
198703,L5 IT,0.4112113,-0.15345249
210860,L4/5 IT,0.30284172,-0.08081481
198706,Sncg,0.101397574,0.3061478
208134,Pvalb,-0.13848704,0.0669567
226002,L2/3 IT,0.1000275,0.24741793
179559,L6 CT,0.08993757,-0.20520955
219956,Endo,-0.14458197,0.18585652
227040,Endo,-0.03565058,0.09786987
204518,L4/5 IT,-0.07837966,0.23896992
238505,L5 IT,0.18510509,-0.02554679
205552,L4/5 IT,0.10013068,0.15382451
243990,Peri,0.015856087,0.12248427
222570,Endo,0.3392607,0.135203
226779,Astro,-0.07927665,0.14005601
181686,L4/5 IT,-0.00743407,0.19643104
181356,Astro,0.00021368265,-0.35779095
214753,L2/3 IT,0.12438846,0.28227925
239944,Astro,-0.19411933,0.38208693
205513,L6 CT,-0.06879738,-0.112386465
219931,L6b,0.124084294,-0.39031792
186112,L6 CT,0.17582917,-0.3932641
190689,L6b,0.029352963,-0.2626245
213296,L5 ET,0.061835527,0.015310466
198360,L4/5 IT,0.36960322,-0.13500276
247052,Micro,-0.18977928,0.22133487
226460,L4/5 IT,0.4228474,-0.09680447
183927,Oligo,-0.31596065,-0.118153006
213292,L4/5 IT,0.3233248,-0.079297096
233132,L2/3 IT,-0.05037576,0.39586687
179483,L5/6 NP,0.2511601,-0.23859358
188684,VLMC,0.39894944,0.16137534
226961,OPC,0.28037697,-0.26931012
210830,L6 CT,0.034519374,-0.099395365
238779,Endo,-0.06621641,-0.044926465
229357,L5 ET,0.27595127,-0.2504136
197955,L5 IT,0.08564359,-0.0527668
216860,Endo,0.010468066,0.07191336
204747,Oligo,-0.24915725,-0.13687459
181477,L6 CT,0.10989308,-0.26092017
199073,Sst,-0.22592497,0.04258573
205355,Oligo,0.20886582,-0.27444667
247043,L2/3 IT,-0.14869362,0.3681417
191663,Pvalb,-0.08919448,0.02727896
184719,L6b,0.08315182,-0.31956613
210521,L6 CT,-0.3708923,0.054952145
204780,Oligo,-0.14034122,-0.036185175
244805,Oligo,-0.26040146,-0.1357823
197977,Peri,-0.22409633,0.016939044
214636,L4/5 IT,-0.014595717,0.21424603
237579,L6 CT,-0.22068721,-0.02216357
246975,Oligo,0.042412937,-0.38029695
179471,L6 IT,-0.3186963,-0.0025656521
214710,PVM,0.13774002,0.2558689
205407,Oligo,-0.08428517,0.118024886
226084,Peri,-0.14731807,-0.18263906
206171,L4/5 IT,0.047615767,0.19563746
210322,Endo,0.058882833,-0.15948808
204653,Astro,-0.17694876,0.09593946
185490,L6b,0.016017735,-0.27278545
238611,Oligo,0.11997551,-0.2949759
181491,Astro,-0.31578228,-0.1194565
199178,Oligo,-0.053585768,0.18501747
228311,L5 ET,-0.05204317,0.078107536
230888,SMC,-0.11853579,0.07190001
206201,L2/3 IT,0.038807392,0.36849058
240218,L5/6 NP,0.23173761,-0.27067974
192337,L2/3 IT,0.3833375,-0.10438791
219888,Micro,0.27329242,0.19538343
246096,Astro,0.16700983,0.32491785
245882,L5 ET,0.3225677,-0.22649515
239067,L6b,0.17469406,-0.4774059
199161,L6 CT,0.041387558,-0.13534775
234462,Astro,0.019042552,-0.34912902
205871,L2/3 IT,0.13305873,0.27921373
188716,Astro,-0.075413495,0.1971395
192324,L5 IT,-0.28873426,0.12488693
183739,L5 IT,0.09247291,-0.11277452
184713,L6 CT,0.11498737,-0.23796186
211709,Oligo,-0.39987627,-0.035968512
216959,L6b,0.13235617,-0.38725036
206177,Astro,-0.16308916,0.14207011
211722,Astro,-0.32259092,0.03798008
214007,L4/5 IT,0.30970198,-0.037257463
188152,L6 CT,-0.008694977,-0.25710928
216673,L6 CT,-0.17087066,0.025292397
213957,L4/5 IT,0.21802473,0.090409815
233530,L6 IT,-0.21566191,-0.10500887
227872,L4/5 IT,-0.0769158,0.23500878
241019,L5 IT,0.018373787,-0.06961903
215260,Oligo,-0.12155631,-0.2591049
238743,Astro,0.358383,-0.029877424
218642,L6 CT,-0.14521882,-0.005503148
246553,L5 ET,0.24228191,-0.4493561
248703,L5 IT,-0.02405265,0.05896139
243009,Astro,0.108620584,-0.4340341
186987,L5 IT,-0.10281363,0.11483729
243686,L4/5 IT,0.06323981,0.10776037
235176,L4/5 IT,-0.23141226,0.25663978
217665,L2/3 IT,0.19487876,0.19028103
230300,PVM,-0.074335694,-0.2170738
182390,Sst,-0.21793106,0.38891184
217648,Vip,0.17476594,0.27548814
211350,L6 CT,0.2882737,-0.34083307
196458,Endo,-0.13251537,0.3243854
245607,L4/5 IT,-0.19240806,0.25439692
235188,Peri,-0.36271775,-0.11161056
196494,L2/3 IT,-0.0080446005,0.34747696
228665,Astro,0.026045084,0.08952153
211920,Endo,-0.18656328,-0.055581152
186986,L2/3 IT,0.072315454,0.309595
189853,L2/3 IT,0.087326705,0.29035562
220965,L6 CT,0.19414419,-0.32007614
186974,L4/5 IT,-0.25082204,0.20943612
217386,Micro,-0.00014269352,0.24871844
224893,Pvalb,-0.19559458,-0.004614681
240166,Oligo,-0.24972793,0.20131004
221783,Astro,0.09524369,-0.4304814
207625,Astro,0.036577225,0.13355774
196545,L5 IT,0.37220192,-0.21664843
194745,Oligo,-0.13188073,-0.24377707
202294,L4/5 IT,0.3661285,-0.15339255
249058,L2/3 IT,0.15533447,0.18794072
242976,OPC,-0.47091812,-0.0548943
237945,L6 CT,-0.019734144,-0.13431647
247918,L2/3 IT,-0.14861971,0.4082871
236529,L6 IT,0.21866328,-0.21108556
194775,Oligo,-0.10703793,-0.2388151
224857,L5 IT,0.070402324,0.040864587
228667,L6 CT,0.18526286,-0.3483172
240363,L5 ET,0.04609412,0.033678472
247389,L2/3 IT,0.113462925,0.29215062
208983,L5 IT,0.06833267,-0.09461281
202021,Micro,0.09955537,0.355794
207569,L2/3 IT,-0.07312757,0.330033
180762,L2/3 IT,0.1179201,0.25918448
207140,L6 CT,0.15431148,-0.29202443
211948,Pvalb,0.07835889,-0.111371785
184396,L2/3 IT,-0.2091698,0.31216317
182767,Micro,-0.070020765,0.20184952
249064,Astro,-0.09536171,0.15435469
224042,Astro,-0.010849625,-0.16805196
200910,Pvalb,0.19775045,-0.046129405
195077,L6 IT,-0.26410398,-0.06512478
221130,Astro,0.04463619,-0.41703242
182764,L5/6 NP,0.3190559,-0.09387177
196312,Astro,0.099203646,-0.45257816
196297,L2/3 IT,0.16566205,0.25501478
187455,Astro,-0.017790198,-0.34260553
217618,Astro,-0.21419734,-0.20412117
189367,Oligo,-0.27986377,-0.13708702
180382,Oligo,0.092264295,-0.35694274
221093,VLMC,0.0999406,0.33438295
234792,Pvalb,-0.2719676,0.23990327
221061,L6 CT,0.15525872,-0.30141005
209368,SMC,-0.043011993,0.28919107
184389,Oligo,0.28972906,-0.18630466
224784,Astro,0.21358132,0.13241297
230301,Oligo,-0.14681527,-0.22348142
232539,Astro,-0.36168802,0.10620278
245370,Oligo,0.016596258,-0.3268044
220962,L4/5 IT,0.037317872,0.097824335
245372,Astro,0.20033586,0.062969625
209358,L2/3 IT,0.14220566,0.24954689
228693,L5 IT,-0.24162775,0.002445519
194951,Micro,0.22440553,0.11559397
232178,L5/6 NP,-0.05024743,0.09431207
221077,Lamp5,-0.11637291,0.4228015
228872,Oligo,0.09824753,-0.3835793
238741,PVM,-0.023859888,-0.3237726
202071,Peri,0.35516518,0.070189536
194940,L6 CT,-0.20941302,0.09061277
224054,L6 CT,-0.44445238,-0.03358972
196560,L5 IT,0.15206933,-0.07904726
186970,L4/5 IT,-0.25163046,0.2577042
211404,L6 IT,0.24924839,-0.27271146
216137,L4/5 IT,0.2693174,-0.023043066
216429,L6 IT,-0.33125764,0.042357564
196714,L6 CT,0.18213332,-0.30788395
239103,L6 CT,0.22420716,-0.32728037
211392,L5 IT,0.2027117,-0.061971545
185267,L6 CT,-0.20301178,-0.07487595
228974,Astro,0.42391324,0.04528755
211388,L6 CT,0.27573466,-0.2509175
196694,L5 IT,0.36277223,-0.18688509
196693,L2/3 IT,0.2089634,0.17226917
196686,L6 IT,0.25863314,-0.23279369
189294,L4/5 IT,0.08538073,0.08810377
213767,L6 IT,-0.15464702,-0.12818286
237946,L2/3 IT,0.069612145,0.2600751
240515,L4/5 IT,-0.21961233,0.30801016
231230,L4/5 IT,0.12917465,0.07076943
231524,L2/3 IT,0.046767354,0.17967409
184347,L4/5 IT,0.36933106,-0.14945906
189959,PVM,0.019088328,-0.21127781
189975,L2/3 IT,0.0656898,0.2635423
217297,Astro,0.07465601,0.09539771
228995,Peri,-0.16847154,0.25938195
242800,L2/3 IT,0.08735883,0.30739868
202646,L2/3 IT,0.16723996,0.2559172
248384,L4/5 IT,-0.2324079,0.2900235
243809,L4/5 IT,-0.27233124,0.2847305
225103,Micro,-0.3671524,-0.030413121
185277,Astro,-0.0062917173,0.43327898
216423,Micro,0.19565743,0.28651708
196764,L6 CT,-0.421202,0.053979516
217313,Astro,0.16199088,0.18423569
215585,Pvalb,0.07339817,0.10296422
218686,L6 CT,-0.14341667,0.015577555
236723,Peri,-0.12039229,0.16928309
194370,L2/3 IT,0.27043116,0.035514712
228617,L4/5 IT,0.3711028,-0.13063735
182971,L4/5 IT,-0.020993948,0.17977268
227352,Astro,0.034849882,-0.39120504
220867,PVM,-0.082216084,-0.007309586
216133,L6 IT,0.026643336,-0.15413073
215729,Astro,0.14260739,0.075131595
189314,L2/3 IT,0.36918634,0.011456192
227414,L5 ET,0.36137038,-0.18718919
233365,L2/3 IT,0.28991294,0.12092543
243853,L6 CT,-0.41860542,0.031312823
236514,Oligo,-0.061606348,0.009611428
202410,L6 IT,0.057175457,-0.17868412
240744,Oligo,0.040872395,-0.23071003
249121,L5 ET,0.25987494,-0.12330097
212129,L4/5 IT,0.3980592,-0.06270522
248692,Oligo,-0.05987832,-0.2929361
245311,L6 IT,-0.27797997,-0.030896485
202394,OPC,0.1431464,0.31944495
194679,Astro,0.26047367,0.24750882
207629,L5 IT,0.27835685,-0.08615199
180866,VLMC,0.24909663,0.18265605
182866,Oligo,-0.28483933,-0.14580274
180250,L6 CT,-0.0928449,-0.116610676
194619,Pvalb,-0.18622941,0.3369274
202421,L6 CT,-0.1318722,-0.14647067
218658,L2/3 IT,-0.13198513,0.34789896
202422,L6 IT,-0.37286097,0.117904544
211908,L2/3 IT,-0.12841082,0.40902585
200606,L2/3 IT,0.1472261,0.16627115
220877,L4/5 IT,-0.10393813,0.2733606
235044,Endo,-0.24934298,0.20468742
186917,Astro,-0.0897885,-0.05114466
242115,OPC,-0.17228031,0.003507495
238842,Oligo,-0.13874042,-0.22204086
235033,L5 IT,-0.17111707,0.102380574
241742,Oligo,-0.266699,-0.16604099
220893,L6 IT,0.06943023,-0.23314255
189914,Oligo,-0.326572,-0.07453519
224986,Astro,0.33082515,-0.082157224
189899,Pvalb,-0.4426289,0.012596428
180223,Astro,-0.03455162,0.33010954
220917,SMC,-0.23661667,-0.16505444
239223,Oligo,-0.19725668,0.0781917
231258,Endo,0.15371478,0.2832337
232581,L4/5 IT,-0.003335029,0.24863273
244146,L2/3 IT,-0.036703676,0.2995311
180415,L5 ET,-0.0755603,0.08568126
201984,L6 CT,0.15513557,-0.15391445
249109,L2/3 IT,0.26587588,0.11987811
187227,Endo,0.17635751,0.07111627
195964,L2/3 IT,0.38848853,0.054594576
209085,OPC,0.018399775,-0.15412927
211214,L4/5 IT,0.037697494,0.12165743
236670,L5 IT,-0.08916947,0.0017154813
207472,L4/5 IT,0.27159333,-0.09275752
195528,Astro,-0.24853721,0.2589231
224418,L6 IT,0.22923982,-0.27713776
214211,L6 IT,0.035604656,-0.14502755
221568,Astro,0.050326705,-0.40667504
221400,L2/3 IT,-0.15956086,0.31403416
212029,L4/5 IT,-0.1863305,0.2841034
195919,Peri,0.24232548,0.16397005
239539,L2/3 IT,-0.09375197,0.42447317
201515,Sst,0.13921803,-0.20226046
232364,L4/5 IT,0.21054143,-0.008785963
231364,L2/3 IT,0.049292207,0.19456959
207478,L6b,-0.44102755,-0.043765336
242198,L4/5 IT,-0.15926582,0.24123353
214248,L2/3 IT,0.12007487,0.18916136
180540,L4/5 IT,-0.23833302,0.26696134
201168,Oligo,0.10519695,-0.42032608
234279,Oligo,0.16320992,-0.4174701
237237,L5/6 NP,0.2894227,-0.28229368
195457,L5/6 NP,0.2151376,-0.2049605
211213,L2/3 IT,0.28232503,0.08639979
224212,L4/5 IT,0.21332735,0.007658243
184473,Oligo,-0.24547333,-0.16790366
234001,Oligo,-0.07599568,-0.27860367
189619,L6 CT,0.025551558,-0.1257504
201659,L6 CT,0.16828918,-0.32511622
241639,L5 IT,-0.10834172,0.024264872
185176,L5 ET,0.1892147,-0.040234625
195499,Micro,0.2777601,-0.24093965
180668,L2/3 IT,0.1973772,0.19878751
235673,Lamp5,0.0075334907,0.2722566
242210,L2/3 IT,-0.16084749,0.3297369
195508,L6b,-0.0466955,-0.23201314
182625,L4/5 IT,0.32220876,0.07478231
248231,Vip,-0.11129472,0.25963193
224240,Peri,-0.049155712,0.42667496
201496,L5 IT,0.22984952,0.10743773
237268,Sst,0.13869798,-0.19987372
184457,VLMC,0.26385367,0.27120942
195690,L5 IT,0.34473258,-0.20552295
187321,Astro,0.38821024,0.10821217
248356,Astro,0.33132058,-0.08937007
207375,Endo,0.35826015,0.075844765
195720,Micro,-0.20822403,0.11165619
234263,Endo,0.029951394,-0.10411805
228769,L2/3 IT,-0.18465906,0.32126635
231383,L2/3 IT,-0.1603519,0.31203866
195747,L6 CT,0.010062933,-0.2160025
207420,L4/5 IT,-0.076762855,0.24001044
227625,Peri,0.13530058,0.33297676
244204,L6 CT,0.090551615,-0.249201
213713,VLMC,0.21847552,0.3004014
237927,Astro,0.17213428,0.34024727
180628,Astro,0.11637807,-0.20345059
224256,L2/3 IT,-0.16968659,0.34822285
201303,L6 IT,-0.31539297,0.1382457
229949,Astro,-0.21159986,-0.14213598
209151,L4/5 IT,0.054849744,0.14492226
234775,Oligo,-0.17165846,0.18172199
221561,L6 CT,-0.14662349,-0.16455334
180647,SMC,0.10368872,-0.3198
239719,L6 CT,-0.37561613,0.038950443
242692,Endo,-0.05785072,0.38165182
201266,Astro,-0.04333651,0.29994702
224373,Pvalb,-0.43236327,0.024416804
238212,Peri,-0.023538172,0.2589754
201160,Micro,0.3003617,0.095261574
180584,Oligo,-0.20827842,-0.07304758
201478,L4/5 IT,-0.20616728,0.28973365
211273,L2/3 IT,0.18171984,0.26109713
221546,L5 IT,0.15511113,-0.022760361
201296,Endo,0.13157684,-0.010814667
189559,L5 IT,0.027659595,-0.11820194
246420,L6 IT,0.30490035,-0.30590114
243306,L6 CT,0.2260406,-0.33805245
242173,Oligo,-0.23645964,-0.08549681
189502,L4/5 IT,-0.12102187,0.25789416
221320,Oligo,-0.19940904,-0.18679872
230371,L6 CT,0.08615881,-0.30148298
221306,L4/5 IT,-0.114964396,0.21963757
189708,L2/3 IT,0.04410696,0.24755037
232477,OPC,0.044029295,0.2446655
234644,L4/5 IT,0.3884822,-0.15093124
189430,Sst,0.22312695,-0.008810669
247837,VLMC,0.3264169,0.21331376
201833,L2/3 IT,0.055678964,0.31955868
201018,Oligo,-0.22084254,0.2594632
187430,L6 IT,0.051720023,-0.23450363
201830,L4/5 IT,-0.17052722,0.16047257
209278,Vip,-0.2692724,0.31245708
195235,L2/3 IT,0.21288985,0.21559447
245441,Oligo,0.028048038,-0.20554408
238739,L4/5 IT,-0.005696118,0.14144468
180471,PVM,0.07816291,-0.43331718
180476,Oligo,-0.31246153,-0.115659565
211202,L6 CT,-0.21238628,0.034043968
237302,Endo,0.36766446,0.14247096
241608,L6 CT,-0.25182897,0.081529796
195182,Endo,0.33593798,0.17575711
242245,L4/5 IT,0.28584003,-0.07523775
180747,L6 CT,-0.16595203,-0.08232325
201982,L2/3 IT,0.28608185,0.03510183
200932,Oligo,0.06022483,-0.3257131
247825,L6 CT,-0.11139646,-0.027167559
209295,Peri,0.050300896,0.04863268
214981,L6 CT,-0.33254248,-0.008627772
189724,L6b,0.01412648,-0.296202
215242,L6 CT,-0.05334714,-0.041684955
180752,L4/5 IT,0.2638626,-0.0066402256
182706,L2/3 IT,0.113229394,0.26340455
236570,L5 IT,-0.22910038,0.0733695
182737,L4/5 IT,0.21200365,-0.042996734
201930,L4/5 IT,-0.09268728,0.18990076
245581,L2/3 IT,-0.22204012,0.32354897
201922,L2/3 IT,0.27203786,0.05920708
221169,VLMC,0.304698,0.23926562
243542,L2/3 IT,0.06579852,0.24871737
195159,VLMC,0.13040543,0.36539388
201917,L4/5 IT,0.29709214,-0.103958845
211324,L5 IT,0.10871816,-0.07335678
221934,L5 IT,0.001198709,0.041211903
224538,Astro,-0.019436628,-0.27459866
207506,Vip,-0.07661328,-0.112653196
224184,L6 CT,-0.2718506,0.04297614
201140,Oligo,-0.34180498,-0.139319
227568,Oligo,-0.18916798,-0.157673
207281,L2/3 IT,0.3698327,0.00877732
196060,Oligo,-0.04447487,-0.26942223
187199,Vip,0.12565476,0.18079197
228723,Oligo,-0.11971414,-0.19383913
195414,L4/5 IT,0.060337603,0.25753677
221296,L2/3 IT,0.03686726,0.3462549
221297,PVM,-0.17840749,0.19070262
240957,Pvalb,-0.33585986,0.0626927
207494,SMC,0.12597567,0.36311918
215572,Astro,0.012997508,0.3631211
207286,L4/5 IT,0.33346647,-0.04831317
238736,L2/3 IT,0.06997013,0.26781547
201154,PVM,0.274413,-0.22132206
232425,Pvalb,0.28689116,-0.18315369
201135,Astro,0.09427196,-0.45498616
196072,L2/3 IT,-0.19908246,0.3657745
187192,L5 ET,0.092250586,0.08989304
196074,L4/5 IT,0.10192919,0.25337178
182486,L4/5 IT,0.27004153,-0.051699728
242227,L2/3 IT,0.13957888,0.17625612
180478,L6 CT,-0.28133792,0.078600764
187406,L6b,-0.04640591,-0.24306127
245450,Sst,-0.3627522,0.10354847
217453,Astro,-0.17770895,0.016687036
182496,L6 IT,-0.4046057,0.016905129
221658,L2/3 IT,0.10202849,0.17116672
184413,L5 IT,-0.39463103,0.06677741
232257,Astro,0.33513248,0.016159594
241163,Oligo,-0.22397774,-0.1340099
237222,L5 IT,0.15472496,-0.079419285
224494,PVM,0.014176846,-0.1918458
195336,Oligo,-0.06976241,-0.2824139
218470,SMC,-0.018428952,0.17595011
195341,L4/5 IT,0.39734918,-0.16323787
241689,L6 IT,-0.3848878,0.08437431
221268,L2/3 IT,0.08804077,0.18614244
224508,Astro,-0.16673878,0.14084291
188011,L6 CT,-0.08249867,-0.10110137
225122,Astro,0.25249028,-0.10231164
223832,Oligo,0.08632183,0.12141454
203596,Lamp5,0.23773181,0.050153077
233643,Pvalb,-0.31024075,0.17111701
241810,L5 IT,-0.026180089,-0.010008842
212271,L4/5 IT,0.14298111,0.04233253
203576,Vip,0.18896443,-0.3496362
223629,Endo,0.20400453,0.09613055
241808,Astro,-0.21505496,0.2665897
233864,Astro,-0.35022682,0.0655061
222279,L5 IT,-0.08817914,-0.012797892
227190,PVM,-0.14719748,0.19994235
186472,Endo,0.3818475,-0.0018023252
229768,Endo,0.03611046,0.09135425
186500,Endo,0.28554606,0.12886703
209942,Vip,-0.086388975,-0.00014579296
221508,OPC,-0.20660812,0.06100279
203547,Astro,0.25214916,0.26702392
203538,L6 CT,-0.26356295,0.033883274
234404,L2/3 IT,0.12813264,0.2727943
237082,Vip,0.31618696,0.07820386
203604,Vip,0.36617744,-0.027686715
206567,Astro,-0.010139912,-0.35705417
179829,L4/5 IT,-0.2235401,0.2685855
199834,Oligo,-0.42733866,0.031230032
222332,Peri,-0.329341,0.03625077
210006,L6 CT,0.14284253,-0.256299
193276,L2/3 IT,0.31279844,0.18985212
234071,L2/3 IT,-0.18595213,0.3215528
183249,L6b,-0.14549911,-0.15466544
203659,L6 CT,-0.042432457,-0.22373003
217154,L6 IT,0.15154076,-0.14925745
230048,L4/5 IT,0.036439,0.11281842
193328,L4/5 IT,0.18339139,-0.021179557
222306,Endo,-0.018149018,0.20986229
181180,L5 ET,0.11305255,-0.023738265
197322,L6 CT,0.021571994,-0.19358069
245116,Oligo,0.09194392,-0.38580358
218881,L6 CT,-0.36854038,0.10474652
210986,L6 CT,0.09570521,-0.20589563
243657,L4/5 IT,0.2607848,0.003792882
206584,L4/5 IT,0.2547543,-0.026750803
208695,OPC,-0.09625223,-0.027452886
228536,Oligo,-0.14333087,-0.09271869
203450,Micro,-0.20732558,-0.010983974
190332,L6 CT,0.18807274,-0.31258684
179919,Endo,0.12582386,0.29652125
179923,OPC,-0.040867,0.25798714
199970,VLMC,0.12481707,0.37122327
234886,L2/3 IT,0.32141525,-0.016318709
218837,PVM,0.116062045,0.25617832
244393,L6 IT,0.105689466,-0.2621801
222214,Astro,-0.055156022,-0.26737422
211013,L2/3 IT,0.11414158,0.25013268
206638,Vip,-0.07526627,0.35279983
244070,L6 IT,-0.15503779,-0.046299458
227871,L4/5 IT,-0.2574513,0.23244858
247508,L5 ET,-0.18010923,0.15736765
183197,L6 IT,0.0101720095,-0.10106969
203417,L5/6 NP,0.13410139,-0.05274144
181132,L2/3 IT,0.25171214,0.15160483
222251,L2/3 IT,0.12796676,0.10678041
197200,Pvalb,-0.14627495,0.18888372
206623,L2/3 IT,-0.18179485,0.3784982
179918,L4/5 IT,0.2507879,0.022274673
233567,Astro,0.2961642,0.14534664
193467,Astro,0.097883046,0.24210548
182091,Oligo,-0.012478828,-0.29083183
222256,L2/3 IT,0.17600572,0.25615627
235475,L6 IT,-0.20025814,-0.048811913
225560,Endo,0.36281687,-0.022564948
241245,L6b,-0.095076084,-0.22887516
203489,L4/5 IT,0.39278752,-0.100807846
208673,Oligo,-0.08044845,0.1537503
206610,Astro,0.1944617,-0.40696284
209922,VLMC,0.17090338,0.32772565
230032,Lamp5,0.4773689,0.009368777
183214,L6 IT,0.3972658,-0.19750115
239690,L5 IT,0.39254707,-0.1626673
232071,Micro,0.41353047,-0.1745952
232801,L6 CT,0.10554731,-0.19380888
215330,L5 IT,0.23458582,-0.119101614
215757,Oligo,0.01919514,-0.37686977
199915,Sst,-0.14033884,0.05325824
186529,PVM,0.11164731,0.18651074
213408,Oligo,-0.11666033,-0.24689838
247521,L5 IT,0.065241575,0.024875164
204044,L4/5 IT,-0.023227125,0.21165222
246850,L2/3 IT,0.10074419,0.30718452
242594,L5 ET,0.36225855,-0.2045441
203940,Lamp5,-0.07597387,0.3909306
222376,L2/3 IT,0.16616702,0.22156751
215926,Astro,-0.065873,-0.26522514
217908,L5 ET,0.31408322,-0.16748801
211820,L4/5 IT,-0.105849266,0.15647358
179761,PVM,-0.07585564,-0.24644765
197510,L5 IT,-0.15566587,0.005146265
220305,PVM,-0.07043144,0.069562376
197496,Astro,-0.27357727,-0.1462653
203903,OPC,-0.035396904,-0.04333684
238314,L5 ET,0.33104694,-0.19943625
246158,VLMC,0.18254423,0.3368526
229222,L6 CT,-0.3725467,0.09832597
185426,L4/5 IT,0.0018057227,0.18113583
243040,Micro,0.34320688,0.033195674
225721,Lamp5,-0.15117389,0.2381512
193018,L6 IT,-0.0047993064,-0.105413586
184643,L2/3 IT,0.34245127,0.11043781
217928,Oligo,-0.012724042,-0.05552721
208046,L5 ET,0.007115841,-0.0691829
188847,Oligo,0.08562118,-0.10652536
210141,Peri,0.20512664,-0.3084444
237488,L4/5 IT,-0.2270182,0.28887933
223485,Pvalb,-0.23687956,0.28842986
183374,L6b,-0.06268519,-0.22307006
204070,Pvalb,-0.09891558,-0.024467021
230530,Astro,0.29728216,0.15536726
210905,L5/6 NP,0.2596711,-0.25551343
232875,OPC,-0.21206632,0.16311401
245799,L2/3 IT,0.3235374,0.08495027
245796,L5 IT,0.027861059,0.096661925
183355,Oligo,-0.07716367,-0.22904542
190547,L4/5 IT,0.16311687,-0.0009976029
212359,Sst,0.14961678,-0.11956075
244026,L5 IT,0.06865919,-0.119362205
215924,L5 ET,0.26505142,-0.17633757
199688,Oligo,-0.07617301,0.10882151
229214,L2/3 IT,0.3576976,0.023996234
203863,SMC,0.38124382,0.07545626
203758,Peri,-0.2748605,0.16835791
229210,Oligo,-0.16118407,-0.22344106
225654,L2/3 IT,0.062461972,0.23424166
233480,Sst,0.33002657,-0.08266446
207959,L4/5 IT,0.10466927,0.106851816
230061,L6 IT,-0.26435685,0.036322534
199778,Oligo,-0.19665226,-0.058411032
214457,Oligo,-0.37976697,-0.017996818
193241,L2/3 IT,0.08692688,0.17250085
235229,Endo,0.10408592,0.37728536
234582,L5 ET,0.03328979,0.011035264
197386,L4/5 IT,-0.05065137,0.1763798
225637,VLMC,0.23805916,0.2861594
222340,Lamp5,-0.035010725,0.4118778
211827,L4/5 IT,-0.14488506,0.23639584
203697,Sst,-0.13542706,-0.015394628
239619,Endo,0.1031788,0.114151716
246828,L6 IT,-0.30739266,-0.053130597
197417,Pvalb,-0.17393321,0.19439071
237475,OPC,-0.052385986,0.42077178
203772,L4/5 IT,0.3756814,-0.09406656
230521,L5/6 NP,0.33493888,-0.17701352
243159,Endo,0.02736497,-0.09228128
240780,L5 IT,-0.16483212,0.0090997815
199689,L6 CT,0.08091611,-0.22802705
184117,L4/5 IT,-0.13343447,0.2465359
233321,SMC,-0.2982772,-0.009660423
218251,L6 CT,0.1336605,-0.25194216
245770,Lamp5,-0.16613886,0.42344797
206514,L2/3 IT,0.10498011,0.26793152
220351,Astro,0.09826249,0.35714465
246839,L4/5 IT,-0.28570944,0.27441716
197461,L5 IT,0.09714168,-0.05483198
184611,L4/5 IT,-0.2001288,0.27364922
197456,PVM,0.0017513037,-0.23472574
213851,L6 CT,-0.28097862,-0.020255744
216617,Endo,0.29161197,0.0730446
199757,L6 IT,-0.47561187,-0.04696569
214463,Vip,0.22082484,0.10090363
203827,Endo,-0.19044974,0.026445746
231079,OPC,0.33633804,0.09874284
209887,Endo,-0.0362252,0.1698243
233317,L4/5 IT,0.16464955,0.07574123
225276,Vip,0.23958302,-0.36515135
237392,Astro,0.07322186,0.37906963
215526,L6 CT,0.14857805,-0.27204916
196947,Astro,0.10380131,0.25070882
240520,L4/5 IT,0.25727218,0.05443406
221998,Oligo,-0.092068404,-0.21776313
190076,Astro,0.15903282,0.3221287
235952,L2/3 IT,-0.02614054,0.26199317
216576,Endo,0.08977115,0.24015749
209630,VLMC,0.20248938,0.3233294
186784,L4/5 IT,0.27984858,-0.0013775527
202851,Astro,-0.16180411,0.30584508
247957,Oligo,0.0007740259,-0.34631562
183010,Oligo,0.0514251,-0.35365927
212179,L5 IT,0.030009627,0.03772372
209621,Sst,0.40132374,-0.09010151
238565,L4/5 IT,-0.17783621,0.24086624
223739,Astro,0.127895,0.26452273
221982,L2/3 IT,0.3749498,-0.015364736
209662,L2/3 IT,0.03374654,0.32634252
234359,L5 IT,0.07631147,-0.04012528
202970,L2/3 IT,0.35910183,0.006510496
202969,L5 IT,0.017978966,-0.09266266
197003,L6 CT,-0.026369452,-0.119601846
200262,Astro,-0.26550895,0.14525765
246675,L2/3 IT,0.0029714108,0.2719043
194001,Oligo,-0.11993861,-0.20960721
190150,Astro,0.26511383,0.2586425
194016,L6 CT,0.17288637,-0.23314852
194034,L6 CT,0.21193343,-0.29218623
194048,L4/5 IT,-0.21216977,0.25219703
202957,L4/5 IT,0.333381,-0.13015208
239813,Peri,-0.37775436,-0.06688854
242325,L5 IT,0.37219656,-0.13649085
202929,L6b,0.052773774,-0.33013508
223733,L2/3 IT,0.45789683,-0.061276555
222017,L2/3 IT,0.19926417,0.20603806
211866,L4/5 IT,-0.2772938,0.29667544
180058,L5 IT,-0.24974036,0.05689299
217280,VLMC,0.08144128,0.39236677
243147,L6 CT,-0.36638126,0.10912764
235839,L4/5 IT,-0.25568032,0.2822696
246279,Pvalb,-0.2288636,-0.035494953
209578,Endo,0.01897943,0.20656383
202741,Endo,-0.4987681,-0.041309
238751,Oligo,-0.16242373,-0.20807046
211090,L4/5 IT,0.3441565,-0.098829776
196809,L5 ET,0.2802071,-0.24522012
227305,Endo,-0.19395727,-0.016659707
234610,OPC,0.05904168,-0.41240627
194252,Astro,-0.15029666,0.16469973
217290,L2/3 IT,-0.22213152,0.32811755
231549,L4/5 IT,0.33137852,-0.034650058
194266,L2/3 IT,0.0318892,0.31304115
202679,Oligo,-0.12382954,-0.22834626
231548,L2/3 IT,-0.18997434,0.34851915
194270,VLMC,0.26446152,0.26924425
227800,Sst,-0.11880121,-0.016058028
223829,Micro,0.0710693,0.22402573
187686,L6 IT,0.2660523,-0.14339608
180946,L4/5 IT,-0.08415753,0.21279395
214152,L2/3 IT,-0.14720088,0.33721977
241765,OPC,-0.14754772,0.13231063
232128,L5 ET,0.28967452,-0.15138593
220713,L2/3 IT,-0.1759054,0.3456239
238832,L2/3 IT,0.23665321,0.12638527
206853,L2/3 IT,-0.16134289,0.34206122
202816,L2/3 IT,0.37942427,-0.04064241
220718,L6 IT,-0.2385596,0.050112486
218732,Oligo,0.09181136,-0.4307696
225191,L5 ET,-0.19846776,0.0698241
197011,L4/5 IT,-0.20531821,0.23743874
202793,L2/3 IT,0.17497283,0.24789548
220730,L4/5 IT,-0.18913037,0.21442932
186809,L2/3 IT,0.14427787,0.22915399
187700,L4/5 IT,-0.021412283,0.18545812
196903,L4/5 IT,-0.073353976,0.17290819
217283,L6 IT,0.16712403,-0.3169601
208807,L5/6 NP,-0.11754903,0.06644142
206869,Endo,0.10269803,-0.06481892
232651,Endo,-0.38718328,-0.032769978
200424,L6 CT,-0.19425282,-0.083566636
235622,L4/5 IT,-0.25129536,0.25662988
183070,Astro,-0.038326025,-0.11707404
181048,Lamp5,-0.07606104,-0.25039482
246743,L5 ET,0.24134904,-0.21350768
234798,L6b,0.079343975,-0.32605425
203322,Oligo,-0.2334801,-0.17026013
239589,L5 IT,-0.11543146,-0.021106452
186559,Astro,0.023373067,-0.37505648
200095,Micro,0.10542798,-0.1913071
186561,Oligo,0.06278145,-0.36282325
237416,Pvalb,0.25411946,0.16985422
203296,Oligo,0.07138932,-0.42557377
225424,Astro,-0.30407584,0.16341323
234995,L4/5 IT,-0.20818302,0.2816363
238146,L5 IT,-0.26862562,0.20668751
186602,Oligo,-0.20698774,-0.18203935
236431,L5 IT,0.23080611,-0.13284945
234375,L6 IT,0.22424543,-0.15465888
236780,OPC,-0.050420135,-0.23725358
182154,Oligo,0.007395923,-0.33267882
200088,Endo,-0.30075002,0.028345644
228569,L4/5 IT,0.1997534,0.071142495
203332,L4/5 IT,0.13166928,0.08643907
244405,L5 ET,0.2994197,-0.13624147
182121,Peri,-0.08387464,-0.07231903
245153,L5 IT,-0.03907445,-0.0649873
193582,Endo,0.14346462,-0.15211797
193587,Astro,0.24939513,0.26823866
206647,L5 IT,0.34171826,-0.16952479
213468,L2/3 IT,0.08017123,0.29356217
203386,L6 CT,0.1908384,-0.24185187
222180,L4/5 IT,0.4029287,-0.07603592
248394,PVM,0.009878218,0.38279104
214100,L2/3 IT,-0.19477922,0.34868264
227211,L5 IT,0.356771,-0.15316647
239360,L6 CT,-0.10986394,-0.08991176
235052,Oligo,-0.1512698,-0.13843167
233489,Pvalb,-0.07262418,0.19977742
227232,L6 CT,-0.38038257,0.009344757
186556,Oligo,-0.008665979,0.15330708
216585,L6 CT,0.093412876,-0.23270935
222158,Pvalb,0.07951915,0.1465761
183162,Endo,0.15664858,-0.16029993
246281,Astro,-0.037806273,0.23808193
190237,L5 IT,0.050560236,0.10214615
211069,L6 CT,-0.20638388,-0.021252483
207829,Oligo,-0.34309554,0.05265045
207826,Vip,-0.25406265,0.085197926
203039,L4/5 IT,0.36814255,-0.0956524
243277,L6 CT,-0.01692748,-0.08812612
229998,L2/3 IT,0.2111907,0.19698352
182201,Endo,0.20973992,0.30145264
180025,Peri,-0.3594587,0.0038571954
211071,L2/3 IT,0.040248454,0.23612422
222066,L2/3 IT,-0.06434044,0.41875768
215300,Endo,0.10074651,-0.34787768
214872,Oligo,-0.02467373,-0.2865758
215010,L5 IT,-0.30613494,0.19895017
200242,Pvalb,0.06557679,-0.16571769
193913,Micro,-0.026331186,0.12808388
193924,Oligo,-0.027665615,-0.30547744
212927,Astro,0.34462458,0.16959
186722,Oligo,-0.23804778,-0.1672656
214122,L6 IT,0.20690691,-0.23775938
197064,Micro,-0.07364759,-0.07482275
209752,L6 CT,0.21025425,-0.39800325
184242,L5 ET,0.00967437,0.039479256
215586,PVM,0.0151023865,0.28644586
203214,Oligo,-0.132469,0.4802273
200145,Astro,-0.08463183,-0.17851284
223685,L2/3 IT,0.12063289,0.25792915
245173,Oligo,-0.2891481,-0.11512065
217765,Endo,-0.29734567,-0.1589899
190216,Micro,0.0075770617,-0.090354055
184573,Pvalb,-0.23418382,0.24482793
233490,Oligo,-0.054279238,-0.29924238
203131,L2/3 IT,0.26325798,0.10047537
215150,Lamp5,0.2526312,0.25740832
206722,Endo,0.09418434,0.2453636
203103,L6b,0.11285633,-0.3430919
209764,L2/3 IT,0.09968376,0.26043862
247978,L6 CT,0.062227428,-0.22006065
243526,Astro,0.0387972,-0.40893164
200189,Sst,-0.18140963,0.004456818
182189,OPC,0.3963498,0.023143291
190212,L6 CT,-0.3456517,-0.033995926
202142,Pvalb,-0.31710494,0.08138347
239051,L4/5 IT,-0.21945217,0.27564752
48376,L2/3 IT,0.29721487,0.20741194
157028,Oligo,-0.2861315,-0.06034848
124249,Astro,0.3836078,-0.17675635
26266,SMC,-0.23830676,-0.1389764
66186,L5 ET,0.02254647,0.046112776
268947,Oligo,-0.26916626,-0.0060207546
66092,L6 IT,-0.16408059,-0.09320176
156985,L6 IT,0.21215409,-0.37328768
26328,Astro,0.25845486,-0.1714699
26330,L6 CT,-0.08669859,-0.14329162
66061,L5/6 NP,0.2583357,-0.2376658
66050,SMC,0.17425537,0.32430202
156949,Astro,0.032715797,-0.38855356
156942,Micro,-0.15428248,0.28715163
66047,L4/5 IT,-0.23415476,0.28322232
258764,L6 IT,-0.015657574,-0.12759104
26338,Endo,0.02831757,-0.01681012
66045,Endo,0.106707156,-0.21132845
258759,Sst,0.07131714,-0.13154092
275765,L6 CT,-0.18016616,0.012415111
124510,L4/5 IT,-0.1549559,0.26472986
124514,L4/5 IT,0.3055668,-0.05592218
65971,L6 CT,0.19051528,-0.38272917
26397,L6 IT,-0.42852193,-0.00025716424
26408,PVM,0.097099066,0.056512594
124522,Astro,-0.12811974,-0.24307391
124552,L5 IT,0.0718627,-0.08798537
253249,L5 ET,0.21667016,-0.07780954
26263,L6 IT,-0.17597312,-0.047635317
157039,L6 CT,0.13667941,-0.24956593
66205,Endo,0.2301153,0.27102745
124170,L5/6 NP,0.22422642,-0.24022177
25796,L6 CT,0.22328293,-0.28477317
66414,Oligo,-0.07118347,-0.08445105
25800,Astro,0.031478286,0.39227843
66384,L5 IT,0.35021102,-0.14580151
157323,VLMC,0.12154919,0.36297107
157312,Sst,0.11974472,-0.13630459
123923,L6 IT,0.23417693,-0.21604306
25916,L6 IT,-0.13541773,-0.12790903
157222,L4/5 IT,-0.19838518,0.20206201
157215,L6b,-0.10610533,-0.2125315
123976,L6 CT,0.21756291,-0.32146543
275835,Astro,-0.06877142,0.11159092
275820,SMC,0.3023517,0.26079255
269001,L6 IT,-0.42646766,-0.012491614
275817,L4/5 IT,0.39728338,0.05482459
26016,L2/3 IT,0.16365391,0.23939627
157143,Astro,0.19452411,0.081250966
124058,L4/5 IT,0.29428357,-0.03954017
26066,Astro,-0.4306411,-0.083376795
26069,Peri,-0.33788675,0.08918607
26092,L2/3 IT,0.13263983,0.23449272
157102,L5 ET,0.27482557,-0.234303
26104,Astro,0.034274876,-0.35110006
66248,L2/3 IT,0.11421549,0.27876633
268933,OPC,0.069800794,-0.33154374
258825,L2/3 IT,-0.17999366,0.3533141
26143,L6 CT,-0.13156009,-0.009334385
66232,L6 CT,-0.12579107,-0.030337512
66288,L4/5 IT,-0.0029620528,0.24732757
65956,L6 CT,0.1887626,-0.35552567
65949,L2/3 IT,0.16357374,0.25070876
275752,L6 CT,-0.17835131,-0.08445591
124937,L4/5 IT,-0.18195254,0.2964077
26836,L6 CT,-0.2666754,0.06437522
156473,Astro,0.16400933,-0.36874795
26843,L2/3 IT,0.33088577,0.112253845
275654,VLMC,0.30132955,0.27217817
269084,L6b,0.12023252,-0.3560016
65496,L5 IT,0.22096771,-0.03743708
125046,L4/5 IT,-0.23169634,0.30944014
65488,L6 IT,-0.35499144,0.021015942
26918,L6b,-0.19898188,-0.17294464
269121,Astro,0.10441524,-0.44414866
156358,L5 ET,0.29683942,-0.19612682
125124,L4/5 IT,0.07595295,0.077573836
124922,Pvalb,0.13516188,-0.20957753
26937,Oligo,-0.19434106,-0.21333778
65386,Oligo,-0.0100081265,-0.33644
275629,L5 ET,0.37281203,-0.15205666
27010,PVM,-0.2933548,0.054616988
65338,L4/5 IT,-0.196042,0.25597787
65315,L4/5 IT,-0.2565006,0.27255118
125240,L5/6 NP,0.22416246,-0.15676913
65293,Endo,0.20857877,-0.37362084
156206,L5 ET,0.08535856,-0.00688532
258614,L4/5 IT,-0.25778252,0.27035487
27057,L6 CT,-0.15154958,-0.087947726
269156,Peri,-0.18841779,0.20023113
65237,L2/3 IT,0.3135363,0.07373977
27092,Endo,0.33827567,-0.1784558
156323,L4/5 IT,-0.22586414,0.24858207
275875,L2/3 IT,-0.016213536,0.3569308
258681,L6 IT,-0.12899014,-0.036992013
269047,L6 CT,0.1971091,-0.3401876
124603,Micro,0.009684861,-0.35462373
65922,L6 CT,0.06973159,-0.18310481
26439,Vip,0.24785066,-0.11585984
26447,VLMC,-0.05013576,-0.3000114
65910,Oligo,-0.2078577,-0.17998233
26471,VLMC,-0.094230235,0.47500217
156685,L6 CT,0.048412442,-0.24480915
26477,Vip,0.1267438,0.32110602
65901,Peri,0.13224137,0.13483143
156658,L5 IT,0.32742357,0.10995698
124694,L6 CT,0.1255219,-0.23740724
26517,Peri,-0.049158663,-0.18368718
124706,L4/5 IT,0.04165864,0.13778919
65732,Endo,-0.32862967,-0.036969185
258713,Sst,0.051118195,-0.20295632
26583,Oligo,-0.20914373,-0.18621925
26590,L4/5 IT,0.13371134,0.118965924
124720,L5 IT,0.037644148,-0.13334072
65839,Sst,-0.36792102,0.1276986
258700,L5 IT,-0.2043742,0.1547364
124781,Astro,0.058742642,0.3770033
124809,L2/3 IT,-0.102176934,0.3677051
124828,Oligo,-0.048829198,-0.2840044
124833,L2/3 IT,0.23576051,0.19477487
124846,L6 IT,0.16491342,-0.19601563
156523,Oligo,0.0028721094,-0.3291113
65803,Oligo,0.13674927,-0.36442965
26786,Oligo,-0.25276154,-0.10115075
26564,Micro,-0.00061121583,0.23475945
27105,Vip,-0.19289523,0.35900635
268889,L5 IT,0.10357493,-0.14729351
25687,Lamp5,0.120506704,0.35590345
252935,L5 IT,0.3490268,-0.16956714
158492,Vip,-0.05309552,0.17153865
122664,Sst,-0.20573342,0.034125865
158485,Endo,0.17866898,0.17135018
67769,L6 CT,0.013797283,-0.089429975
259065,L6 CT,0.21035671,-0.23737532
67715,Pvalb,-0.09702954,-0.10504007
67638,OPC,0.22965527,-0.27882653
122765,L5 IT,-0.11488873,0.0017719269
158353,L6 CT,-0.27532333,-0.062249273
67637,Vip,0.14799523,0.2638229
67601,L5 IT,0.23160148,-0.07922509
24809,Astro,-0.079009145,0.12018371
122827,L2/3 IT,0.41225094,-0.0054827332
158318,Astro,-0.334451,0.18754089
67488,SMC,0.46945143,-0.002240181
259044,Astro,-0.3069648,0.046158493
24845,L6b,-0.21268931,-0.16577846
67424,Endo,-0.014051557,-0.17157832
122912,Peri,0.3078156,-0.30468768
268682,L2/3 IT,0.23614633,0.13852847
158192,L2/3 IT,0.29299062,0.16369867
24901,OPC,-0.34513575,0.14651912
158164,L4/5 IT,0.0015083551,0.22307247
67393,L2/3 IT,0.2683437,0.17031962
67378,Pvalb,0.37467653,0.0058171153
158140,VLMC,0.13409513,0.35542107
67804,L4/5 IT,-0.160781,0.22754002
67826,L2/3 IT,0.16055429,0.13878375
24675,Pvalb,-0.18020919,-0.032843083
24629,L4/5 IT,0.11968511,0.1574707
158860,L2/3 IT,-0.15894312,0.3327195
122254,Endo,-0.0050608516,0.3419332
268529,L5 IT,0.21621537,-0.09284663
68442,Oligo,0.22178483,-0.30132374
122294,Oligo,-0.18513352,-0.1679424
268534,OPC,-0.036814272,-0.3124544
68346,Astro,0.38538146,0.0935604
68183,Oligo,-0.00834924,0.17981267
68180,L6 CT,0.16509914,-0.21427321
122423,L4/5 IT,0.087406814,0.082920015
24456,Endo,-0.36821955,0.079922795
68098,OPC,0.22062224,0.26223636
259135,L6 IT,-0.23873177,0.089817524
24920,L5 IT,-0.31438142,-0.040096283
24468,Oligo,0.11540449,-0.20761693
158663,SMC,0.42204368,0.13576943
259132,VLMC,0.31167835,0.23433816
24497,L4/5 IT,-0.20740712,0.28125125
122519,L5/6 NP,0.24966246,-0.32777074
268566,L5/6 NP,0.1710375,-0.047476053
252917,OPC,0.18306881,0.3126011
68035,L4/5 IT,-0.12164581,0.19788915
122575,Endo,-0.23291671,-0.17403132
67984,VLMC,0.310883,0.22682679
67972,VLMC,0.3575381,0.19425708
67970,L6 CT,-0.014752388,-0.19816914
268600,Endo,0.36852044,-0.077920884
158508,Astro,0.0770089,-0.41790128
259133,L6 CT,0.21892154,-0.27443373
24952,Astro,-0.17923662,-0.22522438
67356,Astro,-0.20439777,-0.15844133
158083,Pvalb,-0.105449915,0.17351234
157724,L6b,0.13846916,-0.3789696
66957,Endo,0.065513134,0.11308968
157704,L4/5 IT,0.07088941,0.10930264
268779,Micro,0.2843473,0.048454642
123441,L4/5 IT,-0.13984552,0.22255266
66868,L6 CT,0.11755347,-0.2611255
123485,Astro,-0.3963409,-0.07359314
66757,L4/5 IT,-0.2152318,0.27004057
66724,L4/5 IT,-0.12412563,0.19701535
123605,Oligo,-0.10339597,-0.21093017
66675,Astro,-0.090037465,0.24068904
25536,Astro,-0.27691358,0.22225612
66654,L4/5 IT,0.26643866,-0.03747505
123404,L6 CT,-0.044261634,-0.09437153
25566,L4/5 IT,-0.25067067,0.26778507
66606,Oligo,-0.38085622,-0.0059755147
25616,Endo,0.059534788,0.18327129
157542,Pvalb,0.40320796,-0.074237436
25624,L2/3 IT,-0.11916101,0.28846103
25634,L2/3 IT,0.3134352,0.07210785
157503,L5 ET,0.1830737,-0.06288138
268881,L4/5 IT,-0.033930182,0.18680924
275905,Oligo,0.0629217,-0.40605557
253104,L4/5 IT,0.37381965,-0.10186806
253121,Astro,-0.0121895075,-0.04880038
66512,Endo,0.2066598,0.3243761
25680,Micro,0.03047198,0.3536749
123775,VLMC,0.16214907,0.3386287
253088,L2/3 IT,-0.14760408,0.3546247
258885,L4/5 IT,0.36461192,-0.12799081
253062,Oligo,-0.0533621,-0.24026376
67023,Endo,0.12120509,0.27770704
122947,L5 IT,-0.07630113,0.036688805
276012,L5/6 NP,-0.07109678,0.018436909
123012,L6 CT,0.0954141,-0.2426933
123028,L6 CT,0.23257124,-0.3434931
268738,Oligo,-0.338668,-0.13043508
158028,L4/5 IT,-0.23349494,0.26838028
123110,L6 CT,-0.16949382,-0.12594858
67206,Oligo,-0.42674145,-0.09429538
25045,Astro,0.20068312,0.30116278
25059,L2/3 IT,-0.2445072,0.3757571
67173,L4/5 IT,-0.22189665,0.24456894
67170,L2/3 IT,0.0946303,0.20519084
123154,L5/6 NP,-0.1939829,0.035325944
67021,L6 IT,-0.3720579,0.026559055
157966,L5 ET,0.047608256,-0.05668205
25120,SMC,0.43556863,-0.009808928
25130,Astro,0.13588399,-0.06693834
67159,Endo,0.07047713,-0.15095848
123214,L6 IT,-0.12596095,-0.07399595
123276,L5 IT,0.26716197,-0.08311704
67034,Lamp5,0.35153532,0.18242562
25265,Micro,0.3899839,0.018975854
25269,L4/5 IT,-0.23333138,0.24256194
275958,L2/3 IT,0.15717006,0.27911222
25362,Endo,0.18157953,0.20165372
268765,Oligo,-0.13161817,-0.2395463
25389,L5 IT,-0.059551805,-0.028531939
157766,Oligo,-0.21802229,-0.18385845
259006,L4/5 IT,-0.13942683,0.21053213
259199,Astro,-0.1756064,0.13946265
253388,Astro,0.1963628,0.2886132
65199,L5 ET,-0.2622671,0.16607589
127363,Pvalb,-0.023047715,0.13120443
127370,Lamp5,0.13149977,0.3084402
258275,L4/5 IT,0.36250132,-0.12090999
269622,L5 ET,-0.05774197,0.0071657896
154234,L2/3 IT,0.12001687,0.25571442
154233,Oligo,-0.012693495,-0.1944308
62616,L5 ET,0.29270285,-0.14531496
258265,L2/3 IT,0.33380604,0.030089557
29655,Micro,0.058353603,0.08966732
62540,Oligo,-0.15868363,-0.20548472
154150,L4/5 IT,0.34350306,-0.11335525
269635,Astro,0.12114227,0.053971946
269636,L2/3 IT,-0.06509781,0.33157837
62463,L4/5 IT,0.31012297,-0.06191063
269644,L6 CT,0.083548546,-0.20424828
154069,L2/3 IT,0.11136097,0.25620234
29755,L2/3 IT,0.19745183,0.17319429
29805,Oligo,-0.47256118,-0.107127815
62422,L2/3 IT,0.028611362,0.32116836
154043,L6 CT,-0.098029405,-0.110153645
62377,L5 IT,0.34008133,-0.16944495
127700,Sst,0.062085032,0.18082744
127725,Peri,-0.20034647,-0.044572115
127797,L2/3 IT,0.14916939,0.1393581
62231,Oligo,0.054637432,-0.36279106
153928,Oligo,0.09720713,-0.39549863
29918,L5 IT,-0.3260469,0.1590426
62690,SMC,0.41007823,0.15285403
154275,L2/3 IT,0.13075513,0.27163917
62741,L5 IT,-0.22279155,0.16274142
154285,PVM,-0.18055832,0.23383462
154554,L6 CT,0.19952661,-0.3740759
269575,Oligo,-0.4374801,-0.13694823
154552,Astro,-0.19908834,0.14431518
154528,L4/5 IT,0.007970512,0.1274749
127183,L5 IT,-0.2125664,0.11493486
29208,L6 CT,0.18571085,-0.3488445
29209,L5 IT,0.1178695,-0.11107275
29227,L5 IT,0.04354489,-0.09318206
127191,Oligo,-0.15757763,-0.20970371
127202,Oligo,0.060270965,-0.41060776
29292,Pvalb,-0.09539956,0.15359813
154460,L6 CT,-0.24008814,0.11957246
154446,Endo,-0.16395867,0.29862052
62150,L5 IT,0.098051965,-0.03809324
62953,Endo,-0.18263495,-0.07006541
62946,Astro,0.088301,0.30381262
62929,L6 CT,0.24540728,-0.3549723
29327,Oligo,-0.2844295,-0.05793956
29387,Oligo,0.09154785,-0.40457422
29391,Oligo,-0.011143178,-0.2010302
29407,PVM,0.09008098,-0.26514202
29428,L5 ET,-0.015623122,0.09528512
29491,Astro,0.02507484,0.1618818
62833,VLMC,0.31576324,0.24443388
127318,L5 IT,0.34038877,-0.19375598
253689,L6b,-0.17932925,-0.21886632
62746,L4/5 IT,0.35610574,-0.04423669
253696,L5 IT,0.12590915,-0.12297082
127210,L5 IT,0.12861758,-0.11981803
153891,Astro,0.28842312,0.21587157
253771,Astro,0.17754662,0.12943012
258198,L5/6 NP,-0.27493683,0.1964249
61632,L2/3 IT,-0.15404776,0.38654488
253821,L5 IT,0.052585185,0.045072794
128279,L4/5 IT,-0.2619899,0.30501103
30444,Oligo,-0.42101073,-0.10999593
153482,L4/5 IT,-0.032375067,0.17732537
30497,PVM,0.1213994,0.21529382
61617,Oligo,-0.10807815,-0.24926826
128332,L4/5 IT,-0.017097205,0.16849613
30567,PVM,-0.09223983,0.18617016
153441,Pvalb,-0.20808512,0.25576794
30579,L5 ET,0.21766669,-0.17507207
128352,Oligo,-0.34142885,-0.10263598
30582,Oligo,0.2950362,-0.1054565
128261,Astro,0.30076456,-0.04683438
253833,L2/3 IT,-0.12189567,0.2985345
61594,L2/3 IT,-0.21123567,0.38959324
153379,PVM,0.072595716,0.16387755
61430,L2/3 IT,0.16137797,0.2462495
274942,VLMC,0.28412843,0.2694776
30658,L4/5 IT,-0.005967319,0.14265537
153324,L5 IT,0.20102602,-0.18535382
61346,Peri,0.0550496,0.26213157
61338,L2/3 IT,0.2880144,0.030603886
153311,L5 ET,0.07361859,0.02812308
153310,Oligo,0.025431156,-0.34684515
274941,L5 IT,-0.25244567,0.18184769
128590,L2/3 IT,0.26257545,0.19080287
61256,Endo,0.35852355,-0.050807476
258107,L5 IT,0.34272772,-0.28942752
29171,L6b,0.14308816,-0.3981095
128239,Oligo,-0.24015215,0.12986618
61766,L4/5 IT,0.36523145,-0.13460368
62042,Oligo,-0.13625425,-0.2091128
29920,Endo,-0.0888505,-0.09612724
62025,Astro,-0.054453015,-0.14644378
153830,L5 IT,0.20291996,-0.060032934
29958,L6 CT,-0.36264038,0.10686934
127908,L2/3 IT,0.18527776,0.19794887
253777,L2/3 IT,0.24702638,0.16426677
30022,L5 IT,-0.14212042,0.09701872
258184,L6 CT,0.058082998,-0.13573524
127946,L2/3 IT,0.1580767,0.23101431
253787,Endo,0.5,-0.0052619576
269712,SMC,-0.13900596,-0.2193777
153755,L2/3 IT,0.20895422,0.21170741
30420,L6 CT,0.21234405,-0.28089046
61879,L4/5 IT,0.04586494,0.108074725
258175,L2/3 IT,-0.11519641,0.41545027
128006,Astro,0.011719227,0.15876698
128038,L4/5 IT,0.12993103,0.041182876
128057,Endo,0.012473226,-0.3498444
30223,L4/5 IT,0.37029928,-0.14081296
61823,L5 IT,0.18944591,-0.047545135
253805,L5 IT,0.10291761,0.030739725
153642,Oligo,-0.10652858,0.14946574
30282,Oligo,0.20117366,-0.032690734
128143,Sst,0.4637792,-0.11924204
128162,L5/6 NP,-0.014696479,-0.035265923
30343,L5 IT,-0.124501735,0.013203919
61773,Pvalb,-0.027440429,0.18288636
153744,Oligo,-0.09583986,-0.019743532
27121,L6b,-0.323794,-0.05615768
29159,L5 IT,0.075252056,-0.088958114
154570,VLMC,0.33305454,0.2171374
269374,L6 IT,-0.13574642,-0.06295687
64177,L4/5 IT,0.04918021,0.11108714
126105,Oligo,0.010018289,-0.26641876
27948,L6 CT,-0.22172862,0.07698339
253485,Astro,0.020788908,-0.36580977
155582,L6 IT,-0.13575739,0.07365155
64147,Oligo,0.014065146,0.11754912
126186,Oligo,-0.22877094,-0.15853557
155560,Pvalb,-0.19823295,0.27550942
64073,L5/6 NP,0.36255115,-0.104329616
269409,L4/5 IT,0.08529025,0.12305635
64020,Sst,-0.28265843,0.32506526
63977,Endo,0.08174729,0.20814973
253495,L6 IT,-0.42384034,-0.08447251
28113,L2/3 IT,0.091502964,0.19469643
28138,Astro,0.276954,-0.25518927
63914,L6 CT,-0.28267118,-0.007650763
63913,L2/3 IT,0.41534406,-0.022238344
126311,Oligo,0.015280187,-0.38388723
155421,L5 IT,0.35087687,-0.18435016
63875,Pvalb,-0.25417078,0.28934628
28156,L5 IT,0.34563822,-0.17741269
126361,Oligo,-0.20074141,0.10652727
63769,PVM,0.03454697,-0.16389546
275434,L5 IT,-0.11647278,-0.06509891
28226,Oligo,0.2555222,-0.3115275
28228,Astro,-0.31687045,0.111276805
64278,Vip,0.037968457,0.15966582
27776,L6 CT,-0.21868849,0.079634964
258496,Micro,0.042451262,0.15355629
155718,L5 IT,0.21526998,-0.15478063
275580,L6 CT,0.03556758,-0.18897843
65152,L2/3 IT,0.060937226,0.26410282
65146,Endo,0.08461362,0.22140038
27206,Sst,-0.053151697,0.06342256
27236,Oligo,-0.39808977,-0.13511187
125454,L6 IT,-0.24792564,-0.022762954
125475,Astro,0.1293599,0.24677175
27245,Sst,0.31527936,-0.24683645
27254,OPC,0.16196388,0.25919282
125505,L5 IT,0.0062943697,-0.0028326511
269211,Oligo,-0.31867775,-0.11398554
155990,L2/3 IT,0.13583356,0.1775899
125573,L2/3 IT,0.3764217,-0.01994422
155258,VLMC,0.39062798,0.16823518
125640,Peri,-0.3758192,0.04346162
155931,Peri,-0.14053372,0.19099486
155916,Astro,-0.027318746,-0.30221495
155894,L6 CT,-0.16794199,0.004517913
125724,Astro,-0.19700143,-0.15705392
258545,L4/5 IT,0.39802843,-0.07842213
27452,Sst,-0.01729089,-0.20856932
269246,L2/3 IT,0.1458965,0.14173925
64812,Pvalb,-0.19940048,0.21372342
125762,Endo,0.33988023,0.04898876
258542,PVM,-0.29763982,0.022759259
125832,VLMC,-0.15535873,0.5
64454,VLMC,0.27065098,0.27504712
27745,Sst,-0.003339976,-0.33647346
27364,L2/3 IT,0.38007295,0.017778099
63736,Pvalb,-0.3111405,0.12950045
275421,L6 IT,-0.026689142,-0.18382517
28266,Astro,0.24822277,0.2787491
126910,L2/3 IT,0.3072806,0.032630444
28801,Astro,-0.17816928,0.19560057
28807,L2/3 IT,-0.15278119,0.3006822
126918,Endo,0.031944573,-0.3406046
126919,Lamp5,-0.15686327,0.4284159
269516,L6 IT,-0.3786273,-0.01211825
154789,L2/3 IT,-0.06636256,0.27199358
126931,Oligo,-0.008563042,-0.30235633
63288,Micro,0.2526362,-0.13519686
63245,L6 CT,-0.111001074,-0.14527926
269526,Oligo,-0.19196424,-0.055894524
28913,L2/3 IT,-0.20705894,0.30055624
154709,PVM,-0.0953612,-0.24698639
63316,L4/5 IT,0.2920326,-0.110430926
154685,Oligo,-0.34875378,-0.14533436
63198,Astro,0.2281583,0.27017504
126978,L6 IT,0.22475505,-0.2544796
28935,Peri,0.40906566,0.03870493
154644,Oligo,-0.048131198,0.07049215
28958,L6 CT,-0.048015267,-0.13083568
269539,Pvalb,-0.08027232,0.013461947
29012,L2/3 IT,0.08583319,0.15785074
63133,Oligo,-0.35944593,0.004651189
29028,Oligo,0.041771114,-0.39402112
29092,L6 CT,0.07522124,-0.23714676
29125,L5/6 NP,0.3223651,-0.22963408
269563,L4/5 IT,-0.049931318,0.22835624
29133,L6 CT,-0.43661028,0.028775811
63212,L6 CT,0.19424015,-0.3550936
127082,Oligo,-0.411404,-0.0756225
126895,SMC,-0.1498279,0.20750147
154999,L6 CT,-0.036771297,-0.12514633
28270,L5 IT,0.094356716,0.059428632
63604,L2/3 IT,0.19434041,0.2017315
28319,L4/5 IT,-0.08176267,0.14664304
155189,Endo,-0.02271989,0.102122724
28350,Astro,-0.34359357,0.1670202
126520,Peri,-0.010685593,0.19139624
155167,Peri,-0.38855955,0.06685907
269466,Oligo,0.014461219,-0.3350305
269468,VLMC,0.35635465,0.18059415
253584,PVM,0.09646422,0.14064986
258399,Oligo,-0.4391249,-0.08925083
155120,VLMC,0.1881398,0.32099068
126644,Astro,-0.14048499,0.16231185
63343,Oligo,0.1121915,-0.25852627
63534,OPC,0.28275603,0.19357306
126709,L2/3 IT,-0.041628122,0.2790962
63530,L6 IT,-0.223283,-0.026650518
63495,L4/5 IT,0.3217731,-0.11177972
126741,Astro,-0.14841619,0.01053983
126772,Oligo,-0.38114908,-0.094070405
28498,Oligo,-0.024794072,-0.29645073
63442,Oligo,-0.105935305,-0.24567401
126801,Endo,-0.3035679,0.07931405
126815,Astro,0.01027137,-0.2788922
155033,L2/3 IT,-0.15001816,0.38381374
28512,VLMC,0.052176356,0.4146664
155004,L5 IT,-0.18177432,0.097768545
28577,L4/5 IT,0.332918,-0.0987505
126670,L5 IT,-0.016480297,0.08643389
24289,L2/3 IT,0.4300956,-0.012722313
122237,L5 IT,-0.18476096,0.044055045
68510,Astro,0.095216334,-0.27482027
74293,L5 ET,-0.075148076,0.057631493
19504,Lamp5,-0.13040453,0.402669
162921,L5/6 NP,-0.17477044,0.13930845
162920,L6 IT,0.16273546,-0.15870321
19508,L5 IT,0.34184813,-0.18438593
117417,L6 CT,-0.4167009,0.035900354
74206,Endo,0.031974256,0.3052926
19558,Endo,0.12304014,0.29636067
162832,L5/6 NP,0.019914746,-0.07621461
252230,L4/5 IT,-0.09103888,0.16598547
117458,Micro,0.26341933,-0.27787834
19627,L4/5 IT,0.05291456,0.09181535
117463,Astro,0.19808829,-0.09844291
267555,L4/5 IT,-0.016091794,0.18072128
19629,L2/3 IT,-0.17890728,0.33573014
162724,L6b,-0.28409642,-0.067624986
74192,L4/5 IT,-0.19122776,0.26453006
259996,VLMC,0.2646125,0.2563892
117575,L5 ET,0.15435463,-0.055820018
117580,L2/3 IT,0.24910617,0.14521599
117602,L4/5 IT,-0.22160953,0.2599488
74103,Oligo,-0.11766556,-0.21436614
74069,L2/3 IT,0.08701658,0.27661276
74050,Astro,0.10305673,0.3101014
19685,Astro,0.02986008,-0.32114354
117683,L5 IT,0.16012537,-0.0041380823
73985,Micro,0.009387612,0.20903826
19477,L4/5 IT,0.10520822,0.08401817
19472,Sst,0.09554267,0.21760333
162990,L5 IT,-0.32310557,0.13396543
19431,Vip,-0.077420324,0.14738882
75108,Peri,-0.033799082,-0.060181916
19076,Astro,0.19455826,0.029319286
260100,L4/5 IT,0.34804004,-0.1533215
74967,VLMC,0.16229713,0.33120668
252110,Micro,-0.10132331,0.24578357
74957,Oligo,-0.2683237,0.06619489
163338,L2/3 IT,0.058475137,0.3167603
116915,VLMC,0.17575067,0.33729511
277096,Oligo,-0.3263049,-0.14369246
19167,L4/5 IT,0.37983465,-0.07890546
74832,L2/3 IT,0.16144526,0.24555707
163291,L5 IT,0.017039001,0.081650555
116985,L5 ET,0.17295587,-0.04076028
162604,L5 IT,-0.26467603,0.17363185
163213,Peri,0.17061067,0.31552774
74675,L4/5 IT,0.19656706,-0.00867489
117076,OPC,0.32302576,0.18764931
267491,Lamp5,0.10489541,-0.4319756
163175,Endo,-0.14954004,0.48018688
74567,L6 CT,0.05060762,-0.23745558
74437,L2/3 IT,0.3211565,0.058036268
163119,Pvalb,-0.30199164,0.25182372
74418,Peri,-0.12668002,-0.22971168
117230,L5 IT,0.16107154,-0.16066247
74412,L2/3 IT,0.2017808,0.13734692
74397,L6 IT,0.2805251,-0.23205212
163045,L2/3 IT,0.11970079,0.29223436
117304,L5 ET,0.16937673,-0.104271114
117010,L5/6 NP,0.28436255,-0.10038912
117713,Astro,0.010306954,-0.38257238
117743,L2/3 IT,0.18312299,0.22769815
117752,L6 IT,-0.19145536,0.007443011
20309,L4/5 IT,0.33025444,-0.10665327
162177,L5 ET,-0.16111353,0.11386895
162143,OPC,0.019266605,-0.38760582
20325,L4/5 IT,-0.1393784,0.24767482
276884,L6 CT,0.07265979,-0.12888911
73293,L4/5 IT,-0.21841335,0.30751896
73288,Endo,0.17378038,-0.18144614
162132,PVM,0.11411303,0.124198854
118246,L5 ET,0.0609138,-0.036837578
20379,Oligo,-0.36370254,0.037038982
162089,Astro,0.14220643,0.030770183
20385,L2/3 IT,0.19325364,0.21074194
73253,Oligo,0.081407666,-0.41480646
20226,Vip,0.22111034,0.23130703
73209,Micro,0.19072706,0.020583391
118335,L6 CT,-0.042736918,-0.113957256
20480,Vip,0.4550187,-0.047420204
162009,L2/3 IT,0.07291126,0.22409403
73198,Oligo,0.2304849,-0.05124083
20553,L4/5 IT,-0.20353264,0.28548276
73128,L2/3 IT,-0.024612159,0.2564026
276795,OPC,-0.13158178,-0.050491482
20670,Oligo,-0.06338221,-0.27406618
20680,L2/3 IT,0.07422984,0.3260733
73076,L4/5 IT,-0.15696695,0.23045868
161926,Oligo,0.005831003,-0.15486461
20775,L5/6 NP,0.15241313,-0.008707225
73073,L5 IT,0.36428177,-0.2092183
162041,Oligo,-0.23679906,-0.17474604
163472,Oligo,-0.36010587,0.1103158
73314,L5 IT,0.34420943,-0.19266957
162196,Endo,0.04313463,0.13155979
162593,Oligo,-0.10203251,0.3450156
73865,L2/3 IT,0.14960551,0.23744321
19736,L6b,-0.12533939,-0.19723225
162553,VLMC,0.15912557,0.32472682
259953,L5 IT,-0.22518185,0.021793544
117837,L6 IT,0.0040341616,-0.2144343
73779,Astro,-0.08735007,-0.22592255
19878,L2/3 IT,-0.11725426,0.3477903
73712,Peri,0.068007946,-0.20953646
162494,L2/3 IT,0.08065802,0.25949258
162489,L6 IT,-0.40963918,0.08458388
73676,Lamp5,0.43280298,0.027792454
117980,L5 IT,-0.16736281,0.16998327
20219,Astro,0.063118994,-0.33945966
117983,Astro,0.2530017,-0.011843592
73648,L4/5 IT,0.026030064,0.1499914
19993,L2/3 IT,0.23808336,0.21959525
19999,L6 CT,0.08396262,-0.19661343
118019,Endo,-0.23336592,-0.099986464
162361,Astro,0.21202916,-0.022753745
162359,L6b,-0.076948315,-0.18798497
162331,Astro,0.14636731,0.14513147
118075,L6 CT,-0.027348429,-0.17641616
20070,L4/5 IT,0.35858917,0.030085921
20136,L5/6 NP,0.035871565,0.063592315
73502,L6b,0.17676818,-0.3913454
20159,Pvalb,0.13982213,-0.31279737
162204,L6 CT,0.024781466,-0.23529601
267653,L4/5 IT,0.10640633,0.10859233
161863,L4/5 IT,-0.23624593,0.25812465
75142,L6b,-0.20211598,-0.14237115
277129,SMC,0.2122544,0.11461234
76651,Oligo,0.093078196,-0.43135834
17294,L5 IT,0.055567265,0.02828157
251932,L5 IT,-0.34576142,0.110836625
277417,L5/6 NP,-0.11321503,0.0003771186
115420,L6 CT,0.1784774,-0.21232307
76576,Sst,0.19564164,-0.004406601
76534,L2/3 IT,0.031222343,0.2578401
76471,L5 IT,-0.3116259,0.13379443
164338,L6 CT,0.087361336,-0.14190096
17444,L4/5 IT,0.22255987,0.013360918
17445,L4/5 IT,0.106879294,0.06653607
115498,Oligo,0.08316302,-0.39224175
164321,L5 ET,0.013264179,0.12452835
115502,L2/3 IT,0.3943349,0.03173071
76454,L5 IT,0.10482758,-0.15309063
17629,Oligo,-0.11766979,-0.21908236
115556,Astro,0.11343247,0.29523546
164264,L6b,0.11871266,-0.39730874
277334,Oligo,0.09309548,-0.4028617
115584,Peri,-0.15471181,0.40041286
17784,L5 ET,0.34198058,-0.20711783
115611,L4/5 IT,-0.19767147,0.28788346
76349,Astro,-0.29137406,0.21659672
164215,L5 IT,0.35149628,-0.18281955
115719,L2/3 IT,-0.00294739,0.24225104
267175,Oligo,0.119046986,-0.43966708
17948,L6b,0.1442303,-0.4009215
115273,L5 ET,-0.02726242,-0.07209307
115217,L6 CT,0.005749643,-0.22966564
17182,L4/5 IT,0.11399847,0.049141884
17181,Oligo,0.057126105,-0.39129108
164750,L4/5 IT,-0.15594077,0.22443599
114897,L5 IT,0.17772526,-0.084382355
114946,L5 IT,0.042515397,0.04950732
77272,Endo,-0.1618959,0.23139787
77266,Oligo,-0.066434234,-0.24973643
16742,L2/3 IT,-0.04096538,0.22789311
251888,L2/3 IT,0.04999107,0.32444447
164681,Oligo,0.10474789,-0.38357624
16782,L6 IT,-0.0349721,-0.08536601
164640,Oligo,-0.013817459,-0.30653024
77182,Oligo,0.023038387,0.09531468
77181,L4/5 IT,0.25161272,-0.05658704
251892,L6 IT,-0.4629295,-0.003404647
115754,Endo,0.07662481,-0.21073622
77148,Endo,-0.11180806,0.0818159
115075,Astro,-0.27360392,0.07725954
115082,Endo,-0.15058416,-0.049010962
76975,Astro,0.32112968,0.20789886
115083,Astro,-0.46711156,-0.14170763
76955,Pvalb,-0.12035808,-0.028089345
115092,Astro,0.21005946,0.28488302
277451,L4/5 IT,-0.122546196,0.25500697
76828,L2/3 IT,0.09993923,0.26374334
115172,Astro,-0.03254813,-0.27673197
277443,L6 CT,-0.13271943,-0.09549147
277442,L6 IT,-0.1821289,-0.018749595
164452,Oligo,0.19421405,-0.23552269
17172,L4/5 IT,-0.0068166554,0.16972786
260430,Lamp5,0.44647968,0.045451522
17988,OPC,-0.3824918,-0.004404485
76189,L5/6 NP,0.20743328,-0.12959051
260312,Oligo,0.02200985,-0.3402441
18586,L6 IT,-0.31994247,0.040487647
252008,Oligo,-0.17862532,-0.21948579
277188,Vip,-0.18082726,0.3962587
75772,L6 CT,-0.19134507,-0.09192106
260218,Micro,-0.28126788,-0.10257742
18687,Oligo,-0.1780914,-0.21460485
163758,Endo,-0.24074534,0.14798588
18710,Oligo,0.30018514,-0.26375037
267293,L6 CT,0.10701978,-0.2481302
116267,Oligo,0.009998858,0.27296352
18713,L6 IT,-0.27463078,0.072461724
18780,Oligo,-0.10368401,-0.24844715
75503,Endo,-0.0036441386,0.18732476
75838,L6 IT,0.1175949,-0.22599056
116361,L2/3 IT,0.2419309,0.1580751
163607,L2/3 IT,0.35289282,0.03437674
116397,L6 CT,0.27961403,-0.26258928
75423,Astro,-0.20826596,0.27692944
116464,L4/5 IT,0.26932877,-0.06156388
18961,L2/3 IT,-0.15984356,0.3512699
163544,L6b,0.034763932,-0.32066017
267335,L4/5 IT,0.08156568,0.12567979
75336,Micro,0.07678145,0.31816155
75305,Astro,0.07575518,0.037432075
75301,L2/3 IT,0.22846729,0.23010623
75274,L5 ET,-0.022394657,0.14576364
163502,L6 CT,0.19773155,-0.2663481
18989,L5 IT,-0.044407666,-0.016145438
163610,L4/5 IT,0.16916466,0.12899816
116764,L4/5 IT,0.3921731,-0.12736085
116196,Oligo,0.17579854,-0.34554702
163829,Oligo,0.07097095,-0.40781197
115814,L5 IT,-0.07507002,0.039679766
76095,Oligo,-0.26499552,0.053375304
260300,L6b,-0.26225942,-0.121598065
115881,L4/5 IT,-0.081202,0.19631451
164092,L5/6 NP,0.18544519,-0.10198632
115907,Oligo,-0.22157171,-0.18871158
76088,Oligo,-0.09389266,-0.2545823
115943,Sst,-0.30735844,0.281399
18254,L2/3 IT,-0.08604193,0.27247834
164056,L4/5 IT,0.14976269,-0.16309759
164024,Astro,-0.24583283,-0.15596318
115964,PVM,-0.2705683,0.10475075
18316,L5 ET,-0.09603903,0.07040483
116158,L6 IT,-0.35467285,-0.020772934
76046,L2/3 IT,0.112811506,0.27814347
277241,PVM,0.10133046,0.10142684
163973,Astro,-0.26291043,0.038280964
116006,L4/5 IT,0.011824787,0.1179322
18383,L6 IT,0.10166752,-0.27857423
116017,Pvalb,-0.27245343,0.18917823
18477,L4/5 IT,0.41054988,-0.09685877
75970,L4/5 IT,0.06920493,0.13787591
163894,L4/5 IT,-0.21102393,0.28911984
267223,L6 CT,-0.18261054,0.025126338
267228,L4/5 IT,-0.17213267,0.2207756
75905,L2/3 IT,-0.1818186,0.3814162
18545,L2/3 IT,0.16628742,0.14840186
163841,Oligo,-0.31045508,-0.12266776
76045,L2/3 IT,0.029730737,0.29231113
161862,SMC,0.1577906,0.2653042
259846,L2/3 IT,0.40370148,-0.027846396
118477,L5 ET,-0.0737412,0.0044160485
121070,Endo,0.3466748,-0.1951071
276350,Endo,0.04699552,0.12708145
121087,L2/3 IT,0.16597182,0.21194607
22872,L4/5 IT,0.07092029,0.16384411
121096,Oligo,-0.07853845,0.1113292
22931,L4/5 IT,0.21400392,-0.051923215
159818,L6 IT,-0.4464823,0.012280166
69728,Astro,0.0791989,-0.43220204
23020,Astro,-0.23297846,0.1792689
69661,Endo,0.26309782,-0.31514144
23029,L2/3 IT,0.21864372,0.19431412
159801,L5 ET,0.19496691,-0.15808937
121252,L5 IT,-0.11247134,0.10981852
23089,L2/3 IT,0.12880081,0.23375726
23128,L5 IT,0.36887527,-0.19710132
159716,L6 IT,-0.09670189,-0.024886876
121259,Peri,-0.27395916,0.03746122
121268,L6 IT,-0.049608648,0.025612652
69632,Astro,0.08965868,-0.3396203
159685,Pvalb,0.022843182,-0.14943129
23225,Astro,-0.16187865,0.09900755
268350,Peri,0.3939185,0.13036323
69597,L6 CT,0.041951656,-0.19692063
159611,L6 CT,-0.02182743,-0.09949139
159604,L5 IT,-0.18094438,-0.0056147277
69569,Oligo,-0.088938,0.059824288
23349,L4/5 IT,0.18265152,0.11559749
159868,L4/5 IT,-0.030140966,0.14606702
159869,Astro,-0.08180779,-0.2901606
276370,Pvalb,-0.3672492,0.06826645
22669,L6 CT,0.22806728,-0.38666597
22265,L5 IT,-0.029903382,-0.07409415
259478,Astro,0.05462861,-0.34727618
70431,Sst,0.18503761,0.040297747
70339,L6 IT,-0.2977458,0.010396242
160232,Endo,-0.2864191,-0.011765927
70322,Oligo,0.22128099,-0.038743943
22332,L6 CT,-0.46027488,-0.034568727
160140,L4/5 IT,-0.00019848347,0.14318198
160133,Astro,-0.097200215,0.4100709
22343,Oligo,-0.10267657,-0.23242077
120794,L4/5 IT,0.33272362,-0.074287236
120796,L5 ET,0.3229962,-0.17798522
70128,VLMC,0.40060288,0.14127856
121512,L5 IT,0.33475757,-0.18324056
22358,L6 IT,-0.22389206,-0.019962221
22387,L6 CT,0.12591374,-0.15725684
276423,L6 CT,0.010625005,-0.17660785
120932,Endo,-0.06736943,-0.28337625
160061,PVM,0.2167151,-0.19723007
252743,L6 IT,0.1180895,-0.19598371
22533,L6 CT,0.023693442,-0.13677171
22549,Peri,0.3356359,0.026414037
70048,L6 CT,-0.26660317,0.043590546
22615,L2/3 IT,0.08201867,0.20787627
120989,Endo,0.32517046,-0.18554777
22632,L6 IT,-0.017620206,-0.121463686
159932,L4/5 IT,-0.22092217,0.23166949
69852,L5 ET,0.12782955,-0.039345354
120839,L6 CT,-0.03353989,-0.22381946
69426,L2/3 IT,-0.1109533,0.23044097
276251,L2/3 IT,0.23818922,0.18131799
159535,L4/5 IT,-0.2310485,0.27141392
68906,L6 IT,0.0296669,-0.13266912
259228,L6 IT,-0.17598718,-0.04749012
121997,Astro,0.024974585,-0.39968008
159125,Oligo,-0.07664424,0.2952206
23882,L5 IT,0.19482774,-0.18487072
122057,L5 IT,0.2215246,-0.14301983
268473,L6b,-0.15672678,-0.14972451
276132,L6b,0.08154744,-0.33844405
159064,Pvalb,-0.33173478,0.13006032
68792,L2/3 IT,0.20296621,0.21679997
68785,L6 CT,0.276833,-0.24382716
252865,L4/5 IT,0.15350479,0.048066676
68741,Astro,-0.18607247,0.120363355
69004,Oligo,0.15623546,-0.2945642
24069,L4/5 IT,0.3517065,-0.12328714
68666,L6 CT,-0.16667983,0.03407663
122088,L6 IT,0.2817433,-0.34693632
158988,VLMC,0.22010648,0.29054135
24125,L6 CT,0.035954595,-0.05891019
122107,L2/3 IT,-0.1436413,0.35451
276103,L5 IT,-0.10432565,0.070453644
158947,L5 IT,-0.009495854,-0.07939905
68580,Oligo,-0.23737565,-0.16318929
68567,L2/3 IT,-0.11275199,0.40029258
24243,L5 ET,-0.030512273,0.027812004
24250,L4/5 IT,-0.26257515,0.31652886
68527,Endo,0.40051603,-0.014758378
68514,L5/6 NP,0.29966164,-0.19577989
24070,L4/5 IT,-0.22181204,0.306952
22252,Oligo,0.19624412,0.019326627
159174,SMC,0.12246382,0.15635288
23829,L4/5 IT,0.13918442,0.08746976
69375,L2/3 IT,0.15840334,0.22114313
69333,L2/3 IT,0.033839285,0.25706136
69301,L6b,-0.011743635,-0.23572144
159445,Endo,0.18233508,-0.017459303
159430,L4/5 IT,0.025826871,0.09293312
276232,L4/5 IT,0.2595002,0.019245386
121661,OPC,0.30314028,0.16218042
23482,L4/5 IT,0.39304578,-0.12796864
69283,Oligo,-0.11418849,-0.21970022
121671,L6 IT,0.07690477,-0.21562392
69214,L5 IT,0.28199273,-0.10139191
121693,PVM,-0.11211631,-0.25291836
121755,L5 IT,0.34262884,-0.16361627
23834,OPC,-0.12428418,0.39345455
121760,Endo,-0.30043164,-0.14972419
23567,Oligo,-0.22054571,-0.16747817
23579,Oligo,-0.06734949,-0.27022958
23627,L5 IT,0.09213275,0.004036367
23639,OPC,-0.3363852,0.12744856
121834,Micro,0.14795244,-0.21169418
268428,L4/5 IT,0.27541018,0.0069900155
121931,Astro,0.08367407,0.33712518
259237,Oligo,-0.040346384,-0.29242578
159236,L2/3 IT,-0.112166554,0.36744148
23779,L4/5 IT,-0.27647308,0.27976364
121944,Astro,0.0038217902,0.111219525
23794,L5/6 NP,0.29115635,-0.15394717
159208,L5 IT,0.040345907,0.013638794
69122,L4/5 IT,0.35964578,-0.13178927
276456,L4/5 IT,-0.09821254,0.15065068
120542,Endo,0.2025848,0.23399067
120488,Sst,-0.05483055,-0.0146252215
72430,Astro,-0.039718986,-0.20735255
72427,OPC,-0.16266182,0.09871191
161372,L2/3 IT,0.24927795,0.19680578
72316,L2/3 IT,0.16402465,0.24769008
252467,L6 IT,-0.17000893,-0.09428871
252474,L5 IT,-0.07051906,5.3822994e-05
276667,L6 CT,0.2022838,-0.38713333
72217,L6 CT,0.16533083,-0.25118297
72187,L5 ET,-0.2619101,0.13314587
72186,L5 IT,0.13770348,-0.100880116
72153,L6 IT,-0.37566328,0.09880555
119162,L4/5 IT,-0.23021713,0.28482974
21361,Endo,0.29097897,-0.07609895
21272,L6 CT,-0.108940154,-0.13726422
161200,Lamp5,-0.116784334,0.38887352
21398,Oligo,-0.16199145,0.046979427
71965,L5 IT,-0.26058924,0.06883794
21429,L6 CT,-0.00051403046,-0.21347323
119326,Astro,-0.19800887,0.34792662
161155,L4/5 IT,-0.07376364,0.21198678
71955,L5 IT,-0.23319888,0.13257813
21447,Micro,0.2985627,0.21646959
161130,L6 IT,-0.18804818,-0.027658552
71878,Pvalb,-0.17698589,0.12316191
21489,L4/5 IT,0.3894856,-0.14584628
71736,Oligo,-0.27743208,-0.1519751
161063,L5 IT,0.11876255,0.025414526
71731,L5 ET,0.047351003,0.032596707
71979,Oligo,-0.05711302,-0.27207935
71613,L4/5 IT,0.057440996,0.18345511
161441,Pvalb,0.30626178,-0.23391798
118909,Endo,0.08536893,0.19688821
118496,L5 IT,0.38932836,-0.121053785
20924,Astro,0.009799659,-0.31168455
20945,L6 IT,0.09553003,-0.15892929
72913,L6 CT,-0.3373232,0.0067388415
161774,L6 IT,0.011867166,-0.20820716
259823,Oligo,-0.16131657,-0.0032158196
118579,VLMC,0.07138085,0.41800845
161697,L2/3 IT,0.15473884,0.22586858
72827,OPC,-0.17029765,0.06218773
118698,Peri,0.2662589,0.27447063
252423,L2/3 IT,0.113556206,0.25685453
161627,L5 IT,-0.14069983,0.06506491
72661,Vip,0.1086216,0.26688933
118960,L5 IT,-0.38376093,0.079235435
21064,L5/6 NP,-0.0949195,-0.031431794
21105,Endo,-0.37760648,0.09816903
72608,L5 IT,-0.25760686,0.120631516
118761,Astro,0.06136632,-0.39928323
21118,L4/5 IT,0.23285544,0.0071569085
72597,Oligo,-0.12882653,0.17441791
72540,Astro,0.04527563,0.2922145
118846,L6 CT,-0.14109895,-0.14437017
252436,L2/3 IT,0.16787457,0.24526715
72525,L2/3 IT,0.25254917,0.06849539
21161,L6b,-0.33813524,-0.07639676
21169,Micro,-0.1007233,-0.22367018
118850,L6 IT,0.19039989,-0.3044495
72505,Oligo,0.13072973,0.1828013
21084,Astro,0.12581342,-0.43550342
61243,Micro,-0.26586732,0.11517054
161032,L5 IT,0.20518214,-0.19120961
71565,Oligo,-0.09966707,-0.30842265
160586,Oligo,-0.17776674,-0.18545204
160525,OPC,0.06161946,0.06802142
22061,Pvalb,0.16946822,0.23889309
120104,Oligo,-0.128041,-0.24493772
70890,L6 CT,0.033286035,-0.22690582
160498,L6 CT,0.007152319,-0.21308655
70870,L5 ET,0.039129198,0.06945163
160489,L2/3 IT,-0.17967993,0.31271672
160487,L6b,0.1362114,-0.4033843
22081,L6 CT,-0.11426824,-0.15742436
120211,Vip,0.18739772,0.21158051
120222,L6 CT,-0.07512,-0.06287813
120232,L5 ET,0.26214445,-0.27297372
252628,L4/5 IT,0.35775596,-0.09026423
268143,L2/3 IT,0.061876297,0.21883881
70767,L6 CT,0.21345854,-0.34786546
252674,Micro,0.30957395,0.20731252
259508,Oligo,-0.23244488,-0.18055627
160383,L6 IT,-0.14904958,-0.026816815
22121,L2/3 IT,0.30471933,0.09833443
160373,L6 CT,0.18475014,-0.29029977
259503,L6 IT,-0.3136682,0.011693597
70729,SMC,0.4709298,0.012899339
70702,L5 IT,-0.21395805,0.10866201
70693,L4/5 IT,0.045925677,0.15649581
120367,L2/3 IT,-0.14525586,0.32948738
70635,L6 CT,-0.37816638,0.07471818
120407,L6 CT,0.20874715,-0.3186834
22102,L4/5 IT,-0.19869915,0.25509268
71581,L6 CT,-0.22799996,-0.03540808
119881,Astro,-0.021223277,-0.2938496
160677,Micro,0.2253657,-0.17418489
119513,L4/5 IT,0.32521802,-0.006544113
21650,L4/5 IT,0.02583611,0.13309747
21674,L2/3 IT,0.4132766,-0.018958211
160967,L4/5 IT,0.06655669,0.12639582
160949,L6 CT,-0.32856774,0.084216
21682,Oligo,-0.057718694,-0.31082863
268048,L6 CT,0.24405837,-0.29102373
21714,L6 IT,-0.30607456,0.059892833
119572,L2/3 IT,0.28463113,0.08629793
71450,L5 IT,0.12895203,-0.05981487
71375,PVM,-0.09147707,0.16565436
119651,L4/5 IT,0.12230402,0.20693064
259636,L4/5 IT,-0.07847431,0.2087388
252617,Vip,0.44581008,-0.024193347
21807,L6 CT,0.23380655,-0.34142053
71344,L2/3 IT,-0.19673595,0.43440765
119710,Micro,-0.112081766,0.23482245
276552,Endo,0.26338035,0.13818389
119783,L5 ET,-0.0003363788,-0.046491534
71257,L4/5 IT,-0.3114543,0.23734963
71242,L4/5 IT,0.0985499,0.07759541
71216,Endo,-0.270051,-0.113655925
252597,Endo,0.16464603,0.19269419
160712,Endo,0.021315277,-0.3422722
119833,L2/3 IT,0.026705623,0.24805021
71143,Endo,0.022312582,0.23670632
21947,VLMC,0.20038605,0.3052783
71139,Sst,0.26860112,-0.03516078
21833,Peri,-0.14328161,-0.07775465
30717,L6 CT,0.14282268,-0.22784743
128619,L4/5 IT,0.11344224,0.09120363
30786,L6 CT,0.20371526,-0.31981897
39703,L2/3 IT,0.2303673,0.2137292
271736,Peri,0.079690635,0.22258574
137394,Oligo,-0.07676178,-0.20406431
137429,L6 CT,0.20179302,-0.29618794
49821,Astro,-0.14960992,-0.14227697
145641,L2/3 IT,0.34649998,0.045149744
39760,L6 CT,-0.1949456,-0.049942374
49625,Astro,0.11636531,0.037932932
137525,L6 CT,-0.37123308,-0.03595996
137535,L4/5 IT,-0.24018857,0.282862
145511,L6 CT,-0.06852445,-0.17735171
145510,L4/5 IT,0.07692814,0.091793716
256547,L2/3 IT,-0.038969964,0.23554462
271761,Oligo,-0.07380602,0.2912711
39840,L2/3 IT,0.20900893,0.16774464
145468,L5 IT,0.088709354,-0.09205261
256538,Oligo,-0.35191047,-0.07763708
271763,L6 CT,-0.32833025,0.01630932
39849,L5 IT,-0.022906333,-0.124287695
49571,Endo,-0.39010736,0.07899141
137664,Endo,-0.15365696,0.31860894
49541,L6 CT,-0.037561506,-0.133003
145384,L5 IT,0.3397097,-0.17711699
39883,L4/5 IT,-0.17539868,0.27144545
39902,SMC,0.13131392,0.30573964
145355,L6 CT,-0.3354228,0.027114034
49460,L6 IT,-0.409642,-0.012032598
137367,L5 IT,0.32738644,-0.18387333
39686,L6 IT,-0.084881306,-0.0730564
49908,Endo,0.44963884,0.0027406216
39677,L6 IT,-0.17905769,-0.047635794
255176,L6 IT,0.10765296,-0.17009571
50262,L4/5 IT,0.02566415,0.19312
136861,L6 CT,-0.18751955,-0.08253047
136880,VLMC,0.30767637,0.2583211
145997,Astro,-0.007437229,0.43478304
145991,Astro,-0.09224513,0.013923824
50258,Oligo,-0.2606746,-0.16351378
145975,Astro,-0.061342895,0.061592698
39240,L6 IT,-0.37932312,0.099021435
39242,L6 IT,-0.30768514,0.11375278
136954,L6 CT,0.17162675,-0.3934883
145935,Pvalb,-0.29869062,0.07630336
50161,Oligo,-0.056840837,0.014596224
137717,L6 CT,-0.06692091,-0.056982994
137022,PVM,0.28818482,-0.14320263
137050,Endo,-0.33286732,-0.0651288
256603,L4/5 IT,0.35227996,-0.14622894
50090,Astro,-0.078984976,0.45031303
137142,L6 IT,-0.29641834,-0.020633638
39479,PVM,-0.05808407,-0.14183453
273409,L6 CT,-0.28522527,0.010115147
50079,L6 IT,-0.24837986,0.055218697
137185,L4/5 IT,0.089761436,0.20381904
137189,L4/5 IT,0.12950355,0.0734669
137195,Oligo,-0.20519575,-0.18763638
137214,Peri,0.32674044,-0.057099223
39666,Oligo,0.08285421,-0.25945893
137238,L4/5 IT,0.10945368,0.06493503
39445,L2/3 IT,0.11797726,0.23123467
137739,L6 CT,-0.4702517,-0.028361619
39914,L6 CT,-0.42544127,0.06900972
49455,L5 IT,0.30757695,-0.21794659
255398,L4/5 IT,0.3161109,-0.08955455
271852,Endo,-0.18598288,-0.013124853
271853,L6 CT,0.20099181,-0.28000346
255418,L6 CT,-0.22458544,-0.105400205
48939,L6 IT,-0.21732032,-0.03529477
48935,Oligo,0.17501557,-0.08316907
256467,PVM,-0.20190743,-0.21409354
144829,Astro,0.15160823,0.22944498
256465,L5 IT,0.34803706,-0.21239409
40639,L4/5 IT,-0.21985558,0.24086756
144815,Pvalb,-0.14232814,0.23858309
273213,L2/3 IT,0.16674006,0.2517702
138383,Oligo,-0.185116,-0.0637629
40459,Astro,0.30126762,-0.18396181
144765,L4/5 IT,-0.0753462,0.16789198
48731,Sst,-0.2497656,0.05341667
48692,L6 CT,-0.3785829,0.08972788
40687,L5 ET,0.28185678,-0.120108455
144701,Oligo,-0.054828286,-0.11630377
138437,L2/3 IT,0.22267294,0.18260151
48649,Astro,0.03979075,-0.41058064
40715,Pvalb,-0.36376023,0.06493294
40751,L5 ET,0.36722004,-0.19041207
144611,L4/5 IT,-0.2702276,0.20924479
48585,L4/5 IT,-0.26549998,0.25830913
138564,Oligo,-0.27471504,-0.0748761
40809,L2/3 IT,0.34325552,0.06828821
40814,L5 IT,-0.33155614,0.13358742
255433,SMC,0.3720625,0.15573925
39162,L4/5 IT,-0.25019032,0.19761962
145013,Endo,0.28110588,-0.1327441
145016,L6 CT,0.03448969,-0.18728954
49436,L6 CT,0.20734364,-0.29836088
137755,L5 IT,0.20983225,-0.112994224
49307,Vip,-0.28225124,0.2279765
49295,Astro,0.031446278,-0.41642368
49277,Peri,-0.018525302,-0.09185636
137813,Astro,0.16093993,0.12861133
40024,L4/5 IT,-0.2135132,0.26937622
40057,L6 IT,-0.44199997,-0.000703007
40067,Endo,0.20580202,-0.282443
49268,L4/5 IT,-0.20614898,0.22959137
255367,Peri,-0.21647668,0.26813233
137825,L6 CT,-0.14476728,-0.10163742
137844,Oligo,-0.25079846,0.26026934
256484,L5 ET,0.0135138035,0.050357103
271814,L4/5 IT,0.06807238,0.10060507
137869,L6 CT,0.22618532,-0.28956395
145134,Sst,-0.40750134,0.064250946
40136,L4/5 IT,-0.22403714,0.22686493
49226,Astro,0.079968214,0.15543765
40208,Astro,0.056653023,-0.29312703
137903,L2/3 IT,0.08729309,0.31769085
271833,L4/5 IT,0.22613788,-0.008816034
137964,L2/3 IT,-0.18083143,0.343651
40330,Oligo,0.04656011,-0.16507936
49156,Oligo,0.31823868,0.13513553
145048,L2/3 IT,0.35293818,0.06628984
273259,Endo,-0.33714128,0.19214928
256488,Oligo,0.03520131,-0.31858712
49251,L5 IT,0.122805536,0.04241121
40834,Lamp5,-0.26975238,0.2524529
146039,Oligo,0.04900694,-0.38021797
50364,L6 CT,0.23174638,-0.33327547
38054,Astro,0.16684544,0.23736519
135725,L2/3 IT,0.08370435,0.17816752
135749,Peri,-0.37767607,0.09344274
146885,SMC,0.120417655,0.13596249
135820,L4/5 IT,-0.22602424,0.28023642
51911,L5 ET,0.26609457,-0.2789233
273663,Pvalb,-0.18848473,-0.0030402243
146865,Sst,0.196006,-0.053661764
38116,L2/3 IT,0.13508683,0.2453636
51880,Astro,0.23993045,0.28587914
135840,Oligo,0.022020876,-0.32213473
51794,L4/5 IT,0.36834967,-0.14601925
51781,Endo,-0.21677369,0.18015885
146807,Astro,-0.30361134,-0.165299
51774,L5/6 NP,0.116940975,-0.057305068
51756,L6 CT,-0.17006227,-0.0013175905
146734,OPC,0.06300318,-0.09308404
255043,Peri,-0.12120819,-0.030754179
38296,Pvalb,0.26695377,-0.15714025
38379,SMC,0.19742113,-0.28137517
51526,Lamp5,-0.081590116,0.44834274
273623,Oligo,0.1073131,-0.43579623
38392,L4/5 IT,0.19560242,0.0067766905
51512,Pvalb,0.2216897,-0.3833927
136095,Astro,-0.32828045,0.0009185076
146614,PVM,-0.041068226,0.2649356
136122,VLMC,0.048913002,0.44938385
52027,Vip,0.07058978,0.32042223
254985,L2/3 IT,0.24288571,0.19855046
37991,Peri,-0.06735325,-0.051452786
146942,Endo,-0.4188674,-0.007003993
37569,Astro,0.021950781,-0.3428706
37591,Micro,0.19808573,-0.367894
147151,L5 IT,0.38823885,-0.19433698
254940,L4/5 IT,0.021409273,0.13249767
135506,L2/3 IT,0.3923533,0.018920362
254944,L4/5 IT,0.34810245,-0.13636851
147121,L6 IT,0.07673025,-0.15353528
37608,Micro,0.10512346,0.18725854
52205,L6b,0.0073180795,-0.2751513
135510,Endo,0.20158178,0.2221129
52189,L4/5 IT,0.092650235,0.08022535
52154,L6 CT,-0.13774717,-0.0060089827
147102,Peri,0.27579677,0.20839041
146584,L5 IT,0.24457788,-0.15815955
273701,L4/5 IT,-0.08570546,0.22593784
135585,Pvalb,-0.21726143,0.290923
52130,L2/3 IT,-0.14499688,0.40906626
37714,Micro,-0.27463952,0.065573335
147025,Pvalb,-0.26293686,0.23419309
37804,L4/5 IT,0.4059292,-0.12529686
52099,Peri,-0.14893419,0.07370317
52088,PVM,-0.4841545,-0.054506063
135627,L2/3 IT,0.089038074,0.27432472
52058,Sst,0.088174105,-0.1040647
146977,L4/5 IT,-0.21791232,0.21127772
37867,L5 IT,0.122852266,-0.013783872
273689,Endo,-0.37416393,-0.0052891076
37958,L4/5 IT,0.089838445,0.10028535
52143,Astro,0.12118077,0.32061392
51447,L6 CT,0.056577265,-0.24443963
38496,L2/3 IT,0.075371146,0.18021119
256737,Oligo,-0.13188922,-0.24468619
146287,L5 IT,-0.04337445,-0.09798828
50769,PVM,0.003201604,-0.19313064
255112,L5/6 NP,0.26170623,-0.111220926
271604,L4/5 IT,0.15220481,0.09097844
38884,L4/5 IT,0.2575435,-0.04889059
50718,L2/3 IT,0.39855093,0.029004753
136630,Astro,0.1152758,-0.12426701
50671,Micro,0.09256661,0.16494691
136653,L6 CT,-0.15509483,-0.023622215
38902,L2/3 IT,0.11213374,0.26987582
273518,Vip,0.16130286,0.14494836
50557,VLMC,-0.09078273,0.44788545
38931,Oligo,0.19002724,-0.13742325
136546,L4/5 IT,0.16472161,0.0402897
136709,L6 IT,0.07312924,-0.21063322
146188,L6 CT,-0.13825795,-0.08293325
50496,L5 IT,0.009130359,-0.115520686
38942,Oligo,0.12023395,-0.41344577
273508,Astro,-0.2551688,-0.113135666
146108,Oligo,-0.0830445,-0.14955825
39032,L4/5 IT,0.14323992,0.13523257
146100,L6 CT,-0.2892002,0.0038824677
136760,Micro,-0.19639888,0.34523946
39046,L4/5 IT,0.08066213,0.20113713
39047,L2/3 IT,0.35196298,0.061841547
50382,L5 IT,0.34874582,-0.180762
50381,Astro,0.09162754,-0.3987279
136790,L6b,-0.2890819,-0.066211075
273510,L5 IT,0.34474134,-0.23614126
136824,Astro,0.08656925,0.22357059
271590,L6 CT,-0.00041374564,-0.115804315
50785,VLMC,0.3116238,0.24372202
136211,L4/5 IT,0.025045455,0.14990753
146526,L2/3 IT,0.24193627,0.1934877
146496,Endo,-0.29083815,-0.15463403
136251,Astro,0.24660712,0.26075268
273602,Lamp5,-0.071801364,0.3589977
51325,Sst,0.28442162,0.13523746
146475,Endo,0.13567388,-0.21118096
38575,L4/5 IT,0.14455116,0.056634665
136316,Micro,0.36887062,0.09664494
51297,L5 IT,0.01930362,0.056823075
146436,L5 IT,0.3968225,-0.17833748
136325,VLMC,0.33205044,0.21335423
255090,Oligo,0.0027061105,-0.3556314
146304,L6 CT,0.1129908,-0.2679603
256707,L2/3 IT,-0.21662048,0.3216598
51188,L2/3 IT,-0.047721714,0.39429027
51175,L6 IT,0.028920531,-0.10669744
146395,L2/3 IT,-0.20438278,0.328987
136362,Astro,0.47185767,0.009405911
255094,L2/3 IT,0.07687998,0.28110164
136377,Lamp5,-0.02291128,0.3811937
146364,OPC,0.23997825,-0.13562095
51096,VLMC,0.23099309,0.306638
273549,L2/3 IT,-0.14205739,0.39857167
146343,Peri,-0.14069256,0.30866945
50973,L6 CT,-0.3184455,0.08123994
146334,L5 IT,-0.12625003,0.047219634
136485,OPC,-0.33476698,0.006754756
51193,L4/5 IT,0.28136128,-0.035638183
273183,L6 IT,-0.4495619,-0.021024734
138610,L4/5 IT,0.25063115,0.018223822
138620,Oligo,-0.12779,-0.19488007
140317,Endo,-0.3595147,0.15848106
46274,VLMC,0.4178505,0.13777542
142683,Endo,0.42689544,0.04919213
140375,L5 IT,-0.18617281,0.044828057
272301,L4/5 IT,-0.019727498,0.18793511
140410,L6 CT,0.1402294,-0.39570966
43118,Astro,-0.39091277,0.13300651
142595,Astro,0.29954988,-0.020652473
140412,L6 IT,-0.017605811,-0.094667345
142586,L2/3 IT,0.04505396,0.31410158
142584,Oligo,0.09765571,-0.442111
46104,L6 CT,-0.16870034,-0.11470789
43159,Astro,0.04775846,-0.34256673
43167,Oligo,-0.33571866,0.023715079
43245,L6 CT,-0.007119924,-0.11769804
43292,L5 IT,-0.15978578,0.09827936
140489,Micro,-0.24894843,0.30676246
43347,L5 ET,0.06702161,-0.10939151
140505,Oligo,-0.04373932,-0.28872892
142500,L2/3 IT,0.013582528,0.33670706
45856,Pvalb,-0.26777583,0.06093216
43380,OPC,0.11102277,-0.1808421
142484,Astro,0.25483817,-0.062451273
140553,Micro,-0.1307114,-0.05676064
140601,L6 CT,-0.38953322,0.13272893
45733,L4/5 IT,-0.15537298,0.17607427
142467,L6 CT,0.0065259933,-0.1898976
42956,L6 CT,-0.021815062,-0.07732019
42943,L4/5 IT,0.35953784,-0.11031684
46299,Astro,0.3069669,-0.21366096
142794,L2/3 IT,0.09215909,0.19354159
42553,L2/3 IT,0.09391743,0.23246092
143020,L4/5 IT,-0.050143927,0.12817389
272225,SMC,0.25943178,0.24351698
46603,Oligo,0.23672849,-0.0539141
46580,VLMC,0.26836205,0.28146636
42606,Endo,0.17044127,0.327523
140008,L6b,-0.25296515,-0.119321376
42610,L6 IT,-0.23309442,0.036613584
46522,L6 CT,-0.023432314,-0.07598296
142943,L5 IT,0.16969353,-0.046872348
142935,Lamp5,0.21813142,0.28770268
46518,Endo,-0.29506618,0.20426428
140062,Oligo,-0.39052138,-0.12788388
43475,L2/3 IT,-0.18668643,0.32399714
140081,L6 IT,-0.10797092,-0.06179726
42736,L6 IT,0.08584744,-0.14026985
42760,Endo,0.28935534,-0.08483076
255703,OPC,0.19160104,-0.46761104
142907,Oligo,0.075249255,-0.18370345
140147,L2/3 IT,0.15917826,0.25112325
272847,L5 IT,0.22451746,-0.055636406
42776,Oligo,-0.17215711,-0.12572178
46422,L6 CT,0.20013446,-0.32039434
142876,Astro,-0.26886338,0.12960172
140191,L4/5 IT,-0.23185536,0.25173974
272834,Pvalb,-0.15072653,0.16425818
142814,VLMC,0.269118,0.29138875
42903,L5 IT,0.20460224,-0.009494305
140087,Endo,0.04994297,-0.1397416
140630,L2/3 IT,-0.18629116,0.37163502
45703,Oligo,-0.30328733,-0.123566
142414,Lamp5,0.28567696,0.15992618
141138,L4/5 IT,0.35611677,-0.092059076
255865,L4/5 IT,0.26112664,-0.073552996
45050,L6 CT,-0.029487044,-0.09047988
141196,L6 CT,0.18528455,-0.25766796
44987,L6 CT,-0.039557546,-0.18733993
44973,Endo,0.009982765,0.30320197
141244,L4/5 IT,0.27380484,0.042283416
43949,L6 CT,0.22416747,-0.33045262
255876,L5 ET,-0.091159105,0.092790484
44817,Oligo,0.004527688,-0.32662582
44002,Astro,0.41603923,-0.075038284
44016,Oligo,0.08190364,-0.39816073
141947,Astro,0.036702156,0.31148344
272496,L4/5 IT,-0.2738555,0.26480967
141294,L2/3 IT,-0.09904504,0.37461108
44658,L2/3 IT,0.14092928,0.23320836
141838,L5 IT,0.048944294,0.08384019
44035,L6 CT,0.21615678,-0.33946234
44581,Peri,0.10040319,-0.3940546
44066,L4/5 IT,0.01042217,0.11281562
141758,Astro,-0.45344567,0.04673201
44507,L6 CT,-0.10402897,-0.12396762
44485,Micro,-0.13291132,0.21232522
272610,Micro,-0.4566275,0.031505585
44303,L5 IT,-0.0724577,0.09696996
44280,L2/3 IT,0.10692692,0.18723184
272606,L4/5 IT,-0.060361385,0.19789755
44187,L4/5 IT,-0.2376054,0.25843114
44699,L6 CT,0.31598717,-0.24070242
143079,Endo,0.4728772,-0.0004684627
45127,L6 IT,0.2801382,-0.27561802
141080,Endo,0.4516158,0.04263848
45682,Endo,0.160941,-0.2404964
43540,Peri,-0.04760444,0.19385731
43562,L5 IT,0.2820086,-0.1548692
140704,L5 IT,-0.0626587,0.066985965
45579,Oligo,-0.4271615,-0.06331515
140725,L2/3 IT,0.15126485,0.166565
43630,L6 IT,0.077539325,-0.19453618
43631,Oligo,-0.073191255,-0.28330094
272704,L2/3 IT,0.09186953,0.21711808
140754,L2/3 IT,0.42526203,-0.05002126
45549,Oligo,-0.1082803,-0.0011613071
142290,L4/5 IT,0.33637404,-0.15430212
45442,L5 ET,0.15521109,-0.05460903
142127,Oligo,-0.22240046,-0.17733717
272684,L4/5 IT,-0.17491701,0.26728594
140853,L2/3 IT,0.1025092,0.32780206
142193,SMC,0.14305764,-0.2378161
45398,L4/5 IT,-0.16592875,0.266066
45345,L2/3 IT,0.05563903,0.29628855
272435,L5 IT,-0.28755787,0.19065565
272672,Peri,-0.15145707,0.09467065
272442,L5 IT,0.076144814,0.04308766
43736,L6 CT,-0.081934184,-0.055817932
45237,L2/3 IT,-0.23099434,0.39730227
43764,Oligo,0.06858009,-0.4292968
45194,Oligo,0.08112395,-0.381698
43788,OPC,0.18370056,-0.28956866
43799,L6 CT,-0.0140865445,-0.2350282
140840,L6 CT,0.25015312,-0.26736653
143100,L5 IT,0.014015198,-0.13137308
143116,Oligo,-0.45049584,-0.070363164
143120,Astro,-0.17628771,-0.093483835
41479,L5 IT,0.27488637,-0.09519306
256407,L6 CT,-0.16806448,-0.008638591
273069,OPC,0.23073769,-0.27442572
272012,L2/3 IT,-0.123773605,0.31629014
41547,L6b,-0.05540225,-0.22648928
256402,L6 CT,0.22650105,-0.38139856
47837,Astro,0.09321344,-0.39921036
144027,L5 IT,-0.22741711,0.19552082
273063,Oligo,-0.21552542,-0.18525442
41613,SMC,0.19126564,-0.39713243
47736,PVM,-0.08889961,0.0877527
41689,Sst,0.10488927,-0.051375687
139067,L5 ET,0.22286034,-0.08087152
273088,Oligo,-0.26367545,-0.12659928
143990,L5/6 NP,0.14465994,-0.026060283
139151,Astro,-0.20879364,-0.21363848
272063,L2/3 IT,0.43911028,-0.08821717
143954,Oligo,0.09357202,0.22007644
139196,L4/5 IT,0.35482377,-0.12450853
47614,Oligo,0.10356456,-0.39049882
273016,L2/3 IT,0.27077878,0.119858265
41835,L5 IT,0.33126456,-0.20111042
41868,Oligo,0.07319468,0.086759865
139238,L4/5 IT,0.08334696,0.18252051
47612,Oligo,0.0404945,-0.35710475
47585,Astro,0.069236755,-0.40363735
255584,L2/3 IT,0.036612332,0.27945155
47582,L6 CT,0.09286839,-0.21846607
273030,Endo,-0.16050634,0.13698673
256362,L6 CT,-0.0071463287,-0.14276546
47928,L4/5 IT,-0.050486624,0.22811371
138825,L5/6 NP,0.22479063,-0.12303501
48356,L5 IT,0.17266792,-0.1453026
40922,L5/6 NP,0.019961596,0.028963387
48312,L4/5 IT,-0.13399163,0.23366165
138638,Oligo,-0.027176023,-0.3412915
48253,L6 IT,-0.3564743,0.06258267
138666,L4/5 IT,-0.20230404,0.25116324
40996,SMC,-0.2302131,-0.11077556
48167,Oligo,-0.31546652,-0.093865514
41023,L2/3 IT,-0.03178367,0.28036618
41027,Astro,0.10740888,-0.39455214
48149,L2/3 IT,-0.030790836,0.28332645
138738,OPC,0.22352833,0.0689798
41123,L6 CT,-0.4105543,-0.0034152865
138902,L2/3 IT,0.07750404,0.20965725
271974,L4/5 IT,0.26438218,-0.034316033
48020,L4/5 IT,0.40158045,-0.12824267
138767,L2/3 IT,-0.17257202,0.33653224
273129,VLMC,0.36265022,0.19556755
144298,L6 CT,0.20542079,-0.40440875
273123,L2/3 IT,0.3166226,0.12247294
41231,Endo,-0.1193611,0.2905674
256417,L5/6 NP,0.1356985,-0.10999888
255480,Oligo,0.13343328,-0.41039348
138813,Oligo,-0.2862867,-0.12722594
47973,L4/5 IT,-0.20730713,0.29134637
144240,L4/5 IT,-0.010820806,0.21916825
144229,L2/3 IT,0.105368435,0.18546146
256413,L4/5 IT,0.16996765,-0.011817962
48025,L6 CT,-0.15388268,-0.10399926
147172,Peri,-0.25922546,-0.11619824
41888,Peri,0.07549733,-0.25352454
139279,L5 IT,0.36641377,-0.18875736
143422,L2/3 IT,0.089894235,0.19731534
139586,L4/5 IT,-0.19179371,0.21432447
47146,L4/5 IT,0.3181213,-0.07151109
47136,VLMC,0.36786693,0.19020581
42156,Astro,0.103787005,0.1763671
42184,Astro,-0.3137567,0.18255764
47089,Peri,-0.2466642,-0.16611499
139641,L6 CT,-0.15457126,-0.0026130676
139651,L2/3 IT,0.12918627,0.24574256
42241,L5 ET,-0.07118547,0.014541686
139653,L5/6 NP,0.18302864,-0.17664045
143324,L5 IT,0.32271546,-0.17659447
143304,L4/5 IT,0.06795597,0.15946347
139566,Oligo,-0.0080161095,-0.31212044
47000,Oligo,0.024185896,-0.33863103
139727,L6 CT,-0.18147993,0.014499962
46951,Endo,0.115216136,0.32005918
272179,OPC,-0.21322373,0.38979536
139751,Pvalb,-0.18599781,0.28417885
42391,Astro,-0.33182573,0.0843941
46908,Endo,-0.3626045,-0.12226799
46907,L6 CT,0.16457176,-0.31761572
143186,Endo,0.14110267,-0.25145668
46822,L4/5 IT,0.027126372,0.11866665
46742,Oligo,0.107445,-0.45530373
46683,Endo,-0.0123491585,-0.24903363
42496,L4/5 IT,0.22789979,-0.031383574
46682,Endo,-0.12008086,-0.099331796
143263,L6 CT,0.073605955,-0.19707885
47527,VLMC,0.118420064,0.38109797
143481,L5 ET,-0.046177715,0.028352916
47270,L6 CT,0.15151364,-0.3806608
273002,L2/3 IT,0.05775088,0.18337363
143771,L4/5 IT,0.2955112,0.002699852
255599,L5 ET,0.20244086,-0.19103673
143740,L2/3 IT,0.26409972,0.1347968
47476,L5 IT,0.016293526,-0.0053479373
143720,PVM,-0.037970036,0.30425543
143712,Astro,-0.07127464,-0.26471317
272080,Oligo,-0.017778873,-0.3073659
41939,L2/3 IT,0.16643399,0.2877246
272085,L4/5 IT,0.2382074,0.081856966
143660,L5 IT,-0.14958313,0.14763683
47384,L4/5 IT,0.3387121,-0.065710396
256340,L2/3 IT,0.2058745,0.17018163
256274,L6 CT,0.046405375,-0.28352144
143630,L6 CT,0.026342034,-0.20074987
143623,Endo,0.071044326,0.3176058
41977,Pvalb,-0.18216088,0.36252296
139405,L4/5 IT,0.36705464,-0.12255502
272096,Sst,-0.039091885,-0.097777784
139429,Astro,0.05668336,-0.39026964
139443,L2/3 IT,0.20051062,0.1843723
139451,Endo,-0.1245037,0.3473488
42024,Peri,0.14635605,0.27352786
42053,L5 IT,0.1209628,-0.13274208
256282,Oligo,0.053362846,-0.3635855
143498,Oligo,-0.07883689,-0.29835245
139536,Oligo,0.029332638,-0.3293944
143496,Astro,-0.19060028,0.23660797
139385,Endo,-0.22641525,0.089762926
164759,Pvalb,-0.3147266,0.047530413
135489,Astro,0.2342735,0.23981601
52248,L6 CT,0.19219142,-0.25530183
151229,Oligo,-0.19928661,-0.16363642
130962,Astro,0.18160337,0.31003165
58094,L5 ET,-0.22100592,0.22476661
58077,Endo,-0.064067274,-0.27221546
58012,L5 IT,0.30216086,-0.14056861
131072,Astro,0.11050445,0.30373222
131082,Oligo,-0.2553254,-0.07678977
57933,Astro,0.011754572,-0.101002425
131093,VLMC,0.15408576,0.34809136
151026,Astro,0.25579798,0.2716971
57870,L6 CT,-0.0066399276,-0.123737395
57868,Astro,-0.30385378,0.21218795
33162,L5 IT,0.26807743,-0.06094259
131114,L5 IT,0.07343978,0.020510316
131120,OPC,0.07282364,-0.08328819
57845,L2/3 IT,-0.15406412,0.3291219
270360,L2/3 IT,-0.13657108,0.3508721
131182,Oligo,0.08086163,-0.43560442
150973,Endo,-0.18005243,0.2256856
57723,L2/3 IT,0.123701334,0.22125113
150935,L6 CT,0.13709515,-0.07101986
33205,L6 IT,-0.19250464,0.01346302
57670,L4/5 IT,-0.1672281,0.21452165
57662,L4/5 IT,-0.0718551,0.20414418
274557,L2/3 IT,0.39908552,-0.043989122
131263,Astro,0.0516814,-0.35565257
131345,Oligo,0.114151895,-0.27777228
130935,Astro,0.07525051,-0.29866576
130931,L4/5 IT,-0.056381732,0.21962434
257627,L6 CT,-0.2123192,-0.027751893
58265,Astro,0.0997079,0.31855667
58848,Astro,-0.13886324,0.12826931
254157,Sst,-0.32074574,0.2219891
58800,L2/3 IT,0.15234548,0.20497447
130533,L5 IT,0.014499128,-0.095606625
130539,Pvalb,-0.08556712,-0.0010142922
58677,L4/5 IT,-0.10493502,0.18621325
58650,L6 CT,0.1013757,-0.33340132
58628,L4/5 IT,0.20251721,0.0032413602
274621,L6 CT,0.13312668,-0.26269725
151427,L6 IT,-0.14430416,-0.11254236
151413,L4/5 IT,0.27637213,-0.06275353
130697,L5 IT,0.07622558,-0.095151365
32778,L4/5 IT,0.37206239,-0.106788516
33259,Astro,0.32635123,-0.03219092
257663,L4/5 IT,-0.17164034,0.29668963
130726,Astro,-0.13039553,0.20891279
151402,L6 IT,-0.08938116,-0.084359646
130735,L4/5 IT,-0.19900545,0.26374793
257653,L6 IT,-0.26694912,-0.07434183
58509,L6 CT,0.22926563,-0.3573358
32802,L6 CT,0.21231341,-0.34036577
58444,Peri,0.10283142,0.24311393
58413,L2/3 IT,0.2055912,0.21169531
58410,L2/3 IT,0.103467286,0.31079888
32820,Endo,0.3217861,0.07567781
151285,Endo,0.19147319,-0.07593727
130874,Oligo,0.13619423,-0.34610236
58274,Oligo,0.063881874,-0.32973313
32781,SMC,-0.06177041,0.44217598
33271,L5/6 NP,0.310247,-0.18327233
57642,L2/3 IT,0.103616655,0.26811737
150788,Peri,0.398646,0.10988748
33842,Astro,-0.14596486,0.20687842
150453,Oligo,0.33495122,-0.09794742
274428,L2/3 IT,0.14872652,0.20588785
56997,L5 IT,0.0074321628,-0.0863736
33889,L6 CT,-0.12115109,-0.14647764
150403,L5 IT,0.1900791,-0.14212555
56964,L2/3 IT,0.41451526,0.005782783
56960,VLMC,0.08471233,0.39446253
150358,L4/5 IT,-0.26176518,0.26412046
150353,L2/3 IT,0.20772958,0.1612556
150352,L4/5 IT,0.12087864,0.09849417
131913,Lamp5,0.3414938,0.0366171
131914,Endo,0.28793746,-0.16977018
131705,L2/3 IT,0.4016528,-0.11681852
257426,Astro,-0.24894375,0.22305042
254367,L6 CT,0.17713279,-0.32719904
33943,OPC,0.10465306,0.31491143
34003,L4/5 IT,0.08792406,0.13866448
34015,L4/5 IT,-0.16775984,0.27085972
34025,VLMC,0.23432243,0.26521003
34040,Endo,-0.09212595,0.21894234
56651,L6 CT,-0.15975747,-0.12594035
56544,L4/5 IT,0.34617043,-0.14540848
150217,Micro,0.37963516,0.09533912
56540,L5 ET,0.16980404,-0.08556512
132002,Endo,-0.01783359,-0.12014824
274397,L6 CT,-0.2029683,0.03824413
34079,Sst,0.36334634,0.057881117
56662,Peri,0.013807595,-0.35886335
257698,Astro,0.13378692,0.038983524
257476,Oligo,0.3532852,-0.13974124
33794,Oligo,-0.4057847,-0.102473885
33301,Oligo,0.21831352,-0.2609345
131366,Astro,-0.40803677,0.042054236
150768,L6 CT,0.02312529,-0.12639463
57498,L6 CT,-0.37823316,0.12586272
131433,Sst,-0.28700218,0.16274107
33476,Astro,0.059123516,-0.13446552
274503,Oligo,0.101759374,-0.14555359
57469,L2/3 IT,0.22843248,0.16247094
57447,Endo,-0.1501134,0.2557668
33489,Endo,0.24679786,-0.1466439
274496,Oligo,-0.3120492,-0.14526114
57425,L6 CT,0.14464003,-0.16153157
254285,Oligo,-0.04445374,-0.08885512
57092,Oligo,0.14710611,0.06302208
57338,Oligo,-0.19539958,-0.20327792
33647,Oligo,0.12593675,-0.41597503
33675,L4/5 IT,0.026011705,0.11706704
131526,Endo,-0.35584593,0.14303678
131539,Astro,0.038911343,-0.27279055
131543,VLMC,0.21173352,0.30278093
33696,Oligo,-0.4167721,-0.032727987
57276,L2/3 IT,-0.20649102,0.41249943
57212,Endo,0.0021158457,-0.23704717
57179,L5 IT,0.014570951,0.054054618
150574,Oligo,0.029178202,-0.38871044
270467,L6 CT,-0.10939646,-0.002465874
150556,Endo,-0.3183684,-0.07528648
33775,L2/3 IT,0.024888933,0.32079798
33631,L6b,0.09665197,-0.34808153
56512,L2/3 IT,0.052624583,0.2424171
151605,L5 IT,0.26194656,-0.09093481
58948,Astro,-0.17453727,0.21924508
129093,L2/3 IT,0.05983323,0.3116182
152803,Oligo,0.12529957,-0.47164473
60500,Oligo,-0.022225708,-0.3040228
60484,L6 CT,-0.29025903,-0.052471787
60474,Endo,0.007967532,-0.3346799
129152,Endo,0.11018759,0.073712885
60419,Oligo,-0.12044501,-0.22701502
152632,Sst,0.18065363,-0.14748725
60296,L5 ET,0.09553516,0.017271101
129223,L2/3 IT,0.12243289,0.13610578
129227,L2/3 IT,0.22164631,0.2118637
60217,L6 CT,-0.017225713,-0.18749565
152601,L6 CT,0.21556014,-0.32125258
60196,Oligo,-0.14898813,-0.19183674
129300,Vip,0.030902147,-0.2198691
129306,Pvalb,0.18497217,0.13988882
152568,Oligo,-0.43171754,-0.10260531
129329,L6 CT,-0.39038277,0.0053290725
129333,L5 IT,0.09333187,-0.10112578
31427,L5 IT,0.3136196,-0.17462039
274800,Oligo,-0.20532629,-0.18399543
31514,L2/3 IT,0.07047278,0.3086607
59936,Oligo,0.29868454,-0.041271865
59922,L6 CT,0.011092246,-0.2573497
129488,L6 CT,0.13894987,-0.2566557
274790,L6 IT,-0.3889165,-0.008966267
129500,L5/6 NP,0.105431676,0.046276927
129091,L2/3 IT,0.072811425,0.28037417
129076,L6b,-0.03986621,-0.24124941
129048,Astro,0.0857867,0.33340752
274845,L6 CT,0.22442293,-0.34127402
269833,L2/3 IT,0.44063592,-0.0572522
128647,Sst,0.14874339,-0.084507674
153219,L6 IT,-0.026225716,-0.14702663
128698,L4/5 IT,0.040905356,0.09179038
30906,Astro,0.25468713,-0.29712635
128709,L6 CT,0.059738874,-0.19526914
30967,Sst,-0.398357,0.11749524
30979,L4/5 IT,0.3353312,-0.1569837
30981,L5 IT,0.06465137,0.29402804
31014,L6 IT,-0.13937369,-0.076574504
269870,L2/3 IT,0.4258747,-0.06453678
31016,Endo,-0.16342369,0.3889969
60828,L5 IT,-0.25584123,0.19320703
274774,Oligo,0.23680985,-0.07747719
60824,Astro,-0.12271285,-0.05517161
128881,Endo,0.12471354,0.22054291
128915,Vip,0.17990887,0.19739842
60674,L6 IT,0.08201271,-0.23124036
269889,L2/3 IT,0.1466561,0.23368824
60614,L4/5 IT,0.019017518,0.16496384
60580,Micro,0.06602889,0.13287032
253914,L6b,-0.47985384,-0.03725025
274870,L6 CT,0.03708476,-0.23192799
274866,L6 CT,-0.0028425753,-0.192361
129009,Vip,0.4332105,0.024276555
129032,VLMC,0.4320115,0.049282968
31184,Astro,0.1402685,-0.12617487
129037,Endo,-0.26740587,0.11318642
152992,Peri,-0.06892967,0.18249363
59863,L6 IT,-0.26410133,-0.013418794
152401,Oligo,-0.04658726,-0.27353275
59843,Peri,0.36275256,-0.046263754
59236,L4/5 IT,0.034698308,-0.06999591
59163,Astro,-0.27302343,0.23166746
59134,Endo,-0.050857395,0.15988272
32249,Vip,-0.03428155,0.24585587
59067,L2/3 IT,0.21299171,0.19106239
151857,Oligo,-0.04312083,-0.31225187
151855,L4/5 IT,-0.27326286,0.24210995
59061,L5 IT,-0.07460502,-0.0005198121
32317,L6b,-0.19980186,-0.15089077
32345,Pvalb,-0.20960107,0.28019398
151830,Vip,0.23000592,0.21281183
59025,L4/5 IT,0.3670771,-0.11220172
151794,L5 ET,0.3421527,-0.221003
274689,Endo,0.08252686,0.35862803
130317,L6 CT,-0.04432556,-0.14539003
59013,Astro,0.22240525,-0.2450091
130328,Pvalb,-0.29710376,0.26413393
59006,Pvalb,-0.29133868,0.16087669
58986,OPC,0.1717915,0.31755733
254126,Oligo,-0.06341946,-0.24483693
130369,Endo,0.32035547,0.09291446
130371,Sncg,0.4288937,0.043396473
151701,L4/5 IT,-0.0075935423,0.11608267
130393,L2/3 IT,0.41720116,0.004245162
58962,L6 IT,0.187882,-0.20217395
151677,L6 CT,-0.2511286,-0.037214577
254145,L6 CT,-0.10613847,-0.022467315
32513,L4/5 IT,-0.056979805,0.18499178
274667,L2/3 IT,0.4328956,-0.035897046
58916,L5 IT,0.07826066,-0.12883061
130204,L4/5 IT,-0.26899064,0.28951198
130072,L6 IT,-0.3666904,-0.00985679
31760,L4/5 IT,0.34174502,-0.15051633
59823,L5 IT,0.18509758,-0.11545327
152327,VLMC,0.24996787,0.29543078
31825,L2/3 IT,0.38543266,-0.07740751
254021,Sncg,0.3656091,0.07598686
31882,L4/5 IT,-0.23166123,0.294039
274739,L4/5 IT,-0.09438872,0.17989421
129627,L4/5 IT,-0.15441233,0.2172823
152292,L4/5 IT,-0.0010791719,0.1902458
59757,L5 IT,-0.20006901,0.09111959
59734,Astro,-0.17646205,-0.20377603
152231,L5 IT,0.09303254,0.01743555
59677,L2/3 IT,-0.052498728,0.27256125
59315,L4/5 IT,0.17693108,0.062279046
254040,L4/5 IT,-0.10961148,0.16647142
59586,VLMC,0.2769671,0.26255703
32048,L2/3 IT,-0.13056922,0.3520767
274715,L5 IT,0.037798226,-0.032734066
129766,Astro,0.23288298,0.05727738
270084,L5 IT,-0.1841073,0.07882649
59501,Sst,-0.14791787,0.25304496
129903,Sncg,-0.35775653,-0.070471615
59447,L4/5 IT,0.3523777,-0.08180997
152060,L6 CT,-0.05869773,-0.06420198
59351,Oligo,-0.14689839,0.0065106153
32169,L4/5 IT,-0.25406688,0.24741799
274702,Vip,0.077854395,0.14695954
130031,Oligo,0.21168286,-0.26001573
59609,Astro,0.4044413,0.11244947
150189,PVM,-0.041186064,-0.14927438
132052,L6 CT,0.10692072,-0.15094626
150181,L4/5 IT,-0.16308099,0.27986556
36132,Oligo,-0.22446379,-0.17495656
148452,L2/3 IT,0.06645781,0.25112772
36167,Astro,-0.14994213,0.20776474
53791,Astro,-0.25299135,0.30530977
148418,VLMC,0.45170194,0.073133886
274007,L6 CT,-0.21393648,0.100446165
36290,L5 IT,-0.28644684,0.05852902
257078,L2/3 IT,0.34295446,0.06898463
134185,L4/5 IT,-0.22520208,0.26795286
36366,Oligo,-0.3388298,-0.12101698
273943,Oligo,-0.34177646,0.09334046
134202,Micro,0.22640866,-0.27379942
53593,L4/5 IT,0.05589187,0.11005676
53579,Micro,0.051181436,0.2923121
134243,L5 IT,0.2641788,0.00412637
148229,L6 IT,-0.2358177,0.081644416
36432,L5/6 NP,0.25734812,-0.245312
134272,L6 CT,-0.014958531,-0.1622321
148219,L4/5 IT,-0.1411911,0.12300563
254686,L4/5 IT,0.07970357,0.2634753
273930,L5 IT,-0.2051538,0.13110971
273929,L4/5 IT,0.1631254,0.09939605
273925,L2/3 IT,0.09663564,0.26881158
148190,Endo,-0.113082916,0.09565729
36519,Astro,-0.117645204,0.30366844
53517,Endo,0.1623143,0.25011617
134375,L4/5 IT,-0.20599416,0.24470598
274020,L2/3 IT,0.17333388,0.19714445
134054,OPC,-0.24731067,0.11993891
53898,Oligo,-0.16385731,-0.093945384
274029,L2/3 IT,0.422836,-0.072746575
54434,Endo,-0.36239243,0.07061458
254592,Sst,0.17975456,-0.21213165
54380,L6 CT,-0.013113618,-0.21167019
133755,L4/5 IT,0.011958122,0.18785936
148812,Micro,0.37870342,0.13208967
54367,L4/5 IT,-0.061201066,0.21185142
133768,L6 CT,-0.22414276,-0.06179869
274117,L4/5 IT,-0.18632367,0.26136374
274113,L6 CT,-0.4079255,-0.0045927167
35693,Peri,0.17570484,0.20580137
133796,Astro,-0.10436225,0.42347652
35714,L5 ET,0.019991755,0.06984782
35792,Micro,0.29089034,-0.16689855
148110,L6 IT,-0.4403199,-0.01521045
35811,Endo,0.20372623,0.023548603
54176,Oligo,-0.35819477,0.03926915
274078,L6 CT,0.05036229,-0.2307716
35898,L5 ET,-0.10514712,0.031378686
254624,L5 ET,0.2933125,-0.19545636
54112,L6 IT,0.15414429,-0.10003415
270998,L4/5 IT,0.33632624,0.009792805
133913,Oligo,0.00942868,-0.35386837
54072,Endo,0.13036114,0.3453654
54030,Endo,0.09997904,0.32085532
133951,L4/5 IT,0.0695439,0.16997313
36029,VLMC,0.30531907,0.24215752
271016,Astro,-0.40282756,0.008464634
148480,SMC,0.19272155,0.32586104
133826,Endo,-0.29753777,0.24575227
148096,L2/3 IT,0.06665963,0.21957648
254709,Astro,0.2537123,0.09555298
36566,L4/5 IT,0.044029355,0.14951062
135009,Oligo,-0.2658201,-0.092969
52692,L5 IT,0.1096589,-0.057661265
37069,L6 IT,-0.14767393,0.031218588
52685,PVM,-0.11558044,0.15823293
52597,L6 IT,-0.10221404,-0.05810052
37115,Endo,-0.016299665,0.2843461
135072,SMC,-0.36017707,-0.0013161004
37160,L6 CT,-0.19106975,-0.04649952
254855,Oligo,-0.43718705,-0.061318964
52460,Vip,-0.058156878,0.26154596
256948,L6 IT,-0.08409068,-0.15177989
254872,Astro,0.3538676,0.15976888
147462,L5 IT,-0.37481457,0.08302891
52719,L4/5 IT,0.35739928,-0.09463945
135176,L6 CT,-0.14792567,-0.07909876
135211,L6 CT,-0.05853975,-0.17518607
37318,L4/5 IT,0.29107052,-0.08632484
52311,Oligo,-0.42572057,-0.09237015
52310,Oligo,-0.037749827,-0.049642235
147407,Oligo,-0.04246989,-0.33143318
147388,L6 IT,0.25496763,-0.21445793
271328,L6 CT,-0.0042026937,-0.22322172
37445,L4/5 IT,-0.15465459,0.24707484
135340,Astro,0.2844894,0.2398315
135386,L6 CT,-0.2563622,-0.027409405
135403,VLMC,0.33124065,0.2091164
52276,Peri,-0.32031974,0.1737802
37544,L2/3 IT,-0.04770714,0.27568066
37289,L5 ET,0.3290012,-0.18589243
148838,L6 IT,-0.04715514,-0.089719236
52721,Endo,0.005153537,0.41700172
134938,L2/3 IT,0.23507017,0.119273245
273906,L4/5 IT,0.21031493,0.018284261
257035,L2/3 IT,-0.20328572,0.3973083
257030,OPC,-0.21423164,0.06960249
36693,Micro,-0.099994004,0.40221953
148014,Endo,0.17279804,-0.37343472
36699,L4/5 IT,-0.22400022,0.27406847
53276,L5 ET,0.29387873,-0.20015496
36710,L5 IT,0.2820543,-0.15319881
53249,Micro,0.07620567,-0.0032963455
147968,L5 IT,-0.15991127,0.0047309995
271131,L2/3 IT,0.31998712,0.012798727
53203,Oligo,-0.033388227,-0.28775656
36746,L6 IT,-0.1655921,-0.087482244
52775,L2/3 IT,-0.15503886,0.32623136
134726,Astro,-0.106948376,-0.28249305
53090,L2/3 IT,0.1222682,0.25392264
134763,L4/5 IT,0.0031226277,0.2187249
134785,Oligo,-0.104184896,-0.25483072
36810,L5 IT,0.35717565,-0.18037713
53076,L6 CT,0.11953604,-0.15308413
134829,L6 CT,-0.30964914,0.080545485
36848,Endo,-0.15526077,0.23286873
36857,OPC,-0.23155525,0.16707736
134835,L4/5 IT,0.27291346,-0.09071961
134840,L4/5 IT,-0.27892518,0.20061547
36891,L6 CT,-0.23475647,0.0245893
52913,Oligo,0.042452514,-0.41436842
36955,L6 IT,0.08338487,-0.16353318
53119,L2/3 IT,0.058456838,0.33978003
148850,L2/3 IT,0.3746168,0.046221733
35609,L6 IT,0.021647215,-0.10035068
148855,L6 CT,0.12984353,-0.15133476
132655,Endo,-0.089417905,0.16122669
270708,L6 CT,-0.46715412,-0.066306114
149841,L4/5 IT,-0.05459705,0.13806683
34563,L4/5 IT,-0.26605514,0.278799
34565,L2/3 IT,0.0072805285,0.21906954
254447,L2/3 IT,0.1960172,0.2527035
55764,Endo,0.09683752,-0.38511166
270717,L2/3 IT,0.19635451,0.12071341
55743,L2/3 IT,0.11303693,0.2003811
149790,L6 IT,-0.019775927,-0.11978394
132713,L4/5 IT,-0.18870208,0.23233128
34594,L5 IT,0.09495902,-0.17716265
55688,Oligo,-0.08741659,-0.29819465
55895,Astro,0.07365483,0.17887264
132775,L4/5 IT,0.27304405,0.03411299
149737,L6 CT,-0.44846815,0.062210858
149724,L6 IT,-0.13654813,-0.12472114
55647,L4/5 IT,0.01041466,0.137119
34677,Lamp5,0.12485391,0.3288921
132821,L2/3 IT,0.43627763,-0.011971593
149664,Endo,-0.061363995,0.42662323
55619,L2/3 IT,-0.13178355,0.3608306
270772,Oligo,-0.26781267,-0.14981368
34801,L2/3 IT,0.1872325,0.24453264
132941,L6 CT,0.109972894,-0.18468726
55602,Astro,0.11121279,-0.29732394
132980,L4/5 IT,0.2013573,0.082741916
254479,Oligo,0.052975833,-0.3763997
132784,L4/5 IT,0.37281585,-0.049023002
55578,L5 ET,0.097634256,-0.10631472
55905,L2/3 IT,0.24371338,0.14970678
149859,L4/5 IT,0.14466304,0.10737085
34134,L5 IT,-0.1807844,0.02451402
56432,L6 CT,-0.07135174,-0.18827066
34177,L6 IT,0.27131987,-0.059901357
132116,L6 IT,-0.42505127,0.038868368
56417,L2/3 IT,0.005991161,0.25440896
56415,Oligo,0.0833559,-0.41222382
257381,VLMC,0.10394126,0.38627648
34208,L6 IT,-0.13751873,-0.0702056
270621,L6 CT,-0.008770406,-0.18636441
132236,Endo,0.33068186,0.146164
56283,Endo,0.20817512,-0.038249224
56236,L4/5 IT,-0.13716745,0.29397517
132299,L4/5 IT,0.21574879,0.026160002
132582,Sncg,-0.33614492,0.01634258
34276,L6 CT,-0.15059632,-0.07506907
34328,Astro,-0.16613925,0.07541627
132329,L6 IT,0.2527824,-0.24694365
132400,L4/5 IT,0.19364429,0.037035346
56065,Oligo,0.12423611,0.11627352
55988,Astro,0.22112834,-0.12512058
274328,Astro,0.13562417,-0.051590055
270682,L6 CT,0.102289796,-0.15628824
34474,Micro,-0.14831102,0.37518996
132498,Oligo,-0.26442593,-0.14610648
132501,L6 IT,-0.23147672,0.04471481
274313,Oligo,0.041284204,-0.31852442
34536,L6 IT,-0.07053539,-0.043565094
254444,L4/5 IT,0.07133138,0.19394207
56193,VLMC,-0.14018703,0.32767868
37552,L6 CT,-0.030680954,-0.06828827
133018,L6 CT,0.040475786,-0.23395675
133089,L6 CT,0.089579165,-0.2594628
35409,Endo,-0.104011655,0.16291666
54923,L4/5 IT,-0.10290095,0.17484188
35432,Oligo,-0.1055485,-0.22921082
149173,L5 IT,0.31869364,-0.17875761
254532,L2/3 IT,0.2105754,0.23545295
35469,L5 IT,0.09017807,0.05756688
149156,L6 CT,-0.3844576,0.021725118
133570,Astro,0.08685106,0.28931552
54793,L4/5 IT,0.1661272,0.046871424
54714,Oligo,-0.41993466,0.010280848
54676,L5 ET,0.08835751,0.011253893
54671,L6b,0.06439489,-0.3151531
35507,Oligo,0.4570973,0.070565045
35399,L6 IT,-0.16276902,-0.051125973
133599,SMC,0.28843135,0.21295941
54635,L5 IT,0.1587593,-0.21616712
148968,Endo,0.36444014,-0.15571713
54601,OPC,-0.212672,-0.19650012
133644,Astro,-0.07368666,-0.31030294
54565,VLMC,0.3053149,0.25472015
133701,Astro,-0.24927413,0.09200138
257155,Oligo,-0.16500968,-0.069891244
133720,Astro,0.08311653,0.37756276
148870,L2/3 IT,0.097599566,0.21518874
133722,L6 IT,0.24369776,-0.20892215
35593,L2/3 IT,-0.011358887,0.34943157
270940,L6 IT,0.18058294,-0.26587075
54447,Astro,-0.10180238,-0.18949378
149057,OPC,-0.33550236,0.15652823
133028,SMC,-0.1443871,0.44659126
54943,L2/3 IT,0.2646854,0.14848596
54979,L5/6 NP,0.23799688,-0.2572142
254485,Sst,0.30090177,-0.2755227
34876,L5/6 NP,0.20268881,-0.17005762
55526,L6 IT,-0.46839562,-0.035020113
133162,L5 IT,-0.33231395,0.105969906
55515,L5 IT,0.32309997,-0.213682
149488,Peri,0.10994476,0.061811328
34891,L5 IT,0.22374475,-0.21844852
133175,Pvalb,0.21960902,-0.111802906
34962,Oligo,-0.031059116,-0.26430136
34988,L6 CT,-0.034843296,-0.24727231
149466,Endo,0.118508995,0.3291118
55472,L6 IT,0.28695512,-0.25894973
35072,L5 IT,-0.13766947,0.007334888
54977,L4/5 IT,0.005596578,0.20980626
133259,Astro,-0.044786453,-0.29225212
149419,Endo,-0.33723563,0.07905328
55299,L6 CT,0.22005641,-0.3462988
55235,Endo,-0.14667985,0.14981145
55232,Astro,-0.11288637,0.061867177
274218,L5 IT,-0.120002955,0.08045739
55090,L6 IT,0.082913816,-0.21340737
149353,Micro,-0.34978938,-0.04096517
55089,L2/3 IT,0.1913228,0.24342442
149345,L5 IT,0.039433956,-0.13166693
274190,L6 CT,-0.31679156,0.101463735
54994,L6 CT,-0.08566564,-0.029112637
133477,SMC,0.34039456,0.19501519
274185,L6 CT,0.0035757422,-0.22725272
55361,SMC,-0.23852807,0.024167836
77360,L2/3 IT,-0.20568115,0.38400567
141566,L2/3 IT,0.057304204,0.20480967
81896,L6 CT,-0.017900318,-0.20325437
93872,L2/3 IT,0.2813034,0.023673058
250160,L2/3 IT,0.09260893,0.3010021
87494,Oligo,0.07169539,-0.4021815
174487,L6 CT,-0.2172463,-0.05708909
90769,Endo,0.024060428,-0.123761445
3077,Astro,0.17125732,-0.15357858
12126,L5 ET,-0.04045549,0.08532989
87491,L6b,0.09254295,-0.3470435
105705,L5 ET,-0.04692465,0.040557146
87532,L2/3 IT,0.18931115,0.22225666
83161,Astro,0.19863969,0.29511577
168875,L4/5 IT,0.3992933,-0.09779742
93937,Vip,0.31938946,-0.05516711
3031,Oligo,-0.44209296,-0.12433705
168855,Sst,0.16512716,-0.065956116
2995,Peri,0.08044571,0.22624874
168886,L6 CT,-0.012460202,-0.25266814
12086,L5 IT,0.20687103,-0.046870768
105759,L4/5 IT,0.36314982,-0.14399597
3094,Micro,0.10281628,-0.22138038
90867,L6 CT,-0.324973,0.04177153
168978,L4/5 IT,-0.020791322,0.23989499
83400,Micro,0.24146569,0.25198287
8257,L6 CT,0.20620918,-0.34218097
172035,Oligo,0.18268037,-0.386598
100346,L2/3 IT,0.08352864,0.20241135
83361,Oligo,-0.18743742,-0.1795097
250548,Micro,0.21490902,0.124013126
11991,L6 CT,-0.11794019,-0.016421944
93867,Oligo,-0.092078984,-0.2383135
168966,Oligo,-0.022312343,-0.28516614
168946,L5 IT,-0.046565235,-0.045104086
168945,L2/3 IT,0.27768373,0.14815408
87460,L5 ET,0.36993796,-0.19196394
12011,L6 IT,-0.020046532,-0.08563411
8235,L4/5 IT,-0.18470514,0.25099587
109850,Astro,0.050322235,-0.39843702
2956,L2/3 IT,0.14317548,0.18746477
12222,Oligo,0.14514667,-0.42292544
12230,L2/3 IT,0.39023137,-0.0076539516
109941,Astro,-0.009159148,0.23486751
168698,SMC,-0.1304504,0.44807816
94020,Endo,0.26770407,0.24821323
100110,L5 ET,0.13233274,-0.015259951
265975,L4/5 IT,0.1265502,0.06701183
105657,L6 CT,0.16355455,-0.3591908
105633,L4/5 IT,-0.3151967,0.226111
110139,L2/3 IT,0.07737726,0.29643786
8132,Pvalb,-0.17195663,0.2450273
278120,L4/5 IT,0.16721046,0.029772937
168678,Astro,0.24768484,-0.24321797
8115,Oligo,-0.07629192,-0.3133222
168668,L4/5 IT,-0.0417448,0.22636843
278116,L4/5 IT,0.042747974,0.14314914
168664,L2/3 IT,0.097456634,0.28411394
83008,L2/3 IT,0.1981085,0.22748703
12388,Endo,0.08912063,0.028202534
90655,L2/3 IT,0.24323356,0.18412203
251181,L5 IT,0.040890694,0.030107617
102997,L6 CT,-0.09683576,-0.03551069
261322,L6 CT,-0.18593028,-0.08053568
174442,L5 IT,0.04445362,-0.028777272
109986,L4/5 IT,-0.23253947,0.29420018
100220,Astro,0.038449585,0.26841426
93962,L2/3 IT,0.17601937,0.27591097
265965,L5 IT,-0.2660607,0.11080414
12299,Sst,0.14241624,-0.2762893
174472,L5 ET,-0.089983225,0.19823271
262975,L5/6 NP,-0.0772804,0.088940084
12300,Oligo,0.02694273,-0.30758727
12314,L5 IT,-0.13632289,0.12819183
278131,Oligo,0.11178362,-0.30584797
249723,L4/5 IT,0.03202355,0.19488013
100152,Pvalb,-0.14548862,0.08128005
83064,L6 CT,-0.31879282,0.08491367
110028,L2/3 IT,0.43831468,-0.045866847
5284,Oligo,0.14537042,-0.41746956
265967,Oligo,-0.40266836,-0.107565194
261354,L6 IT,-0.21755138,-0.061419815
94019,L2/3 IT,0.20132369,0.20047688
82921,L4/5 IT,-0.16520944,0.30385298
83443,L4/5 IT,0.29907805,-0.050949186
102989,Endo,-0.039206058,-0.17822132
84006,Oligo,-0.1046156,-0.25015873
176284,L6 CT,-0.34169614,-0.04991415
106038,Endo,0.07686293,-0.05030957
11560,Astro,0.3414448,-0.1905528
169499,L5 IT,-0.01877582,-0.10064989
3479,L4/5 IT,-0.1549567,0.26977783
83968,Oligo,0.23478442,-0.26216745
11553,Micro,0.33482695,-0.21888477
109325,L5/6 NP,0.17687333,-0.050819248
100613,L6 IT,-0.41223526,0.013297498
250138,L4/5 IT,-0.13791028,0.25202048
3430,L2/3 IT,0.09391296,0.17244309
264116,L4/5 IT,-0.18766078,0.2940246
249781,L2/3 IT,0.11823249,0.26505625
100513,VLMC,0.43050772,0.108733416
8377,L4/5 IT,-0.08641893,0.24084228
250568,Lamp5,-0.13233644,0.4203421
176274,OPC,0.0451864,0.17336214
174650,L6b,-0.054980695,-0.24234644
176270,L2/3 IT,0.10616392,0.2311092
8421,L6 CT,0.18526322,-0.32261384
84175,L5 IT,0.03835112,-0.09146285
93531,L4/5 IT,-0.17649478,0.25009292
11445,Oligo,-0.31617403,-0.12601313
93540,L2/3 IT,-0.03308493,0.31355888
169595,L5 IT,0.320926,-0.12755263
11479,L6 CT,-0.38146552,0.016718388
169593,Oligo,0.25610793,0.044638038
106067,L2/3 IT,-0.10588959,0.38913864
109180,Oligo,0.0008351207,-0.32885164
100655,L2/3 IT,-0.16107267,0.30353308
84073,L2/3 IT,-0.1807343,0.41369945
84049,Endo,0.09490794,0.23657107
176263,Astro,-0.3365274,0.18125379
169564,L2/3 IT,0.085683584,0.20652401
8393,L4/5 IT,0.08746874,0.14606953
11525,L2/3 IT,0.1525209,0.30064934
279485,L4/5 IT,0.26198256,-0.015577644
176391,L6 CT,0.22801524,-0.29230154
3408,Endo,0.08556616,0.22390479
265809,L6 IT,-0.24326426,0.011366546
105879,L5 IT,0.22344166,-0.18431279
169130,Astro,0.06849599,-0.40047753
11799,Peri,0.0057427287,0.13164437
100402,L5 IT,-0.041386753,-0.045862675
109620,Endo,-0.30491412,0.16352946
109626,L2/3 IT,0.22735137,0.21859568
87411,L6 IT,-0.063976586,-0.050899297
264084,SMC,0.20562434,0.29033744
3249,Endo,0.23246908,0.016753376
93826,L2/3 IT,0.18175888,0.24056834
109688,L2/3 IT,0.22229785,0.21553475
5166,PVM,-0.0481292,-0.046325594
11853,Oligo,-0.058365792,-0.14906007
109717,L6 CT,0.26719195,-0.3258984
264069,L4/5 IT,-0.01120469,0.15335757
174541,SMC,-0.046852916,0.0057963133
83469,L6 CT,-0.35996526,0.0037028193
169160,Oligo,-0.22580111,-0.17959681
3149,Oligo,-0.27261662,-0.09941447
83718,L4/5 IT,0.37829608,-0.13309124
83725,Sst,0.0021235943,-0.10145858
173503,Astro,-0.002437681,-0.26211673
261438,L2/3 IT,-0.009808987,0.37307483
105943,L6 IT,-0.26181012,0.009262264
100452,Astro,-0.007148862,-0.25314078
174628,L6 CT,-0.23329389,0.03583157
90957,L4/5 IT,0.3571236,-0.13175783
3386,L6 CT,-0.24237177,-0.07012844
169238,SMC,0.18468398,0.26751548
109536,Oligo,-0.0065028667,-0.3371259
174593,L6b,-0.2190918,-0.13939568
109549,L4/5 IT,-0.27436566,0.10591984
93780,L4/5 IT,0.22970855,0.01987964
109561,Endo,-0.077749014,0.18021673
3348,L5/6 NP,0.21889329,-0.25100496
3308,Oligo,0.0025638938,-0.28576422
83732,L6 IT,-0.2943899,-0.02485022
87353,Oligo,-0.26756966,0.16734582
278880,Oligo,-0.13768798,-0.17666131
8430,L5 IT,0.08577615,-0.14146575
12411,L5 IT,0.1341725,-0.15908211
94144,L4/5 IT,-0.10973787,0.30548072
13044,L5 IT,-0.09988636,0.033563077
172363,Astro,-0.103300035,0.08196163
168091,L4/5 IT,0.07686442,0.16745043
99634,L5 IT,0.040421665,0.024577975
13116,L5 ET,-0.17584446,0.11532438
90359,Endo,-0.027087599,0.17131984
262667,Sst,0.39313877,-0.0024160743
278009,L6 CT,0.212156,-0.3543315
105285,L6b,0.063369036,-0.35121593
81857,Pvalb,-0.10033637,0.18237299
177262,L2/3 IT,0.28309447,0.13477439
7959,L5 ET,0.08958894,-0.08467919
13148,L6 IT,0.2641741,-0.18940511
263871,L2/3 IT,0.18391925,0.2022767
87805,Oligo,-0.19122541,0.18393022
103299,Oligo,-0.077852786,-0.25035465
94778,L6 CT,-0.109040916,-0.13345328
251282,Oligo,-0.4195322,-0.13442934
94640,Endo,-0.16551423,0.30443466
168157,L2/3 IT,-0.082990706,0.39701998
87688,Oligo,-0.10879502,-0.20008296
105377,Oligo,0.02865827,-0.2743199
87703,L6 IT,-0.2549547,0.0019352436
105365,PVM,-0.038038045,0.14671195
278019,L5 IT,-0.080905765,0.0016778111
103253,L6 IT,-0.16284281,-0.043459207
278018,L6 CT,-0.40336013,-0.016194612
168212,L4/5 IT,-0.19891784,0.24589765
172361,L6 CT,-0.2696324,0.10965592
82128,L4/5 IT,0.18822992,0.079310834
2520,L4/5 IT,-0.050647616,0.16699058
110841,Pvalb,-0.35405096,0.1374253
2517,L2/3 IT,0.027581692,0.30003923
94614,L6 IT,0.09627932,-0.2677888
168180,Astro,-0.084027916,0.1797809
110861,Oligo,-0.24334815,0.2450034
168158,L4/5 IT,-0.1491049,0.21867335
13166,L4/5 IT,-0.23268655,0.24054396
13175,Endo,0.22993636,-0.2691819
261207,Astro,0.16419572,0.24417317
250219,PVM,-0.34673423,-0.01583001
177347,Astro,0.05367303,0.09151715
263111,L4/5 IT,0.33363056,-0.08433178
81755,L6 CT,0.21447712,-0.3538953
81733,L5 IT,0.2005508,-0.055704683
81722,Micro,-0.0114121735,-0.19801739
103351,Micro,0.36075675,-0.14452937
111157,Astro,0.09844595,-0.24163556
266196,L2/3 IT,0.030394435,0.32731014
94942,Astro,0.084524095,0.3872707
90249,Endo,-0.18982339,0.29708827
167769,L6 CT,-0.20319468,-0.11981726
105204,L6b,-0.12069887,-0.18005645
7890,L6 IT,0.1154263,-0.24937633
167764,L4/5 IT,0.21194023,0.08420795
99319,Endo,0.30927235,0.019679248
7887,Endo,0.40032393,0.04967445
177375,Endo,0.006724596,0.22253537
277970,Vip,-0.37727642,0.09016317
94568,L6b,-0.073716134,-0.23310927
81777,L5 IT,0.050897956,-0.1250551
99399,L6 IT,0.08695495,-0.20996362
177269,L4/5 IT,0.20951664,-0.02084905
13177,L5 ET,0.06453103,0.030658603
2448,SMC,0.24051762,0.26601595
177293,L6 IT,0.3356402,-0.21849751
81800,Oligo,-0.21307066,-0.21799031
177314,Pvalb,0.2588765,0.024387479
251310,Vip,0.09620631,-0.42722228
277972,Sst,-0.31154788,0.25735956
87903,L2/3 IT,0.22041923,0.22353989
167863,L6 CT,0.14515913,-0.27666533
2427,Astro,0.2158739,0.24509579
111060,L2/3 IT,0.35125357,0.045859873
167845,L6 IT,-0.29404104,0.04315889
265074,Lamp5,0.076415956,0.16798502
111066,Peri,0.24504763,0.2684648
13233,Astro,-0.048129827,-0.18399286
264646,Oligo,-0.12061706,-0.07545185
81787,L6 IT,-0.23595715,-0.00141415
2799,Oligo,-0.3718075,-0.09831384
82260,L2/3 IT,-0.1442973,0.3683284
278020,Astro,0.073617935,0.25295937
87640,L2/3 IT,0.46086556,-0.04003191
94316,L5 IT,-0.2845692,0.056102514
2727,Sst,-0.171078,0.043441117
8035,L5 ET,0.2007646,-0.17432624
94324,Astro,0.059292912,-0.4019721
279894,OPC,-0.35118335,0.18629175
82700,SMC,-0.047002792,0.24232143
110341,L4/5 IT,0.41167527,-0.096075505
12577,L2/3 IT,0.06576663,0.19588852
110401,Astro,0.048086405,-0.37259746
94341,L5 IT,-0.16572398,0.035146236
168477,L6 IT,0.106739104,-0.15789357
87653,Oligo,0.10462946,-0.25313193
12619,L6 CT,0.045649648,-0.08008182
82619,Oligo,-0.33910406,-0.07697675
12630,L5 IT,-0.15985635,0.07090837
168498,L6 CT,0.1847884,-0.27906257
99927,L2/3 IT,-0.010490209,0.27371573
278095,L2/3 IT,0.053340852,0.28061628
168525,Oligo,0.12060994,-0.4336919
90647,L6 IT,0.24313039,-0.34902757
82895,Pvalb,-0.08123192,0.096042216
87551,L5 IT,-0.42767876,0.10305977
2758,L6b,-0.025570959,-0.2440098
100037,Endo,0.3604852,-0.012188941
176875,L6b,-0.0029537082,-0.2746818
105560,L5 IT,0.29488915,-0.14406413
266012,L4/5 IT,-0.17164811,0.27383786
110260,L4/5 IT,0.07528186,0.10949701
87639,L5 ET,0.2161588,-0.058642536
172181,L5 IT,0.12262803,0.027128637
99944,L4/5 IT,-0.16125211,0.26651824
176901,Astro,-0.059769034,-0.22663072
12511,L4/5 IT,-0.012102693,0.20696574
176913,Oligo,-0.091453105,-0.23502484
168532,Endo,0.07392222,0.17648649
99930,Oligo,0.0916152,0.3591668
12640,L5 ET,0.20215368,-0.0036601424
249673,Astro,-0.22937453,0.20023584
8027,Oligo,-0.017476052,-0.28261322
168407,L5 ET,0.011434257,0.0596655
110640,Astro,0.048787355,0.23275834
177055,L2/3 IT,-0.17010677,0.32514542
2642,PVM,0.17340797,-0.2513669
12884,L2/3 IT,0.089024425,0.2689771
110702,L6 IT,-0.16415659,-0.059482366
94453,VLMC,0.37961394,0.14482868
251249,L6 CT,0.026411772,-0.21868533
251258,Pvalb,0.0039001107,-0.072056115
177091,Lamp5,0.074165285,0.07228339
12933,Pvalb,0.120375514,0.2386502
2591,L2/3 IT,0.16739327,0.23947537
12941,L5/6 NP,-0.19450042,0.1791709
177121,Peri,-0.0525814,-0.32321256
168285,L6 IT,-0.06907505,-0.12901482
82311,L2/3 IT,0.41717118,-0.04747635
87670,L2/3 IT,-0.053417325,0.2341739
110775,L2/3 IT,0.16619968,0.16450566
82405,Oligo,0.09876776,-0.41591626
168240,L4/5 IT,0.07388306,0.15101445
168350,Oligo,0.10767543,0.022592187
99808,L6 CT,0.1690445,-0.25459602
99858,Peri,0.020356655,-0.15654218
110496,Oligo,-0.10567337,-0.25665537
110497,L6 CT,0.13103658,-0.317182
110511,L4/5 IT,0.10660845,0.09437275
278086,Oligo,-0.3541901,-0.07558921
8021,Endo,-0.068157494,0.23724633
110517,Endo,-0.27593917,0.14456171
2709,Astro,0.039318442,-0.4004207
177021,L6 IT,-0.017994523,-0.10726425
82519,Micro,-0.024426967,-0.105796784
82517,VLMC,0.37146425,0.17112315
110547,PVM,0.16700602,0.25092316
174369,L6 CT,-0.3254565,0.10270488
105475,Astro,-0.1965529,0.2056951
82478,L5 IT,0.0014833808,0.023549438
82413,Endo,-0.13515797,0.093010545
82411,L6 CT,-0.15776497,-0.104034334
174352,VLMC,-0.29316652,0.36231393
109087,L2/3 IT,0.33061582,0.049848318
278855,Micro,-0.09529799,0.32705402
11395,Micro,-0.048847646,0.32651818
102346,Micro,0.110088706,0.34435815
107580,L6 IT,-0.16012204,-0.013550341
175471,L5 IT,-0.17709205,0.105228126
107636,Astro,-0.15668839,0.22046036
171503,Astro,0.1644873,0.09281391
265479,L5 ET,0.23179305,-0.21579802
92223,L5 IT,0.25590068,-0.19842622
4598,L2/3 IT,0.07964945,0.18000323
106469,Oligo,0.0828073,-0.4321954
85722,L5 IT,0.30692142,-0.14610392
170646,L4/5 IT,-0.20203063,0.29297298
9774,Oligo,0.046274126,-0.19164252
171522,L6 CT,-0.13870057,-0.009271264
264344,Lamp5,0.19896472,-0.053443342
278567,L2/3 IT,0.15195215,0.14481032
9842,L6 CT,0.17389613,-0.29841775
92232,L4/5 IT,-0.09585452,0.21172965
250056,L5 IT,0.31674933,-0.14729542
171500,L4/5 IT,0.37183893,-0.13535869
9687,Peri,-0.2435982,-0.1423456
92154,L5 IT,0.30450165,-0.16186324
262699,L2/3 IT,0.07945353,0.23871845
107517,L2/3 IT,0.3081612,0.066835046
250804,L6 IT,-0.41908556,-0.045445055
9651,L4/5 IT,-0.26085508,0.24386066
92187,Astro,0.21994537,0.2724979
85918,L6 IT,-0.40985644,-0.057776302
278592,L5 ET,-0.28160042,0.1903683
106525,Micro,0.03630334,0.22342837
101776,L2/3 IT,0.16596967,0.2519213
107543,Astro,-0.008692622,0.23533803
171481,Oligo,-0.02080518,-0.23347205
9677,OPC,0.17124069,-0.09588948
175442,L6 CT,0.07230353,-0.19027117
85851,L6 IT,-0.31209177,0.034273207
107556,Astro,-0.210836,-0.14447102
101742,Endo,0.3545249,0.10757327
4074,PVM,-0.10988289,0.13016784
8927,L5 IT,0.19738019,-0.10292229
86830,L6 CT,-0.11544877,-0.052916676
8915,PVM,-0.37887335,-0.08339468
171634,L5 IT,0.28684145,-0.12512922
170545,L6 IT,-0.4324285,-0.01710999
170543,L6 IT,-0.37664106,-0.0085219145
92550,L6 IT,0.2585203,-0.28991294
92579,Pvalb,0.12195718,-0.07937917
85546,L5 IT,0.015928626,0.047861874
85528,Endo,-0.03103289,0.18761182
101515,Lamp5,-0.06715059,0.34112614
107817,L6 CT,0.055849373,-0.15083757
10064,L4/5 IT,-0.075867414,0.17951167
278527,L5/6 NP,0.26398486,-0.25711778
92584,L6 IT,-0.16674864,-0.08399096
171638,L6 CT,-0.064367145,-0.03423363
278770,L4/5 IT,-0.20133081,0.27139038
101473,L5/6 NP,-0.088383526,0.07653868
92635,L4/5 IT,0.28973573,-0.094659746
86913,SMC,0.25550544,0.2253269
175630,L4/5 IT,0.16691983,0.082033634
264442,Vip,-0.1817885,0.17944449
101566,Astro,-0.33648348,-0.09811208
106399,Astro,0.03955865,0.36074048
91480,Oligo,0.16349113,-0.36584163
264485,L2/3 IT,0.2323696,0.18218625
261706,L4/5 IT,-0.1270892,0.266572
261937,L2/3 IT,0.12784815,0.2740485
171592,L5 IT,0.3510918,-0.19716832
8894,Astro,-0.3893815,-0.07244679
92289,L6 CT,-0.2891174,-0.012174547
86862,Endo,0.011557519,-0.10741553
250813,L4/5 IT,0.38097668,-0.12701836
101601,Sst,0.2562598,-0.22907668
170592,L6 CT,-0.101798385,-0.113515615
9922,Astro,0.054621458,0.19558507
171614,Micro,0.4086429,0.067126095
174985,L2/3 IT,0.121655345,0.15117198
92496,Peri,0.035982728,-0.20713603
9934,L5/6 NP,0.15587914,-0.023408294
278554,L6 IT,-0.29529828,0.053964972
262732,L6 IT,-0.3209574,-0.06174445
85492,L6b,-0.09215975,-0.23672739
4135,Peri,0.23309106,-0.07975161
107503,L6 IT,-0.38826913,0.067478
9201,Oligo,0.25930512,-0.111489415
4374,L4/5 IT,0.2298857,-0.009895027
91913,L4/5 IT,0.37037462,-0.13925987
91737,Astro,0.13670921,-0.39439875
107167,VLMC,0.34498215,0.20730019
86306,L5 IT,-0.07265565,-0.011670679
86299,L5 IT,-0.19340742,0.066844106
86667,L6 CT,-0.2466985,-0.06326565
9240,Astro,-0.23201871,-0.1590164
101971,L4/5 IT,-0.18364257,0.2719527
261817,L6b,-0.23867953,-0.15905455
175329,L5 ET,-0.08007899,0.0043833256
86213,Endo,-0.13294342,-0.0928171
175142,L2/3 IT,-0.10298544,0.34431314
86768,SMC,0.18900734,0.2873904
9047,L6 CT,-0.29495528,-0.044204473
107199,Oligo,-0.06962356,-0.26533723
171095,L5 ET,-0.2366423,0.1693331
106721,L5 IT,-0.22002378,0.07129717
107035,Astro,0.042304456,-0.37668592
86604,L6 IT,0.24830782,-0.323224
102088,Peri,-0.11532152,0.06459355
106804,Endo,0.04961729,0.090800405
171238,Oligo,-0.10681987,-0.21969643
9121,L6 CT,0.06858808,-0.2554685
106902,L4/5 IT,-0.23405388,0.26755226
106915,L6 IT,-0.23783344,0.02064675
86607,L4/5 IT,0.068559706,0.17236489
261856,L4/5 IT,-0.12740862,0.24841022
4414,Astro,0.09038937,0.31421405
102064,VLMC,0.16783983,0.34515542
175225,Oligo,0.07557738,-0.45330247
175251,Oligo,-0.009328693,-0.25598073
86485,PVM,-0.2831151,0.36730868
91889,L6 CT,0.18597394,-0.33525836
9163,L5/6 NP,-0.019594789,0.040616274
91895,L4/5 IT,0.28328657,-0.098169714
86174,L5 IT,0.30732733,-0.1820406
9343,L6 CT,0.20373869,-0.30979562
4286,Astro,-0.14911875,-0.22947466
102203,Oligo,-0.1636984,-0.19157693
107439,Astro,0.16511291,-0.43924183
9554,L5 ET,-0.03232193,-0.0058633685
101883,L2/3 IT,0.16714036,0.23079067
170830,L6 CT,0.1481387,-0.21003929
101869,L2/3 IT,0.12912267,0.29442465
106613,Oligo,-0.46738574,-0.10167256
250788,Sst,0.117970645,-0.23850793
106586,Sst,-0.14859614,0.18192255
9562,L5 IT,-0.12964907,0.12732095
262695,Oligo,-0.18377084,-0.21533513
107446,L4/5 IT,-0.18186468,0.2559287
92014,L6 CT,0.06963235,-0.29177698
107480,Oligo,0.06817734,-0.39611953
175393,L5 ET,-0.1510255,0.1302619
102253,Micro,0.08999044,-0.3259219
261915,L5 IT,0.2128743,-0.07215676
250652,L2/3 IT,0.10274345,0.26311988
86789,Oligo,-0.15710878,-0.17902029
92117,L6 CT,0.19363809,-0.4636736
86044,L6 CT,-0.01670459,-0.15617996
9542,PVM,-0.16036382,0.40177268
9365,L6 CT,-0.09588027,-0.11018905
9423,L6 CT,-0.20967504,-0.06698531
4273,Astro,0.15500283,-0.18498021
107309,L2/3 IT,0.09414363,0.22987193
91701,VLMC,0.21104461,0.29165834
170938,PVM,-0.21535605,0.06699294
278755,Peri,0.39727575,0.1525411
279633,L4/5 IT,-0.061176687,0.15650266
101919,L5 IT,-0.15699545,-0.037969112
4191,Oligo,-0.23958045,-0.11824125
106640,L6 CT,-0.20488936,-0.019873977
175102,L6 IT,-0.30202252,-0.0036595464
86048,Oligo,-0.23770219,-0.13120589
9499,L5 IT,0.11794704,-0.09898287
8979,L6 CT,-0.23010546,-0.09462604
107391,L4/5 IT,0.14235193,0.044713497
107426,Endo,0.37482285,-0.09783128
170862,Micro,-0.15747279,-0.116621494
107825,Vip,0.4304937,-0.020047218
92718,L6 IT,0.1704455,-0.2368494
265239,Oligo,-0.06442982,-0.26553044
11065,L4/5 IT,0.37045753,-0.1349177
84712,VLMC,0.3188364,0.22906804
171817,Endo,-0.0686228,-0.25909764
11108,L6 CT,0.051392734,-0.15430391
11114,Oligo,-0.06491724,-0.29228294
250108,L2/3 IT,0.100147724,0.19906068
100892,L2/3 IT,0.3794614,-0.010730445
84721,L4/5 IT,-0.23302436,0.29259723
169836,L6b,-0.45464534,-0.1021578
100888,Endo,-0.3631637,-0.041510522
261550,L4/5 IT,0.06287998,0.06890136
176039,Oligo,-0.25049293,-0.18427494
169835,L6 IT,-0.19316563,0.019877434
108765,L2/3 IT,0.12918061,0.2604844
176041,Astro,0.05584395,0.15773147
169832,L2/3 IT,0.2417205,0.166323
102703,Oligo,0.05978781,0.11453885
10917,L2/3 IT,0.16699666,0.16631025
91216,L5 ET,0.3213963,-0.1658625
93293,L5 IT,0.102379024,-0.090741485
171809,L6 CT,-0.102169216,-0.02981186
265667,L4/5 IT,0.050210893,0.21254635
84774,L5/6 NP,0.18573177,-0.05777365
84765,L4/5 IT,0.38713485,-0.06287822
84764,L4/5 IT,-0.12722185,0.22982472
264197,L4/5 IT,-0.07661593,0.20802647
169994,Oligo,0.023714066,-0.33844596
279513,L6 CT,0.20292628,-0.35302037
108653,L4/5 IT,-0.30695415,0.23565716
249892,L2/3 IT,-0.07684833,0.28217345
3666,OPC,-0.19022083,0.44883263
265677,Sst,0.34718508,0.0045862794
8527,Pvalb,-0.23398212,-0.036619306
108669,L4/5 IT,-0.00693506,0.20495987
169897,L2/3 IT,0.03400719,0.30116028
87158,Endo,-0.0015714467,0.30492187
108670,L4/5 IT,0.32768548,-0.05413568
100876,L2/3 IT,0.4052776,-0.07494444
84605,L4/5 IT,-0.090188175,0.22595024
108821,L4/5 IT,-0.2595523,0.28539276
11197,L5 IT,0.32387763,-0.19216603
3635,OPC,0.042736053,0.3894419
3633,Pvalb,-0.3285402,0.060853243
251009,L5 ET,0.23796856,-0.09794739
265742,L6 CT,0.2373209,-0.33227962
84373,L2/3 IT,0.21468902,0.2348305
11353,Astro,-0.16149467,0.32378554
100804,Astro,-0.07785416,0.4592042
3578,L4/5 IT,0.28746033,-0.08963898
176164,Vip,-0.22937497,0.33894008
11356,L6 CT,-0.1194725,-0.15142897
169685,L2/3 IT,-0.075194925,0.33421272
93480,L6 CT,0.042434096,-0.27278185
100784,L4/5 IT,0.3971542,-0.13185018
176221,L5 ET,0.111290395,-0.0559707
93522,L6 CT,0.20955896,-0.3326832
11370,L6 CT,0.2011782,-0.22884971
171860,L2/3 IT,0.09137386,0.18602347
8479,Astro,0.069195986,-0.43139327
10807,Vip,0.2143532,-0.032372773
93411,L2/3 IT,-0.053132802,0.23933434
265711,Oligo,0.033236563,-0.3812374
169791,Oligo,-0.058097273,-0.12432042
93365,L6 CT,-0.048131257,-0.21783134
87196,L5 ET,-0.042213738,-0.02834773
169789,L6 CT,0.08845127,-0.18440947
174773,Astro,0.2341103,0.045540333
279509,Peri,-0.04255995,0.31839377
108875,L6 CT,-0.42606258,-0.08014667
108895,L4/5 IT,0.08142787,0.096410334
8498,Lamp5,-0.123880476,0.40486503
169781,Micro,-0.119681895,0.31235862
11242,L5 ET,-0.13228124,0.040546417
11246,L4/5 IT,0.110551775,0.07631159
176089,L5 IT,0.35084277,-0.23541379
176091,Sncg,0.08840984,0.3145007
250996,PVM,0.32301003,0.08497268
265179,Astro,-0.027516603,-0.29643857
278279,L6 CT,-0.19654438,-0.07456395
108926,L2/3 IT,0.40093344,0.018906295
278847,PVM,0.08650899,-0.20682201
3669,Oligo,-0.13823712,-0.23893261
10770,L6 CT,-0.10144827,-0.13708684
171688,L6b,-0.008678377,-0.26420975
101302,Micro,-0.18792531,0.41525686
102549,L2/3 IT,0.029097736,0.28115427
101294,Pvalb,0.12007761,0.20428586
175780,OPC,-0.17997664,0.08622241
10298,L2/3 IT,0.2852053,0.06680757
101275,L5/6 NP,0.1587156,-0.10080853
108009,Astro,0.018127263,0.101760745
175781,Peri,-0.3605002,0.11650622
108010,L2/3 IT,-0.03223461,0.3253951
278821,Vip,-0.07175279,0.35182142
92981,L5 IT,0.32157046,-0.14276093
278470,L6 CT,0.12919259,-0.11205611
10361,L4/5 IT,0.3014776,-0.10638979
85321,L4/5 IT,0.35409915,-0.12933245
170326,Lamp5,-0.24677426,0.33676225
106268,L5 ET,0.003988743,0.07828039
8747,Astro,-0.30082655,-0.26233315
10373,Micro,0.24017692,0.0892089
85379,L5 IT,-0.061071575,0.02432698
170393,L5 ET,0.12543416,-0.104319334
175719,L5 IT,-0.23014814,0.1289435
92724,Oligo,-0.23711774,-0.12858734
10224,Pvalb,0.06805831,-0.1688444
4655,L2/3 IT,0.09777522,0.19471544
174936,L6 IT,-0.2615816,0.071356475
92829,L4/5 IT,0.028896272,0.111076236
8811,L5 ET,0.18056726,-0.113924384
265550,Pvalb,-0.35805959,0.06802344
102493,L5/6 NP,0.23981994,-0.2563328
102522,Endo,-0.12709558,0.24517238
101361,Pvalb,-0.18212515,-0.0067540705
170411,VLMC,0.24524796,0.29295534
10253,L4/5 IT,0.03001988,0.17297149
102533,Peri,0.3116669,0.061892927
174915,L6 CT,-0.4700814,-0.004461944
101337,Vip,0.40159935,0.08226901
85403,Astro,0.082692444,0.29388088
10271,Astro,-0.12838268,0.13787639
7861,Astro,0.013992488,-0.36195588
92990,Peri,-0.013403386,0.15692908
278456,L5 IT,0.043064475,0.098554015
8631,L6 CT,-0.05617544,-0.14287293
106230,Oligo,-0.11360043,-0.26246017
8616,L4/5 IT,-0.12359655,0.20887023
170142,L2/3 IT,0.3998047,-0.060428917
278411,L4/5 IT,0.075347304,0.09163886
264500,PVM,-0.3008002,-0.13428834
4795,L6 CT,-0.39400044,0.07882398
171779,Oligo,-0.05818948,-0.26918396
106227,Endo,-0.13231933,0.10181934
170072,OPC,0.34388775,0.09091276
84877,L2/3 IT,-0.1965239,0.34348834
101010,L5 IT,0.18312854,-0.13756722
4829,L6 CT,-0.38428617,0.069203794
174813,L6b,-0.04798737,-0.25114292
91234,L6 IT,0.26188385,-0.28063726
10718,L4/5 IT,0.07748622,0.09923142
87126,Oligo,0.09216845,-0.42050907
87107,L6 CT,0.13493013,-0.26943284
170300,OPC,0.102359295,-0.37682635
175881,L5 IT,0.13027602,-0.08558422
108398,Pvalb,-0.26184905,0.1998918
175808,L6 IT,-0.13862678,-0.056696087
265582,L2/3 IT,0.085320294,0.2899577
101149,L4/5 IT,0.043169677,0.09216571
85228,L6 CT,-0.3034408,0.076970875
106252,L4/5 IT,-0.21523815,0.28203797
108168,L4/5 IT,-0.085576415,0.1541422
85195,Astro,-0.14300403,0.22915244
10527,Oligo,0.3514006,-0.058298826
265198,L4/5 IT,0.41220522,-0.10722813
85160,L4/5 IT,0.1214931,0.10175133
87096,Micro,0.33110064,0.05421412
175828,Peri,0.24314034,-0.29357025
85122,L6 IT,-0.25025588,-0.026126266
265614,SMC,0.078600705,0.33048487
101092,Oligo,0.27775776,-0.23330462
8678,L4/5 IT,-0.21707252,0.27566218
3733,Astro,0.22040391,0.28133118
175863,Oligo,0.11611706,-0.4105221
87937,Astro,-0.26384187,-0.117129415
175157,L2/3 IT,0.098409176,0.23053193
13287,Lamp5,-0.02538088,0.3415863
79202,Astro,0.10618794,0.13313448
15413,Astro,0.06003809,-0.31800357
98118,Oligo,0.048490644,-0.38563654
178553,L6b,-0.118971795,-0.17159715
249435,Micro,0.114299476,-0.46303093
1133,L5 ET,0.19510835,-0.19083142
89645,Astro,-0.1299667,-0.18467122
113606,L4/5 IT,0.25282818,-0.0024839342
173125,L2/3 IT,-0.15658787,0.3850304
173126,PVM,-0.34295896,-0.118017584
165888,Pvalb,-0.3054729,0.12902153
15464,L4/5 IT,-0.2423155,0.27703094
88623,L6 IT,-0.087388456,-0.067837566
264950,L2/3 IT,-0.13738921,0.3286872
88691,Peri,-0.16219714,0.22464466
7050,L2/3 IT,-0.053806514,0.37208724
165901,Oligo,-0.022060484,0.23499906
113602,Endo,0.06437987,0.10647625
79205,Oligo,-0.30664313,-0.050704807
98130,Astro,-0.24012297,-0.029358178
79299,PVM,-0.12822703,-0.21580872
178512,L6 IT,0.25053,-0.22418734
15140,Micro,-0.048356444,0.26143086
178513,L6 IT,-0.1378581,-0.012963831
79294,L4/5 IT,-0.17470685,0.30839896
1160,L2/3 IT,-0.16974828,0.34621847
166015,Oligo,-0.1551851,-0.21917713
15178,Astro,0.28606755,0.2453723
166008,Astro,0.2810006,0.16916561
178522,Oligo,-0.4332652,-0.037560016
277712,VLMC,0.3517025,0.2148273
113557,Oligo,-0.16201735,-0.18322414
266659,Oligo,0.018764853,-0.2811659
113560,L5 ET,-0.020138144,0.10483825
263302,L5/6 NP,0.27347934,-0.14661193
262246,L6 CT,0.04697144,-0.117955536
15363,L2/3 IT,0.055992663,0.2799543
88707,L4/5 IT,0.19771945,0.08151096
5938,L6 IT,0.008634329,-0.14086571
79082,Oligo,-0.090252966,0.12867504
96181,L2/3 IT,0.35115665,-0.05339873
104514,Oligo,0.03504139,-0.3174265
113732,Astro,-0.4680102,-0.08851725
88819,L6 CT,-0.20308253,-0.050191343
78883,Astro,-0.24790102,0.14297718
104488,L6 CT,0.2278201,-0.380663
15575,L6b,0.019127667,-0.3186124
96313,L5 IT,-0.41044736,0.0976547
6990,Endo,0.17175585,0.31809026
103924,Endo,-0.067586064,0.32513952
165754,Oligo,-0.22753671,0.09197217
97868,OPC,-0.16762185,0.15862745
103931,Peri,-0.004310906,-0.07929906
763,Astro,-0.013685763,-0.091501474
113757,VLMC,-0.07948995,0.4695003
113762,SMC,0.117836595,-0.24404484
104457,Astro,0.2775913,0.11510527
78849,L4/5 IT,0.09480941,0.141909
15562,L2/3 IT,-0.13946685,0.3963198
96299,L4/5 IT,0.17451191,0.07882041
104532,L4/5 IT,0.07281917,0.10405755
79016,Oligo,-0.21936253,-0.17790031
104640,Lamp5,0.20199406,0.22655886
262256,L2/3 IT,0.29555035,0.13141131
15511,L4/5 IT,0.22704321,0.0020987391
964,Astro,0.03787762,0.41773093
103861,Endo,0.19375545,0.0905202
264770,Endo,0.13993633,-0.12584159
15520,L5 ET,-0.032747805,-0.008743674
165831,L4/5 IT,0.2295425,0.0025832057
88721,Micro,0.09518111,0.12374067
178629,L6 IT,-0.057015866,-0.12678987
260673,Peri,-0.23913074,0.15033609
97975,L5/6 NP,-0.018078119,-0.043331176
104562,Pvalb,-0.19627082,0.029699802
104543,L6 CT,-0.1438708,-0.12103906
173757,Oligo,-0.12126514,-0.22001979
266682,Oligo,0.3423295,-0.20519152
79057,Astro,0.058888495,-0.3514671
166052,L2/3 IT,0.38414717,-0.007520497
15137,Endo,-0.037416756,0.16236949
15116,Endo,0.004112065,0.097847104
178361,L5/6 NP,0.3323363,-0.18126428
14956,L4/5 IT,-0.22328171,0.2749989
112989,L4/5 IT,0.39528435,-0.100625694
98269,Astro,-0.1318646,-0.18774125
1262,L4/5 IT,0.24741626,-0.122293085
1252,L5 IT,-0.106832296,-0.08515546
14968,VLMC,0.14484131,0.3490861
103800,OPC,-0.18362671,0.06373471
112998,L4/5 IT,0.10239947,0.06812084
178424,L2/3 IT,0.19133985,0.2359029
14988,OPC,0.08937037,-0.46387562
5919,L5/6 NP,0.2830491,-0.22515202
166362,L4/5 IT,-0.25887364,0.26323825
79757,VLMC,0.45471424,0.07113069
113051,L6 CT,-0.11161274,0.013765693
178426,L5 IT,0.35677272,-0.20377362
5914,L5 IT,-0.39173865,0.08206177
5883,Oligo,0.012835503,-0.33347613
14921,L5 IT,0.14791709,-0.11863187
178345,L6 CT,0.105172575,-0.22727743
178258,L5/6 NP,-0.096858054,-0.0064534545
14834,Astro,0.2317214,-0.3781241
172985,L5 IT,-0.34574974,0.05426359
112837,VLMC,0.16054547,0.34660894
79836,L5 ET,-0.08287716,0.04072398
79833,L4/5 IT,-0.16786471,0.21156502
166443,Astro,0.050395608,-0.35750508
5854,L5 IT,0.042527556,-0.109072834
1335,Astro,0.28216535,0.084043205
14880,L4/5 IT,0.15004528,0.10559332
79791,L2/3 IT,0.3136465,0.086547256
89726,L5 IT,0.1996007,-0.16264388
166437,L6b,-0.050575495,-0.2175022
89715,Sst,-0.35188514,-0.18669853
249482,Astro,0.07490027,-0.40917987
260818,Astro,-0.18059313,0.32409567
95858,Oligo,-0.24552,-0.16832602
166324,Oligo,0.34129733,-0.11647171
2315,L2/3 IT,0.050992787,0.2560414
1251,L2/3 IT,-0.030282676,0.40254807
173081,L4/5 IT,-0.12892964,0.2631765
96044,L2/3 IT,0.08442992,0.27069908
166201,VLMC,0.043430805,0.4254889
113341,Pvalb,-0.29256612,0.2098813
7104,Peri,-0.19954848,-0.1847204
113372,Astro,0.1064049,-0.1362485
113379,L6 IT,-0.072582275,-0.02170977
96059,L2/3 IT,-0.17025441,0.32986528
178487,L2/3 IT,0.15784234,0.21073252
98200,L6 IT,-0.21126541,-0.055995136
15098,Oligo,0.024401605,-0.3844706
249448,L6b,-0.06471759,-0.22446239
96099,L5/6 NP,0.1463626,-0.24503848
15112,Pvalb,-0.2308903,0.2247777
113443,Endo,-0.17684305,0.45386356
113482,L4/5 IT,-0.2227535,0.2627043
166092,L4/5 IT,0.38994962,-0.11205062
79328,L5 IT,-0.3077314,0.15039963
113297,L6 CT,-0.15251625,-0.13653314
178676,L5 ET,0.11540097,0.18744367
178472,Oligo,0.066020906,-0.3557799
166221,L6 IT,-0.023898572,-0.15505928
1247,Peri,-0.11636421,0.2751565
104735,Pvalb,-0.01344642,-0.08323881
1236,L4/5 IT,0.07228601,0.15532845
79575,Endo,0.32490504,0.12660283
79552,L6b,0.14736784,-0.37760115
104690,Endo,0.092556536,0.2474277
113204,L6b,0.003164351,-0.2577436
98228,Micro,-0.18817946,0.013127446
113208,Peri,-0.22124133,0.29431027
173082,Micro,-0.34839994,0.043724597
251570,SMC,0.48659307,0.015564084
250413,Oligo,-0.30177504,-0.13190493
178451,Endo,0.071312964,-0.18263683
113265,Oligo,-0.2593143,-0.15582204
113293,OPC,-0.35797012,-0.083268166
96037,VLMC,0.18169218,0.32204074
113294,VLMC,0.22327971,0.29853982
79476,L5/6 NP,0.26159346,-0.14656523
178244,L6 CT,-0.3301246,-0.064697176
78774,Astro,0.31672108,0.2273683
113820,L6 IT,-0.40572104,0.066805124
280310,Oligo,0.053507805,-0.36124712
165136,Pvalb,-0.054546893,0.026153028
16145,Oligo,-0.40920335,-0.03229168
104049,Oligo,-0.031678498,0.1792919
96886,Endo,0.20793045,-0.114123225
114543,Astro,0.024319053,-0.34896117
144,L6 CT,0.19289899,-0.2875461
165167,L5 IT,0.31912386,-0.26876327
96896,Astro,0.19385785,0.09999001
114574,Pvalb,-0.05454588,-0.025306225
77866,L2/3 IT,-0.17650107,0.33825803
114594,L6 IT,-0.042163014,-0.15829858
6528,Astro,0.17002207,0.3177113
114606,L6 CT,0.074977875,-0.18646407
77824,Astro,-0.032152563,0.15998286
89243,L4/5 IT,-0.20319232,0.26856697
173467,Endo,-0.1138314,0.25002867
260544,L4/5 IT,-0.22344008,0.27172697
277604,VLMC,0.37640393,0.17302191
263454,Endo,0.26994604,-0.068053216
77925,L6 CT,0.20784318,-0.32498842
97433,Oligo,0.014868438,-0.29524404
6655,Astro,-0.3409996,0.07009685
264861,L6 CT,0.1999299,-0.26656353
251799,Astro,-0.039588332,-0.25967267
263556,L2/3 IT,0.15453011,0.26671165
6590,Oligo,-0.018252999,-0.33890408
6189,Endo,-0.1550993,0.14269447
89430,L5 IT,-0.23892698,0.06405997
96781,L6 IT,0.18628335,-0.23722371
77911,L4/5 IT,-0.19914663,0.29276043
173458,L5 IT,0.15317911,-0.114976525
97383,L6 CT,0.23618436,-0.21812108
114519,Pvalb,-0.14029032,0.25784808
104040,Endo,0.41330612,-0.07568824
96823,Pvalb,-0.09222838,-0.0133699775
165185,L6 CT,-0.010865033,-0.20520404
96928,Astro,0.021078348,-0.33040637
77936,L5 IT,0.12412727,-0.12279925
6501,Oligo,-0.42235777,-0.09966606
114616,L4/5 IT,0.40723693,-0.12317547
77495,Micro,0.29357022,0.24290562
260495,Astro,0.30759215,0.05616176
97077,L4/5 IT,-0.093615055,0.2392714
6324,L6 IT,-0.39867353,0.056171298
114792,Endo,0.24828243,-0.020745069
97091,Astro,-0.34380168,0.14213389
6312,L5 IT,-0.27068907,0.113361776
173539,L5/6 NP,0.35813063,-0.22489607
262340,Endo,-0.2217719,0.11645967
104166,Pvalb,-0.092236996,0.16939521
249347,L5 IT,0.119458616,-0.10434154
77429,L6 CT,-0.30064127,0.14799947
16550,L2/3 IT,-0.16585177,0.34185988
5,VLMC,0.3063364,0.24869555
260469,L5/6 NP,0.2801286,-0.2749654
164817,Oligo,0.13377929,-0.40167713
14,L4/5 IT,-0.16155034,0.2003861
77501,L6 CT,-0.1816482,-0.107403845
277539,L5 IT,-0.14419338,0.018764138
89339,L4/5 IT,0.10119337,0.12536627
173474,L2/3 IT,0.13834578,0.20161813
104294,L2/3 IT,0.22340626,0.18576115
97283,Endo,0.038146198,0.13513309
89279,Micro,-0.24629995,0.036888897
165024,L6 IT,0.27618903,-0.26003158
62,L6 CT,0.18223941,-0.3564965
6256,L2/3 IT,0.11257172,0.26030213
251835,Oligo,-0.086981416,0.043066263
89412,Endo,0.24386674,0.24056679
16320,L5 ET,-0.26662597,0.15073287
179011,Astro,0.079650104,0.30190074
173561,Pvalb,-0.23044616,0.28431374
77544,L6 CT,0.22289133,-0.36154315
77542,L4/5 IT,0.15233678,0.10785669
104256,L5/6 NP,0.22781569,-0.09102413
6436,L2/3 IT,0.36729497,-0.011562705
164902,L2/3 IT,0.39903688,-0.0022937357
280313,Astro,0.06278533,-0.3756222
97494,L6 CT,-0.15642443,-0.05291778
97522,L4/5 IT,0.05593753,0.16838992
251798,L5 ET,0.27457774,-0.14131287
178809,L6 CT,0.19186455,-0.29165876
114054,Oligo,-0.24202162,-0.17687082
78508,SMC,0.0057153106,-0.088452905
15666,L5 IT,0.041245222,0.06918591
173719,L2/3 IT,0.21916759,0.21892935
78498,L6 CT,0.14406276,-0.3160441
15706,L5 IT,-0.0839003,-0.001041472
96496,L2/3 IT,0.39840496,-0.08001429
165547,L5 IT,0.18674392,-0.19337365
567,Oligo,-0.3447837,-0.13122004
173350,L4/5 IT,-0.23422426,0.26252872
15745,Oligo,-0.2698542,-0.15745744
165492,L6 CT,0.063932955,-0.26276058
89109,VLMC,0.20333129,0.31816173
96606,Oligo,0.10720408,-0.38140595
560,L6 CT,0.11851692,-0.20891795
78455,Astro,-0.23689836,0.29439986
96431,Oligo,-0.0037840605,-0.29540992
97674,Oligo,-0.0532746,-0.06893778
113991,SMC,-0.12317878,0.3630678
178723,Astro,0.19583029,0.30176896
97845,Pvalb,-0.16783541,0.08896947
264906,L6 CT,0.21725976,-0.39560792
78706,L5 IT,-0.19599313,0.09416592
165671,Astro,-0.0798417,-0.1987539
104425,L2/3 IT,0.049113333,0.26333815
97823,Endo,0.101528704,0.38163137
96357,Peri,-0.2810551,0.0539847
15627,L6b,-0.06833568,-0.23879725
89010,L2/3 IT,-0.15917856,0.32551527
113902,Oligo,0.09865284,-0.5
250358,Oligo,0.0978663,-0.24206856
78679,L4/5 IT,0.25445294,0.00224334
280233,L6 CT,0.06005293,-0.071896344
89518,PVM,-0.22352943,-0.16726041
89063,L2/3 IT,0.18227744,0.20403874
6785,L5 IT,0.08606863,-0.10435453
173357,L4/5 IT,-0.19735098,0.2509501
178847,L4/5 IT,-0.28489715,0.27058375
173366,L6 CT,0.22557384,-0.33012322
104360,Oligo,-0.033696473,-0.2834211
114294,SMC,-0.22186363,0.2660274
15961,Astro,-0.42843625,0.003948748
78074,VLMC,0.38904035,0.1580447
96744,Astro,0.41946256,0.10165548
6702,Astro,-0.09250173,0.4822963
15976,SMC,0.3990131,0.12176269
347,PVM,0.22040224,0.28368914
326,SMC,-0.42598116,-0.02985698
15979,L6 CT,-0.15751335,0.009464681
78049,L5 IT,-0.12754527,0.064320445
264873,L5 ET,-0.031736374,0.08814299
114373,Peri,0.023642719,0.10041088
114380,L6 CT,0.19092834,-0.38467813
114403,L2/3 IT,-0.19333878,0.3138166
264868,Endo,-0.33080006,0.13662982
77958,L4/5 IT,0.35190922,-0.096937835
310,L6 CT,0.068873286,-0.13319692
450,L5 IT,-0.3157125,0.08418232
103938,L2/3 IT,-0.16586882,0.3135996
89127,L5 ET,-0.10794562,0.09998727
96708,L6 CT,0.009247005,-0.20092699
104357,Endo,-0.21951357,0.16648805
173707,Astro,0.0718891,-0.40861592
15779,Oligo,0.044869065,-0.3889736
279290,Vip,0.32640988,0.13874894
465,PVM,-0.093622446,-0.069506705
15850,L2/3 IT,0.28460348,0.13234693
114186,L6 CT,-0.33919027,0.074798524
15866,SMC,0.052834153,0.38015592
114202,L6 IT,0.1708067,-0.17338362
97575,L4/5 IT,-0.20987073,0.30009818
97562,Oligo,-0.45040217,-0.04897344
114235,L4/5 IT,0.060940385,0.1318996
251768,L6 CT,0.2130475,-0.28126615
165398,Endo,-0.027831167,-0.24923187
15929,L2/3 IT,0.32531524,-0.05843517
165387,L6 IT,0.08787465,-0.16630074
78151,L5 IT,-0.08765507,-0.01814577
454,Peri,0.17421585,0.09652746
1387,L5 IT,-0.103967845,-0.04356405
79657,L4/5 IT,0.325051,-0.026969701
88261,Endo,-0.2969845,0.114533186
177860,Sst,0.1612851,-0.0616208
81466,PVM,-0.099681586,-0.22533792
5674,Sst,0.35111433,-0.19335794
88279,OPC,0.31069243,-0.16812322
279360,L6 IT,0.07332194,-0.1342021
80874,Astro,-0.123607874,-0.0075188577
251450,Astro,0.18022364,-0.13161024
81464,L4/5 IT,-0.02581355,0.21931934
177833,Oligo,-0.37635878,-0.118106484
112153,L6 CT,-0.07288331,-0.020472586
260946,Sst,0.38965923,-0.24726635
104982,Oligo,0.08605182,-0.33990094
174129,Oligo,-0.17635164,0.19463986
167023,L6 IT,-0.308752,-0.048817664
105093,Endo,-0.11655986,0.1286431
13581,L2/3 IT,-0.21895638,0.3183269
7360,Oligo,0.059034646,-0.37315732
80896,L5 IT,-0.08201608,0.14364392
1880,Peri,-0.40928492,-0.009636819
81431,Oligo,-0.21190375,-0.19626185
277943,SMC,0.17917007,0.17419952
264721,L4/5 IT,0.31880057,-0.12809157
177803,L2/3 IT,0.2621929,0.22247851
13616,L6 CT,-0.24366185,0.064157546
103492,L4/5 IT,0.2923209,-0.09507194
80965,Oligo,0.032280207,-0.39121813
80987,L6 CT,0.07891089,-0.20265573
112060,PVM,-0.33709705,-0.099984616
260962,L6 CT,-0.07918462,-0.025726885
172856,L5 IT,-0.3634255,0.049376786
95533,L2/3 IT,0.12196088,0.22640377
99090,Oligo,-0.03447154,0.18981004
177519,L6 CT,-0.18774858,-0.08439353
280042,L4/5 IT,0.19878685,0.032474577
98630,L4/5 IT,-0.06453729,0.2117554
80544,Endo,-0.17611057,-0.11394361
105182,L5 ET,0.014027894,-0.007864475
81537,L2/3 IT,0.1783036,0.2396614
104960,L5 ET,-0.019647986,0.073204696
249533,L5 IT,0.27446604,-0.23354724
262168,Oligo,-0.03410846,0.2827143
80660,L6 CT,-0.11554414,-0.12049675
266364,PVM,-0.22487107,-0.116744846
177923,L5 ET,0.14456743,-0.048999578
263210,Vip,0.16999018,0.18084085
95573,Astro,-0.12418112,0.056479275
112267,L6 CT,-0.22875607,0.07072806
80715,Oligo,-0.04153329,-0.2793103
177915,L2/3 IT,0.3242669,0.07970536
5597,L6 CT,0.24377632,-0.3327503
99120,Astro,0.016747057,-0.38139978
111372,Astro,-0.45535532,0.025282979
98694,VLMC,0.3684513,0.17058462
81535,L6b,-0.07292655,-0.23481858
251466,Pvalb,-0.23307899,0.16568923
80738,Oligo,-0.30599582,-0.10896313
172876,Pvalb,-0.26589745,0.12058532
177899,OPC,-0.16780397,-0.089925945
104972,Astro,0.1220057,-0.46151185
177893,Sst,0.26565313,0.023367882
89839,L6 CT,-0.40960297,0.09870958
167547,Oligo,-0.09930512,0.19794828
7340,Endo,-0.16928118,-0.2119112
103411,Sst,-0.065179884,-0.048233986
263779,L4/5 IT,0.052723527,0.10130894
167078,L6 CT,-0.26883107,-0.051145136
81237,Astro,-0.1555996,-0.21350026
13858,SMC,0.13181973,0.0954231
262186,L5 IT,-0.037631184,-0.10646421
81238,Astro,0.274463,0.11702794
1986,L2/3 IT,0.4120751,-0.01742509
261046,L5 IT,0.21227622,-0.0504632
177636,Endo,0.069788635,-0.27190378
167265,Oligo,-0.14342558,-0.20454192
13839,L5 IT,0.29708827,-0.24636486
177643,Astro,-0.25251806,0.2457518
5601,Astro,-0.3501162,-0.12351012
250241,L5 IT,0.020141184,-0.0035909116
88032,Micro,0.218553,0.2906385
13828,L5 IT,-0.0018799007,0.11290109
167311,L2/3 IT,-0.07275367,0.29071718
88035,L2/3 IT,-0.12094656,0.38050508
105045,L2/3 IT,0.1286428,0.21531528
81297,OPC,-0.003521055,-0.3530987
89975,L2/3 IT,0.16228092,0.17209464
95335,Micro,0.14855951,0.10018456
88120,Pvalb,-0.26424366,0.26859844
111568,Sst,-0.32564354,0.1154688
98918,Oligo,-0.12827244,-0.14322716
177670,SMC,0.12274319,-0.17233309
81301,Peri,-0.116039425,-0.055820882
111526,L5 IT,0.24717778,-0.090221226
98941,L5 IT,-0.062272936,-0.024745524
174102,L4/5 IT,0.3140363,-0.07449925
249577,Endo,0.080136895,0.15015972
81372,L4/5 IT,-0.30529636,0.23214352
90108,L6 IT,0.20648724,-0.29030052
111483,Vip,0.4119166,-0.04087919
13739,Oligo,0.037821114,-0.37517875
81031,L4/5 IT,-0.2515288,0.25637114
81069,L2/3 IT,-0.015066117,0.30190343
99016,Astro,0.109139025,-0.35781008
5807,L4/5 IT,-0.1677677,0.20557404
7441,L4/5 IT,0.35044128,-0.09184852
251383,Oligo,-0.27862185,-0.117993325
14001,Oligo,-0.26301414,-0.12236524
105011,Oligo,-0.05273193,-0.28662056
172767,Oligo,0.027542114,-0.3463772
167130,Oligo,0.018169582,-0.37667173
279979,L4/5 IT,0.30518347,-0.04135129
111478,L6 IT,-0.24095273,-0.04168141
95393,Oligo,-0.1698271,-0.21281514
13964,L5/6 NP,0.26403093,-0.2802385
172577,L6 IT,-0.028646171,-0.10354221
279071,L4/5 IT,-0.19868717,0.2423119
13923,L4/5 IT,-0.18236086,0.24821347
5640,L6 CT,0.13758874,-0.1175296
81157,L5 IT,-0.08410433,0.052155375
111793,L6 IT,0.08658147,-0.17406139
88008,Endo,-0.19933626,0.2567413
167172,Oligo,-0.026476502,0.19495153
13700,OPC,-0.16359845,0.3363769
89887,Endo,-0.23900649,-0.019846171
251386,Oligo,-0.2979125,0.03257501
90014,L5/6 NP,0.37062824,-0.20838714
177780,L6 CT,0.04673648,-0.2764514
167226,Oligo,0.23859489,-0.3545223
88204,L2/3 IT,0.09209305,0.2433641
1985,L4/5 IT,0.13149661,0.06578541
112350,Pvalb,0.022762954,0.18642789
177903,L5 ET,0.1463958,-0.083045155
112357,L5 IT,-0.18506077,0.057808816
112675,L6 IT,-0.011657387,-0.19018209
1479,Oligo,-0.1286411,0.06549585
166637,OPC,-0.13573354,0.20317042
263253,L5 IT,0.0012897849,-0.13111141
95761,L6 IT,-0.40952584,0.057635784
172913,Oligo,0.055114746,-0.42207587
167668,L5 IT,0.15751237,-0.08001977
81644,L4/5 IT,0.35555,-0.14102781
167650,Oligo,-0.16258103,0.042808533
14624,Pvalb,-0.24049029,0.14566022
81643,L4/5 IT,0.24146461,0.0017542839
95142,Astro,-0.30224243,-0.15857843
80112,Oligo,0.07966089,-0.41067615
90211,L6 CT,-0.34355128,0.034778416
266491,Micro,-0.097747445,0.44395018
95737,L2/3 IT,0.1300047,0.19829243
1559,Lamp5,0.4021812,0.13023895
98452,Astro,-0.19757634,0.34898967
89787,L2/3 IT,-0.12983674,0.36124885
90210,L5 IT,0.037198782,-0.100598216
98460,L2/3 IT,0.14531893,0.27929413
167629,L2/3 IT,0.4250288,-0.07013893
95731,Astro,0.2260505,-0.14775044
5736,VLMC,0.22614247,0.30151683
104923,L6 IT,-0.060419023,-0.120094895
279006,Micro,0.21065956,0.31966513
95724,Oligo,-0.022869468,-0.29228282
95719,L6b,-0.4453199,-0.085032076
104928,Endo,-0.26873937,0.15078783
13418,Astro,0.12794888,0.2583168
99193,VLMC,0.30962974,0.21773624
105197,L2/3 IT,0.11542475,0.281484
7286,L4/5 IT,0.10015029,0.12925756
166531,Endo,-0.25057846,0.18603319
111212,L6 CT,-0.028432459,-0.2083523
13354,Endo,-0.018035382,0.1601054
14766,L4/5 IT,-0.11685714,0.21303684
5806,L6 CT,0.20294309,-0.3934453
88471,Endo,0.17534727,-0.28696015
167726,L4/5 IT,-0.25110686,0.2492705
103368,L5 ET,0.28737074,-0.16300088
104830,L2/3 IT,-0.22581682,0.374642
172487,L6 CT,-0.28787687,0.11790472
166536,L2/3 IT,-0.15265173,0.38169837
263124,L6 IT,-0.29718,0.026807427
14701,L5 IT,-0.058000118,-0.028264046
99270,Pvalb,0.09935403,-0.019967288
79916,L5 ET,0.0822984,-0.049283803
112754,L5 ET,0.253659,-0.08567417
112753,L2/3 IT,0.09046483,0.2528677
88392,L5 ET,-0.31965017,0.20691079
14663,Oligo,0.08400768,-0.3495403
111242,L5 IT,0.30046678,-0.14839429
7244,L6 CT,0.18268579,-0.30550972
278994,L4/5 IT,0.26308894,0.095746815
90237,Pvalb,0.019176304,-0.123191684
5785,Oligo,-0.28632137,-0.14838842
104917,Oligo,-0.23306116,-0.090786725
250229,Endo,0.090197206,0.33443868
95114,L4/5 IT,-0.32995513,0.17858839
172925,VLMC,0.26473784,0.2806499
279115,L2/3 IT,0.26740438,0.16441679
13404,L6 IT,-0.09187144,-0.103411645
280080,Oligo,-0.07796234,-0.2960133
173936,Astro,0.059675336,0.06333351
111554,VLMC,-0.022470742,0.45775175
98510,L4/5 IT,0.38705915,-0.12599286
98517,L2/3 IT,0.43252134,-0.041237324
80271,L6 CT,0.19650573,-0.34960374
178020,L5 IT,-0.17314583,0.047451198
5711,L5 IT,0.34654093,-0.1637786
112549,L4/5 IT,-0.24412596,0.26157558
1639,Oligo,-0.19346645,-0.19435334
98573,L4/5 IT,0.15918773,0.04443443
2235,L2/3 IT,0.38785064,-0.10735807
177995,L2/3 IT,0.32069707,0.11638433
95190,Astro,-0.08966115,-0.24648437
1650,L5 IT,0.26082557,-0.26377663
1647,L2/3 IT,0.15061325,0.2661156
81587,Vip,0.16075295,0.117492795
14508,L2/3 IT,0.011803031,0.35474813
112544,L4/5 IT,0.35170645,-0.08386153
166769,Astro,-0.32140043,0.034536004
2234,OPC,0.033691764,-0.21597436
167589,PVM,-0.34015837,0.12317121
249522,Astro,-0.05805224,0.11496222
90182,L6 CT,0.040744066,-0.1980975
104945,L2/3 IT,0.21478724,0.20055103
178062,Astro,0.0013927221,-0.23405159
1678,OPC,-0.20919007,0.36911118
266438,L5 IT,0.33823812,-0.23752424
14496,L6 CT,0.030106664,-0.10247734
98625,L6 CT,-0.04895827,-0.1892981
111294,Oligo,-0.17795417,0.17290354
81615,Micro,0.09126252,0.29990286
80353,L6 CT,-0.06857905,-0.11019623
80529,L2/3 IT,0.24728996,0.20935118
1707,L2/3 IT,0.16924083,0.23617023
88304,Peri,-0.027678996,0.3165487
111342,Oligo,-0.30046594,-0.17194319
178065,L6 IT,-0.14102057,-0.024062514
14406,L6 CT,0.1532582,-0.33159727
177440,Oligo,-0.073563546,-0.2660405
177939,L5 IT,0.119576395,-0.13347045
