,cell_class,coord_X,coord_Y
222001,L5 IT,0.086060226,-0.061930984
61752,Oligo,-0.2672102,-0.13556719
57550,L6 CT,0.21097767,-0.30262256
74143,L5/6 NP,-0.14570692,0.044327915
93381,L2/3 IT,0.17047393,0.12291753
153320,Micro,-0.13410646,0.1412788
153700,Oligo,0.21503967,-0.18787551
160236,L4/5 IT,0.37068897,-0.03267911
72146,L2/3 IT,0.4160471,-0.049706668
100708,L4/5 IT,0.25017285,0.07647854
80904,Oligo,-0.3585917,-0.097313434
153720,L5 IT,0.2074374,-0.05043152
205246,L4/5 IT,0.14157939,0.096019864
153688,L5 ET,0.18486178,-0.115088046
27943,Oligo,-0.2511378,-0.17214799
98842,L6 CT,-0.41023493,0.0875293
80792,L4/5 IT,0.3989374,-0.041178644
234672,Astro,-0.30030197,0.19979084
116048,L6 CT,0.11331016,-0.28636265
153341,L2/3 IT,0.21195382,0.2393611
179285,PVM,0.40858668,0.075924635
173440,Pvalb,-0.27656257,-0.03819418
74160,L5 ET,-0.11448139,0.065553606
93327,Endo,-0.2191427,0.0614568
200425,VLMC,0.3329755,0.16398287
50171,Vip,-0.21800673,-0.5
50183,PVM,0.20511657,0.30490798
14089,L4/5 IT,-0.20086938,0.2303651
6824,L6 IT,-0.07325068,-0.127743
173386,Oligo,-0.27968526,0.2365641
244438,Oligo,0.059047997,0.14703631
276812,L5 IT,-0.2755651,0.1675685
252382,L5 IT,0.28085852,-0.23251224
279199,Oligo,-0.4546502,0.01374346
242097,SMC,0.2885039,0.2333017
153772,Endo,-0.17562136,0.4538228
101264,L2/3 IT,-0.15215066,0.30138338
212480,L2/3 IT,0.057489038,0.21269757
14186,L5 IT,0.23078287,-0.16971824
58928,L5 IT,0.27107227,-0.08313322
173856,L5/6 NP,0.069242656,0.0023642778
117198,Endo,-0.0121463835,-0.059689164
115797,Sst,-0.2713488,0.13307619
117196,Endo,0.24221528,0.21656728
153757,Oligo,-0.21802044,-0.17463425
6810,L5/6 NP,-0.19976553,0.08752096
98849,L4/5 IT,-0.17194295,0.21833086
115892,L2/3 IT,0.025103867,0.329861
71280,L5 ET,0.28454983,-0.21614715
249026,L2/3 IT,0.14339685,0.27275604
233454,L4/5 IT,0.37259853,-0.12321547
115874,L6b,-0.03207445,-0.22723809
100676,L6 CT,-0.21361688,0.031187177
160233,L4/5 IT,-0.23139393,0.25271755
115942,L6 IT,-0.18040064,0.09992653
173781,L6 CT,-0.40439236,0.10964215
253863,Micro,-0.25825596,0.39415073
27897,Endo,0.18404448,-0.07688576
162208,L4/5 IT,0.16639578,0.01001358
230028,L5 IT,-0.19696337,0.09843588
80757,Micro,-0.26781702,0.25932336
153742,Oligo,0.11170089,-0.41101003
252851,Pvalb,0.072824776,0.29739422
1848,L5/6 NP,0.1769349,-0.07117903
200419,L5 IT,-0.1618717,0.073345184
200403,Endo,-0.3477651,-0.11193612
31171,Astro,-0.22386387,-0.17220959
260253,SMC,-0.22741407,0.29750162
187830,L4/5 IT,-0.038463444,0.15267557
173563,VLMC,0.327142,0.20135874
205291,L2/3 IT,0.13730991,0.27849633
49819,L6 CT,-0.09971142,-0.08043119
58839,L2/3 IT,0.27855462,0.1795733
74093,VLMC,0.2740351,0.27764833
100959,L5 IT,-0.27891582,0.0907532
266353,L6 CT,0.07605761,-0.22203311
200192,L6 IT,-0.34723854,0.07148111
187777,Endo,-0.06390324,0.38324225
244403,L6 IT,0.045144558,-0.11760309
49859,L5/6 NP,-0.1459935,0.13834405
245703,L6 CT,-0.24551061,0.0724597
153581,Astro,-0.193961,0.45346588
49878,Astro,-0.37865907,0.19251364
116363,Endo,0.0772869,0.30200076
234926,VLMC,0.4547165,0.089431405
200227,L5/6 NP,0.2939124,-0.2416498
207732,Pvalb,-0.22729278,0.24114227
116326,L4/5 IT,-0.014893234,0.13421959
27400,Endo,0.04525876,0.17691958
116325,L2/3 IT,-0.055264354,0.37221932
93497,Astro,0.3668722,-0.02655986
20721,L4/5 IT,0.03398609,0.10379624
233040,L5 ET,-0.15987563,0.11902243
212805,Astro,-0.08477664,-0.01836878
243005,Vip,-0.0012364388,-0.071531236
181078,L6 CT,-0.20150292,-0.0055048466
274894,L4/5 IT,0.25220162,0.13352
116668,L4/5 IT,0.34903842,-0.11341676
205331,L4/5 IT,-0.27468488,0.28285104
100823,Micro,-0.10454705,0.22149861
116710,Sst,-0.23976171,0.12519431
159339,Astro,0.063248515,0.36609936
6701,Endo,0.3133555,0.18969584
49721,L4/5 IT,0.2604661,-0.043194562
236134,Oligo,-0.02554959,-0.25454605
98783,L4/5 IT,0.1186828,0.073539495
49777,L2/3 IT,0.42523348,-0.011581063
234992,Peri,-0.14784154,0.001814127
93509,L4/5 IT,0.15117228,0.01478076
98770,Astro,0.22806102,0.30528694
245706,Pvalb,-0.39171892,0.052596927
20699,L6 IT,0.13451141,-0.27425134
222130,L4/5 IT,0.15841925,0.05227995
240827,L6 IT,-0.26852632,-0.07423133
1832,OPC,0.040837765,-0.09024048
218335,Micro,-0.038325638,-0.16762501
16123,L4/5 IT,-0.123199135,0.2260229
117027,Micro,-0.40482444,-0.0027540028
20671,L5 IT,-0.09238425,-0.0095950365
162111,L2/3 IT,0.21594906,0.22001499
200034,L6 CT,0.19208801,-0.2593035
173678,Oligo,-0.21878767,-0.17257565
260234,L2/3 IT,-0.15289557,0.3558966
207813,VLMC,0.21416348,0.33742398
57784,L4/5 IT,0.19295204,-0.01924339
263200,L5 IT,0.3042457,-0.14313668
100748,Astro,0.1620726,0.2749095
101082,L4/5 IT,0.014261305,0.11567807
57603,Peri,-0.08838546,0.13714838
162087,Astro,0.041840553,0.15692306
200142,L6 CT,0.008208334,-0.154221
20764,L6 IT,-0.27463728,-0.0024279356
153680,Astro,0.055939198,-0.058468997
173709,L5 IT,0.0862273,0.06756401
61733,L5 ET,0.100394964,-0.114013165
98839,Endo,0.1729495,0.08946478
181031,Endo,0.108998656,0.122026086
200309,L4/5 IT,0.04380119,0.18294513
50052,L6 IT,-0.37641484,-0.02964425
50067,L6 CT,0.21368515,-0.31916285
173465,L5 IT,0.034718394,-0.05915016
162094,OPC,0.107694924,0.28199226
160231,L6 CT,-0.38247672,0.12441391
80824,VLMC,0.11378682,0.31452942
14164,Vip,-0.3230644,0.23740196
98798,L2/3 IT,0.46704447,-0.023001432
173632,Micro,-0.18409225,0.3016786
49912,L5 ET,0.20164233,-0.18654814
20652,Astro,0.013109326,0.321029
2652,Oligo,0.012087524,-0.16885477
116298,L5 IT,-0.28874916,0.070035815
200248,L5 IT,0.18909085,-0.04722631
116287,Oligo,-0.4154352,-0.05373481
219297,L6 CT,-0.30928922,-0.0528723
200249,Endo,-0.05309099,0.28328466
93587,L6 CT,-0.12084091,-0.13080853
116880,Endo,-0.14443639,0.4478935
263198,Astro,-0.08506784,0.37609518
200051,L5/6 NP,0.22064435,-0.33763865
13247,L5 IT,0.0492782,-0.04619518
93451,L5 IT,-0.15830547,-0.07420248
268489,L6 CT,0.12237477,-0.26562202
2655,PVM,-0.09444234,-0.0026546419
80828,Astro,0.12782115,0.14380938
239970,L6 CT,-0.097246975,-0.22002539
264123,Pvalb,0.06787306,-0.07357681
240152,PVM,0.34264266,0.17163849
268637,L4/5 IT,0.33537644,-0.23531336
153795,L6 CT,-0.084129095,0.008712709
18504,SMC,-0.36982864,0.23524433
153801,Pvalb,0.11548483,-0.2121867
26550,L6 CT,-0.22035936,-0.017611653
50894,L5 ET,-0.03264144,0.038181126
200896,L4/5 IT,0.09007639,0.06714928
50899,L6 CT,0.1182189,-0.17030942
77984,L6 CT,-0.232732,-0.05306676
159027,L6 CT,0.2023508,-0.4094556
179380,L6 IT,-0.15205833,0.019209385
159000,L4/5 IT,0.10416496,0.097305536
114344,L6 CT,0.07651025,-0.17731112
101728,L5/6 NP,0.054830313,0.018374741
250211,L5 IT,-0.3028041,0.18764442
274956,L6 CT,0.25638682,-0.3003953
219250,Endo,-0.06884503,0.21116734
161776,L6 CT,-0.35288185,-0.069357246
200915,L5 IT,-0.19196188,-0.014353782
154418,L5/6 NP,0.12468064,-0.15900815
250209,Oligo,0.02387309,-0.28103435
13996,L2/3 IT,0.39934295,0.0016619563
30555,L6 CT,-0.3540719,0.1141873
50947,L5 IT,0.19494998,-0.099408716
114257,L6 CT,-0.42797038,0.026117802
214985,L5 IT,0.1382128,-0.0723266
114240,L5 IT,-0.1606018,0.06363666
229416,L6 CT,0.06956917,-0.20247272
114182,L6 IT,-0.085992396,-0.13872924
174378,L5 ET,0.25052714,-0.20841876
114151,L6 CT,0.15865546,-0.33488977
214170,Endo,-0.020667166,-0.050939023
114427,Peri,0.05902642,0.28562778
27352,Endo,-0.36877006,-0.09297931
154332,Micro,0.09247726,0.32275504
30689,SMC,0.4169265,0.1232118
187556,L2/3 IT,0.3284055,0.05887842
271587,Oligo,0.06773907,-0.38047004
114607,L6b,0.021427155,-0.2829631
161825,Astro,0.2938698,0.10722649
154262,Endo,0.04530245,-0.34833017
240361,Sst,-0.34614167,0.021194875
12034,L6 IT,-0.11731151,-0.14657825
185091,Oligo,-0.073256314,-0.3231793
20438,Astro,0.3112508,-0.042406082
67885,L2/3 IT,0.0666455,0.16783863
50824,L6 CT,-0.015439719,-0.18466517
229971,L6 CT,-0.27475184,-0.038062483
101770,Oligo,-0.014779776,-0.31500065
154295,OPC,0.05784464,0.4031278
263231,Oligo,-0.10073489,-0.24577096
101676,L6b,-0.19767502,-0.15239361
262706,L6 IT,-0.05136916,-0.14687133
174248,L6 CT,-0.04441732,-0.030528426
50874,Micro,0.11496127,0.25984085
114465,L4/5 IT,0.020082653,0.22277707
174251,Lamp5,0.2433626,0.17748958
17380,Astro,0.3746729,-0.07885188
94273,L6 CT,-0.17391509,0.015811086
263976,L2/3 IT,0.05771023,0.18058014
174270,Oligo,-0.014762133,-0.31711254
114439,Oligo,-0.094275,-0.20144477
114434,L6 IT,0.15932673,-0.21043795
242126,Oligo,0.17007583,-0.038197994
27355,Micro,-0.17386287,0.1538831
244655,Oligo,0.2440778,-0.26995653
114147,Astro,-0.18387783,-0.22492626
13978,L6 CT,0.061379194,-0.24028689
235862,L5/6 NP,0.22488075,-0.30632895
113777,PVM,-0.36507455,0.01851976
94462,Astro,0.029600382,-0.3944316
7022,Oligo,-0.37491387,0.18405658
279916,Astro,0.030553102,-0.41320148
113743,OPC,0.059520364,-0.43115443
279975,VLMC,0.3183459,0.23651046
73783,L6b,0.12267858,-0.35375032
51181,Endo,0.16636914,0.14495504
94493,L2/3 IT,0.34939682,-0.050987184
113706,L6b,-0.39800084,-0.05320421
245551,OPC,-0.10818741,-0.2452381
30471,L6 IT,-0.35251904,-0.019097775
113699,OPC,-0.17568189,0.21200585
94505,Astro,-0.050418437,0.4177307
113651,Endo,-0.009169668,-0.13970608
154632,L4/5 IT,0.20297587,0.025437713
228731,PVM,0.033289254,-0.3901569
185524,L4/5 IT,0.20936769,0.043715477
113623,L4/5 IT,0.18091619,0.03878784
113621,Lamp5,0.048163295,0.23852289
154662,L5 IT,0.29201823,-0.11103651
229688,L6 IT,-0.48429662,-0.06385788
30442,L6 IT,0.14364338,-0.13101587
201174,L6 CT,0.048577428,-0.23376909
154704,Endo,-0.25169322,0.1250512
94445,Astro,-0.32444334,0.20173615
101944,Pvalb,-0.32726347,0.13692003
187401,L2/3 IT,-0.22088176,0.36967796
260643,L4/5 IT,-0.25162193,0.25751084
221702,OPC,0.11747801,-0.437346
71358,Astro,0.22942686,0.019120991
8356,L6b,-0.11702335,-0.186189
51009,Astro,0.08199757,-0.42174324
161757,OPC,0.24097848,-0.23743805
271563,L4/5 IT,-0.22086686,0.2566861
18012,Astro,-0.20365214,-0.14074534
78528,Peri,-0.40551502,0.15407228
68676,Peri,-0.039233744,-0.26566702
114066,L6 CT,0.1845212,-0.31536067
205022,Oligo,0.029904783,-0.3888393
247834,L2/3 IT,0.27075696,0.092588544
274964,L6 CT,-0.1031847,-0.043821543
98501,L2/3 IT,0.3415197,0.0900417
101851,L5/6 NP,0.1496622,-0.038606822
263951,PVM,-0.09534347,0.30006552
80461,Endo,0.269341,-0.19040966
174413,Oligo,0.16741294,-0.33933198
244864,L4/5 IT,0.23671097,-0.04735586
113982,SMC,0.4050843,0.061741114
218469,SMC,0.14492059,0.24597532
13983,L4/5 IT,0.41068769,-0.059264302
253652,Oligo,0.12323582,-0.2276505
154563,L5 IT,0.0833019,-0.0839735
80426,Endo,0.2904353,-0.09059098
214609,Oligo,0.1789245,0.053088963
20306,L6 IT,-0.004446417,-0.06530884
158898,Oligo,0.15170306,-0.15917447
201013,L5 IT,0.019011438,-0.060691804
245657,Oligo,-0.0020086765,-0.29230797
174196,Astro,-0.35779023,0.05560714
114667,L2/3 IT,0.09585726,0.24042016
50372,Oligo,-0.065439105,-0.25975025
26503,L2/3 IT,-0.18930471,0.27930903
57490,OPC,-0.30883887,0.20414025
264053,OPC,0.34822387,0.16777092
49423,L2/3 IT,0.08597243,0.19106436
115330,L6 IT,-0.24355248,-0.09501803
101332,L5 IT,0.020444036,0.034399033
115304,L5 IT,0.015423477,0.086021066
101359,L5 ET,-0.26649448,0.19521958
50429,L2/3 IT,0.23112941,0.20390898
153951,L5 IT,-0.26441264,0.105517685
153956,L5 IT,-0.20092613,0.013928175
153957,L2/3 IT,0.16109568,0.19892532
26507,Micro,-0.2431519,-0.21921623
78919,L2/3 IT,0.109457135,0.26524854
50449,Micro,0.29062766,0.19354814
101380,Vip,0.23312622,0.23837137
200574,L4/5 IT,0.28958952,-0.031032503
242107,L6 CT,0.21184325,-0.23674443
78935,L4/5 IT,0.050497532,0.09446585
115192,L6 CT,-0.016429216,-0.120996475
80679,Oligo,-0.17808995,-0.19994268
221864,L5 ET,0.24651909,-0.10023835
260416,L4/5 IT,-0.057393134,0.23251885
245640,L2/3 IT,0.24983782,0.1587733
233455,L6 IT,-0.4522719,0.023875654
221860,L6 CT,0.058638632,-0.25460863
20542,L6 IT,-0.46080104,-0.01285249
17956,L5 IT,-0.20264158,0.08022207
159213,L5 IT,0.07675111,0.03362006
269778,Oligo,0.095633745,-0.42296585
14077,Oligo,-0.22838756,-0.15363729
93869,L2/3 IT,-0.11869374,0.28183764
50249,L5/6 NP,-0.10385615,0.08797461
2107,L6 CT,-0.08311349,-0.10331723
77934,L5 IT,-0.10674304,0.039154172
115624,Astro,0.2568388,-0.050124884
250286,VLMC,0.38381732,0.181938
153843,PVM,0.30306524,0.15701294
67806,L4/5 IT,0.39836043,-0.09677684
115600,L6 CT,0.030718446,-0.1581308
115599,Astro,-0.1745263,0.14018744
232148,L2/3 IT,0.19821376,0.2310248
50274,Astro,-0.16347289,-0.110687345
115127,L6 CT,0.032573283,-0.09317371
173892,L5/6 NP,0.13471937,-0.2301538
20551,Lamp5,-0.01060909,0.4284054
115565,L2/3 IT,-0.07158899,0.2595356
30902,Peri,-0.20764345,0.391829
238150,L6 CT,0.20562184,-0.30407
50309,VLMC,0.385678,0.1906597
263213,Astro,0.03266442,0.3867644
173922,SMC,0.46046895,0.01691258
271666,L4/5 IT,0.07429963,0.12047714
58934,L2/3 IT,0.37089175,-0.018975824
153869,L2/3 IT,-0.23495403,0.37895513
115489,Astro,0.14174402,0.29963416
50328,L2/3 IT,0.14043176,0.25065887
30892,L4/5 IT,-0.025083482,0.15135825
93902,Endo,-0.024194032,0.24988955
185534,Oligo,0.14604169,-0.33073634
154008,L6 IT,-0.32585317,0.03317225
159141,L6 IT,-0.17258394,-0.062794775
50680,Peri,-0.35931173,0.08090383
20483,VLMC,0.19370753,0.32239282
58963,L6 CT,-0.23713899,0.003889203
114790,L6 IT,-0.29456142,0.01062125
114789,L2/3 IT,0.071632326,0.34555286
114780,Micro,0.29976058,0.038419068
61290,Oligo,0.055209577,-0.39406592
73934,L2/3 IT,0.18394291,0.18807352
159095,Oligo,-0.034819573,0.17246443
276854,L5 IT,-0.046023965,0.03996384
30761,L4/5 IT,0.06205386,0.08020508
30743,L6 CT,-0.020070195,-0.1752156
6948,L6 CT,-0.29186857,-0.048484117
205125,L2/3 IT,0.14174801,0.18272692
28065,Peri,-0.23448685,0.14202374
98542,L6 CT,0.13915151,-0.34032267
200767,L6 IT,-0.18956375,-0.124335766
28086,L6 IT,-0.13240013,-0.107865006
94187,L2/3 IT,0.36217654,0.045109868
207616,L6 CT,-0.23559728,-0.092235595
94205,L5 IT,0.34136903,-0.17297816
276858,L4/5 IT,-0.27319473,0.25766814
218446,Endo,0.060127318,0.3183117
71316,L2/3 IT,-0.046459496,0.30591685
264007,L6 IT,-0.0459722,-0.107082665
73898,Astro,-0.11726534,-0.27097607
216130,L2/3 IT,-0.21774644,0.36781728
200720,Oligo,-0.21371555,0.16614443
185072,Astro,0.0936802,-0.45240617
61301,L6 CT,0.20458329,-0.30482194
20485,L2/3 IT,0.40159827,-0.03072521
67847,Astro,-0.16398531,-0.12979221
61348,Oligo,-0.0036491752,-0.3202472
218425,Oligo,0.042532563,-0.3553452
30780,Oligo,0.06278247,-0.38078594
221836,L6 CT,0.16634136,-0.2831012
207641,L5 IT,-0.40155104,0.10844004
185064,L4/5 IT,0.27847952,0.011196971
271631,L5 IT,-0.042330354,0.09567988
154034,Micro,-0.15638563,0.43191236
94059,L2/3 IT,0.1548981,0.24875605
101404,Endo,0.0780046,0.11247772
94067,VLMC,0.32440633,0.23219007
248108,Peri,0.2440157,-0.272304
240982,Oligo,0.042166412,-0.08929676
154042,L2/3 IT,0.38704717,-0.0025458932
279156,L4/5 IT,-0.22869515,0.2398709
50611,L6 IT,-0.1545611,-0.07459691
178497,OPC,0.33543718,0.04809904
154052,Astro,0.05525261,0.3378387
154056,Oligo,-0.16780561,-0.21542504
185069,Sst,-0.13305026,0.03859961
101477,Endo,0.32730252,-0.09287611
50647,L4/5 IT,0.12655872,0.17906725
250237,L6 CT,0.15544873,-0.19716471
114886,Sst,0.18648475,0.025348663
94128,L2/3 IT,0.1460886,0.25119275
154087,L2/3 IT,0.19780505,0.22956163
78945,L5 IT,0.3675382,-0.1524708
264018,Endo,0.17574179,-0.36807913
248117,L4/5 IT,0.038415313,0.16719598
27857,Oligo,-0.24242073,-0.020798981
153249,L6 IT,-0.10696727,-0.01887688
252251,Astro,0.019904137,-0.3951123
120456,L6 CT,-0.38015068,-0.056851327
205673,Pvalb,-0.2318114,0.30878913
31831,L6 IT,-0.35079628,0.053295135
99177,L5 IT,-0.13281298,0.11990911
99765,Astro,-0.3001206,0.038115203
17321,L5 IT,-0.018648893,0.10870868
14359,L4/5 IT,0.060905874,0.1196093
67561,L4/5 IT,-0.097807676,0.23812705
99777,L6 CT,0.21743435,-0.23392949
240211,L5 IT,-0.022266626,0.08116537
152170,L6b,0.04451233,-0.30211115
62270,L6 IT,0.22068375,-0.27272463
214701,Oligo,-0.3952724,0.08420855
152175,L2/3 IT,0.3601346,0.10890108
152196,Endo,-0.22166884,0.051718414
120254,Endo,0.021242678,0.15056038
198961,L2/3 IT,-0.18969184,0.41049403
120239,Astro,-0.09378639,0.33373755
208184,Micro,0.057372987,-0.41263977
198977,L5 ET,0.24419993,-0.1899004
229574,L2/3 IT,0.19654202,0.21288711
159722,L2/3 IT,0.3961665,-0.042762935
172532,L6 CT,-0.25077546,-0.1014643
21188,Peri,0.2618932,0.0565117
188204,L4/5 IT,-0.11056006,0.18164045
172546,L6 CT,0.19458473,-0.33085388
252262,Astro,0.068973124,-0.21361002
152193,L6 CT,0.2164005,-0.2801299
152224,L2/3 IT,-0.19231102,0.30543345
14371,L4/5 IT,0.059570193,0.12560779
120485,L2/3 IT,0.2626248,0.17578942
275781,L4/5 IT,0.09361577,0.13836342
231929,L6 IT,-0.31370676,0.011396408
172384,L5 ET,-0.29376513,0.22968489
120647,VLMC,-0.027434766,0.4607854
92211,Endo,0.30287933,0.19535565
99702,PVM,-0.06958994,0.4594463
233212,Lamp5,0.15866607,0.24462098
266871,L5 IT,0.09097922,-0.07889831
269667,Astro,-0.053910673,-0.2802902
208218,Endo,-0.12339291,0.21175158
120597,Astro,0.270119,0.21961147
77778,Astro,0.4376688,-0.024552077
208213,VLMC,0.18010473,0.32630938
120484,PVM,0.34910017,0.0723294
152062,PVM,0.5,0.044308126
259476,L6b,0.13468844,-0.407905
188246,L6 CT,-0.010784537,-0.09206778
72274,L4/5 IT,0.1210596,0.11614406
198872,Oligo,-0.34928507,-0.07556084
152067,L5 ET,0.16591805,-0.109841734
31852,L2/3 IT,0.29503506,0.12720162
120523,L6 CT,0.09614414,-0.27438015
172433,OPC,0.16765636,0.23700285
17319,Vip,0.23384148,0.048136055
159745,L4/5 IT,0.24989152,0.0033664107
120497,L6b,-0.05612141,-0.20979464
6289,Astro,-0.2048893,0.21680725
198892,Endo,0.12898129,-0.25663793
92226,L4/5 IT,-0.23017398,0.26723373
21291,L5 IT,0.11802095,-0.055880815
99828,Endo,0.11594832,-0.046936482
205652,L2/3 IT,-0.116152436,0.28646046
71136,Astro,0.06292826,-0.3933991
81173,L6 CT,0.22919941,-0.3234425
263137,L4/5 IT,-0.24471587,0.2836361
119823,Endo,0.14706457,0.3402272
119822,L2/3 IT,0.15269703,0.13277173
199071,L5 IT,0.026651502,0.0812881
62199,L4/5 IT,0.12812388,0.09008312
270314,L2/3 IT,0.33429682,0.0983066
31669,Endo,-0.15443829,0.41342634
152358,SMC,-0.20062405,0.21256465
222629,Micro,0.2310502,-0.30548376
119727,Pvalb,-0.18716699,-0.015957057
74353,L6 CT,0.16025716,-0.3234815
259594,L6 CT,-0.15139723,0.049631417
26250,L6 CT,-0.3630587,0.02809608
48114,L6 CT,0.1311329,-0.18802097
6358,L4/5 IT,-0.18684417,0.2450198
172683,L4/5 IT,-0.04548672,0.21641809
81146,Astro,-0.22157025,-0.16397253
119661,VLMC,0.14595169,0.3633387
172688,L2/3 IT,-0.19192055,0.39574832
31652,L4/5 IT,-0.034103453,0.18557638
244339,L5 IT,-0.1117222,0.018414974
62165,VLMC,0.45620596,0.07844752
119549,L6 IT,-0.4456732,0.0007484555
17331,Astro,0.08429426,-0.4201122
99921,Astro,-0.01862809,0.31740063
119530,Oligo,-0.15491322,0.13718176
92459,Pvalb,-0.40723026,-0.038565874
120111,L4/5 IT,0.06854242,0.111827314
159706,L2/3 IT,0.31829625,0.064953506
185736,L5 IT,0.20041525,-0.04266709
58654,L2/3 IT,-0.22304669,0.31097054
58291,L4/5 IT,-0.29349452,0.2481429
216230,Lamp5,0.16224176,0.28445518
188194,Pvalb,-0.1092788,-0.010137707
47975,L6b,-0.33510843,-0.06001404
47976,Oligo,-0.23192427,-0.178072
152259,Vip,0.1078127,-0.10390201
99848,Peri,-0.11682612,-0.058380038
152264,L5/6 NP,0.32043815,-0.20288745
99118,Endo,-0.14306211,0.036382437
235812,Astro,0.08154565,-0.3680936
222647,L6 CT,0.029697359,-0.115846306
6323,L5 IT,-0.36327437,0.10926992
119859,Micro,0.3511433,0.18933874
6329,Astro,0.2897734,0.23742574
205645,L2/3 IT,0.05292809,0.2775482
119958,L5 ET,0.2637484,-0.11998987
119955,L5/6 NP,0.21152204,-0.23335639
119941,Sncg,0.16454238,0.24362046
119932,L2/3 IT,-0.044620097,0.2886563
270311,L5 ET,0.0606457,-0.01759559
252272,L5 IT,-0.21939078,0.09032065
231954,Lamp5,-0.15356207,-0.108716995
119912,Endo,0.44932503,0.07865298
48058,L6 CT,-0.37857598,0.0395115
2810,L4/5 IT,0.36817884,-0.12746194
185735,L2/3 IT,0.029979527,0.28401595
228375,L6 IT,-0.21803236,-0.034505397
205646,L5/6 NP,-0.338006,0.13712883
222780,L5 ET,0.19440442,-0.086379886
62308,L6 IT,-0.32076508,0.050715327
47691,L5 IT,-0.22514501,0.14708465
159902,L5 ET,-0.11931908,0.12798542
185685,L6 CT,-0.0015882552,-0.0850966
241917,Oligo,-0.17877427,-0.22396395
12716,L5/6 NP,-0.30126375,0.17644244
252237,L2/3 IT,-0.00347206,0.2822157
121363,L6 CT,-0.36330742,0.12434441
121362,L6 IT,-0.29091913,-0.045606107
172114,L4/5 IT,0.08083761,0.09856808
77759,L6 CT,0.16757953,-0.38396493
91989,Oligo,-0.33329043,0.17220354
32056,Astro,0.12219542,0.28726476
99262,L2/3 IT,0.11860424,0.23989886
181543,Endo,0.3037184,0.11071831
151708,Oligo,0.022235632,0.07475871
121325,L4/5 IT,0.3428545,-0.14346644
121306,OPC,-0.33593723,-0.21851495
272091,L4/5 IT,-0.24518791,0.28136122
47377,Astro,0.014702618,-0.3299837
6220,L6 CT,-0.057836354,-0.12862718
165339,L5 ET,0.12556916,-0.044570416
21404,L2/3 IT,0.2846616,0.1588453
259377,Oligo,0.34423012,-0.07908332
159862,Micro,-0.048198372,0.38209343
235787,Oligo,0.057323992,0.069781244
172158,L4/5 IT,-0.017520428,0.25483
198664,Pvalb,-0.10835567,0.19420266
71058,L4/5 IT,0.26496077,0.008365631
268457,L6 CT,0.069949925,-0.21639177
21425,Micro,0.46482545,0.029667318
121180,L5 IT,0.06107062,-0.11114749
47329,L4/5 IT,0.30945575,-0.040086538
259343,L2/3 IT,-0.2479673,0.3257721
21455,L4/5 IT,0.14940405,0.106607735
21448,Astro,-0.18061644,0.30418795
159977,L6 CT,-0.13051367,-0.11198357
198559,L6 IT,0.19843656,-0.28436273
208291,Vip,0.36136538,-0.09865904
179074,L5/6 NP,0.13199079,-0.45861158
275796,L2/3 IT,-0.16910931,0.41731298
32103,L2/3 IT,0.26594383,0.1316641
99326,L2/3 IT,0.08237183,0.16932142
91935,Oligo,-0.26365596,-0.15866253
208273,PVM,-0.14293522,0.2607594
270262,L5 IT,0.057680547,0.059295714
172041,L5 IT,0.031128585,-0.072772264
151697,L5 ET,-0.16414726,0.10055095
8628,Endo,0.1737498,0.29899144
121481,Sst,-0.08213797,0.33609545
121474,L6 CT,0.2180959,-0.30354553
121463,L6 CT,-0.3967576,-0.021177292
179063,L5 IT,0.18029511,-0.0627113
151675,L5 ET,0.08351678,0.029350877
72251,Oligo,0.1322856,-0.39734864
74574,L4/5 IT,-0.17981467,0.14249295
78646,Lamp5,0.28318882,0.19263649
8607,Endo,-0.1860916,0.3437521
91965,L2/3 IT,-0.10995135,0.3746946
266735,Oligo,-0.42719555,-0.13410997
208255,L5/6 NP,0.018954813,-0.14493933
259339,SMC,-0.0061714947,0.39005482
162733,L2/3 IT,0.16527712,0.23780578
121178,L5 IT,-0.12847921,0.0030083656
92046,VLMC,0.21696323,0.3038811
67468,L5 ET,0.25511146,-0.1676231
120875,L2/3 IT,0.20007372,0.22783291
120853,L6 CT,0.1989786,-0.34950256
219367,L5 IT,0.31710118,-0.16147459
2856,L5 IT,0.056283355,0.033407032
21309,L6 CT,0.019255698,-0.25979495
74500,L2/3 IT,0.019006073,0.32212293
31937,Peri,0.08773047,0.08906621
16714,L6 CT,0.14401442,-0.280051
188267,Vip,-0.07403803,-0.18108594
99672,Peri,0.39029223,0.033637583
766,L2/3 IT,0.14436913,0.2089032
74489,L4/5 IT,-0.18663776,0.25903243
259455,L4/5 IT,-0.07139546,0.17235255
276665,Astro,0.022081137,-0.31754607
74482,L4/5 IT,-0.026604503,0.12418085
62328,L4/5 IT,-0.1163587,0.23382783
228335,Endo,-0.063853025,0.24924129
222802,L6 CT,-0.054982066,-0.04372537
120752,L6 CT,-0.16337228,0.0944255
99675,Endo,-0.11613914,0.058697462
120740,L6 CT,0.1444602,-0.28640312
185730,L5 IT,-0.087091,-0.02562496
120726,Pvalb,-0.26618028,0.13675416
31881,L6 CT,0.02302891,-0.13110626
120715,L4/5 IT,-0.0047999024,0.15830112
120714,L2/3 IT,0.14803171,0.2190525
275526,L5 IT,-0.052832276,0.03753656
272051,L2/3 IT,-0.11706668,0.32221007
254070,Endo,0.20711851,-0.19039708
62336,L4/5 IT,0.3549034,-0.116098255
99647,L6 IT,-0.33505026,-0.024430186
205712,L6 CT,-0.25105453,0.051151216
159858,L6 CT,-0.067984104,-0.15507045
32002,Endo,0.14369738,0.25661433
272078,L6 CT,0.22438347,-0.2052936
47468,Peri,-0.14806694,0.32217014
219415,L6b,-0.08227533,-0.21561757
151801,L2/3 IT,0.1470111,0.29290056
245962,L5 ET,0.16864371,-0.101005614
172200,L6 IT,-0.098680526,0.014977932
151810,VLMC,0.40750968,0.14292848
151817,Astro,-0.072188675,-0.20239642
250523,L6 IT,-0.4266358,0.061006606
92092,L6 CT,0.2669021,-0.253403
92094,L5/6 NP,0.2199328,-0.10209674
151827,L2/3 IT,0.3354956,0.08678424
222847,Endo,0.11375666,0.10976559
1775,L2/3 IT,0.3220669,0.06606895
263085,L5 IT,0.16791213,0.0064848065
47540,Peri,-0.016705275,-0.22557446
120974,Endo,-0.15621212,0.20514673
58439,L6 CT,0.092654705,-0.0757606
231898,Astro,-0.12738362,-0.24488863
172237,L4/5 IT,0.3645442,-0.079147816
236911,Astro,-0.23849267,0.32722813
185615,L2/3 IT,0.3606609,0.00623399
222837,L6 CT,0.16537881,-0.3182903
47558,L6 IT,-0.24084926,0.04282385
179010,L2/3 IT,0.17879355,0.2562272
58437,Oligo,-0.03445053,-0.2062116
47563,Oligo,0.020847559,-0.23197997
10706,Oligo,-0.253083,-0.15913257
252346,Endo,-0.24669269,0.30347914
17791,PVM,-0.36791906,0.1302923
240400,Oligo,0.19607699,-0.27261513
181221,L6 CT,0.038153946,-0.1566517
98976,L6 CT,-0.021036446,-0.108933985
173158,Endo,0.38491273,-0.010317802
117995,Endo,-0.12959045,0.420173
20906,L4/5 IT,-0.16936833,0.21402234
117987,L5 IT,-0.04181096,-0.046391934
275498,L2/3 IT,0.4316619,-0.02067846
207982,L2/3 IT,-0.051154286,0.34170598
100351,L6 CT,0.18220335,-0.20704663
153003,L2/3 IT,-0.11997807,0.36289173
17844,Astro,-0.2240232,-0.1856429
20892,L2/3 IT,-0.20869324,0.2532047
274824,L2/3 IT,0.2507409,0.055756927
271857,L4/5 IT,-0.090335876,0.1526112
98958,Pvalb,0.19999814,-0.2530527
49054,L6 CT,0.113776386,-0.2855038
199734,L6 IT,-0.23137781,-0.007813841
61864,Endo,0.092119396,-0.08314821
117894,L4/5 IT,-0.27084368,0.28208762
259938,L4/5 IT,-0.19079015,0.30374724
244383,Endo,0.120340705,0.036835194
117856,Micro,-0.10141283,-0.0775657
49080,L4/5 IT,0.25397968,-0.01931855
173203,Astro,0.17695111,0.24009627
117832,OPC,0.26918197,0.26465625
185810,Pvalb,-0.19505045,-0.0027276874
117828,L6 CT,0.16993904,-0.29795465
276752,L4/5 IT,0.24678516,0.019025207
16538,VLMC,-0.11601752,0.4644037
26329,L5 IT,-0.14668715,0.046665788
205492,Astro,0.42162246,0.009887993
12771,Lamp5,0.2437216,0.16512048
31387,OPC,0.16519803,0.32596457
178802,L6 CT,-0.30089724,0.08410174
118225,L6 CT,0.17776227,-0.3229918
99019,Endo,-0.016055226,0.13551289
27792,L5 IT,0.19354081,-0.14197937
20949,L5/6 NP,0.27799922,-0.23626083
48914,Endo,-0.08402035,0.3361482
152957,L5 IT,-0.013122201,0.011200726
270233,VLMC,0.43956614,0.14194095
152960,L2/3 IT,0.3080358,0.07830554
229539,OPC,0.25546545,0.05954981
207999,L6 CT,0.07895893,-0.24271426
199623,L4/5 IT,0.30360544,-0.055493593
199686,L5 IT,-0.13531232,0.054819763
80995,Astro,-0.107278585,-0.32917637
152967,Endo,-0.12847349,-0.023085445
31371,Peri,-0.05534652,0.21150738
199643,L5 IT,0.30819523,-0.18063241
118067,L6 CT,-0.2431378,-0.015704274
93068,L5/6 NP,-0.04000786,-0.04963821
232029,Oligo,0.10637838,-0.27551448
184919,L5/6 NP,0.1052683,-0.10071841
69329,Oligo,0.16585869,-0.17181376
100318,L6 IT,-0.18525422,-0.077493995
207989,Endo,0.2964462,-0.08093482
232037,L6 CT,0.054312944,-0.13280666
275543,L6 CT,0.10630357,-0.2092793
118034,L5 IT,0.21661276,-0.03159097
57991,L6b,0.15329057,-0.34421623
276742,Oligo,0.037486315,-0.375091
184920,L4/5 IT,0.3557083,-0.124807
117813,L6 CT,0.09286851,-0.15882185
244796,L6 CT,0.20994335,-0.26372832
218291,L6 CT,0.16659498,-0.41636372
117546,L5 IT,0.21923631,-0.213341
205894,OPC,-0.03194481,-0.14913106
153147,L5 IT,-0.009986669,0.08467752
153151,Astro,-0.27139616,0.010509789
48,L5/6 NP,0.3177758,-0.16597989
31265,L4/5 IT,-0.27027038,0.27157146
162243,Micro,-0.29508165,0.20711988
245745,OPC,0.15275049,-0.050533473
117414,L4/5 IT,0.09853393,0.12138331
27891,L2/3 IT,0.21874815,0.19809031
218297,Lamp5,-0.025443316,0.28185236
26353,L2/3 IT,0.20201123,0.16055638
93282,Vip,-0.28833836,0.2192511
49344,L6 CT,0.13263947,-0.2277132
117350,L5 ET,-0.023840636,0.045616627
117345,Endo,-0.25729495,0.14094365
100544,Endo,-0.14444953,0.18206626
253867,L6 CT,-0.44853026,-0.0063236654
100571,Endo,0.25194108,0.25043923
162235,Astro,0.23894525,0.07777488
117306,Endo,-0.15693137,0.24594378
67686,Micro,-0.021440774,0.33454144
181160,Oligo,0.08198196,-0.4213593
93315,Astro,-0.21093133,0.27694458
117290,Oligo,-0.26911306,-0.13982978
159368,L6 CT,-0.32268965,-0.045114458
17338,L6 CT,0.22836477,-0.29661548
239021,L6 CT,-0.0064476132,-0.22498849
117567,L5 IT,0.09433931,0.049066722
181194,Astro,0.08221102,-0.37992847
57947,L5 IT,0.20265102,-0.19856128
49112,L6 CT,-0.3906892,0.03213203
117750,L5 ET,0.25903672,-0.23666477
252718,L5 IT,0.25443155,-0.07699561
49151,Endo,0.39270973,0.10017061
159443,Endo,-0.11016941,0.42271727
269735,L2/3 IT,0.14350647,0.2765007
205455,L2/3 IT,0.38142955,0.07092047
71183,OPC,0.2951308,0.26115757
117731,L6 CT,-0.2829733,0.09094882
205449,L5 IT,0.35463828,-0.146085
117692,L5 IT,0.14175254,0.014805019
187934,L2/3 IT,0.4155895,-0.03647676
93195,Oligo,-0.1285623,-0.22927034
159435,L2/3 IT,0.21997863,0.2187717
27867,OPC,0.18850905,-0.21908996
159403,Astro,0.10043597,0.2195434
31285,Micro,0.029450238,-0.3980627
218271,VLMC,0.11684418,0.37269938
160198,L2/3 IT,0.16312194,0.13701957
276766,L6 CT,0.1995948,-0.27866602
159395,Astro,0.25499946,-0.09524286
199832,L6 IT,0.34413117,-0.21981943
153133,L2/3 IT,-0.24380866,0.32384968
9367,L5/6 NP,-0.3911127,0.12617415
117578,L6 IT,-0.28215578,0.07168472
222328,Peri,0.31822163,0.017108977
71193,L6 CT,-0.028192312,-0.22573346
18045,L5 IT,0.2339508,-0.21837562
199589,L5 IT,0.35126323,-0.195146
81005,L6 IT,-0.26160276,0.002157092
6522,L4/5 IT,-0.008052558,0.1350978
266299,Astro,-0.22428444,0.17578745
159647,L2/3 IT,0.08776474,0.23988163
74312,Endo,0.1293574,-0.22434384
219332,Oligo,0.16589099,0.34093148
259703,L5 IT,0.39827025,-0.13321695
178889,SMC,0.22835517,0.29710025
222546,L6 CT,-0.41537434,0.0018395782
172831,Astro,-0.08762297,-0.2865777
172835,L2/3 IT,-0.028214544,0.2807241
119180,L2/3 IT,0.37341648,0.036414444
185591,L6 IT,0.0648306,-0.22681695
62097,Oligo,-0.051425844,-0.3021853
159643,Astro,0.10272658,0.24574822
263037,L5 ET,-0.1297076,0.049680233
218203,L6 IT,-0.12538221,-0.12252882
21063,L6 CT,0.20047504,-0.29157728
250431,Astro,0.20193183,0.19667166
172855,L6 CT,0.15596622,-0.23175731
48437,L2/3 IT,0.13482022,0.26161963
222534,L4/5 IT,0.010676324,0.12894124
48451,Astro,0.24144161,-0.3007146
119072,Oligo,0.030947208,-0.3378864
259721,L4/5 IT,0.19856763,0.07708955
8541,L5 IT,-0.19213137,0.052179813
13168,PVM,0.2537793,-0.10431278
58151,L6 CT,0.031394243,-0.19345722
253965,Vip,0.28242153,-0.048141956
181313,Endo,-0.22986472,0.06826198
11667,L4/5 IT,0.012339354,0.15368754
208116,Peri,-0.19392991,-0.19037315
199289,Oligo,-0.2141214,0.05974704
162446,L6 IT,-0.111074,-0.11952123
238086,L2/3 IT,0.23550838,0.096485615
222595,L2/3 IT,0.19601077,0.21845573
21083,L6 CT,-0.16657722,0.024051249
99947,L6 IT,-0.42807424,0.0037596822
239181,L2/3 IT,0.2716375,0.12249488
119457,Astro,0.06455362,-0.40440768
259668,L6 CT,0.009247065,-0.11059281
181384,L5 IT,0.31340247,-0.2524371
78752,L6 IT,0.12090027,-0.22612473
21080,L6 CT,0.0003722906,-0.23194888
248275,L5 ET,0.30400765,-0.17794028
181378,Oligo,0.048735738,-0.2210359
92546,L2/3 IT,-0.11573866,0.3152355
152505,Astro,-0.12028852,-0.14310023
119422,L6 CT,-0.071505725,-0.11808279
215043,Astro,-0.38273838,0.022169292
181366,L2/3 IT,-0.04307708,0.33739674
119343,L2/3 IT,0.11683875,0.20140809
119342,L2/3 IT,0.23587722,0.20392942
119318,Pvalb,-0.18337187,0.2675773
245856,L6b,0.11004537,-0.33340603
259684,L4/5 IT,-0.16808298,0.26724243
162451,L6 CT,-0.17891803,0.041402757
69341,SMC,-0.06751242,0.42035848
67606,L2/3 IT,0.2655611,0.034520447
119274,Astro,0.32834315,0.1933145
172806,L5 IT,0.1913346,-0.0168297
119260,L6 CT,-0.19775441,-0.1024085
99992,L5 IT,-0.33070138,0.17594975
266303,OPC,0.26844734,-0.22932139
62036,L6 CT,-0.26405638,-0.024389774
218209,L2/3 IT,0.18454319,0.24108171
58128,L4/5 IT,0.37572062,-0.11522931
118664,L5 IT,0.27421492,-0.072687835
269702,L6 CT,0.18235612,-0.28424934
118615,L4/5 IT,0.11718595,0.085689485
152750,Endo,-0.11051363,-0.20449272
241023,L5 IT,0.18032908,-0.1762718
118588,Oligo,0.059512615,-0.1554524
100164,L5 IT,0.2992677,-0.1204983
8534,L6 CT,0.038162947,-0.19415334
92875,Astro,0.4619981,0.08002174
178814,L6 IT,-0.48429388,-0.08583945
235196,L6 CT,-0.13856673,-0.14178658
48742,Astro,0.1422965,0.21015579
48623,L6 IT,-0.44867024,-0.038511097
100205,L4/5 IT,-0.07406917,0.25691026
31404,L4/5 IT,0.06396735,0.100061
92934,L2/3 IT,0.10208362,0.3154003
100222,L2/3 IT,0.2232827,0.22645444
48797,L2/3 IT,0.32681286,0.1315049
20986,Pvalb,0.419074,-0.05848694
118368,OPC,-0.041223615,-0.22276336
241016,L6 IT,-0.41448954,-0.019725025
259860,L4/5 IT,-0.3015439,0.20377499
152921,Astro,0.37121212,0.12804812
118341,Oligo,-0.26372546,-0.10177994
208038,L5/6 NP,0.13633496,-0.043415934
259866,Oligo,0.02925837,-0.27603617
100227,L6 IT,-0.4133458,-0.00244987
2733,L6b,-0.27091312,-0.10926139
199430,Peri,0.075730324,-0.18603185
239742,SMC,-0.35100347,0.14373112
48609,Oligo,-0.16168773,-0.1692479
160124,Astro,0.09155601,0.13827121
259745,L5 IT,-0.11704576,0.03800249
58146,L6 IT,-0.24091032,0.07607955
172892,Endo,0.116331875,0.25071424
21051,L6b,-0.22684947,-0.023155391
179196,Pvalb,0.118642986,-0.043656528
48529,L4/5 IT,-0.25172058,0.2722597
100078,L2/3 IT,0.19282252,0.24859053
172903,OPC,0.4644251,0.056135774
250426,Oligo,-0.12684178,-0.23016724
230092,L4/5 IT,0.24004453,0.015692055
152670,Astro,0.036756694,0.30097622
48536,Oligo,-0.18829283,0.020639956
61995,L2/3 IT,0.34933472,0.108323574
118860,Astro,0.25673085,-0.19246247
239025,Oligo,0.021091223,0.12212294
229553,Oligo,-0.083824456,-0.2590755
61989,L6 CT,-0.23753148,0.13864172
21034,L2/3 IT,0.30295753,0.07511878
48576,Pvalb,-0.3541721,0.14485013
271910,L6 CT,-0.14713842,-0.10026842
152717,L4/5 IT,-0.06655571,0.2657333
271906,Oligo,-0.116849214,-0.055099458
100111,L5 ET,0.1074571,-0.05085084
118755,L6 CT,-0.031903207,-0.08392003
228415,L2/3 IT,-0.18254611,0.35639703
185589,Sst,-0.4972003,-0.046486318
199418,Astro,-0.22872788,0.124126434
48605,Vip,0.31041896,0.091031015
119524,Astro,-0.16217935,-0.20143452
201190,L6 IT,-0.018207222,-0.07117918
214732,Lamp5,-0.098398656,0.41508716
221613,L5 IT,-0.08755678,0.089999795
19112,L6 CT,0.21245873,-0.24213237
54241,L6 IT,-0.33753228,0.09564906
156722,L5 IT,0.23010975,-0.1012471
220627,Pvalb,-0.038462013,-0.060279667
279025,L6 CT,0.18538082,-0.33451587
185331,L2/3 IT,0.2748794,0.1567753
28474,L4/5 IT,-0.1939337,0.2668643
267724,Astro,0.055882335,-0.39199618
16606,L2/3 IT,-0.18516526,0.31312537
232725,L6 IT,-0.33319375,0.11076301
79774,L6 CT,0.18332583,-0.30201858
96507,L5 IT,0.24534959,-0.08372861
103720,Oligo,-0.12224752,-0.24027473
107946,L6 IT,-0.30980927,-0.0022030473
203026,Endo,0.40022755,-0.038011283
156741,Astro,-0.2054221,0.3998766
156744,L2/3 IT,0.09415609,0.2722159
204443,Oligo,0.04189223,-0.3878746
263583,Astro,-0.17043388,-0.23144543
79238,L6 IT,-0.13790974,-0.18144009
275238,Endo,-0.08940998,0.19595641
97813,Endo,0.100973785,0.29809004
73101,L6b,-0.16923583,-0.14585575
72631,Oligo,-0.028401285,-0.1931149
266539,L5 IT,-0.35868758,0.120380044
160973,L5/6 NP,0.29776424,-0.16774037
107742,L2/3 IT,-0.10744944,0.29467446
27029,Oligo,0.0055812597,-0.3502214
240261,L6 IT,0.107958496,-0.20789692
96492,Astro,0.169702,0.11565888
158322,L5 IT,0.31746018,-0.2092216
107958,Astro,-0.06542355,-0.28174955
96425,PVM,-0.070709854,0.25586176
185309,Endo,-0.016363174,0.14837116
2198,L6 IT,-0.29154193,0.005669534
202938,Oligo,0.05739999,-0.34020415
252526,Astro,0.05556035,-0.42221898
16309,PVM,-0.092200845,0.43704087
242328,Oligo,-0.036796063,-0.35430655
13597,L5 ET,0.018466175,0.07172781
108124,L6 CT,0.14357972,-0.2376163
215774,L5 IT,-0.18974811,0.08919519
108120,L4/5 IT,-0.019942552,0.16395777
156586,L5 IT,0.2535873,-0.14663088
229026,L6 CT,-0.35164404,-0.034884065
180036,Astro,0.010344803,-0.39021543
8195,L4/5 IT,0.14916223,0.055652916
56428,L4/5 IT,0.39428312,-0.13078886
202962,L6 CT,0.10785389,-0.25856575
156636,L5 IT,0.15272146,-0.010031372
179591,Micro,0.104367316,0.361292
29373,L4/5 IT,-0.15476838,0.23932481
103665,VLMC,0.08641094,0.38791305
186723,L4/5 IT,-0.0692929,0.22697312
54212,Oligo,-0.045517564,-0.26593542
54222,Astro,-0.27274132,0.103275776
103669,Oligo,-0.15284613,0.20807606
73140,L6 CT,0.12592387,-0.29363984
219983,L4/5 IT,0.068268776,0.11589515
245202,L6 CT,-0.3971806,0.03104657
19128,L6 CT,-0.416812,0.037228048
156809,Oligo,-0.035698563,0.005429864
54110,L5 ET,0.29687876,-0.088056505
156825,L6 CT,-0.12082425,-0.12482998
158275,L6 CT,0.01915729,-0.07261968
96721,L4/5 IT,0.35180473,-0.011602253
215995,L2/3 IT,0.11509067,0.29255348
107318,Endo,0.22027868,-0.11007193
186575,L5 IT,-0.16280898,0.033094227
18352,Oligo,0.09928131,-0.43628076
54582,L2/3 IT,-0.0540033,0.29831272
13554,L5 IT,-0.24877101,0.1224938
229289,Astro,0.02879107,-0.39464197
11578,Oligo,-0.029317558,-0.24746513
54613,L2/3 IT,0.1365236,0.24412435
220565,L6 CT,-0.03743604,-0.18670905
204405,L6 CT,0.20569408,-0.2547269
13009,L5 ET,0.24430096,-0.18291476
157042,L6b,0.026026607,-0.2702697
160569,L6 CT,0.032147706,-0.16028446
54625,Vip,-0.20186293,0.3748377
214396,L4/5 IT,0.13233227,0.06401658
73015,L4/5 IT,-0.21514043,0.23833215
179964,L5 IT,-0.19005305,0.10526782
185378,L2/3 IT,0.19442248,0.19352031
275262,PVM,0.20407933,0.22522897
277237,L6 CT,0.1983236,-0.3284912
107149,L4/5 IT,0.09677744,0.11620486
103980,L5 IT,-0.025495559,0.07476604
204384,L6 CT,0.031154275,-0.0767211
263552,Micro,-0.19649905,0.2809587
268540,L6 IT,-0.42890263,0.015512764
107103,L2/3 IT,-0.013963282,0.38438207
239841,L5 IT,0.009729683,0.013708353
107368,Peri,-0.30256754,0.15779513
54520,SMC,-0.043044,0.0103266835
215997,PVM,-0.27338502,0.14740175
13571,L4/5 IT,0.357042,-0.10609266
234368,L5/6 NP,0.024834752,-0.122514725
156855,L4/5 IT,0.40423244,-0.12488982
79751,OPC,0.3163429,0.18966347
56351,L2/3 IT,0.14594662,0.23001838
176566,Astro,0.12570679,0.24739045
103808,L6 IT,-0.24505565,0.020728528
275244,L4/5 IT,0.27296758,-0.06371415
96631,L4/5 IT,0.12376255,0.12522441
96633,L4/5 IT,0.2540887,-0.027347356
2293,Pvalb,0.3920036,-0.07343376
259,L6 IT,-0.019863784,-0.10455081
69082,Pvalb,-0.19620565,0.19149172
160555,L2/3 IT,-0.09184688,0.27011216
107527,L4/5 IT,0.28474617,-0.043272614
158267,Endo,-0.046888053,0.37856102
262381,Micro,0.1970039,0.1498732
103849,L2/3 IT,0.16658342,0.16797668
249754,Pvalb,0.1762312,0.1718669
263573,Micro,0.043572724,0.08377564
54469,L5 IT,-0.20588651,0.078627765
240293,L4/5 IT,-0.15778694,0.23810667
261780,PVM,-0.20243576,0.26975203
79720,Oligo,-0.36594823,-0.10424486
157000,L6 CT,0.18127364,-0.25110835
18996,Oligo,0.12101394,-0.15367004
263569,L5 ET,-0.21216556,0.19137675
206704,L4/5 IT,0.13468271,0.09364754
103889,L5 IT,-0.007984072,0.05730343
54350,Astro,0.15938187,0.3393429
235142,Oligo,-0.2669986,-0.1353263
206269,L6 CT,0.17091006,-0.19970468
202914,L5/6 NP,0.067763746,-0.010341823
2179,Micro,-0.119597524,0.36933738
202687,L6b,-0.097638726,-0.2142691
156401,L4/5 IT,0.030472398,0.11590135
29534,L6 CT,-0.25741553,-0.08660352
158397,L5 ET,-0.13666984,0.09731579
18291,Endo,-0.1083557,0.0616858
176142,Oligo,-0.15169013,-0.2295081
271044,Endo,0.21889454,0.28490895
229018,L5/6 NP,0.22422683,-0.258257
202698,Vip,-0.16527903,-0.07949987
249527,L5 IT,0.25597835,-0.1628285
29517,L2/3 IT,-0.079473704,0.35806704
13047,L6 CT,-0.14599714,-0.16941363
186155,VLMC,0.13808948,0.36876166
96158,Micro,0.20478421,0.26263267
234602,Oligo,0.13476777,-0.39061743
13657,Oligo,-0.3789873,-0.08034986
156454,L2/3 IT,0.13129991,0.16145533
202745,Endo,0.3761816,0.119021595
218712,VLMC,0.32329595,0.22373319
180134,Micro,-0.25186205,0.3483891
245250,L2/3 IT,-0.092913866,0.27470547
238410,L5 ET,-0.17914742,0.100641906
108829,Astro,0.20474988,0.012380362
220751,L2/3 IT,0.15877533,0.22631967
247956,Pvalb,-0.30719572,0.09521544
96176,L5/6 NP,0.10558975,-0.09314102
96177,L5 ET,0.15412307,-0.15395615
253340,Endo,-0.107318014,-0.19036159
10842,PVM,0.23109174,0.05596429
68212,L6 CT,0.018260181,-0.10750434
239080,Astro,-0.2895248,0.13089126
271069,L4/5 IT,-0.039642125,0.2123658
56537,L6 CT,-0.41939712,0.078139186
109287,Endo,-0.22774687,0.06651342
261475,Peri,-0.07736984,-0.3084426
109263,Pvalb,-0.36534995,0.034098625
13708,Oligo,0.031624317,-0.39070287
109236,L5 IT,0.32524538,-0.2145589
176068,L5/6 NP,-0.19390282,0.09013426
243249,L4/5 IT,0.0987798,0.084484756
109210,L5/6 NP,0.14883393,-0.16560876
179535,L4/5 IT,-0.2041415,0.24577683
269929,L4/5 IT,0.34184825,-0.093899965
156288,L4/5 IT,0.22188693,-0.00874716
53618,L4/5 IT,-0.20656163,0.2933011
11723,L5 IT,0.030451,-0.07555035
202644,L6 CT,0.01279664,-0.097632885
180163,L6 CT,0.16083628,-0.30860883
19337,L2/3 IT,-0.17342755,0.3271907
68186,L5/6 NP,0.2963001,-0.18967023
234343,Endo,0.05180925,-0.35704833
2355,L6 CT,0.12791997,-0.28001928
53665,L5 IT,0.2672351,-0.21029472
73256,Pvalb,0.015116632,0.0469808
202670,L2/3 IT,0.328574,0.07646304
156344,Astro,0.20189154,-0.08517173
279039,L6b,-0.04171565,-0.23480102
73252,Oligo,-0.23542643,0.15793872
109072,L2/3 IT,-0.24540108,0.33070463
71676,L6 IT,-0.32379478,-0.011336207
232650,Micro,-0.115677625,-0.26552394
54099,PVM,0.24957001,0.283269
108806,Sst,-0.052840084,0.010014951
220747,Micro,-0.2332108,0.32973886
243205,Oligo,0.045832038,-0.3978551
277085,L2/3 IT,-0.19314736,0.33795768
26963,L6 CT,0.20851123,-0.2994333
202857,L4/5 IT,0.055199504,0.081872284
220695,L5 IT,0.18817091,-0.052596033
242303,L2/3 IT,0.15062582,0.24820763
161065,L5 IT,0.30305433,-0.17056999
277957,Astro,0.03561628,0.10534155
212192,L6 CT,-0.17390463,-0.07991308
60212,L2/3 IT,0.010961294,0.22444189
68241,Astro,0.13360703,-0.40939426
103564,L2/3 IT,0.14675164,0.24189526
271007,Oligo,-0.1317451,-0.2220824
248193,Oligo,0.15001857,-0.32745752
269959,L6 CT,0.11939293,-0.22250661
73169,Astro,0.13685787,0.15027541
108338,Oligo,-0.21260622,-0.15063676
8200,Endo,0.2887171,0.06725478
54071,L4/5 IT,0.092910945,0.114804685
239214,Astro,0.40671015,-0.0990541
204487,Astro,0.08794361,-0.019806415
229826,Micro,0.11748779,0.34574974
56460,Astro,-0.32650924,-0.1284489
204479,L6 IT,-0.25773686,0.05447656
96414,L6 IT,-0.46158105,-0.050575137
108280,Endo,-0.21964237,0.13812268
17546,Sst,0.36715573,-0.19997838
270999,SMC,0.10942644,0.33447844
79823,L5 IT,-0.30631185,0.11874992
220700,Oligo,-0.23260766,-0.20310968
232671,OPC,-0.004845828,0.3645839
96332,L2/3 IT,0.13366961,0.17407012
53782,L5 IT,-0.2882042,0.123420775
202767,Micro,-0.039819658,0.15872407
161087,L5 IT,-0.069734186,0.077669084
108774,L4/5 IT,-0.31468254,0.14641511
206866,L4/5 IT,-0.2081812,0.32465303
161086,L4/5 IT,0.35061663,-0.034501135
277936,L2/3 IT,0.30734736,0.09642398
202795,Oligo,0.0089221,-0.3609828
108676,L6 CT,0.20464456,-0.28453004
176243,L4/5 IT,0.22888088,-0.039951026
229023,Oligo,0.17832911,0.14303589
29478,L2/3 IT,0.3120365,0.09631801
108631,L4/5 IT,-0.058680028,0.17027861
73201,L2/3 IT,-0.15062025,0.4186604
156492,Astro,0.049210846,0.21698111
108589,L6 CT,0.089992166,-0.20948532
96276,L4/5 IT,0.16374028,0.029967725
56521,Astro,-0.13511807,-0.23737401
96284,Oligo,-0.32029355,0.08641261
96285,Astro,-0.21023455,0.40132058
176271,L6 CT,-0.2755997,-0.024360716
96288,L2/3 IT,0.17391956,0.20005447
206832,Astro,0.07541436,0.26058078
108542,L5 IT,-0.0014718175,-0.08866981
261587,L2/3 IT,-0.011976808,0.3244034
60275,L4/5 IT,0.0719828,0.08982259
103519,L5 IT,-0.30054355,0.129641
202840,L6b,0.0036557317,-0.2605961
108492,Sst,-0.2634018,0.07464343
249535,L6 CT,0.20862192,-0.35662758
252943,Micro,0.3413772,-0.0039043427
270915,VLMC,0.27923208,0.26513863
253180,Oligo,-0.21459863,0.2581026
105571,Astro,-0.09550029,0.22257793
186361,L4/5 IT,0.16111737,0.06874275
245003,L6 CT,0.06420851,-0.1678921
59719,L6 CT,-0.24188462,0.00021249056
203787,Peri,0.06779909,0.1336677
220357,Endo,0.14383036,0.059836745
97591,L5 IT,-0.14430633,0.028763533
177235,L2/3 IT,-0.18048185,0.3551007
203805,L6 IT,-0.28341508,-0.0063241124
105522,L2/3 IT,-0.18078744,0.3626241
220348,L5 IT,-0.12379506,0.14164448
262093,Endo,0.16993558,0.082832515
105496,L5 IT,0.009542108,-0.031335354
56030,L6 IT,0.009485483,-0.16578609
275585,L4/5 IT,0.39596784,-0.11518869
105478,VLMC,-0.28492343,0.38054585
59704,L4/5 IT,0.03659022,0.14214247
8889,L2/3 IT,0.30143666,0.06499553
263407,L6 CT,0.08611488,-0.2579232
220339,L5/6 NP,0.033046663,-0.1342431
177263,Oligo,-0.07676029,-0.105103165
18599,OPC,-0.18079358,0.4280265
97588,Pvalb,-0.20278865,0.21192503
105387,Pvalb,0.09571451,0.056702197
97584,Endo,0.40100265,0.0685671
203874,L6 CT,0.036890745,-0.078739196
97296,L2/3 IT,0.26728427,0.17497927
105243,L2/3 IT,0.10202342,0.27068084
11601,VLMC,0.1813637,0.31770635
18656,Micro,0.18592519,0.23872548
97201,L6 CT,-0.023020595,-0.09715375
245000,PVM,0.06978208,0.31581068
68405,Astro,-0.10753083,0.43375736
177134,L6b,-0.32343453,-0.04125178
71989,SMC,0.44479227,0.100334466
270828,L6 CT,-0.17668644,0.05671704
105861,L4/5 IT,0.1371029,0.168791
244598,Oligo,0.24632812,-0.043969512
242444,OPC,0.18208855,0.1238572
105818,L6 CT,0.008833528,-0.2051124
104432,Astro,0.14468777,0.25879878
13458,L2/3 IT,0.12651056,0.23476237
105744,L4/5 IT,0.02461189,0.12557411
105742,Oligo,-0.27965534,-0.06995231
157610,Oligo,0.061910868,0.11871183
55408,L6b,-0.24431133,-0.14289418
179678,L5 IT,-0.24768814,0.20048052
18428,OPC,0.085856795,-0.4303038
232853,Oligo,-0.17440215,-0.1460109
28629,L2/3 IT,0.18583459,0.26280683
275315,Peri,0.3421387,-0.15518755
203771,L6 CT,-0.24083069,0.027058482
248031,Oligo,-0.3712293,-0.046422035
97196,Lamp5,-0.010826498,0.2417782
179805,L4/5 IT,0.06985998,0.09108192
203778,L6 CT,-0.31615397,0.094478786
186240,Astro,-0.18142748,-0.10736123
185417,VLMC,0.20325416,0.34196413
104467,Sst,-0.109336555,0.26887214
220363,Endo,-0.05857405,0.3349107
177200,OPC,-0.012483209,-0.34707695
218960,L4/5 IT,-0.20303941,0.22464854
78412,L5 ET,0.27888948,-0.11374256
104536,L5/6 NP,-0.03299728,-0.0071476996
267804,L6 CT,-0.08456901,-0.06269774
8069,Astro,0.40570843,-0.016659737
158058,L6 IT,-0.44274688,-0.02982518
214785,L6 CT,0.04626012,-0.24787623
204177,Peri,0.005179465,0.23379362
55964,Vip,-0.30022496,-0.08029905
28730,L2/3 IT,0.021801174,0.3097834
8074,Endo,-0.0585317,-0.014454871
177449,L2/3 IT,-0.1957801,0.32927883
279970,L6 CT,0.029516518,-0.23784989
55817,Endo,0.2456932,0.21377367
270684,Astro,0.36329573,0.16703308
186250,Oligo,-0.34117883,-0.07530919
263436,L4/5 IT,0.123479426,0.071101606
158060,Astro,0.0182755,-0.4098204
204153,Vip,-0.0715698,-0.09910226
18537,L5 IT,-0.12560943,0.1087113
104657,L2/3 IT,0.34735274,0.11776841
267954,Peri,0.015497506,0.13509208
8840,Astro,0.020230174,0.40645105
177484,L4/5 IT,-0.24389637,0.2755524
275344,L4/5 IT,0.3786643,-0.13101056
245012,L4/5 IT,0.32751036,-0.08920145
220196,L2/3 IT,0.077474594,0.24417204
220198,VLMC,-0.055033952,0.47381115
18529,L6 CT,-0.09050727,-0.14572641
72764,Lamp5,-0.03151089,0.41283387
263425,L4/5 IT,0.1291157,0.1439364
270692,Oligo,0.12527698,-0.402843
18539,L5 ET,0.12782162,-0.122293144
97570,L2/3 IT,0.24251926,0.1792767
262210,Astro,0.3031369,0.2510633
236021,Astro,-0.07311955,0.034863234
105208,L2/3 IT,0.13709605,0.2337215
157760,L6 CT,0.14488429,-0.2904687
68491,Pvalb,0.026868701,0.14979243
97346,L2/3 IT,0.21486706,0.20776552
220293,L5 ET,-0.10074729,0.07541424
197,Micro,0.11860317,-0.37679833
104540,L5 IT,0.1660552,-0.022936672
203931,Peri,-0.048395216,-0.09866989
234580,Astro,0.15011764,0.3103634
105121,L5 IT,-0.3359083,0.14686692
28754,Endo,0.2112636,-0.10634565
160603,Oligo,-0.074172944,0.16124898
97401,L4/5 IT,0.3456595,-0.13929194
59628,L4/5 IT,0.38886154,-0.0804905
105014,L2/3 IT,0.24682385,0.085959256
55989,L2/3 IT,-0.16524014,0.29089338
104998,Oligo,-0.35983422,-0.09324902
97423,Oligo,-0.40124506,0.04632461
160664,L4/5 IT,-0.095522225,0.22820127
157818,L6 CT,0.056078613,-0.23162624
28735,L2/3 IT,0.11194807,0.1965015
242417,VLMC,0.41420054,0.15205127
204056,L5 ET,-0.16923228,0.11836201
266619,L2/3 IT,-0.12160298,0.3991403
270713,Oligo,-0.2194272,0.039848745
179729,L2/3 IT,0.30018526,0.13884336
104905,L2/3 IT,0.3649633,0.032887757
97442,L2/3 IT,-0.16514042,0.2815644
220231,L5 ET,0.37752366,-0.08552417
248194,Endo,0.33479655,0.17556292
96788,Oligo,-0.20042446,0.20142227
72861,Astro,0.09635693,-0.28706974
177123,Astro,0.047937274,-0.0058115125
106749,OPC,-0.07800728,-0.24032742
104092,L6 CT,0.14723098,-0.21479547
71863,L6 IT,-0.2278654,0.0062944293
104111,L4/5 IT,0.33252126,-0.051631063
263534,OPC,0.26765978,-0.26863652
106734,L4/5 IT,-0.13719296,0.18756145
106724,Astro,0.1358338,-0.23925239
203459,Pvalb,-0.2006473,0.34971362
179648,L4/5 IT,0.12317401,0.13799757
160835,Endo,0.17358798,-0.3150733
29065,Micro,0.22367394,-0.1192261
261892,L5 IT,-0.20479351,0.14627957
72948,PVM,0.18503654,-0.33552644
157236,L4/5 IT,0.3225451,-0.06256369
157253,Endo,0.33856833,0.12293428
96898,L6 CT,0.024469435,-0.19630325
267830,Oligo,0.032992244,-0.2544117
96911,L6 CT,0.19302833,-0.22250572
13382,Astro,0.22399122,0.16000491
280308,L6 CT,0.13014984,-0.2736103
185395,Sst,-0.008972019,-0.056976497
72941,L5 IT,-0.063292086,0.061443925
220480,L4/5 IT,0.10206485,0.16721022
278365,L5 IT,0.32102013,-0.17981368
54960,Oligo,-0.21700165,-0.17366818
206596,Astro,0.121087074,-0.3281129
28602,L2/3 IT,-0.21251884,0.34064305
7863,L6 CT,-0.4200553,-0.060192823
203472,L6 IT,-0.4270617,0.050160885
96870,L6 CT,-0.24284053,0.045862556
167,L5 IT,0.019350588,0.0698939
236395,Oligo,0.0073464513,-0.20293903
18931,L2/3 IT,0.28757954,0.13203192
203379,L5 ET,0.14795029,-0.006648183
203392,L2/3 IT,-0.20099598,0.32609236
229111,L2/3 IT,0.29450995,0.18256474
16336,Astro,0.20729184,-0.28656706
54743,L2/3 IT,0.1410672,0.26485676
18910,Peri,-0.31604546,-0.0430156
106973,L2/3 IT,-0.036874264,0.2518127
261850,L2/3 IT,0.41794318,0.029564083
54758,L6 CT,0.21076578,-0.34108335
104011,L2/3 IT,-0.1696412,0.35834688
106958,SMC,0.29703057,0.23181945
18898,L5 IT,-0.18757924,0.034567654
157159,Endo,0.06423241,0.19611311
249713,Oligo,-0.19343922,-0.20735145
203411,L5 IT,-0.22250089,0.08877677
56262,L2/3 IT,0.030324042,0.23799616
253169,L6 IT,-0.1532872,-0.021022886
238288,L4/5 IT,0.29270405,-0.054493427
266780,L5/6 NP,0.020673573,0.011818767
54780,L6 CT,-0.14185339,-0.10793662
275269,VLMC,0.31080943,0.24856973
104030,L5 IT,0.3525948,-0.14835232
106869,L6 CT,0.22204238,-0.33589488
54792,L5/6 NP,-0.0367651,0.05242783
71842,OPC,0.45032424,0.04680723
56237,L6 CT,-0.046370238,-0.19795656
157225,Oligo,-0.041243613,-0.24781927
206635,L2/3 IT,-0.18006533,0.32755023
157298,L4/5 IT,-0.16812345,0.28733706
158097,L6 IT,0.32583535,-0.24673966
59433,Peri,-0.06709063,0.23739702
59851,Astro,0.165851,0.22773021
56094,Micro,0.06973958,0.26241696
157484,Astro,0.052048087,-0.3868735
157487,Oligo,-0.054387093,-0.26149908
56089,L6 CT,0.19125122,-0.34927392
204270,L6 IT,0.24974018,-0.24769601
157510,L2/3 IT,-0.21018407,0.34385484
218892,Peri,-0.3626789,0.14359653
55242,L6 CT,0.03541571,-0.1536333
55247,L6 CT,-0.35755193,0.07027775
177059,Astro,0.16620493,-0.384421
28927,Astro,0.4034685,0.10508829
206526,L4/5 IT,0.040586412,0.12133676
177071,L5 IT,0.34072483,-0.14576697
59794,PVM,-0.04830095,0.28829855
104381,Endo,0.094025075,0.120224
105964,OPC,0.4671281,0.02979964
277181,Oligo,-0.11865771,-0.21561453
177089,L2/3 IT,0.058355212,0.28053296
220398,Astro,0.46174312,-0.013026565
105955,L6 CT,-0.18423721,-0.07247841
179828,L6 CT,-0.28308874,0.04196191
206519,L6 CT,0.2546417,-0.30330443
18702,Lamp5,0.3731721,0.06131172
236354,Astro,0.09088081,-0.41179246
55298,Astro,0.124077976,0.13780242
105918,L6 CT,-0.12752947,-0.10993624
220395,L5 IT,-0.08471793,0.05308205
97141,Oligo,0.12606335,-0.17447197
11934,L5 IT,0.24702716,-0.09138918
220125,L5 ET,0.083691,0.001452446
104302,L2/3 IT,-0.15275541,0.3262201
71894,L2/3 IT,-0.21875674,0.36763155
218858,Oligo,-0.31589887,0.049132705
278993,L6 CT,0.04109174,-0.14038679
157331,L6b,0.13058537,-0.36226797
179880,Lamp5,0.12323809,0.3281266
176952,L5 ET,0.092225194,-0.031965643
214434,Astro,0.27172887,0.25171483
157362,L6 CT,0.08870381,-0.27323598
55045,L6 CT,0.22164625,-0.29950708
106335,Endo,-0.18408364,0.08097738
204309,L5 IT,-0.074201584,0.07195616
55058,Oligo,0.14897883,0.16798592
7899,Endo,0.090476274,0.25015754
160797,L6 CT,0.07425827,-0.31412297
79530,Astro,0.19351822,0.12760621
157396,L6 CT,-0.41833884,-0.0129291415
176978,L6 CT,-0.1778233,-0.106738776
206577,Oligo,-0.21627381,-0.1897937
261975,L5 IT,-0.09015995,-0.0012595356
203594,L4/5 IT,0.205625,0.023512065
267795,PVM,-0.014655173,-0.45442942
11704,L5 IT,-0.19689709,0.11978394
263494,Endo,0.1897729,0.22142404
214821,OPC,0.022098064,0.32620847
78397,L2/3 IT,-0.03215921,0.34067982
106141,Pvalb,-0.025980055,0.043269455
177687,L5/6 NP,0.17498213,-0.21832585
249668,L5 IT,0.3129902,-0.24719381
104273,L4/5 IT,-0.25310817,0.27371532
59450,L6 CT,0.17610878,-0.31180465
55017,L5/6 NP,0.2403202,-0.13652122
270450,PVM,-0.2066369,0.0094136
103428,OPC,-0.43351647,-0.124397665
176048,VLMC,0.15136814,0.36978942
73613,Endo,-0.030014515,0.338333
233516,L4/5 IT,-0.21368259,0.3072741
245489,L6b,-0.18854704,-0.15517718
52084,L2/3 IT,-0.14780715,0.31796795
178242,OPC,-0.29968667,0.10632199
13305,SMC,-0.12100226,0.5
112120,Lamp5,-0.2853981,0.25640088
102430,L2/3 IT,0.095816135,0.30982548
161516,L2/3 IT,-0.13613844,0.32208622
19933,Endo,-0.24858227,0.13699698
266467,L4/5 IT,-0.11655149,0.17338532
60894,L6b,0.13106817,-0.36988938
155165,L5 IT,0.3477043,-0.12298438
27302,L6 CT,-0.4189172,-0.046030313
112083,Pvalb,-0.39604884,0.08597463
185502,L5/6 NP,0.23221993,-0.11626029
245464,L6 IT,-0.32092482,0.04932022
221322,SMC,-0.18621567,0.2865494
260972,OPC,-0.095508456,0.21683335
161507,Pvalb,-0.29917428,0.25074655
111993,L2/3 IT,0.4472351,-0.032880455
175116,L6 CT,-0.115262985,-0.06067261
396,L4/5 IT,-0.088665605,0.2316528
80255,L6 CT,0.19271839,-0.30054426
2473,L6 CT,0.1636352,-0.14211157
111950,Pvalb,-0.22695187,0.14360356
95098,Micro,0.3201639,0.19356829
111909,L6 IT,-0.15638411,-0.06697276
187208,L5 IT,0.2896551,-0.10860738
26715,L6 IT,-0.14333111,0.018149376
158727,Peri,-0.24896646,-0.20603192
68663,L2/3 IT,0.10877365,0.22855282
161552,L6 CT,0.13796318,-0.2751783
201528,L4/5 IT,-0.18022734,0.22225845
201529,Oligo,-0.23231202,0.20840722
236625,L6 CT,-0.071974486,-0.11827776
178286,L2/3 IT,-0.13354334,0.35431826
80268,L2/3 IT,-0.14507198,0.31151164
260920,Endo,0.06542051,0.13983482
112317,Micro,0.18561524,0.26829493
219791,L6 CT,0.10323745,-0.22904181
214966,VLMC,0.25069135,0.29652476
160394,L2/3 IT,0.08707857,0.13749552
244646,Oligo,-0.1459629,0.32823777
94943,L4/5 IT,0.3237394,-0.017114222
204878,Astro,0.3863353,0.122152805
180547,L5 IT,0.21738541,-0.10136843
160396,OPC,-0.07537213,0.44779116
206110,Micro,-0.11810598,0.45468038
206117,Endo,-0.25385368,-0.09424737
112285,L6 CT,0.18611413,-0.32840306
102386,L4/5 IT,-0.22387663,0.23548317
112274,L4/5 IT,0.3338235,-0.07560271
232410,L6 CT,0.19972056,-0.35165185
30217,L2/3 IT,-0.015178263,0.16902143
252433,L6 CT,0.004520774,-0.19814426
7251,L6 CT,0.09778726,-0.26624086
175021,L6 CT,0.13451326,-0.3088371
27308,L5 ET,0.012805343,-0.014456391
112215,L5 IT,0.039131105,0.10395044
221370,L4/5 IT,0.27530307,-0.068302065
111904,Oligo,-0.1713121,0.06053257
57135,L4/5 IT,-0.23157537,0.27559686
260988,L4/5 IT,-0.20942044,0.21752566
102447,L2/3 IT,0.39561588,0.02108562
204817,OPC,0.15368223,0.3257637
204811,Micro,-0.01493898,-0.34063327
214264,OPC,0.1813916,0.24930066
219824,L4/5 IT,-0.1717368,0.27209055
175227,L6 CT,0.03473121,-0.18995816
245448,L6 CT,0.10537255,-0.31214637
111612,Endo,-0.2162641,-0.17997706
111605,L6 CT,-0.16917348,0.023173273
28249,L4/5 IT,-0.22140664,0.2998249
201815,L5 IT,0.20710236,-0.041144818
187139,Peri,0.34190512,-0.027081013
201824,L5/6 NP,-0.15897548,-0.018306404
207242,Oligo,0.027762115,-0.36363435
175215,L4/5 IT,-0.21327427,0.23463213
111546,PVM,0.055501103,0.38172626
95243,OPC,0.009979427,0.27717566
52373,L5 ET,0.20211565,-0.12737608
68031,Oligo,0.044600725,-0.34733015
111516,Oligo,-0.21523476,0.107405305
78108,L6 IT,0.10087502,-0.2082015
235439,L2/3 IT,0.39393944,0.05895281
267664,L6 IT,-0.25059593,-0.015394002
52399,Micro,0.14816236,0.3187794
161431,Astro,-0.010280639,0.34269023
155382,L6 IT,-0.3098361,-0.00028717518
111459,L6 CT,0.20976007,-0.29436037
253536,Astro,-0.3264463,-0.14270711
111439,OPC,0.36473346,-0.1063841
111539,L4/5 IT,0.31501555,-0.047906876
52339,Endo,0.10595453,0.33864754
262602,L2/3 IT,0.075157106,0.2913518
219818,L4/5 IT,-0.012424171,0.20409113
57073,L4/5 IT,-0.24147654,0.27276552
111841,L2/3 IT,0.13395321,0.23497885
60852,Oligo,0.07231307,-0.33167732
60846,L2/3 IT,-0.17297667,0.25752395
111826,L4/5 IT,-0.19056872,0.24242038
111808,L2/3 IT,-0.21333271,0.29368377
201771,L4/5 IT,-0.16221106,0.28352433
161488,L6 CT,0.1506167,-0.20451936
57072,SMC,-0.19428203,0.2693531
30135,L2/3 IT,0.13566595,0.2297656
102468,L6 CT,-0.04434806,-0.42607993
155217,Oligo,0.0066578984,-0.298757
95177,PVM,0.27351904,0.1530686
111757,L2/3 IT,-0.18423626,0.33930337
221238,L4/5 IT,0.0953424,0.17262828
102480,L6 CT,0.12940538,-0.3303279
12024,Endo,-0.33297014,0.20371902
175194,L2/3 IT,0.44409657,-0.014468014
175195,Peri,-0.09630248,0.17164868
111735,Micro,-0.05805713,-0.21898931
215882,L5 IT,0.35766625,-0.25929603
69188,L2/3 IT,-0.16299027,0.31666923
204831,OPC,0.11108607,-0.4006859
236602,Oligo,0.048285663,-0.4077041
60822,Micro,-0.018264145,-0.14772269
253560,L5 IT,-0.27191257,0.06205231
207257,Sncg,-0.45284003,-0.08855173
27300,L6 IT,-0.26019293,0.036485672
102506,L6 CT,-0.42326486,0.06474078
111873,L2/3 IT,0.12369329,0.25319874
277264,Pvalb,0.26178777,0.024286687
201524,L6 IT,-0.4554628,-0.034159273
249484,L5/6 NP,0.09530765,0.00067156553
51541,Endo,0.04723519,0.17769533
113074,L2/3 IT,-0.20509061,0.27331078
260795,L5 IT,-0.096847564,-0.035939664
113052,L6 CT,-0.2956289,0.16248083
271455,Micro,-0.22569284,0.35360712
113045,L5 IT,0.19340712,-0.072622895
113042,L6 CT,0.17450613,-0.41764113
221531,Astro,-0.027323991,-0.28497612
113020,Micro,-0.18133545,0.35005826
158791,L4/5 IT,0.29624695,-0.08209664
250123,Astro,-0.31073737,-0.06434432
240271,L5 IT,-0.22863948,-0.04709205
113009,Lamp5,0.165883,0.24808264
219763,Oligo,0.017149806,-0.32000354
94725,L6 CT,0.19274837,-0.35045788
57206,Oligo,0.17253804,-0.40344632
102149,Pvalb,-0.33057874,0.21803004
154888,L5 IT,-0.13377294,0.054262757
219772,Pvalb,0.3957708,-0.028801471
219232,Endo,-0.32453477,0.04671347
206079,Astro,0.07010186,-0.39356875
161608,L4/5 IT,-0.027380109,0.19630396
51647,L6 CT,-0.22878131,0.071302295
51650,L2/3 IT,0.12591523,0.26194477
221513,Endo,-0.16400307,0.16153723
51684,L4/5 IT,-0.16507679,0.24633718
252426,L6 CT,0.0077192783,-0.10049158
112884,L4/5 IT,0.2799543,-0.046111792
30374,L6 CT,0.20640409,-0.29581797
154846,L6 CT,-0.12919289,-0.15896776
187331,L6 CT,0.16212147,-0.3016197
73704,L6 CT,-0.3846261,0.10965991
51298,L6 CT,-0.09481254,-0.39176556
94551,Peri,-0.053459078,-0.26774147
113469,Lamp5,0.35882503,0.07803661
113447,L2/3 IT,0.12785226,0.23754025
113441,L4/5 IT,0.22165579,0.023486257
7068,L5 IT,-0.13895354,0.11343914
102044,Vip,0.35502762,0.03852737
207471,Vip,-0.28204122,0.2399844
249468,OPC,-0.29329914,-0.08051479
113377,L6 CT,-0.015556663,-0.0442183
2499,Oligo,-0.29750603,0.19300222
154754,L6 IT,-0.18130589,-0.067374766
113318,Astro,0.16576296,0.08031994
154771,PVM,-0.20849001,0.11710888
174610,L6 CT,0.16379547,-0.3075766
71398,Sst,-0.39038745,0.07181811
51399,L2/3 IT,0.073405564,0.32210064
235867,Pvalb,0.20042026,0.05162233
113277,Pvalb,-0.2062648,0.2895257
94600,PVM,0.12726963,0.31138378
216089,Endo,-0.16434827,0.3722527
228742,Endo,-0.22227526,0.1230104
51491,Astro,-0.19066662,0.2990505
239549,L6 IT,0.04181099,-0.14677411
113134,L5 IT,0.26679528,-0.10758206
13935,L4/5 IT,0.34715635,-0.07460621
154825,L4/5 IT,0.21514893,0.05093497
160371,VLMC,0.2741335,0.25950575
178352,Oligo,-0.24118635,0.28261393
174774,L6 CT,-0.10679382,-0.14563116
275044,Pvalb,0.088528395,0.1657793
221499,L5 IT,0.3358695,-0.16799927
51707,L4/5 IT,0.34753776,-0.042789996
11639,VLMC,0.06433904,0.37150687
154989,Peri,0.29459333,-0.15778676
112624,L4/5 IT,-0.18871057,0.24233437
73654,L6 CT,0.03390336,-0.20454207
201467,L6 CT,-0.40891704,0.066055894
221454,L2/3 IT,0.2827993,0.06991148
78034,L4/5 IT,0.31624854,-0.026061922
174894,Endo,-0.016450763,-0.016727805
30299,L4/5 IT,0.3995191,-0.023834437
112598,L2/3 IT,0.1992988,0.22678435
155005,L5 IT,0.2071706,-0.11607173
102289,Oligo,-0.14373827,-0.00319165
112582,Oligo,-0.1335648,-0.17506868
154967,Oligo,-0.1592099,0.22582918
71441,VLMC,0.2416501,0.26300704
94882,L2/3 IT,0.08540809,0.23023582
80276,Oligo,0.30303204,-0.019640565
73642,L4/5 IT,0.3238454,-0.03950748
112518,L6 CT,-0.08135936,-0.133445
17442,L4/5 IT,0.09072119,0.1349101
158753,L4/5 IT,0.01545316,0.18321645
260886,L4/5 IT,0.2555992,0.093813
174944,Astro,0.1300053,-0.3987975
112498,Oligo,0.06772864,-0.38751984
51877,L6 CT,-0.33753932,-0.020706862
207357,L4/5 IT,-0.14884454,0.16851175
28242,Astro,-0.18346938,-0.19047895
51890,L5 IT,-0.11645234,-0.0018636286
71445,L5 IT,-0.028983802,-0.091813564
20115,L6 CT,-0.15143415,0.02899152
94832,L5 IT,-0.09530902,-0.06806466
67998,L5 ET,0.21092701,-0.06800458
112849,L4/5 IT,0.05921662,0.1075868
98377,L6 CT,-0.13873187,-0.079319
71429,L4/5 IT,0.29933172,-0.050206006
98375,Micro,-0.15504053,0.09484154
260839,Astro,-0.3585027,-0.08130705
20156,L6 IT,-0.241786,-0.070358485
201381,L4/5 IT,0.11475116,0.055506766
180615,L6 CT,0.1820525,-0.31657723
57169,Sst,0.19616318,0.2462545
154916,L4/5 IT,0.23547268,-0.032521218
57157,L2/3 IT,-0.16488793,0.3065542
94772,Astro,0.034116924,-0.38133508
275427,L5 IT,-0.048512936,0.030691504
180613,VLMC,0.41770256,0.13396895
98336,L5 IT,-0.26644182,0.119956374
9164,L4/5 IT,0.047114253,0.10099834
112770,PVM,0.049990118,-0.32931107
250096,L2/3 IT,0.2381115,0.13825613
221487,Oligo,-0.272379,0.05464202
212019,L5/6 NP,0.21643251,-0.23689294
112732,L4/5 IT,0.31525284,-0.083010375
112722,Astro,0.10690868,0.021228015
112706,L2/3 IT,-0.22022232,0.3630526
238888,L4/5 IT,0.24279869,0.0011149645
112702,Peri,0.29781967,0.03374052
201437,L5 IT,-0.28369004,0.16810405
242473,Endo,-0.26029196,0.2549587
276919,L6 CT,-0.19188285,-0.123055905
174857,L5 IT,-0.017976254,-0.060941964
174777,L6 IT,-0.47086295,0.06073904
109299,L5/6 NP,-0.41433185,0.0008363724
111424,Pvalb,0.10977,0.140365
95307,Pvalb,-0.1604225,0.17517155
103148,L6 CT,0.2401185,-0.33447573
95809,SMC,0.06710881,0.389395
270559,L5/6 NP,0.31681508,-0.14304101
7475,Micro,-0.31056398,-0.09500715
53240,Astro,-0.35434312,0.116862714
175789,Endo,-0.099244505,0.0796144
220947,Astro,-0.004389107,0.3272136
103204,L6 IT,-0.30575418,0.06925118
109924,L4/5 IT,0.30057085,-0.07022688
204649,L6 CT,-0.20669371,0.04746431
202391,Micro,0.16453224,0.29414064
202395,L6 CT,-0.5,-0.08380574
109877,L5 ET,0.08611983,-0.038731515
2394,Astro,0.30656224,0.036920607
161260,Astro,0.04307258,-0.381978
271114,L4/5 IT,-0.17052469,0.28509253
158490,L2/3 IT,0.17510664,0.19353151
243247,Endo,-0.08588436,0.27518094
10912,L2/3 IT,0.20218885,0.18805647
216027,Astro,-0.06411579,0.20032656
249924,L5 ET,0.22075933,-0.0879744
219163,Endo,0.39732444,-0.06163019
29705,L5 ET,0.32331353,-0.20157316
232579,L4/5 IT,-0.4841729,-0.016238093
158488,L4/5 IT,0.2187249,-0.020225227
19464,L5 ET,0.10264367,-0.027365595
98021,Peri,-0.16544956,0.15955383
186930,L2/3 IT,-0.19358829,0.3270142
73375,Endo,0.23315448,0.2358678
160485,Pvalb,-0.10728213,0.28053224
110094,L5 IT,-0.0993731,0.13272846
19521,PVM,-0.05758199,-0.22208902
155870,OPC,0.06850171,-0.25518674
95707,L2/3 IT,0.26986825,0.19116515
60572,Sst,-0.3888662,0.098956645
175720,Peri,0.15010834,0.29223192
110269,L6 CT,0.15702951,-0.4097297
253448,L4/5 IT,-0.18497223,0.2316274
155891,L2/3 IT,0.38564402,-0.014235735
266749,L6 IT,0.0758183,-0.17929155
17505,L5 IT,0.07096976,0.056022584
161281,Oligo,-0.41528803,0.046224535
110217,Peri,-0.07195076,0.29022223
110209,L5 IT,-0.2769004,0.07802975
19537,L5 ET,0.13033956,-0.014818698
68610,L6b,-0.377819,-0.075247794
244540,L2/3 IT,-0.16417369,0.30888766
202300,Endo,-0.11530337,0.08613831
72554,Astro,0.42074227,0.09046608
103099,L6 IT,0.14404726,-0.2725834
218652,L6b,-0.18215549,-0.14466536
175759,L2/3 IT,-0.04719603,0.29104954
155928,L5 IT,-0.14604348,0.0051597953
110118,L6 CT,0.049236536,-0.1132676
262516,Oligo,-0.37719837,0.0735839
202311,L4/5 IT,0.24889493,-0.076391846
2177,L6 CT,-0.21119192,-0.0078522265
56724,Endo,-0.0619255,0.20619494
339,L2/3 IT,0.09980416,0.2822677
219889,VLMC,0.32381386,0.24019784
29757,L6 CT,0.18369824,-0.22824174
60491,L6 CT,-0.4076367,-0.06618869
9074,L6 IT,0.051348627,-0.19296259
53345,L2/3 IT,-0.18526399,0.32740247
261410,Astro,0.050138354,-0.39371893
236508,Lamp5,-0.18928853,0.44754547
177985,L6 CT,-0.29004222,0.12349582
232592,L6 CT,0.046115935,-0.1412003
175991,OPC,-0.21603319,0.21581572
261436,L6 CT,-0.27825415,-0.059032857
109468,Oligo,0.19844812,-0.296603
219155,Oligo,0.11239159,-0.43627813
277961,L6 CT,0.06765413,-0.26773643
175998,Peri,-0.12506956,0.27122134
103383,Endo,0.26384425,0.14082748
177969,Astro,0.20572108,-0.0538131
109410,L2/3 IT,0.39256537,-0.034707308
270585,Oligo,0.024539053,-0.3524454
19410,VLMC,-0.32665256,0.3138932
96032,L5 IT,0.001144588,-0.030071199
79181,L6 CT,0.1731016,-0.2503158
78218,Astro,-0.052782208,-0.15620324
79971,Endo,0.0058056116,0.40097606
68588,L5/6 NP,0.23468369,-0.21337697
206939,Endo,-0.2263571,-0.065408915
232613,Micro,0.3459978,-0.16911966
186879,L4/5 IT,-0.021163613,0.15367746
103412,L2/3 IT,0.14209032,0.22080171
56549,L6 CT,0.20096064,-0.2975899
185274,L5 IT,0.3269434,-0.13988018
202589,L5 IT,0.11248404,0.030635893
262436,Pvalb,-0.08334693,0.019970834
18274,L4/5 IT,0.3654673,-0.1311625
96033,Peri,-0.27113354,0.14664543
262459,L5 IT,-0.09436965,0.102386594
56610,L6 CT,0.103521824,-0.21294752
247941,Astro,0.30074942,0.058105946
95891,Micro,0.07319629,0.3567781
175883,PVM,0.2779175,0.0624907
249902,L5 IT,-0.09689659,0.022682846
156077,OPC,0.09148979,-0.03578493
280269,VLMC,0.3769089,0.18186677
68116,L4/5 IT,-0.012365162,0.17227525
156090,Astro,-0.24075621,0.056830347
212695,L6 IT,-0.38504076,0.024035513
60455,SMC,0.42413187,-0.05476296
71626,L2/3 IT,0.073363364,0.22041017
95927,L5 IT,0.06419593,-0.12520733
109609,L6 CT,-0.31671685,0.083509505
204629,Astro,-0.45217627,-0.039463013
53407,L5 IT,-0.06283265,-0.0019528866
156094,L6 CT,-0.26478922,-0.014516145
204615,L5/6 NP,0.0380612,-0.11531031
29664,L4/5 IT,-0.20297816,0.3154819
60450,L6 IT,-0.24865562,-0.07734129
245293,L4/5 IT,0.04976195,0.104575574
186901,L5 IT,-0.10825631,0.02968359
242548,Oligo,-0.31714666,-0.17598733
60438,L4/5 IT,0.1830743,0.0051553845
263669,Oligo,-0.25266746,-0.25859958
95977,Astro,-0.016655117,0.33554488
7569,SMC,0.46569335,0.05014378
228969,L6 CT,-0.48060325,-0.058535725
109517,L2/3 IT,0.3016358,0.07631987
53459,OPC,0.15156233,0.13246691
156120,Astro,0.35984904,0.11172342
275162,L6 CT,0.09149629,-0.27380872
111409,Endo,0.22650129,0.13662052
53043,VLMC,0.36175168,0.17760444
95701,Oligo,0.0062282085,-0.37454808
175398,L2/3 IT,0.45129246,-0.026102781
155499,L6 CT,0.18925959,-0.36659515
111118,Vip,-0.26647967,0.27668518
52626,L6 CT,-0.0351246,-0.12788486
175414,VLMC,0.40857893,0.15074062
155538,L5 IT,0.33169103,-0.2912761
56963,L5 IT,0.17430085,-0.13021386
277910,L6 CT,-0.30146307,0.04579574
187086,Astro,0.17971611,0.3174358
186082,Pvalb,-0.19257039,0.2433303
13314,L6 IT,-0.26892525,0.039017856
80133,L2/3 IT,0.17578793,0.22876501
102750,L6 CT,-0.27448365,0.13064295
13824,L6 CT,-0.22238427,0.015268385
52643,L6 CT,-0.29037157,0.04911518
56951,Sst,-0.24967873,0.15673351
234639,Astro,-0.2405346,0.24601257
248230,L4/5 IT,0.06504321,0.16868836
279103,L5 ET,0.26603884,-0.19284993
56950,L5 IT,-0.15019965,0.035137296
52674,L2/3 IT,0.25886363,0.18790895
19672,L5 IT,0.13327885,-0.040055662
102762,Endo,0.067334354,0.28057665
111003,L4/5 IT,-0.2214446,0.2278462
221118,L4/5 IT,0.2935289,-0.10206449
228865,L2/3 IT,0.33172446,0.1230607
52697,L4/5 IT,0.34492952,-0.1017265
28297,L6b,0.14740044,-0.38841105
111062,Endo,-0.18510783,0.38691956
158689,Oligo,0.07462686,-0.3773446
30017,Endo,0.2700566,-0.09943834
80156,L6 CT,0.08709127,-0.13930628
52450,Pvalb,-0.20556107,0.26349574
187130,L2/3 IT,0.11841279,0.20973647
240953,Oligo,0.16215223,-0.3103066
375,L2/3 IT,-0.08935803,0.37283707
102619,L4/5 IT,0.34839493,-0.09765419
201910,L2/3 IT,0.3949389,-0.07495448
30030,L5 IT,0.35582024,-0.18684497
111341,Astro,0.29414207,0.23073322
180454,L6b,-0.09465903,-0.19322366
52476,L2/3 IT,0.3051775,0.12720096
218585,Endo,0.040576935,-0.114385515
219833,Astro,0.16582602,-0.07742524
161402,Micro,0.21736771,-0.12842801
111301,L4/5 IT,0.039283514,0.14308184
250016,OPC,-0.28253776,-0.05339229
187122,L5 ET,0.025018573,0.0476622
52510,L2/3 IT,-0.19195265,0.39253807
271269,L2/3 IT,-0.02738586,0.22973245
268024,L2/3 IT,0.26316905,0.15157408
276988,L4/5 IT,-0.26819563,0.2649622
253506,Pvalb,0.106906295,-0.13639906
175366,L6 CT,0.24147075,-0.32386708
52544,L2/3 IT,0.19443184,0.25145185
95374,L6 CT,0.1879161,-0.32188308
111215,Oligo,-0.4008423,-0.1100353
234293,L6 CT,-0.08319998,-0.16582632
160434,Oligo,-0.26702234,0.051687837
212417,L4/5 IT,-0.10658848,0.1409356
95408,L6 IT,-0.1629681,0.008560419
275671,Peri,-0.35524014,-0.095933825
95703,L6 CT,-0.3240965,0.10535252
266667,L6 CT,-0.19533736,0.03619641
161366,Pvalb,-0.35558355,0.12728727
236054,L4/5 IT,-0.045180023,0.15067947
110616,L5 ET,0.17580956,-0.09850383
204707,Oligo,-0.16022998,0.08385807
7416,Astro,0.118434906,0.37544894
7418,Pvalb,-0.25900856,0.25007606
155824,Micro,-0.12509122,0.30899566
68092,L4/5 IT,0.2890749,-0.024157673
29798,Pvalb,0.061029017,-0.062384427
56820,Astro,0.24449831,0.29383993
110559,L6 CT,0.18423307,-0.2976594
95642,L6 CT,-0.4063747,0.10363215
60594,Oligo,0.03399241,-0.109561086
95648,L6 CT,-0.37458485,0.12604266
155813,L5 IT,-0.24883059,0.18868941
95653,L5 ET,0.09080112,0.018407226
212112,Oligo,-0.113123685,-0.044866264
26816,L2/3 IT,-0.20451728,0.31938684
155857,L2/3 IT,-0.035846055,0.3005888
95667,L2/3 IT,0.41390467,-0.035780936
229891,L5 IT,-0.31384945,0.11161733
19591,L5 IT,-0.17023128,-0.08736521
261271,L5 IT,0.10733068,-0.13074258
95681,Pvalb,-0.061267197,0.20237404
9075,L4/5 IT,0.37090868,-0.14528808
110429,L4/5 IT,0.05099827,0.16062486
202226,Oligo,0.0138578415,-0.3443857
53009,L4/5 IT,-0.12834004,0.14655036
10820,L5 ET,-0.045080036,0.07811594
110533,Endo,0.14763921,0.27743286
279094,L2/3 IT,0.2840262,0.14131325
185228,L5/6 NP,0.020213604,-0.06295931
249510,L5 IT,-0.012741089,-0.012973547
95509,L5 ET,0.26746166,-0.113869846
204756,L5 ET,-0.08194637,0.046408653
178091,Vip,0.049355447,0.16279536
59142,PVM,-0.17285883,-0.2339676
155647,L6 CT,-0.08597481,-0.16945446
110847,Astro,0.27918398,-0.061870515
12906,Astro,-0.1095255,0.06374508
218620,L5 ET,0.11328757,-0.009372562
216046,OPC,-0.28770316,-0.10101193
102816,PVM,-0.08523312,0.30867618
204752,Oligo,-0.238453,0.2920395
59145,L5/6 NP,0.16805655,-0.076728106
218624,Pvalb,-0.1622523,0.040563762
68068,L5/6 NP,0.2838583,-0.15886676
207120,L5 IT,0.1820128,-0.13056323
102892,L6 IT,0.1856932,-0.22983196
187040,L5 IT,0.16781199,-0.038621962
261248,Astro,0.099774,0.2980463
110792,L4/5 IT,0.043369472,0.10787588
95569,L6 CT,0.028304815,-0.23801628
59155,L6 CT,0.0058850646,-0.09259316
214942,Lamp5,0.08179808,0.37681276
202120,Endo,-0.20355791,0.29301977
52836,L5 IT,0.2526493,-0.06583837
102948,L6 IT,0.032040656,-0.18834546
254158,L6 CT,-0.001980424,-0.1312244
19624,L6 IT,0.21120584,-0.26486892
29832,L4/5 IT,-0.21286899,0.2412321
238331,Endo,0.08417249,0.09009647
180386,L4/5 IT,0.2718017,-0.026899904
91890,L4/5 IT,0.23141724,-0.020610541
191170,L6 CT,0.19419193,-0.37343192
267500,L5 IT,-0.11129686,0.13081181
87480,Endo,0.10629696,0.20603734
257053,L6 CT,-0.22638878,0.075571954
66601,L6 IT,-0.26465034,0.043821096
40813,Pvalb,-0.31258202,0.13007033
265136,L2/3 IT,0.2195226,0.11988789
167999,L6 CT,0.09121758,-0.2814908
168014,VLMC,0.20037109,0.31996012
134430,Peri,0.16928738,0.20568502
255047,L6b,0.12109566,-0.3399862
134444,Pvalb,-0.3063889,0.17318141
227283,L4/5 IT,0.016406715,0.12229866
40794,VLMC,0.022715867,0.42189646
134487,Astro,-0.36266404,0.0037477612
134491,Micro,0.15581203,0.18869162
255045,Peri,0.052249193,0.12092155
66589,L2/3 IT,0.38641346,0.047796667
190055,Oligo,0.0170241,0.14433074
87489,L2/3 IT,0.011425316,0.26215905
243135,L6 IT,-0.058883816,-0.109608084
134186,Oligo,-0.1229026,0.21353841
25415,Oligo,0.052803814,-0.095865786
231196,L6 CT,0.19996727,-0.3408339
146816,L6 CT,-0.13265106,-0.08690822
190044,L6 CT,0.07162297,-0.1802136
146736,L5 IT,0.0025578737,0.11617494
134311,L5 IT,0.32701546,-0.17109948
269299,Oligo,-0.32329386,0.18926483
146764,Astro,-0.27219915,-0.13354903
40850,Vip,0.19238931,0.23507881
83185,L5 IT,0.31134075,-0.19007322
231190,L4/5 IT,0.100216866,0.11318344
257057,L2/3 IT,0.33228165,0.073402524
66615,L5/6 NP,-0.072812736,0.029757202
134153,L5 ET,-0.020120293,0.058440864
279546,L4/5 IT,0.19237798,0.024151504
69716,L6 CT,-0.44765848,-0.025533974
256995,Oligo,-0.38729092,-0.086511314
34720,Endo,0.122577846,-0.4053126
3447,Pvalb,0.09665829,-0.19737703
134851,L4/5 IT,-0.15121329,0.17462802
10486,Oligo,-0.28959894,-0.11833987
211079,Peri,0.15810782,-0.26353434
256997,Astro,-0.025814205,-0.36317655
265171,L6 CT,-0.22117403,0.031905413
164226,Peri,-0.16975805,0.10015535
146510,L4/5 IT,-0.044853866,0.15954775
227274,L5 IT,-0.18194216,0.09526372
4743,L5 IT,0.079609394,-0.08732468
256972,L6b,-0.11601758,-0.1838181
15104,L6 CT,0.06643772,-0.16302028
87280,L6 CT,-0.14180851,-0.04949206
34694,Oligo,0.30674303,-0.20995978
40673,L6 IT,0.0052875876,-0.1329306
134752,Lamp5,0.19375509,-0.08790499
184281,L4/5 IT,0.009159744,0.11660159
134558,L2/3 IT,0.28487444,0.17332286
64538,L2/3 IT,0.15738726,0.2882405
213530,Oligo,-0.13229081,0.3510099
23378,L4/5 IT,-0.27254683,0.27299398
257024,Astro,0.22556889,0.1357131
167907,L4/5 IT,-0.14909828,0.26413286
251972,L6 IT,-0.2908098,-0.045826346
87382,L2/3 IT,0.43712062,-0.0014363229
83218,L4/5 IT,0.3779642,-0.106321156
75921,Endo,-0.2767554,0.14772671
146637,Pvalb,-0.19770497,0.30756867
134732,L6 CT,0.22687942,-0.28262705
217278,VLMC,0.18163055,0.30785817
40712,L6 CT,-0.27820492,-0.05608967
15106,L4/5 IT,0.21509743,-0.018087357
267242,Peri,0.050218344,0.2423647
77201,Oligo,0.037344396,-0.367522
189932,L2/3 IT,0.15709442,0.24187315
83031,L4/5 IT,0.30901927,-0.044844598
133511,L4/5 IT,0.08218092,0.133407
11876,L2/3 IT,0.38967586,-0.051570088
168249,L5 IT,-0.17588955,0.04647875
189936,L5 IT,0.26449597,-0.22522667
209483,L4/5 IT,0.077153146,0.08964282
41253,Endo,-0.2147643,0.26718682
87727,L6 CT,-0.014423877,-0.08101329
241213,L2/3 IT,-0.08522475,0.37442845
34558,L2/3 IT,-0.30005723,0.26139307
3415,Astro,-0.42631158,0.008249164
194462,Oligo,-0.4049202,0.015317917
217317,Astro,0.03513211,0.23050886
4880,L2/3 IT,0.23605943,0.213108
41214,VLMC,0.30629784,0.2198587
23230,Endo,0.21966225,0.16553497
41322,L6 CT,-0.15545782,0.014123559
75775,Astro,-0.0015876591,-0.2684571
23195,L6 CT,-0.14544323,-0.09067112
87823,L6 CT,-0.14282733,-0.0823324
133349,L6 CT,-0.15773097,-0.059445918
278290,Micro,-0.26942188,0.19686902
209466,Lamp5,-0.2891931,-0.020626903
25453,Pvalb,-0.22783545,0.23665345
168301,L5 IT,0.35657877,-0.18195716
133382,L5 ET,0.017941177,0.08174002
273103,L5 IT,0.06419402,-0.03805822
225002,L2/3 IT,0.078529,0.2395395
254954,L4/5 IT,-0.27876854,0.2487588
273105,L4/5 IT,-0.23618868,0.25004858
23220,L4/5 IT,-0.18954709,0.22917956
194548,L4/5 IT,-0.24402353,0.25897026
70436,Astro,0.012292683,-0.34585446
146974,Micro,-0.19744521,-0.10165882
87685,Astro,0.02086842,-0.38521996
267249,L2/3 IT,0.37379187,0.014592886
83095,Peri,0.3616379,0.059886217
189985,L2/3 IT,0.21336937,0.13753825
237868,L2/3 IT,-0.24036923,0.27666372
41025,PVM,-0.25761437,-0.1331375
83111,L6 CT,0.060042858,-0.24173051
133908,L6 CT,-0.026561469,-0.09804359
134019,L6 IT,0.033481777,-0.11293417
15060,L2/3 IT,0.34951723,0.1073851
64461,L6 IT,-0.051261097,-0.13597798
168106,Oligo,-0.015980035,-0.30543384
134076,Astro,-0.08261174,-0.057372034
227331,L6 CT,0.08522946,-0.10017949
237364,L5 ET,0.2260136,-0.06086269
217292,Endo,-0.13981894,0.08782703
23246,L6 IT,-0.33956733,0.053539574
41069,L2/3 IT,-0.16773716,0.29996407
194351,OPC,0.46139735,-0.04686606
237349,L2/3 IT,0.20330316,0.18445516
41178,VLMC,0.49316025,0.020893753
41173,L4/5 IT,-0.23329207,0.26829368
251269,L6 CT,-0.12476829,-0.11398736
217316,Astro,-0.28486288,0.12979561
168208,L6 CT,0.21268612,-0.33867556
9952,L4/5 IT,0.118157744,0.073786736
64419,L6 CT,-0.18629462,-0.03611937
184327,L4/5 IT,0.025039673,0.115839124
237870,L6 CT,0.115207255,-0.18399522
194358,L5/6 NP,0.18399441,-0.10871008
133852,L5 IT,0.19849116,-0.038433135
209511,L6 CT,-0.015186697,-0.21833313
257133,L4/5 IT,-0.022749841,0.16642785
70455,Sst,0.1305058,-0.18141872
168325,L6 IT,-0.23660034,0.018606424
40518,L6 CT,0.052324176,-0.17582601
241528,L4/5 IT,0.08266908,0.08610064
167521,L4/5 IT,0.09439272,0.120156944
255147,L6 CT,0.092728496,-0.3247999
4596,L6 CT,-0.051573753,-0.18182284
39852,L6b,-0.33659175,0.034191072
241507,L6 CT,0.19849026,-0.33199978
86806,Endo,0.23885864,0.11747903
190279,L6 CT,-0.1584341,-0.030113757
136341,L2/3 IT,0.24784905,0.1883654
209881,L6 IT,0.082309425,-0.20967576
39813,L2/3 IT,-0.23229584,0.31589484
136388,Astro,-0.447532,-0.07091889
146102,Peri,0.18801391,0.2008124
136414,L6 IT,0.09789777,-0.11781612
247286,Peri,-0.14482608,-0.18525344
136359,L6 CT,0.096072495,-0.18502933
193549,Oligo,-0.35355365,-0.034579158
15179,L2/3 IT,-0.092660815,0.29220414
136254,L5 ET,-0.26621622,0.2460624
135887,Peri,-0.3525102,0.026441872
64741,Lamp5,0.073605776,0.36527562
135960,L2/3 IT,0.25087237,0.16113591
64768,L6 CT,0.20512986,-0.31170982
255132,Lamp5,0.37939072,0.13290101
167564,L4/5 IT,0.36111665,-0.10256603
136291,Endo,0.3109234,-0.030606598
190264,L4/5 IT,-0.21494105,0.23765785
167556,Astro,0.16507292,0.30759466
136083,L2/3 IT,-0.13020939,0.28057396
77102,Oligo,0.084204555,-0.4056372
12402,Peri,-0.1282652,-0.023673981
193626,L5 IT,0.32473373,-0.17446226
64792,L5 IT,0.08296943,-0.10857275
193682,L6 IT,-0.32726774,0.060550332
135870,L5/6 NP,-0.22575468,0.12649393
213464,L2/3 IT,-0.18624732,0.40337044
17047,Astro,0.26063913,0.14231092
213065,Astro,0.22570735,0.10233891
276189,Oligo,-0.038486212,-0.25501037
39682,Oligo,0.06962913,-0.1522986
273392,L6 CT,-0.45277345,-0.00017154217
265887,L6 CT,-0.13901448,0.0028774142
217189,L6 CT,0.07477051,-0.26445425
86691,L6 CT,0.016010702,-0.14448074
23669,Oligo,-0.03248921,-0.2249076
86659,L6 CT,-0.11364743,-0.14775294
136718,L5 IT,0.19065493,-0.04004875
190374,L6 CT,-0.3162705,-0.18628171
193434,Oligo,-0.010281086,-0.30576324
15206,L6 IT,0.084762156,-0.14647394
83461,Astro,0.03276205,-0.38061482
167354,Micro,0.1881504,-0.16271135
86772,L4/5 IT,-0.18529099,0.291121
190355,L5 IT,-0.2508598,0.19168657
136570,L5/6 NP,0.099375606,0.0007018447
255156,L6 IT,0.22473079,-0.28310025
64826,L4/5 IT,0.30441082,-0.09519777
231068,L6 CT,0.14521033,-0.30240294
167427,Pvalb,0.06468874,-0.05097264
183200,Pvalb,0.17787421,0.19548565
217207,L5/6 NP,-0.35619724,0.12995344
136587,L2/3 IT,0.20836872,0.24171436
39769,L4/5 IT,0.27717578,-0.06657091
211010,L2/3 IT,0.024704993,0.27021772
86748,L6 IT,-0.4256488,-0.0027041435
39750,Peri,-0.050670147,0.18790841
64885,Oligo,-0.06685123,-0.15547726
34977,Endo,0.07922369,0.33830398
25273,L5 IT,-0.3660688,0.124738574
193521,L6 IT,-0.40105242,-0.00011536479
190146,OPC,0.26177037,0.12177938
256803,Astro,-0.006560117,-0.26129568
273316,L2/3 IT,0.2655527,0.17155033
213514,Micro,-0.24107787,0.23417813
183082,L6 CT,0.14368486,-0.32830423
146390,Oligo,-0.24781305,-0.16222695
209719,L6 CT,-0.1783503,0.03849554
40344,Oligo,-0.18832257,0.18991578
135414,L5 ET,-0.104192436,0.08904725
256904,L6 CT,0.024677217,-0.12653726
64664,L6 CT,0.14001065,-0.3853133
241525,L6 CT,0.08432269,-0.2143135
135450,L2/3 IT,0.33230484,0.013374686
265193,L5 ET,0.07752466,-0.047456622
40319,L4/5 IT,0.20614362,0.03436619
40317,L6 CT,0.13490844,-0.29886484
135473,VLMC,0.009151995,0.39974123
135428,L5 IT,0.18719625,-0.048910886
87100,L6 CT,-0.23627692,-0.033305675
193930,L5 IT,-0.27219498,0.14273018
209711,L6 CT,0.17343628,-0.43693656
135041,L5 IT,-0.095980585,0.041294694
256959,Oligo,-0.28272083,-0.090345204
135113,Oligo,0.30852365,-0.18888015
34771,L5 IT,0.2917874,-0.22146451
4728,L5 IT,0.1347239,-0.044317603
193969,L4/5 IT,0.12396461,0.08431828
247320,L6 CT,0.15150702,-0.3562685
146414,L6 CT,-0.21487579,-0.0845429
87175,Micro,0.41136146,-0.060367435
69758,L5/6 NP,0.07444501,0.016370296
25355,L4/5 IT,-0.16488683,0.22221231
146407,L5 IT,-0.25351977,0.16256475
146397,L5/6 NP,0.25418347,-0.11403772
15120,Astro,-0.33781308,-0.060937673
34785,Peri,0.087314725,0.221425
240638,Peri,-0.17586204,0.2965415
183109,Oligo,-0.004451722,-0.11945051
190198,Oligo,-0.0076878965,-0.27516633
146319,PVM,0.14686286,0.22689974
231114,Endo,0.06560856,0.30383134
40146,Peri,0.104352474,0.22473401
227241,Micro,0.3356074,-0.2113289
135711,VLMC,0.4183162,0.13737291
256820,Endo,0.113356054,0.28656286
193797,L4/5 IT,0.3326391,-0.099498
40127,Pvalb,0.020263672,0.103977025
17061,L4/5 IT,-0.15268415,0.22187239
209791,L2/3 IT,0.12243223,0.170699
190240,L4/5 IT,0.05271715,0.10604864
10027,L6 CT,0.19436955,-0.31441295
4660,L6 CT,0.18225086,-0.41610152
167609,Endo,-0.17483446,0.30524045
135789,Astro,0.086101055,0.19768977
40304,L2/3 IT,0.38007855,0.053203344
256824,Astro,-0.3141644,0.17718738
77129,Astro,-0.17245215,0.1928289
184243,L6 CT,-0.45819375,0.036381245
256840,L4/5 IT,-0.17675745,0.24565446
146352,L6 CT,-0.08130872,-0.115356
23500,L5 IT,0.11345106,-0.057818055
135572,Endo,-0.2260533,0.35229838
40207,L5 ET,-0.13243505,0.060754
10024,Endo,-0.008655608,0.18677408
190209,L2/3 IT,0.1382556,0.234617
40201,Peri,-0.12841895,0.019219816
25336,L5 IT,0.13548183,-0.0891279
209778,Oligo,-0.21573845,-0.17858204
167678,L2/3 IT,0.3725381,0.054692626
246718,Peri,-0.39896497,-0.15043437
135652,L6b,-0.19060826,-0.14329109
184239,Oligo,-0.3032752,-0.15351492
86624,Endo,0.077088535,-0.16361102
15019,L2/3 IT,-0.20851073,0.30711085
64335,Oligo,-0.3710614,0.118816316
195434,L2/3 IT,0.13637167,0.22129601
212973,OPC,-0.0063830316,-0.3449379
195421,L6 CT,-0.16241843,-0.058809817
130937,L4/5 IT,0.073720455,0.12189829
189639,Endo,-0.1724563,-0.044451177
195410,Oligo,-0.15393478,-0.26869163
130868,L4/5 IT,-0.24138516,0.23955029
66842,Oligo,-0.11710033,0.15413576
168974,L6 CT,-0.16498008,-0.13485658
131017,L6 IT,-0.13095176,-0.015095562
247432,L6 CT,-0.004617065,-0.070777655
189652,Endo,-0.27767897,-0.19091928
131030,L6 CT,-0.46103567,0.0068216324
131067,L2/3 IT,-0.18143204,0.36579496
243547,VLMC,-0.1110087,0.4637428
195345,L6 CT,-0.0349375,-0.068547875
42602,L4/5 IT,0.28030747,-0.03133896
182650,Oligo,0.10787457,-0.2917232
22808,L4/5 IT,0.36642832,-0.09726173
82674,L6b,-0.25966078,-0.029892415
272862,L6 IT,-0.20207238,-0.010412425
130729,L2/3 IT,-0.0145303905,0.24275118
88733,Oligo,0.004604161,-0.34880596
217471,L6b,-0.010290116,-0.266211
277742,Oligo,0.006908059,-0.36276132
251133,L2/3 IT,-0.22425202,0.32501578
209208,L5/6 NP,-0.20611829,0.11657864
64019,L6 CT,-0.40300304,-0.007034421
34051,L5 ET,-0.10475108,0.032033145
66853,L6 CT,-0.23276666,-0.063164145
248365,L4/5 IT,0.39034528,-0.089558184
279483,Endo,-0.0045644343,-0.21238795
3329,L5 ET,-0.19729659,0.13247454
42692,OPC,-0.02520883,-0.35570627
168951,L4/5 IT,-0.02934131,0.22849303
184422,L2/3 IT,0.2784624,0.13740033
272930,L5 IT,-0.15063366,-0.06204787
88502,Astro,0.16313022,0.21860069
239397,Endo,0.38554776,-0.09939566
195236,Endo,0.26009303,-0.2249831
272941,OPC,0.13752365,0.29119402
168871,L5 IT,-0.18238193,0.062324464
82781,Astro,-0.2917124,0.121310174
131400,Peri,-0.1126554,0.2833547
227527,L4/5 IT,0.2997731,-0.11652908
195208,L2/3 IT,0.11382085,0.22734594
131462,Endo,-0.23371032,0.27057928
248731,L4/5 IT,0.07611418,0.12284583
168854,L6 IT,0.11980426,-0.2889637
131469,L5 IT,0.25661063,-0.087477535
131446,Astro,0.28459418,0.24027056
257596,L5 ET,0.18116635,-0.11894199
277740,L5 IT,-0.22601837,0.16160637
274390,L2/3 IT,0.41098672,0.011384904
42516,L4/5 IT,0.2464552,0.005961001
42512,Astro,0.24527967,-0.2180706
42505,L6 IT,-0.39298567,0.14067471
82758,L2/3 IT,0.29999346,0.18121046
34136,L4/5 IT,-0.018431723,0.1512981
131156,Oligo,-0.22809446,0.2869432
131306,L2/3 IT,0.29558188,0.16124797
215562,L5 ET,-0.059722543,0.029180765
42461,L4/5 IT,0.2026065,0.09163153
257563,Astro,0.0815106,-0.4271636
209252,L5 IT,0.02929777,-0.013432533
131231,L5 IT,-0.11525419,0.08622712
3339,Micro,-0.30154315,0.20226002
184419,Endo,-0.09573245,-0.20954919
224521,L5 ET,-0.2926187,0.20150763
88467,L4/5 IT,0.10800552,0.11498129
148059,Astro,0.031130552,0.35759324
88775,L4/5 IT,-0.17548668,0.2413038
33931,L5 IT,-0.06918892,0.07882881
251086,L6 CT,-0.06670174,-0.20120779
14832,Oligo,-0.30464244,-0.15198585
129976,L5 IT,0.05492133,-0.06028211
33942,Pvalb,0.07905477,0.13199627
251088,L2/3 IT,0.17528695,0.22419095
264900,PVM,0.3040927,0.17992413
77355,Sst,-0.2688324,0.16512036
231371,L6 CT,-0.20124304,-0.10238898
42922,L6 CT,-0.058950037,-0.05543968
75434,L6b,-0.41522846,-0.0044213533
130091,L6 CT,0.18228853,-0.41547024
130127,L2/3 IT,0.29236466,0.056319594
42910,L6 CT,0.19595462,-0.28812551
195688,L6 IT,-0.15062422,-0.052966714
1083,L2/3 IT,0.21976572,0.21784979
195717,Astro,-0.20172927,-0.12491402
43047,L6 IT,-0.15725037,-0.095300585
129676,Endo,-0.021992356,0.3027665
129717,L6 CT,-0.2698585,0.067979395
217533,L6 CT,-0.0874756,0.004227042
189534,Oligo,-0.07373485,-0.24307856
1067,Peri,-0.015998125,0.22196901
251074,SMC,-0.13183367,0.428891
213689,L5 IT,0.32871342,-0.22773221
129776,L6 CT,0.15043998,-0.3646388
129860,L4/5 IT,-0.13772371,0.19286257
227622,Oligo,0.0020745397,-0.19060141
43056,L5 ET,0.24689579,-0.20223519
251078,L4/5 IT,0.20481974,-0.0040258765
217524,L6 IT,0.2600205,-0.19175613
11295,L5 ET,-0.0013628304,-0.01491484
241664,L2/3 IT,0.15085393,0.24091578
42697,L5 IT,0.31670964,-0.19734019
130155,L4/5 IT,0.3642856,-0.12258902
276366,Endo,-0.27366358,0.062145233
264923,L5 IT,0.048936725,-0.013322711
130387,OPC,-0.04266721,-0.34196383
130388,L5 IT,-0.24440852,0.14716327
82632,L6 CT,0.21301699,-0.3332547
217493,L6 CT,-0.023778051,-0.18696013
88855,L4/5 IT,-0.02326855,0.24164575
148166,L6 IT,-0.20654607,-0.037463695
88854,OPC,-0.42787904,-0.0137426555
278439,L6 CT,0.12697327,-0.2621266
69612,L4/5 IT,0.09075868,0.16820449
224433,L5 ET,-0.3212971,0.16041261
195526,Oligo,-0.096267015,-0.22213954
130629,L4/5 IT,0.13623732,0.010190487
242833,Astro,0.35521847,-0.04485765
11111,L4/5 IT,0.07561511,0.17247814
209153,L6 CT,0.07551956,-0.23054153
242831,L4/5 IT,0.29710215,-0.045978457
130320,L2/3 IT,-0.015458494,0.36590546
33955,Astro,-0.13409862,0.20611256
25639,Oligo,-0.041858643,-0.1778059
63895,L6 CT,-0.21245983,-0.03482908
248357,L4/5 IT,0.16337359,0.029937804
66883,L5 IT,0.3105538,-0.1518333
257748,L4/5 IT,0.13496387,0.08990711
148177,Vip,-0.18899384,0.42244816
189562,Endo,-0.21564275,0.3242283
163715,L6 CT,0.19841707,-0.33273527
66882,L4/5 IT,0.23453987,-0.06401658
130282,Endo,0.2906561,-0.20290235
22770,L5 IT,-0.33322525,0.16815728
130292,L5 ET,0.27657753,-0.19618219
189571,Oligo,-0.047848493,-0.28073302
63902,L5 IT,0.29837024,-0.118267685
257243,L6 IT,-0.14190778,0.06487191
266020,L2/3 IT,-0.19997361,0.2899934
64129,Pvalb,-0.18516561,0.23709363
273027,Lamp5,-0.21729416,0.34867233
9896,L2/3 IT,0.11531496,0.21503109
257327,L5/6 NP,0.1237784,-0.04992369
132561,L6 CT,0.18851185,-0.30782825
88099,L5 IT,-0.029530823,-0.050652742
168510,Peri,0.1657815,0.2516536
189832,L5 IT,0.35166335,-0.13343903
241576,Astro,0.0075613856,-0.37985635
64248,L2/3 IT,0.092978954,0.26782167
227439,L2/3 IT,0.08553201,0.2760272
34419,VLMC,0.31795347,0.2171641
4954,L2/3 IT,0.23631042,0.16465187
41696,Endo,0.058919728,-0.36101648
147327,Endo,0.3351159,0.16860896
224854,Micro,-0.021157265,0.29765266
132671,L2/3 IT,0.28090256,0.04050976
278560,L5 IT,0.35302263,-0.17026046
132484,L6 CT,0.14106995,-0.39747214
182827,Peri,-0.0960955,0.20117426
41821,L2/3 IT,0.20696467,0.11862725
132405,L6 CT,-0.1506522,-0.1032078
182828,Peri,0.007845521,0.17052573
132407,L6 CT,-0.43592334,0.032216728
88133,Astro,0.19724149,0.20225453
88113,PVM,-0.026649863,-0.3023107
77256,L4/5 IT,0.07398206,0.10728109
209381,L6 CT,-0.25598392,0.049964547
23084,VLMC,0.16831648,0.3516702
257332,Astro,-0.019562632,-0.3956096
132473,SMC,0.12311357,0.20512432
88117,Oligo,-0.1846604,-0.1559884
233966,L6 CT,0.21326739,-0.31341314
132450,Oligo,-0.1436485,-0.21052408
168572,Endo,0.094965994,0.2549821
194759,L2/3 IT,0.14018548,0.21864188
163971,L6 CT,0.06357008,-0.11168158
257272,L2/3 IT,-0.18870935,0.34513032
168376,L4/5 IT,0.3802113,-0.11865282
41546,Vip,-0.2509942,0.33248413
25476,L6 IT,-0.05908227,0.012115061
133047,L5/6 NP,0.12961298,-0.03698629
23159,L4/5 IT,0.115361094,0.14806181
23150,L6b,-0.2595114,-0.1274401
230430,Astro,0.122339785,0.25228286
209436,L6 IT,0.09290844,-0.21310174
82991,Astro,-0.16178226,-0.22726238
41451,Oligo,0.06556845,-0.42617562
238558,Peri,-0.009260267,0.15410239
168341,L6b,-0.46611762,-0.037424743
241567,Astro,0.16630167,0.27180672
82975,L6 CT,0.010167122,-0.206837
88062,L4/5 IT,0.08624035,0.1367507
257278,Astro,-0.3587315,-0.043450624
87961,L6 CT,0.17462814,-0.37728667
163972,Oligo,-0.116347075,0.0048259497
25512,L5/6 NP,0.2624935,-0.09579328
41662,Peri,-0.019860983,-0.29929364
132708,L4/5 IT,0.27169663,-0.021514326
12181,Oligo,-0.26334333,-0.14898726
273058,Endo,-0.035483688,0.37751836
164013,L6 IT,0.06904626,-0.2166372
168435,Astro,-0.11791772,0.20183772
14995,L5 IT,0.27612078,-0.16755116
10517,L5 IT,-0.22031224,0.090551674
209408,L5 IT,0.14790988,-0.028771639
23141,L2/3 IT,0.02437365,0.3113525
132847,Astro,-0.04038161,-0.27981406
132942,L6 IT,-0.22888878,-0.057241917
82917,L6 CT,-0.1658487,0.02884692
195185,L5/6 NP,0.18580031,-0.24294513
64235,Astro,-0.2513815,0.29060924
132322,L6 IT,-0.41816783,0.05973512
131716,Oligo,0.01618576,-0.35234627
147688,L2/3 IT,0.015093029,0.26953483
242843,Oligo,0.0544433,-0.29148376
34275,Sst,-0.2179788,-0.123794675
88360,Vip,-0.16809875,0.19811893
131776,OPC,0.045961857,-0.24704883
168769,Vip,0.047751784,0.26321363
212994,Astro,0.2920466,0.21175689
231319,Peri,-0.3003177,0.25283653
131795,L4/5 IT,0.3473571,-0.051572055
209309,Endo,0.021992922,0.25934827
195104,Endo,0.44800115,-0.009389639
11272,L4/5 IT,-0.18449649,0.22835875
131893,Peri,0.19536585,0.14002419
131794,L5 ET,-0.114975154,0.0468868
131898,L4/5 IT,-0.081009895,0.17630404
22963,Pvalb,-0.24530986,0.30233902
147707,Endo,0.22446305,0.26594698
147808,Astro,-0.25697535,-0.121228874
42268,Lamp5,0.27115804,0.23964578
238724,Endo,0.18240434,0.29497433
217439,Oligo,0.067581534,-0.33646923
212987,Astro,0.17194873,0.1762178
213630,PVM,0.1664328,0.2515424
11288,L5 IT,0.15309972,-0.114681035
42221,Endo,0.03810954,0.2003774
131628,Astro,0.033884406,0.23770267
235501,L5 ET,0.3140208,-0.16195822
257478,Vip,0.45594436,-0.014626712
88409,L6 CT,-0.017171979,-0.15624428
9856,L4/5 IT,0.044431448,0.06364834
14922,L5 ET,0.052535594,-0.020551622
17128,L4/5 IT,0.24353403,-0.0014531016
224791,Lamp5,0.10987365,0.32861364
131905,L5 IT,-0.3505922,0.0553149
248725,L6 CT,-0.22141221,0.077370405
254866,L5 ET,0.21708226,-0.15775406
163929,SMC,0.21456498,-0.359406
42005,L5 IT,0.10696983,-0.10254085
194952,L6 CT,0.21205866,-0.34329188
241604,Oligo,-0.4358698,-0.028287232
132173,SMC,0.015595198,-0.2356605
189761,Endo,0.21048498,-0.04153511
147427,L4/5 IT,0.09859496,0.022344232
147426,Oligo,-0.034543097,-0.10721874
217405,L2/3 IT,-0.14482886,0.33142138
194928,L6 CT,-0.30989426,0.06230235
257362,L5 IT,-0.3247605,0.0724529
121644,L5 IT,0.25119412,-0.21417466
88193,L4/5 IT,-0.17455548,0.22433859
75686,L2/3 IT,0.16332102,0.21781796
131918,Endo,0.3210469,-0.19180527
163918,L6 CT,0.1795308,-0.32392645
23034,Oligo,0.17379206,0.0032206774
88302,L6b,-0.12509,-0.17076772
224671,Astro,-0.113042235,-0.21914253
34288,L5/6 NP,0.04047829,-0.07427201
230397,L6 IT,-0.31089348,0.051195562
147589,L6 CT,0.17937475,-0.29201496
131970,Astro,-0.062131554,-0.20674154
132061,Peri,-0.030979902,-0.29310185
254853,L4/5 IT,0.40110272,-0.06901193
241197,Astro,-0.22975108,0.049889207
215554,L5/6 NP,0.18617237,-0.3545683
248721,L6 CT,-0.12326923,-0.14909154
77275,Peri,0.28126407,0.21872139
235659,Oligo,0.26155174,-0.18773234
147549,Pvalb,-0.27617666,0.25823534
184394,L6 CT,0.0796181,-0.2963094
43127,L2/3 IT,-0.15921342,0.34181654
4547,L2/3 IT,0.13153994,0.13592845
237465,L6b,0.14850354,-0.33847895
85065,Oligo,-0.26794446,0.14932019
12284,VLMC,0.34464604,0.1956585
24437,Endo,-0.39719108,0.016807616
35789,Micro,0.33635223,-0.12703255
37353,Astro,0.17333108,0.32798755
269060,L4/5 IT,-0.0841499,0.21271569
37372,OPC,-0.3285833,0.075423956
165970,Endo,-0.23181191,-0.18117449
215462,L5/6 NP,0.15960032,-0.014264971
144228,L5 IT,0.20917249,-0.14084485
144225,L6 CT,-0.018529564,-0.15134284
240587,L6 CT,-0.32476735,-0.031540036
239783,L6b,-0.12895617,-0.18885297
241397,L6 CT,-0.13595659,-0.07923177
141185,L5 IT,0.015704036,0.08598763
85023,L2/3 IT,0.14559346,0.23663402
237622,L5 IT,0.08943796,-0.07936412
141076,Lamp5,0.094150364,-0.20557901
166082,Pvalb,-0.264974,0.19698012
191932,L4/5 IT,-0.25515455,0.25213242
85126,L6 CT,0.20562178,-0.3267897
268924,L2/3 IT,-0.20670167,0.3365519
248540,Sst,-0.2925598,0.14432895
37411,Pvalb,0.063399434,-0.19411263
255501,PVM,-0.08879039,-0.26137307
144282,Oligo,-0.12679651,-0.25461483
166041,L5 ET,-0.12442553,0.076189995
226204,L4/5 IT,0.38781428,-0.11673027
216913,L4/5 IT,-0.18959534,0.28385568
144278,L5 IT,0.3432989,-0.12027863
83971,L6 CT,0.19232136,-0.41808653
24417,Oligo,-0.37536722,-0.104299635
255490,L6 CT,-0.3074962,0.063815415
140870,L5 IT,0.05193591,0.073219776
65688,L5 ET,0.04347557,0.039066553
191824,L6 IT,-0.2654405,-0.0037733018
190938,PVM,-0.019422501,-0.31573936
233788,Micro,-0.20980677,-0.2413789
15487,L6 CT,-0.14582011,-0.086675465
226350,Endo,-0.12893447,0.16705728
230793,Astro,0.0065122843,-0.378606
141556,L4/5 IT,0.101561666,0.15722239
66218,Pvalb,-0.2621983,0.23002517
76850,L6 IT,-0.08508015,-0.14298248
35870,Endo,0.14186275,0.24060929
141583,Micro,0.31430537,-0.21613735
165836,Lamp5,0.030030549,0.38763785
144037,SMC,-0.2628351,0.12378234
278309,Endo,-0.21996686,0.37055516
144035,Peri,0.16717482,0.18150425
255546,Oligo,0.031124473,-0.33581287
141271,Astro,0.28464794,-0.15423661
248495,SMC,0.17261237,0.29690653
251662,Oligo,0.44290978,0.08763379
210451,OPC,0.08709288,-0.045040607
37242,Micro,0.23318237,-0.08246961
191809,Oligo,-0.1941565,-0.16970971
66227,Micro,0.19013101,0.30313224
210788,L2/3 IT,0.14644009,0.2059297
273800,Peri,-0.06684333,0.25751173
255971,Pvalb,0.047491074,0.09417945
144164,L6 CT,0.21658224,-0.25791514
165895,L2/3 IT,-0.19920436,0.31947303
165889,L2/3 IT,0.30280137,0.1558218
165057,Astro,-0.18062115,0.2974884
230602,Astro,0.057810068,-0.3468693
267029,SMC,0.014924765,0.22318435
141458,L4/5 IT,0.22316873,-0.032717407
248521,L2/3 IT,0.41223526,-0.057243437
84081,Micro,-0.093302995,0.36605233
210423,Endo,0.26939124,0.11474013
164968,L2/3 IT,0.236772,0.17329729
140214,Lamp5,0.108071566,0.030175269
239789,Pvalb,-0.33036423,0.1655913
85399,L5 IT,-0.12983543,0.115211606
276089,L5 IT,0.015717685,0.007228613
251572,Astro,0.34694052,-0.1827395
76934,L2/3 IT,0.25151664,0.17651653
140185,L6 CT,0.11274564,-0.20349523
190786,L4/5 IT,0.21955496,0.07594705
37747,L4/5 IT,0.08472234,0.08298981
241295,L6 CT,0.051317036,-0.16275167
140334,L2/3 IT,0.03940147,0.17184252
183558,L6 CT,0.13301063,-0.27993715
166237,Endo,-0.17303324,0.15093476
140336,L2/3 IT,0.18981749,0.20124483
166252,L4/5 IT,0.021775067,0.14262176
140341,Astro,-0.16737911,0.45712876
190774,L6 CT,0.08196676,-0.25951046
216948,Endo,0.08095729,0.044020474
37967,VLMC,0.35860837,0.18146044
76474,L6 CT,0.06868422,-0.16351071
25083,Astro,0.0012177229,-0.38520375
192297,OPC,0.17586994,-0.2682312
215387,Oligo,-0.01340884,-0.02885741
234883,L2/3 IT,-0.20344824,0.35910362
65519,L4/5 IT,-0.15964854,0.20129198
85479,L2/3 IT,0.2010228,0.20315558
246961,L2/3 IT,-0.1809695,0.31864983
192250,L6 CT,-0.24757868,-0.046340913
85450,Pvalb,-0.21106645,0.15568471
140092,OPC,0.3518626,0.037907124
3650,Peri,0.083266675,-0.34027663
268294,Vip,-0.012742788,0.20268166
268914,L4/5 IT,0.38709432,-0.13811645
164976,L5 IT,0.33867908,-0.11729592
166231,Pvalb,0.15706068,0.22393471
183565,Oligo,-0.016750008,-0.2660957
37600,L6 IT,-0.40110722,0.08291972
251603,L6 CT,-0.129399,-0.1283828
85266,Astro,-0.27153444,0.04608357
140608,L6 IT,0.1133576,-0.18784818
140626,Sst,0.08103883,-0.10893422
243985,L6 IT,-0.2577362,0.025223732
37601,L5 ET,-0.035075992,0.06352633
140641,L6 CT,-0.4177691,0.021068037
226925,L2/3 IT,0.466547,-0.052568465
190836,L4/5 IT,0.38353634,-0.14062002
25058,Micro,-0.15238267,-0.043839127
76549,L2/3 IT,-0.065146714,0.3556224
226913,VLMC,0.3271339,0.23430151
238578,Vip,0.029842436,0.30266482
166143,L5 IT,-0.31573296,0.07128042
267106,OPC,0.03679812,0.10443783
255461,L2/3 IT,0.36928785,0.0017467141
37622,L5 IT,0.34273458,-0.1981808
37722,Astro,0.064710855,-0.20786351
255449,L6 CT,0.22850269,-0.3272677
247171,L2/3 IT,-0.09662819,0.26436418
251582,L6 IT,0.16173738,-0.26779026
140398,Sst,0.057438314,0.3110233
237584,Oligo,-0.06553769,-0.3038449
140547,Peri,-0.2326926,-0.14173687
243914,L6 CT,0.061914742,-0.20215198
279637,L6 CT,-0.2207607,-0.010700166
24329,Astro,-0.43524754,-0.16757783
256098,L6 IT,-0.41862416,0.06495589
140483,PVM,-0.25845855,0.2092858
210394,VLMC,0.30995482,0.23658162
37624,Lamp5,-0.013256967,-0.2711157
140428,L2/3 IT,0.15543187,0.25035715
139866,Oligo,-0.05584979,-0.20338428
242936,L6 IT,-0.28258675,-0.03466305
226402,L2/3 IT,0.065342605,0.2593338
191366,Micro,-0.1677058,0.15490091
3843,L5 IT,0.37311018,-0.058292955
143636,Pvalb,-0.2296054,0.16308898
165457,Oligo,0.11030817,-0.39753675
233340,L6 IT,0.247033,-0.25215375
142846,L2/3 IT,0.3840286,-0.0736973
3850,L6 IT,-0.26053846,0.026117444
142857,L6 CT,-0.24269968,-0.06630942
36493,L4/5 IT,0.0036175847,0.11219752
165439,L2/3 IT,-0.19865099,0.2944005
36487,Oligo,0.067065895,-0.39260954
36481,L6 CT,-0.26702267,-0.035765707
24760,L6 CT,-0.002660036,-0.12233397
265709,L4/5 IT,-0.21067235,0.2773462
12249,L5 IT,0.011830866,0.09447545
280101,Astro,-0.17568117,0.30041885
165482,Peri,-0.106913,-0.010690242
215422,L6 CT,0.23673195,-0.36272496
142629,L6 IT,-0.17998004,-0.008397311
3729,Astro,0.1991471,0.27615315
36068,L5 IT,-0.143112,-0.11509141
36571,L2/3 IT,-0.17474845,0.34777743
216812,L6 CT,0.17298704,-0.332291
36559,L2/3 IT,0.06733924,0.2295155
210635,Oligo,-0.021181017,-0.31105828
24699,L5 ET,0.25890028,-0.096384734
230637,Endo,-0.31198525,0.24565768
210621,PVM,0.47057468,0.014519572
216808,L2/3 IT,-0.18916816,0.3326835
36536,L5/6 NP,-0.07545853,0.092205465
241349,L2/3 IT,0.15576303,0.2421183
183885,VLMC,0.2395938,0.31582814
142695,L5 IT,-0.1118193,0.06520182
84596,Oligo,-0.19273728,0.0942148
247084,L2/3 IT,0.28620523,0.15330327
191350,Micro,-0.00094768405,-0.073996335
15586,L4/5 IT,-0.2686652,0.24806774
69951,L4/5 IT,0.32100326,-0.031258345
143216,Endo,-0.30832464,-0.02902484
3788,L6 CT,0.16670644,-0.3225364
143493,Micro,0.004809141,-0.05964896
143222,Endo,-0.28818882,0.23728126
255634,Astro,-0.08276829,-0.19921681
165364,L2/3 IT,-0.17435941,0.28049958
143223,Astro,-0.34955037,-0.064171076
143231,L5 IT,0.16833943,-0.031918764
255653,SMC,0.16913927,0.33628237
143369,Endo,0.10100967,0.1684891
276033,Peri,0.18724954,0.03094703
247122,L2/3 IT,0.01701796,0.27944964
76766,L4/5 IT,-0.24778551,0.305179
191113,L4/5 IT,0.28450942,-0.013991207
84391,Endo,-0.3453212,0.04626161
36374,Peri,0.0019321442,0.41401154
142931,Peri,0.35691088,-0.09102774
36155,Endo,0.058223307,0.20246392
66009,VLMC,0.23212641,0.29600847
143589,L2/3 IT,0.34933084,0.08289856
215436,L5 IT,0.2720657,-0.1514683
142949,L6 CT,0.20469368,-0.3104511
143123,L6 IT,0.15117669,-0.18573049
66025,OPC,0.17889333,0.30121005
24786,L5 IT,0.28429902,-0.17416221
255680,L4/5 IT,0.28592426,0.036126494
143051,L6 IT,-0.32234767,0.04781431
143550,L5 ET,-0.042886376,0.07420707
191288,L6 CT,0.22688991,-0.3489266
84417,Endo,-0.25625056,0.24383038
191143,L5/6 NP,0.31154126,-0.15101162
191002,L5/6 NP,-0.16248947,-0.025313973
165231,L2/3 IT,0.32976234,0.09665996
65941,L6 CT,0.02190578,-0.09824923
36937,PVM,-0.113107085,0.3640626
143940,L5 IT,-0.036235154,0.07889247
24944,Vip,0.27054596,-0.22834703
165153,L6b,-0.17732272,-0.16994995
36886,L6 CT,-0.17844576,-0.09183854
66148,Lamp5,-0.033204973,0.3304993
226440,L5 IT,0.31861436,-0.17794222
15532,L2/3 IT,0.064180136,0.30033386
142037,L6 CT,-0.12832478,-0.06616357
273866,L2/3 IT,0.3120743,0.14100397
1463,Endo,-0.087705076,-0.37139457
191605,Endo,0.37892294,0.084564924
210741,L6 CT,-0.052393466,-0.09200549
142107,L2/3 IT,0.2866122,0.16404426
241370,L6 CT,0.2083205,-0.37177292
69920,L2/3 IT,0.07919979,0.2623791
191019,L6 CT,-0.2609359,-0.09620109
210758,Pvalb,-0.23356858,0.071444035
84859,Astro,-0.27485073,0.014955699
191708,L2/3 IT,0.07922238,0.21358216
226405,L5 IT,0.2493667,-0.19484726
141730,L2/3 IT,0.14891243,0.21648276
268270,L6 CT,0.14135432,-0.2867172
141741,L4/5 IT,-0.29164857,0.24708033
70017,L2/3 IT,-0.21887961,0.3483553
15620,Lamp5,0.2599129,0.05221498
165777,PVM,-0.20701957,0.019370675
3987,L2/3 IT,0.117967784,0.19791943
84818,L2/3 IT,0.3730288,-0.086675644
36987,L6 IT,-0.31745028,0.019613385
210761,L6 IT,-0.3040454,0.088561416
36977,Astro,-0.09402466,0.24381
183720,PVM,-0.32439595,-0.10595068
36064,L5 IT,0.37715703,-0.15629503
142146,L6 CT,0.0367139,-0.20959687
142181,Pvalb,-0.1701574,0.13608819
165595,L5 IT,-0.29303747,0.077809036
36698,L6 IT,0.03706503,-0.22010887
142428,Endo,-0.3102982,-0.016032249
191472,L4/5 IT,-0.0671961,0.32442153
165579,L5 IT,-0.17423162,0.054495633
15552,L6 CT,-0.14221853,-0.031946927
142367,VLMC,0.3292989,0.22960925
36671,L2/3 IT,-0.18400458,0.32997453
273897,L5 ET,0.28059524,-0.09118211
142515,Astro,-0.09514576,0.19752902
69935,L6 CT,-0.4676522,0.025722265
237704,Sst,0.2581331,0.031522274
65938,Astro,0.17732781,0.13776839
36059,Micro,-0.4103641,0.06939465
10303,L6 CT,0.046408713,-0.22480682
226506,L5 IT,0.0054876804,-0.02165088
16858,L4/5 IT,0.0420202,0.087471604
36020,L4/5 IT,0.028209686,0.16572344
165668,L5 ET,0.10795075,-0.08448619
210734,Pvalb,-0.046797633,0.20142972
3918,L4/5 IT,0.36713237,-0.083109885
142196,L5 IT,0.086731315,-0.10090518
265764,L6 IT,-0.40471932,0.03952104
69921,Oligo,0.043077648,0.1337856
142352,L5 IT,0.18521196,-0.10681978
265680,L6 CT,-0.39260292,0.10917455
267086,L5 ET,0.09844279,-0.006848246
3716,Peri,0.217816,0.109034896
65898,L4/5 IT,0.085297406,0.12849182
191520,Astro,0.013244629,-0.31103414
36018,VLMC,0.009330988,0.4004944
142329,OPC,0.4147966,0.029978931
143851,Endo,0.11214119,0.29633838
231038,Endo,0.05052209,-0.2812819
210325,Peri,-0.13782498,0.13226908
230877,L6 CT,0.09404421,-0.22675526
39102,Astro,-0.20905921,0.22427112
39096,L5 ET,0.13131309,-0.019676894
137795,L5 ET,-0.15657929,0.0776459
145466,VLMC,0.45848566,0.08052766
241258,Micro,-0.10656607,0.39632815
69805,Astro,0.31043726,-0.079428434
137780,Endo,0.09373605,0.2254169
278508,L6 CT,-0.16306216,-0.07111901
227117,Oligo,-0.0061154366,-0.10462549
76263,Oligo,-0.2063187,0.23095399
3570,L4/5 IT,0.3792565,-0.1400496
39067,L5 IT,-0.037087977,-0.025835097
234885,L2/3 IT,0.15237534,0.156133
65138,Oligo,0.055703342,-0.37192672
76260,Oligo,-0.18852463,-0.17486745
137863,L4/5 IT,0.24153608,-0.030984432
279772,Astro,0.29148245,0.23055756
137702,VLMC,0.07188183,0.4150278
65104,L4/5 IT,0.270577,-0.06705323
76214,L2/3 IT,0.118730605,0.22487223
86329,Endo,0.047809362,0.30153745
83588,Vip,-0.007934272,-0.19711933
193148,L2/3 IT,0.38867074,0.02151084
145518,L6 IT,-0.11938885,-0.1547367
193115,L6 IT,-0.22952351,-0.121297926
70238,Oligo,-0.3055405,0.16346365
15278,L6b,-0.01479876,-0.22670045
65114,Astro,-0.013035655,0.31201625
280134,L6 CT,0.19922191,-0.30306292
145517,L4/5 IT,0.14446765,0.089190006
237478,L6 CT,-0.20484483,-0.00045341253
17014,L4/5 IT,-0.1260806,0.1883586
15276,L6 CT,-0.45571777,-0.028609753
12217,L6 IT,0.12062889,-0.13443705
193056,L4/5 IT,0.2505865,-0.047070205
86255,OPC,0.0017186403,0.25615525
184091,L2/3 IT,0.28461868,0.1701169
138190,L5 ET,0.14849406,-0.07742417
138227,OPC,-0.3490299,-0.08872256
38863,L4/5 IT,0.28908485,-0.020281106
76302,L5 IT,0.08683491,0.05322838
210134,Astro,-0.082253695,0.13663083
35273,Oligo,-0.034989,-0.2349379
138305,OPC,0.07600081,-0.24004865
213382,L2/3 IT,0.093289495,0.27290672
25169,Vip,0.32600135,-0.028207988
237494,Astro,0.18413872,0.2858767
23943,Lamp5,0.33420342,0.19754839
138328,Endo,-0.40055627,0.04656464
86099,Endo,0.26742232,0.27097565
23930,L5 IT,0.09241426,-0.16572484
184106,L4/5 IT,0.099821985,0.10187107
35257,Endo,-0.18726772,0.1396563
210908,L4/5 IT,-0.14960924,0.28761452
137900,Oligo,-0.43464118,-0.117431134
145429,L2/3 IT,0.12455648,0.2642883
145425,L6 CT,-0.047927767,-0.15947148
138008,L6 CT,-0.46323398,-0.2413142
240167,L6 CT,0.0878734,-0.23172575
193020,L6 CT,-0.048791945,-0.19683808
183359,L6 CT,0.20555854,-0.34255606
86224,Endo,0.09373295,0.36631024
230958,L4/5 IT,-0.2325606,0.27403855
145404,VLMC,0.27347893,0.27483684
23885,Oligo,-0.4073532,-0.056649536
256483,Micro,-0.2777868,0.31299508
190535,L6 CT,0.19850314,-0.39467221
70218,L4/5 IT,-0.0100566745,0.14546007
193005,L6 IT,-0.27297163,0.11551708
83672,Micro,-0.25051442,-0.08309281
145553,Pvalb,0.13496608,-0.26075768
251446,Astro,-0.00029033422,-0.14819306
4526,Oligo,-0.1636714,-0.21510881
137044,L6 IT,0.046900928,-0.17204753
213428,Oligo,-0.012837946,0.15074748
255216,Oligo,-0.28239882,-0.117868364
265303,Micro,0.08850002,0.1892826
83516,L4/5 IT,-0.23774284,0.28766167
39516,Oligo,-0.26276928,-0.22888616
137126,OPC,0.049243152,-0.2630915
265876,L6 IT,-0.09329915,-0.16507244
164454,L5/6 NP,0.2751289,-0.13302034
137166,L6 CT,0.09827721,-0.25820935
167232,L6 CT,-0.1739687,-0.08846396
167231,L5 IT,0.07270169,0.045729697
39462,Astro,0.35382998,0.10470575
137140,Astro,0.29050642,0.21205217
217142,L6 IT,-0.22346318,-0.012990385
265884,L6 CT,0.17692661,-0.34600753
136948,Astro,0.29631126,0.2025559
4545,L6 IT,0.19298488,-0.28156957
276188,L4/5 IT,0.06550765,0.09295267
136842,L4/5 IT,-0.1865387,0.22683126
256630,Astro,0.05983317,-0.36845452
86590,L6 IT,-0.20019275,0.026248336
267181,L5 IT,0.3534115,-0.1598469
256618,L4/5 IT,0.10559505,0.11883932
145916,Oligo,0.025344193,-0.34238213
136879,Oligo,-0.21765274,-0.05610925
209958,Oligo,-0.0465962,0.27302635
76138,PVM,0.28721565,0.10765737
136899,Oligo,-0.28154838,-0.10305935
145888,L4/5 IT,0.05520153,0.091359735
35042,L5 IT,0.38001937,-0.06688079
276187,Endo,-0.07049179,0.14139253
244035,L5 IT,0.17198724,-0.052724034
35091,Micro,0.261388,0.2633978
86481,Oligo,-0.3006196,-0.12696642
225653,L2/3 IT,0.18663418,0.23308206
230986,L4/5 IT,-0.22108898,0.21542281
66446,L5 ET,-0.16655472,0.081250906
39363,Oligo,0.19724959,-0.10833782
145639,Sst,0.1208877,0.08832955
145610,L2/3 IT,-0.011388481,0.2009061
83543,L2/3 IT,0.38492203,0.0502398
256557,L6 IT,-0.3830987,0.11932862
39337,L5 IT,0.034606993,-0.023018897
145608,Peri,-0.039954305,0.13490069
278297,SMC,0.27875268,0.011608541
17016,L2/3 IT,0.17747033,0.21760124
145575,Astro,-0.36644787,-0.071481526
193168,L2/3 IT,0.1496628,0.2303741
251445,L2/3 IT,0.097525,0.29806024
137228,L4/5 IT,-0.16999987,0.1904546
274233,L5 IT,0.040626228,-0.08666223
273435,Oligo,0.19645798,-0.10401061
65040,Oligo,0.10485768,-0.42210802
137255,Astro,-0.19548926,0.090746164
83533,Astro,-0.3666036,0.17053294
210926,Astro,0.10515422,-0.45002446
76181,L2/3 IT,0.17144758,0.22524977
251909,L5 ET,-0.050822824,0.02456832
190456,Lamp5,-0.014593929,0.42295814
167193,L5 ET,0.22686327,-0.077806234
268302,Endo,0.015685081,0.14267969
76183,L6 CT,-0.17629299,-0.08503157
255259,VLMC,0.28997678,0.26224142
86446,L5 IT,0.077157915,-0.050729126
145692,L2/3 IT,-0.2162787,0.27952075
137335,L6b,-0.07753679,-0.25892928
35125,OPC,-0.24932787,-0.14721176
230568,L6b,-0.1119923,-0.18072867
230947,L2/3 IT,-0.14979947,0.33577454
138355,Endo,0.33069158,0.16231495
227046,SMC,-0.056551874,0.30857688
274165,L4/5 IT,0.24114794,0.005535066
139442,Endo,-0.13215217,-0.13444966
166508,L5 ET,0.034573674,-0.05772981
139447,L6 CT,0.21167374,-0.27998048
256308,OPC,0.1864168,-0.19957411
139430,Endo,0.07709813,0.048439443
15671,L4/5 IT,0.243842,0.102660775
256286,SMC,0.34774834,0.17819351
166488,Peri,0.3642578,0.005878389
216970,Astro,0.047001064,0.39346868
164751,Oligo,0.0950042,-0.4280651
166475,L5 ET,-0.31827193,0.1778773
277477,L5 ET,0.2385611,-0.082487136
139464,Pvalb,-0.3654439,0.022282124
4235,Oligo,-0.13827369,-0.20446008
256320,SMC,-0.2340442,0.021339297
139349,Astro,-0.19486493,0.2643091
38428,L6 CT,-0.2470912,0.10606861
192588,Endo,0.30369818,-0.19281322
247192,PVM,-0.20819288,-0.17553279
76395,Astro,0.021032274,0.26733392
216650,L6b,-0.062508345,-0.20547134
38424,Pvalb,0.24840522,-0.21224076
256338,L4/5 IT,0.26759297,-0.011986464
243518,Oligo,0.11194736,-0.4602944
275991,Oligo,-0.0365732,-0.2248146
210259,Oligo,-0.096711606,-0.22325876
233840,L6 IT,-0.08417633,-0.16544381
38369,Astro,0.49515492,0.041038215
38354,L6 IT,-0.1962272,0.12084937
4261,L6b,0.094472766,-0.30462822
144953,Peri,0.35446775,0.16995573
139200,L6 CT,-0.27533072,0.019998789
183491,Oligo,-0.15089524,0.16064298
4233,Endo,0.29778743,0.008765221
210314,Oligo,-0.06951353,-0.25947678
230891,L4/5 IT,0.3872885,-0.10010749
139743,L4/5 IT,-0.21430063,0.27064174
255435,Peri,-0.38401186,-0.07818788
237570,L2/3 IT,0.07612419,0.22586447
83817,L6 CT,-0.1335733,-0.06384805
216961,L6 IT,-0.26393682,0.0030857325
237797,L4/5 IT,0.05786413,0.1132198
16962,Peri,0.38011324,0.08463913
139812,Endo,0.39554644,0.11894715
216671,Astro,0.15932727,0.27760923
166356,L2/3 IT,0.0027610064,0.32851875
243103,Astro,-0.14602157,-0.19725898
37978,Endo,0.17075366,0.22377127
210319,L5/6 NP,0.28186023,-0.17594424
1403,Astro,-0.0016220212,-0.026227951
139724,L4/5 IT,0.055074453,0.13159513
144752,L6 CT,0.16855359,-0.23734787
139533,Sst,0.09276068,-0.030792743
35541,L6 CT,0.108500004,-0.16494152
256271,Endo,0.04261148,0.24578875
76452,Peri,0.09369969,0.20948637
166448,L2/3 IT,0.193156,0.23120624
213314,Oligo,-0.19886875,-0.1845136
139700,Oligo,0.08712548,-0.26650554
226018,L6 IT,-0.119722396,-0.019241244
15655,Pvalb,-0.09701285,-0.12206459
192424,Oligo,-0.09644973,-0.20135716
139649,Endo,-0.20788142,0.06450099
190731,Endo,0.14268649,0.2356509
4204,L6 CT,-0.20759895,0.07999945
251864,Astro,0.13295108,-0.36080843
139587,Micro,-0.010093659,-0.05674714
145246,Astro,-0.06717497,0.4494185
139176,Endo,0.14727569,-0.2638132
242913,Astro,-0.15691996,0.31959957
138559,Endo,-0.0590097,0.08232838
10144,Pvalb,0.04731059,-0.18207341
215353,L4/5 IT,0.05238259,0.12849885
138641,L6 IT,-0.31288975,0.046377003
70196,L2/3 IT,0.19259173,0.23807985
190646,Astro,0.27236736,-0.057041734
4380,OPC,-0.14208525,-0.23261136
138687,Oligo,-0.13302004,-0.2382093
251889,L2/3 IT,0.37872827,-0.05547902
15342,Endo,-0.082386136,-0.25829804
210215,Vip,0.14543295,0.29868525
38610,L5 ET,0.34672862,-0.26293358
24037,Oligo,0.023805082,-0.35111657
166720,L6 CT,-0.12919593,-0.11477518
138728,L2/3 IT,-0.0062553287,0.21641165
85880,VLMC,0.34195256,0.21148586
138538,L2/3 IT,0.23141843,0.18329024
138497,L6 CT,0.15047044,-0.21873811
138357,Oligo,0.04145789,-0.23058456
86096,VLMC,0.16072029,0.33431697
269166,L6 CT,0.09359568,-0.32166857
266997,Pvalb,-0.17904618,0.28587914
210148,Micro,0.10845816,0.31877524
138405,Pvalb,-0.28091127,0.23889112
183399,L6 CT,-0.18483159,-0.07688266
273551,Pvalb,-0.23873553,0.26032555
248437,L2/3 IT,0.13981241,0.18686068
225831,L6b,0.0958451,-0.35608125
164625,L6 CT,0.11140251,-0.21986929
237807,Micro,-0.2798977,0.15108377
86025,Astro,0.19805497,0.2665956
4398,SMC,0.13580632,-0.3903259
38761,L2/3 IT,0.16067266,0.27118587
230553,L6b,0.15750617,-0.34843427
38602,Oligo,-0.44388232,-0.08578804
145088,L6 CT,-0.31698173,-0.040068775
269123,L5 ET,-0.11420688,0.08769792
24083,L6 IT,0.16056317,-0.2540147
38516,Peri,0.1524198,-0.30602342
139008,Astro,-0.25708055,-0.16189265
235574,PVM,0.21424413,0.20073533
139057,L2/3 IT,0.036482334,0.28048187
192665,Sst,-0.2322295,0.15212679
239160,Micro,-0.16601959,0.25380772
38472,L5 IT,-0.005541533,-0.08374983
139141,L6 CT,0.0041451454,-0.18811452
139142,L6b,-0.035161167,-0.2127991
192614,Oligo,-0.0568718,-0.297337
145004,Oligo,0.027808309,0.1706636
139169,L2/3 IT,0.05567473,0.19630843
83746,L2/3 IT,0.35565054,0.03364098
12335,L5 IT,0.09490228,-0.034750342
183437,L2/3 IT,-0.18094748,0.32525218
192675,L5 IT,-0.107382745,0.13400137
10159,L6 IT,0.27653462,0.23916739
38587,L6 CT,-0.26413184,0.016119123
24054,L6 IT,0.10396445,-0.21856466
145085,Pvalb,-0.19134474,0.12566215
138836,L5 ET,0.06321359,-0.047266185
85834,L2/3 IT,0.31690615,0.0914433
192671,Pvalb,0.019470036,0.288253
225895,Micro,0.2775311,0.010879755
38562,L6 IT,-0.0961172,-0.081037015
184065,L6 IT,-0.40041536,0.07063848
38558,Oligo,0.0884648,-0.25729936
184063,L2/3 IT,0.40823513,-0.0034681559
145044,L5 IT,-0.09593025,-0.009709269
1569,L2/3 IT,0.27809674,0.116827846
85832,L4/5 IT,-0.24243706,0.28915232
9787,L5 IT,-0.024639279,-0.11079046
259375,L2/3 IT,0.4184379,-0.011422545
235723,L2/3 IT,-0.16632664,0.3515635
5561,Micro,0.23588628,0.24472529
26027,Peri,-0.037465006,0.23094463
44619,L6 CT,0.19923574,-0.2841221
196972,VLMC,0.32344663,0.24900413
250875,L6 CT,-0.22583279,-0.09979701
170339,L4/5 IT,0.29510957,0.008784175
274551,L4/5 IT,0.37595397,-0.1141381
126546,L6 CT,0.111381054,-0.2947498
11369,Peri,0.09981012,-0.41629875
171340,Astro,-0.0749473,-0.26455677
5579,L6 CT,-0.27094567,-0.054422647
149505,L2/3 IT,-0.039567143,0.2742296
170347,L6 CT,0.18596917,-0.22260758
21767,L6 CT,0.010681272,-0.16047049
126511,L2/3 IT,-0.1727353,0.2899242
123341,Astro,-0.20224756,-0.20025524
25829,Micro,0.14281422,0.3213449
90167,Micro,0.22986871,0.10741216
21770,Micro,-0.1149112,0.32946193
231581,L6 CT,0.088379204,-0.29583624
170366,L5/6 NP,0.041078687,-0.11433822
197025,L5 ET,0.24543941,-0.17654756
90187,L2/3 IT,0.1291548,0.21158046
223737,L4/5 IT,-0.074335575,0.19727486
46376,L4/5 IT,-0.21573344,0.2957924
32563,Endo,0.30840826,0.05831957
123233,L5 IT,-0.17328387,0.08751273
266132,L2/3 IT,0.07973021,0.28968406
957,L5 ET,-0.057839453,0.021901608
235240,Astro,-0.015440822,0.37889612
17225,L2/3 IT,-0.105365545,0.2666713
163412,L4/5 IT,-0.23290521,0.30307114
126734,L6 CT,-0.2094203,-0.06040454
233233,L5 ET,-0.066731155,0.03701198
250669,SMC,-0.29273054,0.12874371
170271,L2/3 IT,-0.1930843,0.31833887
956,L4/5 IT,0.020799756,0.1629945
123187,Astro,0.0837208,-0.39810565
197026,L6 CT,0.102768004,-0.12125498
62684,L4/5 IT,-0.12344086,0.17674845
46390,L6 IT,0.05990535,-0.24038824
44537,Lamp5,-0.08158451,-0.04880634
70731,Vip,0.085903704,-0.12461275
150811,Endo,0.026291251,-0.2704372
196948,L6 IT,-0.19764695,-0.09861544
275870,L5 IT,-0.11072308,0.019254088
44556,L4/5 IT,-0.23061028,0.25201178
250889,L6 CT,0.18518347,-0.2692253
44559,Endo,-0.31903115,-0.048989415
22231,L6 CT,0.09414303,-0.232481
269521,Oligo,-0.16100132,-0.24221906
126729,Sst,-0.017032504,-0.14874458
254272,Astro,-0.39099634,0.08372319
3155,L4/5 IT,-0.016585052,0.19930106
231584,L6 CT,0.14012235,-0.14955491
44792,L6 CT,-0.1321466,-0.03360921
90250,L5 IT,0.3498943,-0.15966085
171279,L6 CT,-0.37485492,-0.044964045
234895,L6 CT,-0.11304721,-0.053002775
126228,L4/5 IT,-0.11646134,0.14075047
170455,Astro,0.27574843,0.1803121
215149,L5/6 NP,-0.02849549,-0.067815244
223682,L6 IT,-0.16713247,-0.11386469
82089,Astro,0.06489599,0.37760538
181834,L5 IT,0.22166902,-0.04162973
163343,L6 CT,-0.16173133,-0.08941916
82088,L6 CT,-0.26327413,-0.085672945
3030,Astro,0.26708192,0.25886077
126141,L4/5 IT,-0.04944542,0.123019755
254284,Endo,-0.41554886,0.051252544
197123,Vip,0.123084605,0.056016028
90287,L4/5 IT,-0.07722488,0.16820598
272280,L6 IT,-0.36754012,-0.0011520684
149700,L6 CT,-0.2208333,-0.03283155
150697,Oligo,0.0028501153,-0.2581969
33180,L5 IT,0.004865408,-0.06401387
170490,L6 CT,-0.2299386,0.0015816689
81703,Sncg,-0.4663515,-0.18428221
208747,L2/3 IT,0.091489136,0.21070993
149558,L6 CT,0.16627061,-0.31042594
272276,Lamp5,0.26130468,0.098006964
264663,L6 IT,-0.32157344,0.061561823
279377,OPC,-0.3516056,-0.028849006
32591,L4/5 IT,0.29688525,-0.04361406
126356,L5 ET,-0.07785225,0.10030335
197947,L4/5 IT,0.39912295,-0.049547195
123370,Micro,-0.3844004,0.017283916
46354,Oligo,0.113152444,-0.44104987
171309,Astro,-0.12575379,0.17612243
123382,L2/3 IT,-0.107334316,0.31042325
21782,L5 IT,0.25214875,-0.16258508
250852,Astro,0.38175225,-0.113378346
170385,Peri,-0.16862649,0.2131927
223289,Peri,0.10157204,-0.40190813
82132,L2/3 IT,0.23132062,0.16991627
11784,L4/5 IT,0.2295062,0.008663893
126317,SMC,-0.45467728,-0.10387206
170399,L4/5 IT,0.17638564,0.03182286
44714,Endo,0.025912583,0.16956508
32592,L5 IT,-0.1814326,0.17091465
82129,Oligo,0.036282003,-0.32394475
21786,L4/5 IT,-0.25336355,0.22627205
1735,Astro,-0.19101086,-0.1907675
234060,Sst,-0.2820668,0.014440894
126298,L5 IT,0.15171975,-0.054347754
126297,L6 CT,-0.36703712,-0.04036379
75117,Pvalb,0.078986466,-0.106239796
82069,Sst,0.07716864,0.081279576
33339,L2/3 IT,-0.22904012,0.34505314
91391,VLMC,0.49153537,0.0066133738
272598,L6 IT,-0.36056077,0.010663509
250943,L6 IT,-0.26724693,0.010351181
11099,OPC,-0.33985016,0.02545923
246295,L2/3 IT,0.13939941,0.19402081
122802,L6 CT,0.0118406415,-0.2048097
44271,L2/3 IT,0.28955275,0.13826787
215092,Peri,-0.26560238,0.036253333
44281,L2/3 IT,0.32128125,0.059045374
223189,OPC,0.27189595,0.2085979
196713,PVM,0.3259738,0.2103458
243146,OPC,-0.16818061,0.1128602
237151,L6b,-0.10575122,-0.17428139
3194,L4/5 IT,0.33919924,-0.12963766
127160,L5 IT,-0.009399474,-0.12835434
196749,L6 IT,-0.23546633,-0.13015041
151073,L4/5 IT,0.3266881,-0.022049457
231544,VLMC,0.16512519,0.3401742
46597,Oligo,-0.08422944,-0.21634957
250637,Endo,0.14035714,-0.35953227
151041,Micro,0.3556323,0.09154242
170082,L6 CT,-0.05263847,-0.17708853
241752,Astro,0.009805381,-0.3263939
122872,Micro,0.044132054,0.09064281
46624,VLMC,-0.051041275,0.45919454
127348,Micro,0.19647658,0.30430347
170011,L6 CT,-0.21930298,-0.08763638
69561,Peri,0.08841729,0.14916104
46647,L6 CT,0.17146218,-0.32011944
82299,Astro,-0.17139906,0.39649785
44138,L6 IT,-0.07076466,-0.06242895
279825,L5 IT,-0.32585764,0.12005216
89833,L4/5 IT,0.01815468,0.1611309
127471,Micro,-0.21522424,0.17633224
171544,Sst,-0.08496919,0.010805547
264723,L2/3 IT,-0.15189725,0.29711086
44173,Astro,-0.09151128,-0.054850638
46644,L4/5 IT,0.22643876,0.011948824
246037,Endo,-0.0334453,-0.035986423
89952,VLMC,0.17711937,0.35046548
127438,Oligo,-0.23920923,0.00036352873
44176,Oligo,-0.20527193,0.17683339
227769,L6 CT,-0.18870148,-0.013494074
234052,L2/3 IT,0.13503069,0.23416382
169998,L2/3 IT,0.39618862,-0.06840178
91488,L6 CT,0.2190361,-0.21870613
127404,SMC,-0.45330402,-0.07243079
127399,OPC,0.2941466,-0.20755383
269620,Oligo,0.15969521,-0.22732306
33470,Oligo,0.1492635,-0.3170291
259058,Pvalb,0.13198054,-0.053321242
44212,L5/6 NP,0.16379505,-0.05189079
236977,Pvalb,-0.24418044,0.04848832
278623,L4/5 IT,0.05710399,0.073673785
237150,L4/5 IT,-0.26392213,0.28037828
22319,Endo,0.33178675,0.20582664
228104,L2/3 IT,0.2058841,0.20779103
126941,L5 IT,-0.24926218,0.028938055
215098,Peri,-0.26893014,0.148242
223814,L6 CT,0.17684758,-0.36673295
223812,L6 CT,-0.14982918,-0.040129006
126893,L4/5 IT,0.35497475,-0.102377355
126887,OPC,0.44433707,0.07535052
44505,Oligo,0.11273664,-0.28208667
33347,L2/3 IT,-0.10353255,0.29982072
170215,L6 IT,-0.01606083,-0.24576667
150960,L5 ET,-0.0046594143,0.083266735
150946,L6 CT,0.14240456,-0.3468781
22259,Oligo,-0.23119807,0.229711
3001,L6 IT,0.039040387,-0.17541048
3005,L4/5 IT,-0.1784156,0.22804773
14525,L4/5 IT,0.26622015,-0.022736222
266923,L4/5 IT,0.18063116,0.0036131144
196904,SMC,0.35365212,-0.09271464
126798,Oligo,0.029576957,-0.34078103
67064,L2/3 IT,-0.18541437,0.3248425
126779,Astro,0.13767755,0.30334944
188653,Endo,0.020755708,0.28971308
258376,L5 IT,0.26478112,-0.095159054
196833,L4/5 IT,0.030205011,0.1785044
123000,Micro,-0.1004557,-0.21596509
44440,L6 CT,0.20223618,-0.2349973
70713,L4/5 IT,-0.2373851,0.26868725
236984,L2/3 IT,-0.108484924,0.3155105
9683,L2/3 IT,0.25058997,0.18942934
44381,L6 CT,0.1225819,-0.35437945
46573,L6 CT,-0.24709192,0.005443573
70932,L4/5 IT,0.35957068,-0.1564509
82227,Oligo,-0.29887566,0.12856072
82224,L4/5 IT,-0.08769828,0.23482752
223837,PVM,0.42138356,0.036497355
182286,Peri,-0.3161667,0.17481828
237955,L5/6 NP,-0.029041886,0.022824347
91445,L6 CT,-0.0886724,-0.19866425
44365,L2/3 IT,0.19559473,0.17826432
90005,L2/3 IT,-0.008779436,0.32157362
46565,Endo,-0.47308573,-0.006306529
122939,L4/5 IT,0.31927592,-0.06861168
223217,Vip,0.24525565,-0.10584238
258324,L4/5 IT,0.35095525,-0.10884535
90818,Endo,0.06669152,-0.0485214
67331,VLMC,0.21258777,0.30462885
22272,Vip,0.37102032,-0.12494388
259031,L6 IT,0.040439367,-0.14332086
122979,Sst,0.041068375,0.2904325
126974,Oligo,-0.15730968,-0.19838935
33360,L6 CT,-0.12523714,-0.06842399
62664,Astro,-0.20109716,0.24793798
188736,L5 IT,0.33054382,-0.13794965
233612,L2/3 IT,0.08526975,0.2576846
22144,Endo,-0.1454311,0.298737
150117,L6 CT,0.15605968,-0.24293381
77565,Sst,-0.23589566,0.22774255
45788,Micro,0.00024592876,-0.21756083
9635,Endo,0.3993529,-0.066467136
237025,L4/5 IT,-0.0801616,0.18929774
275841,PVM,0.34876668,0.16994292
244268,OPC,-0.322096,0.17826253
246163,Endo,0.04057485,0.17181039
188946,Peri,-0.16784284,0.071516514
213858,L5 IT,0.25151324,-0.08018187
125018,L2/3 IT,0.08927524,0.21318364
125017,L6 CT,0.0882597,-0.30265278
150159,Oligo,-0.39399034,-0.08335835
250785,L5/6 NP,0.2504676,-0.10292709
21976,L6 CT,0.10559487,-0.2961051
5886,L6 CT,-0.1564818,-0.1234805
150454,Astro,-0.28843772,-0.15021348
124354,Endo,0.020412266,-0.31419754
81793,L4/5 IT,-0.22974819,0.2546155
67237,Oligo,0.008444309,0.099149644
272384,Oligo,-0.09043896,-0.30763993
124396,L2/3 IT,0.21186906,0.23040015
67236,OPC,-0.35938638,0.10607803
1705,Oligo,-0.11900443,-0.072129875
125154,L6 CT,0.14937514,-0.28523225
188949,L6 CT,-0.105137914,-0.14611864
90609,Endo,0.27477014,-0.1559776
254433,OPC,0.41267645,-0.039866745
90522,L6 CT,-0.43192738,-0.067943096
81946,Endo,0.13105851,0.30384314
216369,Oligo,0.18975228,0.2192415
182026,L6 CT,0.19753683,-0.29322314
45268,L5/6 NP,0.08467001,-0.121622294
45841,L6 CT,-0.17073333,-0.17713282
223432,L5 IT,0.2823727,-0.214762
17234,Endo,-0.16695678,0.27788496
211484,Endo,0.35316682,-0.0026051104
124229,Oligo,-0.39211404,-0.06418246
258659,Astro,-0.27236804,0.12599927
15945,L6b,-0.00047701597,-0.25099835
5758,Astro,0.15156084,0.27127242
211527,L2/3 IT,0.14040822,0.24918354
197691,Peri,-0.03797081,0.20205307
90585,L2/3 IT,0.40378112,-0.07008889
223560,Astro,-0.083174706,0.107537806
250747,L2/3 IT,0.42270434,0.010271192
272363,L2/3 IT,0.14148188,0.28799152
125198,Endo,0.119677305,-0.128335
124269,L6 IT,-0.31506467,0.07908797
125181,L4/5 IT,0.26399738,-0.037046045
197423,Micro,0.2846325,-0.06739721
197394,L4/5 IT,-0.08077377,0.22563511
231639,VLMC,0.16214281,0.3420068
63003,VLMC,0.0821895,0.39664936
62914,L2/3 IT,0.20453411,0.21601409
74925,Astro,0.47024262,0.060144067
32834,L6 CT,-0.38494253,-0.060068727
170956,Astro,0.05588603,-0.35930073
62943,L4/5 IT,-0.18201739,0.21776456
217926,Endo,0.33390117,0.051044583
70840,L4/5 IT,0.26561373,0.0005480647
45677,L6 IT,0.03139776,-0.13488248
81813,L2/3 IT,0.32434338,0.11815488
170972,Oligo,-0.2754963,0.0013868809
21900,L6 IT,-0.3955352,0.050347805
32818,L5 IT,0.06783354,0.018123806
248860,Astro,-0.2232658,0.2543984
268742,L2/3 IT,0.36326516,0.031829774
235750,L4/5 IT,-0.11231649,0.19051695
21920,Endo,-0.35190645,-0.004824519
124664,L6 CT,-0.139148,-0.12081522
90785,L2/3 IT,-0.02292493,0.27661258
254351,Oligo,-0.36325485,0.03372866
124567,L4/5 IT,0.06285077,0.15400696
124623,Endo,0.26206696,-0.0970805
69469,L4/5 IT,0.32170177,-0.080370724
124585,L6 CT,0.19895202,-0.33932486
197627,Endo,0.042854726,0.3294376
233632,L6 CT,-0.005123794,-0.07167736
14610,L6 CT,-0.3533362,0.10002768
188892,L6 IT,-0.17195621,0.032334387
150223,L6 CT,0.17812312,-0.35620087
124973,L6 CT,0.14034784,-0.29583597
170882,L5 IT,0.220721,-0.15963191
21958,Endo,0.03569907,-0.06562024
197664,Astro,0.014580071,-0.37889552
90673,L6 CT,-0.0771434,-0.16042247
227988,L4/5 IT,-0.1992907,0.22537142
188930,L6 IT,-0.4276644,-0.014026195
246153,L6 CT,0.17496538,-0.26112342
264566,Sst,0.026780546,-0.31613064
238512,L2/3 IT,-0.179241,0.38741726
62994,L4/5 IT,0.27125877,0.034233272
217899,L6 CT,-0.37581655,0.114357054
171026,Oligo,-0.34702942,0.0945791
237034,L5 IT,-0.044096738,-0.054160744
197661,Pvalb,0.057138264,-0.04237631
254379,L5 ET,0.022022009,0.06164676
250772,Astro,-0.15297467,0.080317736
32910,L4/5 IT,-0.15314892,0.27072436
124808,Astro,-0.24328825,-0.1778383
188920,Astro,-0.045163542,0.39397103
272405,L4/5 IT,0.22929466,0.03618747
45534,Astro,0.34288126,-0.041258395
163127,Oligo,-0.18479285,-0.2362516
10647,L6 CT,-0.3412689,0.032860637
184621,Endo,-0.2164892,0.35206538
81785,L6 IT,0.3183632,-0.20690706
149964,L6b,0.00913316,-0.28981674
22034,L5 IT,-0.2009319,0.090250134
230254,Endo,0.08169508,0.14046258
227866,Oligo,-0.40150276,0.10679942
215596,L6 CT,-0.24665663,0.08110702
125931,Oligo,-0.13344541,-0.06642464
170564,L6 CT,-0.27835622,-0.027306527
228031,L6 CT,-0.1005539,-0.12177095
63164,Endo,-0.2072137,0.37595212
90380,L6 IT,0.17186499,-0.20542198
75061,L4/5 IT,0.11049718,0.12805891
46019,Pvalb,-0.38950157,0.036171734
197803,L4/5 IT,-0.16335091,0.21835077
182112,L5 IT,0.111008584,-0.028314203
237003,L6 CT,0.03788477,-0.20130187
171195,Endo,0.11810565,-0.16863862
90381,L4/5 IT,0.06450832,0.12396163
163296,Endo,-0.12279734,0.20359999
188778,L4/5 IT,0.23699403,0.04943937
189062,L4/5 IT,0.048279405,0.17413992
74831,Oligo,0.017093122,-0.27753872
125887,L2/3 IT,0.19554067,0.23469794
181869,L5 IT,0.28049576,-0.1533925
125883,L6b,0.1523242,-0.3329921
123908,VLMC,0.08844066,0.38755995
46063,L6 CT,0.08823067,-0.15351805
258510,L2/3 IT,0.16112196,0.1532619
123823,Astro,-0.295133,-0.10277122
149795,Micro,-0.08093557,-0.24495417
266197,L5 IT,-0.09876108,0.09901363
46162,Oligo,-0.1282892,0.1367197
126107,Endo,-0.2220791,0.17446673
171230,L2/3 IT,0.39619434,-0.06538677
46125,L2/3 IT,-0.1662955,0.35840982
126101,L4/5 IT,0.3081866,-0.047500968
12585,L2/3 IT,0.13777143,0.14485264
3118,L6 CT,0.17438,-0.27890447
77513,Oligo,-0.04156196,0.070637584
197853,L5/6 NP,-0.040282577,0.064160705
264647,L2/3 IT,-0.2161031,0.30801958
70904,L5 IT,0.2255233,-0.099702716
217819,L6 CT,0.15182495,-0.19816104
123747,Astro,-0.14370385,0.176727
272308,L5 IT,0.18436521,-0.0857375
126031,L6 CT,0.15955198,-0.24440709
215143,L4/5 IT,0.26806337,-0.03165108
67132,VLMC,0.16564906,0.3251922
32686,L6 CT,0.059969664,-0.11579794
264643,Endo,-0.24079332,0.23052227
123797,L5 IT,-0.18608287,0.12814182
150608,Endo,0.1978929,0.22619164
125987,L6 IT,0.043266952,-0.14953393
163324,L2/3 IT,0.2798074,0.16331905
126033,Micro,-0.10500333,0.1566059
267431,Astro,-0.45224106,-0.088088036
125881,L2/3 IT,-0.19622126,0.27497864
189048,L4/5 IT,-0.20930049,0.22977501
197753,L6 IT,-0.18892407,0.012270153
77617,L4/5 IT,0.23386323,-0.03474933
63092,L4/5 IT,0.2915184,-0.022562057
62850,L6 CT,-0.34470677,0.10898286
223613,Endo,0.017501295,0.09978759
33057,L4/5 IT,-0.22621098,0.24194634
63086,L2/3 IT,0.1959989,0.20041198
197727,Oligo,-0.0054500103,-0.21617404
272353,L5 IT,0.20056379,-0.018177181
197721,L6 CT,0.1940319,-0.23924598
268753,L5 ET,-0.0584265,0.08358508
124034,L6b,0.0032554865,-0.27251065
125542,L6 CT,0.18280137,-0.2639655
91012,Astro,-0.040323704,0.1978283
69509,Pvalb,0.09499371,-0.18546912
182036,L4/5 IT,0.12868911,0.109537125
216375,L6 CT,-0.25214925,-0.101959944
248835,Oligo,-0.20497331,0.16871822
150495,VLMC,0.45771223,0.103762746
45227,L6 CT,-0.2850864,0.079595685
22035,L2/3 IT,0.18517971,0.22477674
149962,L2/3 IT,0.10844767,0.17194271
81780,L4/5 IT,0.32110852,-0.12967813
254436,Astro,0.26618016,0.1708644
227877,L4/5 IT,0.24506152,0.04156834
89818,L2/3 IT,0.4523782,-0.059141338
45170,Astro,-0.10351762,-0.27675688
170696,Pvalb,0.058574975,0.09293717
25879,L4/5 IT,0.34830737,-0.13074648
91107,L5 ET,-0.12272778,0.15599966
45041,L6 IT,-0.2177988,-0.11223802
268754,L2/3 IT,0.3788483,0.09451848
125792,Vip,0.41682756,0.0005594492
150525,L6 CT,-0.069283605,-0.15307015
123956,L2/3 IT,-0.22210833,0.32957935
45957,L4/5 IT,0.121729374,0.027440727
45955,L6 CT,0.22490883,-0.2241239
125763,L4/5 IT,0.17106181,0.054070234
91078,Oligo,-0.33201373,-0.14091358
63120,L4/5 IT,0.2870584,0.093835115
170647,Astro,0.07100487,-0.45658103
11892,Astro,-0.19702718,-0.1328766
75038,VLMC,0.4669764,0.07690531
21836,L4/5 IT,0.08915722,0.20591831
45066,L5 IT,-0.06502485,-0.07944274
5698,L6 CT,0.23300809,-0.3651814
12603,Astro,0.21365541,0.199162
14646,Astro,-0.06254223,-0.2548272
235465,Endo,0.2216106,0.15809333
125674,L4/5 IT,0.22670895,-0.027105182
149910,L5/6 NP,0.14020187,-0.086073965
124029,Sst,-0.2656845,0.16905028
45065,L2/3 IT,-0.067008644,0.3789876
22380,L2/3 IT,0.30623156,0.04230243
45643,L6 CT,-0.18737978,0.020577133
43611,L5 ET,0.06834501,0.014231026
182442,Oligo,-0.16362125,-0.18400928
151258,Oligo,-0.025264591,-0.32634827
198289,L6 CT,-0.18269464,-0.12711492
237197,L6 CT,0.038918734,-0.23482051
188536,SMC,0.26317877,-0.04634258
235487,L6 CT,0.16930127,-0.25165677
241682,L2/3 IT,0.1426177,0.26226455
254205,Astro,-0.10605243,0.027771592
188550,L5/6 NP,-0.07732317,0.027260065
171699,L2/3 IT,0.14425051,0.20921516
148535,L4/5 IT,0.2640354,-0.025460154
3237,L6 IT,-0.27375206,-0.04114479
128325,PVM,-0.026492983,-0.27224928
129232,L2/3 IT,-0.14270592,0.3919502
151189,Oligo,-0.1143935,-0.23383236
224041,L6 IT,0.15296662,-0.14978781
121934,L5 ET,0.07739264,-0.025683194
91612,L2/3 IT,0.13506615,0.26455992
266082,L4/5 IT,0.3536449,-0.13168722
91776,Endo,-0.022015214,0.115128756
74707,L2/3 IT,0.36701053,0.030757844
198331,Endo,0.21313351,0.13311708
43337,L4/5 IT,0.30597264,-0.055737495
46845,L4/5 IT,0.2680288,0.0054290295
128462,VLMC,0.14685893,0.34991634
276596,Endo,0.24484861,0.020573437
169727,Micro,-0.1553975,0.2979387
259171,Micro,0.23867202,0.21496475
63759,L5 IT,0.04297602,-0.008210778
70641,Pvalb,-0.24383378,0.03320384
22532,Astro,-0.16917938,0.0641194
251005,L6b,-0.17336464,-0.16791394
129197,L2/3 IT,0.34237283,0.08484477
77409,L5 IT,-0.3377213,0.10744178
47021,VLMC,0.31432897,0.21888351
162804,L5 IT,0.22586751,-0.22204113
268774,Oligo,-0.30535817,-0.0041202307
198457,L6 CT,0.18684155,-0.286179
196291,L6 CT,0.06327045,-0.25012332
184466,L5 ET,0.22088802,-0.09305644
213736,L4/5 IT,-0.19105434,0.2471478
89560,Pvalb,-0.41362405,0.08094287
148507,L6 CT,0.080682755,-0.4994127
233279,L4/5 IT,-0.29255807,0.24207872
82347,L6 IT,-0.012183398,-0.13165101
148501,L6 CT,0.07434851,-0.14349681
89621,OPC,-0.28104421,0.04780215
264456,Endo,0.16923231,0.3077665
198270,Oligo,-0.25124875,0.2167117
169811,L2/3 IT,0.200539,0.21047479
21511,Astro,-0.1230171,0.44157547
163640,Astro,-0.038635314,-0.31232134
121906,Peri,0.25833493,0.18849534
128025,L2/3 IT,0.37015086,0.07291502
121902,L4/5 IT,0.06095183,0.16360933
5421,L2/3 IT,0.09697527,0.25401825
129372,L5 IT,0.014878333,0.085128486
189343,L2/3 IT,0.23267728,0.18336439
247619,Micro,-0.21055153,0.22565109
240036,L6 IT,-0.077659935,-0.107453346
14450,L4/5 IT,0.093322575,0.11099148
67431,L2/3 IT,-0.059091598,0.3859712
33601,L4/5 IT,0.058160543,0.109594226
89575,L2/3 IT,-0.10659778,0.35295612
46805,Endo,-0.4605583,0.034048855
195960,Endo,-0.21254393,0.122721076
89324,L2/3 IT,0.41841155,-0.06065035
63784,Oligo,-0.16347376,-0.054148614
14497,L2/3 IT,0.34965128,0.08480692
33808,Oligo,-0.17834201,-0.25287864
17191,Peri,-0.21071023,0.39603102
224034,Oligo,0.036750555,-0.3717178
128170,Sst,-0.04752016,-0.022433043
148877,Oligo,0.20192254,-0.27409387
22488,Astro,-0.17637187,-0.15783736
184738,Micro,0.22106522,0.119874835
43883,Pvalb,-0.2349351,0.24555266
224015,L2/3 IT,-0.18309021,0.41835326
169804,L4/5 IT,-0.11687955,0.13880032
66925,Astro,0.30722713,0.21820176
171896,L5 IT,-0.40833622,0.11814183
46849,Astro,0.037136972,-0.40940955
264852,L6 CT,0.0408687,-0.2209571
46858,Oligo,-0.30102628,-0.11440188
81487,VLMC,0.4049828,0.17303413
217592,L2/3 IT,0.13141543,0.25937283
223091,Oligo,-0.37336046,-0.11358431
6116,L2/3 IT,-0.1679731,0.30396837
268105,Micro,-0.008349657,-0.15191525
122241,Astro,0.031120956,-0.41826484
278268,L2/3 IT,-0.14348114,0.3745522
224148,Endo,-0.45162162,-0.019957483
171759,L6 CT,0.11173886,-0.33659708
128853,L6 IT,-0.36877427,0.03460765
82434,L5 IT,-0.019456834,-0.044354618
223062,Oligo,0.059464335,0.3005069
6125,PVM,-0.27310413,0.1978389
275891,L6 CT,0.20175934,-0.31531113
198389,Oligo,-0.10006651,-0.220979
89394,Micro,0.045904696,0.12805307
75343,L4/5 IT,0.10906911,0.10731727
46920,L2/3 IT,0.12038934,0.27183366
169655,Astro,-0.4473968,0.042608798
163590,Endo,0.25744963,-0.15516445
198373,L5 IT,0.29504806,-0.1597203
171795,Vip,-0.024102658,-0.15577993
128974,Oligo,-0.26518813,0.20314592
182505,L2/3 IT,0.07102573,0.24917096
148605,Peri,0.071460724,0.17708671
209061,L5 IT,-0.19767007,0.07919246
275888,L2/3 IT,-0.1660395,0.33172214
81486,Endo,0.07566416,0.19460768
21553,Lamp5,-0.13729864,0.40092933
257983,L5 IT,-0.08972514,-0.028761446
258012,L2/3 IT,0.3201688,0.066535234
46947,L2/3 IT,-0.21654609,0.34208506
231429,Oligo,-0.4154639,0.016093314
217581,L6b,-0.11804223,-0.19518083
43530,Micro,-0.14511251,0.41882062
74684,L6 CT,0.2214306,-0.29704818
264443,L6 CT,0.013904929,-0.17625177
196113,L6 CT,0.20130146,-0.28890628
122197,OPC,0.0016305447,0.3108083
241891,VLMC,0.0149232745,-0.35364005
69425,L6 CT,-0.22083655,-0.06817734
70991,Astro,0.13306534,-0.42133176
6138,Lamp5,0.36369973,0.10842562
122274,L4/5 IT,-0.06781462,0.20863181
246357,Peri,-0.17600346,0.17390019
169706,Endo,0.30549508,0.19165069
182462,L2/3 IT,0.4395972,-0.0044347644
91754,Astro,0.11904287,-0.42446193
188516,L6 CT,-0.21027091,-0.028842092
224072,Endo,-0.3580412,0.21131855
266263,L6b,0.14856493,-0.35155836
162847,L4/5 IT,-0.062808365,0.120738804
128471,L2/3 IT,0.18660069,0.2412647
32221,L6 CT,-0.41744262,0.09251821
169550,Astro,-0.12775663,-0.21513689
151428,Endo,0.029310822,-0.30232948
148537,Astro,0.33918834,-0.15365294
151292,L2/3 IT,0.18138945,0.23877609
231801,Astro,-0.121688455,0.406959
43691,Endo,-0.07771811,0.1813739
198419,L4/5 IT,-0.27233124,0.24869037
122075,Peri,0.41495317,-0.104245305
43398,Endo,-0.3620969,0.16239321
196054,L6 CT,-0.1755274,0.021946013
62534,L5 IT,0.09067255,0.05516994
32257,L4/5 IT,-0.074695915,0.14411736
33727,L2/3 IT,0.322632,0.120140254
196153,Astro,0.0683251,-0.041217297
128754,Astro,0.08918923,0.09540981
148709,Astro,-0.26021317,-0.18840453
198361,L6b,0.1187523,-0.35474002
151152,L4/5 IT,-0.24922791,0.279898
3253,L4/5 IT,-0.13154486,0.16915816
43650,Micro,-0.18142307,0.37209773
252064,Oligo,-0.23783845,0.18376547
32255,L6 CT,-0.34795976,-0.08123195
12526,Peri,-0.089437395,0.1977197
12508,L2/3 IT,-0.14896789,0.30505508
264806,Micro,-0.23705637,-0.09196079
196267,L6 CT,-0.3920121,0.12328941
254625,Micro,0.42911947,-0.041055888
209027,Astro,0.097340226,-0.4166432
181749,SMC,0.31815654,0.189327
128224,L4/5 IT,-0.17143819,0.23301184
254654,Oligo,-0.29121917,0.041371465
127746,Astro,0.034419537,0.099219084
182411,L4/5 IT,0.11975545,0.04764515
44054,L4/5 IT,0.057121336,0.094000995
274482,Endo,0.33298206,0.15717083
224258,L6 IT,-0.22837088,-0.06601071
198213,L2/3 IT,0.16925478,0.25510383
246424,Oligo,-0.10864052,-0.24215317
171603,L4/5 IT,0.12536597,0.1637702
70611,Oligo,-0.27535337,-0.18920216
44067,L2/3 IT,-0.19073951,0.3675785
148419,L6 CT,-0.42780137,0.04421127
46696,L5 IT,-0.0018179715,-0.041802704
163501,Endo,0.19378841,0.23075604
254670,Astro,0.021368504,0.10294074
89779,L5 IT,0.2721591,-0.15042594
91863,L6 CT,0.07525158,-0.22832382
246422,L4/5 IT,-0.15440547,0.22063792
121747,L4/5 IT,-0.03982213,0.108692884
14740,Endo,-0.18275088,0.16879481
224250,Oligo,-0.112565815,-0.23497075
127828,Pvalb,-0.25477454,0.21306407
223143,L6 CT,0.20043308,-0.22529152
211654,L4/5 IT,0.29143208,-0.0632129
129406,L6 CT,-0.32328886,0.07926327
242728,Micro,-0.3429525,-0.07534841
127805,L6 IT,-0.0208385,-0.093677044
181776,Peri,-0.3761565,0.005952239
81432,Peri,-0.22996074,-0.056966633
196522,Oligo,-0.016412497,-0.0860385
46716,L4/5 IT,0.11402166,0.066498816
44029,L6 IT,0.141155,-0.21530876
211657,L2/3 IT,0.32710057,0.16856319
43233,Endo,0.23009264,-0.23320034
22429,Oligo,-0.2288034,-0.17416468
91536,L6 IT,-0.13069451,-0.032234013
44026,L6 IT,-0.18511677,0.09295982
237242,L2/3 IT,0.2009325,0.21053779
43199,L6 CT,-0.37573308,0.00011008978
129548,L6 CT,-0.13942146,-0.16605869
257858,L6 CT,0.18404043,-0.18350077
162751,L5 IT,0.37084973,-0.14016113
82300,Astro,-0.31030217,-0.14129975
121650,Oligo,0.051546514,-0.39619955
162910,L6 IT,-0.057848066,-0.15299809
127585,L4/5 IT,0.29403043,-0.113639385
32137,L6b,-0.13604295,-0.21859047
246427,L4/5 IT,0.31236959,-0.109708995
32396,L5 IT,0.1450575,-0.013347954
5239,Astro,0.252163,0.19798094
223896,L5 IT,0.08186334,-0.07206106
196583,L6 CT,0.08437687,-0.24901068
129655,L6 IT,-0.30738378,-0.030294895
169380,Oligo,0.009011507,-0.35015965
22702,Astro,0.22175711,0.27883655
266935,L5 IT,0.008343279,0.07831001
279814,Peri,-0.038354546,-0.40197197
264462,L6 IT,-0.21956518,-0.0351955
89796,L6 CT,0.08294523,-0.19071037
121699,L6 IT,-0.34429112,-0.017516643
268789,Oligo,-0.064073205,-0.23437732
22403,Astro,0.1712116,0.3133124
149017,L4/5 IT,-0.20075244,0.26373428
208306,L2/3 IT,0.31028295,-0.034580976
44093,L6 CT,-0.056418687,-0.18968618
196552,Lamp5,0.06255752,0.117396414
148386,L4/5 IT,-0.11691058,0.20498115
246028,L2/3 IT,0.1794576,0.18731159
129572,L6 CT,0.12685078,-0.34170178
122671,L6 CT,0.042261064,-0.1535297
264463,Oligo,-0.15839797,-0.018841594
217541,Sst,-0.110734165,-0.087317556
169427,L4/5 IT,0.29510128,-0.08926305
14732,L4/5 IT,0.24717534,0.08380461
44112,Micro,-0.11757663,0.14545482
43162,L2/3 IT,-0.15598562,0.3279491
122666,Oligo,0.04700589,-0.37702695
198514,Peri,-0.043023914,-0.12374279
63489,Oligo,-0.0061145127,-0.23570454
169829,L6 IT,-0.14639792,-0.10999608
127859,VLMC,0.12579888,0.36422145
6155,Astro,-0.033706307,-0.3389325
246312,Sst,-0.017599136,0.26992548
272631,PVM,0.2603885,0.17179257
43943,L6 CT,-0.028325051,-0.091356665
12545,Oligo,-0.020911247,-0.28914148
171635,L4/5 IT,-0.20471248,0.30682927
231789,Oligo,0.12492025,-0.32910818
231830,L6 CT,-0.031741858,-0.10736513
246313,L4/5 IT,-0.14918318,0.23157269
213720,L6 CT,-0.24888155,0.02627343
12699,Astro,0.038140953,-0.40323833
250615,Sst,0.3445955,-0.042212516
272211,Endo,-0.18182158,0.29675043
235338,L5 ET,0.04821658,0.07163566
264764,Endo,-0.124772936,0.41938758
208385,L6 CT,-0.2918983,-0.030720353
223965,Oligo,-0.17900142,0.14184844
223969,L6 CT,-0.38889328,0.030314267
269624,OPC,0.045299828,-0.111442864
171628,Vip,-0.04955551,0.39996147
14446,Endo,0.34686798,0.17147452
196472,L5 IT,-0.06805411,-0.017638057
211369,L5 IT,-0.034651726,-0.04799518
235040,L6 IT,0.04794562,-0.10526356
163646,L5 ET,-0.1766502,0.07834697
236947,PVM,0.114694476,-0.37912858
198237,L2/3 IT,-0.16339937,0.2798102
70654,Oligo,-0.38318178,-0.08249128
223996,L6 IT,-0.30738878,-0.024575055
272146,VLMC,0.2710746,0.27890527
91566,L5 ET,-0.0100483,0.021473646
122594,Pvalb,-0.20366287,0.17490876
