,cell_class,coord_X,coord_Y
83940,L5 IT,0.115065455,0.016714096
163622,L2/3 IT,0.22825289,0.09161371
162571,L2/3 IT,-0.07200128,0.2833798
84931,L2/3 IT,-0.2782251,0.283284
163712,L5/6 NP,-0.20690134,-0.21592963
233501,L2/3 IT,-0.06134528,0.3567652
83798,L4/5 IT,0.18244147,0.07240224
261696,Peri,-0.028086543,-0.35548982
17076,L5 IT,-0.2042915,0.022715807
17923,Micro,0.1543029,-0.21571967
17793,L4/5 IT,0.18018746,-0.0074187815
109421,L6 IT,-0.0016868412,-0.33649376
210503,Endo,0.1668027,-0.105528265
232816,PVM,0.017355263,-0.3830721
17994,L5 ET,0.030011058,-0.069930255
109288,L4/5 IT,-0.29457062,-0.03655857
184127,Oligo,0.037941694,-0.41714558
17893,L2/3 IT,-0.20984888,0.31721014
252060,L5/6 NP,-0.07053864,-0.0072098076
108463,L4/5 IT,-0.060827583,0.1952936
265649,L4/5 IT,-0.21168429,-0.16130248
164551,Endo,-0.14696115,0.30864143
164513,L2/3 IT,0.24924088,0.17840356
107918,L6 CT,-0.03395185,-0.34921795
163583,L5 IT,0.0714792,-0.39743936
232487,L2/3 IT,0.057865858,0.19321954
108984,L2/3 IT,0.42925322,-0.13722193
233499,L6 CT,0.04612422,-0.13913411
17974,L2/3 IT,-0.35761732,0.14284968
265787,L2/3 IT,0.43934828,-0.08696911
108442,L5/6 NP,0.1700148,-0.25456595
162598,Endo,-0.095077395,0.20554453
83913,L6 CT,0.17314494,-0.29947507
240175,Micro,0.06818694,0.12516814
261695,Astro,0.13356882,0.24311751
251976,L4/5 IT,0.19245994,0.03543651
184486,Astro,0.15765256,0.09832901
84908,Endo,-0.25726336,0.35067934
184832,Astro,-0.14570239,0.34942615
233053,Astro,-0.13729551,-0.18474856
210841,L4/5 IT,0.18894833,0.06605297
183949,Oligo,0.17810452,-0.27752525
107859,Endo,0.15764892,-0.118281394
17096,L4/5 IT,-0.26747072,0.20068163
164540,L6 IT,-0.04921025,-0.28232095
109293,Astro,0.07496685,0.11137545
232496,L4/5 IT,-0.124124914,0.11271286
18813,L6 IT,0.127823,-0.38461262
85495,L4/5 IT,0.026189268,0.20574743
109646,VLMC,-0.47818303,0.21589768
162619,Astro,-0.108650625,0.2543285
248393,Astro,0.22094059,0.15288675
243882,L4/5 IT,-0.24769267,0.018473566
108663,L2/3 IT,-0.39337474,0.100820065
164404,L4/5 IT,0.1392988,0.016588092
83493,L2/3 IT,-0.35948688,0.11466497
243899,L2/3 IT,-0.26451468,0.26407307
17522,Astro,-0.30777186,0.44297546
16726,Astro,-0.18365973,0.47026336
164382,L6 CT,-0.10313755,-0.22198638
202466,OPC,0.01672393,-0.058523595
251881,SMC,-0.069990814,0.43485767
232942,L4/5 IT,-0.18227795,0.23933804
164320,Pvalb,0.16472322,-0.18110773
18343,Pvalb,-0.08984712,0.24806553
163089,L6 CT,-0.031598657,-0.31844634
18520,Endo,-0.3529426,-0.022976011
109264,L2/3 IT,0.11278325,0.19200575
164005,Peri,-0.20670238,0.29665416
84718,L4/5 IT,-0.30925387,-0.0059936643
19137,Astro,0.24102688,0.11730766
164023,L2/3 IT,-0.223048,0.18293649
163848,Pvalb,0.09495562,-0.08091864
108567,L2/3 IT,0.17026055,0.08374667
163855,SMC,-0.24516451,0.31629145
19142,Vip,-0.3039478,0.18986988
162922,L5 IT,0.2060715,-0.015195817
163326,L5 IT,0.07989055,-0.076934576
184726,Astro,0.052887082,0.3931883
162976,L4/5 IT,0.08027738,0.13410735
162982,L4/5 IT,0.2667067,0.01006031
109616,Astro,-0.06385857,-0.24470022
265600,Oligo,-0.0033958256,-0.3180677
265771,L6 IT,0.22787648,-0.25700432
18587,L2/3 IT,0.124625504,0.27056462
265777,Endo,0.14290738,-0.36187768
18380,Vip,0.43622923,-0.046963036
109671,Peri,-0.18584946,0.32749438
84751,L2/3 IT,-0.11296049,0.3257106
164337,L6 CT,0.12292594,-0.30550563
164347,L6 IT,-0.048287272,-0.14634806
163166,Peri,0.01213944,-0.19963202
83548,Oligo,0.15367395,0.06589222
16657,Pvalb,0.07075995,-0.2143535
252170,L4/5 IT,-0.10737112,0.23063314
202911,L2/3 IT,-0.27981502,0.2813546
248316,L5 ET,-0.06240961,0.0008401871
252004,VLMC,0.36837453,0.13980615
261580,Lamp5,-0.28550684,0.3039428
108273,Oligo,-0.011962593,-0.3631762
18456,L5 IT,0.13363862,-0.085377306
265776,L5 IT,0.1903128,-0.0907343
16576,L2/3 IT,0.29986185,0.079315186
19316,L6 CT,0.1568771,-0.3570425
19317,Peri,0.25448674,-0.2236158
84786,Endo,0.00058215857,0.1618064
19175,L6 IT,0.22118318,-0.25388703
83524,Astro,0.0628652,0.18702441
83526,L2/3 IT,-0.13933316,0.2917202
210564,OPC,0.25584435,-0.08076751
108243,L5 IT,-0.26297653,-0.14387822
164741,Astro,-0.15704173,0.23319453
18503,Pvalb,-0.014529169,-0.1595369
163144,L2/3 IT,0.17155087,0.15767288
16658,Oligo,-0.1945144,-0.21609497
163953,L2/3 IT,-0.30223498,0.22895235
108262,Endo,0.19552761,-0.059830993
19217,L4/5 IT,-0.25734603,0.06207931
83560,L2/3 IT,-0.22739822,0.3396737
16673,L2/3 IT,-0.3440736,0.15134388
85046,L5 ET,-0.076759666,-0.13368341
84166,OPC,-0.14074722,0.2955886
17279,L6 IT,0.057066202,-0.119882196
163497,Astro,0.15299529,0.1168676
83436,L2/3 IT,-0.1526182,0.34647608
252079,L2/3 IT,0.25583202,0.17257833
277564,L5 ET,0.11143947,-0.21336824
184430,SMC,-0.117220104,0.09135753
19010,L2/3 IT,0.011261284,0.27757382
18690,L6 CT,-0.020141184,-0.19670978
17235,L4/5 IT,-0.075408936,0.14562225
16362,L2/3 IT,0.41736525,-0.114313096
232746,L4/5 IT,0.15187299,0.11603868
163780,L4/5 IT,-0.14822337,0.2092694
202523,L5 ET,0.23533088,-0.15491384
164260,L4/5 IT,-0.14644638,0.22790283
202691,L2/3 IT,-0.3049382,0.19613749
109046,L6 IT,0.1273073,-0.16820276
18664,Sst,0.10302895,-0.12734437
19634,L2/3 IT,0.4009496,-0.002425015
83419,Lamp5,-0.2571633,0.3056602
240331,Lamp5,0.30782586,0.16741025
164947,Astro,-0.45309165,0.12413192
233492,L5 IT,-0.22770008,-0.13390863
107942,Endo,0.1658253,0.12653434
84355,L2/3 IT,-0.12288186,0.33782524
184792,L2/3 IT,0.3940873,-0.0027876794
83427,Sncg,-0.2955373,0.12262416
164450,L4/5 IT,0.056016862,0.11642772
252250,L2/3 IT,-0.1918748,0.33934236
164140,VLMC,0.35574967,0.17327815
211015,L4/5 IT,-0.25492412,-0.0043613613
17196,L2/3 IT,0.08369237,0.28832293
164562,L2/3 IT,-0.18511724,0.30038685
277006,L4/5 IT,-0.084016085,0.19586927
19661,L5 IT,0.08759749,-0.08188388
84983,L2/3 IT,0.21619886,0.16588503
232737,Endo,0.084041774,0.1845519
164073,Sncg,-0.15555382,0.40434867
109103,L5 IT,-0.034709245,-0.23281905
164429,L4/5 IT,-0.28735447,0.01361382
164571,L2/3 IT,-0.38413197,0.16150165
84657,L5 IT,0.25757724,-0.101609945
84261,L6 CT,0.12465584,-0.28244036
210450,L5 IT,0.258716,-0.17067975
261395,Astro,0.12522727,0.35951227
109607,L2/3 IT,0.10179806,0.17194909
108678,L2/3 IT,0.19766623,0.12947279
233158,L2/3 IT,-0.05909574,0.23773569
19095,L2/3 IT,0.17350084,0.14830744
163807,Oligo,-0.0039106905,-0.2600962
18217,Endo,-0.18332961,0.2712745
184338,Sst,-0.14581242,-0.103181005
18204,Pvalb,0.26024216,-0.1848616
202496,L2/3 IT,-0.35744733,0.21257293
109070,L6 CT,0.019127548,-0.2799284
17259,Peri,-0.16974938,0.40628862
18653,L2/3 IT,-0.28426895,0.2780757
18116,L6 CT,-0.061853856,-0.26062214
109056,L5 IT,-0.24319962,-0.15115106
19626,Vip,-0.18445921,0.29947704
164430,Oligo,0.04078287,-0.39903483
164298,L6 CT,0.13731915,-0.319552
162740,L2/3 IT,-0.0773083,0.31062788
85325,L2/3 IT,0.113607824,0.289702
17644,L2/3 IT,-0.30647105,0.24762583
210870,OPC,-0.064843774,-0.31380716
85314,Astro,-0.090382546,-0.37827873
108358,Lamp5,-0.18384418,0.41525775
85539,L6 CT,0.15104866,-0.32238424
252102,Micro,-0.089248985,0.14447498
83733,Micro,0.08858329,0.0712266
109769,L6 IT,0.052556872,-0.15970069
163469,Endo,0.0780496,0.14813405
131583,L5 ET,0.10272455,-0.014283955
165127,L2/3 IT,0.024134398,0.35632515
100368,L6 IT,0.10364246,-0.33550847
237309,L5 ET,-0.11754531,-0.16874492
5001,Astro,0.0104545355,0.26685703
100357,L5 IT,0.06555009,-0.07343525
262949,OPC,0.031709015,-0.29579282
100279,L6 CT,-0.025520712,-0.26766872
93905,L2/3 IT,-0.3324024,0.11030215
264063,L2/3 IT,0.42790914,-0.077676326
262960,L5 IT,0.23376107,-0.07316324
100183,Endo,0.0248847,-0.12845954
207682,L4/5 IT,-0.1971913,0.14698958
279490,L6 IT,0.04735601,-0.2503812
4849,Endo,-0.16036227,-0.039889485
207675,L5 IT,0.23430622,-0.15072006
237363,Endo,-0.1284878,-0.3217926
174841,Sst,0.11808312,0.3273365
4780,L4/5 IT,-0.11027539,0.19203597
93993,Peri,-0.0227153,-0.3784654
4775,Vip,0.22594059,0.1503672
100137,Sst,0.25393867,-0.25999844
264033,Endo,0.07057351,0.22287446
94125,L5 ET,-0.032013237,-0.13094753
4693,Endo,-0.14722955,-0.18252337
279559,L2/3 IT,-0.004577726,0.33992738
93985,Endo,-0.019050777,0.24691224
100373,Lamp5,0.35372657,-0.08059341
93831,Astro,-0.23181239,0.4246763
100380,L5 IT,-0.23567024,-0.11812097
237134,L5 IT,-0.15698853,-0.06131026
100642,L2/3 IT,-0.050570816,0.274373
237137,L2/3 IT,-0.13212311,0.25905728
174171,L2/3 IT,-0.015485197,0.29822606
207821,L6 IT,0.23045522,-0.16909742
174256,Peri,-0.019423336,-0.2616998
5407,Astro,0.09049541,-0.095814526
207807,Peri,-0.05661702,-0.16023701
93673,L5 IT,-0.1380159,-0.19477665
5345,L2/3 IT,-0.3138183,0.24137509
5340,L4/5 IT,-0.17617458,-0.28851247
100532,L5 ET,-0.15241072,-0.0035987496
100470,L2/3 IT,0.16401291,0.21305722
5263,L2/3 IT,-0.18700969,0.25622195
279462,Oligo,0.26560408,0.12024784
250159,L2/3 IT,0.12678462,0.21519172
5226,Endo,0.13835484,0.162022
262910,Endo,-0.11318037,-0.35946786
100394,L4/5 IT,0.20217663,0.10672474
279478,L2/3 IT,-0.13405252,0.28064752
174542,L2/3 IT,0.38478303,0.0008689165
205456,L6 CT,0.08153993,-0.28055358
174604,L2/3 IT,0.0006150007,0.2667631
174606,Sst,0.23028493,0.1741423
262929,Endo,0.23624945,-0.22421372
4649,L4/5 IT,0.10196221,0.11952436
93549,Endo,0.083538055,6.240606e-05
205592,Astro,-0.07176319,-0.03761393
4546,L2/3 IT,-0.040055513,0.29326802
4071,L2/3 IT,-0.26348084,0.33447373
175524,Peri,0.0793277,-0.20017222
175530,Endo,0.2663942,-0.056890666
175541,Endo,0.009708643,0.3194971
205667,L5 IT,-0.06144908,-0.010406524
207492,L2/3 IT,-0.17087573,0.329363
207490,Endo,0.43702734,-0.08117047
175612,Peri,0.007675767,0.3935572
4021,L6 CT,-0.11951658,-0.18741831
237652,L4/5 IT,-0.099573076,0.18890238
180355,Pvalb,-0.24100634,0.18373185
94467,L4/5 IT,-0.07319078,0.22701007
175617,Vip,-0.05086091,0.3220423
175673,L2/3 IT,-0.33166802,0.27347475
3957,VLMC,0.41706938,0.041801095
237695,SMC,-0.47836447,0.23513585
175725,Sst,0.053501606,0.39089662
94564,Endo,0.017842531,0.15329087
205675,L6 IT,0.08203149,-0.32137585
205685,Endo,-0.18358931,0.07356131
237725,L6 CT,-0.077454925,-0.28304383
180263,Endo,-0.09732652,-0.39955285
249931,Astro,-0.15270656,-0.28925702
94648,Astro,-0.018394947,-0.1530852
3985,Oligo,0.12062365,0.17196018
175496,L5 IT,0.011004329,-0.30236816
4077,L2/3 IT,-0.34325415,0.17783904
237610,L4/5 IT,-0.11567721,0.09487593
4512,Pvalb,-0.15704682,-0.18415481
175096,L2/3 IT,0.13013422,0.25174105
279598,L5 IT,-0.10872075,-0.07194275
94293,Lamp5,0.27858508,0.17963219
205620,L4/5 IT,0.05595863,0.15923142
249100,Vip,0.11397779,0.14552343
4411,L2/3 IT,0.22794712,0.1646381
175219,VLMC,-0.5,0.20345634
4373,L4/5 IT,-0.31925774,-0.019325018
99910,L5 ET,0.048210442,-0.18622482
239331,L4/5 IT,0.032043934,0.12113708
4305,L2/3 IT,0.17816925,0.24725056
175341,L6 IT,-0.020806313,-0.058113366
237553,L6 CT,0.007794678,-0.20237908
4240,L2/3 IT,0.22110319,0.1844328
180446,L2/3 IT,-0.11873439,0.25526
180433,Astro,0.022940993,-0.24088302
180422,L5 IT,-0.015115321,-0.018777728
175430,PVM,0.11167055,0.21641183
237589,Vip,-0.09431797,-0.019234508
205648,Endo,0.050947547,0.32769197
205655,L4/5 IT,-0.026900172,0.12003976
4087,Sncg,-0.17626297,-0.19183141
244721,L4/5 IT,0.16009879,0.04024887
249992,Micro,-0.22357738,0.007814527
237459,Peri,-0.03630036,0.19408655
175844,L2/3 IT,0.22787672,0.12421465
100703,L2/3 IT,0.13085794,0.18587673
5603,L6 CT,0.092627585,-0.22771582
250428,L5 IT,-0.23297918,-0.13323066
172887,Oligo,-0.06502834,-0.16086659
181299,Endo,-0.43163687,0.19579566
92210,L2/3 IT,-0.24461442,0.368842
172969,Astro,-0.4370771,0.14889634
101695,VLMC,0.1775254,0.31644434
248995,L6 IT,0.22125661,-0.3225962
208195,Astro,0.33581662,-0.022970319
279119,Sst,-0.02701047,0.19120961
205099,L2/3 IT,-0.25478917,0.290228
92305,Endo,0.03556937,-0.385264
92191,Lamp5,-0.37177885,0.31783938
92337,Pvalb,0.19207054,-0.04021901
208175,L5 IT,-0.18780312,-0.19272232
92418,Astro,0.28659987,0.2051884
7053,L2/3 IT,0.37658167,-0.07426581
92488,L6 CT,-0.0788939,-0.30088976
262720,L2/3 IT,0.14310622,0.23487937
101569,L4/5 IT,0.033411145,0.12513041
101556,L5 IT,0.024036825,-0.058042794
7030,OPC,0.040030062,-0.33717024
101511,L2/3 IT,0.37773967,0.026744783
101508,L2/3 IT,0.4145164,-0.079978734
101457,OPC,-0.22262284,0.4480812
173111,L6 CT,0.037742257,-0.29539692
264356,Vip,-0.27500007,-0.17376965
92121,L2/3 IT,0.38807672,-0.08444622
172822,L2/3 IT,-0.076352,0.3032875
7804,Oligo,0.14912975,-0.11634311
279009,Astro,-0.016293019,0.32250518
172553,Pvalb,-0.12394959,-0.2156707
181411,Astro,-0.405635,0.25271225
91806,Astro,-0.005277306,0.438442
236444,Astro,-0.18279004,-0.21297005
236464,L2/3 IT,-0.20028776,0.31116283
102101,L2/3 IT,0.43519747,-0.078502595
172661,L5 IT,-0.2262334,-0.081377745
102061,Micro,0.09609383,-0.25065815
236481,L2/3 IT,0.24605787,0.1486997
101974,Sst,-0.19660777,-0.09701112
250444,L5 IT,0.103940904,0.018413544
172751,L2/3 IT,0.090149224,0.28453815
7586,L5 ET,0.08786851,-0.16535142
250443,Micro,0.052714646,-0.24519691
101921,Oligo,0.018060088,0.068924546
279067,L4/5 IT,-0.25525177,-0.07574925
101887,L6 IT,0.03914517,-0.28008968
91983,Peri,0.07513136,0.11365777
7427,Oligo,0.2761467,-0.06482378
236547,Astro,-0.06223163,-0.307005
101807,Sst,0.16278255,-0.13320139
92082,Micro,0.10325545,0.09238249
7348,L4/5 IT,-0.2645734,-0.023471206
6939,L5 IT,0.10890728,-0.06040585
5602,L4/5 IT,-0.2791029,-0.03973633
6837,Endo,0.25160265,0.092292786
101389,L4/5 IT,-0.09337926,0.25262272
279273,L2/3 IT,-0.3272347,0.16242784
173645,SMC,0.36961788,0.11481726
279281,L5 IT,-0.22406167,-0.0976803
101072,PVM,-0.16482863,0.09356338
100982,Oligo,0.16683269,0.13833731
6123,L2/3 IT,-0.07522139,0.29900414
236958,L2/3 IT,0.2788366,0.033141017
6044,L5 ET,-0.12634799,-0.19668841
264200,L6 CT,0.04701543,-0.22687063
93205,L6 IT,0.05717212,-0.15973929
244384,Oligo,-0.18417004,-0.14474174
173629,L2/3 IT,-0.3652889,0.21664202
236995,L6 CT,0.121564746,-0.26792228
205296,Endo,-0.22674537,0.2937687
100893,L4/5 IT,0.21028,-0.027644128
5888,L6 CT,-0.029864937,-0.17804489
205316,Astro,0.24688691,0.016561627
239467,L2/3 IT,0.38206846,0.029987216
5763,L2/3 IT,0.118404865,0.2017039
239466,Endo,0.21639597,-0.17590171
93452,Astro,0.2243715,-0.005487323
207869,PVM,0.0078296065,-0.3597504
100760,Micro,-0.027568966,0.3693592
279365,Micro,0.013122141,-0.14042076
207928,L2/3 IT,0.32842904,0.06665748
236921,L4/5 IT,-0.15928227,0.21840352
207984,Astro,-0.36995047,0.34635216
93071,L2/3 IT,-0.22925404,0.3603881
6800,L4/5 IT,-0.14860734,0.15329957
205180,Astro,0.028563201,0.17709798
6781,L6 IT,0.21258849,-0.29289472
6747,Endo,-0.26682448,-0.19855788
6716,L6 CT,0.067875445,-0.36797208
173351,Pvalb,-0.21005571,0.08781272
6704,L2/3 IT,0.32726043,0.05737245
249011,L6 IT,0.13380748,-0.32960156
92894,L5 IT,0.21168786,-0.16732255
101322,Pvalb,-0.03187403,-0.3477683
250344,Micro,-0.31706855,0.25954646
279205,Oligo,-0.047492594,-0.34637162
92931,L2/3 IT,0.41570365,-0.049909383
181124,VLMC,0.49326175,0.0108940005
181122,L4/5 IT,-0.30040216,0.06554943
6512,Endo,0.07412249,-0.46918067
92942,L2/3 IT,-0.18662962,0.3829084
92955,Micro,0.16103321,-0.016788363
236852,Pvalb,-0.044391096,-0.17532063
6387,OPC,0.15404177,0.17911607
173488,Sst,-0.09591174,-0.28176504
208012,L4/5 IT,-0.27751923,0.1084851
6361,Oligo,0.2372976,-0.17989579
6357,Peri,-0.007189721,0.274642
6334,L4/5 IT,-0.1082401,0.16959888
250362,Lamp5,0.06817222,-0.3944759
102205,SMC,-0.3738258,0.34759784
99665,L4/5 IT,0.12969673,0.07472366
180215,Astro,0.028627753,0.24156469
179470,L5 ET,0.15800554,-0.28351033
1538,L4/5 IT,-0.28340673,-0.009827316
206180,L2/3 IT,0.39700782,-0.10725066
96152,L5 IT,0.1186102,0.01995051
263304,Astro,-0.099473596,-0.08555919
1433,Peri,-0.23355037,-0.17612624
249494,L6 CT,-0.11728823,-0.20219555
263639,L4/5 IT,0.20906365,0.034632444
178232,Endo,-0.07086298,0.020032465
96211,Peri,-0.34754592,0.24740773
179426,L5 ET,0.06690878,-0.07080209
263295,L6 CT,0.038681448,-0.43432212
238661,Endo,0.1634534,0.1450895
1266,VLMC,0.4983272,-0.011813879
96316,Oligo,0.14612848,-0.25931704
178444,OPC,-0.080569446,-0.08179304
97844,L5 ET,0.20965809,-0.15502086
1234,L5 IT,-0.114582986,0.067793846
263351,L2/3 IT,0.25639534,0.05084145
280156,L5 ET,0.13232422,-0.25645995
96384,Endo,-0.012944341,-0.105075985
97807,VLMC,-0.4595693,0.28678644
179340,Lamp5,0.14888585,0.34460974
178536,L5 ET,0.10207617,-0.09752369
206254,Astro,0.18163222,-0.09654987
98196,L6 IT,0.06109935,-0.198349
1620,L6 CT,0.14292711,-0.2565372
249508,L2/3 IT,-0.016460687,0.29602408
244647,Pvalb,0.22356552,-0.27003786
98332,VLMC,-0.46575543,0.24579972
238426,L5 IT,-0.11083141,-0.04932648
179602,L5 ET,0.20314986,-0.20249048
238431,Astro,0.19876814,0.27372396
238432,Peri,-0.013126701,0.31315178
280018,Peri,0.21537179,0.025448143
1863,Vip,-0.14500332,0.3706084
177888,L6 CT,0.128295,-0.21446833
98290,L6 CT,0.115599275,-0.18198475
280022,Micro,0.2385124,-0.21475604
179558,Endo,0.011325479,0.12892854
95915,L6 IT,0.050845683,-0.15724292
95990,Peri,-0.22745037,-0.18479306
263285,Peri,-0.26174945,0.2198484
206955,VLMC,0.21882463,0.29817235
179541,Astro,-0.30347472,0.25453556
263657,L6 CT,0.08596182,-0.21257582
1699,Endo,-0.44263786,0.09235978
238536,Endo,-0.01791507,0.2399947
98220,L5 ET,-0.0034693182,-0.28441858
177988,L2/3 IT,-0.3650207,0.12213981
1643,L2/3 IT,0.41068888,-0.058104753
1641,Lamp5,-0.26191127,0.28730637
178017,VLMC,-0.41284984,0.23681015
97719,Oligo,0.19412744,0.02995187
98389,Micro,-0.04409477,-0.26816297
1080,L4/5 IT,-0.3152448,-0.001747191
1037,Sncg,-0.27419704,0.15090638
179184,Astro,0.042636633,-0.104126036
96884,Micro,-0.1860435,-0.20678222
263533,L5 IT,0.23304766,-0.22746101
249374,Pvalb,-0.095886886,0.21168119
178934,L5 ET,-0.06314933,-0.08507237
244591,Endo,-0.2823351,0.23136961
97301,L2/3 IT,0.05234772,0.25355607
96981,Endo,-0.2690053,-0.085532725
263461,Micro,-0.11232519,0.42290354
206484,L4/5 IT,-0.2539212,-0.0146121085
263510,L6 IT,0.20234609,-0.29249147
394,L6 CT,-0.12613267,-0.2925079
280303,L2/3 IT,0.2185672,0.16378182
97244,L4/5 IT,0.17381883,0.052752376
179132,OPC,-0.013512909,0.33758426
120,Micro,-0.00921452,-0.23127773
72,Peri,0.17938441,-0.18476072
97178,L6 IT,0.10934484,-0.2821455
97093,L4/5 IT,-0.086414844,0.14160156
33,Peri,-0.12119517,-0.15202072
29,Oligo,-0.111763775,-0.13779527
97097,L2/3 IT,-0.17497465,0.29228175
97109,Micro,0.39744747,-0.14231995
11,L4/5 IT,-0.30834848,0.16197962
249335,PVM,0.14899081,-0.069987744
453,L2/3 IT,-0.3815139,0.091840625
508,L2/3 IT,0.38931638,-0.14227802
206679,L6 CT,0.17510104,-0.25082767
97700,L5/6 NP,0.07219243,-0.38215417
1026,Endo,0.18137264,-0.022177309
96409,L6 IT,0.22521865,-0.32478303
97661,Endo,0.14020151,0.3462466
178594,Astro,0.27316934,0.19069546
988,L5 ET,-0.20407546,-0.1655232
179310,L6 CT,0.16282892,-0.2967208
178640,Astro,-0.10749698,-0.12045449
97612,L2/3 IT,0.39125293,-0.06726512
179296,Micro,-0.1309222,0.30143082
96580,Oligo,-0.14345145,-0.2316413
862,L6 CT,0.089497924,-0.2809853
96587,VLMC,0.33391607,0.17202789
280207,L5/6 NP,-0.1776627,0.018544257
178674,Astro,-0.015739739,-0.06343651
801,L4/5 IT,0.068241775,0.13660526
765,L2/3 IT,-0.19720554,0.36926633
96610,L2/3 IT,-0.3066367,0.2631722
97598,L2/3 IT,-0.26373374,0.32145327
178742,L5 IT,0.27177727,-0.23373708
206687,VLMC,-0.42746133,0.31251842
600,L2/3 IT,-0.024033368,0.26613843
280245,L6 IT,0.025778294,-0.1601798
576,L2/3 IT,-0.16906518,0.2930047
206684,SMC,0.0184955,0.12238681
280162,Endo,-0.10034537,-0.017776102
239293,Sst,0.1871686,-0.1226992
1934,Astro,-0.19126225,-0.2347492
177743,L4/5 IT,-0.14294237,-0.26330557
263121,Endo,0.266491,-0.07968077
239259,L4/5 IT,0.12281406,0.014388919
99328,Oligo,-0.05091232,0.22263062
176557,Astro,-0.12756297,-0.16011801
3102,L5 IT,0.070471585,0.038576126
237982,L5 IT,-0.23506954,-0.16963297
205795,L4/5 IT,-0.055779845,0.08819288
176581,L2/3 IT,0.050612867,0.2916082
3084,L2/3 IT,0.37587643,0.021912754
95133,Astro,-0.11324197,-0.18390355
95204,SMC,0.2887385,-0.1120463
176555,L4/5 IT,-0.21820074,-0.26029485
95213,L5 IT,0.244465,-0.11602485
238053,Endo,-0.027208507,-0.23004863
205847,L2/3 IT,0.4118142,0.008226335
98979,L2/3 IT,0.049325943,0.22403902
98954,L6 IT,-0.094748616,0.0073171854
238059,L4/5 IT,-0.26308253,0.12893045
2889,Pvalb,0.23746586,0.007292986
98912,L5 ET,0.29882765,-0.21864974
2814,SMC,-0.13859197,0.45728022
207209,Peri,-0.04128036,0.16397339
176815,L6 IT,-0.14026275,-0.11915138
2767,Endo,-0.26934433,0.3676871
239246,Vip,-0.14971459,0.108795404
176519,PVM,-0.16523573,-0.15742424
94970,L2/3 IT,0.23700917,0.19458687
180023,L4/5 IT,0.3391431,-0.15754318
205703,L2/3 IT,0.10554814,0.20895451
3656,Peri,0.148736,-0.13972637
176074,L4/5 IT,0.14356995,0.06620008
176092,L5 ET,0.17579848,-0.185675
94774,L2/3 IT,-0.22527608,0.33324313
205713,Endo,-0.06982118,-0.29172713
99631,Peri,0.29566288,0.03706211
3580,VLMC,0.21958268,0.2536772
249808,L6 CT,0.16939706,-0.29272223
3495,Peri,-0.18154782,0.42901558
99507,Sst,-0.2712829,0.08624524
279793,SMC,-0.41711754,0.24250013
249792,Endo,0.16272587,-0.16639885
94872,L6 CT,-0.05906722,-0.32796136
176349,VLMC,-0.4341097,0.23978758
94924,OPC,-0.00031918287,-0.16436905
176358,Peri,0.032562852,-0.2728316
176430,Micro,0.1703443,-0.30412358
3402,OPC,-0.0968433,-0.06591576
180033,Pvalb,0.19683981,-0.13179243
99388,Micro,0.10930866,0.02976203
239272,L6 IT,0.18343729,-0.27718472
279807,L2/3 IT,0.08586997,0.22143233
207332,L2/3 IT,-0.34753114,0.22659957
279813,Astro,-0.28519204,-0.057711244
176848,L2/3 IT,-0.33251902,0.1725862
249565,Astro,0.21298951,0.30344975
176868,L2/3 IT,0.24206597,0.18417174
2751,L6 CT,-0.09642714,-0.22848344
239218,Astro,-0.34147927,0.11647302
179705,L6 CT,0.16580248,-0.30067736
95705,L5 IT,-0.2350047,-0.13567013
177494,VLMC,-0.4107997,0.33274764
177504,L4/5 IT,0.24188608,-0.03525147
2214,L5 IT,-0.15232077,0.065103054
177506,L4/5 IT,-0.26256046,-0.02516526
2197,L4/5 IT,0.26627624,0.030654967
238341,OPC,-0.059980035,0.33858788
249585,Micro,0.0711385,0.004632592
177635,Astro,-0.12886792,-0.4283957
279953,L2/3 IT,-0.019509554,0.32750434
2096,L6 IT,0.25532395,-0.24190876
238353,L6 CT,0.11416173,-0.26954588
206049,Micro,-0.14614904,-0.09736544
177668,L4/5 IT,-0.29052287,0.035041094
263714,SMC,0.1383999,-0.018154383
95734,L2/3 IT,0.11849558,0.21911764
98451,L4/5 IT,-0.29926735,0.123601556
98443,L6 CT,-0.01448521,-0.12767726
238371,L4/5 IT,-0.1665008,0.14228112
177718,SMC,0.39317846,0.09638733
279990,L4/5 IT,0.2827587,-0.034583896
177728,OPC,0.15549314,0.20183372
239208,Astro,-0.18266296,-0.048877716
238281,Endo,0.193129,-0.23433259
95669,Astro,0.37584078,-0.13347033
2385,Endo,0.20287824,-0.20478538
176883,L4/5 IT,0.33623886,-0.13260743
249698,Endo,-0.45691088,0.19815576
98898,Pvalb,-0.049108177,0.14140385
2734,L5 IT,-0.194482,-0.01795277
176934,L6 CT,0.19315422,-0.2859645
249686,L6 CT,-0.070279956,-0.25193253
2656,Micro,0.09653717,-0.17953518
177081,Pvalb,-0.11592594,-0.203598
95413,VLMC,-0.44683933,0.2158742
95417,L4/5 IT,-0.32257223,-0.016370237
98855,Sst,-0.20687523,-0.14310148
95443,L5 IT,-0.22284713,-0.13393977
177153,L2/3 IT,0.09423447,0.15936369
2503,SMC,-0.21430844,0.44061226
244680,L4/5 IT,-0.29930267,0.040119708
238201,L2/3 IT,-0.35753185,0.17518842
238203,Pvalb,0.36894768,-0.11557791
279921,Lamp5,-0.24193785,0.4590209
263729,L6 IT,0.092549205,-0.24441591
244521,L2/3 IT,0.39068985,-0.059369296
244670,Astro,-0.2550261,0.21000129
2449,Sst,-0.14382929,0.24494958
98671,VLMC,0.35557956,0.206168
179770,L6 IT,0.0016481876,-0.07752684
98657,L4/5 IT,-0.25515476,-0.13307407
179911,L2/3 IT,0.39975333,-0.051211238
236415,Astro,0.034730077,0.40452784
244873,L2/3 IT,-0.3443335,0.11711365
102244,L2/3 IT,-0.09546268,0.2966258
106304,L5 IT,-0.137914,-0.23164329
234323,L5 IT,0.16386622,-0.06846669
13706,L2/3 IT,-0.1647354,0.30071312
265205,L5 IT,0.19346929,-0.12466088
167475,Astro,0.40625018,0.06339443
106239,Pvalb,-0.037849963,-0.18969858
203584,L5 IT,0.05442339,0.065004826
209736,Astro,-0.12670034,0.33123022
106203,L2/3 IT,0.40968186,-0.06115049
13560,L4/5 IT,0.1441229,0.091225445
248640,VLMC,-0.1337763,0.5
167320,Astro,0.18989033,0.14234596
13527,OPC,0.13154852,-0.4604805
13449,L2/3 IT,0.3931309,-0.054490477
167696,Endo,0.12956762,0.17830485
106156,Micro,-0.15188661,0.08117372
13389,VLMC,0.45656586,0.040143788
106145,L5 IT,0.10881388,-0.018650502
209686,L4/5 IT,0.07972509,0.13392937
106113,L2/3 IT,0.37087196,0.059742987
106102,Astro,-0.1024262,0.04371214
203683,L2/3 IT,-0.27731442,0.3056863
13253,VLMC,0.45709366,0.03586465
167819,Oligo,0.04409492,-0.05385402
13450,L5 IT,0.05923456,-0.003008604
209788,Astro,0.11315179,0.3924579
86982,Endo,0.027220845,0.40734917
183257,L5 ET,0.078309834,-0.2069158
106664,L5 IT,0.06718826,0.0024917722
14358,L4/5 IT,-0.24581781,-0.09448242
248584,L6 IT,-0.07138619,-0.14055642
86764,L6 IT Car3,-0.04703462,-0.1505785
14326,PVM,-0.32357872,0.43669307
14313,L5 IT,0.08828533,-0.04338917
265257,L6 IT,-0.09772873,-0.07812622
86821,L6 IT,0.018839955,-0.085540414
106569,Astro,0.44402945,-0.058368176
106458,L6 IT,-0.05327776,-0.2568505
261927,L6 IT,-0.10262352,-0.092023045
106438,L2/3 IT,0.0901469,0.25763243
167035,L5 IT,0.3023867,-0.19893065
106398,L4/5 IT,-0.2972389,-0.092565805
248601,L2/3 IT,0.10692328,0.21383816
209823,Endo,-0.15519172,-0.32587042
13982,Astro,-0.07265982,0.25625032
209813,L5 ET,0.08861309,-0.024641097
13963,L4/5 IT,0.1379407,0.03697139
106376,L4/5 IT,-0.16304556,0.18242115
234264,Endo,0.008296609,-0.2280781
106326,Endo,-0.017185837,-0.29378855
86978,L5/6 NP,-0.07402015,-0.46465373
167170,Endo,0.047102988,-0.38590372
13865,Endo,-0.16805297,-0.19743845
209627,OPC,0.042907834,-0.12549925
14404,L2/3 IT,0.022785068,0.30110902
87420,Oligo,-0.10458371,0.2268027
105857,OPC,-0.3745923,0.17127705
234733,L4/5 IT,-0.08746725,0.23140776
168453,SMC,-0.2970268,0.42894632
234746,Endo,-0.4626456,0.19950497
105228,Oligo,0.023663223,-0.3792593
105202,L2/3 IT,-0.23322809,0.358944
105201,L2/3 IT,0.39674574,-0.00536108
12514,SMC,-0.4158892,0.2515862
12509,L2/3 IT,0.4479707,-0.06496504
234768,L4/5 IT,0.052769423,0.15307039
87992,Astro,-0.14724472,0.285088
12491,L5 ET,-0.19469637,-0.19979951
203870,Micro,-0.3867681,0.14759195
88006,PVM,0.034957528,0.39763278
12444,L2/3 IT,0.07488614,0.28826213
203956,L5 ET,-0.16538078,-0.09970775
239914,Astro,0.07508969,0.22587913
12424,Astro,0.14918995,0.16136444
265051,VLMC,0.40961277,0.07342219
234810,L5 ET,0.07042581,-0.18172029
12385,L2/3 IT,-0.03331113,0.35667086
168665,L6 CT,0.019679189,-0.3512839
234849,Endo,0.06122905,0.18042463
168782,Endo,-0.02958399,0.3910734
234852,L2/3 IT,0.283885,0.095629334
234791,Peri,-0.1991317,0.23776978
168368,Endo,0.40236503,0.012341142
87696,L4/5 IT,-0.23256314,0.1577043
239939,L5 IT,0.234415,-0.15760744
167930,L6 IT Car3,0.013182163,-0.3978495
203719,L2/3 IT,-0.37517858,0.08573979
13173,L2/3 IT,0.34477997,0.083694875
105833,Micro,0.20160091,0.25434273
167973,Endo,0.06808078,0.16673976
87465,L4/5 IT,0.16110504,0.02019304
245083,L2/3 IT,-0.31717438,0.25227666
105734,L2/3 IT,-0.3462671,0.044765115
203767,Sst,0.29103547,0.055256963
278016,Pvalb,0.23602587,-0.21684095
168233,L2/3 IT,0.082755625,0.27371365
168248,Astro,0.009158969,0.14616883
87587,L2/3 IT,-0.17476657,0.29700917
105542,L4/5 IT,-0.27099073,0.124732375
105537,PVM,0.13804924,0.068528295
182924,L6 IT Car3,0.018797934,-0.23669139
234641,L2/3 IT,-0.30435532,0.30446053
12897,Vip,-0.41302735,0.15473253
182915,Lamp5,0.116291106,-0.027439505
105524,Endo,-0.1385839,0.24358243
105492,L2/3 IT,0.3844537,-0.009027094
234656,Astro,0.037607193,0.38319075
105451,Sst,-0.20604491,0.08641237
12799,L6 IT,0.05865538,-0.2687472
182901,L5 ET,-0.04695812,0.060715258
167893,Endo,-0.3169158,0.23794478
105033,L6 CT,-0.031021744,-0.18172675
251482,Astro,-0.2818572,0.1738128
86668,L5 IT,0.17234582,-0.0878959
15766,L2/3 IT,0.20322675,0.15170681
240095,VLMC,0.21713853,0.28422225
265429,L2/3 IT,0.26733375,0.11744434
165506,L2/3 IT,-0.32442808,0.24113953
245177,L6 IT,0.11382216,-0.34001046
15689,Astro,0.1876722,-0.11555663
251738,Endo,0.12562394,-0.34618968
233715,Pvalb,-0.089995146,-0.02529779
233719,VLMC,-0.43892565,0.31114376
15668,Astro,-0.3952552,0.30222356
107519,Oligo,-0.054499924,-0.30638874
165451,L4/5 IT,-0.2780496,0.055899143
203190,L2/3 IT,0.16494566,0.11370319
245164,L2/3 IT,0.029847026,0.29429793
233760,L4/5 IT,0.20463336,-0.03606507
85984,L2/3 IT,0.35506654,-0.053607643
165782,L4/5 IT,0.068139136,0.12864882
210170,SMC,-0.21559945,0.3901906
183698,Astro,0.45238465,-0.061020106
210169,Endo,-0.15883946,-0.3073153
165872,L2/3 IT,-0.18978125,0.3399034
248500,L6 IT Car3,-0.0990178,-0.2675411
183668,Astro,-0.03198105,0.16134858
165886,L5 IT,-0.14211497,-0.028538764
165618,L6 CT,-0.124492854,-0.19364074
107578,Endo,0.13232768,-0.14708522
261736,L6 CT,0.09164244,-0.35671717
85773,Astro,-0.34423664,-0.09289348
265529,L5 IT,-0.05381003,0.023583293
85574,PVM,0.052046478,-0.17360094
248458,OPC,0.076652944,0.13908815
16137,Endo,-0.19360477,0.25494587
210305,L6 CT,0.025220633,-0.18215868
107748,L4/5 IT,-0.17928582,0.123874724
233570,VLMC,0.24959302,0.2626618
203080,L2/3 IT,-0.09349647,0.26602834
203089,Endo,0.183963,-0.06926465
265500,L2/3 IT,-0.36567202,0.110316455
85633,VLMC,0.20882362,0.2810927
16016,L2/3 IT,0.24136156,0.07047951
251797,SMC,-0.39910752,0.35854113
85679,L5 ET,0.2125352,-0.24834469
107694,Oligo,0.076081395,-0.14348966
248467,L5 IT,0.19744223,-0.15029386
165345,L4/5 IT,-0.037560195,0.14895934
15956,Endo,0.43988687,0.013885677
248469,L6 IT,-0.04470405,-0.12504172
165377,Pvalb,0.12922251,0.25720656
277627,Astro,0.2702917,0.07891774
107651,L4/5 IT,-0.2568829,-0.07999277
165415,L2/3 IT,0.23964965,0.1517129
251763,L2/3 IT,-0.37255254,0.08600646
15889,SMC,-0.20895872,0.24624926
277679,OPC,-0.24658561,0.4229114
14438,L6 IT,0.22219181,-0.29342157
233817,Vip,-0.26641217,0.30449408
277681,VLMC,0.08409333,0.38341975
210060,L5 ET,-0.07129902,-0.15879837
166430,VLMC,0.4469654,0.050016344
233992,L4/5 IT,-0.07509664,0.19614166
203368,L5 ET,0.21251541,-0.1496929
86368,Endo,-0.009238154,0.24179882
277755,L2/3 IT,-0.26615334,0.34164518
183481,L5 IT,-0.13434815,-0.1299518
107064,L2/3 IT,0.20677131,0.23334318
166526,Peri,0.06175345,0.21962649
261862,L2/3 IT,-0.063691616,0.26032752
277779,L2/3 IT,-0.11969635,0.36320764
166429,L6 IT,0.09661442,-0.11292538
234048,L4/5 IT,0.307895,-0.05226195
261864,L6 IT,0.08898252,-0.3459714
106912,Sst,-0.19585562,0.33244383
166655,L4/5 IT,0.0670799,0.14167911
86583,L5 IT,0.06899792,-0.35169974
166657,Peri,0.004799545,-0.37309363
234094,L4/5 IT,0.13337421,0.10905236
234106,L5 IT,0.31670827,-0.23360357
251503,Astro,-0.10836005,-0.25677702
14563,L4/5 IT,0.0486055,0.1779198
14554,Pvalb,0.09487748,-0.118141174
240027,L5 ET,0.031985402,-0.19458348
166560,L5/6 NP,-0.03670293,-0.2769593
277732,Peri,0.12876701,0.17655432
14960,L4/5 IT,-0.20269772,0.19169283
233969,Lamp5,-0.06382629,0.428001
165913,Lamp5,0.32158798,0.13315386
210140,L2/3 IT,-0.24729279,0.34806448
15374,Peri,-0.13815907,0.18544197
277683,Endo,-0.17692566,0.05982417
183645,L2/3 IT,0.1477645,0.19243044
15266,L2/3 IT,0.09526658,0.26633304
15254,L5 IT,-0.021259904,-0.24977943
165965,VLMC,-0.16641623,0.4861942
165994,L4/5 IT,0.06698227,0.16253418
15200,Peri,-0.15564755,0.33075082
183624,OPC,0.09479308,0.37386966
166048,L4/5 IT,-0.2958364,-0.06164974
166049,L6 IT,0.06975365,-0.3021591
15138,Pvalb,0.18916029,0.12927848
107294,Oligo,-0.022930682,-0.4075522
166105,Micro,-0.19706962,0.28392804
251604,L6 CT,0.07183671,-0.22345981
15078,Astro,-0.33553338,0.15993035
107247,Oligo,0.12572968,-0.32020825
183553,Oligo,-0.14344859,-0.20694566
261811,Astro,0.14697236,0.35894608
166320,Astro,-0.4041021,0.1452902
166323,Astro,0.05742544,0.40127772
14977,L4/5 IT,0.06131798,0.13980061
107151,L6 IT Car3,-0.021694183,-0.2214444
165896,L6 CT,0.17197478,-0.3204165
12263,Pvalb,-0.26530686,-0.17610016
168807,VLMC,0.4308266,0.048110604
168870,Endo,-0.13264292,-0.23283559
90821,L6 IT,0.023960114,-0.46964133
103015,Astro,-0.1992707,-0.19240528
9000,Astro,0.15239048,0.05562675
171300,L4/5 IT,0.045914948,0.093286574
8965,L2/3 IT,0.27198434,0.045444548
235965,L5/6 NP,0.12914044,-0.23180625
102921,L4/5 IT,-0.17328534,0.22745484
171471,L4/5 IT,-0.26022053,0.098483205
8918,L2/3 IT,0.4429623,-0.07559064
235991,VLMC,0.4517306,0.035006285
8905,PVM,-0.0051918924,0.22557348
90804,L2/3 IT,0.064055085,0.26551843
171600,Astro,-0.15470183,-0.32555613
204735,L5 IT,0.2734391,-0.15003827
171643,Oligo,0.050622523,-0.30776203
181756,Peri,0.039167166,0.103037715
171664,Astro,0.15260732,-0.07816151
90953,L6 CT,-0.070254445,-0.16011724
236029,L6 IT,0.23350245,-0.2884016
244292,L5 IT,-0.13719165,-0.20074919
181733,Sst,0.06885338,0.033105195
181732,L6 IT,-0.15172419,-0.18307331
181728,L2/3 IT,0.07241613,0.22284353
236061,Astro,0.3138427,0.162628
171611,Endo,-0.07241368,-0.39666444
90776,Astro,-0.11203247,0.3481722
235898,L6 CT,-0.16564569,-0.22036272
208623,L2/3 IT,0.30400884,-0.020609587
204559,L5/6 NP,-0.16855788,-0.31094348
204568,Astro,0.3579656,0.14220738
244924,Vip,-0.15065,-0.041721493
90295,L2/3 IT,0.16599464,0.11097813
9511,L5 ET,-0.06979799,-0.15289068
235796,L5 IT,0.09925985,-5.2452087e-05
90307,VLMC,-0.3039192,0.4404239
103336,L5 IT,-0.2518074,-0.08577311
103286,L2/3 IT,0.34826434,-0.059118032
204622,Peri,-0.42946884,0.04677236
264635,L4/5 IT,0.06450492,0.16891825
262476,L2/3 IT,0.31947064,0.055027008
9332,L6 IT,0.07134926,-0.1138486
204652,VLMC,0.045206606,0.41679257
103163,L4/5 IT,-0.17129013,0.2123599
103138,Endo,0.1226995,0.16880268
90510,VLMC,-0.4140678,0.31691635
90532,Pvalb,0.21542782,-0.31145877
171056,Oligo,0.09465295,-0.14381123
90595,L4/5 IT,-0.1276302,0.084726036
171082,L6 CT,-0.038590193,-0.22477931
171117,L5 IT,0.038850248,-0.040647388
171129,Endo,-0.34304065,0.18160516
262514,Sst,0.009901166,-0.14648712
103075,Peri,-0.0034943223,0.25890648
208551,L4/5 IT,-0.2066941,0.13671559
250806,L6 IT,0.069438815,-0.36269292
102811,Lamp5,0.042682946,-0.048753858
91054,L5 IT,0.13439375,-0.035359353
172033,Sst,-0.21549985,0.20583463
208461,Peri,0.10878372,0.050558627
102422,Lamp5,-0.038892448,0.35828835
172126,L5/6 NP,-0.07928732,-0.28444818
8113,Micro,0.18743265,0.015788734
181536,L6 CT,-0.041784286,-0.23565343
278945,Pvalb,0.06506628,-0.1264582
208424,SMC,-0.19052362,0.45793575
236287,VLMC,0.020245194,0.43016875
250528,Oligo,0.17175823,-0.37216353
102374,L5 IT,0.12202209,-0.059232354
8259,Endo,0.0029309392,0.10253352
91492,L4/5 IT,0.09585875,0.12784171
181484,Endo,-0.2950358,0.06338757
102353,L5 IT,-0.14521712,-0.05367455
7961,Peri,-0.34752497,0.04369414
264453,L2/3 IT,0.17269802,0.17166108
7957,L4/5 IT,-0.11422843,0.1890018
248950,L5 IT,0.1534403,-0.08542499
91640,Pvalb,-0.06793594,0.1738581
250471,L2/3 IT,0.10233903,0.2407248
278990,L2/3 IT,0.053283215,0.2465465
236376,L6 IT,0.007870495,-0.26767
7860,Oligo,0.17556542,-0.057615846
250515,L6 IT Car3,-0.053489715,-0.19615051
8271,Endo,0.10740608,-0.07884225
91354,L5 IT,0.14778835,-0.0226838
91352,Pvalb,-0.08651814,-0.298101
102794,L4/5 IT,-0.22931266,0.12045485
91072,Micro,-0.17670208,-0.1811766
208533,Micro,-0.18637595,0.20961231
250588,Oligo,0.181732,-0.33036795
171793,Lamp5,0.35619313,0.10184294
102740,L4/5 IT,-0.2615583,0.051917315
204777,Pvalb,-0.11786899,0.27145308
171802,L2/3 IT,-0.28348845,0.30324024
102700,L4/5 IT,-0.27295494,-0.09145436
181668,Astro,-0.3361407,0.27095294
91278,L2/3 IT,0.4447621,-0.057853937
8443,L4/5 IT,-0.20614085,0.21670455
250570,PVM,-0.40913433,0.05283165
181628,L2/3 IT,0.37477064,-0.037450373
171914,L5 IT,0.122627795,-0.072574705
8392,L2/3 IT,0.44782424,-0.079034925
171976,Peri,-0.05451268,-0.2785275
250561,Vip,-0.21835464,0.21089602
8331,Endo,-0.19841611,-0.21664003
239646,L4/5 IT,-0.07513642,0.1568504
8326,Endo,-0.3244964,0.32451373
278884,Pvalb,0.1987319,0.097082615
91348,L2/3 IT,0.32634622,0.08213574
278888,L4/5 IT,-0.24630195,-0.011392921
236210,VLMC,0.0014964938,0.41388023
8664,Astro,-0.0010599494,0.23530024
170688,Micro,-0.31364584,-0.06294158
103506,L4/5 IT,0.11428249,0.09655744
182075,VLMC,-0.46798858,0.21490037
11707,L4/5 IT,0.28671032,-0.102736145
262258,Astro,-0.39639384,0.2003035
235103,Astro,-0.31075236,0.350079
235105,Astro,0.054287612,0.37279898
278229,L2/3 IT,0.38565397,-0.096375406
239848,Micro,-0.067607164,0.3211639
88848,Astro,0.13291144,0.35858697
182538,L2/3 IT,-0.11984068,0.20237541
169483,L4/5 IT,-0.28054422,-0.11502695
204239,Endo,-0.1420421,0.2863691
11501,OPC,0.04993242,0.16961408
104622,L6 IT,0.017576516,-0.35907888
169594,OPC,0.34001833,-0.049180895
169596,L2/3 IT,-0.062104553,0.29764777
182495,L5 IT,0.10089612,-0.03401333
262292,VLMC,-0.4580136,0.2577514
11431,Sst,0.03126812,0.2957639
235231,L4/5 IT,0.18539548,-0.007886052
204283,Astro,-0.17068458,0.19150198
235248,PVM,0.16207743,0.014990032
89203,L6 IT,0.13962972,-0.22203058
89259,Endo,-0.43756905,0.12769675
11243,L4/5 IT,-0.24716008,0.045899153
169766,Sst,-0.18984556,0.124061346
104400,Astro,0.17972577,-0.18895182
169208,L6 CT,-0.080732286,-0.24311307
235086,L5 IT,0.105489254,-0.009370834
11776,L4/5 IT,0.08571601,0.11716974
245025,L5 ET,0.19100457,-0.088045865
12128,OPC,0.34689575,0.052121878
105000,L2/3 IT,0.16661859,0.14176983
104980,Oligo,0.1061725,-0.18032971
104963,L6 IT,0.2481429,-0.26703507
12121,Sst,-0.30548453,0.1823529
209319,L4/5 IT,-0.22299796,0.11423957
209315,L6 IT,0.17436832,-0.2307015
204036,L6 CT,-0.03443727,-0.27208441
88362,OPC,-0.055126965,0.23395205
234958,Astro,-0.24863166,0.4497615
104918,L2/3 IT,-0.23522443,0.30168605
204065,SMC,-0.43520334,0.14269572
204074,Astro,-0.35307902,0.39535612
204078,Astro,0.33536613,0.055791616
278193,L4/5 IT,-0.15927699,0.20199978
168982,L6 IT,0.15019488,-0.19670147
278199,L5 IT,-0.028804779,-0.011851519
88570,L4/5 IT,0.37146145,-0.15291137
204114,L2/3 IT,0.118272245,0.22731358
169089,Pvalb,-0.13887769,0.22429955
104664,Astro,-0.18963042,-0.21495527
239864,L5 IT,0.14509213,-0.04507616
11796,Pvalb,-0.16680294,-0.17507261
264949,Lamp5,0.025171518,0.36029392
11207,L5 IT,0.19590598,-0.034389317
204297,L2/3 IT,0.17441982,0.14758468
169820,Endo,0.4275437,-0.079936564
104267,Lamp5,0.4048097,-0.03355655
248819,Astro,-0.1569736,-0.16131845
10260,L5 ET,0.10027319,-0.24759325
103728,Oligo,0.1299401,-0.39488146
103632,Pvalb,-0.052258134,-0.47184753
182176,Pvalb,-0.20086876,-0.20653102
10182,Sst,-0.28378415,0.033578753
170472,L5 IT,0.11699325,0.0033640862
10070,L6 IT,-0.017771065,-0.22368425
170483,Oligo,-0.1898556,-0.21423095
9985,Astro,0.22328436,-0.21102098
103562,L4/5 IT,0.098879635,0.17020667
204502,L4/5 IT,-0.25629935,-0.079033345
208850,VLMC,0.21846503,0.28745514
170567,Astro,0.22203481,0.27783132
89958,L2/3 IT,-0.3163159,-0.02383551
182114,L6 IT,0.21703643,-0.273637
170597,L4/5 IT,-0.08107701,-0.31282073
208842,OPC,0.0473243,-0.36329985
170624,Oligo,0.16087294,-0.03567198
103529,Astro,-0.12352714,-0.18176982
9780,L2/3 IT,0.23328424,0.18328488
235679,L4/5 IT,-0.29068476,0.0072523355
235684,L6 CT,0.1513775,-0.31359017
170639,L2/3 IT,-0.12365624,0.39188838
235690,L5 IT,-0.21433789,-0.18895915
10326,L6 IT,-0.060133517,-0.059674323
165122,Endo,0.35863644,0.005934477
204437,Peri,-0.06535104,0.34189147
170364,L6 IT,-0.18948787,-0.08245027
248793,SMC,-0.38856298,0.3110246
169863,Endo,0.27986807,0.20050955
244970,L2/3 IT,-0.34782505,0.1887291
239803,OPC,-0.09391782,0.0016571283
104094,VLMC,-0.39414033,0.3889131
104090,Endo,0.26227033,-0.31242603
209024,L6 CT,-0.011588246,-0.16657364
10900,Oligo,0.029660642,-0.17833099
250959,L5 ET,0.09567183,-0.25608605
169993,L4/5 IT,-0.23494118,0.1712063
170030,OPC,-0.0034107864,-0.10409173
235452,L2/3 IT,0.26459914,0.15641725
250936,Vip,0.3905149,-0.034306765
89543,L2/3 IT,-0.40786642,0.12958086
10631,OPC,-0.10809618,-0.07684338
10575,Astro,-0.21512029,-0.17090994
89582,VLMC,0.42070782,0.10562539
278442,L2/3 IT,0.19076204,0.14041382
244229,L2/3 IT,-0.16767648,0.32309443
170203,L5 ET,0.16662574,-0.11976409
170218,L5 IT,0.1439048,-0.009686619
89630,L6 CT,0.030182421,-0.27357364
250890,Endo,0.15610582,-0.07547575
10425,Endo,0.1425069,-0.18676856
250887,L5 IT,0.22758538,-0.07781401
182214,L6b,-0.056364447,-0.34241796
9819,Astro,0.41853142,0.011654735
28146,Astro,0.3126222,0.15116477
120771,VLMC,-0.4031564,0.33268833
216521,Pvalb,0.08721578,0.013155401
66733,L4/5 IT,0.322159,-0.06031418
191406,Peri,-0.3665868,0.21401262
123572,L6 CT,-0.023389906,-0.26166672
197889,Endo,-0.1572749,0.44843656
224287,Peri,-0.12833604,-0.30444366
142609,Endo,0.25899404,-0.11256379
123632,Astro,0.4570861,-0.010946095
216559,L2/3 IT,-0.038699806,0.27972347
123694,Endo,-0.2129418,0.46048176
191440,L6 CT,-0.09309974,-0.30746248
123733,L2/3 IT,0.336766,0.07507515
66550,Astro,-0.019197553,0.30469906
43303,L4/5 IT,-0.18814763,0.11758864
43319,L6 CT,0.12365699,-0.42958683
255751,Micro,0.21039027,-0.13121572
224218,L2/3 IT,0.04806298,0.22645378
224331,Peri,0.10629892,-0.1937674
272800,L4/5 IT,0.03628838,0.109063625
142930,L6 IT,0.14060783,-0.074873745
142919,L2/3 IT,-0.18167272,0.33731496
258977,Lamp5,-0.43653327,0.26820904
142891,Lamp5,-0.19764495,0.44791764
142883,L2/3 IT,0.25665605,0.13875955
66939,Vip,0.1939373,0.12755471
258972,L2/3 IT,-0.22079918,0.34072953
66923,Astro,-0.001114577,0.3727795
42827,SMC,-0.29387844,0.44236416
66901,Oligo,0.27047288,-0.2542889
142816,Endo,-0.38137427,0.23407906
272824,L2/3 IT,-0.281664,0.28658944
123461,Micro,-0.14335644,0.0452289
268818,Astro,-0.2797256,0.10429716
66750,Endo,0.12240046,-0.17669055
142732,Endo,0.0152747035,0.3610009
255785,L5 IT,0.2237491,-0.12106997
191463,L6 CT,0.06864977,-0.31670922
123788,Micro,-0.1339207,0.35510582
197776,L5/6 NP,-0.14118218,-0.14770138
43708,Endo,-0.2564903,0.432774
216652,Peri,0.17530948,-0.108728796
191566,Micro,0.053541064,-0.3659007
272680,PVM,-0.12902585,0.15048778
123986,L4/5 IT,-0.10181102,0.11542648
66311,L5 IT,0.057785034,0.0537619
43742,Sncg,-0.29881942,-0.073872775
247054,Pvalb,-0.30210388,0.2462861
191590,L2/3 IT,0.07123011,0.21098173
43816,OPC,-0.18122867,-0.21255544
43822,L5 IT,0.28504688,-0.23356974
43834,L6 CT,0.018516302,-0.18362373
216690,Endo,-0.101106375,-0.25953466
43858,OPC,0.026903033,0.109001696
224086,L5/6 NP,-0.03967008,-0.09423795
43687,L2/3 IT,0.094007015,0.25422847
224104,Peri,-0.042674154,0.35547072
272697,L2/3 IT,0.3069561,0.0020263195
272727,L2/3 IT,-0.21777394,0.3569324
43458,L2/3 IT,0.09452689,0.2694046
191467,L2/3 IT,0.31436276,0.0589844
123871,L2/3 IT,-0.3074208,0.29233986
142450,L2/3 IT,-0.005788833,0.23777246
246114,L2/3 IT,-0.07318753,0.26660305
43553,Endo,-0.0072297156,-0.074025095
66974,VLMC,-0.4219454,0.27292025
66400,L6 IT,0.17450213,-0.1778368
123919,L5 ET,-0.14305052,-0.19169968
216642,L2/3 IT,-0.19884872,0.32652253
123927,L4/5 IT,0.1007818,0.13558614
224115,L5 IT,-0.18608624,-0.17395473
224114,Endo,0.16446948,-0.33992285
268911,Astro,-0.114821434,0.19680017
191534,L6 CT,-0.09512335,-0.1795074
43594,L5 ET,-0.15543747,-0.048165172
258827,SMC,-0.15564921,0.12821805
191336,L4/5 IT,-0.24963772,0.08714986
241641,L2/3 IT,0.1381461,0.14695114
216202,Pvalb,-0.20388034,0.036566257
122789,Oligo,0.11334646,-0.36704445
143934,L6 CT,-0.081287116,-0.27160567
216213,VLMC,-0.3481363,0.39900225
224808,L2/3 IT,-0.06821439,0.32427222
143912,L4/5 IT,-0.053763986,0.09320474
41856,L5 ET,0.2974571,-0.23026693
259053,Astro,-0.13317177,0.289959
259051,L5 ET,0.18527657,-0.21971583
41893,L2/3 IT,-0.36838263,0.161695
122839,L6 IT,0.016596317,-0.3565578
67565,L5 IT,0.07873297,-0.099627286
216245,VLMC,-0.08415252,0.4750651
143612,L6 CT,-0.043821126,-0.24378598
224732,OPC,-0.28077996,0.00341326
143961,L6 IT,0.2123422,-0.23097643
224727,Astro,-0.122418284,0.2857111
67649,Astro,0.08871192,0.36572605
67667,L6 CT,-0.011472493,-0.26761764
255508,VLMC,0.40763205,0.09034032
41329,VLMC,0.3613205,0.17658395
144209,Endo,0.106108725,-0.1525222
224971,VLMC,0.21496695,0.27265662
144129,Micro,-0.15704581,-0.28747946
41477,Micro,0.16488963,-0.3017343
67833,L2/3 IT,-0.18421233,0.30481195
67825,Endo,0.17138273,0.1009202
122691,L4/5 IT,0.35712528,-0.12605107
190975,L2/3 IT,0.37545097,-0.08830857
259080,OPC,0.14979506,0.19873542
41602,L5 IT,0.19983208,-0.038391083
41621,L2/3 IT,0.130965,0.21280998
41656,Astro,-0.26685143,-0.015886247
216192,Astro,0.21158653,0.1710121
143978,VLMC,0.456636,-0.0020277798
191119,Sst,0.026670814,-0.3298068
191130,L6 IT Car3,-0.08911741,-0.13508585
259038,SMC,-0.42702657,0.26265812
123207,Pvalb,0.44499326,-0.052630514
143217,L6 IT,-0.084328145,-0.2815218
42403,Endo,-0.012500495,0.24285352
143208,Endo,-0.1524595,0.1627717
247109,L5 ET,-0.118215114,-0.16699529
268764,L4/5 IT,0.053733587,0.13121063
123346,Oligo,0.112953186,0.023400366
42517,Astro,-0.23847231,0.36159182
42536,L2/3 IT,-0.19217604,0.31535327
143046,Astro,-0.16835874,0.4142928
123376,L4/5 IT,0.051931143,0.15032995
143005,L2/3 IT,0.28288144,-2.0235777e-05
142998,L2/3 IT,0.117627144,0.1803031
142986,L4/5 IT,0.07933003,0.120330036
42634,Peri,0.39152056,0.10464132
42375,Astro,-0.4463778,0.25246108
123180,Astro,-0.3698138,0.020653963
224564,L4/5 IT,0.100155115,0.14618903
255654,L2/3 IT,-0.3610775,0.10127932
268685,Peri,0.22813535,0.27683383
122933,Endo,-0.39658523,0.3567096
42092,Lamp5,0.20333159,0.06844139
122943,L2/3 IT,-0.35038278,0.19273996
241606,Endo,0.35819674,-0.026942223
272970,Endo,-0.021184683,0.34997112
122981,Endo,0.017313838,0.103171706
66996,L4/5 IT,-0.21209943,-0.15404224
67345,Endo,0.2407307,0.14607275
224630,Endo,-0.174149,0.34318984
143382,L4/5 IT,0.20969838,0.011270642
42253,Oligo,0.06279129,-0.09417388
67191,L5 ET,-0.19089264,-0.112268955
42259,Endo,-0.046707302,0.21618348
123137,L2/3 IT,0.117742,0.17236859
42284,Lamp5,0.18691295,-0.10105783
42188,Pvalb,-0.111321,-0.2474187
41314,Sst,-0.042318612,-0.36095646
66239,L6 CT,0.1564275,-0.3184883
142080,Micro,-0.09809083,-0.06932062
125383,L5 IT,-0.2043474,-0.093704015
217092,L6 CT,-0.040687293,-0.29675817
140542,L6 CT,0.071240306,-0.2943086
140517,L6 CT,-0.11981416,-0.12858412
45753,L2/3 IT,-0.02911815,0.26070452
272379,L5 ET,-0.0929198,-0.034119934
269203,L2/3 IT,0.1688652,0.14065033
45777,L2/3 IT,-0.36004186,0.22268862
45826,Endo,0.1542387,0.06371039
45831,L4/5 IT,-0.27650738,-0.08677444
125449,L5 IT,-0.196733,-0.022405803
246185,Pvalb,0.11822194,-0.17281705
140503,L2/3 IT,-0.1873453,0.32955408
217110,L2/3 IT,-0.23023185,0.25146693
125506,L4/5 IT,0.20093316,0.029009163
140690,L6 IT,0.25241965,-0.28717262
65105,OPC,-0.101590216,-0.24539682
65229,L2/3 IT,0.26972973,0.11496967
45609,SMC,-0.043711632,0.44497895
191951,L4/5 IT,-0.1505763,0.1711762
45403,Astro,0.18054903,0.26373053
140843,Lamp5,0.09711158,0.36672097
241826,Pvalb,-0.010081917,-0.1086469
125219,Lamp5,-0.006639272,0.3816452
269136,Endo,0.017320633,0.10446918
45512,Astro,-0.15999448,0.21806419
45552,OPC,-0.1687614,0.36217672
256079,Pvalb,0.03391832,-0.023904443
125249,PVM,-0.12445879,0.49525988
45555,L4/5 IT,-0.100643545,0.15485471
125348,Peri,0.17876285,0.01333046
125359,Sst,-0.06367928,0.1681444
140716,Astro,0.119837284,0.2222693
269178,Micro,0.04083574,0.32205015
45610,Lamp5,-0.15227783,0.36117768
272344,L5/6 NP,-0.0910283,-0.18464655
140481,Vip,-0.19964907,0.16558456
223389,L2/3 IT,0.29485792,0.013004422
269273,Oligo,0.07210547,-0.35402495
64756,Lamp5,0.4687817,-0.10786024
64689,Vip,0.04342097,0.3174305
46388,L5 IT,-0.1055927,-0.13631731
272260,L2/3 IT,0.14747417,0.27846187
256157,Lamp5,-0.12041983,0.25435686
46450,L2/3 IT,-0.19978687,0.28293598
140090,Oligo,-0.07071343,-0.24139842
64502,PVM,0.26051682,0.071869195
125836,L2/3 IT,0.12340933,0.2862482
46535,L4/5 IT,0.13898605,0.09225798
217309,L4/5 IT,0.29701966,-0.094944835
64425,L6 CT,0.15791851,-0.22403914
46543,L2/3 IT,-0.054964334,0.28320807
125865,L4/5 IT,-0.10162884,0.1974408
46357,L6 IT,0.09193307,-0.11017379
272267,Astro,-0.036709726,0.34715182
269270,VLMC,-0.332901,0.37037617
217228,L6 CT,-0.06682378,-0.27493855
140458,VLMC,-0.042268693,0.45845324
125524,Lamp5,-0.045955837,-0.3630429
65034,L5 IT,0.15649933,-0.029015124
242881,SMC,-0.1289205,0.48354822
65022,Endo,-0.091686636,0.19465113
46058,L2/3 IT,-0.20426312,0.3703131
64988,L5 IT,0.31542063,-0.19026625
140875,Endo,-0.039474934,-0.0834139
217169,OPC,-0.2847768,0.1247561
125725,SMC,-0.3873557,0.09750396
217193,Oligo,0.20835859,0.11049622
64844,Astro,0.14636183,-0.039531052
192142,L5 ET,-0.011361927,-0.19122261
272278,L6 IT,0.14752096,-0.21459118
140351,L2/3 IT,-0.31269604,0.25466847
140327,L5 IT,0.07843363,-0.059140652
64976,L6 IT,0.0028640628,-0.27907875
124160,L4/5 IT,-0.018062085,0.18976045
258637,Peri,0.09869808,-0.18648675
140911,L2/3 IT,-0.035247147,0.3020221
272587,Astro,-0.11030358,-0.3923173
272584,Micro,0.14021462,0.20213914
191739,L2/3 IT,0.41889942,-0.016540885
124605,Vip,-0.1854048,-0.01394549
44361,L2/3 IT,0.11112201,0.2563163
191745,L4/5 IT,0.1604011,0.10665035
272579,Lamp5,0.035213053,0.39033884
44419,L2/3 IT,0.22043121,0.10703248
141513,L2/3 IT,-0.17227617,0.2811591
44444,L4/5 IT,0.21244955,-0.014430404
44451,L2/3 IT,0.2634539,0.013295829
44467,L4/5 IT,0.19955945,0.0028374195
141499,L5/6 NP,-0.047563165,0.02573216
44475,Peri,0.012434125,0.4050122
141479,L2/3 IT,-0.14767003,0.31368083
65959,L2/3 IT,0.2471155,0.13060594
124722,L2/3 IT,0.032562017,0.28989947
44241,Endo,-0.20957804,0.32625145
44123,Astro,-0.055021405,-0.39085245
43910,L4/5 IT,-0.27425724,0.07157904
43930,L5 ET,0.27995485,-0.23104039
124193,L5 ET,-0.033884495,-0.09724867
124235,Endo,-0.15358719,-0.29933482
124310,L4/5 IT,-0.25048608,0.00633806
43979,L5/6 NP,-0.2674197,-0.1882926
141974,OPC,-0.4250003,0.1810016
124342,L2/3 IT,-0.13401344,0.32680553
124359,OPC,0.15341568,-0.27120885
141849,L2/3 IT,-0.12677819,0.2687888
141815,L4/5 IT,-0.2944192,0.07905471
141757,L5 ET,0.19663805,-0.12158853
44086,L4/5 IT,-0.26646006,0.12140024
44087,Endo,0.11539751,0.33778685
124423,L2/3 IT,0.25282472,0.10563034
44225,Micro,0.36421376,-0.04180339
141456,L4/5 IT,-0.20439124,0.19174898
216856,L4/5 IT,-0.270945,0.024396062
272565,L2/3 IT,-0.32908466,0.2465303
65530,Sst,0.27704346,-0.0027496815
191872,Astro,-0.018923491,0.14391124
197470,L4/5 IT,-0.05608231,0.2196362
223636,Vip,-0.1426849,0.35625726
197458,Astro,-0.0047214627,0.14252603
141110,L4/5 IT,-0.03997141,0.1893791
65474,Micro,0.04382968,0.39207596
125087,L4/5 IT,0.15807796,0.011787355
272460,L2/3 IT,0.39706236,-0.03407666
272458,PVM,0.040904343,0.19077122
65431,Sst,0.112000525,0.029223979
269122,PVM,-0.19232836,-0.20224714
223576,Micro,-0.09059864,-0.3160364
197448,L5 ET,0.26493835,-0.15325457
125138,L2/3 IT,-0.06558493,0.36210942
272510,L2/3 IT,-0.34799212,0.08254653
125021,Astro,0.20770895,-0.2070345
124985,L5 IT,0.07278919,0.035431445
269071,VLMC,0.32408077,0.22095537
241766,Oligo,0.22154081,-0.2682082
255986,Endo,-0.35317567,0.34701854
65807,SMC,0.10796368,0.09418112
124875,Pvalb,-0.114156574,0.11419839
44582,SMC,0.03696823,0.32695818
197517,VLMC,-0.36453345,0.36004537
44654,L4/5 IT,-0.1891146,0.12910205
45347,L5 ET,-0.07039553,-0.014841884
258674,L4/5 IT,0.22461271,0.007498443
124932,L5 IT,0.12362409,-0.12138417
258668,L2/3 IT,-0.3161394,0.2723112
44761,L4/5 IT,-0.23950982,-0.13971528
124947,L2/3 IT,0.3580563,-0.041246295
256016,VLMC,-0.32191738,0.41939354
65693,L5 IT,0.2237376,-0.18833354
44822,L5 IT,-0.25032115,-0.1069105
44663,PVM,0.03566265,-0.06319338
269327,Pvalb,0.12132138,-0.1844241
122589,SMC,-0.15516353,0.4493507
144279,L4/5 IT,0.1663354,0.07055831
147175,L5 IT,0.26230514,-0.117779404
147105,L6 CT,-0.063019395,-0.21555033
37667,Endo,0.03508371,0.2687443
226127,L2/3 IT,-0.33596694,0.20152986
147085,L6 CT,0.040127814,-0.3451118
37731,Endo,0.01073283,0.2313487
120617,Astro,0.120954454,0.2240696
259462,L2/3 IT,-0.044112265,0.39606512
226110,Pvalb,0.29240215,-0.0767687
226109,L2/3 IT,0.26632476,0.1534661
120705,Micro,-0.072589844,0.34142506
70317,L2/3 IT,-0.21003905,0.30407977
37881,Pvalb,-0.1918067,0.17442071
70288,L5/6 NP,-0.033638686,-0.39116457
70273,Micro,-0.09026033,-0.27894044
120553,PVM,0.23289299,-0.0077145696
70263,Oligo,-0.117816806,-0.14288428
247388,L2/3 IT,-0.32050955,0.25806522
273737,L4/5 IT,0.115116596,0.13284808
147639,Oligo,0.026766181,-0.05963078
241374,L2/3 IT,0.42304033,-0.09036392
254852,L6 IT,0.24793011,-0.18706271
120365,L6 CT,0.101008296,-0.20703125
70663,L6 CT,0.16795713,-0.3146994
226257,L2/3 IT,0.20253116,0.17168474
70583,L2/3 IT,-0.22817919,0.25196677
147452,OPC,-0.17706963,0.3003583
189780,L5 ET,-0.14528912,-0.26838002
273785,Lamp5,-0.30144954,0.42468244
254877,Peri,-0.080633104,-0.32759792
120487,Endo,0.07341826,0.09509081
241408,Vip,0.23238933,0.15272373
70553,L6 CT,0.09205866,-0.3069108
273757,Astro,0.28010255,0.036552846
147374,Lamp5,0.27232176,0.21432883
226075,L6 CT,0.10353875,-0.2678644
120737,Pvalb,-0.04881856,-0.2586875
273687,L2/3 IT,0.19092512,0.14353251
245937,Sncg,-0.04927081,0.36357498
259426,L2/3 IT,-0.1043112,0.23279983
146668,L6 CT,-0.038252264,-0.18316486
70044,Endo,-0.07091245,0.37573814
190077,L2/3 IT,-0.35987103,0.029595256
225948,Oligo,-0.056509465,-0.13948277
38427,L4/5 IT,0.28595906,-0.01407066
215419,Endo,-0.2003608,0.16781306
38436,L6 CT,-0.022890538,-0.2629761
225931,L2/3 IT,-0.13376015,0.23736513
69972,L4/5 IT,-0.18277633,0.12152094
225904,L2/3 IT,-0.34359527,0.19793266
38510,L4/5 IT,-0.124804735,0.21203953
198711,L5/6 NP,-0.17937618,-0.10698441
146483,Pvalb,-0.17994204,-0.08090779
198747,Astro,-0.14478666,-0.07881433
190056,L2/3 IT,0.14299071,0.13226938
146794,Oligo,0.32954162,-0.15203437
146803,Micro,-0.11774865,0.30492902
189970,Micro,-0.18754822,0.045689344
120770,L4/5 IT,-0.08005181,0.20983112
83333,Pvalb,0.26747465,-0.2432622
70159,L6 CT,0.103387535,-0.29563424
120793,Endo,0.032956243,-0.020706028
70108,Micro,-0.05162847,-0.09128311
38128,Endo,0.08653885,0.08014387
37128,L2/3 IT,-0.38926336,0.1230219
190016,L4/5 IT,-0.24071237,0.15195596
247357,Oligo,0.02341497,-0.39707732
255016,L2/3 IT,0.08873451,0.19380552
226013,PVM,-0.18784916,-0.28217268
38207,Astro,0.24352926,0.05813408
120888,L5 ET,0.13946694,-0.06533241
120889,L4/5 IT,-0.30079985,-0.013164461
38258,Astro,0.038374543,0.15237117
243116,L2/3 IT,-0.1424101,0.27733302
69877,L2/3 IT,-0.25278923,0.28358364
245901,L2/3 IT,0.007054627,0.24292487
273824,L4/5 IT,-0.28911197,0.027896345
245875,L4/5 IT,-0.18842396,0.16013354
36255,L5 ET,-0.05375153,-0.23930144
243191,L2/3 IT,0.0037330985,0.27007937
36308,Peri,0.32301486,-0.10457668
71515,Peri,0.1209383,0.14088929
36346,L2/3 IT,0.05495566,0.3002712
148328,L2/3 IT,-0.046041638,0.36145347
268049,Vip,-0.10146573,-0.13286594
119609,OPC,-0.05296725,-0.035729855
119620,Astro,-0.4245854,0.18548971
148286,L4/5 IT,-0.26729622,0.010185182
148244,L5 IT,0.18856895,-0.076129824
36461,L2/3 IT,0.36221105,0.059676528
119701,L2/3 IT,-0.1563034,0.35378426
259625,Micro,0.024972498,-0.28056362
148381,Endo,-0.08222392,0.16794896
36495,L6 CT,0.05984521,-0.32707095
273996,Sst,0.349692,-0.01388678
226705,L6 IT Car3,0.0057807565,-0.29931957
119497,Endo,0.46073163,-0.020809114
148491,L6 CT,-0.09739956,-0.28687137
36066,Astro,0.13001072,-0.24749154
254643,Pvalb,-0.0284276,-0.18624151
71651,L2/3 IT,-0.1400024,0.31423175
226759,Lamp5,-0.26802856,0.44578916
241317,L4/5 IT,0.34503973,-0.08048871
189501,Peri,0.4636681,-0.06682226
36164,Endo,0.25091386,-0.18591276
148446,L2/3 IT,0.3903584,-0.00439021
148407,Endo,0.4265113,0.023438811
71591,L2/3 IT,0.41903532,-0.029073566
36198,L2/3 IT,-0.3376531,0.26232934
199190,Endo,0.30838662,-0.0013791919
36207,Endo,-0.29849207,-0.107598454
71570,Vip,-0.18294924,-0.29990202
148197,L2/3 IT,-0.2004439,0.36783624
119725,PVM,0.24891204,0.21102643
36529,L5 ET,-0.1940372,-0.13140377
147820,L6 CT,0.13331878,-0.3132999
36899,Peri,-0.03922698,-0.29181364
147818,L4/5 IT,0.10328257,0.012392223
36952,L2/3 IT,-0.33299065,0.15535742
120041,L5 ET,-0.06970146,-0.3050521
36956,Peri,0.10515028,0.039585292
259555,Endo,0.15648794,0.33424288
254796,OPC,0.056557357,-0.053276688
268128,Oligo,-0.05109769,0.118024826
37047,L6 IT Car3,-7.477403e-05,-0.26718056
273825,L2/3 IT,0.26418328,0.14753819
120185,L4/5 IT,0.20573598,-0.010179281
147692,L4/5 IT,0.17128074,0.048737347
243152,L4/5 IT,0.14110416,0.09261328
120220,Oligo,0.0022443533,-0.09134579
189686,L2/3 IT,-0.043812603,0.285564
226476,L2/3 IT,0.18323201,0.13249135
119812,L2/3 IT,-0.3834482,0.13301498
36744,Endo,0.24320567,-0.0009147525
36530,SMC,-0.30680874,0.3283654
36532,L6 IT,0.0063955784,-0.3210075
254699,L6 CT,-0.099034846,-0.25886434
214996,VLMC,0.13193429,0.35265166
199107,Micro,0.18075353,-0.18148711
148070,L2/3 IT,-0.39334965,0.13612372
119750,Peri,0.0420053,0.26207012
37082,L2/3 IT,-0.027595967,0.30000675
215002,L2/3 IT,-0.25738442,0.29972625
119753,L4/5 IT,-0.073563635,0.1579485
189616,OPC,-0.10944739,0.46576434
36695,L4/5 IT,-0.19651791,0.15529025
119793,L5 IT,-0.11037931,-0.061936796
273889,PVM,-0.16234267,0.3867035
119805,L5 IT,-0.20009664,-0.19000545
147955,L2/3 IT,-0.33541632,0.2291233
148033,Astro,0.13093966,-0.120820224
41280,L2/3 IT,0.3955648,0.0074616075
38584,Astro,-0.041470945,0.23220527
69804,Astro,-0.42936257,0.23446423
225368,Micro,0.3987224,-0.04286781
243058,Peri,0.25970995,0.17403138
68667,L4/5 IT,-0.29402098,-0.02656138
215878,L4/5 IT,0.065505564,0.10188651
273264,L5 IT,0.22288275,-0.05406061
225343,L5 IT,-0.21430725,-0.18712643
215893,L2/3 IT,-0.36850804,0.19743079
145015,L2/3 IT,0.05574262,0.2944314
40428,Lamp5,-0.32306534,0.39106232
145008,L4/5 IT,0.22182858,-0.0047392845
68563,L6 IT,0.21705234,-0.28694773
215914,L4/5 IT,0.2025882,0.0017473698
225301,Astro,-0.16505554,0.2956239
122224,L6 IT,0.026898444,-0.12842059
215923,L2/3 IT,0.2776301,0.10109168
145087,Endo,-0.042541683,-0.071365386
40588,Astro,-0.09963223,-0.5
40272,VLMC,-0.41953874,0.32199425
198412,Oligo,0.23951817,-0.299298
39939,Sst,-0.1660172,-0.12528083
273341,VLMC,0.0745672,0.39856708
39973,L6 IT,0.05430782,-0.08979815
273340,Endo,-0.25097805,-0.02423364
40050,L2/3 IT,-0.09908804,0.28390336
198429,Micro,-0.04932043,-0.37407893
145228,L2/3 IT,-0.31928298,0.31277037
268479,OPC,0.22967243,-0.29051346
268486,Micro,-0.16209143,0.4314577
215851,L2/3 IT,0.10871571,0.16698599
145109,L2/3 IT,-0.007016659,0.26030397
68703,L6 CT,-0.061493516,-0.177217
145106,L5 IT,-0.050488263,-0.22873387
225392,Peri,0.0031068325,0.13705719
145099,L2/3 IT,0.05933708,0.24572551
68688,L6 CT,0.020661652,-0.23008132
243035,L5 ET,0.067289114,-0.051070273
68444,L4/5 IT,0.18842608,0.023091674
144775,L2/3 IT,-0.32090208,0.2513225
122503,L2/3 IT,-0.03931877,0.23614985
190833,L5 ET,-0.11174625,-0.0007994473
40997,Sst,0.30872715,-0.10706285
41017,L5 ET,0.2570405,-0.19175288
190842,VLMC,-0.13025516,0.4783454
255469,L2/3 IT,-0.35692102,0.16738623
122532,L2/3 IT,-0.35816073,0.0753836
68060,Endo,0.07706821,0.21190143
122546,SMC,-0.121528625,0.10430223
268567,L5 IT,-0.039660096,0.04268396
216052,L4/5 IT,-0.2895074,-0.09293714
241551,Sst,-0.27879187,0.10760987
243014,VLMC,-0.45749572,0.24486983
198232,L4/5 IT,-0.0635297,0.10587227
225039,L4/5 IT,0.04312551,0.057346165
122452,L5 IT,0.11596453,-0.035536706
144495,OPC,0.20026034,0.29159313
268552,Astro,-0.13349131,0.17782933
255456,L4/5 IT,-0.1042653,0.15278476
122273,L2/3 IT,0.41597933,-0.0035874844
68426,Lamp5,0.11613852,0.28462
68404,L4/5 IT,-0.26618785,-0.014908254
144715,L5 ET,0.10137659,-0.28209096
225234,L4/5 IT,0.007814407,0.18341416
40693,L5 ET,-0.1711443,-0.14645088
243025,Pvalb,-0.05146134,0.21957701
68904,L6 CT,0.0425328,-0.20777252
40726,L6 CT,-0.072024524,-0.30448192
215991,L2/3 IT,0.06300247,0.2185533
68332,L4/5 IT,0.276653,-0.14965451
68313,L2/3 IT,0.31504762,0.11431545
40810,Micro,0.2555622,-0.2229478
255447,L6 IT,-0.02421078,-0.26359785
216011,L4/5 IT,-0.2685095,0.14850086
190802,OPC,-0.17276996,-0.108333945
144662,L2/3 IT,-0.18073112,0.2525105
190151,Astro,-0.14332646,0.4734627
198450,L4/5 IT,-0.25979275,-0.09026709
198454,L2/3 IT,-0.3438224,0.077127874
198629,VLMC,-0.17892855,0.48025876
146075,L6 CT,0.14765912,-0.21103409
255157,L4/5 IT,0.2447347,-0.029788971
198627,L5/6 NP,0.19664896,-0.08901644
146051,L2/3 IT,0.07142633,0.29191065
121354,L4/5 IT,0.081968546,0.15280741
255161,L4/5 IT,0.049643755,0.0834496
225704,L4/5 IT,0.14127767,0.12133533
145998,L2/3 IT,-0.074655086,0.3244831
69523,L4/5 IT,0.29457796,-0.083260685
69452,Astro,-0.16392013,-0.22949782
190359,L6 CT,0.114667475,-0.16656211
215605,L5 IT,0.06628883,-0.33353552
190369,VLMC,0.30038595,0.21418488
145937,L4/5 IT,-0.15642491,0.116113365
190298,L2/3 IT,-0.11696473,0.3320608
39302,VLMC,-0.43389723,0.1428808
39019,VLMC,-0.24272183,0.4613722
146195,L4/5 IT,-0.30411315,-0.048648745
69791,SMC,-0.36223102,0.24124616
121068,SMC,0.09744072,0.2695971
225828,L4/5 IT,0.09797877,0.12750447
121191,L2/3 IT,-0.37180415,0.08205408
69724,L6 IT,-0.06363419,-0.1014829
215529,Sst,0.009103239,-0.46488643
225819,L2/3 IT,0.073298395,0.20649433
146342,Peri,-0.25799137,0.09416777
69704,VLMC,-0.4379735,0.28001398
121215,L4/5 IT,-0.29312092,-0.08688223
121238,L4/5 IT,0.06727314,0.120824575
121247,Pvalb,0.16166759,0.14196879
146240,L5/6 NP,-0.05538827,-0.0885635
146225,L6 IT Car3,-0.09437874,-0.15121514
259363,L4/5 IT,0.22167087,0.021030188
146162,L4/5 IT,-0.28087467,-0.05343294
69400,L2/3 IT,-0.22724792,0.3422957
241475,Lamp5,0.4289477,0.03348881
69388,L4/5 IT,0.16315216,0.09108788
39716,L6 CT,0.046233416,-0.24669817
215747,Astro,0.2357645,0.19137025
145657,L5 ET,0.13186562,-0.109013855
273381,Endo,-0.05389574,-0.15846807
121845,L2/3 IT,0.4232151,-0.06569654
190471,Micro,-0.09447268,0.31939507
39740,Astro,0.45063055,0.026005983
190473,L4/5 IT,-0.1937671,0.18372536
273363,L5 ET,0.17147589,-0.16390449
145585,L2/3 IT,-0.15401858,0.22708744
121900,Micro,0.43542516,-0.09673503
215768,L4/5 IT,-0.20788562,0.1827035
69023,OPC,-0.07087353,-0.007815957
145506,Micro,0.15634555,-0.40018097
145451,Astro,-0.42784476,0.27510816
215732,Oligo,0.07435942,0.20671886
121739,L2/3 IT,-0.3385632,0.2612009
145703,L6 IT,0.1209448,-0.21485579
69162,L5 ET,0.11754495,-0.150053
69367,L6 CT,0.0895223,-0.24098253
69309,L2/3 IT,-0.06893301,0.23205447
69285,Micro,-0.07444373,-0.19642529
198547,Astro,-0.14532867,-0.2517088
190399,L4/5 IT,0.07717466,0.1567353
225621,Pvalb,0.07889521,0.11264533
121676,Astro,-0.049436957,0.42185855
273351,L6 IT,-0.0164679,-0.0639739
255215,L4/5 IT,-0.2534557,-0.04114139
145817,Endo,0.09357816,0.1332922
145806,Astro,-0.22892177,-0.09056935
69178,L2/3 IT,-0.30156615,0.20143539
145778,Sst,-0.16051978,-0.19290209
39649,L4/5 IT,0.075787485,0.14914382
215702,Astro,-0.4081314,0.15996808
273394,L4/5 IT,-0.2519971,-0.051736563
225603,Pvalb,-0.18415684,-0.26507652
197191,Sst,-0.20049551,-0.053601176
139926,Lamp5,-0.17735296,0.32495016
64342,VLMC,-0.44215444,0.2661
134625,Peri,0.019558012,-0.42012423
129493,Astro,0.062309742,-0.14724517
218850,OPC,0.16929036,0.18698514
246647,VLMC,0.3323601,0.19073236
129578,L2/3 IT,0.22635972,0.100848794
53382,L2/3 IT,0.23547268,0.14560467
53410,L5 IT,0.11138034,-0.111986995
53429,L2/3 IT,-0.36214542,0.137537
134361,Astro,-0.045500457,-0.2848642
59756,Sst,-0.033651292,0.2622894
218952,L6 CT,0.067911565,-0.26440108
220847,L4/5 IT,0.098023415,0.124444306
257064,SMC,-0.36097336,0.13221103
242596,L6 CT,0.029279768,-0.2053467
134271,L5 IT,0.2063027,-0.021499485
134652,OPC,-0.15073669,-0.17477995
129677,Peri,0.061122715,0.16135174
59929,SMC,-0.06782189,-0.4018549
134669,L2/3 IT,-0.34649137,0.08913374
60042,L2/3 IT,-0.3498531,0.2188744
52949,Astro,0.027036905,0.3694563
218800,L2/3 IT,0.046123147,0.2957344
60038,L2/3 IT,-0.266594,0.30524772
53025,L2/3 IT,-0.134705,0.28951436
53033,Peri,-0.103486896,0.23516637
129359,L5 IT,-0.24245614,-0.14185345
194100,L4/5 IT,0.16058022,0.043005526
134798,L5 ET,0.2634744,-0.18238437
53118,L2/3 IT,0.33920902,0.014976621
220989,Pvalb,-0.1878536,-0.14324605
59991,Sst,0.27297312,-0.21230829
220981,L6 IT,0.24841052,-0.15344977
218825,Sst,0.059143543,-0.07839435
257900,L5 IT,0.055761993,-0.016570717
53195,L2/3 IT,-0.19850811,0.2846887
195800,Endo,0.042954147,0.1994223
59598,L5 IT,-0.13992468,-0.12048784
129719,L2/3 IT,0.13407594,0.26846707
133901,L2/3 IT,-0.14916494,0.3645578
130130,Micro,0.15214503,-0.16317087
133897,L6 IT,0.2106815,-0.26093638
130131,L4/5 IT,0.18484664,0.0639478
59304,L4/5 IT,-0.12996069,0.103855014
59297,Endo,-0.048449486,-0.3398944
59293,PVM,-0.34857693,0.050610423
133864,Endo,0.15914297,0.14422214
133841,PVM,0.07943702,0.3734513
54232,Micro,-0.41185808,0.12607718
270151,L5 IT,-0.15606865,-0.07481614
54277,Astro,-0.12706953,-0.0059043467
59217,Endo,0.07275885,0.22532839
59203,Endo,-0.09809232,0.15500706
219180,L5 IT,0.10940826,-0.09611976
133920,L5 IT,-0.12245381,-0.29222333
59352,SMC,-0.37028706,0.33165807
54023,L5 ET,0.23057503,-0.18545085
195706,VLMC,-0.3826107,0.35341215
53602,L2/3 IT,-0.030924648,0.3535623
53620,L6 CT,-0.058889687,-0.268165
134209,L4/5 IT,-0.25340137,-0.109809816
129724,Astro,0.14488399,0.002516687
134181,L2/3 IT,0.288652,0.07906616
53725,Astro,0.14039153,0.15114492
59515,L2/3 IT,-0.10755345,0.3369534
52898,PVM,0.0065073967,-0.24771667
270116,L5 ET,0.03009808,0.013599873
220746,L2/3 IT,0.406556,-0.049054027
242569,L5/6 NP,0.29273224,-0.16897684
257098,L2/3 IT,0.22547913,0.073946714
220717,L6 CT,0.019080281,-0.19992027
53915,L4/5 IT,0.10137421,0.118212104
219064,L6 IT,0.0036628246,-0.33438545
133994,L2/3 IT,0.37822956,0.015078962
53775,L5 IT,-0.0014877021,-0.046377897
59117,L6 IT,-0.12605491,-0.033439428
129339,SMC,-0.20405099,0.47341907
134940,Micro,-0.031484395,-0.0015757978
135574,Astro,0.01641637,-0.30816662
193859,Lamp5,-0.3197835,0.39317495
135549,Astro,0.17538321,0.3139766
52167,Lamp5,0.22448981,0.2324974
242221,Astro,0.35014755,0.019914687
257994,Micro,-0.11806235,-0.21367094
257989,Astro,0.110005975,-0.2817775
135495,SMC,0.1473642,0.33080703
271339,L4/5 IT,0.14655739,0.074787855
218640,OPC,0.37782764,0.011003971
256853,L4/5 IT,0.13873452,0.01296109
60575,L2/3 IT,-0.33091253,0.133165
135432,Pvalb,0.12578589,-0.2093122
269909,Peri,-0.09603557,-0.11392668
60540,L6 IT Car3,-0.06861976,-0.17487603
128946,VLMC,-0.41415954,0.3469084
196042,L5 IT,-0.10217884,-0.31714663
221327,L4/5 IT,0.06728166,0.052090883
246387,VLMC,0.10013288,0.32529956
51915,L2/3 IT,-0.11062509,0.28908956
60950,Astro,-0.44175595,0.1678468
51917,Micro,0.177513,0.010146499
135788,L2/3 IT,-0.0726074,0.30665374
221410,L5 ET,-0.019730687,-0.14285496
221409,L2/3 IT,0.36111695,0.024786651
196151,L5 IT,0.073907614,0.055289745
128782,L2/3 IT,-0.37396324,0.053215742
193792,Astro,0.12152666,-0.21403149
221389,L5 IT,-0.20334858,-0.16496241
135677,Endo,-0.29184806,0.4187941
196125,Peri,0.17842615,0.055774868
135650,Oligo,0.0070415735,-0.4453574
60718,Pvalb,0.15902537,0.21313739
218613,Pvalb,-0.17924291,0.0068854094
52115,VLMC,0.43318582,0.07390225
129104,Astro,0.025330544,-0.15715462
129157,Astro,0.39370245,0.09318262
221241,L6 CT,0.016408026,-0.18733302
52613,L2/3 IT,0.306535,-0.014831394
52624,SMC,-0.2108778,0.34865355
135017,L5/6 NP,-0.09126598,-0.22061524
135013,SMC,-0.055755317,-0.4506411
52704,Endo,0.030124009,0.3630408
52711,L6 CT,0.02951032,-0.31891948
134996,OPC,-0.2951156,0.15752906
52716,L5 ET,-0.19506288,-0.099621415
134965,L5 ET,-0.13181797,0.0066491365
271227,L6 CT,-0.12731162,-0.25663212
218780,Astro,0.24441576,-0.28100312
52753,L6 IT,-0.110538155,-0.024726689
134959,L4/5 IT,0.28619397,-0.07055044
52848,Micro,0.25448972,-0.056523412
195938,L5 ET,-0.21574259,-0.20671147
52603,L2/3 IT,0.27382743,0.05372131
52561,L2/3 IT,0.057150245,0.28883678
271248,L2/3 IT,0.09281534,0.16904926
52555,Astro,0.17817241,0.31175673
221240,L6 CT,-0.042396694,-0.29749006
129176,VLMC,-0.31121153,0.42896354
135216,Micro,0.022011638,0.20874953
218691,L6 IT Car3,-0.021328628,-0.34656587
135180,Vip,-0.16906223,0.30456674
52343,L6 CT,0.111163974,-0.2668506
52344,Endo,0.10955471,0.10662389
60047,Astro,-0.20673794,0.12689704
52370,L2/3 IT,-0.23379424,0.32793748
52407,VLMC,0.24486506,0.2594521
60340,Oligo,0.1678341,-0.3651141
60312,Astro,0.24949473,0.24121064
60310,L6 IT Car3,-0.02208069,-0.23260662
52475,Endo,-0.030180305,0.22936732
194035,Micro,0.022929907,-0.4696451
52543,VLMC,-0.3358866,0.37785816
221200,Endo,0.29348016,-0.089856386
269852,OPC,0.0045820475,-0.25777268
194415,L5 IT,0.21267688,-0.07460943
59109,OPC,0.07149416,0.15798926
58139,Astro,-0.0632706,0.45838612
132312,L6 IT,0.103081346,-0.15681654
219547,L2/3 IT,0.31489545,0.05265194
56232,L5 ET,0.2020384,-0.15096596
219558,VLMC,0.3427391,0.13783258
131038,Peri,-0.18564057,0.1803652
132256,L5 ET,0.014864504,-0.0022358298
58086,SMC,0.16190243,0.03294736
56261,L2/3 IT,-0.33461607,0.22201902
219582,Endo,0.2246719,0.27927744
257375,Astro,-0.05099079,0.39105368
56326,L4/5 IT,-0.27611494,0.006061554
132193,L4/5 IT,-0.13092265,0.21205103
257384,Astro,0.01718998,0.3147117
195360,Endo,-0.1052292,0.00039929152
257623,L5 ET,0.16844183,-0.25305152
57914,Astro,-0.16152674,0.009336829
56183,Endo,-0.18482852,-0.29844692
56145,L2/3 IT,0.39524007,-0.05297923
58356,L4/5 IT,0.19732177,0.022285879
132457,L5 IT,0.23192167,-0.1419495
55998,Sst,0.23473859,0.08043349
220160,L2/3 IT,-0.37289965,0.08548206
132452,L2/3 IT,0.099999785,0.29200172
56044,L4/5 IT,-0.08273837,-0.34314415
56048,Peri,-0.09480703,0.01480484
194849,L6 IT,-0.09288654,-0.15344763
270668,L4/5 IT,-0.25329053,0.016607761
194856,L2/3 IT,0.2890454,0.07079762
56093,Sst,0.16193628,-0.30104584
132439,L2/3 IT,0.239075,0.14420485
130907,L4/5 IT,-0.12619424,0.17984283
58178,Micro,-0.19035923,0.33938462
195408,Micro,-0.39436823,0.09184933
270654,L4/5 IT,-0.22684124,0.1012671
132145,L5 IT,-0.024353892,-0.3450036
131094,L4/5 IT,-0.21752447,0.17052513
132120,L4/5 IT,-0.28238985,0.040061235
131375,L6 CT,0.123535454,-0.3569161
131404,L4/5 IT,0.31056815,-0.061002046
131851,VLMC,-0.084213674,0.48068744
56936,OPC,-0.21704587,0.2453025
270435,Micro,0.010607898,-0.1715065
56994,L2/3 IT,0.3224439,0.09748042
57356,L2/3 IT,0.41991436,-0.031635076
131485,L2/3 IT,-0.21156874,0.36650074
270483,L2/3 IT,0.37601697,-0.034946024
57025,L5 IT,-0.19776165,-0.17944407
195138,L2/3 IT,0.36305815,-0.0211716
195142,Astro,-0.25042504,0.019556582
57099,L2/3 IT,-0.3271054,0.23853475
131662,Pvalb,0.13424712,-0.26285172
57111,L2/3 IT,0.04125774,0.22935683
56755,L2/3 IT,-0.3865318,0.08121127
56717,L6 CT,0.16394693,-0.32441336
131363,L5 ET,0.014419436,-0.1145972
131346,L2/3 IT,0.115823686,0.2730021
56419,Astro,0.025804937,-0.27183497
132102,L6 CT,0.13042605,-0.37778023
194972,L5 ET,0.06248766,-0.14418998
56495,L6 IT,0.23264194,-0.30948746
56507,L6 IT,0.15469432,-0.25759128
270357,L4/5 IT,-0.27945834,-0.02886185
219627,L6 IT Car3,-0.14761364,-0.23631015
58358,Endo,-0.15594399,-0.12403813
194989,L5 ET,0.006167829,-0.057134926
57756,Endo,-0.18607485,-0.18328968
131989,L4/5 IT,-0.12876388,0.114840984
56545,L5 IT,0.2003445,-0.14377844
56637,L6 CT,-0.049174756,-0.31292
131236,L5/6 NP,-0.1090388,-0.0010048449
219899,SMC,0.20026612,-0.3968972
131938,L4/5 IT,-0.21597749,0.21243429
56515,L2/3 IT,-0.13102782,0.24922824
242334,PVM,0.033634543,0.2539019
194797,Astro,-0.13447765,0.11114782
220190,Astro,0.36971194,0.10873312
130478,L2/3 IT,0.1870454,0.13249654
130480,L2/3 IT,0.065716445,0.25770015
58830,Endo,-0.10376379,0.35391337
55004,L2/3 IT,0.12662,0.20701432
220449,Micro,-0.22255507,0.3661939
58822,L6 IT,0.026886284,-0.32567352
55027,L4/5 IT,0.22692412,-0.042969495
257692,PVM,-0.41340935,0.1704678
257210,OPC,-0.12738615,0.12950116
55150,Endo,-0.12652177,0.2649005
219323,Endo,-0.075957984,0.22444183
58726,Endo,0.36737502,0.057299733
58692,Oligo,0.22073841,-0.2857579
55174,L2/3 IT,0.057608902,0.32940495
130558,L2/3 IT,0.4328013,-0.06832135
133481,L2/3 IT,0.06614363,0.1915021
55220,L2/3 IT,-0.2508008,0.30659735
133530,L6 CT,-0.05485922,-0.28492108
270888,Endo,0.0036271214,0.2791981
54542,L6 IT,0.11801767,-0.24651596
130286,L2/3 IT,0.39083487,-0.010267496
270176,L5 ET,-0.11223194,-0.010817736
54630,L4/5 IT,0.17583162,0.02508521
194455,Astro,0.01545459,-0.20355609
133598,L5 IT,-0.107016385,0.06181526
220548,L4/5 IT,-0.29209387,0.11263847
54650,Endo,0.24102134,-0.0454849
246468,VLMC,-0.10762936,0.45672995
257711,L2/3 IT,0.39431858,-0.03777477
194467,L2/3 IT,0.21653128,0.19837368
133592,L2/3 IT,0.020129979,0.2417813
54708,L4/5 IT,-0.29998162,0.050802648
54783,Endo,0.107132316,-0.18400738
54847,L4/5 IT,0.093982995,0.12332374
133540,L4/5 IT,-0.1435186,0.23149413
194562,L5/6 NP,0.15322322,-0.31356162
194565,Endo,0.28302246,-0.062013954
130597,VLMC,0.29539758,0.23540765
58452,OPC,-0.3851373,0.12638557
132841,L6 IT,0.019609094,-0.40472007
130794,L2/3 IT,0.27412093,0.12565869
55628,L4/5 IT,0.26079184,-0.014536738
55640,L6 CT,-0.011744648,-0.17556888
242517,L2/3 IT,0.19883513,0.09980649
242414,L2/3 IT,-0.22001588,0.34395272
55758,Oligo,-0.06346893,-0.085620016
220240,L2/3 IT,-0.37239432,0.20146894
55767,L4/5 IT,0.27910638,-0.025310963
55780,Astro,-0.3566205,0.13098526
55784,VLMC,0.5,-0.0009993315
58368,OPC,0.00429219,0.33772892
194782,L2/3 IT,-0.27038544,0.3211236
132584,Sst,0.08788967,-0.16558582
55587,L6 CT,-0.13455197,-0.2440409
220320,Endo,0.021428823,0.23429412
219405,L6 IT,-0.057371706,-0.044991553
257255,OPC,-0.14764571,-0.18287614
194572,L6 IT,0.04704064,-0.116812974
55311,L2/3 IT,0.16475236,0.14572227
220393,Peri,0.20011562,-0.053506374
220390,L2/3 IT,-0.25588214,0.3300466
220384,L2/3 IT,0.35376912,-0.05427751
194577,L4/5 IT,-0.29514268,-0.13619795
58610,L5 IT,-0.18801376,-0.15032285
55941,Astro,0.4709732,-0.03126976
55397,Peri,-0.14145848,0.2752416
58590,L5 IT,-0.21958402,-0.09463933
55457,L6 IT,-0.058699816,-0.2680499
133200,Astro,-0.20585746,0.26517975
55483,L6 CT,0.020879626,-0.23362052
55485,Astro,-0.2977062,0.04049176
133179,Vip,0.016040921,0.19776642
195477,Pvalb,0.26369792,0.058339536
58600,Endo,-0.2955922,0.4290045
51870,L2/3 IT,0.18771958,0.11165017
135868,Endo,-0.34084398,0.35045922
128744,L5 IT,0.09500742,-0.007673949
138709,Oligo,-0.062900245,0.08500558
138694,L6 IT,0.18374783,-0.2772423
63389,L4/5 IT,-0.18731803,0.15981513
63386,L2/3 IT,0.13131452,0.28114212
242809,Endo,0.11351508,0.26620156
63385,L6 CT,-0.07694715,-0.1904633
192819,L5 IT,0.21581876,-0.10349101
138632,L6 CT,0.026061296,-0.23980355
138607,Peri,-0.16958746,0.1411838
217724,L6 IT,-0.05888912,-0.23919943
196874,Peri,-0.019107133,-0.123999536
48390,Sst,-0.012327939,-0.35827488
48391,Pvalb,0.22836983,0.013619065
192840,L6 IT,0.15413427,-0.28968626
63306,L6 IT Car3,-0.10778755,-0.15909195
138714,L2/3 IT,0.41255975,-0.03205356
196856,OPC,-0.33598492,0.20760822
126792,L4/5 IT,0.20106828,-0.045729876
63492,L6 IT,-0.124862105,-0.1495538
196983,Lamp5,0.3362885,0.08903611
63571,L6 IT,-0.041110992,-0.26253098
126562,Endo,0.03227973,0.09525657
47895,VLMC,-0.46599454,0.25990433
47902,VLMC,-0.3706063,0.38403672
63560,Peri,0.0504483,-0.4820446
97119,L2/3 IT,0.11959678,0.16755271
126694,L5 ET,-0.13686574,-0.17486185
217656,L4/5 IT,-0.08199182,0.2048055
138803,Astro,-0.08174172,-0.25033137
269495,L5 IT,0.14635539,-0.07373598
192747,L2/3 IT,0.42645764,-0.07606587
48002,L5 IT,-0.13840374,-0.026500076
271991,Endo,-0.014519513,-0.31553698
258379,L6 CT,0.03206688,-0.2841574
48109,L6 CT,-0.060947537,-0.18390387
126936,L2/3 IT,-0.20295873,0.31668067
63267,Micro,0.16276586,0.016229928
241991,L6 IT,0.07964963,-0.2240949
63046,L5 ET,0.10580647,-0.11652908
138159,L2/3 IT,-0.21855095,0.30799538
49100,L6 IT Car3,-0.10983753,-0.13507041
271842,Astro,-0.011000514,-0.040595114
137960,Vip,-0.28612047,0.34082258
137953,Astro,-0.051070422,-0.15419227
137873,L5 IT,-0.103847265,0.021643281
246293,Astro,-0.026688248,-0.21117938
127264,L5/6 NP,0.18472844,-0.055965543
127265,Pvalb,-0.05329883,-0.16706645
49285,L2/3 IT,0.1168347,0.26076418
127317,L4/5 IT,0.026399672,0.13321567
137787,L2/3 IT,0.35577834,0.07673651
269594,L2/3 IT,0.23051274,0.085282564
196667,L5 IT,0.2656951,-0.18110946
258317,L4/5 IT,-0.22281933,0.051455975
63067,L5 IT,-0.047960073,-0.07350132
63100,L4/5 IT,0.15774453,0.04855585
48854,L6 IT,-0.03324744,-0.08129299
63250,Astro,0.20785719,0.2241888
242786,Oligo,0.023062706,0.16820687
48531,L5 IT,-0.07053265,-0.045956314
48539,L5 IT,0.14252996,-0.071142256
138544,L2/3 IT,0.37064075,0.049343586
192866,L4/5 IT,-0.10735974,0.22133172
63192,L2/3 IT,-0.3396445,0.23279697
47873,L2/3 IT,0.39726543,-0.045404673
138481,Endo,0.31000477,0.0030392408
138423,Astro,-0.11950779,0.30682778
63174,L2/3 IT,0.34071743,0.07063937
48776,L5 ET,0.13566577,-0.27365237
222420,L2/3 IT,-0.14857337,0.2321065
63141,L2/3 IT,0.18302494,0.20663667
48827,L4/5 IT,-0.21773493,0.15209222
63127,L6 IT,0.1423493,-0.4005083
127009,L2/3 IT,0.1562962,0.20464551
217979,Astro,-0.36412114,0.24300122
47872,SMC,-0.26877436,0.45147896
47841,Micro,-0.17927268,-0.0041577816
139732,Pvalb,0.084828615,-0.048168987
223067,Sst,0.15152544,-0.35205525
192388,Endo,-0.04939586,-0.32688534
256238,Micro,-0.19212231,0.124975026
126060,L5 IT,0.14643675,-0.011815369
64219,L6 IT Car3,-0.037223756,-0.25749183
139688,PVM,-0.18309379,-0.18412665
46995,Lamp5,-0.06498501,0.34764826
126068,Pvalb,-0.19226214,0.11948013
64156,L4/5 IT,-0.1886172,0.21422815
258484,Oligo,0.0057713985,-0.05897069
47132,L5/6 NP,-0.19662401,-0.16728938
217434,L2/3 IT,-0.07329017,0.3780445
197128,Micro,-0.16319507,0.07597095
272134,Astro,-0.012205303,-0.21868709
126055,L2/3 IT,0.38462102,-0.03485182
64135,L5 ET,0.06714928,-0.025812238
217390,L2/3 IT,0.19734973,0.18551737
46917,Astro,-0.09644872,0.34472257
139925,VLMC,0.080464244,0.4140073
64338,L6 IT,0.0059853196,-0.2290208
223159,Oligo,-0.021172285,-0.40258202
46678,L2/3 IT,-0.38211048,0.08118981
223148,L6 CT,0.1161567,-0.32421145
242851,Micro,-0.0676325,-0.18673396
139882,Sst,0.09755552,-0.09753922
217364,L4/5 IT,-0.22566918,0.17642647
64312,L5 IT,0.16030806,-0.06996471
64303,L2/3 IT,-0.3749283,0.07904941
256220,Oligo,0.23689437,-0.22973299
241882,L6 CT,0.16598451,-0.3096971
269357,Peri,0.12695885,-0.2791847
139793,SMC,-0.10867515,0.45401448
46916,Astro,-0.41049337,0.17306584
64242,L6 CT,-0.111495376,-0.25648707
258473,L5 ET,-0.0906544,-0.20496044
64086,L5 ET,-0.13116774,-0.10405177
47247,Lamp5,0.36986876,-0.04623878
126382,Peri,-0.04917124,0.28182048
47512,Pvalb,-0.2506185,-0.048366964
63815,L6 IT,0.25455284,-0.265398
47546,L4/5 IT,-0.25266272,0.04968673
222842,L2/3 IT,0.40685987,0.009680152
222835,Peri,0.13915789,-0.174027
139195,Astro,-0.34283513,0.36114568
47629,Sst,-0.15133166,-0.15010864
47656,L6 IT Car3,0.02933681,-0.30788016
47713,L4/5 IT,0.12812644,0.0945642
217580,L4/5 IT,0.11528826,0.06286067
47768,L5 ET,-0.2172715,-0.14938077
63652,VLMC,0.35908544,0.16132033
256398,L4/5 IT,0.05229795,0.11890447
139026,Astro,-0.25350642,-0.14013329
217519,L5 IT,0.16975123,-0.036162823
47443,L2/3 IT,0.25218248,0.061712265
139303,L2/3 IT,-0.30420643,0.22588992
217494,L6 IT,0.14231682,-0.17689005
222964,L5 ET,-0.13477659,-0.15622076
47252,L4/5 IT,-0.17334759,0.11368996
217466,L2/3 IT,0.40978044,-0.062294602
192467,L6 IT,0.17801994,-0.2095168
126237,L4/5 IT,0.17963362,0.049435556
47297,OPC,-0.1539535,-0.13971177
258463,L2/3 IT,-0.10459873,0.23660332
126497,OPC,-0.19962585,0.27940476
217473,L4/5 IT,-0.26483104,0.11597252
63982,L6 CT,0.029616296,-0.4060528
63978,L5 IT,0.16838646,-0.054949135
126250,Astro,-0.1704258,0.17011517
47380,Astro,-0.177775,-0.0030607283
272090,Astro,0.3160022,0.14764023
47387,L5 IT,0.23262686,-0.12846515
222898,L4/5 IT,0.095739126,0.11513054
272100,L6 CT,-0.08869597,-0.22519234
127328,L5 IT,-0.1219126,-0.09571764
49385,L2/3 IT,-0.36098352,0.1534499
242743,L5 IT,0.18820775,-0.19992888
136500,L5 IT,0.048786163,-0.11231071
50930,L5 ET,-0.16025841,-0.07566729
50960,L5 IT,0.07603717,-0.010060847
136465,L2/3 IT,0.25369918,0.15182358
51014,Astro,-0.0015565753,-0.4698914
218352,L6 IT,-0.104824126,-0.113366455
128313,L6 IT,-0.099108666,-0.13476235
221683,OPC,-0.046505034,0.14158809
51061,L2/3 IT,0.3506952,-0.05409199
136389,L2/3 IT,0.12046349,0.20372766
271522,L6 IT,0.115769625,-0.22408491
271518,L2/3 IT,0.400935,-0.03501454
51138,Pvalb,0.08789146,-0.37915313
51139,L4/5 IT,0.053794324,0.13053274
221653,L4/5 IT,0.0917573,0.14606541
242702,Pvalb,0.04807502,-0.303574
51218,L2/3 IT,0.20529276,0.22559726
50903,L2/3 IT,0.37289697,-0.090103745
218322,Oligo,0.19090587,-0.33056507
61849,L4/5 IT,0.13026845,0.082731545
50630,L2/3 IT,0.06441623,0.31094003
61832,Micro,0.0427202,-0.46838522
136603,Astro,-0.4261173,0.14379829
193488,L4/5 IT,0.0950017,0.11302096
242125,Astro,-0.23460552,0.029371917
196372,L6 IT,0.011416197,-0.06787956
128164,Astro,0.46749705,0.035820127
50764,Peri,-0.15438995,-0.25739497
136535,L2/3 IT,-0.3618507,0.08557814
196368,L5/6 NP,-0.18248332,-0.24736735
50787,Astro,0.062580466,0.36903125
61735,L2/3 IT,-0.34035602,0.15333295
50844,Sst,-0.11309743,0.34894282
218320,Astro,-0.25516868,-0.05324626
61720,Astro,-0.26075524,-0.16381863
128479,L2/3 IT,-0.35415453,0.2161473
51264,L5 IT,0.0053366423,-0.029800057
51279,L4/5 IT,-0.16747668,0.22906566
256770,Pvalb,0.23982513,0.107339084
61245,Oligo,0.17004341,-0.16895512
61219,Peri,0.30344546,0.18258148
271419,OPC,-0.35588187,0.2766983
51703,Astro,0.02106452,0.32064706
128625,Astro,0.042493403,0.36815703
128631,L4/5 IT,-0.25186148,-0.11768952
196218,L5 ET,0.20628273,-0.15116584
258059,Peri,-0.19036809,0.31780255
221478,PVM,0.04807645,0.07068378
128661,Endo,-0.26623827,-0.12919429
193727,Oligo,-0.00019094348,-0.34132642
51784,Micro,-0.14301768,0.2330178
128677,SMC,-0.042608798,0.42278838
128732,L2/3 IT,0.25344962,0.13487232
51570,L6 IT Car3,-0.045520484,-0.18602464
61282,L4/5 IT,-0.28075248,0.16597772
136029,L2/3 IT,-0.38447237,0.1731593
51511,L5 ET,0.09545976,-0.22542056
51287,L6 IT,-0.038689524,-0.31529486
221609,L5 ET,0.2640403,-0.25672755
193590,L6 IT,0.08735657,-0.24041674
221597,L6 CT,-0.053020597,-0.26238275
218416,Micro,-0.20988938,-0.21230397
193635,Vip,-0.21995738,0.049095035
128487,Astro,0.29516155,0.20021093
242122,L5 ET,0.1382947,-0.105978996
51364,Lamp5,0.46535975,0.016148567
136157,L5 IT,-0.21274361,-0.0057655275
51381,Oligo,0.06956899,-0.19417372
193657,Oligo,0.085256815,0.17549217
51416,Oligo,0.3153329,-0.091220796
269791,VLMC,0.12069368,0.3324625
61295,Astro,-0.14333451,0.29407817
193679,Oligo,-0.12441084,-0.1132651
51380,OPC,-0.13446543,0.39757675
136690,L5 IT,-0.22234342,-0.21132404
221818,L5 IT,-0.16475335,-0.0805732
221820,Endo,0.09870988,0.29199868
62557,Astro,-0.36962762,0.22020298
62524,Peri,0.057296157,-0.111937106
49801,L6 IT,0.19608319,-0.2797382
49813,OPC,-0.2766365,0.34569943
62521,L2/3 IT,-0.11535323,0.3211146
258253,L6 IT,0.18882191,-0.28487474
127502,PVM,0.15624624,-0.1985952
196599,L2/3 IT,-0.23042431,0.25229537
222082,L5 IT,0.30834776,-0.22812673
127504,L6 CT,-0.06777099,-0.2171739
62459,Astro,-0.20468986,-0.12596887
49905,L5/6 NP,-0.08036217,-0.07190907
127510,Sncg,0.06615019,0.29914874
137322,L4/5 IT,0.048122227,0.19381392
196591,Astro,0.032315314,0.37481523
49771,L4/5 IT,-0.30285606,-0.00563401
62558,L2/3 IT,-0.12774456,0.24991828
222149,Endo,0.03164804,0.22882217
137496,Pvalb,-0.32512748,0.1481399
49395,L2/3 IT,-0.057449996,0.32567304
271789,L4/5 IT,0.15103126,0.06560624
62737,Micro,-0.043523192,0.18337852
49500,L4/5 IT,0.20409358,0.038990736
137683,Astro,-0.11808327,-0.18007228
137681,Astro,0.38370967,0.056586087
137677,Astro,0.40133595,-0.16070896
49918,L6 CT,0.031773746,-0.09400824
49543,L4/5 IT,-0.059597522,0.15737939
137637,L2/3 IT,-0.3891433,0.056545615
258272,Endo,-0.08686602,0.23601913
222185,Sst,-0.26679835,-0.15305531
127417,L5 IT,0.33834457,-0.19589311
49641,VLMC,0.43721265,0.040015996
218054,Astro,-0.19471034,0.22367191
137499,L4/5 IT,0.16682053,0.051540077
127389,L2/3 IT,0.39403695,-0.07586473
214876,Endo,0.0776965,0.22540736
49945,Astro,0.17794597,-0.112644136
222037,L6 IT,0.24514294,-0.2696556
271676,L4/5 IT,0.13784742,0.10191184
50276,Endo,0.401493,-0.10052872
136828,L2/3 IT,0.06036073,0.309295
218202,Micro,-0.203257,0.04953569
136815,Peri,-0.31598845,0.44143027
127880,L2/3 IT,-0.1275973,0.23715389
193414,L6 IT,-0.015965253,-0.0754188
136723,L2/3 IT,-0.15940225,-0.21314046
127947,L5 IT,0.068507016,-0.066881716
61912,L6 CT,0.0794124,-0.3160227
196435,L2/3 IT,0.21589208,0.08826554
193461,L2/3 IT,0.0940581,0.20806432
50559,Endo,0.35389298,-0.12591884
218250,L2/3 IT,0.33127558,-0.000818789
193462,VLMC,-0.11256087,0.46434927
62147,L6 CT,0.025806129,-0.24869025
193379,Astro,-0.2473034,-0.15248159
193366,Lamp5,0.092633486,0.37856323
269683,Oligo,-0.05762729,0.14964086
137171,Peri,-0.0773122,-0.15330467
50038,Endo,0.041088343,0.28385532
127637,Lamp5,-0.07427174,0.3706072
222002,Endo,0.100235105,0.18459123
127800,L5 IT,0.22990721,-0.21335512
50093,L4/5 IT,-0.10751858,0.14336413
193315,Pvalb,0.096885026,-0.16356668
127581,L4/5 IT,0.18977123,0.073626935
137036,Oligo,0.1061306,0.008290231
50125,L4/5 IT,-0.26987422,-0.07502538
242094,L5 ET,-0.053128332,-0.16751444
136978,L4/5 IT,0.060184777,-0.22116166
218166,Pvalb,-0.14175779,-0.25805804
221962,SMC,-0.16134578,0.11820543
62246,Astro,0.029168129,0.37156463
50200,L5 IT,-0.17199957,-0.10750815
242091,L4/5 IT,-0.24796218,-0.074968785
199229,L2/3 IT,-0.23567733,0.26973492
206518,Peri,-0.3638421,0.098912
274062,Micro,0.083906054,0.35389775
186573,L2/3 IT,0.12363011,0.23951566
78449,L4/5 IT,-0.0714958,0.15500635
26196,Endo,0.37953585,-0.060566127
266765,L2/3 IT,-0.33992437,0.18303937
114153,L2/3 IT,0.41407686,-0.031511515
26304,Endo,-0.12623525,0.16596133
260605,L6 IT,0.11402649,-0.20468348
156989,L2/3 IT,0.1570394,0.27329016
266779,L6 CT,-0.051108986,-0.26997125
114156,Lamp5,0.3181926,0.037982523
156863,L2/3 IT,0.3759874,0.03186494
247979,L2/3 IT,0.254278,0.15509278
26404,L2/3 IT,-0.3895666,0.123616695
247966,Peri,0.100815594,0.36747074
200972,Astro,0.41534984,-0.08300358
78474,L5 IT,-0.25774005,-0.0862802
260610,L5 IT,-0.14566979,-0.2181556
114099,L4/5 IT,0.2540943,-0.045370996
78649,OPC,-0.36297727,0.28360814
78640,Micro,-0.3708464,0.2215535
25911,L6 IT,-0.04419568,-0.10467154
113944,L6 IT,-0.043859184,-0.21416119
230239,Pvalb,-0.12678504,0.42182422
25914,L6 CT,-0.19082499,-0.12387204
157264,L6 CT,-0.06751031,-0.1851649
78613,Endo,-0.35940468,0.12079924
157229,L5 IT,0.013719797,-0.008992225
157205,Peri,-0.0710735,0.18437445
157176,Oligo,0.0150069,-0.3378042
26011,OPC,-0.33868337,0.039949834
114055,L2/3 IT,0.39382416,-0.025987417
78521,Micro,-0.012940735,-0.3167438
260614,Lamp5,-0.2291956,0.3486132
253256,OPC,0.05965072,-0.08201185
114159,L2/3 IT,0.33204228,0.028823256
253257,Astro,-0.14594749,0.02862221
200957,VLMC,-0.11477992,0.45512182
229877,Astro,-0.24608976,0.018640935
275655,L2/3 IT,-0.34707767,0.17118996
114346,L2/3 IT,-0.1424455,0.30801314
229871,L2/3 IT,0.024094224,0.269383
229859,Astro,-0.037802637,-0.2271741
156440,VLMC,0.33444625,0.1706624
156421,L4/5 IT,0.08076036,0.13612312
275643,L2/3 IT,0.41462696,-0.024745822
275642,Astro,0.025219679,0.17626542
212780,L6 IT,0.04061085,-0.2968088
78018,L2/3 IT,-0.23319507,0.26370776
77994,L4/5 IT,-0.21368563,0.20292354
114472,L6 CT,0.091345966,-0.28487825
114486,Micro,-0.2864678,0.3899305
260538,L2/3 IT,-0.2838525,0.2804398
156472,PVM,-0.19899282,0.39700538
25870,L2/3 IT,-0.16607949,0.30124605
26826,L6 CT,0.015435219,-0.16881216
240739,Astro,0.040642083,-0.06977701
275724,Micro,-0.059613913,0.045690715
229967,L2/3 IT,0.4019516,-0.06533563
114225,SMC,-0.45758942,0.24073756
26591,Lamp5,0.03909731,0.4148208
26625,Endo,-0.0007534027,0.38721538
212706,L6 IT,0.059960544,-0.3272334
156578,OPC,-0.03688389,0.36649722
26677,L2/3 IT,-0.20737794,0.33994538
212707,Astro,-0.2462002,0.24924481
114238,Oligo,-0.27449486,0.35283798
186768,L6 IT,-0.109742194,-0.16999868
156571,L5 IT,-0.2103115,-0.14394489
114239,L2/3 IT,0.16175967,0.21712077
212727,Oligo,0.31308275,0.0005695224
114312,L6 IT,0.0901804,-0.37221402
78068,L4/5 IT,0.34245253,-0.13555956
156268,L5/6 NP,0.18483114,-0.28644475
240686,L4/5 IT,-0.26397845,-0.07338497
78687,L6 CT,-0.025902182,-0.25065923
25145,Endo,0.0054358244,-0.4401792
212332,L2/3 IT,0.36338937,-0.05156222
25153,Astro,0.014246106,-0.045449167
25166,SMC,-0.119237036,0.13821238
79380,Endo,0.15343565,0.14440888
79378,Oligo,-0.1860885,-0.07228351
25112,L5 IT,0.24522567,-0.14796555
25204,Micro,0.26951927,-0.29551905
157828,L2/3 IT,0.24331552,0.07137072
240630,L2/3 IT,0.4109438,-0.0520581
201192,L6 IT,0.037437618,-0.07676065
186321,PVM,-0.18396628,0.43468618
230493,Pvalb,0.05957508,-0.2401241
25349,L6 IT Car3,-0.10709569,-0.24647468
113424,Pvalb,0.038166046,-0.47619092
79402,Pvalb,-0.081157416,0.20102298
157973,Astro,0.07035118,0.3237883
25074,Pvalb,0.22999501,-0.070317864
158223,L4/5 IT,0.065443635,0.1770131
158213,L6 IT,0.21303636,-0.26546422
113289,L6 CT,0.04364586,-0.46803188
158155,L4/5 IT,-0.06569049,0.21622026
158122,L4/5 IT,0.05252874,0.095920086
24934,L2/3 IT,0.16179967,0.21605211
266602,L5 IT,-0.16334635,-0.06829962
230620,L2/3 IT,0.3897816,-0.11505759
24999,L4/5 IT,0.08636814,0.137402
158040,Endo,-0.21744388,0.3351516
253035,L6 IT Car3,-0.117153555,-0.15660778
113381,Pvalb,0.049595594,0.056153834
79465,Micro,0.051963687,-0.37511075
212311,L5 IT,0.12729597,-0.019732356
25068,L5 ET,-0.15540609,-0.17937747
79237,L2/3 IT,-0.19226524,0.36859828
201180,Oligo,0.108932614,-0.03403768
25450,Pvalb,-0.17461684,-0.17610744
113609,L5/6 NP,0.1693924,-0.30073774
113750,Pvalb,-0.04103422,-0.44807747
113755,L2/3 IT,-0.28641114,0.29843897
113756,Astro,0.07110065,-0.08398697
157401,L5/6 NP,0.23668212,-0.07688272
230328,L4/5 IT,-0.20349184,0.10104585
266712,Endo,0.12180954,0.34876245
78781,L5 IT,-0.13024753,0.0032682419
113759,VLMC,-0.19288877,0.48304826
212505,L2/3 IT,0.25740898,0.15244168
230302,L5 IT,-0.06605351,-0.015331686
275879,L5/6 NP,-0.22495916,-0.1131565
113786,L4/5 IT,0.18416023,0.04492259
113886,Endo,-0.1851764,0.20327127
25820,L2/3 IT,-0.19088417,0.35787702
78688,L2/3 IT,0.12022817,0.21716517
25663,Pvalb,-0.11216584,0.26131648
78659,Endo,-0.3309989,-0.22273049
157492,L6 IT Car3,0.0028008223,-0.28712338
253094,L4/5 IT,0.14084113,0.06386882
157710,OPC,0.11263251,0.20577973
212390,VLMC,-0.3119278,0.40764403
157688,L2/3 IT,-0.23744386,0.3183065
113629,L2/3 IT,0.43070054,-0.04654491
113652,L2/3 IT,0.23613024,0.08065927
25488,Endo,-0.30965114,-0.06193745
79085,L2/3 IT,-0.3604855,0.056354046
113675,L6 CT,0.03293717,-0.14645532
25498,Oligo,0.069420576,-0.35053712
275941,L4/5 IT,-0.055741042,0.1636644
243630,SMC,-0.31931412,0.28627932
79007,L5 ET,-0.07385051,-0.16278753
25544,L5 IT,-0.2693348,-0.04138288
201127,L5 ET,0.29060668,-0.22774917
25585,L6 CT,0.20010948,-0.26818058
245556,L6 IT,-0.1064046,-0.08111563
212279,L4/5 IT,-0.3206055,0.06574947
27014,Micro,-0.34987193,0.1807797
77896,L6 IT,-0.12351528,-0.08907238
154772,L5 IT,-0.09826663,-0.2747116
240896,L2/3 IT,0.40944117,-0.0664458
76723,L6 IT,0.1648975,-0.28874445
28923,L2/3 IT,0.3594333,-0.0035957694
76709,L4/5 IT,0.16421336,0.018831015
154649,L2/3 IT,0.32014602,0.07055932
253619,L2/3 IT,0.40196753,-0.08079609
28995,Astro,-0.21797124,-0.16637951
275272,Endo,-0.0008479059,-0.43315518
229133,Peri,0.16965747,0.2904036
29113,L2/3 IT,0.32272768,-0.020387292
247852,L5 IT,0.09142125,-0.043103963
76664,L2/3 IT,-0.30273828,0.2280426
154565,L2/3 IT,-0.29812872,0.22173291
200579,L2/3 IT,0.052855194,0.25303555
275314,L2/3 IT,-0.31660178,0.28740078
253616,L2/3 IT,-0.34084654,0.22647554
28829,L6 CT,0.047196627,-0.19602749
28566,Micro,0.14935684,-0.2861305
155001,OPC,-0.31627443,0.00683707
229283,L6 CT,0.09743971,-0.264287
28580,Astro,-0.060499877,0.32883924
28588,L2/3 IT,0.1651054,0.24604142
28595,L4/5 IT,0.04186821,0.13229454
76844,L2/3 IT,0.39362764,-0.003896296
28640,Astro,-0.15151522,0.10414779
229249,Astro,0.2378779,0.23666573
115152,L6 CT,0.19167423,-0.29176074
229243,Micro,-0.0907962,-0.18201843
154872,L5 ET,0.16979259,-0.31166455
28759,Pvalb,0.02602905,-0.05502817
76774,OPC,-0.34608978,0.058707297
275337,Endo,0.30900854,0.16246456
29146,Astro,-0.41476685,0.2764498
213237,L5/6 NP,-0.06407368,-0.06393477
76659,L2/3 IT,-0.37416723,0.08933121
200561,Endo,-0.08938274,-0.3023738
29561,L6 CT,0.15977496,-0.27064833
29582,L2/3 IT,0.21055359,0.049590945
115541,Vip,0.079897225,0.21700358
187552,Endo,-0.13316172,0.23654366
154208,L4/5 IT,0.3495252,-0.12597868
115580,Astro,-0.17614898,0.05924064
154120,L4/5 IT,0.11228645,0.044260025
200492,L4/5 IT,-0.16926402,0.12297666
115583,Pvalb,-0.010394335,-0.23454475
187569,Lamp5,0.089827955,0.3661459
76372,L6 IT Car3,-0.13315931,-0.20890221
29701,L5 IT,-0.16970453,0.014681339
154072,L4/5 IT,0.27299696,-0.05469829
115663,Micro,-0.15452138,0.20298171
115720,L2/3 IT,0.09306258,0.18358505
29535,Endo,-0.03990823,-0.31677955
28524,L2/3 IT,-0.3259519,0.19664079
213305,L6 CT,-0.041580856,-0.3024301
29477,L2/3 IT,0.18149632,0.13730007
76611,Peri,-0.0015945733,0.11983484
76610,Endo,0.31213218,0.06920099
115461,L2/3 IT,-0.03606853,0.36334866
253662,Endo,0.027518392,-0.093235165
229068,L2/3 IT,0.24863034,0.13468689
29323,SMC,-0.42503878,0.26466227
267131,L2/3 IT,0.3590815,-0.07168573
154393,L4/5 IT,-0.2194441,-0.14843541
29358,L2/3 IT,-0.122606635,0.37871748
29370,SMC,0.47846675,-0.079137295
29388,Astro,0.05642301,-0.4030062
76489,L2/3 IT,0.09887141,0.2822858
76472,L4/5 IT,-0.08233601,0.1597029
115495,L4/5 IT,-0.13161018,0.21000934
115518,L2/3 IT,0.37469977,0.014909565
29492,Micro,-0.049210936,-0.2893582
27026,Micro,0.21385926,-0.2743009
187286,Micro,-0.051938593,-0.04363662
115099,L6 IT,-0.0026445389,-0.121301055
155962,Oligo,-0.063482404,-0.30812728
200804,Sst,-0.06522754,-0.106057495
114654,Endo,0.08370775,0.20812774
253445,Endo,0.162179,0.081686616
275549,L4/5 IT,0.0666616,0.16755158
229667,L2/3 IT,0.05063182,0.2809031
27351,L5 IT,0.27330416,-0.21502966
266915,L2/3 IT,-0.010815859,0.22699541
275544,L4/5 IT,-0.0984413,0.20113206
27450,L2/3 IT,-0.3285411,0.22700864
247914,Astro,0.1189065,-0.23128054
155819,L2/3 IT,-0.36012548,0.09893024
155806,L2/3 IT,-0.31023213,0.2255916
27579,L2/3 IT,0.29409993,0.125916
27415,L4/5 IT,0.11762774,0.12404549
247936,Endo,0.3936754,-0.06539112
77761,Astro,0.22283852,0.1994679
27294,Oligo,0.29199207,-0.20415676
186877,L5/6 NP,-0.17773584,-0.28029376
186891,L4/5 IT,-0.09346789,0.20601636
156127,Pvalb,-0.02008605,-0.42221352
212817,L4/5 IT,0.37704176,-0.09614578
114588,Endo,0.010227263,0.40802068
247939,L2/3 IT,-0.14940211,0.37593246
156110,Endo,0.08957887,0.20857352
200832,L5/6 NP,-0.041323483,-0.4552969
156096,L5 IT,0.22520423,-0.15490088
27203,Astro,0.26831287,0.06395179
77810,L4/5 IT,-0.14470333,0.18639356
156035,L2/3 IT,0.20022553,0.091545284
114623,L4/5 IT,-0.15547079,0.20739913
200820,L2/3 IT,0.36808217,-0.02427423
27286,L5 IT,0.15172601,-0.039291948
212921,OPC,-0.39319646,0.25320673
148544,Astro,0.14224178,0.11524993
200749,L4/5 IT,-0.27141303,0.059028387
253471,Oligo,-0.3675192,0.12422323
213006,L2/3 IT,0.08304113,0.2876224
155442,L4/5 IT,-0.11212942,0.21443254
131605,PVM,0.44986492,0.039055347
155339,L4/5 IT,-0.29102123,0.16269308
114997,L5 ET,-0.030596405,-0.058065474
213036,L4/5 IT,0.17877382,0.10935283
229386,L5 IT,-0.03158769,-0.24658409
155225,Peri,-0.3722936,0.3450349
243519,L2/3 IT,-0.050739557,0.22334623
115042,Lamp5,0.40691912,0.09562385
115052,L2/3 IT,-0.38612455,0.08642942
76992,L5 ET,-0.04466304,-0.011686325
240856,Astro,-0.05261898,0.40490365
155179,L6 IT,-0.004913777,-0.2627261
28368,L4/5 IT,-0.1809684,0.15771031
275444,Endo,0.024138331,0.22968167
267014,VLMC,-0.19398686,0.48608124
28102,L5 ET,0.050282538,-0.25281006
28052,L2/3 IT,-0.3029621,0.23386115
155770,L6 IT,-0.14327475,-0.09140095
155761,L2/3 IT,0.038288176,0.22158128
27736,L2/3 IT,0.34016782,0.070756614
155690,L6 CT,-0.020411044,-0.15091386
200725,Peri,0.060044467,0.16714853
114861,Endo,0.09318161,-0.34906673
155640,Endo,0.061702967,-0.016085654
155634,L2/3 IT,-0.3114153,0.26481712
77328,Peri,-0.061657995,0.254362
212978,Astro,0.18595421,-0.2540092
240835,L5 IT,-0.2571301,-0.08188778
266952,L6 IT,-0.061525613,-0.13625103
28020,L4/5 IT,-0.1883784,0.18191278
229463,L4/5 IT,-0.20439151,0.13518643
229461,L6 IT,-0.04262808,-0.044624925
114961,L6 IT,0.03258729,-0.2439082
212273,L5 ET,0.17130369,-0.10487425
212252,L2/3 IT,-0.304933,0.25746214
79587,L6 IT,-0.043450892,-0.08001548
231890,L6 IT,-0.016608328,-0.044698715
110862,L2/3 IT,-0.3558511,0.07445693
240418,Pvalb,0.05190909,-0.31524768
245376,L6 IT,0.16197139,-0.21934205
21405,VLMC,0.20346308,0.27969807
185271,VLMC,-0.20051953,0.47488356
202080,Astro,0.13691652,0.16161627
276660,Endo,-0.14326465,0.3434947
231846,Lamp5,-0.17525661,0.33656687
161097,L5/6 NP,-0.16402504,-0.198502
21495,L4/5 IT,-0.21160197,0.14189994
266164,Astro,0.22821271,0.052990735
276628,L2/3 IT,-0.3328057,0.1577059
252516,L2/3 IT,-0.250492,0.29370618
202059,L2/3 IT,-0.3450664,0.13995278
21319,OPC,0.2484501,0.23839134
185235,Astro,0.408028,0.045036852
21303,L6 CT,0.0005529523,-0.28079242
276712,L5/6 NP,-0.11626905,-0.0022761822
110753,Endo,-0.02479139,0.30915678
161541,Micro,-0.06747198,-0.028355122
110759,L5 IT,0.30713987,-0.197586
82282,L5 ET,0.13863301,-0.29549867
110763,L5 IT,-0.19806322,-0.19243819
161518,L2/3 IT,0.2845769,0.073646784
21164,Peri,0.05408925,-0.38164136
231952,L2/3 IT,0.18529904,0.15590233
243810,Peri,-0.08783591,-0.26897922
266118,L6 CT,-0.054499805,-0.27241027
82171,Astro,0.4053474,-0.07231283
161410,OPC,-0.20586234,-0.14698693
185204,L5 ET,0.05747688,-0.17794904
202087,Endo,0.17820787,0.22442663
21525,Micro,-0.41447073,0.14035034
276614,L6 CT,-0.0543167,-0.2757565
252528,L5 IT,-0.28753558,-0.07748085
276600,Micro,-0.062729836,-0.07365185
21890,L4/5 IT,-0.3606215,0.10425103
276521,L2/3 IT,0.3980279,-0.11054459
160786,L2/3 IT,0.40731323,-0.049827933
111252,Astro,0.069515646,-0.14395526
81616,L4/5 IT,-0.01590857,0.14156502
22016,L6 CT,-0.114105225,-0.18710902
111392,Endo,0.13052392,0.25684804
252651,L2/3 IT,0.22854811,0.1092962
81472,Endo,-0.18000433,-0.22059724
22098,L4/5 IT,0.2869758,-0.036360532
111437,L2/3 IT,-0.3513609,0.07741684
261107,L5 IT,0.20947456,-0.14536184
22138,Astro,0.087515235,0.28678578
81426,L6 IT,0.1462658,-0.34955883
252677,Pvalb,0.10267997,0.11731827
266218,L6 IT,-0.12978706,0.0776099
161578,L5/6 NP,-0.18749148,-0.18589991
111235,L5 ET,0.13470465,-0.105133474
160817,L5 IT,-0.10906693,-0.037299663
185330,Astro,0.090360165,0.36021358
245390,Peri,0.1059373,-0.07093313
276591,L5 IT,-0.23826018,-0.124353826
185333,L5 ET,0.20641178,-0.1789492
161001,L6 CT,0.051818073,-0.26714152
160928,Micro,-0.2533278,0.08048415
21699,L4/5 IT,0.09839064,0.038220286
261201,L5 IT,0.2793147,-0.1493378
111087,OPC,0.17891455,-0.31351143
266190,L6 IT,-0.06233892,-0.045302898
201989,Astro,-0.013761163,0.21821171
160838,L5/6 NP,-0.012305528,-0.045935214
81742,L2/3 IT,0.09635025,0.18756896
111147,L2/3 IT,-0.07600972,0.33013886
252585,VLMC,-0.45403087,0.24039799
81719,Sst,-0.27143162,0.016913831
160342,L2/3 IT,-0.3853289,0.14275295
21002,L5/6 NP,0.105886996,-0.03480655
161674,Peri,0.09840846,0.02834183
82955,L4/5 IT,-0.27331638,0.16587538
162215,L5 ET,-0.16059265,-0.12824711
232301,L2/3 IT,-0.11317149,0.24317086
232292,VLMC,-0.4601934,0.26100618
232284,SMC,-0.37214208,0.29138523
232281,L5 ET,-0.13341892,-0.002270639
20134,L2/3 IT,0.31405652,0.017858148
82922,L6 IT,-0.13190088,-0.1308741
232259,Pvalb,-0.034751475,-0.33760047
202290,Lamp5,0.12807113,0.3169009
162136,L5 IT,0.3035308,-0.20000392
232235,L2/3 IT,0.36536252,0.00075930357
211179,L5 ET,0.15887558,-0.075036526
20372,L6 CT,-0.11884612,-0.19916707
184965,VLMC,0.24729246,0.2664553
20122,SMC,0.14555663,0.29721707
162297,L5 IT,0.20967126,-0.086006016
232331,L4/5 IT,0.09655428,0.0432896
109878,L2/3 IT,0.4187315,-0.07859826
276963,L4/5 IT,0.15461397,0.036427677
19901,L4/5 IT,-0.05081123,0.21391487
261375,L2/3 IT,-0.39163888,0.121261716
276939,L2/3 IT,0.055339456,0.17965388
109912,L6 IT,-0.11467534,-0.10030779
184909,Endo,0.1751976,-0.074673176
243865,Sst,0.3458075,0.031488895
83070,L6 CT,-0.10250875,-0.2752574
240340,Endo,0.35349143,-0.178419
202338,Astro,0.28282982,-0.036583334
83055,L2/3 IT,-0.044065893,0.3321154
20073,VLMC,0.026441514,0.39746624
232343,Endo,-0.27611816,-0.11526856
110079,Pvalb,-0.22849435,-0.11979973
184995,Endo,0.27685058,-0.016281128
110253,L2/3 IT,0.0124256015,0.26414376
82840,L6 CT,0.0061784983,-0.31604835
110266,L5/6 NP,-0.021734536,-0.065659314
20802,L6 IT,-0.08621964,-0.3419765
161839,L2/3 IT,0.38064754,-0.070762455
110675,Astro,-0.20042112,-0.08493903
20841,Astro,0.0726729,0.3388102
240380,L2/3 IT,-0.34257627,0.24377954
266088,L5 ET,0.2706176,-0.19625378
211347,Endo,-0.08345172,0.26447934
110733,L2/3 IT,0.06636399,0.31379485
276749,L4/5 IT,0.17402273,0.102116585
185106,L2/3 IT,-0.2905274,0.2843793
82329,L4/5 IT,-0.30747008,0.05341643
20953,Lamp5,0.07430124,0.3883664
161784,L2/3 IT,-0.37245786,0.14130557
161769,VLMC,-0.0051510334,0.4222607
161737,Vip,-0.15396565,0.11319274
20801,VLMC,0.3583197,0.20743793
20999,L2/3 IT,0.2814198,0.07703602
20778,Peri,0.0069068074,-0.34086686
82470,Micro,-0.34685844,0.0132805705
266018,L4/5 IT,0.23307133,0.011656523
20400,L5 IT,0.123306096,-0.00073212385
276871,Astro,0.2885719,0.19886637
162053,L4/5 IT,0.008724749,0.13577121
110408,Peri,-0.27802747,-0.014816999
20598,L2/3 IT,0.4274689,-0.038929433
82556,L2/3 IT,0.39921808,-0.06685516
20628,Vip,-0.32555246,0.26375794
82539,Sst,-0.16246513,0.10730839
211257,Endo,-0.29613766,0.10517919
266065,L2/3 IT,0.31703037,-0.009712964
82524,L4/5 IT,-0.27060264,-0.14146948
82482,L4/5 IT,-0.2865021,-0.075957924
240377,L2/3 IT,0.39285076,-0.040525883
110562,Vip,-0.22999424,0.3069805
232080,L2/3 IT,0.39990914,-0.062442034
22213,Pvalb,0.25534678,0.14741164
160314,Astro,-0.10075194,-0.060820192
81357,L2/3 IT,0.3804524,-0.10249293
201469,Astro,-0.30944544,-0.036952406
212071,L5 IT,0.004000306,-0.09239903
201465,Oligo,0.10080713,-0.4109031
24034,L4/5 IT,-0.26767462,-0.018423706
276127,Pvalb,0.22786391,-0.13588807
112641,L4/5 IT,-0.15135258,0.19601071
159091,Peri,-0.11257389,0.43841195
80099,L5 IT,0.098161995,-0.023161799
185961,Vip,0.41542673,0.0017017126
252876,L6 IT Car3,-0.13512471,-0.2603377
24135,Sst,-0.23507002,-0.16692927
80042,L2/3 IT,0.041687608,0.32386893
112685,L5 IT,0.14716303,-0.025722802
112692,L5/6 NP,0.100099444,-0.10275683
243695,L4/5 IT,-0.06114167,0.17915165
159102,Oligo,0.2078979,-0.2899316
159128,PVM,0.37552565,0.13459301
112565,L4/5 IT,0.22773373,-0.07101834
80275,Astro,-0.34524214,0.28339213
112494,Pvalb,-0.0038213134,0.124741495
80257,L2/3 IT,0.05931145,0.30031574
112514,VLMC,-0.054652482,0.47405738
80219,L4/5 IT,-0.29205662,-0.04807514
240540,L4/5 IT,0.17938793,0.10206431
23761,Endo,-0.14998055,-0.18653178
159226,L6 CT,-0.13368526,-0.24685064
23784,PVM,0.033289254,0.1657542
230983,L2/3 IT,-0.3911108,0.06024152
252856,Astro,0.3568142,-0.049616635
23793,Vip,-0.4288392,0.12874162
266480,L5 IT,-0.11806247,-0.012511492
112557,Astro,-0.26750618,-0.15525997
159173,Astro,0.11023635,-0.26912084
24183,L5 IT,-0.09309772,-0.24141252
79999,Oligo,0.018078506,-0.08511466
185970,Endo,-0.069485694,-0.06500465
79994,L4/5 IT,0.105418205,0.09097314
252922,L4/5 IT,-0.1799458,0.18416673
113028,VLMC,-0.4345823,0.23328817
24578,Endo,0.002436459,0.34953362
24591,L4/5 IT,-0.22255313,0.17266917
252929,L4/5 IT,-0.14661917,0.14148182
158509,L6 CT,0.20830351,-0.26747596
212219,Astro,0.11095846,0.3720463
113116,Astro,-0.22168592,0.24514914
230735,L5 ET,-0.01159361,-0.032283396
186123,Sst,-0.30722207,-0.040646583
252939,L4/5 IT,0.19236368,-8.901954e-05
186156,Endo,0.2623065,-0.1591663
24763,L4/5 IT,-0.26791126,-0.0043914914
79601,L4/5 IT,-0.15091658,0.15752172
230691,L2/3 IT,-0.071351826,0.25271237
230768,L5 IT,0.20441884,-0.091453195
276179,Oligo,0.15144837,0.11813092
24555,L4/5 IT,-0.3458064,0.07495153
158660,L5 ET,-0.22182107,-0.14185059
79951,L6 IT Car3,-0.035907716,-0.23067892
79938,L2/3 IT,-0.35475513,0.19957393
24264,L6 CT,0.034204483,-0.24700809
112762,L5 IT,-0.10540414,-0.15307748
240575,Endo,0.22214663,-0.19730243
24356,L5 ET,-0.23332387,-0.21274039
230829,L5 IT,0.04103464,-0.09062073
212167,L4/5 IT,0.25398827,-0.059980303
158857,Astro,0.35947925,0.14624399
158763,Lamp5,-0.4226317,0.23916042
24445,Endo,0.26030385,0.16895843
230805,L2/3 IT,0.14040345,0.16376793
112904,SMC,0.25727916,0.262146
266528,Oligo,-0.05338946,-0.29030544
112920,Astro,0.02749902,-0.48431784
158610,SMC,-0.21664539,0.46554607
112456,L5 IT,0.017857015,0.08634299
159327,Pvalb,0.031124711,-0.25364327
252835,L4/5 IT,0.20413393,0.019619823
260986,L4/5 IT,0.07806426,0.117685676
22645,L6 CT,0.12370378,-0.16386583
22664,L4/5 IT,0.23604083,-0.029326737
266331,Astro,-0.22243169,0.39589852
276373,L2/3 IT,-0.37230718,0.06530374
22716,Oligo,0.01644814,0.28393173
80968,L2/3 IT,-0.030297548,0.30541658
22742,L2/3 IT,-0.32480195,0.24298298
112076,L4/5 IT,-0.17790502,0.117842615
22771,L2/3 IT,0.299375,0.018445492
22778,L2/3 IT,-0.19001138,0.3182165
231350,L4/5 IT,0.2811042,-0.047609568
159840,PVM,-0.26934576,-0.085118026
159836,L2/3 IT,0.096059024,0.1834675
22953,L2/3 IT,0.09576726,0.26373148
211794,Endo,-0.02268532,-0.10629338
22998,L5 IT,0.01527077,-0.33278227
22584,OPC,0.12573934,-0.09137252
160012,Astro,-0.21740472,0.112350464
22271,L2/3 IT,0.09282124,0.20265377
81296,Micro,-0.07484087,-0.26410255
231531,L2/3 IT,0.10767037,0.26858586
231530,Astro,0.17922294,-0.28988278
111642,L4/5 IT,0.061779678,0.10378063
111693,Vip,0.22326273,0.2752186
111745,L2/3 IT,0.1587081,0.14451474
185610,L4/5 IT,0.18373269,0.042364895
266291,L4/5 IT,0.20030159,0.013725758
111791,L4/5 IT,-0.08456376,0.079838395
160071,Micro,-0.27808413,-0.034511536
22486,L4/5 IT,0.037547648,0.1433754
22491,L6 CT,0.17317986,-0.31811255
111834,L5 IT,0.14777082,-0.027387977
160070,L2/3 IT,-0.028982908,0.26007926
231432,Lamp5,-0.11997408,0.22511977
76309,SMC,0.026884377,-0.1737645
80833,PVM,-0.4331181,0.27747244
201637,Micro,0.05998367,-0.27462816
260921,Endo,0.10348326,-0.102196604
260919,L5 IT,-0.16305491,0.09930873
80490,L5 IT,0.04773736,-0.22263017
159478,L4/5 IT,0.05707383,0.07042432
211960,L4/5 IT,-0.31364894,0.025697708
266414,L5 ET,0.15983689,-0.09372756
159458,L5 IT,-0.13512033,0.084620535
252814,Astro,0.048956633,0.40449685
211979,PVM,-0.050259233,-0.21936288
80446,Endo,-0.26132107,-0.12798285
23522,L6 CT,0.1590212,-0.3206277
243728,L4/5 IT,-0.18794286,0.10926229
159355,Lamp5,-0.4539336,0.22332424
276196,Vip,-0.29523635,0.19253021
23617,VLMC,-0.44221947,0.28635603
112311,Sncg,0.43853498,-0.020657867
80812,L5 ET,0.21054476,-0.19693124
159575,L2/3 IT,-0.36577797,0.14911228
23292,L4/5 IT,-0.20887822,0.09370321
211867,L5/6 NP,0.08805108,-0.13008887
245490,L4/5 IT,0.11172867,0.035011828
23088,L4/5 IT,-0.18523541,0.16838723
211869,Lamp5,-0.07693443,0.375777
23122,L5 IT,0.31967062,-0.18979207
260937,Peri,-0.08491677,0.028606236
231266,L2/3 IT,0.39014006,-0.11342034
231262,Micro,0.012551606,-0.41360685
80779,Endo,-0.11633241,0.19839323
80753,L4/5 IT,0.10762322,0.109644115
112235,Astro,-0.3401519,0.30701423
185765,L2/3 IT,0.028520584,0.29469562
252779,L5 ET,-0.16758966,-0.2432068
80668,L2/3 IT,-0.18004611,0.3095312
159583,VLMC,-0.0053590834,0.4386769
23304,Endo,-0.007624179,-0.14158893
154023,Astro,0.046554685,0.34750193
77499,L4/5 IT,0.1026752,0.14463443
228903,L6 IT,-0.09202269,-0.11060411
150688,L2/3 IT,-0.33017614,0.010494947
150693,Astro,-0.14011893,-0.20467135
274499,L5 ET,0.13667262,-0.2601239
117985,L6 IT,0.044232488,-0.14039189
274514,L6 IT,-0.024799734,-0.08599755
150752,L6 CT,0.036724627,-0.3882962
188700,PVM,-0.033314466,0.3429557
73731,Lamp5,-0.011280477,0.42286646
227795,Astro,-0.12803262,0.018691778
274527,Astro,0.30736488,0.17919105
33317,Oligo,0.024274588,0.14581263
117805,L5 IT,-0.24600428,-0.12892368
199765,L6 CT,0.12969327,-0.318934
117792,VLMC,0.06359774,0.38850695
73871,L2/3 IT,0.15001798,0.15992332
33252,Pvalb,-0.05510354,0.2030009
33245,L2/3 IT,-0.31229305,0.20277297
274553,L2/3 IT,-0.07748252,0.3314625
188638,L2/3 IT,-0.25119114,0.13545996
33169,Micro,0.11209136,0.22240734
73998,Endo,0.2606991,-0.18409437
151072,Oligo,-0.28408283,0.08995646
33018,VLMC,-0.1696513,0.4792031
74074,L2/3 IT,0.3451808,0.031430125
151101,Vip,-0.28620481,0.3012706
74102,Oligo,0.30566776,-0.040942103
74108,PVM,-0.4198856,0.21015537
227906,L2/3 IT,-0.20024875,0.27652812
151168,L5 IT,0.077913284,-0.021503568
33501,L4/5 IT,-0.03418085,0.112053454
267571,L4/5 IT,-0.28569037,0.09925449
33573,L4/5 IT,-0.12330267,0.25769395
199675,PVM,0.25805908,-0.20014027
241175,Endo,-0.044243515,-0.31990427
118381,L2/3 IT,-0.26155108,0.28947318
227591,Endo,-0.42810845,0.20348817
188904,VLMC,-0.3791625,0.38810933
214377,Peri,-0.01559782,-0.17357433
214356,SMC,-0.2669015,0.38552624
227615,Micro,0.30927444,0.17883945
150311,L2/3 IT,0.45471042,-0.011255413
33918,L5/6 NP,0.14811313,-0.1405721
73244,L2/3 IT,-0.10741189,0.34003258
245793,L2/3 IT,-0.16007176,0.3359329
33896,L4/5 IT,0.1434586,0.04204935
73289,Micro,0.09653509,0.17032039
188831,Endo,0.16373801,0.17456436
33863,Astro,-0.068212,-0.22149232
33858,L2/3 IT,0.074193954,0.25678658
150464,L6 IT,0.16028655,-0.3268817
33839,L4/5 IT,0.14740825,0.06770682
118158,VLMC,-0.41797358,0.34907448
33744,L5 IT,0.026178062,-0.33094078
33735,L2/3 IT,-0.32976013,0.1907987
118084,L5 IT,0.06881076,0.003954351
73551,L2/3 IT,-0.25356597,0.36369485
150609,L5/6 NP,-0.10725844,-0.13888767
188760,Micro,0.22291124,-0.06381333
199644,Endo,0.19028652,-0.28543162
150634,L6 CT,-0.09849608,-0.27800623
227740,Astro,-0.26481944,0.3523723
33668,Endo,0.32761854,0.0012243986
118017,L6 CT,0.16877359,-0.28055358
32894,VLMC,0.108273745,0.37516832
254216,Sst,-0.2350744,0.2473796
32889,Endo,0.22468555,-0.24739584
241060,L5 ET,-0.20593852,-0.19294354
151757,Oligo,-0.02399069,-0.39656729
151783,L6 CT,0.167377,-0.28683165
74712,Lamp5,0.15047044,0.040828824
74728,L2/3 IT,0.14264023,0.15988296
213941,Endo,0.23665333,0.11790538
117003,Endo,-0.25980157,-0.0203287
188321,L4/5 IT,0.20818639,0.036608696
32342,L6 CT,-0.057085782,-0.28859544
116994,Pvalb,-0.13726452,-0.25565076
254094,L2/3 IT,0.07554042,0.26697624
116972,L6 CT,0.0035415888,-0.27174002
188309,L2/3 IT,-0.19116563,0.3521378
247649,L6 IT,-0.08928004,-0.06777167
151891,L6 IT Car3,-0.0153335035,-0.21884355
116958,L5 IT,0.0017548203,-0.38579914
245723,Astro,0.10573679,-0.37270826
243368,Lamp5,0.045738697,0.22681797
151943,L5 ET,0.21584332,-0.14303595
200035,L2/3 IT,0.40166742,-0.057612598
188252,OPC,0.27847117,-0.21642807
32138,Peri,-0.1124821,0.25374013
152090,L2/3 IT,0.10568607,0.25300032
200047,Micro,-0.3629247,0.02743417
116899,OPC,0.045061827,0.16544199
116885,PVM,0.21894115,-0.1325948
32094,Pvalb,-0.16706538,0.12990987
188239,Peri,0.05520183,-0.096434295
152107,PVM,0.27843195,-0.100931644
32428,Astro,0.085627615,0.15848768
260065,L6 IT Car3,0.01425761,-0.27108026
241070,L6 CT,0.020632088,-0.23128137
74660,L4/5 IT,-0.2878303,0.10622579
241108,Astro,-0.36600113,0.34852725
74140,L6 IT,0.21761024,-0.23400629
74194,Pvalb,0.15522856,0.282089
32832,Astro,0.33799005,-0.13151279
74210,VLMC,-0.27581847,0.45095176
188515,L2/3 IT,-0.2888338,0.30107588
214079,L5 IT,-0.19528484,-0.04560992
151364,OPC,0.40486127,-0.024014026
151404,Astro,-0.13107502,-0.10453293
214071,L2/3 IT,0.14983618,0.2827289
188438,L2/3 IT,-0.3828053,0.080871105
214049,L4/5 IT,-0.22602433,0.19482386
228027,Astro,0.3703527,0.028812647
117297,OPC,0.08467293,-0.35138807
34126,L6 IT Car3,-0.113452345,-0.2571826
199907,L2/3 IT,-0.031095743,0.34501547
117253,Endo,-0.2069835,0.17568451
117226,L4/5 IT,-0.26426238,0.077806056
188428,L6 IT,-0.12092137,-0.2392841
228056,L2/3 IT,-0.3599594,-0.0083785355
151554,Astro,0.2042141,0.13785279
214020,L2/3 IT,-0.3296643,0.19339359
74494,Astro,-0.09491739,-0.4212826
199938,Endo,-0.10794684,-0.04260835
32554,Lamp5,-0.36440155,0.05426222
74533,L4/5 IT,0.12771547,0.10024506
199948,L6 CT,0.0004685521,-0.3149692
74577,OPC,0.34471607,-0.085638195
188380,L2/3 IT,-0.318732,0.2342444
151682,Astro,0.16977364,0.32767236
32691,Endo,-0.007487327,-0.421936
247523,Oligo,0.068255365,-0.4818267
34139,L6 CT,-0.1324074,-0.27568224
227542,Astro,-0.07142377,-0.1751554
148907,Oligo,0.108781755,-0.14663067
226985,L2/3 IT,-0.32712728,0.20671189
71984,Peri,-0.2775993,0.3909397
226996,L6 IT,0.074068666,-0.111816496
214763,L4/5 IT,-0.11696008,0.17950743
149006,L4/5 IT,-0.2222451,0.14797682
72065,L2/3 IT,0.07048094,0.31234545
227039,L2/3 IT,0.12843913,0.29021662
119182,OPC,-0.10462138,-0.39338797
72129,L4/5 IT,-0.25834763,0.08202958
119127,L4/5 IT,-0.32917386,-0.042422056
72162,Astro,-0.43297675,0.17349833
35389,L6 IT Car3,-0.0329071,-0.32376412
267912,Micro,-0.32359916,0.32316464
35332,Endo,-0.003871709,0.13939935
149306,L4/5 IT,-0.2568471,0.11661786
199319,L4/5 IT,0.17595899,0.028689682
72205,Astro,0.26022166,-0.029913068
119115,PVM,0.21010846,0.28542745
72216,L6 CT,0.1488325,-0.16258937
214690,Micro,-0.28175226,0.25348496
243242,Astro,0.1580233,0.3148566
35181,L4/5 IT,0.24781722,-0.020332038
274224,PVM,0.11774218,-0.13930774
35141,Pvalb,-0.0040528476,-0.034883052
72306,L6 IT,0.19604379,-0.27908707
227169,Endo,-0.079524755,0.14755446
149436,Micro,0.3182788,-0.19004661
35046,Astro,0.3631189,-0.19727376
71962,L2/3 IT,-0.21223316,0.27124572
35592,Peri,0.1584084,0.1396324
189358,L2/3 IT,0.118041754,0.21894199
243222,L4/5 IT,0.15205932,-0.008147359
35953,L2/3 IT,-0.095267564,0.32385457
267987,L5 IT,-0.04740569,-0.0205535
189449,PVM,-0.38026032,0.31532925
148579,L5 ET,0.04555875,-0.04441923
214841,L2/3 IT,0.3724383,0.033058167
119459,VLMC,0.20178401,0.25965887
226846,Astro,-0.39297944,0.26012832
35845,L6 IT,0.08975673,-0.17106208
35844,Lamp5,-0.026392967,0.356933
119395,Endo,0.0052902102,0.15816712
71895,L2/3 IT,0.1386118,0.28155267
119386,L4/5 IT,-0.15949172,0.17465913
148712,L5 ET,-0.07943642,-0.27410245
148732,L2/3 IT,-0.23277497,0.32336777
214644,L4/5 IT,0.088192165,0.11737901
35821,L2/3 IT,0.064664245,0.28501928
71901,L4/5 IT,-0.15964198,0.19980317
35746,L4/5 IT,-0.28156528,-0.11766967
189416,L6 CT,0.04369402,-0.31614822
226897,L5 IT,-0.12655222,0.09068394
148765,Pvalb,-0.16230085,-0.24266079
214799,L5 IT,0.20258862,-0.094745785
35675,Sst,0.08420664,0.31829
71925,VLMC,-0.0756478,0.4451037
189399,VLMC,-0.456906,0.24706954
226951,L4/5 IT,0.15528888,-0.01291436
239050,L2/3 IT,-0.29505688,0.24954456
189389,Astro,0.2030803,0.11422449
35617,Sst,-0.1269649,0.24119222
189379,L6 IT,0.051143467,-0.09206161
199247,L2/3 IT,-0.19705778,0.24440962
152126,L2/3 IT,-0.34980708,0.11104709
35010,VLMC,-0.2889766,0.45251167
34969,Endo,-0.0767833,0.33197337
118682,L4/5 IT,-0.30464578,-0.04403016
227378,Astro,0.030444741,0.2573617
118677,Astro,0.11813563,0.376853
149894,Astro,-0.38124096,0.023887336
214495,Oligo,0.10789317,-0.18112358
274317,Endo,-0.06455332,-0.10807839
72800,L2/3 IT,-0.15460864,0.2968961
118646,Peri,0.34874517,-0.08104172
214476,L2/3 IT,0.0636704,0.25288314
199443,L6 IT,0.0072336793,-0.37747595
149935,L2/3 IT,0.10805678,0.26341522
189010,L6 IT,0.027216733,-0.102820486
274327,L4/5 IT,-0.24652463,-0.024436086
72825,L5 IT,-0.24207082,-0.10923374
34414,L6 IT,0.052992404,-0.11064583
274348,L4/5 IT,-0.029830158,0.19119442
149983,L2/3 IT,0.3407058,0.045893013
259813,Pvalb,-0.17414439,0.06756091
34353,Endo,0.07339233,-0.30819106
150058,L5 IT,-0.12837327,-0.022967815
72896,L2/3 IT,0.42899913,-0.022572279
214438,Endo,0.25419378,-0.18594742
274359,L5 ET,0.20449245,-0.27687353
34317,Astro,0.07379609,0.08243686
150069,L2/3 IT,-0.34842002,0.22788918
34260,SMC,-0.2950772,0.4174345
118474,Endo,0.20815551,-0.15772551
72988,VLMC,-0.4515212,0.27518386
34168,L2/3 IT,0.38683724,-0.08630866
72737,Pvalb,0.018740892,-0.11610308
199429,Oligo,-0.1218887,-0.25949717
259787,Astro,-0.20728931,-0.24646395
34576,L6 CT,0.10901159,-0.43235505
72326,Peri,0.08623701,0.14784062
274268,L4/5 IT,-0.28813922,-0.0071492493
34937,L2/3 IT,-0.39331073,0.09052944
34924,L4/5 IT,-0.29134694,-0.015042037
34885,L5 IT,0.105194986,0.011990607
118971,L2/3 IT,0.13934636,0.14014584
227218,Endo,-0.16282827,0.279603
72416,L2/3 IT,-0.31798422,0.19452548
72463,L5 IT,-0.21230948,-0.18918598
34858,Peri,-0.13526553,0.34665567
34838,L2/3 IT,-0.33845383,0.15373379
254481,L4/5 IT,-0.061689734,0.14937836
149587,PVM,0.18349785,0.3172953
34807,L6 CT,0.14111614,-0.31419203
274265,L5 ET,-0.11835605,-0.1953252
72503,Oligo,0.165461,-0.0782567
274285,L4/5 IT,0.16026157,-0.00060516596
34754,L4/5 IT,-0.29927415,0.091276884
72532,L2/3 IT,0.4125628,-0.07055387
149703,L4/5 IT,-0.012534738,0.09693849
72580,L5/6 NP,-0.21652591,-0.10657695
34632,Endo,0.2942143,-0.17913368
72611,L2/3 IT,0.3362165,-0.013911933
72623,L4/5 IT,-0.10433456,-0.23484206
118736,Endo,0.33731872,-0.11671302
34596,L5 IT,-0.14168113,0.08903134
149768,Endo,-0.114681005,0.45758313
72630,Vip,-0.37857458,0.24316841
34581,Lamp5,-0.05419025,0.24519104
72699,L5 IT,0.052469194,-0.042110592
189126,Endo,-0.118976,0.15270585
254049,Sst,-0.1924018,-0.06109351
227804,PVM,0.2193613,0.23130184
243438,L4/5 IT,0.17094374,0.0855239
115959,Endo,-0.050279677,0.034582198
116041,Astro,-0.25856233,-0.11688915
213442,L5 ET,-0.15318254,-0.22558174
29954,L2/3 IT,0.066227496,0.31110907
75594,Lamp5,0.05545497,-0.40281633
31462,Endo,0.013077855,0.12084484
260200,L4/5 IT,-0.043871313,0.20460153
31472,L5 IT,0.18716973,-0.03950441
153613,Pvalb,0.24985212,-0.19861189
115837,Endo,0.03728175,0.14672613
116655,Oligo,0.1443029,-0.37103888
75220,Peri,0.2333712,0.09244931
213769,L4/5 IT,-0.28384528,-0.0990693
116674,Endo,-0.28931394,-0.13828889
116715,Endo,-0.3269099,0.11078191
267408,L5 ET,0.15227133,-0.3401259
253809,L5 IT,-0.3121698,-0.022874206
30706,L6 IT,-0.14656836,-0.091085106
75645,Astro,0.15615505,0.34108537
75620,Astro,0.060322642,0.20834601
75125,SMC,0.46136326,-0.0036378205
254009,L4/5 IT,-0.027340382,0.22057539
116740,L2/3 IT,0.131114,0.24230242
274808,Micro,-0.1025708,0.38932723
274772,SMC,-0.26032478,0.39577895
75610,L4/5 IT,-0.25503474,-0.071841925
228636,L4/5 IT,0.11166531,0.12716722
152430,L4/5 IT,-0.15018842,0.17523992
187652,Lamp5,0.4172923,0.020492494
115825,L4/5 IT,0.11278331,0.052612662
30795,Micro,-0.17959148,0.3073361
30376,L5 ET,0.17458713,-0.123947084
247688,L6 CT,0.0989095,-0.3469237
30936,L5 ET,0.0019443035,-0.07898715
274813,L4/5 IT,0.40111482,-0.13996601
213675,Astro,0.16699201,-0.11825469
152923,Oligo,0.43199956,-0.049896687
75462,L6 IT,0.098769665,-0.08276278
152916,L2/3 IT,-0.2112593,0.27849638
116449,Vip,-0.16134053,-0.12680909
152984,L2/3 IT,0.33171093,-0.025795728
228792,Lamp5,-0.15044603,-0.094326705
153070,Endo,-0.068211734,0.23407155
187744,Lamp5,0.18551302,0.29049367
153666,L2/3 IT,-0.31491223,0.28712893
152836,L6 CT,-0.15332213,-0.1997428
153676,Peri,0.1434074,-0.13596806
75417,Endo,-0.2158072,0.06834811
187730,Micro,0.41155744,-0.05351326
75413,L2/3 IT,-0.22466338,0.33644444
228513,L4/5 IT,-0.24734831,0.051412106
187929,Lamp5,-0.38617238,0.22494382
116603,Oligo,-0.07554287,-0.22188833
115991,Peri,-0.010712624,0.24039704
75296,L5 IT,0.20594704,-0.08553058
75324,L2/3 IT,0.04883766,0.23644227
228479,L6 IT,0.06413722,-0.13161948
31294,Lamp5,0.04590398,0.36776555
188079,L2/3 IT,-0.39549214,0.10593349
213719,Astro,0.053330243,0.19102663
116302,Endo,0.11759418,-0.11797309
187924,OPC,-0.10837036,-0.39801598
30150,L2/3 IT,0.23355305,0.1422013
76008,Sst,0.029821277,0.17101091
153718,L2/3 IT,-0.36223102,0.13741708
30326,L6 CT,-0.131892,-0.27832752
153750,Astro,-0.18481421,0.260132
30679,PVM,0.087417305,0.12802392
153228,Pvalb,-0.056513965,-0.4973396
75090,VLMC,-0.39352196,0.34212178
228750,VLMC,0.34086943,0.1912567
115771,VLMC,0.11078292,0.3645662
243463,Vip,0.09170437,0.29378146
75011,L5 IT,0.102589965,-0.055240244
75779,Astro,-0.10043126,0.39875168
116060,L6 IT,-0.058926135,-0.08196595
200432,VLMC,0.081085145,0.39697772
30397,VLMC,0.19451207,0.30864722
153342,Endo,-0.1312708,0.33748692
260225,L5 IT,-0.2122125,-0.19255453
74995,Astro,0.20607656,-0.005429834
75810,L5 IT,0.079625726,-0.045560926
153940,L2/3 IT,0.080451906,0.25969768
30670,L5 ET,-0.10548198,-0.24215621
243442,Astro,-0.3984912,0.13763207
187818,L5 ET,0.05716133,-0.021556675
31974,Peri,-0.16024297,0.43989646
152253,L6 IT,0.13751256,-0.2636357
188196,Oligo,0.10355413,-0.14433557
115762,Astro,-0.03515929,0.26874417
213564,L2/3 IT,0.026524305,0.25445348
254039,Endo,0.15884876,-0.29421896
116839,L5 IT,0.048197567,-0.061423957
274984,L5 ET,0.2792793,-0.25983116
228274,Astro,0.041264176,-0.32499808
153589,Astro,-0.27273872,-0.1449621
243385,L6 IT,-0.03345543,-0.29483894
76169,PVM,0.010663629,-0.16913754
153632,L2/3 IT,-0.29665557,0.312849
274736,L5/6 NP,-0.08639002,-0.23478141
228326,L5 IT,-0.22525513,-0.12625888
188173,Oligo,0.020911396,-0.40699628
187872,L6 IT,0.31225264,-0.08023968
30378,L2/3 IT,0.09873903,0.22708327
187648,Lamp5,-0.031551033,0.26760465
31892,L4/5 IT,-0.0156238675,0.15834898
