,cell_class,coord_X,coord_Y
51586,L6 CT,-0.13202757,0.32110396
51305,L4/5 IT,-0.37491167,0.16507004
242141,L2/3 IT,-0.33055502,-0.12299131
162352,L4/5 IT,-0.3581577,0.34329048
162423,L6 CT,-0.1081799,0.37661472
162401,OPC,0.19929624,-0.19216888
162156,L6 IT,-0.09283903,0.039970797
51300,Astro,-0.32850492,0.085922346
51751,L5 IT,-0.21578974,0.31893024
51745,Oligo,-0.14365754,0.052250903
66449,L5 IT,-0.15330467,0.114850625
162176,Sst,0.45529956,-0.31085455
51307,SMC,-0.27972087,0.093419
162192,Micro,-0.3954966,-0.033899177
66433,Oligo,0.31818932,0.12635438
51654,L5 IT,-0.102583826,0.10042058
271503,L5 ET,-0.10727906,0.19251649
66415,Astro,-0.24299353,0.03604273
253897,Oligo,0.2703941,0.13269894
216621,L4/5 IT,0.4131863,-0.33736315
184973,OPC,-0.04041219,-0.09573667
221516,Micro,-0.092859924,0.006013971
221614,L5 IT,-0.33412218,0.28324017
162377,L6 CT,0.2472769,0.055656414
51184,Oligo,0.29037398,0.18640636
162342,L2/3 IT,0.34250814,-0.347541
152956,L6 CT,0.18870836,0.044164103
51132,L2/3 IT,0.18112129,-0.2587342
216549,L2/3 IT,0.1969769,-0.34024736
271638,L4/5 IT,0.400694,-0.31589445
50474,PVM,0.24310535,-0.29746154
162620,L6 IT,0.20882612,0.10185282
162635,Astro,0.14035946,0.06742565
221904,L4/5 IT,0.29537076,-0.26849136
162636,Astro,-0.3748989,0.31580827
271659,L5 IT,-0.22152197,0.04764871
162646,L6 IT Car3,0.072466016,0.30922875
221931,Pvalb,-0.28974253,0.29865405
66708,Endo,-0.26344764,-0.17484124
50298,Astro,-0.07521188,0.118823454
66718,Peri,-0.14418563,0.004127424
50571,L4/5 IT,0.033417996,-0.15809564
162661,Endo,-0.23012233,0.2242357
50241,Micro,-0.4224659,-0.080229715
184774,L5/6 NP,0.32232362,-0.040228326
216526,Astro,0.33506346,0.107820496
242096,Astro,-0.17181364,-0.04434528
252234,Pvalb,0.18794882,-0.2417713
50119,Micro,-0.22991043,0.20485453
162744,VLMC,0.09736776,-0.40749773
222038,L4/5 IT,-0.3065703,0.027505737
162766,Astro,-0.24837217,0.10110812
49959,L4/5 IT,-0.39436716,0.16191529
66743,L6 IT,0.256939,0.056567233
49936,L5/6 NP,-0.25274932,0.19162838
222054,L5 IT,0.13419396,-0.1631398
50270,L5 IT,-0.20482117,0.42231366
50573,L4/5 IT,0.444695,-0.3863611
271627,L6 CT,-0.00016445294,0.1284291
66648,L4/5 IT,0.3626846,-0.3299162
51129,Oligo,0.2678362,-0.13818936
221661,Endo,-0.27151325,0.2737263
271520,L2/3 IT,-0.17255798,-0.18760882
221662,Oligo,0.18885696,0.1978613
162452,Peri,0.2589128,-0.3410596
242138,Endo,-0.2729525,0.05459873
162471,L4/5 IT,0.08246088,-0.2141429
66502,Astro,0.2339099,0.008291107
271551,L5 ET,0.3660577,-0.096801504
221692,L6 IT,0.031339105,0.34298602
50959,L4/5 IT,-0.3792128,0.19672053
66504,Endo,0.3301142,-0.46297196
50923,L2/3 IT,0.27111584,-0.3631766
271412,Pvalb,0.3399452,-0.20928298
50885,L6 CT,0.3003695,0.021655422
184878,L4/5 IT,-0.42414412,0.38644674
221761,L4/5 IT,-0.34482223,0.37317607
271592,L5 ET,-0.2498897,0.24473129
252279,Astro,-0.2436912,0.3640127
216564,L6 IT,-0.2290661,0.29709658
247721,L6 CT,-0.10528386,0.33589032
50723,L6 IT,0.052302774,0.20295303
162519,L6 IT,0.0451135,0.34476277
184845,Endo,-0.17730913,0.2997847
50678,L5 IT,-0.1597715,0.07807551
184799,Endo,0.2311517,0.1518315
271618,Astro,0.14626026,0.13024186
162613,OPC,0.45984483,-0.15282886
221828,L2/3 IT,0.15337461,-0.28261158
51149,Lamp5,0.15348005,0.035576504
51773,Peri,0.38507622,-0.29353938
63255,L2/3 IT,0.13200808,-0.2528378
271410,OPC,-0.0023421086,-0.24133931
271084,Sst,-0.020705823,0.028050523
161560,Endo,0.25723553,-0.27784067
220889,L4/5 IT,0.28495336,-0.30783573
53290,Astro,0.18647283,-0.32753322
53280,L4/5 IT,0.21660423,-0.22515349
53248,L6b,0.40549576,0.044774096
53242,L5 ET,0.31981725,-0.19443454
65763,L6 IT,0.4424668,-0.17019342
65768,PVM,-0.06825179,-0.118594274
220963,L4/5 IT,-0.24160868,0.006522041
216858,L2/3 IT,0.37523627,-0.427447
53208,L4/5 IT,-0.42357963,0.2229325
53179,L5 IT,-0.2787052,0.26516905
161551,Pvalb,-0.06571871,0.12547861
220970,L4/5 IT,-0.37028673,0.11303656
185144,SMC,0.052105542,-0.2224121
187815,Oligo,0.10059577,0.2162662
271165,L2/3 IT,0.06899315,-0.3009698
65911,L6b,0.08554894,0.23577355
216829,L4/5 IT,-0.3254961,0.25788918
53124,OPC,0.4144764,-0.2178996
53115,L4/5 IT,-0.40662515,0.20553623
53113,L5 ET,0.26273817,-0.09540875
153413,L2/3 IT,-0.037858192,-0.25012526
53096,L6 CT,0.33675396,-0.01000293
185142,L4/5 IT,-0.3637268,0.20197849
221005,L6 CT,0.43078864,0.020660799
53075,Pvalb,-0.29185247,0.18017487
65836,Endo,0.30784357,-0.19323666
53068,Astro,-0.09341839,-0.047059793
153445,Micro,0.072271764,-0.13970114
185190,Vip,0.099485815,-0.34085783
271039,L6 IT,-0.076114625,0.07220028
53755,OPC,-0.021903519,-0.1378728
185303,L6 IT,-0.013669435,0.103762195
216908,Oligo,0.33911562,-0.4809678
161082,Endo,0.43446428,0.017285805
185300,L2/3 IT,-0.17845124,-0.18281992
153532,VLMC,0.35342085,-0.49415347
161091,Astro,-0.029515747,-0.16932063
53687,L6 IT Car3,0.059010442,0.30153266
161171,L5 IT,-0.23883012,0.39639446
185261,Micro,-0.43278778,0.08278082
161267,Oligo,0.12243652,0.24526243
53676,L4/5 IT,-0.42795324,0.40653297
161525,Astro,-0.07190451,-0.1876585
216894,L6 IT,0.09415656,0.1508656
187783,L5 IT,0.21035278,-0.12735744
161282,L2/3 IT,-0.33515728,-0.030366767
216874,L2/3 IT,0.08168036,-0.24246122
161370,L2/3 IT,-0.30866134,-0.14536493
53586,L2/3 IT,0.3785115,-0.37589055
220814,L4/5 IT,0.17742038,-0.21180563
153455,L4/5 IT,0.4411757,-0.3385174
161377,Micro,-0.20986602,-0.26657715
220819,L5 IT,-0.23622835,0.23749588
161420,Vip,0.0020614825,-0.19233553
53557,Endo,-0.32439142,0.16732238
220839,Endo,0.3420651,-0.25840518
161436,L6 CT,-0.09417823,0.32246765
53662,L4/5 IT,-0.132723,-0.09164338
53038,VLMC,0.11029482,0.24230365
53035,Astro,-0.28279853,0.14820151
53015,PVM,0.32073045,0.043394785
162008,Astro,-0.1627698,0.25644627
52157,Pvalb,-0.10840264,0.26293114
162010,L4/5 IT,-0.4201639,0.48337695
52123,Peri,-0.02403051,0.24233745
221328,L2/3 IT,0.24483603,-0.27364916
52106,Sst,-0.1508188,-0.18452616
162014,Endo,-0.08295095,0.03033964
271361,L4/5 IT,-0.36807442,0.3275694
66117,Oligo,-0.13306624,0.027355354
66760,Endo,0.21892393,-0.2579691
162039,L2/3 IT,0.38910967,-0.3711162
221369,L6 IT,-0.010594849,0.32363924
52008,Lamp5,-0.5247906,-0.0114351995
221274,L4/5 IT,0.31785244,-0.33702913
185017,L6 IT,0.08539498,0.028338414
153111,L6 CT,0.04918575,0.21412276
271387,L6 CT,0.009107884,0.050985973
51934,L4/5 IT,0.10735583,-0.16946892
51930,L6 CT,-0.077385515,0.18297963
51918,L5 IT,0.09191984,-0.13327916
51891,Endo,0.3286577,-0.31371126
221426,L4/5 IT,0.23561466,-0.25645384
252362,L6 CT,-0.14149171,0.3488436
66335,L4/5 IT,-0.40816292,0.43430892
162112,OPC,-0.14154115,0.2829558
51802,OPC,-0.14997354,0.33224627
51797,Micro,0.41727698,0.0045215897
51796,L5 IT,0.048292633,-0.1239831
242206,L6 CT,-0.023303334,0.15364234
153269,L6 IT,0.18149984,0.084603295
52360,L4/5 IT,-0.38753682,0.12301366
271298,L5/6 NP,-0.0068755783,0.13354157
252400,Lamp5,0.28073764,-0.45816553
65987,L2/3 IT,0.13110727,-0.25012258
52976,L2/3 IT,0.30905867,-0.33338067
52974,Endo,-0.26828966,-0.011367608
52890,Oligo,-0.4082343,0.24880235
52872,Oligo,-0.065911025,-0.08406423
185097,Pvalb,-0.24043712,-0.028893758
52839,PVM,0.33224887,-0.403995
52826,L2/3 IT,0.2563426,-0.40764326
52805,L6 CT,-0.04958302,0.14029478
216806,L4/5 IT,-0.012556259,-0.13951872
52741,Endo,0.14904791,0.07880245
52682,L5 IT,-0.20516494,0.077250466
52681,Micro,-0.33139205,0.36816308
52651,L2/3 IT,-0.14494291,-0.21743225
52645,Oligo,0.3831591,0.074375555
52630,L5 IT,0.26838088,-0.18914966
153355,L5 IT,0.4000038,-0.25896814
52589,Endo,-0.08484942,0.1963933
52588,L4/5 IT,-0.3982143,0.46624884
221145,L2/3 IT,0.37280703,-0.44385135
52567,L5 IT,-0.25118938,0.339439
185059,Astro,-0.35628462,0.3696513
66006,L5/6 NP,-0.18947273,0.040450674
253850,Astro,-0.10765135,-0.0969532
185031,Micro,0.09701556,0.18811117
52513,Astro,-0.3392505,0.3519797
52455,L4/5 IT,0.42216843,-0.36463496
162002,Endo,0.33057207,-0.21070488
253896,L6 CT,0.38149405,-0.04479425
216682,L5 IT,0.31542075,-0.15107836
66828,Endo,-0.34697923,-0.062405575
49863,Astro,-0.11233696,0.36152378
46865,L5/6 NP,-0.3534547,0.42570844
268663,L6 CT,-0.10967618,0.22938041
46843,Pvalb,-0.2807446,0.20370738
272203,L5 IT,0.24847162,-0.15875141
46835,Endo,0.15091139,-0.35355458
272205,L6 CT,0.07377601,0.14990406
164229,L4/5 IT,0.3475322,-0.3245075
184238,L4/5 IT,-0.3901683,0.08934818
46677,VLMC,-0.057343874,-0.34488687
216210,L4/5 IT,-0.41625008,0.38309965
46666,L2/3 IT,-0.13867012,-0.18658112
272223,Oligo,-0.27111647,-0.02466764
223174,L6 IT,0.16976249,0.0059199743
164356,L6 CT,0.06768596,0.2671536
184189,Astro,-0.16617751,-0.057543773
164401,L5 ET,0.3746333,-0.24699621
46461,L6 IT,0.13248295,0.15622179
223251,L2/3 IT,0.18088841,-0.31681594
223266,L5 IT,-0.23591968,0.0766388
46417,OPC,-0.24323165,-0.24861829
223272,L6 CT,0.4699797,-0.12535648
46366,Sst,-0.39632267,0.42958793
46313,L6 CT,0.37185115,-0.015333343
164432,L2/3 IT,0.16119134,-0.26211193
268645,Pvalb,0.25266004,-0.07334362
67724,L6 IT,-0.024680737,0.06860487
46190,VLMC,-0.2654912,-0.25651267
184142,L4/5 IT,-0.36355215,0.10220967
46143,L4/5 IT,0.026258644,-0.15060396
46867,L5 IT,0.08071768,-0.14574505
67575,L6 IT Car3,-0.038302395,0.33756366
67562,L2/3 IT,0.08380222,-0.26740512
152714,L2/3 IT,0.4003331,-0.36556122
152799,L6 IT Car3,-0.028589968,0.32661095
47367,L4/5 IT,0.31582737,-0.26430193
268676,L6 IT Car3,0.057080444,0.2520276
47350,Oligo,0.11200291,0.2913842
47341,L6 CT,0.15056872,0.020027261
47321,L5 IT,-0.22684404,0.2349991
164079,SMC,-0.3896363,-0.17405303
184331,Peri,-0.018903915,0.08954041
152769,Oligo,0.19948715,0.1749342
47140,Sst,-0.22094071,-0.01992451
164098,L6 CT,-0.11787838,0.37481347
47082,Astro,-0.3769626,0.16200046
47075,L6 CT,0.39654177,-0.036221284
152745,Oligo,0.3620503,0.09799676
223362,L2/3 IT,-0.41355455,0.04704098
47068,Peri,0.40148413,-0.15908287
47027,L4/5 IT,-0.32858872,0.3067614
164103,Micro,-0.4955329,-0.031091113
216251,L6 IT,0.026386317,0.11374579
251978,L2/3 IT,0.223176,-0.35522318
46993,Endo,0.11758155,0.0073413663
152736,Oligo,0.19544548,0.19610761
251971,L2/3 IT,-0.225795,-0.078066304
216249,L6 CT,0.039738055,0.1221575
46962,Sst,0.002876874,-0.109849975
216235,L6 IT,0.059745606,0.17218737
223090,Astro,-0.13600644,0.28998008
46913,Pvalb,-0.09458953,0.2424687
46912,L2/3 IT,-0.073951304,-0.1793404
46869,L5 ET,-0.12130451,0.17933016
223024,Micro,0.008213278,0.2620271
164542,Endo,0.13293439,-0.38915756
164552,L2/3 IT,0.12775648,-0.35018444
223368,L6 IT,-0.053541634,0.009826761
268606,L4/5 IT,-0.40104786,0.17604028
251833,Pvalb,-0.080926746,-0.018957067
45560,Sst,0.1916247,-0.15181495
67881,L5 IT,-0.19016355,0.021917086
165015,L2/3 IT,-0.34064472,-0.07340072
67891,Sst,-0.27709687,0.17585932
45543,L5 IT,0.06458521,-0.027703274
45510,L6 CT,0.16636825,0.01145212
45492,Astro,0.060203966,-0.3273712
272408,Oligo,-0.29951733,0.16691284
45462,Astro,0.10864204,0.06266169
183958,L6 IT,-0.25734934,0.35891947
165084,L6 IT,0.17502797,-0.083175436
165105,L5 IT,-0.2507898,0.2809675
45583,L6 IT,0.37807685,-0.14081638
165114,L6 IT Car3,0.008971211,0.23095123
272430,OPC,0.16922587,0.06723796
251818,L6 CT,0.14412439,0.039289813
45225,Astro,0.31316024,0.034782987
45220,OPC,-0.3605985,0.13959508
165177,L5 IT,-0.273225,0.3045955
251811,Oligo,0.12975192,0.21447735
248464,Astro,-0.22233713,0.035440426
183888,Pvalb,0.12540555,0.10685502
165275,Oligo,0.37869692,0.027086835
45080,SMC,-0.2806505,0.091907546
45076,Peri,-0.23277116,-0.20099609
152604,OPC,-0.3953579,0.2837399
67905,L5 ET,-0.26497996,0.2559897
45056,L5 IT,-0.30166933,0.28810957
223557,OPC,-0.0020013489,0.21217714
248380,Micro,-0.19519019,0.27010635
164964,Sst,-0.045969103,0.0047859363
67821,Oligo,0.26190645,0.099697515
46067,L5 IT,-0.29907843,0.14759372
223370,L4/5 IT,0.26494032,-0.27909517
268630,L6 CT,0.09911668,0.07504712
164634,L5 IT,0.45440066,-0.24436752
272315,L4/5 IT,-0.3571663,0.31027797
184062,Endo,0.030156132,-0.29398277
241842,SMC,0.037687417,-0.3846627
164748,Peri,-0.36398673,0.37636653
216155,L4/5 IT,-0.31192666,0.123843774
223411,Astro,0.38891995,-0.32180798
45904,L6b,0.20468336,0.13017581
223425,Astro,-0.0042507686,-0.24430294
45854,L2/3 IT,0.4309973,-0.39057544
251870,L2/3 IT,-0.08759126,-0.19555451
152616,L6 IT,-0.010650221,0.281669
272365,Oligo,-0.39028582,0.16145568
45808,L6 CT,0.24601018,-0.025147755
45776,L4/5 IT,0.33935517,-0.30060324
45743,SMC,-0.22967538,0.0635203
184028,L6 IT,0.054051336,0.20728384
45729,L4/5 IT,-0.38182908,0.4868314
152649,PVM,0.24210173,-0.30256382
223463,L4/5 IT,-0.09084502,-0.10801686
45693,Micro,-0.19351459,-0.0067624636
45691,Micro,0.1229313,0.029228013
223469,L5 IT,0.41280395,-0.2574602
164943,Oligo,0.23104239,0.16137789
247708,L5 ET,0.46749878,-0.20751391
216142,L6 IT,-0.08828211,0.2563916
183978,OPC,-0.17018405,0.24384747
45815,L6 CT,-0.0996913,0.34243754
162786,SMC,-0.11448687,-0.32830876
164048,L2/3 IT,-0.18500096,-0.1366096
47420,Astro,-0.29822648,0.33297202
163194,Oligo,0.010972556,0.09602444
66895,L2/3 IT,-0.41584945,0.03761701
163198,L6 IT,0.13010687,0.07042621
163211,L4/5 IT,0.083965,-0.1704808
253926,L2/3 IT,0.017483529,-0.2156906
66966,Astro,0.19185054,-0.16482379
163217,Peri,-0.1771172,0.24791263
48907,L2/3 IT,-0.30910477,-0.04415192
67003,L6b,0.16986686,0.16272692
48894,L6 IT,-0.13668579,0.22736393
222387,L4/5 IT,-0.4256625,0.15580605
163221,VLMC,0.01576024,-0.3679015
48871,L5 IT,0.41050148,-0.19466104
163259,SMC,0.018224832,0.1331815
163272,Micro,-0.12622806,0.39464977
48824,L6 CT,0.013791975,0.064684734
163278,L6 CT,0.11040527,0.01367275
216434,OPC,-0.12777966,0.22219525
163305,Oligo,0.46453065,-0.049092103
48772,L6 IT,-0.101320654,0.29948238
48691,Astro,-0.3581229,-0.07862009
48687,L5 IT,0.07511586,-0.025975216
222442,L6 CT,-0.011576954,0.30899408
163345,L4/5 IT,0.08206236,-0.1995313
48661,Astro,0.03882551,-0.07420345
241995,L4/5 IT,0.11244446,-0.19441752
48653,Endo,-0.15602544,0.10177575
48617,PVM,0.14606696,0.2347797
222454,L2/3 IT,0.02022707,-0.27456
66893,L6 CT,-0.0075443424,0.24215464
49000,Endo,0.39095688,-0.18156616
49099,Vip,-0.012449089,-0.2875097
49178,Endo,0.26241446,-0.3428683
222085,L6 IT,0.037555333,0.2695445
162821,VLMC,-0.22845209,-0.27424115
162848,Oligo,0.4379989,-0.25788704
271738,L5 ET,-0.061627034,-0.059325237
49785,L4/5 IT,-0.10285601,-0.09685396
252220,L4/5 IT,-0.32943326,0.056285065
49723,L6 CT,-0.016364519,0.21013437
162996,Oligo,0.1207903,0.33069077
49712,Oligo,-0.06426296,0.26021603
163008,L6 CT,0.07024801,0.23039745
66773,L6 IT Car3,-0.044602666,0.33923265
222176,Astro,-0.2505165,-0.23028223
271772,L4/5 IT,-0.21848592,-0.06022053
222210,Peri,-0.22626603,0.07342498
163373,Vip,0.1103214,-0.3202633
161062,Astro,0.017818507,-0.3611268
271778,L4/5 IT,-0.031048808,-0.14050983
152892,L6 IT,0.37525046,-0.121362284
184702,L4/5 IT,0.045887943,-0.19035088
49421,L2/3 IT,-0.12090668,-0.19954796
216491,L5 ET,0.124506,-0.1349174
252184,L2/3 IT,0.008299407,-0.29690656
163121,L4/5 IT,-0.24881223,-0.05778386
222287,L2/3 IT,0.24255222,-0.3770781
184665,L5 ET,-0.031293187,0.046289604
49298,Pvalb,0.07495785,-0.1995944
49291,Endo,-0.1786029,0.19080119
222320,Astro,0.24192047,-0.43013945
163180,Sst,0.01053321,0.084159955
66884,OPC,0.3560351,-0.33074424
66866,Peri,-0.37148,0.46855476
48606,Oligo,-0.10856506,-0.0988933
247718,L2/3 IT,0.06604004,-0.2562077
222464,Peri,0.34481293,-0.48450464
47915,Oligo,0.30508667,0.059165936
222693,Astro,0.11049503,0.31828007
184439,L2/3 IT,0.3360781,-0.4239284
184435,L2/3 IT,0.20592326,-0.33409914
272014,Peri,0.19337362,-0.20391141
241956,Endo,-0.4402979,-0.050369788
163764,Peri,-0.37022266,0.3410242
252015,Astro,-0.18949395,0.41430262
47818,L6 IT,-0.16870046,0.14533518
163788,Astro,0.21297175,0.15683882
67338,Astro,-0.25328282,-0.22163142
47785,L5 IT,-0.30784184,0.39786234
272044,L5 IT,-0.119543284,0.14891301
268701,Micro,0.11698341,0.25407472
163677,L5/6 NP,-0.1960158,0.36537948
47732,L5 IT,-0.25348035,0.19692378
47719,L2/3 IT,-0.19468951,-0.1292
47714,Oligo,0.14467245,0.26209262
184420,L2/3 IT,0.12079263,-0.3416466
67389,L6 CT,-0.11604649,0.17370383
47650,L4/5 IT,-0.379614,0.18695478
47596,Endo,-0.40440997,-0.13863595
163852,Astro,-0.19971514,0.00931726
47536,L4/5 IT,-0.43195966,0.27393052
47521,Endo,-0.41658607,0.34556583
184407,L5/6 NP,-0.2754367,0.21003585
163880,L4/5 IT,0.36839283,-0.3021798
222853,Astro,0.3916614,-0.07534678
163962,Astro,0.42015702,-0.33797643
152820,Endo,-0.3677337,0.19004636
47729,L6b,0.16192174,0.16545956
184357,Peri,-0.33158916,0.16475068
67329,L2/3 IT,0.14723277,-0.32583562
67249,L5 IT,-0.21571702,0.21701173
48578,L5 IT,-0.18583795,0.28784516
163390,Pvalb,0.19004095,-0.109090164
216407,L6 IT,-0.12406504,0.25111213
48535,Oligo,0.2673056,0.17968224
48512,L6 CT,0.23293722,-0.09341128
222519,L4/5 IT,0.3548689,-0.32373616
67107,L6 IT Car3,-0.06316021,0.33418593
48497,L6 IT,-0.20778716,0.25245515
248327,L2/3 IT,-0.056012247,-0.25101992
163413,L4/5 IT,-0.15716624,-0.035841454
48418,Sst,-0.31999344,-0.055295367
222540,Astro,-0.17480904,-0.24839793
48405,L4/5 IT,-0.38337392,0.41535732
163429,L2/3 IT,-0.46066052,0.037094098
163672,Endo,-0.12346637,-0.067114726
48318,Peri,0.44979322,0.008937281
48276,L5 IT,0.26252246,-0.20076256
253930,Astro,-0.3893692,0.30710968
163512,L4/5 IT,-0.4104632,0.33239117
48252,Endo,-0.38290066,0.4946654
67179,L2/3 IT,-0.01778746,-0.26643947
222594,PVM,-0.17601594,-0.16118209
163550,Astro,0.09411305,-0.08132993
48067,L5 IT,-0.26320848,0.32635024
67189,L5 IT,-0.038332317,-0.07774861
48046,Pvalb,0.3787194,-0.20337726
152846,Astro,0.0680064,0.077123925
152825,L2/3 IT,0.36041296,-0.41193062
163594,Micro,-0.4175114,-0.12480749
163629,Oligo,0.31895107,-0.00056668
48283,L6 IT Car3,0.082880616,0.29272088
53814,L6 IT,-0.080920696,0.09441839
54128,OPC,0.124868155,0.27319488
53907,Endo,-0.11079392,-0.020370144
60355,Sncg,0.3596027,-0.4194704
60349,L6 CT,-0.10950881,0.4020225
63930,L4/5 IT,-0.2484254,-0.042306293
60343,L2/3 IT,-0.30656773,-0.08221029
156660,VLMC,-0.38189793,-0.17993455
60302,L6 IT,0.081810474,0.08488731
63933,L4/5 IT,-0.3500337,0.46946904
60284,Endo,0.40683043,-0.2742208
63937,L4/5 IT,0.30297118,-0.28649828
63954,L6 CT,0.23820835,0.10818367
218737,L2/3 IT,-0.30161092,-0.106635466
156716,Oligo,0.31691504,0.10361932
218752,Oligo,0.06285262,-0.14322208
218768,Endo,-0.41113538,-0.09587814
60190,L4/5 IT,-0.39018363,0.28961697
60174,L6 IT,0.4406759,-0.18261038
269417,Astro,0.1800322,0.17290787
60157,L2/3 IT,0.3744585,-0.44631702
269969,OPC,-0.29600385,-0.07980792
186699,L2/3 IT,0.36301363,-0.40348402
60092,L5 IT,0.36345756,-0.2549791
60061,SMC,-0.14373568,0.1738352
154577,L6 IT,-0.038599107,0.064494595
269979,VLMC,-0.1718353,-0.15455298
253245,L2/3 IT,-0.017461125,-0.28217983
269399,SMC,-0.3303331,-0.10832964
59996,L2/3 IT,0.42641503,-0.39713356
253238,L4/5 IT,-0.34192944,0.036361914
218828,L6 IT,0.34637195,-0.05396499
156625,L6 IT,0.08816409,0.2683812
60406,Micro,-0.328655,0.10268299
156566,L2/3 IT,0.3485945,-0.3875579
154611,PVM,-0.10383156,-0.123872325
269869,L2/3 IT,-0.40293163,-0.004578907
60864,Micro,0.20419395,0.20367496
217571,L6 CT,-0.007073585,0.25903353
156266,L6 CT,0.43405098,-0.08274777
63705,L2/3 IT,-0.07449669,-0.18781336
156325,L2/3 IT,-0.49317744,0.058330398
63708,Astro,-0.5094894,-0.039016474
60771,SMC,0.040193196,-0.23262815
60735,Endo,-0.3322964,0.3491526
218592,Oligo,0.033465024,0.28844985
218610,L5 IT,0.30594504,-0.25543198
217556,L2/3 IT,-0.49232543,0.027715664
269883,L4/5 IT,0.16901118,-0.2029763
60684,L4/5 IT,-0.42181832,0.45252094
242620,OPC,-0.16009116,-0.22403438
218619,L6 CT,0.40086925,-0.094052956
60659,Peri,-0.02038366,0.29140988
60656,Astro,0.3272683,-0.35385233
156418,L2/3 IT,0.08252972,-0.32237688
60611,Oligo,0.03188407,-0.06018551
60596,Endo,-0.37622845,-0.09885977
186824,L4/5 IT,-0.4140432,0.3706424
186813,L5 IT,0.2039802,-0.14033763
217529,Sst,0.19669282,-0.3309367
63864,Astro,0.117780685,0.04824136
63909,L4/5 IT,-0.40132016,0.38566354
60533,L6 CT,-0.028133933,0.09314196
60526,L6 IT,0.4526319,-0.12681423
156497,Micro,-0.19982487,-0.07499917
269426,VLMC,0.137119,-0.42392054
154677,Oligo,-0.01338077,-0.051894773
60910,Pvalb,-0.0822252,0.32203636
59938,L4/5 IT,-0.070328236,-0.13477455
59877,L6 CT,-0.024306837,0.30855194
219247,Oligo,0.15152097,0.004869204
157459,L5 ET,-0.15993732,0.40108487
154507,L6 IT,0.016873952,0.2137637
270187,L6 IT,-0.12392408,0.25599083
58965,L2/3 IT,-0.35466284,-0.1332529
186448,SMC,-0.11344871,-0.23638456
217389,L4/5 IT,0.11453056,-0.19307227
58957,Pvalb,-0.29497844,0.06363492
219265,Endo,0.44804925,-0.41041666
157471,L2/3 IT,-0.32203788,-0.037792463
58879,Astro,-0.06964758,-0.2274587
58871,Endo,0.4196881,-0.004929442
154469,PVM,-0.06726399,-0.305159
58865,L4/5 IT,0.44369745,-0.31228277
64351,L5 IT,0.05994266,-0.11062308
269314,L6 IT,0.2884171,0.055214565
58859,L5 IT,0.034055527,-0.0394526
219299,L5/6 NP,-0.3160345,0.32353428
248027,L2/3 IT,0.45667773,-0.4309555
58690,Sst,-0.13213676,-0.1252295
269308,Endo,0.34488618,0.08980225
186389,Oligo,0.20077103,0.22112589
58660,VLMC,-0.067429364,-0.34156862
58643,Oligo,0.10257,0.18674748
58634,L6 CT,0.3593495,-0.03395574
154461,SMC,0.1658907,-0.43507823
64485,L2/3 IT,-0.37140018,-0.08446984
186338,L5 IT,0.47401947,-0.2675494
217281,Oligo,-0.22521728,-0.2303207
154513,Endo,0.32987887,-0.14074107
154529,L4/5 IT,-0.38890243,0.37186816
59037,Oligo,0.2624448,0.12530129
59066,Oligo,0.32124883,-0.08287726
218848,L2/3 IT,0.18392491,-0.32485655
156917,Micro,0.26347947,-0.02994411
59781,Oligo,0.1484257,0.22441064
247983,Endo,0.012622055,-0.080237284
64127,SMC,0.44474643,-0.070381775
156964,L4/5 IT,-0.38903022,0.24796347
59698,L2/3 IT,0.12954831,-0.32181528
59665,L2/3 IT,-0.458174,0.030349772
270056,OPC,-0.025853936,-0.35046664
186627,OPC,-0.1349589,0.3597106
242576,Astro,0.26611716,-0.45261738
269388,L6 CT,0.22202665,0.005228799
154544,L4/5 IT,0.30925107,-0.34077367
154534,Oligo,0.0722062,-0.1197706
64124,Oligo,-0.40574086,0.09260081
186538,L6 CT,0.036230918,0.23562
157173,Endo,-0.04075587,-0.10190527
59271,L6 CT,0.38321882,-0.038292725
157201,L4/5 IT,-0.2582772,0.04288922
157230,L2/3 IT,0.21162212,-0.3593615
59234,L2/3 IT,-0.26236916,-0.1708173
270157,OPC,0.26261866,0.18781821
157239,L4/5 IT,-0.38833725,0.36535487
157378,OPC,0.22204173,-0.34840187
270167,Micro,-0.13437852,-0.24039973
64185,VLMC,0.2959913,-0.477431
59136,Endo,-0.27097434,0.13712077
157385,L5 IT,-0.25689158,0.17029373
157415,L6 IT,-0.19642448,0.33963904
157437,L2/3 IT,-0.18469557,-0.14376538
186525,L5 ET,0.3396021,-0.07969935
157770,Pvalb,0.030959543,-0.090484574
60927,Astro,-0.27035183,-0.21820255
60949,L4/5 IT,0.3010342,-0.28870443
62726,L4/5 IT,-0.087996125,-0.11721991
269610,L4/5 IT,-0.27975866,-0.021437634
155398,L5 IT,0.11373764,-0.13166876
155448,Astro,-0.013976935,0.14877312
62661,L5 ET,-0.19384685,0.38859257
155525,L6 IT,0.31223947,0.05219088
62652,VLMC,-0.12626141,-0.32198146
218015,L6 CT,0.0055677854,0.09131323
63400,L2/3 IT,0.18187618,-0.3773427
155526,Endo,-0.030556086,0.05542163
218022,L4/5 IT,0.065547526,-0.17363141
62603,L4/5 IT,-0.38611323,0.4612796
218069,L5 IT,0.34992498,-0.26095995
62510,L2/3 IT,-0.38243824,0.0358995
269508,Astro,-0.20168695,0.28725198
218085,Sst,0.23139864,0.12422161
63435,L5 IT,0.16636962,-0.18614943
155563,L4/5 IT,-0.29900265,0.06938623
155575,Astro,0.1526643,-0.09114407
62449,Endo,-0.33245388,0.40189388
218110,L6 CT,0.2344802,0.104518875
187070,OPC,0.2342717,0.13135175
218121,Endo,0.0629552,-0.32477
253483,L6 CT,0.36036766,0.01850764
62378,Sst,-0.21530959,0.23085015
62364,Astro,0.25465494,0.19044177
62285,L6 CT,-0.08302325,0.29514173
155641,L4/5 IT,-0.39539945,0.37630925
63466,L2/3 IT,0.4634806,-0.39979824
62735,L6 CT,0.02127206,0.13932137
187150,L5 IT,-0.15935671,0.30946937
269601,L4/5 IT,-0.29524863,0.0021431856
62782,PVM,0.37586027,-0.09218393
154880,L2/3 IT,0.45881152,-0.3647383
155024,Astro,0.28437173,-0.22177465
242772,Vip,-0.17228892,-0.11727823
242771,Endo,-0.11676633,0.35821941
242770,PVM,-0.25468007,0.046980303
63131,L4/5 IT,0.28981733,-0.2886394
63118,L2/3 IT,0.12189555,-0.2571012
63117,Micro,-0.3611886,0.1531363
63097,L4/5 IT,-0.41407132,0.16662543
269550,VLMC,-0.14362228,-0.31118575
217864,OPC,-0.04459006,-0.32993904
63071,Astro,-0.18894562,-0.08675949
63052,Astro,0.040395018,-0.34079432
187236,Micro,0.007593628,0.010201555
269501,PVM,-0.009550456,0.038663488
269567,L6 IT,0.0601567,0.24375676
63004,Pvalb,0.23769403,-0.07778327
62998,VLMC,-0.003332559,-0.37339216
63309,L2/3 IT,0.08858043,-0.3341144
62978,L6 IT,0.37455446,-0.19004051
63314,L2/3 IT,0.41085613,-0.41576955
269577,Vip,0.34547383,-0.4256619
187204,L4/5 IT,-0.32762465,0.15596347
155216,Oligo,0.35568547,0.0965306
217933,Peri,0.18199426,0.23038743
62856,L6b,0.44623643,0.038812738
63387,Oligo,0.17157054,0.24775074
217951,L6b,0.18237114,0.12805496
62829,Oligo,0.031701025,0.019874673
187159,L4/5 IT,-0.37337434,0.21445261
63025,L4/5 IT,-0.012584988,-0.111363634
156247,L6 IT,0.06177455,0.078440115
187051,L6 CT,0.113489985,0.13519071
269500,Endo,-0.42902505,0.36123517
269763,L6 IT,0.31034827,0.053755324
242700,Micro,-0.38109523,0.09026985
218399,L5 IT,-0.24352333,0.4168944
61393,L6 CT,-0.11881989,0.21819662
156038,L5 IT,0.18266624,-0.08760516
154752,L6 CT,0.0011610352,0.07085501
61366,L6 IT,0.3549044,0.028745335
61364,Pvalb,0.3481558,-0.4088877
61324,L4/5 IT,-0.36237735,0.47572634
156052,L6 CT,-0.10348597,0.41316882
242694,Oligo,0.43186265,-0.16921557
156082,Lamp5,0.24126351,0.035834413
218451,Astro,0.2185725,-0.01268648
63629,L2/3 IT,0.35470474,-0.3907982
63670,L4/5 IT,0.46345866,-0.34821627
63685,L5 IT,-0.08560121,0.12756817
269803,Endo,-0.1401479,-0.009744275
63690,Lamp5,-0.444379,-0.074838504
156099,L6 IT,-0.20402905,0.34477827
269810,Astro,0.17248607,-0.40617695
218480,Endo,0.19640434,0.3327109
61083,L4/5 IT,-0.37476805,0.078817114
63691,Oligo,0.45452958,0.046763163
218504,L6 IT,0.22296256,-0.0022755452
61021,L5 ET,-0.27056852,0.24590795
218513,Vip,0.19391644,-0.09589766
156236,Astro,-0.19092998,-0.25839555
60983,L2/3 IT,0.07755935,-0.25286546
242682,L2/3 IT,-0.21324012,-0.15187983
253418,Pvalb,0.3580854,-0.15260185
155991,PVM,-0.35451847,0.19801633
61592,Oligo,-0.1604988,0.2523354
218364,L6 IT,0.29397196,0.03897516
155696,L2/3 IT,0.17866695,-0.322665
154830,L6 CT,0.13257056,0.060810845
154803,Sst,0.47423643,-0.28394026
154781,Sst,0.032533463,0.32412085
62027,Micro,0.16579711,-0.14208595
187025,Endo,0.11877203,-0.17515461
218214,PVM,-0.17027792,-0.16401403
155777,L6 IT,0.27449107,0.014803927
61888,L6 IT,0.20175225,0.07433109
63548,L6 CT,0.24675232,0.03379504
155780,L5 IT,-0.32464105,0.26565263
63570,L6 IT,0.28019905,0.06728409
155838,L6 CT,0.32091808,-0.034448165
186988,L6b,0.41003,0.035185438
218178,Oligo,0.38112706,0.119585976
61851,L5 ET,-0.2893768,0.23196213
218290,Oligo,0.44871825,0.03037719
155872,Endo,0.29774702,-0.3698142
61800,L2/3 IT,-0.27408165,-0.15162392
253453,Peri,-0.23789647,-0.010461319
61785,L2/3 IT,0.24920648,-0.30773884
217611,Oligo,0.0805558,-0.005994279
155881,L2/3 IT,-0.39959377,-0.041140724
155893,L2/3 IT,-0.3692894,-0.004790593
186972,Micro,0.442042,-0.1630748
155981,Endo,-0.428756,0.073884055
186943,SMC,0.01635557,-0.18861501
269755,L4/5 IT,0.020702418,-0.11198442
218360,Astro,-0.13743284,-0.29053482
154760,Endo,0.11013657,0.22739004
218285,L4/5 IT,-0.35896307,0.48560253
58579,L4/5 IT,0.39327532,-0.3561006
58530,Micro,-0.22874159,-0.2044573
157781,Endo,-0.0005703606,-0.103817746
55416,Sst,0.39642292,-0.22354557
160145,Micro,0.2828791,-0.24098681
160148,Micro,0.1914466,-0.00382765
153993,Oligo,0.19416207,-0.12338324
220376,L5 ET,-0.25662878,0.17585061
153972,L6 CT,0.08180016,0.008734029
160326,OPC,0.31019127,-0.092141345
220377,L6b,0.3688743,0.03421114
242388,Astro,0.25871402,0.14255302
55328,L2/3 IT,-0.4661187,-0.028791983
65335,L2/3 IT,0.36566913,-0.40143532
55315,Oligo,0.15486938,0.1569076
217022,L5 IT,0.45666957,-0.22395562
160341,Micro,-0.20424786,-0.15369643
160345,L5 IT,0.2120958,-0.203445
55273,L2/3 IT,-0.28699422,-0.10518332
270833,L4/5 IT,-0.39718017,0.22366922
185519,Astro,0.21916878,0.2077599
55254,Peri,0.29480618,-0.23773919
220406,Astro,-0.18666548,-0.15816183
55181,L2/3 IT,-0.21423438,-0.17805322
242376,L6 CT,0.058804628,0.15851496
185503,SMC,0.08700013,-0.19914703
269133,L4/5 IT,-0.4058908,0.17150192
55108,L2/3 IT,-0.25418428,-0.15813796
55097,Micro,-0.07640922,-0.06555234
220435,L4/5 IT,0.11728227,-0.20769699
55088,L4/5 IT,-0.43025887,0.33606568
55050,Peri,-0.28623068,-0.20225175
160114,L5 IT,-0.12706348,0.07129054
55425,Oligo,0.13338554,0.15152363
55428,L6 CT,0.3282478,0.006899517
153998,Oligo,0.29453468,0.13569061
56081,L2/3 IT,0.080693364,-0.27397206
56033,SMC,0.09327155,-0.19241984
270676,L6 CT,0.110479355,0.21186464
56012,L4/5 IT,-0.3444398,0.48484334
55991,L2/3 IT,0.36667156,-0.42860618
159789,L2/3 IT,0.4006797,-0.40113825
65205,L4/5 IT,0.40358388,-0.32144123
269185,Oligo,0.33572847,-0.37829995
154112,L5 ET,-0.23389262,0.22418575
154059,L4/5 IT,0.031004902,-0.122112855
55970,Micro,0.122886,-0.19822155
55898,L6b,0.09318614,0.2316718
55826,Endo,0.43384516,-0.014653135
185708,Astro,0.37961668,-0.033700068
217017,L6 CT,0.1523915,0.07947849
220237,L2/3 IT,-0.34269735,-0.10278271
55707,Micro,-0.35559872,-0.14754929
55687,L6 CT,0.085626006,0.06602858
154018,OPC,-0.25665873,0.23834209
55656,L5 IT,0.09805465,-0.14323188
55588,L2/3 IT,0.1362837,-0.2595959
55574,Astro,-0.018428925,-0.018779684
159894,Peri,-0.094513625,0.33189294
270791,L4/5 IT,-0.36331522,0.28062132
248167,L2/3 IT,-0.30346066,-0.03494035
185631,Endo,0.34980637,-0.035934467
65296,PVM,0.38935822,0.05263434
160032,Oligo,0.15311503,0.24625246
55451,L6 CT,0.13976556,0.101013705
154000,Peri,-0.24996558,-0.25287515
159838,Oligo,0.45421684,0.0351551
56125,L2/3 IT,0.21601844,-0.3804613
65395,Oligo,0.013624843,0.14774959
54958,VLMC,-0.2212537,-0.2772815
270975,Oligo,0.37507904,0.041134458
160768,Pvalb,0.2762426,-0.2562435
242329,L2/3 IT,-0.038726363,-0.2666558
220637,PVM,0.37472838,-0.4504092
160780,Peri,-0.21944124,0.26422986
269108,Micro,-0.25381842,-0.21595393
153792,Endo,-0.3494149,-0.14962299
269104,L2/3 IT,-0.2645313,-0.13968812
153682,L6 CT,-0.09191364,0.16643284
252594,L6 IT,0.20901603,-0.11214428
160818,L6 IT Car3,0.13115793,0.33657387
54157,OPC,0.33394194,0.12427585
154974,L5 IT,-0.2556944,0.16154252
160850,L6 CT,0.3101666,0.024860304
185356,L4/5 IT,0.2706898,-0.2352346
54088,Astro,0.23513454,-0.06602226
65537,L4/5 IT,-0.1855467,-0.03142493
185355,Endo,-0.101437,0.17392264
54067,L2/3 IT,-0.15342334,-0.12199719
271002,L4/5 IT,0.43781233,-0.31810716
54024,Peri,0.4696558,-0.00035663322
242308,Astro,0.17941743,-0.2130716
54022,Lamp5,-0.021044616,-0.32486877
153585,L6 CT,-0.067214906,0.29719928
248207,L5 IT,-0.22003934,0.094163105
153554,L2/3 IT,0.16212046,-0.32402927
65557,Endo,0.37206793,-0.06952517
53940,L5 IT,0.09780532,-0.06845425
53919,L4/5 IT,-0.29634207,0.019178014
54269,L4/5 IT,-0.42278332,0.3323799
220614,PVM,0.050167974,0.24499415
54298,Astro,0.028233107,-0.36034337
253773,L5 IT,-0.12834767,0.06978099
270876,L6 CT,0.065954804,0.29425475
248189,L5 ET,-0.17981723,0.26544818
54910,L6 IT,0.19794565,0.04721461
160465,OPC,0.16323155,0.27057126
65401,Oligo,0.16451764,0.20808999
54728,L5 ET,-0.06753352,-0.038953293
54725,Micro,0.28794628,0.17296134
54685,L4/5 IT,-0.38207906,0.42097345
54670,L6 IT,0.13787335,0.15556948
65413,Oligo,0.19513404,0.21596275
54634,L6 IT,0.2335056,0.064176366
185476,Astro,-0.3980428,0.16094087
185460,PVM,-0.17514235,0.09559004
54599,L2/3 IT,-0.36312652,-0.060860354
220439,Vip,0.025573727,-0.10702716
270921,PVM,-0.17070103,0.012603145
187655,L4/5 IT,-0.39964098,0.15604089
160558,L6 CT,-0.059514765,0.26046738
160566,Astro,-0.2871762,0.1647021
270926,Astro,0.2749352,-0.0052798577
54508,Peri,0.011550661,0.099884495
153863,Astro,0.05718505,0.19851385
65477,L4/5 IT,0.011801776,-0.13836224
54506,L5 IT,-0.25686187,0.20710622
54487,L4/5 IT,-0.36395723,0.29274914
185457,L4/5 IT,-0.36283767,0.06684397
185454,Astro,-0.12127304,0.048012298
160608,L5 IT,0.12822467,0.0713381
160661,L2/3 IT,0.30641156,-0.41771957
185438,L2/3 IT,-0.4549843,0.0554655
160550,L6 IT Car3,0.055741485,0.30283692
56136,Micro,0.14716983,0.23774926
159727,Endo,0.34704256,0.0133786015
56174,L2/3 IT,0.24888015,-0.34739283
57792,L2/3 IT,-0.22054821,-0.19899856
186208,L4/5 IT,-0.24907705,-0.023057122
57789,L4/5 IT,-0.11208409,-0.10490547
64679,Pvalb,-0.055182043,0.21809511
158334,Vip,-0.4285084,0.4589829
57766,Micro,0.15619344,0.14946906
57745,Astro,0.18123066,0.3521863
64723,L6 IT Car3,-0.07096729,0.41224787
57699,Endo,-0.19166106,-0.0405881
158386,L6 CT,-0.070046335,0.16694681
57692,Astro,-0.13212276,-0.10426222
57674,Lamp5,-0.3341822,-0.12593181
270382,Endo,0.43424892,-0.19570081
219680,Oligo,0.44503677,0.063988075
57640,PVM,0.18713933,-0.4034359
270393,Endo,-0.08024612,-0.27941033
253675,L2/3 IT,0.31251574,-0.35095367
158393,L6 CT,0.1657365,0.09074269
247819,Astro,-0.3901701,0.057019215
158558,L5/6 NP,-0.18851554,0.04775588
57551,Astro,0.26736826,0.10983203
158575,OPC,0.06914544,-0.17861353
242477,Oligo,0.20226753,-0.17657517
64765,L6 CT,0.1916914,0.02337424
186093,L6 CT,0.06387168,0.23298351
57445,Astro,0.22868168,-0.349323
57441,L4/5 IT,0.09212339,-0.20770337
57436,L6 IT,0.11355668,0.06938903
57421,Pvalb,0.28928018,0.009089213
269284,Endo,-0.16570178,0.15402512
57795,Astro,-0.30803484,-0.071762934
57808,L6 CT,0.06332928,0.35160688
57831,Endo,0.0024915896,0.062054258
58497,L2/3 IT,0.020341214,-0.26445815
58458,L5/6 NP,-0.15104902,0.402958
157808,SMC,-0.08728057,0.05722038
186318,Astro,0.064929485,-0.34660926
58399,L2/3 IT,0.22875828,-0.33199957
219455,L2/3 IT,-0.054930244,-0.2013487
219461,L2/3 IT,0.3856445,-0.4395484
219462,L2/3 IT,-0.03241569,-0.17814295
253051,Micro,-0.019700054,-0.31570777
157913,L5 IT,-0.22260794,0.34095785
58292,Endo,-0.3178565,0.25906304
219518,L2/3 IT,0.103275895,-0.24689265
58205,L4/5 IT,-0.06263766,-0.09791492
58197,Oligo,0.23774087,0.094980165
252906,L2/3 IT,-0.34363934,-0.029438902
64586,Endo,-0.051165793,-0.03600027
186275,SMC,0.043122645,0.15310042
58153,Oligo,0.28518373,0.102424905
219551,L2/3 IT,-0.4714824,0.055670958
58104,L5 IT,-0.2807306,0.4021727
58079,Pvalb,-0.19546646,-0.16748013
58065,Pvalb,-0.39121497,0.074059054
186246,Endo,0.28531182,-0.072025105
58057,L5 IT,-0.24355432,0.25624564
253021,L4/5 IT,0.23017949,-0.23631279
269285,L2/3 IT,-0.17611355,-0.13193233
219600,L6 CT,0.032706197,0.066086754
57938,VLMC,0.07113743,-0.39831463
253005,Oligo,-0.14718533,0.28058997
158184,Astro,-0.18023813,0.23522733
154410,L6 IT,0.32654434,0.017063301
158728,L2/3 IT,-0.062087003,-0.21247165
57364,Oligo,0.16883737,0.23894183
64770,VLMC,-0.24704286,-0.26408085
56615,L6 CT,-0.0413006,0.17586963
159122,Micro,0.3858564,-0.19555737
64968,L4/5 IT,-0.4359454,0.43396178
219916,L4/5 IT,0.35098326,-0.31825402
217174,L5 IT,0.03894418,-0.011544216
187551,SMC,0.079396665,-0.20612343
154195,L4/5 IT,0.4646213,-0.34309974
253709,Oligo,0.050437447,0.17946438
65065,Micro,-0.06568107,-0.119151846
56571,L2/3 IT,-0.34236658,0.054741245
242887,L4/5 IT,-0.34366804,0.33506396
159369,VLMC,-0.060047273,-0.34531295
219934,L2/3 IT,0.16855675,-0.36700937
159373,Oligo,0.2098028,0.19669841
56626,L2/3 IT,-0.29403108,-0.07418208
159409,L6 IT Car3,-0.07366198,0.30586568
56491,L4/5 IT,-0.11989227,-0.098031685
185792,Oligo,0.08730513,0.33865312
56470,L2/3 IT,0.19394773,-0.3573648
159564,Peri,-0.09846565,-0.048121233
56427,Astro,0.052009817,0.32978973
159606,L2/3 IT,-0.39654395,0.06490664
159612,L6 CT,0.2758612,-0.037730712
56318,Pvalb,0.43630862,-0.155136
65134,L5 ET,-0.2639304,0.2479177
220072,L6 CT,-0.05083284,0.075281724
270643,Oligo,0.15207821,0.27065656
159616,L4/5 IT,-0.3145417,0.043002944
185758,Pvalb,0.24338454,-0.0660447
252770,L4/5 IT,-0.23986691,-0.050000865
219969,Sst,-0.3482527,0.20535861
161021,Oligo,0.26130313,0.13897024
56653,Oligo,0.1458438,0.21547262
64900,Lamp5,-0.42951426,0.43462852
187532,L2/3 IT,0.049513873,-0.20470597
158731,Sncg,0.0652442,0.20363794
217230,SMC,-0.38240075,0.28756586
186046,Oligo,-0.15709433,0.3360677
57193,Astro,-0.032291416,-0.31856796
158815,L4/5 IT,0.026605066,-0.17325898
57118,Vip,-0.087522596,-0.18161316
219801,L4/5 IT,0.27704632,-0.27732536
217227,L4/5 IT,-0.4204272,0.26351658
64834,Pvalb,0.4399724,-0.14049356
57077,L2/3 IT,0.30538756,-0.38184145
219808,L6 CT,0.32035154,0.025507133
64838,Astro,0.0010906421,-0.2752339
186034,Sst,0.111904025,0.205554
217187,L5 ET,-0.15746078,0.3882487
158871,Astro,0.3685997,-0.45318422
56976,Vip,0.42286354,-0.37850603
158917,L6 IT Car3,-0.010733727,0.33268788
219849,OPC,-0.16154164,0.17439131
158956,Micro,0.16224992,0.039791327
158961,Astro,0.34950888,-0.41861686
252870,Peri,0.18530703,-0.23602785
56902,Pvalb,-0.37121147,0.25771907
159025,Endo,-0.37135845,-0.103778854
159094,L2/3 IT,0.038854416,-0.29883054
56767,L2/3 IT,-0.0627709,-0.27602372
270537,L6 CT,-0.044049416,0.22923265
64896,Endo,0.2016666,-0.05228858
159103,VLMC,0.0048027597,-0.37706837
56659,OPC,0.36373228,0.03778736
158903,L4/5 IT,-0.31932783,0.028650027
45004,Endo,-0.117189944,0.11135553
197619,L6 CT,0.36218554,-0.034407336
223657,L5/6 NP,-0.17241919,0.12468235
26216,L6 IT,0.092152,0.0801277
26229,L4/5 IT,-0.37511498,0.091494605
250098,L6 IT,0.026973125,0.21332286
240704,Astro,0.27228355,0.16762559
230068,L6 CT,0.03338414,0.10976569
26318,L2/3 IT,-0.31800842,-0.09349038
26324,Astro,0.07292998,-0.15587445
180616,Peri,-0.15524703,0.15445833
174755,Oligo,-0.10409719,0.24991147
26440,L6 IT,0.10790014,0.06662165
174751,Micro,-0.13162768,0.009306233
26506,Oligo,0.12852836,0.034428816
229980,Pvalb,-0.120223254,0.264608
180633,Astro,0.4389605,-0.35119075
275709,L5 ET,0.4031821,-0.13714747
250094,Peri,0.08087826,-0.34765032
26584,L5 IT,0.42379546,-0.31441572
26189,L4/5 IT,-0.20129421,-0.031700928
174928,Pvalb,-0.2897904,0.0694363
175091,PVM,-0.4230849,0.2406979
25810,L6 IT,0.096485734,0.15016489
240684,Oligo,0.24520451,0.20633398
250047,Astro,0.23039067,0.13532136
25868,Oligo,0.26490033,0.14958088
230228,L5 IT,-0.27226543,0.18240158
175059,L6 CT,0.31452835,-0.095097736
25960,L2/3 IT,0.39843363,-0.4064239
230195,L2/3 IT,-0.15007806,-0.16720141
180541,Endo,-0.1624155,-0.2882915
174974,L2/3 IT,-0.25576383,-0.18879654
230136,Oligo,0.19217628,0.23447506
275787,L6 IT,0.17012447,0.12188779
250081,L6b,0.075921,0.26341215
26164,L4/5 IT,0.27264345,-0.27011707
250087,L4/5 IT,-0.10168454,-0.09104721
25795,Astro,0.3119372,-0.122518316
26596,Oligo,0.11909789,0.27210525
229942,OPC,0.37410098,0.12504582
26946,Endo,-0.40435418,0.3576512
174422,L5 IT,-0.2629954,0.1554207
229820,L6 CT,-0.13099098,0.21493231
27001,OPC,-0.02389783,-0.08007978
174361,Pvalb,-0.32782817,0.016702931
27055,Micro,0.008127984,-0.20691283
27062,Astro,0.1410799,-0.212595
27099,L4/5 IT,0.26813,-0.30466285
229765,L5 IT,-0.17966062,0.007609766
27159,Oligo,-0.1489374,0.33028635
27180,SMC,0.26200527,-0.04543822
240783,Astro,0.34738344,-0.35141927
174228,L4/5 IT,-0.31112468,0.053066652
27212,L5 IT,-0.1502958,0.18796997
27277,Endo,0.07659173,-0.32665446
240761,L2/3 IT,0.15190148,-0.33536717
26624,PVM,-0.22331604,0.05643527
174446,Oligo,0.40550125,-0.3649707
174528,L5 IT,-0.14961055,-0.010630596
240733,L2/3 IT,-0.055873785,-0.21058522
229937,Pvalb,0.039332625,0.26316318
229925,L2/3 IT,-0.0017684735,-0.18793415
26724,Oligo,-0.02800468,-0.12135796
26741,L5 IT,-0.27960953,0.36493722
174652,Astro,-0.48306787,0.011053484
174649,L5 IT,-0.27943164,0.10808019
26813,L4/5 IT,-0.42821914,0.26710185
174644,Oligo,0.28254032,0.18127303
26846,L6 CT,-0.086800426,0.37220743
174624,L5 IT,-0.038443927,0.12795608
229874,PVM,0.34460175,0.04116706
249074,Micro,-0.078787625,0.13763146
26892,Pvalb,0.18334895,-0.1940497
180676,L6 CT,0.24049926,0.07996099
229846,PVM,0.3232779,-0.11844514
174219,L6 CT,0.086349666,0.1548255
175094,Endo,0.17716569,0.26648828
230311,L5 ET,0.12196499,-0.15087165
249970,L4/5 IT,-0.07090393,-0.1218984
249972,Oligo,-0.37457037,0.12790816
24685,VLMC,-0.23559588,-0.26952282
175547,Astro,-0.0381949,0.18428229
24739,L4/5 IT,-0.42148858,0.20627116
24747,L2/3 IT,0.46042073,-0.43902308
175523,L4/5 IT,-0.330001,0.13308929
240606,Astro,-0.16292518,-0.3030068
24774,Micro,-0.32993406,-0.041715074
175512,Astro,-0.3842008,-0.017667223
230698,L5 IT,0.18419707,-0.20466523
24789,L5 ET,-0.28816602,0.3547406
24794,L4/5 IT,-0.38036644,0.2023146
230677,L4/5 IT,0.44630295,-0.30253032
24818,L2/3 IT,-0.19409305,-0.1772437
24634,Astro,0.32403475,-0.2484733
24884,Endo,0.29751295,-0.36115113
180352,Peri,0.047282513,0.25033996
24567,L2/3 IT,-0.049702022,-0.15364285
230832,Pvalb,0.06611049,0.14584814
24366,L2/3 IT,-0.07600117,-0.23810618
175766,L5/6 NP,0.096574485,-0.057323117
24374,Oligo,-0.006474141,0.25447777
240583,Endo,0.3697213,-0.35837278
175735,L2/3 IT,-0.29530632,-0.08709337
24412,Oligo,0.24842727,0.20836453
24438,L6 IT,0.2972949,0.060578328
24507,L5 IT,0.22839898,-0.13247518
230783,L6 CT,0.16232961,0.15751265
24530,Astro,-0.036942873,0.008911829
175721,L5 ET,-0.13793936,0.25250456
180327,Endo,-0.36376184,-0.18418513
249969,VLMC,0.3179052,-0.4830522
24553,VLMC,-0.025276456,-0.36336026
230761,L4/5 IT,-0.055162493,-0.14891897
25751,L5 IT,0.2200926,-0.16271378
240617,Micro,-0.21981612,0.34463868
24946,OPC,0.02032816,-0.13060449
25397,L6 CT,0.14105004,0.13670908
175220,Micro,-0.16012967,-0.2567523
25451,Endo,-0.49450877,0.05221961
175149,L6 CT,-0.04249579,0.2787089
25502,Oligo,-0.14355883,0.043841045
25504,L6 IT,0.06759101,0.050908845
240668,Endo,-0.38304555,0.21195857
175148,Astro,-0.20616603,0.047049385
25538,Micro,-0.28118417,0.42264685
25548,Micro,0.16104549,0.0015438609
230393,L6 CT,-0.0011910833,0.11137752
180512,L2/3 IT,-0.17423257,-0.22754149
250046,VLMC,0.24224544,-0.4632871
275893,L2/3 IT,0.03910714,-0.30937636
25707,SMC,-0.12489316,-0.21529265
275954,L4/5 IT,0.42486125,-0.28940526
230626,Astro,-0.062421743,-0.0628116
175268,L6 IT,0.05871361,0.15347038
230480,L4/5 IT,-0.23459494,-0.018405218
175435,L5/6 NP,0.36400878,-0.2325934
175417,Sst,-0.22800002,0.31156704
24969,Astro,0.34151238,-0.310913
24982,Astro,-0.36978537,0.11524682
24988,Endo,0.2866099,-0.08729099
24994,L6 CT,-0.08580589,0.3815597
25075,Oligo,0.1254847,-0.10703261
25091,Astro,0.006680783,-0.23450233
230559,L6 CT,0.1746825,0.01557396
175296,L6 IT,0.06772107,0.13947456
230534,Astro,-0.10600814,0.3617678
230533,L4/5 IT,-0.430136,0.35503164
25170,Micro,-0.39299124,0.021929424
275977,Astro,0.19403923,-0.38517448
25222,L6 CT,0.081507444,0.24842326
25322,L4/5 IT,-0.4030066,0.27386138
175856,OPC,0.46086192,-0.408156
174218,Oligo,0.37009925,0.10347216
27320,Endo,-0.24569875,-0.25545263
249014,L6 IT,-0.08626357,0.38998023
229034,Endo,0.16547531,0.027574819
29404,Sst,0.41635883,-0.20664142
229031,L2/3 IT,-0.40332755,0.019901853
173413,Oligo,-0.10291892,-0.14229415
240925,Oligo,0.4720636,0.05991171
29487,Sst,-0.0905897,-0.01628663
29511,L4/5 IT,-0.35394973,0.45112398
173408,L4/5 IT,-0.42263174,0.2939659
29589,L4/5 IT,-0.34231564,0.4923422
29590,SMC,-0.31949255,0.15459858
275190,L6 IT,0.17302293,0.1036555
173375,Oligo,0.25715947,0.2077059
29624,Pvalb,0.4429689,-0.150914
181173,Astro,0.41793436,-0.30785808
250334,L6 CT,0.14207006,0.33981803
181174,Endo,-0.29751116,-0.1553682
29280,L6 IT,0.22549474,-0.0035891123
229099,Sst,0.0734902,0.0030413084
173540,L2/3 IT,-0.1538727,-0.16138352
28977,Endo,-0.15285283,0.28587386
29010,Peri,0.15594864,-0.24918793
229149,Astro,0.21599811,0.02824257
29016,L2/3 IT,-0.07441938,-0.27225277
29018,Sst,-0.31410277,-0.08746837
173535,Astro,0.30206782,-0.29402217
29057,L5 IT,-0.15537056,0.066704616
173513,L6 CT,0.27283388,-0.05908831
29093,SMC,-0.11119923,-0.32445237
29109,Endo,-0.13542584,-0.020732004
29118,L5 IT,-0.14458251,0.16181128
250330,Endo,-0.09597555,0.058693748
181092,Astro,0.102020204,-0.31435993
29167,PVM,0.15376222,0.22746126
29216,L6 CT,0.1576752,0.07207374
173542,L6 IT,-0.019681457,0.3387932
29727,L6 IT,0.059988912,0.30673572
29749,L2/3 IT,-0.009728495,-0.25081328
275014,L2/3 IT,0.42955488,-0.4231249
30313,Micro,-0.45145103,-0.020660568
181246,L5 IT,0.3577969,-0.17486702
228765,VLMC,-0.31124264,-0.2261795
173107,L2/3 IT,-0.13843918,-0.1386676
30381,Endo,0.28547782,-0.2381605
30410,Endo,0.26375479,-0.20788218
240975,L6 CT,-0.11585903,0.26206532
173063,L6 IT Car3,-0.08928561,0.38171294
181283,L2/3 IT,-0.443225,-0.017962415
30477,Oligo,0.24609435,0.12520759
172944,L2/3 IT,0.19061941,-0.3691644
30532,L6 CT,0.45992082,-0.016991455
30543,L5 IT,0.20313781,-0.2111245
274957,Endo,0.17707932,0.17863332
30257,Oligo,0.20825893,-0.03667896
173325,Oligo,0.18335491,0.24281608
173232,Oligo,0.24725854,0.12148546
30227,Endo,0.22667038,-0.27149042
249005,L4/5 IT,-0.42255118,0.13431446
29778,L6 IT,0.033100124,0.25672278
29779,OPC,-0.003105048,0.16661589
228926,L2/3 IT,0.20582235,-0.33691671
173270,L4/5 IT,0.40334636,-0.29629204
29857,L4/5 IT,0.12906516,-0.2725416
173259,L6 IT,-0.012958113,0.18177341
228897,L6 IT,-0.07959202,0.123694286
29980,Endo,0.26688635,-0.042495627
275082,L6 CT,0.111008406,0.005435031
30053,L4/5 IT,-0.18457991,-0.044047553
30086,Endo,0.15499789,-0.40697917
228814,Oligo,0.4271224,0.049636584
30211,L6 CT,-0.012128774,0.16810112
30225,L6 CT,0.34214145,0.06073646
228793,L6 CT,0.36245352,-0.12871839
229690,Endo,0.004982885,0.22978203
28945,Micro,-0.24466616,-0.092421934
28900,Oligo,0.2927813,0.1782258
229570,Micro,-0.19813547,0.05309121
27706,OPC,-0.05827171,-0.071143076
250257,L4/5 IT,-0.42538607,0.1682903
27738,Astro,-0.490577,-0.0109447725
27773,SMC,-0.24063471,0.38218144
27785,L5 IT,0.42523837,-0.31535506
27820,Endo,-0.098558426,-0.29587957
180890,L6 CT,0.12655413,0.08387779
173982,VLMC,-0.28713143,-0.24099283
27935,L6b,0.2749884,0.083888516
27955,L6 CT,0.42786944,-0.07663642
27978,L4/5 IT,-0.40075076,0.23536347
180906,L6 CT,-0.064454705,0.2907845
173960,VLMC,0.23127908,-0.45840842
173955,L6 IT,0.022572096,0.12168746
27636,Oligo,-0.21379694,0.3149149
28060,L6 IT,0.03139406,0.27397427
174045,L4/5 IT,-0.3604126,0.40858665
174066,L6 IT,0.40302575,-0.029873986
180794,Oligo,-0.12173331,-0.089387074
27334,Astro,-0.30606937,0.102744624
229686,PVM,0.34674406,0.045794528
229675,L6 IT,0.041796204,0.17123877
229673,L6 IT,-0.052535806,0.12528114
240809,L5 IT,0.29653174,-0.12386404
27395,L6 CT,-0.09158954,0.36061224
27408,Astro,0.050324854,-0.14108662
174088,L6 CT,0.22640145,0.013740104
27419,L6 IT,0.30003446,0.05186115
27425,L5 IT,0.23725891,-0.19111095
27435,L6 CT,0.10912591,0.1358069
27466,L4/5 IT,-0.41027126,0.4374415
174070,L5 IT,-0.20965075,0.17640905
27476,PVM,-0.47820848,-0.09687109
27533,Astro,0.063263774,0.3354557
28917,Astro,0.27329022,0.051857095
28129,L2/3 IT,0.3548023,-0.43169138
28206,L4/5 IT,-0.39342016,0.3140079
28676,Astro,0.07272804,-0.1243058
28682,Oligo,0.29821026,-0.21375097
28686,L6 CT,-0.059060577,0.16001616
28702,Oligo,-0.38932344,0.18401931
181036,L6 IT,-0.12341547,0.25441852
28728,Endo,0.11236948,0.21943568
181052,L2/3 IT,0.30235398,-0.40277523
181064,Astro,0.075439334,0.17654108
229230,L6 CT,0.18811423,0.025946599
28802,VLMC,-0.015614096,-0.3654594
28841,Endo,0.14165473,0.17960994
28850,L5 IT,-0.29767203,0.4120203
173602,L2/3 IT,0.09224725,-0.3177854
28881,Oligo,0.2064991,0.20160954
181069,Sst,-0.41946992,0.47661558
28670,L4/5 IT,-0.3068523,0.20163713
173928,L6 CT,0.041488048,0.14206825
173737,Sst,-0.23280698,0.39337656
28609,Astro,-0.011856619,-0.21799846
28211,L5 IT,0.10987693,-0.08709647
180933,L5 IT,-0.12838519,-0.0022557564
28219,L2/3 IT,-0.059297327,-0.21189307
173869,Oligo,0.238976,0.17859302
250289,Peri,0.29363132,-0.29371879
28291,Micro,-0.26129264,0.034253698
229354,L6 IT,0.0094963275,0.21735083
173847,Astro,-0.12719017,0.26664427
249039,L5/6 NP,-0.11746502,0.1392896
180958,Sst,-0.099434674,0.01843379
249036,L6 CT,0.35807985,-0.081860736
28467,Pvalb,-0.040812198,-0.15078373
249023,L6 IT,-0.15142399,0.14328496
28517,Sst,-0.044899378,0.072141394
181001,L6 IT,0.035864647,0.1167665
28623,Endo,-0.07583815,-0.22916411
172862,L4/5 IT,-0.13910198,-0.10831945
175871,L5 IT,-0.15713412,0.13013332
24248,L5 IT,-0.15571955,0.25853583
232378,L2/3 IT,0.24488801,-0.32857782
232372,Oligo,0.1738376,0.15974467
232365,Astro,-0.2949723,-0.11274828
232356,Endo,0.25583583,-0.19081269
20084,L2/3 IT,-0.32063568,-0.13614298
20104,Oligo,0.21794808,0.07511513
178139,L2/3 IT,0.36830664,-0.41138002
178093,Oligo,0.11689341,0.22046886
20177,L2/3 IT,-0.03858045,-0.2128325
20183,L5 IT,-0.28688475,0.34513894
178041,L6 CT,0.3739822,-0.02377655
178036,Astro,-0.29050925,0.013096612
20213,Oligo,0.3474825,-0.029432733
177987,Astro,0.25682187,-0.20199515
20221,L5 IT,-0.26549852,0.4057643
232386,L2/3 IT,-0.3076828,-0.024835426
177986,Peri,0.20786476,-0.44742867
232393,Pvalb,-0.27712613,0.0032356791
249497,L5 IT,-0.23884004,0.18291526
19702,L4/5 IT,-0.092253715,-0.075382516
19779,Oligo,-0.017856304,0.1912006
19785,Vip,0.3062238,-0.3045669
19789,PVM,0.283948,0.018538695
249467,L6 IT,-0.07373047,0.39208278
19833,L2/3 IT,0.14237309,-0.34719494
232455,Astro,0.25079566,-0.15441106
178317,PVM,-0.4938988,0.0038688593
276966,L6 CT,0.37392867,-0.106484845
178252,L5 IT,-0.10555199,-0.028700907
179444,L5 IT,-0.2722368,0.35091063
19917,Micro,-0.19136944,0.40980253
19930,L5 IT,0.38774776,-0.24923275
276944,L4/5 IT,-0.0983749,-0.117222354
19987,Oligo,0.24514705,0.17694817
178177,L2/3 IT,0.3639512,-0.3820255
249466,Peri,0.006934818,-0.34190902
177958,L2/3 IT,-0.30591828,-0.114830926
20304,L4/5 IT,-0.3399753,0.10006891
249235,PVM,-0.21665028,0.073858306
177744,Endo,-0.11077669,0.1837865
20650,Oligo,0.011193689,0.15028642
20651,L2/3 IT,0.03149676,-0.31110272
20705,Endo,-0.1497142,-0.28988805
177736,L2/3 IT,-0.23453227,-0.06969647
276778,Astro,-0.4792178,-0.032970954
232064,VLMC,0.3796069,-0.5023894
20814,Astro,-0.5145079,-0.027261246
249228,Oligo,0.057594176,0.13628934
177703,Sst,-0.2252742,0.3197998
179666,Oligo,0.27808374,0.10598384
21106,L5 IT,-0.17695826,0.1598187
231966,Astro,-0.32836643,0.1245911
177547,Oligo,-0.13396093,0.056389492
177782,Oligo,0.23587245,-0.040905286
177857,Vip,-0.41558766,0.11658071
232133,Endo,0.039953228,0.12750445
276837,L4/5 IT,-0.3618542,0.44775823
20328,L6 IT,-0.19309542,0.40432087
276881,L6 CT,0.2584204,-0.082738176
177837,L4/5 IT,0.03199416,-0.13309132
249549,L4/5 IT,-0.09378222,-0.1253136
240355,L4/5 IT,-0.2793356,-0.0083810575
177808,L4/5 IT,0.41456294,-0.33016935
179626,L2/3 IT,0.26935816,-0.31620023
232210,L2/3 IT,0.27958518,-0.33573976
20384,L6 CT,0.02964544,0.19561474
20404,Vip,-0.035962168,-0.2089869
232179,L6 CT,0.43534845,-0.064759985
177797,L2/3 IT,0.19308394,-0.30491936
232162,Oligo,0.44657928,-0.084943786
20515,Oligo,0.10767484,0.100247905
179629,L6 IT,0.11364615,0.18220107
276828,L5 ET,-0.1972059,0.12155037
177532,Pvalb,0.23786092,-0.4010573
232529,Oligo,0.26137942,0.11756168
19552,L5 IT,0.38173515,-0.26166928
232993,Astro,0.18011725,0.057585996
249305,L6 IT,-0.06486806,0.07635073
240254,L6 IT,0.20078272,0.08692275
232975,Oligo,0.084787786,0.17693447
18249,L2/3 IT,-0.4671003,-0.024660427
249404,Endo,0.15161932,0.18735383
18293,Micro,0.0538457,0.3260995
178755,L5/6 NP,0.3336053,-0.2305109
18313,Oligo,0.3170964,-0.06871848
18360,L2/3 IT,0.034403797,-0.22276334
240263,L5 IT,-0.30816388,0.24570934
178739,Pvalb,-0.15439743,0.3911802
232854,L4/5 IT,-0.37538004,0.1754884
18671,L2/3 IT,0.4304793,-0.42634156
18680,Sst,0.27585518,0.1668906
249309,Endo,-0.38250935,-0.036356945
18724,L6 CT,0.4103124,0.025663834
249387,Astro,0.054458912,0.18187939
178913,Astro,0.026805934,-0.044086177
17813,L6 IT,-0.20574024,0.3728806
277321,L4/5 IT,0.25743556,-0.30941138
17841,L4/5 IT,-0.4320734,0.25426677
179064,L6 IT,0.20091194,-0.06752314
179031,L6 CT,-0.045364562,0.15449987
17885,Endo,-0.23752981,0.12458645
240238,L5 IT,-0.30976075,0.39331827
17927,L2/3 IT,-0.0013302602,-0.17710926
233036,PVM,0.33529747,0.049290042
17932,L5 IT,-0.1852994,0.14661281
249332,L5 ET,0.23542154,-0.12357296
249373,L2/3 IT,0.36706346,-0.43398026
18039,L2/3 IT,-0.30429772,-0.1164432
18078,L2/3 IT,0.38359195,-0.41758183
18093,Endo,0.27593833,-0.34755805
18105,L6 IT,0.13355309,0.121591076
19592,L2/3 IT,-0.44675764,-0.010396559
18756,L2/3 IT,0.3669374,-0.4402763
232830,L4/5 IT,-0.3675983,0.43077984
179300,L2/3 IT,0.008920427,-0.22355999
19265,L6b,0.16667992,0.16311137
178582,Lamp5,0.31263572,-0.01999982
19320,Sst,-0.3324501,-0.04449098
277046,Astro,0.39614332,-0.04543336
19347,L5 ET,-0.23853907,0.31419578
178542,L4/5 IT,0.41926455,-0.28145498
178520,Oligo,0.20096141,0.14433669
19404,L5 IT,-0.0038749613,-0.03381892
179381,SMC,0.23832041,-0.17367624
19424,Oligo,0.2874046,0.114035115
178429,Endo,-0.22531793,0.3295227
19493,VLMC,-0.0076397695,-0.37164468
232573,Oligo,0.061377283,0.2396885
19542,L5 ET,-0.15169397,0.027454238
232670,L2/3 IT,0.047994193,-0.26501068
178732,Endo,0.10322034,-0.09482966
19193,Oligo,0.35977578,0.106310174
19163,L6 IT,0.20393687,-0.068213895
232817,L5 ET,-0.15712756,0.22637598
232809,Endo,-0.39322633,-0.095216945
18887,Peri,0.36969513,0.13319777
18914,Endo,0.30094993,-0.27742115
178727,L4/5 IT,-0.43515384,0.4030173
178726,Oligo,0.4687478,0.04492454
178689,L4/5 IT,-0.39908206,0.2912006
178686,L2/3 IT,0.28073114,-0.3425941
178678,Endo,-0.1374329,-0.05419709
232766,Endo,-0.008328084,-0.18680741
277130,L2/3 IT,-0.13023478,-0.17584331
18995,L5 IT,-0.28169018,0.11625527
232728,L2/3 IT,-0.41781822,0.06514065
178643,L2/3 IT,0.1407243,-0.34526175
178641,L6 CT,0.032249387,-0.022776801
232690,Peri,-0.39575106,0.02962647
24315,L4/5 IT,-0.24172077,-0.023743737
21240,L4/5 IT,-0.30372202,0.039023202
21265,Oligo,0.28167707,0.13337062
23140,Micro,0.205419,-0.22486986
180086,L4/5 IT,-0.37729228,0.14446847
23157,L2/3 IT,-0.20103586,-0.1390181
176247,Peri,0.27422756,-0.17461644
231221,Micro,-0.48137087,-0.06420438
23245,OPC,0.029851612,0.03784446
23256,Oligo,0.27768636,0.03572039
23265,L4/5 IT,-0.28586686,-0.03141402
23294,L6 CT,-0.077016085,0.4127294
176215,L5 IT,-0.26287052,0.20581023
231182,Endo,0.13462508,-0.11877911
23376,L5 ET,-0.28523168,0.28818956
276238,L2/3 IT,-0.28672215,-0.025978912
176206,L6 CT,0.26804018,-0.082450196
23459,Endo,-0.007656757,-0.17097534
23073,L6 IT,0.3434894,-0.053579737
231132,Endo,-0.26826277,0.2701656
176288,L2/3 IT,-0.20362476,-0.1667095
249777,Oligo,0.47284305,-0.15918346
22746,L2/3 IT,-0.37419912,0.05119733
249167,OPC,-0.123592794,-0.045612503
22790,SMC,0.15162987,-0.42958733
22802,Sst,-0.1296415,0.14928137
22811,L6 CT,0.14819068,0.12969331
22832,Oligo,0.16708446,0.26813242
231348,OPC,-0.30887687,0.17653666
22877,L4/5 IT,-0.422903,0.3014622
22934,L2/3 IT,-0.2666926,-0.16470908
22944,L6 IT,0.18953651,0.06831525
22952,Oligo,0.01731288,0.19654505
22978,L5 IT,-0.26562262,0.31824848
22990,L6 CT,0.45533454,-0.15999971
23021,Peri,-0.12555873,0.12152575
231311,Oligo,0.14684176,0.2903947
176369,Endo,-0.084705144,0.34764943
176531,L2/3 IT,-0.21711284,-0.13779296
23513,L6 IT,-0.12111691,0.1903209
176171,Sst,0.05174404,0.11676888
23862,L5 IT,-0.14327317,0.048604947
230964,L2/3 IT,-0.48237354,0.01825307
230957,Vip,-0.42280567,0.21483217
23899,SMC,0.017422374,-0.250115
23902,L6b,0.20515901,0.12445621
230942,Micro,0.32798404,-0.12077187
24042,Astro,-0.06714821,0.157598
176000,SMC,-0.38037145,0.12148093
24048,Astro,0.46122044,-0.02819087
24049,Micro,-0.09239945,0.40227553
249878,Astro,0.2007801,0.25908908
24090,Vip,0.23798442,-0.3923152
24105,Oligo,0.16353506,0.23104553
276115,L6 IT,-0.044596586,0.31273255
175975,Peri,0.38087302,0.016658228
23854,L2/3 IT,0.26857632,-0.3265163
180135,L6 CT,0.11739999,0.11566268
23830,L2/3 IT,-0.113797724,-0.2577087
180181,Astro,-0.32444772,0.034001034
249133,VLMC,0.33091593,-0.48709062
23583,L5 IT,-0.13081482,0.050700407
23590,PVM,-0.40440965,0.4196932
276195,Oligo,0.32490563,-0.11028795
276192,Endo,0.22608632,-0.004621763
23662,PVM,-0.21282741,0.09618269
176113,L4/5 IT,-0.31387472,0.08494018
23687,Astro,-0.41748735,0.017434042
23699,OPC,0.25118792,-0.18241595
176081,Oligo,0.0296483,0.33450088
231004,Micro,-0.06882939,0.014949899
231001,Endo,-0.41965365,0.43819246
23764,L6 IT,0.06273699,0.116682455
23765,L6 CT,0.4630484,-0.084036425
230980,PVM,-0.41252556,0.24294661
176006,Endo,0.45908642,0.019349616
177527,L2/3 IT,-0.31452513,-0.1341046
276374,L6 CT,-0.09252003,0.19489603
176584,L5 IT,0.029301759,-0.084078506
177257,Astro,-0.0011291541,-0.36062554
177251,Oligo,0.17813033,0.23215376
179791,L6 IT,0.10051936,0.030520897
21747,SMC,-0.0070897974,-0.28058428
177149,L5 IT,-0.1591829,0.105467185
240450,L4/5 IT,-0.2626553,0.006916743
276570,OPC,0.19986951,-0.083159074
179822,L6 IT,-0.21927246,0.2706587
21803,L2/3 IT,-0.40640056,0.013106387
179824,L6 CT,0.4050498,0.00045023486
231729,L6 CT,-0.01846135,0.14343701
177039,Oligo,0.31656748,0.0060749464
21840,L6 IT,0.04937857,0.0050633363
21888,L2/3 IT,0.11323196,-0.3104041
21889,Endo,-0.09676701,0.0971909
179784,L6 IT Car3,0.058903035,0.25350115
176955,L6 IT Car3,-0.030725334,0.27319035
179775,L2/3 IT,0.28866786,-0.37136796
177303,Astro,0.08952677,-0.25874606
21278,SMC,0.12320238,-0.17546563
21281,SMC,0.1721645,0.22170298
276673,L5 IT,-0.25220385,0.40012267
21312,L6 CT,-0.07171342,0.14442311
21372,L6 IT,0.06774956,0.14086442
21394,L6 CT,0.35712117,0.00804786
21418,PVM,0.33179462,0.033718687
21422,L4/5 IT,-0.06765148,-0.1526557
231857,L5 IT,0.19033575,-0.19429795
231844,L2/3 IT,-0.42210287,0.01235668
177469,Endo,0.19184273,-0.28825337
177391,Oligo,0.35409892,0.06285362
249615,Peri,-0.07421324,-0.28796536
249622,L2/3 IT,0.42454237,-0.43871203
21563,Astro,0.031261977,0.08348803
276584,Pvalb,0.37291276,-0.2446102
22688,Endo,0.22383487,-0.0074275024
179887,Endo,0.046625372,0.20007305
249196,L6 CT,0.026027616,0.099620864
240481,L2/3 IT,-0.36007833,-0.0129668005
231487,Oligo,0.21423262,0.19450264
276404,L5 IT,-0.23661175,0.14777635
22534,L2/3 IT,0.4164489,-0.44221514
22574,Endo,0.17858082,-0.33499768
231445,Astro,-0.078573555,0.37674436
231441,Endo,-0.021010522,-0.021192957
176712,Vip,0.30580634,-0.30241656
176681,L4/5 IT,0.46596414,-0.34595975
22590,Pvalb,0.2678764,-0.0886424
22597,Vip,-0.32070506,-0.08074142
22629,Endo,0.043612655,-0.01674958
179981,L2/3 IT,0.3555296,-0.35992575
22636,Endo,0.072279334,0.18447988
176613,L5 IT,-0.28342104,0.13677685
22410,Oligo,0.43235105,0.0029234104
21910,L6 IT,0.015385743,0.2984073
22405,L4/5 IT,-0.42735338,0.17405973
231511,Endo,0.43664855,-0.34435084
249691,L5 IT,0.30311948,-0.1934451
22058,L2/3 IT,-0.42043394,0.123920664
22083,L2/3 IT,-0.17025349,-0.202139
22114,Vip,-0.115508914,-0.22389658
231603,Oligo,-0.08058962,-0.024025787
276472,L2/3 IT,0.23929602,-0.27509445
176835,SMC,-0.0054775514,-0.27309236
276453,Astro,-0.09979805,0.0025997572
176834,Astro,-0.51607966,0.060038667
240473,L6 CT,0.14030361,0.035279255
176825,Astro,0.31986696,-0.40244997
231526,L6 CT,0.46563655,-0.06860162
179953,L6 CT,0.019998547,0.0706269
276439,L6 IT,0.021287378,0.18921582
231516,L5 ET,-0.2535016,0.16611074
231506,Micro,-0.3996652,0.26166353
30575,L2/3 IT,-0.4158493,0.091726884
274950,Astro,0.19100225,-0.1365781
228701,OPC,0.35988623,0.13733022
225401,Endo,0.11275649,-0.2938979
182988,Oligo,0.04679763,0.3089932
40218,L2/3 IT,-0.34459507,-0.08002673
225383,Endo,0.13830066,0.091265485
168023,Astro,-0.42029446,0.34508118
40324,L5 IT,-0.2862743,0.31079182
40360,L4/5 IT,-0.4115839,0.2795531
225356,L5 IT,0.38699967,-0.23035543
40370,OPC,-0.28833908,-0.13333265
40374,SMC,0.01206338,-0.25894526
167975,L5 IT,-0.09252527,0.30765966
40391,OPC,0.024118777,-0.004891176
167914,L2/3 IT,0.03336602,-0.19511996
183025,L4/5 IT,0.13698888,-0.23031257
225309,Peri,0.41940582,-0.14169462
40161,L6 IT,-0.08217329,0.081937954
40498,L2/3 IT,0.36633664,-0.34128317
40137,L2/3 IT,-0.28266698,-0.08135985
40108,L5 IT,-0.23808399,0.21031193
182845,Astro,0.36493462,-0.31975207
39773,L4/5 IT,-0.33667502,0.13054006
225523,L2/3 IT,0.3619635,-0.36499193
39782,L6 CT,0.18407738,0.05379544
39784,L5 ET,-0.0668309,0.043081384
225490,L2/3 IT,0.40150267,-0.43328592
39856,L6 CT,0.2763763,0.00080428645
182863,L2/3 IT,0.00994223,-0.23126398
168387,Endo,-0.09521958,-0.18209843
251239,L4/5 IT,-0.23182178,0.03137235
39918,OPC,0.2267909,-0.4087726
39930,L6 IT,0.070681036,0.08559571
168201,Endo,0.14032668,0.27780113
168104,Astro,0.21957177,-0.3722798
40017,Lamp5,0.07478213,-0.29603097
40112,L2/3 IT,0.005474981,-0.28032914
168511,L6 IT,-0.0058883466,0.32073072
40500,Oligo,0.34359992,-0.03577282
40557,L2/3 IT,0.10754478,-0.34262416
41004,L4/5 IT,-0.3879255,0.37505403
225111,L6b,0.31101924,0.09236543
41029,L2/3 IT,0.24405235,-0.358919
167813,L2/3 IT,0.30317456,-0.4224881
41049,Oligo,-0.038990412,0.16433243
273144,Oligo,0.13063872,0.35102257
167802,OPC,-0.31519562,0.41837832
167744,Peri,-0.2639607,-0.16086848
41239,L6 CT,-0.07805255,0.20351951
41276,L4/5 IT,0.4410779,-0.34941494
273109,L2/3 IT,-0.36326632,-0.0131110735
41291,L5 IT,-0.27013263,0.11363058
273108,Endo,0.26892495,0.2010474
225011,L6 IT,-0.19889274,0.33326617
167701,L6 IT,0.14527154,0.10401206
40987,L4/5 IT,-0.4148314,0.3648604
40545,Astro,-0.21241343,-0.060423333
40959,L6 CT,-0.019698743,0.26090387
40931,L2/3 IT,-0.48314643,-0.01114713
167889,L6 CT,-0.120820105,0.36172983
167873,L4/5 IT,0.03153598,-0.16207306
40634,L2/3 IT,-0.035577092,-0.20132376
40645,L5 IT,-0.24867651,0.36542848
167866,Endo,-0.14859319,0.3651766
40762,L5 ET,0.3850003,-0.2250622
273191,SMC,0.117818356,-0.40933117
40780,Astro,-0.21250299,0.08629052
40788,L6 IT,0.059359785,0.34046277
167858,Pvalb,0.3936448,-0.09840877
40805,L5 IT,-0.049701754,0.028369825
183040,Lamp5,-0.2875848,-0.120279
273182,Oligo,0.1733982,-0.09782703
273180,L6 CT,0.101597905,0.09807037
251313,L6 CT,0.26307338,-0.03869279
40940,L6 IT,-0.068561345,0.110861585
273086,SMC,-0.13856658,-0.22266276
39715,L5 IT,0.36478567,-0.22147886
39651,L2/3 IT,0.058235463,-0.24571519
225897,L6 CT,0.44196308,-0.036978174
251077,L6 CT,-0.11347732,0.26940444
38589,L6 IT,0.048376616,0.04490749
38593,L5 IT,0.37454724,-0.29103038
38611,L5 IT,-0.2871778,0.18674968
169294,L6 CT,-0.08068651,0.33696976
225872,L5 IT,0.051082965,-0.041750688
169246,Astro,0.3236004,-0.18731
38683,L6b,0.28164518,0.08297859
273560,Endo,0.34641337,-0.065081105
38694,Endo,0.32986623,-0.0280055
38702,L6 CT,0.14179885,0.084001586
273543,L4/5 IT,0.1998347,-0.25235936
38793,L5 IT,-0.25623313,0.42616555
251091,L4/5 IT,0.2874022,-0.2520164
38548,Oligo,0.2096597,0.07151626
38865,L6 IT,0.020875987,0.3350142
38534,Astro,-0.47251797,-0.010802615
38452,L4/5 IT,-0.33138177,0.08076005
226060,L6 IT,0.43291312,-0.21457247
273671,L6 CT,-0.08488262,0.31497714
38086,L6 IT,-0.008308057,0.282739
38087,L5 IT,0.3041796,-0.24286596
38095,L5 ET,0.30502272,-0.07828258
273665,L6b,0.4569828,0.027708989
38122,L6 IT,-0.22499019,0.30452254
169376,Astro,0.08721185,-0.21558718
169373,VLMC,0.2017346,-0.44905022
225976,L6 CT,0.110868454,0.08025412
38355,L4/5 IT,-0.069092095,-0.1273383
38389,Pvalb,0.24382007,-0.2015344
38406,Endo,-0.09770158,-0.28904653
169361,Oligo,0.16135609,0.25926706
169352,Peri,0.14934856,-0.35757798
38507,L6 IT,0.27778673,-0.11486392
39687,OPC,-0.2832026,0.27648875
38873,L6 IT,0.23810846,0.076856
38995,L6 CT,0.40438545,0.00951634
39434,Peri,-0.38184333,0.32809904
39439,Micro,0.19326389,0.25555685
168790,L5 IT,-0.14304087,0.01020984
225623,L5 ET,0.40115035,-0.13682534
39472,PVM,-0.52200806,0.029700082
39488,L4/5 IT,-0.014129881,-0.16159318
248728,L2/3 IT,0.028823432,-0.2035564
39519,Oligo,0.31194103,0.09605591
168736,Micro,-0.17192864,0.31596163
168722,Astro,0.36090237,-0.2039148
225585,Oligo,0.39117414,0.040040534
225584,Peri,-0.19208482,0.034752887
182768,L6 IT,-0.14218083,0.14387463
251204,Pvalb,0.19591206,0.14492063
251209,Peri,0.32725763,-0.3261228
225628,L6 IT Car3,0.02134573,0.31568238
225746,L6 IT,0.011853155,0.1273645
39417,L4/5 IT,-0.4199132,0.40726194
39394,L6 CT,0.47475618,-0.21326159
39012,L5 IT,-0.19818115,0.4072034
273494,Astro,-0.42372417,0.23490314
39111,Endo,0.015530225,-0.16309272
169183,L4/5 IT,-0.3365543,0.1038795
39172,L5 IT,-0.06437263,0.0011881404
273479,Sst,-0.14055505,0.42371973
182621,Pvalb,0.05443191,-0.29902652
169009,L6 CT,0.12539595,0.051825445
182699,L2/3 IT,-0.45222223,0.06585799
168849,SMC,0.10543746,-0.4095151
251163,L6b,0.33672816,0.06302707
39351,L2/3 IT,0.21808523,-0.37930554
168833,L2/3 IT,-0.26666757,-0.086040154
39379,L5 IT,-0.033744935,0.12820981
168823,L2/3 IT,-0.23860481,-0.18708344
182723,L4/5 IT,-0.3410194,0.4371138
169396,L2/3 IT,-0.4077232,-0.03439616
41459,L4/5 IT,-0.11687264,-0.06355612
41502,L6 CT,0.04167336,0.1977819
43781,Vip,-0.13575777,-0.058648992
43814,L4/5 IT,-0.32207686,0.0375521
224039,Astro,-0.09523195,-0.120793566
43828,L2/3 IT,0.03539216,-0.30647263
251693,Oligo,0.22505414,-0.15945788
165789,L4/5 IT,-0.42222622,0.12873392
251708,L6 CT,0.013097342,0.08116977
224025,L5/6 NP,0.42073143,-0.21327905
224020,Endo,0.359464,-0.27179226
165702,OPC,0.11145222,0.33040825
43944,PVM,-0.33628643,0.25747105
251724,L6 IT,0.049684342,0.19712965
272632,Oligo,0.03225064,-0.112073645
44014,L6 CT,-0.07376441,0.17812143
183755,L6 IT,0.016294476,0.34313926
43740,Astro,-0.3270998,0.2729065
44042,L2/3 IT,-0.38102794,0.0054438524
43732,L6 IT,-0.08584902,0.36393842
43649,Astro,-0.3405678,0.23985486
272757,L4/5 IT,0.3258626,-0.2676548
272751,L6 CT,0.023329016,0.22955053
166315,L6 IT,0.070082426,0.19718324
166283,Oligo,0.14291155,0.24707495
43282,Oligo,0.15308148,0.0563523
43323,Micro,0.12765634,-0.36898524
43445,L6 CT,-0.05473462,0.2983705
43482,Peri,-0.35700658,0.2722222
43486,Pvalb,-0.3162228,0.22271655
166131,Astro,-0.3295932,-0.21636818
43504,L2/3 IT,-0.19018891,-0.09635545
166087,Peri,0.09863031,-0.113353506
241698,L6 CT,0.47353327,-0.20416789
43552,L2/3 IT,-0.45439738,-0.052508462
43607,Astro,0.45467627,-0.048336703
43690,L6 IT,-0.03239018,0.20339362
183534,Micro,-0.113569826,0.20477836
165630,L2/3 IT,0.22328556,-0.38251916
44076,Pvalb,-0.24278352,0.34019426
165375,SMC,0.04006129,-0.23181273
165343,L4/5 IT,-0.40596944,0.19857447
251787,L5 IT,-0.25257587,0.086703524
44628,L4/5 IT,0.39987183,-0.29650426
44664,Astro,-0.40698743,0.21457689
44679,L2/3 IT,-0.10212344,-0.2612023
44726,L5 IT,0.31320888,-0.14993863
44748,L6 CT,0.26483297,-0.025416989
165302,L4/5 IT,-0.23555252,-0.03254767
272528,OPC,-0.42435193,0.4323072
241795,Endo,-0.19891855,0.25295582
223676,L4/5 IT,-0.26031712,-0.028710235
44916,L2/3 IT,0.32037878,-0.35637522
44934,L6 CT,0.07273829,0.07297407
223662,Peri,-0.08644712,0.27641472
165386,L4/5 IT,-0.39139593,0.3414435
165607,Sst,-0.053013448,-0.031264085
44388,L2/3 IT,0.4135558,-0.42372033
223854,Pvalb,0.44061196,-0.32581174
44100,L5/6 NP,0.3480121,-0.05943652
44101,L5 IT,-0.17247033,0.17656527
223886,L6 CT,0.037879463,0.040539246
165535,L2/3 IT,-0.44762677,-0.024859417
44185,L5 IT,-0.2670009,0.3627912
241743,L2/3 IT,-0.4298309,-0.048907954
251739,Oligo,0.21281862,0.17873572
241744,L2/3 IT,-0.42565584,0.119497225
272596,SMC,0.20937085,-0.42771718
183821,Lamp5,0.35360444,-0.35184503
183836,Pvalb,-0.3095266,0.029865604
165413,Endo,0.43248957,-0.35740805
44276,L4/5 IT,-0.40179422,0.2559826
44295,VLMC,-0.13916731,-0.31340858
44308,L4/5 IT,0.33438724,-0.31470862
272578,L4/5 IT,0.4476446,-0.30467567
224956,VLMC,0.0011859499,-0.375044
272770,L4/5 IT,-0.4208382,0.27374974
166436,L6 IT,0.07562894,0.20132236
272986,VLMC,0.3489501,-0.49565855
42014,L4/5 IT,-0.025159154,-0.1491109
42029,VLMC,0.008714434,-0.37782577
248618,L5 IT,-0.3174687,0.27326486
272974,Lamp5,0.3241623,0.08811264
167192,Endo,-0.3698308,0.16614197
167180,L4/5 IT,-0.3021261,0.08392356
224664,L2/3 IT,-0.050913814,-0.27889782
42126,Endo,0.06220394,-0.34675822
251436,L2/3 IT,0.13260603,-0.27909398
42154,Micro,-0.2861776,0.38870516
42199,Endo,-0.09854078,-0.14200212
167166,L2/3 IT,-0.24647042,-0.18020575
183279,OPC,0.121058345,0.2539151
167119,Astro,0.33393717,0.08980851
41937,Astro,-0.17022273,0.24567185
224567,L6 CT,0.2677741,-0.00837623
183263,L5 ET,0.036200996,-0.07979454
273010,VLMC,-0.075722426,-0.33954453
167689,Pvalb,-0.1508246,0.3445535
41584,VLMC,-0.30262536,-0.2327459
167660,Endo,0.46288508,-0.11661668
41603,L6 CT,0.10350996,-0.039543826
183147,Oligo,0.35349125,0.12051408
167519,L2/3 IT,-0.2840801,-0.04621588
167495,Astro,0.07763463,-0.36614296
41674,L4/5 IT,-0.07286909,-0.1621265
251375,L2/3 IT,-0.46090314,0.04615156
167446,Oligo,0.38240683,0.12792258
273036,L2/3 IT,0.012963232,-0.27044815
183207,L6 IT,0.058067556,0.06678067
41775,L2/3 IT,-0.42571247,0.008171719
224834,Pvalb,-0.313223,-0.032324273
167373,L5 IT,-0.023726586,-0.04283868
167236,L2/3 IT,0.22312582,-0.3082045
166358,Oligo,0.18653607,0.16991006
272932,L5 IT,-0.20048144,0.13699345
224534,L2/3 IT,0.46474665,-0.38254467
224377,Endo,-0.41974363,0.23376839
166633,L5 IT,-0.14004663,0.0340424
224374,OPC,-0.08118954,-0.2847499
183459,Micro,-0.3225154,0.0791695
166569,L6 CT,-0.049045596,0.25875393
224364,Peri,0.27824986,-0.01120292
42898,L6 IT,-0.13740748,0.18940161
251533,L5 IT,0.30178,-0.22095536
253971,Pvalb,-0.08152789,-0.12733363
166461,L2/3 IT,-0.053380016,-0.22205465
272806,Oligo,0.10712743,0.07457642
272797,L6 CT,0.45121574,-0.047553916
43008,L6 CT,0.060124513,0.2501463
43016,Endo,0.009813722,0.2769983
166451,OPC,-0.40557215,-0.0132236965
241649,L4/5 IT,-0.21633723,-0.08656503
167069,Oligo,0.20457065,0.036532026
166665,L5 IT,0.13613868,-0.15796898
42801,Oligo,0.23966962,0.1885358
42419,L4/5 IT,-0.3737419,0.14443462
42424,Peri,0.12610227,0.042198878
167066,L2/3 IT,0.3933298,-0.34603134
248600,Endo,0.19607908,-0.17656417
167049,L4/5 IT,-0.13234511,-0.014486689
241626,PVM,0.23969722,-0.28834105
167008,Micro,0.41783327,-0.31652856
42591,L5 IT,-0.19329646,0.24859528
251452,Peri,0.04389667,-0.17074887
42635,L2/3 IT,0.24836892,-0.38530368
42645,L5 IT,-0.091463774,-0.04991712
166975,Endo,0.22339356,-0.3670434
166961,L2/3 IT,0.20211357,-0.32382497
42698,L4/5 IT,-0.36984104,0.479677
224417,Endo,0.2443623,-0.21181242
251496,Astro,-0.2477049,-0.0051382966
226063,Astro,-0.37762004,0.34060487
251056,Oligo,-0.2613157,0.0957378
251044,Sst,0.16345924,-0.22197513
171822,Endo,-0.3399517,0.16506128
171813,Sst,0.061874326,-0.07912986
274593,Oligo,0.0139778815,0.2769148
33020,Oligo,0.31128412,-0.0577008
33030,L4/5 IT,-0.40731183,0.26649103
33053,Pvalb,-0.3353746,0.3203343
33072,Pvalb,0.005365368,-0.011679877
227873,VLMC,0.22475559,-0.4553809
33103,Endo,0.2567885,-0.17445298
33155,Astro,0.07225102,0.30219892
227846,SMC,0.0060293637,-0.26707634
33182,L5 ET,-0.18086293,0.32855913
33184,OPC,-0.1026462,-0.3095533
33196,L6 CT,-0.041589353,0.21289633
33202,L4/5 IT,-0.021627966,-0.18837191
241115,L5 IT,-0.32570696,0.3410056
171791,Micro,0.20039678,-0.028186996
32952,Astro,-0.13717076,-0.29639617
32915,L5 IT,0.022344526,-0.048316557
241075,L6 CT,0.35823774,0.019537788
32590,VLMC,0.35505253,-0.49537054
228043,SMC,0.22152597,-0.4189638
32640,Pvalb,-0.3523447,0.13864009
32655,Endo,-0.35853976,-0.048300613
32658,L6 CT,0.4654193,-0.13028859
274625,L2/3 IT,0.44391453,-0.35675156
32768,Oligo,0.33531982,0.0005740337
227979,OPC,-0.30604213,0.20928435
32800,L6 CT,0.1654312,0.12331818
32804,Oligo,-0.39230013,0.48198006
32805,L4/5 IT,-0.22120494,-0.006978113
32839,L5 IT,-0.15499589,0.028011125
32841,Astro,-0.035355244,-0.009841491
227941,Astro,-0.42010322,-0.11435793
171862,L2/3 IT,-0.012875143,-0.16646098
274648,L2/3 IT,-0.28540084,-0.09308021
171762,L4/5 IT,-0.015464906,-0.12500007
33372,L4/5 IT,-0.38242164,0.39118055
33870,Oligo,-0.054435138,0.28732958
33881,Oligo,0.24744093,0.20322584
33893,L6 CT,0.13667876,0.048485976
33933,Micro,0.06731331,0.27018628
171328,Astro,0.006527718,-0.018994112
227613,L5/6 NP,-0.10896149,0.055120688
227605,Micro,0.0710842,0.13856594
274398,L6 CT,0.06714952,0.07388775
250700,Micro,0.058379646,0.094651446
274396,L4/5 IT,-0.2687548,0.04490147
171218,L2/3 IT,0.19896662,-0.3705751
34135,OPC,0.41666043,0.04875819
181859,L2/3 IT,0.030536529,-0.30651262
171178,L4/5 IT,-0.27504444,0.022433382
171175,L5 ET,-0.18442747,0.039660554
274438,Astro,0.12034917,0.28317717
33297,L4/5 IT,-0.34995553,0.07928954
171417,SMC,-0.23631829,0.06902532
33758,Endo,-0.17130089,-0.04024436
171747,L6 CT,0.39651138,0.0027878098
171575,Peri,-0.3752693,-0.103052035
181782,L5 IT,0.45620352,-0.30560294
33420,Endo,0.43094832,-0.33397898
181785,L2/3 IT,-0.26520264,-0.05117597
33503,OPC,-0.21650016,-0.26548514
171477,L6 CT,0.06261259,0.08508544
227752,Astro,0.0039571486,-0.32949242
33606,L4/5 IT,-0.34130603,0.023512047
227745,Vip,-0.41501397,0.47849873
33657,Endo,-0.2041992,-0.08634694
227730,Oligo,0.34168005,0.08311628
241161,Pvalb,0.15274137,-0.20749469
171421,Pvalb,0.14917707,0.12313388
227715,L6 IT,0.11411494,0.16295771
33760,Pvalb,-0.24407691,-0.01902603
34221,L6 CT,0.07228035,0.27086172
32530,L6 CT,0.10807365,0.0449364
181563,Oligo,0.36528933,0.054355364
240987,Astro,-0.15644136,-0.28694943
274859,L6 IT,0.2040987,0.07506256
31161,Peri,0.2567191,-0.065878764
31163,Peri,-0.16409227,0.210591
274850,Endo,0.32908785,-0.42230597
228507,L2/3 IT,0.06726515,-0.28793976
172425,Astro,-0.047972206,-0.32727745
172402,Oligo,0.41828096,0.022794705
31466,Oligo,-0.31479755,0.31117174
274802,Oligo,-0.14757425,0.20941548
31488,VLMC,0.30698663,-0.47958112
31527,L2/3 IT,-0.1837999,-0.10068099
31565,Micro,-0.10559952,-0.29306474
181449,L6 IT Car3,-0.002481524,0.34894744
31630,Micro,-0.39862776,-0.09395422
172431,L6b,0.39813286,0.052936178
181451,L2/3 IT,-0.37547496,0.06194059
31086,L6 IT Car3,-0.12249312,0.38444814
228573,Astro,0.12390268,0.088185415
30598,L6 IT,-0.004595164,0.29506025
30617,L6 CT,-0.14383188,0.3831496
172861,L6 IT,0.034827467,0.2491334
172827,L5 ET,-0.07975173,0.07951592
181329,L5 IT,-0.25149906,0.12301533
172725,Oligo,0.35158432,0.12695943
30846,L5 IT,-0.17785299,0.12881927
30848,L2/3 IT,0.30972046,-0.31889477
172690,Oligo,0.13543606,0.2696279
172535,L6 IT,-0.21904474,0.17891537
228601,L4/5 IT,-0.3709516,0.12121759
172511,VLMC,0.089261234,-0.40674525
30996,Vip,-0.4172474,0.2910821
30999,Endo,-0.046837214,0.13451658
228577,L5 ET,0.27865374,-0.09703089
172495,L6 CT,0.45224196,-0.030880678
172057,L6 IT,0.08153987,0.096882805
31688,Endo,0.17589492,-0.38380954
31707,L6b,0.05925941,0.28295365
32166,L2/3 IT,-0.4451214,0.035377424
228211,L6 CT,0.39852428,-0.11421855
32205,L2/3 IT,0.13233405,-0.28653806
228202,Sst,0.19720751,-0.005080331
172316,L6 CT,-0.06396249,0.1652929
228191,L6 IT,0.11033034,0.12615119
32252,Micro,0.32678634,-0.20317034
172279,Astro,0.14014816,0.029745739
32258,L5 IT,0.23046374,-0.20100166
32319,L6 CT,0.21475768,0.050819617
172264,L2/3 IT,-0.4468941,0.002067726
172235,L6 IT,0.036573227,0.3335146
228152,Vip,-0.101996124,0.3985407
228134,Astro,0.022177037,-0.044894475
172177,L5/6 NP,-0.18068594,0.15735911
32071,L6 CT,0.34073573,-0.046828587
172387,Peri,0.42748106,-0.38235915
32062,VLMC,0.2490151,-0.4654194
31940,Astro,-0.14715087,-0.085268185
250496,SMC,0.007824,-0.26572934
31723,Endo,0.0017116033,0.15665291
31756,L2/3 IT,0.0031357966,-0.30785656
228353,L6 CT,0.124902725,0.11678557
31775,L5 IT,-0.18515828,0.27988395
31798,L2/3 IT,-0.16746852,-0.20227827
31823,Lamp5,0.03478306,-0.26168045
31832,Endo,0.31184936,-0.46200988
31856,PVM,-0.4265638,-0.14388238
31908,Micro,0.36975825,-0.14236917
228325,L6 IT,0.17474246,-0.1191306
181461,OPC,-0.0038205422,-0.115399465
31928,OPC,0.094944715,-0.36899385
31929,L5 IT,0.19724369,-0.14056127
31932,L4/5 IT,-0.020537201,-0.12633054
228292,L6 IT Car3,0.020992633,0.25060406
34277,L2/3 IT,-0.40219095,0.008026581
248870,L2/3 IT,0.020797428,-0.22751065
34290,Astro,-0.23715943,0.054242294
273865,Pvalb,-0.40784276,0.30620036
36882,L2/3 IT,-0.35401052,0.030022662
170114,L6 CT,0.18154204,-0.095598355
36919,Oligo,0.14984804,0.28738633
226453,L6 IT,0.45042187,-0.16959451
248797,OPC,0.2829255,0.07388739
36964,PVM,0.03307211,0.037492972
36988,Oligo,0.06403965,0.16515248
248796,L2/3 IT,-0.32687464,-0.098405436
226408,Vip,-0.13783619,-0.23737864
250956,Endo,0.2223171,-0.13610567
226379,L6 CT,-0.027236972,0.30955097
37108,L5 IT,-0.024402086,-0.03309386
226349,L4/5 IT,0.21044576,-0.24207295
250969,L4/5 IT,0.3944738,-0.29423827
36825,L5 ET,-0.15845564,0.021904808
37122,L5 ET,-0.24854076,0.17695962
226528,L6 CT,0.005830582,0.24165039
170159,Endo,0.25650322,-0.3953157
250902,L4/5 IT,-0.38786864,0.4160144
36313,L2/3 IT,-0.2218076,-0.11389901
170248,Endo,0.09936643,-0.03207915
226653,Astro,0.24366087,-0.14409058
36401,L4/5 IT,-0.25546592,-0.026120652
36403,OPC,-0.11494413,-0.02071618
170186,Endo,0.22738653,-0.10218541
36446,L5 IT,0.4564603,-0.28532282
36476,Pvalb,0.10039097,0.042692166
226581,Sst,-0.39450458,0.21223448
36598,L2/3 IT,-0.016054813,-0.20371784
226576,L6 CT,0.36888587,0.00671063
170166,L6b,0.14980894,0.18123381
226564,L5 IT,-0.32483053,0.42093655
36702,Oligo,0.2538519,0.1193413
36713,L2/3 IT,0.2903434,-0.37564436
36246,L5 IT,-0.2166625,0.25696775
273816,L5 ET,-0.13512161,0.12685047
226336,L2/3 IT,-0.36532694,0.017529171
169618,OPC,0.3329457,-0.47258055
37618,Astro,-0.1808612,0.13527803
182491,PVM,-0.15631759,-0.15487199
37732,Endo,0.2540617,-0.18926157
37739,VLMC,-0.3561998,-0.19747992
226117,Peri,0.24359721,0.017626029
169600,L5 ET,-0.27545917,0.24149106
182522,PVM,0.39109856,-0.08956112
182523,Oligo,0.19377285,0.23303203
169563,L4/5 IT,0.40676427,-0.30889198
37879,L2/3 IT,-0.111887306,-0.24369062
251034,Oligo,-0.121917635,0.27119192
226081,Lamp5,-0.19220233,-0.07941227
169469,L4/5 IT,0.24253792,-0.22654544
226077,L6 CT,0.0034736358,0.22337322
37605,L6 IT,0.021692153,0.117258
37126,Pvalb,-0.1684202,0.060296338
37603,Astro,-0.37377247,-0.07847272
182484,L5 IT,-0.17845818,0.15575515
182392,L4/5 IT,-0.3727759,0.17827027
37182,L6 CT,0.07977456,0.12551449
182419,L4/5 IT,-0.34864312,0.43604067
241377,OPC,-0.3289199,0.2911627
182434,Endo,-0.15067282,0.16592489
37307,L2/3 IT,-0.42170525,-0.0368851
37416,VLMC,0.017396148,-0.3758076
273735,L6 CT,0.3633111,-0.05164026
273734,Micro,-0.42250282,0.42153773
37512,Endo,-0.37041038,-0.11336179
169701,L5 IT,0.25998086,-0.1633404
226168,L4/5 IT,-0.43202096,0.47877464
37550,L6 IT Car3,-0.03864861,0.3238555
226165,L2/3 IT,0.2712934,-0.40920556
37583,L6 CT,-0.093507856,0.4024025
182485,Oligo,-0.08440977,0.27501366
36230,L4/5 IT,-0.37828845,0.47517934
241326,SMC,0.07128042,-0.20731197
36184,L6 CT,0.078053236,0.21797119
227348,L5/6 NP,0.3423348,-0.2526293
170961,L4/5 IT,-0.3219912,0.06272529
227318,L4/5 IT,-0.22670573,0.0015187077
170954,L2/3 IT,-0.37549838,-0.020317603
34764,L6 IT,0.08576429,0.10367124
250768,L2/3 IT,-0.059739713,-0.17043866
34850,Endo,0.3021435,-0.32705393
170935,L5 IT,-0.13732728,0.29645643
34880,L4/5 IT,-0.37894183,0.22049181
227203,Endo,0.20586419,0.13366853
181952,L4/5 IT,-0.35338372,0.1149333
34982,L2/3 IT,0.12877661,-0.2405725
274251,L2/3 IT,0.3949061,-0.4348667
274245,Peri,0.2552778,-0.12162621
181971,L5 IT,-0.11788157,0.02127115
34567,L2/3 IT,-0.18431252,-0.13649227
170778,L2/3 IT,0.05620676,-0.26663724
227381,Pvalb,0.34573388,-0.40994263
34533,L2/3 IT,0.22702074,-0.37993273
227466,Astro,0.27677685,-0.35745105
250737,L2/3 IT,-0.44461128,0.021301847
34360,Peri,0.12856114,-0.24775405
171125,L2/3 IT,0.45438993,-0.38898614
227452,L6 CT,0.25483626,0.07707177
181893,Micro,-0.06869301,-0.29620925
181908,L6b,0.053300973,0.31617084
34404,L6 CT,0.24201274,-0.09213643
274322,L2/3 IT,0.0033167563,-0.28604707
227416,L5 IT,-0.29787773,0.42319313
181924,Pvalb,0.30573267,-0.11285095
34478,Pvalb,-0.36912972,0.42056248
34508,Endo,-0.0696443,0.035240155
170981,L4/5 IT,-0.19338474,-0.055793274
34531,L2/3 IT,0.07114071,-0.31705585
34551,L2/3 IT,0.40253323,-0.3951439
35250,Micro,-0.37819284,0.11510478
35357,PVM,-0.11855042,-0.10584803
35364,Oligo,0.07699323,0.04806469
35797,L5 ET,-0.17261249,0.11624466
35901,Lamp5,-0.068588495,0.3987089
35905,Oligo,-0.115953594,0.29907742
35947,L6 CT,0.20884901,-0.021839518
35950,L4/5 IT,-0.36328477,0.26106814
35962,PVM,-0.16691199,-0.11856003
35993,L6 IT,0.115912795,-0.07975434
170436,Endo,-0.047978017,0.11056124
36033,L4/5 IT,0.018660422,-0.20800631
170350,Oligo,0.22831547,0.18773673
182219,L5 IT,0.38428676,-0.18079306
36114,Endo,0.2873587,0.17342864
36137,L2/3 IT,-0.32688046,-0.11663772
226743,L5 IT,0.12421191,-0.16061522
182230,Oligo,0.025352534,-0.1839423
35732,Endo,0.12863666,-0.21449189
170536,L4/5 IT,-0.40182692,0.12603317
250819,Astro,0.124156475,-0.20310913
35718,Endo,0.08152467,0.12939952
274170,Oligo,0.3496769,0.090289995
170729,L5 ET,-0.08975133,0.023115318
35476,L5/6 NP,0.25167447,0.037590962
227034,OPC,-0.14994216,-0.25015867
250808,L5 ET,-0.31845632,0.28042737
35497,L6 IT,0.116292775,0.1568682
227022,Peri,-0.029259626,0.10511659
44972,L4/5 IT,-0.41015947,0.1996784
35531,Astro,0.30625308,-0.09653406
35563,L2/3 IT,0.2341991,-0.35795167
170620,L2/3 IT,-0.4236529,0.08443551
226976,Endo,-0.15707654,0.37998936
250810,L2/3 IT,-0.0504472,-0.22987922
35672,L2/3 IT,0.32657993,-0.34495708
226906,L5 IT,-0.3208977,0.25037232
35713,L6 IT,-0.007314507,0.34010527
35532,Astro,0.38268661,-0.12569226
68007,L6 CT,-0.08907834,0.40716866
70644,L4/5 IT,-0.32681555,0.089579806
68018,Sst,-0.31800872,0.1176288
105553,Astro,0.20103449,-0.35606086
246654,Astro,-0.35732752,0.19216095
194105,VLMC,-0.05839232,-0.34626484
134762,SMC,-0.5122142,-0.06268914
105622,L4/5 IT,0.2520944,-0.26391357
105646,Astro,0.39810282,-0.27221715
105540,L2/3 IT,0.099048376,-0.32593834
194118,L5 IT,-0.1928941,0.008306604
134715,Astro,-0.19400474,0.38472918
105717,L5 ET,0.040286,-0.023251016
105780,Astro,-0.025364969,0.3347142
134693,PVM,0.41933358,-0.14040805
134609,Endo,0.077964544,-0.13711216
105846,L5 IT,0.026173647,-0.09827478
105686,L6 CT,0.21392006,0.12621354
203826,L5 IT,-0.21647277,0.08500169
262110,L6 IT,0.064956665,0.22158806
262113,Oligo,0.31637663,0.09513615
204033,L5 ET,-0.24071169,0.11196278
104964,Oligo,0.19743961,0.22271733
104976,L4/5 IT,-0.29944572,0.18180554
104987,L6 CT,0.2792269,0.03973941
134983,Astro,0.23158151,0.1927598
204016,L6 IT,0.23818678,0.041287165
105090,Oligo,0.37818623,0.079626545
105095,L5 IT,-0.21217799,0.18804888
105155,Peri,-0.04307175,-0.2840154
105203,L2/3 IT,0.11513674,-0.34052673
134935,L6 IT,-0.032503817,0.24611203
203914,L2/3 IT,-0.397374,-0.060611892
245053,L4/5 IT,-0.43310517,0.14311074
134926,L4/5 IT,-0.20526174,-0.06708498
105344,Astro,-0.09932506,0.10769187
257022,L2/3 IT,-0.40463063,0.079229936
134586,Endo,0.4416371,-0.1009569
105888,Astro,-0.35731685,0.03562818
134563,VLMC,0.031713065,-0.38301566
257061,L5 ET,0.1848324,0.003112238
106312,Endo,-0.10492864,-0.14916857
194228,L6 IT,0.09112322,0.13279651
194231,L6 CT,0.16089243,0.053139012
134160,Peri,0.38417286,-0.38890123
106384,L4/5 IT,-0.38878703,0.38528457
134146,Oligo,0.35322934,0.100391194
106409,L6 IT,0.2874511,-0.11505325
106418,L6 CT,-0.061451916,0.15090625
106449,Micro,0.40044218,0.039600056
134141,Oligo,0.20364541,0.16520248
134072,Endo,0.32144523,-0.15827934
106715,PVM,0.13703465,0.2348427
106726,L6 CT,-0.07532972,0.4235008
134068,L4/5 IT,0.4004448,-0.30253887
134339,L2/3 IT,0.08928037,-0.22594078
104956,L5 IT,0.13760227,-0.15824781
134387,L6 CT,0.2513147,0.033572476
106187,L5 IT,0.24534047,-0.1675997
105923,L2/3 IT,0.09862816,-0.34893593
134519,L6 CT,0.26915705,-0.02584957
134507,Oligo,0.12413287,0.10280363
106001,L2/3 IT,-0.2638585,-0.07963328
134481,L2/3 IT,-0.024881545,-0.27757588
106027,Pvalb,-0.3307877,0.32088783
262000,Sst,0.19581455,-0.15411593
106041,L5 ET,0.11146897,-0.11848499
203650,VLMC,-0.22574279,-0.27601993
106118,L6 IT,0.10592717,0.16044794
106125,L6 IT,0.2102915,0.0143329315
106126,VLMC,-0.21529791,-0.27997115
134418,L6 CT,0.46338302,-0.11139415
245112,Lamp5,-0.38903126,0.16769229
203616,Astro,-0.18258569,0.23474292
134397,L2/3 IT,-0.29943594,-0.007851858
135044,L6 CT,-0.17807066,0.27635762
104914,L6 CT,0.05353522,0.05700467
104898,Oligo,0.19769031,0.1539021
135851,L5 IT,0.30082816,-0.17425235
103693,Pvalb,0.33212078,-0.29636672
204454,L2/3 IT,-0.14272583,-0.15564556
103758,Peri,-0.07251248,-0.0015425868
262389,L4/5 IT,0.33487916,-0.25067353
103792,L6 CT,0.4616776,-0.05379643
204435,L4/5 IT,-0.13342673,-0.04676171
103851,L5 ET,0.18088728,0.0029179864
193762,Endo,0.18275803,-0.15148
262379,Oligo,0.13657427,0.027220767
262378,L2/3 IT,-0.12660909,-0.13535403
103878,Oligo,0.2673174,0.17148732
103882,L4/5 IT,-0.2999829,0.11398046
135818,L2/3 IT,0.3285913,-0.37188652
103919,Astro,-0.5091737,-0.0061689205
103621,L6 CT,0.31329,0.058665615
103926,L6 IT,0.3415233,-0.13491817
204492,L5 ET,0.27356684,-0.054024834
103525,OPC,-0.41049188,0.30259708
103222,L5 IT,-0.3190922,0.28887907
193606,L4/5 IT,-0.30865866,0.036334854
103237,L2/3 IT,-0.10107523,-0.2390476
136163,L6 CT,0.3210141,-0.051137943
103272,L4/5 IT,0.04210007,-0.16635923
204613,Astro,0.0943256,-0.18769531
262473,Astro,-0.43130538,0.2600504
256755,L6 IT,0.1950165,0.06638025
262470,L6 IT,0.40856433,-0.02834325
244918,Oligo,0.37710655,0.1286404
204585,L5 IT,-0.12817931,0.10259013
103393,Peri,0.009610649,0.34626648
103435,Lamp5,-0.21520317,-0.24286427
103437,L2/3 IT,0.30148858,-0.31863794
193698,Endo,-0.22780266,-0.21574555
193726,L6 CT,0.425754,-0.080193564
106774,Pvalb,-0.30594477,0.0053970627
135813,Endo,0.4386199,-0.035791475
262355,L6 CT,-0.09004253,0.28579715
104533,SMC,0.45024228,-0.24484096
104545,L4/5 IT,-0.4102108,0.4901249
104559,Astro,0.06751388,-0.27083525
262259,L5 IT,-0.29753292,0.258687
135385,SMC,-0.11189085,0.061171334
135354,L5 IT,0.34266645,-0.23808934
135309,L6b,0.112574875,0.19682829
246683,Oligo,-0.20799527,-0.07982446
104716,L4/5 IT,-0.43280882,0.34321764
135218,Astro,0.26949883,-0.43302444
135199,OPC,-0.38741755,-0.13631059
135114,Peri,-0.19547978,-0.21444164
204063,L6 IT,0.058501896,0.078571305
135070,Endo,-0.30179042,-0.12453909
104851,Astro,0.340739,-0.26966524
256881,Oligo,-0.09068182,0.15864377
204388,OPC,0.0911755,0.27244768
135477,L2/3 IT,0.08624953,-0.32544214
104413,L6 IT,0.07197076,0.09921931
256809,Micro,0.36912173,0.049853187
104112,L5 ET,0.39907897,-0.1387118
135762,L2/3 IT,0.16054845,-0.34818378
262336,Lamp5,-0.15660352,-0.2584407
104193,PVM,0.32436454,0.035459142
135694,L5 ET,-0.2768106,0.42018095
104211,Vip,-0.16994959,-0.010633934
104220,L2/3 IT,-0.34543473,-0.046884198
135614,L4/5 IT,-0.11351138,-0.123035386
104301,L4/5 IT,-0.24346095,0.08128469
104306,L5 IT,-0.25287938,0.10362361
193846,Oligo,0.16615409,0.16769843
104346,L4/5 IT,0.16942942,-0.21276559
104376,L2/3 IT,-0.2857448,-0.18756206
204244,Oligo,0.20785505,0.04355667
193879,Endo,0.12180543,-0.15638767
103217,L4/5 IT,-0.22688329,-0.026846606
261871,Astro,0.21046227,0.06402759
106813,Peri,-0.13561568,-0.19959877
245268,L5 IT,0.016044434,-0.077392116
202579,OPC,0.35730094,0.10859232
261454,Oligo,0.27317184,0.19872378
109389,L5/6 NP,-0.02689502,0.09777592
257322,Oligo,-0.4202711,0.15749137
109420,L5 IT,0.18672234,-0.124843165
109328,L6 CT,0.04752254,0.019896846
109435,VLMC,-0.09862405,-0.335817
132606,Astro,-0.033740345,-0.28175315
202549,L5/6 NP,0.2723571,-0.023359258
132430,L6 IT,0.4641239,-0.077554956
132406,L2/3 IT,-0.21477252,-0.2043034
109552,VLMC,0.34608662,-0.4929029
245292,L2/3 IT,-0.07292342,-0.24560569
202552,VLMC,0.09950811,-0.4096964
109309,L5 ET,-0.23781645,0.22698681
261479,L4/5 IT,0.051159855,-0.15434061
109250,L6 IT,-0.09610489,0.14869718
257297,L2/3 IT,0.39991897,-0.39297602
202760,L2/3 IT,-0.38304442,0.07882081
261544,L4/5 IT,0.21493483,-0.20778708
202743,L4/5 IT,0.003081616,-0.15576194
202740,Micro,-0.36020213,0.31937006
108940,Oligo,0.37057275,0.1076387
108997,L4/5 IT,-0.14671457,-0.10736634
132695,Astro,0.44574982,-0.2699956
202693,L5 IT,-0.2849387,0.33161852
109081,L4/5 IT,0.46860278,-0.36191228
109085,L4/5 IT,-0.4315467,0.12657778
202635,L6 CT,-0.006239835,0.2889776
109205,L4/5 IT,-0.42887747,0.27884027
109220,L5 IT,0.11540359,-0.089730546
132624,Pvalb,-0.016339961,-0.27332085
202512,Astro,0.1982395,-0.20564325
202506,OPC,-0.30471286,-0.042742003
202477,L4/5 IT,-0.41445804,0.3976175
132257,L2/3 IT,-0.43507588,-0.028387327
110104,L2/3 IT,-0.32451063,-0.1181124
110120,Oligo,-0.12095237,0.2946507
110131,Endo,0.12620491,0.09036629
202304,Endo,-0.2831844,-0.06592302
110206,L4/5 IT,-0.1976566,-0.05862244
131862,L2/3 IT,-0.4184952,0.11365764
195106,Endo,0.15123463,-0.25893053
110281,Astro,0.3267433,-0.24303652
195126,Lamp5,-0.21457493,0.02582572
195147,L6 CT,0.4032607,-0.008761514
261280,Astro,-0.4239781,0.33754888
110416,VLMC,-0.090691894,-0.33739915
257487,L5/6 NP,0.40780413,-0.23985676
110444,L2/3 IT,0.28116894,-0.37458953
257491,L6 IT,0.034110364,0.23882549
110066,L2/3 IT,-0.3879119,-0.06829862
261549,L6 CT,0.12630862,0.067576334
261355,L2/3 IT,-0.33263785,-0.12038176
110011,SMC,0.031779703,-0.23567747
194945,L5 IT,-0.17932913,0.067178056
132078,L6 IT,0.21994448,0.08583413
109718,Oligo,0.17352867,0.09849648
202426,Sst,-0.21290699,0.16247045
109770,PVM,0.33567482,0.034281712
109772,L4/5 IT,-0.29487577,0.010301512
132046,Astro,-0.25854632,0.21186702
257400,L6 IT,0.4026013,-0.02085932
109837,L5 IT,0.22627866,-0.15152623
202407,Micro,0.30576372,-0.26452672
261380,Oligo,0.06632894,-0.15945847
194983,OPC,0.1425147,-0.24641393
194985,OPC,-0.3117028,0.3233482
261365,Oligo,0.17218232,0.1805105
195007,Pvalb,0.0039517246,0.14498822
131879,L6b,0.17844003,0.14833872
202773,L6 CT,0.30688798,0.05393384
108754,L5 IT,0.43746322,-0.22115014
257289,Peri,-0.30436105,0.34369305
257165,Astro,0.081920326,0.3049101
194444,L6 IT,-0.22366941,0.26895705
133612,L6 CT,0.013989504,0.20808826
107292,Oligo,0.20149279,0.008250993
194475,L6 CT,-0.08438137,0.21861903
203291,Pvalb,0.2880032,-0.054286767
133485,L4/5 IT,0.37027335,-0.32875112
107372,Pvalb,-0.06347656,-0.1118442
261781,L6 CT,0.16189277,0.034474652
107436,OPC,0.0023079477,0.0222405
203232,L2/3 IT,0.39938152,-0.38307083
203208,L6 IT,0.02875572,0.23368476
203189,L5 IT,-0.2998855,0.23582481
194521,Astro,0.07326287,-0.3377112
194532,Astro,-0.10725358,0.09367494
203344,Endo,0.0016062818,-0.080298856
133446,L5/6 NP,-0.117432654,0.0850452
107193,L2/3 IT,0.34415966,-0.39345515
133679,Endo,-0.27406615,0.15919761
106864,Peri,-0.09373385,0.14000444
203422,L2/3 IT,-0.24725047,-0.18291186
106942,L5 ET,0.17124414,-0.162374
194322,L2/3 IT,-0.23115045,-0.08468594
106993,L5 IT,0.34539223,-0.15501003
194335,L6 IT Car3,-0.21179631,0.23483364
133790,L2/3 IT,-0.43596807,0.12681805
133771,Endo,-0.31160814,0.16889863
194398,L2/3 IT,0.37142247,-0.37225667
107044,L2/3 IT,-0.3669054,-0.09556906
107089,Micro,0.048427757,0.14467703
107110,L5 ET,0.43026394,-0.2560468
107129,SMC,0.09483814,-0.40655318
257163,L2/3 IT,0.14846158,-0.2779508
203352,L6 CT,0.35594273,-0.1611913
133658,Endo,-0.37973225,0.09502749
203426,L4/5 IT,-0.32444268,0.2590206
133420,L6 IT,-0.005076412,0.1569802
107662,L4/5 IT,-0.42921734,0.2992833
108391,Oligo,0.12956208,0.22581719
108404,L6 CT,0.38795537,-0.005797375
202872,L4/5 IT,-0.36596984,0.09356843
132925,Oligo,0.12513262,-0.28441146
108458,Astro,0.31268036,-0.44967386
108460,Oligo,0.07174653,0.02037881
245225,L2/3 IT,-0.4307974,-0.012772251
194688,L5/6 NP,0.30723566,0.012832861
108486,L6 IT,0.40844882,-0.026193667
132883,L5 ET,-0.30130482,0.27516982
108529,Micro,-0.053984556,-0.024810154
132875,L2/3 IT,-0.41409034,-0.05394389
245238,L4/5 IT,-0.3854882,0.41851714
108688,Lamp5,0.014476057,0.35445502
108698,L6 IT,-0.10804859,0.30979028
108353,Astro,0.4369974,0.011422258
133413,L4/5 IT,0.16068906,-0.19369094
132936,Oligo,0.24974573,0.024789434
108279,Endo,-0.36474138,-0.0037454553
133387,L2/3 IT,0.45329857,-0.40846038
107762,L6 IT,-0.21280473,0.21818213
257212,Oligo,0.45699644,0.03431223
133312,Lamp5,0.24609339,-0.43761924
133311,L4/5 IT,-0.39117163,0.2569395
194578,L5 IT,-0.10564658,0.04740451
107947,L2/3 IT,0.36508346,-0.43153688
245203,L5 IT,-0.28758317,0.3188456
133203,Oligo,-0.018421415,-0.093668744
194618,L6 CT,0.41335422,-0.049152035
261659,Endo,-0.16305888,-0.0408686
133065,L5 ET,0.39335304,-0.20538683
108204,Lamp5,-0.0017393865,-0.3393626
108211,L4/5 IT,-0.4119101,0.36394414
108238,L6 CT,0.044430908,0.17954312
108315,L6 IT,0.08384502,-0.078412965
256714,Lamp5,0.4400134,0.047465485
103196,Astro,-0.4253633,-0.024186362
103184,L2/3 IT,-0.10827994,-0.22616832
98753,L6 CT,0.021074649,0.26828673
98758,L2/3 IT,-0.36223245,-0.10144661
138863,L2/3 IT,-0.17743579,-0.1258503
98815,L4/5 IT,-0.42123538,0.34141716
246908,Peri,-0.35890758,0.39429352
98861,L5 IT,-0.08015904,0.21678357
98750,Endo,-0.044418965,0.34666923
192740,Pvalb,-0.35355625,0.09517144
138759,L5 IT,-0.11470485,0.011126321
98882,L4/5 IT,-0.34212744,0.07593916
205882,L2/3 IT,-0.22146484,-0.09864332
98924,Pvalb,0.12347901,-0.23342152
98926,L5 IT,0.34326804,-0.17740713
138758,L6 IT,-0.042740945,0.24910925
98878,Astro,0.10943508,-0.17655216
138886,L4/5 IT,-0.31249502,0.26478937
205991,L5 IT,0.4725786,-0.22218858
138909,L2/3 IT,-0.12367967,-0.20091052
206126,L2/3 IT,0.047574397,-0.31690237
98266,Astro,-0.18598306,-0.26757386
138953,Peri,0.0015011393,-0.3413451
98342,L4/5 IT,-0.22292432,0.013576906
98436,L6 IT,-0.24104053,0.3503841
206060,L6 CT,-0.12740028,0.4205087
98462,Peri,-0.5025323,0.0047856383
256410,L5 IT,-0.101080835,-0.025535215
98495,Sst,-0.17635128,0.340156
206039,L4/5 IT,-0.3398311,0.16154353
98516,L5 ET,0.40365696,-0.122255996
98546,L5 ET,-0.18651569,0.42149153
263224,Astro,0.17434955,-0.38961914
98595,Oligo,0.2690944,0.08247922
98598,L5 ET,0.2174204,-0.1717998
98973,Vip,-0.40489763,0.4796897
205837,L4/5 IT,0.2953366,-0.30609423
138736,Oligo,0.20120567,0.011579912
99018,L2/3 IT,0.14914757,-0.26589093
138652,L6 CT,0.33879423,-0.02676769
205772,Oligo,0.34831238,0.12725167
192837,Oligo,-0.10415092,0.41847792
99361,Micro,0.42465037,-0.21891393
256444,L4/5 IT,-0.21592626,-0.034264464
99393,Endo,-0.36023545,0.011292737
138542,L4/5 IT,-0.40322202,0.30048546
138541,Micro,0.4724064,-0.28771213
205754,L4/5 IT,-0.35585016,0.4004449
205748,L2/3 IT,-0.21323824,-0.20364223
256454,Micro,0.07589275,0.029692989
205742,L2/3 IT,-0.23888853,-0.14592062
99514,Pvalb,-0.23944741,0.013826352
138507,Peri,0.07148743,0.19126235
99548,PVM,0.1785776,0.2258598
205778,SMC,0.0071411096,-0.25801077
206143,L4/5 IT,-0.36150557,0.34993413
99307,L2/3 IT,-0.446462,0.0076505356
99260,L6 CT,0.07154912,0.25580308
138708,L2/3 IT,-0.24788687,-0.10000713
99058,L6 CT,-0.05536822,0.13103925
99071,Endo,-0.33340785,0.25261173
99072,L6 IT,0.24748486,0.041425567
99084,L2/3 IT,-0.24823815,-0.11266188
99096,L4/5 IT,0.35585624,-0.29751605
99125,Oligo,-0.09005463,-0.043552566
99130,Lamp5,-0.20133781,-0.26994434
138703,L4/5 IT,-0.37010697,0.4815773
99162,L6 CT,0.31791902,0.055129748
138689,L2/3 IT,-0.38512504,0.08109616
205816,L2/3 IT,0.31477803,-0.43128774
138678,Astro,0.11916065,-0.13888936
138673,Endo,0.044513877,-0.34698057
205803,Endo,0.3739888,-0.48605594
192804,L4/5 IT,-0.4151045,0.2357568
138968,L5 IT,-0.21633339,0.094096765
139017,Oligo,0.035878476,0.13560157
206161,L2/3 IT,0.056880053,-0.19748689
97139,L2/3 IT,-0.34701145,-0.058760036
97154,L2/3 IT,-0.28965622,-0.14724146
97169,Pvalb,0.19378406,0.14491211
233081,L5 IT,-0.124816716,-0.0073997863
139561,L2/3 IT,0.3570912,-0.39870444
206480,L6 IT,-0.01990724,0.3487756
206476,Vip,0.34698194,-0.095565096
192459,Astro,-0.15162084,0.23741
139526,Pvalb,-0.39348596,0.44304982
97354,PVM,-0.076890856,-0.07276662
192466,L5 ET,0.03987461,-0.0558575
97357,L2/3 IT,-0.36640674,0.026374977
97392,L4/5 IT,-0.3310154,0.1803494
139519,L6 CT,0.30387288,-8.3524734e-05
139493,Astro,-0.13771555,-0.027621109
139574,Vip,0.17468292,-0.3773205
97404,Sst,-0.020602766,0.057488244
97087,L4/5 IT,-0.3871312,0.19606344
139590,L4/5 IT,-0.40746045,0.22300355
244567,L5 ET,0.32347584,-0.19723053
96703,L2/3 IT,0.27543843,-0.40288958
96757,Pvalb,-0.36849362,0.25864628
139728,L6 IT Car3,-0.08797592,0.4156359
206663,L4/5 IT,-0.36969715,0.14246218
96835,L2/3 IT,0.44227403,-0.37435272
192393,L2/3 IT,0.07711333,-0.27370107
206625,L5 ET,0.3208769,-0.22230236
206613,Micro,0.19354683,-0.1315624
246947,L5 IT,-0.059675816,-0.0075692423
139664,Astro,-0.22453764,-0.07058148
244587,VLMC,0.01906019,-0.37823224
263526,L6 IT,0.39566678,-0.02466445
256257,L5/6 NP,-0.114549786,0.0863
97011,Endo,-0.44056672,0.04921959
97083,Oligo,0.2572819,0.16772322
99555,Peri,0.038207706,-0.26549414
139423,L6 CT,0.43425447,-0.008806277
97425,L4/5 IT,0.15568489,-0.2382849
97782,L6 IT,-0.27938926,0.33930436
97790,Astro,-0.03120992,-0.13236062
139118,Endo,0.25442195,-0.29972854
97835,Astro,-0.13971126,0.0385469
97836,Astro,0.2012986,-0.13097121
97851,Astro,0.2886979,0.14962803
139111,Astro,-0.2077648,0.35664275
139103,Oligo,0.31266725,0.11835848
97914,L5 ET,0.35647315,-0.21116643
97978,Micro,-0.18979132,0.15350173
244638,Astro,0.41524768,-0.3108371
139072,PVM,0.26040792,-0.13720421
206191,L4/5 IT,-0.3493423,0.10244404
139051,L6 IT,-0.06536174,0.2075061
244642,L2/3 IT,0.18570071,-0.2662702
97772,L2/3 IT,-0.15944374,-0.19719158
256326,L4/5 IT,-0.38483435,0.4442242
192597,L6 IT,0.068247676,0.34737763
97695,L6 CT,0.41441512,-0.058850992
97454,Astro,0.1104815,0.19820027
97466,Endo,0.35144818,-0.3988743
139383,L6 CT,-0.0747121,0.37093636
206399,L6 CT,0.23155159,-0.031008232
97513,Endo,-0.3805163,-0.12707074
139375,Peri,0.13640898,-0.3139172
139363,L4/5 IT,-0.42977688,0.22937958
139310,Astro,-0.26846233,-0.111160204
97600,Lamp5,-0.28072044,0.3801407
97623,Oligo,0.25270194,0.14524995
139293,SMC,0.11994773,-0.41064456
139277,L2/3 IT,-0.21207005,-0.1861827
256371,Pvalb,0.40888435,-0.058392096
97664,Astro,-0.5051071,-0.016423244
263379,Astro,-0.41088748,-0.1275418
97718,L4/5 IT,-0.3727556,0.30154935
244708,L2/3 IT,-0.18229523,-0.16261841
205720,L4/5 IT,-0.40205723,0.45832345
99605,L2/3 IT,-0.049530897,-0.2717384
137224,Lamp5,-0.06630257,-0.25643173
137206,L6 CT,0.36647964,-0.119604126
101820,L6 IT,0.14531618,0.10952847
101882,L5 IT,-0.22609004,0.41180024
244861,Lamp5,0.3060202,0.04485951
101926,L2/3 IT,-0.41018668,-0.033751447
101936,L5 IT,-0.2647659,0.2829047
204986,L5 ET,-0.2115739,0.41300735
137201,Lamp5,-0.3762816,-0.08581932
193272,Astro,0.33790767,-0.069082186
102107,L5/6 NP,0.41955954,-0.19772778
102112,L5/6 NP,-0.08939394,-0.02830701
204932,L6 CT,0.47329694,-0.03689109
193291,L4/5 IT,0.4120795,-0.31743106
137038,L4/5 IT,-0.39837748,0.3520845
101774,L2/3 IT,-0.34483856,-0.049363006
137018,L6 IT,0.20102066,0.083498046
101708,L4/5 IT,0.31137103,-0.29998875
101669,L5 IT,-0.24466765,0.04641215
101401,Astro,0.16055888,0.2025535
205164,Sst,-0.14798746,-0.07107569
101427,L4/5 IT,0.008286532,-0.11692612
137510,L4/5 IT,-0.15823269,-0.05924957
205151,Vip,0.43109894,-0.10173829
244847,L4/5 IT,-0.23152867,-0.056173522
137480,L2/3 IT,-0.015178088,-0.22392578
262739,L2/3 IT,0.09548521,-0.27585396
101542,L5 IT,0.15263796,-0.111360624
244851,L5 IT,-0.29001513,0.3332689
137321,L6 CT,0.15298945,0.04867081
101589,Peri,-0.25414962,0.3495601
137269,OPC,-0.019276742,-0.13711418
101600,Oligo,0.050014373,0.23746102
101625,Oligo,0.37577438,0.077230975
137236,Oligo,0.37619358,-0.13369323
262785,VLMC,-0.47550362,-0.101221904
262632,L4/5 IT,-0.32302192,0.053056818
136992,L6 CT,-0.110732734,0.3788661
262538,L2/3 IT,-0.27694508,-0.06537144
102936,L5 ET,-0.23971105,0.15895008
136652,L2/3 IT,-0.052121196,-0.27425703
136591,VLMC,-0.39551365,-0.16882943
136571,Oligo,-0.22475716,0.08227299
204699,VLMC,-0.23222482,-0.27231124
103030,Endo,-0.14724565,-0.24433087
136542,L4/5 IT,-0.4024981,0.19154172
136458,L5 IT,0.3266703,-0.17099743
103105,Micro,-0.30451024,0.34768865
262505,L5 IT,-0.23069388,0.25344476
193559,SMC,-0.16297677,-0.23196407
193577,L2/3 IT,-0.2848587,-0.13648711
103132,L5/6 NP,0.45928925,-0.20815541
204655,L5 IT,-0.11825696,0.20158081
136661,Endo,-0.06408134,0.09859668
102278,Vip,-0.25622854,-0.050153423
102881,L5 IT,-0.22995374,0.35484198
246791,L6 CT,-0.07230428,0.24725907
102377,L2/3 IT,-0.1755057,-0.19091664
102431,PVM,-0.34660995,-0.16662098
136958,L5 IT,-0.21804172,0.10755198
136938,L4/5 IT,-0.42907953,0.47793427
136866,Oligo,0.3539182,0.13362943
102532,L4/5 IT,-0.26604152,0.07699458
102539,Oligo,0.24639773,0.06976305
193382,SMC,-0.28482908,0.081064805
102629,L2/3 IT,0.4031011,-0.41368493
102655,L6 IT,-0.10524586,0.18497549
193402,L4/5 IT,-0.2931117,0.13268565
136800,L4/5 IT,-0.43312716,0.1482613
204769,L6 IT,-0.21925232,0.39799646
256654,Astro,0.041919705,-0.23605035
256656,Lamp5,0.13053793,-0.39767328
136686,L2/3 IT,0.26433265,-0.3346566
202184,Oligo,0.16119045,0.07857834
137545,L4/5 IT,0.2867297,-0.26136413
137572,Sst,0.43564522,-0.40514532
100062,L4/5 IT,0.26904714,-0.26410314
263013,L5 ET,-0.23479185,0.3856953
100173,Vip,-0.40082714,0.47796884
138337,L4/5 IT,-0.4059885,0.23139028
205544,L2/3 IT,0.04928529,-0.24011253
138315,L5 ET,-0.16602379,0.016957205
100312,L6 CT,0.21185166,0.05478565
100371,L4/5 IT,-0.40457255,0.1168056
138213,Peri,0.071924984,0.18869911
205440,L5 ET,-0.25086474,0.37456158
205437,Astro,-0.32245982,0.139486
100435,Astro,0.12789571,-0.3527819
100446,Peri,-0.03424463,0.1038789
100498,L5 IT,0.23053974,-0.17230366
262906,SMC,-0.20588303,-0.099787906
100059,OPC,0.2950117,-0.048105735
138157,Endo,0.041788872,-0.2588351
205587,Astro,0.005392786,0.015440624
256458,Lamp5,0.11163372,-0.25145707
99608,L4/5 IT,-0.2094444,0.14411156
99620,Endo,0.32672578,-0.41944566
205715,Astro,0.15833068,0.23281132
138480,Oligo,0.17182821,0.22800426
263061,L2/3 IT,-0.44242027,-0.0448408
99733,L4/5 IT,-0.07055688,-0.1054654
99785,L6 IT,0.087944806,0.14466445
192898,L6 CT,-0.18302849,0.39322135
263049,L5 IT,0.3645848,-0.21514408
99804,L2/3 IT,0.18124449,-0.31877995
99815,Vip,-0.47166032,-0.028120149
205641,L5/6 NP,0.33475578,-0.09495635
192900,L4/5 IT,-0.42079282,0.2449501
99889,L2/3 IT,0.28785974,-0.39176756
99953,Endo,-0.23746362,-0.1978571
244749,Endo,-0.16592029,0.34616724
205219,L4/5 IT,-0.32430285,0.12632148
138145,Pvalb,0.051549073,-0.19396634
100576,L2/3 IT,-0.40151882,-0.07125862
244807,Sst,0.41455454,-0.1186416
262859,L2/3 IT,0.07041848,-0.31425217
100941,L5 IT,-0.27136835,0.16626082
100958,L4/5 IT,0.3978603,-0.3321747
137712,Oligo,0.2974342,-0.108070806
137698,L5/6 NP,-0.19930518,0.27208087
193142,Endo,-0.1985907,-0.069315
101107,Astro,-0.14229304,0.42005506
137660,Oligo,0.27535707,0.11058168
137628,Peri,0.1189059,-0.2676879
101178,L5 IT,-0.25144926,0.08452849
262807,Astro,-0.053575817,-0.31387198
205236,L4/5 IT,-0.36347005,0.24913935
101220,L6 CT,0.42637622,-0.053331453
101227,L2/3 IT,0.16502923,-0.36114302
205320,Endo,0.16622216,-0.085584655
100562,Oligo,0.052471634,0.33766827
100827,Astro,-0.188829,0.2577053
256533,Peri,-0.12447062,0.2783446
138125,L2/3 IT,0.013584729,-0.20971404
138103,Astro,0.23950773,0.15243702
138089,Vip,-0.40459302,0.47601238
205400,L6b,0.0816524,0.21736126
205393,Peri,-0.24311176,-0.23578398
138010,L4/5 IT,-0.022248153,-0.103299454
246853,L5 ET,-0.24994862,0.14735793
193065,L2/3 IT,-0.30181086,-0.030521888
100692,VLMC,-0.047369782,-0.35176858
262880,Peri,0.22195435,-0.37099305
100742,Vip,-0.033016358,-0.15232413
137809,L5 IT,-0.124652505,0.056900065
100773,L6 IT,0.080747664,0.35325924
137770,L6 CT,0.14334768,0.008837204
100781,Micro,0.2542249,-0.3238102
100790,Oligo,0.30606717,-0.35828176
96554,Oligo,0.35982674,0.12907599
110565,Endo,0.22249484,-0.4469181
110592,Sst,0.22225475,-0.14489444
126914,Oligo,0.14432877,0.29573384
119743,L5 IT,-0.19891754,0.1171488
199096,PVM,-0.20607331,-0.28279078
119771,Endo,0.10926211,-0.13537888
199095,Micro,0.42820072,-0.22656937
119844,L4/5 IT,-0.40295017,0.14590876
196857,L2/3 IT,-0.015172426,-0.18072467
119868,OPC,0.102193475,-0.35785994
259582,L6 IT,-0.07549009,0.28846213
119968,L2/3 IT,-0.30430394,-0.054834265
199038,Sst,-0.37133154,0.15586238
126878,L6 IT,-0.027297113,0.044995707
120069,L5 IT,0.31586605,-0.2499503
120151,L4/5 IT,-0.28395832,0.0359119
119896,L5 ET,0.37296516,-0.14931695
259627,Endo,-0.14422768,0.09477554
119649,L6 IT,-0.23840907,0.33342865
119648,Sst,-0.25565636,0.25585607
119282,Oligo,0.09790194,0.26637784
119296,Endo,0.40001047,-0.054274965
127063,L5 IT,-0.23329496,0.25496623
127039,OPC,-0.036114756,0.03673945
199255,OPC,0.3507039,0.058569532
119382,OPC,-0.2792487,0.41281494
119384,L5/6 NP,-0.013835017,-0.028506476
126976,Oligo,0.22559708,0.18859081
119471,L6b,0.3942306,0.026592236
126966,Astro,0.4402337,-0.10709877
119475,Micro,-0.21342346,0.04205392
126928,Astro,-0.4229356,-0.0002743192
119502,L6 IT,-0.101959616,0.23690824
199182,L5 ET,-0.26214525,0.17965303
119543,Endo,-0.014096383,0.07315241
126846,Oligo,0.41598684,0.051892202
196911,L2/3 IT,-0.41526225,0.076570496
120319,Endo,0.3624735,-0.23650204
120322,L2/3 IT,-0.24065033,-0.11909272
196967,Micro,-0.11681536,-0.045385946
126576,Peri,-0.32955357,0.043558817
126574,Pvalb,0.4735846,-0.09691025
126544,L2/3 IT,-0.15026003,-0.20267151
126542,L6 IT,0.2078684,0.08084194
120999,L6 CT,0.08484048,0.093792126
197013,Endo,0.2429663,0.14220576
121025,Micro,0.30697614,-0.21471299
126406,L2/3 IT,0.0533722,-0.20772462
197039,Pvalb,-0.016500834,0.21943407
126355,L2/3 IT,-0.10900307,-0.16489775
126324,SMC,0.124560654,-0.41507283
121090,Oligo,0.39870852,-0.04406761
198688,L2/3 IT,-0.42469874,0.0029803328
197062,OPC,-0.3390428,0.31338975
120858,L6 CT,0.059061226,0.19116305
119281,Oligo,0.24612671,0.19905905
120855,L2/3 IT,-0.44412675,0.057506364
198836,Sst,-0.18286267,0.40989444
120366,L4/5 IT,0.20826751,-0.2775437
120370,Endo,-0.2707577,0.3969638
245909,L4/5 IT,-0.3569869,0.12069444
126715,Pvalb,-0.3284542,0.33894762
126696,L6 CT,-0.10160038,0.2913399
198897,L4/5 IT,-0.32372868,0.33304676
258397,OPC,0.3534401,0.057723325
198881,L2/3 IT,0.08624184,-0.22533529
120563,L6 IT Car3,0.0070820414,0.2771218
120576,L6 CT,0.101832986,0.05548529
126657,L2/3 IT,0.15772718,-0.34707853
120608,VLMC,0.059959527,-0.39302215
126652,L2/3 IT,0.23778546,-0.38451192
120660,Oligo,0.2831391,0.11676131
198841,L6 CT,-0.1473575,0.20723872
126645,L2/3 IT,0.13723105,-0.3285927
127085,L6 IT,0.03174841,0.026857715
119188,L2/3 IT,-0.17771006,-0.19980414
119187,Oligo,-0.06434491,0.26500127
118040,Micro,-0.22328103,0.37710938
245775,L5 ET,0.4176895,-0.13194795
199670,Astro,-0.33981955,0.29858056
259901,L6 IT,0.07120979,-0.00874849
118097,Astro,0.41564006,0.032470327
127786,L5 ET,0.13027978,-0.12574388
127692,L2/3 IT,-0.25838763,-0.05864619
127647,L2/3 IT,-0.31562793,-0.13107057
118252,Endo,0.03144097,-0.2709416
127621,VLMC,0.2787751,-0.47326747
118272,Endo,0.11357951,0.042319816
259863,L4/5 IT,0.305943,-0.2610245
196596,L6 IT,-0.10100618,0.14825223
199574,Peri,-0.22560313,-0.0635138
118324,L2/3 IT,-0.41350883,0.09904109
199681,L6 CT,0.27857637,0.025206428
196601,Micro,-0.25630602,0.34295812
199695,Endo,0.011247333,0.24404208
127969,Astro,0.19620907,-0.24481936
246330,Oligo,0.33000857,0.13469695
117601,Oligo,0.13240826,0.05317114
117674,L2/3 IT,0.26621586,-0.34700194
128026,L5 IT,0.032190915,0.013571482
128023,L6 IT,-0.044257913,0.33210012
246325,L4/5 IT,-0.3766019,0.28330168
128008,L5 IT,-0.08795431,0.009223919
245754,VLMC,-0.08479136,-0.33947995
117798,L6 CT,0.47242808,-0.050405074
117800,L5 IT,0.22264397,-0.15188788
196428,Astro,-0.19263268,-0.06425829
117831,Oligo,0.22945821,0.0990905
259940,L6 CT,0.3322764,-0.014011312
199740,L2/3 IT,0.06739849,-0.26145652
127983,L2/3 IT,0.099491954,-0.16322492
245764,L6 CT,-0.1182684,0.31019607
198663,OPC,0.10690975,-0.39287642
118414,Micro,-0.30107045,0.37539515
118465,SMC,0.4398077,-0.2278084
127178,L6 CT,-0.021420125,0.2474703
196736,Endo,-0.25536972,-0.005115796
118936,L5 ET,-0.21353918,0.40187845
258310,L4/5 IT,-0.13158521,-0.08029331
259738,Astro,-0.3566335,-0.16267182
196759,L5 IT,0.07238442,-0.015459318
127116,L4/5 IT,0.077782154,-0.116451636
199355,L6 IT,-0.2500083,0.34246948
119084,L5 ET,-0.21922019,0.3908688
196775,L5 IT,0.34634924,-0.19004194
258314,L6 CT,0.088916,0.12942009
259716,L5 ET,0.34695512,-0.08836456
127088,Astro,0.43246502,-0.33901688
199315,Endo,0.45516002,0.050000947
119164,PVM,0.44877505,-0.068727806
196712,L6 IT,-0.06738573,0.27996603
199526,L4/5 IT,0.2424972,-0.24070166
118868,L4/5 IT,-0.34332395,0.47038236
259767,L6 CT,-0.008095149,0.26547208
259842,L2/3 IT,0.30185568,-0.37833515
118501,Oligo,0.4672742,0.06473057
118503,L2/3 IT,0.32525986,-0.3209909
199487,Astro,0.22797418,0.087226555
245809,L4/5 IT,-0.33369443,0.2316442
259805,SMC,0.073788404,-0.20710702
118609,L4/5 IT,-0.41193226,0.4782255
127364,L6 IT,-0.20951435,0.26009145
118622,Pvalb,0.35137922,-0.040160675
199433,OPC,0.36533153,-0.24193962
196656,L5/6 NP,-0.14566693,0.24668454
127284,Pvalb,-0.39620304,0.27558276
259786,L5 IT,0.19690418,-0.2023971
118764,Astro,-0.0065683164,0.22074585
199404,L6 CT,0.39510846,-0.006198574
246289,L6 IT,0.21457022,0.08851473
258150,Oligo,0.35125452,0.088158235
121233,SMC,-0.13179925,-0.3167462
198644,Micro,0.12762153,0.19362418
258627,Pvalb,-0.26702496,0.29845795
123606,Oligo,-0.013954643,0.28408286
125221,L6 CT,0.33135104,0.019348305
197880,Oligo,0.45203602,0.03578345
125213,OPC,-0.0819408,-0.003591586
125205,PVM,-0.17315704,0.22519104
197921,VLMC,0.17575139,-0.43800384
125125,L6 CT,0.28116322,-0.03285517
123764,L2/3 IT,0.0405603,-0.27035844
123777,Oligo,-0.022595827,0.27105412
197475,Oligo,0.45946962,0.061632436
123874,Astro,0.18773192,0.23180406
197805,L2/3 IT,-0.2741343,-0.16191433
123881,PVM,0.07112247,0.17007534
258648,Oligo,0.39699113,0.013076644
197923,Oligo,0.06743288,0.010469299
197933,Micro,0.4527204,-0.36193725
125326,Astro,0.29825336,-0.24951108
123006,Pvalb,-0.23834386,0.16706227
123031,Peri,0.12221861,0.2427346
197338,Oligo,0.22023958,0.18007676
123060,SMC,-0.4896994,-0.050140668
125458,L6 IT,-0.103961736,0.29274818
123092,L6 IT,0.12192297,0.15781258
123103,Endo,-0.18832281,-0.09171508
125433,L4/5 IT,-0.036562238,-0.13753738
125416,L6 IT,-0.07099703,0.31504092
123139,L4/5 IT,-0.32713845,0.104152784
125366,L6 CT,-0.05740944,0.22169708
123220,L2/3 IT,-0.42518592,0.098901615
123223,L4/5 IT,-0.43329194,0.16804634
123329,VLMC,-0.32706508,-0.21729808
123368,Oligo,0.20219308,0.17381011
123884,L2/3 IT,0.3972022,-0.44287482
123898,SMC,0.035032865,0.15125762
258866,Vip,0.2344476,-0.25141522
123910,Oligo,0.042337295,0.17724286
124281,Astro,-0.1524424,-0.24470277
124282,L4/5 IT,-0.35283524,0.15409808
124678,L6 IT,-0.24122587,0.3327475
197683,L5 ET,-0.13205546,0.07526539
197682,Oligo,-0.070313156,0.25309
124388,Endo,0.30824643,-0.024351168
124390,L6 IT,0.22543496,-0.03107344
124395,L6 CT,-0.026026014,0.23302303
258775,L4/5 IT,-0.23699099,0.04133777
258770,L2/3 IT,-0.32406458,-0.06301133
197616,L5 IT,-0.31560808,0.34675398
124452,Micro,-0.06409606,-0.33953193
124472,L5 IT,-0.17565536,0.4262323
124526,L4/5 IT,0.25945628,-0.26549366
124592,Oligo,0.21278703,0.20786332
124280,Lamp5,0.009680327,0.2507883
122989,L2/3 IT,-0.41833147,-0.027207423
197686,Oligo,-0.32816315,0.23877047
124710,Endo,0.0878551,-0.12186821
197779,Peri,0.23792046,-0.3453656
197504,L4/5 IT,-0.30563682,0.118844494
197762,L2/3 IT,0.14579916,-0.24328591
258842,Oligo,0.27457345,0.04881118
197512,L4/5 IT,-0.34100753,0.062961325
124100,L2/3 IT,0.2227704,-0.3179564
124113,Endo,0.13659269,0.021621983
197718,L6 CT,-0.09290448,0.3747973
124879,L6 IT,-0.1375902,0.20213364
124134,L4/5 IT,0.019634303,-0.17973791
124863,L2/3 IT,-0.35454267,-0.083905086
124773,L6 IT,0.15746528,-0.078583226
124756,L5 IT,-0.23344326,0.40685073
124194,Endo,-0.06346533,-0.07865544
124215,Oligo,0.09055823,0.32723358
124227,L2/3 IT,-0.46033344,0.0025391988
125495,SMC,-0.2709494,0.19324003
122916,Astro,0.0744493,-0.30262735
122894,L5 ET,0.21590215,-0.14954574
121696,L6 CT,-0.14617509,0.27323607
121708,Oligo,-0.07432261,0.06563477
126205,L6 IT,-0.012998465,0.34356388
121829,L5 IT,0.3675148,-0.19600074
126179,L6 IT,0.026439305,0.26706913
197121,Astro,0.41926306,-0.013654638
126164,L4/5 IT,-0.24881124,0.024261992
121955,Astro,0.3220592,-0.38620454
259232,L6 CT,-0.0024975576,0.08440147
126155,L6 CT,0.21209711,0.051777106
126124,L4/5 IT,0.4166184,-0.36628184
122067,L4/5 IT,-0.4040126,0.14944057
126119,L2/3 IT,-0.30411786,-0.13846599
122134,Peri,0.10741544,0.23200826
122139,L2/3 IT,-0.43781766,-0.013039459
258464,L5/6 NP,-0.06289005,0.024016004
122142,L2/3 IT,-0.43706334,0.030201536
126224,Pvalb,-0.10985741,0.4084907
121545,L5 IT,-0.12109655,-0.02878194
121280,L5 IT,-0.22050941,0.10114591
121281,Sst,-0.3232401,0.39925906
121324,L5/6 NP,0.0020598136,0.064912245
121339,L6 CT,0.07034844,0.25568792
121349,Oligo,0.121774614,0.17374574
121361,L5 ET,-0.1551983,0.41995075
121397,Lamp5,0.3797562,-0.44075066
126293,Oligo,-0.010646466,0.06034903
121416,L6 CT,0.32656294,-0.037781466
197089,L2/3 IT,0.2672369,-0.3550196
121422,L2/3 IT,0.19931233,-0.2758453
121427,L4/5 IT,0.45441788,-0.32743907
121429,Pvalb,-0.25706303,0.06930576
121442,L5/6 NP,-0.013986651,-0.060081083
121533,L4/5 IT,-0.35293868,0.07965277
121625,L2/3 IT,-0.22461903,-0.17695723
126316,Endo,-0.14682093,-0.29171363
197131,L2/3 IT,-0.11423901,-0.19389625
122220,Endo,0.19193858,-0.423619
259102,L6 CT,0.08296472,0.1393107
122646,L2/3 IT,-0.3681095,0.009670954
258547,L4/5 IT,0.38526368,-0.31385723
246032,L2/3 IT,-0.4327808,0.06661324
122719,Lamp5,-0.41647965,0.032250863
246205,L2/3 IT,-0.4152369,-0.046066124
198151,L6 CT,0.15673012,-0.10701756
122755,Endo,0.04009902,-0.14026253
125609,L2/3 IT,0.07016069,-0.24373795
122776,VLMC,0.34013444,-0.490066
122783,Astro,-0.056838874,-0.08387165
125575,L4/5 IT,0.26720423,-0.24428539
125563,Astro,-0.4942134,0.037960332
125560,L4/5 IT,-0.23640361,-0.0027643628
122881,L5/6 NP,-0.20983446,0.24448894
125736,L5 ET,0.46218908,-0.19068553
122212,L5/6 NP,-0.10511002,0.39325258
122573,Peri,-0.3553297,0.22983669
198249,L5 IT,-0.20462337,0.044365745
245998,L6 CT,0.4069926,0.0141779
259198,L6 IT,0.35227942,0.004780274
258503,L4/5 IT,0.068455696,-0.19727774
125979,L2/3 IT,-0.14221415,-0.15025474
125967,L6 IT Car3,-0.17916158,0.3879846
198336,L6 CT,0.14927042,0.118069515
122346,Oligo,0.4340303,-0.16840984
125934,Micro,0.276056,-0.25781447
259165,L6 IT,-0.0028654374,0.26497295
125815,L6 IT,0.007842835,0.17597221
122448,Astro,-0.01232386,0.013200086
125777,Sst,-0.25158125,0.20533435
198274,Astro,-0.3271603,0.18919443
122526,Astro,0.08103526,-0.110172525
197250,Micro,-0.41988185,-0.10031481
125740,L6 CT,0.033731397,0.20358877
128259,L6 CT,0.30237162,0.053337317
117533,L2/3 IT,-0.5000591,0.059930366
117526,L2/3 IT,-0.09563729,-0.15383704
112755,L5 ET,0.022725996,0.03908102
112760,L6 CT,0.31059557,-0.046411473
112787,Oligo,0.34506226,0.103178725
130488,L2/3 IT,0.30937308,-0.36030713
130464,Astro,-0.3172945,0.18201368
260828,L4/5 IT,-0.41805962,0.17736708
130492,L2/3 IT,-0.1821098,-0.21972568
130380,Pvalb,-0.19483873,0.23874001
195598,OPC,-0.15327391,0.13759278
112949,L6 CT,0.06116497,0.10306923
130331,Endo,0.015129741,-0.15937065
112991,L6 CT,0.09888786,0.17315494
113005,L4/5 IT,-0.368308,0.12966047
113059,L5 IT,-0.07426873,0.026376288
260822,L6 CT,0.26625425,0.091443405
112742,Sst,-0.3462032,0.22704445
112711,Oligo,0.048795875,-0.13905819
130502,L5 IT,-0.18608421,0.14253859
195496,L2/3 IT,0.040612694,-0.29470685
112432,L6 CT,0.15524828,0.07515065
130708,Sst,-0.22468856,-0.14675544
112485,Oligo,0.41961318,0.010988753
112491,Astro,-0.11295223,-0.20788227
201501,Oligo,0.120111346,0.30563226
245497,Endo,-0.23969695,-0.056693424
112516,L6 IT,0.35011864,-0.13932253
260884,L6 CT,0.4624139,-0.04049729
130586,Oligo,0.44820207,-0.20987864
201491,PVM,0.12788486,0.3336722
112576,L4/5 IT,0.03719574,-0.1524299
130553,Pvalb,0.059634324,-0.16429965
195532,Oligo,0.10909581,0.34585336
260863,Astro,0.3153019,0.13191651
113083,L5 IT,-0.05515984,-0.039203513
113094,Pvalb,-0.10629395,-0.08807464
113128,Astro,0.051649805,-0.12195788
130313,L4/5 IT,0.08149445,-0.18007953
113423,L4/5 IT,0.47356713,-0.3556979
130049,L4/5 IT,-0.2651089,0.062717184
130039,Endo,0.3550598,-0.09627177
195700,L2/3 IT,0.05697256,-0.2068174
201205,Micro,0.30452794,-0.4319798
113461,L2/3 IT,-0.35398364,0.04457931
257806,L2/3 IT,0.0023359023,-0.25199512
129943,Pvalb,-0.031740222,0.14680867
113501,L2/3 IT,0.37784874,-0.32619694
113540,OPC,0.19376397,0.26641175
246434,Astro,-0.4067229,-0.10283516
129848,L5 IT,0.00033813342,-0.0408444
113571,L2/3 IT,0.098843396,-0.33663043
113603,L2/3 IT,-0.068157405,-0.26631686
201156,L2/3 IT,0.43377024,-0.39020118
113397,L6 CT,0.39513344,0.03521798
112381,Astro,-0.2608077,0.21118943
113391,Micro,0.097311676,0.3138295
113351,Sst,0.026826974,-0.029510338
246465,L4/5 IT,0.08782095,-0.18032904
113144,L2/3 IT,-0.28574824,-0.071319565
195631,Oligo,0.14394188,0.3114963
113161,L6 IT,0.09071034,-0.048056204
130198,Endo,-0.20425239,-0.2571943
113236,Oligo,0.21053946,0.17164074
130160,L2/3 IT,0.30748963,-0.40209237
113286,L2/3 IT,-0.01646388,-0.23683234
246456,Pvalb,-0.07424322,0.09987442
195679,L2/3 IT,0.32189512,-0.32119235
113306,L2/3 IT,0.02054238,-0.2824647
260753,Oligo,0.12943631,0.32705745
113311,L5 IT,-0.08778623,0.10148947
113340,L6b,0.4095518,0.04282997
113350,PVM,0.34543914,0.0432447
130052,L4/5 IT,0.06752896,-0.14732797
201538,L6 CT,0.23216492,0.010399263
112375,Micro,0.21437436,-0.042443473
112347,L4/5 IT,-0.41350812,0.35382137
257525,L2/3 IT,-0.13956895,-0.11781959
110965,L2/3 IT,-0.20319635,-0.13875504
110986,Astro,0.19933885,-0.11324714
195260,Pvalb,-0.34205815,0.42911097
111014,L6 IT,0.18928206,0.09589748
111016,L2/3 IT,-0.4685659,0.012678962
111112,Oligo,0.13448453,0.2966747
111134,Peri,-0.39112008,0.21712165
111193,L6 CT,0.3821264,-0.18299647
111195,Oligo,0.33212352,0.13683729
201965,L2/3 IT,0.26862627,-0.38507417
111258,Endo,0.20955747,-0.21063273
111265,Astro,0.13864869,-0.4023779
261152,L6 IT,0.09323859,0.1660382
195264,L2/3 IT,-0.35398436,0.01646934
131333,Pvalb,-0.36112285,0.38268885
131302,Endo,-0.12375215,0.39006254
131348,Sncg,0.14684278,-0.31959325
131353,L4/5 IT,-0.3279882,0.18149202
110595,L6 CT,0.2328394,-0.022596974
110611,Astro,-0.25665164,-0.25762337
110617,L6 IT,0.00057988986,0.3540624
110653,L5 IT,-0.2738731,0.09810303
110681,L5 ET,-0.050426397,-0.044841338
131435,L4/5 IT,0.46388334,-0.3704994
195220,L6 CT,0.094099045,0.041639905
202115,L6 CT,0.27970314,0.009292286
131384,L4/5 IT,-0.4216894,0.107986316
202104,L6 CT,0.07960415,0.2549322
202102,L4/5 IT,0.10344893,-0.20671429
131359,OPC,-0.080138445,-0.32321367
110824,OPC,0.28526628,0.07927261
110830,L6 CT,-0.031484876,0.09859078
110839,Astro,0.1815961,-0.3536886
202066,L5 IT,-0.18702754,0.080285415
129838,Oligo,0.13624841,0.3027797
131289,Peri,0.10512906,-0.23785307
201869,Astro,0.08742201,0.20592211
111975,Endo,-0.38043672,0.4666246
260966,Oligo,0.13959211,0.20139228
130970,Astro,-0.043354455,0.19581889
130938,Astro,-0.30219966,0.38499638
112079,L4/5 IT,-0.3544022,0.44022974
130921,L4/5 IT,0.14389026,-0.21214561
130895,Peri,0.24961871,-0.10984655
112170,Endo,0.39517957,-0.3103279
130847,L5 ET,-0.06654173,-0.072919086
112204,Endo,0.04382288,-0.047602583
246492,L2/3 IT,0.09719157,-0.28624323
195478,Vip,-0.36007184,0.10939704
201602,L2/3 IT,-0.1831469,-0.19830526
112249,Lamp5,0.0040644966,-0.004195679
112262,L2/3 IT,0.32401913,-0.40853438
201706,L6 CT,0.14139867,0.17139195
111362,L4/5 IT,-0.16089094,-0.019242484
260979,L2/3 IT,3.8500875e-05,-0.20588525
131088,L6 CT,-0.11382893,0.34621343
257554,Endo,0.33895028,-0.46839803
131241,L6 CT,0.22248596,-0.05855133
261094,L6 CT,0.2941572,0.08680813
195294,SMC,-0.1616796,-0.2356004
131123,Oligo,-0.08608237,0.26906654
111632,Endo,0.023736235,0.18610184
201798,Oligo,0.3349933,0.09241514
261063,Oligo,0.2898531,0.14861737
111668,L2/3 IT,-0.24078405,-0.17308868
111683,L5 IT,-0.015319649,-0.040878166
111689,L5 IT,-0.23442835,0.29719278
111695,L2/3 IT,-0.18575394,-0.20032282
111704,L6 CT,-0.1785695,0.41361937
195323,L6 CT,-0.0989674,0.4084948
261047,Astro,-0.088145524,-0.3095931
195377,L6 CT,0.13749027,0.1775515
195757,VLMC,0.2526747,-0.46662486
113638,L6 CT,0.0027006231,0.13702033
129809,L4/5 IT,-0.25526735,0.02951489
260249,L6 CT,0.20617038,0.009806376
116151,Micro,-0.04463822,-0.045821536
116153,Astro,0.09656286,-0.13811924
260224,L2/3 IT,-0.48674116,0.022065025
116249,PVM,-0.47258586,-0.10709508
116282,L6 CT,0.47492427,-0.0560032
116303,VLMC,-0.28209823,-0.24310555
116309,OPC,-0.07990581,0.30696616
116387,L2/3 IT,0.14074033,-0.31815717
116402,Astro,-0.007573787,-0.2861745
246364,Astro,-0.03247941,0.2530181
200178,L4/5 IT,0.03950387,-0.1554778
116571,L5 IT,0.04821002,-0.1130117
128470,Oligo,0.26887095,0.13686965
196286,Oligo,-0.23657635,0.3453025
245683,Oligo,0.14634746,0.32577255
116637,Pvalb,-0.073340535,-0.16922711
116078,L4/5 IT,-0.31389993,0.14415662
196251,Lamp5,0.07618165,0.32099906
200420,L4/5 IT,0.24264449,-0.23646958
115830,L2/3 IT,0.38140976,-0.41258147
115861,Oligo,0.28936654,0.14274983
200402,L2/3 IT,-0.3974106,-0.07655989
258065,L6 CT,0.31083655,0.0069074444
128616,L5 IT,0.0066815577,-0.014864225
115934,Astro,0.4142505,-0.43288442
200381,L5 IT,-0.21810824,0.0881605
115987,L6 CT,0.2193991,0.022037964
128614,Micro,0.3005709,-0.41466418
245668,Pvalb,-0.21049836,0.28941813
128586,L6 IT,0.010885175,0.070965275
196249,Endo,-0.42884296,0.48709103
116045,Endo,0.3127277,-0.33002996
116059,Vip,-0.30804947,-0.004610408
116069,Micro,0.43738234,-0.27606937
115742,Astro,-0.41899073,0.4297478
200140,OPC,-0.11408287,0.28575096
116667,Micro,0.3149355,-0.38075003
199975,Vip,0.47520941,-0.075801924
199962,L4/5 IT,-0.36559588,0.07241158
117201,L6 CT,0.19318229,0.06331782
117208,Peri,-0.31507623,-0.07435988
117228,L6 CT,-0.017789189,0.12988077
117260,L6 CT,-0.112941295,0.22070764
199903,Oligo,0.36931533,0.115776286
117302,Astro,0.2146231,0.14102076
199896,Astro,0.33533686,-0.1333762
117370,L2/3 IT,-0.0024107136,-0.20807864
117415,Astro,-0.13773373,0.34446588
128318,OPC,-0.05708972,-0.20411332
117431,L2/3 IT,-0.14879435,-0.22058497
117465,L4/5 IT,-0.39442694,0.24554686
128284,L4/5 IT,-0.3336094,0.025315862
128321,Oligo,0.005701598,-0.099679425
128456,L6 IT,0.12090343,-0.0026053973
128353,Endo,0.1906367,-0.1340142
116960,Endo,-0.29063827,0.027188223
128429,Astro,-0.3967721,-0.12631379
116754,L6 IT Car3,-0.06223673,0.3191922
116794,L6 IT,0.05159181,0.20894985
116833,L6 IT,-0.011136536,0.102694914
200071,L2/3 IT,-0.40924984,-0.06885238
116845,Micro,0.046523686,0.2215976
128424,L2/3 IT,0.29002857,-0.38077006
116852,Astro,0.18045378,-0.3152237
116858,Sst,-0.015795473,0.02838431
116895,Lamp5,-0.23641393,-0.2091295
116901,Micro,0.17110193,-0.40881777
200039,L2/3 IT,0.10131377,-0.3093033
128399,L6 IT,0.46244687,-0.09819497
200030,Peri,-0.2865492,0.060198944
128392,L4/5 IT,-0.28788912,0.040112894
117061,L2/3 IT,-0.41180664,0.0053705387
131457,L2/3 IT,0.11762804,-0.34244514
128668,L6 IT,-0.16647595,0.28281072
128798,Oligo,0.29339254,-0.20042114
114520,L2/3 IT,-0.40342492,-0.05296122
195899,Peri,0.06216597,0.13045673
129416,Sst,-0.35238212,-0.061042298
114576,Pvalb,0.088780224,0.1111844
129415,L2/3 IT,0.12295109,-0.2884267
129325,L5 IT,-0.014280383,-0.14912091
195942,L5 IT,0.18305218,-0.11485855
114644,Pvalb,-0.022400204,0.24498104
129205,Endo,-0.24451712,-0.0748664
114648,Oligo,0.16002834,0.21598266
114751,Astro,0.1993829,-0.1346096
129196,L2/3 IT,0.08099002,-0.2688934
200746,L2/3 IT,-0.19485784,-0.095468745
196005,L6 CT,-0.05737907,0.19125913
129131,L2/3 IT,-0.29354176,-0.09572311
260582,L6 IT,0.43159795,-0.18520607
196022,L2/3 IT,-0.115718514,-0.21140827
195884,Pvalb,-0.33036372,0.25802782
129514,L2/3 IT,-0.40665737,-0.044044662
113748,L6 IT,0.4291492,-0.17407797
129674,Endo,0.42499185,-0.40720686
201089,L4/5 IT,-0.0757207,-0.070258066
260646,Oligo,0.41734517,0.064447805
257844,Oligo,0.20146483,0.21239702
195827,Oligo,0.23481017,0.18043177
260619,Astro,0.048794504,0.15316819
129557,Endo,0.14021075,0.12841122
113994,PVM,-0.40076038,0.32919046
114009,Micro,0.008762237,-0.0863194
114026,Peri,0.02348065,-0.01721694
114067,Micro,0.22458333,-0.09768249
114090,Oligo,0.20183164,0.16175108
129522,Endo,-0.16665915,0.0687388
200997,Endo,0.19990313,0.10023485
129507,Astro,-0.2200701,0.14927118
128704,OPC,0.37235296,-0.0992292
114892,Endo,-0.0703713,0.26227972
114984,Peri,0.09739876,-0.38144404
115456,SMC,-0.24924666,0.29726663
260368,Oligo,0.35463303,0.10707621
245653,OPC,0.032662388,0.057025056
258017,L6 IT Car3,-0.060313497,0.33061376
115567,Endo,0.08071786,-0.022934634
128820,L6 CT,0.015162166,0.18259399
200495,L6 CT,-0.054040734,0.18909018
196143,Endo,0.37201595,-0.4062048
115615,SMC,0.070510626,0.33408478
200472,Oligo,0.16929698,0.26320216
115633,Endo,-0.06362426,-0.13729377
258030,L5 IT,0.13068908,-0.16354306
115667,Astro,-0.13921493,-0.058474172
115681,Endo,0.07499272,-0.12064026
200458,Endo,-0.30704033,0.2295885
128947,L6 CT,-0.038121764,0.15807812
196023,Endo,0.18661815,0.062338095
128964,L4/5 IT,0.16566491,-0.24039103
246395,PVM,-0.3617221,0.220744
114993,Astro,-0.07425511,-0.31295508
200675,PVM,0.11539531,-0.27686605
115000,SMC,0.11314905,-0.41253695
196029,Oligo,0.40032917,-0.050866086
115079,L4/5 IT,-0.3657593,0.12527643
115084,L6 CT,0.13121367,0.018290918
115181,L6 IT,-0.0021033324,0.16208659
260412,VLMC,0.08569151,-0.40494004
129101,L4/5 IT,-0.4331865,0.22155736
260403,Astro,0.42149645,-0.024393309
129092,L2/3 IT,0.18679708,-0.33627284
115288,L6 IT Car3,0.12437433,0.34301582
129068,L6 IT,0.14145613,0.0020344667
260396,Endo,0.07031691,-0.027009714
115313,Oligo,0.31463766,0.017440837
128994,OPC,-0.39261794,0.22649167
68008,Endo,-0.35611194,0.18426542
96551,PVM,0.01489174,-0.2606611
96538,L5 IT,-0.13612702,0.09710787
78169,L6 CT,-0.10203475,0.34582952
78174,Astro,-0.26402745,-0.23655118
78176,Micro,-0.11001161,-0.29065117
148204,Sst,0.074616015,0.12993734
148174,L5 ET,-0.18159404,0.32683387
148155,L4/5 IT,-0.40959278,0.47645614
78136,Oligo,0.29953492,0.096466705
78264,Endo,0.31744134,-0.27563483
247437,Oligo,-0.042117152,-0.077690735
212663,Oligo,0.27271187,0.1541063
266777,L2/3 IT,-0.27728954,-0.12009765
266771,Astro,0.066030204,-0.37138495
78421,L6 CT,0.41618222,0.022771876
189584,L4/5 IT,0.0034337007,-0.1635028
78332,L2/3 IT,-0.48031735,0.044939917
212714,Astro,-0.15503743,-0.2857884
212724,Peri,-0.13776308,0.42528924
78081,L4/5 IT,0.43087852,-0.32755652
77548,Endo,-0.14414397,-0.059856642
148365,Micro,0.05097818,0.19452886
77679,Oligo,-0.37002057,0.20618849
212853,Oligo,-0.061034475,0.08374457
77826,L2/3 IT,0.31046396,-0.3699772
77827,L2/3 IT,0.38935274,-0.40446767
77849,Oligo,0.112462044,0.2592
148346,L5 ET,-0.23684564,0.3125709
266845,VLMC,-0.32118416,-0.21963687
77915,Micro,-0.22183502,-0.25128207
148325,Astro,-0.2685157,-0.17282923
254685,L6 IT,0.10580349,0.12528037
77981,L5 ET,-0.1794639,0.17980258
148237,L5 IT,0.07675439,-0.10343371
148223,Astro,0.30188584,-0.47937897
212627,Micro,0.027116176,0.091889784
78456,Vip,0.28937805,-0.3236309
254717,L6 CT,-0.18445507,0.30037835
212597,SMC,-0.33321324,-0.11655457
78946,Astro,-0.080247104,-0.0964341
212441,L5/6 NP,0.04628169,-0.061051894
79005,L2/3 IT,0.013338145,-0.20502932
212414,L6 IT Car3,-0.26719284,0.3863159
243634,L2/3 IT,-0.071760714,-0.20642252
79177,L2/3 IT,0.3965149,-0.38318166
79179,Oligo,0.25713187,0.07075666
254825,Oligo,0.17353272,0.20997559
212357,L5 ET,0.20271754,-0.09432535
79344,L5/6 NP,0.057891425,0.11059271
79417,L4/5 IT,-0.40710485,0.16761695
79445,Pvalb,-0.21084633,0.06202553
266603,L2/3 IT,-0.30798018,-0.11241774
79517,VLMC,0.04829317,-0.39011326
147581,SMC,-0.29494083,-0.041669834
243611,Lamp5,-0.40534177,0.45195046
212925,SMC,-0.24815047,0.3008733
254816,L4/5 IT,-0.35288915,0.33034524
254814,L2/3 IT,0.29030335,-0.36815736
212588,L4/5 IT,-0.32171828,0.21030675
254722,Astro,-0.14615473,0.3667898
148006,Endo,0.019404586,-0.33900067
212573,Pvalb,0.24626249,-0.006005723
189649,L6 IT,0.3900169,-0.20411442
212568,L2/3 IT,0.3858723,-0.38174215
147904,Peri,0.08339679,-0.3500372
78704,VLMC,-0.19098291,-0.29188195
189678,PVM,-0.28734344,-0.24004067
78749,SMC,0.10990465,-0.28176117
147824,Astro,-0.23247066,0.10685925
266713,Micro,0.32465792,-0.47490692
189694,Peri,0.0457648,0.24504165
78814,Oligo,0.15997261,0.26221225
266706,Micro,-0.33475217,-0.080800906
78914,Astro,0.39395458,-0.17046408
77492,L2/3 IT,-0.3554647,0.0008765869
212932,Micro,0.25062627,0.05308215
254672,Micro,0.056493577,-0.34720615
149104,SMC,-0.33361906,-0.11143629
247463,SMC,0.11945653,-0.41610125
267180,L6 IT,0.1110636,-0.044932563
76210,L4/5 IT,-0.38070336,0.20767747
76230,L6b,0.10004711,0.18155186
213392,Pvalb,-0.040502075,-0.124113336
76291,Astro,0.058458325,-0.085619584
213380,Endo,-0.103848994,0.31701425
76344,VLMC,-0.50605536,-0.07393046
254550,L6 CT,0.41419667,-0.035212208
148863,L4/5 IT,-0.41416764,0.26408866
254589,Oligo,-0.34514034,0.19612233
213295,L6 CT,-0.13921407,0.39333293
76509,L6 IT,0.20314217,-0.018917013
148817,OPC,-0.089304596,0.19003372
76162,L4/5 IT,-0.4122637,0.19606577
76590,L2/3 IT,-0.32633036,-0.07994719
76154,L6 IT,0.21673256,-0.12450527
213437,Astro,0.3134303,-0.26885858
75782,L4/5 IT,-0.43348616,0.31435087
149200,Astro,0.09510118,0.277994
213560,Peri,-0.14245352,-0.03506388
213557,L4/5 IT,0.33169228,-0.28320685
213553,L6 CT,-0.023610894,0.16968887
189296,Endo,-0.3521135,0.19508891
267227,L4/5 IT,-0.086131215,-0.094856486
267224,Endo,-0.19168374,0.29244736
149127,L4/5 IT,-0.18819419,-0.01605444
213489,L4/5 IT,-0.36709648,0.4133694
76006,Endo,-0.19987571,-0.15246998
76040,PVM,0.1256975,0.2417904
267204,OPC,0.26434332,-0.2891913
76043,Astro,-0.32567078,-0.18286796
76058,SMC,0.02245688,-0.24533708
76142,Endo,0.14887387,-0.2342969
212249,Lamp5,0.049613293,-0.25226068
148753,L6 CT,0.3327337,-0.025120217
213234,L6 IT,0.13472456,0.10556279
77193,L6 IT,0.004020866,0.33239517
77206,L6 IT,-0.06254786,0.28223434
77211,Oligo,0.04477858,0.036818128
266959,Astro,-0.36720756,-0.13015734
77227,L5 IT,-0.013871256,-0.097236946
77232,Oligo,0.231403,0.16025446
77251,L6 CT,0.33478314,0.019171279
212992,Oligo,-0.029021177,-0.07052334
77309,L5 ET,0.13450533,-0.12817512
77336,Oligo,0.16557378,0.17607664
212959,Sst,0.107774675,-0.14343806
77382,L6 CT,-0.14601618,0.3512425
212954,Oligo,0.10273188,0.29141065
148408,L5 IT,-0.16415581,0.30595103
77392,Peri,0.42859465,-0.1598153
254659,Peri,-0.08815575,0.3656443
76663,L4/5 IT,-0.28931198,0.10860185
243523,L6 CT,-0.11264929,0.10516308
213114,L6 IT,0.009003695,0.2706435
213233,Oligo,0.10470748,0.29454413
213227,L6 CT,0.16615486,0.111325786
148632,L2/3 IT,0.3811164,-0.40773383
76689,L6 IT,0.011833128,0.31968215
148617,L4/5 IT,-0.37907803,0.14996491
189436,SMC,-0.11582109,-0.32812217
76762,Oligo,0.21912175,0.13547425
148556,Astro,0.16781884,-0.16949044
213179,L5/6 NP,0.16021383,-0.12719564
148529,L6 CT,0.32148582,0.024923902
76846,Sst,0.2766716,-0.24489503
76889,Micro,0.066204906,0.17439519
76905,Peri,0.19426817,0.11528681
213119,Oligo,-0.37469482,-0.025868583
213117,L6 IT,-0.09914908,0.3546423
213081,PVM,0.06689042,0.33998606
149208,Oligo,0.13349515,0.11095218
254857,L6 IT Car3,-0.26953214,0.38556102
212242,L2/3 IT,-0.14832684,-0.1463959
266159,Astro,0.09473419,-0.34706235
81980,Endo,0.4696864,-0.35873923
146675,Endo,0.11118978,-0.2167631
211452,SMC,0.0017017685,-0.26867592
82018,L5 IT,-0.22041154,0.36159882
82052,L5/6 NP,-0.2858486,0.42295858
211486,L6 IT,0.18261516,0.09523992
211448,Endo,-0.08335921,-0.15415026
146666,Astro,-0.41015884,0.35834524
82093,L6 CT,-0.097115695,0.33418515
146640,L6 IT,0.06526327,0.18975364
82106,Endo,0.35801846,-0.11794539
146628,L4/5 IT,-0.34547973,0.48290423
190081,L6 CT,0.33488387,-0.058911283
82066,VLMC,-0.18249324,-0.2973766
146777,L6 IT,-0.059665803,0.28950092
81791,Sst,-0.18203244,0.1690049
211544,Vip,0.41170394,-0.3585985
81399,VLMC,-0.15456083,-0.30749002
211630,L6 IT,0.1906519,0.050100964
189989,Endo,-0.1200254,0.07691525
81548,L2/3 IT,0.39468998,-0.42236403
81559,Astro,0.035364386,-0.36830744
81584,L6 CT,0.33166075,-0.059081245
211605,L5 ET,0.050505992,-0.024729032
146850,Astro,0.17731583,0.27221063
266219,Peri,-0.36315668,0.3945004
81636,L4/5 IT,-0.37345123,0.102549
81650,Sst,-0.25558144,0.23120885
81667,L2/3 IT,-0.2855083,-0.16255586
266198,L6 CT,0.038179453,0.08834939
211556,Endo,0.066403985,0.13519262
190032,L4/5 IT,-0.038556162,-0.16540878
190092,Sst,-0.28474158,0.05196778
82178,L6 CT,0.23725104,0.044452887
190116,L6 IT,-0.13706627,0.20467757
146468,L6 CT,0.45603144,-0.0004563518
146152,Endo,-0.41927898,0.30140713
82635,L2/3 IT,-0.2937196,-0.10289119
82640,Endo,-0.39042002,0.30398145
146099,L4/5 IT,-0.38206375,0.3958415
82652,L6 CT,-0.13884205,0.3314261
255162,L4/5 IT,-0.041979168,-0.16575776
82698,L5 IT,0.45145786,-0.22370975
82711,Endo,-0.36726582,0.4686822
145966,L5 ET,0.15718001,-0.1539541
82793,PVM,0.116644084,-0.26897064
82806,Oligo,0.28978044,-0.23665355
145940,Astro,-0.26287767,0.042048316
243840,L2/3 IT,-0.23715898,-0.086513415
190372,Endo,-0.41641864,0.1628751
82883,Vip,-0.017450396,-0.23138197
82625,SMC,0.011380609,-0.2619959
81395,L5 IT,-0.24914098,0.06196968
190251,Sst,-0.15202916,0.32365552
211258,L2/3 IT,-0.095987946,-0.22114645
146415,L5/6 NP,-0.14983201,0.15149151
190190,SMC,-0.48567456,-0.049368102
146350,L5/6 NP,-0.10999933,0.09124319
82290,L6 CT,-0.047200594,0.32665357
82318,L4/5 IT,-0.33916736,0.12387662
266075,Oligo,0.2865414,0.14627688
243823,L4/5 IT,-0.34898102,0.48437127
82437,Oligo,0.28780484,0.15319173
190219,Peri,0.16703486,-0.27555358
82463,Oligo,0.13924962,0.1862319
211296,L2/3 IT,-0.4181643,0.14459758
266074,L6 CT,0.40894806,-0.05017333
82499,L5 ET,-0.23321226,0.11134581
190226,Endo,-0.30364347,0.22521971
190234,L6 CT,-0.052242253,0.32794157
255108,L4/5 IT,-0.33825314,0.11771844
266272,Micro,0.4252481,-0.29606262
81373,L2/3 IT,0.06810057,-0.32115284
146907,Pvalb,-0.17375427,0.39743403
80015,L4/5 IT,-0.38520807,0.06372021
80022,Micro,0.103550196,-0.25008053
80050,Astro,0.15669769,0.29869136
147433,L2/3 IT,-0.123490006,-0.18954603
212089,L4/5 IT,-0.35153484,0.20742153
80159,L5 ET,0.40427727,-0.2654458
80167,L6 CT,0.03512382,0.19022135
212057,Astro,-0.26151285,0.12322758
212042,PVM,0.166188,0.22668426
80241,Oligo,0.1615507,0.19218765
266474,Oligo,-0.40792462,0.31399092
80246,L4/5 IT,-0.1473799,-0.06675823
80247,Astro,-0.4196919,0.24801503
243717,Astro,0.36131358,-0.04553138
147431,L2/3 IT,-0.23440966,-0.13294198
80002,Peri,-0.4214154,-0.12317295
147346,Endo,0.1318537,-0.22264118
212130,Peri,0.19584185,0.25148168
147488,Astro,-0.45790166,-0.01887532
79646,L6 IT,-0.002057556,0.24567084
79666,L2/3 IT,-0.08934298,-0.24393891
79699,VLMC,0.01357102,-0.37959874
266551,L2/3 IT,-0.3200972,-0.04915606
147494,VLMC,-0.27948177,-0.25195032
79781,L4/5 IT,0.411799,-0.2976408
79820,L4/5 IT,0.3425064,-0.28875586
79864,Peri,0.15106046,-0.20202683
212172,L5 IT,-0.21218231,0.18274473
212153,L6 CT,-0.15046841,0.2132514
79907,L6 CT,0.08120978,0.06529419
79917,L6 IT,0.03684878,0.2102698
79925,L2/3 IT,-0.12743363,-0.1142893
79930,Endo,-0.29331505,0.242357
266512,L4/5 IT,-0.10917047,-0.08255087
212141,L5 IT,0.016481038,-0.051267017
147543,L4/5 IT,-0.15232226,-0.06479402
266443,L5 IT,-0.27105245,0.29018763
147271,L4/5 IT,-0.34742522,-0.0811172
80856,L2/3 IT,-0.39175785,-0.040578146
247371,L4/5 IT,0.47080016,-0.33737317
80979,Oligo,0.47361028,0.041663628
80986,Endo,0.02123117,-0.034896363
211803,L2/3 IT,-0.2972857,-0.06601505
266315,Astro,0.41408736,-0.18476559
81101,Oligo,-0.16837767,0.076842114
81105,L2/3 IT,-0.10114452,-0.18776403
266300,Pvalb,-0.062146787,0.12446134
81124,Astro,-0.09890807,-0.28327236
81138,L2/3 IT,0.19205636,-0.37579957
146922,L2/3 IT,-0.22221836,-0.1876906
81163,L6 IT Car3,-0.13471916,0.38878754
266289,L4/5 IT,-0.358321,0.35847333
81274,L4/5 IT,-0.001361791,-0.15008195
80855,Oligo,0.106205344,0.33974525
266416,L6 IT,0.4715619,-0.13226251
189947,Micro,0.08280647,0.16342364
147054,Astro,-0.04255024,0.35297576
80479,Astro,-0.39024523,0.4910765
189850,L5 IT,0.3116719,-0.24465792
266408,L6 CT,0.031721767,0.08948456
80507,Astro,0.2795567,-0.30367628
147145,L2/3 IT,-0.40527382,0.0008522086
211941,Pvalb,0.2646522,-0.04829051
189879,L4/5 IT,0.13415027,-0.22036861
211931,L4/5 IT,-0.35755652,0.32554284
80581,Endo,0.08942443,-0.3457975
80612,L6 IT,-0.102182984,0.13350283
147129,L5 ET,0.451743,-0.25537768
147068,L5 IT,0.06374633,-0.11024739
80666,Astro,0.0065610968,0.29439387
211903,Oligo,-0.004116956,-0.02046137
80732,L4/5 IT,-0.3599438,0.4642342
254970,L6 CT,-0.129439,0.3744627
243430,Astro,0.24295688,-0.11781396
75626,Astro,0.36803973,0.08968364
213619,L4/5 IT,0.34405452,-0.23269744
215173,L5 ET,-0.2896407,0.2789872
70762,L2/3 IT,-0.21512595,-0.124950156
151636,Astro,-0.49502775,0.05844752
268145,L5/6 NP,-0.017965142,0.019018691
70790,L4/5 IT,-0.2872339,0.019957226
70841,L2/3 IT,0.047471937,-0.30165467
247628,L2/3 IT,0.07243866,-0.22202154
70878,VLMC,-0.30302316,-0.22807036
215102,L4/5 IT,-0.42444777,0.2503027
215100,L5 IT,0.07796258,-0.06624125
70919,Astro,0.18976241,0.32788894
70952,Endo,-0.23691419,-0.10065575
70968,Oligo,0.30538338,0.1337456
70996,Pvalb,0.11186582,-0.00607102
188385,Astro,0.45442885,-0.36978647
188372,L6 IT,0.2971928,-0.0063485093
70688,L5 IT,-0.20993477,0.19367538
70680,Oligo,0.067493916,0.0900874
70253,Endo,-0.37511116,0.124209866
70268,L6 IT,0.26623386,-0.018787522
70309,L2/3 IT,0.27623695,-0.36849716
188359,Endo,-0.118064374,-0.27290654
151739,Endo,-0.11167306,0.29444316
215292,Endo,0.18386096,-0.25694433
70442,L2/3 IT,-0.14923179,-0.108741835
70444,Astro,-0.106497884,-0.20829625
151722,L4/5 IT,-0.07495704,-0.116818085
70497,Peri,-0.41946143,0.22269689
70528,L4/5 IT,-0.22965175,-0.017422635
70536,Oligo,0.4496929,0.052282494
70615,Peri,0.47356004,-0.30552688
70639,L2/3 IT,0.030963536,-0.21587734
70649,Endo,-0.1821095,-0.017416675
268091,L6 IT,-0.16260457,0.2725478
71185,L6 CT,0.022842523,0.34035286
71199,L4/5 IT,0.4434073,-0.36785114
71203,Astro,0.23454458,0.1775525
71753,L4/5 IT,-0.3388037,0.13846521
71773,L4/5 IT,-0.29413342,0.10174589
214833,L2/3 IT,-0.23887542,-0.09515588
151447,L2/3 IT,0.25387836,-0.36515495
188451,L6 CT,-0.1185554,0.12296097
267961,Astro,-0.26409385,0.047358315
214766,L4/5 IT,-0.35264093,0.3374277
151398,Astro,0.4328388,0.04333673
151353,Lamp5,0.461403,0.04627506
151347,OPC,0.06791699,-0.3546769
151342,L2/3 IT,0.08851409,-0.29500726
254201,L5/6 NP,-0.09574035,0.18516581
188524,Oligo,0.34828377,-0.14092521
72185,L4/5 IT,-0.36053053,0.08515786
214692,L6 CT,-0.022401098,0.09341948
71712,L6b,0.017466482,0.2731416
151922,L4/5 IT,-0.14022943,-0.06544359
71689,Pvalb,0.06507921,0.11017005
268002,L4/5 IT,-0.42988405,0.18047665
151594,Oligo,-0.19671461,0.040936213
71266,Oligo,0.10445374,0.27870336
71283,L6b,0.04551607,0.2754272
71335,Micro,0.2826079,0.05569635
151537,SMC,-0.4155958,-0.061922718
268060,SMC,0.17646062,0.22086541
71413,L2/3 IT,-0.10580328,-0.17420743
71452,Astro,-0.036176834,-0.060396243
214964,L2/3 IT,0.2046321,-0.37048998
214963,Sst,0.2219634,-0.23959176
71480,Endo,-0.24863759,0.026356976
254169,L5 IT,-0.20913985,0.26670453
71579,Oligo,0.20274514,0.10284315
151505,L6 CT,0.15604472,0.11550157
71616,L4/5 IT,-0.08972809,-0.13280351
71663,L2/3 IT,0.060726997,-0.22513227
70223,Peri,0.25924873,-0.064657375
70207,L4/5 IT,-0.36055937,0.21142869
151931,Endo,-0.13051859,0.38766286
215921,Micro,-0.16259807,-0.06635563
68518,Endo,-0.3042496,0.2554216
268516,L6 IT,0.074866116,0.23117499
268515,Micro,-0.27399325,0.322184
268496,L6 CT,0.29119778,0.046462815
68744,L6 CT,0.36700064,-0.07013701
68774,Astro,0.20159328,-0.41730985
68776,L6 IT,0.273488,0.022318643
152410,Vip,0.33211225,-0.3463821
68832,L2/3 IT,-0.37756875,0.0054209046
152323,L4/5 IT,-0.39801037,0.13390665
68877,Astro,0.28404355,-0.25795203
68895,L6 IT,0.26546913,0.0323746
215793,L5 IT,-0.12019342,0.030721646
188163,L6 CT,0.34920013,0.05506019
68437,Oligo,0.15125191,0.2729182
215792,L2/3 IT,-0.1880238,-0.14879008
215950,L6 CT,0.112805605,0.10780506
68416,L2/3 IT,-0.44563267,0.04350732
152574,L2/3 IT,0.05754822,-0.29444385
152562,Astro,0.10917622,0.3241587
268559,L2/3 IT,0.19728279,-0.37329748
268557,L4/5 IT,-0.4350298,0.19753234
216025,Endo,0.06699228,0.028899174
68218,Astro,0.14246172,-0.13478766
216009,VLMC,-0.049852464,-0.35059425
68255,L6b,0.2719913,0.092768595
68279,Endo,-0.45879573,-0.058838774
253973,L5 IT,-0.09164819,0.13349871
68311,Peri,0.061689433,-0.07367398
243023,Oligo,0.35087383,0.10983913
215980,L5 IT,-0.24537715,0.23091416
68375,L4/5 IT,0.4063033,-0.31957653
268532,PVM,-0.19280359,-0.28392214
268531,L4/5 IT,-0.25545695,-0.0086783655
72231,Pvalb,0.12731832,-0.07975285
68966,VLMC,-0.027741823,-0.3615379
69033,Endo,-0.21638587,-0.090466455
215567,Astro,-0.0043065585,-0.058486927
152094,Micro,0.35136372,-0.03081714
69721,Astro,0.24560672,-0.41746208
254067,L5 ET,-0.13193938,0.1384791
69803,L2/3 IT,-0.3662119,0.029911857
268298,Oligo,0.37657243,-0.30328012
69818,Astro,-0.3425032,-0.17048873
215482,L2/3 IT,0.15559727,-0.3639191
247655,Pvalb,-0.22908825,0.25818655
69965,L4/5 IT,0.15378642,-0.22155143
268266,Oligo,0.3256836,0.07033883
215405,L5/6 NP,-0.17166191,0.28802964
215403,Astro,0.09071714,0.19026195
70143,L4/5 IT,0.4649328,-0.32646132
70187,OPC,-0.28925443,0.12243132
69614,Endo,-0.11576113,0.14249067
152307,Pvalb,-0.37421715,0.3795018
152250,L5 IT,-0.3334229,0.3561637
69478,L2/3 IT,-0.31882298,-0.026704688
69057,L4/5 IT,-0.34944177,0.2322437
69060,L4/5 IT,-0.36112502,0.4356419
69068,Astro,-0.19538793,-0.2069232
188178,Peri,0.15201849,0.06572829
152293,Endo,0.36208814,-0.32203117
69209,L4/5 IT,-0.43317324,0.37333336
69263,L2/3 IT,0.31276828,-0.41529194
215653,Oligo,0.22468066,0.14041017
243081,L6 CT,0.04553878,0.10874067
69314,Endo,-0.1936554,0.3479096
69337,Peri,0.05884653,-0.071284994
69345,L5 IT,0.15019768,-0.13747104
69419,L5 ET,0.29982436,-0.22992916
69442,L4/5 IT,-0.43622527,0.29836765
268367,Sst,0.1134454,-0.11324276
69506,Sst,0.05157655,-0.34089407
267891,L2/3 IT,-0.007512871,-0.29815456
72355,Vip,0.06583631,-0.24533664
151224,Astro,0.2920279,-0.4339472
214011,L6 CT,0.4724596,-0.041102517
189031,Lamp5,0.3354826,-0.35599497
254448,Oligo,-0.35030764,0.21043251
189080,L4/5 IT,0.38096195,-0.31490362
149731,Astro,-0.032190356,-0.35100505
74568,L2/3 IT,-0.3246718,-0.020079006
189101,L2/3 IT,0.04555368,-0.18670036
74623,L4/5 IT,-0.3865273,0.3533233
74640,Oligo,0.41016603,-0.14267434
213961,Peri,0.462076,-0.33640006
74698,SMC,0.049201783,-0.22500761
149655,Pvalb,-0.1860246,0.09445588
149631,Oligo,0.15814602,0.25619677
74763,Oligo,0.068264246,0.0489103
267474,L6 CT,0.2942893,-0.07394497
74461,L2/3 IT,0.25702077,-0.35857186
254475,OPC,-0.33179724,0.06342809
189008,Peri,-0.14508352,0.39181426
74410,Endo,-0.3686967,0.038722318
214118,L6 IT,-0.08196083,0.05009858
267568,L4/5 IT,-0.3937174,0.44765058
267565,L6 IT,0.41577923,-0.17596193
150098,L4/5 IT,-0.079827696,-0.14732794
74169,L6 IT,0.3639838,-0.06318323
150063,Peri,0.24133313,-0.034820337
150059,VLMC,0.3573597,-0.4971651
74262,L6 IT,0.08139056,0.07199626
74271,L6 CT,0.13152277,0.077053174
74285,Oligo,-0.027950916,0.006650429
149982,L4/5 IT,-0.41182962,0.40399542
74345,L2/3 IT,0.08869743,-0.27548566
74354,Micro,0.10731298,0.33609602
74375,L2/3 IT,-0.119496524,-0.22713752
267537,Sst,-0.09667125,0.26844493
74414,Micro,0.35674584,-0.45769724
267583,Oligo,0.06334001,0.3098416
74815,L4/5 IT,-0.41015363,0.24679445
213886,L2/3 IT,-0.03379989,-0.24265702
213756,L5 ET,0.34290606,-0.07944693
75293,L6 CT,0.0670287,-0.00087668374
75316,Astro,-0.34908682,0.49133632
243398,SMC,-0.12260342,-0.32044098
189253,L5 IT,0.1502679,-0.16124703
213690,L4/5 IT,0.3528015,-0.31294313
189254,L2/3 IT,0.28287566,-0.40876168
213658,L6 IT,-0.17026734,0.19560508
75497,Endo,0.27869785,0.052600365
213624,L4/5 IT,-0.14397147,-0.098525
189268,Sst,0.024745401,0.16649018
75605,Pvalb,-0.268282,0.27932534
213623,L4/5 IT,0.28185636,-0.2917384
75617,Astro,0.20379186,-0.31269822
213621,L6 IT,-0.2530538,0.3844929
75257,Lamp5,-0.060906086,-0.10388382
74866,SMC,0.037857648,-0.23624037
75256,Pvalb,-0.08790365,0.19229929
149413,L6 CT,0.30341852,0.024659973
74874,Astro,0.1107164,0.037495296
189134,L6 CT,-0.18226448,0.31263903
149619,L6 CT,-0.09640005,0.4196916
213868,Sst,-0.35665983,0.39159784
149556,L5 ET,-0.15256524,0.24961929
213864,L6 IT,-0.015274886,0.21197568
74961,Peri,0.12259662,-0.10106416
74988,Endo,0.091383636,-0.14836033
75004,L5 IT,-0.21478757,0.35511485
149534,L6 CT,0.28029042,0.028589528
75070,L5 IT,-0.28993607,0.17040019
149492,Micro,-0.3902328,-0.0966485
189195,Endo,0.3686514,-0.47453502
149425,Sst,0.2388187,-0.04411267
149423,SMC,-0.5129277,-0.06570445
149367,Astro,0.37881362,0.10612385
243851,Oligo,0.36024505,0.040521126
74034,L5 IT,-0.045901332,-0.05930375
150372,Oligo,0.12795979,0.31331453
72646,L5 IT,0.13521183,-0.14054166
72648,Pvalb,-0.33166188,0.13756691
150897,L4/5 IT,-0.29805106,0.02515493
150855,L2/3 IT,-0.32789242,-0.021250565
72772,Micro,0.1481359,0.085136995
150821,SMC,0.15775692,-0.4309361
72796,Sst,-0.12734762,0.32968637
150809,L2/3 IT,-0.42984173,0.00789712
72811,Oligo,-0.12103948,-0.2961975
72818,L2/3 IT,-0.49813187,0.049547058
150779,L6 CT,-0.13796172,0.34928825
188683,Endo,0.353018,-0.44781694
72907,Peri,0.24453878,-0.28765282
267786,L2/3 IT,-0.4715125,0.057029646
73007,L2/3 IT,-0.09889662,-0.25115585
72643,PVM,-0.0805136,-0.078222916
73023,Endo,0.30796313,0.019401174
72615,Lamp5,-0.18618774,0.071756944
72555,Astro,0.1296705,0.26009014
214635,Peri,-0.42093027,0.13192616
267882,Micro,-0.24345729,-0.25791493
72432,Pvalb,-0.43230343,0.054772716
72434,L6 IT,0.0076957904,0.29794148
254228,Astro,-0.16938189,-0.26473883
151160,L2/3 IT,-0.458823,0.02159999
188587,L5 ET,-0.24140188,0.2763882
151021,Astro,-0.15575868,-0.28390053
151010,Endo,0.08250141,0.27160892
188630,Sncg,0.074809015,0.2884846
247581,Micro,0.43610257,-0.115951195
150931,L2/3 IT,-0.3220076,-0.12347548
72526,Endo,0.32878107,-0.45151642
214590,Astro,0.16154307,0.18972836
214582,Astro,-0.39449596,0.19110267
150925,L6 IT,0.4012993,-0.036821593
74024,L5 IT,0.25458986,-0.16890688
254277,Astro,0.14305025,-0.16908233
188730,L2/3 IT,-0.32260478,-0.07548581
73524,L4/5 IT,-0.3282915,0.037043434
214279,Peri,0.38970196,-0.23606847
73645,PVM,-0.44138134,0.017231088
73668,Astro,-0.23240346,-0.242819
73688,Oligo,0.08898294,0.3081343
73689,L2/3 IT,0.4306928,-0.42720258
267642,L4/5 IT,-0.4093115,0.18112163
214203,Endo,-0.26286122,-0.19757919
73771,L4/5 IT,-0.35776412,0.46817586
73786,Oligo,0.15224785,0.16986392
150391,L2/3 IT,0.21496117,-0.26681682
73843,L6 CT,0.31926066,0.020263236
73852,Oligo,-0.23112202,0.087363884
267620,L4/5 IT,-0.32320687,0.06637858
150380,L2/3 IT,0.07629067,-0.3156543
150457,L5 IT,-0.18094268,0.27211872
150717,L4/5 IT,-0.30688936,0.21974115
150469,Endo,0.4405346,-0.20434256
73345,L6 IT,-0.1847434,0.24227242
73151,L4/5 IT,0.08699185,-0.18691082
254308,Astro,-0.32303137,0.41363785
73183,L5/6 NP,-0.0306384,0.12140046
73190,Oligo,-5.9191138e-05,0.2933525
267711,L2/3 IT,-0.21007743,-0.11075972
188782,L6 CT,0.18417466,0.037751596
73260,Sst,-0.046293024,-0.112369075
73272,OPC,-0.3770541,0.41200718
73274,Micro,-0.24633971,0.40470383
73276,L5 IT,0.35461086,-0.23330165
150543,L6 CT,0.21176171,-0.011972684
254320,L6 IT,0.3465976,-0.008507151
150521,L5 IT,-0.058453385,0.05440597
267688,Endo,0.2631234,-0.44768026
73336,L4/5 IT,0.29460758,-0.28411815
214307,L2/3 IT,-0.05164871,-0.2010075
96540,L2/3 IT,-0.23643604,-0.14416246
82931,OPC,0.27965134,-0.41723016
83015,L5 IT,0.3968537,-0.22178604
264305,Astro,-0.35577083,0.097285196
92453,L6b,0.08511388,0.21485601
92492,L4/5 IT,0.008196112,-0.18188833
92532,L4/5 IT,-0.42159173,0.40252218
244348,OPC,0.0310322,0.13617985
141911,L6 CT,0.4236111,0.02800117
92416,Endo,0.33362675,-0.079905316
141904,Endo,0.29273283,-0.42184275
208123,L4/5 IT,-0.3558145,0.10342048
141886,L6 CT,-0.12010369,0.31936768
141841,L4/5 IT,-0.42412698,0.15309946
92816,L6 IT,-0.021845464,0.32989797
92827,Oligo,0.24177235,0.16386513
191664,L6 CT,0.47434103,-0.063273326
92676,Astro,0.33202428,-0.004371185
92404,L4/5 IT,-0.40036467,0.2524748
92357,Oligo,0.13987356,0.26424
92340,L6 IT,-0.1731033,0.23182522
142031,L6 IT,-0.07626432,0.3924584
208235,L4/5 IT,-0.36958516,0.35215887
208233,L2/3 IT,0.3076192,-0.40804586
191616,L4/5 IT,-0.17738914,-0.040941615
92148,Micro,-0.25156313,-0.19409315
142013,Oligo,0.116534114,0.33129773
191636,L5/6 NP,0.28905696,-0.09870474
92203,Oligo,0.15450579,0.2804626
208217,L6 CT,0.37958902,-0.024437983
92248,L6 IT,0.20341992,0.09250997
264340,L5 ET,-0.26106486,0.41937962
208208,L2/3 IT,-0.024505798,-0.2707396
191640,L6 IT,-0.12402651,0.28594258
92324,Pvalb,-0.35041413,0.14664738
141960,L2/3 IT,-0.3703949,0.043316048
264265,L6 CT,0.45703304,0.024707299
92886,Micro,-0.21014342,0.01771031
92914,OPC,-0.22453043,-0.2235424
191685,L6 CT,-0.058167133,0.1840282
93227,Astro,0.41696477,-0.39255583
141482,L5 IT,0.013111588,-0.06071614
93276,L2/3 IT,-0.17948094,-0.21215354
93291,L2/3 IT,-0.41900766,-0.008649159
264190,OPC,-0.06227607,0.05908398
93325,Endo,0.15766907,-0.101698086
93352,L4/5 IT,-0.2349891,-0.006164808
93378,Pvalb,0.078443885,0.16667484
247033,L4/5 IT,0.1968351,-0.23831137
247029,L2/3 IT,-0.1925362,-0.19981332
93517,Astro,-0.39629453,-0.055149425
247024,L5 ET,-0.26556912,0.41873243
93557,L4/5 IT,-0.38278663,0.34187707
93592,PVM,0.36882567,0.08589713
93613,VLMC,0.18447167,-0.442384
93192,L6b,0.45396835,0.018962245
264373,L5/6 NP,0.3964514,-0.20155396
191733,Astro,0.17233098,0.21334098
93159,OPC,-0.20274466,0.22836505
255944,Micro,-0.42538595,0.13143884
92927,L6 CT,0.45743436,-0.08999662
208045,L6 CT,-0.09435427,0.40980962
92960,L2/3 IT,-0.3135442,-0.00023796037
141635,Astro,-0.11626312,-0.2995681
191724,L6 CT,0.13075954,0.118942246
141538,L4/5 IT,-0.335094,0.11302285
141533,L4/5 IT,-0.24986684,0.30663684
93090,L6 IT,-0.004752163,0.24716316
141528,Peri,0.04808527,0.25334427
207981,L5 ET,0.46710443,-0.20446195
207975,Astro,0.313895,-0.20837809
93132,L5 IT,0.46456695,-0.28817895
93149,Peri,0.15117437,0.0028875284
191732,Peri,-0.08047947,0.39403483
93180,Astro,-0.12279746,0.18790357
92041,L2/3 IT,0.3098886,-0.32935408
264387,L6 IT,0.2725609,-0.036415715
208257,L4/5 IT,0.11337322,-0.22090025
90578,L4/5 IT,-0.35238117,0.12612163
191458,Endo,-0.4240965,0.48778996
142492,L2/3 IT,-0.18918785,-0.19430794
90633,Oligo,0.13133717,0.32010576
191479,L2/3 IT,0.13465738,-0.29978657
90654,L2/3 IT,0.22464412,-0.388346
90698,Oligo,0.095850885,0.20177661
90717,L4/5 IT,-0.39349848,0.10365318
191480,Micro,-0.2902421,0.19849144
208634,Endo,-0.39386347,0.13611971
90729,L2/3 IT,-0.4371045,0.09947871
90782,L4/5 IT,-0.20445842,-0.038242746
90805,OPC,0.16706806,-0.09706624
191495,L2/3 IT,0.12631637,-0.33187118
90980,L2/3 IT,0.006675478,-0.22319908
90575,L2/3 IT,-0.35134828,-0.072350636
208553,Micro,-0.03146917,0.12038295
208682,L4/5 IT,-0.28050017,0.021881562
90464,L6 IT,-0.050191674,0.10418002
90016,OPC,0.19162756,-0.40830308
191400,L5 ET,-0.2935329,0.2176799
90029,Endo,0.3234915,-0.06738289
90033,Sst,0.046932753,0.02983461
191401,L2/3 IT,0.4411859,-0.40651432
142646,L6 CT,0.01827484,0.05903743
191424,Endo,-0.34701753,-0.08478536
90176,L6 CT,0.0017878376,0.25905272
208748,L4/5 IT,-0.0846822,-0.12216656
191441,L6 CT,0.4448701,-0.0148636885
208720,L5 ET,-0.02753878,0.042155545
142510,Astro,-0.45402497,0.041290443
208714,L4/5 IT,-0.35859352,0.16370676
90363,L2/3 IT,0.1698249,-0.30418935
90403,L2/3 IT,-0.34267005,-0.027840275
142499,L2/3 IT,0.27582604,-0.39523372
207803,L4/5 IT,-0.27261442,0.07605134
91028,Endo,-0.009824935,0.22762673
208519,L4/5 IT,-0.41378984,0.4832687
91593,L2/3 IT,-0.017140929,-0.21511854
264445,L6 IT,-0.27916855,0.323496
91772,L2/3 IT,0.115941584,-0.29863682
191599,L2/3 IT,0.042468186,-0.2125992
142072,Endo,-0.0283348,-0.16537718
91830,OPC,0.25922734,-0.09255849
264417,Astro,-0.2778444,0.0272821
208312,L4/5 IT,0.47266024,-0.3430895
91864,L4/5 IT,-0.4192722,0.15041433
91873,Endo,0.16140878,-0.2796705
91902,L4/5 IT,-0.3348409,0.04623012
142068,Endo,0.30051303,-0.29157197
142063,Endo,0.06319505,-0.03309508
91917,Peri,-0.057232562,0.0756623
91960,L4/5 IT,-0.3725646,0.3558056
91590,L5 IT,0.14993632,-0.122360304
208532,L6 CT,0.38577396,-0.15570511
91544,L6 CT,0.3375802,0.010641139
142205,L4/5 IT,0.056460436,-0.17771642
142381,L6b,0.07979995,0.18984811
91163,L4/5 IT,-0.38692003,0.09565173
208512,L6 IT,0.021212097,0.2830762
91174,L4/5 IT,-0.36997142,0.19567029
142368,Peri,-0.24365872,0.17084055
91232,L5 IT,-0.11800024,0.118474945
91285,L6 CT,-0.045683775,0.2370147
244305,L5 ET,-0.20591766,0.21634512
91300,Astro,-0.4163864,0.10543053
91302,L5 IT,0.04702657,-0.034673054
255806,Oligo,0.099683106,0.11105679
91342,Astro,-0.37103072,0.40043214
208442,L6 IT,0.42047304,-0.16372983
142232,Oligo,0.29638708,0.124015555
91525,Endo,0.23765135,-0.15255149
142191,L4/5 IT,0.07590479,-0.1723829
90009,L2/3 IT,0.004829701,-0.24258952
93674,L2/3 IT,0.13497496,-0.30776685
191768,Lamp5,-0.1571522,-0.07811691
207072,Micro,-0.118140936,0.32287738
207069,Endo,-0.13620594,0.058056694
95670,L5 IT,-0.22447413,0.35383102
140419,L6 IT,0.083887756,0.18211548
192123,Endo,-0.2625145,-0.22572677
95713,Astro,0.03932887,0.2354282
207078,Endo,0.18313497,-0.12927164
140383,Micro,0.09932786,0.24090819
95763,L2/3 IT,0.18118912,-0.30961132
95764,L2/3 IT,0.22035366,-0.37642506
207021,Astro,0.46364105,-0.08648218
95776,L5 IT,-0.064777344,-0.094800636
140301,L5 IT,0.4337167,-0.21729343
95791,L2/3 IT,0.36329812,-0.42244652
207031,Pvalb,0.2097134,0.11555569
263733,L4/5 IT,-0.06203303,-0.123757556
207122,Peri,0.15164989,0.06279419
95547,Oligo,-0.2736769,0.20279948
95111,Endo,-0.062215302,0.01004402
140602,L4/5 IT,-0.33547762,0.07413022
95159,L4/5 IT,-0.044678513,-0.0945452
95212,L6 CT,0.41006893,-0.03370579
244502,L4/5 IT,-0.107754976,-0.11145769
140583,L6 CT,0.070788324,0.25285676
207201,L2/3 IT,0.023085233,-0.22082256
263762,PVM,0.13239634,0.19277106
95357,Vip,-0.39364755,0.080960736
207163,OPC,0.07074058,-0.34711394
95425,L2/3 IT,0.33634537,-0.41223174
95465,Peri,-0.24413627,0.009760957
95530,L2/3 IT,-0.11717084,-0.2510756
95531,L2/3 IT,0.3158415,-0.42859375
140422,L6 CT,-0.042861734,-0.00093813613
140274,L6b,0.15337008,0.16411309
256145,Endo,0.049415108,0.09866582
95830,Oligo,0.39668447,0.059868734
95929,Astro,-0.008362357,0.031377416
263626,L2/3 IT,-0.03595874,-0.22381742
263622,Pvalb,-0.26738974,0.21979658
96275,Astro,-0.093954384,-0.0813763
96350,L6 IT,0.035776015,0.22150336
96376,L4/5 IT,-0.37871325,0.48714343
96391,L4/5 IT,-0.08379057,-0.104543075
96400,Astro,-0.12057811,-0.21340649
96407,Astro,-0.2722147,-0.19527979
256198,L5 IT,0.24589074,-0.16127704
139887,L5/6 NP,0.34259826,-0.10291134
96472,Endo,-0.3863297,0.4525971
139878,L6 IT,0.08656007,0.29815218
139860,Astro,0.4661734,0.029759865
206748,L2/3 IT,0.37721884,-0.3849915
96527,Astro,-0.37062973,-0.14918731
206864,L6 CT,0.08184558,0.1068158
207293,L6 IT,0.007965442,0.32352278
140001,Astro,0.40402097,-0.38399085
140071,L6 CT,0.0008317195,0.10595845
95945,SMC,0.011595245,-0.25373802
95975,Micro,0.28680348,-0.047575016
206964,L4/5 IT,0.36285502,-0.27962545
140206,L5 IT,0.3919838,-0.23238562
96034,L2/3 IT,-0.21616915,-0.08232845
192197,L2/3 IT,-0.43415856,0.0796818
96075,Astro,-0.24173528,0.4018655
96089,Micro,0.36620748,-0.27302426
96093,Micro,-0.29264975,-0.06282349
96100,Endo,-0.0123673715,-0.343807
140114,L6 CT,0.24283594,0.026022714
244555,L6 IT,0.027535196,0.22762172
206903,L5 IT,-0.26036623,0.34911367
96150,Astro,-0.045343462,0.30760625
96155,L5 ET,0.23316914,-0.17984243
140021,Astro,-0.30496943,0.03289823
95082,L4/5 IT,0.13271475,-0.22677012
140637,Vip,0.032317992,-0.14865987
263835,L4/5 IT,0.46077138,-0.36175472
94163,L6 CT,0.12018752,0.1957907
94168,L5 ET,-0.16285849,0.1898608
141347,L6 IT,0.12225139,0.063574836
244455,Endo,-0.33210653,-0.1887946
94251,Endo,-0.277654,-0.17834188
207575,Peri,-0.027979169,0.18626611
191823,Oligo,-0.25481117,0.09541349
141275,Pvalb,0.474644,-0.16727342
263968,Astro,0.4564224,-0.10643108
94338,SMC,0.13238472,-0.42125496
94353,Peri,0.31346196,-0.0642833
94360,L5 IT,-0.31290162,0.36512867
94367,Endo,0.34744066,-0.105449185
141266,Sst,0.33818167,-0.45197335
94393,L4/5 IT,-0.34590086,0.15579961
94123,L2/3 IT,0.07536715,-0.2817168
141183,L6 IT Car3,-0.1802389,0.37025467
141374,L5/6 NP,-0.053148154,0.016963284
94014,Endo,0.30453187,-0.48122668
93727,Peri,-0.3564754,0.23846869
264097,L5 IT,0.41786653,-0.19319962
93792,Endo,-0.13671207,0.04145382
247019,L6b,0.2741204,0.091912076
207754,Oligo,0.28853196,-0.04423066
141407,L6 CT,-0.018103842,0.08038835
207734,L6b,0.30588454,0.07539372
141404,Oligo,0.19324136,0.20954733
93909,Astro,-0.38253942,0.10640256
93919,Astro,-0.41683733,0.1849914
141382,VLMC,-0.15974763,-0.304784
93942,Endo,-0.25299737,-0.1276461
93968,Pvalb,-0.123823285,0.2662662
141375,SMC,0.027298626,-0.24022962
264055,L6 IT,-0.12341726,0.33901528
94022,L6 IT,-0.27849245,0.29780677
93677,L5 ET,0.098134756,-0.12513675
244472,Oligo,0.37849182,0.075118646
191899,L5 ET,-0.005676929,0.11155556
140790,SMC,-0.13070488,-0.22313745
140735,L4/5 IT,-0.0043720044,-0.11906876
192022,Endo,0.28703642,-0.17839701
140683,L2/3 IT,-0.39882806,-0.02633058
263866,Micro,-0.038386647,0.13461696
140670,SMC,0.03950989,0.15158443
94886,Oligo,0.024087664,0.2600092
94887,Astro,-0.21727017,-0.17315777
94890,L5 IT,0.0066623054,-0.08850278
140646,L2/3 IT,-0.03684816,-0.26584986
94916,Endo,0.15135431,-0.19483332
94922,L4/5 IT,0.27734792,-0.29689202
207343,L6 IT Car3,0.051706787,0.35416475
94962,L5 IT,-0.21713579,0.11005138
94969,L4/5 IT,0.4489618,-0.34031034
207390,Peri,0.2071724,0.029634815
94455,Oligo,0.3803087,0.08496128
263892,L6 IT,0.16408789,0.10665451
263901,L6 CT,0.35707098,-0.08363567
141065,L2/3 IT,0.15568972,-0.35581306
191913,Endo,-0.3677811,0.3160946
141018,L2/3 IT,-0.4247458,-0.029949028
191926,L6 IT Car3,-0.053695146,0.31372115
94521,L6 CT,-0.014971737,0.20386522
140922,L4/5 IT,-0.11338371,-0.106269374
94539,L5 ET,0.4159813,-0.2357742
140904,L6 CT,-0.14529976,0.3489839
94596,Lamp5,0.061614987,-0.31970492
263922,OPC,0.16223615,-0.31032923
94601,Peri,-0.062776715,-0.19794516
207460,L5 ET,0.3888291,-0.26457158
140883,Pvalb,-0.15307632,-0.08438529
94655,Peri,0.3533519,-0.27477652
140842,OPC,-0.36504316,0.4544724
140805,L2/3 IT,0.4110232,-0.4309334
89974,VLMC,0.3093447,-0.481974
89973,Oligo,0.31839037,-0.13323851
89932,L6 CT,0.4508829,-0.05533533
85348,L2/3 IT,-0.04833332,-0.21358822
85421,L4/5 IT,-0.34515333,0.110074565
265551,L6 CT,-0.21655801,0.20630829
210345,Peri,-0.13456616,0.26717207
85485,L5 IT,0.09966463,-0.09909566
85543,Endo,-0.20094502,-0.041330058
85317,Endo,-0.32771277,-0.02398621
265521,L4/5 IT,-0.053735647,-0.12909658
144835,SMC,-0.31458402,0.1522582
85618,OPC,-0.4241173,0.4648879
190718,Astro,0.41788447,-0.35502765
210274,L2/3 IT,0.13534701,-0.33467823
265491,L4/5 IT,0.15134162,-0.2135302
144733,L2/3 IT,-0.15160435,-0.13400091
85605,L4/5 IT,-0.23955142,0.02860735
210386,L2/3 IT,-0.42569682,0.035576265
265579,L4/5 IT,-0.4066896,0.2267959
265585,L2/3 IT,0.16087115,-0.31948107
144956,L2/3 IT,0.27806288,-0.30798873
84848,Astro,0.32896674,-0.09164356
84943,L5 IT,-0.08358365,-0.03550308
265642,OPC,-0.22302002,-0.044576515
85039,Astro,-0.29147625,-0.012769092
210447,Astro,-0.12487832,0.0077474527
144923,Micro,0.3936407,-0.0892017
190691,L5 IT,0.40199775,-0.16348617
210445,Oligo,0.46569818,-0.31398132
210437,L2/3 IT,0.041051205,-0.2865692
265612,L4/5 IT,-0.04011548,-0.115568474
85161,L4/5 IT,-0.39334428,0.23944186
144875,L2/3 IT,0.108474135,-0.258316
144853,L5 IT,-0.27723694,0.34611753
85223,Vip,0.07525784,0.12659816
85681,Astro,0.19865525,-0.40129784
190745,L4/5 IT,-0.39571553,0.2705746
85716,Endo,-0.16373506,-0.037407983
144691,Astro,-0.18346831,0.34389052
144234,L5 IT,-0.30677366,0.42592993
86280,Micro,-0.41919005,0.22614734
86285,L4/5 IT,-0.37340245,0.48264834
86291,L2/3 IT,0.08549273,-0.28727493
190949,Peri,0.3482836,-0.40029532
265354,L2/3 IT,0.14635247,-0.34651002
144071,Astro,-0.19794658,-0.23909603
86298,L4/5 IT,-0.41362065,0.22584318
86314,Micro,0.036905523,-0.3216022
190976,Oligo,-0.1715979,0.29320636
144029,L4/5 IT,0.29557908,-0.27081832
144018,L5 IT,-0.18669078,0.104748055
86399,L5 ET,-0.2768767,0.25540814
190982,L2/3 IT,-0.21206737,-0.21140327
86540,L6 IT,0.44703645,-0.02800681
190870,Astro,-0.36943746,0.4624184
210528,L4/5 IT,-0.4207464,0.32305178
255474,L2/3 IT,0.3448248,-0.37034497
265369,L6 CT,-0.13941252,0.33920214
144659,Endo,-0.4297127,0.41612312
190776,L2/3 IT,0.19668645,-0.30890918
85746,Vip,0.3926913,-0.014070082
85747,Oligo,0.36653513,0.08681308
210228,Micro,0.18404925,-0.34524408
210227,L5 IT,0.36957425,-0.17406403
85813,L2/3 IT,0.028904315,-0.21827604
85828,L4/5 IT,-0.3171042,0.3382844
144554,Astro,0.2092945,-0.2641504
85852,Pvalb,-0.02942628,-0.083295
85859,L2/3 IT,0.13951784,-0.3528056
144539,L6 IT,0.35054696,0.022052925
85875,L6 CT,-0.055369858,0.22471945
210206,L6 CT,-0.17419183,0.4014682
244019,L4/5 IT,0.22765845,-0.25091165
255471,L2/3 IT,-0.2873264,-0.08196746
84776,L6 CT,-0.05729023,0.24720047
84767,L4/5 IT,0.46215242,-0.39017156
144985,L4/5 IT,-0.36219263,0.23434024
211005,OPC,-0.20991206,0.384917
145491,L6b,0.28772038,0.09010278
210973,Astro,-0.22880918,-0.21046208
83544,Endo,0.33772433,-0.25372338
265859,L5 ET,0.33973604,-0.10993929
190521,Vip,0.121872365,0.12614302
83599,L6 IT Car3,-0.042515937,0.2948313
83670,L6 CT,-0.013989273,0.042518955
83698,SMC,-0.20463115,-0.1031775
145381,L4/5 IT,0.31503677,-0.31113133
247224,L5 IT,-0.25510094,0.27650204
145318,L6 CT,0.47175884,-0.016466994
210843,Micro,-0.3842888,0.039530497
83806,Peri,0.33532792,-0.2553324
83829,L5 IT,-0.23619083,0.3287578
211009,L2/3 IT,-0.4228326,0.03066824
83864,L4/5 IT,-0.28345567,0.011120301
145521,Astro,-0.30334842,0.00022886321
265895,L6b,0.200724,0.12884514
190406,Endo,0.26032197,-0.44616872
247259,L4/5 IT,-0.4286875,0.4454976
247248,L5/6 NP,0.02268475,0.05582718
255246,L5 ET,-0.20311788,0.14481257
243867,Endo,0.36043853,0.08791201
145645,L4/5 IT,0.41855925,-0.3757616
145614,L6 CT,0.040462967,0.34619275
255280,VLMC,0.3185566,0.039782923
145586,L4/5 IT,0.41297,-0.2856121
247232,Oligo,-0.13986677,0.112216935
265921,L2/3 IT,0.12888747,-0.30948034
83284,Astro,0.18736923,0.28805754
83311,L6 CT,0.2789864,0.09352909
145568,L4/5 IT,0.28963614,-0.27612475
83354,Astro,0.14368993,0.052926164
83399,L5 IT,-0.19725114,0.0069766454
209970,Oligo,0.37666988,0.095381185
210821,L6 CT,0.42769617,-0.06416081
265808,Micro,0.40217382,0.018496256
210679,L6 IT,0.1196183,0.045288008
84361,Endo,-0.12297732,-0.15105043
145184,Lamp5,-0.24126479,-0.22577737
84383,Peri,-0.2750572,0.2127016
84426,Oligo,0.17586142,0.35054693
210646,L6 CT,-0.05164424,0.1829503
190629,SMC,0.033103164,-0.23897289
84482,Oligo,-0.24744844,-0.093401715
145127,L5 IT,-0.03725088,-0.04219385
210630,L2/3 IT,0.15396059,-0.35996953
210607,L6 IT,0.055355843,0.34166512
145060,L6 CT,0.09739143,0.14121287
210591,L2/3 IT,-0.39544314,-0.014371682
84676,L6 CT,0.366894,-0.01924308
247202,Endo,-0.45873028,0.058041733
84342,L6 CT,0.11349863,0.15435515
145314,L6 IT,-0.22327581,0.39759877
145197,L6 CT,0.2877589,0.028290372
84286,Astro,0.010609861,-0.034853417
83931,Oligo,0.025457975,0.13093756
210817,Oligo,0.19387066,0.121324524
265802,Endo,-0.37961,-0.13875856
145294,L4/5 IT,-0.390094,0.33208862
83976,Oligo,0.2507856,-0.18899377
210802,Astro,-0.3723872,0.18866901
145289,Micro,0.36229712,0.025588851
145283,Endo,-0.5225794,-0.032512207
84034,Endo,-0.15296113,0.00028465316
145260,L4/5 IT,-0.20420048,-0.054565836
84180,Endo,0.17612308,0.30221584
84208,L2/3 IT,0.21642494,-0.33329573
145217,L6 CT,0.043524917,0.33478323
84235,L4/5 IT,0.0053818785,-0.12754677
84282,L6 IT,0.33270723,-0.1561376
84289,L6 CT,-0.054732744,0.15409647
86591,L2/3 IT,-0.2334215,-0.17279537
190983,L5 ET,-0.09391004,0.2044792
143988,L4/5 IT,0.21319485,-0.21600164
143164,L6 CT,-0.105190694,0.32339242
209222,L6 CT,0.10023934,0.0101005845
88677,Astro,-0.13775358,0.14338242
143157,Oligo,0.17153156,0.27550414
88764,L6 CT,0.33721226,-0.15475224
209190,L6 CT,-0.026297394,0.26494148
264932,L2/3 IT,0.00051688775,-0.21721695
143153,L4/5 IT,0.4726017,-0.34939098
143150,L2/3 IT,0.068829596,-0.30820397
143122,Endo,0.10790163,0.12185989
209154,L2/3 IT,0.029252645,-0.27934793
88909,L4/5 IT,0.32709712,-0.27745607
264913,L2/3 IT,-0.22252685,-0.13504715
191280,Endo,-0.2939368,0.11759792
88966,L6 IT Car3,-0.108902484,0.42221114
88609,Endo,0.12533486,-0.37093225
89052,Oligo,-0.2855127,0.3774306
88598,Sst,-0.091861576,0.18014257
209250,L6 CT,0.05263936,0.12827407
88206,L2/3 IT,0.1828652,-0.27738643
143282,Oligo,0.11320394,0.23711078
88228,L6 CT,-0.14160517,0.26290527
88239,L4/5 IT,-0.17306939,-0.097139016
191238,Oligo,-0.0013229884,0.32121006
209324,Sst,0.057754572,0.028897148
88289,L5 ET,-0.10703185,0.0015019588
88298,L5 ET,-0.31539935,0.38696918
191242,L5 IT,-0.27287015,0.12863319
88382,L5 ET,-0.24133942,0.19151847
88403,L6 IT,0.2344597,-0.11723696
191253,Oligo,0.03518277,0.18521897
88421,L4/5 IT,0.14632505,-0.22724794
88460,Oligo,-0.13709322,0.1783515
209265,Astro,0.066429496,0.24355774
143168,Endo,0.19159567,-0.26293352
209360,Astro,-0.47241035,-0.062218715
89128,L6 CT,0.36243886,0.030169945
89205,Endo,0.02023786,0.1942638
142841,L4/5 IT,-0.405352,0.14224844
89640,L2/3 IT,-0.40827876,0.023957472
89651,L4/5 IT,-0.09136653,-0.14336424
89689,L5 IT,-0.08667794,0.04398946
191372,L5 IT,0.09434408,-0.13124172
89734,L4/5 IT,-0.3428079,0.40456185
244234,Astro,0.385386,-0.2167583
255739,L2/3 IT,0.1079824,-0.2669991
264736,L2/3 IT,-0.05821124,-0.25943097
89843,L5 IT,-0.26153895,0.23675375
89876,Oligo,0.23795581,0.14921235
142790,Pvalb,0.12091148,-0.34866714
142743,Pvalb,0.14199519,-0.17592071
244242,L6 CT,0.27789903,-0.0389555
89921,L5 ET,-0.21828651,0.38941053
208948,L5 ET,0.16972524,-0.1355545
255686,Lamp5,0.14176387,-0.006968159
89607,L4/5 IT,-0.23020014,0.015266459
89550,L2/3 IT,0.21894437,-0.31831005
191323,L6 IT,-0.19537497,0.20601682
89253,L4/5 IT,0.040765997,-0.1630203
209071,VLMC,-0.3243601,-0.21941994
89297,L6 CT,1.7996877e-05,0.09132241
89300,Pvalb,0.2093175,-0.3160213
142948,Astro,-0.0014173426,-0.3142818
142947,Vip,-0.038929943,-0.27279136
264825,VLMC,0.2695319,-0.46919903
264824,PVM,-0.08765438,0.11528252
89415,L6 IT,0.06268549,0.19834535
89451,Astro,-0.3636604,0.27298197
255712,Peri,0.24493867,0.19238798
264797,Astro,0.35871488,-0.18653227
191359,L6 IT,0.044054862,0.16468899
208997,L6 CT,0.02857482,0.15088056
142868,Peri,0.18294448,0.26243642
82941,Pvalb,-0.2251839,-0.059074927
143358,L6 IT,0.23342437,-0.1088316
143388,PVM,0.11273372,-0.2844722
143837,L5 IT,-0.1283133,0.040295344
143807,Astro,0.31169885,-0.48189604
143799,L4/5 IT,-0.42156512,0.376987
209728,L2/3 IT,-0.30643633,-0.15418483
143780,VLMC,0.28653634,-0.47627184
87170,OPC,0.32785082,-0.022175271
87171,L6 CT,0.44458002,-0.11126061
87173,Endo,0.35692018,0.08906381
191074,L6 IT,0.36494154,0.017195623
244104,L6 CT,-0.11292407,0.2387139
191075,L2/3 IT,-0.2780664,-0.13375796
209689,OPC,-0.081086636,0.3749068
143760,OPC,0.22133619,0.15320925
143742,L5 ET,-8.523837e-05,0.043838244
87367,Astro,0.3713218,-0.45426136
87034,L4/5 IT,0.047759052,-0.16039263
87405,L4/5 IT,0.18177772,-0.24415983
265215,L4/5 IT,-0.39149663,0.2975715
191041,L6 CT,0.45418257,-0.08662321
86609,Endo,-0.09989619,-0.1027229
86645,Micro,0.2107541,-0.30881497
209936,L6 IT,0.06336135,0.09269993
86671,Astro,0.25077266,-0.2263936
86709,Endo,-0.24423292,-0.00525083
86734,Endo,0.062271114,0.045064013
143967,L6 IT,0.09563154,-0.048221607
209911,Astro,0.021728989,0.13443016
143957,L5 IT,-0.2163156,0.38338408
86838,Astro,-0.41186303,0.31044206
86891,Endo,0.43323535,-0.38051668
209838,L2/3 IT,-0.1284306,-0.11849494
244095,L4/5 IT,-0.3911135,0.34844133
86944,L2/3 IT,-0.42578733,0.086582705
86961,L4/5 IT,-0.33667272,0.089656994
143881,L2/3 IT,0.012004074,-0.24494077
143384,Oligo,0.22219247,0.18929426
87415,L4/5 IT,-0.41147357,0.18844806
143687,L5 IT,-0.2946486,0.33469948
87795,Astro,0.27906036,-0.15607978
87796,L2/3 IT,-0.32234985,-0.07245754
191144,Oligo,-0.17555863,0.10868971
87825,Vip,-0.3042147,-0.100709155
87835,L2/3 IT,-0.16967028,-0.21425982
87877,L5 IT,-0.2485795,0.1364219
143492,Astro,-0.4356193,0.16349183
87965,Oligo,0.22408283,0.18811338
143451,L4/5 IT,-0.41132978,0.4976106
143443,L4/5 IT,-0.36053416,0.40227333
209405,Oligo,0.21297628,0.07315759
88100,L5 ET,0.43224347,-0.13243003
88102,Endo,-0.19816121,0.034903806
88144,L6 IT,0.036009546,0.28257206
88170,Endo,-0.37304762,-0.04698475
143609,L5 ET,-0.18086606,0.3511304
265153,L5 IT,-0.28973588,0.1575825
209488,Sst,0.16011316,0.14796709
143640,SMC,0.059596773,-0.21383391
87445,L2/3 IT,0.056567844,-0.27146786
209594,Endo,0.24228376,-0.25310197
209573,SMC,0.048036154,-0.2274196
87535,Astro,-0.2774889,0.38998595
265123,L2/3 IT,-0.25930446,-0.11075355
87548,L6 CT,0.37408847,0.02328233
209532,L4/5 IT,-0.04866517,-0.11014007
87579,L6 CT,0.46085393,-0.08330478
87585,L5 ET,0.09739572,-0.09006341
265108,Astro,-0.30055487,-0.00030573085
247136,L6 CT,-0.131334,0.40288886
87625,PVM,0.38641322,-0.12058024
191095,Micro,-0.20005721,0.32368127
143652,L2/3 IT,-0.05672658,-0.1760071
244139,Peri,0.38401973,0.00034103915
209491,Oligo,-0.0017140545,0.07197593
97256,Oligo,-0.31657028,0.09453474
89448,Micro,-0.27750596,0.37317452
950,Pvalb,-0.12596717,0.21677844
239933,L6 IT,0.03595334,0.30562332
235006,Astro,-0.15197879,-0.102783784
14913,Endo,0.33905637,-0.3048229
233343,Endo,-0.2907256,-0.12782197
11133,L6 CT,0.26919538,-0.06885485
3776,L5 ET,0.22782505,-0.017992068
283,L6b,0.42387152,0.037909012
5073,L6 CT,0.3550318,-0.055386532
9103,Astro,-0.33945262,0.32557544
7151,L4/5 IT,0.23058969,-0.2698181
278728,L6 CT,-0.060303155,0.27104804
7157,Pvalb,-0.010726158,0.06504898
9106,L5 IT,0.069655955,-0.05452614
14897,L5 ET,-0.16005164,0.20278321
3769,Lamp5,0.01792955,0.10653429
238186,L2/3 IT,0.15866798,-0.35388765
14487,Endo,0.22270358,0.09202097
10428,L4/5 IT,-0.35159212,0.41785315
278202,Micro,0.106530905,-0.0020113178
7141,L5 IT,-0.23344749,0.41785488
7979,Sst,-0.40560746,0.05799709
1516,Peri,-0.23824632,-0.23610432
3831,L5 IT,-0.17945066,0.25538895
10368,Astro,0.08766574,-0.3837386
9024,L5 IT,-0.25712398,0.106827304
4998,L2/3 IT,0.22382104,-0.36182982
239209,VLMC,-0.043532554,-0.35213754
10376,Oligo,-0.17234236,0.2631857
7108,L5 IT,-0.10328549,0.30219164
240054,L2/3 IT,0.32932663,-0.36554262
13421,Endo,-0.13532099,0.0074223094
9062,Astro,-0.20024532,-0.25996026
16173,L4/5 IT,-0.41433895,0.21365832
236952,Endo,0.21332616,-0.28825474
278979,Oligo,0.15067804,0.2589487
5030,Astro,0.26803803,-0.015778083
10418,Astro,-0.22076064,-0.23751183
14469,Endo,-0.20481858,-0.10532944
7988,L5 ET,-0.14914986,0.025302809
17322,L6 CT,-0.16199726,0.37132856
11187,L5 ET,0.027084645,0.051790755
279821,Endo,-0.17446643,0.038864415
9630,VLMC,-0.29788712,-0.23197444
9620,L4/5 IT,-0.39872062,0.21593688
9129,L5 IT,0.1393655,-0.10574676
10495,L5 IT,-0.29338175,0.3233414
6022,L4/5 IT,0.06392181,-0.20591433
10500,Endo,0.22754264,0.1650465
239408,L6 IT,0.39525288,-0.18959196
10503,L5/6 NP,-0.16249257,0.3246896
6015,Micro,0.16280752,0.29346082
13893,L6 IT,-0.05779702,0.28784642
15609,L4/5 IT,0.11978316,-0.19943546
15614,Astro,0.10999107,-0.38073757
11910,L4/5 IT,-0.3886699,0.17308424
1462,L4/5 IT,-0.39377925,0.1447392
14529,L4/5 IT,0.20712864,-0.23694266
14530,L6 IT Car3,-0.18410146,0.36929807
3702,Oligo,0.20651096,0.2051286
3688,Micro,-0.4321665,0.21535663
2155,L4/5 IT,-0.006254617,-0.107243076
1476,Endo,-0.037514213,0.17756276
278197,L6 CT,0.22714144,0.060853165
236367,L5 IT,-0.23336923,0.16662453
237747,L5 IT,-0.3304838,0.3122187
6070,L6 CT,0.056434985,0.17381768
280281,L5 ET,-0.24998522,0.41498366
238209,Vip,0.42755497,-0.0057511814
14499,Astro,-0.35778666,0.17456762
1480,L2/3 IT,-0.056145582,-0.2563869
11096,L4/5 IT,-0.3298072,0.11700289
17539,Peri,0.4499287,-0.13952892
10448,L4/5 IT,-0.36518097,0.12044935
235333,Oligo,0.25791478,0.15265928
16452,L4/5 IT,0.1654638,-0.2629657
238929,Micro,-0.2672503,0.21274482
239605,Oligo,-0.13404328,0.27585497
279918,Astro,0.44833553,0.035523217
9124,Endo,0.10644865,0.19306575
233660,L4/5 IT,0.3915891,-0.31576565
6062,SMC,0.21200502,-0.42277575
5125,L4/5 IT,0.3012098,-0.30225506
234643,Pvalb,0.4727267,-0.15326114
238704,L2/3 IT,-0.0071072616,-0.23115505
8045,L4/5 IT,-0.31755826,0.10071646
9663,L5 ET,0.12863863,-0.08717714
13022,L5 ET,-0.22665906,0.17274688
3086,L6 IT,0.07471639,0.21124153
233546,L6 CT,0.4285378,-0.11830737
15928,L2/3 IT,0.08202082,-0.2705563
278765,PVM,-0.18439963,-0.2756025
14373,L6 CT,-0.12708145,0.33769372
13362,Pvalb,0.34617466,-0.37905216
8163,L2/3 IT,-0.39463896,0.002262514
6994,Astro,0.2544124,0.017704885
3958,Endo,-0.35331818,0.15795599
6271,L4/5 IT,-0.3908131,0.3959349
12539,Endo,0.1964274,-0.36465043
237999,L2/3 IT,-0.15358996,-0.13615216
2021,L4/5 IT,0.32353842,-0.30281612
237995,Astro,0.26837814,0.18943022
237344,L6 CT,0.31362283,-0.04699381
239819,Oligo,0.094383776,0.07625519
233291,OPC,0.25300986,-0.06514306
235697,L6b,0.19484836,0.13706629
6294,Oligo,-0.31004146,0.16138141
237662,L2/3 IT,-0.4699536,0.04505275
277625,Pvalb,-0.062304948,-0.046649296
278493,PVM,-0.45233092,-0.12525697
15490,L6 IT,0.05282634,0.102662966
13337,L5 IT,-0.16825429,0.13797186
234179,Peri,0.44492656,-0.2862089
13345,Peri,0.022338029,0.08280687
15092,Sst,-0.19468695,0.027946275
233554,L6 IT,0.22925884,0.049505573
9711,Endo,-0.016016845,0.03555129
17288,Oligo,0.17932564,0.24909537
795,Vip,0.29452097,-0.32174116
15077,Oligo,0.25904942,-0.40287012
16567,L5 IT,0.01908886,-0.09498106
11291,L5 IT,0.07489556,-0.13085754
8902,L4/5 IT,-0.37704015,0.20847712
233784,Astro,-0.433847,-0.11776443
16563,Oligo,0.38240504,0.1312462
278928,L5/6 NP,-0.1341458,0.16068421
212,Endo,-0.35858548,0.15455048
236263,L6 CT,-0.1262351,0.36564687
6266,Endo,-0.13297465,0.14627664
6263,Oligo,0.23486531,-0.008848418
4942,L6 CT,-0.062428806,0.30531457
2566,Endo,0.08834714,-0.055824775
15891,L6 CT,-0.116793096,0.36860994
8086,L5/6 NP,0.33773845,-0.06637727
6215,L4/5 IT,-0.37411582,0.24644558
236279,L4/5 IT,-0.32891703,0.2474287
12954,L6 CT,0.21811008,0.098027095
11203,L5 IT,0.4349414,-0.28013065
4938,L6b,0.43723208,0.029118162
11847,L6 CT,-0.19658336,0.18003951
3148,L5 IT,0.2313686,-0.14205359
13961,OPC,0.030272659,-0.21086021
16498,VLMC,0.063151896,-0.39702377
4973,Endo,-0.3345186,0.2759106
2563,L4/5 IT,-0.43359092,0.28684554
248,L2/3 IT,0.2471847,-0.33916238
234607,Oligo,0.15752435,0.21441399
238359,PVM,-0.13361982,0.1987714
1138,L4/5 IT,0.21011263,-0.21397837
11917,Micro,-0.15359765,0.09427254
4937,L4/5 IT,0.01973861,-0.16972406
17588,L2/3 IT,-0.12837383,-0.18452625
237330,Oligo,-0.07053131,0.23756693
16817,L5 ET,-0.3241018,0.38539138
3924,Oligo,0.1342845,0.3175135
9705,Micro,-0.12046155,0.16791652
9702,PVM,0.041625556,-0.32212105
237325,Lamp5,-0.30093634,0.014019232
12556,L2/3 IT,-0.3149883,-0.01701926
239233,L2/3 IT,-0.25593123,-0.17115547
8097,L6 IT,0.0594117,-0.021790255
12243,L4/5 IT,-0.30800283,0.23420797
239232,Astro,-0.24097082,0.2293428
234754,L5/6 NP,0.46198833,-0.18433703
279264,Endo,0.04396182,0.1873226
10319,Oligo,0.27746683,0.17794047
235288,Oligo,-0.16809025,0.357626
235291,L5/6 NP,-0.30454487,0.40403774
6229,L4/5 IT,0.047004994,-0.19603084
15547,L6 IT,0.18045652,-0.082269415
8947,L6 CT,-0.03556693,0.15287738
8878,Endo,-0.38460898,0.17948966
5981,Endo,-0.23272216,0.4029449
11922,L2/3 IT,-0.14032415,-0.12841831
7627,Astro,-0.404451,0.44276133
277933,L6 IT,0.21703374,-0.047083993
13818,L5 IT,0.15002483,-0.14284272
1304,L5 IT,-0.00051379576,-0.09160273
235434,L2/3 IT,0.43683374,-0.39633802
235835,L5 IT,-0.30971128,0.3605695
3514,Peri,-0.40385178,-0.090170726
238893,Endo,-0.28653842,0.049407046
2400,L4/5 IT,-0.08003786,-0.09336977
7364,L6 IT,0.39097393,-0.12519442
10697,PVM,-0.41832387,-0.06022801
14702,L6 CT,-0.04875401,0.053334396
5747,Oligo,-0.115247905,0.3386877
2280,L6 IT,0.12600046,0.33622965
5495,Oligo,-0.1679728,0.13086586
235804,L2/3 IT,-0.08000082,-0.24713705
239562,L4/5 IT,-0.17835078,-0.053501863
5782,L5 ET,0.078841925,0.032829445
7629,L4/5 IT,0.24197185,-0.23281713
279773,Oligo,0.10292566,0.32184455
233326,Endo,-0.12826753,-0.27803248
3353,Oligo,0.2924773,-0.018075991
17366,L6 CT,0.28871322,-0.06295131
9300,L6 CT,0.029934939,0.17316
2251,Astro,-0.12272596,-0.25984767
2258,Oligo,0.33100992,0.11109035
10660,L2/3 IT,-0.3762389,-0.06856994
239575,VLMC,0.06778568,-0.3980124
3364,L5 IT,-0.23756412,0.36987415
237068,L4/5 IT,0.105407715,-0.22169445
14736,Pvalb,-0.24643916,-0.13284524
16350,L6 CT,0.28680736,-0.007397253
5788,L2/3 IT,-0.25675884,-0.17975648
10672,L5 IT,0.0017024241,-0.02221461
5784,L4/5 IT,-0.4336471,0.24333905
233327,L5 IT,0.17783278,-0.11726968
17372,L4/5 IT,-0.10930687,-0.13553797
235837,Endo,0.11282277,-0.21779673
16984,L6 CT,0.2846539,0.048799198
9310,L2/3 IT,-0.16072851,-0.18569215
406,L2/3 IT,-0.0973995,-0.24975593
7591,Micro,-0.31559885,0.044548612
5732,L6 IT,-0.034410063,0.28971085
233698,Astro,-0.041875873,-0.23569234
16284,L2/3 IT,0.27070558,-0.38592908
14650,Pvalb,0.10522699,0.04404716
239154,L2/3 IT,-0.23194069,-0.104282275
17409,Micro,-0.51440984,-0.045090426
235817,Astro,-0.11711261,0.37911025
237106,L5 IT,0.34875023,-0.16875975
10763,L2/3 IT,0.43854356,-0.43690476
13761,Astro,-0.4293767,0.106035575
15738,Astro,0.32710308,-0.09404634
1346,L2/3 IT,-0.10784468,-0.17860205
14652,L6 CT,0.090898514,0.23550068
9416,Peri,0.4086609,-0.34409997
5613,Micro,0.28024954,-0.16876625
237090,Micro,0.41101182,-0.19023435
233191,L6 CT,0.36693627,-0.04716723
234063,L6 IT,0.22389841,0.035270434
277405,L6 CT,0.36448067,0.047470193
5564,Astro,0.3179806,-0.46073404
496,L6 CT,-0.05088726,0.14730291
2359,L5 IT,-0.083226174,0.08049987
237890,L2/3 IT,0.009374853,-0.29856333
12735,L5 IT,0.385058,-0.1746928
2290,Oligo,-0.3189652,0.050130885
524,Peri,0.43023318,-0.1583622
17423,L4/5 IT,0.31782603,-0.27956334
7551,Oligo,0.35613889,0.12474577
236509,Endo,0.22550756,-0.2435124
237850,Pvalb,0.26128614,-0.17581068
9482,Peri,-0.36100993,-0.16738613
13732,L4/5 IT,0.3892526,-0.32340524
279352,Oligo,0.44040734,-0.020623703
234305,L4/5 IT,0.06789321,-0.17054494
10720,SMC,0.108195126,-0.40833074
515,L4/5 IT,-0.27069637,0.012352984
237881,L2/3 IT,0.18727142,-0.30207512
9396,Micro,-0.09496707,0.23224168
278674,Endo,-0.41145357,0.24471967
3409,Oligo,-0.37609023,0.11157219
7407,L6 CT,0.35289425,0.0539069
13841,L4/5 IT,-0.39237422,0.115597114
12720,Endo,-0.37171954,0.392437
5433,L6 CT,-0.09373608,0.29545423
3296,L6 CT,-0.10541558,0.25941977
278700,L6 CT,0.44516903,-0.004911054
3297,L6 CT,0.23175293,0.0049303584
12152,L2/3 IT,-0.24216452,-0.14935909
236436,PVM,0.3007034,0.060070794
238912,OPC,-0.047358874,0.16748945
234280,SMC,0.040610906,0.14979254
10963,Endo,-0.014604036,0.13519578
278627,L2/3 IT,-0.44462472,-0.0045422204
13572,SMC,0.21570218,-0.42097273
237238,OPC,-0.15473267,0.035713416
5298,L6 IT,0.08134419,0.12021433
3311,L5 IT,0.0586608,-0.064316794
5307,L6 IT,0.4616962,-0.023722012
10956,L4/5 IT,-0.36638075,0.13777857
10955,L6 CT,0.37094563,0.008871894
11946,L4/5 IT,0.25769204,-0.31578925
234706,Astro,0.09673214,0.23740976
11930,L4/5 IT,-0.42363903,0.40259817
11009,Sst,-0.1594446,0.3302451
235868,L5 IT,0.46801507,-0.24548854
16917,L2/3 IT,-0.0998683,-0.14635636
278712,L6 IT,0.06164026,0.12265043
14534,L6 CT,0.10062587,0.14891873
676,L2/3 IT,-0.16813582,-0.20665015
235503,SMC,-0.08426508,0.054137092
2185,Oligo,-0.18009067,0.028665047
2191,Astro,-0.25450945,-0.12174548
236417,L6 CT,0.44078577,-0.046643484
235863,Pvalb,0.09802765,-0.15917079
235756,Astro,0.15463722,0.24040042
7797,L6 IT Car3,-0.070613086,0.3593705
12863,Sst,0.3283794,-0.25491932
11020,Astro,0.17050487,-0.17677738
11014,L5 ET,0.39486933,-0.2069935
235870,L6 IT,0.029672798,0.3458052
664,PVM,0.36265624,0.077240214
5253,L6 CT,0.42084825,-0.071317986
236428,Micro,0.16560233,-0.12576063
239594,L6 IT,-0.15386999,0.17247067
238609,Vip,-0.31947672,-0.11310084
5947,Oligo,0.006574746,0.1626225
237001,Sst,-0.33369294,0.41858605
17485,L6 IT,0.076333284,-0.050444562
237023,L6 IT,0.050045308,-0.0015611239
238663,SMC,0.008149441,-0.25941965
16963,Astro,-0.13521016,-0.22984119
16379,L4/5 IT,-0.36366692,0.10829507
12714,L4/5 IT,-0.3764895,0.30969486
234969,L5 ET,0.1293757,-0.15234591
9544,Pvalb,-0.07098356,-0.092964426
237200,Micro,-0.016072039,0.05689345
277631,VLMC,-0.038337294,-0.3549305
14763,L6 CT,0.35987717,0.011077683
13624,Astro,0.3449101,-0.47301862
3598,L2/3 IT,0.34405375,-0.43734324
7682,L6 CT,0.13090914,0.082091555
235785,L2/3 IT,0.082980216,-0.25485137
7675,Astro,-0.340141,0.3510163
14748,L6 IT,0.43021417,-0.20470475
237910,SMC,-0.10456446,-0.33066764
14595,L4/5 IT,0.4626361,-0.31070814
5192,Astro,-0.32272735,0.20307969
9551,Micro,0.35631222,0.07880412
279927,Pvalb,0.42942774,-0.12826003
15812,Astro,0.31314635,0.0012649707
11949,OPC,-0.3081399,-0.019335557
10590,L5 IT,-0.16353467,0.117718145
5331,L6 CT,0.053754266,0.10644673
7727,L4/5 IT,-0.23610163,-0.0385785
279754,L4/5 IT,-0.3188913,0.054276984
237799,Sst,-0.41131163,0.3190122
236596,L6 IT,-0.18273234,0.22571646
17066,Vip,-0.15336838,0.3685892
237214,L5/6 NP,-0.025930587,0.1623758
14788,L5 ET,0.037464436,-0.09422822
238665,L4/5 IT,-0.31179777,0.3552749
13593,Oligo,0.01407307,0.25933155
10612,Astro,0.3051998,-0.34949946
2451,L5 IT,-0.26500064,0.140581
277563,L6 IT,-0.14390731,0.3414099
5375,Sst,-0.16724354,0.32442835
279766,Oligo,0.4475019,-0.34562704
633,L5 IT,-0.07177144,0.021534365
17152,L6 IT,-0.11977804,0.3387706
16848,L5 ET,0.014641043,0.0020068102
14255,L2/3 IT,0.22201169,-0.3409185
12412,Micro,-0.17584756,0.07171194
8459,L6 CT,0.044707414,-0.004602421
16610,Astro,-0.4246481,0.4825994
233266,Endo,0.13834834,0.05600218
12478,Endo,-0.29897445,-0.18960096
3029,Micro,0.20558852,-0.39020592
11399,L5/6 NP,0.11926973,0.041295808
233121,Micro,-0.116962284,0.35106882
11504,L4/5 IT,-0.24252155,-0.035244513
8800,L2/3 IT,-0.20813534,-0.11012687
10199,L6 CT,0.052234586,0.2627956
9907,L2/3 IT,-0.43037874,-0.0076307543
15188,Micro,-0.081112236,0.24217008
239967,SMC,0.42776817,-0.2466415
13102,L5/6 NP,0.37980515,-0.16401751
2723,L5 IT,-0.025872204,0.13594626
8297,L4/5 IT,-0.36890435,0.07624428
13308,Pvalb,-0.30979902,-0.09507276
6921,Astro,0.0010698996,-0.13155787
277506,Micro,0.1511175,-0.3824572
6396,Pvalb,0.4518819,-0.115129784
238476,L2/3 IT,-0.26649144,-0.102896556
16759,Oligo,0.23804003,-0.14792533
279231,L6 CT,-0.04310328,0.2060871
239132,L6 CT,-0.11678356,0.3935484
234208,L6 CT,-0.08597559,0.3418521
238430,L6 IT,0.038418587,0.05203585
280031,L5/6 NP,-0.122326165,0.38103214
8550,Endo,0.45387614,-0.3488694
6926,L6 IT,0.08802444,0.014899652
11696,L6 CT,0.38387442,0.02285878
16756,Astro,0.056035813,0.21444939
6748,Astro,-0.1077317,0.25223348
9808,Endo,0.25332874,-0.28861564
277485,L6 CT,-0.068567306,0.3520784
4700,Astro,0.25985086,-0.291754
236727,Astro,-0.3699913,0.017544132
2706,Oligo,0.34537578,0.12117998
1928,L6 CT,0.36138856,0.033176523
10028,L4/5 IT,-0.30919698,0.008170586
238771,L2/3 IT,-0.46149173,0.0147592835
2925,L2/3 IT,-0.47347087,0.022914272
11510,Astro,0.16765767,0.022034388
4698,L6 IT,-0.15073851,0.21508287
10205,L5 IT,-0.18582326,0.2113701
235572,L2/3 IT,-0.057593856,-0.18299712
233595,Vip,-0.30840945,0.06868337
8810,L6 IT,-0.08400217,0.088621005
6449,L2/3 IT,0.14613527,-0.25311697
4584,L5 IT,-0.14106137,0.29639474
278785,L4/5 IT,-0.28144932,0.12413494
15387,Endo,0.16960555,0.34050992
8701,Pvalb,0.40148562,-0.24543269
279851,Sst,0.031624015,-0.041022558
2708,L5 IT,-0.20380795,0.10605852
10074,L4/5 IT,-0.3827242,0.42690077
14065,L6 CT,0.05590033,0.2938718
16682,Astro,-0.44215322,-0.038000096
278002,L5 ET,-0.25490984,0.15273224
10154,L5 IT,-0.09074834,-0.06302999
236052,L6 IT,0.109141946,0.17482828
15977,Astro,-0.5118118,0.024759095
11484,L4/5 IT,-0.25215328,0.3137237
233819,L4/5 IT,0.05496454,-0.18418439
233399,L4/5 IT,-0.33901674,0.17882256
2992,Astro,-0.31857252,-0.18969549
279227,L4/5 IT,-0.43468636,0.38160297
236861,Oligo,0.24737608,0.16293655
277351,Oligo,0.073857546,0.18308972
233848,L2/3 IT,-0.2273148,-0.1669858
238991,Peri,-0.39888102,0.36213544
2686,L4/5 IT,0.15436482,-0.1848483
917,Endo,0.33395827,0.09576981
235191,L2/3 IT,-0.27982008,-0.14156835
13053,L2/3 IT,0.056035634,-0.23819523
11464,VLMC,0.3634473,-0.49794406
233410,L6 IT,0.12722903,0.16445296
239359,Endo,0.25817454,-0.31899884
854,Endo,0.038658377,-0.030413318
236195,L6 IT,-0.20377082,0.30114886
8650,Peri,-0.27432624,0.33750495
17213,Micro,-0.055305514,-0.23168115
6919,L4/5 IT,0.17266548,-0.22878017
12389,L4/5 IT,0.18384367,-0.25052762
4664,L2/3 IT,-0.3720774,0.0006384067
13105,L5 ET,0.2109589,-0.0941257
14076,SMC,0.1262629,-0.17178546
236119,VLMC,-0.49446154,-0.08505307
2683,L6 IT,-0.10504675,0.35570887
10178,PVM,-0.0135948695,-0.36830416
16075,Oligo,0.20824897,0.190518
233272,VLMC,0.027401026,-0.38121167
13301,OPC,-0.26681626,-0.217575
234806,L2/3 IT,-0.348745,-0.024454612
235082,L6 CT,-0.1266832,0.20708482
8663,L2/3 IT,0.45938516,-0.41849864
58,Micro,-0.37054244,0.31097052
10076,Astro,0.016503748,-0.105174616
10158,L2/3 IT,-0.4604327,0.0071632676
277428,L2/3 IT,-0.04102475,-0.17370634
8667,Endo,0.18708098,0.26889142
6878,VLMC,0.07747674,-0.40184927
15386,L2/3 IT,-0.038723473,-0.18044339
279904,L2/3 IT,0.19127715,-0.3541129
237557,Oligo,-0.17362359,0.018266302
9989,L6 CT,0.38358468,-0.017202426
6817,L5 IT,0.2867701,-0.22548772
14194,L2/3 IT,-0.18988839,-0.21820726
2746,L5 IT,0.2817135,-0.20768522
13034,Endo,0.031102832,-0.09773184
1623,L4/5 IT,-0.20680925,-0.034711767
4308,Endo,0.18489206,0.15469573
278861,Oligo,0.0047203265,0.19929825
2859,Pvalb,-0.04945085,-0.24456157
4718,VLMC,0.21362472,-0.45066208
15365,L2/3 IT,-0.042321984,-0.22947507
14168,Endo,-0.49992234,0.036544424
14325,L6 IT,0.3564092,-0.09035136
236106,Astro,0.011841234,0.14317708
235180,L4/5 IT,-0.02331591,-0.16131727
11640,L2/3 IT,-0.3112026,-0.10158141
816,Astro,0.08584881,-0.19466738
237639,L6 IT,0.02042013,-0.022013117
236710,Oligo,0.32539517,0.05309121
17276,Pvalb,-0.089564115,0.015534621
4298,Astro,-0.0686219,0.34289053
12418,SMC,0.12747985,-0.417332
239840,PVM,0.35675663,0.06803493
278549,Peri,0.21889353,-0.0644377
233623,L2/3 IT,0.3131439,-0.40025887
15339,Endo,-0.14758879,0.069802806
875,L5 IT,-0.35698354,0.4730421
14264,L2/3 IT,-0.47220352,0.019699495
278839,Oligo,0.28682047,-0.29420826
10235,L6 CT,-0.1415717,0.2445188
233401,L2/3 IT,0.10056239,-0.25729924
14104,L5 IT,-0.22152078,0.19777893
6350,Astro,0.072750926,-0.34059837
1751,L6 IT,0.39521044,-0.07519598
277610,L4/5 IT,-0.38691142,0.13364904
16653,L6 IT,-0.030036245,0.034026723
234492,L2/3 IT,-0.17067367,-0.091092005
6346,Astro,0.3079912,-0.05478208
239678,L5 ET,-0.31882173,0.31977782
233893,L6 CT,0.09541023,0.12622325
16058,Endo,-0.22424641,0.25151286
17244,Endo,-0.40633416,0.24204092
8863,Vip,-0.3581887,-0.054752428
239039,L5 IT,-0.22872066,0.42538425
13132,L2/3 IT,0.1005497,-0.2952612
953,OPC,0.16504973,-0.4155269
14231,L2/3 IT,-0.0811024,-0.19691299
234209,Pvalb,-0.0086382665,0.077216014
4264,Endo,-0.1855559,-0.13885157
237549,Astro,0.14347261,0.18543677
15202,L2/3 IT,-0.41024745,0.083980545
2,SMC,0.1294604,-0.4187765
14098,Peri,-0.024124388,-0.09217848
238488,L6 IT,-0.10504663,0.03943972
9979,Oligo,-0.27428892,0.056837242
12311,VLMC,-0.0453983,-0.35025856
16663,L2/3 IT,0.23155701,-0.337311
8627,Endo,0.013567563,-0.14752956
237623,L6 IT,0.029859778,0.14364146
239375,Endo,0.22861457,0.09543125
239679,L4/5 IT,-0.33509856,0.09655081
14173,L4/5 IT,0.18245476,-0.19837494
6635,L2/3 IT,-0.23290467,-0.18146415
