,cell_class,coord_X,coord_Y
170296,L2/3 IT,0.1762301,-0.2346336
124934,SMC,0.22270355,-0.30977228
90792,L6b,0.0357562,0.32686564
234091,Micro,0.25833532,0.36785838
223482,PVM,-0.035679936,-0.17667714
126669,L4/5 IT,0.16688588,-0.15015313
90155,Oligo,0.2798865,0.340687
21967,L5 IT,-0.072839946,-0.026389748
223525,L6 IT,-0.4086367,0.30277947
264696,L2/3 IT,-0.4167632,-0.24722978
223532,Endo,0.14411494,0.29068908
126479,L2/3 IT,-0.19050992,-0.2662839
272416,Astro,0.19698396,-0.41993472
208621,L4/5 IT,-0.3718556,-0.06290156
90644,Oligo,0.32987848,0.2877787
223720,VLMC,-0.017556995,-0.43738744
74907,L2/3 IT,-0.17984185,-0.2722237
44672,VLMC,-0.04283431,-0.43403444
280181,L6 IT,0.41244927,0.017664522
70844,Oligo,0.17139646,0.42183664
124746,L6 CT,0.37945834,0.090551406
124904,L6 IT,-0.29636252,0.3258336
208795,L5 IT,-0.24566567,0.21773008
126628,Astro,-0.447113,0.32935533
170922,Micro,0.25815037,-0.4243523
208786,Endo,-0.27856192,0.27897325
63265,L6 CT,0.4247419,0.33720085
90735,Peri,0.35248998,0.035236508
90734,L5 IT,-0.30122215,0.2262362
170325,L2/3 IT,-0.07247779,-0.22172573
45540,Lamp5,-0.14768493,-0.3403661
124741,Endo,-0.2258412,0.16876528
124776,L6 CT,-0.43298388,0.31634405
197551,Oligo,-0.0016715229,0.33068904
44622,L4/5 IT,-0.4525593,-0.04836887
276516,Endo,-0.2489602,-0.14992097
124816,L2/3 IT,0.26001015,-0.2304202
124729,Astro,0.06044075,0.4223782
246257,Endo,-0.08703992,-0.08793253
231564,Oligo,0.3163698,0.34826943
90756,L6 CT,-0.24501029,0.3675845
197546,L5 IT,0.20962253,-0.007810384
124881,L6 CT,-0.119599044,0.26309732
44649,L5 IT,-0.095963776,0.041888267
213869,L6b,0.10960677,0.3227931
5824,L5 IT,0.4892198,-0.12089527
74943,L6 IT,0.3164737,-0.0014857948
170968,L4/5 IT,0.025657326,-0.07948211
124680,L4/5 IT,0.5164523,-0.27621338
125807,Oligo,0.052038044,0.031980097
197021,PVM,-0.14626086,-0.40871328
182052,L4/5 IT,0.20775983,-0.18563265
45191,Endo,-0.440755,-0.053391933
170554,Oligo,0.16360375,0.4271638
22117,L5 ET,-0.33807948,0.054258615
217826,L2/3 IT,0.35557356,-0.282948
938,PVM,-0.038362563,-0.19121596
170502,Oligo,-0.3146265,-0.16014764
125576,L5 IT,-0.061647803,-0.017090201
90519,L6 CT,0.23708239,0.12607077
170497,L6b,-0.18247253,0.3497444
125453,SMC,-0.035497665,-0.27641416
14668,Astro,0.32100686,0.11029568
217871,L2/3 IT,-0.32690993,-0.28077874
241793,OPC,-0.20005491,-0.36204007
45240,Oligo,0.10070136,0.30487093
125399,L2/3 IT,-0.34960994,-0.22580597
246184,L6 IT,0.14533052,0.16555539
276494,Endo,0.3531361,-0.2977363
217861,L5 IT,0.25261816,-0.10942575
5700,L2/3 IT,-0.1866695,-0.20714858
125768,L4/5 IT,-0.3532574,-0.11256763
75044,Oligo,-0.3828584,0.48816255
125817,Oligo,-0.12059373,0.27848002
75028,L4/5 IT,0.32130882,-0.1700334
125730,L6 CT,-0.44006568,0.3510116
208711,L5 ET,0.313993,-0.0286116
237081,Pvalb,0.26318696,-0.08580512
125666,L5 IT,0.30376258,-0.10624835
22048,Astro,0.114809126,-0.04222998
246217,VLMC,0.5157969,-0.4578579
44992,L5 IT,0.16424695,-0.06403723
250812,Endo,-0.20197949,-0.2631813
223622,L2/3 IT,-0.3070704,-0.28674927
276484,L4/5 IT,-0.4117322,-0.04788938
197304,L5 IT,0.019546181,-0.029184908
182115,Astro,0.40381113,-0.42367825
75008,Peri,-0.3408871,0.12226412
45388,L5 IT,-0.34522218,0.07540354
197385,Lamp5,0.34242454,-0.36247227
258615,Micro,-0.24831745,-0.3149932
240457,L4/5 IT,-0.055499792,-0.11551133
5606,L2/3 IT,-0.14370227,-0.3193421
126334,L6 CT,-0.12606746,0.2769995
125166,Astro,-0.00472793,-0.3583923
264589,L6 IT,0.32790318,0.069375426
208753,PVM,0.0030618906,-0.07533705
197056,Pvalb,0.056679755,-0.012473077
246178,Endo,-0.071056634,-0.033565253
14633,L4/5 IT,-0.23162854,-0.07781464
197450,OPC,-0.013620228,0.3534861
126357,Oligo,-0.38184333,0.4556068
125077,L4/5 IT,-0.040429384,-0.08667147
223711,Astro,0.06900075,0.056361526
75124,L6 CT,0.09674683,0.29417452
125071,Endo,-0.24520424,-0.16287878
90186,Oligo,0.34559557,0.04358813
44696,Peri,-0.32455522,0.23333254
248823,L4/5 IT,0.20274922,-0.15911737
125187,Astro,-0.40538004,-0.0058373213
90246,Sst,0.0695025,0.088535815
231589,VLMC,0.1895881,-0.44173115
45284,L6 CT,-0.45263186,0.22358152
45290,Pvalb,0.28995678,-0.14024559
126197,Oligo,0.2955487,0.35316554
125320,Pvalb,-0.13255167,0.22038445
125281,L2/3 IT,-0.2806717,-0.14485735
241790,Micro,0.34732524,0.38726833
267425,L5 IT,-0.06205851,0.016518205
170790,Lamp5,-0.25686434,-0.3021515
90581,L6b,0.14049885,0.31524768
90587,L4/5 IT,-0.14837718,-0.11353481
170806,L4/5 IT,-0.007846713,-0.15444013
223558,L6 CT,-0.23880184,0.22803822
5611,Endo,0.2055442,0.14377084
17228,Astro,-0.22429481,-0.10140574
197081,Micro,-0.06907451,0.19669417
125261,OPC,0.0215033,0.34888962
272467,L6 CT,0.42983094,0.16199914
237550,Endo,0.13341776,0.103913516
74903,PVM,0.043462306,0.021432817
122560,Peri,0.39184323,-0.18380153
122553,Astro,-0.20566165,0.19844148
74716,L6 CT,0.18406096,0.22697595
223127,PVM,0.15409324,0.28084233
21642,Lamp5,-0.09630212,-0.39050654
122506,L6 CT,0.016089052,0.2524067
272210,Peri,-0.33085397,-0.08510846
122467,Endo,-0.27929205,-0.34974012
122462,L4/5 IT,0.4631835,-0.26181152
46782,L4/5 IT,-0.44092712,-0.09420782
208383,Endo,0.03623584,-0.30819547
21630,Lamp5,0.25575998,-0.3137343
21626,L6 IT,0.0024776459,0.21005669
62593,L6 IT,0.36323252,0.08776483
198301,L2/3 IT,-0.21814507,-0.29729766
122380,L6 CT,0.083914846,0.22673556
269625,Oligo,-0.002127111,0.27330324
171739,L6 CT,-0.08599791,0.16870764
259187,Oligo,0.28992036,0.37274113
276606,L6 CT,-0.388845,0.23863569
171752,L6 IT,-0.3792697,0.39316037
264458,L5/6 NP,-0.04855585,-0.0077071786
122258,L4/5 IT,-0.2954125,-0.08677903
46723,OPC,-0.08642897,-0.4156682
198218,Oligo,0.34850827,0.330075
62671,L2/3 IT,0.4607601,-0.31571186
213942,L6 CT,-0.25116947,0.2842302
223211,SMC,-0.21573359,-0.41731158
122936,L2/3 IT,-0.23317447,-0.31067076
231755,L6 CT,-0.11926091,0.25404295
181802,Astro,0.45646867,-0.42232165
12686,L2/3 IT,0.41392115,-0.24740204
122879,L2/3 IT,0.045143396,-0.29637972
231761,Endo,0.34487757,-0.05553803
91464,L6 CT,-0.38808092,0.30610862
198093,L6 CT,0.34078035,0.21884021
234142,Oligo,-0.21409154,0.38185105
91509,L5 IT,-0.24110362,0.12434772
122717,L4/5 IT,-0.21935749,-0.08372104
21698,L4/5 IT,0.3504981,-0.21029866
122701,L2/3 IT,0.18903175,-0.33028242
171561,Endo,0.047728688,0.2646896
171576,L2/3 IT,-0.13722584,-0.27188775
198187,PVM,-0.08157471,-0.06898698
198202,SMC,0.056330472,-0.22301716
46714,Oligo,-0.447121,0.3744606
171620,VLMC,-0.13680398,-0.4255887
181687,PVM,0.051012784,0.016789198
198369,L4/5 IT,-0.09212747,-0.12993273
259203,Oligo,-0.14696136,0.2856693
121814,L2/3 IT,0.5278468,-0.31595144
47148,L4/5 IT,0.28340027,-0.17347398
121788,L6 IT,-0.44500878,0.39881566
62480,Astro,0.0743303,-0.13343108
9547,VLMC,0.069451004,-0.44112384
218093,Astro,0.5018319,-0.44039595
12712,L6 CT,0.22079983,0.1500242
208303,L4/5 IT,0.025693744,-0.097465396
222970,L6 IT,-0.25733015,0.23945197
259303,Astro,0.26305875,-0.39682475
259305,PVM,-0.028620005,-0.26491207
272116,L5/6 NP,0.34762767,-0.09889719
234694,L6 CT,-0.40752354,0.2283015
121550,L6 CT,0.07848433,0.113146335
218116,L4/5 IT,-0.4593673,-0.11910102
121507,Endo,0.32976344,0.021261334
47275,VLMC,0.035528272,-0.44414666
172054,L2/3 IT,-0.41216594,-0.17426214
208259,Astro,0.23654452,-0.40733767
236943,Oligo,-0.003652662,0.35712203
121433,Astro,0.38355413,0.29829493
198516,L5 IT,-0.118263066,-0.021536529
198509,Endo,0.082752675,-0.3771868
198508,L2/3 IT,-0.37744778,-0.19708124
259248,Astro,-0.034328192,-0.13937873
91661,L5 IT,-0.24655989,0.016861647
91665,L4/5 IT,-0.24607804,-0.104165494
181682,VLMC,0.52940416,-0.45874268
244315,Astro,-0.31149873,0.39076385
181665,Astro,0.14193407,-0.045027196
797,L2/3 IT,-0.19822523,-0.16081339
46967,L2/3 IT,0.47454116,-0.25970915
62542,Sncg,-0.07829377,-0.3292122
234701,L2/3 IT,0.28577802,-0.24706104
91729,L5 IT,-0.44827637,0.20629516
223223,L4/5 IT,-0.15111297,-0.09196547
122077,L2/3 IT,0.3591698,-0.26989183
91740,Pvalb,0.5318023,-0.110291004
91742,Oligo,-0.44830236,0.49546805
74666,L2/3 IT,0.04839763,-0.28955182
122035,Endo,-0.4279092,-0.2164528
198441,Astro,-0.29426733,-0.0036478937
272161,SMC,-0.26766518,-0.4131345
122000,L4/5 IT,-0.20421621,-0.10264471
171863,Astro,-0.097369164,0.42674854
14451,Peri,0.38290069,-0.38108552
121928,Astro,0.08700815,-0.34255096
46989,L5/6 NP,0.42250296,-0.11874676
198042,L4/5 IT,0.36108103,-0.21698609
123009,L5 IT,-0.3213039,0.14391586
198037,Astro,0.24981317,0.33375946
124230,L2/3 IT,0.13013074,-0.30304787
235222,L2/3 IT,-0.40519458,-0.1489265
124219,Peri,0.041734546,-0.1767286
62889,Lamp5,-0.23757583,0.3022152
124216,L6 IT,-0.4201201,0.22324184
90961,L6 IT,0.25821248,0.22263613
196953,Endo,0.16528168,0.07368252
197700,L4/5 IT,-0.18455267,-0.14132828
124179,L4/5 IT,-0.30392805,-0.06582591
90991,PVM,0.49997792,-0.14474556
62868,L6b,0.13333014,0.31064972
197706,L6 CT,-0.22134736,0.22772017
124152,L4/5 IT,0.062533826,-0.10871339
234719,L2/3 IT,-0.1818662,-0.204115
258814,Oligo,0.3610116,0.065926164
74860,Oligo,-0.13128245,0.4238412
91030,Endo,-0.32372922,-0.37004876
217950,L2/3 IT,-0.19994009,-0.21255425
171130,Oligo,0.16215196,0.29430738
91051,SMC,-0.26379564,-0.40976536
171140,Pvalb,0.4384608,0.09657398
124243,L6 IT,-0.35018423,0.3386931
124255,Peri,-0.42307043,-0.035473913
223434,L4/5 IT,-0.12487349,-0.075133175
124278,Micro,0.3827366,-0.15476951
124580,L4/5 IT,-0.2917012,-0.091371626
21903,Peri,-0.420165,-0.018172354
90827,L6 CT,0.32005146,0.20912066
124544,L5 IT,-0.22271588,0.12560335
272391,OPC,-0.22950807,0.24953577
74895,L2/3 IT,-0.022047192,-0.15498269
234110,L4/5 IT,-0.073702335,-0.119971156
124436,L6 CT,0.43076882,0.32671747
70868,L2/3 IT,0.45440647,-0.32935175
124407,Endo,0.5042417,-0.40949437
231712,L6 CT,0.42173114,0.1116952
90900,L5 ET,0.26984832,0.09801623
240453,Astro,-0.31494614,-0.33074892
124377,SMC,-0.35232362,-0.39687282
269580,L6 IT,-0.41651222,0.2651805
171051,Oligo,-0.45819443,0.5151614
231688,Oligo,0.01713252,0.29380116
62906,L2/3 IT,-0.3540499,-0.20928591
208588,L4/5 IT,-0.11075601,-0.12424186
208578,Micro,0.3388885,0.013881862
258801,L6 CT,-0.34461805,0.36911646
124291,L4/5 IT,0.11554751,-0.12964517
239471,Pvalb,-0.35034904,-0.05613658
45636,L4/5 IT,0.25882027,-0.19990283
62795,L6 CT,0.409054,0.11108437
5944,L6 CT,-0.026698828,0.29229543
123333,L6b,0.14942458,0.30854294
250682,Sst,-0.4006488,0.07047817
123293,Oligo,-0.45606452,0.47461596
181817,L2/3 IT,0.07408878,-0.32092175
208467,L5 IT,0.13381073,0.0024066865
5976,L6 CT,0.001501888,0.16102973
123253,SMC,-0.39092833,0.5399219
14531,L5 IT,0.12317857,0.0817363
171388,OPC,0.50070906,-0.12808037
91364,L2/3 IT,0.18185315,-0.26382652
91371,L6 CT,0.111512154,0.20571163
171401,L6 CT,0.4220583,0.3734136
171402,Micro,0.13113466,-0.22876331
279328,Oligo,0.33059505,0.028998256
123135,L5 ET,0.34897527,-0.117685646
62681,Endo,0.40459415,-0.4278429
837,Astro,0.35838285,-0.40535083
259018,L6 IT,-0.3921405,0.27356276
208436,Astro,0.41929075,-0.22715959
272241,SMC,-0.29280925,0.016624868
248886,PVM,-0.039999276,0.122216135
197949,Pvalb,-0.1383931,0.06056145
250689,L2/3 IT,-0.33680272,-0.14379731
62698,L6 CT,-0.4417718,0.30189618
123408,Endo,0.12039521,-0.31166413
258888,Astro,-0.052294105,0.27057704
91130,Astro,-0.3658622,0.42431208
9610,L2/3 IT,-0.33214238,-0.21965829
46069,L2/3 IT,-0.078590125,-0.1543333
264521,VLMC,0.4958705,-0.45579153
21808,L2/3 IT,-0.34513503,-0.31073186
250722,Sst,-0.08768049,-0.05867508
5949,Astro,0.09489557,-0.24228191
11768,L2/3 IT,-0.33032605,-0.30265507
197857,VLMC,0.21872595,-0.44884756
123892,L4/5 IT,-0.43657404,-0.039479673
123704,L6 CT,0.43756226,0.2228308
123675,L2/3 IT,-0.067295074,-0.20627159
46154,Endo,0.29826096,-0.38199437
46230,L4/5 IT,0.28143904,-0.18023634
91261,L2/3 IT,0.18668118,-0.3429847
250716,L4/5 IT,0.30136737,-0.16625756
123531,L2/3 IT,0.35823914,-0.31505093
91274,Oligo,-0.08882177,0.34876958
46285,L5 IT,0.1090689,-0.0031840205
91296,Endo,-0.008267134,-0.39224023
123412,L6 IT,-0.18343419,0.30801323
272302,Oligo,0.31207308,0.38180938
11361,Astro,0.5331062,-0.25617886
89866,L5 IT,-0.37370566,0.14883885
213797,L2/3 IT,0.13222817,-0.216288
131224,Endo,-0.18464202,0.3603216
131189,Oligo,0.10773221,0.2827588
131185,Endo,0.19389287,0.1225867
131178,L5/6 NP,0.12924579,-0.015816122
272907,L4/5 IT,-0.080262035,-0.05348459
257586,L4/5 IT,-0.12806243,-0.079197586
88612,Endo,0.14056048,-0.22428945
195334,Astro,-0.36919895,-0.17823243
42522,Astro,-0.21027684,-0.34656045
195342,L6 CT,-0.38065758,0.15829846
168956,Oligo,0.17967007,0.20771024
88625,L2/3 IT,0.5277716,-0.3469507
131043,L4/5 IT,0.4498845,-0.24372348
195379,L5 ET,0.39367434,-0.046544522
131031,L4/5 IT,-0.06343451,-0.10891771
131012,L4/5 IT,-0.23258659,-0.086790085
14892,L6 CT,0.21103784,0.14792612
195401,L4/5 IT,-0.33187586,-0.119093776
195402,L4/5 IT,0.42631426,-0.22448751
130975,L6 CT,0.3360292,0.18162438
168987,L2/3 IT,0.53859675,-0.35953894
64095,Micro,-0.34714046,-0.13851908
272926,L4/5 IT,0.01897505,-0.15062961
75550,L2/3 IT,-0.29625815,-0.2341586
182707,Oligo,-0.31598333,0.10244754
224635,L2/3 IT,-0.38106853,-0.1527985
42211,Endo,-0.37848642,-0.0953477
257480,L6b,0.16211268,0.3061506
131636,Oligo,0.21362945,0.20559588
182729,L2/3 IT,-0.28785327,-0.3102531
168801,Astro,-0.16460782,0.37503883
42222,Vip,-0.15365309,0.24276921
131591,L6 IT,-0.08073899,0.23215654
168809,L5/6 NP,0.19855687,0.013621092
88431,Astro,-0.43892366,-0.16772267
168994,L6 CT,0.2959235,0.25634953
42265,Endo,-0.28386548,-0.18880054
12467,L5 IT,0.15236405,0.016262382
195228,Endo,0.086232156,0.012136996
131386,L2/3 IT,0.27425042,-0.26045486
257520,SMC,0.31889805,-0.4287448
168879,Oligo,-0.39034337,0.4673107
42357,L2/3 IT,-0.0026669204,-0.19407651
42366,L6 CT,-0.034766078,0.109473616
22916,L5 IT,0.38245407,-0.012955159
264973,Oligo,-0.38154063,0.27895615
246507,Oligo,0.2669545,0.32069644
131472,Oligo,0.30140033,-0.34325382
22984,L4/5 IT,0.27792433,-0.1555768
251143,L2/3 IT,-0.17679173,-0.32577518
42573,L5 ET,-0.04721698,0.06292364
257690,Endo,0.43029353,0.14883694
5149,Micro,-0.2197471,0.3482069
12482,L6 CT,0.22682866,0.17031339
88845,L6b,-0.23411334,0.3689387
130454,L5 IT,-0.25779328,0.033228785
130439,Oligo,0.08368304,0.38112643
42778,L4/5 IT,0.30973706,-0.2442629
169154,L4/5 IT,-0.07551649,-0.08896053
169166,Oligo,-0.11180267,0.3857797
169171,Astro,0.14796606,0.15942547
22776,L2/3 IT,0.042514175,-0.1999554
272827,OPC,0.18085238,0.06436297
130285,L2/3 IT,0.2884883,-0.36088926
42855,Endo,-0.3982344,0.007982224
130260,L4/5 IT,-0.12770343,-0.094671965
257739,L6 CT,0.3219234,0.08159003
130234,L5 IT,-0.073842406,0.14125165
251098,L2/3 IT,-0.24912113,-0.28640455
9806,Oligo,0.058565944,0.3400279
88917,L6 CT,0.28550175,0.1850622
5180,L5 IT,0.439055,-0.13637117
130506,L4/5 IT,-0.4327334,-0.018668264
5142,L2/3 IT,-0.30114424,-0.24373558
130544,Astro,0.00593701,-0.406997
169131,L2/3 IT,0.44721696,-0.3034807
130906,Lamp5,0.06656209,-0.3940705
215232,L6 CT,0.07342711,0.20163885
42598,L5 IT,-0.25339845,0.13891938
169031,Peri,-0.1272879,-0.19482028
42620,Lamp5,-0.12341857,-0.2520297
272888,L6 CT,0.43299702,0.3895062
130808,L5 ET,-0.0575234,-0.03190112
209209,L4/5 IT,0.3821973,-0.22740361
195468,L5 IT,0.37359408,-0.15688774
217470,L2/3 IT,0.28815964,-0.31509653
64033,L5 ET,0.04832509,0.122700006
130786,VLMC,0.3127745,-0.4475507
63995,L4/5 IT,-0.45878255,-0.0762817
213663,Oligo,-0.021780193,-0.12638187
130714,L5 ET,0.05011955,-0.067107946
42665,L5 IT,0.2063416,-0.04199776
169083,L4/5 IT,-0.3705949,0.010458648
215227,Lamp5,-0.4492133,-0.17776904
75468,Endo,-0.32034948,0.23761025
130600,PVM,-0.03571248,-0.22992018
88790,Endo,-0.35144278,0.3524824
217483,Pvalb,-0.43763378,0.10361913
75480,L6b,-0.46015736,0.4600865
130149,Astro,0.093987316,-0.3592298
131752,L2/3 IT,-0.35778937,-0.1675289
88368,L6 CT,-0.21504304,0.23985848
224937,Oligo,0.075748116,0.029254496
239821,L4/5 IT,0.35791734,-0.16934717
168397,Oligo,0.26063296,0.3921326
182865,L6 CT,-0.27080682,0.2013978
64281,Endo,0.28930482,-0.07452828
132820,Micro,0.035198897,0.41085514
132800,L6 CT,0.42956826,0.13129327
88025,L2/3 IT,-0.45421177,-0.118311286
41630,L5 IT,0.05879119,0.010050654
265053,L6 CT,0.5009624,-0.022466213
168440,L4/5 IT,0.12629446,-0.10796824
132709,Oligo,-0.045384884,0.36438242
64252,L6 CT,-0.43449023,0.41927388
41706,Peri,-0.39765355,-0.24902299
75748,L4/5 IT,0.45523325,-0.2218611
132627,L6 CT,0.15040109,0.23109427
75744,Oligo,-0.25149572,0.404291
88087,L6 CT,-0.4066279,0.26323143
280158,Oligo,-0.21241212,0.3857452
194786,L5 IT,0.19722381,-0.00017017126
132574,L2/3 IT,-0.2737239,-0.18772623
194656,Astro,0.3577843,-0.050818592
194645,L2/3 IT,0.09869763,-0.2659431
182889,L4/5 IT,0.073507994,-0.10641149
41506,Endo,-0.29762033,-0.04562366
23241,L6 CT,0.17694929,0.28994825
133536,L2/3 IT,-0.19124418,-0.27988663
194512,SMC,-0.22608176,-0.4144968
87747,L6b,0.2683284,0.28273675
41294,Astro,0.52922654,-0.16759127
225017,Peri,0.3856372,-0.43182135
194527,PVM,-0.0886555,-0.3708151
64353,Micro,-0.3987808,0.119951755
41309,Endo,0.3051267,-0.34704006
23198,PVM,0.50502765,-0.1376966
231296,L6 CT,-0.04297024,0.265336
235653,L6 IT,0.47161093,-0.042696476
251247,Peri,-0.33966884,-0.039081752
265085,Astro,-0.052246034,0.25139144
133255,L4/5 IT,0.07671824,-0.10505167
87881,L6 IT,-0.012741536,0.1602529
64332,SMC,0.320936,-0.18485823
194606,Sst,0.43792924,-0.025895387
257250,L6 CT,-0.06642538,0.15344122
87917,L2/3 IT,-0.27676865,-0.21276549
23166,L4/5 IT,-0.052291423,-0.13665852
4929,L4/5 IT,0.11280033,-0.13869086
87826,L4/5 IT,0.43970796,-0.187729
257457,Astro,-0.23946133,-0.013964057
41781,Astro,-0.1293593,-0.16638604
231299,Endo,0.50262606,-0.14091912
132075,Astro,0.5156343,-0.07074985
168655,L6 IT,0.15029916,0.20877615
182791,Oligo,-0.17924255,0.41459176
168661,L6 CT,0.4210175,0.06318936
42023,SMC,-0.27582154,-0.40578175
88259,Peri,0.257194,-0.08599195
64190,Endo,0.36075088,0.4016485
131985,L5 IT,-0.07344651,0.095897585
131959,L6 IT,-0.003449738,0.20105383
246534,VLMC,0.3176888,-0.44917607
9861,L6 IT,0.37518147,0.1940302
239152,L6 CT,-0.067050904,0.21357748
11811,L6 CT,-0.3695871,0.2562507
131872,L6 IT,0.16377607,0.027874291
88312,L6 CT,-0.17446181,0.14475253
131840,Micro,0.12870935,-0.1804885
215250,L5 IT,0.17686948,-0.032129347
1145,Oligo,0.0264889,0.3773432
42173,Oligo,0.38664886,0.36194465
131786,L5 IT,0.4826589,-0.06453335
88356,L6 CT,-0.23955646,0.27049622
182792,Peri,-0.026103407,-0.37632534
132081,L4/5 IT,-0.18855694,-0.08679813
209341,L6 CT,0.12626389,0.18222514
194966,Astro,-0.08133829,-0.22518423
244169,L2/3 IT,-0.18345773,-0.16468015
132467,Micro,-0.10076296,-0.3269644
277729,L5 IT,0.124225944,0.026241332
268214,Sst,0.3165805,-0.35995653
168561,Endo,-0.35896003,-0.023616135
237315,Endo,-0.01813808,-0.39241028
9885,Peri,0.052632004,-0.05371231
132345,L6 IT,-0.05096224,0.09370622
23075,Oligo,0.049388677,0.41387948
132321,Pvalb,-0.2686162,-0.14228109
41796,Oligo,-0.23896787,0.4121807
132316,Lamp5,0.46907786,-0.41771838
217404,Oligo,-0.23028797,0.039682955
75713,Oligo,-0.0003697574,0.39195946
88201,L5 ET,0.0053884387,0.093716174
265023,L4/5 IT,0.5065204,-0.23584154
88212,L6 IT,-0.16905314,0.29097232
88222,Oligo,0.12403539,0.3258449
64205,Pvalb,-0.40190396,0.10751173
257391,L5 IT,-0.12965277,0.009540409
209348,L2/3 IT,0.046603173,-0.24051076
132104,Micro,0.087996095,0.14441988
41936,L6 CT,0.1601747,0.26812962
235733,Astro,0.2760131,-0.091844946
63890,L6 CT,0.35495898,0.15349177
195694,L5 IT,-0.22224912,0.15270391
213753,Oligo,0.1389024,0.36060986
244233,L6 CT,-0.44278106,0.25057933
127845,L6 CT,0.35884258,0.20262596
182369,Astro,0.12060663,0.37776557
196498,Lamp5,0.42093447,-0.38508645
127816,Oligo,-0.21742222,0.39211413
63508,L2/3 IT,0.18872008,-0.339922
169892,L5/6 NP,-0.018261164,-0.037190497
127762,Lamp5,0.25087002,0.028592348
127758,L5 IT,-0.37832427,0.3106449
22412,L2/3 IT,-0.26980796,-0.2913794
196547,Micro,0.43663308,-0.16065031
127708,L5 ET,-0.16327381,0.047272414
272620,L6 IT,-0.27880344,0.34592047
89766,L6 CT,0.17242125,0.13996044
196551,Endo,0.32423416,0.19297579
9704,L4/5 IT,-0.45037597,-0.084076345
169921,Peri,-0.25918213,-0.09796658
127664,L6 IT,0.027794302,0.15445843
208903,L6b,0.088026196,0.30055556
169947,L2/3 IT,0.1304752,-0.20703018
127870,Astro,-0.04888305,-0.3876371
258190,L5 IT,0.4835361,-0.18923283
231484,Endo,0.40349266,0.3902379
264763,L2/3 IT,-0.0003170967,-0.15588209
43793,Oligo,-0.3835594,0.47349265
196341,L5 IT,0.20181885,-0.032618195
43833,L2/3 IT,0.38546196,-0.32838425
272659,PVM,0.325725,-0.3165914
22499,L2/3 IT,-0.07626942,-0.24330744
224027,L5 IT,0.20086202,0.00032752752
43881,Sst,-0.34609964,0.14382407
276410,L2/3 IT,-0.24903423,-0.12985796
128134,L6b,0.08248785,0.3075585
244228,L6 CT,0.1907607,0.22390565
215199,L4/5 IT,-0.37480545,-0.029171646
89617,L6 CT,0.017717242,0.2796081
128083,VLMC,-0.08414516,-0.43384016
223997,L6 IT,-0.056628227,0.2160376
272646,L5 ET,-0.18662071,0.07284072
269485,L6 CT,0.3985192,0.23300639
127978,Lamp5,0.36942938,-0.4252879
127976,L6 CT,-0.24468699,0.33742645
127971,Oligo,0.2931331,0.23191342
43960,Oligo,-0.12551284,0.23444793
127950,L6 CT,-0.02756536,0.11170718
75295,Astro,0.13654384,-0.33446422
269478,L5 ET,-0.16037783,0.08940217
258118,Endo,0.19038472,-0.37837955
89806,L6 CT,-0.37964106,0.33756557
11798,Oligo,-0.2882239,0.29421052
258319,PVM,-0.09091821,-0.14346501
70710,L5/6 NP,-0.17984816,0.12593201
196801,L5 ET,-0.29375687,0.09428242
89999,L4/5 IT,-0.27277386,-0.09348184
22298,L2/3 IT,0.4761859,-0.27441415
196808,PVM,0.036441177,0.3223603
90013,L5 IT,-0.061097294,0.028636754
223821,L5/6 NP,-0.19074148,0.08698508
215186,L5 IT,0.097518,-0.015483171
90026,Astro,-0.09775996,0.40185806
63308,L2/3 IT,0.15029237,-0.16565186
196862,L2/3 IT,0.14568517,-0.2816631
126900,Peri,0.23620883,-0.056253374
223806,OPC,-0.03050962,-0.071121365
217748,L5 IT,-0.37949494,0.1271052
170211,L6b,-0.1257604,0.33906797
196908,Pvalb,-0.16668388,-0.108531326
44518,Endo,0.061658055,-0.1959174
126777,L2/3 IT,-0.39499936,-0.14698341
126767,L4/5 IT,-0.24057302,-0.08111361
126757,L6 CT,-0.40445113,0.20635036
217722,Oligo,0.03901118,0.30763492
170122,OPC,0.41100457,0.18336567
241757,L5 IT,-0.07663983,0.002856791
196784,Micro,0.119827,0.22765145
127528,OPC,0.010040045,-0.432302
75245,OPC,-0.010347277,-0.060136497
272608,L5 IT,0.43967107,-0.17369035
127496,Astro,0.15570465,-0.3065118
196610,L5/6 NP,0.39225587,-0.092622995
44160,Endo,-0.2904742,0.107928544
182346,VLMC,-0.013007581,-0.43965626
127470,L4/5 IT,0.52291703,-0.24016982
91963,L2/3 IT,-0.35033497,-0.23594728
75238,L5 ET,0.20707121,-0.076678246
231508,Oligo,-0.32513607,0.30158547
127434,L6 CT,0.35069427,0.23822317
279404,Astro,-0.15928143,-0.34696624
63429,VLMC,0.24814346,-0.44684634
208858,L5 IT,-0.3269939,0.062732905
44231,Vip,-0.17423025,-0.33418766
250941,L5 IT,0.15807125,-0.030428499
223869,Oligo,0.41634598,0.23394307
127216,L6 CT,-0.20153919,0.31758282
14699,Oligo,0.17878386,0.37147334
241746,Endo,-0.38326547,-0.060879707
250935,L5 IT,0.0045731068,-0.030494303
169996,L2/3 IT,0.1437715,-0.27601877
63874,Endo,-0.036438227,0.20168671
128345,Endo,-0.42664215,0.23124465
244215,Oligo,-0.08644742,0.40262482
129527,Endo,0.08870241,0.03377974
129504,L4/5 IT,-0.3978327,0.00058472157
257878,L6 CT,-0.2703801,0.21811447
195875,VLMC,-0.12712744,-0.43065792
5256,Pvalb,-0.36293587,0.24102476
129404,L6 CT,-0.176525,0.31539628
89144,Oligo,-0.41665906,0.33304694
217546,Peri,0.19693032,-0.14011022
75377,L4/5 IT,-0.4040426,0.012746036
279461,Endo,-0.35593614,0.3212225
43270,OPC,0.17040858,0.26832363
224238,Astro,0.2540638,-0.41678035
129326,Endo,0.3499224,0.040542156
89177,Lamp5,0.14253017,-0.14442506
241681,Oligo,0.24985686,0.20636871
89189,OPC,-0.23124698,0.25884596
272736,Peri,-0.06786111,-0.3327687
129217,Astro,0.49663898,-0.11613044
43317,L6 IT,0.4401895,0.110324115
63761,L4/5 IT,-0.25436184,-0.13530627
235686,L2/3 IT,0.018494219,-0.2850826
89105,VLMC,0.5230787,-0.45810735
195847,Micro,0.35826638,0.16390613
209114,Astro,-0.22205105,-0.3485581
195837,L4/5 IT,-0.26627317,-0.07962862
276369,L5 ET,0.4050437,-0.0017810464
129946,L6 CT,-0.116315424,0.29580668
12499,L5/6 NP,-0.3163695,0.2228159
43043,L2/3 IT,-0.18061566,-0.13076782
88985,L4/5 IT,0.43350092,-0.20032427
264897,L5 ET,-0.40928382,0.08676723
182559,L4/5 IT,-0.39332962,-0.08217251
257822,Oligo,0.24630651,0.1082066
224315,L4/5 IT,-0.2063095,-0.098801225
43083,Astro,-0.16981384,0.39118674
43350,L5/6 NP,-0.041400522,0.0758234
264893,L2/3 IT,-0.27654,-0.23599869
129789,Endo,-0.3755652,0.16728082
234770,L5 ET,0.3635544,-0.025649786
89033,Oligo,0.157904,0.3383967
195791,Oligo,-0.028138906,0.34130624
224289,L6 CT,0.2106587,0.17377856
195792,L6 CT,-0.1014404,0.3003079
129671,L6b,0.37323335,0.27881613
75416,Oligo,-0.20301497,0.38447413
14825,Astro,-0.17060974,-0.26313818
22701,Endo,-0.0021288097,0.16974565
129796,L5 ET,-0.4526496,0.08823362
208984,Endo,-0.03282863,-0.35803023
89237,L6 CT,0.39246413,0.072520345
129129,L5 IT,-0.12540919,0.16030285
234039,L2/3 IT,0.3480563,-0.32755783
22555,Endo,0.40684322,-0.09826371
248773,L2/3 IT,-0.12182921,-0.28767946
278101,Vip,0.22555146,-0.26812848
209011,Peri,-0.19735506,0.046474904
128568,Lamp5,0.26873955,0.31321403
196253,Astro,-0.21202278,0.12008324
258090,L2/3 IT,0.08243033,-0.17962939
43685,L2/3 IT,-0.3063767,-0.19669339
128521,Oligo,0.1592361,-0.15419033
128518,L4/5 IT,-0.026344925,-0.06432611
169704,L4/5 IT,0.020080686,-0.13290346
196273,L4/5 IT,0.24245879,-0.22451833
128485,Oligo,-0.15594831,0.34685513
5377,VLMC,0.05540833,-0.43845218
182449,Astro,-0.18082684,-0.052081436
182444,L5 ET,-0.3912888,0.091495305
22530,VLMC,0.40932778,-0.45983768
5385,VLMC,-0.31592605,-0.4060733
43759,Astro,0.107545525,0.010202706
9736,Astro,-0.11923641,-0.3352492
43646,L5 IT,0.2186158,0.010994405
224106,L5/6 NP,-0.12972534,0.18495831
43617,Micro,-0.31592336,-0.32959178
128718,OPC,-0.047843456,-0.023863107
43371,Oligo,-0.29570037,0.34827122
268199,Astro,0.3137823,-0.37093988
182525,Lamp5,0.028248668,-0.37799528
129080,L2/3 IT,0.3762534,-0.3175589
43414,Oligo,0.31812957,-0.11652994
257962,L5/6 NP,-0.2463623,0.07665059
246399,L4/5 IT,-0.11737469,-0.11341745
276384,L6 CT,0.26540253,0.20635173
128950,Astro,0.0004994273,0.34320065
89353,Endo,0.5262958,-0.2165367
89249,L2/3 IT,-0.26201573,-0.21612296
17178,L2/3 IT,0.030665994,-0.21978047
246381,L5 ET,-0.31722754,0.062084824
233275,PVM,-0.042194724,-0.26492193
276390,Micro,0.036570787,0.12145683
63649,L6 IT,0.113116115,0.2550092
276393,L4/5 IT,0.50805056,-0.21591029
182481,Oligo,0.28457943,0.37224343
75339,Micro,0.00032782555,-0.3233392
279453,L4/5 IT,0.05477628,-0.15448913
237218,L4/5 IT,-0.3766475,-0.039520383
224131,Oligo,0.06890634,0.14203766
43535,L4/5 IT,0.07102391,-0.1166873
239829,Oligo,-0.22735217,0.41568437
120866,L5 IT,0.42745462,-0.089520514
21434,Oligo,0.18137035,-0.21189755
263821,Oligo,-0.39012247,0.4571586
263816,L6 CT,0.34509745,0.19303045
112009,Astro,-0.14584312,0.084428936
9132,Endo,-0.30938214,0.052620143
52173,L6 CT,-0.29913446,0.17009953
111938,L2/3 IT,-0.08428812,-0.19583139
52213,Oligo,0.39363018,0.33396736
221290,L6b,-0.32820776,0.39907137
111862,L4/5 IT,0.1644018,-0.11091873
207279,L6 IT,-0.028749377,0.2823234
175158,Astro,-0.13308275,-0.39464235
111835,Oligo,0.39032373,0.20427915
221278,L2/3 IT,0.5216719,-0.2542335
95158,OPC,0.27408782,-0.072362185
175166,L4/5 IT,-0.17670679,-0.047866076
60837,L6 IT,-0.044823945,0.30318365
52308,OPC,0.3558692,-0.011350483
73580,L2/3 IT,-0.099383056,-0.26550213
52325,L2/3 IT,-0.20220912,-0.22838047
95207,L6 CT,-0.18102661,0.25108418
175208,Oligo,-0.40964305,0.50256515
214249,Peri,-0.16588143,0.27268276
221334,L4/5 IT,0.4990007,-0.24393669
242674,Astro,-0.28192976,-0.15303844
52095,L6b,0.19380817,0.28397152
71446,L6 CT,0.24246415,0.25153163
236626,L6 CT,0.07484248,0.16521886
94894,L2/3 IT,-0.15179163,-0.25973302
94904,L4/5 IT,-0.34470955,-0.09735334
250080,L6 CT,-0.34745649,0.2459608
260900,Micro,-0.43674734,-0.1429562
174962,Astro,-0.31508985,0.17889282
20033,L6b,0.35906932,0.32136384
60959,L4/5 IT,0.21809515,-0.11081278
207329,Oligo,0.5092652,-0.11241931
175210,L2/3 IT,0.364585,-0.29209986
60932,L6 CT,0.33342233,0.20416841
175015,Astro,-0.17450088,-0.32056448
260927,Endo,-0.28567624,-0.27683762
7250,L4/5 IT,-0.35533005,-0.13560575
271372,Oligo,0.45615605,-0.07137689
52015,Astro,-0.02371326,0.29754433
112212,L2/3 IT,0.009214044,-0.26706114
112207,Endo,-0.076458514,0.058045298
263828,L5/6 NP,-0.3920218,0.19720289
112146,L2/3 IT,0.05564037,-0.30760035
112122,Oligo,-0.087688506,0.1943554
112282,L6 CT,0.13313547,0.2520601
20071,L4/5 IT,0.26594236,-0.12410614
111643,Oligo,0.22024396,-0.2757791
207250,Oligo,-0.39314783,0.39788267
236575,OPC,0.36730406,0.36439857
245400,L4/5 IT,0.30605927,-0.1995925
111211,L6 CT,-0.22576377,0.3156673
9113,L6 CT,-0.13234341,0.2973244
19725,Micro,0.08462992,-0.35437217
52590,Micro,-0.34354833,0.18089339
111128,Astro,0.35156855,0.02008754
242247,L5 IT,-0.30330718,-0.006268233
71535,L2/3 IT,-0.21146914,-0.21125993
111099,L5 IT,-0.39180094,0.049175113
17489,PVM,-0.03129071,-0.25924376
221123,Lamp5,-0.01757133,-0.35309866
236562,Micro,0.5058713,-0.20558384
232514,Endo,0.16329035,-0.33718392
180389,L5/6 NP,0.15597388,0.14801005
234297,L6 CT,0.09977898,0.18656424
60702,Oligo,0.33031932,0.24893239
239951,Endo,0.1807616,-0.059498876
271231,Oligo,-0.4341344,0.040098578
110956,Oligo,0.22721097,0.35699484
110928,Astro,0.28783628,0.15403482
52533,Astro,-0.043106407,-0.282924
52521,L6 CT,0.4331014,0.08293769
60738,L5 IT,0.36373404,-0.08286482
95333,SMC,-0.35813013,-0.4009438
19843,Astro,-0.37779173,0.09522429
263776,L5 IT,-0.29872352,0.052665383
95237,OPC,0.486294,-0.26740664
245442,L4/5 IT,-0.18103048,-0.12027788
19837,L6 CT,-0.37126407,0.32253054
221208,L6 CT,-0.011207759,0.23631063
19836,L4/5 IT,0.17317179,-0.1319868
111523,L2/3 IT,-0.44774142,-0.2284961
207239,L6 IT,0.16727206,0.20738742
279109,Oligo,0.35632452,0.31014654
95219,Micro,-0.17561331,-0.10999408
111470,VLMC,0.07267663,-0.41094673
207214,L5 ET,0.36490884,-0.040445387
214956,Endo,-0.17053401,0.29425815
236586,L4/5 IT,0.51591337,-0.27888823
52441,L5/6 NP,-0.32807037,0.09503803
261114,L5 IT,0.009283721,-0.04517758
17486,Endo,-0.43939477,0.033162296
73552,L4/5 IT,-0.082837105,-0.13800302
95309,Endo,0.26709047,0.15906122
263765,L5 IT,0.27334604,-0.12629095
19769,Peri,-0.35216078,0.2691166
52428,L6 IT,-0.083363116,0.2092177
52714,L4/5 IT,0.14568445,-0.17062682
51863,OPC,-0.37350348,-0.21183261
9154,L2/3 IT,-0.23146033,-0.22092155
51110,VLMC,0.26337966,-0.4456727
174447,VLMC,-0.06590402,-0.43659848
113831,L6 CT,0.41519257,0.28192076
73788,Oligo,-0.15515509,0.38648698
113799,Astro,0.18467364,0.24345842
277897,Endo,-0.4183079,-0.23180121
61147,Oligo,-0.06852424,-0.10907391
113752,L6 CT,0.19002405,0.300155
113714,Oligo,0.17639056,0.3372657
20270,Endo,-0.4092758,0.4417914
51195,L5 IT,-0.22797623,0.055447847
113631,PVM,0.2534813,0.23772618
174526,Astro,0.23526534,-0.23690018
73757,Micro,0.26179662,-0.09491578
51286,SMC,-0.28904215,-0.40731773
260725,Oligo,-0.18267518,0.16250524
244477,L2/3 IT,0.17165157,-0.2995365
201199,L6 IT,-0.060296535,0.22034612
94557,L4/5 IT,-0.2144163,-0.14478877
201211,Micro,0.09120348,-0.30948466
174584,L4/5 IT,-0.4418723,0.026068866
94427,Astro,-0.120933294,-0.09821764
260626,Peri,0.1606386,0.24010584
271540,Peri,-0.3700286,-0.09354746
51078,L6 CT,0.3907223,0.22138521
180780,Astro,0.09898308,0.42963448
9256,L4/5 IT,-0.31934026,-0.05832517
94285,L5 IT,0.02590394,0.059545904
174293,L5 IT,-0.09490499,-0.03298825
232201,L2/3 IT,-0.21871647,-0.05471617
114386,L5/6 NP,0.11556253,-0.00576061
250210,Oligo,-0.10888338,-0.0444009
200917,Sst,-0.16362527,0.21015754
94308,L5 IT,0.057650656,0.1532537
94319,Astro,0.016870618,-0.064683884
174586,Peri,-0.24437073,-0.020681083
114248,L5 IT,-0.20582306,0.2317203
207564,L2/3 IT,-0.06886479,-0.28821793
114216,L6 CT,0.23290023,0.22607395
94328,L2/3 IT,0.15039864,-0.29228294
50974,Pvalb,-0.015009582,0.029367208
61211,Oligo,0.19829884,0.1566833
94356,VLMC,-0.3403339,-0.40328753
114154,L2/3 IT,0.25814745,-0.24989048
71357,L2/3 IT,0.19259986,-0.26202056
94382,L2/3 IT,0.066619605,-0.27863547
269824,Lamp5,-0.21555033,-0.19395971
94320,L4/5 IT,-0.4065706,-0.06764585
443,L5 IT,-0.18168461,0.024146438
94565,Oligo,-0.37853763,0.28156975
94583,Astro,-0.06428966,-0.32174113
51672,L4/5 IT,-0.37501007,-0.020861119
112911,L6 CT,0.26951483,0.2388719
174757,L5 IT,0.5081806,-0.041975945
12862,L6 CT,0.19893357,0.22578737
51699,L4/5 IT,0.13376561,-0.15240097
112857,Astro,0.23784456,-0.040900707
20155,Oligo,0.078900605,0.38017765
94779,L6b,0.16081724,0.31262752
94800,L2/3 IT,0.0675796,-0.23123625
112767,L5 IT,-0.30558273,0.19074026
201412,Pvalb,0.07641801,0.1579546
7174,Lamp5,0.03979054,-0.41354775
201429,Oligo,0.30596218,0.19599393
7186,L5 IT,0.16897187,-0.11477569
180602,Endo,-0.25041437,0.044288546
7188,Endo,-0.14554602,0.13014653
263872,L6 IT,-0.40121534,0.37708977
112622,L4/5 IT,-0.30200157,-0.15119845
7194,Pvalb,-0.39178103,-0.006028563
60988,L2/3 IT,0.30524322,-0.31774136
112588,Pvalb,-0.1708959,0.033324152
271435,SMC,0.31637564,-0.43316254
112959,Endo,0.39583656,0.21995524
112970,Astro,0.29894593,-0.0076616406
51620,Astro,-0.21685815,0.37823263
17420,OPC,0.35316375,-0.109586716
73726,L2/3 IT,0.3849629,-0.36284027
7105,L4/5 IT,-0.4157622,-0.011847466
113284,L6 CT,-0.43323267,0.33520988
174618,SMC,0.2435331,0.10139397
201257,L2/3 IT,0.4868901,-0.31138426
113214,L6 CT,-0.3749562,0.29810277
232280,L6b,0.014567882,0.31706116
174637,L4/5 IT,-0.043525606,-0.121408135
94622,Astro,0.34454164,0.3723232
113367,Micro,0.046519905,-0.00973174
113164,Astro,-0.43614247,-0.041753262
201297,L2/3 IT,0.33199897,-0.24553272
61062,Astro,-0.22862941,-0.12827554
113085,L2/3 IT,-0.44000062,-0.14833528
113080,Vip,0.25803724,-0.21605316
51546,Oligo,0.42469773,-0.097709686
51553,Endo,0.32816485,-0.034075916
113050,L5 IT,-0.19345468,0.057513922
232296,L4/5 IT,-0.4499296,-0.06524137
245530,L5 IT,-0.056316316,0.1920785
242175,Micro,0.4255502,0.21470556
180643,L5 IT,0.37993798,-0.13720241
110910,Pvalb,0.035758644,-0.22731501
12904,L6 CT,0.18128636,0.29256734
263739,Oligo,-0.38657793,0.484337
176251,L5 IT,0.33413592,-0.059128344
53895,L2/3 IT,0.4271104,-0.3149349
108564,L4/5 IT,-0.4373612,-0.013911903
53929,Oligo,-0.12928018,0.09130821
108557,L6 IT,-0.43044934,0.38086966
176280,SMC,-0.44046012,-0.12705562
206800,PVM,-0.35120904,-0.0928303
206790,Vip,0.16404936,0.108020335
108408,L4/5 IT,0.36858758,-0.28199992
249790,VLMC,-0.32166895,-0.4050515
8974,Astro,-0.06555134,0.38062862
71745,Astro,0.29883423,-0.41552696
54062,Astro,0.106930465,-0.042471588
108278,L6 IT,-0.11098102,0.3177462
96421,Oligo,0.34760144,0.28244123
202930,L5 IT,-0.115950614,0.11857781
54104,L4/5 IT,0.1370708,-0.17821139
261632,Oligo,0.34346923,-0.19032568
279033,L2/3 IT,-0.2845449,-0.30220386
244565,L5 IT,0.04217097,-0.036084592
71759,L2/3 IT,0.24844423,-0.3228843
53881,Endo,0.10514328,0.018635064
7658,L5 ET,-0.06699288,0.09190908
53840,L5 ET,0.14351836,0.09380087
53829,Astro,-0.3401281,0.4031534
109076,L2/3 IT,0.34600285,-0.28627747
7619,L2/3 IT,-0.1372023,-0.26047853
13670,Pvalb,-0.36191717,-0.020019203
108994,L4/5 IT,0.06435838,-0.09288114
202726,L4/5 IT,-0.4304224,-0.039252132
53713,Endo,-0.23912516,-0.20452845
261533,L4/5 IT,-0.38556746,0.024074405
108934,L6b,0.33746907,0.32141832
108932,L2/3 IT,-0.25775856,-0.32129148
73215,L2/3 IT,-0.20305064,-0.1751262
108152,L2/3 IT,-0.3001908,-0.22387281
234348,OPC,0.1557593,0.16604188
108890,Oligo,-0.006881386,0.3079876
53749,L2/3 IT,-0.17922848,-0.26697627
108846,L2/3 IT,0.058473974,-0.2722415
263635,L6b,0.33966717,0.3042393
19270,L2/3 IT,-0.36490002,-0.19631761
13652,L5 ET,0.51850235,-0.05930227
202757,Astro,0.42009124,-0.41262046
19254,Oligo,0.04173532,0.34882727
176211,Astro,-0.0629617,-0.43064377
53788,Micro,-0.076325744,-0.27498636
108898,L6 IT,-0.35533756,0.34422252
96111,Oligo,0.13370273,0.43245855
220653,L6 IT,0.365638,0.08495721
54174,L4/5 IT,-0.41729864,-0.111368895
73100,L6 IT,-0.2816829,0.26511678
60089,Astro,0.46760693,-0.40222248
176537,VLMC,0.059355527,-0.44057953
206725,L6 IT,-0.4461632,0.33695778
54348,Astro,-0.3857022,-0.06404132
270964,Endo,-0.10473785,0.13137892
107684,Lamp5,0.117952675,0.3182141
54362,L2/3 IT,0.37600872,-0.28619358
107674,Endo,-0.16519451,-0.14703551
203100,L4/5 IT,-0.31848755,-0.0693489
203101,L6 CT,0.08515546,0.13532272
60087,L2/3 IT,-0.14877892,-0.1933729
176559,L4/5 IT,-0.14313161,-0.032292426
206716,SMC,-0.25537398,-0.41461375
73085,L5 IT,0.25363275,-0.014049053
7747,Sst,0.5388036,-0.09902543
107592,L2/3 IT,-0.20920157,-0.30125853
54418,Oligo,0.27594414,0.37543896
54431,L4/5 IT,-0.32802913,-0.06472361
261775,Oligo,-0.08645278,0.35752633
54449,L6 IT,0.43817005,0.10307506
263,Endo,0.4368787,-0.4281081
176523,L5 IT,0.00039312243,0.04064259
203029,SMC,-0.03209561,-0.23622352
96533,L4/5 IT,-0.31209922,-0.100501776
19149,Astro,-0.28330478,-0.34674424
108083,L2/3 IT,-0.43260062,-0.20581618
108080,Endo,-0.28947833,0.12361136
218772,Oligo,-0.059916675,0.07205221
13594,L4/5 IT,-0.38290742,-0.119960606
7720,Astro,0.22797164,-0.0016697049
107998,L2/3 IT,0.09755221,-0.25098088
96483,L6 CT,0.29909787,0.21494207
202986,L6 CT,0.38457844,0.30657288
96487,L5 IT,-0.0878084,0.023728758
176422,L5 IT,-0.44614986,0.1760414
261668,Endo,-0.2876326,-0.37548557
206759,L2/3 IT,0.31034628,-0.26104698
107906,Oligo,0.13472143,0.0717496
261669,Oligo,-0.40589705,0.05599454
19094,Sst,0.28995243,-0.017252177
13583,Oligo,0.23543796,0.20414504
261675,OPC,-0.087288976,-0.08360818
19071,Oligo,-0.0906716,0.39473155
239692,Oligo,-0.10578328,0.35478267
107840,L5 IT,-0.21683678,0.010682732
13580,L6 CT,-0.24475253,0.13124469
107914,L6 CT,-0.4154272,0.38549724
13685,Micro,-0.0027773678,-0.008777201
96110,L2/3 IT,-0.2742732,-0.1787023
109126,L2/3 IT,-0.04810658,-0.29966563
53018,Astro,-0.29056597,0.36441115
71588,L2/3 IT,-0.22786072,-0.27918157
242255,L5/6 NP,0.3275862,-0.09281507
243193,Oligo,0.30310383,0.39090678
261285,L6 CT,-0.32429186,0.20663485
180315,L2/3 IT,-0.1946302,-0.27999404
180305,L6 CT,-0.29873928,0.17983672
232550,L2/3 IT,-0.31794867,-0.270291
110274,L5 IT,-0.03913322,0.13195303
249945,L2/3 IT,0.14381859,-0.3036073
202261,Astro,-0.3074083,-0.06513217
110264,L4/5 IT,-0.4139852,-0.08999258
202264,Pvalb,0.27282462,-0.016908199
202278,L6 IT,-0.13732317,0.26918778
271176,Micro,0.03036791,-0.049209714
220995,L6 CT,-0.34719336,0.20648518
220982,Oligo,-0.4272094,0.4087117
110188,L2/3 IT,-0.34381145,-0.21597168
271162,OPC,0.15353128,-0.0993799
202308,Endo,0.46351215,-0.23640242
110123,Oligo,-0.3196519,0.28127876
232543,L5 IT,-0.17367053,0.16900578
110467,L6 CT,-0.4410373,0.19205049
202209,Peri,-0.4049021,-0.17452103
52956,L5 IT,0.37106827,-0.15697727
261218,L5 IT,-0.3936879,0.13380155
202088,Lamp5,0.043244094,-0.3806864
175526,L2/3 IT,-0.39525494,-0.18663299
362,Endo,-0.042848617,0.027843803
218623,Endo,-0.33921638,-0.129141
12910,Oligo,0.20945773,0.15386787
110814,Oligo,-0.19313136,-0.076661766
202114,L5 IT,-0.21919367,0.10730186
271214,Peri,0.043231457,0.120900065
71567,L6 CT,-0.067765504,0.11442658
214312,Micro,-0.33971182,0.098346144
249973,L5 ET,-0.24255028,0.05285552
19617,Oligo,0.21795872,0.00071689487
95610,Oligo,-0.34572172,-0.120197505
13797,Endo,0.02297762,0.22878674
110613,Astro,-0.39910385,-0.23824015
110566,L5 IT,0.40639713,-0.07604569
349,Endo,0.382005,-0.39407995
175636,L4/5 IT,-0.38123214,-0.01628539
221041,Astro,-0.44329444,-0.24457082
261256,L2/3 IT,0.24889424,-0.24595365
110515,Micro,0.380087,0.21433195
110701,Endo,-0.3315977,-0.058598936
110110,L2/3 IT,-0.049118996,-0.14972436
110040,L2/3 IT,-0.17504606,-0.2588841
60520,Micro,0.24889567,0.0536063
95956,Endo,-0.099779665,-0.38058776
95979,Astro,-0.3351529,-0.20266858
95981,PVM,-0.046457976,-0.19608775
95987,Lamp5,-0.3531943,-0.1961337
53463,L6 CT,0.37561986,0.24263898
249877,L4/5 IT,0.5176785,-0.24257842
109439,L6 IT,0.1028398,0.09224674
232606,L6 CT,-0.2614213,0.2895219
53483,OPC,0.4191412,-0.111223936
220844,L5 IT,-0.4197764,0.16219756
53430,Endo,0.34445956,-0.37448192
53523,Micro,0.18270072,-0.41778684
220841,L5 IT,0.22420868,0.10414395
180178,L2/3 IT,0.537302,-0.29574612
11543,L4/5 IT,0.09770343,-0.16462454
202618,L4/5 IT,-0.12048039,-0.059783667
109254,Pvalb,-0.44443184,0.22460505
109188,L5 IT,0.031475723,-0.056779712
96094,L2/3 IT,0.31365904,-0.24346948
19333,L6 CT,0.25941935,0.18141273
220802,L6 IT,-0.05323878,0.13065383
202661,SMC,-0.2949166,-0.4057109
239854,L4/5 IT,-0.30525798,-0.044819117
114475,Oligo,-0.38812968,-0.12342709
220882,Oligo,0.057077557,-0.038039744
220886,L2/3 IT,0.20883438,-0.24837956
220959,VLMC,-0.035085976,-0.4360527
7469,L4/5 IT,-0.31818703,-0.03328365
207010,L6 CT,-0.41404366,0.24418941
175783,Astro,-0.13440755,0.15220317
53230,Oligo,0.3292887,0.39780733
175784,Astro,0.12500557,-0.0127364695
60506,Endo,0.006081909,-0.012178898
109828,L6 IT,0.2149904,0.097334236
180232,L4/5 IT,-0.39402893,-0.03629157
206992,Lamp5,-0.21984246,-0.21048209
175927,L6 CT,-0.07584342,0.30836967
249916,Endo,0.34744558,0.41719714
202432,Astro,-0.051310807,-0.34145534
202443,L5/6 NP,-0.2635294,0.051483184
95876,Oligo,0.39985225,0.15659526
202457,Oligo,-0.29586127,0.36952594
220908,Oligo,-0.15069038,0.36946347
180213,L6 CT,-0.21253565,0.30060926
243194,L2/3 IT,0.13407847,-0.2833257
242654,L2/3 IT,-0.13219437,-0.3128055
53404,Vip,-0.44388402,-0.07493934
175921,Micro,0.16998139,0.33838138
53309,PVM,0.1596832,0.2154828
172089,Oligo,0.24647787,0.20543775
50855,Astro,0.16665843,0.42717788
114552,PVM,-0.31817248,0.24064413
264295,Oligo,0.4071413,0.20371142
119341,Oligo,0.22641799,0.38474903
172797,L6 IT,0.1254476,0.2083815
92624,Micro,0.4888052,-0.104733706
172807,L5 IT,-0.35581356,0.14574072
119258,L4/5 IT,-0.2003105,-0.0776692
9452,Oligo,0.30468395,0.06937888
234193,Pvalb,0.04488054,-0.091650605
704,OPC,0.34437123,-0.077627
278659,Peri,-0.37894323,0.26663783
172847,L6 CT,0.24202868,0.16165397
245852,PVM,-0.03444326,-0.28011677
119108,L2/3 IT,0.30994192,-0.28098246
62070,L2/3 IT,0.4263871,-0.3618056
199358,L5 IT,-0.033158988,-0.025292963
259724,L2/3 IT,-0.08798438,-0.17963848
119008,L5 ET,-0.20324168,0.08747378
48484,Astro,-0.1010637,-0.15431908
271927,L6 CT,0.43185523,0.2699028
271926,L4/5 IT,0.36143008,-0.15527138
48526,Oligo,0.019367069,0.29444084
264299,L6 CT,-0.072919786,0.29143527
62146,Astro,0.39475545,0.3916745
119419,Endo,0.19782767,0.0974783
119433,Astro,-0.15992516,-0.18877006
62202,L4/5 IT,0.2336165,-0.189428
172656,OPC,-0.04666865,0.21408328
119802,L6 CT,0.2400755,0.21997896
119770,Astro,-0.045483172,-0.15441588
21137,L6 IT,0.38481918,-0.0023881495
48106,VLMC,0.040926784,-0.44464132
119737,L5 ET,0.34178182,0.05884722
48127,L5 IT,-0.39104944,0.044478387
92466,Oligo,-0.16720307,0.31552073
172684,L6 CT,0.4096215,0.39897558
214057,Endo,0.1376827,0.009366423
119650,Vip,0.120863706,-0.34663358
199146,Astro,-0.33975014,-0.07296714
199156,Endo,0.2705246,-0.16782886
48135,Sst,0.34181193,-0.0023749173
240406,L5 IT,-0.15055954,0.20627114
119588,L6 CT,-0.30511114,0.30357948
21098,L4/5 IT,-0.24287674,-0.072936654
92533,L5 IT,0.032389343,0.09896979
240013,L5 IT,-0.41355944,0.18206814
245868,Pvalb,-0.3444299,0.24913248
48233,VLMC,0.37799564,-0.45851585
74348,Peri,0.37884232,-0.15601742
48075,Astro,0.37858889,0.32647422
222483,Pvalb,0.38433567,-0.059197336
276728,Lamp5,0.3288367,-0.39629027
48771,L5 IT,0.06982097,-0.080388814
6491,L4/5 IT,-0.4463994,-0.08864966
92930,L2/3 IT,-0.17333531,-0.21640003
92935,Pvalb,0.26670453,0.11463508
118395,Lamp5,0.34809706,-0.35846177
271880,Micro,-0.04272604,0.085793406
118380,L6 CT,0.25309822,0.26794723
48838,Oligo,0.13024917,0.378395
118347,L2/3 IT,-0.16625232,-0.1565912
118343,SMC,-0.32406783,-0.31290248
20982,L2/3 IT,-0.23108676,-0.23316947
48845,OPC,0.31911162,0.3092883
118292,Endo,0.46805647,-0.33145633
264247,PVM,-0.031565964,-0.010526478
222389,L6 CT,-0.25391087,0.33144805
232020,L6 CT,0.39516953,0.3234397
118204,L5 IT,-0.24570885,0.17695013
118192,VLMC,0.25941494,-0.4452457
48905,L6b,-0.45304695,0.43355688
269727,Oligo,-0.17556524,0.21747145
118165,L4/5 IT,0.034938693,-0.06274846
243329,SMC,-0.04468146,-0.27169332
199531,Astro,0.5299406,-0.2531152
118448,VLMC,0.49175778,-0.4553423
118452,L6 CT,-0.0012168884,0.25192705
118862,Oligo,0.35659978,0.43290743
61992,Oligo,-0.3720056,0.30726472
245837,Endo,0.18448427,-0.041904747
199393,L6 IT,-0.057560533,0.23821047
9429,L5 IT,-0.37558436,0.1870381
21036,L6 IT,-0.1815936,0.22590122
48583,L4/5 IT,-0.39487773,-0.051983118
172950,L4/5 IT,0.02528885,-0.13320363
118737,Lamp5,0.24316004,-0.19766158
271899,L6 CT,-0.03132519,0.22090355
118884,Endo,0.11115876,0.2586783
218213,L4/5 IT,-0.07117507,-0.08992159
48642,L6 CT,0.30145428,0.1222513
48669,Pvalb,-0.3468004,-0.055585086
74283,OPC,-0.4525508,-0.18880254
118593,L2/3 IT,-0.010651171,-0.2909805
14258,L2/3 IT,0.010212153,-0.27896783
6480,L4/5 IT,-0.16807252,-0.04693681
118494,Pvalb,-0.18211645,-0.22182158
92910,L4/5 IT,-0.13199338,-0.059620857
118467,Vip,-0.11281216,0.18751821
61943,VLMC,0.050038487,-0.44002956
259791,VLMC,0.3829536,-0.46002463
48938,VLMC,0.20030615,-0.44818354
172633,L6 CT,-0.21077201,0.2389848
271987,L2/3 IT,0.11467466,-0.22531429
231884,L5 IT,-0.39489207,0.18524644
121022,L5 IT,0.21587709,0.05545464
121015,Micro,-0.2398361,-0.38946694
222846,Astro,0.3994886,0.030698836
172219,Oligo,-0.3226304,0.31529292
120982,Endo,0.029121518,-0.087377846
120966,Oligo,0.005940646,0.3637037
218140,Astro,0.12355599,-0.18483576
231904,Endo,-0.24831066,-0.070990145
47549,Oligo,0.25956932,0.2846388
198744,L6 CT,0.26759145,0.047433823
120916,Astro,-0.31820163,0.16172418
47577,L2/3 IT,0.4785879,-0.33764812
241939,PVM,0.07907686,-0.4076686
70467,L6 CT,0.43070373,0.117531806
172318,L6 IT,-0.42534286,0.27673987
71070,Sst,-0.33923218,0.1910558
245935,L5 IT,-0.3268723,0.15511903
198811,L5 IT,-0.41856858,0.24794862
6270,L4/5 IT,-0.36749986,-0.11481011
47675,Astro,-0.3764123,-0.23835969
172192,Astro,0.20356551,-0.29333523
9519,Lamp5,0.259814,-0.36015254
222855,L2/3 IT,-0.35470042,-0.292334
121055,L2/3 IT,-0.25352004,-0.18525356
121391,L6 CT,0.077415615,0.25596055
181554,L2/3 IT,0.35678813,-0.3039125
47347,L6 CT,0.2592999,0.25479522
245971,PVM,-0.045380265,-0.26762167
172115,Endo,0.1892604,0.21180293
236930,OPC,0.33191404,-0.3276031
172123,Micro,0.34563342,-0.42168233
121321,L2/3 IT,0.43862054,-0.3199686
198633,L2/3 IT,-0.0028045475,-0.28448644
259384,Sst,0.11000165,-0.16627607
198826,L2/3 IT,-0.42021647,-0.22077176
121171,L6 CT,0.22901735,0.0934445
121162,Astro,-0.35643616,0.30799893
47428,Peri,0.112725526,0.28005353
121157,L6 IT,0.1550236,0.15384164
269654,L6 CT,0.16316923,0.11860952
62371,VLMC,0.44715968,-0.4560026
272079,VLMC,-0.13258952,-0.4267419
198691,L4/5 IT,0.4638879,-0.19524732
62369,Pvalb,-0.23543862,-0.10198656
231879,L4/5 IT,0.1869373,-0.16078165
259412,L2/3 IT,-0.09447563,-0.1926308
21396,L2/3 IT,-0.3465283,-0.3038045
181405,Oligo,-0.13183537,0.19660541
172359,Oligo,0.19812962,0.20106253
120704,L6 IT,-0.32591012,0.3739179
276688,L6 CT,0.078466386,0.18527225
222708,Oligo,-0.29130605,-0.26326877
62248,L6 IT,-0.21086377,0.26197556
172531,Oligo,-0.33846053,0.17819741
248964,L2/3 IT,-0.12416035,-0.21770987
172547,L6 CT,0.22701511,0.1263288
92331,Endo,-0.23436287,-0.0001552701
47958,Oligo,-0.37519383,0.4080824
92346,Astro,-0.4399033,-0.112660915
47963,Oligo,-0.25849012,0.40987197
199004,L5 IT,0.25325117,-0.036137313
6317,VLMC,-0.10916132,-0.42952248
120052,Astro,0.17828408,-0.4190385
14336,L5 IT,0.268774,-0.035609275
48014,L6 CT,0.17707506,0.17866394
222644,L6 CT,-0.21581516,0.20910808
71115,OPC,0.14131925,-0.37061033
259577,L5 IT,-0.44164,0.1273798
731,L6 CT,0.28823826,0.08622375
172618,L5 IT,0.108438045,0.16719595
119875,L2/3 IT,-0.17997268,-0.3040584
208196,Endo,0.3383288,-0.40686977
92292,Pvalb,-0.44618505,-0.052682996
198931,Astro,0.31002346,0.3225049
120382,VLMC,0.043367893,0.31571808
120703,L2/3 IT,-0.16387504,-0.23948455
62306,VLMC,0.2845731,-0.45034593
245927,Endo,-0.27227262,-0.07698023
120677,L5 IT,0.18938544,-0.1222513
278657,PVM,-0.21248713,-0.09903902
21280,L6 CT,0.21825871,0.26013204
74464,L4/5 IT,0.031152397,-0.14152655
71091,PVM,-0.2077986,-0.05293876
235798,Peri,-0.41935477,0.33678678
198868,Peri,0.0435203,0.11438975
208225,Micro,0.33844432,-0.23939541
120577,L6 CT,-0.3994051,0.24903908
259483,Oligo,0.025458515,0.41271123
120541,L6 CT,-0.03399858,0.3087618
47770,L6 CT,0.22065637,0.19121048
245916,L5 IT,-0.33655855,0.022647023
47792,OPC,-0.059664965,0.3659155
120466,Astro,0.25486192,0.42666504
231939,Astro,-0.06825921,-0.16896462
92250,L2/3 IT,0.0946407,-0.17839447
172473,Oligo,0.1404151,0.32325122
47813,L6 CT,0.3634282,0.12557474
21247,L5 IT,0.1330503,-0.07112458
118135,L4/5 IT,-0.18904749,-0.04834473
118127,Pvalb,-0.32876363,0.03370151
61887,L5 IT,0.23994926,-0.11306414
115827,Micro,-0.029760092,-0.3908323
260310,L5 ET,0.53240967,-0.08244324
93802,Micro,0.2777054,-0.41074964
232129,Endo,-0.0033354163,-0.20695713
14090,Micro,-0.19535208,-0.33059892
277409,L2/3 IT,0.51463866,-0.30052504
207733,Oligo,0.028963506,0.3584716
93862,Astro,-0.06282115,-0.27116066
260329,L2/3 IT,-0.2672545,-0.17193252
115682,L6 CT,-0.24535814,0.24016282
50233,L6 IT,-0.4136007,0.28005406
180943,L2/3 IT,-0.43618786,-0.23258644
200467,L6 CT,0.2876999,0.19629773
20556,L5 IT,0.044485122,-0.058169484
173879,Pvalb,0.18239608,0.17552921
50264,L2/3 IT,0.20320627,-0.2750359
221935,L2/3 IT,-0.115751326,-0.27866402
173889,L2/3 IT,-0.4336832,-0.24350002
173891,L6 CT,0.42670265,0.41197196
200497,L5 ET,-0.38316497,0.057069212
279170,L4/5 IT,-0.31639645,-0.09264672
115865,PVM,-0.18296453,-0.40786088
50135,L6 CT,0.29922846,0.18375298
20613,L4/5 IT,-0.34126136,-0.00083467364
173756,Astro,0.513072,-0.2094383
260199,L4/5 IT,-0.40044323,-0.103660434
218354,L6b,0.28884992,0.2905319
116242,OPC,-0.28231034,-0.16213459
49933,L6 CT,-0.40902022,0.28933993
181038,Oligo,0.24325517,0.42933217
173676,Endo,-0.092193246,0.28183272
49971,Endo,-0.1170305,-0.13669148
93644,L6 CT,0.39364085,0.38247678
214128,L2/3 IT,0.14676312,-0.24642566
17349,L2/3 IT,-0.1804795,-0.20651472
115546,Endo,0.34955493,0.3218238
260241,L5 ET,0.1000295,-0.05574301
215004,Oligo,-0.2952307,0.27944586
264120,Micro,0.3767796,-0.20058754
93667,L6 IT,-0.20647696,0.32081673
61610,Endo,0.2465677,-0.39744025
50037,Micro,0.24278405,-0.032869726
93675,Astro,0.09539464,-0.094296455
267585,Oligo,-0.421567,0.29260197
11487,Oligo,-0.20889089,-0.13540637
214133,Endo,0.01108402,-0.37916556
93708,Vip,0.24698737,-0.0943813
260242,Oligo,0.13060579,0.32846507
20664,L6b,-0.17657256,0.3548493
218388,L2/3 IT,0.4045752,-0.29935718
200538,Oligo,-0.17322877,0.42059115
276840,Oligo,-0.37950465,0.47225514
61318,SMC,-0.29586905,0.014390051
114908,VLMC,0.43329993,-0.4596147
232157,Endo,0.31125847,-0.041416734
114870,Sst,0.24068668,0.077376336
207626,Endo,0.40223387,-0.030304164
264012,L5 IT,-0.16257766,-0.025589347
174127,L6 IT,-0.195555,0.29842934
200726,VLMC,0.104002684,-0.40405276
94177,Oligo,-0.185168,0.32202485
174169,L2/3 IT,0.03858301,-0.24480322
61285,Oligo,0.17467085,0.42876658
94185,OPC,-0.3470463,-0.23777846
12832,OPC,0.3241482,-0.2135101
94223,Micro,0.5120808,-0.2671885
268068,L5 IT,-0.19786963,-0.010928124
114612,Astro,0.5189625,-0.10878056
239530,L5/6 NP,0.030953854,0.03492248
61257,L6 CT,0.060547084,0.26497558
94237,Lamp5,0.14233091,-0.14970282
114573,L5/6 NP,0.12308195,-0.032264143
180874,L2/3 IT,0.41746202,-0.34752414
50608,L2/3 IT,0.25307444,-0.2336953
6929,L5 ET,-0.08275193,0.080810755
234247,Pvalb,-0.39956066,-0.06792593
218395,Astro,-0.39166936,-0.19505766
269775,L2/3 IT,-0.20878723,-0.26584986
239526,Endo,-0.13743603,0.2848573
50373,Oligo,0.10412428,0.08595219
50401,L4/5 IT,-0.0021307468,-0.121129364
50410,Oligo,-0.13745862,0.39105126
50416,L6b,-0.3033186,0.38937083
50425,L4/5 IT,0.2647933,-0.15059566
207669,SMC,-0.27458313,-0.41192997
173981,L5 IT,-0.15342906,-0.006052017
61457,Oligo,-0.13590834,0.36672983
50469,L6 CT,-0.3518542,0.36036548
61380,L6 IT,-0.110524446,0.30293098
207650,SMC,-0.22831437,-0.4173593
71303,L2/3 IT,0.14844081,-0.18720993
174027,Oligo,0.13354251,0.3343039
115116,Pvalb,-0.37337458,-0.049047023
14050,Peri,0.35157242,0.19592491
200615,Micro,-0.18054235,-0.061865747
260426,L4/5 IT,-0.3408582,-0.03381598
73957,Oligo,-0.15119186,0.39145556
221832,L4/5 IT,-0.3763327,-0.085659474
218418,L5 ET,-0.09827891,0.08060554
116306,Oligo,0.37329796,0.13026407
49893,Astro,-0.35086703,0.09120718
116329,Oligo,-0.11543602,0.17404279
49158,L4/5 IT,0.06675628,-0.14852512
207952,L4/5 IT,-0.32292363,-0.09138507
199794,L2/3 IT,-0.38816246,-0.24240616
264203,Oligo,-0.27256778,0.40546218
93176,Astro,0.15393594,-0.3330957
74211,Astro,-0.14609289,-0.37718025
117610,L2/3 IT,0.081266254,-0.26799223
242708,L6 CT,0.4301217,0.34897903
49222,L6 IT,0.04406497,0.20535305
93186,Vip,0.0238325,0.044245213
245746,L2/3 IT,-0.023598224,-0.2338588
14203,Pvalb,-0.11273959,0.1586928
222305,Peri,-0.24942234,-0.17091826
14201,OPC,0.42089954,0.1204671
61798,Astro,-0.30058014,0.14987203
207923,L6 CT,-0.28283927,0.17103848
199866,L4/5 IT,-0.36121252,-0.09685153
61793,L4/5 IT,-0.07586041,-0.11134344
61783,Oligo,-0.41751516,0.4106318
199878,OPC,0.48527357,-0.2889131
93268,L5/6 NP,0.42024222,-0.009839356
117732,L6 CT,-0.19332191,0.21365586
199772,Oligo,-0.21698049,0.41712692
117785,L6 CT,0.28293952,0.29622486
173222,Micro,0.07441965,-0.26218066
232033,L6 IT,-0.08335388,0.29228327
93074,L5 IT,0.12267783,0.02508992
93076,Oligo,0.12678477,0.287186
118030,L2/3 IT,-0.31883827,-0.14156732
118020,Endo,0.4317203,-0.38026932
173153,L4/5 IT,-0.32976073,-0.074006945
118009,Oligo,-0.20982829,-0.24855766
173162,Astro,0.29262677,0.39179787
49019,SMC,-0.3034958,-0.40107548
173169,L4/5 IT,-0.0037883222,-0.11365911
6634,L6 IT,0.14813718,0.16604808
117949,L5 IT,-0.0994668,-0.024261296
93108,L5 ET,-0.25835857,-0.0034636855
259935,Astro,-0.2986689,-0.18218485
207972,L2/3 IT,0.281589,-0.29040197
49067,L6 CT,0.26628605,0.19657573
250393,Endo,-0.28997493,-0.07312024
49085,L5 ET,-0.35378632,0.0557082
49094,Pvalb,-0.33288488,-0.25410244
222354,L5 ET,-0.17924911,0.052291363
61854,L2/3 IT,-0.32026672,-0.23464859
199762,L5 IT,0.09440842,0.0001809895
181212,Oligo,0.2284421,0.3977262
117430,L4/5 IT,-0.37090898,-0.02740249
215023,Endo,0.22677574,-0.058568716
117413,Sst,0.05952546,-0.044409335
116749,L4/5 IT,0.040088385,-0.13970387
245712,PVM,-0.042266577,-0.00512895
74119,Endo,-0.17559922,0.37029645
49727,L5 ET,-0.327549,0.08853236
207854,L5 ET,-0.15168482,0.107785076
260147,Endo,-0.43217513,0.1954355
20711,L6 IT,0.18677512,0.11243501
49769,Oligo,0.104444474,0.37560454
181073,Astro,-0.22513416,-0.3887348
49772,Pvalb,0.19817987,0.085624486
93507,L4/5 IT,-0.3120446,-0.08947545
222123,L4/5 IT,-0.2847835,-0.04290399
11471,VLMC,-0.11626178,-0.43073076
61661,Endo,0.076161,0.24515429
116522,Micro,0.37434605,-0.37488368
200183,L6 CT,0.20401624,0.14955965
222101,Peri,-0.3905861,0.44123313
49869,Endo,-0.27140078,-0.37287924
6742,L4/5 IT,-0.29145822,-0.039110303
116369,Endo,0.21129414,-0.39351892
11475,Oligo,0.33986136,0.38440874
61649,Endo,-0.03712392,0.09919694
71222,L6b,-0.39214075,0.4130024
200847,Endo,0.18999222,-0.38696134
49690,L6 CT,-0.4047914,0.40812734
200074,Astro,0.29227772,0.25204697
234221,L6 CT,0.2586902,0.17092821
93290,Oligo,-0.17521718,0.38143274
117368,Endo,0.018226743,0.374566
49352,Oligo,-0.30918407,0.4084458
117339,L2/3 IT,0.17486092,-0.15951619
74168,Astro,0.26381174,0.15346316
49442,Peri,0.14293578,0.10907498
9347,Micro,0.05235967,-0.1795317
49489,L2/3 IT,-0.05994144,-0.25172937
117164,Endo,-0.26536706,0.08510664
17345,Peri,0.17207971,-0.08750942
93345,Astro,-0.12390524,0.040587693
117080,Oligo,0.30020568,0.37682512
260067,Oligo,0.08019021,0.4130318
218313,L6 CT,0.39250877,0.4108611
636,OPC,-0.2750562,0.094335586
207881,OPC,0.15588209,-0.41170168
116992,L2/3 IT,-0.4003619,-0.2095387
61712,L4/5 IT,0.40381935,-0.21491498
74128,Endo,0.4172028,-0.3936187
20738,L2/3 IT,-0.24550375,-0.1259231
116840,L6 CT,0.41204098,0.3464274
61756,Oligo,0.23945627,0.42797872
64400,L6 CT,-0.33813384,0.35479936
134103,Peri,0.01098451,-0.011746883
133604,PVM,-0.051613003,-0.22298583
188540,L5 IT,-0.16085479,-0.02574414
151237,Astro,-0.084831834,0.267355
151230,L4/5 IT,-0.4035086,-0.116128504
254232,Peri,0.35355118,-0.10140526
15991,Astro,0.11475113,-0.33477104
228146,L6 CT,0.21840242,0.2274184
10680,Vip,0.29387924,-0.20956069
32362,PVM,0.32080975,-0.3154355
32407,L2/3 IT,-0.12016943,-0.31528512
81564,Endo,-0.22562763,-0.07345897
184732,L6 CT,0.30485097,0.14771464
248298,L2/3 IT,-0.069924295,-0.21105781
151061,L6 CT,0.4097875,0.31855145
151054,Oligo,-0.36760375,0.14285228
266244,L4/5 IT,0.43223485,-0.24511513
67325,Peri,0.5288352,-0.21458873
162932,Oligo,0.067949265,0.37131426
151006,Astro,0.30955115,0.4150431
81612,L2/3 IT,-0.21603408,-0.16781643
228098,Astro,0.5167372,-0.37127063
150940,L6 CT,-0.22324961,0.20159015
26078,L2/3 IT,-0.23799041,-0.23291165
32278,L6 CT,0.3708736,0.2374691
151324,L2/3 IT,0.4375666,-0.3579471
151382,Oligo,0.0032002628,0.41903076
188379,L4/5 IT,0.19991174,-0.19184935
228255,L6 CT,-0.39027953,0.33559248
81412,L6 CT,-0.2559199,0.31369862
151638,L4/5 IT,0.18324223,-0.16313148
279863,Oligo,0.22058281,0.3715538
274709,Astro,-0.107975096,-0.41873872
162739,L4/5 IT,0.40565047,-0.27183393
212870,L2/3 IT,-0.28339922,-0.22224352
151606,Oligo,-0.18835765,0.3324801
32123,L2/3 IT,0.44409886,-0.33666572
67319,L5 ET,-0.23994654,0.09791002
151589,L4/5 IT,0.20259312,-0.17648128
32146,Pvalb,0.22769591,-0.02046141
16722,L6 CT,-0.41587552,0.30961642
228220,L6 IT,0.2793205,0.081706196
2938,L5 IT,-0.16637197,0.04297605
26106,OPC,-0.35547206,-0.019988
254193,L4/5 IT,0.3689473,-0.21287504
228196,Astro,0.06802067,-0.3728006
241048,OPC,-0.24932453,-0.27202335
247605,Micro,-0.058978558,-0.33070007
67427,L5 ET,-0.297757,0.091111034
274704,Endo,-0.39079604,-0.0961642
32538,Oligo,-0.010936379,0.3209953
32548,L5 IT,-0.07260254,0.03438133
228081,L6 CT,0.25883046,0.24000487
243794,Astro,0.47447756,-0.36754385
150442,Endo,-0.4471402,0.18191126
32785,L5 IT,-0.3935015,0.26060197
81803,Pvalb,-0.28433517,0.14175788
69463,L6 IT,-0.20280379,0.29409298
188839,Oligo,0.32585266,0.29712728
15959,L5 IT,0.09850612,0.16379425
150374,Astro,0.003858775,0.075166374
150370,Astro,-0.026022345,-0.17372161
254359,PVM,0.39488748,0.046686858
25991,L5 IT,0.027542591,-0.03574255
81832,Oligo,0.21321318,0.23615447
150302,Astro,-0.2131131,-0.16746908
243799,Endo,-0.027499825,0.1622751
3076,SMC,-0.26365778,-0.40666535
150280,Oligo,-0.09032646,0.30977717
32862,OPC,0.21566662,0.087945014
77577,Oligo,-0.10805106,0.39620927
67197,OPC,0.46842638,-0.07969099
150200,L6 CT,0.17933413,0.26871493
150190,L6 CT,0.1385983,0.24880108
150152,Endo,-0.14837939,-0.34939292
150309,Endo,-0.30043378,0.35944203
26161,SMC,-0.25959674,-0.41355285
150490,L2/3 IT,-0.1323429,-0.2886985
163059,L6 CT,-0.3717289,0.35814956
150802,SMC,-0.29465663,-0.39829344
10662,Micro,0.016019851,-0.3886766
274645,L5 IT,0.09581575,0.06079337
26026,L5/6 NP,-0.09310058,0.15502414
184716,Astro,-0.23451966,-0.32329974
252207,Endo,-0.038987815,-0.29920056
81655,L2/3 IT,-0.32042596,-0.22482866
81681,Oligo,0.26359615,0.38229248
228049,Astro,-0.32694802,0.42258188
274637,L6 IT,0.23624429,0.18941775
163075,Peri,-0.14405885,0.12517807
150690,Astro,0.061193496,0.4295667
32647,Oligo,0.20385024,0.4224718
32653,Peri,-0.19746184,0.09402165
216334,L6 CT,0.16392657,0.18641439
150622,Oligo,0.26559624,0.3949066
81743,Micro,0.15194628,-0.16122767
248301,L6 IT,-0.42112038,0.39149418
228028,Endo,0.10068706,-0.029224366
150554,Oligo,0.2827541,0.20455042
163054,L5 IT,-0.03592387,-0.05747807
150532,L4/5 IT,-0.31974003,-0.078597724
150683,Peri,-0.36512432,0.4859098
188945,Micro,0.025685966,-0.18416634
10693,OPC,-0.29891795,-0.32901046
241041,Endo,0.35862026,-0.35885128
268649,VLMC,-0.34717444,-0.4057398
67651,L6 CT,-0.18921912,0.31337246
152784,Vip,-0.26330996,-0.1889241
1810,Oligo,0.05585763,0.36397234
211808,L4/5 IT,-0.42088735,-0.09915811
162383,L2/3 IT,0.21760288,-0.22438893
152701,L6 IT,-0.38812944,0.38552693
152699,VLMC,-0.1927481,-0.42219236
152694,L4/5 IT,0.21482632,-0.13155368
241025,Astro,-0.37648538,0.43221202
239242,Endo,-0.25010732,0.027853042
152610,L6 CT,-0.3258446,0.3606896
31529,L2/3 IT,0.27058133,-0.2485832
152603,VLMC,0.029478073,-0.44360557
188067,L5 IT,0.29798666,-0.038591772
212836,L4/5 IT,-0.42596593,-0.04700911
238092,L6 IT,-0.10132173,0.2758257
184892,L2/3 IT,-0.15875182,-0.27921116
2780,L6 CT,0.12991932,0.18435565
152550,Peri,0.04863748,-0.32247338
253976,L4/5 IT,-0.15764108,-0.06973025
152810,SMC,0.061976284,-0.20478061
274809,L4/5 IT,0.3553342,-0.17895764
188004,Endo,-0.093658835,-0.0155901015
152855,Peri,-0.32536617,-0.15026984
228562,L6 IT,0.09179571,0.086658925
248249,Oligo,0.2134178,0.40074155
153293,Peri,-0.03583795,-0.283498
80933,PVM,-0.0303334,-0.27917972
31220,L2/3 IT,-0.14986971,-0.2562947
80955,L4/5 IT,0.10783216,-0.12530676
184944,L5/6 NP,-0.26652583,0.05610296
184933,L6 IT,0.062182814,0.2110456
26343,L5 IT,0.2805259,-0.1096386
153097,Oligo,0.24720171,0.3881308
77818,Endo,-0.37907138,0.2701982
153085,VLMC,0.4761859,-0.44795766
211825,L6 CT,0.2349042,0.26470986
10724,L6 CT,-0.40071556,0.20088896
153040,L5 IT,-0.17407346,0.10994676
228467,Peri,0.4945899,-0.34313226
69334,Oligo,0.44640234,-0.020984769
26306,L5 IT,-0.31619838,0.035114795
1811,L6 CT,-0.30864984,0.20710841
152876,Endo,0.06697741,-0.29204902
241022,Oligo,0.05606827,0.33042935
152857,L5 IT,-0.061663598,0.00787738
153077,L6 CT,0.2625005,0.14824918
31591,Oligo,-0.013902277,0.40371498
31592,L4/5 IT,-0.4209434,-0.12195563
188107,Astro,-0.18621269,-0.22370568
188215,L6b,0.26012567,0.28969774
228350,L5 ET,-0.4580954,0.112713724
243773,L6 CT,0.31110945,0.26964542
188245,Peri,0.42045096,-0.37471992
274745,Oligo,0.08324131,0.32623234
184817,L6 CT,-0.13824457,0.32466164
26205,Astro,-0.37993428,0.51165533
2846,L2/3 IT,-0.22955057,-0.27479532
188263,Endo,-0.35865784,-0.3462215
254071,L6 IT,0.37612084,0.052671462
152219,L6 CT,0.05294028,0.18302044
151974,L4/5 IT,-0.26995388,-0.07768798
277614,L2/3 IT,-0.4054014,-0.22541001
254083,Astro,0.27965155,0.23303959
151938,Endo,-0.19928521,0.33999655
211727,PVM,-0.108433604,0.3395323
162650,Peri,-0.31881085,0.31434062
216257,Oligo,0.32624003,0.10110214
151838,L2/3 IT,-0.43102702,-0.1531044
238067,Pvalb,-0.32076916,-0.039949894
162695,L2/3 IT,-0.45839712,-0.23424402
32040,L2/3 IT,0.4097856,-0.36523446
254078,Oligo,0.27138433,0.33082935
274717,Oligo,0.020720273,0.4218426
252263,L5 ET,0.41202936,0.036173373
252265,Astro,0.23289487,0.4241914
31620,L2/3 IT,-0.39078367,-0.1750949
247700,L4/5 IT,-0.0013309717,-0.11271232
26258,Oligo,-0.007221222,0.33214292
152468,L4/5 IT,0.32006362,-0.15752691
188117,Oligo,-0.04968211,0.41963866
31636,L2/3 IT,0.3788918,-0.3050426
252293,L5 IT,-0.21005622,-0.0041390955
188131,Endo,-0.44959268,-0.035730958
253994,Oligo,0.07612988,0.41214827
184876,L6 CT,0.2728581,0.26983956
239244,Astro,-0.017648995,-0.36626226
31661,L2/3 IT,0.06894228,-0.2998786
77816,L4/5 IT,-0.08422235,-0.09943682
12071,L5 ET,-0.02276203,0.1089398
31673,PVM,-0.115857154,0.34037736
31699,Astro,0.08506027,0.41979983
31725,Endo,-0.029511541,-0.12119621
228371,L5 IT,-0.14418483,0.14122829
16708,Endo,0.34016427,0.09246871
188193,Micro,0.45695707,-0.25765702
31770,L5 IT,-0.2743642,0.1697996
239177,L6 CT,0.075862676,0.11877689
10704,Micro,-0.10310966,-0.013596326
153349,Oligo,-0.2314783,0.34913906
248319,L6 CT,0.4260526,0.34461704
254403,Astro,0.2916253,-0.23764208
211233,L6 CT,0.23547944,0.17131111
33939,L6 IT,-0.18266329,0.2618467
25648,L6 CT,-0.43860397,0.34143057
148163,L2/3 IT,0.05482456,-0.20964465
33985,VLMC,0.16280368,-0.42315614
148093,L6 CT,0.2310504,0.24392661
189603,Pvalb,0.29232678,-0.13766637
189618,Astro,0.41460177,-0.30005547
34047,Oligo,0.03636691,0.42039576
147964,VLMC,-0.09930393,-0.43087813
82728,Lamp5,-0.1455271,0.34577438
216500,L6 CT,0.41401485,0.3579128
275916,Endo,-0.08854145,0.22030607
275928,Astro,-0.12765658,-0.14354199
147908,Endo,-0.011015266,0.3310733
3338,L2/3 IT,0.1003159,-0.29480878
147903,L5 IT,-0.22540262,0.011138618
11883,L2/3 IT,-0.23018697,-0.3232453
163813,Peri,0.35951397,-0.20467332
147850,Vip,0.22087118,-0.3638457
268804,L2/3 IT,-0.40154788,-0.14822605
33935,L2/3 IT,-0.25491062,-0.16866797
252020,L5 IT,0.51462066,-0.08518484
11110,VLMC,0.48778918,-0.45427048
66894,Astro,0.29217872,0.29410526
216466,L6 CT,0.14231732,0.127911
254628,L6 IT,-0.20337152,0.18049297
148534,Astro,-0.2927163,0.39875236
77384,Pvalb,-0.2049262,0.21015605
148495,Sst,-0.34729385,-0.26348636
227677,Oligo,-0.2461203,0.40206972
211286,L5 IT,0.3355253,-0.12989783
211282,PVM,0.13625279,0.27774003
241167,L4/5 IT,-0.40059224,0.0025289357
211266,Peri,-0.3542948,0.001395464
279808,L6 CT,-0.3905429,0.18057397
216479,Sst,0.20896521,0.07123056
33892,Endo,0.2032893,-0.25451955
189520,L2/3 IT,-0.10223436,-0.3055494
82558,Endo,0.2677876,-0.09472397
148340,Oligo,-0.23430848,0.33201554
148336,L6 CT,0.051309913,0.21587661
82575,Oligo,0.11689076,0.33182773
163682,L6 CT,-0.18485099,0.29331163
148316,L5 IT,-0.018379599,-0.012062311
33913,L4/5 IT,-0.4338179,-0.103348255
77366,Micro,-0.038097024,0.274255
266055,OPC,-0.006217301,0.3752698
163834,L2/3 IT,-0.24058783,-0.14727277
147798,L2/3 IT,0.11205366,-0.21671242
34220,PVM,-0.079191595,-0.14433834
211172,L6 IT,0.16624752,0.09195462
147398,L4/5 IT,0.28756687,-0.19306633
147384,L5 IT,0.25694206,-0.11100146
147382,L4/5 IT,-0.039291948,-0.09604594
147330,Endo,-0.10837534,0.020780891
34425,L2/3 IT,0.5320499,-0.35156414
69668,Oligo,-0.27666208,0.4059644
254909,Vip,0.25851592,-0.39480117
211156,L6 CT,-0.06391367,0.3216566
254916,Oligo,-0.42674628,0.18016294
82878,L4/5 IT,-0.39959514,-0.01622054
10511,Oligo,-0.12029347,-0.12954909
34486,L6 CT,0.037744135,0.17470756
189901,L2/3 IT,-0.17063183,-0.1832526
147084,Peri,0.43611267,0.2672026
233679,L6b,0.11170247,0.30120018
147066,L6 CT,0.09493199,0.28099105
233689,Endo,0.3782355,0.35259888
16788,Astro,0.23645863,0.40073726
147004,Micro,-0.32533,-0.32947478
1633,L4/5 IT,-0.020063639,-0.110304475
278453,L2/3 IT,0.49844489,-0.28508678
265993,Micro,0.36679575,0.019946814
254621,L4/5 IT,-0.3622043,0.0025025904
274345,L6 IT,-0.38840204,0.25712553
268832,VLMC,0.5326737,-0.4559614
34228,L2/3 IT,-0.047990054,-0.28245252
238538,Endo,0.17523178,0.100200325
237915,L4/5 IT,-0.32080898,-0.11221284
189733,Oligo,-0.03131476,0.3260186
254824,L6b,-0.37777328,0.4178088
147667,L2/3 IT,0.06660363,-0.17940599
163886,L5 IT,-0.016411811,0.069671124
163890,L2/3 IT,0.47307995,-0.29893145
147630,L5 IT,0.33742246,-0.017329603
147616,Astro,-0.1853612,0.109204024
252003,L5 IT,0.22865179,-0.10908696
147562,Astro,-0.3390579,0.059969097
16776,L6 CT,0.40674666,0.25673875
147529,L2/3 IT,-0.15508324,-0.26688054
34356,Micro,0.19646576,-0.1304115
163925,L6 CT,-0.18491265,0.27916703
34361,Endo,0.35405603,-0.18117362
254874,OPC,0.5015527,-0.3971879
147473,L4/5 IT,-0.36471823,-0.022690564
34366,L4/5 IT,-0.44760308,0.016381204
268823,L4/5 IT,-0.4598821,-0.014603704
147438,L4/5 IT,0.511757,-0.22463664
254863,Astro,-0.3947326,0.030800104
32929,Peri,0.5080937,-0.13080785
3251,L6 IT,-0.042245686,0.2332277
82415,VLMC,0.4015421,-0.4600781
149736,L5 IT,0.3251259,-0.13859579
149729,Oligo,-0.40795708,0.15960816
82065,L2/3 IT,-0.088981,-0.27906856
82076,L6 CT,-0.30949014,0.15444735
82082,Astro,-0.18719548,-0.38640785
15888,L6 CT,0.01222676,0.24630836
235479,L4/5 IT,-0.39781764,-0.105942935
163360,Peri,-0.11533821,-0.2267249
279830,L2/3 IT,-0.33504272,-0.1945613
82098,VLMC,0.28459397,-0.4458135
211439,PVM,-0.030778795,-0.40974694
254480,L2/3 IT,0.4604198,-0.32732445
189147,L6 IT,0.3049806,0.052241236
149564,Oligo,-0.3336837,0.112057
25840,L2/3 IT,-0.21871474,-0.22702566
82118,L4/5 IT,-0.05232224,-0.08861324
149549,Endo,0.24633977,-0.0012868047
33260,L5 IT,-0.399533,0.2352511
1695,L4/5 IT,-0.13707608,-0.1021502
163382,Pvalb,-0.22065002,0.27839985
252113,Vip,0.0034483075,-0.3095869
16744,L5 IT,-0.2943627,0.10517755
82024,SMC,-0.034869224,-0.18587416
189085,SMC,-0.2643908,-0.41386226
149806,L5 IT,-0.22855464,0.1898717
150106,L4/5 IT,0.12809303,-0.17048222
150092,Astro,0.2870523,-0.34081408
25922,L2/3 IT,-0.21542314,-0.31686845
274598,L6 CT,-0.19339377,0.24166831
240104,L5/6 NP,-0.0868251,0.05898848
3092,Astro,-0.26030937,-0.38309342
188999,Endo,0.38714644,0.019075215
33038,VLMC,0.391934,-0.4596638
216379,L4/5 IT,0.45080587,-0.17109728
233642,L2/3 IT,0.18673751,-0.32735392
184569,VLMC,0.30691513,-0.44730952
149932,L5 ET,-0.35536477,0.12122998
243807,L6 CT,-0.14740288,0.26051423
149898,Peri,-0.45958212,0.38271925
254442,Sst,-0.2515661,-0.05885303
230253,L6 IT,0.31336436,0.11259082
33102,L5 IT,-0.017104805,0.07960042
184600,Oligo,-0.14249277,-0.39371988
1698,L2/3 IT,-0.27311975,-0.30910164
274576,SMC,-0.0041276515,-0.4315653
252122,L4/5 IT,-0.18275142,-0.09412897
33124,Endo,-0.25486258,-0.04912582
163263,L2/3 IT,-0.22309962,-0.3226491
279829,Vip,-0.0012879968,-0.34608206
149487,Astro,-0.045166433,0.37575647
82159,Astro,0.37543926,0.25490394
254534,Oligo,0.015824705,0.044588476
149142,Astro,0.12772605,0.35684088
227774,L5 IT,-0.22414842,0.08917466
33502,L6 CT,0.41864267,0.16558835
254542,L2/3 IT,-0.28518835,-0.20080718
254548,Micro,0.52920413,-0.42971456
212950,Endo,-0.4103268,-0.019173265
25775,Micro,-0.36625445,-0.14263147
216443,VLMC,-0.046863586,-0.43324107
227759,Oligo,-0.094712526,0.40720138
230294,L2/3 IT,0.13590136,-0.24203148
82333,Endo,-0.44990364,-0.22450966
254579,L6 CT,0.41066423,0.42503205
33605,Micro,0.5075015,-0.4212694
268771,Oligo,0.14497444,0.25287703
189395,L5 IT,-0.2465584,0.21500525
189400,Astro,-0.17840126,0.3415927
33637,Astro,-0.10356596,-0.1277889
25731,L6 CT,0.40833744,0.3797287
25730,Oligo,0.32079324,0.3520591
82397,L6 IT,-0.37904662,0.34994546
189409,L6 IT,-0.11146647,0.13976726
148905,L6 CT,0.3803462,0.22802165
163589,Astro,0.06849155,-0.37213698
82283,L2/3 IT,0.3665035,-0.20616928
149176,L2/3 IT,0.12297782,-0.28408384
3171,L6 CT,0.118335694,0.18133184
82164,L4/5 IT,-0.33764523,-0.06030011
67076,VLMC,-0.08898586,-0.43183246
82184,L6 CT,-0.2435503,0.23761621
149403,L6 CT,0.34969762,0.06580886
275874,Oligo,0.020100594,0.36113778
77466,L4/5 IT,-0.37652057,-0.1853193
67060,Endo,0.06530598,0.17637256
248336,Oligo,0.12229189,0.41094843
237953,Endo,-0.3663525,0.11059758
163460,L4/5 IT,0.5356709,-0.20087329
67048,L6 CT,0.43804136,0.42688206
149322,L5/6 NP,0.3012829,0.086909324
189261,L6 CT,0.12264797,0.095513195
3189,L6 CT,0.40660635,0.37094948
254522,L6 IT,0.088840276,0.10313216
149251,L5 IT,0.20535514,-0.023100078
33419,Astro,-0.30419046,-0.25134316
10597,L2/3 IT,0.526392,-0.2898136
252084,L6 CT,-0.1403121,0.2406703
82261,L2/3 IT,0.27372125,-0.33720356
69550,L2/3 IT,-0.21667707,-0.18080384
149334,L4/5 IT,0.3841444,-0.21258226
25439,Astro,0.27533153,-0.22688577
2667,L5 ET,0.25455555,-0.049207896
80887,Astro,0.5182514,-0.31916896
68489,L2/3 IT,0.016263545,-0.22711489
160680,Astro,0.114089936,-0.37594688
212642,Endo,-0.4107681,0.11715123
28837,Pvalb,-0.22883984,0.30446365
160707,Astro,-0.30850008,0.36499628
157649,L6 CT,-0.30614778,0.24204221
275318,Oligo,-0.09441882,0.379873
27144,Oligo,-0.020932347,0.4221379
79412,Endo,-0.32703856,0.10901305
186383,L5 IT,-0.37422606,0.15525028
27139,L6 IT,0.0065365434,0.15203223
229207,L4/5 IT,-0.05554372,-0.07869789
186395,L6b,-0.38834283,0.43447664
279960,Astro,-0.020247132,0.37751445
253091,Oligo,-0.055342495,0.3807957
157562,L4/5 IT,-0.2847779,-0.093591124
229197,L6 IT,0.15397474,0.13433465
248016,Endo,-0.41176885,-0.07838145
157423,Micro,0.09243652,-0.04536274
27116,Oligo,0.2581465,0.29425564
79520,L2/3 IT,-0.110688776,-0.25337613
1969,L6 CT,0.29108062,0.15666482
28742,Endo,-0.12828913,-0.3978502
252622,L5 IT,-0.22624025,0.14863399
233469,SMC,0.31930682,-0.4234999
79264,Astro,-0.19878107,0.100283235
186204,L6 CT,0.22159234,0.13093755
28583,Astro,-0.33147076,0.20013419
238396,L2/3 IT,0.055571467,-0.1932081
2215,Peri,0.32920566,-0.16300035
158149,L5 IT,-0.42640236,0.16808936
229270,L2/3 IT,-0.32227382,-0.2918984
185453,OPC,-0.2304256,0.28697708
212628,L6 CT,-0.4598513,0.36959645
253015,Endo,0.24156997,-0.28169766
275274,Oligo,0.074020594,0.37095264
160591,L5 IT,0.12212148,0.068169266
160597,L2/3 IT,0.20296964,-0.31065154
215772,OPC,-0.020027727,-0.34441426
212638,L6 CT,-0.1510297,0.1526564
79300,Astro,-0.14288843,-0.3371407
229255,Astro,-0.41881981,-0.10338378
2223,Oligo,0.12767026,0.36083117
252626,L2/3 IT,0.17548326,-0.2939513
186292,VLMC,0.22903892,-0.44984767
186293,L4/5 IT,-0.38896978,-0.03169498
239216,Astro,-0.24046162,0.3599216
16414,Oligo,-0.32948598,0.3146291
212282,L6 CT,0.13597003,0.16918615
186499,Astro,0.35836688,0.29838368
79561,L5 IT,-0.28066805,0.1106852
16328,Peri,0.37385282,-0.23495212
157020,L6 IT,0.1376116,0.26216224
235425,PVM,-0.051990688,-0.22693977
186617,L5 ET,-0.33447012,0.14123794
1941,L2/3 IT,-0.3167001,-0.29233798
229084,L6 IT,0.4383584,0.12989786
240917,PVM,0.047401518,0.020035803
29293,Oligo,-0.40552178,0.50104284
186637,Pvalb,0.5094564,-0.18436953
253223,Endo,-0.017670125,-0.3728072
212223,Astro,-0.1413602,-0.30504006
79737,Micro,0.31523725,-0.40911624
186671,Oligo,0.22058329,0.42313847
68278,L2/3 IT,0.49267283,-0.25040781
156829,Endo,0.44940922,-0.022343963
27042,L5 IT,-0.1777471,0.094979614
156812,Endo,0.068917006,-0.0014668703
29335,L2/3 IT,0.25925913,-0.25252274
160977,L2/3 IT,-0.20976493,-0.2802747
186687,L6 CT,0.2757291,0.12866893
29339,L2/3 IT,-0.45507783,-0.17188388
156770,L4/5 IT,-0.16678655,-0.09123659
247982,Astro,0.054258257,-0.38438207
186200,L5 IT,-0.013373613,0.19319656
157061,L6 CT,0.28320846,0.2433329
275261,SMC,-0.31716445,-0.31333342
78381,L5 IT,0.53919137,-0.14957452
157317,Vip,0.34991947,-0.34512308
266578,Peri,0.11434111,0.17060688
157296,Oligo,-0.054159462,0.42056492
157294,L6 IT,-0.15517476,0.15233675
160816,L2/3 IT,0.03694871,-0.3195815
79579,Oligo,0.39681283,0.3408548
79584,Vip,-0.17509046,-0.19155684
157245,L4/5 IT,0.41601053,-0.19989455
252584,L6 CT,-0.08310655,0.18085071
69079,Endo,0.002910912,0.057456404
229125,Micro,0.13755819,0.42329672
29139,L2/3 IT,-0.10548642,-0.1902188
235410,L6 CT,0.3434343,0.104762524
29142,Astro,-0.38341522,0.092223674
160867,Peri,-0.3674244,0.5216881
253170,L4/5 IT,0.5130211,-0.21645012
79617,SMC,-0.29045334,-0.4003711
186539,L4/5 IT,0.35509685,-0.17563087
186546,L6 IT,-0.3598188,0.2311075
253178,Pvalb,-0.36157176,-0.062313616
79633,L5 IT,-0.031662583,0.055637687
2273,L4/5 IT,-0.055676967,-0.099993765
156769,L5 IT,0.025160223,0.15912125
275367,L2/3 IT,-0.06911966,-0.22595856
27222,L2/3 IT,0.277083,-0.23997223
10950,L2/3 IT,0.048677295,-0.25425795
159563,Endo,0.28234342,0.09680632
229547,Sst,-0.31256816,0.0055374205
160136,L6 CT,-0.14875051,0.3306919
159538,Endo,0.23589548,-0.42226413
68806,L5 IT,0.054479152,0.07502261
248178,L4/5 IT,-0.28178605,-0.017754704
160179,Micro,-0.21647146,0.0398044
27852,L5 IT,0.10913345,0.03297493
229524,L4/5 IT,-0.13169265,-0.07685527
275478,L4/5 IT,-0.2808387,-0.06561625
252825,L4/5 IT,-0.06862086,-0.14954111
16488,Astro,0.017617494,-0.38397476
159351,VLMC,0.37264934,-0.45790115
27929,VLMC,-0.14364111,-0.4238397
27385,L4/5 IT,-0.3612414,-0.11394453
68951,L4/5 IT,0.27327755,-0.17271084
27380,L5 ET,0.039357513,-0.016406804
159237,L4/5 IT,0.01950106,-0.08317149
160259,Endo,0.4623995,-0.18362722
252859,Pvalb,-0.056318253,-0.29314744
185783,Micro,-0.3246669,0.36597428
78792,Oligo,-0.4084833,0.4822977
27722,L4/5 IT,-0.41194895,-0.037740737
212507,Vip,0.13614258,-0.27181163
78624,L6 CT,0.42979112,0.261192
159964,L2/3 IT,-0.3087013,-0.27326792
159962,L6 CT,0.4031426,0.3561289
212558,L6 CT,-0.38732043,0.14530608
78641,L6 IT,-0.17984354,0.15677825
2041,L6 IT,0.1642904,0.13198683
252758,Endo,0.11552855,-0.01287666
159906,Micro,0.52514243,-0.07339555
2043,Astro,0.5342704,-0.37441134
266726,L5 IT,-0.18841204,0.09624323
159191,L5 IT,-0.29323986,0.16355899
78681,L5 IT,-0.34689748,0.26482496
159852,PVM,-0.04486665,-0.1920343
68870,L4/5 IT,0.5325912,-0.18402562
185701,Endo,0.06973258,0.12935439
185702,L6 CT,-0.23028165,0.12953267
78606,L6 IT,-0.33731076,0.23711535
78707,L4/5 IT,0.1926513,-0.13887581
2065,Oligo,-0.11978665,0.39568016
212521,L2/3 IT,-0.38507742,-0.16215745
159682,L6 CT,0.28458038,0.27660474
159629,L5/6 NP,0.2669128,-0.06451705
78684,PVM,-0.04824856,-0.25595304
159179,Sst,0.29569724,0.1049622
159157,L4/5 IT,-0.3492046,-0.10461345
275445,Astro,-0.07744324,-0.004296243
158647,L6 CT,0.38313708,0.40241328
68657,Oligo,0.22538957,0.3972647
186083,Astro,-0.04606694,0.34300873
215884,Oligo,-0.17847434,0.29706863
28316,OPC,-0.047729135,-0.41722602
79139,Lamp5,-0.038550675,0.1579822
28358,L6 IT,-0.11598581,0.30625585
158494,Astro,-0.13346916,-0.24789649
79174,L2/3 IT,0.29739198,-0.24967852
160497,L2/3 IT,-0.1765711,-0.27181247
27295,Oligo,0.16624895,0.32940957
186149,Endo,-0.23256376,-0.35550034
158455,Astro,-0.34504816,0.11900124
186152,Astro,0.14941052,0.18250701
28426,Astro,-0.046672553,0.3601301
28439,VLMC,-0.17089275,-0.42694488
275382,Astro,-0.01880315,-0.38663703
160535,Oligo,0.116995126,0.2832456
275369,OPC,0.25428566,0.3566793
68568,Oligo,0.060092717,0.25766006
28488,Oligo,-0.1753951,-0.15637597
78465,Pvalb,0.18185481,0.17885187
28386,L4/5 IT,-0.3656537,-0.118245006
186196,Endo,0.15026495,0.036547303
186081,L6 IT,0.08831844,0.28359357
158701,L2/3 IT,-0.25475773,-0.31124517
78961,Oligo,-0.14374912,0.39143625
229438,L6 IT,-0.13742173,0.21695998
212448,Astro,0.23750183,0.3668764
78971,Astro,0.34191534,-0.08615214
185948,L6 CT,0.3279867,0.2193695
28128,L4/5 IT,-0.35566986,-0.100355744
229425,Sst,-0.07220301,0.41865036
68677,Oligo,0.12858388,0.43055573
79012,L6 CT,0.11838058,0.106045455
160334,Oligo,-0.2746851,0.1365836
186075,SMC,-0.319456,-0.31395105
28169,L2/3 IT,-0.15007141,-0.15420732
212423,L2/3 IT,0.007954061,-0.16471803
186019,L2/3 IT,0.5050694,-0.31357226
158859,Endo,0.1483787,-0.04009959
158840,Astro,0.26611468,-0.37130794
158827,L5 IT,0.111803204,0.068326384
158822,Endo,-0.14793032,-0.38331294
28229,L2/3 IT,0.14928332,-0.25395542
79066,L5 IT,-0.12425646,0.0139654875
185509,L6 IT,0.2776855,0.11447713
212418,Endo,0.22599784,-0.07672867
275438,L6 CT,0.27452812,0.078629166
253840,L6 IT,-0.387002,0.3978316
78311,L4/5 IT,-0.040729612,-0.102889895
29360,Micro,-0.3841354,-0.02459079
154686,L4/5 IT,-0.45661527,0.006328851
185131,L6 IT,-0.060349464,0.19479182
154682,Astro,0.096529156,0.33011088
154664,L6 CT,-0.23430654,0.14907262
154661,L4/5 IT,-0.32519916,-0.07122594
161687,Endo,-0.42484912,0.15650657
253635,Oligo,0.08522585,0.38599232
154599,L6 CT,-0.28193146,0.34392068
154597,PVM,0.15439883,-0.4211739
30500,Micro,-0.0039259493,0.28528795
187416,L5/6 NP,0.2904034,-0.05880162
187422,L4/5 IT,-0.2512644,-0.11566523
211984,L4/5 IT,-0.37332094,-0.097344935
274960,L4/5 IT,0.43564954,-0.23182198
247832,L6 CT,-0.38073114,0.22938457
77988,L4/5 IT,0.1805475,-0.10579026
10773,Astro,-0.25796074,-0.27213928
275714,L6 CT,-0.14405009,0.27081773
154383,L6b,0.012627035,0.32650915
161813,Oligo,0.43100956,0.40921214
187523,L2/3 IT,-0.31948224,-0.25769082
233534,L5 IT,-0.022607654,0.050578505
154695,L6 CT,-0.08597824,0.26298502
154698,L2/3 IT,-0.17250445,-0.27750576
26619,L6 CT,-0.42891917,0.34624913
155086,Pvalb,-0.06691426,-0.077186644
253595,L2/3 IT,-0.35471278,-0.30266955
187253,L6 CT,0.07487014,0.22659191
155029,Pvalb,-0.16120237,-0.082576305
215685,L2/3 IT,-0.118985415,-0.16269284
185147,Astro,0.16974643,0.36012307
185146,Astro,0.08405563,0.20009765
161612,Micro,0.02512768,-0.40031728
80312,L6 CT,0.31246093,0.14155892
80317,Micro,-0.119273305,-0.40490353
238175,L5 IT,-0.13410074,0.10605124
67987,L2/3 IT,0.00902763,-0.17015204
30401,Micro,0.07909432,0.3451133
185138,Oligo,0.39146504,-0.005543828
26638,Astro,-0.0526509,-0.010127574
154792,Astro,-0.30067357,-0.108679086
80345,L2/3 IT,-0.2339626,-0.31453905
67978,L4/5 IT,0.2899694,-0.16293666
80355,VLMC,0.13975897,-0.4144481
274995,Endo,-0.10698745,-0.3324128
212001,Pvalb,-0.39252403,0.16308203
30419,Endo,-0.14915854,0.090240926
78017,L6 CT,0.077614635,0.13470969
80555,L5 IT,-0.23011443,0.07698956
10758,L2/3 IT,-0.214802,-0.14162403
30671,L6 IT,0.034482867,0.13125792
278394,Pvalb,-0.23565003,0.050798863
16666,L6 IT,-0.11375031,0.2922677
187709,Oligo,0.2731208,0.013995141
153733,Oligo,-0.06896505,-0.105615914
153717,Oligo,-0.29448187,-0.07645273
26459,L2/3 IT,-0.14087814,-0.27756432
67746,L4/5 IT,0.08254781,-0.08347759
153660,Endo,0.36573264,-0.37453985
247761,L6b,-0.39805844,0.40804955
77906,Lamp5,0.26902017,-0.38990363
274914,L6 CT,0.121578306,0.23723134
274902,L2/3 IT,-0.34506902,-0.2922001
153518,Astro,0.38441578,-0.08634138
153512,L6 CT,0.2868465,0.11877659
153509,L6 CT,-0.42497778,0.26262292
31071,L2/3 IT,-0.45056626,-0.14515013
77890,Astro,0.30847976,-0.371001
212808,Micro,0.3210685,0.12211564
233560,L5 IT,0.16679534,-0.01927936
243559,L2/3 IT,-0.4275291,-0.18277162
16118,L2/3 IT,0.3035082,-0.20348036
266346,L6 CT,0.30117366,0.17058566
278329,Pvalb,0.026693761,-0.2813804
277589,OPC,0.32543805,-0.11296564
30899,L6b,-0.31661296,0.38450602
2582,Micro,0.2968876,0.3107514
80572,L6 IT,-0.092124075,0.26857874
154203,L2/3 IT,-0.3459147,-0.27955022
80584,Endo,0.42617157,-0.18707079
30696,Micro,-0.14772013,-0.16398245
80596,L5 IT,-0.054938346,-0.05406037
278179,L4/5 IT,-0.1944637,-0.1148226
154128,L2/3 IT,0.45215932,-0.35334542
30752,L4/5 IT,0.40242562,-0.19374219
67857,L2/3 IT,-0.08043802,-0.20014814
161890,L5 IT,-0.339129,0.111688286
153897,Oligo,0.4360282,-0.21501598
187577,Oligo,0.29534242,0.3770257
69238,L5/6 NP,-0.37771648,0.117372304
67838,L2/3 IT,-0.4555543,-0.16585895
10749,L6 CT,0.09565726,0.20710084
238441,L2/3 IT,-0.263392,-0.29949427
153963,L5/6 NP,-0.043081164,0.04001233
228618,Peri,0.09226999,-0.060835004
161977,Endo,-0.37089124,-0.14778426
161981,Astro,0.05305049,0.062107354
253760,Astro,0.03565085,0.20440945
275725,L5 IT,0.14857993,-0.0772087
240723,Oligo,0.31537268,0.3746917
78298,L4/5 IT,0.35131755,-0.19660515
228802,L4/5 IT,0.36701182,-0.16601169
10796,Astro,0.3747101,-0.060192287
268550,Astro,0.3940098,0.31890163
79942,L6 CT,-0.027724326,0.2065275
156208,Pvalb,-0.45529944,0.25216576
29637,OPC,0.019447148,0.024527669
278333,L2/3 IT,-0.03344661,-0.12885079
29643,L5 IT,0.18323985,-0.016349822
29648,L4/5 IT,-0.38765106,-0.0795486
161206,L4/5 IT,0.33498302,-0.16095763
228964,VLMC,0.3239608,-0.44911352
80000,L4/5 IT,-0.24643388,-0.092980355
156072,L2/3 IT,0.103610665,-0.25821015
279941,Oligo,-0.45897335,0.49607942
29689,OPC,0.19674292,0.3437846
156034,L6 CT,0.4312547,0.289359
161241,Endo,0.27342078,-0.086236656
2393,L5 IT,0.07336381,-0.042495042
29739,SMC,0.2955303,-0.44349894
155954,Astro,0.53767145,-0.048157632
161274,L5/6 NP,-0.434607,0.15718332
233509,L6 CT,-0.36966816,0.3380948
26827,Oligo,0.09598467,0.37074128
79931,L4/5 IT,0.5347587,-0.22220129
253360,L4/5 IT,-0.025272071,-0.13063097
212144,L5 IT,-0.24668002,0.012726307
156315,VLMC,0.47502127,-0.45298052
156663,L6 CT,-0.008866161,0.26554713
2330,OPC,-0.19723055,-0.3543172
229040,Endo,-0.43666095,0.18740728
156632,L2/3 IT,-0.29319543,-0.14434722
156621,Peri,-0.06730384,0.25146648
253283,L2/3 IT,0.0083402395,-0.18996844
161056,Endo,0.24307463,-0.01847756
1926,Oligo,-0.35972485,0.42396292
79839,L6 IT,0.24118206,0.016656727
253305,L5 ET,-0.22579971,0.06608483
80040,Oligo,0.39934102,0.12075314
186795,L5 IT,0.12903216,-0.08172354
253318,L4/5 IT,-0.44190335,0.00030061603
186800,L4/5 IT,0.0208596,-0.095038146
156479,L2/3 IT,0.16886362,-0.26704624
278374,Astro,-0.22491571,0.4242595
29501,PVM,-0.21187374,-0.08627471
253332,L4/5 IT,-0.41220552,-0.057887048
29513,L4/5 IT,-0.31491122,-0.07099345
156419,L6 CT,0.068956345,0.23026887
156403,L6 IT,0.021702826,0.23319384
186843,Astro,0.09286299,0.4288837
215746,Lamp5,-0.23714158,-0.1919215
26823,Oligo,-0.19592685,0.39267746
277584,Astro,-0.20104572,-0.40836588
161313,Astro,0.23705742,0.06700155
228839,Peri,-0.3458671,0.35608283
253523,L2/3 IT,-0.21838951,-0.14383706
215691,VLMC,-0.33168724,-0.40172005
30050,L6 CT,0.39561906,0.08412412
216068,Astro,0.35302976,-0.26807824
11030,L5 IT,0.29594532,-0.09440023
155372,L5/6 NP,0.36289176,-0.05900997
69187,Vip,0.4083127,0.16421083
80193,Oligo,-0.2728195,0.42436358
12017,Oligo,0.50688064,-0.051428527
275091,Astro,-0.008657664,-0.038082093
30069,L6 CT,-0.1258417,0.31400725
30085,L5/6 NP,-0.27735558,0.14952132
228825,Oligo,0.036224186,0.3605145
243716,Endo,-0.25287563,-0.14022309
228821,L6 CT,-0.029833376,0.27425805
155282,Endo,0.38536873,0.34303632
252445,L2/3 IT,-0.24926093,-0.24854752
253572,VLMC,-0.055919945,-0.4381665
26730,L4/5 IT,0.15969726,-0.2357615
155214,L6 IT,0.40941957,0.1774449
275063,Astro,0.04042527,0.34099457
155342,Micro,-0.0011093616,-0.0782038
26718,L6 CT,-0.27871096,0.15739664
187109,L6 IT,-0.031471312,0.2317011
187065,L2/3 IT,-0.23349243,-0.22878295
229896,L6 CT,-0.23172662,0.12770447
240936,Astro,-0.29360685,-0.27844414
29819,Astro,-0.3652066,0.1645945
187010,L6 CT,-0.45559242,0.36936453
216039,Astro,0.11751744,0.4094089
187020,L6 CT,-0.1698966,0.253831
212702,L2/3 IT,-0.15419269,-0.2533393
155765,L6 CT,0.29062328,0.18746302
16255,L6 IT,-0.36137053,0.3378063
29862,L4/5 IT,-0.40244985,-0.14467418
216055,L5 ET,-0.28474662,0.041939467
187035,L4/5 IT,0.3322616,-0.22609654
29872,L2/3 IT,-0.22788838,-0.19073048
29873,L2/3 IT,0.07886836,-0.22596732
155728,Astro,0.009752184,-0.396345
68069,L6 CT,-0.44303763,0.28549162
16253,L6 CT,0.3664545,0.16303012
68067,L4/5 IT,0.4042873,-0.21935868
26791,Oligo,0.17362031,0.373229
187059,L6 CT,-0.016722739,0.24500737
155637,L4/5 IT,-0.3562677,-0.052795112
228870,Astro,0.17213652,0.40503392
2423,Oligo,-0.050020963,0.31748155
168232,Oligo,-0.059535354,0.4217635
146976,Oligo,0.25648233,0.18681511
211113,L2/3 IT,-0.27530864,-0.26772723
166800,Oligo,0.35236618,0.15290835
210154,OPC,-0.2971128,0.4120812
76327,Endo,-0.20674786,-0.1900137
225829,L2/3 IT,0.21803978,-0.3229679
38797,L4/5 IT,0.0023145378,-0.06697148
23953,Astro,-0.119348556,-0.036768973
246861,L5/6 NP,0.12784258,-0.034797966
166856,SMC,-0.44156232,-0.1233632
138285,L6 IT,-0.18499056,0.28651705
213383,VLMC,-0.007101059,-0.44154206
192956,PVM,-0.04768303,-0.2482858
210127,L4/5 IT,-0.3544822,-0.0766975
256471,L6 CT,0.39382628,0.23931292
138230,Astro,0.39962307,0.032741725
225783,Endo,-0.028972447,-0.39841443
210122,L4/5 IT,-0.014642328,-0.12272298
138192,L2/3 IT,-0.38297224,-0.17117289
269193,Oligo,-0.14211896,0.14927003
86178,L5 IT,0.07447353,-0.06369838
138140,OPC,-0.33641872,0.008090556
217084,Oligo,0.38066664,0.0058428943
38734,L4/5 IT,-0.23946908,-0.044676602
166782,L5 IT,0.008892447,-0.0599823
183392,L4/5 IT,-0.3429153,-0.07667908
138487,Oligo,0.37422225,0.2736813
166683,Peri,0.38041082,0.25922927
4319,Oligo,-0.44813538,0.16749921
213352,Lamp5,-0.32789734,-0.34619135
138837,Pvalb,-0.36219606,0.23566464
230939,L5 IT,-0.25976712,0.14407948
24027,Astro,-0.2552109,-0.08316383
276128,L2/3 IT,0.4080418,-0.3184934
192782,PVM,0.37983212,0.12986544
85936,L2/3 IT,-0.2627262,-0.19432053
237520,L4/5 IT,0.3653035,-0.17270249
138121,L2/3 IT,-0.022229731,-0.28925875
85947,Oligo,-0.4095644,0.3483921
225860,Astro,-0.35292852,0.04393515
192829,Oligo,-0.26885357,0.26534966
138579,L4/5 IT,0.057607442,-0.17253086
213377,OPC,-0.45682302,-0.0634689
166768,L6 IT,-0.40197724,0.385807
38707,L5 IT,-0.326273,0.0040124953
278128,L5/6 NP,-0.20781875,0.18848875
166771,Astro,-0.08291721,-0.22674683
225853,L6b,0.35786292,0.37917516
183396,L5 IT,-0.36852756,0.050090045
166742,L4/5 IT,0.35796538,-0.19563138
86198,L2/3 IT,-0.26704648,-0.23086813
166957,PVM,-0.030187517,-0.19427693
39026,L5 IT,0.031194389,0.13940027
137514,Oligo,-0.056219727,0.35190704
65077,L4/5 IT,-0.03310266,-0.1250473
193183,Oligo,0.20077923,0.40067866
137476,L6 IT,0.0061333477,0.13183329
167125,L2/3 IT,0.17853239,-0.19064447
86373,L6b,0.24887142,0.2941886
23774,L5 IT,0.3612242,-0.08897391
137372,L5 IT,0.2378929,0.051725656
137366,L5 ET,-0.14967215,0.009230375
193235,L6 IT,0.07263753,0.21887597
193169,L6 IT,-0.23101082,0.31781712
167182,L5 ET,-0.064906895,-0.0029729009
137295,L2/3 IT,0.252188,-0.26873806
65030,Oligo,0.41894755,0.39706126
241482,L5 IT,0.13467726,0.038781136
225625,L5 IT,-0.21728194,0.06622818
86499,L6 IT,0.21701404,0.2160444
137147,L4/5 IT,-0.20259795,-0.15390342
256597,Vip,-0.15649009,0.09779754
137090,PVM,-0.25477275,-0.34521544
137083,L5 IT,0.32699153,-0.12499535
137064,L2/3 IT,0.2406095,-0.33791628
256579,Oligo,0.033324093,0.31548664
38560,L2/3 IT,-0.38760638,-0.20415038
86346,Lamp5,0.10749069,-0.1795479
265337,L6 IT,-0.34455347,0.30687276
86249,L6 CT,-0.32431564,0.18222418
166967,Astro,0.25005445,0.24323133
137909,VLMC,0.0652276,-0.44088736
166971,L6 IT,-0.11833298,0.19142118
137888,Peri,0.50159407,-0.14897141
137859,VLMC,-0.036922455,-0.2781631
251454,SMC,-0.027884543,-0.25493422
39062,L4/5 IT,0.1923838,-0.13618785
183325,L6 CT,0.36638168,0.15285483
39092,L6 CT,0.41601393,0.3081791
225682,L5 IT,0.18746766,-0.01735884
210088,Endo,-0.37374425,0.37319425
183300,VLMC,0.10016641,-0.4398759
39169,Peri,0.08326414,-0.24272725
23828,Sst,0.51761305,-0.037365854
137665,Astro,0.2803521,0.28059575
39209,L4/5 IT,-0.0032079816,-0.06080994
225695,L6 IT,-0.06809464,0.10332891
65113,L6 IT,0.09347078,0.13426074
4469,L6 CT,-0.30738327,0.14406624
86325,Astro,0.45443174,-0.30667648
210065,Astro,0.1456643,0.38532564
137746,L6 CT,0.29000047,0.1443241
137054,L5 ET,0.266372,0.0996702
138936,L6 IT,-0.42941678,0.2742692
85811,L6 CT,0.38198707,0.2438086
267125,Micro,0.44650623,-0.42132097
226099,L6 IT,-0.14010507,0.2824147
216945,L4/5 IT,0.057287246,-0.13280487
37806,L2/3 IT,-0.32039756,-0.123438
85413,Astro,-0.25338778,0.32710686
140129,Astro,0.44341388,-0.25840864
246966,PVM,-0.12714735,0.332952
273694,L4/5 IT,-0.2966465,-0.06570727
192251,PVM,-0.042514384,-0.27579203
240075,L6 CT,0.39985803,0.06833759
140069,L5 ET,-0.24620113,0.08750734
166299,L6 CT,-0.2749232,0.26128057
37885,L6 CT,0.19164494,0.25332215
256185,SMC,-0.24472728,-0.41333637
37912,L5 IT,-0.20125204,0.03332731
243989,Oligo,0.13033125,0.24504945
139921,L4/5 IT,0.2124838,-0.13984054
210331,Astro,-0.090126425,0.4099292
24270,Oligo,-0.4335106,0.2643263
24265,L2/3 IT,-0.09272337,-0.2504557
166350,Endo,0.4634529,-0.39856318
37773,L6 CT,0.334601,0.0532358
37755,Endo,-0.29666278,-0.097417384
233823,Oligo,0.31949225,0.22865316
166242,L4/5 IT,0.08414325,-0.11022279
256109,L2/3 IT,-0.45358944,-0.17564467
265571,L4/5 IT,-0.30666676,-0.16542199
241423,PVM,-0.04773447,-0.21474907
140440,L2/3 IT,-0.44748193,-0.1577487
256111,L6 CT,0.009361625,0.20702007
210369,L6 CT,-0.39266238,0.2938598
76532,L2/3 IT,-0.26075575,-0.24842313
140418,Pvalb,-0.21005428,0.008716822
140399,Micro,-0.024029553,0.15914276
37678,Endo,0.383292,0.32680842
192326,L6 CT,0.2907699,0.23550764
237583,L6 CT,0.4165047,0.0903025
85372,L6 IT,-0.012950063,0.20708165
37717,Micro,0.11168596,-0.09774044
192139,Astro,0.17585436,-0.13696784
192143,Peri,-0.23473424,-0.13205129
251576,Astro,0.08629939,-0.052778155
85375,L5 IT,0.22436038,0.019894391
76522,L6 CT,0.32200834,0.12833473
226119,Oligo,-0.23529226,0.041157097
76519,Astro,-0.43324116,0.18455103
210352,VLMC,0.36938515,-0.45603508
76530,L6b,-0.19334182,0.34825906
85511,L2/3 IT,0.50509214,-0.35554072
15394,L6 IT,0.33270726,0.0823895
230890,PVM,0.069002956,-0.4173874
265486,Astro,0.39123735,0.23426637
166530,Pvalb,-0.25563663,0.11693284
65419,L6 CT,0.4234831,0.4161578
237554,Pvalb,0.21008566,0.034613132
139267,Micro,0.3867804,-0.41425246
1399,L6 IT,0.15577117,0.10842499
65408,VLMC,0.36581805,-0.45596263
65398,Astro,0.47843835,-0.39615348
4284,Astro,-0.43217486,-0.1882849
16977,L6 CT,0.24196365,0.2403793
38329,Astro,-0.33777168,0.21150729
85749,L6 IT,-0.18718117,0.30731508
85756,L2/3 IT,-0.081939995,-0.26968002
225923,SMC,-0.032741964,-0.18050665
65392,L2/3 IT,0.5251069,-0.35719252
256382,Oligo,0.2184352,0.37747303
139088,Oligo,-0.1919998,0.4266903
139084,Astro,0.34107062,-0.413841
225915,L6b,-0.42515692,0.42867604
256384,L6 CT,-0.32388505,0.34876433
217014,L4/5 IT,0.5173713,-0.25895366
265435,Peri,-0.44277984,0.2574372
85754,SMC,-0.2537572,-0.33130276
70155,L2/3 IT,-0.2266626,-0.30140814
192498,SMC,-0.23159504,-0.41127023
65442,Oligo,0.21588293,0.17780432
256225,Oligo,-0.2511253,0.3791838
139790,Oligo,0.16214713,0.33988616
139782,Endo,-0.21025524,0.36540553
85542,Endo,-0.33521238,0.10272309
38045,Endo,0.3111662,-0.06902844
183516,Endo,-0.036974162,0.18594268
76463,Peri,-0.34081185,-0.27276477
246953,Astro,-0.26676348,-0.34114143
166408,L2/3 IT,0.30758598,-0.2565256
246948,Micro,-0.3679256,0.19633362
265507,Oligo,0.24893549,0.32329622
166412,L5 IT,-0.21140626,0.15009555
166416,OPC,0.3154125,0.07045099
183510,Oligo,-0.03747174,0.3795608
183509,L2/3 IT,-0.030177563,-0.31125155
256245,VLMC,-0.04888451,-0.22083202
85588,Oligo,0.19502082,0.36811474
246944,L5 IT,-0.21227059,0.18322948
246940,Oligo,-0.4319802,0.47478923
4229,L4/5 IT,0.24100485,-0.17495996
192447,L6 CT,0.30689326,0.10350087
85598,L4/5 IT,0.29933766,-0.15836802
139692,L4/5 IT,-0.2640459,-0.07065913
37657,Oligo,0.022912323,0.37288126
4520,Peri,0.19006702,-0.22476831
64990,Micro,-0.27625045,-0.3874164
87339,Oligo,0.22441646,0.3712711
225226,Sst,-0.31914824,-0.19748855
134717,L4/5 IT,-0.3555218,0.019384563
257003,Pvalb,0.28398713,-0.1864895
257005,L6 IT,-0.3431687,0.36869356
134666,VLMC,0.25515416,-0.4467635
64552,L2/3 IT,-0.08057734,-0.28132036
257016,L4/5 IT,-0.14921337,-0.06349376
134574,Endo,0.014699668,0.10799107
134572,L5 IT,0.21415666,-0.05916801
40748,Peri,-0.348382,0.03953725
134524,Astro,0.5284542,-0.4173742
134513,L2/3 IT,0.2075763,-0.27444652
134512,Micro,-0.11379519,-0.38005668
134499,Sst,0.17686412,-0.10564035
75895,SMC,-0.28466335,-0.4063669
87449,Astro,-0.32436153,0.09721568
167991,Astro,0.40133867,-0.3621979
75889,Astro,-0.42604336,0.020497203
244131,L4/5 IT,-0.32858935,-0.033214122
231183,Oligo,-0.09465888,-0.085372776
237391,L6 IT,-0.25580922,0.1540918
167900,L4/5 IT,0.41694066,-0.18308729
40671,VLMC,-0.20002407,-0.41994542
183033,L5 IT,-0.15595171,0.11647007
167798,L5 ET,-0.31884095,0.08175424
10002,Astro,0.33810547,-0.4195931
135189,Oligo,0.3586916,-0.03191477
256943,L6 CT,0.2576445,0.13987157
135122,VLMC,0.07926181,-0.44164512
87219,L4/5 IT,0.018041044,-0.154513
87220,L2/3 IT,-0.11117253,-0.24250594
265177,L4/5 IT,-0.27090392,-0.047733754
64620,Sst,-0.38269383,-0.0693593
167828,L2/3 IT,0.113759786,-0.19214201
134408,VLMC,-0.34786427,-0.4009464
75952,L2/3 IT,0.28760573,-0.32575455
4742,Endo,-0.10467765,-0.22831747
209667,Astro,-0.21226016,-0.3869755
183043,L4/5 IT,-0.38519925,-0.083435
167854,L5 IT,-0.13684574,8.7440014e-05
238673,Astro,0.47288963,-0.08832231
238675,L6 CT,-0.3111839,0.27806994
87310,L6 IT,-0.41425702,0.3807762
239866,Micro,-0.2255939,0.38818368
40616,L5 IT,0.09317759,0.05037442
251312,Endo,0.4118881,0.025228322
87262,Oligo,-0.31429663,0.39759788
182999,OPC,0.3164771,0.3382986
134395,Oligo,0.30403295,0.4123849
134381,PVM,-0.08497167,-0.067478955
133896,Endo,0.14869645,-0.04500678
235628,L6 CT,0.31573966,0.18956289
133831,Oligo,-0.065877795,0.021977156
168184,L5 IT,-0.07546258,0.006385565
225082,L2/3 IT,0.51888776,-0.2821225
194377,Endo,0.15836057,-0.1873217
133795,L2/3 IT,0.34192064,-0.2620183
23273,Endo,0.15553644,0.005539328
246606,Astro,0.113495976,0.2691057
237350,Lamp5,0.20563814,0.11439362
273142,L5 IT,0.07557747,-0.024248332
225071,VLMC,-0.33761343,-0.40211582
41155,L2/3 IT,0.5297309,-0.27198473
194420,L6 CT,0.37268773,0.020845741
64414,SMC,-0.045143843,-0.1845473
133699,L6 CT,-0.4161578,0.17145267
87675,L2/3 IT,0.42032138,-0.27798805
194433,SMC,-0.29848784,0.0058966875
133634,L6b,-0.35845587,0.39842674
257182,Pvalb,0.20874724,0.1931211
194456,L6 CT,-0.039329827,0.30766997
133608,L6 CT,0.31220803,0.2027385
194409,Peri,0.15257326,0.002501756
225331,L2/3 IT,-0.13760936,-0.23432902
41037,L4/5 IT,0.13612875,-0.11384916
239385,Oligo,0.30091056,0.40502134
40840,Astro,0.06354138,-0.058765948
209581,L6 IT,-0.0560219,0.115312666
134327,L2/3 IT,0.43423882,-0.34595272
40865,L6 IT,0.2647967,0.18968931
265129,Endo,-0.0807288,0.08867434
134254,L6 IT,-0.26461896,0.19786683
134250,L2/3 IT,0.17376086,-0.18130407
134214,Oligo,-0.105813384,0.14670947
194242,L6 IT,-0.43710878,0.2657803
40945,Pvalb,0.24134418,-0.10365519
133935,L2/3 IT,0.16723564,-0.32648018
40952,L5 IT,-0.09706867,0.05276707
273166,L4/5 IT,-0.43164963,-0.09039652
96655,VLMC,-0.027157813,-0.43704233
257092,Oligo,-0.11799848,0.26708212
269310,L6 IT,-0.14693442,0.3061402
194295,L2/3 IT,0.1506705,-0.26802692
257106,L6 IT,0.2048209,0.22043452
225106,L5 IT,0.024202406,0.06136003
217307,L5 IT,0.026701033,0.1389387
133982,Astro,0.020756423,0.17230788
133980,L5 IT,-0.31359223,0.021581143
40955,L2/3 IT,-0.12607062,-0.30856875
209982,L4/5 IT,-0.26575032,-0.09482464
167788,L2/3 IT,0.3512006,-0.2233018
23452,Oligo,0.19352922,0.003725201
15198,L2/3 IT,0.028469324,-0.23274669
246780,Oligo,-0.41232517,0.46546236
39753,L6 CT,0.24157408,0.1814762
193528,L5 IT,0.31951407,-0.076909155
39785,L2/3 IT,-0.41025278,-0.23083928
183198,L6 IT,0.37414214,0.047846287
76065,L2/3 IT,0.23419836,-0.26530373
70314,L6 CT,-0.2744647,0.34175304
136425,L6 CT,-0.45362025,0.29112962
225513,L2/3 IT,-0.060077608,-0.22987953
64820,L6 CT,-0.43103915,0.4200591
136319,Peri,-0.3374683,-0.27126732
213473,L5 ET,-0.1562027,0.037576318
136298,Astro,0.06922868,-0.2072402
136270,Oligo,-0.09271246,0.40197644
256715,Micro,-0.035580426,-0.3197272
246753,L6 CT,0.42166266,0.38021865
39885,Astro,0.17891201,0.31934187
251371,L4/5 IT,0.4738693,-0.21744362
265251,L2/3 IT,-0.028221667,-0.29964206
225468,Micro,-0.37827525,0.045942992
225554,L6 IT,-0.38403538,0.36952248
39702,L6 CT,0.10999051,0.22817317
269247,Endo,0.0049918294,0.082178086
167368,L2/3 IT,-0.21628168,-0.26751414
251421,Peri,0.3860658,0.06946942
4530,PVM,-0.030541182,-0.24107453
136971,L2/3 IT,-0.23747411,-0.28105992
39526,VLMC,-0.13112685,-0.42502257
251415,L4/5 IT,-0.17871341,-0.0061632097
15214,L2/3 IT,-0.24538651,-0.13685307
256627,L2/3 IT,0.088920146,-0.22375652
23694,L6 CT,-0.09979206,0.16785052
246799,L4/5 IT,-0.2247186,-0.08727321
251414,Astro,0.2612699,-0.19245645
39912,L4/5 IT,0.027086973,-0.123773545
136850,Endo,0.005731404,-0.3192449
136830,Peri,-0.21532193,-0.03343281
86616,L5/6 NP,-0.23892638,0.030992448
213432,L4/5 IT,0.45048502,-0.19757473
136789,L4/5 IT,-0.30100104,-0.032767355
136785,L5 IT,0.1646069,-0.09555462
251404,Astro,0.0073642433,0.37183818
136757,L4/5 IT,-0.40689805,-0.07872957
70278,L5 IT,0.057844073,0.044086367
23665,L6 CT,-0.13572702,0.23898163
209933,Endo,0.15327594,-0.082502574
136848,Astro,0.40549806,0.34120056
193654,L6 CT,-0.4416162,0.40837392
193667,Oligo,0.2884451,0.32924536
39916,Sst,0.33452043,-0.13807794
167671,VLMC,0.34670046,-0.44774434
246713,Oligo,-0.2602169,0.3957741
209768,L5 IT,0.27348778,-0.046792895
213496,Vip,-0.07530314,-0.30844846
225387,L2/3 IT,0.16641256,-0.24721089
265202,VLMC,0.32730028,-0.44857782
64673,Micro,0.19504824,-0.22303918
15132,Peri,-0.2898776,-0.027033538
278545,Pvalb,-0.018124014,-0.1024183
40338,L4/5 IT,0.33023676,-0.18483004
183117,L6 IT,-0.4398363,0.39515212
240522,Astro,-0.14795339,-0.1005694
64661,Sst,-0.14785922,-0.18722111
217244,L2/3 IT,0.21576032,-0.2321082
135345,Astro,-0.4374935,0.08814201
256908,L2/3 IT,-0.38056633,-0.23157072
273263,Endo,-0.42244494,0.07570049
209710,Endo,-0.088516444,-0.11010441
135299,Endo,0.40187123,-0.13082826
64654,L4/5 IT,-0.1123364,-0.11727294
64652,Astro,-0.17300278,-0.08542693
40399,L2/3 IT,0.4032111,-0.34966686
231136,Astro,-0.30127117,0.2686415
40400,PVM,-0.34638435,0.09835979
193798,VLMC,0.22309604,-0.4489695
135710,L2/3 IT,0.509789,-0.25495955
238653,L5 IT,-0.30012357,0.19081977
231097,L5 ET,-0.32548776,0.12871608
136066,Oligo,-0.017485648,0.40040657
167565,L6 CT,0.40185133,0.067904204
193711,Endo,0.055168778,0.095381826
256786,OPC,0.2277787,0.1104323
40010,Endo,-0.061997324,0.11092171
135939,Astro,0.2853202,-0.045199513
86966,L6 CT,0.08721718,0.1821324
193744,L6 CT,-0.107194245,0.28060696
277453,VLMC,0.45758525,-0.45252568
86976,Endo,-0.15792364,0.05706647
183139,Astro,-0.07561526,0.29764053
135827,L6 CT,-0.4230884,0.30910715
135826,L6b,-0.07948774,0.33176318
167613,Lamp5,-0.40400207,-0.17718744
76018,L2/3 IT,-0.2757264,-0.30839124
135791,L4/5 IT,0.39360592,-0.22271165
277716,PVM,-0.0018222332,-0.42623803
193782,L5 ET,-0.27969572,0.067008585
246724,Oligo,-0.31929412,0.42234054
183127,Astro,0.251088,0.3688595
273319,Micro,-0.021074831,0.18968764
146960,L2/3 IT,0.43131056,-0.34370106
85304,Vip,-0.017308444,-0.07490572
256096,L6 IT,-0.30341834,0.33081815
144792,Endo,-0.4340742,0.27801004
164785,Vip,-0.1944302,-0.103756756
66318,L2/3 IT,0.32772163,-0.3035644
144747,VLMC,-0.15596506,-0.4247754
274145,VLMC,0.07339606,-0.43871891
16833,L5 IT,-0.4239093,0.04069832
226982,Micro,-0.2091091,-0.2229392
35601,Endo,0.18364397,0.40817812
164838,L2/3 IT,0.27486935,-0.2995344
255439,L2/3 IT,0.112730175,-0.27634647
25081,VLMC,0.16804901,-0.42878577
230573,Endo,-0.21876451,-0.18952513
144639,L6 CT,-0.4497177,0.24293151
83859,L4/5 IT,-0.45067817,0.03618288
190782,L2/3 IT,0.510288,-0.34269902
35637,L5 ET,-0.13753846,0.032662958
69882,L6 IT,0.23749092,0.09579441
35648,L2/3 IT,-0.15462884,-0.17000201
251843,Astro,0.20690301,0.37638208
12234,Astro,0.36400345,-0.453009
268923,L5 IT,0.004336208,0.07116637
255423,VLMC,0.19536695,-0.4453318
190720,L2/3 IT,-0.11595935,-0.29181877
144830,VLMC,0.01757598,-0.44301137
240091,L5 IT,0.3874217,-0.07247299
227080,L4/5 IT,0.113386005,-0.11071715
35339,L6 IT,-0.20633522,0.29573783
145119,Astro,0.42041847,-0.26876208
145118,L5 IT,0.4600081,-0.15272951
1572,Endo,-0.45808715,-0.18500403
255378,L6 CT,-0.4379765,0.32665458
164667,Oligo,0.34879276,0.3910524
145067,L6 IT,-0.18230358,0.32433626
247206,Astro,-0.41287616,-0.069337994
145045,L6 IT,0.14209011,0.04108551
274121,L2/3 IT,0.114216596,-0.2974079
280087,L6 CT,-0.12974113,0.3048794
190656,L5 IT,-0.14652252,0.25033978
145025,Endo,-0.14199445,0.11798987
25132,Peri,-0.115330935,0.004138738
35407,L2/3 IT,0.3277488,-0.3484304
213095,L4/5 IT,-0.15888798,-0.094545096
35426,Peri,0.42798182,-0.05706185
66339,Oligo,0.31373134,0.1743832
251874,Oligo,0.01583442,0.40401855
144889,L4/5 IT,-0.41605806,-0.13764602
227017,L4/5 IT,-0.43945497,-0.08576843
210866,L4/5 IT,-0.42810628,-0.06362277
215465,Endo,-0.4397334,0.15758553
144428,L2/3 IT,0.38738093,-0.3331128
144417,OPC,-0.28162077,-0.36265337
210774,L5 ET,-0.46043894,0.13878444
144015,L6 CT,-0.28410193,0.15129462
11860,L6 CT,-0.090088814,0.25156197
143997,L5 IT,0.16831139,-0.04950002
35912,L4/5 IT,-0.4559621,-0.006921828
24945,OPC,0.3629301,0.23929015
24939,L2/3 IT,0.033916593,-0.28453407
36002,Oligo,-0.19589263,0.26332912
84149,Astro,0.18525031,0.3571371
24938,Oligo,0.24491712,0.33604363
35876,L5/6 NP,0.18159631,0.16905782
255576,L2/3 IT,-0.31720766,-0.18462768
66139,L2/3 IT,-0.4557174,-0.24401367
248459,L6b,-0.33192077,0.40939042
36047,Oligo,-0.43496913,0.50005853
226774,Oligo,-0.23433569,0.40021476
165238,L2/3 IT,0.37886706,-0.35813317
76809,Oligo,0.2375783,0.4088433
191087,L6 IT,-0.3105715,0.3464364
183893,Oligo,-0.3651071,0.022370517
36084,Oligo,-0.43744448,0.51099896
36085,PVM,0.38530222,0.010071218
183915,Oligo,0.24244568,0.02974224
230548,PVM,-0.12303507,0.33456704
165085,L6 CT,-0.13642022,0.2932813
242938,L6 CT,0.40324506,0.10545859
69893,L4/5 IT,0.14074251,-0.16655782
190852,L2/3 IT,0.0039170384,-0.28044698
239281,Peri,0.26424137,-0.045674175
239286,L6 CT,0.08569357,0.16854468
144356,VLMC,0.023844868,-0.4435797
35723,L6 IT,-0.41746393,0.21984097
66252,Endo,-0.45724756,0.08125904
35739,Endo,-0.07658011,0.25092855
144286,Endo,0.41391096,0.22228703
274097,Endo,0.1871526,0.17108652
165082,Micro,0.30438587,-0.4099344
1535,L6 CT,0.4292663,0.11480686
251829,L5/6 NP,-0.403187,0.12732926
226858,L6 IT,-0.4428342,0.3811492
165071,L6 CT,-0.25268435,0.17278984
144099,VLMC,0.2699993,-0.4452364
255530,VLMC,-0.17983916,-0.42493275
274082,L5 IT,0.15133658,0.012321085
210778,L4/5 IT,0.45208457,-0.17842788
16836,L5 ET,-0.2773881,0.06062135
35866,VLMC,0.28825673,-0.44410905
66189,L6 IT,0.17587742,0.06315556
84008,Oligo,0.24474409,0.046859294
143691,Astro,0.29507586,-0.42657068
69828,Astro,-0.45695192,0.48867407
10433,Astro,-0.32874396,0.23648545
146512,Endo,0.2911534,-0.2833703
25372,L4/5 IT,-0.2781,-0.11488533
164231,Endo,0.25443467,0.11828801
83255,L6 CT,-0.032647073,0.25276324
34767,L2/3 IT,0.45251372,-0.3587122
190149,Oligo,-0.23233947,0.4178495
146443,L5 IT,0.07447472,-0.055995703
83280,L2/3 IT,0.02540198,-0.18999597
34781,L2/3 IT,-0.40318847,-0.22487715
227252,L5/6 NP,-0.038036823,0.008785129
190215,L4/5 IT,-0.13179824,-0.070629805
242967,VLMC,-0.15048623,-0.42467996
184212,Endo,0.32092187,-0.38120982
34863,Astro,0.28287306,0.33710346
77103,OPC,0.3636714,-0.24594954
211049,L6 IT,-0.02069351,0.2739847
66509,Endo,0.067266494,0.11329988
34921,L4/5 IT,-0.30032042,-0.12561154
34925,Endo,-0.18028799,-0.11545125
247283,Astro,0.3533565,0.405839
190328,Micro,0.10485247,0.027260453
10482,L2/3 IT,0.07406381,-0.27255064
146544,L6 CT,-0.35645363,0.2009469
230462,Endo,-0.0025730133,-0.17847535
146572,Vip,0.32141462,-0.2419639
146943,Micro,0.19863209,-0.14680192
189976,L5 ET,-0.032575965,0.09032622
265963,Astro,-0.325739,-0.05872664
254989,Endo,0.30689618,-0.34951356
12195,L5 IT,-0.28465897,0.1302047
25416,L6 CT,0.10971722,0.23817626
146843,L6 CT,-0.45555866,0.4207066
34623,L5 IT,-0.079031646,-0.013535082
146840,Endo,0.36482146,0.41855362
77197,Astro,0.29509333,-0.39192674
34965,L6 IT,-0.07738936,0.27028224
146813,Astro,-0.39281166,0.42590478
83158,Endo,-0.29726547,-0.35261098
213017,Peri,-0.23308417,-0.056061804
34664,L6 IT,0.15652803,0.17857799
25403,OPC,-0.16946164,-0.374881
164160,Oligo,-0.14660311,0.3688976
265940,Oligo,0.13917181,0.35599837
190064,L4/5 IT,-0.4186181,0.011526197
146692,Astro,0.41314444,-0.014809996
164176,Peri,0.5069845,-0.4279595
34706,OPC,0.13385585,0.3400537
25408,PVM,-0.052654058,-0.2411961
145994,Astro,-0.44916427,-0.21458754
145978,L6 IT,-0.21550664,0.3097889
211000,L4/5 IT,0.4681594,-0.20629945
268301,L4/5 IT,0.47726598,-0.17451566
190476,L6 IT,0.10858926,0.18860123
227134,Micro,-0.35731605,0.4072893
83571,Astro,-0.082416475,-0.17597365
83580,L5 IT,-0.0127643645,0.069931775
190500,L2/3 IT,0.48438373,-0.35383552
216619,L6 IT,-0.39116403,0.35321495
83593,Micro,0.10150698,0.19702104
237838,Oligo,-0.32574096,0.044089288
145476,L6 CT,0.42399094,0.27073464
274227,L2/3 IT,0.3232812,-0.3372587
164541,Oligo,0.30996618,0.4328005
77014,L5 IT,-0.10298586,-0.0748499
145400,Oligo,-0.11936334,0.06700912
145399,Oligo,-0.27165827,0.078805774
265849,L6 CT,0.106695265,0.17860904
35233,L2/3 IT,-0.28682533,-0.26107994
35244,L2/3 IT,-0.3425694,-0.25760898
66397,L2/3 IT,-0.32369864,-0.21736571
164593,Micro,-0.043690175,0.1753805
268297,L6b,-0.101209104,0.3290268
190596,L6 CT,-0.3782325,0.25658742
210919,Endo,-0.3413575,0.16623077
35318,L6 CT,-0.0066481233,0.28060016
25234,L6 IT,-0.42814198,0.40059367
35133,OPC,0.446497,-0.048573762
279784,L2/3 IT,-0.12277076,-0.18097681
216593,Astro,0.24959281,-0.21348175
145942,L2/3 IT,-0.20579565,-0.2667763
190370,L5/6 NP,0.19266585,0.17155811
184167,Oligo,0.06923184,0.29186067
242956,Endo,0.5375962,-0.4564702
35048,Astro,-0.09120852,-0.2918355
77058,L4/5 IT,0.50424266,-0.23868951
145843,Astro,0.48982325,-0.34482986
210959,OPC,-0.11499792,-0.36175057
164484,L5 IT,-0.1530878,-0.011467487
77052,L6 CT,0.38555172,0.17329839
35070,Lamp5,-0.03804168,0.26607087
266988,Oligo,-0.16719845,0.3627924
227183,L4/5 IT,0.21185145,-0.17667148
35073,L2/3 IT,0.42037717,-0.33887124
145783,L6 IT,-0.0029839277,0.10792372
184145,Vip,0.045431525,0.094462365
83525,L2/3 IT,0.038821608,-0.24648151
274246,L6 CT,0.40365914,0.33744124
227168,Oligo,-0.0255813,0.42259803
145707,Vip,-0.09961802,0.0751203
35060,L6 CT,-0.20443565,0.3289697
37633,L4/5 IT,0.09754297,-0.12315756
183887,Micro,-0.18154895,-0.03580451
143638,Oligo,0.16590235,0.19097003
183694,L6 CT,0.40361062,0.22763708
141594,VLMC,0.47182164,-0.45334244
37084,L2/3 IT,0.37826994,-0.33754715
243490,L2/3 IT,-0.26724577,-0.2976366
247039,Sst,-0.4359369,-0.22267318
165864,Oligo,0.41845235,0.36143258
237649,L2/3 IT,-0.4147658,-0.1960845
255964,VLMC,0.36029747,-0.45421675
213267,Endo,0.06442782,-0.11776158
191776,L5 IT,0.0348365,0.04161313
141423,VLMC,-0.08032927,-0.43177304
141389,L5 IT,-0.14435157,-0.010781735
191791,Micro,0.29544237,-0.37181383
76603,L2/3 IT,-0.42582685,-0.22521421
216900,Peri,0.41282013,0.0764617
76601,Oligo,0.28731152,0.3524383
255998,SMC,0.30445918,-0.4413442
37257,L2/3 IT,0.021678776,-0.30745688
242931,Oligo,0.26371172,0.43064263
165927,L4/5 IT,0.21387437,-0.18672419
85022,L4/5 IT,-0.32413796,-0.13267875
210496,L6 CT,0.38545272,0.33413705
65738,L4/5 IT,0.1611689,-0.17691508
183697,L6 CT,0.29550746,0.17222193
76643,Pvalb,0.15726319,0.06980458
165697,L6 CT,0.40779862,0.23145756
165699,Endo,0.21925536,-0.21545914
191619,L4/5 IT,-0.42643026,-0.055242777
142018,L4/5 IT,-0.21180823,-0.070204824
255871,Oligo,0.082036644,0.33776644
247053,Sst,-0.43267512,0.005134642
191653,L4/5 IT,-0.4177431,-0.074424535
36925,L2/3 IT,0.17011145,-0.2804391
141915,Oligo,-0.034674555,0.41759315
24576,L6 IT,0.43389657,0.18962458
165930,Pvalb,-0.28042024,0.011934876
84794,L4/5 IT,0.29557398,-0.15258875
255912,L5 IT,0.064338714,0.080614656
226418,Pvalb,-0.019341767,-0.30326948
191665,L6 CT,-0.011654615,0.2721775
36995,Peri,-0.32609776,0.02609688
247041,L4/5 IT,-0.45031455,0.017866254
183713,L6 CT,0.14020947,0.1828452
141729,L5 IT,0.3138508,-0.057536423
37008,L5/6 NP,0.14231297,0.13307068
141703,Pvalb,-0.3834424,0.40520045
226396,L6 CT,0.3904194,0.26939312
65820,L4/5 IT,-0.17793766,-0.08255389
24459,L5 IT,0.15259609,-0.013399452
235303,L6 CT,-0.06697905,0.3071135
141211,L2/3 IT,0.24244305,-0.2570646
239776,L6 CT,0.2853683,0.24814895
85179,Oligo,0.08680889,0.35498038
4084,L2/3 IT,0.12499878,-0.2865682
215399,Oligo,-0.30191004,-0.089292854
37507,L2/3 IT,0.15020034,-0.22587115
140773,Peri,-0.24038783,0.42061308
85211,VLMC,0.27733257,-0.44504344
70050,L2/3 IT,0.24447104,-0.27897674
233329,L6 CT,-0.04972604,0.28801784
37524,VLMC,0.08771476,-0.4421544
265610,Oligo,0.41651544,0.19315311
85217,Peri,-0.03300169,0.18007615
37529,L2/3 IT,0.013603747,-0.24180987
140685,Micro,0.25366625,-0.35145727
10244,PVM,-0.21409711,-0.11203727
140658,L6 IT,-0.4346558,0.27658972
4108,PVM,-0.03405392,-0.0041134357
24357,Astro,-0.19944468,-0.3901209
76548,L4/5 IT,0.3115609,-0.13712439
85259,L6 CT,0.4076316,0.0885779
226149,Pvalb,-0.074686825,-0.32351592
24339,Oligo,-0.14351463,0.36800393
140747,L6 IT,0.33833316,-0.029564321
191608,SMC,-0.14767402,0.061502606
191937,Astro,-0.019763142,0.23685196
37452,L2/3 IT,0.2704474,-0.26945463
85045,VLMC,0.21302721,-0.44826606
37328,Oligo,0.039930373,-0.39244977
191878,Endo,0.101858705,0.027967572
141155,Vip,-0.29964396,-0.26573792
141119,Pvalb,-0.12570384,-0.03753102
210444,L6b,-0.40827626,0.4207283
273758,L5 IT,0.46086594,-0.15967217
166017,L4/5 IT,-0.44534108,0.005045384
230813,Sst,-0.16386145,0.2159951
141002,Sst,-0.4608086,-0.0479472
85139,Oligo,0.114069015,0.34399697
140987,Sst,-0.24243182,0.25662258
140971,Oligo,0.3242953,0.37120733
4068,L5 IT,-0.22795317,0.13777378
24382,L4/5 IT,-0.40669852,-0.023458421
85121,L5 IT,0.38752267,-0.14624524
191931,L4/5 IT,-0.2926573,-0.11388141
140935,VLMC,0.11875364,-0.4064217
140932,L2/3 IT,-0.17032745,-0.17552426
37434,L4/5 IT,-0.19148448,-0.06066549
85131,Astro,-0.11520812,-0.38577735
183602,Endo,0.08993378,-0.35474452
140983,L4/5 IT,-0.40802503,-0.044926047
36110,L5 ET,0.088401645,-0.023609102
165695,Oligo,-0.37792644,0.46403554
142058,L5/6 NP,0.39680502,-0.03926927
243932,L4/5 IT,0.014559865,-0.124127805
247115,Lamp5,0.13243786,0.07749346
143287,L6b,0.29035923,0.30018553
3782,L5 IT,0.38021615,-0.107614815
216778,Oligo,-0.13084018,0.37840316
143245,L4/5 IT,-0.32940587,-0.09995037
143235,Peri,0.5194558,-0.34737387
226654,L6 CT,-0.3981582,0.40023807
143160,L6 IT,-0.32552078,0.3217987
84386,SMC,-0.2794049,-0.40907928
213201,L4/5 IT,-0.12735853,-0.11044404
143114,L5 ET,0.14774981,0.09236112
143097,L2/3 IT,-0.2831436,-0.17008388
243950,Oligo,0.10877976,0.105260044
84425,Astro,-0.29747662,-0.37054044
143055,Oligo,-0.35964814,0.26476493
24778,Micro,-0.105519205,0.37589762
36450,Astro,-0.06917378,-0.12962234
226619,L5 IT,-0.30772674,0.16480711
191327,L6b,-0.23932734,0.3713031
36469,L4/5 IT,0.032457322,-0.097023666
12242,Astro,-0.40757915,-0.24209073
165354,L5 IT,-0.17168841,0.2021862
84327,L4/5 IT,-0.13275725,-0.092093796
267059,Oligo,0.25872466,0.38352087
143637,Oligo,0.24920443,-0.042084128
183884,Oligo,-0.44292086,0.061377853
11173,L4/5 IT,-0.44656226,-0.09212318
84231,Micro,-0.05770713,-0.16596341
36129,L2/3 IT,-0.30264184,-0.15969804
165288,Vip,-0.06185922,-0.3055843
274015,L2/3 IT,0.07629618,-0.21969888
84245,L4/5 IT,0.0131442845,-0.1792492
274011,OPC,0.43763557,-0.14512679
237736,L2/3 IT,0.14314404,-0.20692092
36475,Pvalb,-0.3861306,0.042461842
143548,PVM,-0.20104256,-0.12921509
216749,Oligo,0.12405625,0.34215787
36186,Endo,-0.3363078,0.3072472
24842,L6 CT,0.43753216,0.3701037
226722,L5 ET,-0.17130417,-0.016311467
226710,L5 ET,0.29863426,0.071097404
279719,Endo,0.10525057,-0.3835798
24840,Oligo,0.3363501,0.39901313
210699,L6 CT,0.16541007,0.16175893
143414,Oligo,-0.35947752,-0.04599276
143401,Oligo,-0.4367971,0.075713724
235539,Peri,0.28121033,-0.15732843
251766,VLMC,-0.093698174,-0.43265438
255702,PVM,-0.058406204,-0.2089167
165427,L2/3 IT,-0.056398362,-0.25871447
165583,Astro,-0.2791486,0.39025196
226551,L2/3 IT,-0.03528914,-0.2985741
3892,Oligo,-0.43692794,0.23820993
142373,L2/3 IT,-0.4356087,-0.13303784
165606,L6 CT,0.0382075,0.22139087
84675,Oligo,0.0986149,0.35859868
24647,L4/5 IT,-0.44834727,-0.07494491
142337,L6 CT,0.31334934,0.26136985
213220,L2/3 IT,0.44232646,-0.33435336
255812,Micro,0.32059565,-0.4085628
234872,L5 IT,0.03774318,0.044621736
241359,L6 CT,0.40269598,0.29877624
183763,L5 IT,0.18485978,-0.114386946
11181,Oligo,0.11796287,0.35334507
226516,Astro,0.3926573,-0.3978312
165666,L5 IT,0.191502,-0.06696865
251727,Astro,-0.17601937,0.06584862
36798,Vip,0.2418792,-0.30819505
191598,L5 IT,-0.12795466,-0.008719385
142126,Peri,-0.4406271,0.1834338
210551,Oligo,0.263086,0.3647202
142077,L6 IT,-0.018976957,0.17171445
3905,L6 IT,0.20499977,0.24411371
191607,L4/5 IT,-0.42142838,-0.06302291
24657,OPC,-0.18704888,-0.18606147
36647,L6 CT,0.08271602,0.25635728
142913,VLMC,-0.05219701,-0.4318312
3833,Oligo,0.048770994,0.24183056
3839,Peri,-0.45670992,-0.18984744
165436,L6 CT,0.3042058,0.22640178
142870,Oligo,-0.37045798,0.46173933
3842,L4/5 IT,0.3856726,-0.16771248
84515,Oligo,0.1585429,0.39404842
65974,L2/3 IT,0.10833076,-0.24151936
165486,Endo,0.017738849,0.27280304
36526,L6 CT,-0.16179997,0.2513419
24673,L5 IT,-0.08444494,0.031912476
251755,L6 CT,0.34701887,0.29865316
76720,L6 CT,0.32457688,0.15057984
36563,Micro,-0.19508266,0.15278044
255755,VLMC,-0.07234624,-0.43380982
36578,Endo,0.33200964,-0.16624066
142626,Endo,-0.0066296756,-0.043615133
142593,Astro,0.3713294,0.14779344
84613,Endo,-0.41925088,0.34740886
36630,Micro,0.2267017,0.2122933
24674,OPC,-0.35604003,0.19064078
15553,OPC,0.34580043,0.17395976
273918,L5 IT,0.02210161,0.08294496
203197,L2/3 IT,0.3216729,-0.33753946
217544,Endo,0.4246113,0.20739678
2040,L2/3 IT,0.2961968,-0.22518733
104568,Astro,-0.38090274,0.06631383
13397,Endo,0.12124452,-0.06317523
18462,Astro,0.2713047,0.37348107
72725,Oligo,-0.16435006,0.36904803
8702,Peri,-0.26302814,-0.27652618
55997,Astro,-0.3539062,-0.15669104
262855,L6 IT,-0.35519314,0.24769339
205933,Endo,-0.3311455,-0.2614135
56013,Endo,-0.009698719,0.08907929
104495,L2/3 IT,0.028256685,-0.19777438
219021,L5 IT,-0.08375242,0.045120507
219673,Astro,0.29082474,-0.19693872
101019,Micro,0.5069301,-0.37129277
98729,L2/3 IT,-0.46052802,-0.1562019
54661,L2/3 IT,-0.015293807,-0.16441
104481,Vip,0.13734946,0.16167411
56031,Endo,-0.11016402,-0.16201806
72718,L2/3 IT,0.36408207,-0.2601313
262838,L6 CT,-0.42486006,0.35857192
57627,L5/6 NP,-0.14402291,0.09571645
97604,Endo,0.32413998,0.09649369
262830,VLMC,0.0067513585,-0.44285712
205935,Oligo,0.29029855,0.34975514
263201,L5 ET,0.12796101,-0.0106163025
262864,L4/5 IT,-0.3112152,-0.042874873
100887,L6 CT,0.06393239,0.23232266
97511,Endo,0.37059733,-0.40418592
176699,L4/5 IT,0.42435983,-0.2565103
8462,Oligo,0.34064588,0.22441658
55882,L2/3 IT,0.045900017,-0.19108772
177500,Micro,0.11926314,0.0012126565
244611,Oligo,0.2837595,0.3515617
205358,Endo,-0.45648006,0.41268155
204126,L6 CT,0.035046488,0.13994679
270079,L6 CT,-0.14669946,0.16723886
242590,L2/3 IT,-0.39505443,-0.22331616
72740,L4/5 IT,-0.33344486,-0.0035094917
97544,L4/5 IT,-0.2805183,-0.057222188
18481,L4/5 IT,0.3247774,-0.16418183
73011,Oligo,0.27992877,-0.07192728
100813,L2/3 IT,0.2423217,-0.24601111
72154,L5 IT,0.115839034,0.04311034
178648,PVM,-0.14599457,-0.36442012
104616,L5/6 NP,0.010577202,0.0070959926
100862,L6 CT,-0.27114153,0.36048082
55949,Oligo,-0.4382969,0.49194577
205313,Micro,0.38661394,-0.22637936
205312,Micro,0.07719305,0.20157209
57754,L6 IT,-0.20954698,0.27363494
178607,L4/5 IT,0.5048752,-0.2297655
101100,Micro,0.110798806,0.28984657
101102,Micro,0.09967753,-0.28963342
239653,Oligo,-0.08671638,0.37721542
106413,Micro,-0.31718603,-0.179396
17957,L6 CT,0.33517042,0.15590444
263378,L6 CT,-0.10467985,0.18878719
220089,Micro,-0.123281926,-0.2976909
101335,L4/5 IT,-0.1988954,-0.0839538
206316,Endo,-0.19864684,0.2276378
18367,VLMC,0.2407141,-0.45158565
104147,L2/3 IT,0.52983725,-0.33837432
206005,Oligo,0.27952632,0.22178671
262318,VLMC,0.0001989305,-0.44203892
270429,Endo,-0.34702614,0.008529574
178508,L5/6 NP,0.3465611,0.10462549
203384,Micro,-0.15346766,-0.10232082
101399,L2/3 IT,-0.2460101,-0.21956772
278998,OPC,-0.29102013,-0.2202774
57446,Oligo,-0.0838891,0.37859008
101428,PVM,0.49707106,-0.14354241
98613,L2/3 IT,-0.16193807,-0.24357691
96978,Sncg,-0.1277323,-0.019491702
177729,L4/5 IT,-0.34370416,-0.06081596
106443,L2/3 IT,-0.28821322,-0.3173602
104138,SMC,-0.3557963,-0.3971012
101289,Oligo,0.30820546,0.19467804
104246,L6 IT,-0.13290846,0.25441787
17935,Pvalb,-0.10430142,0.19237861
18438,Endo,0.29850563,0.1962094
107102,VLMC,0.097218245,-0.4417702
104406,Astro,0.36004946,0.39087537
8907,VLMC,0.07686487,-0.4203455
262282,Astro,0.4385812,0.23629865
72394,Oligo,0.23737368,0.38467655
18421,L4/5 IT,0.4000168,-0.17218715
277222,Micro,-0.35872796,0.3019893
57598,L4/5 IT,-0.41144624,0.03975445
243251,L5 IT,0.0258753,-0.066346854
104377,L2/3 IT,0.25768432,-0.23446515
104369,L4/5 IT,-0.3178074,-0.0641354
104364,OPC,0.38888732,0.18895528
104344,L2/3 IT,0.41433087,-0.23092961
219049,L4/5 IT,-0.28154212,-0.046772897
101213,Oligo,0.21560135,0.42286047
176728,L2/3 IT,-0.20288703,-0.22060904
270861,L6 CT,-0.37168035,0.3891
179659,VLMC,0.20586726,-0.45021802
270414,Endo,-0.12119231,0.20093158
104285,L6 IT,-0.3378025,0.24444112
238984,L6 CT,0.38276282,0.23012057
72685,L2/3 IT,0.0046420395,-0.16787109
97023,Vip,-0.39243373,-0.068679005
219099,L2/3 IT,-0.2802001,-0.2743155
17882,Oligo,0.23037007,0.39538112
55859,L5 ET,-0.0015074313,0.0030157268
105295,L4/5 IT,0.2999508,-0.23175749
58025,PVM,-0.1958732,-0.01947391
178795,L4/5 IT,0.4272857,-0.18266922
205532,L4/5 IT,-0.41592968,0.0073139966
100272,Vip,0.04826024,-0.13958272
107272,Astro,0.058163255,0.42739025
13511,L6 CT,0.01664123,0.2561724
205519,Astro,0.17214695,-0.031823993
98993,L5 ET,-0.041571885,-0.032722503
262943,L5 ET,0.4694939,-0.08403134
242595,L2/3 IT,-0.1903837,-0.31412283
97351,L2/3 IT,0.029608905,-0.29567876
267809,L6 CT,0.39416614,0.26157156
105150,Astro,0.35627893,-0.19006115
100348,Micro,0.05630544,-0.074205905
100353,L6 CT,0.26901045,0.18097779
244775,L2/3 IT,0.1701406,-0.21363938
205481,L6 IT,0.47153327,-0.056271255
206446,L6 CT,0.16959444,0.18568948
98946,PVM,0.5318421,-0.21385595
244780,L6 CT,0.3721445,0.114356786
270060,L6 CT,0.22467276,0.120648
178782,L6 CT,0.02127999,0.14531174
55664,Endo,0.0056044757,-0.22159937
18584,Astro,0.39890608,0.20274225
105353,Oligo,-0.41831252,0.44835052
55099,L4/5 IT,0.302848,-0.21614656
18624,Micro,0.044853836,-0.2723544
58159,Pvalb,-0.19034511,0.06643638
277198,L2/3 IT,0.26292428,-0.34340057
176642,L4/5 IT,-0.30983555,-0.1466251
105465,Endo,-0.3755778,-0.20636478
58716,Endo,0.17268535,0.14497784
233067,Oligo,-0.19159734,0.2633097
242400,L6 IT,0.19426909,0.15336564
99038,L6 CT,0.2889038,0.09312424
203877,Astro,0.27765003,0.17265376
106222,Oligo,0.12782851,0.31112424
13170,L2/3 IT,0.0057207346,-0.2354365
249304,Pvalb,0.35187778,-0.16757575
179214,Vip,0.3686143,-0.31115142
97294,Peri,-0.19787496,-0.30280462
232870,Micro,0.04839185,0.05140099
242501,L6 CT,0.30799624,0.24146286
97295,L4/5 IT,-0.3024229,-0.06257704
234524,L4/5 IT,-0.4069869,0.009443402
72179,L2/3 IT,0.12633935,-0.26761732
244761,Oligo,-0.038575172,0.41756126
233066,Astro,0.040604442,0.26203266
206695,L6 CT,0.27557763,0.2581856
55680,Endo,-0.36161253,0.16122594
55684,L6 IT,-0.3761203,0.28973302
219614,L6 CT,-0.30523345,0.29011288
7795,Peri,0.37470767,0.103761345
280295,L2/3 IT,-0.25190446,-0.21047273
57861,L2/3 IT,0.073156744,-0.21043167
57856,L2/3 IT,-0.37491128,-0.21937826
100608,L6 IT,-0.43578762,0.366038
100610,Astro,0.33662435,-0.4126166
104881,L2/3 IT,-0.08431217,-0.218411
54640,L2/3 IT,0.24532613,-0.2968221
7798,L2/3 IT,0.27880493,-0.31550995
236081,Sst,-0.09046891,0.0030608475
104868,L6 IT,0.47286,-0.026370436
58791,L4/5 IT,-0.33965114,-0.017997414
55800,L5/6 NP,-0.3708024,0.18556997
55803,Pvalb,-0.37812984,0.10892847
8692,Micro,-0.07761121,-0.07230756
205910,PVM,0.3837444,0.14131632
249606,L5 ET,0.29883084,-0.060969442
100685,Oligo,0.27880058,0.32338974
107183,L4/5 IT,-0.10358587,-0.14239907
178695,L6b,0.19083962,0.3058696
97482,VLMC,0.42706284,-0.45908913
8062,L2/3 IT,0.23274025,-0.29419288
177410,Endo,-0.23507744,-0.11190674
204048,L5 IT,0.120978504,0.028854758
270351,Peri,-0.03230217,-0.0067925453
71813,L2/3 IT,0.06170419,-0.29361945
72334,L2/3 IT,0.09045467,-0.18743849
58768,Astro,0.3928598,0.16987863
205452,L6 CT,-0.14196193,0.31389466
71814,Astro,0.111318976,-0.33607307
55698,Endo,0.032923818,-0.027273357
244687,L5 IT,0.22802654,-0.045654446
177377,L4/5 IT,-0.14154711,-0.20134869
277207,Endo,0.5047306,-0.4155545
105018,OPC,0.3491039,0.12996385
245026,Endo,-0.097631544,-0.16424835
100484,VLMC,0.3304936,-0.44781452
107216,L6 CT,-0.05925259,0.18098238
204025,L2/3 IT,-0.3461732,-0.18799448
242610,Astro,0.05570057,0.1178315
104978,L6 IT,-0.080042124,0.27224824
8680,Micro,0.18991527,0.21548072
97415,Oligo,-0.24716452,0.42933366
55063,L6 IT,0.3924617,0.11501148
179264,Astro,0.04130104,-0.2677543
100550,L2/3 IT,-0.0062624514,-0.24045861
177390,L6b,-0.29308864,0.39100382
57872,VLMC,0.505798,-0.45629957
179702,L6 IT,0.12841931,0.086625785
59706,Endo,-0.35479024,0.26605704
57439,L6 CT,0.37199208,0.121225744
54706,Endo,-0.051894575,-0.109445274
103388,L6 CT,0.40647236,0.4114667
244636,Micro,0.08903012,-0.15845555
176829,L6 IT,0.0962449,0.1651791
59885,L2/3 IT,-0.1306113,-0.3204327
54904,Oligo,0.318149,0.36004457
102473,L5 ET,0.061761945,-0.016117603
72053,Lamp5,-0.055553913,-0.37247953
57051,Sst,0.25292346,-0.026405215
136,L6 CT,0.35011563,0.3607807
98252,L5/6 NP,0.3462946,-0.05071801
106801,PVM,-0.034520924,-0.17109153
178203,Astro,-0.04042524,0.2310184
106614,Micro,-0.21795747,-0.03793183
57037,L4/5 IT,-0.4248125,-0.030469745
98006,Oligo,-0.45054466,0.109945804
98241,Endo,-0.28780493,-0.024835706
96853,Micro,-0.05832708,-0.33569053
98229,Micro,-0.20034352,-0.058116764
178181,PVM,-0.047935694,-0.23172048
8223,L5 IT,0.40494707,-0.07191962
56636,Astro,0.3727552,-0.41324854
8227,Endo,-0.19415447,0.10485789
219158,Peri,-0.21183127,-0.122009516
56639,L4/5 IT,0.33152857,-0.2087191
57081,L5 IT,0.27826753,-0.038074493
103410,Oligo,0.15539905,0.19323036
72618,Astro,0.2878795,0.39747426
204912,Pvalb,-0.4102353,-0.1175026
203490,PVM,0.076497406,-0.40895835
97936,L6 CT,0.3072826,0.13525805
233013,L6 IT,0.4597421,-0.037205666
204900,L2/3 IT,-0.42633414,-0.23623773
177933,L4/5 IT,0.261332,-0.15483683
106580,Astro,-0.114097625,-0.35635
57149,L2/3 IT,0.5007498,-0.31035736
56535,L5/6 NP,0.40178236,-0.079349786
270470,L4/5 IT,0.17149183,-0.20381537
18833,Pvalb,0.36184028,-0.0131626725
177947,L6 IT,-0.07077482,0.2415807
102288,Astro,0.100981444,-0.36051998
178293,L5 IT,-0.10295066,-0.024708897
59924,L6 CT,-0.009177834,0.27955386
204539,L6 CT,-0.21045986,0.34228894
203487,L2/3 IT,0.2457281,-0.3232746
8209,L2/3 IT,-0.10167295,-0.2824947
59062,L4/5 IT,-0.321017,-0.10226625
102348,Astro,0.033561707,0.12007263
244880,L6 CT,-0.25544223,0.30121896
219226,L6 CT,-0.2700983,0.37300977
56972,Oligo,-0.07815078,0.34229156
18147,Oligo,0.19294474,0.32265005
106776,Astro,0.056119055,0.29378173
233136,OPC,0.06699583,-0.26219162
96874,L6 CT,-0.3754101,0.20705155
204686,Endo,0.15668091,-0.2607317
59184,Oligo,0.28660086,0.30721036
262549,Endo,-0.21005183,0.015481293
102862,Oligo,-0.1650263,-0.00042295456
106692,L2/3 IT,0.17605051,-0.31198552
56884,Oligo,-0.40053836,0.15144941
98085,Oligo,-0.35538903,0.10446158
98088,L2/3 IT,-0.19450375,-0.24252379
235138,Astro,0.40726653,-0.119179726
103035,Astro,-0.060999483,0.002653271
103017,L2/3 IT,0.38338807,-0.24833119
103016,Oligo,-0.30108693,0.31484464
106729,L2/3 IT,-0.13311696,-0.28437558
203453,Astro,0.0025317967,0.32136324
98123,L6 CT,0.30723986,0.25042686
220490,L2/3 IT,-0.3589081,-0.23905772
56864,Endo,0.042474896,-0.06759781
56839,VLMC,0.18012032,-0.43537945
56851,L5 IT,-0.0015880167,0.069104046
176859,VLMC,0.12565342,-0.408853
261888,L2/3 IT,0.021613747,-0.31810078
239061,Astro,-0.27494165,-0.04536262
98162,L5/6 NP,-0.44497943,0.10765687
245151,L6 IT,-0.011360437,0.11876282
267977,L2/3 IT,0.19122091,-0.3038171
11636,Endo,0.102169126,-0.232371
261872,L4/5 IT,-0.40467855,-0.13081709
13313,Endo,0.007884383,-0.1974647
7851,L6 CT,0.35194817,0.13594708
98203,Endo,0.17243847,-0.3914817
219177,Peri,0.53398347,-0.16806218
270487,L6 CT,-0.16139388,0.16170886
179905,L4/5 IT,-0.2714192,-0.1160264
72563,L6 IT,-0.33382082,0.32261142
98032,L6 CT,0.01865393,0.07248393
18156,Micro,0.31933346,0.2990066
72959,L5 ET,-0.4292959,0.11460623
235137,Astro,0.27928796,0.40321383
7858,L2/3 IT,-0.248108,-0.26726383
7924,L6b,0.31917623,0.32467207
263537,L6b,0.08989009,0.27213553
8244,L2/3 IT,-0.26106012,-0.3148346
102792,L6 CT,-0.3155418,0.20183226
103135,Endo,-0.15829766,0.18131849
102800,Oligo,-0.08204001,0.2843744
103128,Micro,-0.09217262,0.03432849
178092,Astro,0.39501908,0.43140128
206091,Endo,-0.2259798,0.41925576
104068,SMC,0.21788976,0.045245916
97894,L6 CT,0.43884382,0.20726034
59031,Peri,0.10983756,-0.14707622
204401,L6 IT,0.4395434,-0.06795195
103923,Endo,0.12173191,-0.17613035
18353,L5 ET,-0.4249341,0.054891557
177787,L6 IT,0.47350618,-0.039839655
57376,L4/5 IT,0.0011797845,-0.13191837
244854,L2/3 IT,-0.45207894,-0.20030606
98524,Endo,0.29810074,0.34693852
206300,Micro,-0.023439229,0.034126878
8159,L5 IT,0.2956293,-0.09251979
103896,VLMC,0.012228966,-0.4424953
101610,L5 IT,-0.3529819,0.13720062
106980,L5 IT,-0.23358831,0.16871825
8170,Oligo,0.37266347,0.39609542
178458,Oligo,-0.08247763,0.43018046
106975,Astro,0.08618775,0.3736777
103863,Pvalb,-0.2727872,-0.28112435
56332,L2/3 IT,-0.34310463,-0.31035253
103850,Oligo,-0.37878862,0.48183462
71832,L2/3 IT,0.23632362,-0.19812235
56346,L6 CT,-0.23707387,0.2022846
17670,SMC,-0.22142917,-0.4159529
103813,Oligo,0.051553577,0.1689252
234446,L2/3 IT,0.025586933,-0.24592528
101771,L4/5 IT,-0.42818615,-0.0092641115
205104,L6 CT,0.23362914,0.15927896
236032,L2/3 IT,0.04173991,-0.2796831
8139,L6 CT,0.1747429,0.27968565
8719,SMC,-0.29577753,-0.26454195
13087,L4/5 IT,-0.22066262,-0.13064751
177739,L6 CT,0.4306955,0.1430209
203393,Endo,0.12851784,-0.35796365
204370,L2/3 IT,-0.2706301,-0.26482618
205140,Oligo,0.19396201,-0.17815453
234575,Endo,0.12685564,-0.16003677
205139,L5 IT,-0.356892,0.09494278
104013,L2/3 IT,0.14307633,-0.26485524
219105,L6 CT,0.33838025,0.2648765
261842,L5 IT,0.25834987,0.0037837029
97771,L4/5 IT,0.2691687,-0.21755496
206026,Peri,0.2636384,-0.25861618
219729,Astro,0.0114662945,-0.019495279
56288,OPC,0.20954749,0.32308617
101572,L6 CT,-0.42409596,0.29589137
106477,L4/5 IT,0.3098919,-0.1497356
56296,Oligo,0.33830115,0.13737872
270638,L6 CT,-0.38999334,0.36786374
232811,Peri,0.43075863,-0.4347691
219102,Vip,0.3515778,-0.08398774
54723,L6 CT,0.39885512,0.18508872
103789,Astro,0.35002288,-0.42704704
205060,L6 CT,0.18387434,0.18933555
98499,L6 CT,-0.4364971,0.35180512
239005,L6 CT,-0.043841153,0.19265899
98435,L4/5 IT,-0.42205754,-0.10885659
59018,Astro,0.3557774,-0.01840967
106542,L6 IT,-0.052503556,0.3045924
98432,Vip,0.19525161,0.039603084
262677,Oligo,0.10852006,0.36533132
57221,L4/5 IT,-0.37352896,-0.10025206
8330,Oligo,-0.16193226,0.3693361
72083,Peri,0.12961254,0.101543635
54936,L4/5 IT,0.52062917,-0.18502334
103615,L5 IT,-0.23217225,0.173839
178349,Micro,0.08196893,0.02268374
263254,PVM,-0.12950203,0.32501552
59026,L6 IT,0.2987862,0.15778783
97881,L4/5 IT,0.29246268,-0.18293643
214756,Oligo,-0.015354484,0.37569025
177897,L6 CT,0.3987284,0.11119434
102142,OPC,0.2974148,0.13293281
18067,SMC,-0.09797305,0.15102634
178329,Endo,-0.18022048,0.18803439
204927,L2/3 IT,0.14747015,-0.31468156
177901,L6 IT,-0.24195728,0.30739495
177890,Oligo,0.26810262,0.17578462
106919,Sst,0.33389464,0.10541156
57252,L2/3 IT,-0.0958145,-0.18875071
103650,L4/5 IT,-0.113015085,-0.06785825
262388,Astro,-0.009759396,-0.38694265
278931,Endo,-0.37158957,0.025523573
101805,L4/5 IT,-0.4261113,-0.16826895
219113,L2/3 IT,0.10354856,-0.28081805
219997,Endo,-0.09593439,-0.20950225
179401,Oligo,0.16685018,0.19299081
97833,L6 CT,-0.2438632,0.28118053
179594,L4/5 IT,-0.03705111,-0.119852304
72465,L4/5 IT,0.5253564,-0.20024687
72098,OPC,-0.1692932,-0.14148855
262690,L6 CT,0.4390565,0.114560276
206282,Oligo,-0.22924837,0.33083776
59003,L2/3 IT,-0.18728724,-0.31697035
262400,L2/3 IT,-0.054840535,-0.31306034
263248,L4/5 IT,0.31554988,-0.15524709
206054,L6 CT,-0.33068722,0.18853608
56416,Oligo,-0.26867905,0.38469103
236389,L5 IT,-0.37372315,0.09773037
106928,VLMC,-0.18795449,-0.42569837
101953,Endo,0.03726086,0.3438379
101954,L4/5 IT,-0.44813827,-0.022102237
242538,Endo,-0.35368413,0.066361755
97860,L2/3 IT,0.49416563,-0.35695195
106886,L4/5 IT,-0.4458275,-0.010485649
270236,Oligo,0.31322262,-0.2192451
102962,Oligo,-0.22651234,0.16307512
99203,L6 CT,-0.058575362,0.31512514
99275,L4/5 IT,-0.18647143,-0.029557288
107358,Oligo,0.29929444,0.3240526
105720,Oligo,-0.42108443,0.4694902
97148,L2/3 IT,-0.097808,-0.2436392
59792,L5 IT,0.057039708,0.07798746
106046,Micro,-0.25746265,-0.34576592
99579,L2/3 IT,-0.2120218,-0.28807256
106036,L2/3 IT,-0.33436236,-0.16098633
177130,Endo,-0.2513872,0.29492334
177221,L6 IT,0.0690833,0.28545162
249638,L6 CT,-0.042913437,0.27878037
179046,Micro,0.22862872,-0.09009105
218883,L6 IT,0.15335777,0.07925257
206505,L4/5 IT,0.48234192,-0.25191924
99431,L6 CT,0.2543886,0.16137078
99432,L6 CT,-0.30958238,0.37584683
99786,Oligo,-0.2550713,-0.08719337
58212,Oligo,-0.36557359,0.47418573
179134,L6 CT,-0.20013428,0.19963083
177048,Endo,-0.22706091,-0.03413883
7927,Astro,0.32244137,0.22076419
99288,L2/3 IT,0.22626993,-0.30494514
58693,Astro,0.08304784,-0.39035574
99223,Endo,-0.3660054,0.096618265
203746,L4/5 IT,0.023438066,-0.234041
59718,L6b,-0.3233185,0.39627245
234557,L6 IT,0.35698333,0.18703118
244571,Endo,0.38935724,-0.10581821
238974,L5/6 NP,-0.01040262,0.049669653
58580,L6 CT,0.33081833,0.2635114
99630,Oligo,-0.12415162,0.048199207
220590,L2/3 IT,-0.44116813,-0.20996979
58423,L2/3 IT,0.48289242,-0.3400457
8572,Astro,-0.2816572,0.04670754
13435,Endo,-0.41329122,0.10062221
58513,Pvalb,0.0071639717,-0.114432484
179057,Oligo,0.2560338,0.3463579
55197,L6 CT,-0.1799348,0.3267571
99732,L2/3 IT,0.3958477,-0.35868838
277948,L2/3 IT,-0.3336638,-0.30519164
8892,Oligo,0.3442751,0.27914986
58230,L5 IT,0.51822853,-0.14558959
249746,L6 CT,0.3399094,0.15563825
177186,L5 IT,-0.072205454,-0.037822574
236357,L4/5 IT,0.52073395,-0.1795074
178927,L6 CT,-0.048757315,0.2786285
270277,Astro,0.46448985,-0.13653916
99813,L6 CT,-0.23816639,0.32550976
55283,OPC,-0.0035375953,-0.378337
219414,L2/3 IT,0.4533662,-0.2860614
177191,L6 CT,0.122145504,0.16600576
17777,L6 CT,-0.3323004,0.28900424
58484,L5 IT,0.1352062,0.090737134
73053,Vip,-0.20105469,-0.3050769
55374,Pvalb,0.27702722,-0.35381386
261796,Oligo,0.21655843,0.3587037
99491,Peri,0.027063668,0.17278525
205747,PVM,0.07733962,0.33482406
99834,L5 IT,-0.12360814,0.1462911
262073,L5 IT,-0.45359161,0.19446942
203773,Astro,0.30825737,-0.2877806
270256,L6 CT,0.21055725,0.082386464
262091,L2/3 IT,0.26772347,-0.27987865
71908,L6 IT,0.13770041,0.20400116
107449,L4/5 IT,-0.07473248,-0.1681627
220433,L2/3 IT,-0.1334427,-0.33351418
99793,L5 IT,-0.11780262,0.09751746
249641,L6b,-0.3625225,0.41545573
54490,L5 IT,-0.16830188,0.10818449
55243,Astro,0.051287323,-0.3572822
267738,L6 CT,-0.12034589,0.27226302
176620,SMC,-0.29904222,-0.3975719
179021,L4/5 IT,-0.44058388,-0.040917546
249660,L5 IT,-0.022853523,-0.050769806
97137,Peri,0.06231633,0.4119223
58454,Oligo,0.27221248,0.38292578
8595,L4/5 IT,-0.13794988,-0.18335193
18654,L6 IT,0.29076943,0.04042402
105610,L6 IT,-0.25796995,0.25389823
249742,L4/5 IT,-0.3431345,-0.13130194
177066,PVM,0.07447961,-0.4310279
18727,Endo,-0.45480135,0.05149564
214467,L4/5 IT,-0.31189045,-0.054062158
105589,Endo,0.531631,-0.23542967
244703,L4/5 IT,0.43997154,-0.21797147
179834,L5 ET,-0.005120665,-0.027263135
99982,Endo,-0.39024603,0.327979
107375,Endo,0.24207965,-0.18240666
99973,L4/5 IT,-0.1376499,-0.05851856
8903,Oligo,-0.09505257,0.2249125
205765,L6 IT,-0.32051113,0.33824244
105811,L4/5 IT,-0.096735656,-0.07901463
99979,L6 CT,0.3867605,0.12983552
107498,Astro,0.040680617,-0.07747486
233074,Oligo,0.25955042,0.32988998
55503,Astro,-0.1525647,-0.40542203
205688,VLMC,-0.20803115,-0.41907552
58544,Endo,0.08340463,-0.09677261
106096,L6 CT,0.36509088,0.29986486
13559,L5 IT,-0.27979884,0.023452252
99978,L2/3 IT,-0.33068916,-0.24135518
105506,Endo,-0.08144459,-0.29017788
58706,L5 IT,-0.14795777,-0.052558273
13465,Endo,-0.2894691,-0.30035463
263476,L5/6 NP,0.39377728,-0.010153949
