,cell_class,coord_X,coord_Y
270198,Pvalb,-0.23393393,0.115811765
221131,Micro,0.0026909113,0.40676844
219700,L4/5 IT,0.35979742,-0.02142626
111518,Astro,0.2643143,0.36429232
120494,Astro,-0.21921012,0.3185084
249408,L6 CT,0.04462439,-0.07502055
249288,SMC,-0.30082604,0.2677546
101618,L2/3 IT,0.22688961,0.30110866
245398,Oligo,-0.030209094,-0.23927268
72180,L4/5 IT,-0.015967906,0.20488334
218728,L4/5 IT,0.3667366,0.029184163
119818,L2/3 IT,0.33093905,0.25351232
259473,OPC,-0.14923355,-0.15034375
245245,L2/3 IT,0.44558257,0.0119969845
249164,Peri,-0.059727848,0.34102905
60747,L6b,-0.28531188,-0.017190993
92354,SMC,-0.063521,0.25472784
92504,L2/3 IT,0.15073562,0.34700477
13848,Peri,-0.38084316,0.11559439
222779,Endo,0.1965478,0.32293868
101202,L4/5 IT,0.38491416,-0.017198145
57381,Endo,0.14783108,-0.32322592
52480,Astro,-0.4806169,0.053343058
8415,VLMC,0.16766733,0.4177932
92352,Peri,0.25115514,0.20467573
120648,Oligo,-0.07518655,-0.1744354
72182,OPC,0.19990551,0.3744279
98537,SMC,-0.233369,0.05062908
119574,Endo,0.07977164,0.31410545
180063,L6 IT,-0.4275882,0.094887376
92511,L2/3 IT,-0.19351545,0.438321
96300,L6 CT,-0.3292563,0.12362629
120681,L5/6 NP,-0.12054065,0.11838162
47722,L6 CT,-0.013171852,-0.01286912
262792,Oligo,0.10028231,-0.34531218
111081,Oligo,-0.08266887,-0.23626965
57536,L6b,0.13310277,-0.29171517
101282,L2/3 IT,-0.018110037,0.3231011
108544,Peri,0.26195097,0.33334893
6281,L6 CT,0.21647805,-0.19282699
259641,L4/5 IT,-0.13890311,0.28150028
120115,L4/5 IT,0.030678391,0.21599966
53937,L6 CT,0.2476179,-0.20646772
259542,L6b,-0.16369984,-0.0846633
62230,L2/3 IT,0.44948715,0.11165744
48132,Endo,0.18503499,0.3036765
58969,Sst,0.14574021,-0.014761806
278863,L6 IT,0.053705573,-0.06827217
262726,OPC,0.2831716,0.25358218
57529,L6 CT,-0.030729175,-0.10811111
270446,Endo,-0.17285481,0.39504355
92343,L5 ET,0.22964466,-0.006111592
232676,Astro,0.11366701,0.1700589
111091,L2/3 IT,0.3137812,0.1079396
47955,Astro,0.010125577,-0.25458288
205111,L2/3 IT,0.03142172,0.3465634
214874,L5 IT,-0.10756007,0.1945607
60748,L5 IT,0.35714608,-0.13725281
245226,L4/5 IT,-0.21356806,0.32918644
13259,L6 CT,0.010015368,-0.073987186
58995,L5 ET,0.13254511,-0.06119603
52415,Endo,0.40014803,-0.030823201
269953,L2/3 IT,0.20480973,0.32964492
101781,Astro,0.07178521,-0.29290175
48056,Astro,-0.11303979,0.3221616
98502,Endo,0.22699076,-0.3038358
96268,Astro,-0.19814274,-0.13579968
62187,L4/5 IT,0.3099,0.0186432
57317,L4/5 IT,-0.23959649,0.33514374
205049,L4/5 IT,0.12633628,0.2746172
98569,L2/3 IT,0.08668369,0.27149665
207165,Astro,0.119294465,0.30725253
13838,PVM,-0.14353612,0.39311498
111250,L2/3 IT,-0.17834997,0.38109845
208201,L6 CT,-0.029128343,-0.07163349
101679,L5/6 NP,-0.17879522,0.06987947
259518,L6 CT,0.03060776,-0.09583956
119929,L4/5 IT,-0.19540802,0.3171926
111206,L6 IT,0.25488967,-0.27171248
208156,L5 ET,0.0035750866,0.12970436
108477,OPC,0.3480633,-0.009325355
232945,L6 CT,0.33036113,-0.18278143
119748,VLMC,0.21761781,0.35720372
201933,Astro,-0.14864573,-0.11597082
111463,Astro,0.18395197,-0.22128329
98602,Astro,0.050714016,-0.33361074
206037,L4/5 IT,-0.10003218,0.2917121
12888,L2/3 IT,0.26119137,0.3009699
220704,L2/3 IT,0.14960533,0.33969086
120306,Astro,-0.20458093,0.27448195
108591,Oligo,0.08247334,-0.32724777
108588,Oligo,0.09158915,-0.3396166
207219,L2/3 IT,0.1361872,0.22719443
222734,Oligo,-0.2633908,-0.092050105
262748,L6 IT,-0.36483258,0.08423382
98582,L2/3 IT,-0.00025066733,0.40840465
53949,L2/3 IT,0.21656239,0.32214296
120271,Astro,-0.10150361,0.34432
60725,L6 CT,0.17625314,-0.24649426
52560,L5 ET,0.2819153,-0.1711419
232697,L6 IT,0.19402319,-0.09001583
198959,Astro,0.26116085,0.27658737
101716,OPC,0.2786919,0.31191993
96271,L2/3 IT,-0.15636945,0.36871397
236064,L5 ET,-0.039087206,0.020616293
271979,L6 IT,-0.18680719,-0.017268538
277218,L5 IT,-0.30702198,0.17654264
52545,Astro,0.3499412,-0.09434441
96327,L6 CT,-0.0029942095,-0.18639508
207228,L2/3 IT,0.12371802,0.23913479
8713,Astro,0.3290134,0.29595488
101536,Endo,-0.15146264,0.4414032
108579,L5 ET,0.320274,-0.076327085
222655,L4/5 IT,0.28518367,0.02663809
60768,L6 IT,0.22756195,-0.12765718
111257,L6 CT,-0.22249416,0.1454519
53877,L6 CT,-0.05450654,-0.065639466
120193,L2/3 IT,0.12985605,0.2951377
52582,L2/3 IT,0.42546642,0.06355041
177863,L6 CT,-0.04183665,-0.10571408
221165,L5 IT,0.014550388,-0.032307744
52447,L5 IT,0.13495702,0.11794627
222697,L6 CT,0.14643252,-0.42153412
62286,L4/5 IT,0.060636044,0.199121
262719,L5 ET,-0.21559241,0.15099275
101367,L5 ET,0.020848334,0.093809545
261151,L2/3 IT,0.4326849,0.10029447
52508,L4/5 IT,0.4124211,-0.10123792
202781,L6 CT,0.13913447,-0.05844015
271245,Oligo,-0.19437924,-0.13878736
219251,Oligo,0.12223935,0.016070843
242643,Peri,0.02936232,-0.2970628
199143,Endo,0.2188642,0.1422934
271031,L4/5 IT,0.40385783,-0.062606186
14349,Astro,-0.12472829,-0.17769682
60756,L5 IT,-0.20959184,0.1324172
201925,Endo,0.24867994,0.16713554
101824,Oligo,0.039440453,-0.31305665
111370,L6 CT,-0.30640304,0.24533588
98623,Endo,0.11580068,0.21777469
205094,Sst,0.24631834,-0.28972304
259634,Oligo,0.3798964,-0.117836535
57424,Endo,0.14861697,0.3568052
60732,L4/5 IT,-0.23391557,0.30824423
259621,L6 CT,-0.40554172,0.11490005
9463,L4/5 IT,0.4095282,-0.074941635
202849,SMC,-0.00029599667,0.36264205
92260,PVM,0.033242464,0.34804994
207157,PVM,0.059919655,-0.20022944
244501,L2/3 IT,-0.091302186,0.42989624
53883,L6b,-0.18869779,-0.10132894
52569,L4/5 IT,0.39931923,-0.06304136
245230,L4/5 IT,0.17185664,0.15233487
58964,Pvalb,0.42989963,0.024478376
47897,Oligo,0.013535976,-0.28546384
234642,L5 IT,0.04810846,0.03267169
202852,L2/3 IT,-0.20689613,0.36639988
206862,Peri,0.032365084,0.19005972
234354,L4/5 IT,-0.07198495,0.23408842
119708,Oligo,-0.06109655,-0.21007895
52574,Endo,0.04758066,0.2533778
218590,Peri,0.08973968,0.18754655
240014,L5 ET,0.36388904,-0.10223025
8730,Peri,-0.1143119,0.44660693
108632,L2/3 IT,0.39133197,0.1311295
176432,L6 CT,-0.18010509,0.071769476
205172,L2/3 IT,0.08424771,0.36918646
218738,L6 IT,0.22177494,-0.38923407
62189,Oligo,-0.21314842,-0.116481096
105928,L2/3 IT,0.14849132,0.34031898
57570,Oligo,0.008383572,-0.22813478
198348,L5/6 NP,0.05171615,0.1780104
122251,L5 ET,0.0028961897,-0.017058283
9560,L6 CT,-0.22174531,0.07948321
110229,Endo,-0.29637015,0.15327877
58250,Endo,-0.29447684,0.015012145
223098,Oligo,0.068214536,-0.3306617
214531,Lamp5,-0.015946776,0.46033877
223095,Micro,0.019984066,0.114263
202289,Micro,0.16613704,0.28431576
176107,L6 CT,-0.4135444,0.05448544
202268,Oligo,-0.18536705,-0.064238966
271073,Vip,-0.061092496,-0.19510043
263042,L5 IT,0.006811142,0.000611186
91674,Astro,-0.048297375,-0.20078611
9065,L6 CT,-0.13345376,-0.016845882
122164,Astro,-0.19102407,0.073828995
96023,L2/3 IT,0.0060840845,0.37688404
53059,Oligo,-0.21025294,-0.11359039
206951,L2/3 IT,0.2515387,0.2803387
91678,Endo,0.0011868477,-0.1935727
91683,Oligo,-0.26595384,-0.09659943
208356,Peri,0.0820322,0.3399846
234554,L5 IT,-0.03435874,0.07585037
46866,L6 IT,0.14541298,-0.08962235
95992,VLMC,0.25098085,0.38669807
122409,L6 IT,-0.42795652,0.09745413
122406,Astro,-0.38648084,0.21214229
278833,Oligo,-0.078119606,-0.004503727
223121,L5 ET,0.23971385,-0.05021903
220869,L5 IT,0.3180521,-0.09555581
72684,Oligo,0.10582435,-0.10153821
53438,SMC,0.03415233,0.31644946
95983,Oligo,-0.20628044,0.24620742
58298,Micro,-0.30161813,0.1667434
271080,L4/5 IT,0.12534958,0.32116902
109398,L5 IT,-0.23557809,0.22177559
245286,Lamp5,0.20049673,0.36075062
99849,Pvalb,-0.2898147,0.042194664
180162,L5 ET,0.20708317,-0.19767502
14495,Endo,-0.03657016,0.020106614
206963,Oligo,-0.21123934,-0.13656777
109519,L5 IT,0.025461674,-0.009639382
244729,L6 CT,0.17858768,-0.31748062
269626,Endo,-0.1898526,-0.107349694
263048,L2/3 IT,0.12727666,0.26044887
91629,Endo,0.3056534,-0.03066796
277828,Astro,-0.030733168,0.29802066
122363,L5 ET,-0.011719942,0.041763425
122419,Astro,0.21165812,-0.26250502
179133,L6 IT,-0.44931948,0.1157881
122151,L6 CT,0.19759429,-0.20838952
121978,Astro,-0.050846577,0.27652812
100237,L5 IT,-0.2908416,0.26746637
176139,L5 ET,0.2786492,-0.03681007
176150,Astro,0.25847566,-0.09746006
177653,Astro,0.34850878,0.26707608
109330,SMC,0.08957356,0.16031909
110441,L5 ET,-0.169943,0.19869447
110447,L6b,0.06923193,-0.24654156
110453,Sst,0.13940948,0.23079312
47085,Peri,-0.23607957,-0.13242304
232639,OPC,-0.14513266,-0.105308235
110470,L4/5 IT,-0.12301001,0.2451194
18417,SMC,-0.08662054,0.14227414
72660,Endo,0.3959809,0.14385343
261474,OPC,-0.1165092,0.051047504
110490,L2/3 IT,0.1518569,0.27545315
57979,L4/5 IT,0.073158085,0.13943726
205507,L6b,0.11948043,-0.31350785
8526,Astro,0.42907035,-0.02524528
47113,Endo,0.12291497,-0.35931608
198500,L4/5 IT,0.023997307,0.22919059
177661,L2/3 IT,-0.13529956,0.43581718
53533,L5/6 NP,0.014251173,-0.026130319
240209,Peri,0.25483996,0.26204497
110374,L6 CT,-0.15347135,-0.047460914
122135,Astro,-0.26060277,0.21889657
208331,L5 ET,-0.13403752,0.09264022
46977,SMC,-0.161318,0.084302485
110330,L6 CT,0.225133,-0.22422266
99067,Peri,0.041161,-0.0196231
269627,Oligo,-0.07072079,-0.20005178
122099,Oligo,0.05818963,-0.30292085
53513,Oligo,-0.06160587,-0.21863729
122094,Astro,-0.33657932,0.13196021
100035,Pvalb,-0.14980128,0.13798606
100008,L6b,-0.39863768,0.048346043
122091,Micro,0.20794427,0.37033755
205588,Endo,0.11365527,-0.339615
110346,Oligo,0.0042594075,-0.27364877
58729,SMC,-0.19203618,0.4404108
202572,L6 IT,0.28354204,-0.15281904
236531,Endo,0.097684205,0.041436255
53042,Peri,-0.13541079,-0.15208519
207050,L5 ET,-0.042054266,0.17062414
208323,L6 IT,0.24861234,-0.15702394
122036,Endo,-0.17075533,0.24584454
234148,L6 CT,0.21851742,-0.18556014
99056,L5 IT,0.09992045,0.03022945
202204,L6 IT,-0.25523388,0.014485061
202299,Micro,-0.2986816,0.20143831
91589,L6 CT,0.0106601715,-0.12252611
53359,Endo,0.19729543,0.26987064
198067,Oligo,-0.124564916,0.27817363
122902,L5 ET,0.3341185,-0.10301292
198073,L5/6 NP,0.23890996,-0.038505048
99442,L6 CT,0.26059103,-0.15411368
99464,Endo,0.009955227,-0.1717889
202460,L2/3 IT,0.2430228,0.28948134
205743,L4/5 IT,-0.08479935,0.32126415
122880,L5 ET,-0.18373615,0.18278444
91462,L2/3 IT,0.21711862,0.30901372
18365,L2/3 IT,-0.28305358,0.35341865
99258,Endo,-0.18793058,0.3381716
46604,L4/5 IT,0.40919054,-0.05915001
12692,L2/3 IT,0.15180004,0.31534278
91472,L4/5 IT,0.400783,-0.04739672
109677,L6 CT,0.16565442,-0.23574832
91485,L6 CT,-0.31389773,0.06508148
122777,L2/3 IT,0.20546621,0.27964836
208410,L6 CT,-0.13874364,-0.03048259
99544,L4/5 IT,0.40832132,-0.03753811
53372,Oligo,-0.079815805,-0.19822839
202404,L6 CT,-0.42914522,0.04246992
7494,L6 IT,0.022117376,-0.0053572953
218655,L2/3 IT,0.15613204,0.21777159
179092,L5/6 NP,0.34438062,-0.1449115
198008,Pvalb,-0.25960565,-0.047965735
123149,Oligo,0.05452931,-0.35054156
99335,Endo,0.17990726,0.19177622
46441,PVM,-0.27047127,-0.055000275
270260,L6 CT,-0.15875429,0.02845329
46473,Astro,-0.31549865,-0.09067017
109815,Oligo,-0.08282143,-0.14391083
58536,Oligo,-0.040226877,-0.22783518
123087,Astro,-0.20895955,-0.14559105
99381,Astro,-0.2969828,0.269463
122760,L6 IT,-0.038057715,-0.03815183
58532,L6 CT,0.06374216,-0.07485685
218657,Oligo,-0.23597702,0.028259575
9044,PVM,-0.15158665,0.30769086
123007,Endo,-0.40666312,0.02463156
58516,L4/5 IT,-0.2506742,0.31927717
62676,Endo,0.08445662,0.15245575
46538,Oligo,0.11115068,-0.33335495
99401,Oligo,-0.19998536,-0.14042103
46555,L4/5 IT,-0.064483255,0.24755996
232937,L2/3 IT,-0.19073609,0.37204444
223206,Oligo,-0.17579314,-0.042625487
242520,Astro,-0.081989855,-0.11293465
109547,Lamp5,0.31599706,0.2892357
176029,Sst,0.16133273,0.31098038
7479,Micro,0.08777553,0.13344866
91540,Vip,0.40760583,0.11370587
236525,Peri,-0.054903626,0.152031
214695,L6 IT,-0.01227507,-0.14486471
46732,L5 IT,0.33164108,-0.07038915
269917,L2/3 IT,-0.11248466,0.45642227
8573,Oligo,0.014589369,-0.06252715
205814,L4/5 IT,0.3973592,-0.020484775
110130,L4/5 IT,-0.15299737,0.082004786
259124,L6 CT,-0.3590908,0.17683858
99734,L6 IT,-0.31243947,0.1739372
46751,L6 CT,-0.062663645,0.013574302
9059,L6b,-0.22966096,-0.07501835
202519,L2/3 IT,0.25389278,0.21445942
207022,L2/3 IT,0.1912688,0.3079486
246014,L5 IT,0.30963266,-0.062255055
122512,Astro,0.060905635,-0.3164095
122489,Oligo,-0.2993001,0.01645881
99173,L5 IT,0.37313873,-0.13167155
122484,L4/5 IT,0.28408217,0.036289096
71669,Peri,0.096722424,0.19344407
53141,Astro,0.09755856,0.44858247
259117,L6b,-0.4293496,0.07676315
58387,Endo,-0.35417628,0.16351306
259109,Oligo,-0.24097812,-0.10164946
208386,Oligo,0.45455676,-0.0030568838
109634,Endo,0.18511224,0.323839
202483,L2/3 IT,0.17873096,0.21812594
259062,Oligo,-0.042382687,-0.123099715
271129,Endo,0.25712138,0.3030405
58434,Pvalb,-0.3799037,0.17916924
110018,Endo,0.33348697,0.27635705
99611,L6 CT,0.22488964,-0.25711071
110045,Astro,0.22047597,0.36453795
99230,Micro,-0.15785632,0.5
53428,Endo,0.08510119,0.033852518
46643,Lamp5,0.1791094,0.39469188
202331,L2/3 IT,0.26100856,0.2892362
261424,L6 IT,0.30432475,-0.18550754
122665,L5 IT,-0.13465455,0.08384371
263076,L6 CT,-0.29935807,0.1194489
249132,Peri,-0.22972834,-0.10849863
177727,L5 IT,0.19699574,0.0011229515
58618,Lamp5,-0.070904166,0.3048507
219445,L5/6 NP,-0.097653925,0.17035794
46685,L6 CT,0.1748963,-0.34384227
122647,L5 IT,-0.08105981,0.09600562
176051,L6 CT,0.05697292,-0.10621658
202330,Endo,0.10216904,-0.037640393
101177,PVM,-0.04455942,-0.11352858
109278,L2/3 IT,0.0944072,0.37271893
100343,Astro,-0.23373729,-0.080812424
177582,L5/6 NP,0.08500785,0.06496251
92075,OPC,-0.35609075,0.112342
7623,L6 CT,-0.20076594,0.0065453053
263195,L2/3 IT,0.206788,0.3200904
121092,L6 CT,-0.22557226,0.22015238
239976,L2/3 IT,-0.18897781,0.43651086
121085,Oligo,-0.12291974,-0.015134841
121049,Peri,0.15411961,-0.0074476004
100926,L4/5 IT,0.4250902,-0.06022218
60683,Astro,0.2230553,0.35184324
121032,PVM,0.4154883,0.061527908
58846,Oligo,-0.18216544,-0.17352298
202733,L4/5 IT,0.31755078,0.037573695
271229,Astro,-0.10544047,0.26780754
110911,L4/5 IT,0.2785226,0.042732775
202047,L6 CT,-0.21562114,-0.050331682
18339,L6 CT,-0.005433619,-0.103704005
52710,L6 IT,-0.2999999,0.057410777
100998,Astro,-0.004033923,-0.27605408
198737,L6b,-0.0043644607,-0.19391909
198739,Oligo,-0.029913485,-0.20531842
72196,SMC,0.1786074,0.028769612
13809,L5 ET,0.21248555,0.01615268
8697,L2/3 IT,0.098059654,0.26987588
92070,Peri,-0.13264042,0.23144495
100745,Oligo,-0.046120256,-0.21359327
98820,L5 ET,0.21623331,0.019917727
261239,Astro,0.21878016,0.17928511
261522,L5 IT,0.07224625,0.2390523
9002,L5 ET,0.35437912,-0.12801027
96141,L5 IT,0.37575787,-0.081961185
219308,L6 CT,-0.29264718,0.07593191
222874,L5 IT,-0.08484542,0.12988698
7389,L6 CT,-0.32546124,0.15932757
7620,Pvalb,-0.15142864,0.31284666
101006,Oligo,-0.11465424,0.22985756
53679,L5 IT,0.2864535,-0.027120322
269885,L4/5 IT,-0.24062538,0.37435675
180095,Astro,0.2856955,0.2835831
100764,L4/5 IT,0.06311244,0.20635283
92053,L2/3 IT,0.24221075,0.30671442
47441,L6 CT,-0.112567574,-0.06074652
57777,L6b,0.043156445,-0.2574414
278655,Endo,0.2152822,0.31856447
7383,L5 ET,0.15536559,0.063663185
198671,Endo,0.19543546,0.35233903
98791,Oligo,-0.25910813,-0.047801614
98809,L2/3 IT,-0.12549105,0.34739172
207123,Micro,0.16949058,0.009988248
57659,L6 CT,-0.06227511,-0.12968752
53762,Astro,-0.095517546,-0.19121125
62319,L6 CT,0.12584227,-0.049805015
52664,L6 IT,0.23589402,-0.17871517
120754,L4/5 IT,-0.2145985,0.33177382
244676,L6 IT,0.2362653,-0.14149255
262829,Pvalb,-0.015877098,-0.053468198
57591,SMC,0.18622488,0.3354215
120734,L2/3 IT,0.15326375,0.2847054
47682,L2/3 IT,0.15915066,0.25198406
120719,L6 IT,0.22059631,-0.17265597
111058,L4/5 IT,-0.22529009,0.35257465
198832,L2/3 IT,0.029308796,0.3984211
222785,L6 CT,-0.04734999,-0.16741645
202002,Astro,-0.037308723,0.21206701
178819,L4/5 IT,-0.25179023,0.36333567
108777,L2/3 IT,0.44644982,0.03202635
245246,L2/3 IT,-0.014354408,0.3358519
249798,L6 IT,-0.31029212,0.0691669
263206,L6 IT,-0.20628637,0.024215162
17819,L6 CT,-0.00041764975,-0.33855072
262821,L6b,-0.00606516,-0.19052067
101152,L5 IT,0.03242773,0.124661446
47665,L2/3 IT,0.44849145,0.11352539
19183,Oligo,0.06319201,-0.292409
208227,Lamp5,-0.2179755,0.37010223
60321,L5 ET,-0.06256613,0.14778101
208234,Astro,-0.12723944,-0.17984417
101011,L4/5 IT,0.41509992,-0.06983712
47568,Astro,0.21327025,-0.049319744
178879,L5 IT,0.12583566,-0.020709813
232923,Oligo,0.16970891,-0.20172909
198767,L6 CT,-0.21333623,0.02010268
101027,Endo,0.3619079,-0.06973845
98725,L4/5 IT,0.36183906,0.08706927
14390,L2/3 IT,-0.18199521,0.43876565
72314,L5 IT,-0.17149839,0.08097327
47566,L2/3 IT,0.2710197,0.24710709
198780,Peri,-0.01741749,-0.07138613
120826,VLMC,0.42160934,0.23636281
96179,L5 IT,-0.22816989,0.21428466
222812,L6 IT,0.30867946,-0.1464409
47631,L5 ET,0.06349838,0.16351545
62329,Endo,0.2191034,0.107519686
205940,L4/5 IT,0.08855677,0.16512394
17817,L2/3 IT,0.1784684,0.29932475
249559,L6 IT,-0.32916805,0.11397213
58878,Oligo,-0.25253338,-0.07843754
7368,Oligo,-0.040219575,-0.15815213
60699,Endo,-0.20846894,0.19586092
221028,Oligo,-0.07696667,-0.19867593
263180,L4/5 IT,-0.16379836,0.2998209
96127,L2/3 IT,0.45775825,0.09139562
218100,L2/3 IT,0.11797851,0.33346617
121679,L6 CT,0.08166212,-0.09365764
202639,Endo,-0.27195555,0.32069945
205441,L2/3 IT,0.47611403,0.074395835
121674,L5 IT,0.31745136,-0.10295814
202159,VLMC,-0.048493564,0.4923122
267817,L6 CT,-0.035340786,-0.025532395
236123,Astro,-0.16999814,0.41863912
100445,Astro,0.21163082,0.29589015
47211,Oligo,-0.35762176,0.05104363
177627,L5/6 NP,0.0018259287,0.042772055
235938,Oligo,-0.18884385,0.32972223
91903,Oligo,-0.119353056,-0.13490078
52857,Oligo,-0.05931002,-0.12833261
110690,L4/5 IT,0.37315774,-0.04112965
262908,Endo,-0.10295054,0.13184041
234631,Oligo,0.11604226,-0.32829207
235782,SMC,0.1678167,0.2650963
176183,Pvalb,0.311361,-0.15783313
198569,VLMC,0.28973168,0.33874685
91916,L2/3 IT,0.24604309,0.30670375
259278,L2/3 IT,0.09684634,0.3586223
91876,Oligo,-0.21529257,-0.021516204
242254,L6 CT,-0.24483791,0.083161235
269641,Oligo,0.07369995,-0.30926377
198506,L5 IT,-0.30052012,0.26985246
17783,Astro,-0.45773366,0.00040751696
13191,Astro,0.13155967,0.014946699
235775,L6 IT,-0.008762658,0.011405706
262938,L4/5 IT,0.12472278,0.20359004
121823,Pvalb,0.15605378,0.1400494
198517,L6 IT,0.17757702,-0.17953816
205853,L6 IT,0.0994401,-0.16397321
205489,L5 ET,0.1523028,-0.045826167
221034,L5 IT,0.020541608,0.13198245
95598,L6 CT,-0.27644646,0.19422668
206927,L5 IT,-0.12245616,0.20368677
176159,L5 IT,0.12464541,-0.0024905503
47158,Endo,-0.304004,0.2121312
57955,Endo,0.23681867,0.025585473
202202,VLMC,0.25216895,0.34899205
62465,L2/3 IT,0.41369593,0.08157098
121720,L5/6 NP,0.24126899,-0.17422813
8525,L5/6 NP,-0.2204805,0.09928918
202172,Astro,0.07770926,0.4149353
100392,L6 IT,-0.23508993,-0.017658502
244783,Astro,0.06701183,0.44671553
238988,Endo,0.31142735,0.26199555
98829,L5 ET,0.37264156,-0.033773243
121557,L4/5 IT,0.2678575,0.2233181
47257,Endo,0.36476338,0.23924488
222926,L5/6 NP,-0.059788167,0.120331526
8489,L2/3 IT,0.26323307,0.26026297
208253,Pvalb,-0.2865226,0.20584357
259345,Astro,-0.28400773,0.31865805
109102,L4/5 IT,0.3554809,-0.046446323
219630,L6 IT,-0.34757096,0.044471085
100652,Oligo,-0.022538304,-0.24421686
72294,L5 IT,0.083930075,0.10817313
100667,Astro,0.11956823,0.34322214
222924,Peri,0.1788364,0.30920702
100674,Pvalb,0.21753561,-0.13100141
177591,L2/3 IT,0.17299938,0.28685808
17542,Astro,0.18027532,-0.11298853
259358,Endo,0.082086205,-0.00067186356
245254,Endo,-0.35469013,0.18099862
110816,Endo,0.13094032,0.29046112
100695,L2/3 IT,0.22238958,0.31385612
205373,Oligo,-0.22507688,0.43347687
205365,L6 IT,-0.31462538,0.07856703
121297,VLMC,0.098656416,0.43104565
177769,Endo,0.030528843,0.35178697
289,Oligo,-0.27751985,-0.06754303
100604,L2/3 IT,0.32347298,0.21357793
62157,L6 CT,0.090020955,-0.09479383
52788,L6b,-0.32449552,-0.013028473
100515,L6 CT,-0.087071925,0.00806278
100529,L6 CT,-0.32504994,0.033958435
71713,L6 IT,0.25908417,-0.14800137
121499,L4/5 IT,0.2013619,0.10505712
58778,OPC,0.25144607,0.18268138
109152,L4/5 IT,0.08536214,0.21333146
47286,L5 IT,-0.13474435,0.105063915
53625,L6 IT,-0.269908,0.027684212
241911,L4/5 IT,0.19896072,0.16368073
205419,L2/3 IT,0.2022059,0.23655659
71986,Oligo,0.1729917,-0.064655244
221063,Astro,0.19695407,0.32127196
95586,Lamp5,-0.04100117,0.47247797
110711,L4/5 IT,0.37883836,-0.059819162
95580,L5 ET,0.38270193,-0.11189923
121458,SMC,0.23414886,0.24926794
52838,Astro,0.10240179,-0.28515494
121452,VLMC,0.2908538,0.3383199
100548,L4/5 IT,-0.08486983,0.32357728
205412,PVM,-0.1705184,0.15339202
245972,Sst,0.28844863,-0.21710879
202668,Peri,0.042769074,0.005540669
179169,L6 IT,0.002959311,-0.06267816
52784,L6 CT,-0.3309027,0.08615893
234210,Vip,0.1029802,0.14765209
101923,L4/5 IT,0.10154545,0.16650575
106683,SMC,0.041382253,-0.12279031
204170,Oligo,-0.16692317,0.043711662
207789,L6 CT,-0.16210347,0.059142113
106671,Micro,0.009183049,0.19345087
61581,L2/3 IT,0.2729556,0.27605683
54884,L4/5 IT,-0.13533774,0.2731678
200379,Oligo,-0.21856189,0.17171258
115954,Oligo,0.060933113,-0.29091284
106636,Pvalb,-0.41176832,0.14654303
106621,L5 ET,-0.1755436,0.07340258
270085,Astro,-0.1727261,0.44618577
106693,L5 IT,0.13057637,0.04328561
53291,VLMC,0.14725637,0.4242431
206611,VLMC,0.18766153,0.3995111
61095,L5 ET,0.39050025,-0.16615906
7062,L4/5 IT,0.38198566,-0.03202632
204157,Astro,0.06260997,-0.2928468
115938,L5 IT,0.18247962,-0.059978127
93757,L6 IT,0.18950444,-0.13167468
271486,Oligo,-0.33788216,-0.037842363
221599,Astro,0.22770113,0.3290007
261906,L5 ET,0.08256376,-0.020370424
93765,PVM,-0.28120565,0.22008634
18684,Pvalb,0.11389619,-0.16096058
221985,Oligo,-0.28718132,-0.006874889
115899,Lamp5,0.323622,-0.17770714
201221,Oligo,-0.39212722,0.012127519
204185,L2/3 IT,0.27292174,0.28665972
242075,Oligo,0.052825272,-0.2912323
116096,Oligo,-0.075491905,-0.20628974
94593,Astro,0.16414213,0.37261486
50045,L6 CT,-0.1247735,-0.05690837
270890,L6b,0.1388306,-0.22288084
13945,Peri,0.0455752,0.21762252
54821,L2/3 IT,0.08973223,0.27438825
204200,L5 IT,0.29659623,-0.062445313
236658,OPC,0.24646807,0.25032425
113313,Astro,0.27150905,0.32097924
267859,L4/5 IT,-0.21299729,0.3449214
54857,L2/3 IT,0.40406555,0.1363576
260258,Astro,-0.39885157,0.10279745
178414,Endo,0.113559544,-0.059206694
97583,L6 CT,-0.20410883,0.14792466
220499,Astro,0.16179419,0.3213668
260750,Pvalb,-0.119237036,0.2920301
236742,Oligo,-0.34996223,-0.02841556
204192,Oligo,-0.1996691,-0.12450874
178054,L5 ET,-0.0512425,0.17213339
204190,Endo,-0.057980448,0.24499017
222000,L4/5 IT,0.3070553,0.032573044
239520,Astro,-0.07524043,0.40006155
94579,Oligo,0.0009471178,-0.05452895
6789,L6b,-0.08072922,-0.13761309
94549,Micro,0.20364922,0.20786
263414,Lamp5,0.22547758,0.35880506
93772,Peri,0.38086784,0.2358551
260315,PVM,-0.07907787,0.3688423
221959,OPC,0.30428177,-0.18263581
106535,L6 CT,-0.039832354,-0.031984746
61531,Micro,-0.047700495,0.263824
203495,Endo,-0.2994083,0.2638362
179404,L6b,-0.25952998,-0.06948286
61527,L2/3 IT,0.22532928,0.28130096
264078,L4/5 IT,-0.16098404,0.266465
235840,L4/5 IT,0.1793986,0.2051934
218990,Endo,0.16058588,0.2660616
245140,L2/3 IT,0.14140373,0.36264902
59575,L6 IT,-0.3727908,0.11004472
270875,L6b,-0.019055843,-0.16689223
176884,L5 ET,0.10870379,0.082880914
245663,Astro,0.13598233,-0.0754942
260324,L5 IT,-0.23919132,0.24585062
61501,Pvalb,-0.41212788,0.057613134
177073,Endo,0.23608369,-0.21678376
277149,Astro,0.29130065,0.046224296
6839,L6 IT,-0.050469756,0.0035085678
6840,Astro,0.21187371,0.36236715
260343,Pvalb,-0.27001637,0.26896417
50237,L4/5 IT,0.07547361,0.1377064
115647,SMC,0.26857823,0.27788323
204084,VLMC,0.17599559,0.41277415
59566,L5 IT,-0.19576663,0.16201454
54929,L5 IT,0.28834474,-0.13457021
94530,Astro,0.13069367,0.13686013
55908,L6 IT,0.0008995533,0.0034002066
115896,L6 CT,-0.23460504,0.16200906
106577,Oligo,-0.32285312,-0.032755226
104673,L4/5 IT,0.048398733,0.20214695
61096,Endo,0.14751393,0.28979158
236676,Sst,0.26092088,-0.083007544
93787,Micro,0.021128118,-0.052379668
50147,Oligo,-0.15234861,-0.14549598
262232,L6 CT,-0.11186373,0.026793063
206608,L6 IT,0.056236446,-0.17177221
221978,L5 IT,0.28162044,0.0020504594
104711,Oligo,-0.031369984,0.21522129
106565,L5 IT,0.20834076,-0.10729474
113503,L2/3 IT,0.26845473,0.2917297
18697,L4/5 IT,-0.19592881,0.31764978
72869,L6 IT,0.06510043,-0.026760131
115844,Endo,-0.1363365,0.07916397
270694,Pvalb,-0.31822914,0.14967585
200411,L2/3 IT,0.18919438,0.34739494
115804,L5 ET,0.102142036,0.06834763
97508,Endo,0.25617576,0.20706207
269761,L4/5 IT,-0.18174425,0.27780318
221623,L6 CT,0.09777182,-0.21598157
115791,Oligo,-0.021654397,-0.24210343
51252,L6 CT,-0.003927976,-0.04687351
207812,L2/3 IT,-0.21075958,0.38821077
50020,Pvalb,0.2545238,0.18847775
18673,Micro,0.23115206,-0.25178406
113242,L5 IT,-0.28589505,0.2179339
244581,L2/3 IT,0.15668672,0.34039277
206671,Micro,-0.11549127,-0.16688168
107158,L6 CT,-0.20406833,0.0123685
260142,OPC,0.34556073,-0.14717984
176789,L4/5 IT,0.0581218,0.20582485
113031,Pvalb,-0.037761748,-0.012296438
49730,OPC,0.03813821,-0.09381163
262331,Endo,-0.04396522,0.465828
71930,Micro,0.19930542,-0.1832678
59404,Lamp5,-0.3635831,0.105938554
113043,Oligo,-0.0894891,-0.19564646
107182,Micro,-0.056434333,-0.04795453
113078,L6b,0.13737273,-0.29643768
18890,L2/3 IT,0.07802832,0.38006437
8129,Oligo,0.06320006,0.13744366
260789,Astro,0.10575074,0.32013744
236761,L6 IT,-0.420597,0.087798834
104248,L6 CT,-0.08047199,-0.3735239
54684,L6 IT,0.31765926,-0.1720837
51540,Endo,-0.082710356,-0.12227243
203374,Oligo,0.078237295,-0.3770613
245705,L4/5 IT,0.15192556,0.23841393
203378,Oligo,0.09649587,-0.32640457
54692,L4/5 IT,0.05859083,0.18125373
218499,L5 ET,-0.1232878,0.11608195
104172,Oligo,-0.33908463,-0.0688926
7796,Sst,-0.25572518,0.15752012
56179,Oligo,-0.041565776,0.27100873
96748,Sst,-0.05475217,0.11143237
54614,Endo,0.44913518,0.021796823
56227,L6b,-0.3435477,0.057617903
49648,L5 IT,-0.24702904,0.24766588
104070,L2/3 IT,-0.22349378,0.41811824
104073,L5 ET,-0.09362808,0.15510553
200062,L5 ET,0.2300129,-0.010526061
207863,Micro,-0.021648169,-0.026771605
104079,L6 CT,-0.13499233,-0.09245068
277138,Oligo,-0.11197829,-0.1539135
112981,Oligo,-0.096095204,0.20240247
244957,Endo,0.13729292,0.36561716
104124,L5 IT,0.08170897,0.16943932
207421,L6 IT,0.2931934,-0.14948818
116821,Oligo,0.12087554,-0.14614421
244576,Oligo,0.3438319,0.27115715
93484,L6 IT,-0.3650325,0.13207859
200093,L6 CT,0.094573796,-0.103105515
262338,PVM,0.1072427,0.35135996
260115,L6 CT,-0.137351,-0.03634867
13550,Sst,0.14420277,-0.048980147
94718,Astro,-0.17076653,-0.09976506
97717,L4/5 IT,-0.1856234,0.29169154
267872,L6 CT,0.1063298,-0.05971715
51609,L2/3 IT,0.23588526,0.30349022
93545,Micro,0.025220394,-0.08355248
54970,L5 ET,-0.00784561,-0.021709383
104283,L6 CT,-0.35485572,0.07635933
260156,L6b,-0.3046557,-0.011884153
113177,L5/6 NP,0.13344693,-0.12334055
222069,VLMC,0.3458056,0.3088609
104396,Astro,-0.18348446,0.0820272
113179,PVM,0.18718886,0.3858564
222058,Oligo,0.017418444,-0.2736528
206346,L6 CT,-0.3358969,0.114427745
201275,L5 IT,0.23050743,-0.043863207
104414,VLMC,0.3263805,0.30537122
260209,Endo,-0.2435816,0.23537874
201263,L5 ET,0.006594658,0.15782827
116207,Endo,0.11562598,0.34210718
106909,Astro,-0.020810872,-0.24932942
106853,Oligo,0.06748551,0.19227391
106846,L4/5 IT,0.20762569,0.14521903
13940,L2/3 IT,0.4395414,-0.02005431
179495,Oligo,0.06733036,-0.21082899
218355,Astro,-0.05702728,-0.0469819
18021,Astro,0.26408547,0.22040528
113222,PVM,0.40430003,0.04169351
18672,L6 CT,0.081487834,-0.11366016
49981,OPC,0.049041748,-0.29153168
106834,L5 IT,0.029963553,-0.034631252
220159,L4/5 IT,0.028276145,0.21704584
116133,L6 CT,0.07563329,-0.03931436
116206,L5 IT,0.31561142,-0.09816852
219038,L4/5 IT,-0.16280323,0.35770917
106926,Oligo,0.04195112,-0.25402784
178445,L5 IT,0.37121403,-0.15508014
242561,Endo,-0.044742167,0.43871903
7815,L6 CT,0.00503695,-0.04337147
206328,L4/5 IT,0.33026576,0.004040003
54698,VLMC,0.4152711,0.2157687
93551,L6 CT,0.14080507,-0.14247203
107036,L2/3 IT,0.41001564,0.020817995
94669,L4/5 IT,0.14985001,0.16896498
51534,Oligo,0.10126811,-0.36457425
178492,Oligo,-0.3430285,0.019276619
116525,L4/5 IT,0.32944798,0.03006494
56108,L4/5 IT,-0.023082823,0.24648035
8112,Oligo,0.011579037,-0.26065546
12796,Endo,0.43982416,0.16252494
177165,L6 CT,-0.117507964,0.024426877
214839,L6 CT,-0.33963776,0.059105515
97637,OPC,0.16896957,0.41207027
93569,L5 ET,-0.19648823,0.18132877
116357,L6 IT,-0.30334896,0.09087849
218348,Endo,0.11482167,-0.088360906
200223,Oligo,-0.175706,-0.13522586
104333,L6 CT,0.048547268,-0.06384215
116332,L5 IT,-0.08165413,0.09027833
56083,OPC,0.18774134,0.36955512
113133,Oligo,-0.026427537,-0.259026
106944,L6 CT,-0.10680282,0.033814967
13386,L2/3 IT,0.23711228,0.34699082
249512,Endo,-0.24568951,-0.045106202
51191,Endo,0.14278471,0.11496621
115610,L6 CT,0.13589513,-0.18407479
18730,L6b,0.07433611,-0.25326657
50988,L5 ET,0.1004467,0.12627131
114965,L4/5 IT,0.30627704,0.11540377
94094,OPC,-0.22381264,0.2764637
207553,L6 CT,0.21845204,-0.29120934
207554,Endo,-0.018419504,0.46004027
61319,Micro,-0.13342583,0.37174135
7922,L2/3 IT,0.2694928,0.15828663
203839,VLMC,0.28437495,0.3496549
105467,Oligo,-0.17197704,-0.111230105
106108,Astro,0.2190466,0.23039603
235156,Oligo,0.053364098,-0.31853598
94110,L2/3 IT,0.15174574,0.32855564
240277,L5 IT,0.036351323,0.11648458
114925,Peri,-0.19852328,0.19523036
232997,Astro,-0.024517238,0.16920471
94332,L6 CT,-0.07648122,0.012735248
114213,L5/6 NP,-0.10889095,0.115924835
242380,L5/6 NP,0.31816924,-0.1287322
59710,L6 IT,-0.11173642,0.03575051
218938,Endo,0.24404335,0.074671924
114217,L2/3 IT,0.16403216,0.30293965
260590,Peri,0.1978153,-0.06368637
97084,L6 IT,-0.25631744,-0.0019886494
221813,Oligo,-0.25954467,-0.09376484
270798,L6 IT,-0.35960898,0.12854975
220331,Oligo,0.112648845,-0.30187365
114977,Oligo,-0.14220071,-0.17457789
55100,L2/3 IT,0.111686766,0.31590205
262161,L4/5 IT,-0.17607561,0.2946297
61349,Astro,-0.322489,0.28868264
263492,L4/5 IT,-0.0574432,0.29535645
61208,L2/3 IT,0.4889599,-0.045872957
13498,L2/3 IT,0.39568925,0.15152586
115065,Micro,0.39236563,0.13795787
50997,Pvalb,-0.2257866,0.19182605
262156,L4/5 IT,0.16454107,0.15845275
61209,L2/3 IT,0.44208628,0.14013278
59671,L2/3 IT,0.17352194,0.32247573
61325,Astro,0.063307524,-0.28971088
220309,L4/5 IT,0.41476196,-0.024892807
72921,L2/3 IT,0.03434199,0.37516654
9245,Oligo,-0.20972073,-0.11378449
61340,L2/3 IT,0.21496618,0.28630048
178182,Astro,0.107545555,-0.35142002
106136,L6 IT,0.23555195,-0.10717642
115013,Endo,0.34730172,-0.09820172
200667,Peri,0.30020404,0.2795697
227,L4/5 IT,-0.1092684,0.27685505
59802,Oligo,0.055041075,-0.2902164
263460,L4/5 IT,-0.2299436,0.3658164
214437,Astro,0.2649175,0.2656588
105299,L2/3 IT,0.12462258,0.24857664
114231,Astro,-0.32148445,0.27180922
114882,Endo,-0.108236134,0.2438643
114874,L6 CT,-0.053533465,-0.042025954
55414,L5 IT,0.36561638,-0.07774258
6950,Astro,-0.1408782,0.28762287
221773,L5 IT,0.036715627,0.1572972
114699,L4/5 IT,-0.17450929,0.2779674
203666,L2/3 IT,0.2202236,0.2338888
234250,Oligo,-0.0042734444,-0.28367332
114687,L6 CT,-0.045604438,0.01556921
13469,L6 IT,-0.36933798,0.1494422
114452,L2/3 IT,0.29326326,0.16261834
233012,L5 ET,0.23616594,-0.018618405
6954,Pvalb,-0.17745602,0.21874839
200775,OPC,0.049166143,0.26845926
176994,Astro,-0.366198,0.24623221
13476,Astro,-0.06707266,-0.17917344
50802,L4/5 IT,0.33428204,0.010565817
114570,Oligo,0.031141043,-0.28973043
271582,Peri,0.12926382,-0.26779425
72057,L2/3 IT,-0.0523538,0.3726306
55306,L4/5 IT,0.108163655,0.1952452
270830,L4/5 IT,0.21142042,0.10284817
218460,Oligo,0.060374558,0.19812089
55302,Sst,0.32182276,0.07845086
207583,L5 IT,0.33548898,-0.060155958
114492,Astro,-0.37007394,-0.023819476
200827,L2/3 IT,0.4745738,-0.00049060583
61241,Astro,0.36357355,-0.1306135
106049,L2/3 IT,-0.18720737,0.41001707
200899,Sncg,0.2333979,0.2876901
105545,L5 IT,-0.16163507,0.19505054
271564,L5 IT,0.3113842,-0.11017743
114269,L2/3 IT,0.10798538,0.32168365
72899,Oligo,-0.11573607,-0.04826367
13441,L4/5 IT,-0.29256922,0.28983474
72886,L6b,0.1311453,-0.29723835
97222,L5 IT,0.3194508,-0.02855447
114862,Oligo,-0.032877803,-0.03871903
114859,L2/3 IT,0.29313236,0.13414347
245063,Oligo,0.045009732,-0.22109872
94311,Endo,0.073120534,0.26844394
94151,L6 CT,-0.10202259,-0.075683415
114295,Oligo,0.06991279,-0.36692125
114306,L2/3 IT,0.16610074,0.25778073
114830,Oligo,-0.08053148,0.19861269
245616,L2/3 IT,0.016364157,0.29937845
179851,Pvalb,0.23274654,-0.09875572
50689,L2/3 IT,0.17954665,0.34575933
61292,L4/5 IT,0.25337392,0.29630417
105652,L2/3 IT,0.3770123,0.04944253
221718,Pvalb,-0.08443332,0.1630153
203769,L2/3 IT,0.20174211,0.24373895
114745,OPC,-0.17236754,0.22618324
7971,Astro,-0.4761074,-0.011511147
271606,L6b,0.051232874,-0.23369786
206460,L6 IT,-0.38658547,0.12706137
236293,Astro,0.22863442,0.35155356
115126,L6 CT,-0.35615152,0.1642403
115170,Oligo,0.2533509,0.33666593
18159,L6 IT,0.27656502,-0.24635583
271665,Endo,-0.30599493,0.21355993
13975,L6 CT,0.23326898,-0.12515673
72939,L6 IT,0.15512079,-0.08246866
51128,Oligo,-0.44601458,0.012535512
263524,Vip,0.42046183,0.14124823
178103,Oligo,-0.06314552,-0.19988176
113843,L6 CT,-0.04940945,-0.019257516
8856,L2/3 IT,0.46684402,0.017877042
93950,Pvalb,0.17436165,-0.31061333
113858,Micro,0.2538948,0.32866544
200524,L2/3 IT,0.15600818,0.327345
269771,L5 IT,0.061519086,0.058247924
72048,L2/3 IT,-0.09963411,0.31940597
14066,Pvalb,-0.313258,0.17277402
176912,L5 IT,0.3514042,-0.10054049
204026,L6 CT,0.18719155,-0.19612911
55725,Micro,0.25136793,0.35411805
115457,L5 IT,-0.01126191,0.15162164
6884,OPC,0.25028646,0.1397025
115446,L4/5 IT,0.3453563,-0.033349425
176935,L4/5 IT,0.14266318,0.21849602
106379,Oligo,-0.015135586,-0.086957544
113872,L4/5 IT,0.012630343,0.20396364
203528,Astro,0.1203841,-0.33004072
113771,Oligo,-0.38395828,0.012333393
115504,Oligo,-0.14394414,-0.19478506
97431,L5 ET,0.069294214,0.10705435
218982,Pvalb,-0.4121024,0.09657866
270029,L5 IT,0.028636813,0.16865617
50268,L2/3 IT,0.14766723,0.26378953
200496,L5 IT,0.04743451,0.05559671
271669,Peri,-0.1814956,0.18743575
270703,L6 IT,0.0019472241,-0.02261135
96970,L4/5 IT,-0.26118976,0.30186045
55781,Astro,0.3756401,0.1958071
18834,L6b,-0.13273248,-0.12256637
262208,L6 IT,-0.14246824,0.03650701
12810,L2/3 IT,0.1399529,0.27625537
106463,L4/5 IT,0.075888515,0.1683346
200513,Peri,0.1667887,0.27255917
238951,Astro,0.06679827,-0.32972512
261930,Pvalb,-0.20207545,0.3410846
277898,L6 IT,-0.09067726,0.020501137
13970,Oligo,0.13596773,-0.34736955
50301,L6 CT,-0.24441761,-0.051259726
18832,L4/5 IT,0.38710976,-0.029452473
262202,L6 CT,-0.20372337,0.13595623
51172,Pvalb,-0.24376878,0.25037616
279167,L6 CT,-0.09500268,-0.07491201
201092,Pvalb,-0.26505995,0.23266602
54997,L2/3 IT,0.1622141,0.26758528
113768,Endo,-0.40040922,0.11188388
13980,VLMC,0.24164128,0.37461722
264066,L2/3 IT,-0.018487692,0.31922477
97406,Pvalb,0.049852133,0.1713947
261948,Astro,0.047306,0.37881035
264038,Endo,0.122772574,0.3879388
200569,L5 ET,0.25211018,-0.00059330463
200573,Vip,-0.05480796,0.055336356
55651,Astro,0.25116116,0.31551772
221882,SMC,-0.3118978,0.28287148
105109,L4/5 IT,-0.20032707,0.29785353
105147,L4/5 IT,-0.056065083,0.23707253
97365,Micro,0.08949947,0.09221995
61192,Micro,0.2675804,-0.1878021
13988,L6 CT,-0.43113127,0.08517361
221866,L2/3 IT,0.25773877,0.2721097
263949,Oligo,0.08128661,-0.3213233
236718,L6 CT,0.11356664,-0.008654296
105174,Oligo,-0.048820466,-0.0035256147
114069,L2/3 IT,-0.20285231,0.43919897
263959,L5 IT,-0.22895008,0.27324146
61379,L2/3 IT,0.2801969,0.16777706
105187,Lamp5,0.42938137,-0.06186071
269783,L6 CT,-0.34841514,0.14066476
97353,Oligo,-0.23671854,-0.09849292
9239,L2/3 IT,-0.060815513,0.4140197
97350,L6 CT,0.124182045,-0.14969122
245048,Oligo,-0.019628525,-0.046737194
177036,Pvalb,0.097635925,0.19249046
243246,Astro,-0.006820053,-0.257088
12813,Pvalb,-0.18091062,0.2119242
9238,VLMC,0.21480525,0.37748355
50417,Astro,-0.15277535,0.19882232
214424,L2/3 IT,-0.15925089,0.38703632
233014,Astro,-0.04785028,0.21897352
269779,Astro,0.17788339,-0.058200568
113915,L4/5 IT,0.24618691,0.13205308
72482,L6 CT,0.01042819,-0.09637472
113942,Astro,0.29264343,0.30225974
176941,Endo,-0.038393885,0.38279444
55701,Endo,0.28421474,0.26501018
55038,L6 CT,-0.3317176,0.032336712
234396,OPC,-0.02772373,-0.034640342
221913,L6 IT,-0.037706614,-0.028013587
18143,L5 IT,0.31904107,-0.12483069
105034,Astro,0.013439536,-0.19071725
203558,L6 IT,-0.15879878,-0.011209488
271541,Lamp5,-0.2770397,0.17011058
267792,L4/5 IT,0.3299979,0.078260124
105068,L6 CT,-0.32702315,0.04924977
50385,L2/3 IT,0.29246974,0.2756188
260390,L6 IT,-0.044094503,-0.09399274
55072,L6 IT,-0.102053285,-0.07602686
260620,Astro,0.025570035,-0.13629597
106242,L5 IT,-0.17054012,0.06779188
51062,Astro,0.087691486,0.15088326
264040,L6 CT,0.044383466,-0.18359935
203587,L6 CT,0.16066384,-0.22184214
110,Astro,0.09471285,-0.17871326
71762,L6 CT,-0.15676904,0.01988089
96746,L4/5 IT,0.3660577,-0.03975147
8138,L4/5 IT,0.39611006,-0.03658396
60154,Oligo,-0.09906858,-0.15015852
112038,Oligo,-0.03625846,-0.032512784
102617,L6 CT,0.036824763,-0.20660603
234468,L4/5 IT,0.015158951,0.27233607
98214,Peri,-0.19007266,0.37991673
118809,L2/3 IT,0.25567108,0.2790436
118791,Astro,0.20776725,0.2924888
60150,SMC,0.13029552,-0.031641513
221316,Oligo,-0.21034846,-0.112342656
180011,Astro,-0.026866406,-0.2541209
118729,L6 IT,0.2625311,-0.16928005
219829,Endo,-0.042540878,-0.048223436
107884,L2/3 IT,0.085338175,0.25440848
118675,L5/6 NP,-0.09159899,0.1746484
60889,Endo,0.0747422,0.22461909
118674,L6 IT,0.08816618,-0.08806804
102704,L2/3 IT,0.23194754,0.28521
59771,Endo,0.09182429,0.122647524
208068,L2/3 IT,0.360169,0.09462172
199445,Micro,-0.27397978,0.1029464
222437,Endo,0.0046089888,0.2793771
245810,Lamp5,0.15085477,0.36325598
102735,L2/3 IT,0.31832534,0.2086286
102748,Astro,-0.05425015,0.24883622
204791,Micro,0.15084875,-0.36603308
6475,L5 ET,0.21014458,-0.085862756
118820,L4/5 IT,0.42781186,-0.080483764
102556,L2/3 IT,0.15840727,0.34162927
118938,L6 CT,-0.07121974,0.0060198307
176524,L2/3 IT,0.10890019,0.3254575
269963,L2/3 IT,0.17922789,0.32148647
96481,Endo,-0.32810926,-0.037939698
102461,L2/3 IT,0.4935894,0.0740329
52178,Endo,0.38236904,0.24382263
102467,Oligo,0.027408183,-0.28609344
13590,L2/3 IT,-0.07619876,0.4081427
7295,Micro,0.2237702,0.14265686
102483,Peri,-0.39890063,0.09834224
118908,Astro,-0.36148396,0.05997908
54249,Endo,0.07221079,-0.5
219810,L4/5 IT,0.056817412,0.20412087
118905,Astro,-0.12616211,-0.17755446
118903,L6 CT,0.18198055,-0.34396094
245842,Astro,0.11640489,-0.36286142
111982,OPC,0.32499605,0.268012
102534,L5 IT,0.20049417,-0.040977
107953,Oligo,-0.32828632,0.16735774
244496,Endo,-0.29524153,0.160124
236216,Oligo,-0.2571593,-0.074153095
218211,Endo,-0.19240224,0.23467386
95066,L4/5 IT,0.039796233,0.30431247
259758,L6 IT,0.17025673,-0.08802375
262603,Oligo,-0.0017883778,-0.26452112
201681,L6 IT,-0.4025678,0.17831111
233047,L6 CT,0.08030671,-0.18208909
260955,Pvalb,-0.20497572,0.28316176
65,Endo,0.19871819,0.38567084
269866,L4/5 IT,-0.21823591,0.33328652
199549,L6 CT,-0.01937887,-0.081300735
112290,L6 IT,0.14544338,-0.42791554
201576,Pvalb,0.01202482,0.027226865
206183,Endo,0.0017409921,0.25304943
72385,SMC,0.22237974,0.35110432
279215,Lamp5,0.28213918,-0.15652314
234648,Astro,0.25209546,-0.17236832
206193,Micro,-0.28212005,-0.054299682
112305,L6 IT,0.29748178,-0.11530092
259854,L6 CT,0.21738958,-0.18960926
245196,L5/6 NP,0.2393229,-0.08444655
56781,L2/3 IT,0.18865633,0.32176328
244908,L5 IT,0.08936268,0.16907525
218224,L2/3 IT,0.070768714,0.29787862
277963,L6 IT,-0.21236548,0.1354804
72784,PVM,-0.06638363,-0.1863099
199582,L4/5 IT,0.07852405,0.14559293
178619,Endo,-0.1833075,0.24982291
107786,Oligo,-0.24157587,-0.09478226
206194,L2/3 IT,0.20324749,0.3369364
48874,L6 CT,-0.36948743,0.07015252
107772,Astro,0.28240317,0.21187544
54299,L2/3 IT,0.17603546,0.31099153
208043,L2/3 IT,0.20247245,0.2892959
208044,Endo,-0.17826927,0.12642044
199542,L6 CT,0.20540929,-0.19216874
222428,L5 IT,-0.27922225,0.16276234
218551,Oligo,0.069773376,-0.12161577
203022,Oligo,-0.09304905,-0.2224665
177389,Oligo,0.057528913,-0.19626942
102801,L5 IT,0.2658139,0.04775685
48737,Endo,-0.30759808,0.24060476
52066,L5 ET,0.079613805,0.0702827
220616,Oligo,-0.35292822,-0.13593963
207315,L6 CT,-0.02291447,-0.0017127991
102826,Peri,0.124999285,0.17553937
107835,L6 CT,-0.2951438,0.07093823
178646,Oligo,-0.06336048,-0.24287862
107815,Endo,0.20811117,0.26956493
244893,PVM,0.1249665,0.2529781
112216,Endo,0.29466993,0.27835888
52017,L6 IT,-0.11680794,-0.020620644
6490,Endo,-0.065653235,0.44935006
260936,L6 IT,0.27928448,-0.21973032
17916,Pvalb,-0.20007834,0.24042779
56872,Astro,0.119164586,-0.103524
270519,Micro,0.1628474,-0.15787652
177381,L6 CT,-0.14633736,0.050903857
102978,L4/5 IT,0.25746775,0.09360427
118399,L5 IT,0.14070898,-0.015442044
51997,Endo,-0.025646955,-0.23312658
245457,L2/3 IT,0.2449233,0.21701872
92765,L2/3 IT,-0.07820091,0.33882594
176521,Micro,0.14537364,0.29836547
199374,L4/5 IT,-0.1107482,0.25762177
261039,L6 CT,-0.11235124,0.22049493
98415,Oligo,-0.41662818,0.06722069
95186,Oligo,-0.4010602,0.15165544
249246,Micro,-0.10341701,0.41103715
102094,Peri,-0.0932464,0.36565006
249170,L2/3 IT,0.3020637,0.24530083
72762,L6 CT,-0.018526286,-0.03533563
111736,Peri,-0.29590604,0.04815364
277850,Endo,-0.027732432,0.20370692
102102,L2/3 IT,0.15897435,0.19275081
267729,Endo,0.07486099,-0.024275333
235816,Endo,-0.11667928,0.4001736
271951,Astro,0.088974774,-0.22796944
54042,Micro,0.26242483,0.13742638
119233,Oligo,-0.34389618,0.10355836
208133,L6 CT,-0.090791345,-0.068698525
201774,Oligo,-0.031212807,-0.048995405
263605,Oligo,-0.00838542,-0.23064864
48404,PVM,0.005969286,0.32411855
102151,L2/3 IT,-0.18794325,0.38734335
261621,Oligo,0.044938505,-0.32240403
102161,Peri,0.068026185,-0.11364609
119159,L5 IT,-0.21009153,0.18882471
261623,Astro,0.21154648,0.38287836
177514,Astro,-0.080610245,-0.11540756
59021,Sst,0.37453657,0.14904618
111703,L4/5 IT,0.32243007,0.033745527
92606,L4/5 IT,0.33384365,0.054588497
222612,Oligo,0.045521855,-0.32852006
111603,L5 IT,0.13902116,-0.056075126
111604,L5 IT,-0.022082686,0.16706598
8345,Peri,0.09053314,0.40767545
95226,Oligo,-0.07992315,-0.22786143
101934,Astro,-0.20972642,0.3559723
207247,L6 IT,0.09913796,-0.16517317
180031,L2/3 IT,0.11482531,0.31153077
53999,Vip,0.30884826,0.12366253
119490,Lamp5,0.11990577,0.3484348
96369,Astro,0.26677352,0.022402048
60223,L4/5 IT,-0.16442853,0.26530707
261069,VLMC,0.2836756,0.34395427
48219,Astro,0.14145285,-0.12265423
269956,L2/3 IT,-0.13111848,0.43581802
48227,L2/3 IT,0.3772998,0.057721376
206065,Oligo,0.059607923,-0.33896518
259673,L2/3 IT,0.33881062,0.21140963
54011,L5 IT,0.033706784,0.09323007
119404,L4/5 IT,-0.20235676,0.32189792
176485,L6b,-0.1565522,-0.14150542
207263,L5 IT,0.14800525,0.059112847
201789,Endo,-0.053670824,0.06902605
219758,Sst,-0.33775932,-0.036079884
108406,L6 IT,0.26985025,-0.17942604
208129,Astro,-0.19261965,0.34484226
103073,L5 IT,0.34819925,-0.13044554
204919,Vip,0.2053563,0.3472293
48417,L6 CT,-0.015633106,-0.0080857575
17891,L2/3 IT,0.2525047,0.18616587
57119,L2/3 IT,0.31300503,0.12750202
111892,Oligo,-0.10575253,-0.046191543
102350,L4/5 IT,-0.093573004,0.2752785
221292,PVM,-0.31883353,0.26018363
219209,Astro,0.07489079,0.25740403
271929,Endo,0.106361866,-0.13618636
54183,L2/3 IT,0.49327666,0.017512143
118997,L6 CT,0.09194875,-0.10351798
98286,L4/5 IT,0.2614048,0.048667908
48490,L6 CT,-0.18168929,-0.059927166
102344,L2/3 IT,0.43246502,0.14560598
277098,L6 CT,0.1898275,-0.18623456
60870,Oligo,-0.45609647,0.109793484
262614,L5 ET,0.27345103,-0.09021115
219799,L6 IT,-0.034075618,0.10516626
220645,Vip,0.4211945,0.07084304
108049,Micro,-0.3277092,0.2150755
277100,Endo,-0.02994001,0.17808819
57094,Pvalb,-0.17605537,0.024109244
60879,VLMC,0.4350847,0.21154761
102446,Astro,0.4597016,0.12720823
108029,L6b,0.12745601,-0.3049562
52182,Astro,0.097341,0.43244267
8315,L4/5 IT,0.12479317,0.15662503
96454,L6 CT,0.21252817,-0.23978883
95126,Pvalb,-0.21701935,0.32239568
249541,Micro,-0.44404474,0.11411935
221275,VLMC,0.17321688,0.40340757
102213,PVM,0.111206174,0.17592007
18531,Oligo,-0.1870077,-0.059623122
111839,L2/3 IT,0.20915937,0.26116133
108197,L6 CT,-0.26811376,0.019510567
204908,OPC,0.16736835,0.24501729
111849,L2/3 IT,0.25659478,0.27509218
54144,L4/5 IT,0.18804598,0.09646237
102265,L4/5 IT,0.33236158,0.018435001
102274,Oligo,-0.3903306,-0.022665262
96440,L4/5 IT,0.073826194,0.2537737
206099,L6 CT,-0.048347503,-0.17995983
111859,L5 ET,0.13009894,0.045403123
92699,Oligo,-0.15579307,0.19388402
57146,L6 CT,0.15351236,-0.3625027
52228,Endo,-0.17084762,-0.08486143
204892,Sst,-0.35107878,0.18667054
6412,L2/3 IT,0.330467,0.16183728
54164,L4/5 IT,0.122338355,0.17948687
102336,L4/5 IT,0.091317534,0.18564707
270175,L5 IT,0.0021426082,0.16589516
95131,Peri,-0.38550246,0.074858904
59060,Pvalb,0.18734229,-0.23460686
176512,Astro,0.26010436,0.33289063
108118,L6 CT,-0.101512134,0.0077525973
96420,Astro,-0.1971418,0.11609787
49623,L6 CT,0.038608193,-0.11875701
118221,L6 IT,0.1630708,-0.10644525
93004,L2/3 IT,0.1514051,0.35794228
6637,Astro,0.43518317,0.18118942
244488,OPC,-0.21133757,0.09188557
218518,L6 CT,0.19437158,-0.14244196
7167,L6 IT,0.14277434,-0.060154527
203236,L6b,-0.026724726,-0.15969378
263885,L4/5 IT,-0.15850767,0.34137207
260023,L6 IT,-0.02152744,0.0058997273
207906,Endo,0.2299133,-0.22766599
245511,Astro,0.23804438,0.10208905
117372,Astro,0.101073146,0.23869824
6641,Micro,0.0824126,0.2642917
263882,L5/6 NP,0.37539816,-0.14579442
218310,L4/5 IT,0.23598975,0.096817434
9356,Oligo,-0.36549366,-0.0055006742
72426,Pvalb,-0.011041164,0.37355632
54483,L2/3 IT,0.106652856,0.33579642
270933,L6 IT,0.21149409,-0.083544165
49376,L2/3 IT,0.22248524,0.2150839
54491,L5 IT,0.35057718,-0.08551553
49392,L6 IT,0.04175341,-0.11128512
17961,L5 IT,-0.19058219,0.23739749
263567,Astro,-0.2957575,0.06751573
262394,Endo,-0.16003132,0.10123539
54507,L5 IT,-0.040718198,0.21332157
61014,L6b,0.050450444,-0.24849623
271416,L4/5 IT,0.35726565,-0.03744015
112763,L2/3 IT,0.11361778,0.24570155
267742,L5 ET,-0.17568678,0.22759497
93228,Endo,-0.12073603,-0.03634873
56463,Oligo,-0.2618624,-0.10381758
222300,Oligo,0.06416923,-0.32230562
117492,Astro,0.037891448,-0.27421838
103558,OPC,0.23739642,-0.20332712
72588,L4/5 IT,0.33894247,0.057706237
94834,L5 ET,-0.17242232,0.18920517
103561,Oligo,-0.21109131,-0.13343894
117483,Astro,-0.039708346,-0.20590916
112663,Astro,0.1420312,0.2679718
177996,Endo,0.09609491,0.10193336
270614,L2/3 IT,0.17255503,0.2292561
204478,L4/5 IT,0.118965626,0.22607428
208,Astro,0.36837333,0.23374772
93247,Oligo,-0.1650782,0.08680093
117457,L4/5 IT,0.3600539,-0.0020657778
93251,VLMC,0.18979132,0.41339123
271808,Astro,-0.4092339,0.1453076
18238,Oligo,0.11166179,-0.20905599
59305,Oligo,-0.38631073,0.15631324
201417,L2/3 IT,0.26679796,0.23189974
199877,L6 CT,0.080314696,-0.07656032
179967,Oligo,-0.06136051,-0.044563204
56440,L2/3 IT,-0.15956017,0.4531691
233034,L4/5 IT,0.16256493,0.16362596
176674,L2/3 IT,0.16948378,0.24420208
219993,L5 ET,0.16022289,0.03307998
112836,L6 IT,-0.03385523,0.02355516
242182,L5 IT,0.037746668,0.14316982
220021,L5 IT,0.3859337,-0.113722324
112888,L6 IT,-0.25041956,-0.030995756
239957,L5 IT,-0.082374334,0.14115167
7775,L6b,-0.40967363,0.038447082
93408,L4/5 IT,0.27954608,0.045778036
17580,Endo,0.3544491,-0.01704058
72822,Astro,0.21507823,0.37740135
203299,L2/3 IT,0.22367495,0.28812528
59354,L2/3 IT,0.12381774,0.3481279
222183,L5 IT,0.07599741,0.10548246
270633,L6 CT,0.16175741,-0.217233
179343,L5 IT,-0.23915374,0.28854716
116959,L6 CT,0.18306178,-0.24120837
261809,L5 IT,-0.12672475,0.13376611
6672,Endo,-0.254963,-0.066593945
112947,L5 IT,0.04742068,0.16074455
96740,L6 IT,0.1945396,-0.18732485
112971,Pvalb,0.09284377,0.210468
116917,L4/5 IT,-0.2644682,0.3426124
220071,L5 IT,0.33535087,-0.06450179
218323,L6 CT,0.23077422,-0.28435272
61714,L2/3 IT,-0.073985875,0.44739634
177201,Lamp5,0.18542445,0.22848564
49612,Astro,0.36084086,0.17575991
49561,PVM,0.18001884,0.37847906
96724,Micro,-0.079570085,0.08266026
201364,Pvalb,-0.20455033,0.29514402
218312,L5 ET,-0.21262795,0.18864304
59323,L4/5 IT,0.09541762,0.21067524
117184,L2/3 IT,0.15799671,0.24998707
117181,Lamp5,-0.38681036,0.119253635
199963,Pvalb,0.3114879,0.008565843
260058,L6 IT,-0.36281782,0.17767799
199968,Oligo,-0.43567985,0.021395981
103744,Endo,-0.3227061,0.22120094
117146,L5 IT,-0.16753975,0.20018369
49516,Oligo,-0.034819543,-0.22316617
262392,L4/5 IT,0.033234477,0.2365647
59329,L5 ET,-0.16965413,0.18700069
93356,L5 IT,0.051377952,0.12915695
117133,Astro,0.31860024,0.3138852
222228,L6 CT,0.0470863,-0.18866473
117124,OPC,0.147556,0.13475579
107357,L2/3 IT,0.062196434,0.2802331
59332,L2/3 IT,0.09879494,0.25379193
72042,Vip,0.1673541,0.2765327
103757,Peri,0.013072431,-0.3488086
117071,Endo,-0.0667586,0.17991668
56380,L6b,-0.0035978258,-0.19880942
72131,L4/5 IT,0.46265066,-0.025907487
219109,Endo,-0.24426964,0.12654948
112881,L6 CT,0.09690106,-0.19941103
206708,Lamp5,-0.09596264,0.36707228
74,L5 IT,0.15607423,0.030550659
56487,L4/5 IT,0.4018132,-0.050490648
277300,Oligo,0.10430586,0.21491367
221422,Lamp5,0.35043478,0.27170938
232742,Peri,0.22860366,0.33452702
236250,Oligo,-0.32271448,-0.038505822
245187,Oligo,-0.09256831,-0.16577154
56619,L5 IT,0.25131607,-0.01992312
93055,OPC,0.21279722,0.36842978
245184,L2/3 IT,0.18961096,0.3154102
260896,L2/3 IT,0.07942933,0.28933173
112457,Astro,0.19632798,0.03053844
93059,L4/5 IT,0.39915055,-0.03554538
118056,L2/3 IT,-0.14044276,0.40625912
12992,Oligo,0.007777214,-0.26667142
103304,Astro,-0.06012559,0.41723973
236824,L6b,-0.41139314,0.049554586
118039,VLMC,0.31712312,0.30807227
112465,Endo,-0.16968524,0.1566096
60073,L5 IT,-0.3215325,0.21766561
9146,Endo,0.08898115,0.16144586
201502,Astro,-0.28986382,0.1291436
270580,L2/3 IT,0.21347564,0.31025738
118031,Astro,0.19010705,0.12293321
177345,Oligo,-0.36548787,0.03852272
270961,Astro,0.26490164,-0.19503993
94891,L6 CT,0.12571716,-0.23843741
94910,L6 CT,0.2467097,-0.26681003
176570,L2/3 IT,0.015665054,0.41965556
103212,L4/5 IT,0.36601418,0.012342811
96585,L6b,0.109782636,-0.3093159
7246,Oligo,-0.3026981,0.2569291
107764,L4/5 IT,0.37532604,0.021024108
262498,L6 IT,-0.1152834,0.06136018
176563,Peri,0.13736087,0.35301554
271871,L5 IT,-0.102755755,0.16760397
270547,Astro,0.020722568,-0.24929556
60105,Micro,0.36791724,0.23357928
203063,Endo,0.03568393,-0.2873028
13881,L6 CT,0.16920102,-0.35211313
220613,Oligo,0.10979599,-0.28852636
236834,L5 IT,-0.08280355,0.14625728
93018,Astro,0.20396608,0.36897343
103166,L5 IT,-0.057730466,0.10926485
208005,SMC,0.05294639,0.22819823
199619,L6 CT,-0.0073952973,-0.0859462
242204,L6 CT,-0.23112264,0.15550601
118142,Oligo,-0.34516788,-0.05599135
118121,L5 IT,-0.21064019,0.15087777
199625,Oligo,0.17015833,-0.2575987
56686,L6 CT,0.12203497,-0.25489908
94929,SMC,0.17681032,-0.22140294
93041,L6 CT,-0.26495194,-0.019892335
107739,Oligo,-0.38396427,0.031611383
94928,L6 CT,0.005740285,-0.15977854
207352,L6b,-0.18261904,-0.123150766
267736,L5 IT,0.09095305,-0.036089808
107766,L2/3 IT,-0.20217428,0.4025876
60068,Astro,0.07226205,0.3506707
117972,Oligo,-0.12893328,-0.17835483
7196,Endo,-0.32878464,-0.04535222
12997,L6 CT,-0.13750777,0.004365742
249272,L6 CT,-0.05775076,0.009020746
97935,Oligo,-0.116745174,-0.20779645
14209,Astro,0.18449539,0.37301838
13895,L6 CT,0.020439804,-0.20110083
49179,Peri,-0.33598274,0.1991067
49184,Pvalb,-0.28283387,0.29826242
49195,Oligo,-0.40903446,0.058480322
103513,L6 IT,0.23580396,-0.2813783
94856,Endo,0.2762317,0.34198326
259980,L2/3 IT,0.278071,0.2764774
117606,Endo,0.37308502,-0.03316769
278074,PVM,-0.06611952,0.008904278
97916,L5 IT,-0.2215772,0.23124576
61820,L2/3 IT,0.45463008,-0.019012392
214567,Sst,0.080890775,0.15642071
107515,L5 IT,0.24018723,-0.08798462
56496,Oligo,-0.18912253,-0.13253188
270145,Vip,0.3679405,0.19795984
56493,Oligo,-0.09396574,-0.107509464
177313,L2/3 IT,0.1913597,0.2823165
279200,Endo,-0.11667955,0.18858033
201450,Endo,0.120308876,0.22686166
97922,L6 IT,0.013616741,-0.13207889
49170,Micro,-0.03480509,0.15666151
97948,Oligo,0.010007024,0.2273134
221443,L6 CT,-0.0587596,-0.015943557
51864,L6 CT,0.19347149,-0.22364944
219157,SMC,0.35529387,-0.073384166
103369,Peri,-0.050537974,0.29169875
199723,Micro,0.118284166,0.42437786
103371,Oligo,-0.4629906,0.15708405
59247,Endo,-0.11876771,-0.077754766
219148,L4/5 IT,0.26571387,0.057561755
107594,L4/5 IT,-0.17293954,0.3346892
49055,L5 IT,0.15896821,-0.05872655
218254,L6 CT,-0.08930853,-0.07947868
103409,Astro,-0.2203627,0.2260856
51853,Oligo,0.0038744807,-0.25163853
96626,L6 CT,-0.16959089,-0.09940088
51848,L6 CT,-0.27896038,0.027663171
204556,Oligo,0.07922262,-0.35608602
103421,VLMC,0.12646651,0.41534424
103434,L4/5 IT,0.42874008,-0.06364989
59259,L5 ET,0.35514528,-0.10372895
13348,OPC,0.045064807,-0.2926424
97956,L5 ET,-0.048050314,0.14006299
222341,Astro,-0.16517082,0.43075842
249276,Vip,0.2006008,0.30259967
117734,L5 ET,0.2783411,-0.011859536
240291,L6 IT,0.12073743,-0.1558347
107568,L2/3 IT,0.059657097,0.30328327
177970,L2/3 IT,0.22180986,0.28727347
234328,L2/3 IT,0.06466788,0.2689464
4326,L2/3 IT,0.12300956,0.24465841
197995,L5/6 NP,-0.10180223,0.18463236
216231,L6 IT,0.25759095,-0.1275726
70978,L4/5 IT,-0.16775632,0.27382892
274760,OPC,-0.18516591,0.410599
81191,L6b,-0.17807218,-0.117192805
152268,L5 IT,0.02673322,0.10342407
152302,L4/5 IT,-0.2554618,0.3462963
2804,L6 CT,-0.29433823,0.14830667
152338,L6 CT,0.19714141,-0.30576542
188153,Peri,-0.14013055,0.2718104
254041,L4/5 IT,0.4379406,-0.06249541
81167,L5 IT,0.32241356,-0.05743426
211777,Pvalb,-0.15102541,-0.035965204
31653,Oligo,-0.44823122,0.058025718
215078,Endo,-0.237295,-0.10680306
188129,L6 IT,-0.40422094,0.13934273
16082,VLMC,0.31049246,0.33905596
188116,Endo,0.20838559,0.1366449
240186,Endo,0.3346485,-0.028666168
266296,Pvalb,0.011294842,-0.0637947
152512,Astro,0.2675315,0.27891326
152359,Endo,-0.18563232,0.40691173
81118,L4/5 IT,0.3820312,-0.03197363
31822,Astro,-0.2296302,0.31243467
31838,Peri,0.05297637,-0.2182512
81347,Oligo,0.072093904,-0.31925458
171810,L5 ET,-0.21533796,0.16666895
241037,Oligo,0.2119022,0.059815466
31969,Endo,0.33227575,-0.15590781
81327,L2/3 IT,0.09257609,0.30878323
31967,L5 ET,0.27189338,-0.13040912
67492,L2/3 IT,0.10493463,0.26506335
228316,L6 IT,-0.15232363,0.02242577
151915,L2/3 IT,0.2373091,0.33233547
242999,L6 IT,-0.03354472,-0.01642853
188280,Oligo,-0.256975,-0.11193785
151930,L4/5 IT,-0.15279189,0.29812878
254080,Endo,0.299752,-0.06511578
67521,L6 IT,0.0044996142,-0.09180516
254075,L2/3 IT,0.24667549,0.3220185
228336,Oligo,0.15647447,-0.1482589
152036,L5 ET,0.37990093,-0.06495789
254059,L6 IT,-0.23130742,0.102107346
188241,L6 IT,-0.34286088,0.17614293
31843,OPC,-0.1926392,-0.0352211
247650,L6b,0.09270519,-0.27928594
152548,Oligo,-0.28663152,0.2080012
181697,L6b,0.07270962,-0.2498002
152566,Oligo,0.22860914,-0.1431413
153073,L5/6 NP,0.14572114,-0.018058091
228515,L6 CT,0.20416409,-0.22690341
216191,L2/3 IT,0.07921904,0.28961664
228531,Vip,0.09496236,0.30988407
31248,L2/3 IT,0.2317797,0.31478614
250621,L4/5 IT,-0.12515065,0.24204624
80927,L5 ET,0.2892332,-0.106521666
10729,Oligo,-0.3091762,-0.060281575
171602,L5 IT,-0.108887315,0.13346821
171656,L6b,0.122963905,-0.2716998
16117,Oligo,-0.31593287,-0.062509805
171586,L2/3 IT,0.16275609,0.2348082
31085,L6 CT,0.19087857,-0.21132249
153472,Oligo,-0.090245605,-0.1609903
74733,L6 IT,0.27566147,-0.2586499
274898,Endo,0.21586078,0.3675561
10731,Oligo,0.011942804,-0.3211567
153546,L6 CT,0.18604022,-0.24830586
67717,L6b,0.02100128,-0.18020424
31037,Astro,0.1593504,-0.3013698
31121,L6 IT,-0.18530044,-0.016454637
187942,SMC,-0.107299656,0.0391047
228478,L4/5 IT,0.119940996,0.15715033
235453,Astro,0.38654488,0.13625884
152594,L6 CT,0.0667671,-0.09088883
266308,Pvalb,0.19587892,-0.11095789
152647,Astro,-0.18485817,-0.041438848
188050,Oligo,0.011331737,-0.04893574
10717,Pvalb,0.05538124,0.13877696
152668,L6 IT,0.27269775,-0.14990607
31512,Endo,0.1004706,0.2855174
152681,L5 IT,0.33579183,-0.04062578
152722,L6 CT,0.18213588,-0.13501018
152728,L6 CT,-0.28004634,0.02763462
67646,Micro,-0.12392774,0.07696378
152749,L2/3 IT,0.10486281,0.26948565
188027,L6 IT,-0.026691496,-0.11638561
238105,L2/3 IT,0.39878488,0.02001518
228422,L6 CT,-0.1675125,-0.039068937
239235,OPC,0.26831508,-0.103562295
152873,OPC,0.396084,0.16871744
228445,L4/5 IT,0.38265663,-0.03506252
181730,Astro,0.08790541,-0.060336143
152962,L2/3 IT,0.13121468,0.29727328
152976,Micro,0.13791776,0.2210992
31992,L5 IT,0.3188085,-0.14481243
238062,L6 IT,-0.10718486,-0.0029708743
151792,Sst,-0.10947028,0.2572704
277618,Oligo,-0.4429703,0.015903354
150716,L2/3 IT,0.28328598,0.2676158
32620,Oligo,-0.38646784,-0.0077747405
228052,L2/3 IT,0.40727657,0.06639296
32612,Oligo,-0.017692596,-0.23072192
228066,Oligo,-0.0482862,-0.25035244
254279,Astro,0.26758665,0.3445354
74627,SMC,-0.3323895,-0.06438279
150757,Lamp5,0.07778573,0.32259494
150762,L6 IT,0.0026988387,-0.11569378
150713,L2/3 IT,0.12946653,0.274355
266217,L6 CT,-0.08620328,-0.01486358
171954,L6 CT,0.0670138,-0.039850295
171944,Oligo,-0.081278056,-0.1362009
32545,L6 IT,-0.33967078,0.07465392
81620,Oligo,-0.09345594,-0.109564155
150918,Astro,0.08249736,-0.30474025
171917,Oligo,0.010560751,-0.3314814
151003,Astro,-0.30778533,0.1904211
216325,L2/3 IT,0.36128896,0.20517719
81604,L6 IT,0.08414501,-0.12096575
181595,L4/5 IT,0.050447345,0.20509309
32639,L4/5 IT,-0.2475175,0.3370406
67274,L6 CT,0.18640882,-0.26333517
211564,L5 IT,0.0386917,0.1831792
274623,L6 IT,0.1371643,-0.060516328
150474,L5 ET,0.11408043,0.01853782
254323,L5 ET,0.3081836,-0.1498026
171989,L5 IT,0.27610838,-0.036197126
32726,OPC,-0.22507012,0.018448293
81760,L6 IT,0.31691086,-0.12555262
32717,Oligo,-0.21680182,0.22406441
32703,L6b,0.13606143,-0.28033257
266195,L6 CT,0.17176068,-0.3412847
188769,Oligo,-0.023923457,-0.2414597
150613,L6 IT,-0.14307722,-0.04402125
213986,Lamp5,-0.03834185,0.34387225
81723,L2/3 IT,-0.06279644,0.42657804
150642,L2/3 IT,0.28168654,0.2868666
32660,L5 IT,0.17578125,0.1031732
254305,Endo,0.15552753,-0.25241688
10655,L4/5 IT,0.43269384,-0.02383563
150647,Astro,-0.39939198,0.086017966
150667,L6 IT,-0.06118861,-0.049875647
254297,L5 ET,0.15749317,0.060284734
32646,Pvalb,-0.2137618,0.18220896
228112,Oligo,0.06956488,0.14532852
253817,Lamp5,0.05486393,0.4258188
151033,Oligo,-0.12792677,-0.17526841
151057,Oligo,-0.17906535,-0.15287602
254171,Micro,0.008654714,0.34520394
151539,L5 IT,0.1315918,0.14324218
276618,L4/5 IT,0.33844936,-0.024099559
32156,L4/5 IT,0.33977884,-0.025421113
32144,L2/3 IT,0.088746905,0.23276472
151604,L5 IT,0.15820569,-0.0016729534
67446,Sst,-0.28494716,0.13100702
32110,L2/3 IT,-0.11277318,0.40914422
274710,L6 IT,0.1918096,-0.10641715
151520,Peri,-0.030127406,-0.04676214
151679,L5 ET,-0.23363349,0.21718037
188371,OPC,-0.27541965,0.33763885
151719,Endo,0.0947063,0.16581601
188368,Endo,-0.12793139,-0.17397994
67457,L5/6 NP,-0.14459068,0.14462548
151726,Micro,0.3746298,-0.06549746
151728,Astro,0.014382362,0.3797465
266274,L2/3 IT,0.25156146,0.30337292
151741,L6b,-0.114438385,-0.13137925
216264,Lamp5,0.43390012,0.16216141
2906,L6 IT,-0.1199542,0.11447269
151469,Astro,-0.08273816,0.43884152
81461,Pvalb,-0.10497287,0.21416485
151346,L4/5 IT,0.39084208,0.00047290325
216322,L2/3 IT,0.21528584,0.26923913
278409,L2/3 IT,0.36967105,0.13170338
151059,Peri,-0.3978242,-0.008163631
151081,Astro,-0.09480876,0.3320371
70997,Oligo,0.053369284,-0.18840304
67362,Pvalb,-0.050631136,0.25026643
32371,Micro,0.2102536,0.17984927
278170,Oligo,0.16652793,0.36411107
81544,Peri,0.039607286,-0.23958692
151149,L4/5 IT,0.07244247,0.16132408
171879,L4/5 IT,0.27202803,0.040110588
243790,Sst,0.3039043,0.21900696
151182,L2/3 IT,0.2632432,0.17457306
151205,Oligo,-0.17524084,-0.15315217
151226,L6 CT,-0.12754458,-0.0023261309
250576,L6 CT,-0.24264166,0.01441282
32285,Pvalb,0.1753158,-0.22380161
266261,L6 IT,0.109790504,-0.13592473
151330,L4/5 IT,0.13656294,0.20263535
151332,L4/5 IT,0.3932938,-0.04560718
32270,L6 CT,0.08544588,-0.10409403
81588,L6 CT,-0.090522885,-0.027276725
266354,L6 CT,0.15769416,-0.24340898
153587,Astro,-0.36100894,0.17621559
153596,L6 CT,0.21884376,-0.29431286
228886,L6 CT,-0.2544461,0.23669302
155687,Oligo,0.028767884,-0.30458787
29910,L4/5 IT,0.059707344,0.20938945
276558,Sst,-0.33426708,-0.020714432
70911,L6 CT,0.08536863,-0.21512163
155698,Astro,0.31146014,0.05761516
155707,Astro,0.3008414,-0.07463816
155722,Pvalb,0.056675136,0.16645557
228920,L6 CT,-0.21182582,-0.0788334
228883,L2/3 IT,0.34927237,0.13830179
275152,L2/3 IT,0.39335817,0.035435915
253457,Oligo,-0.14919019,-0.15033764
155871,L6 IT,0.006140232,-0.03332457
155922,Oligo,0.05914253,-0.31852624
171184,Astro,0.1526779,0.106488466
212125,L6 IT,-0.20373699,0.034274995
29720,L4/5 IT,0.17732215,0.14867204
155993,L6 IT,0.16481274,-0.13558969
29706,L5 IT,0.2959593,-0.06334573
278378,L2/3 IT,0.29640305,0.28529727
155851,Oligo,0.20870155,0.18337631
187058,L5 IT,0.3866158,-0.11562064
155650,Oligo,-0.20192263,-0.09431124
29931,VLMC,0.25852823,0.3633008
171265,Sst,-0.3705656,0.09608972
187238,L6 CT,-0.14658368,-0.09880689
187220,L4/5 IT,0.10349131,0.17724204
30177,Peri,-0.2938824,-0.10233548
155180,L6 CT,-0.051279932,0.060973167
10795,L4/5 IT,-0.21705133,0.33205432
171248,L6 CT,0.14355445,-0.20737931
155286,L5 IT,0.3738315,-0.15805504
155288,L2/3 IT,0.2387358,0.17775917
30091,Oligo,-0.11949003,-0.18678063
80190,L4/5 IT,-0.030706078,0.23250687
250721,Pvalb,-0.2655127,0.33528644
155370,Oligo,-0.37802446,0.07119745
70916,L6 IT,0.27154,-0.16935003
231738,Astro,-0.10390803,-0.2166445
155493,L6 CT,-0.10129961,-0.122140855
155521,Astro,-0.1190508,-0.13321304
238242,L2/3 IT,0.20512855,0.36795127
74830,OPC,-0.23602718,0.09180063
155602,L2/3 IT,0.23024595,0.31742394
228863,L4/5 IT,0.41813707,-0.10540247
253419,Endo,0.21905458,0.32705045
171269,L6b,0.117667675,-0.2985918
156068,OPC,0.14872557,0.20619625
186884,Astro,0.15683293,0.17643028
186764,L4/5 IT,-0.24879175,0.33434832
29456,Lamp5,-0.0042761564,-0.2401003
29418,L6 CT,-0.015597612,-0.02828452
212194,L4/5 IT,0.117069125,0.10162413
29408,OPC,-0.26541477,-0.009415209
29402,Endo,-0.12990597,0.34855962
156639,L6 CT,0.052207112,-0.1675416
29383,Micro,0.017418146,0.009953201
266533,L4/5 IT,0.02588445,0.20934355
156560,L2/3 IT,-0.18172553,0.3876329
156645,Astro,0.14721501,0.2543993
68266,SMC,-0.0029452145,-0.058184266
29356,L5 ET,0.25879413,-0.13339126
186700,L4/5 IT,-0.17550242,0.33064038
229052,Micro,-0.1026302,0.28021777
231704,Pvalb,0.23918146,0.22446388
156844,L6 IT,-0.26392156,0.012776613
171092,L4/5 IT,0.16905713,0.13943714
186660,L6 IT,0.07627863,-0.05260092
156888,L5 ET,-0.07413754,0.16494542
186706,Endo,-0.16611466,0.21892422
79837,L5/6 NP,-0.10299745,0.031156898
253298,Micro,0.098046124,0.23392618
156524,Astro,0.31449485,0.031841934
156193,L5 ET,0.15610522,-0.017156094
186881,Oligo,-0.18940762,-0.12197846
74840,L6 CT,-0.05476305,-0.034776747
79956,Micro,0.0060142875,-0.027486503
68172,L6 IT,0.005361378,-0.15559036
216016,Micro,-0.06658521,-0.13106218
68175,Astro,-0.018375486,0.0077426434
156260,SMC,-0.4343443,0.1360774
70893,Endo,0.17138487,0.38711065
79920,L4/5 IT,0.36480236,-0.016317576
156309,Pvalb,-0.10679814,0.42093474
171162,OPC,0.17805654,-0.29966494
156376,L6 CT,0.13184017,-0.2823578
68215,Oligo,-0.12267399,0.24820614
212157,L2/3 IT,0.18076718,0.35993952
16290,L5/6 NP,0.19413137,-0.019203484
229022,Oligo,-0.36477965,-0.026316822
68227,Oligo,-0.30686772,0.07292831
186804,Oligo,-0.07997188,0.16666085
276550,L6 CT,-0.012773037,-0.07471189
156503,Lamp5,0.36097658,0.04464358
16271,Astro,-0.32776192,0.23723131
279848,Oligo,-0.26449805,-0.11067599
80277,Endo,0.11630261,0.251886
228786,L6 IT,0.10672933,-0.017888159
80692,VLMC,0.18529081,0.38695073
216134,Peri,0.16513324,0.08332175
187642,L5 ET,0.24420696,0.008819401
266377,L5 ET,0.27649242,0.008518279
30836,L2/3 IT,0.14757216,0.32751846
228631,OPC,0.025634646,-0.05546099
154063,Astro,0.19054115,0.20696914
253748,Endo,0.24519008,-0.062886775
16157,L2/3 IT,0.17774504,0.29628563
274925,L5 ET,-0.07571164,0.1317532
154081,Sst,-0.13158867,-0.15426117
154106,L6 CT,-0.12331939,-0.094543576
80620,VLMC,0.31166965,0.328739
247806,L6 IT,-0.04458165,-0.0037192404
154142,Oligo,-0.14029485,-0.17134553
80608,L5 ET,0.37968504,-0.123630315
276572,Micro,-0.21023208,0.33389324
2560,L6 CT,0.12662101,-0.49219847
279914,Oligo,-0.3963152,0.1135084
30660,L2/3 IT,0.04038447,0.35251254
30764,Lamp5,0.03866166,0.41330904
267485,Oligo,0.12085825,-0.36327654
153918,L5 ET,-0.17033559,0.17645723
80698,Oligo,-0.24170497,-0.14168534
67730,OPC,0.15096307,0.3994072
228588,L5 IT,0.12093407,0.1369155
153634,L5 IT,0.3017615,-0.005957663
153657,L5 ET,0.04043132,0.118156254
274907,L5 ET,-0.026395291,0.13300604
171514,L6 IT,-0.3122423,0.070498824
187725,L6 CT,0.11638087,-0.18322507
181796,Endo,0.14891464,0.36567765
67753,L4/5 IT,0.05740112,0.17119598
80782,L2/3 IT,0.2274893,0.33825243
228600,Peri,-0.24759528,0.28093302
74758,Oligo,-0.0893918,-0.19999889
10741,L2/3 IT,0.21079147,0.29444772
21738,Sst,-0.2381798,0.0944854
153812,L6 IT,-0.16721746,0.07202524
70936,L4/5 IT,0.0108193755,0.2259382
187673,L5 IT,0.20415777,-0.074967235
2596,L2/3 IT,0.4108348,0.12280482
171473,L6 IT,0.2077058,-0.25403047
187662,Endo,-0.24671525,0.068315625
833,L6 CT,0.17171592,-0.1508964
154253,VLMC,0.22245693,0.3794471
155031,VLMC,0.15741402,0.40286493
171432,L6 IT,0.29148388,-0.1837765
67886,Endo,-0.0031948388,0.33574665
187354,Peri,-0.31414092,0.0804317
212010,Oligo,-0.095249295,-0.17205077
266442,L2/3 IT,0.25261438,0.30998307
268581,L4/5 IT,0.0464015,0.17568338
21769,L6 CT,0.14501047,-0.23279741
171312,L2/3 IT,-0.1541382,0.41962236
187335,L2/3 IT,0.1808424,0.32892865
212014,L6 CT,0.04775554,-0.115059406
80343,L2/3 IT,0.19175076,0.3125633
154761,L5 IT,0.27876842,-0.023351103
154794,Micro,0.2543581,0.0070560575
11366,L5 IT,0.114774525,-0.024825454
275004,L6b,-0.31818256,0.05162978
154885,Micro,-0.19802818,0.1905157
80318,Astro,0.1381259,0.27918488
154886,L2/3 IT,0.41354,0.05007291
154908,Endo,0.14217257,0.2295804
154921,L5 ET,-0.029713035,0.14851862
275006,L5 IT,0.05798018,0.14060932
253608,L2/3 IT,0.24740475,0.31016493
228746,L2/3 IT,0.21513826,0.29703254
80375,SMC,0.21558493,0.16628158
154715,L2/3 IT,0.17232716,0.31642944
171348,L2/3 IT,0.2951262,0.2817946
30624,L2/3 IT,0.22965539,0.32670212
154300,Astro,-0.12641409,0.12565768
10765,L4/5 IT,-0.036520988,0.23018944
16167,Pvalb,0.28650343,0.12203342
80493,L2/3 IT,0.2608344,0.28970408
243011,Oligo,-0.22259772,-0.09223428
171423,L4/5 IT,-0.066426575,0.19416314
247829,Astro,0.25460237,0.3547809
80470,L4/5 IT,-0.17784706,0.362431
2538,Astro,0.27927417,0.17011839
2533,L6 CT,-0.2312809,0.12617666
154521,L6b,-0.106966555,-0.1502783
74794,Pvalb,0.08081645,0.049832642
80430,L2/3 IT,-0.031814396,0.32957476
171410,L6 CT,-0.1937657,0.11392951
80419,L6 CT,-0.10458642,-0.10763484
30496,L5 ET,0.15612614,-0.039783
2502,L4/5 IT,0.069488525,0.18749195
80393,Endo,-0.3771065,0.09820479
80392,Oligo,-0.15217021,-0.17228466
154681,L2/3 IT,0.13756466,0.32393628
243735,L6 IT,-0.40168628,0.08018702
150448,Oligo,-0.069090396,-0.2033748
227995,L2/3 IT,0.11274624,0.29655337
32790,L6 CT,0.16846877,-0.25549823
146016,L6b,0.10329813,-0.30381536
276713,L2/3 IT,0.28982157,0.25500035
146037,L4/5 IT,-0.09891856,0.25707924
83424,L4/5 IT,-0.25052446,0.3469711
172669,Astro,-0.2523619,0.22513145
190325,VLMC,0.17579114,0.40785342
34938,L2/3 IT,0.0067596436,0.39477628
83401,L2/3 IT,0.36763364,0.094216704
10459,Vip,-0.0477947,0.3681993
172691,L2/3 IT,0.3348214,-0.0046739876
255150,Astro,-0.096940756,-0.19495353
146144,Astro,0.19780862,-0.34482592
211042,Endo,0.1463756,-0.35178438
190270,Oligo,0.05168587,-0.30321863
10471,Micro,-0.26339117,0.30567986
190265,Oligo,-0.16251871,-0.1608488
21133,Endo,-0.019639045,-0.18154377
34854,Oligo,-0.22755894,-0.050340682
211062,Astro,0.09702015,-0.33836663
15727,L5 IT,0.054738164,0.14332628
146137,Astro,-0.106372714,-0.13089341
145972,L6b,0.009026051,-0.19177747
172694,L2/3 IT,0.31077486,0.20862615
255196,L2/3 IT,0.20862651,0.28178972
145600,Oligo,0.12842947,0.15937614
3541,PVM,-0.08374444,0.39803082
145660,Astro,0.03440404,-0.2834521
145664,L2/3 IT,0.22268325,0.28423315
145729,L6 IT,-0.26021302,0.029800057
35099,Oligo,0.0307433,0.19920307
250445,L2/3 IT,0.047870636,0.36391068
145759,L6 IT,-0.30467802,0.108323455
247253,SMC,-0.21197677,0.26955765
265873,Oligo,0.11110854,-0.34260607
190410,L2/3 IT,-0.049707443,0.34820247
265878,L6b,0.06593746,-0.20720264
145822,L6 CT,-0.39919198,0.1740976
91386,Endo,-0.021742195,-0.059628844
255212,L5 ET,-0.02236253,0.16654491
145851,Oligo,-0.08908743,0.066304564
145862,Astro,-0.22422051,0.37032223
255209,Pvalb,-0.042469263,-0.06281212
71145,Endo,-0.30913198,0.039232492
215046,L6 CT,-0.1729208,-0.028136253
3505,L2/3 IT,0.0947693,0.23779643
146284,L6 CT,-0.11999744,-0.074444294
255293,L4/5 IT,-0.024154842,0.33049768
66538,Astro,-0.1733228,0.21500206
3469,Oligo,0.16083336,-0.21441811
21167,Micro,0.35832602,-0.08347696
214042,L5 IT,-0.17195106,0.20783609
34631,L5 IT,-0.27910024,0.23843092
66626,Oligo,-0.013650924,0.14544666
146851,L6 IT,-0.33220416,0.07779968
146857,Oligo,-0.035399616,-0.11646822
268856,L6 IT,-0.20186222,-0.00070518255
172579,L5 IT,0.05824828,0.32040763
34607,L2/3 IT,0.1356638,0.24560934
34657,L4/5 IT,-0.057470888,0.24293327
265959,L4/5 IT,-0.00329566,0.27478898
189981,Micro,0.18013763,0.33167136
146924,L6 CT,0.27240568,-0.21769059
254987,L2/3 IT,0.20752436,0.32028377
34568,L6 CT,0.2198354,-0.31882757
146939,Astro,0.17574418,-0.1329042
146947,Oligo,0.003299296,-0.25873286
233693,Endo,-0.219661,0.2332657
66657,L6 IT,-0.16116977,0.06221205
189962,L2/3 IT,0.153355,0.32070488
216558,L4/5 IT,-0.23194286,0.29545796
34662,Micro,-0.013644099,-0.09721622
83195,L2/3 IT,0.30206895,0.1944626
146721,Oligo,0.17550695,0.13190484
3468,VLMC,0.17471588,0.429222
190224,SMC,0.03804159,-0.04075548
172644,L6 CT,0.07760465,-0.12871277
34808,Oligo,-0.21718961,-0.11603263
83302,L6 CT,-0.16335273,0.040715396
83289,Oligo,-0.070157796,0.19921994
190166,L6 CT,0.116627395,-0.10261473
255085,L5 ET,-0.12132734,0.09352541
172622,L2/3 IT,0.23727334,0.30206472
146451,L5 IT,0.02526623,0.1828512
34753,L6 CT,-0.010163188,-0.110880226
146517,L2/3 IT,0.1042586,0.30648202
66575,L6 CT,-0.1187492,-0.030593216
190117,L4/5 IT,-0.15395701,0.2802515
274286,Vip,0.34586513,0.21333784
247329,L5 ET,-0.0419237,0.13595855
250452,L5 IT,-0.17505732,0.22624081
215061,Oligo,0.05419296,-0.30469748
216573,L5 IT,-0.11338043,0.24893641
146663,L6 CT,-0.072298825,-0.066960335
235508,L5/6 NP,-0.14609507,0.19054449
34825,L6 CT,0.16322494,-0.3453368
227371,L4/5 IT,0.089763284,0.16904527
145541,Oligo,-0.3687625,0.19634724
190494,Astro,-0.22562444,0.2438618
172983,L2/3 IT,0.15855229,0.3170101
3677,L6 IT,-0.46393365,0.051000655
247155,L2/3 IT,0.18031055,0.23040324
241301,VLMC,0.30352706,0.3224014
181295,L6 CT,-0.20938703,0.0834685
190847,Oligo,-0.123434395,0.2390154
144391,Sst,0.2225914,0.14811695
232000,PVM,0.013365567,-0.051407754
144401,L2/3 IT,0.42162168,0.09528011
144231,OPC,-0.2528553,0.13827324
144431,Endo,-0.044897556,-0.060013235
144498,Astro,-0.20010862,-0.026239008
190808,L6 CT,0.13751894,-0.24161449
144512,L5/6 NP,-0.15071341,0.13166249
210820,Astro,-0.036160707,-0.2157819
21046,L4/5 IT,-0.16749263,0.32575947
144605,Endo,0.058778107,0.16440988
3652,Endo,-0.062674016,0.18333286
66287,L6 CT,0.17823726,-0.17000839
83876,Astro,-0.3980522,0.1507014
214061,L5 IT,0.05986482,0.17771
35796,L2/3 IT,0.41185397,0.033514798
35818,L2/3 IT,0.15138388,0.2917921
144181,L5 IT,0.25261104,-0.016457379
226805,Endo,-0.012670189,0.14005679
21005,Endo,-0.09732473,0.41108817
247145,L2/3 IT,-0.2024261,0.41633046
74277,L4/5 IT,-0.17318654,0.3670128
226814,L5 IT,0.30182683,-0.003447324
216726,L5 IT,-0.22650614,0.1633488
3698,Astro,0.06406903,0.16662955
84084,Astro,-0.1946876,0.36811095
35872,Sst,-0.4268299,0.1339634
190967,L5/6 NP,-0.19843462,0.17176205
84051,L5 ET,0.08539963,0.09461343
255544,Oligo,0.03543544,-0.29287294
35861,Oligo,-0.18363571,-0.124620646
144081,L6b,0.17040658,-0.28914917
190948,L6 IT,0.28521925,-0.17459512
144111,Lamp5,0.4296769,0.07049632
210783,OPC,0.12365711,0.19472802
144124,L6 CT,0.07793182,-0.09546703
144128,L4/5 IT,0.097617865,0.19423497
226870,Oligo,0.106996536,-0.37138462
144173,VLMC,0.3914889,0.23497486
226959,L6 IT,0.049687564,-0.12170842
190482,L6 IT,0.21575445,-0.18695036
144652,L2/3 IT,0.20804828,0.29615873
35597,L6 IT,-0.07590157,-0.021750093
145153,Pvalb,-0.4353096,0.10616118
145180,Endo,-0.06542531,-0.097037524
210893,PVM,0.06631416,0.24941772
35307,L6 CT,0.2248072,-0.19022357
145244,Pvalb,-0.2060973,0.1990642
145253,L4/5 IT,0.32231975,-0.0023741424
83664,L2/3 IT,0.29184538,0.14257318
83653,L2/3 IT,-0.18655044,0.3455875
190569,Oligo,-0.37307107,-0.017515868
181336,Oligo,0.019681573,-0.2756269
190548,Oligo,-0.0893147,-0.19656381
190545,L5 IT,-0.021102816,0.011664867
145394,L6 IT,0.0132315755,-0.087677926
241259,L6 CT,0.22337943,-0.16810516
190533,Oligo,0.024867892,-0.26176208
35211,L6 IT,0.17284167,-0.1132268
83604,L2/3 IT,0.2140311,0.17820865
83602,Endo,0.0006791353,0.004150629
268895,L4/5 IT,0.41655523,-0.029884815
145503,L6 CT,0.108383715,-0.1208016
83624,L6 CT,0.08107424,-0.11087504
277636,Oligo,0.07136345,-0.3670689
66368,L2/3 IT,0.24003154,0.20963156
190650,L4/5 IT,0.36553252,0.015706956
190744,PVM,-0.10916084,0.37246734
265813,L6 IT,0.20839506,-0.2435753
144734,Endo,0.196078,0.16363144
226991,Astro,0.06115246,0.13340414
216670,L5 IT,0.31783122,-0.034471482
210855,Pvalb,-0.024849474,-0.107756555
237800,Endo,-0.14198574,-0.0453434
144881,Oligo,-0.13683254,0.19869918
227028,L2/3 IT,0.288095,0.19569057
227045,L6 IT,-0.4038201,0.11825514
274168,Astro,0.04561752,0.3109532
144922,Astro,-0.27187806,0.26105243
144942,Oligo,-0.16792762,0.19311845
83768,L6 CT,-0.41910392,0.14494598
274180,Sst,-0.3287892,0.1943366
144995,L6 CT,-0.14685637,-0.052348644
190663,L6 CT,0.21343201,-0.18974078
35394,Pvalb,0.25198466,0.035393476
210865,L6 IT,0.01141125,-0.12823898
190653,L2/3 IT,0.3389144,0.19057119
210875,Endo,0.28059632,-0.04326281
144655,Micro,-0.20788705,0.08322549
29311,Astro,-0.33698446,0.21132076
247381,VLMC,0.2931007,0.33660126
189933,L6 CT,0.14980823,-0.17906952
67026,L5 IT,0.21325749,-0.09063366
266115,L6 IT,0.16525823,-0.14563361
181515,L2/3 IT,0.096078396,0.35968846
227783,Sncg,-0.054285526,0.42656457
149254,Oligo,-0.038436383,-0.2379888
227791,L6 IT,0.22859466,-0.19328356
15869,Pvalb,-0.15852842,0.33290935
181523,Oligo,-0.101328135,-0.19716412
149326,L5/6 NP,0.12340796,0.08788377
149193,L2/3 IT,0.2649153,0.14653075
149330,L2/3 IT,0.09521788,0.25186694
189239,Pvalb,-0.264158,0.35497123
33359,L5 IT,-0.16037428,0.21631747
149380,L5 IT,0.4250698,-0.105712235
149418,L6b,-0.33124658,-0.016378164
254503,L5 IT,0.32208705,-0.05603817
3172,L6 CT,0.19872516,-0.27700013
82165,Micro,-0.14180598,0.35155982
74541,L6b,-0.35090548,0.06785488
149512,Pvalb,-0.22832465,0.23061723
10602,L4/5 IT,0.2844172,0.0301072
15855,Astro,-0.14741638,0.3699544
149137,Micro,0.31803745,0.29421192
149085,Endo,-0.20032826,0.30028015
148788,L4/5 IT,0.36820525,-0.038497537
33659,Lamp5,0.23808444,0.36775285
172275,L4/5 IT,-0.107260495,0.22757787
33633,Micro,-0.004545808,-0.18842784
148829,L6 IT,-0.07602614,-0.004704058
33627,Pvalb,-0.40590483,0.16271001
189359,L5 ET,-0.030921668,0.14968306
3231,Oligo,0.014947116,-0.28560117
33607,Oligo,0.40036988,0.12278026
189355,L6 CT,-0.043512553,-0.087090105
231886,L6 CT,0.12610573,-0.2716003
268770,L6 CT,-0.06801236,-0.082276314
74515,L2/3 IT,0.4365524,-0.00679034
274468,L5/6 NP,0.08402336,0.025741339
148922,Sst,0.39956844,-0.011912286
172206,Oligo,-0.03440827,-0.20825279
148957,SMC,0.082545936,0.4394337
33554,L6 CT,-0.08793628,-0.011685818
67015,Astro,0.04052216,0.36103255
82294,L6b,0.15526664,-0.35201374
33515,Oligo,-0.10304707,-0.18226394
149535,L2/3 IT,0.028448522,0.39864194
241155,Lamp5,-0.20658413,-0.10962185
227818,Oligo,-0.038519412,-0.24926838
33248,L2/3 IT,0.30344594,0.16845733
149905,Oligo,0.018429935,-0.26989627
189027,Oligo,0.10554433,-0.35331365
81955,L5 IT,0.02300483,0.12042928
149961,L2/3 IT,0.18018597,0.29260713
248927,L5 ET,0.26264745,-0.13316163
32979,L5 IT,-0.014458358,-0.004676193
150048,Oligo,0.20919687,-0.010669678
32965,OPC,-0.0035254955,0.4562177
211485,L5 ET,-0.087040216,0.1922968
172110,Astro,-0.15563038,0.19732517
67182,Pvalb,0.13579726,-0.23990655
188925,Endo,-0.042030454,0.06240475
172007,Lamp5,0.11990988,0.418639
32850,L4/5 IT,0.4311036,-0.062573016
150283,L6 IT,-0.40826014,0.088636756
150310,L4/5 IT,-0.21058163,0.36403
266172,Pvalb,0.3113745,0.24836129
32838,L4/5 IT,0.33619606,-0.001262039
67216,L6 IT,0.20466709,-0.11694521
188835,L6 IT,-0.11892879,0.032360196
10644,VLMC,0.27635753,0.32612348
278419,Pvalb,-0.15470675,0.27612495
149884,Oligo,-0.09044474,0.039715588
33092,Oligo,-0.21801704,-0.031093657
276662,L2/3 IT,0.15783119,0.32673615
33236,L6b,0.12533545,-0.27655363
181537,L2/3 IT,0.14483231,0.3143326
216404,Pvalb,-0.20553985,0.20021755
237977,L4/5 IT,0.023363888,0.26251936
215072,Endo,0.0027407408,0.14633012
10625,L2/3 IT,0.38485932,0.17998481
15895,Oligo,-0.25868154,-0.08182788
10626,SMC,-0.11201623,0.3379612
15899,L6 IT,-0.19706032,0.09897423
248932,L2/3 IT,0.2012586,0.32399303
211446,SMC,0.17195392,-0.06854117
3120,Astro,0.3323018,-0.13329437
254459,L2/3 IT,0.29126674,0.27925646
266144,Peri,0.10707015,-0.35519403
82030,Lamp5,0.27179617,0.30924278
149782,L5 ET,0.28773218,-0.15091297
189072,Endo,0.2682451,0.3223946
82017,L5 IT,-0.21456882,0.20237607
149849,Peri,0.04762596,0.13712776
189041,Sst,0.25531298,0.28829664
211432,Oligo,-0.43416733,0.03264296
147001,L6 IT,0.40562445,-0.06279495
33694,Oligo,-0.018682718,-0.24255702
148714,L2/3 IT,0.2920996,0.30371284
34373,Oligo,-0.10378289,-0.2064369
3385,OPC,0.09413916,-0.3584637
214026,Oligo,0.063308,-0.32193375
254881,Lamp5,0.44116628,0.17745286
247397,Oligo,-0.3721844,0.15248543
181433,L2/3 IT,0.28606117,0.18968219
147472,L2/3 IT,0.14427042,0.23340315
189770,L2/3 IT,0.17169333,0.2350573
82849,L6 CT,0.19999015,-0.1359328
242977,L2/3 IT,0.056829333,0.32282704
34332,Endo,-0.10785699,-0.120314926
172457,L4/5 IT,0.058748305,0.1594693
248956,Endo,-0.13254675,0.20206511
82826,L2/3 IT,0.08359671,0.25682372
189736,Micro,0.059351683,-0.33961278
82824,L6 CT,-0.21848294,0.0521819
34254,L6b,-0.40943068,0.059676766
34239,L2/3 IT,0.41060454,0.0023906827
214017,L4/5 IT,0.0520342,0.16174215
34176,L6 IT,0.07765871,-0.048744053
21218,Astro,0.22014916,0.35769778
34403,Oligo,0.063723385,-0.29995236
254898,Astro,0.20010412,0.3814429
66714,Oligo,-0.05242011,-0.2019633
237877,Endo,-0.19814354,0.2952109
227406,L6 CT,-0.07553062,-0.06839687
147051,Endo,0.2897662,0.23043019
34532,L2/3 IT,0.40439373,0.046658754
233688,Astro,0.33248538,0.2650246
147072,L5 IT,-0.094653994,0.053765178
83009,L5 ET,-0.12165272,0.14718169
147104,Micro,-0.22127968,0.44098645
82996,Oligo,-0.16831198,0.1069563
82987,Pvalb,-0.17296657,0.14971685
82980,L6 CT,-0.09763682,0.02915287
34499,Astro,0.34561968,0.2938276
66678,Endo,-0.1319331,0.4789471
267524,L2/3 IT,-0.18426499,0.395786
279801,L2/3 IT,0.15096247,0.34332407
254929,Astro,-0.0968329,-0.20453876
34473,L2/3 IT,0.30475497,0.10656303
147217,L6 CT,0.16397607,-0.4049127
227429,Pvalb,-0.23129728,0.32944208
216534,L6 CT,-0.08833119,-0.15600964
34463,L6 CT,0.20074326,-0.17662719
147863,Astro,0.017780423,-0.23172784
148729,L2/3 IT,0.13862258,0.2987911
147884,L6 CT,-0.05919087,-0.02039507
211210,Oligo,-0.14040384,-0.15293828
172371,Endo,-0.3557763,0.13530219
172333,Astro,0.24262482,-0.17588973
33869,L4/5 IT,-0.17924073,0.24658078
66910,L5 ET,0.22869354,0.006931126
227656,PVM,0.03175485,-0.0059660375
278435,Oligo,-0.27232826,0.25705075
266061,L2/3 IT,0.14794719,0.29810095
148499,L4/5 IT,0.39844286,-0.07866219
247455,OPC,0.18405956,0.35166097
3291,L6 CT,-0.057623,-0.03670445
82493,Oligo,-0.14507824,-0.16976428
254627,L2/3 IT,0.34608328,0.2186535
82481,L4/5 IT,-0.019378662,0.3015241
189445,L5 IT,0.02871716,0.115718484
71068,L6 CT,0.018930316,-0.017762065
216457,L5 ET,0.17348117,-0.052442014
33734,OPC,0.08534509,0.37028444
10581,Endo,0.33688474,-0.082285285
74495,L6 IT,0.25595844,-0.12736467
274456,L2/3 IT,0.31262994,0.2275595
21307,OPC,0.19360197,0.34611177
148323,L6 CT,0.12217629,-0.25050715
241169,L6 CT,-0.14981806,-0.07478854
82590,Oligo,-0.018418074,-0.20069334
15804,Astro,0.32598943,0.18639731
147990,L6 CT,-0.38793132,0.13591248
239271,Astro,-0.19989234,0.19199759
34054,L5 IT,0.30633456,-0.023835003
34042,L6 CT,-0.022504598,-0.13641897
254713,Endo,0.22874844,0.35000712
82660,L2/3 IT,0.15062249,0.28547847
33998,Pvalb,-0.24788365,0.19133747
238796,Astro,0.38615537,-0.060548514
274406,L5 IT,0.100755155,0.06047839
3321,L6 IT,-0.40059835,0.110019624
189583,L6 CT,0.11063701,-0.12924194
235492,Oligo,-0.26008552,0.023860633
82633,L6b,-0.030763447,-0.17479166
148168,L2/3 IT,0.14505512,0.33928877
247439,Endo,0.21233582,0.33370537
172406,L4/5 IT,-0.2143048,0.35610914
3298,PVM,-0.31193072,0.2513016
254678,L4/5 IT,0.41576385,-0.08427116
82596,L5 IT,-0.15068007,0.06805134
181456,Astro,-0.24569073,0.29224694
189675,Micro,0.12117159,0.419097
143953,Oligo,0.02032274,-0.2991558
171091,L6 CT,0.14131099,-0.23100728
171083,L2/3 IT,0.11817938,0.316894
238577,L5 ET,-0.22619772,0.22627974
164937,Oligo,0.1029138,-0.34210914
182335,Micro,0.1286363,0.04391128
183963,L4/5 IT,-0.08650273,0.23160255
76855,L6 CT,-0.2787751,0.07367265
165080,L6 IT,-0.077795535,-0.045954168
17204,Lamp5,0.17181772,0.38411546
170003,PVM,0.06760657,0.13292181
165094,L6 CT,-0.26769674,0.121806026
183991,Astro,-0.014828742,-0.23336875
250953,PVM,0.1676827,-0.019036204
268279,SMC,-0.15436777,0.4790138
169977,L6 IT,-0.25768447,0.040249348
169969,L4/5 IT,0.38003623,-0.055276126
183903,Vip,0.40530866,0.14962542
22372,Oligo,0.23498565,0.0013802052
165305,Micro,0.20108563,0.31277472
69949,Oligo,-0.078583,-0.19712585
165315,L4/5 IT,0.096934676,0.17909461
165344,SMC,-0.044819593,-0.022319764
76829,L6 IT,0.2965408,-0.12591949
183857,OPC,-0.40634155,0.121551335
183995,Oligo,-0.03624308,-0.24524835
164789,L2/3 IT,0.22880363,0.2652378
164364,Oligo,-0.16481653,-0.11797726
25245,Oligo,-0.13602975,-0.18632531
213768,OPC,-0.08957103,-0.076456934
164467,Endo,0.056274056,-0.3060413
1587,L4/5 IT,0.24997753,0.26521146
184141,L2/3 IT,0.3260666,0.22672504
25238,L6b,-0.26077992,-0.03453958
69793,L2/3 IT,-0.19440034,0.44123453
77041,Astro,-0.13308942,0.48538953
230579,L4/5 IT,0.20335764,0.09318966
25225,L2/3 IT,0.4124061,0.08389324
251898,L5 ET,0.32602894,-0.059072047
251893,Endo,0.09515476,0.13304824
184074,L5 ET,0.18746823,-0.0057522953
76997,Peri,-0.29077098,0.17218286
164726,L4/5 IT,0.4236474,-0.044673145
25110,Pvalb,0.121796906,0.28743702
76969,Micro,0.0059635043,-0.2671667
164765,Endo,0.098401666,-0.3381433
75226,L5 ET,0.33052385,-0.14108518
25223,L6 CT,0.12517321,-0.16309541
76780,Sst,-0.22730556,0.2623483
267061,Pvalb,-0.16412893,0.35427493
24805,Astro,0.21359223,0.13410795
16932,L5 IT,-0.28159827,0.20753896
24523,Pvalb,-0.090180606,0.3104263
183702,Oligo,-0.40330648,0.06359148
169919,Oligo,-0.041084915,-0.24078828
165840,L5 ET,-0.09823516,0.057412267
165857,Oligo,0.082535625,-0.3520216
251666,Peri,0.25170857,0.26212084
183691,Endo,0.27707,0.27940547
24486,Astro,0.21293366,0.1419763
24554,L5 IT,0.33848464,-0.10273951
24479,L2/3 IT,0.18907303,0.3305735
165924,Oligo,0.07793212,-0.28750634
240588,L2/3 IT,0.3209275,0.22014928
183648,Sst,0.40334278,0.0149858
238600,L2/3 IT,-0.0466398,0.41871202
166005,L6 IT,-0.084067434,0.00014436245
166096,L6 IT,0.18357348,-0.21352172
24371,Oligo,-0.13616335,-0.17063186
183585,L2/3 IT,-0.24736974,0.32247162
166118,L6 CT,0.19908148,-0.22643486
165903,L4/5 IT,-0.08066341,0.3146478
240592,Endo,-0.009332806,0.011921167
230766,L5 ET,0.30963004,-0.03570527
70019,L2/3 IT,0.1611445,0.3070426
76758,L6 CT,-0.022294521,-0.048493147
183837,L2/3 IT,0.29687268,0.23407829
215434,Oligo,-0.31968105,-0.041808605
238748,Oligo,-0.15504509,-0.071706265
165432,VLMC,0.21395499,0.3758577
76740,L5 ET,0.17790645,-0.095981866
76736,L2/3 IT,-0.2144776,0.3766907
183819,L2/3 IT,0.47022986,0.0716874
268272,Endo,0.035761297,0.18645138
70682,L5 ET,0.117265165,-0.073660046
169932,L4/5 IT,0.22068202,0.11034793
230729,L4/5 IT,0.42808807,-0.020369202
183783,L2/3 IT,0.12551486,0.25927502
1473,Oligo,-0.18370655,-0.06722221
24646,L4/5 IT,0.4158346,-0.071186066
230734,L2/3 IT,0.086992145,0.40650713
11317,OPC,0.40778673,0.17483425
11183,VLMC,0.11699247,0.43368924
70005,L4/5 IT,-0.16958001,0.3554808
24594,OPC,-0.04880202,-0.22608289
165727,L2/3 IT,0.338382,0.2506206
248412,Astro,-0.14476499,0.08266115
230494,L6 CT,-0.13191831,-0.10785097
213055,L6 CT,-0.24105504,0.1443407
276441,L6 CT,0.007592082,-0.07403639
77405,Vip,0.25332975,0.27270353
25714,Endo,0.14655578,0.3377143
163588,L5 IT,0.013163447,0.15656585
230326,L6 CT,0.08990532,-0.116472214
235330,L6 IT,-0.4040634,0.10665232
252056,Astro,0.24338466,0.356578
266936,Oligo,0.1029259,-0.32637978
77367,Oligo,0.100777924,-0.2514676
16763,L6 IT,0.19496858,-0.2789768
25719,Oligo,-0.016768664,-0.17581609
69588,Oligo,-0.12074143,-0.1849114
170240,Peri,-0.030116409,0.32372516
163695,Endo,0.44054902,-0.05953616
230358,L2/3 IT,0.101866126,0.27888906
77348,L2/3 IT,0.16401416,0.2431364
25630,VLMC,0.13138294,0.4536397
25629,L6 CT,0.13382727,-0.1343483
1656,L2/3 IT,0.16905469,0.25578308
69619,Endo,-0.26189283,-0.11382076
163785,L4/5 IT,0.28655386,-0.005715072
77363,L2/3 IT,0.015127122,0.3168437
163561,Oligo,0.035016,-0.3752755
1679,L6 CT,-0.07987237,-0.0023754537
248347,L6b,0.12343639,-0.29598254
170294,L5 ET,0.33355713,-0.081561625
77536,L6 CT,-0.009217352,-0.025001168
184596,L5 IT,0.38028306,-0.13185236
25860,L2/3 IT,0.42047048,0.027071893
25859,Endo,-0.38820243,0.22817177
230259,Pvalb,-0.21632546,0.29693758
1696,SMC,0.08583194,-0.366155
22235,L4/5 IT,0.37252676,-0.028743297
25812,Astro,0.25609034,-0.16174278
163417,OPC,0.09770763,-0.24583068
70730,VLMC,0.36547786,0.27035105
235002,L6 IT,-0.04275769,-0.047281742
69544,PVM,0.1394422,0.14642155
252086,L6 IT,-0.0067387223,-0.042158186
163458,L5 IT,0.039351165,0.11455315
25787,L6 IT,-0.28224963,0.035566866
25785,VLMC,0.12522829,0.29051095
266925,L6 CT,-0.034874767,-0.057514936
184525,VLMC,0.42348248,0.22457081
25782,L4/5 IT,-0.17499343,0.2609653
266930,Micro,-0.13782707,0.35233653
170212,Pvalb,0.062435925,0.15057343
166155,Astro,0.08923137,-0.3558211
69630,Endo,-0.06632626,0.3997739
25582,Micro,-0.0896447,-0.17686969
170183,L6 CT,-0.033457547,-0.08880189
170176,Endo,0.13317472,-0.06504333
164178,Endo,0.36261576,0.26572084
69720,VLMC,0.25809938,0.37926924
1615,L5 IT,-0.11768654,0.13608098
77153,L6 IT,-0.014875889,-0.08979121
25370,L6 CT,0.20883262,-0.19722459
25368,Oligo,-0.056745768,-0.23346096
251955,Astro,0.086598754,-0.21705627
184326,Astro,0.29242885,0.17455149
230473,Endo,-0.15579095,0.2046442
1603,L4/5 IT,0.098826885,0.19686854
182295,L2/3 IT,0.24276459,0.25650114
77119,Astro,-0.04096672,-0.20521232
164322,L2/3 IT,-0.1792115,0.4068622
77114,Astro,-0.05890912,0.26350456
248404,L2/3 IT,0.25859874,0.24527335
77106,L4/5 IT,0.35675907,0.031947315
1602,Peri,0.046827316,-0.12459996
69767,L4/5 IT,-0.019036502,0.22943336
25318,L6 IT,0.25691915,-0.12407285
164078,VLMC,0.38866508,0.2790246
170188,Micro,0.19380015,0.3757164
230434,Micro,-0.12068945,0.19862843
184418,L5/6 NP,0.019210756,0.008701503
77306,Endo,-0.006708443,-0.0136760175
77299,Oligo,-0.08041766,-0.20573297
25560,Endo,0.062669516,-0.149705
252007,L6 IT,-0.27239594,0.107349694
25558,PVM,0.24340892,0.34721446
252006,L2/3 IT,-0.1188567,0.43421477
163910,Astro,0.26155967,0.35785508
163915,Astro,0.25060254,0.2252841
163916,Astro,0.22173095,0.16847026
70718,L2/3 IT,0.20894372,0.30385047
25530,L6 IT,-0.027576119,0.020352244
163941,VLMC,0.3571033,0.28221923
77259,L6 IT,0.27659476,-0.22351256
184378,Astro,-0.09135565,-0.19377959
16781,Micro,0.16832376,0.1429838
230416,L4/5 IT,-0.05867368,0.27238464
164002,L6b,-0.4036761,0.010707974
164010,L4/5 IT,-0.04464373,0.23950362
77224,Oligo,-0.3038438,0.04900825
230433,Pvalb,-0.016993016,0.19212091
231554,L6 CT,0.1910798,-0.30113193
24342,Micro,0.08182478,0.35667223
76543,PVM,-0.18003303,0.48387706
169889,L6b,-0.31249055,-0.0070325434
75891,Astro,0.060298502,-0.31790477
231180,L5 IT,0.17743051,0.011160791
23351,L6 CT,-0.026353717,-0.00015997887
168031,L2/3 IT,0.30334336,0.25406516
182992,L6 IT,-0.039131165,-0.12300396
168078,Vip,-0.15672603,0.34193707
23323,L4/5 IT,-0.18995225,0.27600968
23310,L5 ET,0.23944062,-0.079809576
182986,L4/5 IT,0.40857363,-0.033363283
23367,L6 CT,-0.16923505,-0.020096302
168143,Endo,-0.33220875,-0.08513656
168165,Micro,-0.25750166,0.2052949
182975,L2/3 IT,-0.16168907,0.4336599
233307,L2/3 IT,0.2302028,0.33533955
70486,L4/5 IT,0.004545152,0.20129251
182930,Endo,-0.15734875,-0.025563747
168311,L6 IT,-0.021730691,0.03167993
22611,L6 CT,-0.13594747,0.041258395
168336,Oligo,-0.115861714,-0.19038072
22613,Oligo,0.2958315,0.023167133
231425,L6 IT,-0.45587534,0.08307737
23369,L6b,-0.4494221,0.04550749
70413,L6 CT,-0.06388685,-0.05625063
75915,Micro,0.11007309,0.111706495
167614,Endo,-0.021449178,-0.06391221
167634,L6b,0.1345703,-0.28258997
23524,Pvalb,0.486921,-0.038714558
167651,Astro,0.117812514,0.20926386
23511,Astro,0.036764205,0.15595323
167677,Oligo,-0.25266713,-0.091668636
243145,Vip,0.15690285,0.29063803
233276,L6 CT,0.082646966,-0.12522441
70373,Lamp5,-0.08098507,0.34212816
167767,Astro,-0.0047129095,-0.23671106
167771,L2/3 IT,0.20978165,0.2762326
233314,L6 CT,0.014223635,-0.14784977
169620,Peri,-0.07156727,-0.04508519
23440,L5 IT,0.055695534,-0.001329124
1263,OPC,-0.073224455,-0.0879378
238666,L4/5 IT,-0.008642882,0.18735743
231145,L5 ET,-0.2896714,0.26781154
1011,L5 IT,0.2501973,-0.030257702
70391,L5 IT,-0.22034863,0.22875893
167875,L2/3 IT,0.34318173,0.08558273
183021,Sst,-0.057753354,0.05388874
238690,Peri,-0.24459907,0.24479032
22551,L4/5 IT,-0.22380367,0.3145538
168372,L6b,0.108926475,-0.32191065
23130,Micro,-0.28204343,0.14260602
168837,L4/5 IT,-0.20974913,0.3177572
267302,Astro,-0.091685176,0.38888907
182536,L4/5 IT,-0.2287221,0.3045104
168932,PVM,-0.29731965,0.27846432
251039,L6 CT,0.1687339,-0.3760094
182679,L4/5 IT,-0.15790954,0.23181212
17132,Astro,0.25343162,0.104358375
22838,OPC,-0.2586578,0.2657596
182644,L6 IT,0.1949178,-0.16479576
168821,Oligo,-0.08618379,-0.19030112
169075,Astro,-0.28314304,0.22659975
75453,SMC,0.0643065,-0.14309368
22779,Oligo,0.07492137,-0.35045153
169219,L6 CT,0.14564162,-0.28609627
169243,L6 CT,0.29611325,-0.17142585
169245,Oligo,0.24717379,-0.25214
231367,Endo,0.075342,0.043589175
169304,Endo,-0.20301113,0.3953789
182553,L5 IT,0.34964818,-0.07922596
169384,Astro,-0.17643616,0.18498236
182620,L6 CT,-0.028881967,-0.08123684
168783,Endo,0.08467579,0.17290854
251175,L4/5 IT,0.093331754,0.20522708
213615,L6 CT,-0.2910567,0.057314396
182846,Lamp5,0.43077004,0.18675935
168552,PVM,0.08283001,0.35302514
75728,L6 CT,0.20344335,-0.2718296
75722,Endo,0.3506499,0.18300396
168577,L2/3 IT,0.27074784,0.24513042
248711,L4/5 IT,0.0285663,0.18737817
182819,Peri,-0.2814923,0.21030366
75702,L5 IT,-0.012902111,0.17763543
168616,L2/3 IT,-0.13606673,0.42648458
267285,Astro,0.40848172,-0.035300493
70517,Endo,0.13976753,0.2917657
168635,L6b,0.08097309,-0.26016515
168659,L6 IT,0.2034933,-0.1228897
75673,Endo,0.23266977,0.2963165
182786,L5 ET,0.34264553,-0.06838831
169498,Astro,0.19129378,0.37865937
23027,L2/3 IT,-0.14679775,0.43744385
231314,OPC,-0.35367563,0.013450921
168707,L6 IT,-0.14351201,0.09240466
75629,Peri,-0.021541655,-0.01792854
231316,L2/3 IT,0.2968995,0.239586
231276,Oligo,-0.034323424,0.13887411
252132,L2/3 IT,-0.17492056,0.37158114
213481,L6 CT,0.061051846,-0.082288176
167527,Oligo,-0.12888294,0.22178721
215365,Oligo,-0.117587864,-0.012783676
169847,Peri,-0.051232755,-0.017043859
70662,Oligo,0.09588575,-0.32613564
166640,L5 IT,-0.002856344,0.006691873
183422,Endo,-0.3662588,0.084819496
24066,L4/5 IT,0.40845603,-0.07280061
166700,L2/3 IT,0.38167804,0.099903226
215354,Astro,-0.14445978,0.037326694
213354,L6 CT,-0.27377245,0.14066488
24157,Oligo,-0.20075399,-0.07593721
166737,PVM,-0.27857345,-0.03600061
24008,L2/3 IT,0.19489694,0.35923207
166765,L6 IT,0.1829322,-0.10407436
166818,Sst,-0.023061305,0.07488686
166820,Endo,0.41975248,0.059056938
267172,L5 ET,0.025657296,0.1561262
166823,Oligo,0.23244148,-0.23429045
166857,Vip,0.02735132,0.2536565
230953,Endo,-0.05447337,0.07565832
169823,L5 IT,-0.11535022,0.13138723
166760,Astro,0.20614696,0.11915678
215373,Oligo,-0.2148982,-0.12200636
213321,L4/5 IT,-0.22191206,0.285294
76422,L4/5 IT,-0.25349337,0.29394597
243485,L5 IT,0.032268286,0.11340368
183571,L5 IT,-0.37047487,0.17191947
166235,L6 CT,0.010448158,-0.14453563
1427,SMC,-0.24186355,0.25832266
213751,Micro,-0.07781908,0.017456234
166280,L5 IT,0.14886838,-0.033264637
76502,L4/5 IT,0.26541126,0.06383282
166309,L5 IT,-0.113366574,0.19418001
24286,L4/5 IT,0.41476512,-0.04939589
166335,L2/3 IT,0.41322213,0.025485992
166369,L6 CT,-0.26356822,0.06558514
166426,L5 IT,0.0059719086,0.06837273
76460,SMC,-0.30705994,-0.042374015
251538,L5 IT,0.37916064,-0.11943856
213316,Oligo,0.09472656,-0.30022252
166453,Endo,0.008381069,0.20218289
166455,Peri,-0.29346657,0.26538515
230894,L2/3 IT,0.18376088,0.31517625
70102,Endo,0.41138905,0.14067858
24167,L5 IT,-0.16549698,0.15471417
238627,L5 ET,0.26406562,-0.12541994
70216,Sst,0.16510081,0.24504364
17186,L2/3 IT,0.13575184,0.32208073
76295,L6 IT,-0.438272,0.16016257
23887,Oligo,-0.05458799,-0.21564451
167290,L6 CT,-0.25073737,0.12201196
167302,Micro,-0.1972293,0.2480334
183234,L6 CT,-0.060945928,-0.036958367
183224,L5 IT,-0.011080712,0.18671668
76121,Peri,0.09365702,0.13642639
267189,Peri,-0.026494056,-0.039791882
251391,Oligo,-0.15167195,-0.1628094
213443,Peri,-0.009198189,0.29851973
267190,Sncg,-0.11677417,0.45198393
169722,L6 CT,0.15004563,-0.26124388
243454,L5 IT,0.12560815,-0.05235824
167385,L6 CT,0.31156415,-0.1896365
167389,Peri,0.11539644,-0.34107804
169719,L2/3 IT,0.122883916,0.2934572
235018,L6 CT,-0.15749115,-0.052873194
23612,L5 IT,0.32194394,-0.0822334
231078,Oligo,-0.24260533,-0.10838416
23571,L6 CT,0.10677439,-0.05064097
167511,Lamp5,-0.02083233,0.36411542
231090,VLMC,0.4206909,0.24296731
23654,L2/3 IT,0.27713287,0.18656754
167262,L4/5 IT,0.34465063,-0.0218862
167258,L6 IT,-0.1788758,0.076575994
167251,Astro,0.026165485,-0.1346106
23869,L5 IT,0.12344283,0.038499236
23858,L5 ET,0.30835128,-0.086689174
23851,L6 IT,-0.028647274,-0.12109098
1366,OPC,0.3054605,0.31596106
183313,Micro,0.11581063,0.33195657
23822,L2/3 IT,0.13286251,0.35118008
276408,Endo,-0.22349632,0.30506176
70242,Astro,-0.038437992,-0.114423215
167072,L6 IT,0.07413238,-0.112128735
70647,L5 IT,-0.22656977,0.2109729
277435,L6 CT,0.2309004,-0.25665212
23786,Micro,-0.16019234,0.074106276
230985,Astro,0.09851366,-0.18153062
276158,L6 CT,0.18183559,-0.07866117
213398,L2/3 IT,-0.20120034,0.4439273
17025,L2/3 IT,-0.12922987,0.43720192
276168,L6 CT,-0.11266431,0.038410723
231016,PVM,0.053474188,0.17354739
280145,L5 IT,0.047573686,0.12813544
251434,L5 IT,0.3416232,-0.10722688
23717,Lamp5,-0.16115719,0.40344143
166921,L4/5 IT,-0.25362182,0.3338223
268358,Oligo,-0.41747054,-0.01751551
230249,L6 IT,-0.013392478,-0.025027335
182228,L2/3 IT,-0.039543748,0.2923997
158726,L6b,-0.1179325,-0.12444034
2151,L2/3 IT,0.46976435,0.03880316
28239,L6 CT,0.16442317,-0.2872721
28202,PVM,0.27524257,0.3066132
248080,L6 CT,-0.08300796,-0.071116716
158833,L4/5 IT,-0.1914405,0.3042072
21979,L2/3 IT,0.33138216,0.14690936
238345,L6 CT,0.17139465,-0.28101975
79018,Astro,-0.26251623,0.105831385
28254,OPC,0.1402297,0.4059118
158936,L6 CT,0.111584485,-0.26404095
158975,L6 CT,0.1811865,-0.15252197
158980,L2/3 IT,0.44882995,0.09250677
252871,L5 ET,-0.11125532,0.1240409
170844,L2/3 IT,0.4542544,0.09743762
248101,L6 IT,-0.21179786,0.12484747
243369,Micro,0.38933885,-0.06503856
159097,L4/5 IT,0.3416494,-0.01933363
159110,Astro,-0.02635634,-0.25567907
229456,L5 ET,0.11087906,-0.025457472
229415,L6 CT,0.22802478,-0.2988098
68659,PVM,0.1276843,0.116862535
229361,Pvalb,0.004716158,0.034281015
79106,L6 CT,-0.14972198,-0.0017659664
79235,L6 IT,0.09953529,-0.07678175
275368,L2/3 IT,0.1276915,0.36672866
79222,L5/6 NP,0.21188766,0.016422391
158302,Oligo,0.07537854,-0.22816575
266658,L6 CT,0.029904664,-0.07839972
170908,Endo,0.2645498,-0.108498245
28471,Oligo,-0.06812292,-0.15387294
186174,L6b,0.11459458,-0.28166664
181958,Endo,0.2015233,-0.019751668
229332,Vip,0.099298835,0.39561445
252950,Astro,0.120102346,0.20056665
21949,Oligo,-0.011205614,-0.2864975
158451,Astro,0.3265183,0.3084789
215890,L2/3 IT,0.13078737,0.3460425
186124,L2/3 IT,0.41799676,0.06864482
186111,L6 CT,-0.15765515,0.1253568
28362,L2/3 IT,0.3426727,0.20540982
21974,Endo,0.23444086,0.28196
68636,L2/3 IT,0.22521895,0.24376535
79130,VLMC,0.30468124,0.32650596
158650,Oligo,-0.06849274,-0.20940822
159167,OPC,0.041591346,-0.10995501
215905,Astro,0.30036372,0.015504241
185901,L6 IT,0.111961484,-0.02998954
901,Sst,-0.4425694,0.10885286
159678,L5 ET,0.36395645,-0.07814291
68861,L5 ET,-0.1662637,0.17312652
159757,L6 CT,-0.015554607,-0.12629685
170769,L4/5 IT,0.35047275,0.0435071
238370,Vip,0.13013446,-0.0041890144
170762,Micro,0.19655854,0.3537503
229579,L4/5 IT,0.36967367,-0.046601474
252763,Pvalb,0.26876813,-0.12556818
182031,L6b,-0.14027187,-0.122116774
10953,L6b,-0.041801006,-0.17862442
185691,L6 IT,-0.025751054,-0.10713625
212546,Endo,0.3303082,0.10749537
159882,L6 IT,-0.06895253,0.035453558
159914,Oligo,-0.21398476,-0.14483032
27578,Oligo,0.010697126,-0.1927943
78647,VLMC,0.43051946,0.23737824
27576,Peri,-0.0636718,-0.2324172
159954,L5 IT,0.25770456,-0.091552645
185641,Oligo,-0.18220478,0.25065565
27540,L2/3 IT,0.14634943,0.26751268
27608,L6 IT,0.11675531,-0.11358121
159664,L5 IT,0.29655153,-0.13611928
78762,Endo,-0.13222393,-0.095838696
234976,OPC,0.14486837,0.1859948
159193,Astro,0.37387723,0.23433626
68740,Oligo,-0.04600078,-0.05069539
213848,L5 IT,0.0035140514,0.12569094
159234,L2/3 IT,-0.13300472,0.37348992
27944,Astro,-0.049440295,-0.22046053
159325,L4/5 IT,0.36565924,0.009007871
159335,L4/5 IT,0.4089765,-0.03565806
27917,Endo,0.046203494,-0.051573128
252836,L5/6 NP,0.24931085,-0.25669342
182006,L5 IT,0.097877145,-0.0031010807
27865,L4/5 IT,0.16818917,0.13150829
159464,L4/5 IT,0.26489258,0.04079628
159483,Oligo,-0.05844611,-0.23882109
252803,L2/3 IT,0.23579478,0.23306173
27787,Endo,0.084178865,0.17376274
229551,Astro,0.24862039,-0.11942986
185778,Lamp5,0.31222796,-0.20348725
159588,Pvalb,-0.29663074,0.17269778
159589,L5 IT,-0.06492865,0.09556502
78776,L2/3 IT,0.12541896,0.3493778
27721,L6 CT,0.13979942,-0.27713594
78920,Astro,-0.08966139,-0.2288079
159997,Oligo,-0.2445648,-0.08823389
252969,L5 ET,-0.08229071,0.107516885
181954,L5 IT,0.26702487,-0.007204205
11984,Pvalb,0.02446574,0.21976775
229136,L2/3 IT,-0.07916817,0.43800354
79598,L6 CT,0.15547222,-0.13182667
186513,Oligo,-0.047825634,0.29515702
29091,L4/5 IT,0.1842075,0.008067608
16341,Oligo,-0.078872174,-0.20550025
29082,SMC,-0.20873699,0.4061532
253145,L6 IT,-0.060415506,0.02916193
29061,L6 CT,-0.070138335,-0.15506956
229124,L6 IT,-0.3921278,0.11137372
16343,L5 ET,0.3692236,-0.12538284
29047,Oligo,-0.12787437,-0.18444565
157282,L6 CT,-0.22377315,0.11854291
79572,L6 IT,-0.22302264,0.046875358
171024,Oligo,-0.31212914,-0.041795135
215984,L2/3 IT,0.13459104,0.24707907
157330,L4/5 IT,0.22973913,0.1175074
253140,Oligo,-0.23679906,-0.041450858
16347,OPC,-0.1935814,0.36880672
235392,L2/3 IT,0.29758525,0.24687338
29048,L4/5 IT,0.07650334,0.22364461
212233,L2/3 IT,0.18547463,0.25615942
275265,L5 ET,-0.048780113,0.045827687
2282,Astro,-0.2421822,0.45649165
171079,L6 IT,0.14607435,-0.06904334
171065,L6 CT,0.0606246,-0.07122052
29262,Oligo,-0.34234393,0.17814392
186606,L5 IT,0.25992888,-0.118198454
253206,L4/5 IT,0.004695177,0.21120894
239116,SMC,0.33262312,0.3083697
157037,Endo,0.006461799,0.35848957
229100,Endo,0.4059257,-0.057014674
186578,L2/3 IT,0.37979788,0.22663683
79672,Astro,-0.31584638,0.1485321
186576,L6 CT,0.07763016,-0.12169707
157047,Vip,0.072683394,0.21873802
29201,L2/3 IT,0.1155892,0.28435516
253198,L4/5 IT,-0.19334549,0.33747792
181918,L6 CT,-0.1804806,-0.04284793
243024,L2/3 IT,0.4318881,-0.014041692
79643,Micro,0.06429136,-0.3523633
79636,L5 ET,0.295071,-0.04326573
186563,Oligo,-0.009033263,-0.27466464
157112,Astro,-0.21973225,-0.119870156
157122,Oligo,0.04484147,-0.22179666
157374,Oligo,-0.2484994,0.06401986
277548,Astro,0.0874058,0.42008907
28994,L6 CT,0.011604786,-0.062135816
68385,L6 CT,0.25405914,-0.1866416
215928,L4/5 IT,0.26913828,0.07008237
28770,Astro,0.19312358,0.32891822
28762,L2/3 IT,-0.15335774,0.438801
157809,L6 CT,0.010118425,-0.138646
253058,L5 ET,0.0035224557,0.12915343
157820,L6b,-0.20212016,-0.07108718
68512,Astro,-0.003353119,-0.15000957
279966,L2/3 IT,0.23643452,0.28105313
186313,Pvalb,-0.28334874,0.3071223
186341,Oligo,-0.3203451,0.090902984
253045,Pvalb,-0.27739766,0.10572022
186259,L6 CT,-0.2015521,0.10328764
28622,L6 CT,-0.017923594,-0.16655752
181936,L2/3 IT,0.1462323,0.2637856
74922,L2/3 IT,-0.047998667,0.34747237
158117,Astro,-0.17369947,-0.15234643
158205,L2/3 IT,0.103447735,0.320544
28540,L6 CT,0.19511074,-0.34305686
240875,OPC,0.11024159,0.19696403
79245,Endo,0.05827236,0.1994279
235066,L6 IT,-0.17122793,-0.0072755814
186342,L5 ET,0.19605398,0.012710333
157711,Oligo,-0.025313646,-0.24567828
157677,Micro,0.15455031,0.30003077
186467,Pvalb,-0.22798339,0.20493901
213879,Lamp5,0.25741982,0.34335202
79521,PVM,0.019829512,-0.28180724
10896,L2/3 IT,-0.1554184,0.48164922
266595,VLMC,0.17188853,0.4165975
68392,L6 IT,0.08953208,-0.008624643
79487,L2/3 IT,0.15340221,0.29007298
68399,L6b,0.080215394,-0.25874484
157524,Oligo,0.35384774,-0.058216512
70854,Lamp5,0.15929443,-0.16125706
157532,Sst,0.16655993,-0.17757913
17242,Oligo,0.06331962,-0.33941793
186416,Oligo,-0.15742993,-0.15674615
11973,Endo,0.024492085,0.19429934
157569,L5 IT,0.25423443,-0.099190354
11965,L6b,-0.3809613,0.008157849
170986,L6 IT,0.2753203,-0.117489815
28880,L4/5 IT,0.33608538,0.0063931346
157603,L2/3 IT,0.11656541,0.29287052
248028,Oligo,-0.09840658,0.017317116
28853,L5 IT,0.19657713,0.03626269
79537,Oligo,0.21519119,-0.2311998
216002,L6 CT,0.14673233,-0.1377162
159999,Oligo,-0.23530614,0.07814497
68907,PVM,0.121014535,-0.33925804
215655,Pvalb,-0.3794914,0.11952281
1841,Sst,-0.16051564,0.42010903
162106,L6 CT,0.2094878,-0.1575788
215648,L4/5 IT,0.070457876,0.21004146
212804,L5 IT,0.20078409,-0.08580807
26425,L6 IT,-0.40464458,0.09849775
248243,Pvalb,-0.0706549,0.0369336
162146,L6 CT,0.003738463,-0.092271686
252352,Micro,-0.11095613,-0.062868476
70770,Lamp5,0.056215703,0.4256587
243561,Oligo,0.100878835,-0.2790344
75100,Oligo,0.12731045,0.12607479
162257,L6 CT,0.25114834,-0.2318404
230059,Astro,-0.07011807,0.15041304
170454,L4/5 IT,0.0842818,0.20852584
213814,L2/3 IT,0.09184468,0.21094412
230067,L6 CT,0.16948509,-0.24240857
252322,Oligo,-0.23310655,-0.10880968
69330,Oligo,-0.026873022,-0.25251544
275774,Endo,0.09602052,0.13021255
26394,L6 CT,0.18767363,-0.2996489
185019,SMC,-0.24458274,0.1497752
185022,L2/3 IT,0.16078281,0.33054674
69270,L6 CT,-0.21260619,0.09618962
26720,Peri,0.34371012,-0.046078056
161535,L6 IT,0.22943449,-0.290734
161543,Pvalb,0.11571914,0.20933217
161575,L4/5 IT,-0.17086321,0.36439532
161582,Lamp5,0.18487561,0.33593446
243571,L6 CT,-0.049331546,0.026428938
161589,L5/6 NP,-0.10794237,0.04871404
161590,OPC,-0.028089643,-0.0011087656
170519,Peri,0.10886818,-0.04749608
170509,L6 CT,0.0077579618,-0.06802684
161666,L5 IT,0.33478206,-0.044291556
229954,Endo,0.025487483,-0.17783633
26615,L4/5 IT,0.09462625,0.19300836
161678,L6 IT,0.065115154,-0.13929373
161718,L2/3 IT,0.115186274,0.33353198
161778,Astro,-0.008465916,0.28172034
77978,L5 IT,0.38867003,-0.09261608
229973,Oligo,-0.37160367,-0.0090789795
16660,L6 IT,0.16044915,-0.060447365
26489,Endo,0.17659664,0.2747631
69259,Sst,0.20628977,-0.09874976
26287,L4/5 IT,0.382926,-0.07658681
161485,L5 ET,-0.1786964,0.21373641
276475,L4/5 IT,0.3270945,0.009077907
1792,L4/5 IT,-0.018988281,0.20715284
230175,Astro,0.3376392,0.2610827
162968,L2/3 IT,0.19430292,0.3240794
75139,Oligo,-0.046702743,-0.20721865
162995,L6 IT,0.09376109,-0.269298
163004,L6b,0.1193071,-0.3716023
25997,L6 CT,-0.118938416,0.0046024323
77625,L4/5 IT,-0.049302757,0.23368883
163037,Oligo,0.010414004,-0.2812063
163076,Oligo,0.024156332,-0.2812188
162893,L6 IT,0.13271993,-0.20762026
163085,L4/5 IT,0.088493526,0.17073524
163097,Oligo,-0.05293432,-0.20247394
25969,Oligo,0.08867657,-0.24298301
25962,Oligo,-0.38605934,0.16688907
250878,L5 ET,0.354985,-0.11002147
77564,L2/3 IT,0.08351797,0.33438236
163205,L6 IT,0.18444133,-0.34272644
163216,Pvalb,-0.11094615,0.17495674
69489,L4/5 IT,-0.25351173,0.30157334
77555,L6 IT,0.20063883,-0.20030376
163095,L6 CT,0.09217739,-0.27345276
162870,Endo,0.11993337,0.28635114
184749,Oligo,-0.14703545,-0.11999574
26096,Micro,0.109335065,0.027098954
184856,L4/5 IT,-0.1769697,0.30341667
162525,OPC,0.0201689,0.32032746
69352,L4/5 IT,0.09414786,0.18657553
212845,Micro,0.253942,0.34745532
16705,L6 CT,0.22580701,-0.28169346
162586,L6 CT,0.15795213,-0.17956948
250848,L4/5 IT,-0.24501994,0.3227508
77782,L5 IT,-0.23094755,0.24147886
69356,Oligo,-0.06439248,-0.21150878
184800,L2/3 IT,0.20848322,0.33999634
77772,L4/5 IT,-0.011732161,0.21748954
182193,Oligo,-0.36221588,0.00916785
276467,Astro,0.03646791,-0.38590935
238486,L5/6 NP,0.13584399,0.010656953
26165,Oligo,0.056239784,-0.10259387
69384,Endo,0.054642856,-0.050421625
252232,Oligo,-0.14705318,-0.15158996
162747,Oligo,-0.088088006,-0.18422583
77721,L4/5 IT,0.39753062,-0.050501198
69413,L4/5 IT,0.39676017,-0.053855747
162767,Oligo,0.027605176,-0.2713396
184861,Astro,-0.15572241,0.13045794
229619,L6 CT,0.19739789,-0.23044205
26725,Oligo,0.013457894,-0.17806545
252452,Micro,0.18417883,0.4031886
252631,Pvalb,-0.23382449,0.09810841
160621,L2/3 IT,0.30328244,0.18128699
243073,Vip,0.1651901,0.35846227
27166,Astro,0.24433196,0.13523906
78423,L2/3 IT,0.16065663,0.31919402
27152,Endo,-0.14202389,0.21560019
78417,Peri,0.101644635,0.1761834
1966,L6 CT,-0.3913529,0.1550911
160728,Peri,-0.18283945,0.08645332
185448,L4/5 IT,-0.2264759,0.307096
277511,L6 IT,0.14657259,-0.03205523
78409,L5 IT,0.22240973,0.02839148
69040,Astro,-0.2107231,0.06877351
160759,L4/5 IT,-0.2447952,0.34213102
212650,Astro,-0.29964834,0.20939213
185408,L5 IT,-0.33903465,0.1801123
212659,L6 CT,-0.04579547,-0.07115924
277509,Micro,0.31057954,-0.037629545
239199,L2/3 IT,0.1378414,0.259632
234982,Astro,0.31816107,-0.10830513
252599,Oligo,0.022953331,0.21476221
160587,Oligo,0.0843966,-0.32209468
160579,Peri,-0.11031273,-0.17006707
238394,L6b,-0.27593797,-0.014267802
185584,L4/5 IT,-0.15629566,0.2784115
170703,Oligo,-0.048247516,-0.23291
160209,L2/3 IT,0.0012882948,0.34675485
182062,L2/3 IT,0.119927645,0.31788057
185573,L4/5 IT,-0.29694206,0.28333277
160249,Astro,-0.1915645,0.21275079
185563,L5 ET,0.11797243,-0.032035887
160253,L6 CT,-0.15377021,0.054814458
68978,L6 CT,0.20232475,-0.18750039
268432,VLMC,0.27766013,0.34673554
160322,OPC,0.07433313,-0.36178535
239203,Endo,0.35209376,-0.08071008
78522,L5 IT,0.13195115,0.055714667
248188,L6 CT,-0.18580627,0.12414318
235355,L5 ET,0.32977682,-0.080081284
233423,L6 CT,-0.15928397,-0.014435053
240786,L4/5 IT,0.36889344,-0.0066232085
69006,L5 IT,0.32381946,-0.027604163
16581,L5 IT,0.24978513,-0.026875108
10988,L2/3 IT,0.15527594,0.28839225
78461,Endo,0.3218276,0.2663489
252571,L6 IT,0.2645191,-0.13516009
161450,L5 IT,0.012797892,0.18060327
212667,L6 IT,0.23275268,-0.11973289
266781,Oligo,-0.10683259,-0.12838575
26867,Oligo,-0.33329368,-0.030012548
78194,VLMC,0.13147455,0.42706114
161261,L6 CT,0.2115311,-0.27907243
185249,Astro,0.005102396,-0.23855376
182108,L6 CT,0.16427857,-0.18836224
185239,Pvalb,-0.12621355,0.30076718
229900,Astro,0.40070534,0.091890454
22115,Oligo,-0.04515481,-0.20658717
78168,Lamp5,0.03794235,0.34657538
212696,L6 CT,0.14226413,-0.3957079
275665,L2/3 IT,0.09765518,0.3773293
161371,L2/3 IT,0.43323117,0.017502964
26768,OPC,-0.35380942,0.011700094
161389,PVM,0.23131573,-0.034579486
75072,L4/5 IT,0.06546694,0.15663707
185208,L5/6 NP,0.34412307,-0.1146543
1889,Micro,0.038473487,0.47175717
276478,L6 CT,-0.02152136,-0.042835146
16636,L2/3 IT,0.2970938,0.10308826
1888,L4/5 IT,-0.13558593,0.28566164
78154,Oligo,-0.21445775,-0.10172212
212694,Oligo,-0.041915953,-0.27231938
161209,Endo,-0.28391725,0.2236883
16620,Astro,-0.1603182,-0.18194461
182073,L2/3 IT,0.41338438,0.07237774
185375,Astro,0.3290791,0.281821
27061,PVM,0.26171684,-0.032815546
1935,L6 CT,0.1507833,-0.30675188
229791,Astro,-0.032143235,-0.22391516
78308,L2/3 IT,-0.19514182,0.42460024
78299,Oligo,-0.0566788,0.04024136
231632,L2/3 IT,0.14582056,0.33254135
229818,Oligo,-0.015704036,-0.2612862
233414,Astro,-0.07706317,-0.2164022
26968,L6 CT,0.19794893,-0.28336534
75042,VLMC,0.3239569,0.31717956
1920,Pvalb,-0.0819256,-0.020937681
161090,Pvalb,-0.19970351,0.121857464
182099,Pvalb,-0.21490371,-0.07298696
161102,PVM,0.21893752,0.2734301
248209,L6 CT,-0.3140629,0.09522897
185280,L6 IT,-0.32165292,0.19078314
26893,SMC,-0.1938732,0.23074788
161161,Oligo,0.039564908,-0.26823866
161167,Lamp5,-0.14310768,0.44379735
160875,L5 IT,0.078618705,-0.03317392
84120,L5 IT,-0.23660058,0.21825099
3513,Endo,0.33814347,0.22757024
87726,L5 IT,0.037286103,0.12541795
133291,Oligo,-0.01298368,-0.27397308
133304,L6 CT,0.1688357,-0.18113607
125998,L2/3 IT,0.115473926,0.24258852
194556,Endo,0.2141456,-0.23054579
41380,L6b,-0.22534418,-0.06524268
5654,L6 CT,0.19742417,-0.16777018
125978,L6 CT,-0.24454644,0.11083025
257213,L4/5 IT,0.4268108,-0.07903007
87819,L6 CT,-0.04187894,-0.09547171
235651,Oligo,-0.27153268,-0.0049803257
41343,L2/3 IT,-0.08627552,0.33115506
133374,Oligo,0.090569496,0.12758797
15021,L6 CT,-0.2303788,0.1506607
41313,Oligo,-0.083610594,-0.18157798
133434,Oligo,0.17131203,-0.22114727
133439,L2/3 IT,0.22597569,0.23684317
133454,Endo,-0.08083671,-0.04869622
90344,Oligo,-0.2727407,0.107053936
133270,Astro,0.040827274,-0.14034116
87848,Oligo,-0.23481444,0.10707587
269335,L5 ET,-0.0838401,0.06985289
257253,L5 ET,0.19555402,-0.03236586
194620,Oligo,-0.09124842,0.034762084
87910,Oligo,-0.33557943,-0.078356236
126025,Vip,-0.05053103,0.3038634
224953,L2/3 IT,0.2607826,0.19544482
87904,L5 IT,0.07287896,-0.02504319
41478,L6b,-0.42505714,0.0428769
41470,L6 CT,0.18638712,-0.21124303
217335,L5 ET,0.26696408,-0.084813565
258499,Endo,0.40233433,-0.03367704
90342,Micro,-0.19555137,-0.08446637
265080,Astro,-0.2675438,0.18883061
44950,Oligo,-0.18543285,-0.12846133
133201,L4/5 IT,0.17428106,0.069269
133210,Astro,0.11925012,-0.32738835
87867,L6 CT,-0.35980493,0.11511469
64333,L2/3 IT,0.26644766,0.28648382
133264,Oligo,-0.015936881,-0.25176102
194607,Astro,-0.15616223,-0.12152925
41495,L4/5 IT,0.41064757,-0.056264758
87756,OPC,0.25907415,-0.17928848
217320,L4/5 IT,-0.15572959,0.24605936
41175,Endo,0.24020052,-0.04259464
133695,L5 ET,0.10881376,0.11923331
272505,L4/5 IT,0.38246036,-0.04086137
41172,L2/3 IT,-0.17194495,0.35079116
133730,L6 IT,0.3403188,-0.060624808
41125,Sst,-0.24165365,0.30544412
87660,Astro,0.23680156,-0.112755716
194379,L4/5 IT,0.40170342,-0.032874882
133820,L2/3 IT,0.34219772,0.04231417
133844,L2/3 IT,0.14230263,0.3382584
63142,Oligo,-0.12553564,-0.058282018
64424,Oligo,-0.0019180179,-0.25740886
20268,L4/5 IT,0.4016524,-0.07781416
20286,Oligo,-0.26985285,-0.09150639
194345,Oligo,-0.40026128,0.012915015
233926,L6 CT,-0.37180305,0.030412734
268062,Astro,-0.10234812,0.24009669
133678,L4/5 IT,0.35150528,0.0051046014
269546,L5 IT,0.11440742,-0.006814182
209489,L2/3 IT,-0.12342775,0.36121202
133619,Endo,-0.1044727,0.23569107
239755,L6 CT,0.01650554,-0.054382414
15033,L6 CT,0.15410554,-0.32618767
87743,L6 CT,-0.008102894,-0.09963521
264638,SMC,0.07136321,0.15905327
64398,Oligo,-0.22507876,-0.092728436
133551,Endo,-0.25438744,0.2796793
197192,Endo,-0.026605576,0.2525769
125912,SMC,-0.00063607097,-0.043375075
237346,L6 IT,0.13130128,-0.084626675
194493,L5 IT,-0.0729602,0.14219707
217832,L6 CT,0.15734816,-0.19749114
87716,Astro,0.06892216,0.13501388
225036,Astro,-0.22445697,-0.13916239
246586,L5 IT,-0.07207292,0.19308639
125834,Astro,-0.23105088,0.34726256
279525,L6 IT,-0.37910703,0.10170394
41222,L5 IT,-0.11162382,0.21854293
194459,Oligo,-0.004433632,-0.27461225
133566,L5 IT,0.3191141,-0.046069413
44937,VLMC,0.37606025,0.28443062
64309,Micro,-0.35788333,0.20413744
197159,OPC,-0.08162609,-0.0054730177
41877,L2/3 IT,0.41065758,0.004515767
41857,Endo,0.045234144,0.18899459
132344,Oligo,-0.23461935,-0.10040215
132371,Astro,0.18319553,0.29056746
269363,Oligo,0.11308688,-0.24088839
194869,L2/3 IT,0.2519943,0.29714215
194841,Micro,0.09306651,0.1388644
126219,L4/5 IT,-0.11402413,0.26677316
208746,L4/5 IT,-0.23707336,0.31229603
88129,L2/3 IT,0.16218358,0.35330272
88125,Oligo,-0.05883798,0.09747559
257333,Endo,-0.15659595,-0.1399236
132474,Micro,0.33935833,-0.06099707
224827,L6 CT,-0.24987185,-0.0015678108
197110,L2/3 IT,-0.13803315,0.43031996
132500,Endo,0.07297325,-0.2897763
90285,L6 IT,-0.23557565,0.15258306
88159,L4/5 IT,0.35930616,0.0046595335
243301,Endo,-0.14558709,0.14515126
88163,Astro,0.2981372,-0.04949251
132305,Oligo,-0.108465225,-0.0891934
90239,Endo,-0.32771719,0.21338516
267648,L6 IT,-0.32218504,0.06256086
132024,L2/3 IT,0.14109492,0.3543924
224710,Oligo,0.10359579,0.17637056
42020,Micro,-0.067662746,0.16172713
132055,Oligo,-0.11867556,-0.19936204
180629,Astro,0.12224054,0.40562505
258457,Sncg,0.21643156,0.34055066
126129,L5 ET,0.00086826086,0.0072697997
265018,Oligo,-0.23510355,-0.03570524
224739,Micro,-0.17336014,0.12269801
197083,Astro,0.28406155,-0.08170608
41965,Endo,0.011259794,0.0012870431
174746,L6 CT,0.11337769,-0.24354228
88197,Oligo,-0.27836195,0.29696542
250117,Sst,-0.13048929,0.12049234
217403,L5 IT,0.23248726,-0.01956892
126234,Sst,-0.18915582,0.22079289
132168,Oligo,0.11241889,-0.060964197
234795,L6 CT,0.08583617,-0.08850378
64245,L4/5 IT,-0.22867236,0.30430132
132544,Pvalb,-0.23590997,0.22448462
209411,L6 CT,0.18884909,-0.2794441
64280,Lamp5,-0.10931796,-0.19424537
233950,Peri,-0.34957904,0.23555869
277793,L2/3 IT,0.42267388,0.03833145
174594,L6 IT,0.03458363,-0.08109987
272522,Astro,0.3382187,0.27920675
174583,Pvalb,-0.14641693,0.2944129
132898,Micro,-0.07722449,0.14857143
41604,L5 IT,0.061720073,0.12577963
242847,Endo,-0.43093657,0.092874706
41573,L5 ET,0.023492336,0.13190836
132956,Lamp5,0.4620626,-0.016938806
194683,Astro,-0.010209382,0.42137474
41549,L5 IT,-0.0829604,0.19512159
224930,Endo,-0.21917894,-0.06930122
133037,L5 IT,-0.006217897,0.15022594
174548,L6 CT,0.01956594,-0.05718866
133071,L6 CT,0.13755596,-0.35699576
132903,Micro,0.23096311,-0.21740538
174448,Oligo,-0.38192713,0.043448925
41605,Oligo,0.24385923,0.2967105
90317,L6 CT,-0.0047589242,-0.08661765
14981,L4/5 IT,-0.038781017,0.27738833
41728,Lamp5,0.14591777,0.19617194
41708,L4/5 IT,-0.024562627,0.16234338
132643,Astro,0.020829558,-0.04295835
88080,OPC,0.26155198,0.3317548
474,L2/3 IT,0.21324289,0.3286054
41675,Micro,-0.07614201,0.07593554
257303,L5 IT,-0.11388096,0.22503674
223669,L6 CT,0.04028648,-0.14650199
132696,L5/6 NP,0.35995597,-0.118808955
194743,L6 CT,0.061531782,-0.08544609
11502,Oligo,-0.3529895,0.1923933
174607,L5 IT,0.15568972,-0.06834102
41644,L2/3 IT,0.18358707,0.29866415
194734,L6 CT,-0.14022475,0.05895847
194733,L6 CT,0.24440104,-0.19542044
41626,Astro,0.27884954,-0.12413353
194721,Oligo,-0.28896964,0.20341581
208731,L6 IT,0.1333304,-0.16118339
194319,L2/3 IT,-0.05190724,0.37205678
125801,Pvalb,-0.20143098,0.28068846
194318,L6 CT,0.21956325,-0.2697075
135375,L4/5 IT,-0.17542183,0.30021828
135388,VLMC,0.3007332,0.3222353
193908,L6 CT,0.07405841,-0.09985724
214171,L6 IT,-0.33238915,0.114667
125434,L6 IT,-0.16983494,-0.00024178624
125429,L2/3 IT,0.114459515,0.35019368
135438,L6 CT,-0.24190992,0.12042838
135447,Endo,0.048953056,0.13883376
256858,L5 ET,0.34412277,-0.116493374
193877,L5 ET,0.26569402,-0.17499667
273275,PVM,-0.2286112,-0.09117749
197389,L2/3 IT,0.1947537,0.21417648
45271,L2/3 IT,0.030587077,0.26927137
135530,L6 CT,0.21917099,-0.24565145
19594,SMC,0.1924153,0.36161292
125341,L5 IT,0.30470097,-0.10429719
64678,L4/5 IT,0.41052413,0.0009331107
193925,Pvalb,0.08330518,0.25633633
246692,L2/3 IT,0.18864757,0.29035807
40380,L6 IT,-0.36609632,0.16830063
256914,L6 CT,-0.08982399,-0.023587674
125492,Astro,0.3688469,0.26700372
279547,L4/5 IT,0.30077958,0.11900127
194017,VLMC,0.22099245,0.3780477
225321,L6 CT,0.12918937,-0.13240156
256932,L4/5 IT,0.20977116,0.0573231
4726,Astro,-0.28660762,0.10336757
197341,L5/6 NP,0.036943257,0.113119125
4721,L2/3 IT,-0.22758096,0.39208364
40263,L6b,-0.40846822,0.02693206
135234,L4/5 IT,0.3948993,-0.07545239
19599,Oligo,0.033162057,-0.28241068
209709,Pvalb,-0.3798691,0.18739128
135265,Astro,0.027225614,0.42247474
225355,L4/5 IT,0.17886901,0.16470218
125466,Endo,0.04154229,0.18130606
14636,L2/3 IT,-0.12319678,0.40318286
256918,Astro,0.2025274,0.39486814
4716,Lamp5,0.15907174,0.23808354
256931,L5 ET,0.01850003,0.14435613
258618,L5/6 NP,0.018615246,-0.04327774
40256,L6 CT,0.11443418,-0.22459975
246180,L6 CT,-0.0492087,-0.10380933
225416,Oligo,-0.069756985,-0.20764515
87007,L2/3 IT,0.24885517,0.27812612
135769,PVM,0.33457124,0.07137704
125143,Peri,-0.020970792,-0.12356049
174273,Endo,-0.27492023,-0.096814364
40098,L2/3 IT,-0.12209818,0.42294866
86983,Oligo,-0.1677368,-0.16461948
40086,L4/5 IT,0.34619707,0.038517237
135720,L2/3 IT,0.3086856,0.17207754
193772,L6 IT,0.20974219,-0.32012886
193745,Astro,-0.26867586,0.14572793
86973,Pvalb,-0.08168486,0.31990165
20431,Astro,0.22876388,0.30495715
225434,VLMC,0.27834982,0.36059356
217232,L6 IT,-0.045887172,-0.0111837685
258640,L4/5 IT,0.40605766,-0.08535692
214989,L6 CT,0.20488077,-0.1761007
258645,L5 IT,0.05636275,-0.00355044
90618,OPC,0.23905802,0.37824345
14641,L5 IT,-0.047049016,0.07111126
125158,L2/3 IT,0.15972012,0.37161696
264743,L4/5 IT,0.2230109,0.21207625
135556,Astro,0.093526065,0.22676569
233881,L5 IT,0.24129927,-0.07040167
87079,Astro,-0.118183404,-0.17931485
19557,L6 CT,-0.06259775,-0.07113242
40216,Astro,0.32308102,0.25372827
135601,L2/3 IT,0.23885226,0.3013007
135610,L6 IT,-0.17175433,-0.010133266
125223,Oligo,-0.16189298,-0.13170528
40148,Peri,-0.09941453,0.334745
278534,OPC,-0.07681537,0.09264791
40182,Astro,-0.41794145,-0.02072993
40174,L2/3 IT,0.35331088,0.13703603
135651,OPC,-0.18832335,0.15248275
256826,L6 CT,0.13185138,-0.30190325
64707,L4/5 IT,0.41631615,-0.08394644
135676,L2/3 IT,0.23815072,0.24673969
4685,Oligo,-0.068588495,-0.19256064
223565,L4/5 IT,0.07560247,0.16804421
233879,L4/5 IT,-0.104846746,0.24547064
88265,L6 CT,0.18097115,-0.31639916
64628,L6 CT,-0.119787276,-0.01436159
135033,L2/3 IT,0.23704606,0.26126504
40874,Astro,0.34915334,0.23988396
250170,Oligo,0.07747179,-0.29527253
134320,Oligo,0.017054915,-0.27220482
277719,L5 ET,-0.041879892,0.11624509
209583,L6 IT,-0.084867865,0.07302213
87484,PVM,-0.12859207,0.21428216
225181,L4/5 IT,0.32559216,0.018360674
90433,L6 CT,0.06329954,-0.11159074
257048,L5 IT,0.08381927,0.15934557
87475,L6 IT,-0.15088516,-0.018531412
64510,Peri,0.08586031,0.16829026
125662,L6 CT,-0.4218979,0.13163668
87471,Peri,0.28428102,0.2279743
73435,Oligo,0.13072729,-0.09361163
64512,L4/5 IT,0.10013461,0.1887101
258580,PVM,0.23895508,-0.1950818
70599,L6 IT,0.24365985,-0.11816028
241545,L5 ET,-0.1839374,0.13084978
209567,SMC,-0.21561646,0.2587164
134238,L4/5 IT,0.24512565,0.050490737
175599,L2/3 IT,0.34451634,0.23378628
87602,Oligo,0.15261161,-0.35897204
257108,L4/5 IT,0.011100352,0.19069737
20305,Oligo,-0.22328275,-0.07806623
174437,L5 IT,0.05621171,0.16561556
209528,Endo,-0.21540272,0.25573605
265111,L4/5 IT,0.31438774,0.006582737
125794,L4/5 IT,0.40637106,-0.06865758
134051,L6 IT,0.21149689,-0.22489864
134427,L2/3 IT,0.09349632,0.3051299
233925,Endo,0.16914356,0.38843036
258540,L2/3 IT,0.119083226,0.38040817
45083,L6 CT,-0.10446912,0.030605018
15065,Micro,-0.11099538,0.17278421
267631,Astro,0.1668176,0.27184355
45094,Astro,0.38212615,-0.12943634
273177,Lamp5,-0.094130516,0.32635176
194234,L4/5 IT,-0.15848422,0.29519266
40905,Pvalb,-0.16716248,0.21009433
134091,L6 IT,-0.05242288,-0.0061565936
87466,L5 ET,-0.0927971,0.11507541
20314,Oligo,-0.3027994,0.05361557
209601,PVM,0.06008035,0.1806354
134780,L2/3 IT,0.34464872,0.08619088
40665,Lamp5,0.18525088,0.39007074
134901,L5 IT,-0.25064272,0.18907249
256985,L5 ET,0.14197409,0.04151553
134914,Micro,0.25226843,0.3095215
134924,L6 IT,-0.026586264,-0.013095111
194067,L5 IT,0.042626917,0.12107909
12421,Peri,0.19088298,-0.1196028
134745,L6 CT,0.23686326,-0.27567068
134951,Oligo,-0.17129761,0.27768433
15105,L2/3 IT,-0.0017976761,0.37228912
225306,L6 CT,0.14588654,-0.13779658
223611,Oligo,-0.16225195,-0.17102897
197336,L6 CT,-0.24915707,0.017106831
135007,Endo,0.2065683,0.37759697
240062,L4/5 IT,0.056678772,0.20010954
135025,L4/5 IT,0.36446452,0.0054086447
135026,L6b,0.11573166,-0.24736154
134969,L6 CT,0.005300522,-0.104549855
194033,Peri,0.10571778,-0.26055872
225249,L6 CT,-0.36964196,0.079685986
64560,L2/3 IT,0.18192595,0.30022496
63091,Oligo,-0.3186186,0.052292585
180357,Micro,0.07170308,0.15206087
87442,L2/3 IT,0.2635864,0.27774966
20319,Micro,-0.09336588,-0.18831107
250192,L2/3 IT,0.1470676,0.24274343
87427,SMC,0.106580675,0.34630203
225206,L4/5 IT,-0.2264764,0.33709598
45189,L5 IT,0.09919095,0.13829577
225224,Endo,-0.08451629,0.45165104
134544,L5/6 NP,0.30200213,-0.039536655
237372,L4/5 IT,0.4032961,-0.076444805
265163,Lamp5,0.40388912,0.20029932
175637,Astro,-0.31322238,0.26533216
232244,OPC,0.103141844,0.21194184
257004,L5 ET,0.31445646,-0.14559793
4768,Endo,0.28101367,0.32848185
250205,Astro,0.29410362,0.06394595
87354,L4/5 IT,-0.20407754,0.31035638
194169,L4/5 IT,0.046253085,0.24278384
239363,L6 IT,0.19545776,-0.06216061
209327,L2/3 IT,0.13848114,0.39008647
42054,SMC,-0.10983771,0.48378426
196734,Pvalb,0.11986935,-0.11607915
63725,Pvalb,-0.017564178,0.34064704
43391,L6 CT,-0.17919418,0.17078245
129094,L5 IT,0.111427665,0.11537224
224216,L5/6 NP,0.061984897,0.06720227
43379,L2/3 IT,-0.22058839,0.39661068
43378,Oligo,-0.37456328,-0.028279275
43373,L4/5 IT,0.07905829,0.19722867
5292,Micro,0.11545694,-0.15202397
272735,L6 CT,0.27607042,-0.19520107
73604,Sst,-0.06441823,0.060566664
196017,L4/5 IT,0.1051088,0.17900527
195995,Oligo,-0.09296283,-0.15987152
264857,L2/3 IT,0.23406088,0.3255242
196746,Sst,0.14032942,0.23150474
217554,Oligo,0.0073719025,-0.22297743
129190,Micro,-0.14891851,0.46743315
129083,Endo,-0.41990435,-0.0020617843
127159,L6 CT,0.060393333,-0.15737784
196050,Lamp5,0.2679001,0.30191952
89307,L2/3 IT,0.17197835,0.32384336
128822,Peri,-0.2749797,0.18214887
386,Endo,0.035737753,0.23126155
14790,L5 IT,-0.036218584,0.10793656
175189,SMC,-0.39779186,0.09949756
217587,Pvalb,-0.09454107,-0.024690926
180493,L5 IT,0.3254181,-0.056335986
196107,L6 IT,0.28973454,-0.14912349
196100,Oligo,-0.03260222,-0.22288987
209077,L6 CT,-0.20677596,-0.01921317
196718,L2/3 IT,0.18671072,0.26065677
224175,L4/5 IT,0.37376577,-0.015821576
43489,Astro,-0.21577483,0.28740662
214251,L5 IT,-0.016003758,0.084159136
232439,Endo,-0.269034,0.07386869
89326,L4/5 IT,0.07014239,0.22164565
43469,L6 CT,0.090699315,-0.15824041
43465,L2/3 IT,0.19437182,0.3299433
127171,Astro,0.29829782,-0.1356503
128949,Oligo,-0.058261395,-0.22237736
209039,L5 ET,-0.036040753,0.12365836
89201,L2/3 IT,0.12711132,0.30658156
89944,Oligo,0.07243663,-0.3219652
43171,Endo,0.27636045,0.07362378
63795,L4/5 IT,-0.25240308,0.31631947
257862,VLMC,0.3671695,0.29470146
127083,Endo,0.10301781,-0.36775357
272581,L2/3 IT,0.40876096,0.13523799
89102,L6b,-0.23525023,-0.04251039
89094,L6 IT,0.003535211,-0.09390837
89090,L6 IT,0.19295132,-0.13329399
175445,L2/3 IT,0.31461704,0.31243175
89081,Oligo,0.054650605,-0.12502652
129634,L2/3 IT,-0.20732313,0.42514086
209123,Astro,0.36782807,0.18206197
129667,OPC,0.5,0.029684186
73607,Endo,0.21050543,0.38512373
43124,Oligo,0.03232771,0.19460773
19936,L6 CT,-0.26990187,0.09589809
195776,Astro,0.12637353,-0.056220114
44373,L5 ET,0.22584486,0.0034338832
257871,Astro,0.023311079,0.21772206
5506,OPC,-0.19893038,0.3418721
43202,Astro,0.05655545,-0.30721635
242811,L6 CT,0.19542879,-0.25271994
129256,L5 IT,0.019740164,0.1415677
43306,L6 CT,0.14428431,-0.22667971
175412,Sncg,0.031770527,-0.16939658
272737,L4/5 IT,0.10239869,0.16882414
224231,Endo,-0.16368541,0.32830888
232493,Endo,-0.16091207,-0.15423837
43286,Pvalb,-0.18214476,0.3159845
195984,Oligo,-0.30540347,-0.057389468
89164,Oligo,0.07073635,-0.28053385
241677,Astro,-0.05297473,0.42711854
129382,Peri,-0.1680921,0.25988483
129385,L6 CT,0.080711424,-0.17639625
43239,L6 IT,-0.09239364,-0.051434964
195889,L5 IT,0.39189845,-0.09893948
127114,Vip,0.47061688,0.06471151
244206,Astro,0.09709215,-0.30629185
129496,L4/5 IT,0.3765685,-0.030242234
208846,L4/5 IT,-0.015464097,0.22137815
43567,L6 CT,0.21655905,-0.26181194
224125,L6 CT,-0.40041098,0.1543153
43620,Astro,0.42998773,0.21781063
223973,Oligo,-0.10380423,-0.19338775
127941,L4/5 IT,-0.23006892,0.32919347
89669,Astro,0.28159106,0.34136367
89662,Endo,0.26254952,0.22495872
196434,L6 CT,0.050320685,-0.09574878
127963,L6 IT,-0.24808452,0.23845041
43957,L6 IT,0.21841645,-0.30503404
258180,OPC,-0.40370902,0.08907288
63460,L2/3 IT,0.0784592,0.3316782
44163,L6 IT,-0.41016936,0.13771558
196429,Oligo,-0.23710474,0.23467231
43932,L6 IT,-0.05130434,0.04033518
63445,Oligo,0.04238653,-0.2879454
43931,L6 CT,-0.0032402873,-0.15873688
5466,L6 IT,0.15091532,-0.18362987
217640,VLMC,0.381989,0.26415968
196394,L5 ET,0.20656687,-0.009191245
217658,Micro,-0.16813463,0.35918325
196465,Astro,-0.3200068,0.19103211
127888,Endo,0.060958743,-0.3435986
180452,PVM,0.35943544,0.2503994
44103,L6 CT,0.14711511,-0.15494749
269499,Oligo,0.19432658,-0.33125824
5451,Endo,0.007716298,-0.25696313
258229,Astro,0.21180463,-0.16567844
127655,L2/3 IT,0.2179972,0.2609867
196550,L5 ET,0.13265365,-0.053260654
223936,L6 CT,0.24009752,-0.22923341
214947,L6 CT,0.08752084,-0.25586456
128139,L2/3 IT,-0.011436611,0.38887924
127771,L2/3 IT,0.15130877,0.25331712
89744,L6 CT,0.19112909,-0.2540593
232483,Lamp5,-0.2641384,0.250107
127552,L4/5 IT,-0.13604924,0.31276935
208912,L6 CT,0.19796205,-0.27830803
127542,Pvalb,-0.201828,0.11504471
235706,L6 CT,0.15730399,-0.26071668
127482,L4/5 IT,-0.21920615,0.31730884
208918,L5 IT,-0.19139165,0.11004144
89804,L4/5 IT,0.07446879,0.17617768
217622,L6 CT,-0.014356166,-0.13370061
268022,L5 IT,0.0123230815,0.17575145
43851,L6 CT,0.08891547,-0.039300352
196282,L5 IT,0.23735642,-0.03200704
246355,Micro,-0.13596871,0.4422019
237202,L5 IT,0.2529083,-0.092285395
44204,L6 CT,-0.16041863,0.0451532
89465,Pvalb,-0.108548164,0.054032147
224103,L2/3 IT,-0.21779734,0.4374056
208866,L2/3 IT,0.20305413,0.27735865
179088,L6 CT,-0.23904282,-0.012434155
250024,L5 ET,0.16112804,-0.004786551
89447,L6b,0.100287676,-0.28550547
128630,Astro,-0.01484254,0.1859532
89437,L2/3 IT,0.37375993,0.086153805
209023,L5 IT,0.08432257,0.16353446
89910,L5 ET,-0.089999646,0.08131963
196205,Pvalb,0.0031505227,0.26387537
43623,L4/5 IT,-0.0998058,0.32269084
9694,L6 IT,0.291057,-0.17407128
128708,OPC,0.16442108,-0.28892392
127332,L5/6 NP,0.29230386,-0.08819449
43109,L5 IT,0.33176506,-0.107717365
89484,Endo,0.18326229,-0.3084098
128461,L2/3 IT,0.10418844,0.25205964
44171,Vip,0.26230854,0.2483539
175309,Oligo,0.14656168,-0.23260659
63576,L6 IT,-0.20098835,0.020519495
128273,L2/3 IT,0.29607832,0.29668635
196627,L6 CT,-0.43537417,0.09992391
208972,Astro,0.3308128,0.016175866
43811,L4/5 IT,-0.05264193,0.25602365
89532,Oligo,0.07932186,-0.33560044
127393,Oligo,-0.07529053,-0.040965557
208879,Astro,0.23828346,-0.23797613
127396,Micro,0.13095355,0.41992903
128386,L6 CT,-0.4202962,0.09664458
175294,Pvalb,0.05894226,0.1845879
217699,L5 ET,-0.20125893,0.20653963
89496,Endo,0.32572937,0.051551223
63417,L6 CT,0.066515386,-0.19765058
196300,Peri,0.23661214,-0.16970155
63588,Lamp5,0.26695055,0.3521735
258113,L6 CT,0.1621266,-0.22141093
19946,L4/5 IT,0.016809344,0.21269584
129787,L6 CT,-0.38428822,0.18557608
129813,L5 IT,0.39382744,-0.09764111
126509,Astro,0.24704343,0.3418364
131334,L4/5 IT,0.39455348,0.023477674
42368,Oligo,0.048021972,-0.30858296
131355,L6 IT,0.35495615,-0.14742908
42354,L2/3 IT,0.30000252,0.22690266
20089,Lamp5,-0.13839975,-0.11536053
272943,Oligo,-0.13429612,0.17439246
73651,L2/3 IT,0.18589574,0.30332088
131476,L2/3 IT,0.12202126,0.24380189
209284,Pvalb,0.005495429,0.3505339
195186,Oligo,-0.25144893,-0.11699352
131492,Micro,-0.13438791,0.3205014
366,Astro,-0.21943983,0.40373844
63237,L4/5 IT,0.06571716,0.21444404
20123,L6 CT,-0.09290284,-0.013444811
42277,L5 IT,-0.05487004,0.18821192
126459,L6 CT,0.18544227,-0.18278855
42420,Oligo,0.116318226,0.13903457
175517,Peri,0.1159271,0.21053863
5079,OPC,0.10239446,-0.30494058
5084,Oligo,0.16517264,0.02289939
131107,L2/3 IT,0.14924127,0.28959572
131129,L6 CT,0.13889629,-0.4006685
73477,Peri,-0.07404715,0.17359734
224513,Micro,0.24415547,0.16075629
88605,L5 IT,-0.14206904,0.12394154
90146,L4/5 IT,0.08322221,0.180354
224516,Oligo,-0.2291489,-0.117956996
131164,Endo,0.24409312,0.34706724
5033,L5 IT,0.25191492,-0.02253738
209238,Micro,0.32713318,0.22788906
131167,Oligo,-0.09644556,-0.20649341
244179,Peri,0.34922367,0.24754053
235666,L5 IT,-0.08719018,0.056536674
131204,Astro,-0.22537413,0.09913093
264957,SMC,0.049361825,0.37497222
88577,Micro,0.013395786,0.23691595
244178,Oligo,-0.23774803,-0.06516448
126534,Pvalb,-0.1901854,-0.042901486
269396,Micro,0.001390338,-0.26966882
64133,Oligo,-0.022591084,-0.22096866
197022,L6 CT,-0.38691553,0.18503267
42263,Lamp5,-0.18466353,0.3889476
195113,L6 CT,0.16864109,-0.3606906
246524,Oligo,-0.17248625,-0.13340119
5604,PVM,-0.050550103,-0.21525207
131818,L6b,-0.2608009,-0.07943052
64159,Astro,0.09995574,0.43362087
126306,Oligo,-0.11046669,-0.20137069
257446,L2/3 IT,0.1758278,0.29440802
42147,L6 CT,0.1713236,-0.29609716
90203,L6 CT,0.040123105,-0.13435173
42118,SMC,-0.38837513,0.06997383
257438,Oligo,-0.06072274,-0.21408582
42100,L6 IT,-0.36787373,0.20083356
131928,L2/3 IT,0.31100434,0.20286751
5609,Astro,-0.103513986,-0.20187765
126291,Micro,-0.20533231,0.036454678
42081,L5 ET,-0.013741523,0.13647646
131933,L6 CT,0.06199366,-0.0791311
126281,L6 CT,0.10037267,-0.09568626
131866,Oligo,0.101481855,-0.32487136
131096,Peri,-0.14775074,0.24063891
217425,L6 IT,-0.33539742,0.14005572
131774,L6 IT,0.019419312,-0.11415422
195144,L6 CT,-0.033569723,-0.08983719
224610,Sst,0.2988417,-0.13666236
131675,L5 ET,0.0648759,-0.07475439
208769,L6 CT,0.14709634,-0.21931669
131676,Micro,0.19231635,-0.23961657
208767,L6 CT,0.17486316,-0.2358889
88406,Oligo,0.078602314,-0.2452186
195136,L6b,0.12962556,-0.26571646
44683,L2/3 IT,0.14408737,0.28194106
131680,Endo,0.20139849,0.15998149
131691,Oligo,-0.11517531,-0.16641468
180604,Oligo,-0.30399144,0.061638236
42178,Sncg,0.45516485,0.10769564
224651,L6 CT,0.16915488,-0.25025493
131758,Endo,0.23529863,0.23079693
64151,L2/3 IT,0.193362,0.27867103
208764,VLMC,0.36939216,0.29153156
195120,L4/5 IT,-0.12526777,0.26489353
258430,L4/5 IT,0.041337848,0.26423544
131981,L2/3 IT,-0.0781101,0.318655
131095,VLMC,0.24614018,0.3617627
276931,Peri,-0.063151866,0.34080833
195647,L6 CT,0.19250268,-0.3607227
9809,L2/3 IT,0.2105279,0.26388824
42878,SMC,0.06668198,0.26915324
73622,Oligo,0.13081378,-0.2738257
126985,Endo,-0.3198387,-0.043070495
130301,L6 IT,0.24311918,-0.3086337
195616,L5/6 NP,-0.0076600313,0.114591
42812,L5 ET,0.027721405,-0.004948139
272832,Endo,-0.09638214,0.329794
73501,Micro,-0.22815832,0.292978
232407,Astro,0.17386127,-0.32654935
130469,OPC,0.32229233,-0.17049459
272852,L5 IT,0.21652722,-0.013793796
130490,Astro,0.18589103,0.4111362
195547,L2/3 IT,0.35725605,0.23382217
130505,Micro,-0.23609433,0.046754897
272573,L5 ET,0.26574808,-0.12436414
130192,L4/5 IT,0.19573247,0.19965869
246457,L2/3 IT,0.1184023,0.22045892
130118,Astro,-0.34357375,0.1956504
130102,L5 IT,-0.086291164,0.1497221
234025,L6 CT,0.15112877,-0.20783529
175047,Peri,0.2809797,0.31311715
127061,L5 IT,-0.05053076,0.05686009
89007,L6 IT,-0.17478299,0.130719
63856,Astro,-0.041003406,0.30664802
129887,Lamp5,-0.028848112,0.1415677
239416,L6 CT,-0.015461683,-0.10013381
129914,Astro,-0.04460904,-0.21349967
130509,L4/5 IT,0.09951037,0.25550747
43051,L2/3 IT,0.44481063,-0.04980752
258323,L2/3 IT,0.26685637,0.28361845
239414,Astro,-0.04421839,-0.026583582
129964,L4/5 IT,-0.14041907,0.3042655
43003,L2/3 IT,0.38466036,0.13063335
129985,Pvalb,0.3118207,0.010003805
258325,Oligo,-0.16619888,-0.14915952
5194,L4/5 IT,-0.23591289,0.32200795
277758,Pvalb,0.100195944,0.31463873
127037,Astro,0.2592904,0.34339678
130552,L2/3 IT,0.43943244,-0.033485204
130567,L4/5 IT,0.32641113,0.13294029
196850,L2/3 IT,0.19636714,0.3384226
130811,Micro,0.26210672,-0.0855557
44530,L4/5 IT,0.2758817,0.0801636
64028,L2/3 IT,0.16237128,0.26341105
88683,Oligo,-0.15154177,0.039920807
90106,Astro,0.28496182,-0.19084162
257632,L4/5 IT,0.07524449,0.13928139
130919,OPC,-0.22971183,0.39815825
130957,L2/3 IT,0.46681452,0.10326719
90092,Pvalb,-0.24698585,0.3185082
195400,Astro,-0.051276952,-0.08109909
174950,L6 CT,-0.29652685,0.19037426
126678,L6 IT,-0.3122486,0.060985327
196958,L5/6 NP,0.32693344,-0.1649189
223757,L6b,-0.008273959,-0.21555635
257609,L6 CT,-0.006847769,-0.045461953
224489,Micro,-0.298635,-0.03671196
241781,L5 ET,0.021339118,0.135458
12470,L5 IT,0.3347878,-0.060546696
90110,OPC,-0.22299197,0.21044052
126637,Oligo,-0.07451916,-0.20014411
249993,Peri,0.06929386,0.16641349
42641,L6 IT,-0.15714091,0.10292703
88803,L6 CT,-0.33900005,0.1799618
9816,Oligo,-0.09685999,0.46604335
130624,OPC,-0.17618963,-0.15646198
130637,L2/3 IT,0.16012347,0.2640007
126935,Endo,-0.04815188,0.01304239
195510,L6b,0.051217496,-0.23889056
244188,L5 IT,-0.07780278,0.17911553
42687,L2/3 IT,0.4156705,0.09588331
130806,L2/3 IT,0.39726037,0.14516085
235727,L5 ET,0.24219769,0.0041478276
88739,L2/3 IT,-0.2024334,0.40696728
126832,L6 CT,0.16256481,-0.21797642
42644,Oligo,0.060896516,-0.34550798
5115,Endo,-0.35222533,0.22994828
44510,L5 IT,-0.3357932,0.230591
130760,L4/5 IT,0.17257857,0.16545224
88717,L6 IT,-0.047274947,-0.09970653
130787,Endo,0.16662073,-0.2721808
44484,Micro,-0.05470863,0.1693939
265237,L6 CT,0.24740809,-0.20811602
125207,L5 ET,0.2985689,-0.078540504
196567,VLMC,0.1970619,0.3907789
123966,Peri,-0.05663678,0.20890051
192093,Oligo,-0.12191424,-0.11702427
192092,L2/3 IT,0.13218367,0.3556564
233752,L6 CT,-0.3081199,0.09802884
173554,Oligo,-0.36399534,-0.03536114
226143,Peri,0.058250904,0.19430321
140523,L6 CT,0.21505648,-0.24551931
37665,Pvalb,0.26870048,0.009723127
45961,L2/3 IT,0.4879042,0.038731396
210395,Astro,-0.018876165,0.30052513
140611,Oligo,-0.23466188,-0.12126377
210399,Micro,-0.11134726,0.23894513
226153,L4/5 IT,0.36357212,-0.057038248
91095,L5 IT,0.19915193,-0.02791971
143399,Astro,-0.24524572,0.24655455
123946,Astro,-0.3127808,0.013038814
15440,L5 ET,-0.14500767,0.23436505
273720,OPC,-0.28237695,0.05352837
62824,L5 IT,0.011299193,0.1435399
208539,L4/5 IT,0.1382953,0.2057634
85380,L5 IT,0.32431853,-0.057945788
210360,Micro,-0.33269814,0.22428614
140348,Sst,0.29808158,-0.103709936
226123,L2/3 IT,0.14466989,0.21868896
192130,VLMC,0.34066355,0.2857561
123198,L4/5 IT,-0.08013344,0.2503878
140401,L5 ET,0.29625285,-0.14875892
11534,Astro,-0.23279157,-0.0067441463
37673,L5 IT,-0.0087156,0.032772362
62843,L6 IT,0.26378614,-0.24232587
91045,Micro,-0.15060851,-0.16737753
20704,L6 IT,-0.3594442,0.15287578
197746,Peri,-0.084961355,0.34880185
91050,L6 CT,0.22652316,-0.24393225
175903,Astro,0.33237994,0.0977304
73338,Endo,0.15439278,0.35290837
192118,PVM,-0.0048264563,0.4832967
46395,L4/5 IT,0.056786954,0.22325516
192027,Endo,-0.279794,0.233895
265593,Endo,0.087494075,0.25144446
175912,OPC,0.29737997,0.18127704
140898,L6 CT,0.16240829,-0.33304182
226195,Lamp5,0.20978457,-0.087430716
226197,L5 IT,0.25937814,-0.112573236
140930,L6 IT,-0.36361182,0.17798203
140946,L2/3 IT,0.17066038,0.3288262
85116,L6b,0.098214865,-0.24433103
256060,L2/3 IT,0.3322016,0.23236871
210433,Micro,-0.050632417,-0.25063914
37426,L4/5 IT,0.39243704,-0.045133263
140973,Oligo,-0.26563022,-0.068030536
241847,Oligo,0.09274113,-0.32719904
141039,Peri,-0.3525849,-0.023213565
143334,L4/5 IT,0.33143586,0.07082194
141040,L2/3 IT,0.0854066,0.2295348
20754,Oligo,-0.18379372,0.058815718
191930,L4/5 IT,0.0125193,0.22317928
249002,L6b,0.134152,-0.36719444
140838,Micro,0.103367984,0.13402116
210429,OPC,-0.41482937,0.05413747
226173,L6 IT,0.06936592,-0.035731286
15459,L6 IT,-0.39177078,0.10270196
210404,L4/5 IT,0.05541891,0.22684157
237609,Sst,0.050091803,-0.03875974
10251,L5 IT,0.036234498,0.093482494
210418,L5/6 NP,0.20131332,-0.3174896
214111,L2/3 IT,0.10081917,0.27006793
123939,L6 CT,-0.114014804,-0.07741308
37485,Endo,0.11411178,0.15738755
173514,Micro,0.083322406,0.13123852
259004,L5 IT,0.19404554,-0.028611124
37478,Micro,-0.33607337,0.104610026
46014,Oligo,-0.16515073,-0.16487658
191987,L6 IT,0.004681349,-0.108201265
123900,Pvalb,-0.2855631,0.22874838
140826,L2/3 IT,0.1644845,0.29705006
143354,L6 CT,0.2475797,-0.2566952
140332,Oligo,-0.14977917,-0.13567871
85079,L6 IT,-0.080212325,-0.041566968
264535,Endo,-0.20269927,-0.13629848
73342,Peri,0.121392846,0.174164
74068,Endo,-0.18417454,-0.13949597
232104,Oligo,-0.10564238,-0.12855041
192403,L4/5 IT,-0.2131005,0.34283656
4202,L6 IT,-0.33689398,0.13079351
62875,Oligo,0.100723624,-0.372307
139701,L5 IT,-0.0070569813,-0.014430791
38057,L2/3 IT,-0.22057754,0.38951415
74066,Pvalb,-0.041831404,0.025482476
192382,L4/5 IT,0.41369247,-0.055404812
85545,Peri,0.16775686,0.099840164
264538,L2/3 IT,0.35920358,0.07398242
143486,L4/5 IT,0.38662302,-0.04341501
38041,L4/5 IT,-0.15820047,0.3324964
139783,OPC,0.19439113,0.09093535
62869,L4/5 IT,0.11968011,0.2593621
37994,L5 IT,0.38475412,-0.10323161
192373,L6 IT,0.27574372,-0.18033177
265540,Astro,0.18907076,0.4131561
273654,L6 CT,-0.089443,0.026896238
62877,L4/5 IT,0.25729036,0.06383711
225987,Pvalb,0.24931312,0.22760725
142973,Micro,0.042153,0.024969399
38284,L4/5 IT,0.11253679,0.15482563
210278,Astro,-0.3757627,0.15112895
239856,Micro,-0.036137283,-0.2154141
217934,Endo,-0.1836505,0.38651067
180235,Oligo,0.0015820861,-0.2552076
74062,Astro,-0.2127865,-0.033171177
210283,L4/5 IT,0.4186635,-0.061389744
241441,Oligo,-0.16720271,-0.13003314
265513,L6 CT,0.13473326,-0.27616483
615,L2/3 IT,-0.2129179,0.42899698
139520,L6 CT,0.017906308,-0.15025556
143510,Endo,0.13511127,0.13993871
4234,Endo,0.39579725,-0.013619989
143491,L6b,-0.43457097,0.05768448
139462,Oligo,-0.30163783,-0.16596901
71239,L2/3 IT,0.25824404,0.19119048
45835,Oligo,-0.22072604,0.017794073
124174,L6 CT,-0.23856845,0.062497914
65498,L2/3 IT,-0.23236755,0.3487507
36225,Endo,0.0035712123,-0.25193906
232582,L5 ET,0.004094243,0.13849878
37844,Oligo,0.031912982,-0.34631747
208548,L6b,0.062114656,-0.23718491
256164,Oligo,-0.46159407,0.036883235
140133,L6 CT,-0.16626126,0.042255044
4160,Oligo,-0.22624391,-0.1097008
226092,L4/5 IT,0.4204914,-0.049532354
140157,L2/3 IT,0.09715891,0.3244288
247123,L5 IT,0.21594387,-0.04259911
37825,Endo,-0.16490823,0.22927636
4155,Oligo,-0.0104393065,-0.18778774
4150,Micro,0.23972762,0.3272906
140261,L4/5 IT,0.3949579,-0.047226995
175900,L4/5 IT,-0.081183285,0.21723026
140150,Oligo,0.02025783,-0.24053556
12239,Oligo,0.07357901,-0.3256654
197723,L5 ET,-0.105793655,0.16783547
85445,Oligo,-0.17441356,-0.1453841
85506,L6 CT,-0.05515322,-0.046276838
90990,Astro,0.21587712,0.28611284
139861,L5 IT,-0.047351927,0.09574443
90628,L6 IT,-0.15229833,-0.07840964
65472,Oligo,-0.047541946,-0.20126262
256209,L5/6 NP,0.25463814,-0.040119648
223427,L2/3 IT,-0.007847726,0.35604864
45861,L4/5 IT,0.4124347,0.02003944
124146,L6 IT,-0.009335369,-0.024644613
85484,L6 IT,0.0950709,-0.04710269
223417,L2/3 IT,-0.04616049,0.3945763
192293,L2/3 IT,0.4009393,0.091427505
258816,Pvalb,-0.0006200075,-0.11291447
197717,L6 IT,-0.41006052,0.15488201
143441,L6 IT,-0.3633366,0.06432116
85452,Astro,-0.07628983,0.15000576
140091,Astro,0.10767311,-0.26080632
37746,L6 IT,-0.34734195,0.15254837
235570,Oligo,-0.09263763,-0.1441024
141107,L2/3 IT,0.3720823,0.14664435
191894,L6 CT,0.22392732,-0.20087895
65917,Endo,0.020400345,0.20936078
265694,Sst,0.2343368,-0.17045078
142444,Astro,0.097289085,0.44641745
142445,L2/3 IT,0.113922,0.29348415
3801,Oligo,-0.34714472,-0.045197666
226569,Micro,-0.14260101,0.19659251
3883,L2/3 IT,0.08269328,0.25776035
142440,Astro,0.10711211,-0.27571517
3879,L5 IT,0.059077024,0.16971219
240383,Pvalb,-0.18279669,0.26181507
216822,L6 CT,0.22529835,-0.24795398
84615,Micro,0.011734724,0.21518052
173285,L2/3 IT,0.2456041,0.28006834
91269,Oligo,-0.3310093,0.006490171
249003,L2/3 IT,-0.13971865,0.35951418
173277,SMC,-0.23706982,0.17206508
223316,L6 CT,0.15859342,-0.33537385
36616,L6 IT,0.102677464,-0.09313947
235193,Endo,0.32444048,-0.008164853
123561,L6 CT,-0.08779067,-0.15537831
36780,Astro,0.16709393,0.36285448
36765,L6 CT,0.12223607,-0.118762314
191554,Oligo,0.03174174,0.20380718
62734,L5 IT,-0.11201769,0.23778671
255820,L2/3 IT,0.18666011,0.28838724
84706,Astro,0.31583673,0.2962095
71195,Pvalb,-0.22845194,0.25102288
142436,Endo,-0.22755471,0.29657227
36735,Oligo,-0.22788596,0.0012301803
237721,Astro,-0.09137833,-0.18664047
3896,L2/3 IT,-0.1908763,0.40639657
191514,Micro,0.15089822,0.1181438
191509,L4/5 IT,-0.20280156,0.36547256
36705,L4/5 IT,-0.020450652,0.22237247
234867,L2/3 IT,-0.17428419,0.39638352
123340,Astro,0.40887868,0.03405851
208496,Astro,-0.17035592,0.02759993
214081,SMC,0.21129107,0.38015616
3807,Oligo,-0.4169748,0.002884388
12671,L2/3 IT,-0.15414801,0.44383115
173258,Oligo,-0.5,0.00493598
191361,Oligo,0.0895673,-0.34401253
36405,L5 ET,0.03710872,0.14424038
123391,Oligo,-0.033844918,-0.19279268
191314,Oligo,-0.16809732,0.28077286
46315,L2/3 IT,0.31964093,0.071551025
197931,Oligo,0.017115653,-0.2973035
62710,L5 IT,-0.32490492,0.16888982
36479,Endo,0.2023158,0.34248322
84489,Astro,-0.14235866,0.35730016
210643,Endo,0.44293666,0.0016515255
10313,L2/3 IT,0.20668781,0.30937582
173251,PVM,-0.21711382,0.12935215
3828,L6 CT,-0.21650192,0.010791123
36462,Oligo,-0.18795738,-0.049781084
66031,Vip,0.23304278,0.19839597
662,Oligo,0.11472142,0.4362536
226597,L2/3 IT,0.3704387,0.17979008
142820,L6 CT,-0.1286448,0.0062553883
255734,L6 IT,-0.05691424,-0.0069937706
36604,L6 CT,0.23746115,-0.22164968
123456,L6 IT,-0.332924,0.10318363
46302,Astro,0.0903036,-0.36208755
269612,Pvalb,0.054096997,-0.12709609
36588,L5 IT,-0.14402482,0.26485646
226580,PVM,0.13300067,0.24970412
142671,L6 CT,0.16172296,-0.2775061
142675,Oligo,-0.032335788,-0.23532027
214080,L5 IT,0.31975424,-0.027143866
84565,L6 CT,-0.115088105,-0.10219678
143112,Peri,-0.021682054,-0.11607033
273913,Endo,-0.011616945,-0.040924877
123432,L2/3 IT,-0.15757802,0.37696236
84423,Vip,-0.24582693,0.36891204
255735,L6 IT,0.2246241,-0.1500448
84532,VLMC,0.2668965,0.36049765
46346,Oligo,0.063443005,-0.28067866
142186,L6 CT,0.041193604,-0.07647067
123227,Astro,-0.018388987,0.13251299
226507,L2/3 IT,0.35921144,0.11540145
226504,PVM,0.14893556,-0.34523144
65697,VLMC,0.2921009,0.33861446
226251,L4/5 IT,-0.12110856,0.22713286
141319,Oligo,0.01768601,-0.30240208
278480,L6 CT,-0.3611924,0.19373935
141320,L2/3 IT,0.4445663,0.0027042031
74142,L6 CT,-0.10234743,-0.110013515
37223,L6 CT,0.24121594,-0.28097105
123792,L4/5 IT,0.13994801,0.16544437
264517,L6b,-0.048743486,-0.16075924
197835,Astro,-0.30270883,0.23003507
217966,L6 CT,0.21058148,-0.3013623
141429,Lamp5,0.13722694,0.36549604
181147,Oligo,-0.15086836,-0.16360196
278621,Oligo,0.053066194,-0.24848557
191744,L2/3 IT,0.38972098,0.107771516
141530,L4/5 IT,0.25545913,0.011533678
37203,Endo,0.29850346,-0.1549457
123754,Astro,-0.15357324,0.36049342
91138,L5 IT,0.21594697,0.04175234
37262,L5 ET,-0.27752432,0.2567619
191207,L6 CT,0.13868076,-0.12740201
216910,L2/3 IT,0.38663673,0.08599043
37336,L4/5 IT,0.08950901,0.25818235
37333,Micro,-0.06103462,0.000852108
37332,L6 CT,0.22227234,-0.1681127
141201,L6 CT,-0.03601569,-0.0075238645
264496,Astro,-0.4032269,0.18363482
91136,Endo,-0.26026177,0.15921402
37303,L6 CT,-0.19296607,0.0831545
71634,L2/3 IT,0.09790182,0.26284194
85024,L5/6 NP,0.24267411,-0.15564209
143315,L2/3 IT,0.42024994,-0.00016853213
74137,Lamp5,0.35659587,0.2279436
141281,L5 IT,0.02378732,0.14421564
37269,Oligo,-0.37106568,0.030737877
46062,L6 CT,-0.16397503,0.11124557
141250,L6 CT,-0.2922401,0.0037448406
141544,Endo,0.06745535,0.240619
141554,L6 IT,-0.111359924,0.014374018
226365,Micro,0.21797884,0.36087656
5956,L5/6 NP,0.2859301,-0.10381809
84792,Astro,-0.30105805,-0.06988791
46134,L6 CT,-0.39982492,0.11528981
191649,L2/3 IT,0.15498644,0.23422146
15576,OPC,-0.24737433,0.35181522
65829,L6 CT,-0.15578052,0.04713273
15534,PVM,-0.04816851,0.35733616
141888,Pvalb,-0.18904522,0.35933566
11755,L5 IT,-0.25921914,0.2561639
276773,L2/3 IT,0.16653007,0.2238689
142118,L5 IT,0.08518833,0.0140942335
217981,L5 ET,0.04142183,0.123342454
181172,Astro,-0.06729135,-0.2049897
142122,Astro,0.101554096,-0.16945952
123659,L6 IT,0.15919095,-0.055388004
181209,Oligo,-0.08391705,-0.18158934
91215,L2/3 IT,0.17696482,0.2689007
226435,L4/5 IT,-0.27798277,0.32521808
191673,Astro,0.0028372407,0.4559273
191679,L6 CT,-0.37679854,0.15470558
273966,L5 IT,0.29618317,-0.0472762
141579,OPC,0.030520618,0.15045768
46103,L6 IT,-0.26364145,0.101435125
141620,Oligo,0.02929914,-0.33069292
255952,L5 IT,0.13285846,0.06579739
191709,Astro,0.3501848,0.18533814
84854,L5 IT,0.0059580207,-0.010620207
269598,L6 CT,-0.3086851,0.027782083
141722,Lamp5,0.3959568,-0.06663287
249010,Oligo,-0.21648246,-0.1471298
84846,Micro,0.19157428,0.21478575
15510,Astro,-0.32316503,0.11157483
141744,Astro,-0.40890196,0.06600833
197859,L2/3 IT,-0.15400219,0.4288295
233786,VLMC,0.042417943,0.4782588
141749,L5 IT,-0.24099037,0.2675339
36991,Astro,0.08174384,-0.3316022
223339,Micro,0.17068768,0.28272194
225985,Astro,0.038277447,-0.33895665
38293,Oligo,-0.11321846,0.015838385
65421,L2/3 IT,0.1957444,0.3134138
10091,L4/5 IT,0.40246773,-0.03958091
225620,L6 IT,0.29488736,-0.2860331
193265,Endo,0.15263861,0.28132904
279575,L4/5 IT,0.14781702,0.12004471
3720,L6b,-0.1416778,-0.10030568
246150,L5 IT,0.37206715,-0.14422789
137203,L5 IT,0.29546237,-0.095896244
242875,L6 CT,0.21722806,-0.24064982
277701,Astro,0.16288602,0.1776039
225629,Oligo,0.047029793,-0.22506309
256580,L6 CT,0.243146,-0.20772314
225644,L2/3 IT,0.20706743,0.33501393
137368,L5 ET,0.31682938,-0.0718545
66135,Peri,-0.19652507,0.027311027
36052,L2/3 IT,0.18820542,0.3135547
278599,L5 IT,0.27678525,0.19606143
86474,L5 IT,-0.23712727,0.2839743
280249,L2/3 IT,0.105213106,0.2517444
197552,OPC,0.3898434,-0.019459993
137068,L5 IT,0.3193199,0.029189527
39612,L2/3 IT,0.45063478,0.15952116
39605,L2/3 IT,0.3477093,0.24583757
143814,L2/3 IT,-0.15935922,0.43017143
256646,L6 CT,0.111224174,-0.09803206
136843,L5 IT,-0.03182119,0.02364552
241831,L5 ET,0.0951488,-0.07812849
234831,L5 IT,0.10588336,0.0070744157
137091,Oligo,-0.119237274,-0.19514793
193357,Oligo,-0.16419077,-0.067894965
12377,L2/3 IT,0.2828213,0.2970888
124814,PVM,-0.41279793,0.11249077
225592,L2/3 IT,0.06427586,0.3673929
278520,Astro,-0.2598682,0.3002861
530,Astro,-0.013271809,-0.23191807
193331,L5 IT,-0.3294486,0.23383844
225598,Astro,0.14867646,0.39773595
84188,L2/3 IT,0.09590322,0.27897292
174041,Astro,-0.08708638,-0.16089511
123161,L4/5 IT,0.3520952,-0.049675167
269236,L4/5 IT,0.30497026,0.053598702
210086,Oligo,-0.11938664,-0.17009503
45544,L2/3 IT,-0.15864119,0.4008776
15290,L5 IT,0.096848965,0.16731644
173971,L5 IT,-0.16559479,0.1302926
62961,L6 CT,-0.41100514,0.16165012
197577,L6 CT,0.12866515,-0.11945498
269222,L2/3 IT,0.3223036,0.15828651
193114,Astro,0.12599117,0.4160216
225733,L2/3 IT,0.32943714,0.20043391
137861,VLMC,0.3054071,0.30279642
86258,L2/3 IT,0.3767535,0.18916947
193054,VLMC,0.2691831,0.35243225
124715,L2/3 IT,0.42637944,0.05510378
137944,L5 ET,0.0060728192,0.12623835
173616,L5 ET,0.22869617,0.031279087
138027,L2/3 IT,0.17847401,0.32135892
258708,Oligo,-0.42213142,0.03201121
3750,L6b,-0.31433594,-0.01744762
137741,L4/5 IT,0.10873824,0.19310826
276839,OPC,-0.13456464,0.48697966
193204,Astro,0.0808835,-0.31794673
143789,L6 CT,-0.2950188,0.20901829
137461,L2/3 IT,0.34017324,0.21411699
9622,OPC,0.36954796,-0.01194638
137491,L2/3 IT,0.3138824,0.24434894
191069,L5 IT,0.14539033,0.018382192
65073,PVM,0.040008664,-0.26915747
193173,Astro,-0.22174391,0.21030873
15263,L5 IT,0.3776762,-0.11285466
193167,L6 CT,-0.061429113,-0.095639646
46419,Astro,-0.2354007,-0.09704733
137548,L6 CT,0.16695404,-0.2543415
225681,Astro,-0.13720775,0.285761
84203,L5/6 NP,-0.21173328,0.22462797
137595,L5 ET,-0.0015656948,0.16170096
193159,L6 CT,0.07510018,-0.13137677
39223,Astro,0.13041133,0.34928447
39622,L6 CT,-0.15982828,-0.03867477
15297,Astro,-0.26726335,-0.033676982
39625,Oligo,0.03026408,-0.26528037
66138,Oligo,-0.32221395,0.11983216
279568,L2/3 IT,0.46791017,0.11945933
214310,Astro,0.2297064,0.14153796
64794,Oligo,-0.116303355,-0.1591064
217225,Lamp5,0.15387917,0.38373584
223542,L5 IT,0.3847006,-0.12185702
45404,L6 IT,0.21272391,-0.11709228
35985,PVM,0.25553924,0.36462897
86834,Endo,0.43100655,0.11339152
136318,L6 CT,0.18177027,-0.268322
256699,Endo,-0.15349635,0.025397182
64818,Lamp5,-0.08558488,0.44465655
39823,Micro,-0.15988895,0.34463745
193564,L6 IT,0.23287219,-0.24039724
39816,L4/5 IT,-0.21013153,0.31835097
86785,Endo,-0.068654746,0.26278555
235618,Endo,0.3321122,0.26347762
86819,L6 IT,-0.23938873,0.11510277
136376,PVM,0.35277092,0.10185242
193603,Oligo,0.025806725,-0.31124145
276859,Oligo,0.017308652,-0.30705673
250227,L6 CT,0.15650588,-0.35886565
279563,L6 IT,-0.2460505,0.039410293
209830,L4/5 IT,-0.18356213,0.29664654
238854,Lamp5,0.24345076,0.25712842
136063,Micro,-0.074419916,0.42243844
197459,L2/3 IT,0.18647039,0.27355963
136074,L6 CT,0.035950363,-0.054057866
5777,L6 CT,-0.1917989,0.120797336
86877,Micro,-0.039200127,-0.05945599
258646,Oligo,-0.33016482,-0.05819595
125065,L5 ET,0.24701452,-0.08434889
237437,Oligo,0.10692012,0.121790946
90645,L5/6 NP,0.20927954,-0.31433368
136120,Oligo,-0.058162242,-0.12674132
174203,L6 IT,-0.2697295,0.05945629
247143,Micro,0.1414904,0.41106045
174208,Peri,-0.26687324,-0.011130959
143893,Oligo,-0.20211715,-0.13058785
193551,L4/5 IT,0.07981092,0.14633322
136431,L2/3 IT,0.1718803,0.28677052
265268,Oligo,0.007930338,-0.19423091
124880,L4/5 IT,0.12262195,0.26008236
45477,L5 ET,0.25970846,-0.17759296
265269,L6 IT,0.13291365,-0.05665204
255577,Peri,-0.20162442,0.18855512
232165,Astro,0.35917497,0.11117977
193474,L2/3 IT,0.23752517,0.2706861
86695,L6 IT,-0.01076737,-0.025216222
256667,Astro,0.10388696,-0.32549173
136702,Endo,0.09116006,0.17502522
217910,Sst,-0.26717693,0.16184014
39639,L2/3 IT,0.1469053,0.34275138
20474,L5 IT,0.02893287,0.18480957
136756,L6b,0.07470268,-0.24996653
4549,SMC,-0.10337725,0.25159758
36028,L6 CT,0.07842797,-0.1334467
243924,L2/3 IT,0.16671318,0.24727112
45460,L5 IT,0.33546275,-0.06429309
214159,Oligo,-0.07886925,-0.20289728
4573,L6 CT,0.21954894,-0.2772569
214994,Astro,0.2588048,0.35715395
191047,L4/5 IT,0.19647294,0.10637826
246779,L6 IT,-0.33238405,0.24041986
244065,L5/6 NP,-0.093382835,0.17625809
193527,Sst,0.11893618,-0.07420272
39765,L6 IT,0.23231089,-0.29468614
197482,Oligo,-0.15854257,-0.20885205
39762,Astro,0.19960159,0.26840115
124968,VLMC,0.18078697,0.40497398
86744,SMC,-0.30286825,0.29069006
256692,L2/3 IT,0.25821584,0.26578122
265260,L2/3 IT,0.42027646,0.16046548
241503,Endo,-0.26655856,0.2955798
136528,L5 ET,-0.06676182,0.0025872588
237056,L6 CT,0.1420837,-0.22723013
246154,L6 CT,0.15286094,-0.25924975
234813,L4/5 IT,-0.047091722,0.2377761
217178,L4/5 IT,0.4058066,-0.055273503
38986,Astro,0.21132869,0.2195949
39000,L5 ET,-0.018334806,0.089009345
237481,Oligo,-0.071079254,0.05265522
90878,L5/6 NP,0.35694408,-0.09084156
217019,Peri,-0.16030201,0.10017258
143572,Micro,-0.0727669,-0.1634202
258766,Sst,0.014355838,-0.06759229
65351,Oligo,-0.2862618,0.14914155
138787,L5 IT,0.35993963,-0.12024894
256423,L2/3 IT,-0.14171943,0.44130558
12336,L2/3 IT,0.14688563,0.29852897
38586,Astro,0.42410064,0.20574182
124432,Peri,-0.101115584,0.43484402
138835,L2/3 IT,0.19346637,0.3217106
225896,Oligo,-0.32975045,0.17770845
258768,L6 CT,-0.049075276,-0.0401735
273610,L2/3 IT,0.18970686,0.28981006
124412,Pvalb,0.23940688,0.23216045
138976,Endo,-0.023319423,-0.04496917
38579,L6 IT,-0.40256834,0.014221966
208600,L4/5 IT,0.3958702,-0.02924937
124509,Endo,-0.21541241,-0.11049554
65342,L4/5 IT,-0.2558689,0.2880603
239106,L6 CT,-0.287665,0.15478504
86227,L4/5 IT,-0.2081163,0.27376407
90850,L5/6 NP,-0.092318475,0.025654972
606,L2/3 IT,0.17377317,0.30486465
210204,OPC,-0.053028256,-0.21514615
272389,L6 CT,0.20345527,-0.30169997
12237,Endo,-0.015784264,0.2833351
255622,Sst,0.2724687,0.021869063
85912,Astro,-0.20702443,0.1908099
45674,L6 CT,0.20253855,-0.2802432
192775,Micro,-0.3522485,0.016690731
269140,L4/5 IT,-0.24472159,0.3330207
85893,Oligo,-0.14232135,-0.16889861
237526,VLMC,0.2720508,0.3538624
65333,L4/5 IT,0.0028170347,0.2104429
138746,L4/5 IT,-0.15711522,0.36064738
192772,L4/5 IT,0.34798944,0.010275722
138983,L4/5 IT,-0.0065383315,0.22563243
38625,L4/5 IT,0.30282295,0.121022165
85810,L5 IT,0.11880046,0.117908955
143571,L2/3 IT,0.22132826,0.2942235
192544,L2/3 IT,-0.18771094,0.44533312
246933,L6b,0.07960832,-0.25024587
272373,L4/5 IT,0.0023722053,0.21222264
192541,Endo,-0.16464967,0.34679425
181054,Oligo,0.09149432,0.32689703
15375,Oligo,-0.015330851,-0.24379548
191149,L5 ET,-0.27311093,0.27628785
143536,Sst,-0.025828093,0.0918563
124295,Lamp5,0.43113452,-0.011266619
14581,Astro,-0.31771773,0.2524866
197688,L5 IT,0.24236816,-0.04187423
38350,L5 IT,-0.28361127,0.2902199
139364,L5 IT,0.2818737,-0.06388831
192508,Astro,-0.12480581,0.41205555
258807,L2/3 IT,0.31785047,0.19953972
45832,L6 CT,-0.23939759,-0.06905466
38363,Pvalb,-0.33310616,0.14858896
173633,L5 ET,-0.082351,0.050987482
256370,L6b,0.13298303,-0.30315158
85731,L6 IT,-0.4027063,0.12773764
210715,L6 CT,-0.060940206,-0.123385966
256396,L6 CT,0.020950317,-0.092580974
235189,L2/3 IT,0.2505412,0.17940712
256387,L6 IT,-0.34278303,0.0881992
139081,L6 CT,0.12038958,-0.12524465
73373,Pvalb,0.14209706,0.28796202
246139,Astro,0.32965904,0.27746326
258790,L2/3 IT,-0.12046376,0.3847239
243998,L6 IT,-0.2757643,0.096918106
139107,L6 CT,0.117869556,-0.21530077
210245,Endo,0.23281819,0.2983446
139139,L6 IT,-0.34795886,0.082318425
20985,Oligo,-0.40477812,0.0067756176
90921,Peri,0.23595202,0.35329926
139159,Oligo,-0.2913866,0.1756829
38432,Astro,0.44837606,0.052661717
65397,Endo,0.18810695,0.17680138
4307,Pvalb,0.28582573,-0.13858613
45669,Sst,0.14306009,-0.05941543
138721,L5 ET,-0.04759252,0.028994977
180988,L2/3 IT,0.3975495,0.12177825
143617,L4/5 IT,-0.27273655,0.25234026
191116,Endo,0.3331182,0.25076842
73995,L6 IT,-0.47298154,0.04892558
273536,Peri,0.12465215,0.080733776
138261,PVM,-0.13070711,-0.17023987
84239,Oligo,0.1103344,-0.3199675
210128,L2/3 IT,-0.17435595,0.38955128
10134,L6 CT,0.12453127,-0.2395587
217083,L6 CT,0.100770235,-0.18634894
90812,L2/3 IT,0.47268015,0.0077173114
138292,Oligo,0.09258962,-0.3591988
86117,L6 CT,-0.46732253,0.057711422
192941,Oligo,0.09278685,-0.12213361
180978,L2/3 IT,0.123621464,0.34509856
86108,Endo,0.33603758,-0.07455197
192790,L5 IT,0.30907124,-0.12823492
138272,Endo,0.15043986,0.39173365
20557,L4/5 IT,-0.28468728,0.31706548
191109,VLMC,0.29997063,0.3365869
214070,L4/5 IT,0.38526714,-0.01601535
45568,L4/5 IT,0.084935606,0.19378698
138065,Pvalb,-0.20024756,0.29984534
217098,Lamp5,0.38102472,0.23633379
38985,Peri,-0.202575,0.28436023
258721,Oligo,-0.2479153,-0.08455503
38983,Oligo,0.10304755,-0.32371348
38971,Endo,0.36668926,-0.061474413
138086,Pvalb,0.086758494,-0.109764636
250262,L6 IT,-0.10041401,0.070460856
277684,Peri,0.074820995,0.18229836
124672,L6 IT,-0.26093823,0.083512664
180261,L4/5 IT,0.40915948,-0.05299267
4437,L4/5 IT,-0.16964161,0.3388344
138130,L5 IT,0.1876365,-0.09356734
138142,L5/6 NP,0.20583665,0.0042921305
192993,Sst,0.045793533,-0.046785325
124622,Endo,0.2620036,0.31929868
65267,Endo,-0.19491711,0.3767615
138332,Astro,0.30619615,0.29173934
84455,L2/3 IT,0.037552416,0.28789318
45640,Oligo,-0.27429932,-0.073391795
243310,OPC,-0.3094155,0.18331361
232126,Micro,0.0005657077,-0.12950549
86007,L5 ET,-0.23979706,0.21317327
124570,VLMC,0.3456397,0.28909397
237513,L2/3 IT,0.36987495,0.2267313
85994,L2/3 IT,0.29840678,0.312905
258747,L5 ET,0.17810267,-0.004284382
265410,L5 IT,-0.23882884,0.2865926
192844,Astro,0.100904524,0.42106974
19495,L2/3 IT,0.10167253,0.26197815
217040,L6 CT,0.017429948,-0.11890423
217039,L2/3 IT,0.14041716,0.31219125
90845,L4/5 IT,0.07546234,0.21325034
210188,Endo,-0.02911228,0.2780075
175818,L6 CT,-0.28787616,0.14357704
210192,L2/3 IT,0.10325241,0.31670696
38677,Micro,-0.13937712,-0.007850498
197994,Astro,-0.17776206,0.1456824
86036,Oligo,-0.10837245,-0.1905717
192892,L2/3 IT,-0.14844543,0.34145737
225833,L4/5 IT,-0.20794934,0.29630053
264554,L6b,-0.040412247,-0.19069976
38801,Oligo,-0.22164056,-0.1285967
226744,L5/6 NP,0.10987741,0.046762526
74007,Astro,0.23001856,-0.1903956
15310,Astro,0.31733203,0.11468458
86082,L5 IT,-0.03637734,0.18208665
192924,L6 CT,0.065162,-0.13258913
66121,L4/5 IT,-0.26528153,0.07704222
86069,L4/5 IT,0.40751457,-0.043848217
65280,L2/3 IT,0.15542775,0.23867428
143579,L5 IT,0.037186384,-0.022081912
246872,L6 CT,-0.038445413,-0.002304554
