,cell_class,coord_X,coord_Y
51586,L6 CT,-0.27457082,-0.010676205
51305,L4/5 IT,-0.21053353,0.2549106
242141,L2/3 IT,0.45137256,-0.076692045
162352,L4/5 IT,-0.31618,0.15029371
162423,L6 CT,-0.2779854,-0.013225436
162401,OPC,-0.38348186,0.263699
162156,L6 IT,-0.18554768,0.10381675
51300,Astro,-0.15619308,0.14782935
51751,L5 IT,-0.3472407,-0.028196633
51745,Oligo,0.28160703,-0.33524147
66449,L5 IT,-0.21103993,0.11086196
162176,Sst,0.24551201,-0.023011029
51307,SMC,-0.18752196,0.22277969
162192,Micro,-0.11955243,0.37386674
66433,Oligo,0.060055017,-0.335384
51654,L5 IT,0.19000089,-0.10306102
271503,L5 ET,0.14243501,-0.0786649
66415,Astro,0.32855874,-0.21257517
253897,Oligo,0.038955927,-0.32189852
216621,L4/5 IT,0.35274655,-0.1390554
184973,OPC,0.19469595,-0.027477145
221516,Micro,-0.16782585,0.17160499
221614,L5 IT,-0.29747385,0.13343203
162377,L6 CT,0.19424832,-0.2502749
51184,Oligo,0.1412136,-0.40910023
162342,L2/3 IT,0.09014082,0.23486942
152956,L6 CT,0.15623468,-0.28650182
51132,L2/3 IT,0.39252913,-0.116313756
216549,L2/3 IT,-0.2904817,0.3804186
271638,L4/5 IT,0.30602217,-0.11242324
50474,PVM,0.2949242,0.1618874
162620,L6 IT,-0.13428769,-0.18630102
162635,Astro,-0.29582912,0.13938242
221904,L4/5 IT,-0.089083344,0.2188009
162636,Astro,0.31856543,-0.1138272
271659,L5 IT,-0.19163665,0.17504388
162646,L6 IT Car3,-0.14370435,-0.19187984
221931,Pvalb,-0.32519412,0.19125468
66708,Endo,0.090510905,0.2907933
50298,Astro,0.042983472,0.385552
66718,Peri,0.15741044,0.10786635
50571,L4/5 IT,0.2616006,-0.004940361
162661,Endo,-0.19055155,0.28700376
50241,Micro,0.18830574,0.30514145
184774,L5/6 NP,0.13775969,-0.17064416
216526,Astro,0.07462537,-0.36559677
242096,Astro,-0.24897975,0.010145009
252234,Pvalb,-0.23604125,0.26261234
50119,Micro,0.034278035,0.16858047
162744,VLMC,0.113003135,0.3803891
222038,L4/5 IT,-0.18400359,0.26990736
162766,Astro,-0.09740558,0.108840644
49959,L4/5 IT,-0.2171525,0.2702722
66743,L6 IT,0.22641277,-0.33807486
49936,L5/6 NP,0.08144498,0.073034644
222054,L5 IT,0.33595657,-0.24826863
50270,L5 IT,-0.37138593,0.020925641
50573,L4/5 IT,0.28944314,-0.009730011
271627,L6 CT,0.20995063,-0.30447817
66648,L4/5 IT,0.4006648,-0.15994087
51129,Oligo,-0.2674328,0.22656381
221661,Endo,0.21445185,-0.11575961
271520,L2/3 IT,0.2947098,0.092722535
221662,Oligo,0.1223554,-0.39337525
162452,Peri,0.3711716,-0.036548078
242138,Endo,0.11422986,-0.086640626
162471,L4/5 IT,0.383645,-0.14660516
66502,Astro,0.03471136,0.11185235
271551,L5 ET,0.24515992,-0.23029321
221692,L6 IT,-0.2904338,0.025360048
50959,L4/5 IT,-0.25836605,0.27741134
66504,Endo,0.13252884,0.34478444
50923,L2/3 IT,0.27991885,0.13395369
271412,Pvalb,0.24317038,-0.08363703
50885,L6 CT,0.030541003,-0.14169607
184878,L4/5 IT,-0.42923027,0.1365825
221761,L4/5 IT,-0.39773995,0.11442065
271592,L5 ET,-0.06709239,0.097322464
252279,Astro,0.12793314,-0.110630035
216564,L6 IT,-0.277995,0.03768921
247721,L6 CT,-0.14055309,-0.11349946
50723,L6 IT,-0.042357266,-0.16794607
162519,L6 IT,-0.24331048,-0.18319288
184845,Endo,-0.08213034,-0.074861795
50678,L5 IT,0.114310384,-0.015155524
184799,Endo,0.15602195,-0.3927544
271618,Astro,-0.13785064,0.084160864
162613,OPC,0.15535253,-0.34685785
221828,L2/3 IT,0.112835586,0.24262512
51149,Lamp5,-0.11038411,-0.067444056
51773,Peri,0.35402852,-0.18006867
63255,L2/3 IT,0.27609223,0.07516068
271410,OPC,0.122176945,0.29914945
271084,Sst,-0.044693023,0.108091116
161560,Endo,0.1107437,0.305673
220889,L4/5 IT,0.41386652,-0.17183545
53290,Astro,0.09155518,0.2510031
53280,L4/5 IT,0.31699383,-0.108243346
53248,L6b,0.16819793,-0.3781882
53242,L5 ET,0.30847365,-0.253876
65763,L6 IT,0.286893,-0.27111894
65768,PVM,0.03726685,0.094038606
220963,L4/5 IT,0.026348174,0.20839834
216858,L2/3 IT,0.42144948,-0.009135693
53208,L4/5 IT,-0.24563134,0.29631776
53179,L5 IT,-0.37162656,0.08218938
161551,Pvalb,0.22350866,-0.25257713
220970,L4/5 IT,-0.3471033,0.3032629
185144,SMC,0.20437098,0.18232042
187815,Oligo,0.116702735,-0.28041625
271165,L2/3 IT,0.30069214,0.14536887
65911,L6b,-0.21618009,-0.20510599
216829,L4/5 IT,-0.3248071,0.18245971
53124,OPC,0.26591927,-0.28741246
53115,L4/5 IT,-0.30560142,0.27076387
53113,L5 ET,0.28588617,-0.237452
153413,L2/3 IT,0.12505114,0.29132527
53096,L6 CT,0.2079733,-0.30032334
185142,L4/5 IT,-0.25634092,0.24566418
221005,L6 CT,0.118637264,-0.34959227
53075,Pvalb,-0.18967462,0.19901526
65836,Endo,-0.36624357,0.053040802
53068,Astro,-0.065888405,0.30336446
153445,Micro,-0.24041373,0.39206797
185190,Vip,0.155864,0.25269812
271039,L6 IT,0.18811941,-0.1123074
53755,OPC,-0.3882905,0.22490048
185303,L6 IT,-0.08964655,-0.031825304
216908,Oligo,-0.05842468,-0.23246396
161082,Endo,-0.025635779,-0.16771263
185300,L2/3 IT,-0.06323305,0.32183516
153532,VLMC,0.43835223,0.07948524
161091,Astro,0.07774401,0.23831797
53687,L6 IT Car3,-0.17788365,-0.1335372
161171,L5 IT,-0.37217742,0.010114551
185261,Micro,0.15828228,0.2218771
161267,Oligo,0.13139635,-0.442435
53676,L4/5 IT,-0.43360084,0.1657713
161525,Astro,0.023284316,0.27797842
216894,L6 IT,0.0076472163,-0.18727553
187783,L5 IT,0.32279295,-0.16747862
161282,L2/3 IT,-0.07240191,0.32485145
216874,L2/3 IT,0.048995674,0.26022017
161370,L2/3 IT,0.34817755,0.04758501
53586,L2/3 IT,0.39357924,-0.082101494
220814,L4/5 IT,0.2931258,-0.08445242
153455,L4/5 IT,0.37645376,-0.1765159
161377,Micro,0.16067839,0.34008998
220819,L5 IT,-0.009163946,0.06460774
161420,Vip,0.27521533,0.023666263
53557,Endo,0.16425163,-0.3095588
220839,Endo,-0.32258466,0.014440358
161436,L6 CT,-0.17521304,-0.039852917
53662,L4/5 IT,0.051977634,0.19693899
53038,VLMC,0.11914694,-0.26316386
53035,Astro,0.06778979,0.2269324
53015,PVM,0.03785771,-0.26008007
162008,Astro,-0.24308982,-0.0015853345
52157,Pvalb,-0.010360092,-0.13571465
162010,L4/5 IT,-0.44775742,0.13803339
52123,Peri,0.052948058,0.1217041
221328,L2/3 IT,0.08137143,0.23052752
52106,Sst,0.37736595,-0.10562396
162014,Endo,0.03223592,-0.11727494
271361,L4/5 IT,-0.29137552,0.183325
66117,Oligo,0.18787676,-0.17680722
66760,Endo,0.16361374,0.11736959
162039,L2/3 IT,0.22282118,0.13275683
221369,L6 IT,-0.006453067,-0.13561594
52008,Lamp5,0.3503366,0.15549481
221274,L4/5 IT,0.41544706,-0.17892018
185017,L6 IT,0.16816014,-0.15558636
153111,L6 CT,0.17591631,-0.34114674
271387,L6 CT,0.2457915,-0.2773729
51934,L4/5 IT,0.34931326,-0.15099531
51930,L6 CT,-0.11691418,-0.047671914
51918,L5 IT,-0.09691131,0.15725839
51891,Endo,0.17359418,0.24041599
221426,L4/5 IT,0.07309884,0.18051279
252362,L6 CT,-0.10694069,-0.022436678
66335,L4/5 IT,-0.4453234,0.13613617
162112,OPC,-0.15782556,0.25205684
51802,OPC,0.082175255,-0.19952363
51797,Micro,-0.25628608,0.17589039
51796,L5 IT,-0.07265526,0.14263713
242206,L6 CT,0.03918141,-0.13302845
153269,L6 IT,0.13257587,-0.21789828
52360,L4/5 IT,-0.2557819,0.26475787
271298,L5/6 NP,-0.23032725,0.02889353
252400,Lamp5,0.26754075,0.23150033
65987,L2/3 IT,0.39003992,-0.08907491
52976,L2/3 IT,0.37268752,-0.10033673
52974,Endo,-0.23654684,0.18198627
52890,Oligo,0.07103944,0.18626237
52872,Oligo,0.003946364,0.15772861
185097,Pvalb,-0.25145227,0.26949447
52839,PVM,-0.30357414,0.3056041
52826,L2/3 IT,0.427966,-0.054182798
52805,L6 CT,0.1989823,-0.21367127
216806,L4/5 IT,-0.0025543272,0.1947695
52741,Endo,0.15082979,-0.26684427
52682,L5 IT,-0.086583406,0.123078525
52681,Micro,-0.12992683,0.28616256
52651,L2/3 IT,0.1697098,0.23208815
52645,Oligo,0.04409784,-0.33758748
52630,L5 IT,0.28969914,-0.13419652
153355,L5 IT,0.32703418,-0.18494663
52589,Endo,-0.36107513,0.13294786
52588,L4/5 IT,-0.4394933,0.1405763
221145,L2/3 IT,-0.17649695,0.44547063
52567,L5 IT,-0.2173413,0.046054482
185059,Astro,-0.3372005,0.10864937
66006,L5/6 NP,-0.29991108,0.0312829
253850,Astro,0.009945452,0.23197097
185031,Micro,-0.17685288,0.20819253
52513,Astro,0.1863612,0.03966981
52455,L4/5 IT,0.3865425,-0.09742841
162002,Endo,0.031630993,0.20767331
253896,L6 CT,0.16923279,-0.2808687
216682,L5 IT,0.30030352,-0.22772706
66828,Endo,0.063767016,0.33397096
49863,Astro,0.0043851733,-0.015081793
46865,L5/6 NP,-0.41195527,0.05319506
268663,L6 CT,-0.12448484,-0.008260518
46843,Pvalb,-0.16153938,0.19602507
272203,L5 IT,0.055524766,0.03436899
46835,Endo,-0.40041298,0.23018545
272205,L6 CT,-0.109181136,-0.089006454
164229,L4/5 IT,0.36879957,-0.11577293
184238,L4/5 IT,-0.1732553,0.3033225
46677,VLMC,-0.057041973,0.43703932
216210,L4/5 IT,-0.47871742,0.14633709
46666,L2/3 IT,0.06583196,0.3134963
272223,Oligo,-0.02697283,0.23694927
223174,L6 IT,-0.06339142,-0.064715534
164356,L6 CT,0.07014954,-0.19684675
184189,Astro,0.36948484,-0.10415432
164401,L5 ET,0.28059483,-0.114041895
46461,L6 IT,0.060375214,-0.24065351
223251,L2/3 IT,-0.1913844,0.36388195
223266,L5 IT,-0.07847801,0.13821143
46417,OPC,0.3613118,0.15348715
223272,L6 CT,0.25219834,-0.2608632
46366,Sst,-0.30233103,0.22792375
46313,L6 CT,0.23173565,-0.30106246
164432,L2/3 IT,0.4080165,-0.17120513
268645,Pvalb,0.02328235,0.047196984
67724,L6 IT,-0.039694637,-0.02800098
46190,VLMC,-0.40273064,0.36130297
184142,L4/5 IT,-0.17514154,0.27915978
46143,L4/5 IT,0.26006538,0.00039309263
46867,L5 IT,-0.24876514,0.16373938
67575,L6 IT Car3,-0.11420226,-0.15555918
67562,L2/3 IT,0.0880447,0.28795582
152714,L2/3 IT,0.293795,0.030256748
152799,L6 IT Car3,-0.23049614,-0.11377922
47367,L4/5 IT,-0.12093434,0.23569351
268676,L6 IT Car3,-0.045052946,-0.22501805
47350,Oligo,-0.05027461,-0.17798147
47341,L6 CT,0.20093316,-0.18679413
47321,L5 IT,0.023685277,0.022208095
164079,SMC,0.14290863,0.38409752
184331,Peri,-0.13935333,0.10730106
152769,Oligo,0.14786518,-0.3756134
47140,Sst,-0.0036541522,0.19890022
164098,L6 CT,-0.18025982,0.0067030787
47082,Astro,-0.29804203,0.15946877
47075,L6 CT,0.17888957,-0.20993352
152745,Oligo,0.10624081,-0.38256264
223362,L2/3 IT,-0.34799442,0.29310453
47068,Peri,-0.3619092,0.16509998
47027,L4/5 IT,-0.4032812,0.12810785
164103,Micro,-0.3859965,0.28771222
216251,L6 IT,-0.08547318,-0.016536593
251978,L2/3 IT,0.39928448,-0.028642744
46993,Endo,-0.24032927,0.12932974
152736,Oligo,0.07883334,-0.3677702
251971,L2/3 IT,-0.17851138,0.3159349
216249,L6 CT,0.18218452,-0.25697464
46962,Sst,-0.17500389,-0.08573142
216235,L6 IT,-0.078906804,-0.08937296
223090,Astro,-0.36369044,0.19368732
46913,Pvalb,0.2150566,-0.3281211
46912,L2/3 IT,0.19871593,0.15175623
46869,L5 ET,-0.05177325,0.028036773
223024,Micro,-0.28109953,0.17543733
164542,Endo,0.16422987,0.31687373
164552,L2/3 IT,0.35893118,0.04182005
223368,L6 IT,0.10771376,-0.015815467
268606,L4/5 IT,-0.30365205,0.27413112
251833,Pvalb,-0.19847465,0.21182406
45560,Sst,-0.20413294,0.12641454
67881,L5 IT,0.25762397,-0.12182623
165015,L2/3 IT,-0.06402251,0.37553275
67891,Sst,-0.31707895,0.077274084
45543,L5 IT,0.115287185,-0.020854652
45510,L6 CT,0.22933137,-0.23066276
45492,Astro,0.17335963,0.31475854
272408,Oligo,-0.1821605,0.1609757
45462,Astro,0.2491743,0.08831537
183958,L6 IT,0.08368057,-0.12903476
165084,L6 IT,0.22354037,-0.18564606
165105,L5 IT,-0.067894906,0.045303047
45583,L6 IT,0.15544784,-0.14290425
165114,L6 IT Car3,-0.2215825,-0.13217553
272430,OPC,-0.07464087,0.013343215
251818,L6 CT,0.13529074,-0.20529369
45225,Astro,0.085304976,-0.3756032
45220,OPC,-0.04603529,0.26035804
165177,L5 IT,-0.3208502,0.099748015
251811,Oligo,0.051617503,-0.3363362
248464,Astro,0.3669514,-0.14525667
183888,Pvalb,-0.04847908,-0.10044652
165275,Oligo,0.11300254,-0.37496975
45080,SMC,-0.23144811,-0.026620924
45076,Peri,-0.31444126,0.352781
152604,OPC,-0.08654305,0.32988864
67905,L5 ET,0.22956795,-0.110838145
45056,L5 IT,-0.28658223,0.11648953
223557,OPC,0.09216076,0.24323142
248380,Micro,0.19033664,-0.32692152
164964,Sst,-0.1345194,0.008437574
67821,Oligo,0.04852742,-0.30420405
46067,L5 IT,-0.26632047,0.16080755
223370,L4/5 IT,0.37177354,-0.15923682
268630,L6 CT,-0.18272445,-0.025220752
164634,L5 IT,0.3483448,-0.23678419
272315,L4/5 IT,-0.33292475,0.1370489
184062,Endo,0.3011937,0.14979994
241842,SMC,0.2420972,0.2883975
164748,Peri,0.08992171,0.19198471
216155,L4/5 IT,-0.23241764,0.23540574
223411,Astro,0.40642864,-0.06134218
45904,L6b,0.11097449,-0.33827084
223425,Astro,-0.07406661,0.34195906
45854,L2/3 IT,0.095219195,0.2898274
251870,L2/3 IT,0.11547947,0.20561767
152616,L6 IT,-0.08677414,-0.14519826
272365,Oligo,-0.12670556,0.32736802
45808,L6 CT,-0.07212618,-0.045075715
45776,L4/5 IT,-0.05759424,0.22583985
45743,SMC,0.2903641,0.23587221
184028,L6 IT,-0.10504493,-0.1722813
45729,L4/5 IT,-0.425521,0.10683966
152649,PVM,0.1366576,-0.3482985
223463,L4/5 IT,-0.105152786,0.25276476
45693,Micro,-0.17088279,0.009820044
45691,Micro,-0.11515772,-0.18719727
223469,L5 IT,0.27710497,-0.16959268
164943,Oligo,-0.17057726,-0.24376273
247708,L5 ET,0.17517686,-0.13642344
216142,L6 IT,-0.06822893,-0.058671266
183978,OPC,0.29663044,-0.09738389
45815,L6 CT,0.11333406,-0.17683971
162786,SMC,0.22326702,0.2900961
164048,L2/3 IT,-0.174658,0.35221517
47420,Astro,-0.12649697,0.014471531
163194,Oligo,-0.030128121,-0.04962167
66895,L2/3 IT,-0.35793823,0.30130947
163198,L6 IT,0.016123652,-0.08822632
163211,L4/5 IT,0.36162984,-0.15199786
253926,L2/3 IT,-0.11551815,0.3455041
66966,Astro,-0.36154938,0.1385324
163217,Peri,-0.39828724,0.07189387
48907,L2/3 IT,-0.44072065,0.15572512
67003,L6b,0.1159426,-0.36127812
48894,L6 IT,0.0676167,-0.1269966
222387,L4/5 IT,-0.31153786,0.27749985
163221,VLMC,0.11524749,0.39223593
48871,L5 IT,0.31997055,-0.21835211
163259,SMC,-0.27944583,-0.027053952
163272,Micro,-0.31169885,0.096618116
48824,L6 CT,-0.09811583,0.02115786
163278,L6 CT,-0.032618493,-0.019106477
216434,OPC,-0.3056931,0.30389607
163305,Oligo,0.03917092,-0.19095594
48772,L6 IT,0.10657722,-0.10323706
48691,Astro,0.38956314,-0.1353262
48687,L5 IT,0.13874733,-0.102199465
222442,L6 CT,0.054036558,-0.25284833
163345,L4/5 IT,-0.48636118,0.096726835
48661,Astro,0.14769274,0.07707453
241995,L4/5 IT,0.10085195,0.16748285
48653,Endo,0.20789456,0.3058622
48617,PVM,0.123021126,-0.39521807
222454,L2/3 IT,-0.019607723,0.3350727
66893,L6 CT,0.0030727983,-0.18839985
49000,Endo,-0.17507121,0.02422738
49099,Vip,-0.20627806,-0.20262155
49178,Endo,0.37359375,0.04758978
222085,L6 IT,-0.1843319,-0.18503657
162821,VLMC,-0.10681099,0.4675085
162848,Oligo,0.19042832,0.17667341
271738,L5 ET,0.13614255,0.012711108
49785,L4/5 IT,0.11364716,0.16212398
252220,L4/5 IT,-0.23087785,0.29939538
49723,L6 CT,-0.12862241,-0.07693124
162996,Oligo,-0.100061506,0.2980039
49712,Oligo,0.056054354,-0.08297917
163008,L6 CT,-0.17435497,-0.17495611
66773,L6 IT Car3,-0.25439253,-0.11165038
222176,Astro,0.20051342,0.33499384
271772,L4/5 IT,-0.38670096,0.18528253
222210,Peri,0.17466068,-0.3807261
163373,Vip,0.06275904,0.22283268
161062,Astro,0.22374713,0.31082404
271778,L4/5 IT,-0.025423229,0.19243246
152892,L6 IT,0.23484725,-0.21773869
184702,L4/5 IT,-0.15442312,0.27383763
49421,L2/3 IT,-0.3931626,0.28455973
216491,L5 ET,0.22868872,-0.088041544
252184,L2/3 IT,0.021333754,0.31971616
163121,L4/5 IT,0.36890227,-0.10350722
222287,L2/3 IT,0.3344732,0.09723127
184665,L5 ET,-0.04318723,0.08150065
49298,Pvalb,0.30630594,-0.0869171
49291,Endo,-0.09304318,0.07371855
222320,Astro,0.382425,0.07586533
163180,Sst,-0.07213092,0.06866366
66884,OPC,0.19215435,0.19595897
66866,Peri,0.00223881,0.22115129
48606,Oligo,0.24049318,0.009145439
247718,L2/3 IT,0.2677222,0.05738634
222464,Peri,-0.19649565,0.42304254
47915,Oligo,0.042805552,-0.2781908
222693,Astro,-0.018454194,-0.27324513
184439,L2/3 IT,0.18707585,0.26488894
184435,L2/3 IT,0.18995553,0.16771525
272014,Peri,0.1268766,-0.2022075
241956,Endo,0.2535324,0.20947856
163764,Peri,0.19642729,0.23189765
252015,Astro,-0.34774768,0.031614065
47818,L6 IT,-0.016477495,0.0018311739
163788,Astro,0.061864555,-0.36487418
67338,Astro,-0.17969123,-0.21513706
47785,L5 IT,-0.37129217,0.053498507
272044,L5 IT,-0.057949662,0.051371872
268701,Micro,0.19668305,0.31884915
163677,L5/6 NP,0.038154542,-0.07032764
47732,L5 IT,-0.34337044,0.08401567
47719,L2/3 IT,-0.06049478,0.31017113
47714,Oligo,-0.007045001,-0.2695114
184420,L2/3 IT,0.33929044,0.06768268
67389,L6 CT,0.0283947,-0.08290893
47650,L4/5 IT,-0.3273315,0.20259213
47596,Endo,0.11405486,0.38029665
163852,Astro,0.21231955,-0.13404682
47536,L4/5 IT,-0.37609312,0.22249615
47521,Endo,0.1666472,0.19442242
184407,L5/6 NP,-0.022259325,0.108392954
163880,L4/5 IT,0.37800038,-0.20522118
222853,Astro,-0.31680775,-0.0625225
163962,Astro,0.24194771,-0.18674591
152820,Endo,-0.3544284,0.067783
47729,L6b,0.17439258,-0.41834491
184357,Peri,-0.45652956,0.10853261
67329,L2/3 IT,0.4085592,-0.059001774
67249,L5 IT,-0.048028022,0.052344143
48578,L5 IT,-0.35108602,0.02379334
163390,Pvalb,0.05797392,0.24434662
216407,L6 IT,0.19135052,-0.13538408
48535,Oligo,0.1009478,-0.38529745
48512,L6 CT,0.12814146,-0.028959274
222519,L4/5 IT,0.30732352,-0.048725158
67107,L6 IT Car3,-0.22966787,-0.14266717
48497,L6 IT,-0.1585216,0.059532523
248327,L2/3 IT,0.2733515,0.1559568
163413,L4/5 IT,0.060929835,0.16783237
48418,Sst,0.27147,-0.063717514
222540,Astro,0.09297985,0.36565852
48405,L4/5 IT,-0.44413564,0.14342844
163429,L2/3 IT,0.033624947,0.3510192
163672,Endo,-0.2051253,-0.08869216
48318,Peri,0.34250182,0.0100162625
48276,L5 IT,0.27377445,-0.15099698
253930,Astro,0.057931423,0.2508245
163512,L4/5 IT,-0.16980717,0.19498634
48252,Endo,0.060091853,0.3163951
67179,L2/3 IT,0.079195976,0.31036818
222594,PVM,0.08848184,0.33992755
163550,Astro,0.06287706,0.2249741
48067,L5 IT,-0.348059,0.053809762
67189,L5 IT,0.29839307,-0.15769851
48046,Pvalb,-0.1789976,0.18565595
152846,Astro,-0.2689904,-0.0018664002
152825,L2/3 IT,0.05493605,0.2045387
163594,Micro,0.11253852,0.36938858
163629,Oligo,-0.24903855,-0.19610465
48283,L6 IT Car3,-0.09597653,-0.18673053
53814,L6 IT,0.07979137,-0.040177047
54128,OPC,-0.007948995,-0.2597804
53907,Endo,-0.18676987,-0.29862446
60355,Sncg,-0.21337917,0.4273529
60349,L6 CT,0.18471068,-0.30762684
63930,L4/5 IT,0.26000893,0.051923692
60343,L2/3 IT,0.24240583,0.18408412
156660,VLMC,-0.16296807,0.48662728
60302,L6 IT,-0.10213885,-0.105933666
63933,L4/5 IT,-0.39823973,0.0959326
60284,Endo,-0.34430993,0.0055646896
63937,L4/5 IT,0.3955186,-0.14644268
63954,L6 CT,0.18426108,-0.33696002
218737,L2/3 IT,0.103955865,0.30278498
156716,Oligo,0.09392929,-0.41446155
218752,Oligo,0.07647014,0.21632278
218768,Endo,-0.22832283,0.4358201
60190,L4/5 IT,-0.12807915,0.25153667
60174,L6 IT,0.25846183,-0.2226646
269417,Astro,0.093438506,-0.38405597
60157,L2/3 IT,-0.19679868,0.4214946
269969,OPC,0.0872733,0.28109127
186699,L2/3 IT,0.07517582,0.2907443
60092,L5 IT,0.37080187,-0.19174302
60061,SMC,-0.08634934,0.180399
154577,L6 IT,-0.067275226,0.050928414
269979,VLMC,0.42656976,0.0137268305
253245,L2/3 IT,0.109196305,0.29855645
269399,SMC,-0.02206555,0.38379765
59996,L2/3 IT,0.37165487,-0.011154145
253238,L4/5 IT,-0.37331742,0.24988103
218828,L6 IT,0.043245733,-0.06352049
156625,L6 IT,-0.17381561,-0.20819163
60406,Micro,-0.07108587,-0.02523899
156566,L2/3 IT,0.27918196,0.11153561
154611,PVM,-0.13528845,0.3925997
269869,L2/3 IT,0.25520456,0.09825605
60864,Micro,0.09996468,-0.37714022
217571,L6 CT,0.06382096,-0.2424072
156266,L6 CT,-0.0004388988,-0.08521187
63705,L2/3 IT,-0.23425344,0.3589332
156325,L2/3 IT,-0.3314038,0.3531742
63708,Astro,0.15229511,0.3429566
60771,SMC,-0.35954732,0.27930617
60735,Endo,-0.3555289,0.034338176
218592,Oligo,0.23962903,-0.35072094
218610,L5 IT,0.3240975,-0.21033153
217556,L2/3 IT,0.43836623,-0.041662514
269883,L4/5 IT,0.009187877,0.17087334
60684,L4/5 IT,-0.4412623,0.17078781
242620,OPC,-0.44030172,0.20083213
218619,L6 CT,0.11066377,-0.13583481
60659,Peri,-0.2009564,0.07597935
60656,Astro,0.15623099,0.22540456
156418,L2/3 IT,0.41469508,-0.03158751
60611,Oligo,0.009424269,-0.012482762
60596,Endo,-0.46577498,0.13068879
186824,L4/5 IT,-0.39893508,0.16648751
186813,L5 IT,0.25168967,-0.19832316
217529,Sst,0.42353064,-0.020640403
63864,Astro,0.12196225,-0.18061492
63909,L4/5 IT,-0.44117916,0.14731133
60533,L6 CT,0.1217438,-0.16161585
60526,L6 IT,-0.05758065,-0.075259715
156497,Micro,0.3485697,0.01095283
269426,VLMC,0.16462201,0.3856424
154677,Oligo,0.35140026,-0.25447094
60910,Pvalb,-0.23280182,0.17121845
59938,L4/5 IT,0.0849157,0.20480752
59877,L6 CT,0.19343495,-0.24592161
219247,Oligo,0.2980907,-0.09585735
157459,L5 ET,-0.27404478,-0.03441876
154507,L6 IT,-0.13609123,-0.15326145
270187,L6 IT,-0.04242751,0.0054875016
58965,L2/3 IT,-0.47729272,0.09898174
186448,SMC,0.11441314,0.16397852
217389,L4/5 IT,0.31321228,-0.112636596
58957,Pvalb,-0.33468437,0.27291775
219265,Endo,0.14384866,0.20341682
157471,L2/3 IT,-0.08317077,0.31558722
58879,Astro,0.4576125,0.008554757
58871,Endo,-0.16988412,-0.13659221
154469,PVM,0.11223382,0.36440688
58865,L4/5 IT,0.36487782,-0.16877162
64351,L5 IT,-0.15606666,0.11894071
269314,L6 IT,0.09599149,-0.2537285
58859,L5 IT,0.04967493,0.061956525
219299,L5/6 NP,0.044627547,0.08638728
248027,L2/3 IT,0.39653045,-0.07500708
58690,Sst,0.08581829,0.2374475
269308,Endo,0.023417592,-0.31719935
186389,Oligo,-0.016712576,-0.25918144
58660,VLMC,0.3869636,0.09426683
58643,Oligo,0.1261248,-0.20918775
58634,L6 CT,0.06569165,-0.0889349
154461,SMC,0.4438842,0.047997773
64485,L2/3 IT,-0.17922539,0.4198563
186338,L5 IT,0.31451797,-0.2056314
217281,Oligo,0.3910184,0.024591684
154513,Endo,-0.08320838,-0.06814298
154529,L4/5 IT,-0.42212665,0.13032675
59037,Oligo,0.074496925,-0.35843033
59066,Oligo,0.11497301,-0.01572442
218848,L2/3 IT,0.35384643,-0.013582975
156917,Micro,0.1221748,-0.16694963
59781,Oligo,-0.13615292,-0.19460514
247983,Endo,-0.28927842,-0.054608107
64127,SMC,-0.42275092,0.010809422
156964,L4/5 IT,-0.37333363,0.17991704
59698,L2/3 IT,0.1302523,0.27869433
59665,L2/3 IT,-0.4187317,0.2529089
270056,OPC,0.28626084,0.24401891
186627,OPC,-0.36854035,0.073494196
242576,Astro,0.07386023,0.40441447
269388,L6 CT,-0.035242647,-0.06782383
154544,L4/5 IT,-0.037401527,0.23381442
154534,Oligo,-0.041773677,0.0068633556
64124,Oligo,-0.30769008,0.29921293
186538,L6 CT,-0.026625842,-0.21326813
157173,Endo,0.2901004,0.22786206
59271,L6 CT,-0.041876376,-0.09697372
157201,L4/5 IT,-0.11859718,0.20875478
157230,L2/3 IT,0.38081795,0.00772655
59234,L2/3 IT,0.011057496,0.39354002
270157,OPC,0.031897724,-0.34533885
157239,L4/5 IT,-0.38287205,0.1521743
157378,OPC,0.18825603,0.23368591
270167,Micro,0.07292181,0.36118162
64185,VLMC,0.2583719,0.25831223
59136,Endo,0.0771603,0.1455831
157385,L5 IT,-0.060448557,0.049954474
157415,L6 IT,-0.23564559,-0.022975802
157437,L2/3 IT,-0.03750953,0.31933606
186525,L5 ET,0.22611916,-0.2776528
157770,Pvalb,-0.05568081,0.14542234
60927,Astro,-0.07495153,0.430601
60949,L4/5 IT,0.03673774,0.23858613
62726,L4/5 IT,0.07239568,0.16058499
269610,L4/5 IT,-0.13969779,0.26453733
155398,L5 IT,0.02838695,0.124703705
155448,Astro,0.0763405,-0.10621169
62661,L5 ET,-0.06398067,0.0060936213
155525,L6 IT,0.04424846,-0.1966165
62652,VLMC,0.10229993,0.38784456
218015,L6 CT,0.22929752,-0.23778218
63400,L2/3 IT,0.14584208,0.3013612
155526,Endo,-0.17794055,-0.24179578
218022,L4/5 IT,0.076924145,0.13252485
62603,L4/5 IT,-0.41984925,0.11441702
218069,L5 IT,0.26007968,-0.05281627
62510,L2/3 IT,0.017847478,0.27897656
269508,Astro,0.2800175,-0.23658541
218085,Sst,-0.007876456,-0.110089034
63435,L5 IT,0.21463156,-0.055127174
155563,L4/5 IT,0.010616779,0.16608381
155575,Astro,-0.20708898,0.1622752
62449,Endo,0.14741641,0.3187421
218110,L6 CT,0.21694237,-0.3617043
187070,OPC,0.06897038,-0.35468242
218121,Endo,0.45804644,-0.0577375
253483,L6 CT,0.18401635,-0.3364117
62378,Sst,-0.37177286,0.044862807
62364,Astro,0.10794276,-0.40946364
62285,L6 CT,-0.28933907,-0.038902164
155641,L4/5 IT,-0.42206565,0.13911587
63466,L2/3 IT,0.3988108,-0.15605816
62735,L6 CT,-0.11646876,-0.04446566
187150,L5 IT,0.09814602,0.055327177
269601,L4/5 IT,0.07492012,0.18473852
62782,PVM,0.06198442,-0.25545782
154880,L2/3 IT,0.3190593,-0.030816972
155024,Astro,0.15518361,0.2391048
242772,Vip,-0.24718463,0.29505742
242771,Endo,0.061275125,0.1000576
242770,PVM,0.13085502,0.112836
63131,L4/5 IT,0.37408608,-0.17082703
63118,L2/3 IT,-0.36064065,0.28995097
63117,Micro,-0.30487317,0.18088502
63097,L4/5 IT,-0.25056607,0.32742
269550,VLMC,0.061448872,0.42892098
217864,OPC,0.019645512,0.39723647
63071,Astro,-0.42115137,0.23883486
63052,Astro,0.23543185,0.30235714
187236,Micro,-0.19421566,-0.12639788
269501,PVM,0.24950546,-0.022014946
269567,L6 IT,-0.20480749,-0.16545728
63004,Pvalb,-0.24114439,0.2133078
62998,VLMC,0.49138612,-0.032068104
63309,L2/3 IT,0.32443482,0.0872308
62978,L6 IT,0.28618228,-0.23847404
63314,L2/3 IT,0.42810488,-0.08331707
269577,Vip,0.43418568,-0.03294158
187204,L4/5 IT,0.09072614,0.17758071
155216,Oligo,0.07548767,-0.36368164
217933,Peri,0.1363306,-0.4372182
62856,L6b,0.059095025,-0.27784693
63387,Oligo,0.032642126,-0.31963927
217951,L6b,-0.1779032,-0.189287
62829,Oligo,0.22366071,-0.18617406
187159,L4/5 IT,-0.35244197,0.16259909
63025,L4/5 IT,-0.15792838,0.19806385
156247,L6 IT,-0.16883606,-0.0009916127
187051,L6 CT,0.09593469,-0.20975295
269500,Endo,-0.28686363,0.22012806
269763,L6 IT,-0.22528249,-0.106052846
242700,Micro,-0.38992494,0.2519353
218399,L5 IT,-0.3480469,-0.012152672
61393,L6 CT,-0.09869921,-0.023547858
156038,L5 IT,0.02005732,0.057410598
154752,L6 CT,0.024323344,-0.051674604
61366,L6 IT,-0.11788395,-0.16102055
61364,Pvalb,-0.10895473,8.946657e-05
61324,L4/5 IT,-0.28430742,-0.08381599
156052,L6 CT,-0.2000922,-0.0878962
242694,Oligo,0.10872233,-0.19667876
156082,Lamp5,0.3722955,-0.17110202
218451,Astro,0.20719612,-0.17964923
63629,L2/3 IT,0.36491096,0.03870523
63670,L4/5 IT,0.102437556,0.18887883
63685,L5 IT,-0.011780977,-0.0036661327
269803,Endo,0.3687244,-0.17606422
63690,Lamp5,-0.21668899,0.46563596
156099,L6 IT,-0.23060775,-0.045883387
269810,Astro,0.2113713,0.31337917
218480,Endo,-0.3153011,0.27394348
61083,L4/5 IT,-0.2863326,0.31022054
63691,Oligo,0.15126407,-0.44859523
218504,L6 IT,0.27203733,-0.2994479
61021,L5 ET,-0.09740174,0.13409507
218513,Vip,-0.012159646,-0.128111
156236,Astro,0.15192205,0.34331477
60983,L2/3 IT,0.15585208,0.2209
242682,L2/3 IT,0.27473587,0.15140039
253418,Pvalb,0.05894482,0.07690251
155991,PVM,0.35975605,-0.08655918
61592,Oligo,-0.022323877,-0.056021035
218364,L6 IT,-0.07271305,-0.15981612
155696,L2/3 IT,0.36307102,-0.030445576
154830,L6 CT,-0.15141785,-0.016616464
154803,Sst,0.3285327,-0.16235468
154781,Sst,-0.22611457,-0.13159332
62027,Micro,0.048018873,0.1678105
187025,Endo,-0.003069669,-0.21386898
218214,PVM,-0.08089134,0.38362426
155777,L6 IT,-0.019892365,-0.072660744
61888,L6 IT,-0.07612878,-0.20154196
63548,L6 CT,0.15680403,-0.2687081
155780,L5 IT,-0.27808356,0.11351985
63570,L6 IT,-0.1575706,-0.16130674
155838,L6 CT,0.2638148,-0.30416012
186988,L6b,0.12738901,-0.40899104
218178,Oligo,0.036620975,-0.34127194
61851,L5 ET,-0.2178852,0.17821479
218290,Oligo,-0.31389952,0.038215756
155872,Endo,0.34366083,-0.016677022
61800,L2/3 IT,0.28255993,0.16594213
253453,Peri,0.09023327,-0.20828345
61785,L2/3 IT,0.34671515,-0.06400049
217611,Oligo,-0.025342971,-0.23146817
155881,L2/3 IT,-0.05064729,0.37517488
155893,L2/3 IT,-0.19880116,0.36044204
186972,Micro,0.24472034,-0.2937957
155981,Endo,0.11156911,0.31687635
186943,SMC,0.075056374,0.17479223
269755,L4/5 IT,0.00982964,0.18098313
218360,Astro,0.4273948,0.05386883
154760,Endo,0.03640318,-0.12597969
218285,L4/5 IT,-0.41936558,0.104295015
58579,L4/5 IT,0.30497038,-0.05612418
58530,Micro,0.11607969,-0.1784943
157781,Endo,-0.021960527,0.22380883
55416,Sst,0.14275706,0.18740505
160145,Micro,0.10101801,0.15952271
160148,Micro,-0.22742271,0.00981909
153993,Oligo,0.15247154,0.03508824
220376,L5 ET,0.13659137,0.04398495
153972,L6 CT,0.109030604,-0.1595312
160326,OPC,0.25590962,-0.25056326
220377,L6b,0.14267588,-0.39359355
242388,Astro,0.004280925,-0.27858323
55328,L2/3 IT,0.053961456,0.31743878
65335,L2/3 IT,0.14243001,0.27576458
55315,Oligo,0.13045508,-0.19312927
217022,L5 IT,-0.12855145,-0.08070874
160341,Micro,0.2833022,0.15222365
160345,L5 IT,-0.2518915,0.1582396
55273,L2/3 IT,0.1787684,0.19373399
270833,L4/5 IT,-0.078715056,0.23776901
185519,Astro,0.102963865,-0.4498013
55254,Peri,-0.20615041,0.39565635
220406,Astro,0.26021725,-0.04051271
55181,L2/3 IT,0.14728081,0.29652464
242376,L6 CT,-0.0382438,-0.09340584
185503,SMC,-0.019255966,-0.1301029
269133,L4/5 IT,-0.34873027,0.25889003
55108,L2/3 IT,0.16993874,0.2640913
55097,Micro,0.1933859,-0.15746799
220435,L4/5 IT,0.23873276,0.023167968
55088,L4/5 IT,-0.4181556,0.17399508
55050,Peri,0.31165212,0.21209979
160114,L5 IT,-0.079236776,0.09489071
55425,Oligo,-0.20638445,-0.07468405
55428,L6 CT,0.108094275,-0.21704328
153998,Oligo,0.11302781,-0.3645422
56081,L2/3 IT,-0.24651423,0.36952895
56033,SMC,0.059473336,0.41199428
270676,L6 CT,0.12544698,-0.33636725
56012,L4/5 IT,-0.4049677,0.116819024
55991,L2/3 IT,0.23251551,0.19738364
159789,L2/3 IT,0.121910095,0.23790085
65205,L4/5 IT,0.3721255,-0.17467615
269185,Oligo,-0.15206659,0.18466002
154112,L5 ET,-0.0516333,0.081055105
154059,L4/5 IT,0.2730199,-0.060421616
55970,Micro,0.25699687,9.316206e-05
55898,L6b,-0.041195452,-0.2517051
55826,Endo,0.34662545,0.012803614
185708,Astro,-0.36607143,0.16028541
217017,L6 CT,0.020778537,-0.06551054
220237,L2/3 IT,-0.42195705,0.23160577
55707,Micro,-0.29529268,0.37715656
55687,L6 CT,-0.18892056,0.03183651
154018,OPC,-0.3740709,0.11345261
55656,L5 IT,0.22627407,-0.083884895
55588,L2/3 IT,0.41118753,-0.15509689
55574,Astro,-0.29263335,0.11963546
159894,Peri,-0.18686274,-0.0947817
270791,L4/5 IT,-0.23286802,0.20880342
248167,L2/3 IT,0.025299847,0.28165734
185631,Endo,-0.24853647,0.15881342
65296,PVM,0.049015224,-0.3319144
160032,Oligo,0.105522454,-0.42210686
55451,L6 CT,0.04778099,-0.12742811
154000,Peri,0.36315793,0.0337286
159838,Oligo,0.14016837,-0.43448287
56125,L2/3 IT,0.2441628,0.23728746
65395,Oligo,-0.027766526,-0.15419209
54958,VLMC,0.09142399,0.40432185
270975,Oligo,-0.19152224,-0.12345305
160768,Pvalb,0.21052575,0.037056208
242329,L2/3 IT,0.17272776,0.2466709
220637,PVM,-0.21781042,0.43461317
160780,Peri,0.07941204,0.17816931
269108,Micro,0.40657383,-0.00070369244
153792,Endo,0.2547418,0.27282697
269104,L2/3 IT,0.097904444,0.28025705
153682,L6 CT,0.13975233,-0.13239107
252594,L6 IT,0.081523895,-0.015080839
160818,L6 IT Car3,-0.14906141,-0.1842139
54157,OPC,0.0753358,-0.37877655
154974,L5 IT,-0.16323787,0.15910387
160850,L6 CT,0.045362473,-0.2412234
185356,L4/5 IT,0.3743782,-0.14815503
54088,Astro,0.038083673,0.15797973
65537,L4/5 IT,-0.120022744,0.22181636
185355,Endo,0.006525457,0.14173448
54067,L2/3 IT,0.12559253,0.19358474
271002,L4/5 IT,0.014008701,0.2088046
54024,Peri,0.08129448,0.1434381
242308,Astro,-0.0034142137,-0.01650256
54022,Lamp5,0.18301791,0.3277619
153585,L6 CT,-0.09047249,-0.040631235
248207,L5 IT,-0.041436404,0.08146584
153554,L2/3 IT,0.35878372,-0.046283394
65557,Endo,0.023059726,0.14805686
53940,L5 IT,0.06905264,0.028279305
53919,L4/5 IT,0.38281006,-0.141487
54269,L4/5 IT,-0.35708642,0.22087896
220614,PVM,-0.32506746,0.0888412
54298,Astro,0.20967335,0.33544976
253773,L5 IT,-0.20781535,0.1191681
270876,L6 CT,-0.2356672,-0.115385145
248189,L5 ET,0.022388399,0.050789654
54910,L6 IT,0.15498787,-0.22315851
160465,OPC,0.023416996,-0.360281
65401,Oligo,0.12410599,-0.3878747
54728,L5 ET,-0.032901436,0.15880293
54725,Micro,0.11776912,-0.4133894
54685,L4/5 IT,-0.4238806,0.11792076
54670,L6 IT,-0.1252082,-0.17925411
65413,Oligo,0.036617935,-0.3320747
54634,L6 IT,-0.0062994063,-0.12442422
185476,Astro,-0.33888483,0.09562147
185460,PVM,0.3417642,-0.012494236
54599,L2/3 IT,0.13294011,0.27152914
220439,Vip,0.17149472,-7.352233e-05
270921,PVM,0.26122862,0.03379774
187655,L4/5 IT,-0.24210414,0.29803354
160558,L6 CT,-0.09996086,-0.104034245
160566,Astro,-0.18787321,-0.047201037
270926,Astro,-0.42541218,0.021502614
54508,Peri,0.28613788,-0.097720176
153863,Astro,0.17042148,-0.37031534
65477,L4/5 IT,-0.10974467,0.2502997
54506,L5 IT,0.3489011,-0.21839488
54487,L4/5 IT,0.0743345,0.12034285
185457,L4/5 IT,-0.3715924,0.24721998
185454,Astro,0.022252321,0.14002633
160608,L5 IT,0.09523672,-0.09671867
160661,L2/3 IT,0.41055804,-0.059839427
185438,L2/3 IT,-0.39363778,0.28356057
160550,L6 IT Car3,-0.281568,-0.10484141
56136,Micro,0.12039971,-0.4133353
159727,Endo,0.11875349,-0.25346535
56174,L2/3 IT,0.14616823,0.2403295
57792,L2/3 IT,0.13818306,0.29513198
186208,L4/5 IT,-0.012750477,0.23989886
57789,L4/5 IT,-0.31057215,0.30064917
64679,Pvalb,-0.22023991,-0.017656326
158334,Vip,-0.22088447,0.15954953
57766,Micro,-0.21902445,-0.19906232
57745,Astro,0.30712152,0.21553564
64723,L6 IT Car3,-0.26443595,-0.12371659
57699,Endo,-0.0516524,0.20413786
158386,L6 CT,-0.0007069707,-0.059497952
57692,Astro,-0.018581301,0.27537227
57674,Lamp5,-0.30720097,0.4155932
270382,Endo,-0.012330174,0.12964833
219680,Oligo,0.022747397,-0.33023888
57640,PVM,-0.30032048,0.37108618
270393,Endo,0.12501872,0.39932096
253675,L2/3 IT,0.40421575,-0.12637019
158393,L6 CT,0.021345794,-0.16225201
247819,Astro,0.37784642,0.092514515
158558,L5/6 NP,-0.15840143,0.14518452
57551,Astro,0.042441964,-0.34342706
158575,OPC,-0.08539507,0.005353868
242477,Oligo,0.04433477,0.17367458
64765,L6 CT,0.17795151,-0.19963291
186093,L6 CT,-0.13882276,-0.14963731
57445,Astro,-0.042179674,0.318286
57441,L4/5 IT,0.36120474,-0.12285361
57436,L6 IT,-0.013894975,-0.047715813
57421,Pvalb,-0.2364595,0.17337543
269284,Endo,0.28531015,-0.2980963
57795,Astro,0.18772364,0.21462518
57808,L6 CT,0.0060313344,-0.27536654
57831,Endo,-0.23506406,0.14289635
58497,L2/3 IT,0.059880137,0.33190703
58458,L5/6 NP,-0.2971303,-0.06339109
157808,SMC,-0.02416253,-0.09945807
186318,Astro,0.08404571,0.39471644
58399,L2/3 IT,0.19895917,0.1591453
219455,L2/3 IT,-0.42337853,0.19449574
219461,L2/3 IT,0.44355005,-0.026189387
219462,L2/3 IT,-0.20919752,0.34586102
253051,Micro,0.26601428,0.23524982
157913,L5 IT,0.09269303,-0.018830866
58292,Endo,0.32226318,-0.15701824
219518,L2/3 IT,0.0968582,0.22923785
58205,L4/5 IT,0.17565054,0.03132534
58197,Oligo,-0.11298257,-0.04311222
252906,L2/3 IT,-0.2225743,0.39009535
64586,Endo,-0.15407968,0.12797183
186275,SMC,-0.25530085,0.18953997
58153,Oligo,-0.16291174,-0.17914033
219551,L2/3 IT,-0.28109422,0.40261644
58104,L5 IT,-0.40289205,0.050325572
58079,Pvalb,-0.39131218,0.21952665
58065,Pvalb,-0.25869462,0.25744373
186246,Endo,0.41646928,-0.15063041
58057,L5 IT,-0.13907474,0.08547145
253021,L4/5 IT,0.045401156,0.19065213
269285,L2/3 IT,0.009979367,0.26067704
219600,L6 CT,0.22787958,-0.25035018
57938,VLMC,0.42993432,0.07456416
253005,Oligo,-0.023516655,-0.14702156
158184,Astro,-0.37532705,0.08811629
154410,L6 IT,0.14596707,-0.2814566
158728,L2/3 IT,0.16108996,0.21912271
57364,Oligo,0.10313952,-0.40615568
64770,VLMC,0.13964647,0.39055932
56615,L6 CT,-0.16641179,-0.019984215
159122,Micro,-0.20303527,0.24495214
64968,L4/5 IT,-0.44714957,0.13021594
219916,L4/5 IT,0.22895992,0.018653154
217174,L5 IT,0.11176199,-0.049564958
187551,SMC,0.30940723,-0.22850391
154195,L4/5 IT,0.02565825,0.20595378
253709,Oligo,0.024814904,-0.08072138
65065,Micro,0.39560348,-0.027751595
56571,L2/3 IT,-0.03344649,0.25873226
242887,L4/5 IT,-0.3798092,0.11756462
159369,VLMC,0.142905,0.36340612
219934,L2/3 IT,0.3826806,-0.017124414
159373,Oligo,0.1309824,-0.36736
56626,L2/3 IT,-0.03910461,0.31642246
159409,L6 IT Car3,-0.21053466,-0.09043521
56491,L4/5 IT,-0.09868464,0.2645071
185792,Oligo,-0.11672312,-0.20618051
56470,L2/3 IT,0.06529117,0.35819274
159564,Peri,-0.14092654,0.039456367
56427,Astro,-0.039318085,-0.1289072
159606,L2/3 IT,-0.27658272,0.30938077
159612,L6 CT,-0.1927684,-0.03564033
56318,Pvalb,-0.13060793,0.030247986
65134,L5 ET,-0.1881231,0.102063775
220072,L6 CT,0.013969898,-0.010130376
270643,Oligo,0.15516365,-0.45774767
159616,L4/5 IT,-0.023118317,0.21241754
185758,Pvalb,0.0073488355,0.13488209
252770,L4/5 IT,0.051052332,0.2259407
219969,Sst,-0.31590474,0.22064155
161021,Oligo,0.15561354,-0.43721834
56653,Oligo,-0.074258655,-0.21529219
64900,Lamp5,-0.13016197,0.42070973
187532,L2/3 IT,0.07844585,0.23507714
158731,Sncg,0.38517427,0.045091927
217230,SMC,-0.2781331,0.21092731
186046,Oligo,0.06071472,0.11056459
57193,Astro,0.17587024,0.32173848
158815,L4/5 IT,0.09976357,0.16329044
57118,Vip,0.36883754,-0.019882321
219801,L4/5 IT,0.36640882,-0.1559372
217227,L4/5 IT,-0.32676905,0.25350684
64834,Pvalb,-0.08732912,0.042979836
57077,L2/3 IT,0.111200154,0.29446638
219808,L6 CT,0.21731931,-0.33152273
64838,Astro,-0.107310146,0.43321759
186034,Sst,0.13370979,-0.40450436
217187,L5 ET,-0.08518252,-0.009668857
158871,Astro,0.28642702,0.17767394
56976,Vip,0.38886857,-0.03840825
158917,L6 IT Car3,-0.21933073,-0.16043657
219849,OPC,0.10749334,-0.16139343
158956,Micro,-0.3056696,0.076794565
158961,Astro,-0.08872366,0.36035985
252870,Peri,0.40923238,-0.13876897
56902,Pvalb,-0.22400427,0.21281618
159025,Endo,0.087377906,0.3342445
159094,L2/3 IT,0.17142546,0.25776654
56767,L2/3 IT,0.23296863,0.18950647
270537,L6 CT,-0.13732508,-0.045256197
64896,Endo,-0.1697244,-0.15195698
159103,VLMC,0.3891176,0.16938686
56659,OPC,0.041306913,-0.15724427
158903,L4/5 IT,-0.20981583,0.23147011
45004,Endo,-0.4069447,0.11554313
197619,L6 CT,0.2165311,-0.29293197
223657,L5/6 NP,0.17517251,-0.10931936
26216,L6 IT,0.12121719,-0.12968528
26229,L4/5 IT,-0.3611517,0.21390343
250098,L6 IT,-0.14234102,-0.15842503
240704,Astro,0.1275751,-0.45103604
230068,L6 CT,-0.07229787,-0.021250278
26318,L2/3 IT,0.19780159,0.21825218
26324,Astro,-0.056814373,0.22534966
180616,Peri,-0.13326645,0.28474945
174755,Oligo,-0.0027733743,0.226376
26440,L6 IT,0.01299113,-0.09537208
174751,Micro,-0.16734433,0.27983636
26506,Oligo,0.046128154,-0.182524
229980,Pvalb,0.15307093,-0.27329388
180633,Astro,-0.30511177,0.3141302
275709,L5 ET,0.28399038,-0.28605062
250094,Peri,0.10907829,-0.44271296
26584,L5 IT,-0.27169245,0.1658696
26189,L4/5 IT,-0.05865383,0.21724087
174928,Pvalb,-0.11446142,0.17423815
175091,PVM,-0.11314213,0.3495714
25810,L6 IT,-0.17515257,0.005917132
240684,Oligo,-0.054255098,-0.29764456
250047,Astro,0.057740092,-0.3564698
25868,Oligo,0.13791424,-0.40606672
230228,L5 IT,-0.1732189,0.16887051
175059,L6 CT,0.08095044,-0.04858443
25960,L2/3 IT,0.41220587,-0.071733296
230195,L2/3 IT,0.18646497,0.19472313
180541,Endo,-0.034751147,0.43122792
174974,L2/3 IT,0.1695503,0.2945165
230136,Oligo,0.46282494,-0.06908128
275787,L6 IT,-0.045579076,-0.21879706
250081,L6b,0.15546006,-0.38150984
26164,L4/5 IT,0.17868781,0.059056997
250087,L4/5 IT,-0.118192345,0.21229768
25795,Astro,0.121831596,-0.058490545
26596,Oligo,0.020064652,-0.27831954
229942,OPC,0.09310877,-0.34721687
26946,Endo,0.116472185,0.1471811
174422,L5 IT,0.005202651,0.1141848
229820,L6 CT,0.14017248,-0.09288949
27001,OPC,0.0810079,0.22785157
174361,Pvalb,-0.24687713,0.25936294
27055,Micro,0.38119525,-0.09347129
27062,Astro,-0.43383163,0.116068125
27099,L4/5 IT,0.016177356,0.24153501
229765,L5 IT,-0.16980565,0.17808259
27159,Oligo,-0.11320874,0.2057944
27180,SMC,-0.3680753,0.08788872
240783,Astro,0.31245232,0.045823634
174228,L4/5 IT,-0.14098737,0.26119775
27212,L5 IT,-0.22781578,0.08552438
27277,Endo,0.23256004,0.08192575
240761,L2/3 IT,0.3875553,-0.020444214
26624,PVM,-0.3195833,-0.1638909
174446,Oligo,-0.0012409985,0.289909
174528,L5 IT,-0.19937864,0.18668866
240733,L2/3 IT,0.24256206,0.15016764
229937,Pvalb,0.07827455,-0.17557454
229925,L2/3 IT,0.07827014,0.22043091
26724,Oligo,-0.30439842,0.19434613
26741,L5 IT,-0.34259212,0.06531781
174652,Astro,-0.39297315,0.12285721
174649,L5 IT,-0.14399117,0.18932104
26813,L4/5 IT,-0.33268833,0.21956128
174644,Oligo,0.04527396,-0.33712208
26846,L6 CT,-0.27308884,-0.076013386
174624,L5 IT,-0.06672269,0.025101304
229874,PVM,-0.0593414,0.40793473
249074,Micro,0.094067514,0.06576395
26892,Pvalb,-0.19928828,0.18821806
180676,L6 CT,-0.17904183,-0.09373966
229846,PVM,-0.3567191,0.027792692
174219,L6 CT,0.0059349537,-0.15436104
175094,Endo,0.10320318,-0.38223553
230311,L5 ET,0.14860296,0.04412359
249970,L4/5 IT,0.111031234,0.12904263
249972,Oligo,-0.19835427,0.33445346
24685,VLMC,0.41215783,0.055758953
175547,Astro,-0.48623058,0.099050045
24739,L4/5 IT,-0.35811168,0.26375985
24747,L2/3 IT,0.36292875,0.046390593
175523,L4/5 IT,-0.376001,0.18649465
240606,Astro,-0.2349824,0.5
24774,Micro,-0.37658003,0.1667161
175512,Astro,-0.4207951,0.1712377
230698,L5 IT,0.2237404,-0.027692497
24789,L5 ET,-0.25511956,0.06670672
24794,L4/5 IT,-0.31818858,0.28090876
230677,L4/5 IT,0.34583664,-0.12562397
24818,L2/3 IT,0.2599045,0.14088643
24634,Astro,0.081554115,0.16881275
24884,Endo,-0.2062009,0.36302722
180352,Peri,0.21814167,-0.16836697
24567,L2/3 IT,0.010619342,0.25459307
230832,Pvalb,-0.07125819,-0.12472862
24366,L2/3 IT,-0.025185406,0.38710302
175766,L5/6 NP,-0.082520366,0.058773875
24374,Oligo,-0.2269991,-0.16562873
240583,Endo,0.082179725,0.31695634
175735,L2/3 IT,-0.07117659,0.31769824
24412,Oligo,-0.014194846,-0.25910527
24438,L6 IT,-0.15954626,-0.12457645
24507,L5 IT,0.16298383,-0.059296668
230783,L6 CT,-0.14973053,-0.17403379
24530,Astro,-0.09170058,0.19999135
175721,L5 ET,-0.033697188,-0.050662637
180327,Endo,0.2869177,0.21579295
249969,VLMC,0.24500513,0.30039597
24553,VLMC,-0.38353533,0.39423954
230761,L4/5 IT,-0.24932617,0.29155636
25751,L5 IT,-0.08549991,0.11678696
240617,Micro,-0.0030283332,-0.10952979
24946,OPC,-0.25186497,0.22850001
25397,L6 CT,0.15708822,-0.34982973
175220,Micro,0.17672896,0.33325565
25451,Endo,0.10120684,0.2621057
175149,L6 CT,-0.21386442,-0.08602828
25502,Oligo,0.37508053,-0.1704219
25504,L6 IT,0.052277744,-0.1243892
240668,Endo,-0.3770952,0.24698108
175148,Astro,-0.38104916,0.19245511
25538,Micro,0.117569566,0.14657927
25548,Micro,-0.2398411,0.12760997
230393,L6 CT,-0.06267741,-0.041012913
180512,L2/3 IT,-0.2902261,0.3957637
250046,VLMC,0.31042594,0.21060646
275893,L2/3 IT,0.31624687,0.0977273
25707,SMC,-0.020610422,0.2227608
275954,L4/5 IT,0.34453,-0.16536593
230626,Astro,0.106784105,-0.14714292
175268,L6 IT,-0.13430226,-0.14024821
230480,L4/5 IT,-0.05879602,0.25758624
175435,L5/6 NP,0.22613603,-0.11266163
175417,Sst,-0.047062814,0.07327545
24969,Astro,-0.27821058,0.32748014
24982,Astro,0.41368306,-0.18720224
24988,Endo,0.2910887,-0.094353735
24994,L6 CT,-0.27347487,-0.14786321
25075,Oligo,-0.3115093,-0.011410534
25091,Astro,0.00780952,0.3267858
230559,L6 CT,0.10800344,-0.14361596
175296,L6 IT,0.27226466,-0.34875262
230534,Astro,-0.345227,0.15600866
230533,L4/5 IT,-0.43886733,0.15555388
25170,Micro,0.07286,0.20631641
275977,Astro,0.09455764,0.36061138
25222,L6 CT,0.030839324,-0.27151263
25322,L4/5 IT,-0.27329758,0.21728891
175856,OPC,0.44149214,-0.15188497
174218,Oligo,0.09588683,-0.35803214
27320,Endo,0.12983137,0.40338218
249014,L6 IT,-0.18612602,-0.06078455
229034,Endo,0.24416852,-0.08907995
29404,Sst,-0.2523538,0.12653959
229031,L2/3 IT,-0.30226654,0.3514865
173413,Oligo,0.05779797,0.25841206
240925,Oligo,0.40099496,0.075351
29487,Sst,0.28546518,0.012384117
29511,L4/5 IT,-0.41920245,0.107424974
173408,L4/5 IT,-0.3853428,0.18898582
29589,L4/5 IT,-0.39373976,0.07102901
29590,SMC,-0.07127327,0.31287193
275190,L6 IT,-0.09488028,-0.18500718
173375,Oligo,0.086946845,-0.41284126
29624,Pvalb,-0.019646019,-0.06397444
181173,Astro,-0.40535027,0.023435771
250334,L6 CT,-0.24817386,-0.19216505
181174,Endo,-0.24157348,0.42322212
29280,L6 IT,0.20265651,-0.19268885
229099,Sst,-0.0035370886,-0.069186985
173540,L2/3 IT,-0.16371188,0.37184048
28977,Endo,-0.30509284,0.14148784
29010,Peri,-0.32543904,0.28805077
229149,Astro,-0.3720067,0.077727914
29016,L2/3 IT,0.13165867,0.30048245
29018,Sst,-0.1071091,0.33723873
173535,Astro,0.030693352,0.3235923
29057,L5 IT,-0.24572024,0.02697748
173513,L6 CT,-0.089303195,-0.012701362
29093,SMC,0.29705065,0.19954824
29109,Endo,-0.11109269,-0.08003098
29118,L5 IT,0.06005031,-0.10977432
250330,Endo,0.05566317,-0.29387927
181092,Astro,0.22574037,0.28741896
29167,PVM,-0.10683939,-0.296497
29216,L6 CT,0.059526443,-0.12417224
173542,L6 IT,-0.2611696,-0.12913316
29727,L6 IT,-0.20749381,-0.18815678
29749,L2/3 IT,0.18430781,0.24136859
275014,L2/3 IT,0.38051653,-0.009041339
30313,Micro,-0.047201514,0.37511504
181246,L5 IT,0.2338978,-0.14330602
228765,VLMC,0.17477363,0.35286266
173107,L2/3 IT,0.113301754,0.23003125
30381,Endo,0.4361964,-0.058733612
30410,Endo,0.055815876,0.15189809
240975,L6 CT,-0.21796322,-0.02998346
173063,L6 IT Car3,-0.26826036,-0.08916658
181283,L2/3 IT,0.09481329,0.3179428
30477,Oligo,-0.01658389,-0.28822017
172944,L2/3 IT,0.44728088,-0.037590295
30532,L6 CT,0.18419671,-0.33559078
30543,L5 IT,-0.13941249,0.1991272
274957,Endo,0.10383046,-0.41277868
30257,Oligo,-0.12433627,-0.1819858
173325,Oligo,0.12945855,-0.37761906
173232,Oligo,0.09245825,-0.41035426
30227,Endo,0.05830413,0.28739417
249005,L4/5 IT,-0.26566482,0.31726032
29778,L6 IT,-0.114632756,-0.16436565
29779,OPC,0.010401487,-0.2665953
228926,L2/3 IT,0.14473802,0.20772481
173270,L4/5 IT,-0.45862946,0.1475662
29857,L4/5 IT,0.33233786,-0.036004692
173259,L6 IT,-0.082826674,-0.10732949
228897,L6 IT,-0.18714556,0.016514957
29980,Endo,-0.06897819,-0.09502226
275082,L6 CT,0.17956728,-0.20194417
30053,L4/5 IT,-0.042966813,0.23970485
30086,Endo,0.062316835,0.4004429
228814,Oligo,0.062196434,-0.31092972
30211,L6 CT,-0.12586287,-0.05699572
30225,L6 CT,-0.007398665,-0.25553715
228793,L6 CT,0.2300204,-0.2856777
229690,Endo,-0.20588452,-0.005724132
28945,Micro,-0.16068599,0.28032815
28900,Oligo,0.04769224,-0.49256164
229570,Micro,0.1615296,0.10803157
27706,OPC,0.16027528,0.19562912
250257,L4/5 IT,-0.36219177,0.22917974
27738,Astro,0.21399665,0.25659072
27773,SMC,0.1830275,-0.06357616
27785,L5 IT,0.0018116236,0.15985692
27820,Endo,0.08468562,0.41242683
180890,L6 CT,0.17227888,-0.31486595
173982,VLMC,0.45653433,0.008115053
27935,L6b,0.15305555,-0.36971378
27955,L6 CT,-0.25749046,6.121397e-05
27978,L4/5 IT,-0.26168576,0.25491637
180906,L6 CT,0.02200538,-0.19779998
173960,VLMC,0.2676558,0.269809
173955,L6 IT,0.2473265,-0.33692408
27636,Oligo,0.035350144,0.14143443
28060,L6 IT,-0.124038935,-0.22552729
174045,L4/5 IT,-0.4462872,0.1142838
174066,L6 IT,-0.15601006,-0.07192126
180794,Oligo,0.04092276,0.22858256
27334,Astro,0.11636889,0.1458134
229686,PVM,-0.029042482,-0.266597
229675,L6 IT,-0.042520434,-0.11810395
229673,L6 IT,-0.12638235,-0.00300169
240809,L5 IT,-0.33594888,0.04469812
27395,L6 CT,-0.26683146,-0.08475891
27408,Astro,-0.17523858,0.2388776
174088,L6 CT,-0.09585771,-0.038534105
27419,L6 IT,0.079805315,-0.23710611
27425,L5 IT,0.17355388,0.02100283
27435,L6 CT,0.15581137,-0.29227132
27466,L4/5 IT,-0.42792523,0.13643634
174070,L5 IT,-0.113542736,0.056705654
27476,PVM,-0.055835694,0.45258117
27533,Astro,-0.18578172,-0.10700086
28917,Astro,-0.038065553,-0.18904302
28129,L2/3 IT,0.4329753,-0.094614595
28206,L4/5 IT,-0.40382624,0.19867086
28676,Astro,-0.020991534,0.19690889
28682,Oligo,0.2967522,-0.21816427
28686,L6 CT,-0.06891787,-0.017767668
28702,Oligo,0.24739945,-0.27024543
181036,L6 IT,0.31285375,-0.28275606
28728,Endo,0.2719044,0.26049262
181052,L2/3 IT,0.43168706,-0.13912466
181064,Astro,0.031130731,-0.10231224
229230,L6 CT,0.16790617,-0.21359897
28802,VLMC,0.39510375,0.1232034
28841,Endo,0.006942034,-0.16398048
28850,L5 IT,-0.40221882,0.07340795
173602,L2/3 IT,0.15293342,0.30707335
28881,Oligo,0.14703304,-0.42980525
181069,Sst,-0.046514034,0.40098327
28670,L4/5 IT,-0.2710111,0.19274944
173928,L6 CT,0.07510841,-0.12409347
173737,Sst,-0.21282616,0.045624733
28609,Astro,-0.012874156,0.33482927
28211,L5 IT,0.20066136,-0.05213195
180933,L5 IT,0.11719459,0.039301276
28219,L2/3 IT,0.36730212,-0.031274676
173869,Oligo,0.060617328,-0.33278078
250289,Peri,0.0056083202,-0.2277135
28291,Micro,0.08847326,0.12475002
229354,L6 IT,-0.05461073,-0.13376048
173847,Astro,0.3019182,-0.09760597
249039,L5/6 NP,0.13654894,-0.1413247
180958,Sst,-0.23583692,0.07430756
249036,L6 CT,0.1849078,-0.30389675
28467,Pvalb,-0.23795873,0.21466005
249023,L6 IT,-0.0051357746,0.051433265
28517,Sst,-0.1628612,-0.004739672
181001,L6 IT,-0.048674077,-0.058441132
28623,Endo,0.09820682,0.37306547
172862,L4/5 IT,0.10038066,0.16238695
175871,L5 IT,-0.107361466,0.15487397
24248,L5 IT,-0.32092357,0.06292528
232378,L2/3 IT,0.08869642,0.27760214
232372,Oligo,-0.040899932,-0.17813867
232365,Astro,0.19648045,0.2157858
232356,Endo,0.10047394,0.123576224
20084,L2/3 IT,0.14283174,0.2977432
20104,Oligo,-0.11149466,-0.15843317
178139,L2/3 IT,0.35688478,-0.0017262697
178093,Oligo,0.076927125,-0.17066464
20177,L2/3 IT,-0.13037899,0.3457719
20183,L5 IT,-0.32768854,0.022411287
178041,L6 CT,0.07379997,-0.15548709
178036,Astro,0.04392886,0.2194289
20213,Oligo,-0.24748766,0.030570686
177987,Astro,0.22502941,-0.03200841
20221,L5 IT,-0.38926783,0.029421628
232386,L2/3 IT,0.09052402,0.2184143
177986,Peri,-0.1485106,0.47999626
232393,Pvalb,-0.11479145,0.28620988
249497,L5 IT,-0.030915737,0.056423306
19702,L4/5 IT,-0.14536121,0.2029255
19779,Oligo,-0.11026564,-0.14631188
19785,Vip,-0.36376244,0.22396898
19789,PVM,0.15137738,0.33378565
249467,L6 IT,-0.2963056,-0.071648
19833,L2/3 IT,0.027768672,0.3559628
232455,Astro,-0.12917614,0.061420858
178317,PVM,-0.1392715,0.365928
276966,L6 CT,0.22168404,-0.25837925
178252,L5 IT,0.039192557,0.10558301
179444,L5 IT,-0.18527493,0.08900708
19917,Micro,-0.22639689,-0.017256528
19930,L5 IT,0.31533104,-0.17175448
276944,L4/5 IT,0.14654553,0.093219995
19987,Oligo,0.074667335,-0.33338222
178177,L2/3 IT,0.18683058,0.1963926
249466,Peri,0.14254874,0.32864678
177958,L2/3 IT,0.3799228,0.0067996383
20304,L4/5 IT,-0.10981089,0.32024264
249235,PVM,-0.25316486,-0.0054177046
177744,Endo,-0.106926024,0.2455936
20650,Oligo,0.048430026,-0.26651588
20651,L2/3 IT,0.40545833,0.018196344
20705,Endo,0.22739172,0.23960376
177736,L2/3 IT,0.12002289,0.20215422
276778,Astro,0.1444937,0.3183565
232064,VLMC,0.12154043,0.4075911
20814,Astro,0.25130266,0.22369528
249228,Oligo,-0.15080118,0.18782908
177703,Sst,-0.23877758,0.0934701
179666,Oligo,0.017005682,-0.26230976
21106,L5 IT,-0.023668498,0.1313147
231966,Astro,-0.23851845,0.2022984
177547,Oligo,-0.19176874,0.0035665631
177782,Oligo,-0.013035834,-0.061457574
177857,Vip,0.14901811,0.16936141
232133,Endo,-0.3375243,0.046875596
276837,L4/5 IT,-0.3750327,0.09879458
20328,L6 IT,-0.3514521,-0.05767727
276881,L6 CT,0.22761697,-0.21055391
177837,L4/5 IT,-0.18710896,0.23154908
249549,L4/5 IT,0.043676615,0.17533696
240355,L4/5 IT,-0.24163309,0.31836957
177808,L4/5 IT,0.37782848,-0.17436439
179626,L2/3 IT,0.39860803,-0.10657558
232210,L2/3 IT,0.25196385,0.07685304
20384,L6 CT,0.13542849,-0.2763663
20404,Vip,-0.0021400154,-0.26297513
232179,L6 CT,0.20658118,-0.29496542
177797,L2/3 IT,0.35198677,-0.058107376
232162,Oligo,0.09014201,-0.31009126
20515,Oligo,-0.02148515,-0.2392618
179629,L6 IT,-0.09155765,-0.19154015
276828,L5 ET,-0.057104796,0.07926124
177532,Pvalb,-0.37490958,0.24711055
232529,Oligo,0.02541858,-0.32698727
19552,L5 IT,0.28660762,-0.17220217
232993,Astro,0.02411455,-0.30720538
249305,L6 IT,0.06068307,-0.035352677
240254,L6 IT,-0.058784485,-0.18143722
232975,Oligo,0.13364726,-0.24735856
18249,L2/3 IT,0.04996401,0.3460967
249404,Endo,0.14285272,-0.33989412
18293,Micro,-0.16996816,-0.009408712
178755,L5/6 NP,0.358024,-0.17834106
18313,Oligo,0.16611707,-0.042865902
18360,L2/3 IT,0.063673735,0.260598
240263,L5 IT,-0.27376413,0.10130727
178739,Pvalb,-0.09612334,-0.021551907
232854,L4/5 IT,-0.3247729,0.26403612
18671,L2/3 IT,0.3960353,-0.09780747
18680,Sst,0.025747597,-0.20702755
249309,Endo,0.28950262,0.07774711
18724,L6 CT,0.16295117,-0.33866405
249387,Astro,0.03620112,0.12528604
178913,Astro,-0.15553007,0.18730778
17813,L6 IT,-0.34120232,-0.038265944
277321,L4/5 IT,0.36503386,-0.06364912
17841,L4/5 IT,-0.40999678,0.19934893
179064,L6 IT,-0.22663414,0.046356738
179031,L6 CT,0.21090555,-0.190997
17885,Endo,0.0343107,0.1724332
240238,L5 IT,-0.3391746,0.0974763
17927,L2/3 IT,0.055675387,0.22710133
233036,PVM,-0.032387137,-0.26193178
17932,L5 IT,0.16540259,-0.07723498
249332,L5 ET,0.36915702,-0.26163697
249373,L2/3 IT,0.4194371,-0.04505959
18039,L2/3 IT,-0.044956237,0.3713963
18078,L2/3 IT,0.28695393,0.1125375
18093,Endo,0.083494306,0.30631852
18105,L6 IT,0.14835984,-0.21598536
19592,L2/3 IT,-0.21350145,0.38605946
18756,L2/3 IT,0.14967096,0.27543318
232830,L4/5 IT,-0.42702878,0.08867121
179300,L2/3 IT,0.309389,0.029582977
19265,L6b,0.14370865,-0.40026915
178582,Lamp5,0.17932212,-0.24956122
19320,Sst,-0.26286727,0.40430838
277046,Astro,0.33152056,-0.11948046
19347,L5 ET,-0.08506027,0.01807797
178542,L4/5 IT,0.2643888,-0.05761105
178520,Oligo,0.053761125,-0.3346154
19404,L5 IT,-0.094998986,0.20993572
179381,SMC,0.19811577,0.07049972
19424,Oligo,0.15002173,-0.41859496
178429,Endo,0.10258657,-0.15570825
19493,VLMC,0.34253925,0.16813505
232573,Oligo,-0.04128784,-0.13210714
19542,L5 ET,-0.21086738,0.11083788
232670,L2/3 IT,0.40178478,-0.044277996
178732,Endo,0.1341595,0.11768192
19193,Oligo,0.1357398,-0.4388243
19163,L6 IT,0.020459175,-0.008605808
232817,L5 ET,-0.106437445,-0.013924271
232809,Endo,0.14289945,0.33801764
18887,Peri,-0.45080483,0.23264307
18914,Endo,0.20751053,0.1641227
178727,L4/5 IT,-0.44229794,0.14064682
178726,Oligo,0.063192725,-0.35815245
178689,L4/5 IT,-0.20293453,0.22052759
178686,L2/3 IT,0.08434737,0.24641126
178678,Endo,-0.07270944,0.2512709
232766,Endo,-0.010298699,0.3670678
277130,L2/3 IT,0.06801069,0.31347013
18995,L5 IT,0.027360916,0.13982666
232728,L2/3 IT,0.061475098,0.241471
178643,L2/3 IT,0.047473967,0.35345918
178641,L6 CT,0.04251218,0.002361834
232690,Peri,0.14096755,0.25292253
24315,L4/5 IT,0.094928265,0.17038041
21240,L4/5 IT,-0.12264642,0.28462458
21265,Oligo,0.112253904,-0.4028548
23140,Micro,0.37263405,0.03774011
180086,L4/5 IT,-0.33298132,0.22255522
23157,L2/3 IT,-0.22663724,0.3617785
176247,Peri,-0.36564746,0.07717794
231221,Micro,0.15864325,0.37080508
23245,OPC,0.04563296,-0.07335788
23256,Oligo,0.12346536,-0.30770332
23265,L4/5 IT,-0.16774812,0.33437186
23294,L6 CT,-0.29417104,-0.1138913
176215,L5 IT,0.022884667,0.085451424
231182,Endo,0.3139196,-0.16869187
23376,L5 ET,-0.030372739,0.1116721
276238,L2/3 IT,0.08288914,0.21450746
176206,L6 CT,-0.011131555,-0.02673468
23459,Endo,0.4091152,-0.120143235
23073,L6 IT,0.035346508,0.016956031
231132,Endo,0.161178,-0.09148216
176288,L2/3 IT,-0.3079728,0.3430205
249777,Oligo,0.1354425,-0.08660552
22746,L2/3 IT,-0.14424783,0.31348783
249167,OPC,-0.13352567,0.1083107
22790,SMC,0.4142602,0.023686945
22802,Sst,0.15444529,-0.1327498
22811,L6 CT,0.23752892,-0.37664503
22832,Oligo,0.15574598,-0.39516222
231348,OPC,-0.19070846,0.21616876
22877,L4/5 IT,-0.37061322,0.1604566
22934,L2/3 IT,-0.40058473,0.29327655
22944,L6 IT,0.05391395,-0.14223397
22952,Oligo,0.03279394,-0.20913056
22978,L5 IT,-0.34700006,0.06976801
22990,L6 CT,0.1314609,-0.07998711
23021,Peri,0.11085224,-0.16381732
231311,Oligo,0.17405617,-0.47258672
176369,Endo,0.16637242,0.14030123
176531,L2/3 IT,0.18987799,0.23162329
23513,L6 IT,0.062749684,-0.0393472
176171,Sst,-0.18789312,-0.0017164052
23862,L5 IT,0.02388978,0.11662912
230964,L2/3 IT,-0.0093815625,0.38773912
230957,Vip,0.068170846,0.25524902
23899,SMC,0.3186999,0.17983371
23902,L6b,0.15259504,-0.35983557
230942,Micro,-0.09544179,0.37998855
24042,Astro,-0.34084994,0.040819883
176000,SMC,-0.22930133,0.13170803
24048,Astro,0.17279506,-0.30911177
24049,Micro,0.28901517,-0.21936691
249878,Astro,0.3950953,0.043406963
24090,Vip,-0.35096452,0.31534898
24105,Oligo,0.10266012,-0.4256744
276115,L6 IT,-0.1994369,-0.119345814
175975,Peri,0.1075992,-0.38596034
23854,L2/3 IT,0.08901018,0.21234876
180135,L6 CT,0.1270166,-0.26475883
23830,L2/3 IT,0.0064968467,0.39180464
180181,Astro,-0.2207573,0.27147603
249133,VLMC,0.30427533,0.24302614
23583,L5 IT,-0.14185774,0.20718616
23590,PVM,-0.34420896,0.23456061
276195,Oligo,-0.07107386,0.017088592
276192,Endo,0.3541022,-0.1670821
23662,PVM,-0.26010895,-0.021260798
176113,L4/5 IT,-0.41199535,0.1640091
23687,Astro,-0.42882013,0.24086839
23699,OPC,-0.2852643,0.22480392
176081,Oligo,0.24731928,-0.30025142
231004,Micro,-0.06364408,0.33635008
231001,Endo,-0.23994508,0.4180026
23764,L6 IT,0.10395962,-0.104381174
23765,L6 CT,0.2053966,-0.35010082
230980,PVM,-0.06834647,0.06675631
176006,Endo,0.22563428,-0.36545432
177527,L2/3 IT,-0.26542246,0.4072628
276374,L6 CT,-0.07900363,-0.012551367
176584,L5 IT,-0.05317101,0.1554082
177257,Astro,0.164751,0.360754
177251,Oligo,0.10417014,-0.39782742
179791,L6 IT,0.14596188,-0.12125006
21747,SMC,0.40340602,-0.008808553
177149,L5 IT,-0.05765,0.060208976
240450,L4/5 IT,-0.09587008,0.2678702
276570,OPC,0.26221615,-0.2545892
179822,L6 IT,0.07346654,-0.029307723
21803,L2/3 IT,-0.4373588,0.194884
179824,L6 CT,-0.15917113,-0.08757159
231729,L6 CT,-0.04028666,-0.07120931
177039,Oligo,-0.07831964,-0.15528607
21840,L6 IT,0.23806554,-0.24414814
21888,L2/3 IT,0.10651958,0.30526668
21889,Endo,0.051671863,0.12322718
179784,L6 IT Car3,-0.17968217,-0.14112863
176955,L6 IT Car3,-0.12660456,-0.13406569
179775,L2/3 IT,0.25182253,0.13190413
177303,Astro,0.35186154,0.0028381348
21278,SMC,0.3800035,-0.08814818
21281,SMC,0.114857554,-0.356768
276673,L5 IT,-0.3709715,0.0014374256
21312,L6 CT,-0.013483316,-0.01984799
21372,L6 IT,0.14389426,-0.21295571
21394,L6 CT,0.18475044,-0.3001488
21418,PVM,0.2243169,0.3259318
21422,L4/5 IT,0.03369087,0.24197328
231857,L5 IT,0.2308914,-0.061182886
231844,L2/3 IT,-0.2616373,0.3431601
177469,Endo,-0.44901067,0.079967976
177391,Oligo,0.13279939,-0.43918008
249615,Peri,0.17536819,0.26727408
249622,L2/3 IT,0.1656751,0.26261765
21563,Astro,-0.32053566,0.09246802
276584,Pvalb,-0.24658984,0.14638871
22688,Endo,0.15067405,-0.102074176
179887,Endo,-0.33870095,-0.023654938
249196,L6 CT,0.0061941147,-0.064442724
240481,L2/3 IT,-0.32182387,0.28698617
231487,Oligo,-0.01505056,-0.27089614
276404,L5 IT,-0.113729835,0.09350163
22534,L2/3 IT,0.45208347,-0.06318915
22574,Endo,0.076946676,0.23149538
231445,Astro,-0.16357124,-0.1566675
231441,Endo,-0.138239,0.12274891
176712,Vip,-0.31596094,0.29597384
176681,L4/5 IT,0.39848536,-0.12865788
22590,Pvalb,0.18302768,-0.14849389
22597,Vip,-0.063120574,0.32585502
22629,Endo,-0.13590881,0.16294461
179981,L2/3 IT,0.3764125,-0.0733856
22636,Endo,0.15507793,-0.3205416
176613,L5 IT,-0.27231246,0.1596722
22410,Oligo,0.10630518,-0.34860557
21910,L6 IT,-0.29257196,-0.16431588
22405,L4/5 IT,-0.2373837,0.29137278
231511,Endo,0.35470533,-0.12982467
249691,L5 IT,-0.0556266,0.12198335
22058,L2/3 IT,-0.31786028,0.3237971
22083,L2/3 IT,0.1759265,0.2651152
22114,Vip,0.29374224,0.011880398
231603,Oligo,0.3438844,-0.1742652
276472,L2/3 IT,0.16451252,0.16511613
176835,SMC,0.13325083,0.23206437
276453,Astro,0.34866083,-0.16069806
176834,Astro,-0.34206837,0.3527432
240473,L6 CT,0.22611159,-0.2494188
176825,Astro,0.29288,0.124364674
231526,L6 CT,0.16871178,-0.31267798
179953,L6 CT,-0.1051794,-0.00968793
276439,L6 IT,-0.031118274,-0.17902032
231516,L5 ET,0.04577732,0.10180575
231506,Micro,0.15932512,-0.30764914
30575,L2/3 IT,-0.3096297,0.34637332
274950,Astro,0.28035194,-0.1649712
228701,OPC,-0.08950171,-0.19045252
225401,Endo,-0.049360603,0.31184673
182988,Oligo,-0.08344936,-0.13948458
40218,L2/3 IT,0.34639007,0.057477653
225383,Endo,-0.08118093,-0.15749028
168023,Astro,0.4624313,-0.1357249
40324,L5 IT,-0.12061387,0.12972575
40360,L4/5 IT,-0.38527852,0.19373661
225356,L5 IT,0.14540148,0.020233095
40370,OPC,0.34228045,-0.0064517856
40374,SMC,-0.24766225,0.43673843
167975,L5 IT,-0.3243422,0.01936394
40391,OPC,-0.32187667,0.33142006
167914,L2/3 IT,0.17562783,0.16156518
183025,L4/5 IT,0.23506731,0.07161921
225309,Peri,-0.07569173,-0.22313112
40161,L6 IT,0.16041338,-0.050465822
40498,L2/3 IT,-0.0076062083,0.26462138
40137,L2/3 IT,0.18170947,0.18090183
40108,L5 IT,-0.18475488,0.12542081
182845,Astro,0.04703659,0.17643994
39773,L4/5 IT,-0.19551632,0.26182258
225523,L2/3 IT,-0.048945844,0.3185051
39782,L6 CT,0.15938747,-0.23327187
39784,L5 ET,0.08079207,-0.07081035
225490,L2/3 IT,0.1092518,0.28839082
39856,L6 CT,0.013029635,-0.11344394
182863,L2/3 IT,0.07922703,0.21467137
168387,Endo,0.12180674,0.2952333
251239,L4/5 IT,-0.15088901,0.21467537
39918,OPC,0.10850978,0.35830933
39930,L6 IT,-0.07913062,-0.05317992
168201,Endo,0.073225796,-0.3767963
168104,Astro,0.2734431,-0.032752275
40017,Lamp5,-0.01530087,0.3698616
40112,L2/3 IT,0.21945602,0.19316483
168511,L6 IT,-0.19199693,-0.13358879
40500,Oligo,-0.12485963,-0.012682766
40557,L2/3 IT,0.21529251,0.20264113
41004,L4/5 IT,-0.40096033,0.14426738
225111,L6b,0.12847358,-0.38077626
41029,L2/3 IT,0.14568233,0.26693034
167813,L2/3 IT,0.10971975,0.29273063
41049,Oligo,0.050877094,-0.21636355
273144,Oligo,-0.018303126,-0.23187411
167802,OPC,0.40251923,-0.12516126
167744,Peri,-0.05626914,0.3056116
41239,L6 CT,-0.056020945,-0.055042177
41276,L4/5 IT,0.38855177,-0.15601385
273109,L2/3 IT,0.05374074,0.27913392
41291,L5 IT,-0.2536879,0.13874757
273108,Endo,-0.085084945,0.47097844
225011,L6 IT,-0.036399245,-0.03935188
167701,L6 IT,-0.083141625,-0.10707682
40987,L4/5 IT,0.031576455,0.18412268
40545,Astro,-0.13167545,0.25909352
40959,L6 CT,0.08793396,-0.2239972
40931,L2/3 IT,-0.3257053,0.37123585
167889,L6 CT,0.0013993382,-0.16914088
167873,L4/5 IT,0.25106877,-0.036226094
40634,L2/3 IT,0.24540722,0.094383776
40645,L5 IT,-0.34573913,0.015794694
167866,Endo,0.00835067,0.20222628
40762,L5 ET,0.33839506,-0.2243385
273191,SMC,0.29273182,0.14731026
40780,Astro,-0.3239383,0.08129287
40788,L6 IT,-0.24747738,-0.1436691
167858,Pvalb,0.20601863,-0.1561228
40805,L5 IT,0.059884906,0.05865085
183040,Lamp5,0.20834339,0.24169117
273182,Oligo,0.03275007,0.117565036
273180,L6 CT,0.09288508,-0.18476859
251313,L6 CT,-0.06206432,-0.025113732
40940,L6 IT,0.040622592,0.035551548
273086,SMC,0.082472324,0.3638593
39715,L5 IT,0.19768023,-0.083542675
39651,L2/3 IT,0.3202144,0.053058624
225897,L6 CT,-0.083990216,-0.08175653
251077,L6 CT,0.21734113,-0.2592107
38589,L6 IT,-0.017262489,-0.07812065
38593,L5 IT,0.21464723,-0.014322251
38611,L5 IT,-0.22376406,0.12621385
169294,L6 CT,-0.18783575,-0.046514392
225872,L5 IT,0.14105171,-0.09839335
169246,Astro,0.15425229,-0.0051910877
38683,L6b,0.13779426,-0.40531296
273560,Endo,0.10129982,0.19220906
38694,Endo,-0.31503326,0.038583398
38702,L6 CT,0.016240478,-0.15988195
273543,L4/5 IT,0.40123117,-0.21985906
38793,L5 IT,-0.42024767,0.02045554
251091,L4/5 IT,-0.11794704,0.24036223
38548,Oligo,0.15609449,-0.34066153
38865,L6 IT,-0.2167466,-0.1182971
38534,Astro,0.27680624,0.16674209
38452,L4/5 IT,-0.28828925,0.26779044
226060,L6 IT,0.3093887,-0.2563688
273671,L6 CT,-0.21328121,-0.07854676
38086,L6 IT,0.13358146,-0.22027597
38087,L5 IT,0.32899106,-0.18786913
38095,L5 ET,0.25585818,-0.25470954
273665,L6b,0.024913728,-0.24743831
38122,L6 IT,0.07169926,-0.113422334
169376,Astro,0.22278035,0.14769858
169373,VLMC,0.13882786,0.37834615
225976,L6 CT,-0.101475656,-0.063512474
38355,L4/5 IT,0.031722188,0.15778804
38389,Pvalb,-0.17016426,0.13061517
38406,Endo,0.16697174,0.28476226
169361,Oligo,-0.0070320666,-0.34538105
169352,Peri,0.19065565,0.045427978
38507,L6 IT,0.13154441,-0.18806127
39687,OPC,-0.18423533,0.10458487
38873,L6 IT,0.01894039,-0.14656383
38995,L6 CT,0.07760775,-0.2331663
39434,Peri,-0.3286755,0.27698606
39439,Micro,0.13106966,0.36499923
168790,L5 IT,0.036326468,0.060263515
225623,L5 ET,0.30265373,-0.15897804
39472,PVM,-0.2064513,0.4111575
39488,L4/5 IT,0.017440796,0.21476191
248728,L2/3 IT,0.112206936,0.1953454
39519,Oligo,-0.025138348,-0.23107585
168736,Micro,0.0049312115,0.1956535
168722,Astro,0.20190048,0.026788473
225585,Oligo,-2.0235777e-05,-0.25885513
225584,Peri,-0.1936855,0.06411171
182768,L6 IT,0.008221567,0.027065337
251204,Pvalb,0.0157395,-0.1447052
251209,Peri,-0.2653997,0.32804865
225628,L6 IT Car3,-0.24692139,-0.06430891
225746,L6 IT,0.23010606,-0.289507
39417,L4/5 IT,-0.3225276,0.22735691
39394,L6 CT,-0.19739747,0.052819252
39012,L5 IT,-0.37086535,-0.053094983
273494,Astro,0.28344184,0.09539515
39111,Endo,0.004608929,0.22100776
169183,L4/5 IT,-0.23604295,0.26831615
39172,L5 IT,0.18017882,-0.012072325
273479,Sst,0.048549473,-0.081222385
182621,Pvalb,0.39104998,-0.1097146
169009,L6 CT,0.087124825,-0.10470611
182699,L2/3 IT,-0.43909785,0.091597736
168849,SMC,0.28989673,0.2342543
251163,L6b,0.16322756,-0.35933143
39351,L2/3 IT,0.13931894,0.26755798
168833,L2/3 IT,0.3479588,-0.0011983514
39379,L5 IT,0.33013475,-0.22068247
168823,L2/3 IT,-0.08483943,0.39297205
182723,L4/5 IT,-0.37662017,0.053507388
169396,L2/3 IT,0.4279614,-0.08167818
41459,L4/5 IT,0.31546414,-0.10217622
41502,L6 CT,0.027733088,-0.20644999
43781,Vip,0.14640784,-0.11615527
43814,L4/5 IT,-0.30142996,0.23826307
224039,Astro,0.2864551,0.03804475
43828,L2/3 IT,0.31204432,0.090049565
251693,Oligo,-0.025921494,-0.07445595
165789,L4/5 IT,-0.33861792,0.27586782
251708,L6 CT,0.007375896,-0.07799137
224025,L5/6 NP,0.29607338,-0.18815854
224020,Endo,-0.15815163,0.3250646
165702,OPC,-0.4802397,0.20382047
43944,PVM,0.06481445,-0.2717858
251724,L6 IT,0.047576427,-0.20637217
272632,Oligo,-0.11991826,0.13817036
44014,L6 CT,0.0136861205,-0.040599555
183755,L6 IT,-0.19132644,-0.17174709
43740,Astro,0.08917713,0.056542516
44042,L2/3 IT,-0.06734246,0.27722323
43732,L6 IT,-0.33505324,-0.00548476
43649,Astro,-0.33585775,-0.006281346
272757,L4/5 IT,0.36448568,-0.15053612
272751,L6 CT,0.001491487,-0.19584575
166315,L6 IT,0.0051510334,-0.14537215
166283,Oligo,-0.014331549,-0.2738216
43282,Oligo,0.09025091,-0.09474918
43323,Micro,0.3475753,0.1331557
43445,L6 CT,-0.2903849,-0.08469647
43482,Peri,0.3882478,-0.08135587
43486,Pvalb,-0.028923273,0.18482625
166131,Astro,0.22061294,0.31261307
43504,L2/3 IT,0.35582244,-0.09972116
166087,Peri,-0.36444294,-0.02566424
241698,L6 CT,0.30451643,-0.27244896
43552,L2/3 IT,-0.39916134,0.23567826
43607,Astro,-0.30287218,0.03976065
43690,L6 IT,0.10780805,-0.16308197
183534,Micro,-0.23830956,0.22957575
165630,L2/3 IT,0.21935439,0.207344
44076,Pvalb,0.17210627,-0.1471341
165375,SMC,-0.39217502,0.26443416
165343,L4/5 IT,-0.2786131,0.25119346
251787,L5 IT,-0.035550147,0.14985132
44628,L4/5 IT,-0.33416718,0.14548194
44664,Astro,-0.25091565,0.25583386
44679,L2/3 IT,-0.36953428,0.31119555
44726,L5 IT,0.3451957,-0.25708422
44748,L6 CT,0.07344484,-0.16793719
165302,L4/5 IT,-0.10593158,0.26595324
272528,OPC,0.1325413,0.16941977
241795,Endo,-0.16773489,0.035457373
223676,L4/5 IT,-0.28442615,0.323649
44916,L2/3 IT,0.22495323,0.11976218
44934,L6 CT,0.05332315,-0.12909937
223662,Peri,-0.053688556,-0.12689143
165386,L4/5 IT,-0.014816076,0.22923207
165607,Sst,0.33218843,-0.1308755
44388,L2/3 IT,0.20235783,0.24480361
223854,Pvalb,-0.05420962,0.22164798
44100,L5/6 NP,0.28650105,-0.23973584
44101,L5 IT,-0.21942404,0.083850145
223886,L6 CT,-0.18978077,-0.03246376
165535,L2/3 IT,0.08242512,0.3427217
44185,L5 IT,-0.31568983,0.027889848
241743,L2/3 IT,0.47929394,-0.10315618
251739,Oligo,0.00973922,-0.2840774
241744,L2/3 IT,-0.32924226,0.35131663
272596,SMC,-0.36091745,0.33968788
183821,Lamp5,-0.13396657,0.42309117
183836,Pvalb,-0.20305851,0.23832452
165413,Endo,0.17511958,0.26126987
44276,L4/5 IT,-0.22487524,0.26549178
44295,VLMC,0.19150221,0.34199703
44308,L4/5 IT,0.34633726,-0.08466327
272578,L4/5 IT,0.3447709,-0.16285309
224956,VLMC,-0.4633577,0.2443726
272770,L4/5 IT,-0.32516506,0.22634685
166436,L6 IT,-0.17319936,-0.17077789
272986,VLMC,0.0648278,0.4003651
42014,L4/5 IT,-0.0026198924,0.20912123
42029,VLMC,0.22240144,0.29337913
248618,L5 IT,-0.2824085,0.09630126
272974,Lamp5,0.12801504,-0.35991895
167192,Endo,0.14681637,0.17085803
167180,L4/5 IT,-0.15978742,0.22162026
224664,L2/3 IT,0.21867311,0.21107697
42126,Endo,0.40906626,-0.19083789
251436,L2/3 IT,0.11228955,0.2371878
42154,Micro,-0.30265686,0.06862867
42199,Endo,0.32718587,0.017507136
167166,L2/3 IT,-0.1984151,0.4197253
183279,OPC,0.12879533,0.32480645
167119,Astro,0.13100988,-0.40818903
41937,Astro,-0.113251895,0.1395182
224567,L6 CT,-0.118731976,-0.044558942
183263,L5 ET,-0.01608783,0.14012152
273010,VLMC,0.15558791,0.3882196
167689,Pvalb,-0.11351779,-0.14384094
41584,VLMC,0.12599665,0.38552713
167660,Endo,0.049530506,0.1963436
41603,L6 CT,-0.11514473,0.011228085
183147,Oligo,0.10062343,-0.40637267
167519,L2/3 IT,0.0067150593,0.29726577
167495,Astro,0.25816256,0.2604568
41674,L4/5 IT,0.10708505,0.18689549
251375,L2/3 IT,-0.34924793,0.32608312
167446,Oligo,0.03974861,-0.3574493
273036,L2/3 IT,-0.12495935,0.39319545
183207,L6 IT,0.20159882,-0.22962788
41775,L2/3 IT,-0.3137471,0.3717633
224834,Pvalb,-0.34974164,0.25188082
167373,L5 IT,0.04692775,0.0961082
167236,L2/3 IT,0.37150478,-0.065930724
166358,Oligo,-0.058713287,-0.21316549
272932,L5 IT,-0.12628236,0.10376245
224534,L2/3 IT,0.410962,-0.13765812
224377,Endo,-0.35848218,0.13726771
166633,L5 IT,0.1405561,0.11888206
224374,OPC,0.14556599,0.3225519
183459,Micro,0.18044275,-0.038820207
166569,L6 CT,0.119617105,-0.17718089
224364,Peri,-0.27651227,-0.08854836
42898,L6 IT,-0.11058015,0.043759167
251533,L5 IT,0.34358042,-0.2458098
253971,Pvalb,0.34739655,-0.15124258
166461,L2/3 IT,0.16024202,0.20075214
272806,Oligo,0.027710259,0.16279513
272797,L6 CT,0.19003391,-0.3525061
43008,L6 CT,0.07837832,-0.25400415
43016,Endo,0.16041446,0.18267095
166451,OPC,0.14881724,0.34236944
241649,L4/5 IT,0.40086418,-0.11666271
167069,Oligo,0.059550166,-0.052109897
166665,L5 IT,0.34162056,-0.23045024
42801,Oligo,0.008367002,-0.26959825
42419,L4/5 IT,-0.25148106,0.25571656
42424,Peri,0.010422766,-0.25232673
167066,L2/3 IT,0.07351643,0.22506887
248600,Endo,0.2575705,-0.2775869
167049,L4/5 IT,-0.2045044,0.1898207
241626,PVM,-0.41669735,0.123358846
167008,Micro,-0.21083632,0.14403999
42591,L5 IT,-0.07768074,0.06376827
251452,Peri,-0.088872015,-0.021028936
42635,L2/3 IT,0.22190607,0.19210726
42645,L5 IT,0.023531437,0.11231637
166975,Endo,0.42588907,0.006230235
166961,L2/3 IT,0.1300208,0.24197471
42698,L4/5 IT,-0.37426367,0.07719129
224417,Endo,-0.1903125,0.23967671
251496,Astro,-0.44273904,0.1405676
226063,Astro,-0.43433374,0.0985021
251056,Oligo,-0.10681543,0.1870758
251044,Sst,0.31198025,-0.10790843
171822,Endo,-0.16948882,0.35094422
171813,Sst,0.035247147,0.1534198
274593,Oligo,0.1288172,-0.42645517
33020,Oligo,0.122752726,0.14525634
33030,L4/5 IT,-0.419269,0.15372175
33053,Pvalb,-0.35104027,0.23498857
33072,Pvalb,-0.17802057,0.17631769
227873,VLMC,0.14243042,0.3621496
33103,Endo,0.09656519,-0.19731733
33155,Astro,0.108925045,-0.35282776
227846,SMC,0.15285611,0.2953353
33182,L5 ET,-0.26933193,-0.06822917
33184,OPC,0.264818,0.2441433
33196,L6 CT,-0.044658333,-0.06840959
33202,L4/5 IT,0.06925446,0.23583573
241115,L5 IT,-0.37684542,0.07045686
171791,Micro,-0.029113978,-0.1373226
32952,Astro,-0.22981316,0.4573657
32915,L5 IT,0.05251974,0.1187647
241075,L6 CT,0.24764377,-0.3250808
32590,VLMC,0.08485198,0.41875678
228043,SMC,-0.014345974,0.2637545
32640,Pvalb,-0.181402,0.2405861
32655,Endo,-0.42254066,0.18830872
32658,L6 CT,0.2807173,-0.27123886
274625,L2/3 IT,0.38965684,-0.10641223
32768,Oligo,0.11612558,-0.15615734
227979,OPC,0.15117407,-0.108314544
32800,L6 CT,0.021572292,-0.10721663
32804,Oligo,0.39416265,-0.14419562
32805,L4/5 IT,0.23647666,-0.016923249
32839,L5 IT,-0.11145997,0.1577459
32841,Astro,0.30537176,-0.16771829
227941,Astro,0.2278558,0.26805657
171862,L2/3 IT,0.11019564,0.20230573
274648,L2/3 IT,0.36083955,-0.03626308
171762,L4/5 IT,0.30283105,-0.06536546
33372,L4/5 IT,-0.38752347,0.10112637
33870,Oligo,-0.041055053,0.17453825
33881,Oligo,0.031598866,-0.29658455
33893,L6 CT,-0.14078417,-0.05769247
33933,Micro,-0.21272185,-0.110943794
171328,Astro,-0.26424313,0.29819256
227613,L5/6 NP,0.2440319,-0.15023348
227605,Micro,0.055348873,-0.20262274
274398,L6 CT,-0.011411339,-0.09027615
250700,Micro,0.14505202,-0.17605445
274396,L4/5 IT,-0.1434888,0.27281588
171218,L2/3 IT,0.2234121,0.20843709
34135,OPC,-0.43304142,0.1087594
181859,L2/3 IT,0.0876838,0.3540107
171178,L4/5 IT,-0.3182057,0.2045883
171175,L5 ET,0.16363221,-0.03348118
274438,Astro,-0.004095733,-0.2591687
33297,L4/5 IT,-0.36527035,0.2404849
171417,SMC,0.2634911,0.13793397
33758,Endo,-0.28724194,0.26569992
171747,L6 CT,0.1714164,-0.37159532
171575,Peri,0.37679088,-0.019121706
181782,L5 IT,0.21432161,-0.004764676
33420,Endo,0.33925676,-0.14724031
181785,L2/3 IT,0.06963992,0.24691015
33503,OPC,0.2458651,0.22927988
171477,L6 CT,-0.12797385,-0.018086046
227752,Astro,0.29618818,0.17326683
33606,L4/5 IT,0.012325466,0.2477879
227745,Vip,-0.49379995,0.120046735
33657,Endo,0.08082408,0.27967203
227730,Oligo,0.16700488,-0.39372295
241161,Pvalb,-0.22877797,0.21659899
171421,Pvalb,-0.2705743,-0.117058575
227715,L6 IT,-0.12575087,-0.104673326
33760,Pvalb,-0.24751654,0.27256
34221,L6 CT,0.039738834,-0.2782787
32530,L6 CT,0.009251833,-0.063872844
181563,Oligo,0.055816233,-0.29884747
240987,Astro,0.23488718,0.155967
274859,L6 IT,-0.24605417,-0.17526054
31161,Peri,0.27812785,-0.039912492
31163,Peri,-0.04783818,-0.25318474
274850,Endo,0.0934273,0.18864638
228507,L2/3 IT,0.18886441,0.24599218
172425,Astro,-0.47317535,0.10033953
172402,Oligo,0.07584548,0.08872205
31466,Oligo,-0.1209507,-0.18067646
274802,Oligo,0.053306997,0.16531628
31488,VLMC,0.15764618,0.3757097
31527,L2/3 IT,0.4206766,-0.18528438
31565,Micro,-0.35317308,0.09061748
181449,L6 IT Car3,-0.21561414,-0.13869041
31630,Micro,-0.43232524,0.24743778
172431,L6b,0.10143423,-0.39618555
181451,L2/3 IT,0.0102161765,0.27732033
31086,L6 IT Car3,-0.26842946,0.0087941885
228573,Astro,0.21327531,-0.22182104
30598,L6 IT,-0.09660104,-0.06389603
30617,L6 CT,0.14433712,-0.19779494
172861,L6 IT,-0.21696162,-0.1443556
172827,L5 ET,-0.048579365,0.010599077
181329,L5 IT,-0.07805151,0.14188802
172725,Oligo,0.12907171,-0.4291201
30846,L5 IT,-0.027585357,0.10576284
30848,L2/3 IT,0.30040735,-0.013012946
172690,Oligo,0.21660912,-0.10977453
172535,L6 IT,-0.14908487,0.07900697
228601,L4/5 IT,-0.31093693,0.2636761
172511,VLMC,0.14011079,0.37158024
30996,Vip,-0.26836258,0.20915699
30999,Endo,0.09144813,0.039454997
228577,L5 ET,0.3349707,-0.28569123
172495,L6 CT,-0.18174568,-0.022506565
172057,L6 IT,0.037250817,-0.177614
31688,Endo,0.032054603,0.4055186
31707,L6b,-0.26953763,-0.107928455
32166,L2/3 IT,-0.47499,0.14772898
228211,L6 CT,0.2532434,-0.25104302
32205,L2/3 IT,0.067328274,0.2977366
228202,Sst,-0.22532806,-0.16048071
172316,L6 CT,-0.12771353,-0.08665067
228191,L6 IT,0.1135087,-0.21171296
32252,Micro,0.120033026,0.15193444
172279,Astro,-0.38393188,-0.020025104
32258,L5 IT,0.24811018,-0.08219126
32319,L6 CT,0.0052728057,-0.07819623
172264,L2/3 IT,-0.4170797,0.1679638
172235,L6 IT,-0.1782611,-0.12169626
228152,Vip,-0.090915054,-0.06977731
228134,Astro,-0.36683857,0.09829289
172177,L5/6 NP,0.19109893,-0.05628231
32071,L6 CT,0.006808698,-0.08020753
172387,Peri,0.4206077,-0.055154204
32062,VLMC,0.2792294,0.23578387
31940,Astro,0.1914323,0.24541086
250496,SMC,-0.28171897,0.4042384
31723,Endo,0.04395777,-0.12567976
31756,L2/3 IT,0.08358699,0.3224774
228353,L6 CT,-0.18385136,-0.07877657
31775,L5 IT,-0.26567632,0.09826124
31798,L2/3 IT,-0.41965765,0.184605
31823,Lamp5,0.42298043,-0.10575539
31832,Endo,0.024835944,0.42027128
31856,PVM,-0.30642456,0.46161693
31908,Micro,0.21821272,-0.33470094
228325,L6 IT,0.18958569,-0.115627974
181461,OPC,-0.15681675,0.3470459
31928,OPC,0.18682313,0.2427072
31929,L5 IT,-0.11214653,0.13236654
31932,L4/5 IT,-0.097964704,0.22743887
228292,L6 IT Car3,-0.2927158,-0.1282227
34277,L2/3 IT,-0.4734894,0.1433354
248870,L2/3 IT,0.23291916,0.13897264
34290,Astro,0.20918936,-0.42214587
273865,Pvalb,-0.27270126,0.22866553
36882,L2/3 IT,-0.041047364,0.33883315
170114,L6 CT,0.14590752,-0.10549548
36919,Oligo,0.062173426,-0.2788751
226453,L6 IT,0.12489301,-0.14587349
248797,OPC,0.16479242,-0.33289844
36964,PVM,0.20780987,-0.15342522
36988,Oligo,0.06584793,-0.21838808
248796,L2/3 IT,0.12756222,0.2858904
226408,Vip,0.12239909,0.34281892
250956,Endo,0.057992876,-0.20885646
226379,L6 CT,-0.014388204,-0.19109845
37108,L5 IT,0.1629355,-0.0687443
226349,L4/5 IT,0.36935288,-0.15707862
250969,L4/5 IT,0.0500744,0.17327899
36825,L5 ET,-0.07413939,0.1520195
37122,L5 ET,-0.1511178,0.15185523
226528,L6 CT,-0.096247375,-0.081783354
170159,Endo,-0.33242148,0.29630208
250902,L4/5 IT,-0.42665824,0.12197381
36313,L2/3 IT,-0.41457808,0.16011906
170248,Endo,0.0466488,0.17774487
226653,Astro,-0.16948134,0.21601951
36401,L4/5 IT,0.011580765,0.22504056
36403,OPC,-0.26913083,0.21636438
170186,Endo,-0.08507103,0.19068396
36446,L5 IT,0.30344075,-0.17665625
36476,Pvalb,-0.034504503,-0.041858077
226581,Sst,-0.28220043,0.2706892
36598,L2/3 IT,0.22261548,0.12940222
226576,L6 CT,0.10775095,-0.25444987
170166,L6b,0.10989082,-0.32360843
226564,L5 IT,-0.42191136,0.06803435
36702,Oligo,0.122329,-0.38613385
36713,L2/3 IT,0.08826858,0.3334695
36246,L5 IT,0.043557703,0.03220594
273816,L5 ET,0.02623707,-0.0074394047
226336,L2/3 IT,0.12258816,0.24606413
169618,OPC,0.060880423,0.28567725
37618,Astro,-0.16720325,0.058069944
182491,PVM,0.081254065,0.37399328
37732,Endo,-0.04379776,-0.049245715
37739,VLMC,0.08602768,0.42644703
226117,Peri,-0.34863323,-0.017106324
169600,L5 ET,-0.08197284,0.16183937
182522,PVM,0.01813674,0.21331787
182523,Oligo,0.10238218,-0.4115014
169563,L4/5 IT,0.38789493,-0.1822725
37879,L2/3 IT,0.11295426,0.30787307
251034,Oligo,0.17401904,-0.24848574
226081,Lamp5,-0.25657755,0.39119864
169469,L4/5 IT,0.065828145,0.13731617
226077,L6 CT,0.122415304,-0.21419004
37605,L6 IT,0.23531783,-0.30862582
37126,Pvalb,0.25076103,-0.14927578
37603,Astro,-0.2682981,0.3685552
182484,L5 IT,-0.09789544,0.0877043
182392,L4/5 IT,-0.3489774,0.20521432
37182,L6 CT,0.024599135,-0.17102993
182419,L4/5 IT,-0.38692588,0.08622736
241377,OPC,-0.1822482,0.34878993
182434,Endo,-0.015308887,-0.15367159
37307,L2/3 IT,0.2059843,0.26916623
37416,VLMC,0.34258187,0.17885023
273735,L6 CT,0.14415187,-0.21781668
273734,Micro,0.07835734,0.29326242
37512,Endo,0.08635956,0.34287554
169701,L5 IT,0.26349723,-0.11764851
226168,L4/5 IT,-0.4680687,0.11055243
37550,L6 IT Car3,-0.20621979,-0.1412136
226165,L2/3 IT,0.3305984,0.0869118
37583,L6 CT,-0.23418254,-0.14250806
182485,Oligo,0.02378285,-0.2946095
36230,L4/5 IT,-0.39828914,0.14103174
241326,SMC,-0.23212323,0.4588076
36184,L6 CT,0.17815304,-0.36651224
227348,L5/6 NP,0.32309854,-0.17791289
170961,L4/5 IT,0.051129103,0.21315277
227318,L4/5 IT,0.040534854,0.16499627
170954,L2/3 IT,-0.3511677,0.3329469
34764,L6 IT,0.11922759,-0.20851353
250768,L2/3 IT,-0.028994173,0.30380684
34850,Endo,0.24520576,0.09676701
170935,L5 IT,0.351893,-0.2571715
34880,L4/5 IT,-0.37746227,0.21327579
227203,Endo,-0.26346204,-0.097295105
181952,L4/5 IT,-0.3036801,0.23472679
34982,L2/3 IT,0.25278908,0.06369531
274251,L2/3 IT,0.40540397,-0.04638478
274245,Peri,0.12199408,-0.11476436
181971,L5 IT,0.11943382,0.07095605
34567,L2/3 IT,-0.107875615,0.32058853
170778,L2/3 IT,0.10592377,0.26682246
227381,Pvalb,-0.16898036,-0.13748485
34533,L2/3 IT,0.45132518,-0.08676675
227466,Astro,0.035139143,0.23467433
250737,L2/3 IT,0.06503445,0.31410915
34360,Peri,0.09877288,0.29392457
171125,L2/3 IT,0.39453983,-0.12858662
227452,L6 CT,0.10280836,-0.16850778
181893,Micro,0.36063123,0.120162785
181908,L6b,0.028230071,-0.2654788
34404,L6 CT,-0.13041422,-0.004390478
274322,L2/3 IT,0.2590022,0.18527281
227416,L5 IT,-0.3903913,0.028569043
181924,Pvalb,-0.24738157,0.14172977
34478,Pvalb,-0.26222086,0.1717704
34508,Endo,0.31315786,-0.09549409
170981,L4/5 IT,-0.33727866,0.24643087
34531,L2/3 IT,0.10575938,0.28737712
34551,L2/3 IT,0.42747986,-0.088820845
35250,Micro,0.1252389,0.22977966
35357,PVM,-0.35998207,0.1880129
35364,Oligo,-0.12427381,-0.035981536
35797,L5 ET,-0.022094965,0.103518665
35901,Lamp5,-0.18643093,-0.040014654
35905,Oligo,0.028077126,-0.005140424
35947,L6 CT,0.031597555,-0.10702062
35950,L4/5 IT,-0.38884425,0.20843679
35962,PVM,0.17698717,0.1198836
35993,L6 IT,0.013550341,0.05081302
170436,Endo,-0.22203812,0.21220833
36033,L4/5 IT,-0.12593362,0.33201003
170350,Oligo,0.038769245,-0.34225982
182219,L5 IT,0.31388223,-0.28108978
36114,Endo,0.118236005,-0.38421217
36137,L2/3 IT,-0.18383169,0.40939498
226743,L5 IT,-0.125498,0.1534096
182230,Oligo,0.050296128,0.2079463
35732,Endo,-0.14888504,0.4108454
170536,L4/5 IT,-0.26281124,0.31004637
250819,Astro,0.21739048,0.067317605
35718,Endo,0.22254539,-0.15637505
274170,Oligo,-0.016475618,-0.26591435
170729,L5 ET,0.18034106,-0.008662134
35476,L5/6 NP,0.28989804,-0.32123303
227034,OPC,0.07790744,0.39087236
250808,L5 ET,0.072341025,0.073314965
35497,L6 IT,-0.043681055,-0.16892394
227022,Peri,0.19968426,-0.066129476
44972,L4/5 IT,-0.39545354,0.19968444
35531,Astro,-0.3455554,0.15287006
35563,L2/3 IT,0.27045667,0.12930292
170620,L2/3 IT,-0.058849156,0.29981142
226976,Endo,-0.082963526,0.35308236
250810,L2/3 IT,0.23707038,0.13845617
35672,L2/3 IT,0.34565115,-0.06767446
226906,L5 IT,-0.37721604,0.09375644
35713,L6 IT,-0.17188475,-0.13315868
35532,Astro,-0.07898036,0.0024812818
68007,L6 CT,-0.24647221,-0.064979166
70644,L4/5 IT,-0.2331585,0.24963492
68018,Sst,-0.2867839,0.24376583
105553,Astro,0.4076047,-0.01018998
246654,Astro,-0.16047734,0.19273984
194105,VLMC,0.40249908,0.12144506
134762,SMC,0.13620532,0.35859925
105622,L4/5 IT,0.26784033,-0.089178205
105646,Astro,-0.1629613,0.34721482
105540,L2/3 IT,0.32140213,0.113823056
194118,L5 IT,0.013213277,0.10326153
134715,Astro,0.09843373,0.05285251
105717,L5 ET,0.28240007,-0.21014863
105780,Astro,-0.41956848,0.067067325
134693,PVM,-0.14585894,0.4457993
134609,Endo,-0.27875212,0.11389816
105846,L5 IT,-0.1602262,0.15582001
105686,L6 CT,0.15906096,-0.30691212
203826,L5 IT,-0.16490081,0.1296894
262110,L6 IT,-0.07049835,-0.18500933
262113,Oligo,0.11889619,-0.41282204
204033,L5 ET,-0.008230835,0.097812295
104964,Oligo,0.07467049,-0.38556713
104976,L4/5 IT,-0.22113091,0.20654416
104987,L6 CT,-0.12744176,-0.109117985
134983,Astro,0.10899955,-0.4078593
204016,L6 IT,0.1284411,-0.2779013
105090,Oligo,0.021230102,-0.29950875
105095,L5 IT,-0.22616974,0.07286918
105155,Peri,0.13240534,0.28578168
105203,L2/3 IT,0.21726012,0.22253084
134935,L6 IT,-0.056792855,-0.1113739
203914,L2/3 IT,-0.4581915,0.14465785
245053,L4/5 IT,-0.35011157,0.30535883
134926,L4/5 IT,0.14464545,0.14832616
105344,Astro,-0.17828614,0.15014249
257022,L2/3 IT,-0.22247961,0.3451875
134586,Endo,0.22944027,-0.112362206
105888,Astro,-0.03497529,0.33241528
134563,VLMC,0.30127442,0.23306644
257061,L5 ET,0.12872118,-0.11465803
106312,Endo,0.3133769,0.0025042295
194228,L6 IT,0.02079904,-0.14394727
194231,L6 CT,0.25851732,-0.3234957
134160,Peri,0.41587657,-0.2079069
106384,L4/5 IT,-0.4626039,0.14486754
134146,Oligo,0.06622875,-0.298581
106409,L6 IT,0.30097008,-0.25709647
106418,L6 CT,-0.18516621,0.06415892
106449,Micro,0.07048708,-0.3545591
134141,Oligo,-0.013666481,-0.39597705
134072,Endo,-0.11415398,0.2825349
106715,PVM,-0.058620244,-0.24104017
106726,L6 CT,-0.2609343,-0.14106604
134068,L4/5 IT,0.36479586,-0.17654541
134339,L2/3 IT,0.35545123,-0.061499298
104956,L5 IT,-0.36507595,0.08743566
134387,L6 CT,0.14011317,-0.28009588
106187,L5 IT,0.09588307,0.02004546
105923,L2/3 IT,0.25968856,0.22758996
134519,L6 CT,0.19237155,-0.22441253
134507,Oligo,0.12613845,-0.33205795
106001,L2/3 IT,0.08927685,0.23832786
134481,L2/3 IT,0.14972728,0.2831928
106027,Pvalb,-0.26498568,0.257191
262000,Sst,0.38971525,-0.1615166
106041,L5 ET,0.32965326,-0.18478346
203650,VLMC,0.1252864,0.37502807
106118,L6 IT,-0.020593524,-0.22364235
106125,L6 IT,0.063094914,-0.10745263
106126,VLMC,0.13685662,0.35646987
134418,L6 CT,-0.07125783,0.02647096
245112,Lamp5,-0.25935125,0.35084987
203616,Astro,0.071048856,-0.15219024
134397,L2/3 IT,-0.28535718,0.2929157
135044,L6 CT,0.16156769,-0.16289946
104914,L6 CT,0.03354776,-0.056037754
104898,Oligo,0.048633218,-0.41196287
135851,L5 IT,0.34606278,-0.26000196
103693,Pvalb,-0.19553855,0.27274537
204454,L2/3 IT,0.12063336,0.21625274
103758,Peri,-0.011499733,0.14037496
262389,L4/5 IT,0.3575573,-0.16853586
103792,L6 CT,0.085006654,-0.19060645
204435,L4/5 IT,-0.09616342,0.19603378
103851,L5 ET,0.060107946,-0.043932438
193762,Endo,0.1216951,0.3466581
262379,Oligo,0.013717532,-0.22080901
262378,L2/3 IT,0.07527053,0.24232471
103878,Oligo,0.109944046,-0.41354847
103882,L4/5 IT,0.17374939,0.05488062
135818,L2/3 IT,0.16201872,0.21415752
103919,Astro,0.3659169,0.071915984
103621,L6 CT,0.038169563,-0.2160089
103926,L6 IT,0.14491218,-0.13181308
204492,L5 ET,0.03967333,-0.08229941
103525,OPC,-0.20507824,0.13854939
103222,L5 IT,-0.2937327,0.16603822
193606,L4/5 IT,-0.10255858,0.281555
103237,L2/3 IT,0.04689771,0.30463707
136163,L6 CT,0.078933716,-0.13336027
103272,L4/5 IT,0.07605302,0.1415869
204613,Astro,0.18500328,-0.1583376
262473,Astro,-0.02262476,0.32861584
256755,L6 IT,0.033800483,-0.19222829
262470,L6 IT,0.06340873,-0.18074703
244918,Oligo,0.072665274,-0.3334387
204585,L5 IT,-0.16783172,0.10352135
103393,Peri,-0.26997048,-0.041024208
103435,Lamp5,0.20490217,0.29065174
103437,L2/3 IT,0.05865878,0.24142158
193698,Endo,-0.35114348,0.35614663
193726,L6 CT,-0.04946375,-0.07154325
106774,Pvalb,-0.23823473,0.27424216
135813,Endo,0.08983755,-0.12550554
262355,L6 CT,-0.007144451,-0.10799718
104533,SMC,-0.14767644,0.1349898
104545,L4/5 IT,-0.45174167,0.11171329
104559,Astro,0.43438524,-0.08969906
262259,L5 IT,-0.06604767,0.06814283
135385,SMC,0.08420074,-0.097572654
135354,L5 IT,0.030326784,0.14311492
135309,L6b,0.043260932,-0.2746545
246683,Oligo,-0.2678256,0.25123358
104716,L4/5 IT,-0.43331984,0.12052429
135218,Astro,0.09859854,0.40995747
135199,OPC,0.21324795,0.28745806
135114,Peri,-0.24650416,0.24391365
204063,L6 IT,-0.003218323,-0.059544653
135070,Endo,0.2880124,0.13316154
104851,Astro,0.33784634,-0.120281875
256881,Oligo,0.15594548,-0.1355269
204388,OPC,0.07612836,0.19942343
135477,L2/3 IT,0.22378498,0.19534427
104413,L6 IT,0.22680265,-0.26716137
256809,Micro,0.24314839,-0.29166138
104112,L5 ET,0.15255165,-0.13242784
135762,L2/3 IT,0.3903851,-0.052011997
262336,Lamp5,0.11903739,0.3674906
104193,PVM,0.1741333,0.3328125
135694,L5 ET,-0.3512724,0.021110594
104211,Vip,-0.3805625,0.30750215
104220,L2/3 IT,-0.018787622,0.3214965
135614,L4/5 IT,0.017519414,0.25100136
104301,L4/5 IT,-0.17307615,0.19208771
104306,L5 IT,0.017659843,0.08459276
193846,Oligo,-0.093773276,-0.124569654
104346,L4/5 IT,0.36601388,-0.175179
104376,L2/3 IT,-0.19358289,0.42044753
204244,Oligo,0.19564652,-0.28890187
193879,Endo,0.051021338,-0.23262453
103217,L4/5 IT,-0.37968504,0.19594365
261871,Astro,0.08907604,-0.25832188
106813,Peri,0.34878314,0.018786669
245268,L5 IT,0.13496959,0.027161539
202579,OPC,0.17560613,-0.4521202
261454,Oligo,0.11206794,-0.42153916
109389,L5/6 NP,0.067490876,-0.042259127
257322,Oligo,-0.05211985,0.29960674
109420,L5 IT,0.15171361,-0.072078854
109328,L6 CT,0.24958378,-0.29037458
109435,VLMC,0.027091086,0.44848955
132606,Astro,0.40176326,-0.09327787
202549,L5/6 NP,0.026015103,-0.035151124
132430,L6 IT,-0.1584034,-0.13830912
132406,L2/3 IT,-0.07898736,0.39788443
109552,VLMC,0.31298882,0.21058798
245292,L2/3 IT,0.3146016,0.06834352
202552,VLMC,0.19561058,0.3200823
109309,L5 ET,-0.13420838,0.07494384
261479,L4/5 IT,0.34512705,-0.11396909
109250,L6 IT,0.0057991743,-0.052011073
257297,L2/3 IT,0.4186797,-0.13490611
202760,L2/3 IT,-0.15877163,0.31522954
261544,L4/5 IT,0.24938601,-0.025827318
202743,L4/5 IT,0.29005718,-0.032286525
202740,Micro,-0.21541926,-0.058181882
108940,Oligo,0.104097724,-0.4023735
108997,L4/5 IT,-0.024820417,0.23015064
132695,Astro,0.29324758,-0.12680227
202693,L5 IT,-0.3315159,0.07666087
109081,L4/5 IT,0.36450636,-0.12904164
109085,L4/5 IT,-0.33503425,0.29411125
202635,L6 CT,-0.1622091,-0.18428034
109205,L4/5 IT,-0.14243376,0.2792607
109220,L5 IT,0.17392945,-0.026832193
132624,Pvalb,0.2125597,0.22052503
202512,Astro,-0.15014356,0.18405646
202506,OPC,-0.2947904,0.31893003
202477,L4/5 IT,-0.421792,0.17055279
132257,L2/3 IT,0.08184087,0.32315046
110104,L2/3 IT,0.183038,0.26507032
110120,Oligo,0.2464456,-0.20378089
110131,Endo,-0.092238784,-0.08023873
202304,Endo,-0.2091878,0.36580294
110206,L4/5 IT,0.29634106,-0.035843253
131862,L2/3 IT,-0.2318779,0.30544943
195106,Endo,-0.0504359,0.35034132
110281,Astro,-0.05801025,0.16091871
195126,Lamp5,0.1308763,0.23984563
195147,L6 CT,0.10624701,-0.14978129
261280,Astro,0.20064569,-0.070652574
110416,VLMC,0.2048294,0.326514
257487,L5/6 NP,0.27464318,-0.13608027
110444,L2/3 IT,0.18901646,0.2432338
257491,L6 IT,-0.06061721,-0.10732716
110066,L2/3 IT,0.13000917,0.28874892
261549,L6 CT,-0.10767338,-0.02745393
261355,L2/3 IT,0.29559004,0.09942424
110011,SMC,0.47370934,-0.14773935
194945,L5 IT,0.049884737,0.08205259
132078,L6 IT,-0.18527076,-0.08607456
109718,Oligo,-0.008432418,-0.23677137
202426,Sst,-0.25608885,0.15155226
109770,PVM,0.20842105,0.2900071
109772,L4/5 IT,-0.00063303113,0.2225951
132046,Astro,0.19809693,0.12562776
257400,L6 IT,-0.030231804,-0.15629289
109837,L5 IT,0.24196213,-0.10894132
202407,Micro,-0.21057379,0.12409079
261380,Oligo,0.22109622,-0.24249464
194983,OPC,-0.2033929,0.40584928
194985,OPC,-0.29757932,0.2865615
261365,Oligo,0.35468358,0.13303608
195007,Pvalb,0.034096718,-0.0839954
131879,L6b,0.12174058,-0.34548795
202773,L6 CT,0.17480427,-0.35523567
108754,L5 IT,0.30780536,-0.2671083
257289,Peri,-0.1985097,0.28521734
257165,Astro,-0.16122466,-0.18671963
194444,L6 IT,0.13658798,-0.093898445
133612,L6 CT,-0.023254395,-0.15438592
107292,Oligo,0.15587443,-0.17250463
194475,L6 CT,-0.23272592,-0.028585494
203291,Pvalb,-0.24552569,0.025521457
133485,L4/5 IT,-0.16891593,0.2799707
107372,Pvalb,-0.19239739,0.19681466
261781,L6 CT,-0.064766645,-0.03388959
107436,OPC,0.12167674,-0.121242315
203232,L2/3 IT,0.37046862,-0.05067593
203208,L6 IT,-0.039574146,-0.17677793
203189,L5 IT,-0.19664338,0.16197324
194521,Astro,-0.2001856,-0.19347745
194532,Astro,-0.16574472,0.34960818
203344,Endo,0.25726116,-0.16583744
133446,L5/6 NP,-0.049061716,0.017284632
107193,L2/3 IT,0.32583487,0.051716805
133679,Endo,0.021716714,-0.040679455
106864,Peri,-0.0022642314,0.2172423
203422,L2/3 IT,-0.478222,0.099362254
106942,L5 ET,0.24129325,-0.09317693
194322,L2/3 IT,-0.27296698,0.31511933
106993,L5 IT,-0.19882041,0.0960291
194335,L6 IT Car3,-0.08716646,-0.15831572
133790,L2/3 IT,-0.36334085,0.2766571
133771,Endo,0.27463794,-0.09476745
194398,L2/3 IT,0.42526388,-0.14434975
107044,L2/3 IT,0.23801649,0.18631333
107089,Micro,0.14996785,-0.42391276
107110,L5 ET,0.21202254,-0.099877
107129,SMC,-0.06405842,0.46689957
257163,L2/3 IT,0.32221043,0.002059102
203352,L6 CT,0.18468404,-0.18769017
133658,Endo,-0.09973776,0.2967537
203426,L4/5 IT,-0.3138922,0.163436
133420,L6 IT,0.09021479,-0.20692179
107662,L4/5 IT,-0.21951601,0.28726852
108391,Oligo,0.04266566,-0.3442036
108404,L6 CT,0.07771587,-0.22892421
202872,L4/5 IT,-0.20467576,0.32729024
132925,Oligo,0.18974835,-0.08689749
108458,Astro,0.14520907,0.36385232
108460,Oligo,0.13656402,-0.24377692
245225,L2/3 IT,-0.08024162,0.3894704
194688,L5/6 NP,0.26865953,-0.32941818
108486,L6 IT,0.09934807,-0.23084638
132883,L5 ET,0.17022824,-0.02536124
108529,Micro,-0.07055533,-0.12569153
132875,L2/3 IT,-0.11791429,0.40207124
245238,L4/5 IT,0.094985366,0.17584449
108688,Lamp5,0.16218811,0.32037127
108698,L6 IT,0.16701633,-0.23135826
108353,Astro,0.19280535,0.1966793
133413,L4/5 IT,0.3509164,-0.16607165
132936,Oligo,0.16538703,-0.31912
108279,Endo,0.22484553,0.24539196
133387,L2/3 IT,0.4178505,-0.106083155
107762,L6 IT,-0.12405622,0.047935545
257212,Oligo,0.15150017,-0.41808668
133312,Lamp5,-0.4929699,0.19370794
133311,L4/5 IT,-0.25184092,0.24036753
194578,L5 IT,0.016431987,0.089915276
107947,L2/3 IT,0.33358133,0.08327317
245203,L5 IT,-0.3840126,0.08406699
133203,Oligo,-0.14404845,0.0531919
194618,L6 CT,0.19859618,-0.29876038
261659,Endo,-0.0015234351,0.1795314
133065,L5 ET,0.15975034,-0.043472856
108204,Lamp5,-0.18686259,0.47839278
108211,L4/5 IT,-0.41676515,0.13119245
108238,L6 CT,-0.1899578,-0.02238375
108315,L6 IT,0.11172444,-0.047364324
256714,Lamp5,0.22638375,-0.34912145
103196,Astro,0.13984448,0.288377
103184,L2/3 IT,-0.44932216,0.18405432
98753,L6 CT,-0.15878722,-0.13315207
98758,L2/3 IT,0.28366208,0.1529628
138863,L2/3 IT,0.17216527,0.13816333
98815,L4/5 IT,-0.38999832,0.2042672
246908,Peri,0.14130324,-0.27488372
98861,L5 IT,-0.06190598,-0.007174641
98750,Endo,-0.28668433,0.098403215
192740,Pvalb,-0.23424816,0.24451685
138759,L5 IT,0.08866811,0.066401005
98882,L4/5 IT,-0.1495505,0.26127595
205882,L2/3 IT,-0.056165546,0.32264107
98924,Pvalb,-0.06939006,0.2921211
98926,L5 IT,0.27115536,-0.18077639
138758,L6 IT,-0.13733113,0.017130554
98878,Astro,-0.26100844,0.21072006
138886,L4/5 IT,-0.3732012,0.14059293
205991,L5 IT,0.32378274,-0.22350758
138909,L2/3 IT,0.042178452,0.32549965
206126,L2/3 IT,0.13519585,0.32690513
98266,Astro,-0.08268666,0.45920372
138953,Peri,0.0032411814,0.37893587
98342,L4/5 IT,-0.32495815,0.19815367
98436,L6 IT,-0.20642549,0.06699884
206060,L6 CT,-0.17422774,-0.103818625
98462,Peri,-0.3591627,0.1621052
256410,L5 IT,-0.026077956,0.122205734
98495,Sst,-0.33448613,0.09608263
206039,L4/5 IT,0.06533396,0.14716882
98516,L5 ET,0.19309497,-0.22410217
98546,L5 ET,-0.21832523,-0.03254783
263224,Astro,0.3923161,0.03894645
98595,Oligo,0.14420903,-0.38751733
98598,L5 ET,0.293705,-0.17401665
98973,Vip,-0.42251807,0.26655072
205837,L4/5 IT,-0.27033505,0.31711078
138736,Oligo,0.117354214,-0.14759815
99018,L2/3 IT,0.23476249,0.07868421
138652,L6 CT,0.10515803,-0.14267913
205772,Oligo,0.11851066,-0.4179078
192837,Oligo,-0.29352862,0.019721448
99361,Micro,0.20447546,-0.24901804
256444,L4/5 IT,-0.18737754,0.24840611
99393,Endo,0.04904741,0.29629648
138542,L4/5 IT,-0.3600156,0.19230348
138541,Micro,-0.2907682,0.10820347
205754,L4/5 IT,-0.38620377,0.11306006
205748,L2/3 IT,0.18374932,0.2845239
256454,Micro,0.38719034,-0.1356928
205742,L2/3 IT,-0.2739765,0.39128226
99514,Pvalb,-0.07378289,0.17298752
138507,Peri,-0.20937848,-0.06867564
99548,PVM,0.15485942,0.355492
205778,SMC,-0.07072088,0.42709553
206143,L4/5 IT,-0.43031996,0.15885812
99307,L2/3 IT,0.11877149,0.3065132
99260,L6 CT,0.1857372,-0.40912583
138708,L2/3 IT,-0.27706325,0.3858379
99058,L6 CT,0.10366511,-0.018104106
99071,Endo,0.29540128,-0.24088117
99072,L6 IT,0.10605395,-0.2084989
99084,L2/3 IT,-0.0344958,0.30755013
99096,L4/5 IT,0.2025078,0.035438478
99125,Oligo,0.21893305,-0.062319607
99130,Lamp5,0.16015583,0.3263389
138703,L4/5 IT,-0.39269003,0.084929585
99162,L6 CT,0.1908673,-0.34219703
138689,L2/3 IT,0.0893448,0.21264923
205816,L2/3 IT,0.20215493,0.2280752
138678,Astro,0.27828234,0.048267424
138673,Endo,0.10462761,0.38230336
205803,Endo,0.12708145,0.3433888
192804,L4/5 IT,-0.22253674,0.3284307
138968,L5 IT,-0.051183075,0.08394343
139017,Oligo,0.27316678,-0.2862094
206161,L2/3 IT,0.36956602,-0.117993385
97139,L2/3 IT,0.21641308,0.18925315
97154,L2/3 IT,0.07826573,0.32600343
97169,Pvalb,0.11697912,-0.31066424
233081,L5 IT,-0.03657624,0.17484683
139561,L2/3 IT,0.35252225,0.027915955
206480,L6 IT,-0.25099543,-0.14472997
206476,Vip,-0.1522372,0.08579016
192459,Astro,0.2833619,-0.20098633
139526,Pvalb,-0.23354173,0.053735197
97354,PVM,0.023277044,-0.024952173
192466,L5 ET,0.14445186,-0.07148525
97357,L2/3 IT,-0.039051384,0.28423846
97392,L4/5 IT,-0.21851215,0.23566985
139519,L6 CT,0.15953338,-0.1984151
139493,Astro,-0.02791518,0.30613256
139574,Vip,0.4200896,-0.068193495
97404,Sst,0.04336083,-0.03334564
97087,L4/5 IT,-0.37422413,0.20393372
139590,L4/5 IT,-0.23957804,0.29784632
244567,L5 ET,0.15681279,-0.018470049
96703,L2/3 IT,0.10310954,0.31637532
96757,Pvalb,-0.24569893,0.16498709
139728,L6 IT Car3,-0.26161778,-0.15761977
206663,L4/5 IT,-0.22456855,0.28850323
96835,L2/3 IT,0.37934852,-0.08860627
192393,L2/3 IT,0.09922159,0.2595353
206625,L5 ET,0.1475339,0.03835106
206613,Micro,0.24985105,-0.10163462
246947,L5 IT,-0.060841918,0.10182184
139664,Astro,-0.29891205,0.2408387
244587,VLMC,-0.050875813,0.4765361
263526,L6 IT,-0.021352202,-0.20241818
256257,L5/6 NP,-0.12297356,0.0126668215
97011,Endo,0.34321564,-0.026634723
97083,Oligo,0.12742764,-0.4405302
99555,Peri,0.31013733,-0.020207971
139423,L6 CT,0.16691369,-0.39799756
97425,L4/5 IT,0.3863616,-0.12742576
97782,L6 IT,-0.31866455,0.02492088
97790,Astro,0.03964454,-0.067769885
139118,Endo,-0.1745952,0.32411593
97835,Astro,0.30104703,-0.08476153
97836,Astro,-0.4329066,0.16944534
97851,Astro,0.13422626,-0.42068928
139111,Astro,0.13596773,-0.040600777
139103,Oligo,0.08252424,-0.40697122
97914,L5 ET,0.27045798,-0.17643806
97978,Micro,0.06329304,-0.19427794
244638,Astro,0.2721628,-0.22180596
139072,PVM,-0.18372208,0.26382208
206191,L4/5 IT,-0.19370824,0.248335
139051,L6 IT,-0.12933493,0.083749056
244642,L2/3 IT,0.37888724,-0.1078656
97772,L2/3 IT,-0.37785015,0.29170203
256326,L4/5 IT,-0.44245505,0.1356911
192597,L6 IT,-0.22650257,-0.100932
97695,L6 CT,0.23282164,-0.24177393
97454,Astro,-0.1492176,-0.1330193
97466,Endo,-0.1213958,0.33274263
139383,L6 CT,-0.22460347,-0.17654857
206399,L6 CT,0.034906983,-0.100328356
97513,Endo,0.18403572,0.34293413
139375,Peri,-0.16230372,0.2518425
139363,L4/5 IT,-0.21774805,0.28668767
139310,Astro,-0.47502047,0.075823545
97600,Lamp5,-0.14736077,-0.20150226
97623,Oligo,-0.002804339,-0.2717983
139293,SMC,-0.12945968,0.47035182
139277,L2/3 IT,0.21974665,0.1968649
256371,Pvalb,-0.20317253,-0.04574606
97664,Astro,0.4930262,-0.05135715
263379,Astro,0.20425999,0.30145693
97718,L4/5 IT,-0.13340065,0.21899796
244708,L2/3 IT,0.07969338,0.2714529
205720,L4/5 IT,-0.4392634,0.13758332
99605,L2/3 IT,-0.4306793,0.21122462
137224,Lamp5,0.11436719,0.31495094
137206,L6 CT,0.275468,-0.27043664
101820,L6 IT,-0.018273145,-0.1140084
101882,L5 IT,-0.35491493,0.004462242
244861,Lamp5,0.044586837,-0.23629779
101926,L2/3 IT,0.12907213,0.28717405
101936,L5 IT,-0.27002496,0.09727788
204986,L5 ET,-0.21285924,-0.010680765
137201,Lamp5,0.42973942,-0.059208512
193272,Astro,-0.12973303,0.14713383
102107,L5/6 NP,0.3435995,-0.24765596
102112,L5/6 NP,-0.0058983862,0.13690281
204932,L6 CT,0.22757119,-0.406226
193291,L4/5 IT,0.38809264,-0.20731351
137038,L4/5 IT,-0.45697328,0.09095812
101774,L2/3 IT,-0.14252463,0.35013604
137018,L6 IT,-0.20318955,-0.11250314
101708,L4/5 IT,0.11297554,0.1827243
101669,L5 IT,-0.18911189,0.19433248
101401,Astro,0.04263717,-0.3075869
205164,Sst,-0.1863077,0.2389878
101427,L4/5 IT,-0.17539015,0.19145739
137510,L4/5 IT,0.21283007,0.057189524
205151,Vip,-0.12224454,-0.048831046
244847,L4/5 IT,0.13804245,0.14638054
137480,L2/3 IT,0.17242134,0.17671734
262739,L2/3 IT,0.32417887,0.022561967
101542,L5 IT,0.23669016,-0.09959251
244851,L5 IT,-0.35289,0.044135213
137321,L6 CT,0.04564935,-0.03546858
101589,Peri,0.14567661,0.053581476
137269,OPC,0.10773605,-0.33682364
101600,Oligo,0.050174832,-0.23099259
101625,Oligo,0.074642956,-0.38208354
137236,Oligo,-0.19833782,-0.08152008
262785,VLMC,0.097417355,0.4169935
262632,L4/5 IT,-0.31611133,0.28785795
136992,L6 CT,-0.23363143,-0.060800105
262538,L2/3 IT,-0.15635526,0.35497814
102936,L5 ET,-0.09536779,0.067861855
136652,L2/3 IT,0.41437,-0.03740269
136591,VLMC,0.11771506,0.3891313
136571,Oligo,-0.15332618,0.19546437
204699,VLMC,-0.013955474,0.46515864
103030,Endo,-0.3849464,0.26897365
136542,L4/5 IT,-0.28973773,0.23774171
136458,L5 IT,0.3165608,-0.24991608
103105,Micro,-0.0632593,0.21219087
262505,L5 IT,0.22371137,-0.106978446
193559,SMC,-0.095069855,0.4033028
193577,L2/3 IT,-0.29325947,0.3713259
103132,L5/6 NP,0.30255556,-0.2697991
204655,L5 IT,-0.27411637,0.039699197
136661,Endo,-0.12976378,0.018721938
102278,Vip,0.34760064,-0.12857598
102881,L5 IT,0.24922305,-0.19744956
246791,L6 CT,-0.018320441,-0.02621141
102377,L2/3 IT,0.13037229,0.2470873
102431,PVM,0.29407704,0.2136457
136958,L5 IT,-0.28146574,0.09611547
136938,L4/5 IT,-0.42719924,0.15708017
136866,Oligo,0.11050224,-0.40939128
102532,L4/5 IT,-0.16593769,0.21421802
102539,Oligo,0.1407044,-0.42004168
193382,SMC,-0.35119426,0.22666895
102629,L2/3 IT,0.36510766,0.002274394
102655,L6 IT,-0.06306529,0.03164828
193402,L4/5 IT,-0.15110016,0.3173476
136800,L4/5 IT,-0.33990765,0.2595737
204769,L6 IT,-0.35834527,-0.015524089
256654,Astro,0.5,-0.11332601
256656,Lamp5,0.11477834,0.37890714
136686,L2/3 IT,0.18246156,0.22157502
202184,Oligo,0.03775233,-0.14252564
137545,L4/5 IT,0.046861053,0.18392462
137572,Sst,0.4046414,-0.12680805
100062,L4/5 IT,0.3040098,-0.05154133
263013,L5 ET,-0.3048181,0.025139153
100173,Vip,-0.47217178,0.15230584
138337,L4/5 IT,-0.38127106,0.19320422
205544,L2/3 IT,0.08000922,0.263636
138315,L5 ET,0.18171775,-0.007416576
100312,L6 CT,0.083229184,-0.18676808
100371,L4/5 IT,-0.3117113,0.31021214
138213,Peri,0.056203246,0.13854009
205440,L5 ET,-0.33594984,0.038591504
205437,Astro,0.17060763,0.034861684
100435,Astro,0.4104846,-0.06755158
100446,Peri,0.19481528,-0.2969299
100498,L5 IT,0.32432896,-0.1544607
262906,SMC,-0.001973927,0.3395403
100059,OPC,-0.20803738,0.12045771
138157,Endo,-0.35755438,0.2616521
205587,Astro,-0.12227455,0.0020463467
256458,Lamp5,-0.28074753,0.34125012
99608,L4/5 IT,-0.24407727,0.13333303
99620,Endo,0.25707,0.113990486
205715,Astro,0.11855352,-0.4150315
138480,Oligo,0.1294002,-0.41525286
263061,L2/3 IT,0.0745005,0.35219705
99733,L4/5 IT,0.041247368,0.19830745
99785,L6 IT,-0.116815746,-0.11468831
192898,L6 CT,-0.3246256,0.017654657
263049,L5 IT,-0.006045699,0.119914114
99804,L2/3 IT,0.030519426,0.2867114
99815,Vip,-0.27020037,0.39976764
205641,L5/6 NP,0.25592428,-0.27591288
192900,L4/5 IT,-0.2679596,0.25270534
99889,L2/3 IT,0.24813032,0.15720034
99953,Endo,-0.19364613,0.38873088
244749,Endo,0.12493324,0.025604844
205219,L4/5 IT,-0.24502918,0.22738022
138145,Pvalb,-0.29517835,0.3026206
100576,L2/3 IT,0.06528264,0.3249575
244807,Sst,0.14520133,-0.14890093
262859,L2/3 IT,0.42026043,-0.023983628
100941,L5 IT,-0.1587877,0.17395699
100958,L4/5 IT,0.29616994,-0.037126034
137712,Oligo,0.06207347,0.15360165
137698,L5/6 NP,0.16806555,-0.08925882
193142,Endo,-0.10069108,0.35705388
101107,Astro,-0.2530092,0.3353554
137660,Oligo,-0.12532824,0.4476778
137628,Peri,-0.2586099,0.41854125
101178,L5 IT,-0.25045705,0.1306665
262807,Astro,0.13724858,0.36211956
205236,L4/5 IT,-0.2835713,0.18688887
101220,L6 CT,0.19279271,-0.28679788
101227,L2/3 IT,0.4633233,-0.08444899
205320,Endo,-0.13532215,-0.05334106
100562,Oligo,-0.2674059,0.17930794
100827,Astro,-0.15697733,0.24982232
256533,Peri,-0.26816082,0.2647676
138125,L2/3 IT,0.34826893,-0.057115108
138103,Astro,0.12646937,-0.43159908
138089,Vip,-0.4834701,0.14439058
205400,L6b,0.09357321,-0.31348032
205393,Peri,-0.3205465,0.29376042
138010,L4/5 IT,0.23851705,-0.017598778
246853,L5 ET,0.21043855,-0.08698103
193065,L2/3 IT,0.08945793,0.23185247
100692,VLMC,-0.06216222,0.4628383
262880,Peri,0.35040212,-0.03804612
100742,Vip,0.24583298,0.14736539
137809,L5 IT,-0.04328233,0.089021206
100773,L6 IT,-0.3157093,-0.101718515
137770,L6 CT,0.17625725,-0.17014015
100781,Micro,0.18605953,0.21386278
100790,Oligo,-0.38448033,0.27207905
96554,Oligo,0.3456548,-0.12707987
110565,Endo,0.18869644,0.36679333
110592,Sst,-0.15561989,0.21372867
126914,Oligo,0.008321106,-0.33014578
119743,L5 IT,-0.0373179,0.03442681
199096,PVM,0.14904785,0.3853979
119771,Endo,0.0041828156,0.15537125
199095,Micro,0.22776544,-0.060976326
119844,L4/5 IT,-0.29129466,0.29199684
196857,L2/3 IT,-0.0034133792,0.26877904
119868,OPC,0.18068963,-0.41313925
259582,L6 IT,-0.004700184,-0.24279836
119968,L2/3 IT,-0.24135542,0.35274184
199038,Sst,-0.2717873,0.24679911
126878,L6 IT,0.17421979,-0.1304563
120069,L5 IT,0.33168977,-0.17289731
120151,L4/5 IT,-0.39062715,0.155303
119896,L5 ET,0.02718848,0.085390985
259627,Endo,0.34952623,-0.011490554
119649,L6 IT,-0.28827116,0.024002373
119648,Sst,-0.27032983,0.14396107
119282,Oligo,-0.07107285,-0.2208252
119296,Endo,0.33635217,-0.18961388
127063,L5 IT,-0.26600233,0.060877204
127039,OPC,-0.034222603,-0.04398215
199255,OPC,-0.11987054,-0.057221025
119382,OPC,-0.23908156,-0.13445911
119384,L5/6 NP,0.1700105,-0.14925542
126976,Oligo,-0.27640897,-0.03180015
119471,L6b,0.079969764,-0.2970091
126966,Astro,-0.083571196,-0.04058069
119475,Micro,-0.34391284,-0.028847665
126928,Astro,-0.19157809,0.36182296
119502,L6 IT,-0.114767194,0.0049188733
199182,L5 ET,-0.186703,0.17143983
119543,Endo,0.07642126,0.12650919
126846,Oligo,0.066755116,-0.37667632
196911,L2/3 IT,-0.40289542,0.21266514
120319,Endo,-0.24231276,0.15856874
120322,L2/3 IT,-0.120658785,0.3509729
196967,Micro,0.10310066,0.2434755
126576,Peri,-0.234941,0.38331193
126574,Pvalb,-0.07588115,-0.0742861
126544,L2/3 IT,0.033655107,0.31276238
126542,L6 IT,-0.05278346,-0.14907894
120999,L6 CT,0.11403334,-0.159201
197013,Endo,0.028818667,-0.34091777
121025,Micro,-0.16007659,0.24194735
126406,L2/3 IT,-0.12969226,0.34319454
197039,Pvalb,0.2023089,-0.33139777
126355,L2/3 IT,-0.262859,0.34475
126324,SMC,0.49914366,-0.036724806
121090,Oligo,-0.11857498,-0.2007147
198688,L2/3 IT,-0.41379184,0.28052628
197062,OPC,-0.22680685,-0.011773407
120858,L6 CT,0.05927801,-0.17119777
119281,Oligo,-0.18951029,0.31118888
120855,L2/3 IT,-0.40352422,0.25606984
198836,Sst,-0.16084093,-0.047614694
120366,L4/5 IT,0.37598807,-0.11824104
120370,Endo,-0.2680323,0.07095063
245909,L4/5 IT,-0.23167878,0.27865386
126715,Pvalb,-0.27637345,0.1778534
126696,L6 CT,0.06971753,-0.14202422
198897,L4/5 IT,-0.3362317,0.12801886
258397,OPC,-0.19217506,-0.08119878
198881,L2/3 IT,0.3101542,-0.0088605285
120563,L6 IT Car3,0.059423804,-0.301118
120576,L6 CT,-0.004650891,-0.11776641
126657,L2/3 IT,0.16427153,0.24389619
120608,VLMC,-0.037227392,0.4753719
126652,L2/3 IT,-0.124222994,0.41092753
120660,Oligo,0.077070296,-0.35677737
198841,L6 CT,-0.29496312,-0.023688793
126645,L2/3 IT,0.17041689,0.26025772
127085,L6 IT,0.24449587,-0.20342362
119188,L2/3 IT,-0.4563217,0.13403696
119187,Oligo,0.06005013,-0.20309854
118040,Micro,0.0116657615,-0.08502957
245775,L5 ET,0.26611036,-0.25440133
199670,Astro,0.28788537,0.07530779
259901,L6 IT,0.03188789,-0.037034392
118097,Astro,-0.25803947,-0.14969987
127786,L5 ET,0.2711345,-0.112776786
127692,L2/3 IT,-0.21430233,0.28317082
127647,L2/3 IT,0.12285149,0.29772347
118252,Endo,-0.38848057,0.039251447
127621,VLMC,0.35927725,0.16779363
118272,Endo,0.31177706,-0.17635086
259863,L4/5 IT,0.2554323,-0.022105753
196596,L6 IT,-0.044941068,0.02556622
199574,Peri,0.21987396,-0.2737378
118324,L2/3 IT,-0.3520282,0.3176161
199681,L6 CT,0.18149734,-0.3245291
196601,Micro,-0.082479954,-0.03436786
199695,Endo,0.19218087,-0.24846825
127969,Astro,0.12548608,0.3936438
246330,Oligo,0.09892428,-0.43086997
117601,Oligo,-0.014436454,-0.040285945
117674,L2/3 IT,0.15063459,0.26506805
128026,L5 IT,-0.067024946,0.029203832
128023,L6 IT,-0.17922702,-0.2576322
246325,L4/5 IT,-0.31137192,0.2626648
128008,L5 IT,-0.14164433,0.1504913
245754,VLMC,0.4741503,0.005480945
117798,L6 CT,0.035966933,-0.12831277
117800,L5 IT,0.16502124,0.0139244795
196428,Astro,0.33958507,0.0005720258
117831,Oligo,-0.10864058,-0.09447843
259940,L6 CT,0.19663465,-0.32392347
199740,L2/3 IT,0.14019424,0.22016388
127983,L2/3 IT,0.3051039,0.10115522
245764,L6 CT,-0.07115522,-0.024085939
198663,OPC,-0.45793208,0.1904217
118414,Micro,-0.23881724,0.08901417
118465,SMC,-0.05003321,0.17446542
127178,L6 CT,-0.0014698505,-0.10921478
196736,Endo,0.09371948,0.32612938
118936,L5 ET,-0.35896552,0.039268672
258310,L4/5 IT,-0.03268215,0.23114556
259738,Astro,0.08426672,0.40462613
196759,L5 IT,0.12647176,-0.06463927
127116,L4/5 IT,0.02077502,0.13953471
199355,L6 IT,0.28817075,-0.22822303
119084,L5 ET,0.023374379,-0.00910157
196775,L5 IT,0.24475223,-0.16910401
258314,L6 CT,-0.11922681,-0.001983583
259716,L5 ET,0.089612484,-0.070011884
127088,Astro,-0.12691134,0.23202902
199315,Endo,0.20201343,0.30732334
119164,PVM,0.24602729,-0.33350894
196712,L6 IT,-0.088956356,-0.055618435
199526,L4/5 IT,0.37013918,-0.17640442
118868,L4/5 IT,-0.33846402,0.099516094
259767,L6 CT,-0.14403749,-0.056129217
259842,L2/3 IT,0.38991088,-0.06112519
118501,Oligo,0.0603379,-0.34136203
118503,L2/3 IT,0.037319183,0.2246387
199487,Astro,0.015519083,-0.24923947
245809,L4/5 IT,-0.26108488,0.23009366
259805,SMC,-0.36974716,0.24988443
118609,L4/5 IT,-0.45539,0.13320458
127364,L6 IT,0.09662509,-0.10483888
118622,Pvalb,-0.21972606,-0.012644291
199433,OPC,0.43680286,-0.0022711456
196656,L5/6 NP,0.14109915,-0.0054087043
127284,Pvalb,-0.34232,0.17824793
259786,L5 IT,-0.25217634,0.19008511
118764,Astro,-0.38438153,0.03015238
199404,L6 CT,0.18024004,-0.27900833
246289,L6 IT,0.09233898,-0.3306498
258150,Oligo,-0.021962166,-0.31439048
121233,SMC,0.09137064,0.4003114
198644,Micro,-0.124976724,0.11251056
258627,Pvalb,-0.24941966,0.08240056
123606,Oligo,-0.19657278,-0.13810223
125221,L6 CT,0.16665328,-0.35175985
197880,Oligo,0.33353108,-0.11458805
125213,OPC,-0.24341649,0.07216889
125205,PVM,-0.3229546,0.03276354
197921,VLMC,0.36321348,0.16538942
125125,L6 CT,0.14506286,-0.2041587
123764,L2/3 IT,0.37277824,-0.0010545552
123777,Oligo,0.059057236,-0.009322882
197475,Oligo,0.13953686,-0.40026313
123874,Astro,-0.0018210113,-0.2946126
197805,L2/3 IT,0.093072295,0.3280785
123881,PVM,-0.24994239,-0.15456244
258648,Oligo,0.038063407,0.0045596957
197923,Oligo,0.28261745,-0.30185413
197933,Micro,-0.040255964,0.35207176
125326,Astro,-0.00032171607,0.23749363
123006,Pvalb,0.2877888,-0.21502262
123031,Peri,0.17086387,-0.44788596
197338,Oligo,-0.07751298,-0.2665201
123060,SMC,0.055817366,0.3429951
125458,L6 IT,-0.07864112,9.506941e-05
123092,L6 IT,-0.12377918,-0.13322893
123103,Endo,0.04976183,0.27073604
125433,L4/5 IT,-0.10605073,0.22763151
125416,L6 IT,-0.17422771,-0.13668117
123139,L4/5 IT,-0.26079828,0.22452575
125366,L6 CT,-0.08873704,-0.1148448
123220,L2/3 IT,-0.37352988,0.24106097
123223,L4/5 IT,-0.29610643,0.30769652
123329,VLMC,0.08258277,0.40350348
123368,Oligo,0.10298407,-0.37057942
123884,L2/3 IT,0.41851902,-0.04475677
123898,SMC,0.08588773,-0.1695813
258866,Vip,-0.32624105,0.28166163
123910,Oligo,0.15604305,-0.115670204
124281,Astro,0.33341408,0.09686935
124282,L4/5 IT,-0.20105508,0.2588613
124678,L6 IT,-0.29948577,0.048613787
197683,L5 ET,-0.12161863,0.0917514
197682,Oligo,0.23191667,-0.14354178
124388,Endo,0.111970246,0.3323685
124390,L6 IT,0.24579304,-0.29027224
124395,L6 CT,-0.012315661,-0.16112101
258775,L4/5 IT,0.14997649,0.07207811
258770,L2/3 IT,-0.010836154,0.32124949
197616,L5 IT,-0.03264445,0.05818677
124452,Micro,-0.4082648,0.29590303
124472,L5 IT,-0.30442166,-0.025883377
124526,L4/5 IT,-0.025083452,0.2297687
124592,Oligo,0.058319032,-0.34837842
124280,Lamp5,0.050934315,-0.20658001
122989,L2/3 IT,0.07886815,0.34538668
197686,Oligo,0.0013451576,-0.200196
124710,Endo,0.29192215,-0.15171343
197779,Peri,0.23336416,0.14618361
197504,L4/5 IT,-0.14520139,0.24847674
197762,L2/3 IT,0.031814992,0.23614341
258842,Oligo,0.15682995,-0.33992004
197512,L4/5 IT,-0.4052625,0.18772858
124100,L2/3 IT,0.2353707,0.0931074
124113,Endo,0.23537791,-0.11569938
197718,L6 CT,-0.07531044,-0.107415706
124879,L6 IT,0.056313574,-0.053662658
124134,L4/5 IT,0.062276363,0.19051653
124863,L2/3 IT,-0.4484222,0.17757249
124773,L6 IT,-0.16851503,0.034762204
124756,L5 IT,-0.33927387,-0.00032916665
124194,Endo,0.34758615,-0.05146411
124215,Oligo,0.15398699,-0.40366998
124227,L2/3 IT,0.060952008,0.32991952
125495,SMC,0.12030667,-0.13454202
122916,Astro,0.22095221,0.0904215
122894,L5 ET,0.040972114,0.07946706
121696,L6 CT,-0.092722,0.0021295547
121708,Oligo,0.07890469,0.12315285
126205,L6 IT,-0.20532063,-0.1511713
121829,L5 IT,0.29528946,-0.18123564
126179,L6 IT,-0.19161633,-0.16103241
197121,Astro,-0.0831514,-0.20401701
126164,L4/5 IT,0.26334786,-0.28239307
121955,Astro,0.1526137,0.27285326
259232,L6 CT,0.020234466,-0.076396585
126155,L6 CT,0.092510104,-0.19357166
126124,L4/5 IT,-0.24485698,0.31925488
122067,L4/5 IT,-0.27328748,0.2903151
126119,L2/3 IT,-0.4459105,0.16195828
122134,Peri,-0.09431651,-0.20132935
122139,L2/3 IT,0.11647594,0.31186497
258464,L5/6 NP,0.18336505,-0.08219668
122142,L2/3 IT,0.04945892,0.3154968
126224,Pvalb,0.22456723,-0.26040053
121545,L5 IT,0.33861923,-0.22988617
121280,L5 IT,-0.05625078,0.09442192
121281,Sst,-0.3540911,0.17256892
121324,L5/6 NP,0.073688984,-0.025551617
121339,L6 CT,-0.23863316,-0.1383313
121349,Oligo,0.18630111,-0.37799403
121361,L5 ET,-0.28407866,-0.07019994
121397,Lamp5,0.40547812,0.040227532
126293,Oligo,-0.01630789,0.029105365
121416,L6 CT,0.16938543,-0.28105378
197089,L2/3 IT,0.12564832,0.24404466
121422,L2/3 IT,0.016028166,0.26685256
121427,L4/5 IT,0.25601768,0.03794962
121429,Pvalb,-0.24511746,0.10164255
121442,L5/6 NP,0.19628072,-0.021269232
121533,L4/5 IT,-0.1634615,0.2696463
121625,L2/3 IT,0.10780048,0.3224011
126316,Endo,-0.3829627,0.29152507
197131,L2/3 IT,0.119020045,0.291183
122220,Endo,0.32924587,0.16782421
259102,L6 CT,0.19727945,-0.3163225
122646,L2/3 IT,-0.16893435,0.37241703
258547,L4/5 IT,0.36728615,-0.12985748
246032,L2/3 IT,0.29033446,0.13019568
122719,Lamp5,0.24821544,0.12332088
246205,L2/3 IT,-0.3292058,0.3914771
198151,L6 CT,0.21425939,-0.15518528
122755,Endo,0.19285518,-0.19801852
125609,L2/3 IT,1.090765e-05,0.319798
122776,VLMC,0.31699407,0.22407842
122783,Astro,-0.1302597,0.10333723
125575,L4/5 IT,0.18137556,0.09045458
125563,Astro,-0.3398046,0.3144135
125560,L4/5 IT,0.015339255,0.2385186
122881,L5/6 NP,-0.16095874,0.08063072
125736,L5 ET,0.2884696,-0.2857379
122212,L5/6 NP,-0.30433673,-0.036723107
122573,Peri,-0.08736023,-0.10087207
198249,L5 IT,-0.21461117,0.14471519
245998,L6 CT,0.17292511,-0.34052634
259198,L6 IT,-0.12022939,-0.116479516
258503,L4/5 IT,-0.1438868,0.31056136
125979,L2/3 IT,0.09877765,0.23639286
125967,L6 IT Car3,-0.23799971,-0.04643345
198336,L6 CT,0.2130754,-0.32186326
122346,Oligo,0.21759981,-0.28863052
125934,Micro,-0.2953754,0.23875082
259165,L6 IT,-0.12063527,-0.09435356
125815,L6 IT,0.111603916,-0.19630739
122448,Astro,0.27441293,-0.09877506
125777,Sst,0.021387815,-0.4211988
198274,Astro,-0.0152744055,0.24251217
122526,Astro,-0.18594125,0.21969497
197250,Micro,-0.2187283,0.46018112
125740,L6 CT,0.043908954,-0.16428676
128259,L6 CT,0.18677229,-0.37418568
117533,L2/3 IT,-0.2660002,0.42059416
117526,L2/3 IT,0.2633975,0.034388542
112755,L5 ET,0.17623305,-0.2447088
112760,L6 CT,0.032348573,-0.06354147
112787,Oligo,0.097760856,-0.41901207
130488,L2/3 IT,0.10206759,0.21477658
130464,Astro,0.20217144,-0.16465971
260828,L4/5 IT,-0.2568242,0.28585613
130492,L2/3 IT,0.13712406,0.2965181
130380,Pvalb,0.09237164,0.13693374
195598,OPC,0.25008726,-0.2839538
112949,L6 CT,0.048818827,-0.13778645
130331,Endo,0.35784298,-0.20381361
112991,L6 CT,-0.12700745,-0.106383115
113005,L4/5 IT,-0.2926817,0.24643981
113059,L5 IT,-0.3247427,0.04028982
260822,L6 CT,0.24958217,-0.3620431
112742,Sst,-0.087757856,0.25448185
112711,Oligo,0.22861958,-0.036173165
130502,L5 IT,-0.06225401,0.04373622
195496,L2/3 IT,-0.24216619,0.4156838
112432,L6 CT,0.07785356,-0.10543528
130708,Sst,-0.3138009,0.27115119
112485,Oligo,0.0780552,-0.179288
112491,Astro,0.47692412,-0.07120222
201501,Oligo,0.13748789,-0.41073143
245497,Endo,-0.35476226,0.27801538
112516,L6 IT,0.09531093,-0.14513776
260884,L6 CT,0.22809887,-0.34186518
130586,Oligo,0.26960397,-0.3105991
201491,PVM,-0.08048344,0.13528854
112576,L4/5 IT,0.23559856,-0.05172515
130553,Pvalb,-0.120797455,0.32912028
195532,Oligo,-0.21215257,0.44841176
260863,Astro,0.12301755,-0.42282364
113083,L5 IT,-0.0722191,0.11272949
113094,Pvalb,-0.15239882,0.11741787
113128,Astro,-0.099378765,0.022682846
130313,L4/5 IT,0.30483776,-0.047777504
113423,L4/5 IT,0.1839459,0.0846647
130049,L4/5 IT,-0.07249126,0.22714537
130039,Endo,0.06411815,0.13727647
195700,L2/3 IT,0.3409186,-0.035590976
201205,Micro,0.41309303,0.02081883
113461,L2/3 IT,-0.30836156,0.31507576
257806,L2/3 IT,0.31303376,0.055391192
129943,Pvalb,0.04576212,-0.092957735
113501,L2/3 IT,0.09191394,0.29869843
113540,OPC,-0.002395928,-0.26720652
246434,Astro,0.00048792362,0.42254972
129848,L5 IT,0.17075753,-0.02171895
113571,L2/3 IT,0.14733547,0.31719875
113603,L2/3 IT,0.3207605,0.1109218
201156,L2/3 IT,0.324937,0.01868397
113397,L6 CT,0.13860846,-0.30142316
112381,Astro,-0.04780346,-0.17350167
113391,Micro,0.15874594,-0.21855506
113351,Sst,0.1243636,-0.033856094
246465,L4/5 IT,0.0100111365,0.20613837
113144,L2/3 IT,-0.242012,0.33791614
195631,Oligo,0.020237327,-0.31485957
113161,L6 IT,0.1666429,-0.12213558
130198,Endo,0.35752243,0.09951973
113236,Oligo,0.039072633,-0.32588434
130160,L2/3 IT,0.40984643,-0.030976027
113286,L2/3 IT,0.36441052,-0.052104384
246456,Pvalb,-0.19763243,0.024281323
195679,L2/3 IT,0.3333454,-0.0332745
113306,L2/3 IT,0.37761945,-0.007246524
260753,Oligo,0.011703014,-0.29627675
113311,L5 IT,0.16916007,-0.07985386
113340,L6b,0.02419144,-0.27937263
113350,PVM,-0.09905213,-0.13621351
130052,L4/5 IT,0.29866803,-0.12768191
201538,L6 CT,0.048856735,-0.15252462
112375,Micro,-0.027175099,-0.035948068
112347,L4/5 IT,-0.33721346,0.24216104
257525,L2/3 IT,0.19170576,0.13882256
110965,L2/3 IT,0.023482382,0.29305148
110986,Astro,0.09845835,0.15662307
195260,Pvalb,-0.40455464,0.037257552
111014,L6 IT,-0.051097333,-0.14680651
111016,L2/3 IT,-0.22629574,0.38673878
111112,Oligo,-0.05864173,-0.21203253
111134,Peri,0.16419709,0.16468936
111193,L6 CT,0.2214526,-0.14062947
111195,Oligo,0.12710005,-0.44815445
201965,L2/3 IT,0.40652907,-0.059968233
111258,Endo,-0.0017868578,0.26028687
111265,Astro,0.15285546,0.3253367
261152,L6 IT,0.1598553,-0.25161523
195264,L2/3 IT,0.087465584,0.21183866
131333,Pvalb,-0.3683427,0.1297009
131302,Endo,0.043554604,0.20769525
131348,Sncg,-0.044753283,0.38190973
131353,L4/5 IT,-0.18963626,0.21639574
110595,L6 CT,-0.14558029,0.040711462
110611,Astro,-0.3416481,0.38545293
110617,L6 IT,-0.22288957,-0.112101346
110653,L5 IT,-0.19059157,0.1355282
110681,L5 ET,0.28223896,-0.19454157
131435,L4/5 IT,0.3777551,-0.15943298
195220,L6 CT,0.17818189,-0.19674912
202115,L6 CT,0.059155107,-0.09092599
131384,L4/5 IT,-0.24613604,0.31307864
202104,L6 CT,0.16434455,-0.40328297
202102,L4/5 IT,0.3564955,-0.0872722
131359,OPC,-0.30541295,0.39831036
110824,OPC,-0.27526957,0.0166682
110830,L6 CT,-0.054762304,-0.04284966
110839,Astro,-0.44129425,0.14990824
202066,L5 IT,-0.097999096,0.10527301
129838,Oligo,-0.29969966,0.42127627
131289,Peri,0.3525589,-0.0043323934
201869,Astro,0.20483142,-0.3909805
111975,Endo,-0.4516873,0.107785106
260966,Oligo,-0.018954456,-0.25923046
130970,Astro,-0.095434606,0.14162344
130938,Astro,-0.18628618,0.117652714
112079,L4/5 IT,-0.33271646,0.11858463
130921,L4/5 IT,-0.22286099,0.22719622
130895,Peri,0.163773,-0.19431075
112170,Endo,0.18939066,-0.12776598
130847,L5 ET,0.29575217,-0.20132792
112204,Endo,-0.13035595,0.24564898
246492,L2/3 IT,0.39135695,-0.044099152
195478,Vip,0.009866238,0.18901157
201602,L2/3 IT,-0.26677403,0.39218187
112249,Lamp5,0.10938203,0.15416306
112262,L2/3 IT,0.3795256,-0.008967966
201706,L6 CT,0.18507189,-0.38686672
111362,L4/5 IT,-0.1256642,0.20477945
260979,L2/3 IT,0.02763778,0.24924296
131088,L6 CT,-0.08393654,-0.057780534
257554,Endo,0.09094101,0.38183838
131241,L6 CT,0.095763564,-0.056283057
261094,L6 CT,0.08173615,-0.30212578
195294,SMC,0.394562,0.049857795
131123,Oligo,-0.06928018,0.18938011
111632,Endo,0.12240088,0.30601853
201798,Oligo,0.07455957,-0.37088326
261063,Oligo,0.09278095,-0.43728665
111668,L2/3 IT,0.14957988,0.2699837
111683,L5 IT,0.014167845,0.10035181
111689,L5 IT,-0.22986263,0.030262351
111695,L2/3 IT,-0.19600707,0.39939964
111704,L6 CT,-0.04488817,-0.07674268
195323,L6 CT,-0.26761484,-0.041729003
261047,Astro,0.028921068,0.4292708
195377,L6 CT,-0.049641877,-0.21246356
195757,VLMC,0.051918626,0.43475163
113638,L6 CT,-0.22337353,-0.013236791
129809,L4/5 IT,-0.06329009,0.19049674
260249,L6 CT,0.015620232,-0.06427416
116151,Micro,0.1041581,0.10862273
116153,Astro,0.097503185,0.25041866
260224,L2/3 IT,-0.3157692,0.3639037
116249,PVM,0.15927964,0.32931834
116282,L6 CT,0.039361477,-0.12288144
116303,VLMC,0.07316059,0.41843176
116309,OPC,-0.2645817,-0.0019059777
116387,L2/3 IT,0.15754539,0.28255576
116402,Astro,0.4359967,0.0187487
246364,Astro,-0.29555094,0.01657492
200178,L4/5 IT,-0.21389967,0.2402792
116571,L5 IT,0.016714156,0.13479584
128470,Oligo,0.03752458,-0.3348642
196286,Oligo,-0.006013304,0.14978462
245683,Oligo,0.15402299,-0.40752476
116637,Pvalb,-0.3050293,0.36366105
116078,L4/5 IT,-0.3659066,0.15123641
196251,Lamp5,0.015571713,0.4165902
200420,L4/5 IT,0.34085423,-0.16614613
115830,L2/3 IT,0.37705874,-0.06165439
115861,Oligo,0.14808416,-0.4354298
200402,L2/3 IT,-0.22033432,0.402426
258065,L6 CT,0.22190595,-0.3010291
128616,L5 IT,-0.009511381,0.033349097
115934,Astro,0.31283998,0.048844397
200381,L5 IT,-0.026892692,0.12546945
115987,L6 CT,0.016560018,-0.10533595
128614,Micro,-0.41742128,0.21808314
245668,Pvalb,-0.09119764,0.07035595
128586,L6 IT,-0.10679129,0.0031607747
196249,Endo,0.1320073,0.22042322
116045,Endo,-0.36006653,0.2589851
116059,Vip,-0.17476413,0.28674495
116069,Micro,0.041833937,0.22400433
115742,Astro,0.09968591,0.29893363
200140,OPC,-0.09155592,0.015231609
116667,Micro,0.19471955,0.2046802
199975,Vip,0.2968676,0.19463652
199962,L4/5 IT,-0.17365357,0.31307292
117201,L6 CT,-0.056230307,-0.09087542
117208,Peri,-0.28873646,0.327869
117228,L6 CT,0.05849433,-0.11080238
117260,L6 CT,-0.12305045,-0.030380905
199903,Oligo,0.051262915,-0.36247322
117302,Astro,0.066587865,-0.35211083
199896,Astro,-0.38760683,-0.01169014
117370,L2/3 IT,0.19056177,0.13757092
117415,Astro,-0.25192866,0.051691175
128318,OPC,0.41523206,-0.12820455
117431,L2/3 IT,0.062493086,0.32755595
117465,L4/5 IT,-0.30968475,0.2392453
128284,L4/5 IT,-0.10977355,0.2978263
128321,Oligo,-0.40468347,0.013420463
128456,L6 IT,-0.04737091,-0.032570034
128353,Endo,0.10482991,0.01920259
116960,Endo,0.07064974,0.34312648
128429,Astro,0.19327283,0.2878952
116754,L6 IT Car3,-0.10866311,-0.10073182
116794,L6 IT,-0.038847953,-0.15910888
116833,L6 IT,0.060482204,-0.1358015
200071,L2/3 IT,0.12222278,0.31968778
116845,Micro,-0.22259137,0.04586953
128424,L2/3 IT,0.13928777,0.27157694
116852,Astro,0.12607831,0.22775388
116858,Sst,-0.2750355,0.019670606
116895,Lamp5,0.0872069,0.34788
116901,Micro,-0.41019726,0.2661966
200039,L2/3 IT,-0.09537175,0.39686644
128399,L6 IT,-0.0036524236,-0.1481269
200030,Peri,-0.42980725,0.10568404
128392,L4/5 IT,-0.3706818,0.17661768
117061,L2/3 IT,0.38855684,-0.021348655
131457,L2/3 IT,0.3592711,0.002714634
128668,L6 IT,0.33887613,-0.19644141
128798,Oligo,0.09284979,0.122557044
114520,L2/3 IT,0.0008658767,0.34805083
195899,Peri,0.043562114,0.1448434
129416,Sst,-0.35844648,0.18178278
114576,Pvalb,-0.06139216,-0.08465293
129415,L2/3 IT,0.32742077,0.03558439
129325,L5 IT,0.39437997,-0.18428898
195942,L5 IT,0.1866445,-0.116271645
114644,Pvalb,-0.18185198,-0.04474321
129205,Endo,0.27981693,0.17328799
114648,Oligo,0.1358158,-0.44577914
114751,Astro,-0.281319,0.3517859
129196,L2/3 IT,0.40809768,-0.12950411
200746,L2/3 IT,0.09584105,0.23462778
196005,L6 CT,-0.12626001,-0.022377908
129131,L2/3 IT,0.27010632,0.10679227
260582,L6 IT,0.2461124,-0.2146754
196022,L2/3 IT,0.17126185,0.2577154
195884,Pvalb,-0.2391898,0.15547776
129514,L2/3 IT,0.11267781,0.3169812
113748,L6 IT,0.28833115,-0.24005166
129674,Endo,0.0028938055,0.37188113
201089,L4/5 IT,0.1755116,0.043325186
260646,Oligo,0.014759004,-0.30657846
257844,Oligo,0.051263213,-0.3650493
195827,Oligo,0.09806156,-0.39688
260619,Astro,-0.068968326,0.45806986
129557,Endo,0.07982755,-0.2920814
113994,PVM,-0.19947791,0.38047028
114009,Micro,-0.023112774,-0.18760774
114026,Peri,0.14233923,-0.10498956
114067,Micro,-0.26003513,0.24148268
114090,Oligo,0.079358816,-0.37062216
129522,Endo,0.10100633,0.26033258
200997,Endo,-0.02539599,-0.1953584
129507,Astro,0.26532882,-0.02410999
128704,OPC,0.055865407,-0.20974427
114892,Endo,0.15411454,-0.06867725
114984,Peri,-0.20422065,0.49493498
115456,SMC,0.06408644,0.3024115
260368,Oligo,0.018555045,-0.32095516
245653,OPC,0.1026625,-0.2315689
258017,L6 IT Car3,-0.13206944,-0.1467632
115567,Endo,-0.24219793,0.10264057
128820,L6 CT,-0.08362478,-0.099374235
200495,L6 CT,-0.056425214,-0.031146139
196143,Endo,-0.23733848,0.33845222
115615,SMC,0.07619429,-0.27516764
200472,Oligo,0.13469696,-0.41991055
115633,Endo,-0.27639264,0.21207076
258030,L5 IT,0.06795138,0.071926
115667,Astro,-0.44120067,0.09581101
115681,Endo,-0.32202315,0.13787073
200458,Endo,-0.033224136,0.24626797
128947,L6 CT,0.106137335,-0.12109789
196023,Endo,-0.050576955,-0.17039573
128964,L4/5 IT,-0.42243972,0.19115728
246395,PVM,-0.20181665,0.08567017
114993,Astro,0.022020996,0.44834304
200675,PVM,0.11360413,0.26469284
115000,SMC,-0.33327562,0.40458286
196029,Oligo,-0.088451385,-0.22222102
115079,L4/5 IT,-0.2586742,0.27572036
115084,L6 CT,-0.15498477,-0.014999807
115181,L6 IT,0.10290986,-0.15323403
260412,VLMC,0.026147068,0.430251
129101,L4/5 IT,-0.37005106,0.2172038
260403,Astro,-0.07258591,-0.1063866
129092,L2/3 IT,-0.21855831,0.37251377
115288,L6 IT Car3,-0.22728074,-0.18848324
129068,L6 IT,0.08031291,-0.08017787
260396,Endo,-0.12814152,0.15521419
115313,Oligo,-0.09496328,-0.12714255
128994,OPC,-0.39934406,0.024858356
68008,Endo,-0.26334167,0.21166599
96551,PVM,0.12077308,0.09056777
96538,L5 IT,-0.104880124,0.017912388
78169,L6 CT,0.21688175,-0.3254156
78174,Astro,-0.3923242,0.31489456
78176,Micro,0.28505123,0.18440753
148204,Sst,0.16090071,-0.21166754
148174,L5 ET,-0.23434436,-0.0071121454
148155,L4/5 IT,-0.4350543,0.11208701
78136,Oligo,0.090326965,-0.42996395
78264,Endo,-0.24408048,0.025494576
247437,Oligo,-0.2619045,0.18176007
212663,Oligo,0.115178645,-0.4311175
266777,L2/3 IT,0.113594055,0.2642163
266771,Astro,0.37541723,0.11020869
78421,L6 CT,-0.037073582,-0.24426028
189584,L4/5 IT,0.12544638,0.17743993
78332,L2/3 IT,-0.3089736,0.38908905
212714,Astro,0.3679667,0.049864113
212724,Peri,-0.26508668,-0.11049032
78081,L4/5 IT,0.049248755,0.1774503
77548,Endo,-0.1969783,0.3741747
148365,Micro,-0.07769427,-0.16968861
77679,Oligo,-0.12145373,0.18717963
212853,Oligo,-0.08855295,-0.024619251
77826,L2/3 IT,0.16807115,0.23926085
77827,L2/3 IT,0.41491336,-0.112547904
77849,Oligo,0.16641659,-0.3201752
148346,L5 ET,-0.17841184,0.058169782
266845,VLMC,0.4252411,0.056605697
77915,Micro,0.023008227,0.27851093
148325,Astro,-0.3454094,0.3028515
254685,L6 IT,-0.2159363,-0.104745686
77981,L5 ET,-0.053808957,0.102719665
148237,L5 IT,0.1633035,-0.01011467
148223,Astro,0.44586962,0.020743191
212627,Micro,-0.3122071,0.031612754
78456,Vip,0.11245465,0.23388809
254717,L6 CT,-0.28688338,-0.06466845
212597,SMC,-0.29140458,0.3523081
78946,Astro,0.059381902,0.20541269
212441,L5/6 NP,-0.08902213,0.12321961
79005,L2/3 IT,0.11627346,0.20734817
212414,L6 IT Car3,-0.17239076,-0.1993235
243634,L2/3 IT,-0.019708157,0.286906
79177,L2/3 IT,0.35121894,-0.048079014
79179,Oligo,-0.11629543,-0.15225679
254825,Oligo,0.098852396,-0.40321606
212357,L5 ET,0.27868873,-0.20659778
79344,L5/6 NP,-0.22916305,-0.05012378
79417,L4/5 IT,-0.24679962,0.2949475
79445,Pvalb,0.24906391,-0.09536299
266603,L2/3 IT,0.39999956,-0.050011545
79517,VLMC,0.4569919,0.038033247
147581,SMC,0.1317119,0.10972041
243611,Lamp5,-0.20318598,0.42862993
212925,SMC,-0.089989215,0.07780892
254816,L4/5 IT,-0.394676,0.12929809
254814,L2/3 IT,0.4482773,-0.12101415
212588,L4/5 IT,0.2741379,-0.08595225
254722,Astro,0.03252405,0.15575117
148006,Endo,0.14246923,-0.39574647
212573,Pvalb,0.1968202,-0.27114505
189649,L6 IT,0.10760158,-0.039429337
212568,L2/3 IT,-0.21130213,0.08271909
147904,Peri,0.15766776,0.31833923
78704,VLMC,0.24580812,0.29491347
189678,PVM,-0.29129493,0.45050633
78749,SMC,-0.1980387,-0.08144441
147824,Astro,-0.30003542,0.12682289
266713,Micro,-0.2848183,0.3937956
189694,Peri,-0.3458016,-0.034327894
78814,Oligo,0.103296936,-0.24353114
266706,Micro,0.166489,0.23244274
78914,Astro,-0.2449891,0.07083917
77492,L2/3 IT,-0.26707187,0.2795183
212932,Micro,0.26024503,-0.21457005
254672,Micro,0.05450809,0.41620582
149104,SMC,-0.3546347,0.32196933
247463,SMC,0.24729174,0.26608407
267180,L6 IT,0.10281718,-0.11489135
76210,L4/5 IT,-0.33688265,0.2601238
76230,L6b,-0.21499681,-0.19908524
213392,Pvalb,0.3126703,-0.09229064
76291,Astro,0.06176263,0.1556893
213380,Endo,-0.36361957,0.06617981
76344,VLMC,0.12572515,0.3687358
254550,L6 CT,0.23722458,-0.338336
148863,L4/5 IT,-0.10663822,0.2547475
254589,Oligo,0.18969,-0.12848428
213295,L6 CT,-0.18963078,-0.08647308
76509,L6 IT,0.14495134,-0.1562429
148817,OPC,-0.27334112,0.39662778
76162,L4/5 IT,-0.20707476,0.27452737
76590,L2/3 IT,-0.38444328,0.23002326
76154,L6 IT,0.25462663,-0.15653
213437,Astro,-0.27081367,0.22168839
75782,L4/5 IT,-0.3062612,0.24256057
149200,Astro,-0.08784747,-0.17556629
213560,Peri,-0.21515617,0.17986506
213557,L4/5 IT,0.34460104,-0.1295098
213553,L6 CT,-0.08967483,-0.024254471
189296,Endo,0.26216006,0.1527744
267227,L4/5 IT,-0.10658553,0.20075732
267224,Endo,-0.04318422,0.2416665
149127,L4/5 IT,-0.09265575,0.21506304
213489,L4/5 IT,-0.4103149,0.14490241
76006,Endo,-0.1675924,0.3605457
76040,PVM,0.010900795,-0.2880333
267204,OPC,-0.005183816,0.23789364
76043,Astro,-0.29854038,0.4148901
76058,SMC,-0.26385593,0.120756626
76142,Endo,0.16789877,0.114240944
212249,Lamp5,0.41160846,-0.11317417
148753,L6 CT,0.16776204,-0.28475076
213234,L6 IT,0.014864147,-0.12518981
77193,L6 IT,-0.19270349,-0.16093582
77206,L6 IT,-0.28159833,-0.053255737
77211,Oligo,0.26560217,-0.29083484
266959,Astro,0.23956347,0.2753787
77227,L5 IT,0.11758149,0.08248228
77232,Oligo,0.08677828,-0.31327844
77251,L6 CT,-0.12563401,-0.11806592
212992,Oligo,0.13798255,0.07628667
77309,L5 ET,0.06336808,0.0030134916
77336,Oligo,0.12440652,-0.3697046
212959,Sst,0.29503846,0.0045188665
77382,L6 CT,0.07296461,-0.10051468
212954,Oligo,0.03478545,-0.2937758
148408,L5 IT,-0.27723396,0.043024898
77392,Peri,-0.27354094,-0.031285793
254659,Peri,-0.13413611,-0.03984779
76663,L4/5 IT,0.07228339,0.12534064
243523,L6 CT,0.030578732,0.0020501614
213114,L6 IT,-0.061332107,-0.15041962
213233,Oligo,-0.015027344,-0.26797253
213227,L6 CT,0.08521849,-0.25130194
148632,L2/3 IT,0.32051432,0.063343465
76689,L6 IT,-0.23341444,-0.1845136
148617,L4/5 IT,-0.38895255,0.17636222
189436,SMC,0.18755305,0.2819568
76762,Oligo,0.13576609,-0.3400991
148556,Astro,-0.3326559,0.03860414
213179,L5/6 NP,0.19475132,-0.10659698
148529,L6 CT,0.22814226,-0.3229702
76846,Sst,0.28505337,-0.04270637
76889,Micro,-0.024734944,-0.26957795
76905,Peri,-0.36867315,-0.052001774
213119,Oligo,0.18357253,0.25733256
213117,L6 IT,-0.27242213,-0.06980649
213081,PVM,-0.25056136,-0.12340543
149208,Oligo,0.09964335,-0.039738655
254857,L6 IT Car3,-0.2958599,0.02316308
212242,L2/3 IT,0.11520344,0.24805886
266159,Astro,-0.022047937,0.34063756
81980,Endo,0.34746385,-0.22361845
146675,Endo,-0.15462402,0.45646697
211452,SMC,0.32947522,0.03766972
82018,L5 IT,0.16695958,-0.11364314
82052,L5/6 NP,-0.35733035,0.03897363
211486,L6 IT,0.11356175,-0.24460799
211448,Endo,0.28456396,0.17885602
146666,Astro,-0.11885622,0.3848471
82093,L6 CT,-0.0058628023,-0.07595283
146640,L6 IT,0.028060377,-0.17935431
82106,Endo,-0.094563484,0.25865287
146628,L4/5 IT,-0.45893717,0.11245221
190081,L6 CT,0.2158063,-0.27009362
82066,VLMC,0.2667122,0.26457596
146777,L6 IT,0.093170166,-0.23984286
81791,Sst,-0.17524046,-0.0050870776
211544,Vip,0.25900435,-0.362594
81399,VLMC,-0.24675333,0.47874868
211630,L6 IT,-0.18603057,-0.091373354
189989,Endo,0.20857501,-0.07829583
81548,L2/3 IT,0.4201864,-0.06510535
81559,Astro,0.22439408,0.28631234
81584,L6 CT,0.14651728,-0.14146334
211605,L5 ET,0.09713888,-0.02154833
146850,Astro,-0.080435276,-0.2147221
266219,Peri,-0.037656635,-0.124213606
81636,L4/5 IT,-0.09746343,0.28139967
81650,Sst,-0.12700433,0.08607805
81667,L2/3 IT,0.09351772,0.33862996
266198,L6 CT,-0.003990859,-0.04024157
211556,Endo,-0.3989816,0.12782824
190032,L4/5 IT,0.011160493,0.2404244
190092,Sst,-0.16994274,0.35874522
82178,L6 CT,-0.017284334,-0.10453436
190116,L6 IT,-0.0044740736,0.013389885
146468,L6 CT,-0.22748026,-0.13758469
146152,Endo,-0.048731,-0.05551356
82635,L2/3 IT,0.0037109852,0.31443435
82640,Endo,0.29215837,-0.0695906
146099,L4/5 IT,-0.42696592,0.1472984
82652,L6 CT,-0.1958243,-0.03524539
255162,L4/5 IT,-0.11437392,0.2981457
82698,L5 IT,0.32533085,-0.2502486
82711,Endo,0.194664,-0.13683632
145966,L5 ET,0.21774685,-0.10198009
82793,PVM,-0.25509584,0.31094456
82806,Oligo,-0.17367706,0.32746202
145940,Astro,-0.16502759,0.20687062
243840,L2/3 IT,0.08281547,0.26449108
190372,Endo,-0.38514322,0.24963468
82883,Vip,-0.18007338,0.359635
82625,SMC,0.4293592,-0.05664423
81395,L5 IT,0.052466273,0.13556099
190251,Sst,-0.037926435,0.018420815
211258,L2/3 IT,0.3169012,0.08282006
146415,L5/6 NP,0.15438163,-0.17850399
190190,SMC,0.15073442,0.3517468
146350,L5/6 NP,0.21560615,-0.09518686
82290,L6 CT,-0.15428895,-0.09301567
82318,L4/5 IT,-0.19915932,0.25255245
266075,Oligo,0.11050826,-0.38880795
243823,L4/5 IT,-0.44426206,0.12076563
82437,Oligo,0.0836401,-0.3792776
190219,Peri,0.11165255,0.15321326
82463,Oligo,0.052957237,-0.30518728
211296,L2/3 IT,-0.38625365,0.2601961
266074,L6 CT,-0.14004979,-0.04141009
82499,L5 ET,0.028574944,0.06910145
190226,Endo,-0.10915145,0.27542353
190234,L6 CT,-0.20582968,-0.100714
255108,L4/5 IT,-0.21049315,0.25444376
266272,Micro,-0.19042516,0.3082685
81373,L2/3 IT,0.10909045,0.3180461
146907,Pvalb,-0.30796155,-0.02148211
80015,L4/5 IT,0.09017068,0.20895964
80022,Micro,-0.11776596,0.3596956
80050,Astro,-0.10731518,-0.20382062
147433,L2/3 IT,0.3194461,-0.0005390048
212089,L4/5 IT,-0.2143195,0.21038026
80159,L5 ET,0.34469235,-0.23651627
80167,L6 CT,0.11963081,-0.20646846
212057,Astro,0.15382576,-0.20321786
212042,PVM,0.14371443,0.35389787
80241,Oligo,0.16446823,-0.48407182
266474,Oligo,-0.1707843,0.05503583
80246,L4/5 IT,0.046099544,0.185224
80247,Astro,0.2740172,-0.039800793
243717,Astro,-0.16192234,0.28613758
147431,L2/3 IT,-0.18989882,0.38011485
80002,Peri,0.39155382,0.03902793
147346,Endo,0.34272867,-0.049101114
212130,Peri,0.17049676,-0.5
147488,Astro,-0.30300817,0.39087105
79646,L6 IT,-0.09848571,-0.11202225
79666,L2/3 IT,0.36754304,0.023202121
79699,VLMC,0.268389,0.2662899
266551,L2/3 IT,0.11141163,0.27188504
147494,VLMC,0.104982615,0.37993538
79781,L4/5 IT,0.22932589,-0.008774549
79820,L4/5 IT,0.32216877,-0.110001445
79864,Peri,0.0626955,0.16259682
212172,L5 IT,-0.28540587,0.082152426
212153,L6 CT,-0.16066521,-0.00806883
79907,L6 CT,0.059633374,-0.1406996
79917,L6 IT,-0.10427505,-0.15905535
79925,L2/3 IT,-0.031458795,0.30099982
79930,Endo,-0.1752184,0.16936761
266512,L4/5 IT,0.106345594,0.11547983
212141,L5 IT,-0.29177502,0.09426355
147543,L4/5 IT,0.15564466,0.14551234
266443,L5 IT,-0.25934878,0.09258366
147271,L4/5 IT,0.21725065,0.21794069
80856,L2/3 IT,-0.24683067,0.4054562
247371,L4/5 IT,0.36177784,-0.17466557
80979,Oligo,0.063666284,-0.36243668
80986,Endo,-0.4089103,0.16376847
211803,L2/3 IT,0.16361338,0.22082406
266315,Astro,0.2648878,-0.13071385
81101,Oligo,-0.045660436,0.19714892
81105,L2/3 IT,0.13010347,0.21854734
266300,Pvalb,-0.021833897,-0.0796313
81124,Astro,0.15344816,0.343383
81138,L2/3 IT,0.16350317,0.28291005
146922,L2/3 IT,0.09634727,0.29549688
81163,L6 IT Car3,-0.23198125,-0.09733012
266289,L4/5 IT,-0.3884676,0.090260744
81274,L4/5 IT,-0.12326789,0.2550403
80855,Oligo,0.065175295,-0.33874372
266416,L6 IT,0.31163776,-0.280196
189947,Micro,-0.20273426,0.17732626
147054,Astro,-0.20165479,-0.18798792
80479,Astro,0.06391209,0.19618994
189850,L5 IT,0.32731974,-0.14672834
266408,L6 CT,-0.015605301,-0.074958384
80507,Astro,0.08667022,0.1761933
147145,L2/3 IT,0.0154562,0.34315437
211941,Pvalb,-0.018435538,-0.039905548
189879,L4/5 IT,-0.25972852,0.32948965
211931,L4/5 IT,-0.3554315,0.1404975
80581,Endo,-0.46921694,0.114412665
80612,L6 IT,0.19454956,-0.16515541
147129,L5 ET,0.3287689,-0.18471631
147068,L5 IT,0.09202242,0.072858095
80666,Astro,0.10039395,0.083616674
211903,Oligo,0.056671023,0.1039201
80732,L4/5 IT,-0.45123255,0.12563825
254970,L6 CT,-0.29632688,-0.04104674
243430,Astro,0.350838,-0.21256605
75626,Astro,0.14027333,-0.40996245
213619,L4/5 IT,0.1039114,0.08469522
215173,L5 ET,-0.08136228,0.11008686
70762,L2/3 IT,0.09327346,0.23389626
151636,Astro,-0.0259175,0.35479224
268145,L5/6 NP,-0.033998996,0.031751692
70790,L4/5 IT,0.091061056,0.17928636
70841,L2/3 IT,0.27989763,0.15298009
247628,L2/3 IT,0.32009006,-0.024831384
70878,VLMC,0.415708,0.07132077
215102,L4/5 IT,-0.2692054,0.31432533
215100,L5 IT,-0.020673156,0.024235249
70919,Astro,-0.3001945,0.34198856
70952,Endo,0.18274617,0.24304277
70968,Oligo,0.103129506,-0.41109622
70996,Pvalb,-0.20774585,0.09342933
188385,Astro,0.3620165,0.011886716
188372,L6 IT,-0.05637777,-0.059209764
70688,L5 IT,-0.18018144,0.07650608
70680,Oligo,-0.20450327,-0.08068037
70253,Endo,0.0052043796,-0.19606882
70268,L6 IT,0.026289046,-0.11386153
70309,L2/3 IT,0.43564296,-0.077064455
188359,Endo,0.38166243,0.018925667
151739,Endo,0.31137967,-0.1210635
215292,Endo,0.18078882,0.15273029
70442,L2/3 IT,-0.03527084,0.27119833
70444,Astro,0.20891762,0.27519
151722,L4/5 IT,-0.030968964,0.25701666
70497,Peri,-0.2290498,0.2867425
70528,L4/5 IT,0.30192083,-0.07691291
70536,Oligo,0.18299067,-0.4283378
70615,Peri,0.109950066,0.10164136
70639,L2/3 IT,0.32946402,-0.032958746
70649,Endo,0.31858593,-0.14363983
268091,L6 IT,-0.16764525,0.07274479
71185,L6 CT,-0.21709025,-0.15811968
71199,L4/5 IT,0.3734017,-0.111804575
71203,Astro,0.09016502,-0.42225352
71753,L4/5 IT,-0.2520671,0.23079717
71773,L4/5 IT,-0.31394804,0.16990793
214833,L2/3 IT,0.25975335,0.07154822
151447,L2/3 IT,0.2211355,0.24715555
188451,L6 CT,0.062062383,-0.02712661
267961,Astro,-0.21318,0.176655
214766,L4/5 IT,-0.42123747,0.14050263
151398,Astro,-0.05221048,-0.2370908
151353,Lamp5,-0.118786275,0.331859
151347,OPC,-0.3117208,0.26952738
151342,L2/3 IT,0.1765874,0.24896473
254201,L5/6 NP,0.1515007,-0.16011661
188524,Oligo,-0.048295587,0.17847157
72185,L4/5 IT,-0.21472448,0.25725538
214692,L6 CT,0.05087304,-0.1028429
71712,L6b,-0.038688183,-0.22933164
151922,L4/5 IT,-0.17783225,0.2458638
71689,Pvalb,0.029213727,-0.18614447
268002,L4/5 IT,-0.40241456,0.1981886
151594,Oligo,-0.01927793,0.1736641
71266,Oligo,-0.080791,-0.17419717
71283,L6b,0.14231831,-0.4028926
71335,Micro,-0.15440515,-0.10290453
151537,SMC,-0.28126046,0.4185815
268060,SMC,-0.1263577,-0.17027697
71413,L2/3 IT,0.25586683,0.11644542
71452,Astro,0.2680782,-0.12876523
214964,L2/3 IT,-0.4064084,0.23161209
214963,Sst,-0.1416949,0.2658862
71480,Endo,0.007197559,0.21126711
254169,L5 IT,-0.25153643,0.118445456
71579,Oligo,0.0471102,-0.28758818
151505,L6 CT,0.13241422,-0.17444658
71616,L4/5 IT,0.060813367,0.18585718
71663,L2/3 IT,0.10661709,0.21277928
70223,Peri,0.31997347,-0.25264573
70207,L4/5 IT,-0.33963814,0.17855036
151931,Endo,-0.20585197,0.27140164
215921,Micro,-0.2875527,0.3279506
68518,Endo,-0.35365248,0.18234414
268516,L6 IT,-0.2430104,-0.124845296
268515,Micro,-0.21319526,0.0006851554
268496,L6 CT,0.04834193,-0.22185028
68744,L6 CT,0.25833094,-0.29854733
68774,Astro,0.1666882,0.33393443
68776,L6 IT,0.07871044,-0.15350851
152410,Vip,0.35349298,0.009719193
68832,L2/3 IT,-0.113459915,0.32886696
152323,L4/5 IT,-0.27910584,0.26921797
68877,Astro,0.2700343,-0.31040004
68895,L6 IT,-0.07363266,-0.060946375
215793,L5 IT,0.16857296,-0.039689362
188163,L6 CT,0.045401275,-0.2609534
68437,Oligo,0.17756844,-0.41940767
215792,L2/3 IT,0.0076892376,0.35725862
215950,L6 CT,0.2326265,-0.27663064
68416,L2/3 IT,-0.46109328,0.17439437
152574,L2/3 IT,0.40956932,-0.07518515
152562,Astro,-0.43897927,0.26450974
268559,L2/3 IT,-0.0660035,0.40305245
268557,L4/5 IT,-0.37180507,0.26803142
216025,Endo,0.089182675,0.036691785
68218,Astro,0.27835572,-0.1706188
216009,VLMC,0.17558753,0.35092157
68255,L6b,0.09949398,-0.33163086
68279,Endo,0.0678826,0.3411621
253973,L5 IT,0.09917039,-0.038177013
68311,Peri,0.18202549,0.11653113
243023,Oligo,0.020286739,-0.29834396
215980,L5 IT,0.037890613,0.085270345
68375,L4/5 IT,0.11922723,0.1794979
268532,PVM,0.121880054,0.37973106
268531,L4/5 IT,-0.012391567,0.24462849
72231,Pvalb,0.2893207,-0.2591856
68966,VLMC,-0.11793858,0.47677284
69033,Endo,0.13084847,0.2788483
215567,Astro,0.26987022,-0.022011727
152094,Micro,-0.24851024,-0.049081832
69721,Astro,-0.48758626,0.052436113
254067,L5 ET,0.044163585,-0.07113916
69803,L2/3 IT,-0.19047466,0.34066117
268298,Oligo,0.106432796,-0.30669117
69818,Astro,0.2603681,0.26441067
215482,L2/3 IT,0.09112781,0.31732446
247655,Pvalb,-0.14052558,0.22124034
69965,L4/5 IT,0.3535605,-0.09960425
268266,Oligo,-0.16030428,-0.17512718
215405,L5/6 NP,-0.08555961,-0.035600513
215403,Astro,-0.30426815,0.0033739805
70143,L4/5 IT,0.09255397,0.13958514
70187,OPC,0.28590965,-0.258975
69614,Endo,0.10045862,0.09081274
152307,Pvalb,-0.46016496,0.10195756
152250,L5 IT,-0.34716088,0.07073617
69478,L2/3 IT,0.097658515,0.2133084
69057,L4/5 IT,-0.27792698,0.21577573
69060,L4/5 IT,-0.43797943,0.14221144
69068,Astro,-0.2807903,0.33017796
188178,Peri,-0.277985,0.2556677
152293,Endo,-0.02573198,0.31264758
69209,L4/5 IT,-0.28277624,0.28895473
69263,L2/3 IT,0.4376213,-0.08257824
215653,Oligo,0.079481065,-0.3688643
243081,L6 CT,0.16678101,-0.2562953
69314,Endo,-0.03780836,0.19971603
69337,Peri,0.0598495,-0.14125884
69345,L5 IT,0.08079225,0.11992502
69419,L5 ET,0.3209325,-0.17088503
69442,L4/5 IT,0.08795875,0.19173318
268367,Sst,0.3262214,-0.24211541
69506,Sst,-0.32256976,0.37048435
267891,L2/3 IT,0.3216856,0.13053793
72355,Vip,0.19501102,0.11447048
151224,Astro,-0.21952227,0.44731688
214011,L6 CT,0.20338929,-0.29221028
189031,Lamp5,0.10217363,0.34636915
254448,Oligo,-0.25940523,0.2456572
189080,L4/5 IT,0.36720097,-0.17333129
149731,Astro,0.018121183,0.44047594
74568,L2/3 IT,-0.43843856,0.117161155
189101,L2/3 IT,0.0290367,0.22937924
74623,L4/5 IT,-0.39885053,0.14084762
74640,Oligo,0.10224265,0.24212557
213961,Peri,-0.22347379,-0.016362727
74698,SMC,-0.24671552,0.13374114
149655,Pvalb,-0.17684007,0.22655106
149631,Oligo,0.05768895,-0.347135
74763,Oligo,0.025442779,-0.22015446
267474,L6 CT,0.08530021,-0.13487396
74461,L2/3 IT,0.22423148,0.2016328
254475,OPC,0.053123415,0.24188846
189008,Peri,-0.37257883,0.04418105
74410,Endo,0.29004025,0.15968734
214118,L6 IT,-0.025975525,0.004823029
267568,L4/5 IT,-0.43567437,0.13481945
267565,L6 IT,0.21024191,-0.1903305
150098,L4/5 IT,0.049871385,0.21434301
74169,L6 IT,0.2876569,-0.30404752
150063,Peri,0.2096765,-0.30074358
150059,VLMC,0.18708229,0.35264236
74262,L6 IT,0.0011847019,-0.056537986
74271,L6 CT,0.07136655,-0.16102403
74285,Oligo,0.05218804,0.16804618
149982,L4/5 IT,-0.4708262,0.12868196
74345,L2/3 IT,0.28495437,0.07689655
74354,Micro,0.094852984,0.38898426
74375,L2/3 IT,0.2230618,0.13371122
267537,Sst,0.0023425221,-0.05354181
74414,Micro,0.1093933,0.3741672
267583,Oligo,0.08411878,-0.31105566
74815,L4/5 IT,-0.3259111,0.27172428
213886,L2/3 IT,0.17094862,0.25582492
213756,L5 ET,-0.109889686,0.0016281605
75293,L6 CT,-0.007776469,-0.03832513
75316,Astro,-0.2836157,-0.03133905
243398,SMC,-0.4379253,0.24610871
189253,L5 IT,-0.20492998,0.16711849
213690,L4/5 IT,0.019586444,0.20058632
189254,L2/3 IT,0.32136315,0.10097617
213658,L6 IT,-0.042036504,0.043895125
75497,Endo,-0.23878199,-0.081119955
213624,L4/5 IT,0.32250744,-0.042334944
189268,Sst,-0.17959112,-0.01936248
75605,Pvalb,0.14380884,-0.0996958
213623,L4/5 IT,0.2901554,0.0057783127
75617,Astro,-0.36845702,0.21770847
213621,L6 IT,0.12502897,0.1511693
75257,Lamp5,0.27997345,-0.11502004
74866,SMC,-0.28135556,0.2733525
75256,Pvalb,-0.03962764,-0.03771615
149413,L6 CT,0.07821232,-0.23185125
74874,Astro,-0.18456519,-0.037330925
189134,L6 CT,-0.00342983,-0.08179486
149619,L6 CT,-0.29037428,-0.07858214
213868,Sst,-0.34786946,0.18151385
149556,L5 ET,0.07888925,-0.050864995
213864,L6 IT,-0.3090173,-0.11828491
74961,Peri,0.13687062,0.16166121
74988,Endo,-0.20789441,0.12460941
75004,L5 IT,-0.3951801,0.045514524
149534,L6 CT,0.210859,-0.34546757
75070,L5 IT,-0.20624185,0.16395116
149492,Micro,-0.44327673,0.19174689
189195,Endo,0.4130972,0.027630985
149425,Sst,-0.21116906,0.035948455
149423,SMC,-0.4822277,0.18460459
149367,Astro,0.1288603,-0.4302596
243851,Oligo,0.11370844,-0.40148067
74034,L5 IT,0.003290832,0.14404976
150372,Oligo,-0.12055242,-0.24428037
72646,L5 IT,0.06536484,0.052597642
72648,Pvalb,-0.27610183,0.25670624
150897,L4/5 IT,0.11031544,0.17594016
150855,L2/3 IT,-0.3107261,0.26670128
72772,Micro,-0.4048658,0.049137115
150821,SMC,0.31682724,0.24066556
72796,Sst,0.06354195,-0.07734814
150809,L2/3 IT,0.22627783,0.21020138
72811,Oligo,0.45003605,-0.044678032
72818,L2/3 IT,-0.19239077,0.38403535
150779,L6 CT,-0.27446944,-0.030725986
188683,Endo,0.15827233,0.3397401
72907,Peri,-0.009860128,0.27355903
267786,L2/3 IT,-0.31228083,0.39640218
73007,L2/3 IT,0.18162131,0.27248877
72643,PVM,-0.0533309,0.41165102
73023,Endo,-0.2629434,0.0154495835
72615,Lamp5,0.1764512,0.008331358
72555,Astro,-0.050422013,-0.23925242
214635,Peri,0.42228884,-0.15124488
267882,Micro,0.24550581,0.25943613
72432,Pvalb,-0.20780855,0.36782146
72434,L6 IT,0.0016221404,-0.23711038
254228,Astro,0.29171693,0.18250626
151160,L2/3 IT,-0.03338921,0.3724624
188587,L5 ET,0.17260563,-0.054331094
151021,Astro,0.13017756,0.37180924
151010,Endo,-0.3508895,0.08084661
188630,Sncg,0.30425805,-0.3390373
247581,Micro,0.027226746,-0.2657808
150931,L2/3 IT,0.24330068,0.18854827
72526,Endo,0.056166768,0.4281217
214590,Astro,0.15716302,-0.4464004
214582,Astro,0.00045865774,0.17544603
150925,L6 IT,0.059259713,-0.22212654
74024,L5 IT,-0.26444572,0.12826973
254277,Astro,-0.14492962,-0.13099638
188730,L2/3 IT,0.09580469,0.26044846
73524,L4/5 IT,0.16366154,0.17978913
214279,Peri,-0.2719966,0.14304674
73645,PVM,-0.26305923,0.37242466
73668,Astro,0.07292712,0.39273095
73688,Oligo,-0.032711864,-0.22204715
73689,L2/3 IT,0.37768984,-0.08214125
267642,L4/5 IT,-0.34859514,0.24714297
214203,Endo,-0.21683824,0.47116685
73771,L4/5 IT,-0.28698426,0.1881432
73786,Oligo,-0.14077243,-0.18917379
150391,L2/3 IT,0.38507986,-0.16295502
73843,L6 CT,0.17404109,-0.25080588
73852,Oligo,-0.05730781,-0.17546469
267620,L4/5 IT,-0.24276721,0.2667305
150380,L2/3 IT,0.11005056,0.31989634
150457,L5 IT,-0.20345387,0.05492264
150717,L4/5 IT,-0.19801483,0.23564768
150469,Endo,0.15795964,-0.15146539
73345,L6 IT,0.06813061,-0.037119716
73151,L4/5 IT,0.27591085,-0.056712
254308,Astro,-0.35617375,0.17135143
73183,L5/6 NP,0.15456063,-0.14844066
73190,Oligo,-0.2116853,-0.036507756
267711,L2/3 IT,0.15025061,0.1696698
188782,L6 CT,0.059063554,-0.15866321
73260,Sst,-0.024869174,0.09026128
73272,OPC,-0.3091645,0.09604055
73274,Micro,-0.3197919,0.1443497
73276,L5 IT,0.23929352,-0.14133918
150543,L6 CT,-0.028588563,-0.07272747
254320,L6 IT,0.1521824,-0.28453067
150521,L5 IT,-0.039268762,0.073379815
267688,Endo,0.16129827,0.28435558
73336,L4/5 IT,0.3767668,-0.18126205
214307,L2/3 IT,0.08284724,0.25544608
96540,L2/3 IT,-0.016108304,0.35124975
82931,OPC,0.09163439,0.32845515
83015,L5 IT,0.30996853,-0.24433139
264305,Astro,-0.36404568,0.10812646
92453,L6b,0.0261001,-0.26694107
92492,L4/5 IT,0.049879014,0.1809411
92532,L4/5 IT,-0.40646812,0.16412574
244348,OPC,-0.13631874,-0.19980001
141911,L6 CT,0.12486172,-0.37944406
92416,Endo,0.019209027,-0.30286372
141904,Endo,0.1550951,0.32972372
208123,L4/5 IT,-0.33124334,0.2704258
141886,L6 CT,-0.27146792,0.0071204305
141841,L4/5 IT,-0.33682096,0.28099775
92816,L6 IT,-0.2623765,-0.10767195
92827,Oligo,0.010904312,-0.30176514
191664,L6 CT,-0.13597554,-0.1568281
92676,Astro,-0.09288061,0.38476348
92404,L4/5 IT,-0.21159893,0.25201613
92357,Oligo,0.007623911,-0.23845875
92340,L6 IT,0.011296809,-0.028167754
142031,L6 IT,0.14261878,-0.25030065
208235,L4/5 IT,-0.44472086,0.13687307
208233,L2/3 IT,0.33552587,0.071519434
191616,L4/5 IT,-0.15619919,0.26807922
92148,Micro,-0.20769176,0.44866395
142013,Oligo,-0.12701017,-0.2064771
191636,L5/6 NP,0.26909864,-0.28228745
92203,Oligo,-0.026545823,-0.2654574
208217,L6 CT,0.1738323,-0.27253252
92248,L6 IT,-0.24515057,-0.13342646
264340,L5 ET,-0.37638116,0.05406785
208208,L2/3 IT,0.39893484,0.0030468702
191640,L6 IT,-0.22258037,0.06983292
92324,Pvalb,-0.17466834,0.21392238
141960,L2/3 IT,0.043621242,0.25165695
264265,L6 CT,0.20016015,-0.36330265
92886,Micro,0.09160125,0.28374112
92914,OPC,0.44124895,-0.0015097558
191685,L6 CT,-0.25859153,-0.015114605
93227,Astro,0.16072237,0.16151452
141482,L5 IT,0.018352926,0.12279767
93276,L2/3 IT,0.1768263,0.23583603
93291,L2/3 IT,0.10222095,0.2934425
264190,OPC,0.2079727,-0.1731421
93325,Endo,-0.0033372343,0.40194172
93352,L4/5 IT,-0.062287986,0.24346733
93378,Pvalb,-0.14736369,-0.14940798
247033,L4/5 IT,0.34381843,-0.083602905
247029,L2/3 IT,0.16929269,0.27732188
93517,Astro,-0.2590896,0.3276692
247024,L5 ET,-0.33972353,0.0448578
93557,L4/5 IT,-0.3805369,0.17351687
93592,PVM,0.058342814,-0.34286952
93613,VLMC,0.21915948,0.31279713
93192,L6b,0.115137935,-0.36626303
264373,L5/6 NP,0.2807089,-0.1606647
191733,Astro,0.103116155,-0.39307117
93159,OPC,0.21958125,-0.2518585
255944,Micro,0.3231209,-0.10708323
92927,L6 CT,0.20327336,-0.24969408
208045,L6 CT,-0.28766072,-0.0818128
92960,L2/3 IT,0.07249731,0.2300415
141635,Astro,0.44737393,-0.12327379
191724,L6 CT,0.10053325,-0.26111412
141538,L4/5 IT,-0.21539673,0.248703
141533,L4/5 IT,-0.35743606,0.074196994
93090,L6 IT,-0.12760982,-0.13652864
141528,Peri,-0.1919015,-0.14182994
207981,L5 ET,0.18432319,-0.17531529
207975,Astro,0.07665342,0.23122835
93132,L5 IT,0.3136292,-0.18309906
93149,Peri,-0.347991,0.063661516
191732,Peri,0.18083227,-0.20749849
93180,Astro,0.111017585,0.14517254
92041,L2/3 IT,0.08868933,0.25587928
264387,L6 IT,-0.12512094,0.013648152
208257,L4/5 IT,0.2478602,-0.029455662
90578,L4/5 IT,-0.22631586,0.26836264
191458,Endo,-0.3640399,0.10140854
142492,L2/3 IT,0.088162005,0.32617414
90633,Oligo,-0.031429857,-0.26159233
191479,L2/3 IT,0.2366252,0.12334907
90654,L2/3 IT,0.20921355,0.22367495
90698,Oligo,0.09784305,-0.3710822
90717,L4/5 IT,-0.26503474,0.2880928
191480,Micro,-0.37543657,0.048747897
208634,Endo,0.10749847,0.24291795
90729,L2/3 IT,-0.2787894,0.33530116
90782,L4/5 IT,0.0142712,0.23474348
90805,OPC,-0.11466339,-0.20849943
191495,L2/3 IT,0.11211121,0.3060366
90980,L2/3 IT,0.31356424,0.021910429
90575,L2/3 IT,0.1335395,0.25375915
208553,Micro,0.076770306,-0.25152588
208682,L4/5 IT,-0.32499856,0.16163301
90464,L6 IT,0.18516505,-0.16096798
90016,OPC,-0.33731034,0.33841568
191400,L5 ET,-0.08838919,0.16267389
90029,Endo,0.14382148,-0.2520428
90033,Sst,0.08724505,0.10000032
191401,L2/3 IT,0.41392303,-0.10015872
142646,L6 CT,0.019975364,-0.08590987
191424,Endo,0.27320826,0.0017847419
90176,L6 CT,-0.1730861,-0.07484481
208748,L4/5 IT,0.041536093,0.18882269
191441,L6 CT,-0.10867438,-0.06893623
208720,L5 ET,0.0490942,0.013964534
142510,Astro,0.13092297,0.21732438
208714,L4/5 IT,-0.28348953,0.22436994
90363,L2/3 IT,0.17646289,0.23723501
90403,L2/3 IT,0.15748745,0.19884539
142499,L2/3 IT,0.10938865,0.3195675
207803,L4/5 IT,-0.16649601,0.2166267
91028,Endo,-0.059716135,-0.097646415
208519,L4/5 IT,-0.4617278,0.0932526
91593,L2/3 IT,0.08504075,0.25425017
264445,L6 IT,-0.1835685,0.046185315
91772,L2/3 IT,0.11358398,0.29656768
191599,L2/3 IT,0.15617573,0.1717856
142072,Endo,0.111466706,0.23703676
91830,OPC,0.23388225,0.095765114
264417,Astro,-0.36671793,0.090384364
208312,L4/5 IT,0.37953603,-0.1455104
91864,L4/5 IT,-0.3480937,0.2740715
91873,Endo,0.1327616,0.3115893
91902,L4/5 IT,0.046164334,0.25100362
142068,Endo,-0.40618655,0.09920728
142063,Endo,-0.3095283,0.20466983
91917,Peri,0.0682832,0.16643101
91960,L4/5 IT,-0.4170474,0.13328785
91590,L5 IT,0.15430945,-0.054177195
208532,L6 CT,0.16922861,-0.109387904
91544,L6 CT,-0.06790835,-0.07963127
142205,L4/5 IT,-0.10012263,0.2872514
142381,L6b,0.026449442,-0.28599432
91163,L4/5 IT,-0.24564588,0.29105848
208512,L6 IT,-0.19857448,-0.095237166
91174,L4/5 IT,-0.27593276,0.24798524
142368,Peri,0.34455103,-0.029572606
91232,L5 IT,0.0043589473,-0.05317095
91285,L6 CT,-0.070905656,-0.037246853
244305,L5 ET,0.08347732,-0.060783625
91300,Astro,-0.002187878,0.24874449
91302,L5 IT,0.13744467,-0.10143793
255806,Oligo,0.07460129,-0.14853412
91342,Astro,-0.15726021,-0.095184624
208442,L6 IT,0.29724014,-0.27739865
142232,Oligo,0.062134206,-0.31783885
91525,Endo,0.101701856,0.15964103
142191,L4/5 IT,0.30000806,-0.052494854
90009,L2/3 IT,0.29780072,0.09126741
93674,L2/3 IT,0.43122244,-0.11134347
191768,Lamp5,-0.1932854,0.28037536
207072,Micro,-0.3873373,0.056145966
207069,Endo,-0.027024388,0.19549072
95670,L5 IT,-0.36585605,0.013926685
140419,L6 IT,0.11221665,-0.20680237
192123,Endo,-0.48077607,0.17269629
95713,Astro,-0.29546514,-0.0896211
207078,Endo,-0.18161273,0.11817145
140383,Micro,-0.16554785,0.30073136
95763,L2/3 IT,0.33989668,0.006397128
95764,L2/3 IT,0.026547253,0.3432905
207021,Astro,-0.18262869,-0.08304489
95776,L5 IT,0.0022038221,0.12979156
140301,L5 IT,0.15401542,-0.001010716
95791,L2/3 IT,0.41999,-0.07905069
207031,Pvalb,-0.27505285,-0.098762006
263733,L4/5 IT,-0.265137,0.20047688
207122,Peri,0.049088538,-0.18040138
95547,Oligo,0.17243457,0.051803946
95111,Endo,-0.042090178,0.19086832
140602,L4/5 IT,-0.4193386,0.14560527
95159,L4/5 IT,0.30176663,-0.08470547
95212,L6 CT,-0.12800282,-0.03581193
244502,L4/5 IT,-0.057649165,0.23089522
140583,L6 CT,-0.033322603,-0.22818545
207201,L2/3 IT,-0.28783113,0.34579992
263762,PVM,0.14192313,-0.34408158
95357,Vip,0.39864463,-0.078653604
207163,OPC,0.19306338,0.28602332
95425,L2/3 IT,0.15307635,0.27044487
95465,Peri,-0.2165604,0.1701895
95530,L2/3 IT,0.10034692,0.32168508
95531,L2/3 IT,0.055787027,0.34757072
140422,L6 CT,0.18561476,-0.09635422
140274,L6b,-0.01562962,-0.23605159
256145,Endo,-0.06081575,-0.06815261
95830,Oligo,0.04607427,-0.35268185
95929,Astro,-0.23691148,0.075154126
263626,L2/3 IT,0.053146243,0.3164271
263622,Pvalb,-0.093164444,0.08998138
96275,Astro,-0.1856246,0.06651884
96350,L6 IT,0.1171664,-0.26753733
96376,L4/5 IT,-0.4399367,0.13718557
96391,L4/5 IT,0.07149738,0.2087267
96400,Astro,-0.41767263,0.23258823
96407,Astro,-0.4412825,0.15197498
256198,L5 IT,-0.10807285,0.1419816
139887,L5/6 NP,0.29571933,-0.32692748
96472,Endo,-0.1819463,-0.047818273
139878,L6 IT,-0.17632928,-0.12733656
139860,Astro,0.012361348,-0.25772703
206748,L2/3 IT,0.17044479,0.15199143
96527,Astro,0.1581049,0.3339845
206864,L6 CT,-0.07626283,-0.058291495
207293,L6 IT,-0.2299611,-0.13977465
140001,Astro,0.13469958,0.18426812
140071,L6 CT,-0.03363225,-0.025089175
95945,SMC,0.31583953,-0.13537139
95975,Micro,-0.26549667,0.0044694543
206964,L4/5 IT,0.32796514,-0.12125632
140206,L5 IT,0.30638957,-0.1876454
96034,L2/3 IT,-0.013146609,0.27465832
192197,L2/3 IT,-0.42470446,0.19273543
96075,Astro,0.10386586,0.09506345
96089,Micro,-0.11731315,0.19097334
96093,Micro,0.15420675,0.30309618
96100,Endo,0.261694,0.27814394
140114,L6 CT,0.16423571,-0.26283306
244555,L6 IT,0.08883554,-0.24452084
206903,L5 IT,-0.28669545,0.07954031
96150,Astro,-0.331567,-0.015100449
96155,L5 ET,0.2742725,-0.14734113
140021,Astro,0.26142573,-0.14319345
95082,L4/5 IT,0.38385868,-0.13215333
140637,Vip,0.09300804,-0.15433717
263835,L4/5 IT,0.28854853,-0.02305144
94163,L6 CT,-0.1911667,-0.16549727
94168,L5 ET,-0.14064881,0.08326566
141347,L6 IT,0.08340776,-0.12709066
244455,Endo,-0.44504702,0.09485859
94251,Endo,0.10103506,0.39441133
207575,Peri,-0.049175173,-0.19934028
191823,Oligo,0.31474012,-0.3015952
141275,Pvalb,-0.21642482,0.13243121
263968,Astro,-0.25667882,-0.10806224
94338,SMC,0.20294464,0.31893557
94353,Peri,0.0670526,0.16476023
94360,L5 IT,-0.3563521,0.09666544
94367,Endo,0.10496116,0.16165125
141266,Sst,0.42475045,-0.19462523
94393,L4/5 IT,-0.43854457,0.2002914
94123,L2/3 IT,0.32335353,0.0389753
141183,L6 IT Car3,-0.018931389,-0.26748982
141374,L5/6 NP,-0.117857784,-0.015572995
94014,Endo,0.39995432,0.08893424
93727,Peri,0.39703244,-0.154926
264097,L5 IT,0.283926,-0.21705794
93792,Endo,-0.2132273,-0.15163434
247019,L6b,0.11977595,-0.37693298
207754,Oligo,-0.106892824,-0.14647096
141407,L6 CT,0.045740426,-0.10918847
207734,L6b,0.064043164,-0.2925408
141404,Oligo,0.097207665,-0.38640487
93909,Astro,-0.22409192,0.3100251
93919,Astro,-0.36159146,-0.0028738678
141382,VLMC,0.36884195,0.17537183
93942,Endo,0.1263293,0.29392654
93968,Pvalb,-0.34853154,0.016426325
141375,SMC,-0.2442387,-0.061194837
264055,L6 IT,-0.09221488,0.0067109466
94022,L6 IT,-0.25467247,0.10843158
93677,L5 ET,0.13979864,-0.022537857
244472,Oligo,0.10190171,-0.40370727
191899,L5 ET,-0.0069028735,-0.06879276
140790,SMC,0.41826504,-0.08234209
140735,L4/5 IT,-0.25073645,0.19085705
192022,Endo,0.062663615,0.17380089
140683,L2/3 IT,0.1322099,0.29109865
263866,Micro,0.33156145,-0.17858195
140670,SMC,-0.5,0.11258954
94886,Oligo,-0.31588307,0.020262241
94887,Astro,-0.33862895,0.21543145
94890,L5 IT,0.08220446,0.07790285
140646,L2/3 IT,0.26619995,0.1672653
94916,Endo,0.36754864,-0.19111529
94922,L4/5 IT,0.3600058,-0.12363607
207343,L6 IT Car3,-0.24585098,-0.12122679
94962,L5 IT,-0.24898511,0.11173236
94969,L4/5 IT,0.3819672,-0.18026707
207390,Peri,0.1422714,-0.14589682
94455,Oligo,0.09377813,-0.38831508
263892,L6 IT,-0.1088109,-0.085691184
263901,L6 CT,-0.09692502,-0.030995995
141065,L2/3 IT,0.14242643,0.2519129
191913,Endo,0.3798923,0.017484546
141018,L2/3 IT,-0.017044127,0.39259905
191926,L6 IT Car3,-0.08766198,-0.16146117
94521,L6 CT,-0.1286639,-0.034998506
140922,L4/5 IT,0.0059473515,0.2527181
94539,L5 ET,0.3372242,-0.20000711
140904,L6 CT,-0.2823664,-0.061779767
94596,Lamp5,0.083682775,0.37284648
263922,OPC,0.40067965,-0.11685622
94601,Peri,0.25489438,0.22571403
207460,L5 ET,0.33889908,-0.18384707
140883,Pvalb,0.097883284,0.23050117
94655,Peri,0.12876117,0.10066491
140842,OPC,-0.29108956,0.20033956
140805,L2/3 IT,0.27690113,0.17116153
89974,VLMC,0.20485985,0.31070042
89973,Oligo,0.057825506,-0.1889359
89932,L6 CT,0.2689641,-0.23447976
85348,L2/3 IT,0.09508777,0.25212324
85421,L4/5 IT,-0.26843327,0.2746107
265551,L6 CT,0.08578509,-0.035609454
210345,Peri,-0.026903808,-0.12125161
85485,L5 IT,0.048550904,0.050438225
85543,Endo,-0.20723611,0.36558592
85317,Endo,0.16120362,0.20732337
265521,L4/5 IT,0.04570651,0.18071634
144835,SMC,0.1992259,0.3133611
85618,OPC,-0.3340883,0.1286571
190718,Astro,-0.3499243,0.2855032
210274,L2/3 IT,0.13661635,0.2753926
265491,L4/5 IT,0.22416115,0.04014331
144733,L2/3 IT,-0.36544994,0.24807316
85605,L4/5 IT,0.12573612,0.101760626
210386,L2/3 IT,0.15290701,0.24649757
265579,L4/5 IT,-0.25036407,0.23831964
265585,L2/3 IT,0.36081386,0.023954868
144956,L2/3 IT,-0.052675694,0.2928146
84848,Astro,0.11792427,0.024848819
84943,L5 IT,0.2538107,-0.10748041
265642,OPC,-0.38474455,0.22638905
85039,Astro,0.371001,-0.072595686
210447,Astro,-0.44535893,0.15125316
144923,Micro,0.12510622,-0.15624192
190691,L5 IT,0.10807145,-0.04240024
210445,Oligo,-0.19624832,0.22916126
210437,L2/3 IT,0.31381232,0.11962563
265612,L4/5 IT,-0.06709379,0.21141422
85161,L4/5 IT,-0.32146242,0.24547672
144875,L2/3 IT,0.3821513,-0.08159247
144853,L5 IT,-0.3395775,0.016818404
85223,Vip,-0.09931281,-0.20991516
85681,Astro,0.36343634,0.10962689
190745,L4/5 IT,-0.32613266,0.24492979
85716,Endo,-0.10295978,0.3031243
144691,Astro,-0.22645873,0.053386033
144234,L5 IT,-0.38871053,0.11293608
86280,Micro,0.06457794,0.07127172
86285,L4/5 IT,-0.37330407,0.06535423
86291,L2/3 IT,0.10302162,0.29643023
190949,Peri,-0.10052976,0.35239738
265354,L2/3 IT,0.42515057,-0.07136458
144071,Astro,0.4393543,-0.06649208
86298,L4/5 IT,-0.19853029,0.26299095
86314,Micro,0.39480424,-0.0877758
190976,Oligo,0.092591345,-0.0344342
144029,L4/5 IT,-0.32101256,0.20852304
144018,L5 IT,-0.16907558,0.13896811
86399,L5 ET,0.04520756,0.08907223
190982,L2/3 IT,-0.46656403,0.09831238
86540,L6 IT,0.008404732,-0.22324628
190870,Astro,-0.39236403,0.11598623
210528,L4/5 IT,-0.42989397,0.17429888
255474,L2/3 IT,0.19951522,0.13762963
265369,L6 CT,-0.25914276,-0.0839763
144659,Endo,0.25728732,-0.23538217
190776,L2/3 IT,0.30389857,0.020864189
85746,Vip,0.3345825,-0.16127023
85747,Oligo,0.11009109,-0.39866924
210228,Micro,-0.17710999,0.33715862
210227,L5 IT,0.0085709095,0.07652396
85813,L2/3 IT,0.09108335,0.22538704
85828,L4/5 IT,0.02106756,0.15231103
144554,Astro,0.015832841,0.35330325
85852,Pvalb,0.06682998,0.30756313
85859,L2/3 IT,0.17729855,0.26556784
144539,L6 IT,-0.087401986,-0.1914092
85875,L6 CT,-0.11138213,-0.045968175
210206,L6 CT,0.24306911,-0.17018661
244019,L4/5 IT,0.16209626,0.1278531
255471,L2/3 IT,0.40235925,-0.036048323
84776,L6 CT,0.06443924,-0.15679157
84767,L4/5 IT,0.3228184,-0.10102031
144985,L4/5 IT,-0.19379729,0.23097748
211005,OPC,-0.12986061,0.19247311
145491,L6b,-0.2739726,-0.09261182
210973,Astro,0.22361153,0.28493333
83544,Endo,-0.13897493,0.01023525
265859,L5 ET,0.29505527,-0.24928749
190521,Vip,-0.015790999,-0.14303932
83599,L6 IT Car3,-0.3003076,-0.13926658
83670,L6 CT,0.020327926,-0.052129775
83698,SMC,0.15335107,0.25298983
145381,L4/5 IT,-0.07687709,0.26099926
247224,L5 IT,-0.05877763,0.08833593
145318,L6 CT,0.18077624,-0.34606856
210843,Micro,0.34735918,-0.02198723
83806,Peri,0.039947867,0.2336039
83829,L5 IT,-0.33341852,0.07474285
211009,L2/3 IT,-0.23600689,0.36388046
83864,L4/5 IT,-0.3456148,0.25241107
145521,Astro,-0.15662807,0.33255476
265895,L6b,0.12638283,-0.4124197
190406,Endo,0.082297325,0.43021953
247259,L4/5 IT,-0.4370322,0.13335568
247248,L5/6 NP,-0.32819724,0.024831295
255246,L5 ET,0.22487342,-0.09335488
243867,Endo,0.22022825,0.31335098
145645,L4/5 IT,0.02646339,0.25995702
145614,L6 CT,-0.27014488,-0.1918093
255280,VLMC,-0.37787706,-0.109523445
145586,L4/5 IT,0.27817476,-0.05946833
247232,Oligo,-0.09051332,0.07957584
265921,L2/3 IT,0.31596255,0.035827935
83284,Astro,0.0037599206,-0.26091313
83311,L6 CT,0.1869713,-0.38796222
145568,L4/5 IT,0.39415926,-0.16053396
83354,Astro,0.14822215,0.17634344
83399,L5 IT,-0.19204909,0.14640832
209970,Oligo,0.08845985,-0.37067443
210821,L6 CT,0.22573525,-0.29941744
265808,Micro,0.22306037,-0.38935918
210679,L6 IT,0.061613083,-0.082258165
84361,Endo,-0.25291607,0.38193178
145184,Lamp5,0.3543098,0.09378636
84383,Peri,0.11928332,0.18345672
84426,Oligo,0.13136399,-0.31708044
210646,L6 CT,-0.038659662,-0.07465887
190629,SMC,-0.18892464,0.33174682
84482,Oligo,-0.13248941,0.26438445
145127,L5 IT,-0.011517882,0.12489307
210630,L2/3 IT,0.41908377,-0.0334844
210607,L6 IT,-0.32407758,-0.054003567
145060,L6 CT,0.12321991,-0.19576976
210591,L2/3 IT,0.3478346,0.041056693
84676,L6 CT,0.048846364,-0.1891751
247202,Endo,0.015737295,0.2474348
84342,L6 CT,0.08184171,-0.19808716
145314,L6 IT,0.22634315,-0.25244874
145197,L6 CT,-0.19356486,-0.10784143
84286,Astro,0.11973256,-0.025792986
83931,Oligo,0.20300537,-0.22642142
210817,Oligo,0.14697999,-0.33450562
265802,Endo,0.15806228,0.29374957
145294,L4/5 IT,-0.3997749,0.14973491
83976,Oligo,-0.11624184,0.12855762
210802,Astro,0.23651242,0.10551715
145289,Micro,0.0125927925,-0.14744246
145283,Endo,0.1477834,0.353675
84034,Endo,-0.12449241,0.07151735
145260,L4/5 IT,0.0317173,0.19425583
84180,Endo,0.08063704,-0.37264156
84208,L2/3 IT,0.36836416,-0.06428853
145217,L6 CT,-0.14514929,-0.16969204
84235,L4/5 IT,-0.049544483,0.17176771
84282,L6 IT,0.35031164,-0.23129946
84289,L6 CT,-0.06647271,-0.014279425
86591,L2/3 IT,0.37336522,0.01871723
190983,L5 ET,0.013512135,0.076245785
143988,L4/5 IT,0.2462725,-0.013233781
143164,L6 CT,-0.036924094,-0.092464685
209222,L6 CT,-0.06400573,-0.0418624
88677,Astro,-0.19844165,0.1310671
143157,Oligo,-0.015722096,-0.2594476
88764,L6 CT,0.30403835,-0.25000507
209190,L6 CT,0.16459095,-0.30080652
264932,L2/3 IT,0.36855608,-0.06613004
143153,L4/5 IT,0.233087,0.014263809
143150,L2/3 IT,0.12226957,0.30190098
143122,Endo,-0.21567619,0.007340133
209154,L2/3 IT,0.18043786,0.23323208
88909,L4/5 IT,0.35362613,-0.17145553
264913,L2/3 IT,-0.28644747,0.36109853
191280,Endo,-0.09731698,0.22704524
88966,L6 IT Car3,-0.33669978,-0.054911107
88609,Endo,0.23692983,0.273673
89052,Oligo,0.10381186,-0.13754523
88598,Sst,0.29982722,-0.27071822
209250,L6 CT,0.15209621,-0.29796734
88206,L2/3 IT,0.3863479,-0.13782236
143282,Oligo,-0.050878584,-0.18524939
88228,L6 CT,-0.053339332,-0.07490322
88239,L4/5 IT,-0.10504648,0.29814476
191238,Oligo,0.1128,-0.15107793
209324,Sst,0.23559701,-0.20600098
88289,L5 ET,0.025394022,0.070648015
88298,L5 ET,-0.34543857,0.061991394
191242,L5 IT,-0.11823782,0.16016912
88382,L5 ET,-0.027616292,0.12478572
88403,L6 IT,0.2954018,-0.24792877
191253,Oligo,0.015098631,-0.06289399
88421,L4/5 IT,0.18849736,0.14168358
88460,Oligo,-0.32367554,-0.035776317
209265,Astro,-0.042349815,-0.13352835
143168,Endo,0.099298656,0.24589139
209360,Astro,-0.25293878,0.4071517
89128,L6 CT,0.14888918,-0.26480973
89205,Endo,-0.105344415,-0.12747309
142841,L4/5 IT,-0.2377223,0.2843268
89640,L2/3 IT,-0.24052233,0.37996703
89651,L4/5 IT,0.09098917,0.1934275
89689,L5 IT,-0.119749784,0.10757971
191372,L5 IT,0.3301224,-0.22703046
89734,L4/5 IT,-0.38230932,0.095149994
244234,Astro,0.083061576,0.12704778
255739,L2/3 IT,0.13249135,0.17569202
264736,L2/3 IT,0.2898658,0.14287382
89843,L5 IT,-0.1046834,0.14578408
89876,Oligo,-0.08747369,-0.19489604
142790,Pvalb,0.47820002,-0.06908998
142743,Pvalb,0.17761552,0.12177551
244242,L6 CT,-0.02013442,-0.06619045
89921,L5 ET,-0.019496322,0.059936583
208948,L5 ET,0.30132025,-0.20821902
255686,Lamp5,-0.12718111,0.35805184
89607,L4/5 IT,0.10727,0.09679288
89550,L2/3 IT,0.093735754,0.27902728
191323,L6 IT,-0.05212733,0.052702606
89253,L4/5 IT,0.27419442,-0.03414154
209071,VLMC,0.35654944,0.15727884
89297,L6 CT,-0.108947426,0.020155728
89300,Pvalb,0.18869698,0.20296055
142948,Astro,0.14947122,0.30532682
142947,Vip,-0.10558778,0.35344815
264825,VLMC,0.3677987,0.13686025
264824,PVM,0.062562406,0.15741295
89415,L6 IT,0.023251891,-0.14874789
89451,Astro,0.3075515,-0.1151807
255712,Peri,0.11047101,-0.41793305
264797,Astro,-0.12600046,0.025642216
191359,L6 IT,-0.07981905,-0.11228597
208997,L6 CT,0.20372319,-0.20754287
142868,Peri,-0.27522978,0.42388016
82941,Pvalb,-0.07166937,0.26728147
143358,L6 IT,0.1514396,-0.08416486
143388,PVM,-0.36983812,0.22308546
143837,L5 IT,-0.01728341,0.09524852
143807,Astro,0.27310884,0.24062276
143799,L4/5 IT,-0.37659597,0.20282072
209728,L2/3 IT,0.4118548,-0.021521598
143780,VLMC,0.39652783,0.10634637
87170,OPC,-0.2036913,0.09315461
87171,L6 CT,-0.083455086,-0.0032671392
87173,Endo,0.12369889,-0.4136303
191074,L6 IT,0.016204298,-0.23871097
244104,L6 CT,-0.15743038,-0.030526489
191075,L2/3 IT,0.0126414895,0.34741402
209689,OPC,-0.3588896,-0.0053904653
143760,OPC,0.013567507,-0.28830835
143742,L5 ET,-0.033569634,-0.03174475
87367,Astro,0.24882013,0.25358707
87034,L4/5 IT,0.33900785,-0.13504031
87405,L4/5 IT,0.34452635,-0.14128661
265215,L4/5 IT,-0.19734022,0.23367536
191041,L6 CT,0.1111328,-0.12819964
86609,Endo,0.028713584,0.23689425
86645,Micro,0.03902054,0.32725066
209936,L6 IT,-0.004176587,-0.103428066
86671,Astro,0.11838615,0.14986771
86709,Endo,0.3786949,-0.084389
86734,Endo,0.0735451,0.11178744
143967,L6 IT,0.16681057,-0.0809468
209911,Astro,-0.31986752,-0.008119434
143957,L5 IT,-0.35134658,0.00876677
86838,Astro,0.1888808,-0.11336455
86891,Endo,0.14098436,0.2184943
209838,L2/3 IT,-0.031588465,0.27983123
244095,L4/5 IT,-0.46929196,0.10940623
86944,L2/3 IT,-0.32381976,0.3110687
86961,L4/5 IT,-0.24991465,0.27394617
143881,L2/3 IT,0.36288458,-0.024328887
143384,Oligo,0.10723126,-0.33350098
87415,L4/5 IT,-0.35246885,0.24094969
143687,L5 IT,-0.36937824,0.0033593178
87795,Astro,0.2440899,-0.2390117
87796,L2/3 IT,-0.30315053,0.36120307
191144,Oligo,0.05983132,0.134812
87825,Vip,-0.33679122,0.2826972
87835,L2/3 IT,0.0073698163,0.36796862
87877,L5 IT,0.07685006,0.064234436
143492,Astro,0.07382083,0.37829745
87965,Oligo,-0.053468436,-0.23306552
143451,L4/5 IT,-0.45683292,0.07649636
143443,L4/5 IT,-0.42399558,0.10797089
209405,Oligo,-0.054250628,-0.22400537
88100,L5 ET,0.29447848,-0.2921561
88102,Endo,0.1388706,0.12762743
88144,L6 IT,0.024107933,-0.2324442
88170,Endo,0.3042854,0.08428329
143609,L5 ET,-0.2876442,-0.0008496642
265153,L5 IT,-0.23486447,0.14539224
209488,Sst,0.06835562,-0.15504828
143640,SMC,-0.079726785,-0.23776686
87445,L2/3 IT,0.41301554,-0.07817015
209594,Endo,0.026509583,0.352965
209573,SMC,0.28294957,0.18594599
87535,Astro,-0.10124096,0.08243394
265123,L2/3 IT,0.3978969,-0.03329441
87548,L6 CT,0.14833522,-0.26221013
209532,L4/5 IT,0.04731095,0.17702949
87579,L6 CT,0.18961895,-0.30768389
87585,L5 ET,0.1689524,-0.05535865
265108,Astro,-0.28980505,0.120871305
247136,L6 CT,-0.25659186,-0.016152442
87625,PVM,-0.018263876,0.41598856
191095,Micro,0.29152507,-0.2498219
143652,L2/3 IT,0.10772723,0.21427125
244139,Peri,0.08365774,-0.32394403
209491,Oligo,0.11337119,-0.33436581
97256,Oligo,-0.32051715,0.27668792
89448,Micro,-0.23985586,0.045752585
950,Pvalb,-0.09501892,-0.037414074
239933,L6 IT,-0.13734046,-0.17499736
235006,Astro,-0.31103358,0.31233442
14913,Endo,0.049997807,0.18263435
233343,Endo,0.30406803,0.049949825
11133,L6 CT,-0.078556776,0.02741921
3776,L5 ET,0.25139362,-0.28175414
283,L6b,0.13640541,-0.34435526
5073,L6 CT,-0.1201787,0.01955986
9103,Astro,-0.12940249,0.03831637
7151,L4/5 IT,0.3896823,-0.1616646
278728,L6 CT,-0.11481202,-0.08002141
7157,Pvalb,-0.08013928,-0.103514224
9106,L5 IT,-0.06268135,0.11818296
14897,L5 ET,-0.036946744,0.035992444
3769,Lamp5,-0.037415475,-0.23496741
238186,L2/3 IT,0.3689918,0.054593086
14487,Endo,-0.047869474,-0.04110068
10428,L4/5 IT,-0.4305761,0.09561759
278202,Micro,0.20253623,-0.27727735
7141,L5 IT,-0.33374047,0.028175473
7979,Sst,6.93202e-05,0.32845676
1516,Peri,-0.3473699,0.04509908
3831,L5 IT,-0.22890958,0.052969873
10368,Astro,0.10796237,0.37730825
9024,L5 IT,0.026316047,0.10457003
4998,L2/3 IT,0.36252588,0.050037622
239209,VLMC,0.1765008,0.35100895
10376,Oligo,0.29851854,-0.26225993
7108,L5 IT,-0.14619002,0.0580312
240054,L2/3 IT,0.35108316,-0.052782565
13421,Endo,0.29348183,0.031338632
9062,Astro,0.09603965,0.36476928
16173,L4/5 IT,-0.27061075,0.28692365
236952,Endo,0.16990447,0.15949535
278979,Oligo,-0.041651905,-0.27452332
5030,Astro,-0.023917317,0.08511907
10418,Astro,-0.10427633,0.41467625
14469,Endo,-0.05180645,0.34557134
7988,L5 ET,-0.036867946,0.09123504
17322,L6 CT,0.15363294,-0.19053769
11187,L5 ET,0.23182887,-0.25072277
279821,Endo,0.07572675,0.17719215
9630,VLMC,-0.33703578,0.4210667
9620,L4/5 IT,-0.35569662,0.21121418
9129,L5 IT,-0.08469722,0.105246484
10495,L5 IT,-0.3445554,0.12823814
6022,L4/5 IT,0.18752217,0.09848201
10500,Endo,0.1323278,-0.42592764
239408,L6 IT,0.13759208,-0.07058096
10503,L5/6 NP,0.23104072,-0.27087113
6015,Micro,0.3526894,0.12736195
13893,L6 IT,-0.18095502,-0.1500274
15609,L4/5 IT,0.0536083,0.1556133
15614,Astro,0.19389778,0.28258896
11910,L4/5 IT,-0.3435671,0.25199687
1462,L4/5 IT,-0.21876493,0.2834962
14529,L4/5 IT,-0.1809111,0.23295057
14530,L6 IT Car3,-0.31920856,-0.0907996
3702,Oligo,0.12475324,-0.41873747
3688,Micro,0.1893363,0.15500313
2155,L4/5 IT,-0.08484778,0.20539337
1476,Endo,-0.24115726,-0.013349682
278197,L6 CT,0.19667047,-0.3112415
236367,L5 IT,-0.1622996,0.13653499
237747,L5 IT,-0.37040037,0.11672652
6070,L6 CT,0.0013982654,-0.23760712
280281,L5 ET,-0.36374545,-0.00078451633
238209,Vip,0.039602757,0.44050825
14499,Astro,-0.36360902,0.097307384
1480,L2/3 IT,0.14305574,0.27424306
11096,L4/5 IT,-0.27753443,0.2839591
17539,Peri,-0.27460998,-0.12433031
10448,L4/5 IT,-0.2910536,0.23328692
235333,Oligo,0.051879108,-0.3376273
16452,L4/5 IT,-0.25818253,0.2773081
238929,Micro,0.044439018,0.18054205
239605,Oligo,0.30465174,-0.0982911
279918,Astro,-0.015199393,-0.29233345
9124,Endo,0.06578648,-0.17502812
233660,L4/5 IT,-0.15250647,0.2540899
6062,SMC,0.08922011,0.2922241
5125,L4/5 IT,0.34367138,-0.067400336
234643,Pvalb,0.21465373,-0.14013651
238704,L2/3 IT,0.3901772,-0.046201915
8045,L4/5 IT,-0.1576697,0.22318739
9663,L5 ET,0.06952304,0.07256043
13022,L5 ET,0.031219244,0.0752691
3086,L6 IT,0.039929986,-0.22658822
233546,L6 CT,0.14419198,-0.16094497
15928,L2/3 IT,0.2237038,0.14566869
278765,PVM,0.106796205,0.36680156
14373,L6 CT,-0.15850765,-0.075693965
13362,Pvalb,0.08047354,0.24197441
8163,L2/3 IT,-0.30384183,0.34155542
6994,Astro,-0.15775853,-0.0096412
3958,Endo,0.14180678,0.037653565
6271,L4/5 IT,-0.4124812,0.13268667
12539,Endo,0.4082657,-0.067515105
237999,L2/3 IT,-0.027521819,0.28308755
2021,L4/5 IT,0.32575208,-0.015084296
237995,Astro,0.10048944,-0.41263357
237344,L6 CT,-0.078321934,-0.03919083
239819,Oligo,-0.24032918,-0.051121593
233291,OPC,0.11114347,0.10937613
235697,L6b,0.0022841692,-0.24417776
6294,Oligo,0.23872584,-0.20323238
237662,L2/3 IT,0.22588193,0.19554698
277625,Pvalb,0.1559506,-0.07567233
278493,PVM,0.22897631,0.31289637
15490,L6 IT,0.0709638,-0.13302132
13337,L5 IT,0.00059890747,0.09485525
234179,Peri,-0.38638675,0.094120085
13345,Peri,0.22958905,0.10626364
15092,Sst,0.17584509,-0.05434847
233554,L6 IT,-0.14996296,-0.046660215
9711,Endo,-0.20858043,0.1420058
17288,Oligo,-0.34027612,-0.10714859
795,Vip,-0.23857391,0.3772778
15077,Oligo,-0.16615176,0.3522464
16567,L5 IT,-0.029893816,0.15376037
11291,L5 IT,0.23869687,-0.07694289
8902,L4/5 IT,-0.1937258,0.31175435
233784,Astro,0.048267484,-0.41123113
16563,Oligo,0.102053404,-0.41940725
278928,L5/6 NP,0.066604674,-0.09494376
212,Endo,-0.16197354,0.19700563
236263,L6 CT,-0.09855279,-0.049264073
6266,Endo,0.1481443,-0.25496197
6263,Oligo,0.06358427,-0.13139978
4942,L6 CT,-0.2512865,-0.09385902
2566,Endo,-0.05940041,-0.23235798
15891,L6 CT,-0.24717456,-0.116300344
8086,L5/6 NP,0.2282741,-0.2878241
6215,L4/5 IT,-0.22029933,0.23739004
236279,L4/5 IT,-0.24275845,0.21035266
12954,L6 CT,0.04267353,-0.09623352
11203,L5 IT,0.2818553,-0.105766505
4938,L6b,0.1344052,-0.3715144
11847,L6 CT,0.029770136,0.011739731
3148,L5 IT,0.29497248,-0.1662102
13961,OPC,0.08567929,0.2604506
16498,VLMC,0.088629246,0.41062683
4973,Endo,0.15978658,0.037334025
2563,L4/5 IT,-0.33973387,0.24569046
248,L2/3 IT,0.4052565,-0.07915965
234607,Oligo,0.062493086,-0.35746327
238359,PVM,0.2302388,0.0070872307
1138,L4/5 IT,0.30788702,-0.13758111
11917,Micro,0.1900441,0.21351874
4937,L4/5 IT,0.011364341,0.21855909
17588,L2/3 IT,0.09087622,0.30221623
237330,Oligo,-0.006924659,-0.20834133
16817,L5 ET,-0.055463493,0.09189719
3924,Oligo,0.0032141209,-0.29256377
9705,Micro,-0.029792994,-0.09552434
9702,PVM,-0.36883152,0.326468
237325,Lamp5,0.31529754,-0.2532884
12556,L2/3 IT,0.03215909,0.24845362
239233,L2/3 IT,0.15036535,0.29577476
8097,L6 IT,0.14230365,-0.11613414
12243,L4/5 IT,-0.21375096,0.20019239
239232,Astro,0.3147351,-0.14897174
234754,L5/6 NP,0.1650129,-0.19147533
279264,Endo,-0.24151582,0.012562454
10319,Oligo,0.114239335,-0.4273744
235288,Oligo,-0.026269525,0.2174905
235291,L5/6 NP,-0.36424005,0.010238588
6229,L4/5 IT,0.39055258,-0.13366017
15547,L6 IT,-0.22050887,0.15715939
8947,L6 CT,-0.15871868,0.013772726
8878,Endo,-0.34932244,0.1466046
5981,Endo,-0.27356404,0.114506245
11922,L2/3 IT,0.07857162,0.24562097
7627,Astro,0.116702735,-0.11842108
277933,L6 IT,0.07691479,-0.115553886
13818,L5 IT,0.24961281,-0.09081215
1304,L5 IT,-0.2832673,0.16960037
235434,L2/3 IT,0.41308457,-0.15818653
235835,L5 IT,-0.27550614,0.114363074
3514,Peri,-0.3975309,0.26256305
238893,Endo,-0.37794185,0.28588545
2400,L4/5 IT,-0.16841906,0.21662015
7364,L6 IT,0.08266002,-0.060624838
10697,PVM,-0.08919397,0.42015588
14702,L6 CT,-0.12093103,0.051671684
5747,Oligo,0.16053343,-0.18637857
2280,L6 IT,-0.0041097403,-0.13037008
5495,Oligo,-0.26220655,0.19938362
235804,L2/3 IT,0.019410133,0.34704155
239562,L4/5 IT,-0.12421417,0.26308686
5782,L5 ET,0.124637544,-0.09713811
7629,L4/5 IT,0.17683816,0.08508319
279773,Oligo,0.024653971,-0.2330685
233326,Endo,-0.43183446,0.113527775
3353,Oligo,0.18418616,-0.18882689
17366,L6 CT,-0.12991753,0.009160101
9300,L6 CT,0.003454566,-0.09553039
2251,Astro,0.19511765,0.2705835
2258,Oligo,0.08355594,-0.40998772
10660,L2/3 IT,-0.29908442,0.3696512
239575,VLMC,0.26432878,0.27631146
3364,L5 IT,-0.37438354,0.028050244
237068,L4/5 IT,-0.054943025,0.26827204
14736,Pvalb,-0.25739685,0.36755395
16350,L6 CT,-0.16762185,-0.062428832
5788,L2/3 IT,0.0026338696,0.37504697
10672,L5 IT,0.005533278,0.07667935
5784,L4/5 IT,-0.11580843,0.28643554
233327,L5 IT,0.23580652,-0.20865723
17372,L4/5 IT,0.07000375,0.20425463
235837,Endo,-0.2475189,0.22263551
16984,L6 CT,0.10431379,-0.2710419
9310,L2/3 IT,0.1322909,0.26730484
406,L2/3 IT,0.047403395,0.32645285
7591,Micro,0.19800508,0.21640563
5732,L6 IT,-0.1361101,-0.16782543
233698,Astro,0.2050991,0.1909734
16284,L2/3 IT,0.4163521,-0.030263424
14650,Pvalb,0.14570862,-0.14442539
239154,L2/3 IT,0.07196361,0.24677122
17409,Micro,0.10996944,0.37765038
235817,Astro,0.28184527,-0.21739405
237106,L5 IT,0.3171659,-0.22982845
10763,L2/3 IT,0.42656958,-0.07329059
13761,Astro,0.100337386,0.29557908
15738,Astro,0.29713923,-0.22357449
1346,L2/3 IT,0.20752925,0.13345969
14652,L6 CT,0.14290798,-0.30178005
9416,Peri,-0.15554202,0.36372536
5613,Micro,-0.29168683,0.1818052
237090,Micro,0.32001406,-0.15908927
233191,L6 CT,0.13347793,-0.18434122
234063,L6 IT,0.047502697,-0.1224094
277405,L6 CT,0.11850542,-0.3230484
5564,Astro,0.34677315,0.16883802
496,L6 CT,-0.017704666,-0.04912287
2359,L5 IT,0.055162728,0.015319765
237890,L2/3 IT,0.14400232,0.2990498
12735,L5 IT,0.3291756,-0.25238335
2290,Oligo,-0.022276878,0.1696192
524,Peri,0.03836435,0.029065013
17423,L4/5 IT,0.37495327,-0.17148873
7551,Oligo,0.115021825,-0.42835286
236509,Endo,0.11289227,0.18835145
237850,Pvalb,0.06797218,0.09996003
9482,Peri,0.20797932,0.31051874
13732,L4/5 IT,-0.12205583,0.23230529
279352,Oligo,-0.024380535,-0.15888503
234305,L4/5 IT,-0.06359339,0.21084762
10720,SMC,0.072276294,0.39098948
515,L4/5 IT,-0.020505369,0.24071932
237881,L2/3 IT,0.2022708,0.17967278
9396,Micro,-0.24274975,0.38800788
278674,Endo,-0.423481,0.2177403
3409,Oligo,0.08552307,0.17316216
7407,L6 CT,0.1505419,-0.3743648
13841,L4/5 IT,-0.29928446,0.2668109
12720,Endo,0.08153379,0.1793459
5433,L6 CT,-0.22128582,-0.018175542
3296,L6 CT,-0.11543062,-0.075219095
278700,L6 CT,-0.10365829,-0.10501468
3297,L6 CT,0.09629494,-0.18770194
12152,L2/3 IT,-0.084922105,0.42438048
236436,PVM,0.06764054,-0.29944655
238912,OPC,0.24571902,-0.29866415
234280,SMC,0.1698373,-0.20859283
10963,Endo,-0.35979626,-0.02730921
278627,L2/3 IT,0.324053,0.049131036
13572,SMC,-0.16391611,0.43914366
237238,OPC,0.13143784,0.11824149
5298,L6 IT,0.029640436,-0.15951246
3311,L5 IT,0.004131973,0.08893865
5307,L6 IT,0.08449823,-0.26786715
10956,L4/5 IT,-0.17595547,0.2736932
10955,L6 CT,0.17059714,-0.35201702
11946,L4/5 IT,0.25234532,0.048265994
234706,Astro,0.13111335,-0.4024564
11930,L4/5 IT,-0.44555205,0.15787095
11009,Sst,-0.40207368,0.12766784
235868,L5 IT,0.06255251,0.038351715
16917,L2/3 IT,0.21440238,0.085543096
278712,L6 IT,-0.07691765,-0.09326628
14534,L6 CT,0.04223007,-0.20173839
676,L2/3 IT,0.07493281,0.32117492
235503,SMC,-0.1959492,0.02960062
2185,Oligo,0.297558,-0.16723734
2191,Astro,-0.2897113,0.37985045
236417,L6 CT,-0.15075219,-0.117803335
235863,Pvalb,0.30698436,-0.06310302
235756,Astro,0.10507637,-0.3840885
7797,L6 IT Car3,-0.3057341,-0.12732291
12863,Sst,0.40953606,-0.120931864
11020,Astro,0.057204008,0.2246123
11014,L5 ET,0.34982556,-0.2574398
235870,L6 IT,-0.3110231,-0.017062455
664,PVM,-0.15532652,-0.18779668
5253,L6 CT,0.015984058,-0.057691038
236428,Micro,-0.32401198,0.15294856
239594,L6 IT,0.05411136,-0.07680592
238609,Vip,0.04232192,0.24087167
5947,Oligo,0.2169913,-0.17815343
237001,Sst,0.11278695,0.28625822
17485,L6 IT,-0.013924241,0.01939702
237023,L6 IT,0.030761778,0.03651893
238663,SMC,0.48249424,-0.1253654
16963,Astro,-0.4430975,0.106927514
16379,L4/5 IT,-0.15395766,0.26109254
12714,L4/5 IT,-0.40320042,0.18831462
234969,L5 ET,-0.25763953,0.14835298
9544,Pvalb,0.02963686,-0.09293932
237200,Micro,-0.13794112,-0.13271576
277631,VLMC,0.017127335,0.44471508
14763,L6 CT,-0.04363516,-0.20433694
13624,Astro,0.18857503,0.34741145
3598,L2/3 IT,0.13765013,0.2965492
7682,L6 CT,0.1629526,-0.25622964
235785,L2/3 IT,0.33376378,0.004448414
7675,Astro,-0.06618345,0.19385165
14748,L6 IT,0.19358861,-0.13124356
237910,SMC,-0.1755226,0.48416662
14595,L4/5 IT,0.35299045,-0.20962027
5192,Astro,-0.112882346,0.21747261
9551,Micro,-0.35333645,0.3669517
279927,Pvalb,0.035668135,-0.1729356
15812,Astro,0.091808915,-0.25918138
11949,OPC,-0.015787214,0.2561648
10590,L5 IT,0.0104596615,0.10016906
5331,L6 CT,-0.096396476,-0.061579376
7727,L4/5 IT,-0.17055467,0.3072456
279754,L4/5 IT,-0.41207328,0.20706505
237799,Sst,-0.25245366,0.26525015
236596,L6 IT,0.101118565,-0.07980627
17066,Vip,0.0031592846,-0.2265966
237214,L5/6 NP,0.2238102,-0.27126896
14788,L5 ET,0.03625202,0.11624092
238665,L4/5 IT,-0.41617846,0.08497113
13593,Oligo,0.06720418,0.10885227
10612,Astro,0.31668502,-0.051429093
2451,L5 IT,-0.15101188,0.13670623
277563,L6 IT,-0.29827523,-0.11170679
5375,Sst,-0.108284384,0.101080775
279766,Oligo,0.067293346,0.26352847
633,L5 IT,-0.09637469,0.07985908
17152,L6 IT,-0.37945208,0.048283696
16848,L5 ET,-0.053942114,0.035229623
14255,L2/3 IT,0.2810995,0.08485353
12412,Micro,0.17341226,0.19071507
8459,L6 CT,0.07998747,-0.042591035
16610,Astro,-0.037947208,0.15117753
233266,Endo,-0.27514988,0.13449413
12478,Endo,0.25606054,0.25119376
3029,Micro,0.39185625,-0.10153824
11399,L5/6 NP,-0.19708782,0.0012331605
233121,Micro,0.08864033,0.13420111
11504,L4/5 IT,0.32342046,-0.023839653
8800,L2/3 IT,0.31834143,-0.042150766
10199,L6 CT,-0.15300259,-0.11661035
9907,L2/3 IT,0.35094088,0.036607504
15188,Micro,0.036565065,-0.1675508
239967,SMC,-0.005394131,-0.04025829
13102,L5/6 NP,0.3149863,-0.2345033
2723,L5 IT,-0.065665275,-0.02147606
8297,L4/5 IT,-0.29656258,0.30737865
13308,Pvalb,0.3234257,-0.18175489
6921,Astro,0.14585918,-0.24973077
277506,Micro,0.4216007,-0.04834068
6396,Pvalb,-0.114641726,-0.055146635
238476,L2/3 IT,0.12370551,0.24826312
16759,Oligo,0.011655033,-0.036262333
279231,L6 CT,-0.06921074,-0.06342873
239132,L6 CT,-0.27835983,0.0044844747
234208,L6 CT,-0.22676623,-0.08365372
238430,L6 IT,0.105487585,-0.072372705
280031,L5/6 NP,0.3285852,-0.29152474
8550,Endo,-0.3325273,0.0027400255
6926,L6 IT,0.17320526,-0.10938954
11696,L6 CT,0.17390645,-0.32543504
16756,Astro,-0.35915667,0.0076239705
6748,Astro,0.28377336,-0.2809531
9808,Endo,-0.41307342,0.08602059
277485,L6 CT,-0.25717315,-0.060805917
4700,Astro,0.43338722,-0.038817942
236727,Astro,0.33611822,0.042605937
2706,Oligo,0.14760184,-0.44331333
1928,L6 CT,0.17728305,-0.33517945
10028,L4/5 IT,-0.12713057,0.28056145
238771,L2/3 IT,0.21698505,0.23650914
2925,L2/3 IT,0.14031523,0.31323308
11510,Astro,0.28109223,-0.07231492
4698,L6 IT,0.05268711,-0.0028942823
10205,L5 IT,0.21754783,-0.07993999
235572,L2/3 IT,-0.092587024,0.3028857
233595,Vip,0.22017998,0.041989148
8810,L6 IT,-0.22615796,0.045277417
6449,L2/3 IT,0.31163687,0.012987435
4584,L5 IT,-0.10223243,0.050076723
278785,L4/5 IT,0.018732369,0.17679536
15387,Endo,0.26468754,0.24861431
8701,Pvalb,-0.11419296,0.15616906
279851,Sst,0.044575036,0.11228508
2708,L5 IT,-0.2091864,0.089791834
10074,L4/5 IT,-0.40995643,0.07131672
14065,L6 CT,0.0640018,-0.2735654
16682,Astro,0.079781115,0.2815181
278002,L5 ET,0.0007135868,0.16655451
10154,L5 IT,-0.16575107,0.19151223
236052,L6 IT,0.05957502,-0.21311748
15977,Astro,-0.46950817,0.09221208
11484,L4/5 IT,-0.3467844,0.12922901
233819,L4/5 IT,0.17270988,0.12724984
233399,L4/5 IT,-0.1492238,0.23523921
2992,Astro,-0.2539739,0.4507324
279227,L4/5 IT,-0.41166127,0.20745254
236861,Oligo,-0.034988254,-0.24869123
277351,Oligo,-0.10121074,-0.08413762
233848,L2/3 IT,0.20545506,0.22014034
238991,Peri,-0.1551269,0.34391308
2686,L4/5 IT,0.3258502,-0.163818
917,Endo,0.10504931,-0.39833534
235191,L2/3 IT,-0.31166458,0.3591364
13053,L2/3 IT,-0.194276,0.325804
11464,VLMC,0.031569183,0.44593996
233410,L6 IT,-0.0988158,-0.15068936
239359,Endo,0.3707714,-0.10401347
854,Endo,-0.11804542,0.039058447
236195,L6 IT,0.035742104,-0.088541746
8650,Peri,-0.026690483,0.18879443
17213,Micro,0.2298308,0.19072616
6919,L4/5 IT,0.36576873,-0.14414069
12389,L4/5 IT,0.3067454,-0.031240344
4664,L2/3 IT,0.0058318973,0.25458574
13105,L5 ET,0.32123733,-0.28353846
14076,SMC,-0.27376467,0.18856627
236119,VLMC,0.05234295,0.42940432
2683,L6 IT,0.029845774,-0.1123265
10178,PVM,0.14291257,0.38867992
16075,Oligo,0.10249281,-0.381494
233272,VLMC,0.463471,0.02786237
13301,OPC,0.42882866,0.014828086
234806,L2/3 IT,0.12922126,0.2812441
235082,L6 CT,-0.2206808,-0.040171474
8663,L2/3 IT,0.20280951,0.2229529
58,Micro,-0.34857967,0.12172121
10076,Astro,0.04682958,-0.11870831
10158,L2/3 IT,-0.1723238,0.424572
277428,L2/3 IT,0.25917614,0.04040253
8667,Endo,-0.14504483,-0.17085764
6878,VLMC,0.3674758,0.15684217
15386,L2/3 IT,0.29975873,-0.0017699003
279904,L2/3 IT,0.3711496,0.054231584
237557,Oligo,0.083918035,0.13975942
9989,L6 CT,0.17260045,-0.23741749
6817,L5 IT,-0.057979167,0.16587192
14194,L2/3 IT,0.112639666,0.34205276
2746,L5 IT,0.3044709,-0.17321244
13034,Endo,-0.38280153,0.1581381
1623,L4/5 IT,-0.053795278,0.23816162
4308,Endo,0.41103303,-0.12104976
278861,Oligo,0.17654842,-0.30724907
2859,Pvalb,0.040895104,0.2992803
4718,VLMC,0.24544954,0.2880233
15365,L2/3 IT,-0.013351679,0.29480237
14168,Endo,-0.036292523,-0.06517702
14325,L6 IT,0.25909597,-0.25104615
236106,Astro,-0.25400692,0.00962162
235180,L4/5 IT,0.1518398,0.17997926
11640,L2/3 IT,-0.26542348,0.39296448
816,Astro,0.40936917,-0.13394332
237639,L6 IT,0.15957135,-0.12829176
236710,Oligo,0.12431055,-0.39757097
17276,Pvalb,-0.10777545,0.17338938
4298,Astro,-0.3046202,0.04358101
12418,SMC,0.22698903,0.27875662
239840,PVM,0.15701902,-0.4311458
278549,Peri,-0.3641407,0.118162036
233623,L2/3 IT,0.16216111,0.29275793
15339,Endo,0.06872642,0.16874844
875,L5 IT,-0.39244005,0.08589494
14264,L2/3 IT,-0.42536977,0.23316377
278839,Oligo,-0.26989812,0.052993834
10235,L6 CT,-0.11175981,-0.05700493
233401,L2/3 IT,0.15022069,0.21385783
14104,L5 IT,-0.12695763,0.105261385
6350,Astro,-0.279422,0.4052106
1751,L6 IT,0.0053986907,-0.14315233
277610,L4/5 IT,-0.21132225,0.2853992
16653,L6 IT,0.20486027,-0.33802813
234492,L2/3 IT,-0.012993783,0.2796793
6346,Astro,-0.1970334,0.13540345
239678,L5 ET,-0.050451636,0.1317932
233893,L6 CT,-0.13424024,-0.07909328
16058,Endo,0.031507313,0.1370511
17244,Endo,0.34797698,-0.20577106
8863,Vip,-0.14924952,0.35840338
239039,L5 IT,-0.34155816,0.011988163
13132,L2/3 IT,0.4122786,-0.13697931
953,OPC,0.24521303,0.2477988
14231,L2/3 IT,0.064982355,0.25581104
234209,Pvalb,0.13356721,-0.12530032
4264,Endo,-0.097889125,0.36593354
237549,Astro,-0.061954767,-0.20664424
15202,L2/3 IT,-0.315772,0.31031722
2,SMC,-0.26801938,0.44731623
14098,Peri,-0.0518198,-0.13950789
238488,L6 IT,-0.14362645,0.06714511
9979,Oligo,0.18436295,-0.2282021
12311,VLMC,0.25000602,0.28814662
16663,L2/3 IT,0.40284514,-0.05030325
8627,Endo,0.1181252,0.23783165
237623,L6 IT,-0.10306665,-0.09712261
239375,Endo,0.064608514,0.1747055
239679,L4/5 IT,-0.26044142,0.24093282
14173,L4/5 IT,0.090907335,0.13217866
6635,L2/3 IT,-0.3267846,0.3710708
