,cell_class,coord_X,coord_Y
138158,L2/3 IT,-0.3743353,0.0926438
256526,L4/5 IT,-0.029105514,0.091686785
6663,L2/3 IT,-0.37657267,0.048457444
138336,L5/6 NP,-0.13008758,-0.08069506
132250,L5/6 NP,0.16444492,-0.20251527
554,Oligo,-0.09188157,-0.3040347
155201,L2/3 IT,-0.25349832,0.26640433
56478,Sst,0.2489379,0.09399295
28432,L2/3 IT,0.35175496,0.03490728
222268,L4/5 IT,-0.006796062,0.078953326
25487,L5 IT,-0.23465148,-0.066467375
49389,Lamp5,-0.3415456,0.3870502
236739,L5 IT,0.26517218,-0.17517745
22579,Astro,-0.4748943,0.25157553
49334,Vip,-0.080313265,-0.16461131
193112,Oligo,0.05215466,-0.4082138
48878,Pvalb,-0.20066786,0.029209316
6253,Endo,-0.39157254,0.10990161
604,L2/3 IT,0.096687496,0.17962432
194998,Endo,-0.40522513,0.122154
6811,Sst,0.048101783,-0.27485406
157733,L4/5 IT,-0.08889097,-0.3206793
275949,Lamp5,-0.16650409,0.44709933
275942,L4/5 IT,-0.26997098,0.10960293
222403,Astro,-0.3579234,0.26586926
157667,L2/3 IT,0.20334262,0.17241192
220070,Vip,0.45416963,-0.01991722
25464,L4/5 IT,0.057595372,0.089681685
159981,OPC,-0.20617351,0.114965975
49481,L5 IT,0.18579346,-0.09979054
24597,L2/3 IT,-0.259701,0.24161714
138347,Endo,0.30633265,0.06291419
229356,L2/3 IT,0.3240242,0.03211522
192933,OPC,-0.2534009,0.23855656
28296,Oligo,0.007820785,-0.07302439
24625,Peri,0.09400189,0.15480983
137774,SMC,-0.3810408,0.34757113
137860,Astro,0.1054551,0.21932608
193086,VLMC,-0.1799874,0.44812828
132128,PVM,-0.18357748,0.459122
160069,L2/3 IT,0.3626529,-0.07564938
249407,L4/5 IT,0.06420624,0.016195774
173492,Sst,0.28046787,-0.13680625
6373,Vip,0.027984679,-0.05488524
6393,L4/5 IT,0.15127605,0.0029376745
222365,Vip,-0.13064656,0.3920504
270619,L5 IT,0.19838679,-0.14360717
56382,Pvalb,0.11641914,0.010998011
276405,L5 IT,-0.2039577,-0.13369837
49030,L2/3 IT,0.20966089,0.14110088
6709,L5 IT,-0.20031658,-0.14531955
276421,VLMC,-0.4291772,0.30530405
192996,L4/5 IT,0.14940757,0.06219834
250351,L4/5 IT,-0.1759963,0.13078046
249017,L4/5 IT,-0.26315376,-0.114381105
22440,L6 CT,-0.00028657913,-0.22891948
28235,L2/3 IT,-0.0772472,0.24792486
178804,L6 CT,-0.05036366,-0.31021208
185605,L2/3 IT,-0.3726372,0.107936025
28338,Endo,0.08755392,0.3006037
138211,L4/5 IT,0.02936405,0.077436626
56400,L6 CT,-0.10328996,-0.18358758
236905,VLMC,0.4621542,0.06714159
173548,L5 ET,-0.00022161007,-0.0091829
6273,Micro,0.31570452,-0.15221035
192982,L4/5 IT,-0.27478316,0.031966925
28178,Vip,0.17671484,-0.2287069
6461,L6 CT,-0.092300355,-0.31569055
137785,L5/6 NP,-0.017334908,-0.25142947
247882,Oligo,0.11162168,-0.104536295
240480,L2/3 IT,-0.37211096,0.12501848
6741,L5 IT,-0.107660115,0.019879997
137880,L4/5 IT,-0.11998889,0.09594107
173528,VLMC,0.14372385,0.3492024
56388,Pvalb,-0.22356486,0.30025494
155273,L2/3 IT,-0.26108885,0.21779084
242343,L2/3 IT,0.28562123,0.09248483
132262,Endo,-0.44386178,0.25465417
27817,L4/5 IT,-0.2597195,-0.11064705
187061,Sst,0.20574582,-0.2699697
22855,L2/3 IT,0.1299699,0.10854393
271692,L4/5 IT,-0.2510687,-0.057679653
221965,L2/3 IT,0.14861387,0.23309952
136970,SMC,0.20221835,-0.084457666
5661,L6 IT,0.16728288,-0.22564319
194865,Astro,-0.14635551,0.22827166
174028,L5 IT,0.16786116,-0.0610362
25517,Peri,0.21643114,0.009304285
173975,Endo,-0.26975054,-0.24060202
902,L4/5 IT,0.21749455,0.009657562
173962,Endo,-0.38030607,0.059949756
159861,Sst,0.023660481,-0.16227642
27957,VLMC,0.409873,0.13440639
137124,L4/5 IT,-0.15015289,0.111502945
193285,L6 CT,0.010470092,-0.23288807
137153,L2/3 IT,0.32202762,0.08818996
238770,L5 IT,-0.01585421,-0.4318516
869,L5 IT,-0.026135206,-0.016727656
229495,Sst,0.34599304,0.009342849
179295,L5 IT,-0.14514947,-0.02099213
5737,Endo,-0.058658272,0.20072281
174114,Vip,-0.0770511,-0.4073894
242450,L2/3 IT,-0.36104044,0.13422781
136935,L6 CT,0.16065276,-0.32667595
136906,L2/3 IT,0.41072798,-0.00071278214
257338,OPC,-0.20966756,0.403867
24473,PVM,0.1971981,0.031519532
279449,L2/3 IT,0.08764982,0.23385113
174334,L6 IT,-0.12009612,-0.11705008
23019,L6 IT,0.07758218,-0.19630316
50466,VLMC,-0.48012003,0.19783735
136749,Sst,-0.10416129,0.29019982
256653,VLMC,-0.07925382,0.4438842
23013,Pvalb,-0.19667947,-0.16162664
157592,Endo,-0.3447668,0.03196019
193409,VLMC,0.45165938,0.07440442
279421,Endo,-0.16223118,0.033245623
256647,L2/3 IT,-0.3101108,0.22187948
136822,L4/5 IT,0.18354928,0.03667587
239121,Pvalb,-0.07564533,0.033124745
157601,SMC,-0.17812914,-0.29006594
180776,Peri,-0.35986996,0.10934681
27801,L6 CT,-0.05220127,-0.39853334
27802,Sst,0.1955362,-0.06443471
22856,L4/5 IT,-0.2114619,0.043646038
27806,L6 CT,-0.082306534,-0.28179777
174160,Endo,-0.20899606,0.16136414
174144,Endo,0.18662262,-0.31798106
229535,Peri,-0.21559405,0.16616815
253548,L2/3 IT,0.05950582,0.20740783
132388,L2/3 IT,0.30326015,0.023157418
155579,L5 IT,-0.06917438,-0.3571874
22661,VLMC,-0.45797256,0.2868722
49711,L4/5 IT,-0.3472265,0.043540537
22658,PVM,-0.04850295,0.33556437
180984,L6 IT,0.11408275,-0.32115293
49665,L6 IT,0.11520219,-0.33518183
22644,L2/3 IT,0.16890651,0.26276028
25511,Endo,0.21096092,0.101908326
181000,L4/5 IT,-0.27948672,0.0648669
132291,Endo,-0.0215621,0.35194367
137629,Endo,-0.24124789,0.2895503
6860,Endo,-0.19911304,-0.20810238
6039,L4/5 IT,-0.26279014,0.023008049
738,L2/3 IT,-0.37030143,0.19431484
181007,L4/5 IT,0.023271441,0.11223233
242029,L6 CT,0.09052795,-0.3667913
49586,L4/5 IT,0.09182733,0.028740227
173740,L2/3 IT,0.04939407,0.1546526
137633,L5 IT,-0.1840995,-0.1699025
222196,Endo,0.12062198,0.31262964
187134,L2/3 IT,-0.38158417,0.14835739
173672,L6 IT,0.069600105,-0.10731828
49537,Pvalb,-0.14977637,0.27004552
222222,Oligo,0.10114151,-0.28700855
271739,Endo,-0.2531626,0.09661269
159871,L4/5 IT,-0.28829432,-0.032690674
173807,Astro,0.02714914,0.30219716
237009,VLMC,0.026622713,0.43633235
132386,Endo,-0.027914703,0.40425086
27982,PVM,0.18798357,0.2632891
137175,L6 CT,0.032701194,-0.42845914
178644,Pvalb,-0.20313057,-0.18686008
137242,L6 CT,-0.13565075,-0.29226255
49968,Vip,-0.22509915,0.2558673
137246,L5 IT,0.049537122,-0.00893718
56157,L4/5 IT,-0.30611932,-0.1446496
49917,Endo,-0.10692412,0.03806877
230406,L4/5 IT,-0.072383374,0.10293949
270650,L6 CT,0.13454485,-0.32605177
220085,PVM,0.06487864,0.36795998
242061,L5 ET,0.13141304,-0.24759325
49867,Micro,0.14790505,-0.32206446
179282,L2/3 IT,-0.19823015,0.29904205
173829,VLMC,0.23651665,0.26328766
137354,L5 IT,0.033825815,-0.06557062
137380,L5 IT,-0.011628181,-0.2940124
185682,L2/3 IT,0.3148629,-0.053009182
173823,L2/3 IT,0.09586668,0.15764439
178675,Astro,-0.23639962,-0.023658931
137431,L2/3 IT,-0.20737305,0.3474273
132302,L4/5 IT,0.13487929,0.01808554
252761,L4/5 IT,0.031458437,0.15662044
157753,OPC,0.39004427,-0.046497643
173293,Endo,0.2879089,0.11186373
48763,L4/5 IT,-0.2499744,-0.1354573
7847,Micro,-0.20701212,0.35574138
185,L2/3 IT,0.29973316,0.075110376
252636,Peri,-0.35158825,0.3172732
131835,Endo,0.32104468,-0.029744804
7878,L5 ET,-0.19329008,-0.110720396
250468,Astro,-0.04650876,0.3584422
47344,L2/3 IT,0.22075099,0.10874683
172428,Oligo,-0.07722619,-0.43483952
47343,L5 ET,-0.18106961,-0.09937966
154488,L4/5 IT,0.16925102,-0.0030398667
154483,L4/5 IT,0.12143332,0.017152965
29224,Astro,0.2533875,0.24554789
29274,L6 CT,0.13673204,-0.29587293
139507,VLMC,-0.03054598,0.41875654
139541,OPC,-0.10715261,0.055850685
29287,Endo,-0.10250893,0.22813356
157932,L2/3 IT,0.0021113753,0.2150755
131808,L2/3 IT,0.3571412,0.06984192
158231,L2/3 IT,0.4584242,-0.098683536
236335,Peri,0.40180147,0.03142041
22045,L4/5 IT,0.08253008,0.09941709
172357,L2/3 IT,0.112219274,0.241584
22040,L2/3 IT,-0.15481672,0.22284693
29307,Vip,0.39738083,-0.018273413
154474,Peri,0.14614189,-0.003598988
22029,L2/3 IT,0.046405494,0.28451717
172490,Astro,-0.10002726,-0.072120935
24826,L4/5 IT,-0.2726617,0.10484791
154564,VLMC,0.084977925,0.40921664
192575,Sst,0.20748359,-0.298267
131854,L2/3 IT,0.29121953,0.020112038
239585,L2/3 IT,0.107510984,0.22512466
154560,Oligo,0.26280338,0.08977389
24814,L2/3 IT,0.13496685,0.12816483
158319,L2/3 IT,0.28632694,0.09771007
47526,L4/5 IT,-0.2681489,-0.04924375
7745,L6 IT,0.05942899,-0.35532147
236435,Micro,-0.10993788,0.40255487
230,L2/3 IT,0.29149508,0.0638814
230547,L2/3 IT,-0.20622432,0.3411343
192545,Pvalb,0.35992068,-0.08173376
139287,Astro,0.21422523,0.218198
272074,L2/3 IT,-0.36656314,0.13560075
172555,Astro,-0.0060524344,-0.1287694
280292,L6 CT,-0.10086641,-0.1050241
139304,L2/3 IT,0.052265167,0.2936592
239072,Endo,-0.4715681,0.21785665
47399,Endo,-0.026765376,0.1595093
249358,Micro,0.041736126,0.19872242
172491,L2/3 IT,0.28403008,0.11010611
185487,Astro,0.156227,0.15517175
29210,L2/3 IT,0.042326987,0.20651925
131850,L6 IT,0.047058225,-0.23147288
185493,L5 IT,-0.189468,-0.330146
157986,Endo,-0.23888144,0.19893551
154413,Oligo,0.14862722,-0.13403773
8168,Pvalb,0.05911243,-0.37640768
172074,Pvalb,-0.1759786,-0.1793715
272190,L5 IT,-0.12207094,-0.06407824
246956,L6 IT,0.03715998,-0.29149842
46823,L2/3 IT,-0.072122306,0.27996582
8229,SMC,-0.2661904,0.47211635
154367,VLMC,0.48111296,0.030822992
46769,L2/3 IT,0.26261985,0.083069265
239054,VLMC,-0.25755024,0.47940582
192330,Endo,0.077608824,0.18617278
139873,Vip,-0.24074751,0.26887488
46931,L2/3 IT,0.18246382,0.13527888
29527,L2/3 IT,0.19716495,0.061424255
179059,Endo,0.25475556,0.11337805
236232,Endo,0.20627874,0.2465623
46679,L4/5 IT,0.0956108,0.085261226
272218,L6 CT,0.066230536,-0.38835776
256189,L4/5 IT,0.31699198,-0.105924696
276014,L2/3 IT,0.39320463,0.0079013705
131619,Oligo,0.053260207,-0.28773516
253697,L5 ET,-0.047587544,-0.30352402
236215,L2/3 IT,0.4344995,-0.05875969
46606,L2/3 IT,-0.07837814,0.31572622
172008,L2/3 IT,0.18099093,0.108195424
29570,L2/3 IT,0.3682369,0.05314392
160584,L6 CT,0.044977367,-0.35429
223080,Oligo,0.13509399,-0.33808
139760,Astro,0.41442066,0.07230878
8006,L5 ET,-0.03192815,-0.017977774
172238,L4/5 IT,-0.041529477,0.09802604
47185,L2/3 IT,-0.18916368,0.2697842
222988,Endo,0.21933079,0.07066554
172226,Astro,-0.16831827,0.35544354
187475,L5 IT,0.1531561,-0.03823805
181521,L6 CT,0.1573273,-0.22234076
160585,Lamp5,-0.1523377,0.3499424
29331,Sst,-0.20796129,-0.2209453
178992,L6 CT,-0.0046593547,-0.36537433
192411,Peri,-0.19579154,0.024264038
8133,Endo,-0.05745855,0.30651116
172174,L6 CT,0.18794125,-0.15375677
230589,L6 IT Car3,-0.094735414,-0.38590744
47023,PVM,0.20600194,-0.04819435
57061,L2/3 IT,-0.33853942,0.2310195
160627,L4/5 IT,-0.17116636,0.20962852
25037,L5 IT,0.018386364,0.032713592
223053,L4/5 IT,-0.28246665,-0.024320275
179018,Pvalb,-0.008094639,-0.079344034
46965,L6 IT,0.18220675,-0.28347123
139717,L4/5 IT,-0.24955624,-0.18138447
172147,L6 CT,0.09399092,-0.36116663
160645,L5 ET,-0.009500623,-0.41547388
272157,Peri,-0.12791461,0.31179214
139216,Vip,0.22424948,0.14427745
172674,L5 ET,0.25694883,-0.22519565
24799,L2/3 IT,-0.19993001,0.28778452
28594,Micro,0.013415217,0.23249549
48447,L6 CT,0.023631155,-0.2848071
28626,Astro,0.0204615,0.034329653
7059,L2/3 IT,-0.19730833,0.24733019
240645,L2/3 IT,-0.34960032,0.20092148
48441,L6 CT,0.19973904,-0.23432589
48410,L4/5 IT,0.37739432,-0.16622698
222544,Pvalb,-0.06813994,0.14236116
7060,L2/3 IT,-0.30901337,0.2503302
7066,Sncg,-0.14789546,0.4008438
138591,L2/3 IT,0.050000846,0.21518964
173182,L2/3 IT,0.26108444,0.11461902
181235,L2/3 IT,0.39152116,-0.06862286
48335,L6 CT,0.059523106,-0.3725604
236663,L2/3 IT,0.16151577,0.14195967
279121,L4/5 IT,0.04165733,0.122870505
178874,L6 IT,-0.10855374,-0.14851049
154961,Peri,-0.09275836,0.14861494
249385,Pvalb,-0.21566373,0.25778723
48226,L6 CT,0.14957732,-0.2975942
181263,L5 IT,-0.2545265,-0.10134035
48200,Endo,0.33052868,-0.025668114
246895,Astro,-0.08752078,-0.13628736
28678,Micro,0.13678706,0.00703454
138636,L2/3 IT,-0.29775107,0.27409047
154945,Peri,0.1190716,0.033614457
48498,L5 IT,-0.0929023,0.09041697
222511,Astro,-0.45080918,0.083735764
155050,L4/5 IT,0.2042898,0.0062374473
157758,L4/5 IT,0.20214635,-0.014779955
6920,L2/3 IT,0.037037134,0.29766726
48745,L4/5 IT,0.04529667,0.13115555
48735,Pvalb,-0.2293337,0.055955768
155046,Peri,0.35437924,0.10534531
160216,L2/3 IT,-0.100223124,0.29551637
187262,Sst,0.072915494,-0.28702962
158489,L4/5 IT,0.08238268,0.11007279
138436,L6 CT,0.096313,-0.1687414
192896,Pvalb,-0.06204489,-0.1432741
48499,L2/3 IT,0.065059364,0.24472106
138450,L4/5 IT,0.07775712,0.068632364
138525,L6 IT,0.08526564,-0.4108163
155725,SMC,-0.3826276,0.24522686
160240,L2/3 IT,-0.38556504,-0.013656735
173212,L2/3 IT,0.112047136,0.1593765
138552,Micro,-0.09540355,0.23922408
173209,L6 CT,-0.103042394,-0.25793985
247864,L2/3 IT,-0.093800545,0.32539207
495,L4/5 IT,0.18429637,0.04754418
173201,L4/5 IT,-0.25744987,-0.028829843
192851,Pvalb,-0.026783615,-0.091018826
48506,Oligo,0.118327856,0.07820541
160218,L4/5 IT,0.33996487,-0.1809505
222617,Oligo,0.12596291,0.056462407
154915,L6 IT Car3,-0.081955194,-0.2841835
138741,Sst,0.07876855,0.029865265
275283,L2/3 IT,-0.17483944,0.34470356
131926,Astro,-0.019001812,0.42532706
270553,L2/3 IT,0.09559101,0.20389915
222739,L2/3 IT,0.31311858,-0.024527937
7489,L4/5 IT,-0.19196832,0.07518506
47845,L6 CT,0.073373556,-0.2765805
256397,L6 CT,-0.09499663,-0.22217375
272019,Endo,0.08423102,0.24358726
139040,VLMC,-0.2415475,0.4923854
275965,VLMC,0.36632335,0.18533492
29004,L4/5 IT,-0.23860165,0.16727716
230694,Oligo,0.10833478,0.059414327
160417,L4/5 IT,0.068541646,0.11574328
157824,L2/3 IT,-0.079773694,0.30423003
131906,L6 IT,-0.03792429,-0.11748296
139058,L2/3 IT,-0.086824894,0.3041569
154624,Endo,0.12683439,0.1852476
172726,L2/3 IT,-0.36869264,0.15467793
139190,Pvalb,-0.17063862,-0.016524136
56792,Pvalb,-0.026028514,0.113829434
272058,L2/3 IT,0.039028287,0.18616188
25256,L5/6 NP,-0.21512341,-0.23885086
279040,Peri,-0.3815174,0.2934748
241943,L4/5 IT,-0.15400383,0.18107736
47749,Astro,0.13853347,-0.0040394664
172777,L6 IT,0.108347595,-0.28352612
160305,Endo,-0.2439655,-0.14949355
236561,L4/5 IT,0.14503902,0.03921765
56605,L6 IT Car3,0.014651656,-0.19156319
7164,Astro,-0.4184482,0.17880821
25342,L2/3 IT,0.22061652,0.08386898
56618,L2/3 IT,-0.2544601,0.25724888
7204,L2/3 IT,0.04107529,0.25699198
48043,L5 IT,-0.17487797,-0.08375713
7265,Sst,0.0386225,-0.4690854
172935,L2/3 IT,0.13251323,0.22323066
271992,VLMC,0.019999802,0.3892724
138776,L6 IT,0.13455355,-0.32934067
236610,L5 IT,-0.011903852,-0.26654977
138815,L2/3 IT,-0.2328845,0.28513288
47968,VLMC,-0.33516407,0.44266307
252699,L6 CT,0.110770226,-0.18983382
157817,OPC,0.19648606,-0.030112356
185550,Pvalb,0.0045529604,-0.113525
22224,L5 IT,-0.05215168,0.09386909
47913,Endo,-0.009896278,-0.013099343
56650,L2/3 IT,-0.36551034,0.21345109
236583,L2/3 IT,-0.33410555,0.22845054
181322,L2/3 IT,0.10024744,0.23388672
236578,Micro,-0.24897197,-0.26262644
238909,L5 IT,0.008605957,-0.3843919
25288,Astro,0.09025681,0.10337955
154659,L5 IT,-0.22660309,-0.013689429
28466,L2/3 IT,-0.2799385,0.16560018
136695,L2/3 IT,-0.39599758,0.06634331
132487,L6 CT,-0.11454207,-0.32657647
185721,L2/3 IT,-0.21081123,0.18417352
53370,Endo,-0.2597441,-0.103786916
159313,OPC,-0.33069694,0.13165629
53368,L6 IT,-0.09276831,-0.19272834
185867,L4/5 IT,-0.1541447,0.15899438
54999,Peri,0.14449131,-0.20414421
253242,Oligo,-0.09264186,-0.24713308
279850,L6 IT,0.1105389,-0.22352332
53360,Endo,-0.20801842,-0.31843776
186705,Endo,-0.17465025,0.3044337
242263,L6 IT,-0.018216848,-0.25343925
276174,Sst,0.02426225,-0.24816972
53390,Endo,0.1272443,0.062342644
238008,L4/5 IT,-0.02793318,0.08018547
275884,L4/5 IT,-0.25836453,-0.08471897
253258,Vip,0.11507994,0.006680608
159326,L5 IT,-0.23923141,-0.15026858
257019,L2/3 IT,0.16160625,0.12489861
240680,L4/5 IT,-0.1075483,0.12715125
53272,L6 CT,0.118718624,-0.26291767
3095,Astro,0.03202212,-0.35485154
24287,L4/5 IT,-0.26977026,-0.051996946
134631,Lamp5,0.20279163,0.29197925
239255,L5 IT,0.24522376,-0.091498494
194138,L2/3 IT,0.28213543,0.056263745
242260,Vip,0.3708381,0.012626767
53213,Peri,-0.37431377,0.08895856
53398,L5 ET,0.24378276,-0.13956693
230039,Astro,0.040276527,0.3225969
179932,Pvalb,0.114151955,0.011646867
186623,L2/3 IT,0.3278724,0.031813145
220842,L5 IT,-0.14417332,-0.11267546
238532,Oligo,0.011170685,-0.3003531
176753,L6 CT,0.10315943,-0.21752387
177962,L6 IT,0.10039663,-0.29547244
134332,L2/3 IT,-0.34063405,0.11840391
252862,VLMC,-0.2619545,0.44443053
220460,Endo,0.030615509,0.1423046
156961,Lamp5,-0.3574834,0.35393155
23750,L2/3 IT,0.26555103,0.1271407
23734,VLMC,-0.34895456,0.38078296
230049,SMC,0.07950467,0.29190457
194193,L6 IT,0.079061866,-0.14758137
176721,L2/3 IT,-0.22764692,0.310319
185999,L4/5 IT,-0.24255574,0.11417776
176663,SMC,-0.38966298,0.044077933
252855,Pvalb,-0.093699634,0.23995018
220866,L6 CT,0.051475167,-0.22662514
2973,L5 IT,-0.2054081,-0.13729456
133461,Pvalb,-0.07849929,-0.4185177
2983,L6 CT,-0.019258082,-0.19860676
133459,Endo,0.00036162138,-0.16480905
246644,L5 ET,-0.1829899,-0.268241
177964,Pvalb,0.13990349,-0.08946878
185862,VLMC,-0.47643995,0.26363134
194136,Endo,-0.3626406,0.31620282
134670,L2/3 IT,0.4302469,-0.07735643
279811,Astro,0.2623188,-0.06827423
270852,L2/3 IT,0.30061793,0.10563874
26641,L2/3 IT,0.37096518,-0.009650409
26680,L4/5 IT,-0.09220308,-0.39031497
279802,L5 IT,-0.09354174,0.039800584
275684,L4/5 IT,-0.16600579,0.20485044
133340,Endo,0.22201836,0.0008685589
176375,Endo,0.31121045,0.15433592
253299,Endo,-0.057290226,0.14140832
194040,L4/5 IT,-0.1545265,0.19476193
3419,L6 IT,0.015944123,-0.31125993
23667,L5 IT,-0.16263294,0.003360331
3425,OPC,-0.10588163,-0.15481433
52528,Endo,0.23428136,-0.2151134
26742,OPC,-0.16341233,0.10488117
24298,L5 IT,0.1273616,-0.044971943
135068,Lamp5,-0.08517927,0.2938308
135082,L5 ET,-0.048954785,-0.063350916
135085,Peri,-0.37527245,0.15533668
26754,Astro,-0.2803123,0.41805005
135131,L2/3 IT,-0.29698387,0.24902153
26759,Micro,0.055493236,0.28379226
176162,Lamp5,-0.10159844,0.10510081
3589,Lamp5,-0.23202738,0.3769616
249788,L2/3 IT,0.07960278,0.24613231
221116,L2/3 IT,-0.26381615,0.2566533
3323,L2/3 IT,0.084248066,0.16905046
237930,L4/5 IT,0.39158952,-0.14308634
249769,Astro,-0.08863157,-0.35294238
249771,Vip,-0.022542328,0.15580887
185853,L5 IT,0.22201532,-0.0879612
53128,L4/5 IT,0.08828527,-0.000997901
133428,Endo,0.08077264,0.15710866
249172,Astro,-0.436521,0.22911018
134743,Astro,0.16866732,0.026121616
1606,Vip,0.1730411,-0.06746623
242257,L2/3 IT,0.32047296,0.08024305
186739,Astro,0.34276152,0.14898127
156601,L2/3 IT,0.29054576,0.12122345
186473,L4/5 IT,0.24579763,-0.06700674
53014,PVM,-0.22060105,0.45237827
134844,PVM,0.45782888,-0.099448204
156591,L6 CT,0.032101512,-0.19296807
178122,L5 IT,-0.11482471,-0.0016326904
3190,L4/5 IT,-0.04640481,0.16381419
1597,Astro,-0.056361377,0.085841954
52885,OPC,-0.062354684,0.40762234
176504,L2/3 IT,0.40674156,-0.033144534
221044,L6 IT,-0.05136296,-0.12622246
52865,L2/3 IT,-0.2227284,0.22370595
240724,Endo,0.15413105,0.16411263
249772,L4/5 IT,-0.23377654,-0.021835893
186011,L2/3 IT,0.3677913,-0.085406065
249709,PVM,-0.3628878,0.2421776
23615,L2/3 IT,0.07828319,0.19412178
220837,L5 ET,-0.18085697,-0.24079403
194232,L4/5 IT,0.12440282,0.09981525
54279,Micro,-0.12774244,-0.12436992
133633,Sst,0.3810947,-0.11301276
257147,L2/3 IT,-0.36913615,-0.052125633
2084,SMC,-0.31399715,0.08649552
220632,VLMC,0.1491152,0.34583998
157349,Pvalb,0.0585171,0.20805866
158946,L4/5 IT,0.21889108,0.04754609
2233,L2/3 IT,-0.19538921,0.20218927
177435,Astro,-0.18362963,-0.021199763
54178,L5 IT,-0.037638694,-0.012092143
54151,L2/3 IT,0.4393401,-0.069410145
177900,L2/3 IT,-0.012678325,0.29774863
25919,Pvalb,-0.29794145,-0.03492555
133895,L4/5 IT,-0.17807627,0.17371982
1802,L5 IT,0.14087689,-0.044309705
158935,Pvalb,0.08405191,0.10038948
25949,PVM,0.124230504,0.077341974
194325,L2/3 IT,-0.15036091,0.23038262
242348,L2/3 IT,0.079189,0.26524687
1789,L6 IT Car3,0.043702483,-0.27287084
54057,Oligo,0.105979085,-0.22042689
179736,L2/3 IT,-0.17835149,0.26799345
25978,VLMC,-0.46937218,0.25828624
179748,Astro,-0.36135483,-0.08549228
25942,Lamp5,-0.44759873,0.17128515
279944,L5 IT,0.09162146,-0.010857493
194393,Vip,0.14040267,-0.1357354
257174,L2/3 IT,-0.027996808,0.3047639
194439,L2/3 IT,-0.40241078,0.11125499
276100,L5 IT,-0.009734422,-0.05573824
280016,VLMC,-0.4789057,0.2599612
230262,Astro,-0.23173651,0.02390927
194431,Vip,-0.045583516,-0.22864658
220588,Lamp5,-0.34779483,0.17682964
257153,Astro,-0.14320919,-0.2950552
25844,PVM,-0.43842027,0.29921913
25873,Astro,-0.33756167,-0.15378836
238417,L5 IT,-0.24365571,-0.23856652
1913,L4/5 IT,0.21199119,-0.00020253658
2073,Astro,-0.0107393265,0.38193107
25834,Pvalb,-0.16815609,-0.015382081
1921,L6 IT,0.13678557,-0.3090452
220596,PVM,-0.46217132,0.25717545
54443,L6 CT,0.020514667,-0.41907468
54439,L4/5 IT,-0.15137777,0.0452016
177784,VLMC,0.2671762,0.2630989
230252,L4/5 IT,0.15784347,0.033927143
25891,Astro,-0.20405579,0.44612187
248099,L2/3 IT,-0.037628353,0.22211057
54421,L6 CT,0.0038167238,-0.33590457
230240,Lamp5,-0.16994643,0.39491123
177680,Endo,-0.31836897,-0.039915264
230286,L5 ET,0.2609073,-0.22209808
186486,L2/3 IT,-0.09096399,0.2115674
177344,Endo,-0.29406178,0.26772124
24081,Astro,0.35677284,0.024899721
157044,Astro,-0.4498545,0.1608181
177135,Peri,0.054866314,0.23978132
220774,L6 IT,0.09295529,-0.33203587
177938,Oligo,0.11509931,-0.16398984
53698,Pvalb,-0.038276047,-0.14659688
133567,Astro,-0.21838507,0.25872594
2575,L5 IT,0.10672599,-0.052446395
194494,L6 IT,-0.0090043545,-0.28985226
24253,L5 ET,-0.053459853,0.026483476
157368,Pvalb,0.116129935,-0.012080371
133518,Endo,-0.018051445,-0.4073708
157088,OPC,-0.45377156,0.17289257
238142,Endo,0.12054759,-0.22535467
179841,Micro,0.10490179,0.31238186
134204,Oligo,0.01191324,-0.4052273
177015,L6 CT,0.20160717,-0.24644154
176937,L6 CT,0.04273683,-0.2666985
230944,SMC,-0.25906494,0.08690995
270874,PVM,-0.19605458,0.4493494
134215,PVM,-0.17529973,0.45498288
176927,L4/5 IT,-0.28053683,0.074011326
23945,Peri,-0.101816684,0.27173585
23926,Oligo,0.23494428,-0.17591268
157004,Astro,-0.12633842,-0.01893431
220467,L4/5 IT,-0.22700632,0.14967984
26129,VLMC,-0.03636986,0.46248752
186572,L2/3 IT,-0.35945922,0.17794126
280038,Pvalb,-0.040092945,0.1507461
24077,L4/5 IT,0.027020514,0.036838233
220694,L6 IT,0.13996881,-0.12614027
157154,VLMC,0.4527971,0.056117177
158925,L5/6 NP,0.24557674,-0.19325814
24071,L2/3 IT,0.23194164,0.16330242
249635,L2/3 IT,0.2658211,0.14836293
2458,L5/6 NP,0.079265654,-0.1999895
179542,L6 IT,0.091374576,-0.31839988
186541,L5 ET,-0.15818256,-0.20928001
159010,L4/5 IT,-0.28493667,0.0016790032
271022,Astro,-0.12852904,0.23698962
257096,L2/3 IT,-0.039340913,0.280469
253181,L2/3 IT,0.10946351,0.1301319
54669,L6 IT,0.21650887,-0.27516407
53845,VLMC,0.37252706,0.15925848
238504,L6 CT,-0.10018474,-0.17300391
26076,Astro,0.3893727,-0.049213886
53781,L2/3 IT,-0.37207615,0.0654096
177209,L4/5 IT,0.05136949,0.03690672
177188,PVM,0.1536755,-0.2614319
134116,VLMC,0.004097998,0.4162103
54820,L4/5 IT,-0.24780327,0.054193676
26122,L2/3 IT,0.40604508,-0.05711773
2534,L2/3 IT,-0.37217805,0.21265352
54836,VLMC,-0.48586503,0.27221066
159137,L4/5 IT,-0.12553537,0.10766876
27739,Endo,-0.028143108,-0.15024284
180150,Pvalb,0.002058804,-0.14774391
1512,Oligo,0.20251757,0.2920143
51482,L2/3 IT,0.2233445,0.08324748
174903,L2/3 IT,-0.26999763,0.24856937
159623,Astro,-0.25958443,0.11434883
180595,Vip,0.32475448,0.020112693
136140,Oligo,-0.124765754,0.15677822
159626,L6 IT Car3,-0.16901824,-0.21663633
174842,OPC,0.20525324,-0.2596357
275934,PVM,-0.3699005,-0.030833274
51320,L4/5 IT,-0.16298088,0.11513293
279540,Pvalb,-0.0960823,-0.022604704
174823,Vip,-0.007947892,0.2034797
156044,PVM,-0.15193367,0.1569655
4851,L2/3 IT,0.081175745,0.1430729
51259,Astro,-0.11491257,0.27037615
27291,L2/3 IT,-0.32189178,0.1840511
186390,L6 CT,-0.06696686,-0.329624
51243,L5 IT,0.13963991,-0.15951756
1162,L4/5 IT,-0.28075427,0.005846858
4892,Pvalb,-0.17033336,0.2557621
136348,L6 IT,0.080545664,-0.15458593
51163,Micro,0.14162189,0.11664051
51150,L2/3 IT,0.3053844,-0.038451612
51145,L4/5 IT,0.14035481,0.022604227
231228,Peri,0.06751186,0.14282233
55661,L5 IT,0.19046795,-0.031053066
136430,L6 CT,-0.054186076,-0.22058555
193681,L2/3 IT,-0.40574437,0.08543402
136043,L6 IT,-0.035128653,-0.09960076
221464,Lamp5,-0.4584563,0.118795216
51779,PVM,-0.2863898,-0.09469321
156183,L2/3 IT,-0.2413361,0.25899464
175004,Sst,0.2754311,-0.13879374
51769,L5 IT,-0.1615211,-0.23951706
51768,Endo,0.06782371,0.280676
135943,VLMC,-0.07187131,0.44009805
237422,L2/3 IT,0.12960297,0.14366043
186889,L5 ET,-0.030100524,-0.026420265
25642,VLMC,0.109155,0.36921883
51693,L5 IT,-0.09984356,-0.10761225
27194,L2/3 IT,0.35992944,-0.034528583
271423,L4/5 IT,0.07640529,0.06266934
221507,L4/5 IT,-0.057596087,0.17853594
158734,L2/3 IT,0.05725485,0.2914676
178447,L6 CT,-0.04852417,-0.3896634
221510,L6 CT,0.004781902,-0.28083515
135975,VLMC,0.43198705,0.099411964
51627,Astro,-0.01625666,-0.32085967
180583,OPC,-0.25852156,-0.13328469
55616,L4/5 IT,-0.32107264,0.020590365
51610,L5 IT,0.09041822,0.024451196
275579,L2/3 IT,0.14292651,0.17679453
4746,Micro,0.40728402,-0.038597763
27136,L5 IT,-0.1734736,-0.20155022
159674,SMC,0.20007187,0.30382717
247926,L4/5 IT,-0.11763176,0.08060074
1101,L6 CT,-0.02996555,-0.3699755
5182,Micro,0.17439741,0.16456127
27597,L2/3 IT,0.103966475,0.19228297
280167,L5/6 NP,-0.17042768,-0.12871501
23169,L2/3 IT,-0.12771857,0.25277013
180681,L2/3 IT,0.3678441,-0.06914228
50655,L2/3 IT,-0.36395743,0.13759696
252772,L4/5 IT,0.07214576,0.041897
5201,Peri,0.08974832,0.09193361
276095,Endo,-0.10172176,0.07489705
220167,OPC,0.24389666,0.2222966
23119,Pvalb,-0.24978718,0.36556572
194816,Endo,0.07942855,0.11953169
270673,L5 IT,0.13048905,-0.03954062
5211,L2/3 IT,-0.042138517,0.2907297
136651,L4/5 IT,0.16421711,0.016088307
193465,L4/5 IT,-0.1396218,0.098967075
279463,L2/3 IT,-0.24685064,0.30544436
50586,PVM,-0.1532714,-0.044579208
50579,Endo,-0.2971692,0.3019321
276323,L2/3 IT,-0.1704694,0.31961656
159800,L5 IT,-0.034488678,-0.030021995
174469,L2/3 IT,-0.31069767,0.19361204
56071,L2/3 IT,0.32649362,-0.028460443
249281,L2/3 IT,0.05222398,0.270163
250158,L5/6 NP,0.05574262,-0.052432865
136568,Astro,0.2546661,0.09056312
246784,L5/6 NP,-0.13608897,-0.06955764
55982,OPC,0.37516177,-0.04388824
159677,L4/5 IT,0.27498347,-0.030114532
27366,VLMC,-0.15602556,0.47560328
55790,SMC,0.3646372,-0.007706225
159688,L2/3 IT,0.10710633,0.15062994
51016,Sncg,-0.24934974,-0.16775721
229654,OPC,-0.24932605,0.33866507
242136,L2/3 IT,0.3905642,-0.12629777
257311,Pvalb,0.14831066,-0.010090619
174762,Endo,-0.3410765,0.22984844
179320,Vip,-0.2498205,0.34300506
194774,L2/3 IT,-0.33975297,0.15993321
50978,L2/3 IT,0.003366232,0.2664693
155864,Micro,-0.3657974,0.08590406
238735,L2/3 IT,0.27234054,0.08875823
55878,OPC,0.17186135,-0.25445122
276283,Astro,0.41059262,-0.0020097792
50915,L2/3 IT,-0.25625706,0.32781953
27518,L2/3 IT,-0.30332613,0.21621692
136507,Astro,0.1566329,-0.34286383
50878,Endo,-0.24016988,0.43540025
1025,L5 IT,0.053073823,-0.09845397
174636,L2/3 IT,-0.3598801,0.1497072
280166,L2/3 IT,0.019375265,0.21163863
55971,L6 IT,-0.0043128133,-0.28749624
5138,Oligo,0.18034065,-0.23377696
229774,L2/3 IT,0.4175524,-0.060808957
186783,L4/5 IT,-0.30629206,0.044272542
23360,L6 IT Car3,-0.0671421,-0.25688177
249097,L2/3 IT,0.108879745,0.22274071
229893,L6 CT,0.14982116,-0.21395963
156477,L5 IT,-0.15159073,-0.2387858
175771,Peri,0.17620564,0.02096206
1401,L5 ET,0.06187129,-0.024949104
135350,VLMC,-0.40110126,0.36450922
276204,Astro,-0.1373047,-0.22928804
26856,VLMC,-0.23245722,0.46302754
175756,L2/3 IT,-0.03786239,0.29572076
229870,Pvalb,0.08152735,-0.35283443
52275,Endo,0.15409231,0.15833998
240530,Oligo,-0.016133577,-0.2581466
24334,L2/3 IT,-0.3337283,0.22395003
156430,L6 IT,0.019588768,-0.11773038
157419,Endo,-0.15248728,0.31062222
175748,L5 IT,-0.17506358,-0.034091145
52264,L5 IT,0.2881199,-0.23979676
55324,Pvalb,0.12582809,-0.078170866
279684,OPC,-0.20503122,0.099475265
246571,L2/3 IT,-0.15880159,0.2431311
3986,Pvalb,0.112534225,-0.27142978
276208,Peri,0.4355893,-0.11547238
4035,L2/3 IT,0.23561579,0.16595745
156353,Astro,0.06006366,0.10596806
159406,OPC,0.21286625,0.006672561
175755,PVM,-0.2114456,0.47560096
135508,L5 IT,-0.10093483,0.06433231
135287,Endo,0.20369959,0.04925233
55284,L6 IT Car3,-0.106289685,-0.24568811
249866,L2/3 IT,-0.40331715,0.09752363
231077,Endo,0.026233852,-0.08800635
178160,Astro,-0.4404931,0.1436286
175946,Vip,0.1869098,0.24235982
23593,Astro,-0.21280941,-0.1664454
242234,L2/3 IT,0.42946607,-0.08284196
135164,OPC,-0.08969557,-0.1280998
55217,L2/3 IT,0.14753532,0.112487555
23564,Astro,0.2510931,-0.15721244
135183,VLMC,-0.25925505,0.4811774
3671,VLMC,0.23283142,0.3006764
249119,Astro,-0.3137133,0.2787882
156504,Sst,-0.08204594,-0.29693264
238603,L2/3 IT,0.4033522,-0.031888306
249126,Endo,0.24306166,0.029584885
133289,L2/3 IT,0.38795602,-0.1516209
133287,Astro,0.072646916,0.34158683
279734,Pvalb,-0.11148736,-0.07039365
157416,Pvalb,-0.20674217,0.10540742
256927,L5 IT,0.06369865,0.011012495
249925,Pvalb,0.07146627,0.05297464
175816,L2/3 IT,-0.20688015,0.24549735
175802,Endo,-0.010130078,0.24178618
256916,L5 IT,0.06796348,0.016670346
178176,L5 ET,-0.1813685,-0.0949879
26936,Sst,-0.17568022,-0.043256998
135517,L2/3 IT,-0.24213156,0.34138215
4061,L5 ET,0.11208975,-0.15952462
4352,L5 IT,0.2556454,-0.13931859
135748,L2/3 IT,0.32764715,-0.034580916
237486,Endo,-0.026709676,0.28089452
193784,Astro,0.41601473,-0.10352266
229815,L6 CT,-0.03951323,-0.23664975
247946,Astro,0.2170884,-0.23534012
51916,Vip,0.12241286,-0.21096712
4466,L4/5 IT,0.031898797,0.12679404
194601,L6 IT,0.2623421,-0.238597
51913,Peri,0.10309678,0.36094493
175070,Astro,-0.14718464,-0.10186875
4343,SMC,-0.15328315,0.12365723
23417,Endo,-0.16827565,0.13777846
135854,L2/3 IT,-0.2710616,0.20022947
238656,Endo,-0.22473243,-0.0037775338
239352,Vip,0.25372958,0.13498223
271401,Endo,-0.025243908,0.21002805
51828,Pvalb,0.4331137,0.034024775
51825,L6 CT,-0.06746483,-0.34726912
4548,L6 IT,0.02790147,-0.31688693
133173,L6 IT,-0.014792174,-0.10732669
256797,PVM,-0.4726392,0.18694901
249262,Endo,-0.08768496,-0.07910213
1272,Micro,0.41678667,-0.078775644
230822,VLMC,-0.22289017,0.47000426
4324,L4/5 IT,-0.31254613,-0.015076131
159474,L2/3 IT,0.41377914,-0.10068989
1328,L2/3 IT,0.2305327,0.13528621
135583,L2/3 IT,-0.37683007,0.12766999
1377,Astro,-0.23464513,0.43140423
135587,Oligo,-0.156385,0.03934592
240571,L4/5 IT,-0.09272337,0.15162194
237613,Astro,-0.4739821,0.2048667
156342,L5 IT,-0.44427466,0.23982573
4092,Micro,0.1659736,0.16345751
186022,L6 CT,-0.05118504,-0.3132819
52065,L5 IT,-0.15351868,-0.015701175
237594,L2/3 IT,-0.3604582,0.12696189
23439,L4/5 IT,-0.3084491,-0.041664302
280144,L5 ET,0.1905024,-0.31742227
253099,L6 IT,0.09797859,-0.37968022
4218,L4/5 IT,0.1836192,0.102427185
135632,Oligo,-0.13471562,0.21569699
186853,OPC,-0.06500551,-0.3260107
23430,Endo,-0.23780379,0.15238076
135635,Micro,-0.35932732,0.27721524
231160,Micro,-0.28883994,0.40338963
175333,L2/3 IT,0.10806,0.15652579
52036,SMC,0.15267771,-0.0002078116
26988,SMC,0.12865222,-0.069527835
242209,L6 IT,0.12212008,-0.26560298
256823,Endo,-0.40686768,-0.042816103
237533,Sst,-0.046170115,-0.36450213
55560,Astro,-0.10466364,0.09230083
4385,VLMC,0.062004864,0.3704707
45865,L5 IT,0.1143561,-0.035149574
46584,Endo,-0.13439023,0.27962154
32849,L2/3 IT,-0.34402838,0.16195834
32853,Endo,-0.3196156,-0.110131204
151235,L2/3 IT,0.14646792,0.14849973
19221,L4/5 IT,-0.30246025,-0.043863565
32886,L6 CT,0.0048449636,-0.25201428
234058,L4/5 IT,-0.0014696717,0.09161675
151216,L4/5 IT,-0.29832986,0.0676288
14720,Endo,-0.08327454,0.03622669
146704,Astro,0.26186842,-0.17370284
38316,L5 IT,0.016172588,-0.0397439
38312,L5 ET,-0.08633259,-0.0011273026
14721,Micro,-0.01755473,0.3635366
151181,L5 IT,0.2902606,-0.16200554
183467,L5/6 NP,-0.06669307,-0.19570556
277773,L2/3 IT,0.08999324,0.17043608
183468,Lamp5,0.27777267,-0.07799718
38216,Oligo,0.3120327,-0.021876723
38199,L2/3 IT,-0.29887035,0.25885713
32909,Sst,0.09912729,0.20532274
38106,L2/3 IT,-0.026332319,0.3538643
19207,Peri,-0.36496276,-0.0063663125
240317,L2/3 IT,-0.16468179,0.30870372
247363,L2/3 IT,0.37767458,0.010494888
277763,L5 IT,-0.25034356,-0.21286187
273667,L4/5 IT,0.24769384,-0.058532864
146881,L6 CT,0.06812352,-0.34173074
14800,OPC,0.053067446,-0.42702612
151252,Vip,-0.3760058,0.2399252
241445,Micro,0.18860638,0.28701282
183429,L2/3 IT,0.17369491,0.08232725
251512,L5/6 NP,-0.08027834,-0.08191252
225821,Micro,-0.28987497,0.08771294
183364,OPC,0.050981283,-0.32013527
38753,L6 IT Car3,-0.13953587,-0.15733927
38735,L6 IT,0.08464408,-0.22947973
227999,L6 CT,-0.011999786,-0.1627354
38724,L6 IT,-0.073566645,-0.26446998
14411,VLMC,0.21298277,0.28793263
38715,Peri,-0.26494637,0.16904402
166850,Endo,-0.12614712,-0.089996815
38675,Peri,-0.13946357,0.15912306
225861,VLMC,0.33979505,0.19547951
32780,L2/3 IT,0.09010732,0.22890282
188480,L2/3 IT,0.28088892,0.087390006
19165,Lamp5,-0.27741504,0.2115584
38651,L4/5 IT,0.20677567,-0.03333783
166811,L2/3 IT,0.16643673,0.11141825
273590,VLMC,-0.5,0.21653038
255081,Micro,-0.3535365,0.115034044
38582,L2/3 IT,-0.16668367,0.25120902
38569,L2/3 IT,0.2712435,0.050818443
273608,L4/5 IT,-0.07733631,0.09039158
19301,L6 CT,0.025122702,-0.2396779
163159,Endo,-0.13196024,-0.16529727
166734,L6 CT,0.048722863,-0.27250618
234118,Astro,0.11949873,0.14846867
151286,L4/5 IT,-0.3516717,-0.08994442
146568,L6 CT,-0.08688694,-0.2803244
146571,L4/5 IT,-0.2077255,0.18077058
166814,L4/5 IT,0.13201618,0.0857203
254975,L5 IT,-0.084383845,-0.282973
33045,L2/3 IT,-0.15240303,0.32091707
166469,L2/3 IT,0.035939753,0.17097735
166266,Pvalb,0.06447178,0.028028667
150975,Astro,0.09610802,0.22028255
150971,VLMC,-0.06508714,0.4288506
166239,Astro,-0.12349093,0.06731063
33170,L5/6 NP,-0.19051623,-0.21780187
37329,Pvalb,0.19271195,0.18812901
37316,Oligo,-0.19571382,0.08015293
166142,L6 CT,-0.025078446,-0.29852134
33203,L6 CT,0.052270055,-0.29800817
254257,L6 IT,0.105214655,-0.31557673
15113,VLMC,0.118864,0.37516737
233886,L2/3 IT,-0.36287665,0.13092184
166084,Endo,-0.0071690083,0.2761026
37422,L4/5 IT,-0.25533706,-0.03756532
165967,L6 IT,-0.08631894,-0.2939036
147534,L5 IT,0.0072622895,-0.29561323
37216,L2/3 IT,-0.36594176,0.10417485
183646,L5 ET,-0.081625134,-0.06286925
241379,L6 CT,-0.0528107,-0.308959
37180,L5/6 NP,0.09799743,-0.1196692
226287,Vip,-0.23177248,0.26047832
15418,L2/3 IT,0.24106556,0.05431384
233821,Endo,0.03743112,-0.0808129
247406,L5 ET,-0.1264027,-0.26927388
15457,Sst,-0.061659604,-0.4472676
277675,Astro,-0.43565905,0.18701577
273819,L2/3 IT,0.16194123,0.1698597
254835,L5/6 NP,-0.12512699,-0.2406345
15285,Astro,-0.41369072,0.20529693
277045,Micro,-0.44004697,0.14514524
147387,L4/5 IT,-0.18452671,0.07150352
166293,L6 IT,-0.07017872,-0.0761345
166468,L4/5 IT,-0.20391792,0.06367844
37893,L5 IT,0.1350534,-0.033946544
151049,Oligo,0.029117227,-0.37913394
166442,L5 IT,-0.28955638,-0.14027771
274583,L2/3 IT,-0.3841729,0.037751734
189948,L5/6 NP,-0.16979304,-0.0895184
277746,Astro,0.15337026,0.2723772
183498,L2/3 IT,-0.3584196,0.187684
14895,L5 IT,-0.10738146,-0.31415683
233981,L4/5 IT,-0.1185289,0.082687795
37765,L2/3 IT,0.2266556,0.10105634
226124,Astro,-0.14892009,0.41207063
183504,L5 IT,-0.093714505,-0.025216043
251559,Endo,0.32195717,0.16668046
189906,L4/5 IT,0.18265015,-0.014302313
241418,L5 IT,0.15489697,-0.12435356
147108,L2/3 IT,0.43911332,-0.064805835
33153,L5 ET,-0.17159411,-0.24999526
189880,L2/3 IT,0.13517678,0.25422502
254249,VLMC,-0.20459482,0.47469115
166409,L2/3 IT,0.026619792,0.24174249
147167,Endo,0.1324721,0.060934305
273713,Endo,0.0004950762,-0.108870775
233965,L5/6 NP,0.11686903,-0.1882771
147298,L4/5 IT,0.24311829,-0.070259005
183529,Sst,0.010992348,0.09011704
226182,Micro,-0.12225154,-0.24678513
240311,L2/3 IT,0.24218762,0.097432256
151025,VLMC,-0.4653021,0.2701336
233800,L6 CT,-0.09185946,-0.23456427
190205,Sst,-0.2098715,-0.16850251
251468,L2/3 IT,0.20420939,0.088170946
13321,L5/6 NP,0.061430514,-0.031080425
19903,L4/5 IT,-0.09340775,0.15235025
273353,Oligo,-0.0875639,-0.13750196
162524,L4/5 IT,-0.011195868,0.17456579
228141,L2/3 IT,0.36471272,0.035720944
162530,L2/3 IT,0.31722575,-0.05395657
13353,L4/5 IT,0.28168947,-0.058346033
32404,Peri,-0.14689031,0.35893124
252270,L2/3 IT,-0.22876847,0.34687936
277956,L5 IT,-0.21017385,-0.17247441
162550,L6 IT,0.12652642,-0.30798632
247230,L5 IT,-0.23169097,-0.15431663
145513,L5 ET,-0.09434053,-0.28072435
145570,L4/5 IT,-0.13683942,0.08333671
39791,Micro,-0.035345733,0.40068424
225521,L2/3 IT,-0.21455812,0.30825198
240335,L2/3 IT,0.17740655,0.07075518
225534,Astro,-0.4137216,0.2341277
234431,L2/3 IT,0.13941932,0.111427546
190470,L4/5 IT,0.08635491,0.052556634
255263,L5 IT,-0.19814342,-0.043563575
183140,Vip,0.35805607,0.024682164
167602,Peri,-0.22558331,0.21494383
190455,L5 IT,-0.13368547,-0.007087618
232494,L6 CT,0.2287153,-0.24321672
225562,Micro,-0.21680498,0.16988307
255250,L5 ET,0.2744037,-0.22829041
13312,Endo,-0.008187979,0.1635217
167743,L6 CT,-0.019995064,-0.27707905
13278,L2/3 IT,0.3777328,-0.011924297
255344,Endo,0.06382716,0.27437246
40381,L2/3 IT,-0.31145072,0.26987398
239961,L2/3 IT,0.317254,0.070736766
32229,Pvalb,0.18715948,-0.21127877
276932,L5/6 NP,0.10143334,-0.1759429
228189,Astro,-0.08690366,0.3309188
188316,L2/3 IT,-0.012634456,0.3023736
255387,L6 CT,-0.059464693,-0.24853176
40266,L4/5 IT,-0.27004224,0.10034984
162365,Astro,0.35507423,0.09337175
228170,L5 IT,0.0859192,-0.042625427
40247,Vip,0.11501992,0.21621585
40242,Astro,-0.15219715,0.15496957
252295,L6 CT,0.043013692,-0.26763898
162610,L2/3 IT,0.18583447,0.1107561
183014,L5 IT,-0.15695101,-0.20242849
274677,L6 CT,0.027996063,-0.22806111
40126,L4/5 IT,-0.07457578,0.15846646
13201,L2/3 IT,-0.34788,0.17512828
40123,Peri,-0.20728445,-0.07643956
167921,Vip,-0.09466675,0.33290458
167871,L6 IT,-0.11956456,-0.26908478
19978,L4/5 IT,-0.35197848,0.080145836
167841,Pvalb,0.3988061,-0.1246618
183048,PVM,0.47614032,0.015037596
276954,L2/3 IT,-0.2394265,0.3040157
277969,Endo,-0.24918151,-0.12891856
234478,L2/3 IT,0.16039276,0.117617965
13267,Astro,-0.055777818,0.30895936
145117,L6 IT,0.02318567,-0.2696089
145757,L5/6 NP,-0.04288292,-0.06764206
167485,L2/3 IT,0.38765597,-0.11759925
39559,L2/3 IT,-0.36827862,0.109021425
19515,Micro,0.2899211,0.027002573
248602,Endo,0.30095232,0.028214335
14061,Lamp5,0.042630315,0.32310647
14153,Endo,-0.37462193,0.0058125257
151495,L5 IT,-0.051206917,0.037248075
39184,Oligo,-0.17705896,-0.2720087
39170,L4/5 IT,-0.28108755,-0.07077211
19505,Micro,-0.389651,0.28706616
167070,L2/3 IT,-0.25150144,0.3156348
39156,OPC,-0.080691725,0.21100873
39151,L2/3 IT,-0.13613528,0.20223874
151476,L4/5 IT,0.06985885,0.11603463
32689,L4/5 IT,-0.24830788,0.030827403
145936,Endo,0.008548439,0.21881926
225723,L6 CT,0.043743968,-0.2634933
32699,L5/6 NP,0.04752934,-0.0022025406
166941,L6 CT,0.17609733,-0.24154356
38938,L5 ET,0.04134053,-0.25422257
163023,VLMC,-0.24298227,0.47846103
252189,Peri,0.22283065,-0.12401289
188435,L5 ET,-0.10677761,-0.24959105
19389,Endo,0.017143428,-0.23288754
252186,L5 ET,-0.21385476,-0.19882429
146253,VLMC,-0.2724142,0.45489532
146285,L2/3 IT,0.1460793,0.14388925
255106,Astro,0.00033193827,0.30255103
188446,L5 IT,-0.2259768,-0.17061728
19377,VLMC,-0.16923732,0.45748127
228032,L6 CT,0.043970525,-0.27906257
190213,L2/3 IT,0.32552576,0.039948165
234260,L6 IT,-0.12884471,0.007759273
188416,Astro,0.0592373,0.35296327
39530,Endo,-0.08556908,0.3545866
39510,VLMC,-0.22197217,0.46319473
162700,Pvalb,0.33366776,-0.014518261
13640,VLMC,-0.054107934,0.4385298
188390,Lamp5,0.054739535,-0.1412394
251381,L6 IT,0.14675051,-0.31902105
145891,VLMC,0.22400063,0.2912174
32550,L6 CT,-0.04569441,-0.36002222
274647,Peri,0.40221518,0.073020995
167423,L2/3 IT,-0.2929121,0.30471444
39419,Astro,0.05611533,0.09742141
277927,L5 IT,-0.2502231,-0.23104334
19631,Micro,-0.24109301,0.44031304
167155,L2/3 IT,-0.38716364,0.079806864
145902,VLMC,0.088285506,0.38700712
234314,L4/5 IT,0.10633284,0.14357603
32570,Oligo,0.062389135,-0.13784859
167339,Vip,0.046892762,0.20233238
39392,L5 ET,-0.20977384,-0.19067359
183235,L5 IT,-0.039505452,-0.33561605
167277,L6 CT,0.052994072,-0.13243511
162726,L2/3 IT,0.09590995,0.21391755
151603,Astro,0.15621561,-0.106909126
32574,L2/3 IT,-0.29714337,0.29857045
39365,Vip,0.006186068,-0.2503097
32584,PVM,0.05929011,0.34178978
39335,Astro,-0.24323317,-0.0007042587
13931,L2/3 IT,0.33068222,-0.055535167
145903,L2/3 IT,-0.07615122,0.27098113
162346,L5 IT,-0.10054642,-0.32680044
254834,L2/3 IT,0.28073305,0.14179218
37106,L4/5 IT,-0.31176913,0.047885954
17060,L4/5 IT,-0.29939553,-0.02503863
33903,Sst,-0.25668156,0.066913426
274414,L6 CT,-0.0031039119,-0.19617587
150387,L5 ET,0.17734802,-0.29040185
150382,L2/3 IT,0.3644176,-0.00018954277
254513,VLMC,-0.2088762,0.46344858
35193,L5 IT,0.1411323,-0.037744343
33906,L6 IT,0.16409278,-0.16432166
251904,L2/3 IT,0.2739979,-0.02209121
35169,L2/3 IT,0.009988189,0.18216145
149395,Sst,-0.1745303,0.1031819
241256,L5 IT,-0.20670345,-0.1092861
277259,L2/3 IT,0.35415578,0.042025924
18183,Pvalb,0.09776801,-0.2990198
248427,L5 IT,-0.06237793,-0.33937562
18177,L2/3 IT,-0.22991627,0.15344894
189185,VLMC,-0.2210978,0.5
34910,Astro,0.2711835,0.12087059
149499,L5 IT,-0.25248677,-0.13903934
149518,L2/3 IT,0.22779167,0.1883505
150281,L2/3 IT,0.029940665,0.26283693
17240,L2/3 IT,0.119703054,0.19196683
240177,Peri,-0.08595541,-0.08776489
233232,L4/5 IT,-0.3034277,-0.12541693
277262,L2/3 IT,-0.1118809,0.30555886
33972,L6 IT Car3,-0.033865154,-0.34699905
164353,L4/5 IT,-0.33503497,-0.040381312
149358,L4/5 IT,0.16310579,0.02384758
149355,PVM,0.4705807,-0.068665564
17013,L4/5 IT,-0.28841606,-0.028061539
227089,L4/5 IT,-0.24275047,-0.08968505
148869,L2/3 IT,0.35908276,-0.046448767
164804,L6 CT,0.021638155,-0.27921546
16594,L5 IT,0.15644097,-0.081804186
16607,Astro,-0.013940513,-0.26682794
16608,Lamp5,-0.05343193,0.41280097
148921,L5 ET,0.27907425,-0.20301417
18418,Astro,-0.13025254,-0.16812757
164779,VLMC,0.2836455,0.2190615
252002,L4/5 IT,0.33420724,-0.11218983
163968,L4/5 IT,0.23085177,0.011358917
277490,L2/3 IT,0.3747725,0.0029053688
184053,Sst,0.10526562,0.20775414
149087,L6 IT,0.25916594,-0.20679146
150254,Vip,-0.2568094,0.17611837
164674,L4/5 IT,0.07478714,0.107424974
164613,L5 IT,0.093860924,0.007902503
16834,L2/3 IT,0.32571375,-0.060127527
16835,L2/3 IT,0.2917704,0.1107111
227042,L4/5 IT,0.0911237,0.026441157
16849,Peri,-0.22836816,-0.26140916
149197,L2/3 IT,0.0038202405,0.19666862
149263,OPC,-0.20047715,0.0897938
16865,Endo,-0.14680159,-0.06375137
18282,Lamp5,-0.24045011,0.38116413
184349,L6 CT,-0.06887746,-0.2806669
149291,L2/3 IT,0.2562592,0.054320574
184100,L2/3 IT,0.038091063,0.14441174
149295,Lamp5,-0.038362384,-0.32241964
164001,L6 CT,0.185772,-0.28660077
149573,L6 IT,0.10719144,-0.10524911
34810,Oligo,0.090232074,-0.106701374
277263,L2/3 IT,0.04310155,0.2837429
17706,L6 CT,-0.02502048,-0.31419665
149833,Lamp5,0.38996756,-0.118843645
247510,L2/3 IT,-0.3440365,0.16957176
34555,L5/6 NP,0.13170779,-0.31941152
251959,OPC,0.17947465,-0.3087799
149899,L2/3 IT,-0.34322438,0.24841392
227401,Micro,0.05926025,0.079149246
277331,L2/3 IT,0.20762908,0.10324091
150149,SMC,-0.1510616,0.4671098
164145,Endo,0.061882555,0.14239228
233105,L4/5 IT,0.21068686,-0.07577586
17767,L2/3 IT,-0.35236186,0.21406305
227417,L2/3 IT,0.19958937,0.21145064
164295,L4/5 IT,0.2838428,-0.2190676
189016,L6 IT,0.24522,-0.2283274
149950,VLMC,0.40690768,0.13048089
34406,L6 CT,0.10399783,-0.36475185
34391,L4/5 IT,-0.2067259,0.039720774
184258,SMC,0.038644314,0.27925932
150116,L6 CT,-0.1196377,-0.23867589
34357,L4/5 IT,0.021535635,0.08334929
17799,L5 ET,-0.07889351,0.057410777
274384,L2/3 IT,0.32294607,0.09786117
150043,L6 IT,-0.059445024,-0.15917203
233055,Astro,-0.39366886,0.024483323
150099,Endo,-0.036238372,0.2575457
274357,VLMC,-0.20146272,0.46211314
227475,Astro,-0.3592996,0.33481985
17771,L2/3 IT,0.20065469,0.1131829
189357,Astro,0.14361632,0.23355877
254392,Astro,-0.08382976,0.110623896
233029,L6 CT,0.099416256,-0.31152582
227253,Lamp5,0.21627462,0.046562433
34784,L4/5 IT,-0.2668143,-0.0645031
149656,L5 IT,-0.08949095,-0.12941071
164128,L6 CT,-0.0077849925,-0.3269948
34736,SMC,-0.3114721,0.16280478
34733,L4/5 IT,-0.10494989,0.093152404
18074,L4/5 IT,-0.28695622,-0.14689729
17428,L5 IT,0.071331024,-0.009302497
164339,Oligo,0.16268939,-0.25020635
227289,L2/3 IT,-0.11167586,0.28141147
251945,Astro,-0.16851777,0.17070949
34647,L6 IT Car3,-0.0331119,-0.29634893
188912,L5 IT,0.0790413,-0.042253107
17634,L5 IT,-0.08167574,-0.055232078
227576,L5 IT,0.17101985,-0.06356725
227304,L4/5 IT,-0.31094202,-0.05879435
251949,Peri,-0.14180642,0.29862756
150187,L4/5 IT,-0.21142104,0.06682038
149748,Peri,0.0627076,0.19015002
17557,L2/3 IT,0.40470046,0.021278024
34588,L2/3 IT,0.40342808,-0.10216561
227557,L6 IT Car3,-0.0832971,-0.15269136
274391,L5/6 NP,-0.18489853,-0.18261704
189078,Endo,-0.41587472,0.35101295
164142,VLMC,0.16579825,0.3320334
34167,L2/3 IT,-0.11226842,0.26192737
188935,L6 IT,0.25725603,-0.25848195
164306,L4/5 IT,0.0009317398,0.1539225
233020,L6 CT,-0.05918783,-0.12874573
15484,L4/5 IT,-0.28245977,-0.03545174
148851,L4/5 IT,0.060701013,0.045445204
18491,OPC,0.10084146,-0.39280477
165462,L4/5 IT,-0.14285415,0.16939145
15796,L6 CT,0.07035893,-0.36385053
183829,L5 ET,-0.10818732,-0.21857601
147893,L4/5 IT,-0.30202302,0.10083306
18886,L4/5 IT,-0.32205045,0.021294296
233649,Peri,0.10931027,-0.2941584
189659,L4/5 IT,-0.29922628,0.04879445
274520,Astro,-0.31105977,0.39225608
226511,L5 IT,0.080299854,-0.036870718
165408,Vip,-0.14217842,0.028095424
147952,Lamp5,-0.3115151,0.36964232
36736,Endo,0.26043177,0.12733716
15916,L2/3 IT,-0.31007022,0.20533061
165337,Endo,-0.0032745898,0.16732872
241358,L6 CT,0.0068140626,-0.4119473
273887,Pvalb,0.029157817,-0.39481375
274519,L2/3 IT,-0.3077265,0.30409002
33416,L4/5 IT,0.0789696,0.08336717
165333,Oligo,-0.025084287,-0.2571754
233603,L4/5 IT,-0.3348689,-0.0710035
36575,L6 CT,-0.07055065,-0.20146194
274508,L5 IT,-0.0062407553,-0.035354316
163623,L5 IT,-0.055612177,-0.27479607
251792,VLMC,0.27056658,0.20420158
165258,L2/3 IT,0.16816026,0.13857388
165235,Astro,-0.17593917,0.27850968
18840,L2/3 IT,0.052556217,0.25622118
165473,Peri,-0.22221243,0.11612153
33365,Astro,-0.12154621,0.36632943
36829,L5 ET,0.27940637,-0.19769496
165534,L2/3 IT,0.20055991,0.07998973
277670,L4/5 IT,0.23433542,-0.046891898
240085,L4/5 IT,-0.25322244,0.022365808
163499,VLMC,-0.2152364,0.46333718
15538,L2/3 IT,0.028828502,0.28970605
147681,Micro,-0.06435633,-0.17620343
15571,Astro,-0.34099352,0.264665
33265,L2/3 IT,-0.3373,0.19113374
37025,L6 IT Car3,0.0050418973,-0.3179357
273828,L2/3 IT,-0.16273642,0.30364162
163530,Sst,0.12302995,-0.3824229
150792,Micro,-0.14277422,0.3161745
165653,Sst,-0.23821604,0.09716737
37006,L2/3 IT,0.25141978,0.14526355
18820,PVM,0.076275766,0.18910652
37003,Lamp5,-0.4409911,0.25287473
36971,Pvalb,-0.025060028,-0.30559093
150783,Peri,0.060296476,-0.114058524
165571,L5 ET,0.165268,-0.30935785
277637,Micro,-0.20727727,0.14138126
15665,L4/5 IT,-0.16944149,0.09915501
147794,L6 CT,0.13667333,-0.23457643
233712,L2/3 IT,-0.29177386,0.29371184
147815,L5 IT,0.21243817,-0.14552504
36942,Peri,-0.083970934,-0.3946793
189699,L4/5 IT,-0.20188412,0.09377247
36910,L2/3 IT,-0.11514488,0.33544326
183796,SMC,0.14508349,0.008147895
163534,VLMC,0.13117939,0.34620816
18974,L2/3 IT,0.07616812,0.27860618
273932,SMC,0.3417788,0.08239746
16044,Vip,-0.24290714,0.3096165
274491,VLMC,-0.23195589,0.49302834
164977,L4/5 IT,-0.04136017,0.12668478
247454,L2/3 IT,-0.25092125,0.23234433
35988,L2/3 IT,0.33031374,-0.052936614
35982,Micro,-0.08235705,-0.08428767
18642,L2/3 IT,0.111549616,0.22928178
189455,Endo,0.021287084,0.123966575
164915,L2/3 IT,0.100871384,0.28593117
35928,L2/3 IT,-0.090727985,0.31249142
148555,Micro,0.14346886,-0.36022866
35918,Sst,0.19746816,0.0022566319
33710,L2/3 IT,0.4002303,-0.048442245
274074,L4/5 IT,0.22151089,-0.035658747
248446,Oligo,0.115192056,-0.25714964
188745,L5 ET,0.1522299,-0.11198628
150572,L2/3 IT,0.36922526,0.025574684
16502,Peri,-0.22050965,-0.14352968
35849,L2/3 IT,0.07101244,0.16512895
164884,L6 IT,0.20365584,-0.24763769
16504,L5/6 NP,0.1694361,-0.23801243
254615,L4/5 IT,-0.18606454,0.16139472
148744,L2/3 IT,0.2534629,0.05624789
35760,L4/5 IT,0.27152437,0.011453092
274447,L2/3 IT,0.14453804,0.107601225
35689,Endo,-0.050327778,-0.24995175
148807,L6 CT,-0.032700866,-0.11817399
274119,L2/3 IT,-0.09530082,0.22020048
164874,L2/3 IT,-0.2922265,0.2832011
150527,L2/3 IT,0.06163138,0.19649231
164892,L5 ET,-0.16172266,-0.09053454
277517,L5 ET,-0.08696851,-0.270035
165003,Astro,-0.38981986,0.102181315
165037,L6 CT,0.022151113,-0.41454852
241344,L4/5 IT,0.35553855,-0.13385615
16055,Astro,0.04958254,-0.43079352
148293,L4/5 IT,-0.30548474,-0.07759324
189538,L6 CT,0.12669683,-0.32951754
165174,Endo,0.37398916,0.105051875
33552,Astro,-0.32358342,-0.065805316
148321,L6 CT,-0.016452968,-0.38854867
36363,Oligo,0.08716905,-0.2531808
150684,Peri,0.21892774,-0.016117215
16132,L6 IT,0.037786722,-0.0774616
36325,L6 CT,0.053451717,-0.28496775
36321,L2/3 IT,0.3129627,-0.03811732
148335,L2/3 IT,-0.22439107,0.25606018
148489,L4/5 IT,-0.30728513,-0.034908086
240278,L6 CT,0.05468464,-0.25694197
148371,Sst,0.051021576,-0.3810303
226704,Micro,-0.2852937,-0.03693998
165116,L6 IT,0.11825001,-0.23872048
36195,L6 IT,0.0690338,-0.3373983
165086,PVM,-0.009774536,0.25457704
251823,L4/5 IT,-0.121869296,0.10493034
189495,L2/3 IT,-0.05966285,0.28294432
33639,L2/3 IT,-0.23263562,0.2939009
226754,L5 IT,0.117863595,-0.0115941465
163711,L2/3 IT,-0.006259501,0.20955306
36079,L2/3 IT,0.2655673,0.053606212
16224,Endo,0.054123998,0.15368164
277585,Endo,-0.42617226,0.28587306
189519,Astro,-0.32656187,0.2414208
168011,Endo,0.05615914,0.06261206
13092,L2/3 IT,0.053394854,0.28238273
40408,Vip,0.39550823,-0.08610216
191784,Astro,-0.0004042387,-0.29322052
170527,L5 IT,0.23034573,-0.1650956
9960,L2/3 IT,-0.30731618,0.33462918
141428,L6 CT,0.030818284,-0.3218972
223779,L4/5 IT,-0.2011598,0.15504622
182152,L6 IT,0.18966395,-0.15752485
170474,Endo,-0.26355487,0.11191952
252444,L6 IT,0.114489734,-0.3609502
153564,L2/3 IT,-0.10362175,0.28746068
153549,PVM,-0.05851221,-0.18011999
170466,L5 IT,0.31927347,-0.23412287
170447,L6 IT,0.08889538,-0.34455442
44452,Astro,-0.034705758,-0.33473176
21249,L6 CT,-0.13858059,-0.2241162
228715,L5 IT,-0.19619587,-0.12534025
44417,L4/5 IT,-0.3143109,-0.11067921
161504,VLMC,-0.4340362,0.34400034
153448,Peri,-0.3592859,0.14276212
21172,L5 IT,0.1359542,-0.013988912
141557,OPC,0.21505475,0.26949096
170378,L2/3 IT,0.15986931,0.20758879
253832,L2/3 IT,-0.13287863,0.22923493
187825,L2/3 IT,0.2179243,0.037062526
10320,L5 ET,0.040139914,-0.04098296
141611,Oligo,-0.075671375,-0.029989779
253834,L5/6 NP,-0.18325248,-0.057251126
10402,L2/3 IT,0.31584793,-0.0042555034
255987,L2/3 IT,-0.23265263,0.316212
191793,L2/3 IT,-0.35716477,0.012586236
44608,L4/5 IT,0.33240163,-0.17738092
223734,L5/6 NP,0.06864661,-0.19277734
276663,Endo,0.03600794,-0.2035765
240964,L5 IT,-0.20622343,-0.023664266
21339,Endo,-0.44368663,0.19122607
44928,Pvalb,-0.19562411,0.01665461
191844,OPC,0.2662552,-0.16051331
9701,L2/3 IT,0.0225811,0.21679097
235698,L2/3 IT,-0.29678035,0.26077408
44864,Endo,0.21470445,-0.16395646
44852,L2/3 IT,0.10125291,0.2995401
153620,Endo,0.39226133,-0.040885806
44848,L2/3 IT,0.16167915,0.2002784
170653,L5 IT,-0.32508036,-0.03799787
44819,Pvalb,-0.042268336,-0.37656614
44181,L4/5 IT,0.12721175,0.026675522
182084,Micro,-0.16835228,0.34262007
170614,SMC,-0.19619119,0.08574873
187757,L5 ET,0.12245822,-0.12302217
9863,L4/5 IT,0.40079963,-0.12065333
30366,Astro,-0.4217594,0.1473617
161321,L6 CT,-0.03772378,-0.33820632
252463,L6 IT,-0.0058658123,-0.19493058
9900,VLMC,0.13370949,0.35467798
141290,OPC,-0.12075853,0.20381266
161373,L5 IT,-0.0625855,-0.27648455
141311,Vip,-0.12037367,-0.0035563111
141335,L6 IT,0.25792146,-0.28925523
235647,L4/5 IT,0.35987598,-0.12577236
255994,L4/5 IT,-0.2739917,-0.03200519
9818,PVM,0.10654807,0.12769777
44168,L4/5 IT,-0.13974103,0.09880906
30626,L5 IT,0.20834774,-0.10236195
10407,L4/5 IT,-0.19009697,0.036334693
153143,L4/5 IT,0.11433506,0.090723574
187919,L5 IT,-0.19519678,-0.050221473
191580,L5 IT,0.08309966,-0.2926661
30952,VLMC,-0.32545203,0.45404005
169902,L4/5 IT,0.16831225,0.061501324
235373,Oligo,0.24684685,-0.16623136
43731,VLMC,-0.3914433,0.37578857
182365,L2/3 IT,0.32204062,0.04355246
10949,L4/5 IT,0.102235556,0.043268383
10952,Astro,-0.22552907,0.40997583
255832,L4/5 IT,-0.104322314,0.17958403
142233,Oligo,0.07838416,0.12866443
142243,L4/5 IT,0.30546427,-0.07468134
255839,L4/5 IT,0.12442756,0.06984961
235344,L2/3 IT,0.0302459,0.21645486
30976,L2/3 IT,0.44350982,-0.109540075
169870,L6 IT,0.19619668,-0.14534408
182374,Micro,-0.40655568,0.25347567
43616,Endo,-0.1435704,0.0633229
43592,Astro,-0.4359055,0.16163725
31008,Lamp5,-0.15809965,0.3720265
43588,SMC,0.3287552,-0.09480935
142339,L4/5 IT,0.061784923,0.033397973
182379,Peri,-0.12344429,-0.13781992
161790,PVM,-0.085565746,0.2526834
11142,L6 IT,0.09559429,-0.34813356
43532,L6 IT Car3,-0.15039933,-0.115400046
142423,L5 ET,0.15798062,-0.31944102
11051,Peri,0.12762153,0.18135583
256027,L5 ET,0.18872392,-0.15563467
235413,L2/3 IT,0.21781904,0.20500094
20921,L5 ET,-0.045651346,-0.05967027
248818,Oligo,-0.16121525,0.16563892
223894,Astro,-0.4021989,0.06497508
250888,L2/3 IT,0.17783475,0.20762259
255939,L2/3 IT,0.39962035,-0.15397158
252443,L6 IT,-0.09106588,-0.2331987
185170,Micro,-0.15551004,-0.23877907
231971,Astro,-0.42386073,0.20851636
272619,Oligo,-0.35878158,-0.061146647
170275,L2/3 IT,0.0710237,0.21543515
153313,Peri,-0.0960359,0.06738651
187878,Pvalb,-0.04400453,0.18927872
161558,L6 CT,0.06857103,-0.23181477
141933,L6 CT,0.115252554,-0.16166255
232040,L4/5 IT,0.044010103,0.1267978
153276,Oligo,-0.093096495,-0.3420293
182268,OPC,-0.16119778,0.2936356
153273,VLMC,0.32006812,0.17768085
43999,L2/3 IT,0.40487778,-0.07834259
228647,Pvalb,0.3196782,-0.19844612
141990,Endo,0.46115512,0.058925927
153268,L2/3 IT,-0.082136214,0.29915047
170038,L4/5 IT,-0.19074166,0.122119606
161654,Sncg,-0.34308475,0.21072698
43940,Pvalb,-0.053680956,0.24691069
142019,L5/6 NP,0.14822453,-0.10871124
278380,Astro,0.2951758,-0.20723805
153252,L2/3 IT,-0.19594675,0.30995232
191601,L5 ET,0.14353532,-0.2485983
182257,Astro,-0.43136787,0.22330332
239810,Endo,-0.029393256,0.33298057
141146,Endo,0.3285513,-0.15896603
153677,Astro,-0.34544975,0.23588014
29803,Oligo,0.13872164,-0.03559637
278794,L2/3 IT,0.45949888,-0.042191237
21792,VLMC,-0.42066854,0.36821026
250614,Oligo,0.19440591,0.044921935
8858,L2/3 IT,-0.10476774,0.24454844
228918,OPC,0.3282482,0.18952143
21766,L4/5 IT,0.1518932,0.05200678
171577,L2/3 IT,-0.3816083,0.0766412
241855,Endo,0.03067267,0.25074393
46198,L6 CT,-0.042920887,-0.28268832
154015,Endo,-0.28294456,0.23616648
46167,L5 ET,-0.0014793575,0.003130734
21718,Endo,-0.192051,0.35391575
140366,L6 IT,-0.05457163,-0.11854905
171553,L2/3 IT,0.26338202,0.022819698
8975,Oligo,0.046738565,-0.07057232
235949,L6 IT,0.085017264,-0.37423566
29863,L5 IT,-0.18187037,-0.10466704
235936,VLMC,0.33041763,0.1989134
171273,L5 IT,0.12670666,-0.026744485
231773,L2/3 IT,0.21102363,0.10573602
181850,Astro,0.33461612,-0.12395272
46123,L2/3 IT,-0.27980125,0.26994258
46099,L4/5 IT,0.08597565,0.17347807
235894,L2/3 IT,0.29303753,0.015618026
275120,L2/3 IT,0.31177312,0.079918265
228893,L4/5 IT,-0.3067716,0.013500869
250607,L4/5 IT,0.1662175,0.033935726
8718,L4/5 IT,0.19120848,-0.035897404
21814,L2/3 IT,0.32485205,0.03420949
8636,L6 CT,0.108829975,-0.31707996
154165,L2/3 IT,0.2116453,0.095674515
278874,Micro,0.112513304,0.12896931
154149,Endo,-0.18696085,-0.24186221
171971,Pvalb,-0.20727605,-0.09670988
185400,L2/3 IT,0.28691107,0.05513519
171919,Endo,-0.039904624,0.1742124
140017,Oligo,-0.10763082,-0.1354402
223219,L5 IT,0.22377348,-0.13339972
8448,Sst,-0.09122905,-0.19842583
8456,Endo,0.0870173,0.08991337
29665,L4/5 IT,-0.29040813,-0.0006105006
46536,L2/3 IT,-0.11613268,0.27261424
8517,L6 IT,0.11176956,-0.3571483
181879,L2/3 IT,0.1800918,0.23219866
140056,Astro,0.3761868,0.15368968
171804,L4/5 IT,-0.32688415,-0.078398556
160811,L4/5 IT,0.24898732,-0.045049816
46499,L5 IT,0.0491603,-0.04380533
8536,L2/3 IT,0.2610147,0.0013735294
185385,Sst,-0.008508235,0.24688911
171794,L6 IT,0.12107712,-0.3475229
154109,Endo,-0.23081142,0.3504902
275160,Lamp5,0.029226243,0.17440122
29702,L4/5 IT,-0.2781589,-0.019889265
228931,L5 IT,0.003687799,-0.27461624
171758,L6 IT,-0.052449107,-0.22086236
253747,Astro,-0.29272175,-0.04127693
181693,VLMC,0.20818233,0.3210274
171812,Oligo,-0.015918672,-0.32874754
253758,PVM,-0.030683905,0.17517596
21560,L2/3 IT,0.17425829,0.12067032
153949,L2/3 IT,0.43616182,-0.03763354
30066,L6 CT,-0.025190532,-0.28982148
250778,Micro,-0.19468448,-0.22651148
9528,Astro,-0.39330143,0.23068523
191984,L4/5 IT,0.14821976,0.12382299
170865,L2/3 IT,-0.23444253,0.274068
272410,L6 IT,-0.09148279,-0.081428826
170852,PVM,0.11505926,-0.38340285
246989,L2/3 IT,0.32713348,0.0066072345
272422,L4/5 IT,0.20028812,0.012099266
272426,L6 IT,-0.117298454,-0.07940245
235774,L2/3 IT,-0.21059361,0.31446517
45342,VLMC,-0.0067949593,0.36925524
170832,Oligo,0.17076445,-0.0056446493
9490,Pvalb,0.008087277,-0.05849564
140937,VLMC,0.4117359,0.10800904
45274,L5 ET,-0.07745311,-0.22786555
140966,L6 IT Car3,-0.17460328,-0.18777353
30101,L2/3 IT,0.16534007,0.17844826
239751,PVM,-0.3961081,0.3525582
45269,L5 IT,0.06512773,0.056084037
140998,Peri,0.31494832,0.008032441
21366,L4/5 IT,-0.2567451,0.15768224
141075,L6 IT,0.017101228,-0.2405482
45106,L4/5 IT,-0.20563293,0.17945659
30158,L4/5 IT,0.26888543,-0.0707964
45079,L5 IT,0.012550592,-0.26988176
45067,L4/5 IT,0.2222246,-0.007395178
153683,Astro,0.3167457,-0.00894928
21375,L4/5 IT,0.12143642,0.09870553
153658,L5 IT,0.06033814,0.008587778
239744,Endo,-0.34409207,0.14899886
21415,L4/5 IT,-0.017876983,0.07963836
171103,Endo,0.25415045,0.22411585
187647,L6 IT,0.048147798,-0.2655607
46048,Oligo,0.11590654,-0.17422369
248866,SMC,-0.14228788,-0.042520344
140435,L6 IT Car3,-0.032826334,-0.20028701
29921,OPC,0.22143781,0.17600262
153837,L2/3 IT,-0.24470395,0.28083283
223396,Sst,-0.12614745,0.055767894
140484,L4/5 IT,0.16322333,0.024078906
45918,SMC,0.028946519,0.15357012
29950,SMC,-0.031872988,-0.4503847
17931,L2/3 IT,-0.057086498,0.23359686
140506,Astro,-0.08337131,0.3915491
45553,L6 CT,0.20778573,-0.247911
9285,SMC,-0.22751868,0.42715567
140511,L2/3 IT,-0.18646538,0.2743094
235847,L2/3 IT,0.09691608,0.16757
45768,Endo,0.17928576,0.25226998
228868,L4/5 IT,-0.29222852,-0.088685304
21484,SMC,0.19792616,0.031812847
9302,Endo,0.1429314,0.33083528
187677,L2/3 IT,-0.038395405,0.30058962
161118,L5 IT,0.2897933,-0.06246254
45687,L6 IT,-0.24181291,-0.08215165
161134,L4/5 IT,-0.3030153,-0.07357374
9457,L2/3 IT,-0.2812379,0.28267455
153784,L4/5 IT,-0.28316694,0.034837723
45558,Astro,0.14655149,-0.30364704
272361,L6 CT,0.039931834,-0.18964583
191487,L6 IT,-0.055351228,-0.11729729
31055,Vip,-0.093521476,0.3213361
224180,L6 IT,0.011584401,-0.1353733
239909,Peri,-0.044654578,-0.20513538
168657,L2/3 IT,-0.21219543,0.33772188
144123,L5 IT,-0.16549444,-0.2534363
12405,Micro,-0.09335476,0.4094259
31783,L4/5 IT,-0.18713105,0.18552125
41412,L6 IT,0.24969763,-0.23448268
144139,Peri,0.14798719,0.06313354
168647,L4/5 IT,-0.23620245,0.019958198
168639,L2/3 IT,-0.18890932,0.26901054
41326,L2/3 IT,0.37294966,0.011914372
273104,L2/3 IT,0.30446225,0.06451154
225014,L2/3 IT,-0.3764056,0.14273185
225019,L4/5 IT,-0.14954811,0.10645276
152310,L2/3 IT,-0.40773407,0.07938254
12469,OPC,0.12870055,-0.012230039
168591,L6 CT,0.003337264,-0.25572288
20326,PVM,0.24449348,-0.107087225
12517,Astro,-0.09236163,0.38285363
162141,Pvalb,-0.16055557,-0.0564408
241552,L6 IT Car3,-0.020950556,-0.2361044
31890,L5 ET,-0.19711041,-0.13480413
182836,L2/3 IT,0.35666597,-0.030054748
168512,L2/3 IT,0.20067751,0.10137302
247683,L5 IT,0.20342249,-0.10724744
225076,L6 IT,0.17000258,-0.26580635
255470,L2/3 IT,-0.27550304,0.2025823
41091,L5 ET,0.15384847,-0.13663897
41491,L2/3 IT,-0.06327793,0.21977717
31772,L4/5 IT,0.07741827,-0.5
41526,Peri,0.060791492,0.052526772
252359,SMC,0.048171222,0.120594025
12045,L2/3 IT,0.198506,0.068240166
224814,L2/3 IT,-0.28482407,0.29298377
152461,L4/5 IT,-0.19430816,0.19995058
31649,Micro,-0.2907164,0.19756407
224830,Endo,-0.1685346,0.106242955
12064,L6 CT,0.18923092,-0.31194767
234922,SMC,-0.27595937,0.47933853
255562,L5 IT,-0.18053493,-0.035737604
143993,Endo,-0.2735203,-0.23759192
41756,OPC,-0.4379727,0.15393984
168889,L2/3 IT,0.3664587,-0.04262364
41660,Astro,0.09004158,0.25181478
168887,L2/3 IT,-0.27444497,0.1845839
12586,Astro,-0.0039883554,-0.22584262
12145,Endo,0.19988704,-0.05535963
276869,VLMC,0.12098104,0.3607126
190989,SMC,0.37086385,-0.09756747
168885,L4/5 IT,-0.17395213,0.23275352
162059,L2/3 IT,-0.37435365,0.10666555
255560,Peri,0.39889753,-0.10968584
12245,L2/3 IT,-0.3300441,0.25891918
41569,Peri,-0.24629778,0.22049826
20396,L4/5 IT,-0.032105416,0.09191817
20393,Vip,-0.30245423,0.15168428
31754,L4/5 IT,0.37729627,-0.12316832
168785,L4/5 IT,0.022175431,0.123105645
20388,L4/5 IT,0.12523508,0.014552236
41537,L4/5 IT,0.33060175,-0.03812462
228386,Endo,-0.056942225,0.4053945
225095,L6 CT,0.064062834,-0.16475302
144371,L6 IT,0.17324358,-0.24776456
168487,Micro,-0.05450067,-0.20257112
12901,L4/5 IT,0.10437322,0.02186507
225247,L4/5 IT,-0.26451322,0.16735405
144724,VLMC,0.5,-0.00048053265
278034,L5 ET,0.05911523,-0.08044267
12922,L6 IT,-0.029357791,-0.23847744
168287,L4/5 IT,-0.3120498,-0.004237741
168284,OPC,-0.4243672,0.13383532
182947,Endo,0.3643468,0.0077224374
232341,Oligo,0.33106828,-0.16979748
40650,L5 ET,-0.149833,-0.27873185
232348,L2/3 IT,-0.36695406,0.04370171
144822,VLMC,0.22255743,0.30369437
278014,L6 IT,-0.015575439,-0.21079156
20095,L4/5 IT,-0.25858885,-0.17133507
190709,L6 IT,0.16452181,-0.31110913
255422,Oligo,-0.15768507,0.116825104
20057,L6 IT,-0.13484311,-0.33605707
144879,Astro,-0.07919073,0.047727883
144883,PVM,-0.1641283,0.35101193
144930,Endo,-0.04268855,0.31828123
144947,L6 IT,-0.06994763,-0.13543662
13072,L6 CT,0.19402784,-0.2957279
277999,OPC,-0.13273463,0.057834744
145012,L6 IT,-0.004391581,-0.2766128
40444,L4/5 IT,0.1854834,0.06337869
13080,Astro,0.28291494,-0.27919182
40424,L4/5 IT,-0.10709739,0.16967255
20049,L2/3 IT,-0.35592398,0.21289277
182976,Astro,-0.37071657,0.13759607
191039,Pvalb,-0.036096364,-0.16050193
190760,L4/5 IT,0.15358365,-0.035208344
273194,L4/5 IT,-0.26764315,-0.064899355
144409,Peri,0.09041476,0.11306286
12615,L4/5 IT,-0.17499295,0.048218966
251216,Pvalb,-0.18427104,0.0031104088
144465,Micro,-0.16242263,0.2488833
190823,L2/3 IT,0.35266668,0.0006978512
162209,Endo,0.15075886,0.19783288
12635,L2/3 IT,0.2781685,0.03825116
20192,L4/5 IT,-0.22041413,0.14920735
251226,L4/5 IT,0.019079864,0.12653214
40908,OPC,-0.008424878,0.20482749
225167,L5 IT,-0.02338034,-0.057331055
190805,L2/3 IT,0.25038773,0.05995512
234728,L4/5 IT,-0.28563505,-0.11765927
40724,Micro,-0.41113096,0.22708964
168412,Peri,0.14930904,0.1502232
232304,L4/5 IT,-0.25692677,0.056476414
158147,L5 IT,0.24082911,-0.20219249
278081,SMC,-0.20680991,0.08045673
32020,L4/5 IT,0.03674215,0.13409448
182879,Astro,0.05875033,0.37092036
152184,Endo,0.31709075,-0.1416721
190789,Micro,-0.25337,0.42522007
144547,VLMC,0.33315212,0.15783656
12744,SMC,-0.24336016,0.10455382
144578,L6 CT,0.048928022,-0.1560188
152182,L2/3 IT,0.31034738,-0.025367677
168355,Sst,0.05384618,0.0311172
190764,L4/5 IT,-0.28706473,-0.057057023
40860,Endo,0.32388467,0.012539208
191042,L6 CT,-0.016270787,-0.18664095
191061,VLMC,0.4903596,0.004185021
234940,L6 CT,-0.01222676,-0.25663182
169569,OPC,-0.28678083,0.14571631
169565,Endo,-0.09344146,0.2567066
42948,Endo,-0.308986,-0.11456323
11519,Endo,-0.40892613,0.20319086
169549,Lamp5,-0.22282329,0.4230129
274853,L6 CT,-0.09935415,-0.33162993
142797,Pvalb,0.011794329,0.2370463
169454,Astro,-0.38057843,0.06453115
239844,L6 CT,0.21907675,-0.3089397
42875,Oligo,-0.16932255,-0.2302725
272826,L2/3 IT,0.14622402,0.09986365
152851,L2/3 IT,0.19690615,0.11554408
42856,L2/3 IT,-0.23001787,0.23072529
241659,Endo,0.1871767,-0.08440155
31206,Endo,-0.40445444,0.28722954
191374,L5 IT,-0.013556153,-0.2446065
241648,Peri,-0.42084193,0.25976938
152776,Vip,0.03329754,0.09360868
191370,L5 IT,0.1318891,-0.067011714
161935,L2/3 IT,0.14313817,0.18460971
42772,L4/5 IT,-0.3251307,-0.03482732
274835,Endo,-0.08663884,-0.09586078
191348,Astro,-0.17371073,0.28443533
42690,L2/3 IT,-0.29130775,0.28180748
224445,L4/5 IT,0.029862642,0.12894613
241007,L2/3 IT,0.11346662,0.25483125
11674,L6 IT,0.038133144,-0.091526985
142952,PVM,-0.1023393,-0.3035785
241650,Oligo,-0.045036525,-0.34259248
42576,L4/5 IT,-0.33999807,-0.010128558
142651,L2/3 IT,0.12870574,0.11717653
142627,L6 CT,-0.024703354,-0.32087135
161809,Astro,-0.0746721,-0.026444376
224203,L6 IT,0.112448335,-0.15075234
43393,L2/3 IT,0.12854838,0.20937228
43389,L4/5 IT,-0.08604452,0.11058372
11222,Endo,0.12468976,0.261662
43344,Vip,0.343373,-0.005542636
142503,L4/5 IT,-0.31101203,-0.03571877
142514,Astro,0.33887088,0.15766609
142519,L4/5 IT,-0.33457536,-0.06816301
11247,Endo,-0.049281567,0.19864821
11289,L2/3 IT,-0.24515942,0.27418023
43253,OPC,0.009073913,-0.40029687
235242,Sst,0.21936357,-0.25046563
191404,Vip,-0.18596786,0.1977598
224254,L6 IT,0.17316353,-0.29210746
248769,Endo,-0.024170995,-0.061160535
43229,Endo,0.1956405,0.06665301
11386,Astro,-0.40533268,0.13554096
169616,L6 CT,0.07398319,-0.38645977
11433,L6 CT,0.010478973,-0.28601807
191420,Endo,0.25294214,-0.051098704
224272,Vip,-0.46386638,0.17077732
191414,L2/3 IT,0.32082713,0.040244997
169602,OPC,0.0145908,0.3129493
20805,Oligo,0.15406841,-0.11248788
169570,L2/3 IT,0.038285673,0.19510883
224297,L6 IT,0.059741914,-0.34558135
43095,L5 IT,-0.15551475,-0.0450145
274881,L2/3 IT,-0.15631169,0.29239547
223191,Micro,0.29721105,-0.13215408
152702,PVM,0.17268234,-0.2868002
224501,Oligo,-0.21943924,0.22100955
143398,Endo,-0.44531107,0.19066542
31392,L5 IT,-0.066538125,-0.121764004
42102,L2/3 IT,0.09783739,0.17821753
152586,Astro,-0.4076994,0.06556237
191156,L2/3 IT,-0.27011427,0.28258407
235012,L2/3 IT,-0.38927254,0.023113012
31419,Astro,-0.21107665,0.39333022
276836,Oligo,0.017425656,-0.34934145
169054,VLMC,-0.4253702,0.32331055
169053,L5 IT,0.21992242,-0.06731686
11908,Pvalb,-0.0379889,-0.24430147
234997,L2/3 IT,0.4191668,-0.09482932
253972,L2/3 IT,0.07458252,0.19107157
228440,L6 CT,0.04693991,-0.28959614
41996,L6 CT,0.009313881,-0.35813004
41967,L2/3 IT,-0.30849192,0.13937151
188100,L2/3 IT,0.21420342,-0.0076008737
11954,L2/3 IT,-0.24394956,0.29239708
276845,Pvalb,-0.030320585,0.07968181
152498,L5/6 NP,0.12250161,-0.21550629
41938,Astro,0.06158942,-0.4054607
234965,Oligo,0.06809497,-0.16374323
41909,L4/5 IT,-0.3080209,0.00200063
41908,L6 IT,0.14770222,-0.21853524
168918,L2/3 IT,0.37288457,-0.01859796
12015,L2/3 IT,-0.20928258,0.2963091
41895,OPC,0.17241573,-0.25713623
20469,Astro,0.19783056,-0.33175883
41971,L6 CT,0.016933262,-0.3801487
272905,Micro,-0.08974743,0.19934213
191188,Astro,-0.39584345,0.23392344
276820,Sst,0.16733521,-0.30550808
161960,L5 IT,-0.20134228,-0.15760309
11709,Astro,-0.052404314,0.18052214
143143,L4/5 IT,-0.20772547,0.11616212
235091,L6 IT Car3,-0.018355697,-0.08859047
143165,L4/5 IT,-0.23735166,0.03334254
143173,L2/3 IT,0.27060926,0.056848586
161962,L5 IT,0.13890636,-0.061020166
143205,L5 IT,-0.25129426,-0.098400176
143210,Oligo,0.088311255,-0.12734526
42385,L2/3 IT,-0.07579616,0.2808597
161968,L2/3 IT,-0.17093247,0.25771636
11775,L2/3 IT,0.041026592,0.19091183
143237,L2/3 IT,0.25119042,0.02243495
11832,OPC,0.089888215,-0.08053625
255661,L5 IT,-0.09726694,0.07482374
272946,L5 IT,0.33194107,-0.16629586
241611,L2/3 IT,0.37731487,-0.011056513
143298,Peri,0.254081,-0.24301487
42276,L2/3 IT,-0.17431691,0.26189953
255650,L4/5 IT,-0.07820377,0.09489572
143341,Endo,0.22165984,-0.018205583
228466,Astro,0.0149405,-0.4035905
169123,L4/5 IT,0.21618885,0.04715538
11815,L5 IT,-0.038241655,0.07345092
42213,L2/3 IT,-0.38860357,0.1872313
188063,L6 IT,0.20255136,-0.20703483
191196,Endo,0.32113785,-0.0699985
161996,VLMC,0.46979082,0.043120027
11780,Astro,-0.43725908,0.23948133
158186,PVM,-0.097974956,-0.0024756193
179075,Endo,-0.112962514,0.20199466
113893,L2/3 IT,-0.047806263,0.21703357
258281,Sst,-0.1630443,-0.07469389
116651,L6 IT Car3,-0.13837284,-0.16656989
75269,L5 ET,-0.21068898,-0.29989827
75270,L2/3 IT,-0.35794878,0.22126186
89370,L4/5 IT,-0.18346375,0.13402349
113288,Micro,-0.2884574,0.35484123
80145,PVM,-0.23401019,0.4338299
79507,L4/5 IT,0.08846295,0.059088707
127358,L6 CT,-0.010099381,-0.25182992
104173,L2/3 IT,0.342732,0.07190454
243396,L2/3 IT,0.3679098,0.03319359
196636,L4/5 IT,0.20826894,0.0013084412
102103,L4/5 IT,0.112997055,0.09660792
110892,L2/3 IT,0.12064618,0.12593442
62667,Astro,0.23457652,0.23541158
127385,VLMC,-0.31872392,0.41456538
116585,L4/5 IT,0.11719322,0.08411133
242985,L4/5 IT,0.2995677,-0.094804764
116536,L2/3 IT,0.2567854,0.029353678
127350,L5 IT,0.12985867,-0.008621275
62642,L6 CT,0.1520319,-0.24644345
217990,L2/3 IT,-0.0054819286,0.27765757
266591,Astro,-0.19148529,0.2124871
211501,Micro,-0.21184048,0.18481076
260130,L6 CT,-0.10553044,-0.20815066
213786,PVM,-0.42849535,0.06216085
243389,L5 ET,-0.1646744,-0.06513223
75192,L6 CT,0.11807901,-0.33354396
127290,L2/3 IT,0.05365002,0.1692527
245713,L6 CT,-0.071938485,-0.24830627
123369,Astro,-0.119638085,0.19697028
266165,L6 CT,0.09682459,-0.29203734
123343,L5 IT,0.22470331,-0.17411134
62810,L2/3 IT,0.40329468,0.026152432
62759,L4/5 IT,-0.13702843,0.11447656
87284,SMC,0.09843469,0.20591009
216412,Astro,-0.12501216,0.31035382
106061,L5 IT,-0.05278042,-0.008446813
67061,L4/5 IT,0.22563052,-0.06598452
87226,L4/5 IT,-0.11461252,0.15720129
243393,VLMC,-0.12872729,0.46707004
264411,Astro,-0.3837242,0.24739814
210863,L6 IT,0.18943638,-0.24574026
245874,Peri,-0.4528314,0.21315676
102174,L5 IT,-0.012694895,-0.059047222
75329,L4/5 IT,0.35409945,-0.16662246
258257,L2/3 IT,0.18523711,0.19989812
263936,L2/3 IT,0.121685565,0.123592615
266484,L4/5 IT,-0.31560075,-0.12186363
209716,Peri,0.06261158,0.29638857
213674,L6 IT Car3,-0.04327351,-0.2242432
99728,L6 CT,0.058222055,-0.3233369
218083,Micro,-0.17820519,0.21777558
260185,Astro,0.3206988,-0.22132516
83731,Pvalb,-0.15423837,-0.13451365
102181,L5 IT,-0.22434819,-0.011650413
84720,L4/5 IT,0.1074754,0.08226323
62483,L6 IT,0.055100083,-0.25259876
104017,L5 IT,-0.22297856,-0.1745134
99721,Endo,0.13316423,0.09688753
87138,OPC,0.2040618,0.0030668974
123096,L5 ET,0.18034929,-0.10153741
81989,L5 IT,-0.09586117,-0.11654869
75501,Endo,-0.092745245,-0.3740952
89459,L2/3 IT,-0.27927896,0.29151237
243416,L2/3 IT,0.09960365,0.26392412
213680,L6 IT,0.16055936,-0.21470574
89428,L2/3 IT,-0.021051526,0.31666052
104067,L6 IT,-0.027456284,-0.29905903
245262,L2/3 IT,0.40400684,-0.10204384
67134,L2/3 IT,0.2955256,0.05780071
71640,L2/3 IT,0.03697294,0.25185198
209049,L4/5 IT,0.35683066,-0.16993433
209042,L4/5 IT,0.17573708,-0.043268323
62613,Astro,-0.4352471,0.15600389
106158,Micro,-0.1583226,0.4388919
199196,Peri,-0.033352762,-0.04506591
218048,L6 CT,-0.056871086,-0.30424887
266332,Peri,0.06657338,0.22686273
108370,L5 ET,0.07285333,-0.098367184
84157,Endo,-0.25756016,-0.006210357
81917,L5 IT,0.0037310123,-0.058514506
266157,Endo,0.041286826,-0.010294199
91779,L2/3 IT,-0.25235832,0.26072228
116507,Peri,0.039823353,0.22087449
245120,Astro,-0.25535047,0.12049466
116497,Oligo,-0.12601188,-0.23889905
218058,L2/3 IT,0.2817142,0.104804754
75422,L2/3 IT,0.3663324,-0.013930321
213714,Astro,-0.18751767,-0.20207256
116330,Micro,-0.35308284,-0.08115181
127211,L2/3 IT,-0.39482248,0.03152424
127193,Endo,-0.37957963,0.026178122
108423,L4/5 IT,-0.238152,0.133807
74920,Endo,0.24109858,0.04194975
101853,OPC,0.18522215,0.12333673
258968,L5 ET,0.16988552,-0.2990712
260079,Lamp5,0.2482515,0.0882138
74956,Astro,0.03723365,0.3356176
205626,L2/3 IT,-0.1826097,0.32133842
113185,Astro,-0.2999657,-0.056097418
212251,L5 ET,-0.113316566,-0.107432455
244128,Astro,-0.19608194,0.43898392
81036,OPC,-0.074065685,-0.2092765
212102,L5 ET,-0.22202241,-0.27361518
243374,L2/3 IT,-0.36726755,-0.006292224
196825,L4/5 IT,0.25777078,-0.07883373
202534,L2/3 IT,-0.23840412,0.25018978
116868,L4/5 IT,-0.06550768,0.07152623
201694,Astro,0.26534647,0.008341134
63183,PVM,-0.45855266,0.21844304
269528,L5 ET,-0.13630924,-0.03929189
94292,L4/5 IT,-0.04882118,0.07927084
127013,Endo,-0.17403388,0.31460917
66896,L4/5 IT,-0.31979764,-0.110987574
258346,L4/5 IT,0.19399434,0.03405267
80060,L2/3 IT,0.18653154,0.03988707
267465,Endo,0.30668956,-0.010541022
268837,PVM,0.052102387,0.20093948
66735,OPC,-0.04771477,-0.08200663
105719,L2/3 IT,-0.30627427,0.0027811527
100041,L2/3 IT,-0.08449,0.20044106
74844,L4/5 IT,-0.17663175,0.14451218
101810,Vip,0.055267453,0.31573325
94244,L2/3 IT,0.19197506,0.06942147
87502,L5 IT,-0.1502743,-0.37427706
126841,L4/5 IT,-0.053661972,0.15791571
74865,VLMC,-0.06435883,0.4316193
92012,Astro,-0.03160265,0.3320977
211797,L6 IT,0.038305283,-0.23042396
84112,Astro,-0.39292273,0.108412385
202869,L2/3 IT,0.41604507,-0.07072526
207577,OPC,0.10761225,-0.18266043
99946,Sst,0.049075663,-0.17081058
205618,Oligo,-0.116386235,-0.19116512
126888,VLMC,0.30919838,0.20124876
264847,L5 IT,-0.14049053,-0.36425334
209611,Endo,0.058096826,0.038692057
243754,L2/3 IT,-0.2931546,0.21994734
262334,Micro,-0.02122882,0.36871827
244467,Endo,-0.18508905,0.29225844
63027,Oligo,0.23035842,-0.27562726
75102,OPC,-0.06701848,-0.31401104
119473,L6 CT,0.079422,-0.2719035
127133,L6 CT,-0.103794515,-0.2620899
87347,L5 IT,-0.07228449,-0.04986024
79541,L2/3 IT,0.41491735,-0.0833348
127136,Micro,0.0753901,0.15557367
217907,L5 ET,-0.19658759,-0.25392234
102087,L2/3 IT,-0.33835167,0.16663235
62991,L2/3 IT,0.33474118,0.07945967
199223,PVM,0.14179969,0.20446545
62986,Endo,0.13790691,0.25521398
196724,L5 ET,0.050009906,-0.08902952
67008,L5 IT,-0.09227866,-0.03156057
209656,L2/3 IT,0.07171643,0.28445274
99864,L4/5 IT,-0.21921799,0.14489889
200116,L6 IT,-0.13959989,-0.35238197
89322,Sst,0.0048754215,-0.1724638
71780,Pvalb,-0.042610496,0.27946204
99891,L6 IT,0.04564029,-0.15248239
213822,Astro,-0.41753715,0.27806896
63168,Endo,-0.118814796,0.37708777
269542,L2/3 IT,-0.3681323,0.026685953
243973,Endo,-0.25079072,0.4116963
99903,L2/3 IT,-0.070629865,0.28923702
127038,L4/5 IT,0.08913654,0.02551204
71821,L5 IT,0.2692076,-0.20188302
63151,L2/3 IT,-0.16461721,0.19288915
84126,L4/5 IT,-0.32883865,-0.042675734
203698,Endo,-0.22431129,0.44510925
127203,Astro,0.10532731,0.33851653
71820,Astro,0.12010771,0.03450817
94366,L6 IT,0.05441916,-0.16397858
101990,Peri,0.1242314,0.10522497
83779,VLMC,0.4351704,0.06771916
67001,L4/5 IT,-0.12146327,0.19263464
203696,L4/5 IT,0.09818339,0.056955457
217866,L6 CT,0.011618912,-0.32549667
105894,Astro,0.19662488,-0.13880524
127076,L5/6 NP,0.14426196,-0.25553817
217870,L6 CT,0.110788345,-0.2539671
71819,SMC,0.17768943,0.15325522
89176,SMC,0.02635771,0.39426905
119523,Astro,-0.08247286,0.4050179
62442,Sncg,0.3748775,0.08130586
108307,L4/5 IT,0.022328436,0.14091033
85091,Oligo,-0.0558244,0.1645301
61470,Sst,0.14982295,-0.20547694
122752,L5 IT,-0.1452196,-0.2166917
76120,L2/3 IT,-0.3946925,0.18021464
86906,Micro,0.019127965,0.3468631
119807,L5 IT,-0.19369477,-0.05628881
122749,L4/5 IT,-0.25645798,0.14891052
258102,PVM,-0.13499376,0.39416605
76163,L2/3 IT,0.39977628,-0.011888266
71198,L5 ET,0.07321864,-0.081747085
264475,L2/3 IT,0.28530282,-0.028747737
128472,Micro,-0.08280057,-0.36391926
258101,OPC,-0.39683187,0.13445705
95035,L6 IT,-0.07036722,0.15177971
210914,Astro,0.17796361,0.013031781
122739,L2/3 IT,0.16277832,0.08471948
265857,L2/3 IT,0.37622315,-0.097818166
213411,L2/3 IT,0.22696549,0.07200861
95004,Oligo,-0.12222844,-0.0909262
95078,L4/5 IT,0.107640564,-0.01556915
115908,L2/3 IT,-0.25681183,0.29636562
122761,L5 IT,0.26295847,-0.1557371
110786,Oligo,0.054067135,-0.084688306
210721,Peri,0.19838512,-0.031264216
61690,Micro,-0.20587096,0.4386816
198112,L2/3 IT,0.080990136,0.2887991
61681,L6 CT,0.028962016,-0.37197515
116023,L2/3 IT,-0.17400053,0.2906046
128232,L2/3 IT,0.25221092,0.006028056
203533,Lamp5,0.10053319,0.19340521
76031,Endo,-0.07402298,0.21119595
102367,L4/5 IT,-0.15970972,0.10759926
61650,L4/5 IT,0.22970933,0.019229293
61635,L2/3 IT,0.23755401,0.052643716
110767,Lamp5,0.2919088,0.11927199
89557,L6 CT,0.035327137,-0.17870349
119778,L5/6 NP,-0.10203835,-0.1606968
200384,Astro,-0.3300174,0.34524137
102368,L6 IT,0.21723855,-0.3083959
99371,Micro,-0.22801861,0.18595833
76083,L5 IT,-0.08262545,-0.029265463
115928,Peri,-0.0049660504,0.4092962
128486,L2/3 IT,-0.22192755,0.31330752
245243,Endo,0.0559296,0.27803463
218413,Sst,0.38761705,-0.023868382
99024,L5 IT,-0.18993226,-0.25109532
115603,L2/3 IT,0.23562223,0.11360121
261551,L5/6 NP,-0.17909199,-0.31419745
216127,Astro,-0.26241714,-0.2306552
209907,L6 IT,0.18764871,-0.19068328
128575,Lamp5,0.20084602,0.2616809
71164,L2/3 IT,-0.21820015,0.2510411
95233,Oligo,0.07176423,-0.2029618
128607,SMC,-0.16382918,-0.26304293
61237,L5/6 NP,0.030072808,-0.12862957
269811,L2/3 IT,0.032754004,0.2727219
204421,Sst,0.0913564,-0.13102871
128622,L5 IT,0.21028101,-0.20512241
71155,Micro,0.16134512,0.08239293
119877,Endo,0.21601516,0.18615335
119925,L6 CT,0.107917905,-0.28361157
115550,L5 ET,0.05571693,-0.21693414
86755,Pvalb,-0.046095937,0.13940048
98914,L2/3 IT,-0.3260836,0.10983014
122656,VLMC,-0.46424574,0.26011825
128554,Astro,-0.15092245,0.12425041
218440,L4/5 IT,0.0021571517,0.12881261
106643,L6 IT,-0.06213495,-0.24857739
115769,L2/3 IT,0.24517006,0.18193465
82291,Sst,0.02088809,0.32187223
210438,L6 IT,0.2205311,-0.23105177
106456,L4/5 IT,0.1379373,0.052000523
208417,L4/5 IT,-0.025993168,0.1911661
76215,L2/3 IT,-0.115490675,0.24483675
67770,OPC,0.11170715,0.14213228
76243,Endo,-0.4086495,0.19915324
76252,Astro,-0.013551354,0.24637914
267216,Oligo,0.06572449,-0.13782886
216151,Endo,-0.175699,0.116622746
95132,L2/3 IT,0.05658412,0.26901495
201220,L5 ET,0.08590919,-0.109553844
110751,Endo,-0.12279722,0.12583482
76318,L4/5 IT,-0.012875646,0.19483584
61387,VLMC,-0.20344579,0.4661222
99198,L2/3 IT,0.170753,0.12915361
198197,L2/3 IT,0.43817353,-0.06791976
202905,PVM,-0.11024949,-0.2596904
198201,L5 ET,-0.057442456,-0.07296002
122661,L6 CT,0.09130722,-0.23891035
268723,L5 ET,0.17788166,-0.15120879
67614,L2/3 IT,-0.13664043,0.26483405
205763,L2/3 IT,-0.3907443,0.15360892
243179,L2/3 IT,-0.20196962,0.33529824
99663,L2/3 IT,0.2756588,0.1346041
119673,PVM,-0.0149228275,0.30794495
200263,L2/3 IT,-0.30487984,0.25883818
67429,L6 CT,0.19637537,-0.32652324
99659,Astro,0.03786826,0.3717066
208350,Pvalb,-0.014054269,0.23335779
99637,L5 IT,-0.10673565,-0.087873966
213575,Endo,-0.26277214,0.13785642
207407,Peri,-0.22116646,0.4101007
207401,SMC,-0.011059493,-0.07963288
127853,L6 IT Car3,-0.13518184,-0.26589167
102280,PVM,-0.099401474,-0.0011560917
89517,L5 ET,-0.012893707,-0.0002822876
71328,Micro,0.30521637,0.20277297
62119,Pvalb,0.17890912,-0.32072484
82055,L5 ET,0.27909225,-0.21176451
245688,L6 CT,-0.008561999,-0.23669398
216270,L6 CT,0.0793066,-0.16945195
83713,L4/5 IT,-0.32866263,-0.08413029
67467,L2/3 IT,0.30532908,0.12864721
213594,L4/5 IT,-0.30421215,0.059000313
201235,L4/5 IT,0.05052781,0.1325323
99712,Peri,0.19282407,0.07322341
127564,L5 IT,-0.25348276,-0.1577853
75521,Pvalb,-0.17527688,0.2106139
196564,L6 CT,-0.006672889,-0.17829832
75566,L4/5 IT,-0.2968792,-0.09701955
209730,Endo,0.42970538,-0.049857944
127636,SMC,0.30624932,0.17628765
119544,L6 IT,0.055665493,-0.21412903
62381,Peri,-0.3505967,0.15449578
245122,Astro,-0.031139225,-0.42441154
268717,L5 IT,0.26099682,-0.19737184
75596,L4/5 IT,-0.1900183,0.21290481
80914,L4/5 IT,-0.28437188,-0.11018652
71472,L2/3 IT,0.3079583,0.029943645
208343,L6 IT Car3,-0.16802365,-0.16601533
268709,L4/5 IT,-0.2455157,0.09943676
261981,SMC,-0.39607495,0.035781562
102257,Astro,-0.45018744,0.19519746
67373,Oligo,-0.2073533,-0.13227838
119599,L2/3 IT,-0.39655936,0.11140138
62035,L2/3 IT,0.23470426,0.15602112
116205,SMC,-0.2181724,0.46754318
89519,VLMC,0.059848785,0.3900149
103950,L2/3 IT,-0.32056952,0.24144185
61857,OPC,0.06635672,0.24521738
82114,L4/5 IT,0.22545737,-0.0033293664
267219,Endo,0.16547489,-0.028141767
91630,L5 IT,0.059376895,-0.055564076
91621,L5 IT,-0.16560614,-0.054266214
61808,L4/5 IT,-0.16514832,0.12193167
116032,L6 CT,0.08050704,-0.3294911
110806,Astro,-0.15141857,-0.28524327
83652,PVM,0.365637,0.16119707
258142,Peri,-0.12704,0.18369567
83627,L5 IT,0.016720831,-0.31294915
67585,VLMC,-0.4436161,0.31713367
75975,L5 IT,0.1513431,-0.046296716
99408,OPC,-0.16715899,0.10533893
208379,Peri,0.048085153,0.13720638
110804,L4/5 IT,0.27190548,-0.021067321
262376,Peri,0.10698223,-0.15945157
259611,Pvalb,-0.17267278,-0.26554486
87037,Oligo,0.26077724,-0.26609647
61858,L2/3 IT,-0.20784247,0.2279076
216243,L5 IT,0.06108582,-0.30847967
258149,L4/5 IT,0.15426111,0.06950927
202081,L2/3 IT,-0.36084712,0.26159257
116200,Sst,-0.08041993,-0.40174696
127919,VLMC,0.13116008,0.36337543
67478,L5 ET,0.01597488,-0.2444883
269700,Pvalb,0.00862664,-0.26439553
116116,Sst,0.075894296,0.2646749
214992,Sst,0.09369278,-0.15118432
212306,L6 CT,0.1264711,-0.35138738
67522,L2/3 IT,-0.021317303,0.34039283
94932,L2/3 IT,-0.28347313,0.262114
200305,Endo,-0.44313064,0.2558136
116110,L4/5 IT,-0.19860879,0.1540168
61892,L6 IT,0.018070042,-0.23803502
205719,VLMC,0.43171567,-0.02399084
198081,L6 IT,-0.037465394,-0.26312435
94836,L4/5 IT,0.09417105,0.06910151
102300,Astro,0.18592668,-0.06619364
94837,Astro,0.26115948,-0.1937887
209776,Peri,-0.1140677,0.08304262
82097,Micro,0.2256012,0.24661732
109134,L6 CT,-0.13980833,-0.20394349
105621,Peri,-0.111531526,0.104224265
74771,L2/3 IT,-0.21780077,0.30475205
126817,L2/3 IT,-0.1920614,0.33820593
111784,Astro,-0.044572532,0.21494222
125426,L2/3 IT,0.22561872,0.17496985
118306,Oligo,-0.042633444,-0.2508009
100858,L4/5 IT,-0.22379935,0.041638613
104579,VLMC,-0.23059526,0.46511137
205321,VLMC,-0.48445705,0.22946543
118241,L6 CT,0.14642757,-0.28900602
88137,L5/6 NP,-0.010672003,-0.13817123
242943,L5 IT,0.053673625,0.041888773
119035,L6 IT Car3,-0.041933984,-0.23751226
214305,L2/3 IT,0.40242553,0.014757097
92725,Astro,0.29860502,0.20275098
211645,Vip,-0.32063997,0.24119973
211644,Micro,-0.008951455,0.32102132
65038,L5 ET,0.045293927,-0.27806067
210794,L4/5 IT,0.37921906,-0.14330903
118146,Sncg,-0.26694012,0.37094742
101407,Endo,0.05978042,0.30106014
104498,Endo,0.09323704,0.28433526
258610,L5 IT,-0.009812593,-0.16726106
100799,L2/3 IT,0.3057484,0.092115104
118319,L4/5 IT,-0.060288668,0.2082519
204006,L2/3 IT,0.05158019,0.20777011
260832,Pvalb,0.08030152,-0.30198064
197674,L6 CT,0.14627928,-0.32397228
101360,Oligo,0.048603773,-0.32110316
108506,L6 IT,0.21559107,-0.204929
73081,L2/3 IT,-0.36504638,0.20557618
267735,Oligo,0.1513198,-0.109702885
118375,Peri,0.22328061,-0.18096286
100902,L2/3 IT,-0.18669248,0.3231268
207907,L2/3 IT,-0.08745319,0.25988823
73102,VLMC,-0.47461843,0.2762754
265020,L4/5 IT,-0.29733393,-0.124379754
243968,L5 ET,0.12687957,-0.10704473
65200,L2/3 IT,0.05986923,0.25744087
112726,Astro,-0.27982038,0.12057614
197376,Peri,0.1304692,-0.061843574
269198,L5 ET,-0.17356956,-0.2356973
261031,Endo,-0.04109603,0.14728457
73168,L5 IT,0.14604586,-0.0531272
93342,Oligo,-0.13695669,-0.34463423
267709,VLMC,0.4694848,0.039004564
264287,Astro,-0.3055188,0.04065633
100785,Endo,0.33614343,0.14568937
205351,L2/3 IT,-0.20918676,0.30384368
101528,L5 IT,-0.06685758,-0.20974994
119103,L2/3 IT,0.1583693,0.19070607
111804,Peri,-0.09349373,0.35907805
64653,L2/3 IT,0.04139483,0.27911127
72209,L5 IT,0.22133619,-0.11973184
64639,Endo,0.17660278,0.06656629
197227,L5/6 NP,-0.056363642,-0.030997753
123974,L2/3 IT,0.16958266,0.20735645
261018,Endo,0.05322987,0.17255193
88110,L4/5 IT,-0.18504634,0.13669282
125798,Pvalb,0.114206195,0.077326775
267657,L6 IT,-0.10835725,-0.1656898
64564,VLMC,0.19927645,0.31784093
64537,L4/5 IT,-0.25902212,-0.020928264
202593,L4/5 IT,0.18629766,-0.0028823018
111371,L6 CT,-0.004820496,-0.41961306
88884,Lamp5,0.1852482,0.21285814
211766,L2/3 IT,0.06760025,0.21225208
262885,Astro,0.16518861,0.25437063
64703,Pvalb,-0.15259221,-0.22453862
83987,L5 ET,-0.15409392,-0.3044812
199336,Endo,0.027581632,0.25845122
73571,L5 ET,0.14013833,-0.27658278
199345,L2/3 IT,-0.12326276,0.2695163
125733,Astro,-0.42551035,0.06379628
108575,Oligo,0.094534874,-0.4224407
100774,Astro,0.1434936,0.23523831
118100,L2/3 IT,0.3530426,0.042682886
125743,L2/3 IT,-0.028477639,0.2968462
84007,Peri,-0.07311681,0.21857691
199642,Astro,0.068674624,0.16998667
217221,Astro,0.365205,0.10779005
93229,Oligo,0.0029776096,-0.26609713
125752,VLMC,0.28047007,0.23329276
73553,Micro,0.2438559,0.15028095
265039,L2/3 IT,0.2401213,0.08578175
203980,L4/5 IT,0.06667149,0.13713086
244801,L5 ET,-0.13292015,-0.048754543
88869,Micro,0.19118965,0.3027649
111422,Peri,-0.10275608,0.048867047
197241,OPC,-0.06988415,0.19314712
118070,SMC,-0.07835403,0.1901297
93539,Endo,0.24538529,-0.034362018
101478,Endo,-0.4461547,0.055558443
217304,Pvalb,0.11177385,-0.31211263
217041,VLMC,0.23388594,0.3048393
65305,OPC,-0.13836718,-0.0011503696
88643,L5 IT,0.13329363,-0.103924185
81304,Astro,-0.1971842,0.20291781
93016,L4/5 IT,0.11929697,0.105882645
93037,L2/3 IT,-0.13788164,0.239676
124619,L5 ET,-0.13672358,-0.10220346
216831,VLMC,0.40891254,0.1324094
65671,OPC,-0.1699836,0.25456262
72539,VLMC,0.10555029,0.34994942
65661,L2/3 IT,0.059002995,0.29367602
65642,Astro,0.34356552,0.03514999
124618,L6 CT,0.16775739,-0.22018597
199395,L5 IT,-0.14870375,-0.072630465
264213,L5 ET,-0.08296621,-0.2847162
204144,L5 IT,-0.14661133,-0.11864531
124597,OPC,-0.21514758,-0.16829002
259794,L2/3 IT,0.13879704,0.14683402
65531,L2/3 IT,0.061465323,0.26905882
93093,L6 IT,0.010073125,-0.06481889
259799,VLMC,0.35139972,0.20134538
88607,L4/5 IT,0.31646204,-0.14964488
118614,Endo,-0.0057608485,0.23283029
124667,Endo,-0.27424914,0.28890043
261477,L2/3 IT,-0.14781684,0.24658394
112764,Lamp5,-0.38961032,0.14324105
124732,Micro,0.22471207,0.15425241
88591,Pvalb,0.21410298,0.107284606
214559,Micro,-0.33484748,0.32628638
262222,L5 IT,-0.106790364,-0.0064367056
124787,PVM,0.36165375,0.14883846
84022,Astro,-0.07836014,-0.017424881
72645,PVM,-0.40003386,0.37248397
264959,Astro,-0.064671665,0.26680553
118710,L5 ET,0.0035054088,-0.08638212
214524,L5 ET,0.079410255,-0.15070018
216865,L4/5 IT,0.23633683,-0.06753063
88606,Oligo,-0.10804969,-0.31326628
92991,L5 IT,0.044451416,0.055810988
204103,L2/3 IT,0.2862686,0.11052382
124877,Astro,-0.08634871,-0.43029234
124878,SMC,0.41309953,0.023921609
72721,Pvalb,0.26404113,-0.19292927
264961,L4/5 IT,-0.2338464,0.1409797
204092,Peri,-0.29309905,-0.15513548
209288,Vip,0.092574954,0.30051905
269103,L4/5 IT,-0.33056647,-0.055720508
101292,SMC,-0.46058008,0.20675117
92868,L2/3 IT,-0.3263545,0.2332015
216789,L4/5 IT,-0.1923266,0.18885589
65402,L6 IT,0.21342504,-0.29500479
216788,Astro,-0.33726624,0.0019540787
262248,Micro,0.07068145,-0.022226155
216787,L5 IT,-0.1561059,0.008661389
118463,L2/3 IT,0.038145244,0.26667476
124463,L2/3 IT,0.15233773,0.22382623
118429,OPC,-0.103606105,-0.06508613
65372,L5 IT,-0.13794473,-0.11725137
244367,Astro,-0.2028048,-0.21484563
93175,Lamp5,-0.18465382,0.21303499
72396,L5 IT,-0.2171874,-0.080764204
93194,L4/5 IT,-0.14171374,0.08678949
93196,L5 IT,0.0673933,-0.03469801
216754,L2/3 IT,0.32813883,0.038906813
73029,Astro,-0.11783981,-0.3040491
73041,L2/3 IT,-0.3085618,0.2575124
197402,Micro,-0.09643036,0.06804985
72931,L2/3 IT,-0.38974756,0.13912958
118483,Astro,0.08424461,0.35983467
79872,Oligo,-0.050169706,-0.18762228
65415,L2/3 IT,0.091089725,0.094869494
258657,Peri,0.23169822,-0.08337423
72504,L4/5 IT,0.05060035,0.065213144
118582,Endo,-0.38650587,0.07884759
101138,L2/3 IT,0.40672243,-0.103158355
125086,L5 IT,-0.22547883,-0.12714767
65481,L2/3 IT,-0.3270135,0.22235769
111493,Astro,0.20721388,0.28124315
93123,Micro,0.3639261,0.13558108
65459,Astro,0.1456747,0.15380847
205193,Astro,-0.009399205,0.2910471
104924,L4/5 IT,-0.29726934,-0.055028886
72481,Astro,-0.11094096,0.027999222
259827,Endo,0.13866055,-0.07529831
65964,Lamp5,-0.30977458,-0.0321351
104931,L4/5 IT,0.18477911,0.05699539
118498,L2/3 IT,-0.16235748,0.21863657
179080,L5 IT,-0.21444258,-0.15728316
214605,L4/5 IT,-0.12076184,0.10058701
118490,Endo,0.059624553,0.082029164
209211,L6 CT,-0.03548783,-0.22781733
267863,L2/3 IT,-0.29180104,0.2540633
112977,Oligo,0.45732695,-0.072889864
203971,L2/3 IT,-0.23146299,0.29473925
261503,Oligo,-0.04532945,-0.39010805
197855,Micro,0.27903515,-0.0312832
74399,L2/3 IT,-0.34607482,0.18218678
109329,Vip,-0.19257557,0.1302396
258425,Micro,-0.10228318,0.36136514
105450,L6 IT,-0.028420866,-0.1746346
126485,L2/3 IT,-0.3319068,0.20099002
261513,L4/5 IT,0.09821969,0.10697919
123692,Pvalb,-0.14074534,0.07212436
63701,Endo,9.11355e-05,0.19101173
63675,Peri,0.12930334,0.3661108
89084,PVM,0.095449805,0.24378234
123690,L5 ET,0.009794533,-0.16610542
113156,Micro,0.19231308,0.17263395
207681,Endo,-0.23933512,0.3627317
208229,Endo,-0.09024364,0.20566261
63665,L2/3 IT,0.33217484,0.0056802034
63645,L2/3 IT,-0.2778214,0.18879163
74442,L5 IT,-0.13752073,-0.0740062
111096,L2/3 IT,0.040418625,0.2918102
268869,L2/3 IT,-0.38637686,0.17765725
63615,Endo,-0.39483175,0.29677874
211782,L6 CT,-0.062294006,-0.21143329
80053,L2/3 IT,-0.38371694,0.14982545
113151,L2/3 IT,-0.3002053,0.22481066
126322,VLMC,-0.22728023,0.47558033
217509,L4/5 IT,0.19111782,-0.028261185
71980,Pvalb,0.31368226,-0.21077108
89049,VLMC,0.08127332,0.37107867
108437,L5 IT,-0.1414642,-0.24612021
126333,L6 CT,-0.07259163,-0.2778257
260016,L5 ET,0.18954718,-0.26929638
123750,Micro,-0.20675218,0.40250963
126336,Pvalb,0.18127239,0.079673946
216582,Oligo,-0.042170912,-0.39391455
63863,Endo,-0.3823395,0.20733202
63854,L4/5 IT,-0.18971688,0.1595614
100337,Astro,-0.08411482,0.121463716
83934,Endo,0.013303578,0.17743134
63824,L6 CT,0.12471616,-0.3223722
71958,L5 ET,-0.008741528,-0.024899274
203844,VLMC,-0.4480687,0.3234461
111924,L6 IT,0.10905635,-0.16813084
63805,L4/5 IT,-0.20811322,0.17057592
217602,Endo,-0.024717957,0.33436114
66655,L4/5 IT,-0.02935487,0.11884302
74507,PVM,0.45342976,-0.04202643
209099,L6 IT,0.14778292,-0.22860798
199252,Endo,0.052672267,0.18044615
243764,L5 IT,0.14672977,-0.12923506
87560,L5 IT,0.29952055,-0.158725
260070,L2/3 IT,0.19369602,0.15936834
217660,L4/5 IT,-0.3116155,-0.00295192
100099,Astro,0.32411534,-0.13574818
258943,Peri,-0.063684225,-0.09937391
94152,Endo,-0.024178296,0.23093915
196932,L6 CT,-0.122381,-0.21395472
246268,Micro,0.16574639,0.32165807
89152,L2/3 IT,0.13282663,0.184627
101797,SMC,-0.20806256,0.46585613
217678,L2/3 IT,0.23842758,0.05397755
209549,L2/3 IT,-0.2029905,0.31157857
105581,Endo,0.07424629,0.2765177
63464,L2/3 IT,-0.2855578,0.29523313
260869,L6 IT,0.24512267,-0.2288498
246272,L2/3 IT,0.39251065,-0.013957292
100106,L2/3 IT,0.26007795,0.11160338
207638,Astro,0.39222795,0.09318042
126692,Astro,-0.05229926,0.38939714
211786,L2/3 IT,0.013885081,0.29767603
246250,Oligo,-0.013637096,0.12157762
196984,L4/5 IT,0.09260547,0.09827125
268847,Astro,-0.21757951,0.21825129
111094,OPC,0.41914713,-0.022043943
207673,Astro,0.42955732,-0.09816232
104352,L6 CT,0.08792055,-0.2929498
105525,L6 CT,-0.06311676,-0.35800695
89120,L5 IT,-0.19046077,-0.13429517
66674,VLMC,-0.38607508,0.36119336
269429,L6 CT,-0.021444827,-0.23299053
205561,L5/6 NP,0.029096127,-0.22934222
92124,Peri,-0.26304036,-0.08355272
196971,Endo,-0.001486063,-0.33024818
87595,L2/3 IT,-0.10126591,0.2736132
269488,L4/5 IT,-0.2514676,0.07030493
63539,OPC,0.2871011,-0.070825934
268326,Endo,0.07945365,0.18544346
117152,L2/3 IT,-0.060786724,0.26407802
243221,Endo,0.28414172,-0.18466425
74635,L5/6 NP,0.03979057,-0.21154964
117166,L4/5 IT,-0.30653068,-0.057145566
201939,Astro,-0.4483803,0.22269672
74234,L2/3 IT,0.2949487,0.06968087
87755,L4/5 IT,-0.08054504,0.024315
264912,L4/5 IT,-0.2575485,-0.08449274
92367,Endo,0.28641975,0.13710386
244798,L2/3 IT,0.2727487,0.110283196
258497,Vip,-0.057649463,0.29897583
126029,L6 IT,0.22754139,-0.2845592
126049,SMC,-0.15668753,-0.37429038
100535,L6 CT,-0.1282919,-0.24680904
73896,L4/5 IT,-0.20255911,0.13126111
66390,L2/3 IT,-0.112027645,0.27081317
117719,Endo,-0.007619381,-0.3683132
117685,L2/3 IT,0.17868477,0.12010878
73987,L2/3 IT,-0.37445152,-2.2768974e-05
100511,L2/3 IT,-0.3456638,0.1477372
93728,L4/5 IT,0.21506435,-0.053336143
117684,L5 ET,0.27368605,-0.19294104
210810,L2/3 IT,0.3500495,-0.06921449
111866,Sst,-0.29671967,0.04479742
246116,L4/5 IT,0.17459136,0.04969716
64220,Micro,0.15019608,0.07119113
73861,Astro,0.06994671,-0.32193196
214179,Micro,-0.25056025,-0.0061089993
125993,L5 IT,-0.13815448,-0.07774019
92371,L5 ET,0.20323747,-0.18923646
64384,L5 IT,0.11018211,0.006542027
259920,L2/3 IT,0.10906488,0.26911646
210759,L2/3 IT,0.40522522,-0.05387795
73716,SMC,0.20815712,0.28464907
125933,Sst,0.06236726,-0.32704258
203965,L6 CT,0.010112047,-0.35532698
64361,L2/3 IT,-0.34677887,0.12861586
203963,L4/5 IT,0.28978604,-0.054410756
199320,L6 IT,0.023367107,-0.35280854
74019,Astro,-0.4136734,0.19609845
92379,OPC,0.002448082,0.37317872
92378,L2/3 IT,0.33860773,-0.005333215
117866,Astro,0.32219648,0.100121796
203948,L5 ET,0.2127316,-0.20215118
93643,L4/5 IT,-0.3170345,0.00857687
100537,L4/5 IT,-0.12964296,0.10463208
259945,L5 IT,0.1125226,-0.06868404
125989,L2/3 IT,-0.20843378,0.3107217
108455,L5 IT,-0.033053935,0.064601064
207809,L2/3 IT,0.38691932,0.030127287
66355,L6 IT,0.20479941,-0.3066457
269840,L4/5 IT,0.39535367,-0.15803969
266233,Sst,-0.13339889,-0.11369884
199308,OPC,-0.17382273,0.30422723
105240,Endo,0.23441315,-0.1294199
117577,Lamp5,-0.33771813,0.32489067
92269,Pvalb,-0.12297404,-0.055039257
117564,L2/3 IT,-0.14528826,0.26007158
209444,L2/3 IT,0.095345676,0.25323224
126226,Oligo,-0.048298478,-0.32380104
87806,Peri,0.15992159,0.26190454
117552,SMC,0.2924261,0.19932717
246111,Astro,0.03620863,0.31618583
117479,L2/3 IT,-0.26946592,0.3132977
211581,L2/3 IT,0.35286033,0.0572201
211580,L6 IT Car3,-0.12780869,-0.19271475
117469,Vip,0.12950164,0.21700215
207736,L4/5 IT,0.08843905,0.033994734
104426,L5 IT,0.23487568,-0.0726648
119257,L5/6 NP,0.09672207,-0.14476362
101706,SMC,0.20824683,0.2332508
267952,Endo,-0.17612258,0.046679318
265096,L2/3 IT,-0.22202814,0.26182133
64084,L5 IT,-0.029594958,-0.076167285
87855,SMC,-0.02688536,0.18098265
72033,L2/3 IT,0.17701375,0.22770321
126191,Oligo,-0.08297166,0.17081028
244422,L2/3 IT,-0.12811711,0.28516084
64199,L6 CT,0.043865025,-0.3164578
64178,Sst,-0.054852515,0.0120123625
100433,L6 CT,0.045265198,-0.388378
244150,L2/3 IT,-0.20878252,0.31834245
64163,Endo,-0.021684766,-0.2662747
87934,L5 IT,-0.10898644,-0.23477504
211595,L2/3 IT,-0.3756631,0.12162912
199808,Astro,-0.25165582,0.2018612
214724,L5 IT,0.30200446,-0.2738276
117642,L6 CT,-0.06787589,-0.26089096
66437,Endo,0.42188752,-0.09248498
117640,Endo,-0.30461916,0.09099591
262158,L4/5 IT,0.035550416,0.121177375
66452,Pvalb,0.039076388,-0.23119563
93781,Pvalb,0.22684348,-0.054911554
119205,L2/3 IT,0.28935903,0.1486761
101657,Pvalb,0.23515481,-0.090094745
123875,Astro,-0.46342215,0.18267393
203911,VLMC,-0.16890696,0.45265925
207774,L6 IT,0.1490702,-0.3499729
218490,Astro,-0.34798688,0.10110772
110768,L2/3 IT,0.036991477,0.21988106
96064,Oligo,0.07940161,-0.250421
77762,Pvalb,0.063428104,0.07056588
97961,Endo,0.051260173,0.31503606
270194,L4/5 IT,0.078450024,0.07820046
206244,L2/3 IT,0.30297762,-0.020781994
80344,L5 IT,0.12964535,-0.026704788
77796,L2/3 IT,0.25419402,0.13676661
58908,L5 IT,0.22358155,-0.100655854
112458,L5 IT,0.27269578,-0.22056687
113684,Endo,0.22217423,-0.023436517
121959,Astro,-0.32162347,0.3730892
84540,OPC,-0.28883034,0.18761522
206246,L6 CT,0.117054224,-0.33719105
120710,PVM,0.1311937,0.028969586
215785,PVM,0.20096487,0.08117038
84414,L2/3 IT,-0.22849089,0.28805727
90050,L4/5 IT,0.15011042,0.012785375
266684,L5 IT,0.18301785,-0.07884714
244628,L4/5 IT,0.048243582,0.050518274
96256,L6 CT,0.16428232,-0.28837687
242531,Pvalb,-0.028803736,-0.3317448
257706,L4/5 IT,-0.3053407,0.0012749434
208832,L6 IT,0.27231503,-0.2607283
82874,Peri,-0.22772163,0.1719361
77613,L5 IT,-0.022218555,-0.29959822
96149,L4/5 IT,0.117381275,0.08102119
59104,VLMC,0.2694741,0.24851191
130243,L5 IT,-0.04646814,-0.069888115
59095,Micro,-0.39398134,0.36131036
70370,VLMC,-0.45622164,0.26404864
203279,L2/3 IT,0.3693624,-0.056594342
245494,Lamp5,-0.17500949,0.42473
59063,Oligo,-0.07269251,-0.36551148
122043,L5 IT,0.03401029,0.028405488
59047,L5 IT,0.19115013,-0.053832084
265890,L6 CT,-0.05840975,-0.22239226
91010,L6 CT,0.036898017,-0.15597394
202977,Astro,0.13156974,0.06334323
112470,OPC,0.42413342,-0.037603796
211167,Astro,-0.16246244,0.09276205
98104,Astro,-0.10959783,0.38065177
86097,Astro,-0.37247235,0.3408581
121948,Micro,0.37921375,0.06292409
68999,L4/5 IT,-0.27862063,0.07954413
80360,Micro,0.1518271,-0.06711221
83412,Endo,-0.17240065,0.17752856
201552,Oligo,0.05743748,-0.12619263
58662,L6 IT,-0.055344343,-0.050426036
103449,L4/5 IT,0.34783834,-0.11440033
77898,L4/5 IT,0.10368961,0.074843705
204544,L2/3 IT,0.06643808,0.25907332
85970,Endo,0.20245767,0.03436333
114537,L6 IT,0.06929988,-0.35242617
97801,Oligo,0.2213614,-0.09324902
200875,Sst,-0.0457958,0.14967352
210660,Astro,0.20398217,0.07732022
244896,Micro,-0.13195145,0.08698934
77985,Peri,-0.15490395,0.29199225
121781,Oligo,-0.0058374703,-0.21722591
85959,Astro,-0.14220366,0.4154901
215737,Astro,-0.14563644,-0.06153989
82984,L4/5 IT,0.15922493,-0.015469551
97679,Pvalb,0.09689742,-0.3669337
112365,L4/5 IT,-0.24020904,-0.039123923
198495,Micro,-0.259466,0.2145949
200853,L6 IT Car3,-0.17291963,-0.19493434
244281,L2/3 IT,-0.15459806,0.33270282
107492,L2/3 IT,-0.30669174,0.2611333
114595,L2/3 IT,0.05049044,0.27418196
215778,L5/6 NP,-0.16294262,-0.18340302
70234,L5 IT,-0.10358992,-0.2578626
243952,Endo,0.01065886,0.14453489
84535,L2/3 IT,0.0902313,0.13004446
110187,L5 ET,-0.094237566,-0.23572317
70222,L5 IT,0.073019624,-0.1636656
130537,L4/5 IT,0.10719389,0.07100487
90127,Lamp5,0.13919115,0.33765197
259256,Astro,0.20187485,0.04101169
58732,Oligo,-0.11139524,0.16342723
260537,L6 IT,-0.16333482,-0.14340469
198494,Peri,0.11237991,-0.22246325
96377,L2/3 IT,0.26332283,0.06062728
77881,PVM,-0.21031404,0.44972157
107497,L5/6 NP,-0.22598734,-0.15327892
130588,VLMC,-0.023509324,0.41969603
120784,Oligo,-0.06475741,0.025222361
68809,Astro,0.1169973,-0.11098114
58561,L6 CT,-0.1231828,-0.33301646
77552,L5 ET,0.25237024,-0.2992634
77549,Endo,0.023395836,0.27519917
70519,VLMC,0.48503584,-0.004579544
89940,Endo,-0.037486076,-0.21896347
59496,L2/3 IT,-0.20764774,0.28141248
129852,L2/3 IT,0.14658326,0.099473774
77282,Pvalb,0.009108782,-0.33173412
95930,Endo,0.26119947,0.23743802
114937,L5 ET,0.2701323,-0.20015344
129871,L2/3 IT,-0.097423345,0.3026623
84571,Oligo,0.10624385,-0.13319457
122119,L2/3 IT,-0.25032508,0.30434436
129896,L4/5 IT,-0.22620338,-0.043352544
77322,L6 CT,0.033961594,-0.33998123
243050,Pvalb,-0.19324434,-0.069276065
198887,L2/3 IT,0.35203034,-0.06300408
211191,Astro,-0.15302253,-0.26899236
77335,L6 CT,0.07529789,-0.26866174
80697,L4/5 IT,0.34654713,-0.08935416
77352,L2/3 IT,-0.35210925,0.22376782
260464,L4/5 IT,0.11586183,0.08200914
110257,L2/3 IT,0.31727093,0.081941485
129778,Endo,-0.3509137,0.346254
212999,L4/5 IT,0.3805722,-0.17429051
91251,Endo,-0.22905457,0.099345386
77241,Endo,0.10687548,0.27710986
86176,Pvalb,-0.014176071,-0.18179753
198392,L5 IT,0.052499235,-0.35293603
206989,L4/5 IT,0.15405762,-0.02775079
202966,PVM,0.0010712147,0.2363171
70539,L2/3 IT,-0.082784444,0.23282838
122132,L2/3 IT,0.14561826,0.17199653
198889,L2/3 IT,0.3671525,0.022298276
59583,L4/5 IT,0.16896921,-0.015379339
59578,L4/5 IT,-0.1516119,0.1412471
129727,L6 CT,0.11021584,-0.37867418
107266,VLMC,0.45738328,0.062139392
260441,L2/3 IT,-0.06557086,0.27710366
59547,Endo,0.13996536,0.2079435
260695,Astro,0.30167824,0.1382662
86152,L6 CT,0.11189842,-0.3343795
95889,OPC,-0.051332086,-0.06947327
68584,L6 IT,-0.023565501,-0.0992237
98242,OPC,-0.2786029,0.12827438
85306,L4/5 IT,-0.07763499,0.11480427
114867,L6 CT,-0.053793937,-0.27171147
114743,L5 IT,-0.09478581,-0.004438281
80595,Peri,-0.08379507,0.27116835
219139,Pvalb,0.042359114,-0.061974674
261665,L5 IT,0.16151267,-0.11992583
120588,L2/3 IT,0.29849052,0.0641368
202699,Endo,-0.10230076,0.3476364
68715,L2/3 IT,-0.3819644,0.046708822
70435,L2/3 IT,-0.28821188,0.3093534
201575,L2/3 IT,-0.38863516,0.09944916
95286,VLMC,0.4998399,-0.006908536
219153,L2/3 IT,-0.00047373772,0.3012972
200792,L5 IT,-0.14812884,-0.18294984
91036,L2/3 IT,0.19847274,0.14470911
244643,L6 IT,-0.008820564,-0.110984474
70374,L4/5 IT,-0.28447303,-0.024025619
219184,L2/3 IT,0.2365759,0.18146074
114708,Oligo,0.059604704,-0.3035829
59178,Micro,-0.21595645,0.00081562996
130218,L5 IT,0.05775273,0.021817565
130190,Endo,-0.13256678,0.421614
80644,Pvalb,0.36937112,-0.10229388
114785,VLMC,0.4385621,0.09437072
77378,Pvalb,-0.3579883,0.22130811
86141,L6 IT,0.15692312,-0.13277715
200716,L5 IT,0.04087186,-0.024887025
77425,L6 IT,0.11596042,-0.32680535
265379,L2/3 IT,0.42522508,-0.04927379
59363,Oligo,-0.16310528,-0.22411713
212943,Endo,-0.028888315,0.19994056
130117,L6 IT Car3,-0.17374977,-0.17653975
206949,L5/6 NP,0.095030904,-0.0008175969
114806,Endo,-0.12878042,0.2412746
212936,Vip,0.39665568,0.0006914735
70457,L4/5 IT,-0.25974888,0.12738162
82854,L4/5 IT,-0.2009165,0.20679617
215860,Endo,-0.40494877,0.07282132
120571,L4/5 IT,-0.33575815,0.060142517
103554,L5 IT,0.023808062,-0.40590304
114795,L4/5 IT,0.06042099,0.09423244
109755,L5 IT,-0.12158698,-0.22698915
112293,L6 IT Car3,-0.06709927,-0.19254205
195638,L2/3 IT,-0.39669666,0.10186249
130721,L2/3 IT,0.1828109,0.1267243
85957,L4/5 IT,0.39678138,-0.1237739
130740,L2/3 IT,-0.18913049,0.22112596
96912,L2/3 IT,-0.12700227,0.23038208
90692,Endo,0.10357976,0.33911622
210256,L5 IT,-0.16435236,-0.048635066
90282,L6 CT,0.09786981,-0.15823534
80460,L2/3 IT,0.1435191,0.08135009
212651,Oligo,0.19748461,-0.30580902
80401,Endo,-0.31290466,0.3795864
131134,Endo,-0.28435075,0.2350902
57881,L2/3 IT,0.1478216,0.1826284
243997,L5 IT,0.24354893,-0.12440503
78424,Peri,0.117118776,0.17097521
257570,Vip,0.12744981,0.08755106
121428,L5 ET,-0.015173227,-0.19516194
78439,Peri,-0.43053034,0.32322055
109902,Endo,-0.44521517,0.13421816
131218,VLMC,0.13311327,0.37833005
114135,L6 IT,0.14348656,-0.3481621
206573,Peri,-0.07378194,0.19266999
69541,Astro,-0.2132186,-0.098213166
131227,L4/5 IT,-0.2969119,-0.123619795
57896,L5 ET,-0.035855412,-0.025454074
121513,L6 IT,0.10687864,-0.21430394
270329,L2/3 IT,0.41168344,-0.00987041
120953,L5 IT,-0.22411087,-0.18787652
131025,L2/3 IT,0.3854344,-0.024425566
215636,Astro,-0.114872575,0.06032139
78349,L5 IT,0.102089226,0.038453937
131055,L2/3 IT,-0.13640228,0.23332351
259307,L4/5 IT,0.3299045,-0.17305696
70043,L4/5 IT,-0.1785205,0.11451566
90732,Astro,-0.35542667,-0.0902563
206630,OPC,-0.4604022,0.21620673
58046,Oligo,0.2735182,-0.1329307
96879,VLMC,0.2829085,0.22230828
270335,L2/3 IT,-0.012675494,0.20519435
202355,L2/3 IT,0.09018433,0.24939573
70001,L6 IT Car3,-0.15384084,-0.1334545
69408,SMC,-0.080761045,0.46871424
195374,L5 ET,-0.013766915,-0.34928024
261368,L5 IT,-0.07317057,-0.4518742
120969,L4/5 IT,-0.12279311,0.16497642
90598,L5 IT,0.20958006,-0.084478736
121037,L6 CT,0.0018427968,-0.4308661
215457,L2/3 IT,0.22306353,0.0774681
69788,L6 IT,0.0010176301,-0.2982105
265912,Sncg,-0.3616554,0.2267093
57320,L6 CT,-0.019786626,-0.2200332
112403,Oligo,0.13396287,-0.1314387
69699,L2/3 IT,-0.2530961,0.1894896
131519,L2/3 IT,0.092903554,0.27460605
131525,L6 CT,0.13485229,-0.3089099
78691,VLMC,0.274468,0.220626
131483,OPC,0.02971071,0.3707444
109856,Lamp5,0.041611135,0.100340486
69759,L5 IT,0.111037195,-0.079969525
202411,L4/5 IT,-0.3335999,-0.1076453
108909,L6 CT,0.053903162,-0.1222949
131574,Astro,0.18818033,0.07719326
78654,Astro,-0.1252813,0.046471477
107765,Astro,-0.19889203,-0.20918766
260628,L6 CT,0.020074427,-0.34515488
245190,Vip,0.07492727,0.31962025
69760,L2/3 IT,-0.054965585,0.28677726
219735,Astro,0.35504472,-0.006806493
69789,Endo,-0.40802065,0.2058574
113983,Oligo,0.030840695,-0.280819
131252,L4/5 IT,-0.025191039,0.17844391
263488,L2/3 IT,0.43443155,-0.02552101
121040,Astro,0.30324382,-0.06612173
208669,L6 IT,0.22467464,-0.15752363
78460,Sst,-0.31419617,-0.024515122
208736,Pvalb,0.06612426,-0.25742683
212611,L2/3 IT,0.35492283,0.041891098
206562,L2/3 IT,-0.33464128,0.16142076
57600,L5/6 NP,-0.087459624,-0.120679885
57571,L5 IT,-0.17799452,-0.019937098
212598,L6 IT,0.110596955,-0.33580902
265939,L6 IT,0.035963714,-0.11712301
113861,Astro,-0.10801247,0.14488268
246514,L4/5 IT,-0.29150653,0.08356488
219701,L4/5 IT,-0.30956882,0.08799338
69634,Astro,0.0010812879,0.22366232
57422,L6 CT,0.025698662,-0.37908065
131481,Endo,-0.0077291727,0.19828933
215485,L6 IT,-0.056506246,-0.095635474
206438,Pvalb,-0.0466851,-0.060126126
96816,Astro,-0.00018495321,0.35298204
96815,Astro,0.17309123,0.076688826
78330,PVM,0.28699774,0.23662299
268418,L5 IT,0.033994675,-0.34323996
114315,L6 IT,0.10103732,-0.1104922
265426,L5 ET,0.12944901,-0.27860922
212474,L5 IT,-0.20611012,-0.119327575
69201,Micro,0.11869311,0.3316288
264687,Endo,0.04681468,0.32863468
219432,L6 IT,0.136917,-0.26237655
266814,PVM,0.08719945,0.38922244
120879,L5/6 NP,-0.11472207,-0.3309171
211033,L2/3 IT,-0.21580467,0.28571975
102931,L4/5 IT,-0.08752954,0.110479236
265970,L2/3 IT,0.36750758,0.023309112
113744,Astro,0.021466672,0.24822593
261757,L4/5 IT,-0.30713105,-0.02573952
78152,L2/3 IT,-0.21756598,0.2403453
130819,L4/5 IT,-0.2302148,0.03504306
96595,Endo,-0.03501734,0.40160972
201522,L2/3 IT,0.26789254,0.003271997
69203,L5 IT,0.2756318,-0.1369218
69176,L5 IT,-0.26972204,-0.13929138
130793,Endo,0.14947456,0.28693628
84526,L4/5 IT,-0.2885025,0.0034989715
83411,L2/3 IT,-0.41590583,0.09376806
264542,L2/3 IT,-0.3006218,0.33354038
96463,L4/5 IT,-0.30287904,-0.0074881017
58526,Pvalb,-0.11116248,-0.033549547
85952,VLMC,0.19507945,0.2986812
69133,PVM,-0.4707714,0.19600004
90936,L2/3 IT,-0.27357364,0.402753
78949,Astro,-0.27297843,0.13880724
130778,L6 CT,0.024353743,-0.26761866
102906,L2/3 IT,0.41284198,-0.11220896
97654,L4/5 IT,0.23724282,-0.06308672
58500,L6 CT,0.03722453,-0.2789936
200905,OPC,-0.18556425,-0.056451112
90135,L6 IT,-0.13057998,-0.12209156
114364,L6 CT,0.0317055,-0.31928357
85925,Astro,-0.17493275,0.25140822
90149,Oligo,0.022296786,0.11436671
85898,L4/5 IT,0.17434102,-0.0014149249
261770,OPC,0.0486812,0.19863462
130827,L6 IT,0.07017422,-0.11478102
83467,Astro,-0.40874207,0.14479119
83390,L4/5 IT,-0.35331833,-0.05596623
97605,Endo,0.09878492,0.050079584
78837,Sst,-0.14935058,0.08018589
206685,Oligo,0.035699487,-0.41061282
83082,L5 ET,0.24447411,-0.27922693
97414,PVM,-0.12052086,0.41154093
102965,L5 ET,-0.15311849,-0.057626694
266800,Endo,0.0027346015,-0.042496204
195424,L6 CT,0.23916358,-0.26903772
70067,Micro,-0.23340711,0.36726457
78214,L6 CT,-0.040476322,-0.3410197
130952,L4/5 IT,-0.2907272,0.106915474
96769,Astro,-0.36961085,0.18119133
97411,Vip,0.29438323,5.7160854e-05
130983,L2/3 IT,-0.40086454,0.16473371
130984,OPC,-0.2502538,-0.092137516
58154,OPC,0.16271406,-0.31065235
109988,L6 IT,0.15616232,-0.20651492
58147,SMC,-0.11619288,0.22895229
265545,Endo,0.16588062,0.32594824
270319,L5 IT,-0.20611647,-0.11087525
130870,L4/5 IT,-0.15490827,0.12069231
200956,Endo,0.13829201,0.19561696
90884,L2/3 IT,0.41784042,-0.017915934
96607,Micro,-0.128813,0.26081097
268405,L6 IT,-0.038492113,-0.097801775
85812,L2/3 IT,0.37593246,-0.0047101676
109775,L2/3 IT,-0.002827108,0.28557664
78896,Astro,-0.24421355,0.44310647
90895,Pvalb,0.033595383,0.08336949
96661,L4/5 IT,-0.11545849,0.14860481
70092,OPC,0.19724685,-0.08086029
260589,L5 IT,-0.1676305,0.009850383
78178,L2/3 IT,-0.3178448,0.22813672
195449,Peri,0.121082366,-0.34943974
97552,L2/3 IT,-0.14059764,0.2872511
130866,L2/3 IT,-0.33170968,0.20423037
200940,L4/5 IT,0.28892988,-0.06666502
58327,L4/5 IT,-0.27846292,-0.07775575
198546,L4/5 IT,0.3544038,-0.08768365
78198,Endo,-0.22359598,-0.11358607
97539,Endo,-0.26432627,-0.15569511
266803,Pvalb,-0.30733985,0.108928144
58377,L6 CT,0.07176775,-0.25870103
59647,L4/5 IT,0.31282133,-0.04693833
65826,L5 ET,0.0043866634,-0.21173483
59658,Astro,-0.4120074,0.08260018
218575,Endo,0.40634018,-0.07831505
70699,L2/3 IT,0.1430707,0.15747452
216073,Astro,-0.19691673,0.26695782
210057,Astro,-0.04869172,0.16470236
115119,L6 CT,0.08971506,-0.37017846
268537,L5 ET,0.1705302,-0.09146854
128903,L6 IT,-0.14727622,-0.2769947
89872,L6 IT,-0.045681894,-0.411745
107095,L2/3 IT,-0.14375201,0.23683494
244888,L4/5 IT,-0.21949619,0.12530392
218597,L5 ET,0.28488374,-0.19105282
89708,Endo,0.010468423,0.20049983
70711,Astro,0.2814598,0.06617612
79275,Peri,-0.054706395,0.34956694
83484,L2/3 IT,-0.37606618,0.1575743
70717,L5 ET,-0.15614918,-0.08432627
208471,L2/3 IT,0.27095556,-0.012253642
244036,L5/6 NP,0.07742119,-0.090257555
218606,L4/5 IT,-0.23524585,0.17447639
203447,L5 IT,0.0051829815,-0.07763675
95387,Endo,-0.15276632,-0.124370635
268171,Oligo,-0.055904776,-0.35492066
268544,L4/5 IT,-0.30027682,0.09412813
129304,Astro,-0.30727893,-0.06421119
91383,L6 CT,0.17416298,-0.19869685
269962,L6 IT Car3,-0.08198774,-0.31170148
115436,L2/3 IT,-0.2700963,0.3043161
205905,L4/5 IT,-0.33358353,-0.056372315
115413,Peri,-0.3350643,-0.039048344
68350,L6 IT,0.16114575,-0.19931749
76848,L4/5 IT,-0.22617656,0.13952905
260405,OPC,0.1336466,-0.052770883
211360,L5 ET,-0.21300194,-0.09590939
109656,L2/3 IT,-0.35163903,0.14536393
261399,Sst,-0.021818012,-0.21969756
60935,L5 IT,0.200495,-0.17368689
67986,Astro,-0.12220973,-0.2733227
59997,L4/5 IT,-0.0321981,0.12385672
267004,L2/3 IT,0.23892379,0.046990752
60901,L4/5 IT,0.12122923,0.057160437
115090,L4/5 IT,-0.22446492,0.15119338
82540,L4/5 IT,0.12730312,0.064572036
89676,Endo,-0.1516217,0.27962726
76919,L5 IT,0.22103906,-0.18271065
86633,L2/3 IT,0.37024027,-0.0042523146
201183,L6 CT,-0.08328682,-0.24356022
202753,L6 IT,0.19483024,-0.27109942
265743,OPC,0.09790915,-0.23975232
213128,Oligo,0.16150421,-0.01224187
246376,Endo,0.24434298,-0.09371284
210933,Peri,0.3809334,-0.076400965
82331,L5 IT,0.055411637,-0.052319795
86626,L4/5 IT,-0.17298344,0.12592858
265348,L2/3 IT,0.42155898,-0.015865952
82535,L2/3 IT,0.0824011,0.28205293
202437,OPC,-0.1363399,0.32023406
109730,L4/5 IT,-0.2801876,-0.060522497
68356,Lamp5,0.05945903,-0.12680945
76877,L4/5 IT,-0.30801615,-0.016265184
102448,PVM,-0.12121582,0.094912946
108186,VLMC,-0.0045809746,0.40228373
103801,L2/3 IT,0.32600117,0.08047706
212378,L4/5 IT,-0.07685062,0.1465413
122344,L5 IT,0.04018694,-0.06449869
60201,L5 IT,0.027638316,-0.3504721
95692,L2/3 IT,-0.46051565,0.09818059
79285,L2/3 IT,0.32222342,0.07944405
129188,Astro,-0.4343655,0.21194518
265309,L2/3 IT,0.2670607,0.092392445
211315,L2/3 IT,0.2814561,0.025472999
60372,PVM,0.12031132,0.3054614
267092,PVM,0.32518107,0.13975638
209992,L5 ET,-0.16591439,-0.22765684
113431,L2/3 IT,-0.23870704,0.37973762
246411,Endo,-0.33404619,0.30341834
98832,Astro,-0.431351,0.1931768
86541,L6 IT,-0.024529278,-0.27013344
218695,L2/3 IT,0.41157156,-0.008518785
129007,Endo,-0.34490722,0.120643616
110717,OPC,-0.36145714,0.29463458
115194,Astro,-0.1079672,-0.44348633
120238,L5 ET,0.117001,-0.26220196
205928,L2/3 IT,-0.054924488,0.20800275
86574,L2/3 IT,-0.11169946,0.22691166
110648,L2/3 IT,-0.25252023,0.28941685
98687,Micro,-0.16711235,-0.061776638
113515,L5 ET,-0.18772075,-0.18075407
115211,L5 ET,0.09901762,-0.069891006
257935,Peri,0.087023616,0.35438222
98690,L6 CT,0.022160828,-0.20617989
60423,Endo,-0.16535494,0.3351254
262382,Astro,0.18208069,-0.20195147
76676,L5 ET,-0.2175757,-0.14506036
269912,VLMC,0.4882716,0.006126702
216037,L6 IT,-0.076963246,-0.08298382
98708,VLMC,0.49566263,0.036704183
103731,L4/5 IT,0.034364223,0.043901384
215125,L6 IT,-0.0020381808,-0.2496858
86654,SMC,-0.08944622,0.087198794
68105,L4/5 IT,-0.27626628,-0.104908675
268125,Sst,-0.0919829,-0.049003422
82431,Sst,-0.08469725,0.09687102
95410,L6 IT,0.16214484,-0.18307564
68307,L4/5 IT,0.11889166,0.08088946
218757,L6 IT,0.017671824,-0.23928049
213187,L6 IT,-0.09691939,-0.070322275
215999,Pvalb,-0.17745703,0.050471842
103640,L4/5 IT,-0.060097605,0.079028726
242640,L2/3 IT,0.10031903,0.13641274
263716,Lamp5,0.36976683,-0.05457002
60229,PVM,-0.16856489,0.30249846
122362,Endo,-0.009540141,0.2667681
76768,Pvalb,-0.14798543,-0.014933318
60665,PVM,0.22660166,0.07100004
108261,Endo,0.25518215,0.15787184
83520,L2/3 IT,0.23620903,0.04236591
82358,L5 IT,-0.25016406,-0.20805669
115167,L2/3 IT,-0.1790812,0.22260875
199005,L5 ET,-0.14047223,-0.2891782
103677,L5/6 NP,0.11371231,-0.21059608
95666,L2/3 IT,0.065767884,0.22873092
103700,Endo,0.22050118,-0.090372026
260391,L5/6 NP,-0.03455797,-0.046502203
60294,L4/5 IT,-0.30829638,-0.05077955
203403,L2/3 IT,0.42321974,-0.043701798
129212,OPC,-0.3155961,0.36133033
211334,L2/3 IT,-0.26988614,0.22577006
129198,Pvalb,0.1006515,-0.34217006
115314,L5/6 NP,0.06025678,-0.10404733
122445,L2/3 IT,0.11965692,0.20939523
211872,Micro,-0.15760392,0.37208235
106747,Astro,-0.28715777,-0.19770533
59992,L2/3 IT,0.42550147,-0.072300166
95355,Peri,-0.030906945,0.29535234
108227,L2/3 IT,-0.036962897,0.29493028
102639,L2/3 IT,0.14777988,0.25595272
122201,L4/5 IT,-0.24075156,0.070729434
204494,L6 CT,0.13400298,-0.354123
244237,L5 IT,-0.06506127,-0.16815278
245623,Endo,0.19248754,0.22460145
266040,L2/3 IT,-0.0012948811,0.2972219
91264,Astro,0.10764927,0.36537427
114986,Sst,0.07554948,-0.084160686
107256,L2/3 IT,0.18232405,0.13136101
86686,L2/3 IT,0.29481786,-0.012118548
86240,L2/3 IT,0.059938967,0.23058599
270047,L6 CT,-0.020784587,-0.37318876
107211,L5 IT,0.28569275,-0.18317834
59889,OPC,-0.42899364,0.122654974
266961,L6 CT,0.13559633,-0.25884235
122165,L2/3 IT,0.3813973,-0.044141233
110370,L2/3 IT,0.005090177,0.26920968
196156,Astro,0.36261725,0.065917075
77214,VLMC,0.21066743,0.2822414
95846,L4/5 IT,0.09103322,0.016040087
112246,Vip,0.060410798,-0.32044798
218908,VLMC,0.4686064,0.06361282
95848,Oligo,-0.05246532,0.35309017
108888,L2/3 IT,0.35622174,0.060581088
82627,L4/5 IT,0.34308952,-0.14109093
59793,L5 IT,-0.04768637,0.009899855
95320,L6 CT,0.0074421763,-0.17432669
115523,L4/5 IT,0.20145023,-0.029460043
208430,VLMC,-0.030546755,0.41140294
106706,L2/3 IT,0.4255395,-0.084263176
59790,OPC,0.43714416,-0.017303705
206071,L2/3 IT,-0.25049913,0.31766295
266977,Astro,-0.06749165,-0.16091892
268521,L5 ET,0.24899882,-0.2402888
68482,OPC,0.34042102,0.14812642
208485,L5 IT,-0.056507677,-0.27782893
77107,L4/5 IT,-0.11621332,0.15980035
129589,L5 ET,-0.16870132,-0.18288907
108147,OPC,0.094429374,0.008274734
91424,Oligo,0.089072645,0.37065285
107246,Endo,-0.21417508,0.08057284
89655,L2/3 IT,0.38680154,-0.06602031
95771,L5 IT,0.051716328,-0.062586755
196157,L4/5 IT,-0.0035752058,0.112181544
80264,L2/3 IT,-0.22743714,0.32910085
112252,Astro,0.4288007,-0.07938656
122260,SMC,-0.22384486,0.43497586
195812,L4/5 IT,-0.24014536,0.048090994
215236,Vip,0.02107644,0.2624944
129474,Oligo,0.034531534,-0.34846848
215219,Oligo,-0.008633047,-0.22987607
122603,L2/3 IT,0.12067479,0.25099552
218962,Endo,0.19697165,0.2952792
107207,L5 ET,-0.17154059,-0.29550776
205877,L2/3 IT,-0.14670119,0.2795375
120013,Pvalb,0.20620263,0.10281432
70595,L4/5 IT,0.25285274,-0.05977595
203342,L4/5 IT,-0.23226115,0.14272451
129669,Endo,0.28474575,-0.085095614
70608,L2/3 IT,-0.21672669,0.2610396
267133,L4/5 IT,-0.07364029,0.16195017
68388,Pvalb,-0.1510877,0.25871205
82568,L2/3 IT,0.29376984,0.122238696
122327,L5 IT,0.08356464,-0.07850322
212037,Endo,0.22280335,-0.18467396
89656,L5/6 NP,-0.08958417,-0.44511315
86665,L4/5 IT,-0.19661644,0.05652058
218494,L4/5 IT,0.32912445,-0.1393503
122339,Endo,0.19209558,0.080915034
70963,VLMC,-0.4667728,0.28434265
115053,L2/3 IT,0.43066382,-0.070477456
86710,L2/3 IT,0.33390975,0.08126891
213302,Peri,-0.11464566,0.34415555
114976,L5 ET,0.17767799,-0.09849715
129461,Astro,0.28915215,-0.03062737
