,cell_class,coord_X,coord_Y
82786,L5/6 NP,0.04127478,0.46383113
72309,L6 IT,-0.22054903,-0.044970974
73052,L4/5 IT,0.09354537,-0.18953453
180080,Oligo,-0.36917555,-0.11380257
78191,SMC,0.117021255,0.2855438
82803,L6 IT,-0.1863914,-0.17272396
179065,Lamp5,-0.07391233,0.0016617049
81948,L2/3 IT,0.267357,0.02004777
138833,OPC,0.099757366,0.44467467
266802,L2/3 IT,0.3041045,-0.024018032
4402,L4/5 IT,0.2397515,0.3407523
72278,VLMC,0.4123969,0.08649103
82727,L5 IT,-0.019151637,0.10258524
82731,Pvalb,-0.22234862,-0.09318347
3938,Oligo,-0.34734046,-0.15534525
78212,L2/3 IT,0.35557944,0.35835594
256361,L5/6 NP,0.091507606,0.45014024
10531,Peri,0.10932016,0.36251324
266953,L6 CT,-0.07185147,0.29225105
82790,Endo,-0.31411153,-0.0039509665
138438,OPC,-0.27612054,0.45575333
77805,L4/5 IT,0.1674215,0.040078387
139274,VLMC,0.36594343,-0.1804478
4900,Micro,-0.3210878,-0.16824077
81905,Oligo,-0.30641192,-0.03523414
77217,L6 CT,-0.34326196,-0.37419143
82748,Astro,-0.3639601,-0.14451052
133070,L6 IT,-0.16757624,-0.25476286
1,Endo,-0.45845038,-0.48799837
243802,Astro,-0.23927705,0.26229566
81854,L5 IT,0.03228002,0.0009440053
246757,L4/5 IT,0.25075352,0.33564734
237586,L6 CT,-0.35635975,-0.3893391
77743,L2/3 IT,0.06206297,-0.44681826
237421,VLMC,0.40954727,0.08125405
81901,Astro,-0.051788755,0.24130933
267747,OPC,0.36065066,-0.11153887
135871,Endo,-0.27830908,-0.29507148
192010,Pvalb,-0.081603326,-0.4549819
214397,Endo,0.015461883,-0.025820388
73040,L6 IT,-0.2734633,-0.11085008
214387,L6 IT,-0.45023307,-0.4559022
249882,L6 IT,0.04521977,0.27551186
78289,Astro,0.032401077,-0.32092366
173245,L6 CT,-0.3150692,-0.14146025
173615,L2/3 IT,0.13716273,-0.40064904
211355,L2/3 IT,0.3162967,0.3737327
192005,L5 IT,-0.29791313,-0.48476622
138715,Pvalb,0.2326694,0.3135584
82494,VLMC,0.4753728,0.36369443
77626,L5 IT,0.04726141,0.19975714
82490,L2/3 IT,0.26903206,-0.25421777
180242,L2/3 IT,0.3483824,0.1747633
72720,L5 ET,-0.24176331,-0.48484156
140892,L6 CT,-0.063111134,0.46207988
11037,L5 IT,0.17509095,0.47509694
72491,Pvalb,-0.08446721,-0.06250228
256436,L4/5 IT,0.07271957,-0.1390485
77623,Oligo,-0.22828136,-0.24701138
237618,L4/5 IT,0.2944795,0.37407494
211301,Astro,0.1816477,-0.087889835
256434,VLMC,0.27774698,-0.41001305
173471,Vip,0.37961006,0.28949553
173344,L5 ET,0.062561505,0.055631205
237593,Endo,0.14301829,0.18450569
140963,L5 IT,-0.15393732,-0.39140788
133230,Pvalb,-0.0040518735,-0.04433842
78111,L6 IT,0.07386517,0.35873264
176167,Sst,-0.19868685,-0.29573396
72774,L2/3 IT,0.30810362,-0.070576504
133197,L6 CT,0.03856962,0.21799885
11032,L5 ET,0.04227101,0.054851875
193821,L4/5 IT,0.24905692,0.2724914
135745,L2/3 IT,0.14696412,-0.17536847
280235,Peri,-0.2902524,0.3679188
77415,L5 ET,0.09536808,0.14684401
192831,L4/5 IT,-0.030591527,-0.44012743
72747,L2/3 IT,0.1733331,-0.45931298
256440,L2/3 IT,0.20307665,-0.314552
78032,Pvalb,-0.055193312,-0.39528778
72473,Endo,-0.14673482,-0.04201828
176134,L6 CT,-0.24674238,0.45172483
266124,SMC,-0.2616089,-0.41423887
178771,L6 IT,0.033234112,0.16895585
133325,L6 CT,0.022208264,0.48779666
237617,L6 IT,-0.23570056,-0.095391706
175848,Micro,0.3896284,0.35865885
72559,VLMC,0.3601508,-0.19571991
142066,L2/3 IT,0.05050873,-0.43236017
77593,L2/3 IT,0.25168478,-0.007026864
214545,Sst,-0.0907777,0.10212313
77959,L2/3 IT,0.25156027,-0.16882981
72594,Endo,-0.12555324,-0.3967274
142172,L6 CT,-0.18032654,0.011221038
212788,L4/5 IT,0.07984536,-0.15236126
133306,L2/3 IT,0.26856792,-0.047408357
140651,Endo,0.3995589,0.3642087
191581,L6 IT,0.111682944,0.48473924
266828,Oligo,-0.20947509,-0.15895362
138691,Micro,0.14235388,0.31118023
212905,L5 IT,0.165592,0.28839046
249913,L2/3 IT,0.040785246,-0.48093754
249396,L2/3 IT,0.26586592,-0.0676354
140623,L5 IT,-0.0110101495,-0.24995063
173438,Oligo,-0.22690077,-0.46994853
82242,L6 CT,-0.15060355,0.4826038
133245,L4/5 IT,0.1418867,0.15847705
82448,L5 IT,-0.21245192,-0.40734684
249377,Astro,0.4127286,0.12849854
136104,Astro,0.21419524,0.20934938
192608,L2/3 IT,0.068503134,-0.49648193
249378,L2/3 IT,0.26317126,0.0003263224
235343,OPC,-0.031529464,0.35442948
82268,OPC,0.18444942,-0.09190385
72640,Pvalb,-0.06516171,-0.46397096
72515,L6 CT,-0.0029448066,0.0032065976
211332,L6 CT,-0.08512188,0.22010063
173382,L6 IT,-0.2047023,-0.310548
77933,L6 CT,-0.22371732,-0.26846835
142203,L6 IT,-0.23639332,-0.30395448
214575,Oligo,-0.257796,0.39036572
135916,Endo,0.0028894749,0.43879467
249935,Astro,0.23274742,0.18270563
72813,L6 CT,-0.3806415,-0.32528448
192571,L4/5 IT,-0.09673194,-0.49427992
257205,L6 CT,-0.24055873,0.05977963
280317,Vip,0.2829094,-0.19672455
136221,Oligo,-0.26761544,-0.036611274
140688,Astro,-0.20094244,-0.40956444
138522,Astro,0.3160895,-0.21159662
179266,L5/6 NP,-0.12261493,-0.3459757
140812,Micro,-0.16113083,-0.20393457
138958,L4/5 IT,0.0088747945,-0.3739458
178730,Micro,-0.03526012,-0.15831666
72928,L6 IT,-0.15068601,-0.25171924
82668,L2/3 IT,0.36386842,0.2224705
176207,L2/3 IT,0.2786072,0.06096725
136210,L6 CT,-0.13541393,0.34248638
295,L5 IT,0.071209185,0.27452224
179278,L5 ET,-0.018788168,-0.21991177
173271,L5 IT,0.08768546,-0.05103086
72331,Endo,-0.023093978,-0.43303218
78175,L6 CT,-0.26042682,0.48492813
237699,Astro,0.21898167,-0.33270642
179294,L4/5 IT,0.07195359,-0.26311612
135570,L5 IT,-0.35111064,-0.46848494
77825,L2/3 IT,0.355578,0.27909684
267890,Endo,0.062148206,-0.101788536
173261,Pvalb,0.13350235,-0.26651168
173570,L6 CT,-0.10889343,0.47191375
235326,OPC,-0.20132904,-0.4427148
237338,L6 CT,-0.18057849,-0.059284315
173265,L5 IT,0.13983761,0.39374614
256047,VLMC,0.44099963,0.23543327
212830,Peri,0.17166667,-0.023790909
243264,L2/3 IT,0.4095384,0.48239303
179060,L5/6 NP,-0.2012737,-0.28170538
82705,Oligo,-0.37765682,0.38762784
178673,L5 IT,-0.16955943,-0.34679547
256441,L6 IT,-0.023710469,0.013421224
72891,Endo,0.28913587,0.41200328
211216,Oligo,-0.22600605,-0.20187159
142286,L6 CT,-0.26211697,-0.42225224
72857,Oligo,0.11823838,0.04380165
77635,Micro,-0.34034833,-0.1857263
175899,L2/3 IT,0.32424432,0.38924128
266938,Endo,0.14493267,0.45785302
82550,Astro,0.054195635,0.14674835
256828,Pvalb,0.22484224,0.2109528
3929,L6 IT,-0.44530296,-0.33397698
82177,Endo,0.34503484,-0.119680956
173497,Pvalb,0.027232876,0.00951712
298,L2/3 IT,0.3667351,0.31012678
239334,Oligo,0.14679335,-0.31427753
72834,L5 IT,-0.13048442,-0.2603992
140877,Endo,0.28791028,0.36644763
135626,L5 ET,-0.15224485,-0.43933997
77351,L5 IT,0.034133844,-0.03974472
82091,Pvalb,0.05518364,0.47749043
77887,L4/5 IT,0.17753844,0.18903486
133131,L6 IT,-0.11835609,0.16312234
72417,SMC,0.31945974,0.3963468
266035,L6b,-0.2279007,0.096973225
10557,L4/5 IT,0.30285364,0.48892373
138772,Micro,0.3365603,0.15666847
249838,Lamp5,0.12455677,0.113133654
10558,L6 IT,0.043012433,0.25822097
173521,Vip,0.36464787,0.34352183
181187,Oligo,-0.1425577,-0.00838433
256726,L4/5 IT,0.12596892,-0.17304115
72429,L6b,-0.3114586,-0.10758494
82110,L6 CT,-0.34359324,-0.2804466
212712,L2/3 IT,0.26029664,0.29432106
266940,VLMC,0.30844057,-0.35265505
135620,L2/3 IT,0.2951594,-0.004339291
139225,Oligo,-0.17284347,-0.020451857
135963,L6 CT,-0.31301242,-0.2819416
249118,Oligo,0.13575791,0.46979487
11192,Oligo,-0.09093935,-0.16140635
73080,Micro,-0.40011448,-0.35933828
11387,L2/3 IT,0.074814074,-0.33552226
80588,Endo,0.20381872,0.06817703
266641,Endo,0.102934055,-0.1684279
4050,VLMC,0.29178792,-0.38289052
137709,L6 CT,-0.15050988,0.3602817
141666,L5 ET,0.13334094,0.3069287
75941,L4/5 IT,0.13021074,-0.028857393
137162,L4/5 IT,0.12940727,-0.12922768
239328,L4/5 IT,0.041386776,-0.3215918
192272,L6 CT,-0.16853614,0.40696943
504,L5 ET,-0.06452001,-0.27951327
137749,L6 CT,-0.23187949,-0.30581814
213502,Endo,0.11276614,0.20159344
266632,L6 CT,-0.24353404,0.078979835
250179,L2/3 IT,0.27883404,-0.062300667
193306,OPC,-0.04042513,-0.09198825
256605,Pvalb,0.054572873,0.3416587
177753,L5 IT,-0.28767315,-0.39247912
141724,Sncg,0.38722968,0.3493132
141726,Endo,0.07734554,0.22301768
134182,L2/3 IT,0.21972696,0.16792504
137757,OPC,-0.15960364,0.07756381
134976,Peri,-0.024179885,-0.34342954
79252,Astro,0.36822623,-0.149754
179634,L5 IT,0.23813532,0.4759202
74487,Peri,-0.17695715,-0.14434944
75996,VLMC,0.3803252,-0.08468248
80699,Astro,0.005702069,0.18074064
213998,L5 IT,-0.10337744,-0.0010094177
194233,L6 CT,-0.1546094,0.03258775
266405,L5 IT,0.114827506,0.3773439
177673,Astro,-0.374153,0.028822051
175032,L5 IT,0.15105127,0.17494003
174498,L5 ET,-0.036299445,0.014993297
174495,Pvalb,-0.16858251,-0.055375203
137226,PVM,-0.10823981,-0.42419678
177007,Astro,-0.09968484,-0.23085196
194201,Pvalb,-0.029414276,-0.399962
174491,L6 CT,-0.35016942,-0.27567565
80471,Peri,-0.04992739,-0.43634334
134882,L6 CT,-0.15503024,-0.16887732
180707,L5 IT,0.022969594,0.002576219
139626,L6 CT,-0.12978663,0.18237631
177615,L2/3 IT,0.21176116,-0.20262049
141649,VLMC,0.26957744,-0.43561423
137194,L2/3 IT,0.37771654,0.48778057
11376,Endo,-0.098330505,0.4589312
80497,L6 IT,-0.47553286,-0.36986977
237477,L2/3 IT,0.28590328,0.35130513
74681,Astro,0.33279812,0.001915263
213972,L5 IT,-0.03892506,-0.14364342
134263,L6 CT,-0.37541178,-0.4156117
247014,Astro,0.32924652,0.4520368
193135,L6 CT,-0.08042479,0.29129326
177648,L2/3 IT,0.34558076,0.18267404
4047,L2/3 IT,0.39280605,0.39819235
10762,VLMC,0.42148352,0.14211337
10905,Endo,0.16665958,-0.0015369188
79339,L4/5 IT,0.043815605,-0.19144161
141398,Endo,0.08131563,0.110024735
388,Astro,0.20653228,-0.45410198
194256,L6 IT,-0.06844971,0.35984653
211998,L6 CT,-0.36052048,-0.47769696
256967,L5 IT,-0.15056066,-0.23106395
139589,L2/3 IT,0.047198646,-0.39572465
141312,Micro,0.16389321,0.15128957
180766,VLMC,0.37726712,-0.10405488
4805,L2/3 IT,0.2911123,-0.088112876
180770,Oligo,-0.4706787,-0.2879222
194274,L5/6 NP,0.21013491,0.390329
175279,L5 IT,0.021054378,0.040299103
176824,Peri,0.41169757,0.41329634
141307,L2/3 IT,0.1053152,-0.42283455
80821,L6 CT,-0.09022323,0.36110526
80822,L2/3 IT,0.13238595,-0.21188231
175291,L6 CT,-0.26646286,-0.096852496
76212,L6 IT,-0.4090103,-0.31013364
80844,L6 CT,-0.084184654,0.1501094
176847,L2/3 IT,0.2688865,0.22858457
177848,L6 IT,-0.17148657,0.18544106
250212,L4/5 IT,0.24405591,0.42965943
74253,L2/3 IT,0.3297754,0.18779103
177875,L2/3 IT,0.3887167,0.38285583
243752,L2/3 IT,0.33827615,0.34103876
136968,L2/3 IT,0.25058484,-0.27213848
180771,L6 IT,-0.054051228,0.41479808
76269,L6 CT,0.062324934,0.45927453
179585,L6 IT,-0.3614807,-0.25254947
212429,L2/3 IT,0.21027826,-0.18827038
267554,L5 IT,-0.06391732,-0.12567754
137827,Lamp5,0.33838725,-0.056019828
267176,Astro,0.20742874,-0.07784839
11454,Oligo,-0.18691258,0.17677145
175301,Endo,-0.13025476,-0.3213132
4802,Endo,-0.23419555,0.009817706
193093,L4/5 IT,0.21502684,0.2886426
11225,L4/5 IT,0.17183815,0.05356227
211894,Endo,0.01547881,0.124298856
212384,Peri,-0.17427044,0.26261324
74449,Endo,0.13746957,0.46160507
235287,L5 IT,0.16861705,0.44578427
11237,Endo,-0.006174544,0.43805248
243638,L4/5 IT,0.02455776,-0.35278016
250203,L6 CT,-0.13037567,0.44249994
10910,Oligo,-0.14154036,-0.110551134
4800,Micro,-0.27603763,-0.4386366
267199,Astro,-0.05862508,-0.16219778
256614,L6 CT,0.049598627,0.47150326
74423,Astro,-0.40366188,-0.352212
76078,L6 CT,-0.076348014,-0.14314021
191796,L2/3 IT,0.146762,-0.35540155
213454,Oligo,-0.27055186,0.36362052
192264,Lamp5,0.4362731,0.29321313
278253,L6 CT,-0.12095634,0.09442775
235209,L5 IT,0.08094787,0.01714717
506,Endo,0.18768536,0.09283833
177792,L6 CT,-0.30659074,-0.22048424
175253,L6 CT,-0.1304725,0.2353854
214045,Astro,0.2988088,-0.27709776
257081,Lamp5,-0.2179225,0.08088122
80758,L5 IT,0.12524931,0.07578783
257086,L6 IT,0.0387445,0.07153009
191802,Lamp5,0.23975615,-0.31965742
192439,L6 CT,-0.4122879,-0.45872515
174336,L6 IT,-0.20929407,-0.10122688
256168,L2/3 IT,0.22699617,0.110909745
267207,VLMC,0.38949853,-0.03322859
141638,Peri,-0.0075965915,0.081295714
74764,Pvalb,-0.112794764,0.12096374
191716,L6 IT,-0.26715922,-0.2130837
75411,L6 IT,-0.20247628,-0.14284371
134503,L6b,-0.23950587,0.030971633
134502,L5 ET,-0.2039863,-0.44722736
75412,L6 CT,-0.30913457,0.44051248
256567,Endo,-0.21946009,-0.17929898
75188,Oligo,-0.21236901,0.43792498
75185,Oligo,-0.45639372,-0.23684649
179801,Lamp5,-0.02399687,0.17305718
79725,Oligo,-0.43431476,-0.44640052
246643,OPC,-0.40859503,-0.3672259
79961,SMC,-0.064085044,-0.20173527
174775,Peri,-0.34030688,-0.17377688
193184,VLMC,0.37917507,-0.10083218
75393,L5 ET,0.17458777,0.3996306
177426,Astro,-0.44816425,-0.25637677
79992,Sst,-0.2918263,-0.079275265
212208,L6 IT,-0.12709258,0.0012795199
75471,Oligo,-0.31584853,0.36617357
134464,L5/6 NP,-0.0954122,-0.12633903
174721,Oligo,-0.37872383,0.4810143
134641,L6 CT,-0.13137119,0.36003858
139839,L2/3 IT,0.33239794,0.2778551
212214,VLMC,0.46197057,0.32832146
257038,L4/5 IT,0.03823041,-0.25813407
243387,L4/5 IT,0.26927596,0.3924361
139811,Astro,-0.37310362,-0.46604902
266497,OPC,0.023921182,-0.11583494
11290,L6 CT,-0.38475224,-0.3675691
192307,Endo,-0.22633217,-0.107122615
10832,Oligo,-0.027389029,0.1919847
79756,Astro,-0.2740814,0.009377824
75378,Endo,0.20406143,-0.1392742
213747,Astro,-0.30742097,-0.09810229
177307,L6 CT,-0.07094041,0.19878463
134569,L4/5 IT,0.051825456,-0.20497145
79847,Endo,-0.4188231,-0.29308006
212193,L5 IT,-0.4250244,-0.4826516
79817,L2/3 IT,0.31249267,0.080341086
174852,L2/3 IT,0.34669906,0.31572843
137439,Endo,-0.1109939,-0.22069357
174870,L4/5 IT,0.11058151,-0.17201473
212149,Endo,-0.03927628,0.3040468
174839,L5 ET,-0.10323284,-0.35761017
137430,L6 CT,-0.30401734,-0.3907272
177274,L6 CT,-0.03311915,0.43024296
213730,Endo,0.16173516,-0.29656166
139868,L5/6 NP,0.13476662,0.2423216
238880,L2/3 IT,0.20139073,-0.15858664
75254,L4/5 IT,0.14357953,0.092368826
139859,Astro,-0.061538734,0.083362624
249626,L6 CT,-0.04859162,0.4770249
461,PVM,-0.3108036,-0.026718987
75249,Endo,0.28680593,0.370543
139853,OPC,0.22666578,-0.14311348
213724,L5 IT,0.1610853,0.21240817
177374,Oligo,-0.11979089,0.43501824
249633,L6 CT,-0.08275349,0.16010408
75207,L6 IT,-0.23087965,-0.32689148
75201,L6 CT,-0.13512976,-0.11351822
267383,L5 IT,-0.2648151,-0.3632334
280293,Oligo,0.02061837,0.14662771
75112,Pvalb,-0.08654023,-0.28115577
179717,L6 CT,0.010727515,0.46389627
137338,Astro,-0.0376331,-0.42477125
134704,Vip,0.35284555,0.3166725
194093,L6 CT,-0.2619692,0.44208962
139714,L6 CT,-0.21101011,-0.2873203
74917,L2/3 IT,0.33077604,0.10895823
74915,PVM,0.09854918,-0.13477342
74914,L6 CT,-0.061074086,0.4314564
267288,L4/5 IT,0.0130692925,-0.34449357
194088,L5 IT,0.027472904,0.07665752
243651,Micro,0.19350456,0.18903421
249599,Endo,0.079211704,0.28107274
280297,Oligo,-0.04282964,-0.22686447
79448,SMC,0.2895521,0.45171535
179833,L6 CT,-0.18225087,0.2062829
80266,L5 IT,-0.118595995,-0.18152235
249073,L4/5 IT,0.30342603,0.45059824
139952,Oligo,-0.11140854,-0.30275565
213913,Endo,-0.16740383,-0.118217394
180542,L2/3 IT,0.3229143,0.029546188
192285,Endo,-0.28298306,-0.3525383
80348,L6 CT,-0.09502009,0.4384166
179843,L5 IT,-0.060522206,-0.22436576
10777,Peri,-0.046750702,-0.18365373
75781,Oligo,-0.3703931,-0.06836207
177580,Oligo,-0.43275905,-0.50015813
80363,L2/3 IT,0.30165923,0.1960678
134317,Oligo,-0.30950788,0.3604179
79413,L2/3 IT,0.07196783,-0.48658305
179848,L2/3 IT,0.22816132,-0.1690469
249586,Oligo,-0.033044375,-0.12301205
79410,Endo,0.26010388,0.47660047
174574,L4/5 IT,0.26465476,0.45233268
80972,Endo,0.4251085,0.43675554
194187,Oligo,0.20659254,0.36964196
177507,Oligo,-0.2512945,0.05167161
134708,Endo,0.32408524,-0.25761604
79654,L5 IT,-0.22624423,-0.36358443
179709,L6 CT,-0.2943349,-0.30507737
180637,L6 CT,-0.27450192,-0.324211
266571,L2/3 IT,0.28397262,0.20268469
134719,Astro,0.26519734,-0.16537763
4783,Micro,0.23250215,-0.30007416
267322,Oligo,-0.20845588,-0.18843134
4477,L5/6 NP,-0.12478537,-0.34400433
213651,L2/3 IT,0.040977053,-0.43233693
75092,L2/3 IT,0.26573312,0.099908635
212240,L4/5 IT,-0.094615825,-0.46963766
141486,Astro,0.24384145,-0.19426121
177163,L6 CT,-0.26541877,0.47284836
235397,Micro,0.28074563,0.35041147
243704,Micro,-0.3492077,-0.34927773
134415,L6 IT,-0.4670342,-0.4314518
177150,L2/3 IT,0.21784018,-0.40091038
75045,L4/5 IT,0.2169619,0.14453004
212256,Oligo,-0.13568597,-0.052272245
213642,Peri,0.020112595,-0.025459928
141608,L2/3 IT,0.34886527,0.25865567
179819,Astro,0.09157907,0.40968144
134764,Endo,-0.04080359,-0.49962664
141618,Astro,-0.0161149,-0.1547973
256548,L2/3 IT,0.26681888,-0.13383363
266585,L6 IT,-0.09787942,0.20622818
255974,Astro,0.35651767,-0.098138735
266482,L6 CT,-0.1907263,0.0068833698
80189,L5 ET,0.057568066,0.49113363
135555,Astro,-0.10952229,0.23490499
140074,Astro,-0.46564248,-0.24207075
176775,L4/5 IT,-0.025143037,-0.42368722
135435,L2/3 IT,0.24820308,-0.25940195
191654,Astro,-0.186796,-0.371193
139387,L6 CT,-0.3193679,-0.26520097
76872,L5/6 NP,0.15426485,0.4195631
138224,L6 CT,-0.15095885,-0.12173189
73420,Astro,0.15427779,0.00046067126
192507,L2/3 IT,0.1390904,-0.36508954
192969,OPC,0.21793489,-0.09712933
78546,Peri,-0.013873229,-0.302342
175627,L4/5 IT,-0.042471655,-0.37913644
141940,VLMC,0.44774812,0.25807184
81577,Endo,-0.17565222,0.044685528
139384,L6 CT,-0.17796083,0.28922826
133680,L4/5 IT,-0.01693053,-0.35099548
78545,L5 ET,0.05997639,0.4642973
11155,SMC,0.30986816,0.43499017
193512,Endo,-0.016819099,0.29766166
81585,L6 CT,-0.15814467,0.3062386
193513,Endo,-0.13249306,0.0983008
73382,Oligo,-0.22106834,0.19408534
173861,Astro,0.12511836,-0.34283316
136504,Micro,-0.16953807,-0.35958156
237675,Vip,-0.31990683,-0.49628904
176458,Pvalb,-0.42574763,-0.3674199
178372,Endo,0.009983232,-0.0034362804
243595,L6b,-0.23919214,0.39429158
78503,L4/5 IT,0.11628019,-0.13446434
136493,OPC,0.27898985,0.11221509
78543,Peri,-0.42178732,-0.29521787
243283,L6 CT,-0.26084673,0.4568017
246783,Sst,0.046410255,0.15288644
267040,Endo,0.29156667,-0.37126213
191655,L6 CT,-0.12874897,0.23230635
257152,Oligo,-0.34645933,0.3499313
133731,Lamp5,0.28782922,-0.28908846
178220,L2/3 IT,0.09483635,-0.4576524
4569,L6 IT,-0.16862993,0.120433375
76787,Endo,-0.24144386,-0.26600158
176494,Oligo,-0.07680262,0.37361062
73528,L6 CT,0.07734471,0.44671267
81520,L6 IT,-0.2993852,-0.1343415
192985,L5 ET,0.12886064,0.27368307
76799,L6 CT,-0.06758583,0.31960845
76806,Oligo,0.34255654,0.379229
180019,L6 IT,-0.28301835,-0.16906677
139410,PVM,-0.35043225,-0.20987879
73513,SMC,-0.042948313,-0.21291237
138195,L2/3 IT,0.30093378,0.014269995
180919,Astro,0.11073088,0.2664804
73508,Vip,-0.13578562,0.091334924
78573,Endo,-0.36329886,-0.44258913
81542,Micro,0.13805275,-0.3455755
213168,Endo,0.3000282,0.10392396
138202,L6 CT,-0.22413091,0.12273042
178305,L6 IT,-0.18722524,-0.19935258
279682,L6 IT,-0.22770064,-0.10089259
192133,L5 ET,0.11438679,0.17851685
81551,L6 CT,0.01803269,0.37138724
178306,L6 IT,-0.26734167,-0.30661505
81553,Oligo,0.09624582,0.37714475
214297,Endo,0.09410881,0.28727978
211590,L6 IT,0.13463251,0.4786281
176514,L2/3 IT,0.37988675,0.4171629
11526,L2/3 IT,0.24034183,-0.30526072
78481,PVM,0.29432136,0.018601345
135543,Endo,0.29817885,0.41996366
140449,L4/5 IT,0.27963668,0.41796505
192510,L4/5 IT,-0.08121518,-0.40331796
238830,Micro,-0.01782746,0.45139295
138365,L5 ET,0.12380808,0.48706865
256461,L6 CT,-0.21527915,0.43357968
78369,L6 CT,-0.20416851,0.092958674
77127,L5 IT,0.19694309,0.29974854
179338,Oligo,-0.3649068,0.34572977
212675,L2/3 IT,0.29326534,-0.23153041
73179,L6 CT,0.037255935,0.4728974
246585,L6 CT,-0.17722543,0.026904153
73176,SMC,0.31476194,0.43394136
173776,Endo,-0.05673919,-0.06631105
267721,L4/5 IT,-0.06753502,-0.47943646
81784,Oligo,0.20427154,-0.025896622
266187,L6b,-0.2819164,-0.04206489
139324,L2/3 IT,0.16385959,-0.43626308
191906,L6 CT,-0.33560953,-0.23780434
211521,Oligo,-0.3258467,-0.04742305
192912,Endo,-0.28911883,0.37079155
73117,OPC,-0.44733286,-0.2780038
136339,Micro,-0.12883224,-0.34220332
81812,L6 CT,-0.016151795,0.37626362
266785,L4/5 IT,0.1539505,0.18265109
214374,Sst,-0.07341907,0.23448674
249807,Lamp5,-0.15324469,0.07507108
133472,L5/6 NP,0.14122348,0.32332665
214351,L6 CT,0.031588547,0.47006667
138353,Astro,0.43158507,0.46158165
133562,Astro,-0.08846698,-0.3414668
256848,Vip,-0.15129958,0.29376882
256470,L5 ET,-0.082645305,-0.123073235
141153,L2/3 IT,0.29457426,0.111170694
77003,L5/6 NP,-0.30221555,-0.42068827
139360,L4/5 IT,0.012459328,-0.3765656
77007,L2/3 IT,0.1735764,-0.3109488
266995,Oligo,-0.28512803,0.23460172
212640,Astro,0.032888822,-0.07525359
191881,L5/6 NP,-0.10659779,-0.32780492
249035,L5 IT,0.15760116,0.23733054
256849,Lamp5,0.35348678,0.35231507
81639,L2/3 IT,0.26397663,0.2620026
180326,VLMC,0.48220354,0.38731796
178433,L2/3 IT,0.30319673,0.19466303
212660,Peri,0.1251428,-0.009683384
266994,L6 IT,0.11736851,0.47410995
214333,L4/5 IT,0.19339101,0.2417249
73236,L5 IT,0.06844949,0.013100969
179374,Oligo,-0.17754604,-0.3882088
77057,L5 IT,-0.3245913,-0.30272925
176434,Astro,-0.47581694,-0.48921287
81662,Astro,0.21580873,-0.02876736
193542,VLMC,0.29111254,-0.38621897
178476,L4/5 IT,-0.025067696,-0.3918273
211565,Astro,0.2466592,-0.36318502
180038,L4/5 IT,0.21343856,-0.04536505
78373,L6 CT,-0.15712614,0.38794523
77098,L6 IT,0.04401218,0.29715967
194492,L2/3 IT,0.13807331,-0.26240018
77100,L5 IT,0.1773405,0.281349
266753,Micro,-0.23572005,-0.43170655
267064,L4/5 IT,-0.07411183,-0.4622099
192496,L2/3 IT,0.3223021,0.14872096
81481,Endo,0.23293667,0.35081142
178008,Endo,0.26953745,0.14568286
81129,L6b,-0.23206554,0.422495
214153,Micro,0.30327576,0.25679123
81132,L6 CT,-0.091317214,0.34898406
137952,Oligo,-0.2683165,0.15061037
176717,L6b,-0.3345535,-0.18689667
76392,Astro,-0.3017357,0.34178334
211772,Astro,-0.24452104,0.09646408
135195,Micro,-0.47853926,-0.26041716
180807,Lamp5,0.18072961,-0.42438996
137980,Endo,-0.11118043,0.37578803
267607,Astro,-0.21495666,-0.47630978
211765,OPC,-0.2540389,-0.47152498
135190,L6 CT,-0.25180328,-0.14334027
78862,L5 IT,0.03172397,0.08605753
174166,Sst,0.025743892,0.13229232
214160,Micro,0.4032511,0.18952589
267145,Astro,0.2328854,0.19462685
4156,Oligo,-0.2747869,0.084226415
136741,VLMC,0.4056068,0.028395401
257119,L4/5 IT,0.22079675,0.09905951
133919,Oligo,-0.12424294,0.37692475
178029,VLMC,0.42337596,0.11999975
141835,L6b,-0.21340491,0.18989556
180439,Oligo,-0.2239738,0.17058884
81224,Astro,-0.46892196,-0.4621954
249106,Astro,0.46994126,0.40270472
214169,Sst,0.16639851,-0.085687324
192207,Oligo,-0.36757994,-0.09389569
81128,L6 CT,-0.17477737,0.07868622
256652,L5 ET,-0.091778345,0.0546401
133977,L6 CT,-0.17782499,-0.004698945
79000,L6 CT,-0.17355572,-0.30619627
80984,L4/5 IT,0.29717672,0.40493828
250017,L6 CT,-0.44199812,-0.44921166
74149,L6b,-0.26395792,-0.0046714675
136872,L6 CT,-0.15590988,0.0052978266
177932,Peri,0.124079995,0.40363348
81011,L6 CT,-0.13188206,0.22081779
257103,L2/3 IT,0.35834998,0.19270949
256636,Sst,0.1946169,0.3503664
266687,L6 CT,-0.18858425,0.21742748
81033,L6 IT,-0.055235244,-0.10834302
174229,L6 CT,-0.44579586,-0.462669
141826,Micro,0.29375273,0.48218066
257107,Oligo,-0.18731098,0.14506064
135152,L5 ET,0.20793144,0.47207218
137902,L2/3 IT,0.10231476,-0.3581651
133998,L6 CT,-0.16347824,0.3364218
177993,L4/5 IT,-0.116020836,-0.45594096
179513,Astro,-0.19508068,0.19198303
81078,Pvalb,-0.022262583,0.31397557
78942,Pvalb,0.15895925,0.41068488
136805,L5 IT,0.010487011,-0.23269878
211799,L5 IT,-0.04093627,-0.19761585
175328,L2/3 IT,0.38087267,0.40539187
10932,VLMC,0.30288917,-0.36351466
78936,Astro,0.113455884,-0.029959274
133988,VLMC,0.48384243,0.3943659
174210,L4/5 IT,0.090909235,-0.1642295
81103,L5 ET,0.12786953,0.48884636
78817,Oligo,-0.12114463,0.40768254
73868,L5 ET,0.04510074,0.04720895
141253,L6 CT,-0.36378187,-0.3771867
141840,L6 CT,-0.26205087,-0.38928366
136682,Astro,-0.0328554,-0.28721267
193469,Astro,0.060342602,0.35345525
174035,L5 IT,0.19310884,0.36986578
211682,L5 IT,0.06952899,0.23567973
76616,L6 CT,-0.40908444,-0.3785708
76648,Pvalb,0.15640478,0.12125908
249249,L6 CT,-0.4231664,-0.28147903
81380,L4/5 IT,-0.0031781886,-0.31062782
73679,Oligo,-0.018436113,0.3011263
73669,Oligo,-0.4077849,-0.30453488
180004,L5 ET,0.00665777,-0.047930673
249500,Endo,0.19619231,-0.4132297
11179,Endo,-0.10476983,-0.32325834
78657,L6 CT,-0.19968317,-0.11890145
138131,L6 CT,-0.22395651,-0.38014758
192173,Astro,0.18336736,0.3309368
179456,L2/3 IT,0.41530728,0.4541703
249495,Oligo,0.13952725,0.13878302
133800,L5 IT,0.17844056,0.2948572
211664,L6 CT,-0.039255597,0.27063525
78656,L2/3 IT,0.2752238,-0.20138817
256677,L4/5 IT,0.12520038,-0.05488892
73609,L5 IT,-0.18602161,-0.26884514
76737,Micro,0.05959832,0.09763102
211641,Pvalb,-0.012373367,-0.3760335
176544,Oligo,-0.37079245,0.42282337
266732,L6b,-0.2190807,0.15725558
266265,Endo,0.1188302,0.42259777
214263,L2/3 IT,0.16740434,-0.41580862
214216,L2/3 IT,0.16408955,-0.37944022
74174,L2/3 IT,0.05329912,-0.44304368
141235,Astro,0.14264552,-0.055246517
81323,VLMC,0.49242043,0.42243338
135225,L6 CT,-0.31192487,0.46368927
235300,Endo,-0.008931199,-0.11825387
4446,L6 CT,-0.3261361,0.48318356
176638,L2/3 IT,0.087174825,-0.36318153
81256,Endo,0.041599743,0.39696234
180833,Endo,-0.11713595,0.22664855
180426,L5 IT,0.04368197,0.14452808
178053,L2/3 IT,-0.0071018133,-0.4912809
78786,L6 CT,-0.25219667,-0.35275793
76495,L5 IT,-0.004012862,-0.19635202
178060,L2/3 IT,0.041671447,-0.45532417
73835,L5 IT,0.13665394,0.3908301
11194,L5 IT,-0.12023649,-0.016562534
175441,L2/3 IT,0.16610865,-0.15604852
175448,L4/5 IT,-0.062427707,-0.43064624
141240,L6 CT,-0.21090989,-0.36575064
78769,L4/5 IT,0.099357,-0.20257874
193450,L5 IT,0.07274126,0.04240726
81293,L6 CT,-0.35036135,-0.387115
235361,L6 CT,-0.18121107,0.47773856
73756,Astro,-0.41732427,-0.47805282
212520,L2/3 IT,0.32006115,0.21934997
250243,Endo,0.33385962,0.34549326
136707,Astro,-0.4054833,-0.27406093
214212,Oligo,-0.23178639,-0.08714901
81321,L6 IT,-0.42865813,-0.3491314
179987,L2/3 IT,0.12779479,-0.4862544
267365,Endo,0.07845049,-0.09761508
179991,L5 ET,-0.16281573,-0.34699315
193452,L6 IT,-0.24020271,-0.15888877
77588,Astro,-0.31749463,0.3494652
166161,Lamp5,-0.21456255,-0.4744361
82816,L5/6 NP,0.123615496,0.37580878
203938,L6 IT,-0.20768674,-0.1203977
254526,L2/3 IT,0.2842114,-0.19129203
8034,L6 IT,-0.017014632,0.43494022
203945,Oligo,-0.3532939,-0.06254624
185816,Oligo,-0.21801828,0.27011913
198459,L4/5 IT,0.2722153,0.42779726
198448,Endo,0.27031386,0.3549009
121998,VLMC,0.43419528,0.19491808
149219,L6 CT,-0.26255557,-0.22457482
122002,Endo,0.16282706,0.044740304
105026,Peri,0.0015303697,0.035078153
252806,L2/3 IT,0.352014,0.21264134
149214,L5 IT,-0.07177649,-0.23329495
149195,L6 CT,-0.2078269,-0.010586066
122034,Astro,0.15644358,0.39660102
159480,L5 IT,-0.25902647,-0.35304195
159491,Oligo,-0.11459456,-0.44494078
6130,L5 ET,0.09330439,0.4881621
122131,Endo,0.00853922,-0.38460207
104793,Astro,-0.06170682,0.102087244
2076,Oligo,0.17725699,0.14299129
104819,Astro,0.2867843,0.08833437
8068,L4/5 IT,0.15203004,0.11270504
6141,Astro,0.18447982,0.38965005
247472,L4/5 IT,0.30807477,0.36187088
104892,Astro,-0.43121913,-0.23484643
122070,L6b,-0.33277145,-0.1761251
122060,L6 CT,-0.21008341,0.45955318
204041,L5 IT,-0.08454699,-0.15288989
185797,L6 IT,-0.16276072,0.16172163
159500,L4/5 IT,-0.011540661,-0.3379171
104865,L6 IT,0.0054181423,0.25367248
105162,L4/5 IT,0.058632605,-0.19899265
2094,Endo,-0.17077301,0.21448503
2095,L4/5 IT,0.12552987,-0.0966246
159263,L2/3 IT,0.1589847,-0.41973367
121785,SMC,-0.1628101,-0.44625977
121761,Endo,0.10945433,-0.022073044
105601,Astro,-0.11093316,-0.39091086
198528,Endo,0.18685989,-0.4095785
159147,Endo,0.22523867,-0.15275942
236946,OPC,-0.00074742176,-0.20406415
159138,L6 CT,-0.16108166,0.11125903
159124,L5 ET,-0.09626789,-0.21265553
105756,Endo,0.26832247,-0.32428962
6166,L6 CT,-0.29680127,0.43320912
159111,L6 CT,-0.14917623,0.16569512
254504,L5 IT,-0.17670856,-0.4224381
198548,L6 IT,-0.20052709,-0.09335281
6163,L5 IT,0.049664132,0.12205766
104763,Endo,-0.06130863,-0.33266875
105493,Lamp5,0.1649519,-0.24835362
121849,L5 ET,-0.19582681,-0.45054314
238347,L2/3 IT,0.2249038,-0.04306598
159366,L5/6 NP,0.08569216,0.19348072
203892,Endo,0.041881554,0.2456396
262129,Peri,0.45504898,0.44917202
8010,Oligo,0.003806254,0.072672054
105354,Endo,0.17693458,0.032315955
105485,Pvalb,0.09141313,0.27690053
262119,SMC,-0.055196114,-0.20653166
248132,L6 CT,-0.17147149,0.2439727
159322,L6 IT,-0.45944366,-0.45772383
121866,L4/5 IT,0.11039107,-0.09762348
105438,Pvalb,-0.015188197,0.4717549
248125,L2/3 IT,0.21101455,-0.13191162
245059,L6 IT,-0.39099512,-0.2898562
121874,L6 CT,-0.27478713,0.46610355
104757,L6 CT,-0.3094657,-0.37033868
204101,L6b,-0.20080589,0.25369734
204123,L5 IT,0.020749738,-0.08202426
204347,Oligo,-0.19680212,0.0092618335
122465,L6 CT,-0.038719006,0.3293873
160034,L4/5 IT,0.21530335,0.2653756
122442,L2/3 IT,0.38737017,0.39865887
204333,L6 CT,-0.37992877,-0.2660468
148927,Pvalb,0.084569566,-0.07598241
238373,L6 IT,0.15730612,0.43324137
122410,L4/5 IT,0.2572608,0.4638614
204317,L6 CT,-0.19322376,0.09976147
122370,L5 IT,-0.052907713,-0.23381479
248173,L6 IT,-0.044982202,0.07020037
259168,L5 ET,0.1939116,0.40194005
104287,Endo,-0.10763896,-0.46953952
204291,L2/3 IT,0.15976684,-0.3108323
198288,L4/5 IT,-0.079815544,-0.3969188
198319,L6 CT,-0.41126084,-0.33233547
279310,Astro,0.058486693,-0.31998006
189354,L6 IT,-0.2519222,0.46172178
103859,L6 IT,-0.31850332,-0.24408816
103860,Endo,-0.09973914,-0.2823093
160201,L2/3 IT,0.06119024,-0.39592874
198221,Astro,-0.28333592,-0.45748544
103903,L6b,-0.20847608,0.37850136
204410,L2/3 IT,0.08147418,-0.4973621
244950,L6b,-0.28567278,-0.05896701
122587,L6 CT,-0.1546282,0.492741
160165,L6 IT,-0.077180006,0.24269794
103971,OPC,0.26330853,-0.19242583
160127,L4/5 IT,-0.10742382,-0.49657455
148861,L6b,-0.20582862,0.16213237
198246,L2/3 IT,0.18289386,-0.32060444
6075,L6 CT,-0.19098572,0.3276859
122585,Micro,-0.082927056,-0.31243217
259288,L2/3 IT,0.34080017,0.3162812
148950,L6 CT,-0.17304169,-0.25670934
104319,VLMC,0.43523622,0.20097838
104574,L4/5 IT,0.14107446,0.079615936
204172,Astro,-0.3535002,-0.088318124
159725,L2/3 IT,0.020641586,-0.44928077
104587,Endo,-0.113836415,0.090751514
159717,L4/5 IT,0.2208684,0.20401876
122196,L2/3 IT,0.32055032,0.0679584
259202,Endo,-0.089922704,0.4738983
236282,Micro,0.023655584,0.2264115
6120,L2/3 IT,0.15832888,-0.44927385
122170,Endo,0.01280286,-0.06359087
122162,L5 IT,-0.030912379,-0.035019353
239621,Astro,0.3085652,-0.09523429
2074,L6 CT,0.022983363,0.49312592
262223,Oligo,-0.33530024,-0.3734616
185770,L6 CT,-0.16900463,0.24683343
254567,L6 CT,-0.16897006,0.2633292
159760,L6 IT,-0.25797856,-0.38484278
204195,L2/3 IT,0.18292306,-0.38371277
262301,Oligo,-0.34152478,-0.11639251
262299,L2/3 IT,0.29168838,0.32688278
122325,L4/5 IT,0.049512856,-0.3797707
259194,L2/3 IT,0.1971064,-0.06754689
244993,L6 CT,-0.108837016,-0.0638877
122292,Oligo,-0.2590522,-0.2481402
104557,Sncg,-0.10316426,0.444041
149004,VLMC,0.44403744,0.25095958
149016,L4/5 IT,0.11571216,-0.26105702
149030,L4/5 IT,0.15235417,0.03787242
104486,L5 IT,0.13722579,0.4141031
252764,L4/5 IT,0.114686064,-0.11641969
149054,VLMC,0.42977464,0.1883897
104530,Oligo,-0.36520624,0.41381168
262277,L6 CT,-0.02433453,0.45941377
189193,Endo,-0.10531647,-0.42771047
159044,L5 ET,0.07003986,-0.010977818
105854,Astro,-0.24841441,-0.45716825
158218,Micro,0.21114014,0.40721494
203247,Endo,-0.19143994,-0.0024011265
107421,L4/5 IT,0.15407924,-0.024328453
107435,L5 IT,-0.03701193,-0.1652656
120928,L6 CT,-0.19858898,-0.20657353
198745,L6 IT,-0.044612296,0.37907273
107408,L4/5 IT,0.31353295,0.45281786
7757,L2/3 IT,0.17493854,-0.4120415
158185,Astro,0.2744577,-0.13578944
203174,Oligo,-0.25055444,0.22344773
120900,OPC,-0.1875711,-0.19062369
149875,Vip,0.017358055,-0.30064148
149886,Oligo,-0.33178484,0.36148334
203141,OPC,-0.17154239,-0.36958295
7754,Oligo,0.07011192,-0.27863044
198769,Lamp5,0.122931354,-0.2550348
107363,L4/5 IT,-0.040995486,-0.45564738
203287,Endo,0.1862273,0.006272005
107106,L4/5 IT,0.21022217,0.2000129
158272,L4/5 IT,0.17730413,0.22333966
7800,L4/5 IT,-0.047945715,-0.48506492
245157,Micro,-0.3275429,-0.38883606
203334,Pvalb,0.03292524,0.19350092
261815,L4/5 IT,0.020438245,-0.34657907
107351,L6 IT,-0.14799546,0.109038875
279263,L6 CT,-0.15807296,0.35822248
245158,L5 IT,-0.03909523,-0.16098921
149817,Endo,-0.32024264,-0.08856271
158242,L2/3 IT,0.05347877,-0.4593824
158237,Oligo,-0.19477887,0.46101207
121008,L5/6 NP,0.20704864,0.34646952
198720,Pvalb,-0.2671882,-0.07942627
252974,L6 CT,-0.008619079,0.29295242
158312,L4/5 IT,0.07452547,-0.11187814
107614,L6b,-0.35299724,-0.1647381
120843,L6 CT,-0.1246661,0.4263916
202994,Pvalb,-0.039263643,0.37141407
198830,L2/3 IT,0.3130961,-0.029263837
120722,Pvalb,0.06582611,-0.4812576
247519,OPC,0.31869084,0.11809389
259460,L6 CT,-0.26388922,-0.36165547
108015,OPC,-0.20187406,-0.22885124
202998,L5 IT,-0.39512035,-0.44847006
157814,L2/3 IT,0.2907179,0.023920702
157807,L5/6 NP,-0.37252373,-0.4428466
202964,L6 CT,-0.080879964,0.14991383
120646,Oligo,-0.26532847,0.22174136
261661,L2/3 IT,0.28016102,0.1883326
108109,L2/3 IT,0.40711474,0.4198466
108123,Oligo,-0.266694,0.2609113
2237,L2/3 IT,0.37103814,0.4094963
107620,Endo,-0.06796006,-0.31666338
107909,Vip,0.3634711,0.38366407
198816,Lamp5,0.21127759,0.16540162
120840,L4/5 IT,0.29487836,0.44637775
120825,Astro,0.14496885,0.020181762
7742,Endo,0.3488199,0.36426616
158047,L2/3 IT,0.16706912,-0.23250572
158039,L4/5 IT,0.25827783,0.42001534
186257,L4/5 IT,0.17809586,0.15831535
189004,Peri,-0.07150117,-0.45681998
107704,Astro,-0.016516933,-0.2538823
158022,Pvalb,0.11294793,-0.4380523
107759,Vip,0.3445297,0.05617766
158019,L2/3 IT,0.20940445,-0.13449074
7738,Pvalb,-0.121338286,0.46634394
120817,Oligo,-0.14547555,-0.10799016
198805,Astro,0.2263649,-0.10877772
158027,Astro,0.065309696,0.18267064
122613,SMC,-0.1364279,-0.42643508
107094,Oligo,-0.11004568,-0.16793884
149787,L2/3 IT,0.17741863,-0.20537357
158778,Pvalb,-0.36751148,-0.40809363
158777,Astro,-0.2772679,-0.2559014
186063,PVM,-0.2686594,0.36905015
189166,Vip,0.25794554,-0.21981929
247500,L6 CT,-0.15829863,-0.17695607
158725,L6 IT,-0.07286755,0.13501416
261990,OPC,0.4270944,0.20089214
261954,Endo,0.07186716,-0.4375543
252901,L6b,-0.46596777,-0.30872625
203537,Pvalb,0.019018969,0.20257364
149559,L4/5 IT,0.11444264,-0.026560677
245132,L6 CT,-0.18161453,0.4446665
149598,L2/3 IT,0.37683916,0.45723057
106395,L6 IT,-0.37914607,-0.37360317
158713,L6b,-0.22445749,0.23934291
203524,L6 CT,-0.21631984,-0.3030995
203625,L6 CT,-0.10060314,0.49190784
149533,L2/3 IT,0.24456726,-0.31614238
198587,L5 ET,-0.112953134,-0.36941144
158989,Oligo,-0.16055466,-0.48942465
158985,L4/5 IT,0.13699101,-0.03163083
198591,L6 IT,-0.2942573,0.46626133
105961,Lamp5,0.27612525,-0.35847574
121504,Peri,0.004518738,-0.10935031
239212,Peri,-0.36626205,-0.30873793
198599,L5/6 NP,0.04485207,-0.1062745
7930,L6 CT,-0.12009118,-0.26363516
259335,L6b,-0.35093847,-0.17938338
198603,L6 CT,-0.15563048,0.4289155
106124,L2/3 IT,0.33800018,0.1943823
121457,L4/5 IT,0.16551177,0.13798927
106129,L2/3 IT,0.1361777,-0.38114834
189182,L4/5 IT,0.0757957,-0.30640692
158333,L4/5 IT,0.043033592,-0.33306965
261943,L6 IT,0.07714205,0.3928511
261932,Oligo,-0.25118446,-0.4023164
279266,L5 IT,0.06215363,0.2833689
203431,L4/5 IT,0.31124222,0.48943943
158556,Sst,-0.4261277,-0.42059642
106841,L2/3 IT,0.08558666,-0.32418448
158542,SMC,0.28402555,0.44106108
254456,Endo,-0.0153679345,-0.40033624
106757,L2/3 IT,0.26007742,-0.24671496
158381,Peri,-0.106574334,0.3889017
186161,L5 IT,0.21014296,0.4590872
107010,L6 CT,-0.25387657,-0.052876636
189088,L2/3 IT,0.10629695,-0.32469285
107042,Astro,0.31816965,-0.007662965
186170,L6 CT,-0.096982725,0.22954427
158350,L6 CT,-0.060908355,0.2378038
189095,L2/3 IT,0.14660083,-0.21254848
203520,Endo,0.3667599,-0.010880692
106754,SMC,0.48382843,0.40156204
121246,L4/5 IT,0.25128603,0.37112683
186078,L6 CT,-0.3263083,-0.4081456
203505,L2/3 IT,0.29461443,-0.07286219
121328,L4/5 IT,-0.08960069,-0.48297378
106488,L6 CT,-0.14469765,0.34552073
106516,Astro,-0.27332407,0.2939586
106524,L6 CT,-0.33775073,-0.47909376
106752,L2/3 IT,0.14203827,-0.41128486
149666,L4/5 IT,0.2673043,0.37911105
121276,VLMC,0.35457236,-0.21128102
106583,L6 IT,-0.23325087,-0.01592843
149683,Astro,0.24311517,-0.1965564
121262,L2/3 IT,0.10922598,-0.29191867
203483,L2/3 IT,0.3811615,0.43721354
106746,Astro,0.28168857,0.21507578
106551,L2/3 IT,0.19723444,-0.3512156
103827,L2/3 IT,0.2746454,0.19740252
148824,Oligo,-0.25270325,-0.09002142
204440,Oligo,-0.20615883,0.3247282
254726,L4/5 IT,0.24314348,0.29742336
100910,SMC,0.25055766,-0.10844885
197782,L6 CT,-0.28138158,-0.32813826
254716,L2/3 IT,0.16020916,-0.39687914
197791,Astro,-0.06386847,-0.10212867
8444,PVM,-0.004553536,0.23309456
205317,L2/3 IT,-0.006939808,-0.50149953
197797,Oligo,-0.1854781,-0.11300109
101012,L2/3 IT,0.2276225,-0.28196877
8441,Endo,-0.08068583,-0.25424132
148125,L5 IT,0.065119915,0.21335207
123856,Sst,-0.34979343,-0.44092575
161811,L6 CT,-0.1873459,0.25323224
244821,L6 CT,-0.14242537,0.3975346
244814,L2/3 IT,0.24345623,-0.29134065
185113,L6 IT,-0.24802871,-0.07174875
100803,Astro,-0.27207416,-0.34255442
162025,Pvalb,-0.15313022,-0.1603056
100634,Endo,0.3878591,0.09123419
147958,Peri,0.33516884,-0.20016237
124014,L6 CT,-0.3248402,-0.3682599
124003,OPC,0.05982154,-0.120513245
205376,Sst,-0.29082566,-0.22306691
124000,L4/5 IT,0.27077615,0.4345801
123947,L5 IT,-0.127733,-0.4587614
205371,Endo,-0.24269272,0.00017611869
100731,Astro,0.07673698,-0.4446963
123983,Micro,0.21689181,-0.27462053
147963,L5 IT,-0.44698396,-0.5018313
197771,Astro,0.10772931,-0.22941811
100762,L5 IT,-0.02566574,-0.040811226
100776,Pvalb,-0.1394671,0.36998463
262878,L5/6 NP,-0.18608548,-0.09246297
162118,L6 CT,-0.1401455,0.42013067
101145,VLMC,0.39816892,-0.009246929
205241,L6 CT,0.020586362,0.46181303
205156,Astro,0.28609657,0.25028557
205145,Pvalb,-0.0837358,0.35493225
189548,Astro,0.067575924,0.47817338
278866,L6 CT,-0.2752255,0.4393236
278867,L4/5 IT,-0.03693766,-0.36092055
148267,VLMC,0.33461267,-0.28932458
252415,L6 IT,-0.16810478,-0.26574814
148281,L5 IT,0.09821325,0.014297711
123631,L2/3 IT,0.251844,0.18927734
101665,Pvalb,0.364425,0.26708156
5960,L5 IT,0.120957784,0.34740043
197882,L5/6 NP,-0.117379494,-0.28277647
101693,L6 CT,-0.1633148,0.2554788
161561,L6 CT,-0.20808654,-0.34131032
8368,Endo,-0.2092611,0.42965698
185123,VLMC,0.31173193,-0.34725815
101397,L5 IT,0.21449433,0.48491955
123688,L6 CT,0.03593772,0.42912096
8410,L6 CT,-0.28672528,-0.27266383
123831,L6 IT,-5.0345436e-05,0.3390696
123806,L6 IT,-0.1414962,-0.11453335
161742,OPC,0.30233574,0.18630438
161710,Astro,-0.3701379,-0.12249325
101291,L6 CT,-0.1427467,-0.02444656
148232,L2/3 IT,0.25948638,-0.06863253
205213,Endo,0.1303259,-0.22141568
123759,Endo,0.27907765,0.47822684
205183,VLMC,0.3516196,-0.22107439
101366,Oligo,0.001078805,-0.3014
258915,L6 CT,-0.110669054,0.11351667
101370,Oligo,-0.17212255,0.45702887
101378,L6 CT,0.13067715,0.44252533
197841,L6 CT,-0.24696909,-0.09758671
101725,L4/5 IT,0.032037906,-0.21076556
252355,L2/3 IT,0.0046238806,-0.46930298
124052,Oligo,-0.47913858,-0.24344178
184885,Astro,0.31080043,0.41066653
99894,L4/5 IT,-0.07945884,-0.43989146
238477,L6 CT,0.023318103,0.48102093
124361,L2/3 IT,0.31884724,0.10636853
189693,Pvalb,0.31474978,0.42708278
162443,Endo,0.33125412,-0.033403024
147804,L4/5 IT,0.057451837,-0.2658934
184887,Oligo,0.015604248,0.058939204
263039,L4/5 IT,-0.008771518,-0.36763835
184895,L6 CT,-0.15374519,-0.010778857
205604,Peri,-0.010583023,0.2087503
244742,OPC,-0.07894722,-0.17247121
100053,L6 CT,-0.044088997,0.30668116
162392,Astro,0.1666737,-0.013583316
99958,Sst,0.3851061,0.23109744
100054,L6 CT,-0.28366974,0.4488554
184849,L6 CT,-0.12438298,0.06421934
5873,Oligo,-0.03734938,0.24529307
205696,L4/5 IT,-0.033098944,-0.3823449
263068,L5 IT,0.14114945,0.16539674
252241,L5 IT,0.061248235,-0.2077619
205674,L2/3 IT,0.3656144,0.33291036
124455,L4/5 IT,0.13351451,0.17529325
1774,Astro,-0.20276888,-0.1811514
124380,L2/3 IT,0.2646774,0.22257839
189722,OPC,-0.31448448,0.0294932
184779,Astro,-0.47105852,-0.30446178
1780,Pvalb,-0.22832857,0.050359532
99798,L6 IT,-0.15859075,-0.11871277
147788,L6 IT,-0.17346473,-0.10266535
162588,L2/3 IT,0.19194,-0.08417188
99837,Pvalb,0.18330942,-0.21748693
184776,L5 IT,-0.29701936,-0.4419881
100629,Endo,0.23465608,0.026723074
162369,L6 CT,-0.22202297,-0.391138
100104,L6 CT,0.006422272,0.42765898
124145,L6 CT,-0.032880165,0.08137511
124135,L5/6 NP,0.098913126,0.35886425
100374,L6 CT,-0.07114015,0.30879456
147905,Endo,-0.1328971,-0.06600781
100386,Endo,0.07048219,0.1571527
100408,L5 IT,0.05741387,0.24129663
162256,L6 CT,-0.18807687,0.48127985
162205,L4/5 IT,-0.04884977,-0.49681708
147946,L2/3 IT,0.21183954,0.010205137
100531,Lamp5,-0.019014517,-0.029984666
262903,L6 IT,-0.24173166,-0.06748216
262899,L6 CT,-0.2867552,-0.35723445
100552,L2/3 IT,0.39944065,0.49209362
162138,L6 CT,-0.13932367,0.4341119
8522,Astro,0.21528427,-0.12861444
162363,Oligo,-0.22446881,0.24570946
124153,SMC,-0.13879292,-0.4661069
205522,Pvalb,0.26393688,0.4621148
258805,L6 IT,-0.45569885,-0.50074506
184912,Lamp5,0.021983793,0.09412925
147868,L5 ET,-0.010376373,-0.14783387
244753,Endo,-0.19111593,-0.2624594
258811,Astro,-0.32274735,-0.28153923
248258,L6 IT,-0.46894124,-0.3774197
254760,Endo,0.10546761,0.34520566
1818,Peri,0.115922384,0.0985751
248253,PVM,-0.41535243,-0.418644
189676,L4/5 IT,-0.06319744,-0.47478378
100208,L2/3 IT,0.32163715,0.1307184
262970,L2/3 IT,0.17280011,-0.4396753
100216,L2/3 IT,0.27734178,-0.22899033
100278,L6 IT,-0.12911676,0.09200911
124180,Astro,0.40512663,0.038614377
157772,L2/3 IT,0.13782428,-0.29436356
101732,L5 IT,0.087509446,-0.048295453
101760,Endo,0.03456574,0.26247054
204663,L2/3 IT,0.12292891,-0.29128462
103141,L6 IT,-0.19848795,0.07152127
103164,L6 CT,-0.19927461,0.2095636
262485,L6 CT,-0.24289234,-0.3353956
198049,OPC,-0.22878723,-0.50507283
148708,L6 CT,-0.10940129,0.44996017
103098,L6b,-0.21511783,0.4183656
262483,Oligo,-0.33486652,0.021307336
160651,L5/6 NP,0.15999703,0.36667454
103266,L2/3 IT,0.16875957,-0.38495514
278915,L5 IT,-0.13024671,-0.31100965
204626,Astro,0.40909618,0.12836234
198064,L5 ET,-0.054745264,-0.09211485
122860,L6 IT,-0.13279347,0.2614259
204644,L2/3 IT,0.35402817,0.40618616
185440,Endo,-0.11004732,-0.18477656
148665,L6 IT,-0.47267962,-0.33954868
160757,L4/5 IT,0.2784062,0.44000125
279995,VLMC,0.50309414,0.43125993
198016,L2/3 IT,0.37212676,0.3753786
5991,Vip,0.33544034,0.20366733
123121,L6 CT,-0.13392179,0.4106089
123111,Endo,0.14114825,-0.34226215
252559,L6 CT,-0.3227005,0.4549725
160736,VLMC,0.47298664,0.3594982
185373,L2/3 IT,0.3465026,0.37141287
160854,L6 IT,-0.41482297,-0.39677966
252578,L2/3 IT,0.17285715,-0.40603852
160846,L6b,-0.37245715,-0.21512271
148640,L6 CT,-0.14888327,0.37430876
262528,L5/6 NP,0.14274041,0.36871612
123045,Endo,0.2505859,0.27731442
198030,Astro,0.28884387,0.27309227
185340,Astro,0.10513007,0.3295912
185441,L5 ET,-0.14205159,-0.18780993
103335,L5/6 NP,-0.32597774,-0.48588988
198110,OPC,0.1295812,-0.08844231
6057,L6 CT,-0.1690725,0.4244811
103586,L6 CT,-0.035996117,0.47624385
103590,Peri,-0.4595384,-0.37185413
160393,Oligo,-0.099295534,-0.3449809
148787,L6 IT,0.006293675,0.27910632
103546,L6 CT,-0.1290585,0.052526757
238388,L2/3 IT,0.2681182,-0.30896232
252680,L6 CT,-0.42439026,-0.44731307
160294,PVM,-0.38960993,-0.47824335
103722,SMC,-0.13364206,-0.46624267
160230,OPC,0.07700484,0.32546175
122652,Oligo,-0.16220532,0.24871688
160215,L5 IT,-0.033917822,-0.22235267
185528,Micro,0.07006746,0.4566486
185447,L5 ET,0.2186064,0.44430745
103540,Peri,-0.11572719,-0.00428964
236981,L4/5 IT,-0.15954094,-0.5066195
204607,L6 CT,-0.20570879,0.14306764
252630,L5 ET,0.117794625,0.19144075
103353,OPC,0.2230811,-0.14338027
122852,L6 CT,0.06305616,0.44794226
204563,L6 CT,0.066202454,0.32669598
198089,L6b,-0.23046662,0.13693856
160494,L5 IT,0.0941019,0.11730127
160557,Vip,0.23005943,0.16011833
185465,Sst,-0.20094617,-0.18382363
103504,Astro,-0.31236452,-0.3028452
160527,Pvalb,-0.2140506,-0.19401585
259054,PVM,0.27179104,-0.17026253
103524,L4/5 IT,0.21790932,0.13993375
254602,L4/5 IT,-0.020669023,-0.38334942
103479,L4/5 IT,-0.060517408,-0.4652178
161544,L6 CT,-0.22177161,0.11400716
123162,L6 IT,-0.4539919,-0.3411935
189443,Pvalb,0.21497934,0.36101657
252456,Astro,0.21705453,-0.24856915
123477,Oligo,-0.32151157,0.036617145
185218,Pvalb,-0.11520649,-0.17651542
239261,L4/5 IT,0.2251526,0.28796482
204902,L6 CT,-0.1666132,0.46292436
197917,L4/5 IT,0.12687717,-0.12142743
148391,L6b,-0.18039323,0.27046555
102284,VLMC,0.40123147,0.008185374
102309,L2/3 IT,0.28640807,-0.14895494
204882,Peri,0.069547765,-0.123192325
161284,L5 ET,-0.11873043,-0.41673952
254664,L6 IT,-0.27729172,-0.11845879
102390,Oligo,0.12105995,0.18687479
248213,L5 IT,-0.010356644,-0.078688994
262631,Endo,-0.1822726,-0.22710343
102393,L6 CT,-0.20337729,0.25788814
204945,L2/3 IT,0.41856897,0.39461172
161458,L4/5 IT,-0.052813,-0.43383366
205072,L2/3 IT,0.20618795,0.020948337
161536,Pvalb,-0.24528785,-0.4211253
161529,OPC,-0.21999423,-0.032363817
1884,Micro,0.06450742,0.3707165
123588,Astro,0.38167614,0.100725695
148354,Astro,0.30481058,0.44028604
102049,Endo,-0.29069343,-0.4008234
148372,L6 CT,-0.08055363,0.3642205
204976,Endo,-0.07332412,-0.30972373
123533,L6 IT,-0.19872971,0.079840526
244867,Endo,0.48811567,0.4448468
123532,L4/5 IT,-0.081288315,-0.41483968
204969,Peri,-0.028878966,-0.08338
102038,Peri,-0.13434659,-0.39380142
185200,OPC,0.29346788,-0.35380572
204730,OPC,-0.24497958,0.3756721
102402,Micro,-0.06021408,0.20000271
161224,L2/3 IT,0.11739456,-0.38797897
161075,L6 CT,-0.057104565,0.4324208
123256,L5 IT,-0.101945676,-0.234437
148498,L4/5 IT,0.27046454,0.4100482
123237,L6 IT,-0.07855303,0.41005993
102745,L6 CT,-0.013365606,0.4599206
102778,L4/5 IT,0.22199659,0.27728063
8290,L4/5 IT,0.16819565,0.0963112
161036,Pvalb,0.19553809,-0.31056482
8277,L5 IT,-0.016966501,-0.1924742
148546,Oligo,-0.40776387,-0.3247075
279998,L6 IT,-0.4301303,-0.3303687
161018,L2/3 IT,0.2841878,0.10159324
204745,L6 CT,-0.12402324,0.4546904
8273,L5 IT,0.10092776,0.006617354
204758,Astro,0.36485612,0.4583382
102406,OPC,0.25106418,-0.39067122
161093,L2/3 IT,0.2235273,-0.12067808
254657,Peri,-0.38037354,-0.42928466
161204,L5 IT,0.06514805,0.13940643
102456,L6 IT,-0.2898606,-0.1385801
161177,VLMC,0.46641105,0.3409282
102471,Oligo,-0.35914642,-0.22191508
123372,L6 CT,-0.088885255,0.19563751
236209,L4/5 IT,0.21330188,0.11788909
148475,L6 IT,-0.15969722,0.06211464
102499,L5 IT,-0.42847672,-0.4950456
3264,Endo,-0.051156618,-0.16096456
161111,Pvalb,-0.08929104,0.40073752
102555,L2/3 IT,0.33812279,0.28221703
123290,Endo,-0.018085012,-0.42334703
161094,L6 CT,-0.29715753,-0.4203403
262590,Astro,0.11941164,-0.49417806
123358,L4/5 IT,0.0844866,-0.036891
120634,L6 CT,-0.33834577,-0.4809777
248044,L5 IT,-0.22852127,-0.4414057
259463,L6 CT,-0.15142982,0.28788185
151700,L4/5 IT,0.19877927,0.030832874
113304,L5 IT,0.013079217,-0.13717057
279123,VLMC,0.4458015,0.25866848
154256,L6 IT,0.027632704,0.2804255
2904,Endo,0.21106116,-0.16005449
6597,L6 IT,-0.06338445,0.11564259
253693,L6 IT,0.08701443,0.49261284
151718,SMC,0.4065625,0.0471379
113388,Endo,0.31684572,-0.110662386
154225,L6 CT,-0.41531202,-0.3478403
117587,Oligo,0.06705337,-0.1203735
154189,Pvalb,0.22137831,0.13725154
113458,L2/3 IT,0.117348306,-0.47450426
236675,L6 CT,-0.08258376,0.18064664
113360,Oligo,0.07549482,0.24875937
113462,L4/5 IT,-0.0149702225,-0.50452965
113271,L6 CT,-0.17316549,0.364672
7106,L5 IT,0.09646451,0.23592632
117759,L4/5 IT,0.1389346,-0.07754348
2542,Endo,0.11187237,0.24620835
113148,VLMC,0.44113678,0.23865788
6579,Peri,0.20048116,0.43721354
113169,Astro,-0.45370877,-0.34758788
199780,Astro,0.4241019,0.26844037
117654,OPC,0.49246746,0.47408652
254144,VLMC,0.4450634,0.2557984
259971,L6 CT,-0.193947,0.48469108
201259,Endo,0.35292077,-0.14266883
113219,Astro,-0.16530536,-0.050880507
151674,L5 IT,0.10564374,0.16383176
113235,L2/3 IT,0.23168676,-0.22108184
151692,L6 CT,-0.19310324,0.036744818
151664,L6 IT,-0.042466618,0.17236857
154408,L2/3 IT,0.026963642,-0.4098827
260727,L2/3 IT,0.27297068,0.060472116
254127,Endo,-0.18259321,-0.013552053
153977,L5 IT,0.00046943687,-0.10107444
113853,Peri,-0.14950292,-0.21122788
113867,L6 CT,-0.20866401,0.067481264
113868,Sst,-0.13060017,-0.2363909
151856,Pvalb,0.16019295,0.20016818
117383,Astro,0.3089878,-0.17430075
117455,Oligo,-0.35443297,0.4385379
254087,Endo,0.1891753,-0.28457904
153952,Astro,-0.35297728,0.32097632
260039,Astro,-0.23485304,0.16191487
260040,L5 IT,0.10148256,0.002338158
151887,Pvalb,0.2103921,-0.29336184
113975,L6b,-0.2733757,0.42986244
6643,L6 CT,-0.019479403,0.34174
113928,Endo,0.17198943,-0.30068883
201191,VLMC,0.49749017,0.4311307
151813,L6 CT,-0.34712988,-0.31169304
7025,L2/3 IT,0.13214521,-0.49738577
260709,L4/5 IT,0.11277961,-0.07354106
2894,L6 CT,-0.19763155,0.3969319
151749,Sst,0.2587086,-0.13123079
117539,Pvalb,-0.0017813537,-0.012370301
253734,L6 CT,-0.25684333,-0.0306399
259999,L6 IT,-0.34564978,-0.3241118
153987,VLMC,0.37933016,-0.09619583
253739,Lamp5,0.42245537,0.3113414
117516,Micro,0.36735767,-0.07445799
117513,L2/3 IT,0.3359326,0.20877783
201108,L6 IT,-0.0013723169,0.10177009
260669,Endo,0.3723113,0.07429491
117502,L4/5 IT,0.30311435,0.4088918
153988,Endo,0.18989317,0.17448245
201128,Peri,-0.07987488,0.0120724905
6644,L6 CT,-0.022967229,0.25925004
113101,Endo,0.09958618,-0.19126408
117787,L6 IT,-0.06852377,0.015041577
154975,L5/6 NP,0.115132324,0.23601161
259892,L5 ET,-0.06720028,0.10251878
151457,L2/3 IT,0.41849506,0.4688263
201500,L2/3 IT,0.23054092,-0.13236038
118123,L2/3 IT,0.089438014,-0.35792387
7203,L6 IT,-0.19609092,0.041117117
112440,Astro,0.08666407,-0.21718909
112547,L4/5 IT,-0.051325865,-0.4802569
154877,Astro,0.25187844,0.3845654
154862,VLMC,0.25675637,-0.46042296
154854,L2/3 IT,0.3287655,0.2014604
151540,L2/3 IT,0.3330328,0.37458682
245503,Oligo,-0.29279786,0.033951744
201451,Endo,-0.15749396,0.40454578
154899,Endo,-0.1556979,0.25199085
201443,L4/5 IT,0.04643499,-0.31927988
2939,Oligo,0.13653372,0.151637
112425,L6 CT,-0.3678627,-0.45350784
112307,Astro,-0.15999155,0.39577037
188452,Astro,-0.19448744,-0.24737899
187252,Oligo,-0.28007817,0.11426698
260922,Astro,0.099030666,-0.31070656
260909,OPC,0.03749215,-0.49529168
118202,L6b,-0.3440407,-0.16422395
154994,L6 CT,-0.16863962,0.41487145
199610,Oligo,-0.30280203,-0.48832196
112384,L4/5 IT,0.1329075,-0.15975998
118182,Lamp5,0.2367587,-0.005547596
187291,L5 IT,-0.11715419,-0.23623921
2943,L2/3 IT,0.14921193,-0.18305607
112413,Oligo,-0.25996932,0.11420159
247859,Oligo,0.19214486,0.19248568
259887,Oligo,-0.31091326,0.3978215
7129,L6 CT,-0.20569094,0.2287976
201438,Astro,0.040608875,-0.15174262
154812,Pvalb,-0.11404512,0.15224563
117901,Micro,0.05499094,-0.0018922817
199742,Micro,0.2508582,-0.45172453
2513,L5/6 NP,-0.09972701,-0.033320084
154588,L2/3 IT,0.30446088,0.048140094
6569,Astro,-0.19116174,0.18892203
201335,OPC,0.16832016,0.23420183
117908,L4/5 IT,-0.06359515,-0.5006115
117818,L2/3 IT,0.09859907,-0.43322662
2910,OPC,0.20224397,0.1350138
236819,L6b,-0.33399975,-0.19029148
113023,OPC,0.35346764,-0.02432303
113034,L6 CT,-0.00070617534,0.3688931
113040,L6 IT,0.02639567,0.3254937
201311,Oligo,-0.33210266,0.3989957
253660,L4/5 IT,0.05099278,-0.35754824
154816,L6 CT,-0.39269027,-0.3938466
187389,L5 IT,0.29075783,0.38669378
117916,Endo,0.22689281,0.26770693
199702,Astro,0.30475664,-0.275985
7189,VLMC,0.5121684,0.4286561
112684,Oligo,-0.14282216,-0.28348002
112703,L6 CT,0.028503587,0.47377235
201420,L2/3 IT,0.2942106,0.20950912
7165,L6 IT,0.056534342,0.20078222
188420,L6 CT,-0.08774937,0.26689893
254163,Oligo,-0.2819032,0.4010607
112821,L6 IT,-0.45706555,-0.36173248
154707,Astro,0.3424586,-0.14890666
117942,Astro,0.27733314,-0.17898513
187364,Oligo,-0.16045316,0.41866797
6565,OPC,-0.21566342,-0.47883365
117929,L2/3 IT,0.35631853,0.2872262
112807,L4/5 IT,0.15762876,-0.096036
187250,L2/3 IT,0.22274373,-0.20222698
114032,L6 CT,-0.10688243,0.4248386
153848,L6 CT,-0.2986513,-0.31935883
236759,SMC,-0.24238132,-0.4148605
116588,L5 IT,0.15941511,0.19244681
152902,L4/5 IT,0.0013265219,-0.37641183
152326,L6 IT,-0.1891497,-0.03817512
188001,Astro,-0.24661376,0.44423103
200469,L6b,-0.47810125,-0.32757246
152948,L4/5 IT,0.18468307,0.09628688
115636,L6b,-0.30754876,-0.08814393
6845,L6 IT,0.058179848,0.33552772
152826,L5/6 NP,-0.004203031,-0.23136677
152340,Endo,-0.16152178,0.3433205
115677,Endo,-0.16525035,0.0812199
115705,L6 CT,-0.19247915,0.13245259
152811,Oligo,-0.046320416,0.21554361
115659,L4/5 IT,0.1814184,0.020190047
115723,L6 CT,-0.3205915,-0.35597545
115548,L4/5 IT,0.08033674,-0.29379106
115511,Pvalb,0.045492403,0.22597037
2813,Endo,-0.03722859,-0.35366037
115346,Oligo,-0.41245046,-0.2584711
200558,L5 IT,0.16880469,0.22767363
116732,L4/5 IT,0.15117423,0.031764194
115398,Oligo,-0.30375594,0.34512192
200118,L6 IT,0.021743169,0.18642913
116652,L6 CT,-0.34282082,-0.37128362
187958,Micro,-0.14843558,-0.14459811
152287,L2/3 IT,0.079288535,-0.39549243
115437,Micro,0.04003375,-0.2135878
200130,L6 IT,-0.076102145,0.32489026
152978,L5 IT,-0.13659997,-0.18049352
152969,L4/5 IT,0.22833686,0.1987568
115503,VLMC,0.32529122,-0.3101879
260140,Oligo,-0.28510174,-0.22060476
236783,OPC,-0.036157288,0.29079014
200438,L6 IT,-0.2705174,0.47102576
116532,Astro,0.3692966,0.2191277
116066,PVM,-0.40793744,-0.42434642
116409,L5 IT,0.09252452,-0.12564583
200316,Astro,0.27577835,-0.078135386
116081,Peri,0.0024493542,0.14634942
116097,L4/5 IT,-0.06503523,-0.50410104
260255,L6 IT,-0.23968597,-0.038202748
188109,Astro,-0.32040846,-0.42741966
152514,L4/5 IT,0.109059565,-0.11885385
6744,L4/5 IT,0.037384205,-0.26152998
200239,Endo,0.030191472,-0.3042807
116145,L2/3 IT,0.27755642,-0.0985782
188096,L6 CT,-0.18124612,0.45951098
200268,L6 CT,-0.14738797,0.086446926
116254,L2/3 IT,0.24244742,-0.2880466
116122,L2/3 IT,0.20098542,-0.40344578
152371,L2/3 IT,0.05818724,-0.4281533
200326,L4/5 IT,0.10621434,-0.113713965
188046,L6 IT,-0.43050477,-0.35485417
260313,L2/3 IT,0.3539678,0.27572107
152380,L5/6 NP,0.06164538,0.12026732
115806,Endo,-0.00014297105,0.25054818
116501,L2/3 IT,0.21481882,-0.10921453
152791,L6 IT,-0.2687508,-0.26459274
247713,Micro,0.23840503,-0.48008966
2759,SMC,0.07704323,-0.46745086
115866,L6 CT,-0.03650654,0.3452533
152444,Endo,0.07109248,-0.5052041
152723,L6 IT,-0.071867116,0.09248625
116452,Oligo,-0.3628827,-0.16990273
115929,OPC,-0.15323557,0.34921366
116427,Pvalb,0.2739671,0.36038762
115977,Astro,0.17729805,0.23141424
6738,L2/3 IT,0.15887968,-0.42218083
153854,L5 IT,0.17472081,0.38429278
200564,Oligo,-0.24999686,-0.48897043
153078,L4/5 IT,0.21699814,0.3673774
200887,Endo,-0.037571527,-0.0716237
152074,Astro,0.17849253,0.08641426
187770,L6 CT,-0.37836933,-0.4478924
153578,L5 IT,-0.15301795,-0.08300097
114517,L2/3 IT,0.3923602,0.36641008
114540,PVM,-0.4121366,-0.4220017
153647,Peri,0.08242916,0.31079394
153522,L4/5 IT,0.15719895,0.18533777
114571,L6 CT,-0.11076508,0.4203167
114605,L6 IT,-0.38485163,-0.38129225
6957,L6 CT,-0.17202829,0.002327012
200810,L5/6 NP,0.13238727,0.4691528
117087,Endo,0.40954727,0.2856111
114652,L4/5 IT,0.005000552,-0.38981435
260061,Sst,-0.27532583,-0.35290688
114693,L4/5 IT,0.10636418,-0.056056723
253807,Sncg,0.3212598,0.3053409
260574,L5 IT,-0.25438124,-0.43854588
114091,L5 ET,-0.19081308,-0.46237943
151958,L5 IT,-0.12899576,-0.07416634
199910,L5 IT,-0.07609046,-0.38042438
200953,L4/5 IT,0.16152786,-0.032137677
260049,Endo,-0.12476189,0.24067996
114207,Astro,0.15764742,0.42896032
152050,L6 CT,-0.2047023,-0.19015692
199924,VLMC,0.45061445,0.281313
187713,Pvalb,0.376437,0.2960056
117193,L5 IT,-0.1173184,-0.29638287
187726,Endo,0.08552777,-0.19304238
114360,L4/5 IT,0.32262915,0.47892505
200907,Endo,-0.26859438,-0.3859586
114416,L5 IT,-0.11104108,-0.0805047
253780,L5 IT,-0.2908504,-0.46197626
115248,L5 IT,0.16819833,0.42267644
117053,Endo,0.21418993,-0.2623498
260511,Pvalb,-0.1788574,-0.48582417
188195,L6 CT,0.00026386045,0.3934635
245632,L5 ET,-0.077689506,0.100942776
116872,Oligo,-0.27585027,0.08216201
200061,Micro,0.088016264,-0.37571365
200066,L6 CT,-0.122402824,-0.09413718
115086,L4/5 IT,0.015788456,-0.49143437
115026,Endo,-0.045489706,0.26095283
245635,Astro,0.26047885,0.37632293
187932,L5 IT,0.15753202,0.45479292
200605,L5 IT,0.059139185,0.013953852
153106,L6b,-0.24715658,0.061165437
253884,Endo,0.14228229,-0.06569262
115206,L4/5 IT,0.015307805,-0.4174888
254032,SMC,-0.1365953,-0.46314776
115095,L6 IT,-0.33945745,-0.22889681
117032,L5 ET,-0.11511818,-0.0414647
236785,Micro,0.12416612,0.06653266
153270,Astro,0.05839371,0.40766245
114733,L2/3 IT,0.25767303,-0.21472402
253836,Endo,0.004003873,-0.2821104
247752,L2/3 IT,0.31149143,0.13307355
114781,PVM,0.21910535,-0.30151135
200019,Endo,0.059681706,0.3931368
260479,L2/3 IT,0.1418458,-0.34697235
245720,L6 IT,-0.20285578,-0.32754183
114803,Astro,0.40469748,0.44750524
114864,L2/3 IT,0.29294693,-0.14035131
200020,L2/3 IT,0.08601009,-0.34354615
187852,L6 CT,-0.33076084,-0.3587923
200699,L4/5 IT,-0.05315978,-0.44393903
6669,L6 CT,-0.010301987,0.3128603
114943,Oligo,-0.13831602,0.38448244
200733,L2/3 IT,0.33335024,0.34892243
1761,Peri,0.072673194,0.10583715
112272,Pvalb,-0.26793784,-0.46904647
201596,L2/3 IT,0.18845181,-0.25972
199086,Astro,-0.14130218,0.37442392
119741,L6 IT,-0.039340504,0.42281806
119732,Oligo,-0.31105447,0.36401445
199141,Astro,-0.24262835,0.34951907
150573,L4/5 IT,-0.033605613,-0.46898285
186648,L4/5 IT,-0.024108747,-0.49181736
253204,Pvalb,-0.046744056,0.32080764
7548,Astro,0.3116203,0.058733568
188768,Endo,0.0200062,0.029164838
109666,L2/3 IT,0.40329397,0.42387348
109679,L5 ET,0.07696944,-0.012613786
119512,L2/3 IT,0.124714844,-0.27380127
7541,Sst,-0.27719408,-0.44845885
109698,Oligo,-0.25384045,0.29114467
150575,L4/5 IT,-0.04564131,-0.4218437
7537,L6 CT,-0.28846565,0.47835457
199067,Astro,-0.44608447,-0.24015774
186581,Oligo,-0.3404712,0.32963574
150366,L6 IT,-0.05520288,0.49240804
199034,Peri,-0.24575026,-0.07959001
7613,Oligo,-0.2444563,0.28116876
6330,Peri,-0.45720503,-0.31508422
199043,L5 ET,0.049855463,0.30575395
119956,Endo,-0.3028623,-0.16964366
239574,Endo,0.32796973,-0.058153823
150411,L2/3 IT,0.27366245,0.08982651
119942,L6 IT,0.11674505,0.3980726
186570,L6 CT,-0.22617157,-0.19809993
254349,Astro,0.22218977,-0.49305195
157071,Endo,0.14489983,0.2825206
202575,Micro,0.40572453,0.25558406
236881,Peri,0.15059702,-0.27110803
259575,Oligo,-0.27625453,-0.30256924
202656,Peri,0.26122606,0.3082735
261404,L5 ET,-0.008575538,0.010811554
156761,Astro,0.20516346,-0.41601598
188726,Astro,-0.045165695,0.06400578
150711,L5 IT,-0.26646727,-0.44945422
110111,L2/3 IT,0.24521272,-0.21667872
110114,L6 IT,-0.24407972,-0.37584484
259685,Micro,-0.02675105,-0.32528618
110132,L5 IT,0.08180737,-0.063553736
150674,L2/3 IT,0.19607256,0.019925343
239570,Oligo,0.12911151,-0.055032626
202293,Oligo,-0.19091155,-0.41817617
156532,L5/6 NP,0.007213494,0.19405638
199282,L4/5 IT,0.13204198,-0.25053164
186781,SMC,0.3300041,-0.099164024
238270,L6 IT,-0.3817426,-0.39476687
110247,L2/3 IT,0.39053422,0.47313076
110181,Pvalb,0.022960356,0.101790294
202455,L6 CT,-0.3994633,-0.3450728
259679,L5 IT,-0.26953614,-0.30735546
156683,Sst,-0.27371478,-0.42130637
245310,L6 CT,-0.12815793,0.11647229
156759,L4/5 IT,0.21354847,0.15502463
119482,L4/5 IT,-0.042038895,-0.41190362
109778,Oligo,-0.4310271,-0.3886547
188748,VLMC,0.37990624,-0.08985703
261391,L4/5 IT,0.17053203,0.18591468
253273,L5 IT,0.16985391,0.4343658
109804,L2/3 IT,0.30136,-0.07601221
109819,L2/3 IT,0.21012895,0.022545205
109872,L2/3 IT,0.32051927,0.21140675
259660,Astro,0.4041019,0.1660754
150648,Peri,0.18137692,0.41770953
253263,L4/5 IT,0.18434899,0.17774652
109930,L6 CT,-0.16594322,-0.076854035
236878,L5 IT,0.18862627,0.46026438
186806,Peri,-0.21999504,-0.49203324
202658,L2/3 IT,0.021496942,-0.43116087
109100,L2/3 IT,0.16288333,-0.16809912
202885,Oligo,-0.37936753,0.36655676
120429,Endo,0.33089083,0.4784162
188956,VLMC,0.3795008,-0.09232895
198906,SMC,0.15864669,-0.3836815
120406,L6 IT,-0.25204438,-0.040568754
157564,Astro,0.019351384,-0.4801032
120459,Peri,-0.15259011,-0.3167945
202854,L2/3 IT,0.29099786,-0.04655452
150143,L6b,-0.26577792,-0.019794209
198937,L4/5 IT,-0.13437183,-0.4984083
120317,L6 CT,-0.1885937,-0.24971636
157531,Oligo,-0.34934694,0.4767061
261597,L4/5 IT,-0.016859272,-0.32479772
157511,L6 CT,-0.33167806,-0.35056365
120358,L6 CT,-0.17586981,0.07231401
202836,L5 ET,0.0877487,0.41423965
188959,Astro,-0.36001217,0.44958055
108347,Sst,-0.14524336,-0.20130046
120624,PVM,0.18111883,0.11671065
198852,L6 CT,-0.19532491,0.23594533
236893,L5 IT,0.09353798,-0.07229282
108201,Peri,0.046463184,-0.114889845
157756,Oligo,-0.14234187,0.3426479
120534,OPC,-0.1434697,-0.25705278
253068,VLMC,0.4247108,0.15735488
7706,L5 IT,0.11128896,0.15239643
150031,Oligo,-0.19519691,-0.44277215
186356,L6 CT,-0.04856617,0.3464108
108306,Pvalb,0.30888802,-0.059250608
188971,L2/3 IT,0.17992322,-0.27196962
108318,L4/5 IT,0.04923462,-0.2512418
150060,L6 IT,-0.0439798,0.055834875
108264,Astro,-0.1125497,-0.27649245
120000,Lamp5,-0.18335454,0.16743897
188936,Oligo,0.17142932,0.37754434
108610,L6 CT,-0.37217844,-0.42423445
157275,PVM,-0.12996815,0.2960384
108871,OPC,0.36378318,0.10172014
157265,L5 IT,0.1878094,0.36345482
108908,Oligo,-0.4380216,-0.30362487
150307,L4/5 IT,0.07318329,-0.16267602
157258,L2/3 IT,0.35006833,0.41587508
259533,SMC,0.3913849,0.24999468
202724,Oligo,0.07645946,0.050663874
109036,L6 IT,-0.20711182,-0.30956614
109038,Oligo,-0.22977106,0.2570116
157210,L6 CT,-0.21767254,-0.20558073
120016,L5 IT,0.093781166,0.16512333
199025,L5 IT,-0.13747375,-0.33395505
120003,Micro,0.010207972,0.29275733
120077,Micro,-0.073510416,0.07684539
108584,L2/3 IT,0.38176543,0.31266016
150271,L6 IT,-0.43301332,-0.37253124
108818,Endo,-0.4562629,-0.37373242
150177,Astro,-0.0078024063,-0.13492002
186456,Endo,0.27921063,-0.0062554013
238298,Astro,0.010925731,0.27267736
150222,L2/3 IT,0.31262445,-0.02142225
238010,L5 ET,0.0434696,-0.03156455
157392,L4/5 IT,0.098955564,-0.1604143
108819,L5 ET,0.15577511,0.38675344
108752,L4/5 IT,0.1449878,-0.120157644
157363,L5 IT,0.004438987,0.11263774
157356,L5 IT,-0.15215187,-0.39692074
157354,Sst,-0.15611522,-0.35330278
198985,L2/3 IT,0.1769986,-0.076508686
202756,L6b,-0.15937774,0.1709098
198987,Micro,-0.13207982,-0.36975563
245897,Oligo,-0.36333835,-0.31855103
151406,L2/3 IT,0.24236868,-0.021063311
119267,L6b,-0.47736445,-0.3112141
7444,L4/5 IT,0.105394535,-0.11604695
111538,L2/3 IT,0.24056725,-0.09753589
261093,L5 IT,-0.24503951,-0.47472012
253503,Endo,-0.15952526,-0.12670173
111617,Vip,0.3349412,0.4450481
7322,L5 IT,-0.26201558,-0.25699228
7318,Endo,0.23120134,0.22946595
261099,Peri,0.3082475,-0.2829821
187115,L6 CT,-0.22283043,0.08982365
155462,L6 CT,-0.17560877,0.017719196
188529,L5 IT,0.038138263,-0.070306614
7303,Peri,0.17020254,-0.06013836
187128,OPC,-0.08054919,0.19212304
279217,Astro,0.2649386,0.030853676
151279,L4/5 IT,0.19454984,0.22528313
188531,L2/3 IT,0.30677038,-0.0669847
111782,Astro,0.42300546,0.32246608
155543,Pvalb,-0.47928107,-0.48188215
151193,L5 IT,0.09766906,0.08484219
155717,L5 IT,0.1607968,0.37631786
199432,L2/3 IT,0.19415782,-0.21822445
254242,L6 CT,0.07957714,0.4279493
247590,Astro,-0.34248066,0.021868574
111285,L5 IT,-0.15921037,-0.3888059
187049,SMC,-0.15967537,-0.45424554
155547,L6 IT,0.020389667,0.42609513
155642,L4/5 IT,0.10706138,-0.042947665
111335,Peri,-0.33681494,-0.2531999
118623,SMC,-0.15759335,-0.45901707
155624,Sst,-0.36489943,-0.1779174
188557,L6 CT,-0.36767513,-0.29744798
259803,Pvalb,-0.42570242,-0.4627056
201850,L4/5 IT,-0.04394967,-0.46165037
261125,L5 IT,0.046054237,0.1465094
111266,L6 IT,0.034958594,0.21181004
155425,L6b,-0.19167145,0.39814025
201772,L5 ET,0.16955487,0.3251174
112070,L2/3 IT,0.3603022,0.47069967
151368,L6 CT,-0.23006482,-0.14033012
155195,L2/3 IT,0.09238618,-0.3779943
112115,Oligo,-0.0032979045,0.16123877
201671,Peri,-0.37953478,-0.20801531
188497,Endo,0.077618174,-0.2721434
188499,L6 CT,-0.06398586,0.4886822
6505,L2/3 IT,0.20338617,0.08267151
112168,L4/5 IT,-0.03891418,-0.48374096
201647,L2/3 IT,0.07199656,-0.3849106
155147,L6 IT,-0.04772214,0.38760352
188492,Oligo,-0.36909825,0.4180795
2475,L5 IT,0.1344152,0.39968628
155112,L5 IT,0.1384639,0.16360013
112163,L5 ET,-0.06169922,-0.0033331644
118485,L6 CT,-0.19145174,0.49132538
6497,L5 IT,0.14395271,0.4813391
111980,L6 IT,0.054260664,0.29523492
2969,L6 IT,-0.12982704,-0.10044871
155396,L5 IT,0.22660236,0.4208004
253547,Oligo,-0.31029794,-0.14345606
261022,L5 IT,-0.025736282,-0.2845953
111854,Astro,0.052290313,0.1057639
151301,L5 IT,0.09621101,0.11050354
2466,L5 IT,-0.32852954,-0.463415
245453,Peri,-0.43910354,-0.4298629
2966,Astro,0.36509252,0.35990632
151314,Oligo,-0.022972861,0.43165344
254200,Astro,0.3518548,0.4655196
118387,L5 IT,0.21900056,0.3968184
201720,L5 ET,-0.1109424,-0.28702718
7297,L4/5 IT,0.15549837,0.09413533
111869,L6 CT,-0.059150703,0.24398486
110272,Astro,0.38000965,0.024046885
118731,Oligo,-0.2887613,-0.044609085
111220,L5 IT,0.04107993,0.033227906
110537,PVM,-0.34579015,-0.20155974
150896,L2/3 IT,0.32827014,0.17079799
245362,L6b,-0.1792426,0.35024446
245364,PVM,0.043310516,-0.17289276
110586,L6 CT,-0.25809744,-0.37303865
119087,L2/3 IT,0.32093084,0.052644655
259714,Endo,-0.32756358,-0.40107983
2360,Astro,0.14605652,-0.46211022
188644,SMC,-0.23704658,-0.41670462
156184,L2/3 IT,0.17107682,-0.44431844
110695,VLMC,0.4844203,0.41304147
156156,L2/3 IT,0.19284885,-0.1384029
156147,Vip,0.38903856,0.42010772
110758,Endo,0.029308846,-0.48062924
6414,L6 IT,-0.22493286,-0.34584823
202110,L6 IT,-0.09875227,-0.13807921
156258,Pvalb,0.15269153,-0.092158064
150879,VLMC,0.31825727,-0.32478464
245347,Micro,-0.11002163,0.2418143
119264,Endo,-0.16712026,-0.2777983
119243,L5 IT,-0.09206978,-0.099994466
261292,Micro,0.08650368,0.16022639
110379,L4/5 IT,-0.061615236,-0.44597402
3028,L6b,-0.24726401,0.035879835
156261,Oligo,0.076409034,0.2975049
119199,Astro,0.31419414,-0.29747656
110440,L5 IT,0.090372436,-0.062242225
110457,L5 IT,-0.23572345,-0.39406618
199300,L6 IT,-0.019945452,0.27807337
188667,OPC,-0.26368892,0.20571671
119148,Oligo,-0.27056694,-0.17618309
156279,VLMC,0.31110072,-0.34157252
188681,L5 IT,0.20699827,0.35523885
118733,L6 CT,-0.22472169,-0.03993763
156142,L5 IT,-0.05165068,-0.260171
186893,Pvalb,-0.06335337,-0.19218896
110996,Vip,0.12598483,-0.44603
2986,L6 CT,-0.38650173,-0.32005936
155903,Vip,0.3532679,0.34129417
118857,Oligo,-0.47096846,-0.26278663
259757,OPC,-0.3782439,0.39422983
155860,L2/3 IT,0.058531933,-0.50481963
118883,L5 IT,0.09068637,-0.01633851
201991,Sst,0.067648225,0.1275252
155807,L4/5 IT,0.12996672,-0.047515735
259777,L6 CT,-0.24222748,0.01922934
155755,L2/3 IT,0.39097506,0.39030027
111178,L5 IT,-0.3152638,-0.39613506
118747,L4/5 IT,0.12095039,-0.0534216
111208,L6 CT,-0.02278609,0.34843326
151094,Astro,-0.4281645,-0.29266882
150950,Peri,0.19621335,-0.17053021
110975,Pvalb,0.014095744,-0.17315228
6431,Endo,0.033172183,0.04874067
186912,L6 CT,-0.42347243,-0.328995
118995,L5 IT,0.013837835,-0.24255352
253401,Micro,0.00051941536,0.30335534
156056,Astro,-0.3539695,0.46081436
118973,L5 IT,-0.15665741,-0.27330413
110850,Oligo,0.0759049,0.09262781
261203,Astro,-0.42702135,-0.2717572
156011,Lamp5,0.27688766,-0.27255115
118929,L2/3 IT,0.12959252,-0.32736644
110883,L4/5 IT,0.2169091,0.24256639
151014,Astro,0.09646743,-0.47368175
110949,L5 ET,-0.22350834,-0.42150605
7375,L4/5 IT,0.081831686,-0.24284367
151018,L2/3 IT,0.28357118,-0.21397744
202070,Astro,0.23255996,-0.37447494
99645,L6 IT,-0.40491167,-0.4133621
99619,L6 CT,-0.19868185,0.12280367
197653,L6 IT,-0.004685173,0.3471458
209277,L5/6 NP,0.1419829,0.20414267
195579,L5 ET,-0.05499894,-0.14335321
130399,Oligo,-0.13305663,-0.47816762
143848,L4/5 IT,0.18454956,0.072913334
143869,Pvalb,-0.019692907,0.36124933
997,Astro,0.11101913,0.055087075
88468,L4/5 IT,0.028313925,-0.39104795
5168,L2/3 IT,0.299896,0.024933325
88600,L2/3 IT,0.32358986,0.37017512
169773,L2/3 IT,0.041464917,-0.39586014
248781,L6 CT,-0.029043535,0.37760442
3710,L6 CT,-0.1431665,0.23985861
191037,L4/5 IT,0.0118372645,-0.31702423
251012,L2/3 IT,0.10344588,-0.35993868
278568,Peri,-0.05276651,0.2595328
191034,Pvalb,-0.22570796,-0.2926808
239402,Oligo,-0.32461444,0.35642886
169795,L5 ET,-0.002032021,0.25833422
257679,L5 IT,-0.11586655,-0.044865474
88232,Lamp5,0.24557434,-0.37071076
255590,PVM,0.20383565,0.12194155
88249,L2/3 IT,0.20879881,-0.39299154
195544,Astro,-0.033089228,0.076401874
235660,Lamp5,0.13622968,-0.39620167
88433,L2/3 IT,0.047974102,-0.46794495
88291,Vip,-0.19166012,-0.2842609
209320,Astro,-0.2204278,0.4680788
169816,Oligo,-0.3731972,0.35563332
278565,L5 ET,-0.11713154,-0.41007435
130427,Peri,0.40986484,0.4396088
130421,Endo,-0.23800345,0.2571643
143843,L5 IT,-0.090578444,-0.29114056
195560,L4/5 IT,0.11984157,0.0099694
88172,Endo,0.054177634,-0.30176562
88710,Peri,-0.19839181,-0.2711078
143936,L5 IT,-0.3398075,-0.36344922
279735,Oligo,0.08909016,0.39308655
237764,L5/6 NP,-0.09627024,0.19528507
88956,L6 IT,-0.067077406,0.29994172
89009,PVM,-0.15879749,0.47383446
89027,L2/3 IT,0.2573434,0.27617943
169477,Oligo,-0.2742976,0.30677748
257758,L2/3 IT,0.21862821,-0.1587656
89039,L2/3 IT,0.3433392,0.2945577
130080,PVM,-0.19664095,-0.24556728
130067,Pvalb,0.081881694,-0.23535179
143984,Oligo,0.14219187,-0.023283048
169420,L4/5 IT,-0.077697314,-0.39442438
191008,L6 IT,-0.33708966,-0.30703515
143991,Astro,0.39326894,0.2909689
278571,PVM,-0.22716005,0.4325624
88744,L2/3 IT,0.33989763,0.31376952
88939,L2/3 IT,0.19726364,-0.23096646
169557,L6b,-0.38464186,-0.23739223
169651,L2/3 IT,0.28088307,0.29484284
130253,Endo,-0.030115435,-0.12744732
169648,L5 IT,0.1553803,0.15633146
264924,Micro,-0.2748467,-0.38519287
195632,L2/3 IT,0.33946168,0.036980912
143939,L2/3 IT,0.30450398,-0.050191715
88913,Astro,0.3590654,-0.04820563
195633,L6b,-0.1692221,0.39660144
88826,L4/5 IT,-0.10661099,-0.47914255
244202,Peri,0.21260552,0.07415442
88866,Lamp5,0.32221323,-0.08829804
264920,L5 IT,-0.017751196,-0.28769296
130203,Pvalb,0.2541917,0.48137558
264919,Lamp5,-0.40281248,-0.24085523
169599,Oligo,-0.15862145,0.33011872
169379,Astro,-0.28871608,0.43212515
130573,Endo,-0.0285858,-0.019069714
88149,Astro,-0.053504355,-0.05525534
170236,L6 CT,-0.17257316,-0.12551524
87402,L5 IT,-0.096697725,-0.28700536
195436,L4/5 IT,0.26631242,0.4752304
195440,Peri,-0.24624492,0.41102237
87421,L5 IT,0.15370815,0.23596399
182244,L6 CT,-0.42355314,-0.50280863
87371,Oligo,-0.13842805,0.26330316
250907,L2/3 IT,0.3011132,-0.045790806
235626,L5 IT,0.15486471,0.1932178
246493,L4/5 IT,0.03846311,-0.3126955
130845,L4/5 IT,-0.11195765,-0.45723006
244136,Astro,-0.301983,0.3799228
244137,L5 ET,-0.023688743,-0.24910064
250933,Peri,0.044894867,-0.0023370516
170148,L6 CT,-0.08666087,-0.013984336
143710,L2/3 IT,0.06836378,-0.35682154
961,L6 CT,-0.015012631,0.39950013
9996,L5 ET,-0.18825965,-0.40971655
191118,Astro,-0.18860526,-0.32279652
143596,L2/3 IT,0.20769946,-0.27974117
87135,L4/5 IT,0.24028485,0.31611973
131060,L4/5 IT,-0.03855992,-0.37914896
209720,L4/5 IT,0.24278407,0.20658813
143610,Pvalb,-0.22712828,0.046502933
209636,Astro,0.42144942,0.28334397
182197,Astro,0.346865,0.24938808
170357,Micro,0.38497514,0.20677613
170343,Peri,-0.16188724,0.44678646
265172,L6 CT,-0.36310136,-0.24438868
130923,L2/3 IT,0.28328454,0.072231695
170313,SMC,0.11325019,0.28620267
5104,Lamp5,0.23424296,-0.38055712
143614,L4/5 IT,0.009331724,-0.3280381
169913,L2/3 IT,0.27291095,-0.10325749
246485,L2/3 IT,0.1758822,0.0016014446
87617,Endo,0.06430053,0.4740249
209432,L6 CT,-0.19308616,-0.122664705
209431,L6 IT,-0.045866974,0.33841115
87958,L4/5 IT,0.2391545,0.23143052
265067,L6 CT,-0.20871471,0.48119724
169944,L6 CT,-0.25487137,-0.23061426
87985,L2/3 IT,0.11773764,-0.50558764
237752,Endo,-0.12583168,0.15741108
3728,L5 IT,0.0072171297,0.05075513
88007,L5 IT,-0.3221143,-0.3972874
88011,L2/3 IT,0.34556746,0.22684489
130627,L4/5 IT,-0.018999794,-0.33582777
257676,L2/3 IT,0.118747525,-0.31244916
3721,L2/3 IT,0.32391363,0.12325595
130578,Pvalb,-0.094564565,-0.48106658
257675,Endo,0.13351427,0.08197312
87603,Oligo,-0.31189895,-0.08512424
130680,L6 IT,-0.30713373,-0.15535034
87822,Endo,0.49012446,0.44418287
130800,L4/5 IT,0.13096659,0.038849995
87657,Oligo,-0.28002232,0.08532761
265103,Oligo,-0.3201882,0.3520329
209497,L5 ET,0.1607254,0.29724693
195467,Micro,-0.38168114,-0.422516
87695,Astro,0.3686583,0.44486117
130707,L5 IT,0.088192396,-0.022592587
9933,Endo,-0.040629305,-0.23351933
130710,L6 CT,-0.104386605,0.19509928
87771,L6 CT,-0.44311768,-0.38212052
182336,L2/3 IT,-0.014038602,-0.48398328
130709,L5/6 NP,-0.01974968,-0.128175
87803,Oligo,-0.32246447,0.39239627
209451,L5 IT,0.042135827,-0.1640818
170036,Astro,-0.0656218,0.07985036
182181,L5 ET,0.03503447,0.20688073
1073,L6 CT,-0.1074946,0.49137026
182562,Oligo,-0.27860332,0.34794432
90616,L6 CT,-0.3577816,0.49252427
168418,Pvalb,0.12370568,-0.3201978
90622,Astro,-0.3747662,-0.18344803
129268,L6 CT,-0.106209435,0.40225756
5278,Oligo,-0.2487363,-0.38840488
90643,Oligo,-0.26751024,-0.14114837
9642,L2/3 IT,0.12826692,-0.43928665
182893,PVM,-0.46784514,-0.3512987
129158,L6 IT,-0.22209759,0.07052337
90758,L6 CT,-0.23084088,-0.38391775
144528,L5 IT,0.0664733,0.19377975
208614,L5 IT,-0.22139399,-0.40488523
182932,L2/3 IT,0.25699556,0.02233045
90839,L6 CT,-0.09295536,0.2304052
182911,L2/3 IT,0.08842366,-0.3133371
129134,L4/5 IT,-0.012958178,-0.31586212
144463,L6 CT,-0.14929499,0.43772638
129327,L6 IT,-0.0050776396,0.43241948
182809,L2/3 IT,0.30297256,0.24917589
144397,L4/5 IT,0.09654813,-0.25542057
90412,L5 ET,0.21178673,0.40026915
129389,Astro,-0.12943529,0.071912155
129378,Endo,-0.1202345,0.19029437
90425,L4/5 IT,0.1336826,0.08931528
257913,VLMC,0.34101892,-0.2676682
90436,L6 CT,-0.106521286,-0.14218207
144403,L6b,-0.2530268,0.03600149
168480,L5/6 NP,0.024892857,0.05125557
195920,Pvalb,-0.45332226,-0.4783187
208685,VLMC,0.25440478,-0.46538705
195927,L6 CT,-0.29557705,-0.23644464
168428,OPC,0.06174665,-0.18895741
90439,L5 IT,0.13942586,-0.05568002
144395,L4/5 IT,-0.035668112,-0.43276605
190793,L6 CT,-0.16592069,0.3081389
90897,Micro,0.25191826,0.06484239
91127,L4/5 IT,0.07366835,-0.1922019
168139,L5 ET,-0.046798714,0.27832794
168112,Peri,0.25271904,0.29014456
257981,Sst,-0.4718926,-0.45877072
168090,Peri,-0.14313774,0.20854901
251285,Astro,-0.01663641,-0.48814684
91119,Micro,0.17834209,0.11901836
144698,SMC,-0.057541735,-0.20395277
144720,Astro,0.38164616,0.3705244
128990,L6 IT,-0.35828945,-0.28242683
244297,OPC,-0.47668117,-0.39733446
1240,L2/3 IT,0.1364939,-0.40447935
91273,L6 IT,-0.26348963,-0.10583781
258007,L5 IT,-0.08608795,-0.11398552
196067,Endo,-0.035542436,0.15838091
1202,L2/3 IT,0.12285685,-0.36968243
251274,Peri,0.36183172,0.37365985
264529,OPC,0.2262073,-0.10065673
90906,L2/3 IT,-0.022678385,-0.50316554
90915,L6 CT,-0.2664349,-0.054012194
144622,L6 CT,-0.25920087,0.4584129
182969,L6 CT,-0.104498155,0.06630938
90999,L5 IT,-0.0108587835,0.110997364
144629,L6 IT,0.06388121,0.29456687
91106,OPC,-0.13704883,-0.37281358
129090,Oligo,-0.27061483,0.30480295
91044,L5 IT,-0.059369482,-0.32765433
208541,L6b,-0.22580935,0.37997448
91058,Micro,0.09153902,-0.34819302
257963,L4/5 IT,-0.03529785,-0.38739285
91079,L4/5 IT,0.032686166,-0.25317228
9612,Endo,-0.29042947,-0.15699981
208546,L2/3 IT,0.15930836,-0.26806957
5190,Micro,0.019018164,0.16413926
90374,Endo,0.17962937,0.0377665
5264,Astro,-0.05745495,0.15582936
144143,Oligo,0.22806261,0.35557592
169046,Endo,0.07110136,-0.35215285
190922,L5 IT,0.0643537,0.2167766
129814,Micro,0.1497954,0.22530608
89641,L5 ET,-0.26326513,-0.5053515
129783,L6 IT,0.25681263,0.2151163
182637,L6 CT,-0.09269536,0.14282744
144193,OPC,-0.11453233,-0.1428426
89681,Peri,0.22764419,-0.021754993
129721,Lamp5,0.13326852,0.4074995
89750,Lamp5,0.073069505,-0.36913764
264752,Astro,0.18095075,-0.08620368
251144,L6 CT,-0.123617925,0.3626415
251145,Micro,-0.41363075,-0.3070014
89680,L6 CT,-0.1809101,-0.08417772
129675,Endo,0.32688338,0.039199993
264776,L5 IT,0.091904156,0.11459951
5219,L6 CT,-0.32773364,0.46831214
1081,Pvalb,-0.11551181,-0.36314988
169273,PVM,-0.31492996,-0.040669933
144052,L2/3 IT,0.33255398,0.42459357
89304,L5/6 NP,-0.08437411,0.018802928
89313,L6b,-0.2044938,0.28655207
169224,OPC,-0.22767867,-0.39422083
89566,L6 CT,-0.17997976,-0.2430724
89354,OPC,-0.040630586,0.32280904
144093,L6 CT,-0.19990359,-0.30703247
89411,Astro,-0.16983907,-0.05301474
129895,L6 IT,-0.29754356,-0.1681134
9749,VLMC,0.5157301,0.43406487
89419,L2/3 IT,0.25849438,0.19595258
195743,Astro,0.28993177,-0.34543544
89359,L2/3 IT,0.31817925,0.18319015
5267,L2/3 IT,0.2266982,-0.31362712
182681,Oligo,-0.17055856,0.44893652
89823,L5 IT,-0.04292471,-0.3017086
90036,L6 CT,-0.30397844,-0.38100567
244248,Micro,0.049276702,-0.0752051
168756,L5 ET,0.08883142,0.4172284
168752,L2/3 IT,0.41547966,0.4836405
255479,L6 CT,-0.3515066,-0.42892784
90085,L4/5 IT,0.026493778,-0.37579352
144306,Pvalb,0.09700739,-0.48123538
264692,Astro,-0.03123931,-0.23969348
208772,Sst,-0.3029111,-0.3499232
90175,L5 ET,-0.054105528,0.1816356
182801,L4/5 IT,0.21019797,0.25604743
90306,Endo,-0.25363582,-0.242142
208728,L6 IT,-0.15182893,0.11163585
168631,L6 IT,-0.2193455,0.057455406
239283,L5 IT,-0.07545424,-0.113273636
190912,L4/5 IT,0.08742618,-0.0023093354
168772,Oligo,-0.4194105,-0.44968796
182743,Micro,0.34467077,-0.0060237776
89836,L6 CT,-0.3764957,0.49249864
89861,L4/5 IT,0.25213236,0.30811638
168905,L2/3 IT,0.203378,-0.013602985
208881,L4/5 IT,0.11654895,-0.10601832
168903,Endo,0.022705724,-0.32276723
251159,Astro,-0.19775163,-0.04072
182745,Sncg,-0.06979177,0.15660541
129644,L6 IT,0.15608613,0.4925815
129604,L6 IT,0.07666247,0.20966356
144247,L2/3 IT,0.3470232,0.3258198
89953,Endo,0.00926291,-0.22668459
168840,Astro,-0.31712645,-0.18266721
235718,Oligo,-0.26763368,-0.48188987
129588,Pvalb,0.032994978,-0.4268773
182717,Micro,0.3300841,-0.17191477
128955,L4/5 IT,0.15245275,0.15082978
209789,L4/5 IT,-0.029538909,-0.4750854
5091,L2/3 IT,0.10341387,-0.5028633
172474,Peri,-0.31707564,0.48711264
83982,L6 CT,-0.2389986,-0.23383163
84019,Astro,-0.014726469,-0.38097176
265782,Peri,-0.17452975,-0.36712283
4974,L5/6 NP,0.20989911,0.4921959
194857,L5 ET,0.020687273,0.30985653
10378,L6 IT,-0.102105565,0.058437213
250478,L2/3 IT,0.30535185,0.2675922
243921,Astro,-0.3427512,0.45509225
172413,L2/3 IT,0.23407464,0.007270204
84050,L4/5 IT,-0.1594239,-0.4785449
132394,L5 IT,-0.33355767,-0.4364352
84099,Endo,0.26437432,0.49205494
142789,L2/3 IT,0.046030037,-0.49436522
4981,Sst,-0.017853031,-0.07833658
84134,Oligo,-0.35727045,0.44068813
194828,Oligo,-0.17514996,-0.1649342
142754,Oligo,-0.27250153,0.30150348
181403,Sst,0.17194341,0.4426729
265820,L6 CT,-0.3046003,-0.36345655
735,Astro,-0.28261396,0.19740121
83777,L4/5 IT,0.3479457,0.46310973
172590,L5/6 NP,-0.412701,-0.4955392
83785,L5 ET,-0.18451379,-0.41142014
83932,L6 IT,-0.0054248963,0.06630652
210856,L5 IT,0.11969059,0.2965967
250457,L6 IT,-0.36928946,-0.2847357
194813,L6 CT,-0.12492249,0.12812243
243911,Pvalb,-0.2231674,-0.121511474
246551,L6 IT,-0.055654116,-0.047514066
172501,L2/3 IT,0.30787933,0.013279306
246549,L6 CT,-0.1531002,0.4781071
83812,L4/5 IT,0.1786447,-0.04370962
257328,Oligo,-0.07327599,0.112026855
764,Astro,0.089491956,-0.25057256
84215,L6 IT,-0.040778585,0.1665502
84553,L2/3 IT,0.21415155,-0.3813504
181540,VLMC,0.25919563,-0.45477155
132200,Astro,0.13760959,0.22346108
172140,OPC,-0.1973344,-0.16994216
84625,Endo,0.14152555,0.262774
132175,Vip,0.14709036,-0.50479984
265703,Pvalb,0.16845797,0.08758305
84631,L4/5 IT,0.21085487,0.1369807
84660,L5 IT,0.07483613,0.2011932
265683,Vip,-0.1427209,-0.26373273
132129,L6 IT,-0.1501904,0.22721915
84736,L5 IT,0.13740067,0.16923831
785,Endo,0.32447416,0.08077048
142975,Oligo,-0.19104867,0.3728912
132172,Oligo,-0.28662905,0.33662182
10365,Endo,-0.36522248,0.38439232
210636,Astro,-0.14744194,0.47093982
84501,L2/3 IT,0.28060454,-0.115351066
10356,Endo,0.11407714,-0.2649231
172326,Lamp5,-0.019417265,-0.027499242
265755,L6 CT,-0.1157091,-0.026404573
84287,Vip,-0.33325607,-0.46955734
84325,Lamp5,0.009233853,-0.42917457
769,Oligo,-0.16872452,0.12908904
84512,L6 CT,-0.20340626,-0.26921976
84398,Lamp5,-0.09147806,-0.07106678
84465,Oligo,-0.20260991,-0.035994276
172222,L6b,-0.29829085,0.43844378
172205,Endo,0.416816,0.22345345
265717,Endo,0.31372076,0.03585832
132255,L2/3 IT,0.12223404,-0.20443313
84497,Endo,-0.118733354,-0.12618671
132264,VLMC,0.32995248,-0.30147976
172026,Astro,-0.01987944,0.12272273
181400,Astro,0.28610182,0.3225649
142652,Micro,0.4417472,0.33197433
248994,L6 CT,-0.086479254,0.47759163
83134,Astro,0.038811974,-0.2187381
255793,L5 IT,0.13301562,0.33766997
211084,L4/5 IT,0.12105095,0.0010487307
83192,L4/5 IT,0.031162849,-0.29241613
194704,Endo,0.12717526,-0.1162553
4936,Oligo,-0.010215769,-0.33159536
132811,Astro,0.37300265,-0.020824147
132790,VLMC,0.4419775,0.24338232
172964,Astro,0.012614092,-0.44051164
211076,Astro,-0.45215753,-0.24817406
83298,L2/3 IT,0.24644731,-0.08158757
172934,Micro,0.1903808,-0.13006242
132766,L5/6 NP,0.06329011,-0.023617787
172997,L6 CT,-0.17472188,0.30793178
265904,Sst,-0.22300832,-0.45181662
132927,L6b,-0.27678517,-0.055884823
173096,L4/5 IT,-0.03067399,-0.43318287
181215,Oligo,-0.36207327,-0.050131723
173163,Pvalb,0.21245568,0.44020957
82836,L6 IT,-0.38011318,-0.25638908
257264,L4/5 IT,-0.047928073,-0.4440709
278445,L5 IT,0.046199195,-0.12447505
265996,L4/5 IT,0.2669934,0.4218101
181258,L4/5 IT,0.14952438,-0.04429643
82886,L6 IT,-0.18681715,0.15870957
211158,L6b,-0.24038048,0.07216941
211157,L2/3 IT,0.34744924,0.39081454
132990,L5 IT,0.1483398,0.47703087
173103,Astro,-0.30268055,-0.0139008
194682,L6 CT,-0.16233684,0.1354147
235507,L2/3 IT,0.07803618,-0.50075847
211166,Oligo,-0.3622959,-0.3159433
83726,Endo,0.010727277,0.35122967
83322,L5 IT,-0.18272145,-0.3321751
243873,L2/3 IT,0.11614107,-0.3974901
83552,L6 IT,-0.30656305,-0.2551492
235513,L2/3 IT,0.16246544,-0.28051066
257313,Pvalb,0.20309065,0.011459814
181393,L5 ET,0.033300452,0.37639177
132623,L4/5 IT,0.17942612,0.26423514
239114,OPC,0.4077214,0.3113823
194762,VLMC,0.24346559,-0.48875722
142617,L4/5 IT,-0.0018414948,-0.4157976
210904,Endo,-0.0104794,-0.4358389
83665,L6 CT,-0.34214813,-0.2402154
83676,Endo,0.41287732,0.30031955
83685,VLMC,0.42670226,0.16463427
210894,L2/3 IT,-0.0064696763,-0.42457658
142633,L6 CT,-0.36240453,-0.41184217
4966,L5 IT,-0.020522574,-0.0346009
132759,L6 CT,-0.2742765,-0.37891868
83545,Peri,-0.4170442,-0.4055364
210946,L4/5 IT,0.17888694,0.19253807
83349,L6 CT,-0.22065626,-0.16894968
181302,L6 CT,-0.21306361,-0.22228076
83393,Endo,-0.23072965,-0.20554237
83395,L6 IT,-0.08083699,0.38196027
211040,L6 CT,-0.25466448,0.47065347
142523,L4/5 IT,0.0131972935,-0.39221382
172821,Astro,0.50696695,0.47922486
83418,L4/5 IT,0.29336542,0.47619283
172853,L5 IT,0.08092486,0.30148625
211001,L6 CT,-0.15947716,0.14028548
172844,L4/5 IT,0.0923863,-0.2882967
191425,L6 CT,-0.3167285,0.48384088
172828,Endo,0.2063012,-0.089662924
83502,VLMC,0.41585153,0.09380512
142524,Astro,0.28377467,0.16900711
131118,L6 IT,-0.17790253,0.182564
132090,L6 CT,0.02798461,0.38205248
171990,L2/3 IT,0.41321486,0.48872882
195229,Endo,-0.3699029,-0.21363099
170895,Endo,0.08303218,0.05191122
265343,Micro,-0.07793314,-0.23630206
170891,Endo,0.30173165,0.14247833
238768,L4/5 IT,0.22858612,0.36011267
143373,L2/3 IT,0.3660224,0.31801444
131422,L6 CT,-0.27177012,-0.18313317
170859,PVM,0.33553493,-0.09907599
257519,Oligo,-0.30584085,0.3719924
86463,Oligo,-0.22018413,0.44590712
86469,Oligo,-0.21523066,-0.4299594
246511,Pvalb,0.06768679,-0.30377543
131344,L2/3 IT,0.0046109166,-0.47291324
904,L2/3 IT,0.14130257,-0.23210703
191199,L5 IT,-0.34755564,-0.50514346
86493,L6 IT,-0.24515946,-0.2036248
170937,L2/3 IT,0.15278588,-0.22153108
86274,Endo,0.37885606,0.33255994
210144,L5 ET,-0.011881033,0.26465988
195167,Oligo,-0.14490579,-0.4079839
131554,Peri,-0.08582667,0.17471658
171017,L4/5 IT,0.27028352,0.45847362
86161,Endo,-0.042054065,0.15983222
131501,L6 IT,-0.36680505,-0.27914035
877,Astro,0.32717174,-0.026575817
210112,L6 IT,-0.17245848,-0.06750105
210103,L6 IT,-0.009148905,0.43883395
246519,L5 IT,0.13189737,0.31943923
195206,L6 CT,-0.15694381,-0.016016705
170974,L6 CT,-0.19543238,-0.037218437
210094,L6 CT,-0.157782,-0.09701203
86260,Pvalb,-0.0015320871,-0.044090196
86181,L6 CT,-0.047384597,0.43399084
181909,Peri,0.11954271,0.17146038
265311,Astro,0.12462842,-0.07259597
250799,L5 IT,0.054438762,0.1835659
86817,L6 CT,-0.22602265,-0.28685468
209866,Sst,-0.28167358,-0.5048608
250828,L6b,-0.35434583,-0.17931624
131196,Micro,0.3902707,0.37593704
170531,L4/5 IT,-0.028958509,-0.506793
265242,OPC,-0.22161181,-0.028884126
86812,Oligo,-0.22930165,0.1936342
182143,VLMC,0.38478333,-0.059660807
250838,Oligo,0.24140881,0.28727746
209810,L6 CT,-0.23830934,-0.12920626
244096,L2/3 IT,0.1770669,-0.1622337
143574,OPC,-0.20350952,-0.22775264
86993,Oligo,-0.31539485,0.333858
195322,Sst,-0.092827,-0.44990632
143570,L2/3 IT,0.09691303,-0.4027974
86518,L2/3 IT,0.3048489,0.029495286
131240,L4/5 IT,0.047750525,-0.3222409
238763,Endo,-0.15285678,0.08761154
143461,Oligo,-0.20282729,-0.014668388
86564,L2/3 IT,0.352723,0.43288767
170746,L6b,-0.33010978,0.45115566
265293,L2/3 IT,0.33963245,0.11039071
209943,L2/3 IT,0.36480403,0.19681315
131284,L4/5 IT,0.21383862,0.3349136
131256,L5 ET,0.10832553,0.09316079
170667,L5 IT,0.11454754,0.15876596
131276,L4/5 IT,0.076387875,-0.19716565
86674,L6 CT,-0.18244557,0.1256374
257553,Oligo,-0.19510733,0.18170266
143473,L5 IT,0.14246474,0.4112243
86740,L6 IT,-0.14445622,0.06008844
209915,Endo,0.1472408,-0.46576166
86660,L4/5 IT,0.029738178,-0.21316613
194977,Lamp5,-0.2591787,-0.11773254
195163,Pvalb,0.09877049,-0.3914453
86010,L6 IT,-0.15930395,0.049355432
248914,L4/5 IT,0.25868863,0.3491829
143028,L5 ET,0.012499979,0.34831274
143032,Lamp5,0.30032957,-0.13346909
181675,Oligo,-0.051776595,-0.098776266
265639,Endo,0.15320168,0.40622848
131953,Endo,-0.24978556,0.12595414
171893,Oligo,0.24624757,0.09227835
85025,Sst,-0.29527676,-0.40636772
171744,Endo,0.037617557,0.44810992
143049,L6 CT,0.015426239,0.45241398
85080,L2/3 IT,0.13754617,-0.32433218
250600,L2/3 IT,0.2314307,-0.25103372
195043,Astro,-0.16613875,0.3506539
10255,Sst,0.0031994786,-0.07377933
171775,OPC,-0.25002638,0.25926328
237711,VLMC,0.36859775,-0.17083068
84898,Astro,0.4103881,0.37567258
171899,SMC,-0.31157714,-0.34780365
84785,Astro,0.22959201,0.49004704
210532,Endo,-0.04455156,0.20479672
132058,Astro,-0.06659303,0.14121674
255684,Astro,0.04437112,-0.2881325
171957,L5 IT,0.014877846,0.11703037
237312,L6 CT,-0.10467673,0.068563804
84891,Astro,0.26249123,-0.11419685
243967,L5 IT,0.03292816,-0.057975188
171920,L2/3 IT,0.27168173,-0.2600481
132030,OPC,0.31242573,-0.11095007
210510,L2/3 IT,0.34765714,0.33319616
171913,Oligo,-0.24141361,0.20317404
171908,L5 IT,0.21188216,0.34073067
279504,L6 CT,-0.14606844,0.3350687
181605,Astro,0.41711348,0.41907483
210171,Oligo,-0.36358246,-0.07337545
195061,L5 IT,-0.2138323,-0.46599162
143095,L6b,-0.28862882,-0.04053627
171416,Peri,0.08124184,-0.25710976
171414,L5 IT,-0.35466272,-0.4840815
10195,L2/3 IT,0.107606165,-0.47921932
250691,Astro,0.072074465,-0.3203924
131697,L2/3 IT,0.26274133,0.05439453
265467,Oligo,-0.16334333,-0.025146736
210307,Pvalb,0.10623246,0.21193235
85818,Sst,0.05286544,0.37863946
171202,L5 ET,0.22263037,0.4133445
181864,Oligo,-0.34647217,0.31246287
181876,L5 ET,-0.13822643,-0.24138631
195146,Pvalb,0.31053728,0.11710529
210196,L5 ET,0.058367424,-0.052397653
131587,Astro,0.14091991,-0.3382122
143170,Astro,0.14526497,-0.48420182
265583,Pvalb,0.03299152,-0.33271256
210312,Astro,0.18322836,-0.3953789
181797,Endo,-0.47593457,-0.42700616
243988,L4/5 IT,0.3059833,0.36783046
85340,L5 IT,0.10725694,0.2567867
181757,Astro,-0.062901355,-0.3664798
195086,Endo,0.18379311,0.14396124
85398,L5 IT,-0.31063047,-0.36116636
85409,L5 ET,-0.050634272,0.09837203
171478,L4/5 IT,0.1423013,-0.08031039
85411,L2/3 IT,0.35502005,0.398193
171569,Pvalb,0.16362332,-0.31978285
85439,Oligo,-0.031805344,0.35062063
171539,SMC,0.374381,0.040477917
195100,L5 ET,-0.12974797,-0.35525465
85497,Pvalb,0.09431475,0.34841383
191281,L2/3 IT,0.28320593,0.014072286
85414,OPC,-0.28516224,-0.22590701
142333,PVM,0.2143843,-0.30066943
167978,L5 IT,-0.037601776,-0.13142885
91440,Endo,-0.13467716,0.0650429
164553,L5 IT,-0.070356734,-0.044776335
96805,L4/5 IT,0.1107152,-0.18407585
1578,L4/5 IT,-0.007968375,-0.46018803
126215,L5 IT,-0.05278612,-0.26799536
5616,Endo,-0.33979374,-0.42515552
146709,Micro,-0.35303086,-0.2179886
248436,Oligo,-0.21732868,0.24560009
8919,L2/3 IT,0.2263277,-0.17893828
239453,L5 ET,-0.07938699,-0.16426684
206612,Oligo,-0.26704663,0.34432268
235980,L6 IT,-0.47129142,-0.48012713
96963,L5 ET,0.12735806,0.17775325
96994,L6 IT,0.039556615,0.43828183
96996,L2/3 IT,0.014902731,-0.48599103
246237,Oligo,-0.30834627,0.36625385
97010,Astro,0.19525228,-0.48649505
206681,Astro,-0.27039465,-0.48125103
96730,Endo,0.07578098,0.4578265
206744,Micro,-0.056483753,-0.3841067
197051,L6 CT,-0.19306563,0.14736538
96520,Endo,-0.07407633,-0.48753223
96528,L6 CT,-0.22712384,-0.1597475
235966,L4/5 IT,0.23685037,0.28132915
126343,VLMC,0.2784466,-0.41645336
96737,Oligo,-0.22324191,-0.06825359
197057,Endo,0.018569281,-0.42742807
96582,Astro,0.24531607,-0.09649356
239449,L6 CT,-0.2903262,-0.11372016
126314,Endo,0.398969,0.30225402
126310,L6 CT,-0.00048963167,0.4171239
164629,Endo,-0.31351876,-0.39402902
164600,L6 CT,-0.0606168,0.38242233
251884,Astro,0.33306527,0.006370412
96505,L2/3 IT,0.29459703,0.10830663
184168,Lamp5,0.23476695,-0.3173079
206579,L6 CT,-0.3512634,-0.26779783
164197,L6 CT,-0.32586294,-0.31427434
97332,Endo,-0.19232695,0.2012041
237088,L6 CT,-0.10519055,0.46990734
197218,Pvalb,-0.24005087,0.4839785
97394,L5 IT,-0.054111846,-0.17381565
197220,L6 CT,-0.30361634,-0.4716358
97272,L5 IT,0.105181806,0.030627297
125806,L6 CT,-0.22393094,-0.10655688
206401,L6b,-0.2823639,0.4297878
164075,Pvalb,-0.02448685,0.4445874
97462,Endo,-0.3173223,-0.49999884
8844,L5 IT,-0.058286585,-0.30332604
263431,L5/6 NP,0.141362,0.33080345
146987,L6 CT,-0.2520405,0.032571837
258538,Pvalb,-0.09922812,0.47853464
126082,OPC,0.2859521,-0.26139563
164246,L6 IT,-0.35511824,-0.24428155
164261,L2/3 IT,0.32412076,0.32339334
164410,L6 CT,-0.22782339,-0.43125087
97049,L6 CT,-0.22481935,-0.23305322
1596,OPC,0.27461874,-0.13074516
246223,L2/3 IT,0.36383933,0.29684395
164334,Pvalb,0.00017799996,-0.18576927
146824,Oligo,-0.32908797,0.39719433
97233,Oligo,-0.27155602,0.37492865
164305,L2/3 IT,0.26652128,-0.09024899
126018,L6 CT,-0.2939619,0.45847183
125997,Endo,-0.13372333,0.18882959
206510,L2/3 IT,0.06568324,-0.45570627
255008,OPC,0.1548916,-0.065263435
97166,L5 IT,-0.20349236,-0.50568545
164268,L6 CT,-0.24904175,-0.15654247
190026,VLMC,0.27427185,-0.42689228
164022,Endo,0.10298019,-0.0701101
206752,Astro,-0.31955642,-0.09874003
258435,L6 IT,0.17110299,0.46045554
207027,Pvalb,-0.45549455,-0.33318433
126876,Endo,0.22768043,-0.17637245
95793,L4/5 IT,0.30602264,0.47884017
244542,L2/3 IT,0.18483965,-0.18559186
95826,L5 IT,-0.119541384,-0.13018636
278747,L4/5 IT,0.117511146,-0.24496303
146208,Peri,-0.11922077,0.42537618
146243,L5 IT,0.11152374,0.4099722
251816,L4/5 IT,0.30740666,0.46942258
95936,L6 CT,-0.16927059,0.3885877
126735,Astro,0.3590855,-0.06379746
165176,L6 CT,-0.2659065,0.46537971
165152,L5 IT,-0.42186207,-0.46057364
206944,PVM,0.20824526,0.109892294
95839,L2/3 IT,0.27462035,0.12159179
126667,L6b,-0.38432088,-0.22712593
255138,Sst,-0.0038382504,-0.052219346
165272,Endo,-0.21393906,-0.49658394
127036,L5/6 NP,0.020531347,-0.037622437
95556,Vip,-0.17746629,0.33501476
165365,L5 IT,-0.25685185,-0.45865643
165359,Endo,-0.21235965,0.30573726
9095,L6 CT,-0.14843322,0.368236
95594,Astro,-0.33882383,-0.23170413
207038,L2/3 IT,0.15643023,-0.15954886
126963,Oligo,-0.34056523,-0.08171098
263722,L6 CT,-0.25546306,0.0039548147
244524,L6 CT,-0.18633394,0.49090385
95675,Lamp5,0.29659396,-0.1313018
258337,Astro,-0.014175037,-0.4037658
279379,Endo,-0.094151534,-0.1653846
207042,Endo,0.06189441,-0.4206612
183865,PVM,-0.33890957,-0.17726474
96502,Astro,0.20396762,0.1702318
165093,L2/3 IT,0.069898896,-0.28996643
165069,OPC,-0.19228445,-0.1484598
96395,Oligo,-0.17053975,0.1561328
164840,OPC,0.35593158,0.48529094
164830,OPC,0.06782191,-0.3510002
255074,Astro,-0.14461438,0.49027747
146501,L2/3 IT,0.2930891,0.15539782
96419,Oligo,-0.31322432,-0.18653364
96383,L2/3 IT,0.28448248,0.0019292701
96427,OPC,-0.22099428,0.38586414
164762,L6 IT,-0.13764592,0.2830968
263600,L2/3 IT,-0.41694772,-0.23209675
96469,L4/5 IT,-0.023516575,-0.36924702
5583,Vip,0.084942155,-0.31197557
126440,VLMC,0.45710063,0.30871242
206757,OPC,-0.15608685,0.3452205
96450,Endo,0.0029328074,0.2918635
183953,L5 ET,-0.027373979,-0.24429257
263606,L6 CT,-0.08436815,0.49125713
206794,L6b,-0.31077182,-0.12221189
126630,L2/3 IT,0.2756945,0.22256319
247317,L2/3 IT,0.25159603,-0.24013086
263631,Oligo,-0.2518262,0.33953995
165016,Endo,-0.17011751,0.14219038
251832,Sst,-0.006632874,0.1717066
206846,L6 CT,-0.37710705,-0.38389853
96370,L4/5 IT,0.16907333,-0.19113903
255091,L4/5 IT,-0.08240575,-0.47062716
146435,L2/3 IT,0.039210312,-0.4669061
206829,L5/6 NP,0.15015166,0.19377457
96309,L2/3 IT,0.26735795,-0.14341141
126531,L6 IT,0.045337968,0.27158087
164876,Lamp5,0.18905894,-0.4212555
184011,L2/3 IT,0.29705524,-0.03315468
146433,L2/3 IT,0.22489373,-0.32773912
251773,L2/3 IT,0.16708629,-0.1950468
164017,L6 CT,-0.23242344,-0.056203976
184359,L2/3 IT,0.2522878,-0.3202647
205927,L6 IT,-0.32756442,-0.2570778
189757,Endo,0.17331384,0.08272104
1702,Lamp5,-0.0526774,0.0393468
163242,L5 IT,0.13337682,0.2693532
98778,Astro,-0.37715364,-0.28665
98785,Sst,0.11285388,0.028266357
147588,Sst,-0.1278464,0.06743799
124849,OPC,0.010490051,-0.26857197
124806,Sst,0.16622727,-0.28650063
124797,Oligo,-0.41990364,-0.4949891
98911,L6b,-0.210198,0.16708015
197565,L5/6 NP,-0.34007955,-0.48324063
147604,Lamp5,-0.36078912,0.48578364
124775,L6 CT,-0.28365934,-0.20717661
163219,L6 CT,-0.15926386,0.3762445
189753,L2/3 IT,0.24748103,-0.3014015
163299,Pvalb,0.066533916,0.08462547
98710,Oligo,-0.30395415,0.4669798
147412,Astro,0.06584095,0.4626199
98526,SMC,-0.46659923,-0.35526365
147421,Endo,-0.30523267,-0.23247363
125064,L6 CT,-0.06081537,0.42658758
163370,OPC,0.19450955,0.27840835
98562,Micro,0.38407308,0.060728416
263199,L2/3 IT,0.21931528,0.036394283
98574,Oligo,-0.23761274,0.32100284
125025,L2/3 IT,0.0023060348,-0.44907314
3369,L5 IT,0.11664527,0.1226605
124981,Sst,-0.099453904,-0.11933242
3368,L6 CT,-0.21256755,0.02562295
163315,L5/6 NP,0.12721233,0.46356112
205952,L5 IT,-0.12489984,-0.25956833
163336,L6 CT,-0.13758753,0.35453117
125091,L2/3 IT,0.13183556,-0.25664553
184657,Endo,-0.05099369,-0.16980527
124750,L2/3 IT,0.36041504,0.30737698
238490,Peri,-0.29015756,-0.08711906
99455,Pvalb,0.10767942,0.17849873
99461,Endo,0.1344891,-0.004097117
162783,L5 IT,-0.10440577,-0.007886333
124543,L5 IT,0.10837775,0.3073253
8600,L2/3 IT,0.21664594,-0.053440288
99433,Astro,0.38619196,0.1489049
1759,Oligo,-0.2684403,-0.17090835
263092,L6 CT,-0.2808506,0.4394067
99554,L4/5 IT,0.30083323,0.34763342
124524,L2/3 IT,0.2792086,-0.18779136
162748,L5 IT,-0.13871677,-0.45656165
205725,OPC,0.03777372,-0.18054359
124491,L2/3 IT,0.19055556,-0.14879785
99520,L6 CT,-0.2725019,-0.12744676
244693,L2/3 IT,0.25106722,-0.02340944
124554,Endo,0.03405582,-0.12579982
99392,L6b,-0.19402738,0.32153243
184683,Endo,0.0029114392,0.43551248
163113,L6 IT,0.098058276,0.48495245
205828,Endo,0.19324295,-0.44106892
8646,L2/3 IT,0.22487913,0.21852396
258703,L2/3 IT,0.37593347,0.46921802
99091,L5/6 NP,-0.16584127,-0.24863262
147705,L4/5 IT,0.2905978,0.39128947
124717,L2/3 IT,0.09963005,-0.46905535
258729,Endo,0.06735843,0.30388218
124628,Endo,-0.34074977,0.4112687
8620,L6 CT,-0.052295096,0.25717026
162869,Endo,0.056715243,-0.39247102
147701,L5 IT,0.1325684,0.21672665
99374,L6 CT,-0.04460434,0.22340517
99102,L2/3 IT,0.36950904,0.26559943
125717,Endo,0.19110928,-0.03410609
147403,L2/3 IT,0.2588336,-0.076300874
206053,L4/5 IT,0.07663619,-0.22695611
278792,L4/5 IT,-0.0015424881,-0.48098186
206312,OPC,-0.26522893,0.21214567
125502,L5/6 NP,-0.16722302,-0.39891538
147159,L4/5 IT,0.008152714,-0.4450121
125486,L6 CT,-0.39630765,-0.48728913
254927,L6 CT,-0.31267405,0.48741752
237883,Astro,0.10942464,0.48065215
97793,Vip,0.10481333,-0.45372096
147177,L6 CT,-0.16894878,-0.27373615
244624,L4/5 IT,-0.01916776,-0.47579095
97829,L5 IT,0.17282592,0.43153965
97832,L2/3 IT,0.2880605,-0.12176846
238531,L6 CT,-0.33826292,0.49188685
163757,L5 IT,0.09814035,0.2072324
97811,L6 CT,-0.33965498,0.480218
163748,Astro,-0.099666364,-0.46852392
163860,L4/5 IT,-0.041547842,-0.42231536
244622,Sst,-0.09047834,-0.2218086
258563,L2/3 IT,0.21642123,-0.19322143
97568,L6 CT,-0.2303309,-0.053913996
279796,L6 CT,-0.12396038,0.43397164
254965,Oligo,-0.20377,-0.3857779
97603,L5 ET,0.019087782,-0.12583031
163977,L6 CT,-0.3621451,0.4764712
147128,Astro,-0.20219035,-0.49506184
252001,L4/5 IT,0.14227764,-0.04831721
97645,Lamp5,-0.1864324,0.35920393
97653,L6 IT,0.045513086,0.34592783
163924,L4/5 IT,0.044863872,-0.23725568
97657,Pvalb,-0.019030998,0.09515642
189891,Endo,0.26415962,0.30964124
125602,VLMC,0.36244136,-0.18975945
258567,Pvalb,0.1834753,0.4077602
236062,L2/3 IT,0.13038604,-0.3101705
125419,Oligo,0.018668463,0.063990995
263320,L6 IT,-0.10671518,-0.0924402
8745,L2/3 IT,0.08943205,-0.35306817
98301,L2/3 IT,0.27573574,-0.11884798
125251,Endo,-0.021383176,-0.19861905
206098,L6 CT,-0.23478003,-0.28881177
206092,L5 ET,0.19527821,0.43160772
98385,Astro,0.27333486,0.0046652425
206116,L2/3 IT,0.09733819,-0.34040952
263263,L5 IT,0.16584639,0.39148092
147380,Astro,0.13894503,-0.13947241
206068,OPC,-0.1435294,-0.4367946
98421,L5 IT,-0.0831658,-0.24559413
163435,Astro,0.17579077,0.40662885
147401,Peri,-0.39375234,-0.43999562
252100,Endo,-0.100946434,-0.32293278
125208,Astro,0.2807455,-0.30972987
263327,Astro,0.377755,0.38394564
98278,L4/5 IT,-0.055204876,-0.4950756
206131,Oligo,-0.28836578,0.34232944
252017,L2/3 IT,0.2569241,-0.0313309
97987,L4/5 IT,0.047907166,-0.22155549
163700,Endo,-0.18461622,-0.26547974
252040,Oligo,-0.22929953,0.02527939
252043,L5 ET,0.05397498,-0.023334546
163626,L6 IT,0.08237707,0.45826393
98273,L2/3 IT,0.34529567,0.12704031
98029,Oligo,-0.09433878,-0.1955057
98145,Sst,-0.11244831,0.079463586
8757,Astro,0.111916296,-0.29714513
98183,L4/5 IT,0.036503606,-0.26530868
184488,L6 CT,-0.23769857,-0.3200944
125327,Astro,-0.29074913,-0.09189181
206150,Oligo,-0.20117195,-0.07232951
98131,L5 IT,-0.120096214,-0.19812392
144746,Oligo,-0.25611633,0.060543343
127059,Sncg,0.29190785,-0.06133391
95501,L4/5 IT,0.15159588,-0.01775719
208113,OPC,0.20771079,0.32685137
258110,Astro,0.23890011,-0.2229632
92802,L5/6 NP,-0.06713895,0.028268682
255396,Pvalb,-0.39019126,-0.3677717
145041,Oligo,-0.35791847,-0.024241282
208080,Endo,0.18278162,-0.11510505
92768,Astro,0.3670963,0.15655904
9418,L2/3 IT,0.1782736,-0.15353261
128350,Endo,-0.12668504,-0.35969508
92908,Lamp5,-0.18781288,0.39447862
9413,L6 CT,-0.012543062,0.47910112
183283,Oligo,-0.1911094,0.04867284
145043,L2/3 IT,0.22929208,0.11809026
92954,Pvalb,0.07616865,0.026049541
167160,L5 IT,0.11490064,0.33084023
167051,L6 CT,-0.17239843,0.43756133
167200,Sst,-0.21015687,0.2690956
167216,Micro,-0.08447794,-0.43789572
92649,L4/5 IT,-0.025668541,-0.46680894
264292,Micro,0.33886266,0.3688923
92662,VLMC,0.5081636,0.4283141
92669,L2/3 IT,0.25156784,0.25216973
9444,Pvalb,-0.054509796,-0.138328
92701,Endo,0.04080593,0.02096288
238648,L5 ET,0.13464342,0.44564086
92713,L5 IT,-0.06248296,-0.26644295
3614,L6b,-0.3515191,-0.18914853
145005,Endo,-0.099622466,0.011380361
145038,L2/3 IT,0.3974936,0.38832086
92746,L4/5 IT,0.22918634,0.24158506
92747,L6 IT,0.11708986,0.41563404
167223,L5 ET,-0.16940083,-0.33583784
92723,L4/5 IT,0.1800509,0.052388355
128454,L4/5 IT,-0.08627836,-0.4877165
190648,Micro,0.15694861,0.03096901
145091,L2/3 IT,0.052009635,-0.3534413
93245,Endo,0.41356444,0.1945077
3606,Astro,0.21899216,0.3800972
93321,L2/3 IT,0.35359716,0.3008451
183380,Astro,0.29582602,-0.29823148
258144,L6b,-0.21125342,0.21994738
207886,L6 CT,-0.18901794,-0.07511
166887,L2/3 IT,0.21037982,-0.2566681
93393,L6 IT,-0.16056551,0.015176641
166813,Oligo,-0.28896976,0.3558492
166809,L4/5 IT,0.14548723,0.07096319
145208,Micro,-0.030353377,0.42005998
258147,Astro,-0.16838054,-0.07244472
128114,L5 ET,-0.07851378,0.10407643
93529,SMC,-0.1633717,-0.45008552
93405,L5 ET,-0.034553595,-0.13838269
258120,Pvalb,0.021243742,-0.09589316
166893,L2/3 IT,0.15424566,-0.23008008
258132,Oligo,-0.12908779,0.18676983
145092,L2/3 IT,0.25615537,0.11438124
93034,Endo,0.076681964,-0.12621333
1374,Pvalb,0.3032806,0.4429679
93087,L2/3 IT,0.20477997,-0.37377793
264214,L4/5 IT,0.10410779,-0.15579511
247214,Oligo,-0.35485485,-0.06786905
128212,L6 CT,-0.17650722,0.1127436
93110,L5 IT,-0.042687036,-0.107210115
9379,Astro,-0.14156525,-0.08812846
93141,Oligo,0.005236855,0.051577374
93145,L2/3 IT,0.23034774,-0.3556702
145121,Astro,0.21694629,-0.31932816
235830,L5 ET,-0.17444332,-0.39225167
128227,Endo,0.30235922,0.096512124
9382,Endo,-0.21567826,-0.022621645
128079,L5 IT,-0.12120033,-0.2208469
92581,L2/3 IT,0.10554998,-0.39327982
167346,Peri,0.042784445,0.4606442
248664,L2/3 IT,0.19206767,-0.32264042
264434,Pvalb,0.012987515,0.03629653
196115,L6 CT,-0.1521632,0.121089265
91719,L5/6 NP,-0.16232364,0.008338856
208325,Endo,-0.29856056,-0.08686398
144802,L2/3 IT,0.28843254,0.051818773
258019,L6 IT,-0.0199487,0.43856752
258031,L4/5 IT,-0.0054213796,-0.44865388
167710,L6 CT,0.02610164,0.49027944
167708,L5 IT,0.07690435,0.19122629
1278,Endo,0.28322572,0.12613265
258036,L5 IT,-0.18910004,-0.14347161
1280,L5 IT,0.122662954,0.24933605
196182,L2/3 IT,0.20239173,-0.11010893
278648,Endo,0.05633884,0.4154889
91992,Sst,-0.07307894,-0.06569086
91649,L6 CT,-0.1329668,0.42885852
9568,L4/5 IT,0.21366678,0.23049156
208423,L6 CT,-0.2777844,-0.27334857
183007,Oligo,-0.04345233,-0.3542302
144751,Astro,0.2080342,0.23075895
128938,L6 CT,-0.38785896,-0.27188942
91501,L5 IT,0.06536823,0.0027276743
91504,Endo,0.11602276,-0.38181219
167877,L4/5 IT,0.14238517,0.11373131
9571,L5 ET,0.07477694,0.4036557
128921,L6 CT,-0.03842468,0.3950513
246382,L2/3 IT,0.25068134,-0.08316578
278628,L6 CT,-0.13413168,0.13199107
244313,Astro,0.4321732,0.33412987
280155,L6 CT,-0.17076497,-0.09407179
279753,L6 IT,-0.20585422,-0.321375
248665,Oligo,-0.30597028,-0.47855487
167333,L5 ET,0.044158153,0.4206128
144843,Astro,-0.0019127522,0.04495351
167643,L6 IT,-0.370749,-0.25146756
92242,L5 IT,0.17147653,0.27573735
251385,Oligo,-0.24133922,0.29040474
128639,L5 IT,-0.24556874,-0.39720818
167436,PVM,0.1616476,-0.2744519
248628,L2/3 IT,0.21762876,0.049427375
144904,L5 IT,0.15566425,0.31464952
183192,Endo,0.01826187,-0.44421154
128595,VLMC,-0.47012946,-0.3586099
167372,Oligo,-0.21832816,0.09688334
258092,Astro,0.17434846,0.02758144
128509,L2/3 IT,0.22125404,-0.06583567
5379,L5 IT,-0.405356,-0.49050727
251397,Astro,-0.11364416,0.26138228
128466,OPC,-0.26115382,0.29031545
92355,L2/3 IT,0.30433238,-0.04051186
144864,Astro,0.35114956,-0.1716894
255413,L6 CT,-0.39664495,-0.31556487
183178,Astro,-0.21793674,-0.3428601
128725,Pvalb,-0.033903696,-0.40323067
167617,L5 ET,0.24050824,0.49179977
128724,Endo,0.1794943,-0.3262508
167595,L4/5 IT,0.035493426,-0.24114914
167562,L5 ET,-0.19843666,-0.36849445
92104,L2/3 IT,0.24405347,0.049957618
128667,Pvalb,-0.059115328,-0.31162173
128703,L2/3 IT,0.3466918,0.41910774
128678,L2/3 IT,0.3666489,0.32943344
248637,L5/6 NP,-0.07336862,-0.34233946
92131,L4/5 IT,0.14928906,-0.049805507
1297,L6 CT,-0.2708364,-0.323683
167484,L6 CT,-0.27401215,0.48797035
92173,L4/5 IT,0.048762195,-0.183953
128692,Oligo,-0.2714621,0.03436415
165378,Micro,0.22414903,0.24102317
264160,Vip,0.05114972,-0.10222314
93558,VLMC,0.23942457,-0.49789962
145881,L6 CT,-0.20702668,0.1383531
258288,L6b,-0.25510052,0.029281067
190401,L5 IT,0.13256525,0.12883483
190392,L4/5 IT,0.16821973,-0.05371602
165743,Micro,-0.19991083,-0.41380608
165741,L6 CT,-0.21938883,-0.0381916
127338,L6 IT,-0.08806334,0.3435244
190383,L6 IT,-0.2622841,-0.108985946
94949,L5/6 NP,-0.1342159,0.01624559
248490,Oligo,-0.33887464,0.008450495
207318,Oligo,-0.25325072,0.14320265
183738,Endo,-0.079408236,-0.025372965
127269,L2/3 IT,0.16781078,-0.44381037
3499,Micro,-0.20519055,-0.0014808904
145949,SMC,-0.26684153,-0.4115515
196700,L6 CT,0.034205906,0.46712744
145859,Micro,0.28781754,-0.03820993
183661,L6 CT,-0.28653806,-0.13895969
263938,Vip,0.025590887,-0.29943782
5453,L4/5 IT,0.2646945,0.39301592
94522,L6b,-0.19286449,0.26965094
183613,Endo,0.011295995,0.023635136
94541,L5 IT,0.011402031,-0.23735489
207474,Peri,0.08616226,0.28467923
183685,L5 IT,0.0032070484,0.22112106
207466,Oligo,-0.4378263,-0.35902715
145763,L6b,-0.22384812,0.26911515
9189,L4/5 IT,-0.08336154,-0.49829474
127407,L6 IT,-0.40214053,-0.4492806
165938,L6 IT,0.021802953,0.28826052
207422,L6 IT,-0.3104908,-0.17119293
251650,L5 IT,-0.21950121,-0.40072477
145754,L6 CT,-0.2709823,0.45933264
263942,Peri,0.32313085,0.4733433
95024,Endo,-0.15880309,-0.4082096
207312,Astro,0.37960142,0.4096765
207218,L2/3 IT,0.3126284,-0.03612618
1483,L2/3 IT,0.118576996,-0.22836505
1490,L2/3 IT,0.32755238,0.44122547
95310,Oligo,-0.2408951,0.25416738
127103,Astro,0.30110115,0.42322016
165430,VLMC,0.31696576,-0.33434677
165503,L6 CT,-0.19814722,-0.22848345
165428,Astro,0.31046933,-0.17794658
207155,L5/6 NP,-0.27754027,-0.21656205
95424,L5 ET,-0.15467294,-0.32698977
95444,Lamp5,-0.23372544,-0.07260136
251770,L5 ET,-0.11642546,-0.411944
95464,OPC,0.11068999,0.1871851
95486,L5 IT,-0.12421969,-0.13914771
196778,Endo,0.37884533,0.4016111
95025,L6 CT,-0.29413044,-0.106240705
127125,L2/3 IT,0.19701086,-0.39396697
95274,L6 CT,-0.044926144,0.44566053
95110,L6 CT,-0.23882572,-0.14388834
183776,L2/3 IT,0.20254241,-0.3007981
127157,L4/5 IT,0.13093494,0.02740954
165610,L4/5 IT,0.09786063,-0.21947782
1474,L6b,-0.21987732,0.41368234
190346,SMC,0.31659293,0.43690956
248480,L6 CT,-0.13454656,0.15471332
127138,L4/5 IT,0.24281572,0.21724944
95193,L2/3 IT,0.12787841,-0.47347876
263783,L6 CT,-0.2237242,0.018109607
127137,L6 IT,0.08358049,0.34644246
95262,L6 IT,-0.06802351,0.35632002
190333,L5 IT,-0.17293118,-0.20774709
95264,L2/3 IT,0.25554568,-0.29081365
207264,Micro,0.09415858,-0.32766622
166748,Endo,0.43773067,0.3530488
207498,L4/5 IT,-0.06959904,-0.49965814
94410,Endo,0.20803396,0.27296942
248568,OPC,0.2751122,-0.32915127
93800,Astro,-0.36185098,-0.27303952
244435,Astro,-0.3334502,-0.11688919
93815,L6 CT,-0.24226837,-0.35928595
183450,Oligo,-0.11304531,-0.019803924
190549,Astro,0.2833585,-0.23595785
237825,L6 CT,0.0033638086,0.37371033
166601,L5 IT,-0.03883768,-0.04128374
239431,L6 CT,-0.22044776,-0.2653021
237836,L2/3 IT,0.37355673,0.3932169
93863,Oligo,-0.40389654,-0.3239063
258197,L2/3 IT,0.18124627,-0.38521984
145412,Micro,-0.24321972,-0.3257087
93927,L6 CT,-0.2127584,0.037755772
145348,L5 IT,0.13408767,0.25189
207684,L2/3 IT,0.3610654,0.2555676
93782,Astro,-0.34671476,-0.47733945
207787,L6 CT,-0.1101904,0.39261782
128053,L6 IT,-0.065975495,-0.020065648
128037,L4/5 IT,-0.034995116,-0.44870022
264129,Endo,0.2217605,-0.34970003
278683,L4/5 IT,0.1460688,0.009829091
183407,L2/3 IT,0.20887183,-0.047767177
93624,L6 IT,-0.04925228,0.00022779591
127945,Endo,0.32829547,0.16412066
166718,Endo,-0.21632756,-0.05511968
264114,Endo,0.07792323,-0.22044744
93686,L6 CT,-0.21981527,-0.253859
93696,Oligo,-0.17055319,-0.23885207
183417,L5 IT,-0.28746057,-0.41678676
183426,L6 CT,-0.3602995,-0.3497517
145293,Oligo,-0.25152987,0.045089647
127992,Oligo,-0.34725952,0.357844
94433,L2/3 IT,0.25916612,0.23920105
93990,Oligo,-0.22821735,0.06616287
166472,L4/5 IT,0.048958056,-0.37598872
94202,L6 CT,-0.3014117,-0.46842113
127706,Endo,0.025047293,-0.14145727
127705,L5 ET,-0.12420685,-0.11835186
145654,L2/3 IT,0.29939258,0.21717696
127642,L4/5 IT,-0.06757019,-0.45704302
166240,Micro,-0.043544956,-0.34423825
183541,L4/5 IT,0.19771813,0.068807706
166229,L6 IT,-0.31692216,-0.2921568
196576,Oligo,-0.36426413,0.31820613
207561,Astro,0.15969197,0.42864925
94380,L6 CT,-0.23293011,-0.13104485
166164,L6 IT,-0.1197514,0.4790985
94388,L5 IT,-0.04408843,-0.27248952
145721,Peri,-0.1932949,0.25435024
258224,Sst,-0.079672106,0.07315682
166479,PVM,-0.16265441,0.47140098
127718,L4/5 IT,-0.0023259912,-0.45833904
207634,L4/5 IT,0.13916777,-0.16417415
94010,L5 IT,-0.2913328,-0.42762664
1404,L6 CT,-0.036267556,0.4832443
94033,Vip,0.049876146,0.35812253
145459,Endo,0.08454012,-0.25973415
166425,L5 IT,-0.1606084,-0.28428194
183506,L2/3 IT,0.17568366,-0.43870044
127741,OPC,-0.005937645,-0.21997987
166372,L6 CT,-0.15758951,0.14762716
248557,L6b,-0.22490577,0.14681838
264021,L5 ET,0.16630732,0.35550374
244453,VLMC,0.27748156,-0.42007303
94086,Lamp5,0.22813164,-0.22933616
94090,L6 CT,-0.013237247,0.42319208
251542,L6 CT,-0.13929318,-0.13846035
145563,SMC,-0.07194165,-0.19398724
105639,L5/6 NP,-0.013036439,0.24869387
119358,L5 ET,0.007687142,-0.05617945
235112,Endo,0.24671958,0.3441488
274281,Pvalb,0.08448791,-0.38649023
268875,L2/3 IT,0.401995,0.45493937
34856,Oligo,-0.3369711,0.42677057
12211,Lamp5,0.13703237,-0.25273612
274270,L6 CT,-0.15670343,0.20779197
233700,Endo,0.29546124,0.23031043
34963,Endo,0.10584026,-0.2151152
34805,Pvalb,-0.03143672,0.087460324
66491,L6 CT,-0.12690313,0.4715711
227195,Astro,0.030787757,-0.19887646
34990,L2/3 IT,0.37538457,0.39223534
35013,L6 CT,-0.3140904,0.45952225
66484,L2/3 IT,0.32142788,0.2772985
274256,L6 CT,-0.20478348,0.09810667
66457,VLMC,0.52071893,0.4522686
35114,L5 IT,-0.07868875,-0.28331867
34968,OPC,0.17005084,-0.029142542
227260,Peri,0.26387137,0.40628195
34778,Oligo,-0.1737905,0.15739529
34730,L6 CT,-0.039664634,0.4762187
34438,L2/3 IT,0.01929476,-0.470618
274325,VLMC,0.4295519,0.19178651
34459,Astro,0.19561939,-0.2568367
233673,L6 CT,-0.1998537,-0.016953839
15755,Sst,0.03590458,0.23804949
216538,Pvalb,0.16673271,0.3422377
34491,Pvalb,-0.20869298,-0.21722455
34510,L2/3 IT,0.0861715,-0.47307608
15741,Sst,0.25911903,0.15142743
34584,L4/5 IT,0.23079567,0.43037462
66640,Endo,0.023341468,-0.2500435
66616,L2/3 IT,0.3067779,0.11063896
34644,L6 CT,-0.29746574,-0.268951
268862,L6 CT,-0.15503423,0.4632644
34648,Peri,-0.009865025,0.4524014
34702,L5/6 NP,-0.046199866,-0.011198742
34714,L6 CT,-0.099283256,0.37082368
35284,Oligo,-0.31026113,-0.29457176
216631,L6 CT,-0.03118665,0.39505607
268910,OPC,-0.42839214,-0.25459924
35325,Astro,0.013315281,0.14881198
226808,Endo,-0.04687894,-0.121577665
15611,L2/3 IT,0.18929486,-0.24922071
241315,Endo,-0.04504434,-0.29001614
36121,Sst,0.15244494,-0.40980494
66126,L6 CT,-0.34616733,0.46979046
36173,SMC,0.3782813,0.24507491
36174,Peri,-0.23628737,-0.27322453
36248,L2/3 IT,0.3627997,0.249633
226688,L4/5 IT,-0.13446493,-0.4917929
36269,L2/3 IT,0.3707794,0.47742945
36271,Endo,0.2931496,0.2974521
36292,Micro,0.079283886,0.2551729
273984,L6 CT,-0.3705578,-0.41633913
226674,Sst,0.26253796,0.0001442898
241333,Lamp5,0.35954267,0.06902115
36381,L4/5 IT,0.030875018,-0.3568749
36390,L4/5 IT,0.17131613,0.19633316
15615,L2/3 IT,0.32398885,0.23889361
216527,L4/5 IT,0.0082307365,-0.20976101
274070,L2/3 IT,0.085097246,-0.30145988
35863,L5 ET,-0.10453541,-0.21216203
227079,L6 CT,-0.015205601,0.46071666
35370,Oligo,0.12818597,0.4108467
35377,L5 IT,0.19515686,0.3611964
66358,L5/6 NP,0.12760006,0.35616595
274181,L4/5 IT,0.12841724,-0.20820777
35419,L5 IT,0.07703518,0.34417903
66292,Oligo,-0.31054705,0.32263863
35623,L6 CT,-0.19845699,0.020450281
241290,L2/3 IT,0.23711716,-0.08948119
35680,L6 CT,-0.089422084,0.434815
35687,Oligo,-0.23657681,0.15480958
274112,L6 CT,-0.036267914,0.3395601
226893,Vip,0.031124046,0.3692848
66244,L2/3 IT,0.39382023,0.44468242
216696,L5 IT,0.15898167,0.20982324
66217,L4/5 IT,0.038872294,-0.27969813
274084,L6 IT,-0.21609546,-0.005875958
216723,Endo,0.35519397,-0.18645276
278165,L6b,-0.18009691,0.3746518
66741,OPC,-0.28453642,0.05822985
15771,L5/6 NP,0.20467524,0.38835388
227905,Peri,0.28703672,0.18572263
274605,L4/5 IT,-0.048887946,-0.46520722
12127,Endo,0.31000352,0.2737093
32989,L4/5 IT,0.25332665,0.35662657
33007,L2/3 IT,0.058059685,-0.4458032
33016,L6 IT,-0.081549354,0.48172772
241122,L4/5 IT,0.32039285,0.44391882
33052,L5 ET,0.05152934,0.42331672
33069,Astro,-0.23777579,0.48839986
33100,L2/3 IT,0.13283025,-0.38290775
15902,L4/5 IT,-0.12708943,-0.4317073
227840,L4/5 IT,0.21348064,0.34363413
33194,Endo,0.34861308,-0.110513255
233652,Peri,0.22375129,0.29111594
67116,L2/3 IT,0.16576104,-0.31036508
33219,L5 IT,-0.16980518,-0.3815452
33223,L4/5 IT,0.24080776,0.3335626
227919,OPC,0.36231762,0.0049509276
227830,L6 IT,0.029044976,0.42085826
32900,L4/5 IT,-0.027965585,-0.4275038
227977,L2/3 IT,0.33781362,0.12186907
15987,L2/3 IT,0.12541436,-0.5007389
32426,L6 CT,-0.1930788,0.2159373
216320,L6 CT,-0.21942492,0.1638426
32458,L2/3 IT,0.37980884,0.38818496
32522,L5 IT,-0.26406616,-0.390692
268720,Astro,-0.14066236,0.17952149
67293,OPC,-0.36093163,0.43106598
32562,L6 CT,-0.21813847,-0.28228608
32575,Endo,0.1677454,0.23014657
67278,L4/5 IT,0.19149183,0.31956184
268730,Pvalb,-0.038479336,0.008042442
32670,L6 CT,-0.32570046,-0.22954352
228040,SMC,-0.20470442,0.018381702
12120,L6 IT,-0.29629225,-0.32753712
234905,Endo,0.20208661,-0.3364302
268733,L6 IT,-0.12268431,0.17437159
227987,L2/3 IT,0.16727208,-0.09442197
274616,L2/3 IT,0.12179094,-0.30353108
36440,VLMC,0.422962,0.14604531
33288,Astro,0.059300594,0.42607522
12131,Peri,-0.3450799,-0.190744
33868,OPC,-0.25037038,0.31082863
274417,Oligo,-0.17216717,0.29907924
227641,L5 IT,-0.120531894,-0.300254
12151,Peri,-0.0026841257,-0.12673531
33922,L6 CT,-0.28831196,-0.31673762
33929,L6 IT,-0.29640168,-0.28237122
15816,L6 CT,-0.06742383,0.2626915
33958,Endo,0.193283,-0.43764627
12168,Endo,-0.2716406,-0.020512057
34057,L5 IT,0.092054956,0.01882987
34127,L2/3 IT,0.24183898,0.07694076
15799,L6 CT,-0.10422192,0.252986
34205,Lamp5,0.2896356,-0.33598232
274378,L4/5 IT,0.03689318,-0.37627745
15788,L2/3 IT,0.26701778,-0.17703883
268820,L6 CT,-0.13193415,0.39073646
227487,VLMC,0.34944028,-0.24003927
33829,Endo,0.09708028,-0.0046607386
274539,Sst,-0.24986942,0.3742603
33824,L4/5 IT,0.26675093,0.27871555
33777,L4/5 IT,0.11244928,-0.15913658
33342,SMC,0.38114434,0.2520349
67046,Peri,-0.33179137,-0.14287318
33377,Peri,-0.19598837,-0.2072924
33411,L2/3 IT,0.25097507,-0.09890254
33432,Micro,-0.057204314,-0.41120416
67012,Endo,0.1092565,-0.37132207
33547,L6 CT,-0.02883623,0.25572747
216445,L5/6 NP,-0.3016299,-0.5062655
227753,L5 IT,-0.3212206,-0.46201083
33591,L2/3 IT,0.313115,0.35070026
274465,L6 CT,-0.1135493,0.41696966
33628,Astro,-0.2101974,0.39011216
33635,Astro,0.21772407,-0.4781085
227742,L2/3 IT,0.29952455,0.2823686
33706,L6 CT,-0.15636845,-0.10604726
33712,L6 CT,-0.24639653,0.48548955
15832,Lamp5,0.377869,0.46193057
274440,L2/3 IT,0.31681895,0.018940674
66028,L6 CT,-0.31524116,-0.194434
36463,L6 CT,-0.20046799,-0.024988187
216798,Lamp5,-0.2287146,0.17045252
225749,L6b,-0.2012871,0.42199898
217097,Astro,0.20023344,-0.461681
38992,L6 IT,0.08202969,0.33740687
39056,L6 CT,-0.36031342,0.4681241
39086,Pvalb,-0.089419164,-0.23022486
273492,Oligo,0.3387282,0.3504938
225693,L2/3 IT,0.11787813,-0.46757758
39229,Astro,-0.09238256,0.3284495
225689,Endo,0.3163932,-0.24176188
65071,L2/3 IT,0.35770744,0.20552628
39326,L4/5 IT,0.01347973,-0.33025146
39361,L6 CT,-0.20103379,0.48411196
65061,L5 ET,-0.06103731,0.12206106
65049,Sst,0.36869204,0.41810578
65037,L2/3 IT,0.3382234,0.38830882
39442,L2/3 IT,0.14810418,-0.18551485
269240,L4/5 IT,0.19094913,0.12501393
217087,OPC,0.4176072,0.36449182
15220,L2/3 IT,0.20085435,-0.26069105
38945,Sst,0.07640713,0.48419172
241461,Astro,0.16484164,0.18565844
38592,L6 IT,-0.06445939,0.4105059
239900,Astro,-0.29372072,0.4790185
38621,Micro,0.01610603,0.14373146
38676,L6 CT,-0.12724687,0.42073673
38690,L5 IT,0.24542193,0.45612097
225847,L4/5 IT,0.2339832,0.2419651
65282,Sncg,0.18841873,-0.37721878
273553,Endo,0.23858593,-0.11184178
38779,Oligo,-0.28430432,0.04796855
225796,Lamp5,-0.38082886,-0.29934126
65262,Oligo,-0.19853897,0.06043534
38836,L2/3 IT,0.28406268,0.18224894
38838,L2/3 IT,0.34751093,0.2663321
217079,Lamp5,-0.16415696,-0.14864154
38858,Peri,-0.036635257,0.2951848
65215,Astro,0.39608753,0.20812957
15305,L6 CT,-0.064559706,0.36611116
273511,Pvalb,0.0551508,0.39174485
15350,SMC,0.37949735,0.24585448
39529,L4/5 IT,-0.13028549,-0.43747103
239901,L2/3 IT,0.28542203,-0.16393717
273330,Endo,0.13785116,-0.43418443
40100,L5 IT,-0.08648426,0.2019447
233872,Oligo,0.010308644,-0.30936754
273296,L2/3 IT,0.31260413,0.40164918
241517,Astro,0.12194251,0.24260966
40197,Astro,0.3705333,0.19366632
40331,L2/3 IT,0.24010669,0.043790564
40333,L2/3 IT,0.1507077,-0.4203662
40353,L5 IT,-0.05984474,-0.16348566
40440,Endo,-0.27397954,0.16532551
15114,L6 IT,0.10711127,0.38161558
40477,OPC,0.035881452,0.3053022
40609,L6 CT,-0.20673831,0.44108653
233902,L4/5 IT,-0.00024248101,-0.3907037
225222,Astro,0.43446392,0.43046963
64553,L2/3 IT,0.29680997,0.35675716
40710,OPC,-0.13707323,0.25649613
64746,Endo,-0.2181019,0.15107445
39531,Astro,0.1899526,0.43616188
39996,Micro,-0.32878065,0.01950656
39969,Astro,0.22858201,0.33429694
64947,L2/3 IT,0.20050327,-0.35578886
273391,VLMC,0.4101588,0.07752429
39705,L6b,-0.20738481,0.4104638
273382,Peri,0.18976687,0.30529648
64916,L4/5 IT,-0.08747137,-0.5051587
241502,L2/3 IT,0.15970694,-0.117552474
15189,Endo,0.35692513,-0.14066385
225516,L6 CT,-0.032722957,0.31434023
39844,L4/5 IT,0.09381854,-0.15078063
242859,VLMC,0.31716502,-0.32328954
269266,L4/5 IT,0.10831528,-0.08251278
225486,Micro,0.03921681,0.1741523
273349,Endo,0.16329311,-0.21331327
241513,L4/5 IT,0.17903458,0.12750344
39932,L4/5 IT,0.13924108,0.057218358
15157,L5/6 NP,-0.33078486,0.4895786
225436,L6 CT,-0.07285679,0.4907567
39971,L5 IT,0.22459333,0.40203285
32359,Pvalb,0.0794078,-0.083843544
38503,L6 CT,-0.06897638,0.22416334
241448,Astro,0.024050942,0.08839272
36911,Sncg,-0.06600655,0.33681726
273851,L6 CT,-0.2669533,-0.20774047
226428,Pvalb,-0.34129816,-0.38855198
36975,L6 CT,-0.37749773,-0.27620286
65802,L2/3 IT,0.265733,0.12513177
234864,L5 IT,0.06779819,0.02868055
226390,L2/3 IT,0.28839236,-0.0250978
37088,L6b,-0.2548676,0.022847878
65736,L6 CT,-0.28963965,0.48274034
37130,L6 CT,-0.34138763,-0.47075576
37142,Pvalb,-0.09336499,-0.28350228
37146,L6 CT,-0.33515412,0.46655428
37162,Endo,0.31977695,0.46518135
241372,L6 IT,0.0911529,0.42661345
233792,L5 ET,-0.11173815,-0.19653387
37224,L5 IT,-0.23609652,-0.40768212
226261,L2/3 IT,0.30530965,0.2009425
36837,L2/3 IT,0.26293766,-0.17519127
37273,Endo,0.30195946,-0.110623375
36834,L5 IT,0.10665213,0.20334993
65848,L2/3 IT,0.29755127,0.08712755
36474,L6b,-0.22015016,0.22052096
65995,Pvalb,0.14695357,-0.027447207
273927,L5 IT,-0.2697235,-0.4594192
36507,Oligo,-0.25706118,0.3584937
36527,L4/5 IT,0.13009171,-0.023000343
226583,OPC,0.4158588,0.2910903
36608,L6 CT,-0.17831577,0.17032371
273903,Pvalb,0.3353222,0.23379575
36622,L6 CT,-0.1304933,0.44814134
36625,L4/5 IT,0.25832838,0.2690854
226574,L5/6 NP,-0.2331274,-0.43444547
12256,L2/3 IT,0.16985695,-0.18581624
226546,Pvalb,-0.052598067,-0.42376488
226530,VLMC,0.49309844,0.43021595
36785,Oligo,-0.40482116,-0.45299613
36803,L4/5 IT,0.0018729474,-0.35062104
269014,Oligo,-0.36192155,0.4024493
65840,L6 CT,-0.052972443,0.39338988
38497,L5 IT,0.21552955,0.43387264
37282,Astro,-0.13107859,-0.25741145
273753,Astro,0.38050497,0.16756444
273655,Sst,-0.25110644,0.116450295
38145,Astro,0.2643714,-0.34596837
273653,Endo,-0.08633814,-0.042868122
273647,L4/5 IT,0.13231169,-0.23529328
38196,L2/3 IT,0.22133617,-0.34398344
38230,L4/5 IT,0.27676255,0.2706148
38309,Oligo,-0.22194634,0.20590703
38310,Micro,-0.23078866,-0.27980673
225963,Astro,0.15333055,0.44521248
225956,L5 IT,0.020202776,-0.23068447
15370,L6 CT,-0.16504245,0.44306642
15367,L4/5 IT,0.27855092,0.2851147
273621,Lamp5,0.22984616,0.03621547
216995,L5 IT,0.050384335,0.08310847
38474,L6 IT,-0.13442557,-0.124419466
38475,Endo,0.19707905,0.2855587
65389,Lamp5,0.16314672,-0.4668213
38123,Endo,-0.231874,0.21834145
37386,L6 CT,-0.21208002,-0.34021628
241436,L5/6 NP,0.0993871,0.097235724
241432,L6 CT,-0.18941636,-0.061054304
65647,L2/3 IT,0.17465661,-0.14776306
37466,L4/5 IT,0.1109814,-0.0035380255
226181,L6 CT,-0.19287746,-0.22769551
37499,L2/3 IT,0.2695878,0.09212302
240076,L6 CT,-0.16710146,0.19948195
15454,L6 IT,-0.13203625,0.1391096
278140,Endo,-0.20005123,-0.3541339
65582,Endo,0.029933264,0.29486525
273697,L5 IT,0.10084563,-0.020947201
15407,L5 ET,-0.18632738,-0.43079826
37908,Astro,0.38729894,0.18187146
15402,Endo,0.45401937,0.37504452
273683,L6 CT,-0.3134042,-0.38061357
233834,Astro,-0.08616153,-0.027869
273675,L6 IT,-0.19971202,-0.16034417
37992,Pvalb,-0.38186288,-0.2843004
38017,L2/3 IT,0.053735964,-0.4460065
38113,L6 CT,-0.0928312,-0.10781108
32356,L5 IT,0.1280512,0.2387924
228163,SMC,0.20811515,0.2237399
228165,Oligo,0.010011038,0.28677422
69536,L2/3 IT,0.14427613,-0.32868522
25804,L5/6 NP,0.1133781,0.26673222
16749,L4/5 IT,0.21956615,0.1803603
25855,L2/3 IT,0.2705865,-0.11094542
25888,L4/5 IT,0.13381563,-0.07622774
69517,Astro,-0.10371897,0.48359978
25893,L2/3 IT,0.20554493,-0.02076505
230230,Oligo,-0.2858426,0.29124385
69485,L5/6 NP,0.03211873,0.019960927
25950,L5 ET,-0.059923,-0.25138658
69468,Oligo,-0.0026932154,-0.29900882
26022,L6 CT,-0.33903593,0.45819372
215608,L2/3 IT,0.2993546,-0.012428654
26074,L2/3 IT,0.30661714,-0.092478976
69422,L6 CT,-0.16459124,-0.08347766
275803,L2/3 IT,0.21104495,-0.18314134
26127,Oligo,-0.14915507,-0.1318881
25798,L6b,-0.20835029,0.35424876
26132,L5 IT,0.07554161,0.06662314
16754,L5/6 NP,0.054796092,0.46141064
25669,Sst,-0.046094514,0.0862966
69771,L6 CT,0.014961591,0.287372
25302,L2/3 IT,0.15551524,-0.25206584
25313,L2/3 IT,0.22865562,0.13946556
268313,Endo,-0.17595895,-0.3628446
25339,L4/5 IT,-0.065070726,-0.43837443
25382,Endo,0.45014095,0.32230818
25417,L6 IT,0.008354088,0.2240669
215531,L6 IT,0.030240228,0.34760088
25448,L2/3 IT,0.2559119,0.16727899
268330,L6 IT,-0.24926062,-0.12531097
230428,L2/3 IT,0.32459545,0.44910574
25533,L6 CT,-0.19549732,0.41459274
69631,L6 IT,-0.065506525,-0.023945017
230375,L5 IT,-0.2880538,-0.4843621
230365,L4/5 IT,0.042074792,-0.1817611
69593,L6 IT,-0.038675554,0.14535384
240677,L5 IT,-0.3651355,-0.3723995
25671,Pvalb,-0.02673296,-0.37743175
230495,Oligo,-0.28582662,-0.09142475
26163,L6 CT,-0.16494481,0.06000261
26180,L4/5 IT,-0.052836932,-0.4638416
69175,Oligo,-0.28201523,0.018865155
275663,L6 CT,-0.20865329,-0.0024527442
275659,L4/5 IT,-0.036190934,-0.43826765
69138,Oligo,-0.35864767,-0.37776458
229882,L5 IT,-0.4268681,-0.4869092
215726,L6 CT,-0.46634692,-0.37228158
69111,L6 CT,-0.012073765,0.49159896
69101,Astro,-0.35016102,-0.37621117
69098,Peri,-0.20667778,-0.020411653
69097,Endo,0.0029712226,-0.16710995
233413,Oligo,-0.19872995,0.10319297
26971,Astro,0.056680135,-0.28934094
26998,Micro,0.2732656,0.47692877
27067,L6b,-0.18613257,0.37276018
27088,L2/3 IT,0.3997119,0.46330416
27089,L4/5 IT,0.17778365,0.0941271
229734,L5 IT,0.018971315,-0.23176248
243079,L6 CT,-0.3508364,-0.22994833
26169,L6 CT,-0.3465202,0.48652047
26760,L6 CT,-0.13161226,0.07457255
26689,Endo,-0.050097324,-0.34980637
26185,L2/3 IT,0.045089774,-0.41774374
26200,L6 CT,-0.3097827,-0.31748432
26207,L2/3 IT,0.15920441,-0.40536225
69354,L5/6 NP,-0.14671518,-0.050958827
26267,VLMC,0.2517072,-0.4711967
275771,Sst,-0.006318072,0.035952732
26342,L6 CT,-0.14778076,0.30584097
26387,L6 CT,-0.12679379,0.12035273
229990,L5 ET,0.049952142,0.21651821
26467,L6 CT,-0.08901549,0.13089316
229988,L6 CT,-0.07164509,0.3300181
26514,Astro,-0.019961784,-0.047936752
229981,L5 IT,-0.11945332,-0.16010652
26565,Astro,0.12092107,0.3091733
26588,VLMC,0.2937795,-0.37727547
275702,VLMC,0.29912543,-0.36993963
16648,Lamp5,0.3587407,-0.085622266
69184,PVM,-0.40965375,-0.4158589
240788,L6 CT,-0.22574897,0.48137265
25242,L6 IT,-0.32452953,-0.1864994
25213,Endo,0.34915352,0.07108347
231192,OPC,0.28449017,0.04177724
70394,Endo,-0.23821779,0.47748095
23432,Pvalb,0.25061625,0.20521574
17071,L2/3 IT,0.20913635,-0.04059516
23447,VLMC,0.4218856,0.1381024
70367,Endo,0.06761389,-0.07899211
243127,Micro,-0.1716593,-0.47478592
215310,L4/5 IT,0.25538415,0.26157683
276211,L5 ET,0.039874785,0.40360665
23527,L6 IT,-0.007709304,0.17619966
23545,L6 IT,-0.100370355,0.026064085
23553,L2/3 IT,0.3390931,0.24269156
276198,Micro,-0.35007435,-0.15202998
23636,Endo,0.31304902,-0.16398413
23715,L5 IT,0.05991798,0.13172363
70267,Endo,-0.33882862,-0.31073192
231011,Endo,0.37600833,0.3654021
11821,L2/3 IT,0.252618,-0.19335811
23746,Micro,0.018427243,-0.17051937
23306,Endo,0.37356693,0.1802908
23192,Endo,-0.04123283,-0.31027722
231366,Astro,0.34723997,0.23775618
276355,L6 CT,-0.25650215,-0.20016278
22817,Oligo,0.21136837,0.4186201
22860,Pvalb,-0.07557035,-0.33937252
22878,Sst,0.15144919,0.36913234
22881,SMC,-0.1318428,-0.423441
215237,Peri,0.14937036,0.39668262
70547,Astro,-0.22415812,0.35441107
215239,L5/6 NP,-0.078318365,-0.078720346
239862,Micro,0.11893254,0.09160887
231317,L2/3 IT,0.05556374,-0.36233622
215254,Astro,0.22914921,0.16762893
17119,L2/3 IT,0.29215115,-0.14853792
276320,L6 CT,-0.26685798,-0.3360792
23069,L6 IT,-0.17398416,-0.067955
70511,Endo,0.19507764,0.16194169
23177,Astro,-0.2571823,0.43523586
23298,Oligo,-0.2706687,-0.101862326
25233,L4/5 IT,0.017472407,-0.28976285
70254,Endo,0.073265485,-0.34319925
23791,PVM,0.38079035,-0.06945188
16902,L4/5 IT,0.14899765,-0.13638856
24696,L4/5 IT,0.26742804,0.442712
24767,VLMC,0.4213003,0.108701035
24831,L5 IT,-0.16908382,-0.35209596
276031,Vip,0.29597878,-0.1279694
24909,L4/5 IT,0.2681889,0.3868214
276020,L5 IT,-0.09387613,-0.08553456
24931,L2/3 IT,0.24749915,-0.17771094
24962,Astro,-0.334504,0.44732934
230617,Peri,0.30433542,0.10013907
276011,Oligo,-0.312055,-0.17562906
69900,L5/6 NP,0.163581,0.3972485
25063,L5 IT,-0.14836968,-0.068682894
69875,Vip,0.29943424,-0.06841014
69836,L2/3 IT,0.14688955,-0.4382121
69835,L2/3 IT,0.22043292,0.12592088
230525,OPC,-0.0513053,-0.4694132
24641,VLMC,0.40626663,0.042771384
70248,Astro,-0.2684013,-0.06619792
70025,L2/3 IT,0.22794138,-0.19883038
24397,L6 IT,-0.15257575,-0.07415737
23808,L4/5 IT,0.14220564,-0.012260957
23817,L5 IT,-0.025770048,-0.19986738
17007,L4/5 IT,0.149042,0.018084632
215344,Peri,0.18315886,0.120674536
23907,L5/6 NP,0.14980505,0.40386248
24001,L4/5 IT,-0.09453792,-0.40339616
24012,Endo,0.14942323,-0.48354736
240549,L5 IT,0.0805118,0.30434692
24097,L5 IT,-0.39241567,-0.45354137
24114,Oligo,-0.12182326,0.40043974
70130,L2/3 IT,0.2871499,-0.16151185
240562,L4/5 IT,0.12509738,0.042446002
70119,L6 CT,-0.37168026,-0.31970984
240567,L5 IT,0.18071435,0.48295444
70072,L6 CT,-0.35580727,0.49303705
24312,L6b,-0.20493205,0.34446418
70068,L5 IT,-0.25790042,-0.49333107
240589,L6 IT,0.11066031,0.4230547
225212,L6 CT,-0.1430824,0.35963976
27376,L2/3 IT,0.02989017,-0.4612034
27413,L6 CT,-0.15416391,0.0673614
228708,Lamp5,0.31062126,-0.22827964
228704,Pvalb,-0.3317665,-0.32204375
30632,L6 IT,0.05547916,0.33295447
30656,Astro,-0.1801324,0.386297
216115,Astro,0.16968314,0.113680586
274940,Oligo,-0.27089703,0.33878523
67872,VLMC,0.42057818,0.13529794
30862,Astro,0.42547238,0.49140316
30875,L4/5 IT,-0.0112016,-0.4085273
228614,L5 ET,-0.11430491,-0.37232003
228606,L6 IT,-0.4419096,-0.39406314
30921,Micro,0.39424378,0.2310311
30924,L6 CT,-0.08674321,0.45041686
30951,PVM,0.074459784,-0.46540612
274908,Oligo,0.1908683,0.25412107
67754,Micro,0.25804973,-0.4020356
228599,L2/3 IT,0.25606662,-0.26668516
67928,L6 IT,-0.05201406,0.11438607
228597,VLMC,-0.33437937,-0.16680814
30525,Micro,0.13700502,0.29165208
30487,L2/3 IT,0.109911494,-0.4901094
275085,L6 CT,-0.05575315,0.42213643
216065,Astro,0.087262444,0.4438985
30027,L6 IT,-0.18987562,0.01552354
68033,Vip,-0.2049795,0.27921426
30070,L6 CT,-0.1274973,0.27078462
16228,L6 CT,-0.2258626,0.49195093
228818,Peri,0.18409579,-0.40917784
30128,L6 CT,-0.17470588,-0.13024436
30233,Astro,0.027556887,0.40549505
30236,L2/3 IT,0.25695723,-0.31512523
67999,Micro,0.4346012,0.2486087
16200,L2/3 IT,0.18316846,-0.1229303
216085,L6 IT,-0.03506822,0.11922561
274998,Micro,0.113476686,0.017620431
216103,Vip,0.22754924,0.32841313
67946,L6 CT,-0.25270805,0.43992102
30433,L6 IT,-0.011893759,0.056133255
228712,Astro,0.04632955,0.44111305
29997,Peri,-0.009861866,-0.050704762
67735,Sst,0.21152274,-0.3425137
228574,Endo,-0.03794671,-0.25640282
31659,Oligo,-0.16985868,0.1862906
31667,L2/3 IT,0.2872715,0.23810469
31771,L2/3 IT,0.24871098,0.18245606
31773,L4/5 IT,0.07649707,-0.20703863
31792,Peri,0.042110376,0.020686077
234920,Pvalb,-0.0964765,-0.20155178
31860,Oligo,-0.4682981,-0.25752735
31980,Endo,-0.4102741,-0.31631616
31990,Astro,0.29761404,0.39551252
67463,Oligo,-0.1082244,0.16150211
32072,L6 IT,-0.015816579,0.13207643
32081,Endo,-0.37167758,-0.03608997
228230,L2/3 IT,0.24623464,-0.32743007
16024,Astro,-0.053228237,-0.21156867
242994,L2/3 IT,0.3751372,0.32903212
67423,L6 IT,0.003654888,0.36314195
67395,L2/3 IT,0.30877602,0.331531
31644,L6 CT,-0.20310654,-0.37436008
31017,Pvalb,0.012046924,-0.2616123
31616,Endo,0.26352668,0.2716444
228394,L6 IT,-0.39429852,-0.3537287
31059,L6 CT,-0.1306762,0.4236939
31087,L6 CT,-0.17417525,0.46895683
228567,Endo,0.2062838,-0.19722213
31113,L6 CT,-0.3776184,-0.39089748
228552,L6b,-0.26911545,-0.017116798
228542,Endo,0.20766501,0.19383202
274838,L4/5 IT,0.25468266,0.3862561
268642,Vip,0.11125218,-0.41033116
31303,Endo,-0.036630817,-0.007992728
216197,Peri,0.12816916,0.06821881
274819,L5 IT,0.030028334,-0.16082625
216199,Endo,0.24112616,-0.35857058
31475,L2/3 IT,0.29005384,-0.13852642
67639,OPC,0.14382325,-0.26182395
31537,Oligo,-0.30265868,0.32690096
67618,L5 IT,0.2557549,0.44293517
31563,Oligo,0.05587279,0.006916927
274783,Sncg,-0.069745995,0.35166526
16548,L2/3 IT,0.27491707,-0.28498363
16239,L6 CT,-0.2715497,-0.3952523
29908,L6 IT,-0.24609657,-0.1771463
28114,Lamp5,0.24762528,-0.44477746
68698,L6 IT,-0.26898837,-0.16439839
68669,Micro,-0.06456626,0.010671483
28238,Pvalb,0.15269886,-0.0944791
229346,L6 IT,-0.056197353,0.13101946
28344,VLMC,0.3389446,-0.097648904
28391,Endo,-0.063282706,0.050268576
275389,L6 CT,-0.39590877,-0.27998984
275388,Sst,-0.46421972,-0.40041694
229321,OPC,-0.3005919,0.4753157
277545,Peri,-0.07462741,-0.47378835
275370,PVM,0.2097783,-0.006839497
277556,L6 CT,-0.16135289,0.43193293
229293,L6 CT,-0.20642771,-0.07783271
28558,Vip,0.27076107,0.12966971
275362,L5 IT,-0.22560285,-0.4569561
275358,PVM,0.24731539,-0.47812277
28096,Astro,0.13269632,0.29875004
16415,L5 IT,-0.13414209,-0.18415274
240838,Astro,0.051656894,0.28279996
229476,Endo,0.1134324,0.11443095
68924,OPC,-0.452446,-0.23666094
27524,L5 IT,0.0650503,0.1514409
239878,Astro,0.27191454,0.23708783
68871,Endo,0.31983316,-0.27428544
27659,L6 CT,0.032548003,0.10809456
68869,L2/3 IT,0.31523955,0.28489268
268460,Endo,0.15817104,0.3253473
27691,L2/3 IT,0.31958342,0.09021108
215816,Pvalb,-0.058886744,-0.15215291
68819,L6 CT,0.00714927,0.32130468
229537,L4/5 IT,0.18814485,0.21040903
27916,L5 IT,0.015414229,-0.097134635
215842,Oligo,-0.23165043,0.18943553
240830,Micro,0.025252035,-0.4043791
229492,Endo,-0.024037043,0.030831324
229487,L4/5 IT,-0.01880894,-0.41377726
229483,L6 CT,0.03602951,0.4782341
28063,L6 IT,-0.35617954,-0.28146312
29962,Astro,0.3291859,0.48605847
28617,L6 IT,0.025696805,0.2773676
28673,L5 ET,-0.12318892,-0.15092666
229056,Endo,-0.37830323,-0.024643732
216004,L5 IT,0.049855463,0.1349874
68275,L6 CT,-0.21285875,-0.276057
68237,L6 CT,-0.3871197,-0.34779117
29490,L5 IT,-0.3243242,-0.4473194
29552,L6 CT,-0.10389323,0.09350519
68214,L5/6 NP,0.06653916,0.45248866
228996,L5 IT,-0.19154881,-0.2168114
275199,OPC,-0.0011555348,-0.2755667
29599,Endo,0.17015795,0.06560646
233507,VLMC,0.40909535,0.06608598
29604,L6 CT,-0.08416713,-0.1617149
228983,L5 IT,0.22188829,0.46179265
29661,L6 CT,-0.08580155,0.3926537
16266,L2/3 IT,0.27789986,0.1030464
29782,L2/3 IT,0.20975505,-0.27311587
16246,L6 CT,-0.1758412,0.24606173
229071,Oligo,0.15713446,0.40604842
229251,Astro,-0.26128298,-0.34731954
29298,Lamp5,0.36103362,0.48483205
275249,L2/3 IT,0.23503499,-0.13760395
28766,SMC,-0.13690482,-0.47185668
215938,Astro,-0.0716042,-0.20238705
68438,L4/5 IT,0.25162393,0.36624116
16364,L2/3 IT,0.30579907,0.1481214
68434,L5 IT,0.13003765,0.2924034
229202,Endo,0.18350147,-0.049595818
28925,L2/3 IT,0.23606955,-0.075347826
277567,L6 CT,-0.13449751,0.27745146
215971,L5 ET,0.06141763,-0.07061584
16354,L2/3 IT,-0.12273828,-0.46987337
28997,L6 CT,0.022458604,0.41246903
229145,L6 CT,-0.31178832,0.43934083
29135,Astro,0.087182395,-0.2781181
234964,Endo,-0.18334495,0.111068234
275260,OPC,-0.017656932,0.37168497
229097,Oligo,-0.1286666,0.14557336
275257,L2/3 IT,0.3707599,0.37373036
68296,L5/6 NP,0.058815412,0.09544073
40729,L5 IT,0.115822785,0.20738749
40735,Peri,-0.19567649,-0.32375044
40745,L4/5 IT,0.2546984,0.4866997
221206,Astro,0.3922907,0.12183528
60788,L6 CT,-0.16167818,-0.03916885
52432,Micro,0.1519038,0.29624242
221177,L4/5 IT,0.045005016,-0.28230184
271267,VLMC,0.26325464,-0.44616753
52553,L6b,-0.4234784,-0.266383
52575,L2/3 IT,0.3127032,-0.0017666947
52641,Oligo,-0.15301786,0.35457492
271242,L5 IT,-0.11512954,-0.21026896
52662,L5 IT,-0.016430954,-0.019432617
52698,Astro,0.037557296,0.45546812
52737,L2/3 IT,0.20775716,-0.3607091
60653,Endo,0.3939126,-0.0043771397
269893,L5 IT,-0.30726868,-0.50279516
221075,L6 IT,-0.06579269,0.37338746
52818,Astro,0.23401777,0.06713806
60623,L5 IT,0.007921567,-0.1424451
60819,L6 CT,-0.20175011,-0.13820417
271212,L6 CT,-0.08595679,0.48198956
218568,L2/3 IT,0.19142722,-0.20118289
221243,L2/3 IT,0.3000037,-0.11865114
51854,L4/5 IT,0.23680536,0.13585792
51866,L2/3 IT,0.21374504,0.089207515
221428,L6 CT,-0.22366123,-0.0014986526
51879,Oligo,0.12876765,0.10263078
218527,L2/3 IT,0.42880404,0.46963936
51958,L6b,-0.23182024,0.11563037
51971,SMC,-0.14949916,-0.45718896
60929,Endo,0.105062895,-0.30595857
60909,L2/3 IT,0.21122502,0.039817974
234276,Endo,-0.122197725,0.35344177
52107,L6 CT,-0.10305763,0.43146276
52131,L6 IT,-0.4241633,-0.3873425
221305,L4/5 IT,0.020537188,-0.30719805
60874,L5 IT,-0.22599964,-0.15267755
13854,Peri,-0.16533236,0.47704148
52237,L4/5 IT,0.18789206,0.2352268
52253,L6 IT,0.09946632,0.38982713
60831,L5/6 NP,0.13695996,0.27549553
51840,Pvalb,0.053862266,-0.33159772
60605,L2/3 IT,0.31623483,0.38083065
52895,SMC,-0.20072086,-0.46835285
13716,L6 IT,-0.23463298,-0.3743988
53590,L4/5 IT,0.20651196,0.30110955
60387,L6 CT,-0.22428252,0.43632096
218697,Endo,-0.032105513,0.3875634
13660,L4/5 IT,0.3019517,0.4469164
53728,VLMC,0.34834212,-0.2441004
53751,L6 CT,-0.16305588,-0.0066300165
220754,L6 IT,-0.23698749,-0.20779096
53792,SMC,0.48774898,0.40241754
53807,Oligo,-0.11642475,-0.22412078
53849,L4/5 IT,0.14789055,-0.28046232
60301,Oligo,-0.114572145,-0.5025324
60289,L5/6 NP,-0.28918856,-0.44790912
53934,OPC,0.11853116,0.06485067
269947,Pvalb,-0.43006277,-0.33464494
60253,L5 IT,0.17865579,0.3779559
60218,L4/5 IT,0.10872292,-0.20148738
53559,Oligo,-0.28149417,-0.08148031
52866,Pvalb,-0.05972842,0.07602988
271070,L2/3 IT,0.32949048,0.2169656
60430,L6 CT,-0.27925903,0.4249208
52972,L5/6 NP,-0.05916331,0.22301988
277921,Pvalb,-0.36186898,-0.45370764
271190,Endo,0.33762532,0.057619497
60583,L6 CT,0.010055086,0.4850499
53002,L2/3 IT,0.037859492,-0.5033079
278029,L6 CT,-0.16460572,0.32444924
13765,L6 CT,-0.396436,-0.39073172
53157,L6 CT,-0.08379174,0.28281742
60521,Micro,-0.1478845,0.13453655
60519,Micro,0.14990775,0.09081094
60516,Endo,-0.114729114,-0.0016234051
60502,Oligo,-0.1424339,0.38759613
53344,Endo,-0.0031714235,0.09142099
53346,L2/3 IT,0.39478213,0.43671137
53364,L4/5 IT,0.120597295,-0.077184215
220870,Oligo,-0.24569674,0.26172727
53433,Astro,0.1472805,-0.19437976
53467,L4/5 IT,0.06048613,-0.2573638
60215,L6 CT,-0.13212384,0.3214932
51800,Lamp5,0.21296774,0.06546061
277903,L4/5 IT,0.09423696,-0.22864778
14068,L4/5 IT,0.0020785239,-0.33741438
61441,Endo,-0.3072188,-0.19519196
221915,L6 IT,-0.21151821,-0.15364198
61422,L5 IT,0.10885071,0.15052645
221914,L5 ET,0.21949492,0.4711336
50384,L5 ET,0.08849507,0.32523304
50510,PVM,-0.12184263,0.32717186
61345,L2/3 IT,0.32409376,0.020567821
50582,L6 CT,-0.3515492,-0.38940257
50592,L6b,-0.29214284,-0.07595654
50603,L4/5 IT,0.10714512,-0.25326324
61320,L5 IT,0.062034957,-0.07904835
14031,L2/3 IT,0.20652305,0.08962844
14030,L5 IT,-0.13059293,-0.27414787
50660,Endo,-0.022067407,-0.14923058
14023,Astro,-0.31221864,0.47798467
221756,L2/3 IT,0.2503476,0.17225932
50307,L2/3 IT,0.33375078,0.13050209
271585,L4/5 IT,0.039722852,-0.34682226
61463,L6 IT,-0.13581248,0.16321217
50296,Endo,-0.34905595,-0.17195065
49852,Oligo,-0.2036734,-0.12712173
49870,L6b,-0.20606376,0.17962675
222078,L6 CT,-0.20124204,0.20062326
61636,L2/3 IT,0.35063934,0.38357747
242701,L6 CT,-0.20442794,0.079182014
14105,L6 IT,-0.46027333,-0.47006443
222042,Vip,0.18861507,0.1390634
222023,Astro,-0.26838356,-0.07018013
50077,Astro,0.20773987,0.14514045
61591,L5 IT,-0.22633694,-0.15549053
61585,L5 IT,0.17119949,0.3853712
218371,VLMC,0.45499372,0.29247862
50136,Peri,-0.24115093,0.46387887
50145,Sst,-0.11614827,-0.32012838
234664,L6 IT,-0.21413483,-0.15086426
61525,Peri,-0.13981344,0.2870258
221949,Lamp5,0.21479593,-0.43724954
61465,L2/3 IT,0.30166763,-0.05892481
13899,L5/6 NP,-0.3080293,-0.43908328
12839,Astro,0.16567807,0.1492288
50877,Oligo,0.3838904,0.08688156
51536,Peri,-0.23249163,0.43827456
61056,Astro,0.3285728,0.3622313
51557,L4/5 IT,0.19406216,0.12083088
61044,L2/3 IT,0.23582976,-0.23129179
221528,Pvalb,-0.21119489,-0.19622235
271441,Astro,0.12287765,0.1803063
61039,Sst,-0.057593025,0.03297089
61036,Oligo,-0.24538417,-0.18497585
13930,L4/5 IT,0.05976241,-0.28657734
51674,L5 IT,-0.21578409,-0.33001193
221497,L6 IT,-0.0060491953,0.42473012
51728,L6 CT,-0.26400146,-0.2352428
51730,Endo,0.0033154394,-0.36427417
51739,Micro,0.40659988,0.19102006
51759,L5 IT,-0.20116518,-0.4880515
51760,Endo,0.23092954,-0.4372786
13911,Oligo,0.29577917,0.20528208
51518,Endo,0.24244379,-0.3357849
61244,L2/3 IT,0.07562923,-0.37759677
61069,OPC,0.3134709,-0.11435582
51441,L2/3 IT,0.015113434,-0.43376988
13997,Astro,0.16283147,-0.14818318
50939,L6 CT,-0.050463147,0.44281054
50980,L2/3 IT,0.29600728,0.36552852
50992,Lamp5,0.14277051,0.22377132
221699,L4/5 IT,0.1910892,0.3023969
61207,Sst,0.21539663,0.15447132
51058,L4/5 IT,0.22436558,0.14472817
51142,Lamp5,-0.30696613,-0.11892919
51186,L2/3 IT,0.27337283,-0.06206633
51201,L6 IT,0.07578402,0.38268596
51216,Micro,-0.11166153,0.21521096
221635,Endo,0.34001756,0.22413783
221611,OPC,-0.19514062,0.26793814
242148,L6 CT,-0.30365875,-0.3315658
51311,Oligo,-0.3654644,-0.32820758
51321,L6b,-0.22586088,0.44245088
13947,Pvalb,-0.1477171,0.42770183
51454,L5 IT,-0.23716457,-0.4939626
49767,Oligo,-0.40089273,-0.46754485
54132,L6 CT,-0.35526028,-0.35392904
270983,Pvalb,-0.1547985,0.19117616
219880,Oligo,0.16616611,0.10081671
13056,L6 CT,-0.18043424,0.4396053
56876,L6 CT,-0.21905689,-0.07997896
56882,L4/5 IT,-0.10572866,-0.4394626
270501,L2/3 IT,0.39124745,0.43638057
59141,OPC,-0.23636188,-0.45940816
13316,L2/3 IT,0.2597791,0.17744844
56940,L2/3 IT,0.37311256,0.32501268
13074,Endo,-0.13068752,-0.09056492
59069,Micro,0.13162766,-0.003920926
57166,Endo,0.4397664,0.32419562
57182,Vip,0.18059425,0.16336672
57210,Endo,0.22481374,-0.41062447
59019,Oligo,-0.33494878,0.0010816325
270458,VLMC,0.28642726,-0.39173636
57264,Lamp5,-0.16185667,0.09781109
58996,Lamp5,0.24134223,0.23721157
219882,Astro,-0.14617066,0.29598945
58992,OPC,0.25875658,0.24815898
270534,L5 IT,0.09560811,0.016352223
270549,OPC,0.116238944,-0.3590284
59358,Endo,-0.038227983,0.41377026
220028,Sst,-0.046823718,-0.06793223
56301,L2/3 IT,0.09094565,-0.41043723
56350,L5 IT,-0.3469605,-0.35276675
56391,L5 IT,0.1485651,0.2920016
270140,L6 CT,-0.14690043,0.23563676
56401,L6b,-0.23998089,0.42292035
56444,VLMC,0.40750295,0.056459293
56455,L6 CT,-0.23723252,-0.2839437
13358,L6 CT,-0.29512492,-0.13065289
56469,Astro,0.039405577,0.3636434
13351,Astro,0.20251541,-0.44161433
219944,Endo,-0.110181876,0.2575006
270597,Oligo,-0.36918163,-0.43677673
56532,Endo,0.2303022,-0.27538234
56538,L6 CT,-0.13690259,0.43748796
13332,Endo,-0.26716226,0.24124824
219886,L4/5 IT,0.043572895,-0.3371819
59377,Astro,-0.1404701,-0.1571198
270441,OPC,-0.02619485,-0.358087
270432,L4/5 IT,-0.015035519,-0.44118425
219319,L6 CT,-0.10269449,0.40415406
270336,L6 CT,-0.29163545,0.49266988
219556,Endo,0.27341354,-0.25046608
58132,L6 CT,0.10156607,0.31122762
239963,L6 CT,-0.2642033,-0.44413024
58209,L6 CT,0.087799005,0.35798627
58262,L4/5 IT,0.14278607,-0.10361488
58293,Lamp5,-0.032301404,-0.34688756
270309,Peri,0.15965961,0.36059225
219504,L4/5 IT,0.06950062,-0.05021678
242514,Oligo,-0.21368094,0.35961807
58355,L6 CT,-0.13835351,0.07042657
58620,Oligo,0.018807104,-0.35863286
58417,L4/5 IT,-0.030181685,-0.4599936
13145,L6 CT,-0.14380737,0.093638286
58585,L6 CT,-0.21874584,-0.2102059
219396,Astro,0.43204474,0.4037282
57908,Endo,0.08058774,-0.12715225
13279,L5 ET,0.065708034,-0.027390106
57887,PVM,-0.12107969,-0.505524
219636,Oligo,-0.037871607,-0.50391334
13091,Astro,-0.23969288,-0.50558615
57444,L2/3 IT,0.2654572,-0.244047
57489,L6 CT,-0.22935502,-0.386385
57491,SMC,-0.26304942,-0.41131902
57510,OPC,0.11941969,-0.2166362
219275,Vip,-0.12614869,0.4827662
219694,Astro,-0.097169735,-0.33415815
219280,L6 IT,-0.2710443,-0.1968716
219689,Endo,-0.24886991,0.36668152
219688,L6 IT,-0.03329272,0.26862442
270396,Endo,0.089308016,0.07596825
219675,Astro,0.22132073,-0.3569793
57668,OPC,-0.022420833,0.41913915
270369,L6 CT,-0.15313794,0.32991844
57722,L2/3 IT,0.16881727,-0.07540782
234502,Endo,0.10951763,0.40128118
57782,Astro,-0.17517425,-0.2985472
57883,L5 ET,-0.14271809,-0.32109725
239953,L6 CT,-0.19472457,0.08109598
219097,L5 IT,0.12548397,0.33002824
59428,L5 IT,0.20559226,0.45486158
220569,L6 CT,-0.17374565,0.19240646
54608,L5 IT,-0.2246765,-0.36290342
54659,VLMC,0.24674283,-0.48236972
13545,L5/6 NP,-0.03409151,-0.19173194
54699,L2/3 IT,0.418638,0.48838508
54732,L6 CT,-0.2082106,-0.273692
270905,Astro,-0.14023952,-0.4754339
59928,OPC,-0.27467233,-0.07335766
59919,L2/3 IT,0.4049539,0.4757074
54830,L6 CT,0.053882353,0.468176
54853,Astro,-0.30409223,0.45042282
218842,L6 IT,0.0030784514,0.4616254
59883,L6 CT,-0.30019802,-0.47679234
54938,L6 IT,-0.033009447,0.44011062
54967,SMC,-0.12706362,-0.28366894
59857,L2/3 IT,0.06470763,-0.38853484
220452,L5 IT,0.19221048,0.37856013
218816,Oligo,-0.13378958,0.3274653
55016,Sst,-0.1955965,-0.25340903
218814,Peri,-0.03027896,0.12533526
54474,L4/5 IT,-0.12788121,-0.4022853
60167,L4/5 IT,0.035556965,-0.2996068
54247,L2/3 IT,0.08440297,-0.4357552
60139,L5 ET,0.12780611,0.18875633
54275,OPC,-0.13111936,-0.042837873
60127,L2/3 IT,0.25331253,0.080203876
270971,Peri,-0.26436776,-0.28337014
60123,L6 CT,-0.08403749,0.24520712
54302,Oligo,-0.03466267,0.19810091
54349,L6 CT,-0.28583878,-0.12156008
54382,L5 IT,-0.32106692,-0.40119416
270950,L6 IT,-0.14199133,0.1429209
54437,L2/3 IT,0.40763366,0.46897763
220598,L6 IT,-0.13686837,0.14205478
269977,Micro,0.11166894,0.38950652
218794,L6 CT,-0.20881377,-0.26598394
54461,L6 CT,-0.36795136,-0.43493646
54471,L6 CT,-0.3993911,-0.41334885
54524,L6 CT,-0.22653039,0.013057457
56175,VLMC,0.35846454,-0.20171438
218853,L6 CT,-0.25130537,0.4883678
55057,L4/5 IT,0.1806237,0.25130302
13407,L2/3 IT,0.27032274,0.15457891
55794,Pvalb,0.041766994,0.31108522
55807,Lamp5,0.31987333,0.1981828
13406,L5 IT,-0.06842471,-0.09505598
220211,L5 IT,-0.22792815,-0.3594529
218991,L5 IT,0.14281313,0.23514561
220202,L5 IT,-0.07419372,-0.26463938
55896,Endo,-0.2814568,0.48046416
55922,L5 IT,0.008701464,0.051222965
55966,L6 CT,-0.15905665,0.29003274
55993,L6 CT,-0.1981874,0.19593148
59504,Peri,0.039788477,-0.053152278
219041,Peri,-0.110249616,-0.44789454
220129,L6b,-0.19252948,0.2844994
56106,L4/5 IT,0.27021027,0.33175087
220112,L2/3 IT,0.36612588,0.28327668
219074,Endo,0.4050249,0.13037042
270716,VLMC,0.38796377,-0.04422231
55035,L6 CT,-0.31908673,-0.30039856
59627,L5 IT,-0.012720862,-0.25146756
270057,Micro,0.46006745,0.3662889
59815,Micro,-0.2943671,-0.20733966
55124,L6 CT,-0.12704189,-0.17652379
55156,Astro,0.44936538,0.41880065
13497,L2/3 IT,0.3439967,0.23145394
59797,L4/5 IT,0.054253213,-0.27351
270835,OPC,-0.14184473,0.04254
55240,L6 CT,-0.4457259,-0.4094618
220397,L6 CT,-0.10928682,-0.1142026
59755,L2/3 IT,0.26110643,0.08450483
270822,Sst,-0.05074466,0.04949753
220373,L6 IT,-0.42151073,-0.32156903
55518,Astro,-0.033160724,-0.3876254
59689,L6 IT,-0.16144352,-0.2381875
220327,L2/3 IT,0.2679119,0.01111977
220322,L2/3 IT,0.30292165,-0.14895086
234436,Lamp5,0.41341645,0.26629543
55595,L5 IT,0.06891846,0.0019575823
55710,VLMC,0.2969228,-0.37322596
215217,L2/3 IT,0.19462238,0.096852705
218336,L6 IT,-0.16492693,0.029638695
61676,Oligo,-0.22469927,0.30160093
269455,Endo,0.43440145,0.38630968
43665,Endo,0.044577233,0.08000104
43674,Micro,-0.07706518,-0.41923004
224067,L4/5 IT,0.071459405,-0.20943104
234040,Astro,-0.062945165,0.39433753
43765,L4/5 IT,0.102091126,-0.049229935
241716,L5 ET,0.026831439,0.37463498
43838,L5 IT,-0.0029785726,-0.24665676
272656,L6b,-0.22171916,0.18249045
241719,L4/5 IT,-0.035156883,-0.34175658
43955,L5 IT,0.15561692,0.27716732
241720,Astro,0.29830712,-0.24168615
63527,L4/5 IT,-0.02868695,-0.49873978
44009,Pvalb,0.16645084,-0.25572568
63515,L5 IT,0.050151877,0.08830665
223958,Sst,0.027713051,-0.011211885
278094,Astro,-0.12693174,0.20255123
43659,L4/5 IT,-0.1334068,-0.5040355
272623,Micro,-0.27709913,0.30598998
43658,Oligo,-0.26586434,0.064503714
272713,Endo,0.30200744,-0.20569505
217520,Peri,0.16957127,0.30017447
43080,Endo,-0.03865335,-0.3323403
43100,L5 IT,-0.09722508,-0.25070927
224283,L5 IT,-0.18779956,-0.3611356
272778,L2/3 IT,0.21544336,-0.3067183
43324,Oligo,-0.095628865,0.10268836
14806,L6 CT,-0.14582221,0.48161328
63737,L2/3 IT,0.1430429,-0.4274983
224215,L2/3 IT,0.2373719,-0.25446525
272724,L2/3 IT,0.17510466,-0.2438751
43474,L5 IT,0.024426034,-0.069949344
241690,Peri,-0.07930849,-0.42187342
63660,L4/5 IT,0.21311747,0.42612582
14792,L2/3 IT,0.2593115,-0.20196207
43549,L6b,-0.16996835,0.3511669
224144,L6 CT,-0.18626828,0.30975425
43555,Oligo,-0.29439563,-0.111087695
43601,VLMC,0.23468553,-0.5045616
63893,PVM,-0.10781897,-0.42758006
44033,OPC,0.31598228,-0.18686529
44105,Endo,-0.21525286,0.4500147
217758,L2/3 IT,0.38731796,0.39009285
223714,L2/3 IT,0.11466091,-0.34050232
223708,L5 IT,-0.09898541,-0.26419294
44715,L5 IT,0.13039808,0.12588386
14676,L6 CT,-0.28539467,-0.47186562
223689,L6 IT,-0.29078174,-0.14820947
44936,L6 IT,0.059044413,0.31803358
44988,L2/3 IT,0.19714622,-0.32846367
45008,L4/5 IT,0.15250157,-0.037973955
45034,L4/5 IT,0.23704986,0.38777983
45049,L2/3 IT,0.2860688,-0.16812287
45112,L6 IT,-0.21190517,0.054973647
242764,L5/6 NP,0.012965342,0.3776844
63124,L2/3 IT,0.19260226,-0.38455296
45181,L6 IT,-0.25280407,-0.27759624
45190,L5 IT,0.016013166,-0.23559888
63076,Endo,-0.1407399,-0.2955671
223726,Astro,-0.021120945,-0.36025923
44052,L4/5 IT,0.06740331,-0.1752053
14685,L2/3 IT,0.18687157,-0.33679563
44520,L6 IT,0.017531028,0.18781488
44115,L6 IT,-0.43273792,-0.32126158
234047,L2/3 IT,0.2515868,-0.25229567
44166,L6 IT,-0.20938493,-0.13885133
63440,Oligo,-0.2373019,0.3034277
63431,Endo,0.35399395,0.16469179
234749,Oligo,-0.041810192,-0.4287325
223851,L4/5 IT,0.1988381,0.1980608
44336,L6 CT,-0.059617676,-0.034756556
63376,Oligo,-0.25632954,0.19808482
44382,L5 IT,-0.17817585,-0.4807574
234057,L6 IT,-0.25279027,-0.16043241
217727,Oligo,-0.17982896,0.13262694
44433,Oligo,-0.048716612,-0.39879265
63324,Peri,0.022301963,-0.025063558
44465,OPC,-0.07845212,-0.3591811
223790,Astro,-0.2654629,0.20387952
44517,L5 IT,-0.14450596,-0.36154336
63276,L6b,-0.20264928,0.30777645
45232,L6 CT,-0.03674201,0.22157286
42863,L2/3 IT,0.27596712,0.3377173
224400,L5 ET,-0.10677827,-0.29393196
224996,L5 IT,0.19671766,0.39378303
41372,L4/5 IT,0.3121618,0.4493835
41404,Endo,0.2699694,0.48608857
273080,L4/5 IT,-0.060528614,-0.48580313
41455,L6 CT,-0.06427506,0.2549026
217356,L2/3 IT,0.23717634,-0.27362677
217366,L2/3 IT,0.120197825,-0.47641435
273071,OPC,-0.21194313,-0.09351899
41543,L6 CT,0.15997241,0.4721831
224920,L6 CT,-0.08290697,0.32432187
41579,L6 CT,-0.2717123,-0.31193405
217380,L6b,-0.20564596,0.36394346
224909,Astro,-0.21512611,0.3976547
41594,L4/5 IT,0.25447905,0.4388492
64260,L6 CT,-0.12536494,0.026718663
273056,Astro,-0.15336592,0.4512288
273052,L2/3 IT,0.40181214,0.40933734
41327,L5 IT,-0.015524009,-0.08484839
41648,L5/6 NP,-0.060157426,0.21572082
41290,L6 IT,-0.09298117,0.020273672
273131,Endo,0.0611664,-0.37956837
269296,L4/5 IT,-0.041619815,-0.4687936
225205,L4/5 IT,0.2051401,0.29310566
64524,L2/3 IT,0.40095013,0.25084138
225201,Oligo,-0.18604614,0.22160648
40770,L5/6 NP,0.1497231,0.3771088
225189,L2/3 IT,0.14810865,-0.1454428
40873,Micro,0.21261476,-0.42943895
40885,L6 CT,-0.15644787,0.043900415
40929,Vip,0.30313843,0.17370664
40968,L5 IT,-0.3402237,-0.41898435
225115,Micro,-0.17631517,0.13076435
15058,Endo,-0.22435002,0.28942484
41039,L6 CT,-0.29993123,-0.2509003
41041,Astro,-0.15487383,-0.37833875
41045,Oligo,-0.1340762,-0.07801665
273132,L6 CT,-0.2454002,-0.1587234
225088,L6 IT,-0.29061517,-0.15247206
41289,Endo,0.081160896,-0.42432553
14860,L2/3 IT,0.3089627,0.14656608
233954,L6 CT,-0.059066363,0.4521261
273049,L6 IT,-0.354525,-0.3337209
42232,L2/3 IT,0.067996316,-0.33654606
224569,L6 CT,-0.2408192,-0.11796199
42296,Peri,0.23487662,-0.15810476
12456,Pvalb,-0.020499209,0.19307111
42300,Pvalb,0.13286577,-0.09935327
217440,Sst,-0.16014771,0.2817822
42347,Oligo,-0.11949725,0.49094403
241617,Endo,0.34983718,0.49196678
14903,VLMC,0.47051144,0.34594387
14901,L2/3 IT,0.31588978,-0.074022725
224492,Micro,0.087966256,-0.45467782
64046,L6 CT,-0.38815704,-0.27527824
224452,OPC,0.38381726,0.2645707
42720,L5 IT,0.058231585,-0.08699225
42748,Sst,0.19507079,0.110137984
42769,Pvalb,0.0005160477,-0.36176986
42785,L2/3 IT,0.13859825,-0.4926088
224641,L4/5 IT,0.22364269,0.1501876
217388,PVM,0.12889938,0.45295906
42174,L5 IT,0.05575096,-0.15237586
224653,Astro,-0.36930475,-0.38133538
241573,Vip,0.32875627,0.09203564
41768,Endo,-0.3302672,0.37223554
41774,Astro,0.33233124,-0.21299346
241579,L6 CT,-0.07909558,0.28522265
224793,L6 CT,-0.21378826,-0.3049711
241583,Astro,0.3484826,-0.07588528
41881,SMC,-0.06056402,-0.20245974
277731,L6 CT,-0.0805069,0.47408718
41930,Micro,-0.15889184,0.44170934
224757,L2/3 IT,0.31777906,0.40900433
272999,L4/5 IT,0.29781282,0.37330395
224754,VLMC,0.50537455,0.42854035
41945,L4/5 IT,-0.019506136,-0.45848563
41958,L5 IT,-0.28630853,-0.4615063
224712,Sst,-0.009022871,0.22056822
42030,Pvalb,0.3060363,0.16239308
224697,L2/3 IT,0.28772414,0.26578492
272967,L6 CT,-0.40795544,-0.3430038
49764,L5 IT,-0.041684963,-0.038456723
45241,L6 CT,0.026860287,0.4581833
223580,Pvalb,-0.062477477,0.4786992
48137,L6 CT,-0.14567588,0.46633267
48143,Vip,0.24563448,-0.11422007
48145,L6 CT,-0.21276028,-0.20574467
48186,Endo,0.40131557,0.47467273
48239,L5 IT,0.21745484,0.3916825
48260,Pvalb,-0.19350396,0.11240576
48273,L2/3 IT,0.30008978,0.16705714
222571,Peri,-0.1270837,0.46045947
48368,Endo,0.19355373,0.4233452
62083,Oligo,-0.39377722,-0.24648757
241989,OPC,0.15330647,0.3319664
62051,L5 IT,-0.26878184,-0.373829
241990,Micro,0.23371296,-0.34441882
48505,Astro,0.32408684,0.4354164
241993,Endo,-0.3573904,-0.3271758
48532,L6 CT,-0.3153926,-0.2322173
48586,L6 CT,-0.28551826,0.45998842
62186,Peri,-0.31751877,-0.09595998
48611,L5 IT,0.029561331,0.120240495
48088,L6 CT,-0.23834486,0.45884126
62205,L5 ET,-0.035538472,0.04214655
14395,L2/3 IT,0.33695138,0.4005314
222823,L4/5 IT,0.019150278,-0.37600186
47655,L6 CT,-0.35701674,-0.3432865
218151,SMC,-0.1356207,-0.4686753
47697,L6 CT,-0.216013,0.4872839
222781,Endo,0.16406117,-0.425246
277841,Endo,-0.05965296,-0.0012136828
14382,Peri,-0.19875847,0.43280327
47737,L5 ET,-0.20125242,-0.4241942
272036,Endo,0.18143581,0.3174042
278077,Oligo,0.12385809,0.05963449
62273,Oligo,-0.088178135,0.17719053
222702,L5 ET,0.008580556,-0.21661244
47935,Vip,0.10157918,0.4291607
222661,Pvalb,-0.36050016,-0.2607847
269681,L4/5 IT,-0.027454445,-0.48759234
222650,Astro,0.26075894,-0.3910927
48071,Micro,-0.37946448,0.42399436
47481,L5 ET,-0.10205219,-0.29913747
48785,L2/3 IT,0.20386003,-0.30700678
61911,L2/3 IT,0.22306226,0.15273808
271805,Endo,-0.06487719,0.13442598
271787,L5 IT,0.17091332,0.3512798
49453,L6 CT,-0.44594115,-0.4953428
49494,L6 IT,-0.023353169,0.4645037
242026,L6 CT,-0.18128689,-0.06798394
222205,L5 IT,-0.11588267,-0.048524007
49550,L6 CT,-0.41580492,-0.3389845
49565,L6 CT,-0.23419906,0.46266848
242703,Astro,0.34462464,-0.17045774
271765,Micro,0.14599602,0.26473653
269741,L2/3 IT,0.24347411,-0.30031642
222172,L4/5 IT,0.20120113,0.2173345
49643,L5 IT,0.14200757,0.21577315
61699,VLMC,0.37438685,-0.12235187
49677,L5/6 NP,0.12897508,0.31046474
222152,Pvalb,0.016028961,0.42897338
49693,L6 CT,-0.40668356,-0.47251266
12789,L5 IT,-0.37322208,-0.501062
48833,L2/3 IT,0.121574454,-0.33277
222292,Astro,0.2493612,0.1407498
49280,Pvalb,-0.13430257,-0.20550062
48896,L6 CT,-0.15768974,0.48341423
271873,Astro,-0.26351836,0.09566967
48909,Astro,-0.31220683,-0.06489621
48969,L6 CT,-0.3217732,-0.4779196
271861,Oligo,-0.22955288,0.31697577
48975,L2/3 IT,0.1512935,-0.16892405
61876,Sst,0.2876593,0.43167442
49006,L6 IT,-0.43192673,-0.40532535
49027,Astro,-0.17118625,-0.22441761
49043,L6 CT,-0.3406117,-0.33778867
49106,Oligo,-0.29521567,0.4227807
222347,L2/3 IT,0.22891198,-0.039591625
49159,Endo,0.21999936,0.3254456
49207,Astro,0.33932447,-0.19065054
271824,Vip,0.3191133,0.35650605
49248,L4/5 IT,-0.065143384,-0.45031098
49259,Endo,0.33892256,-0.012966527
49326,Astro,0.04220455,0.38641906
223583,L2/3 IT,0.29549384,0.21658634
47466,Oligo,0.07847958,0.4647717
218137,VLMC,0.41969812,0.100493595
45880,L4/5 IT,0.272205,0.3753553
62852,L6 CT,-0.21406241,-0.25433686
45892,L2/3 IT,0.26376927,0.21800672
241839,Peri,-0.18020378,0.45200855
45924,L4/5 IT,0.24934612,0.3226353
272338,L2/3 IT,0.19490807,-0.18767251
269587,L6 CT,-0.32906437,-0.3414564
45946,L4/5 IT,-0.043396957,-0.47902742
217952,SMC,-0.14727722,-0.46368968
62809,L2/3 IT,0.13064896,-0.46632305
62786,Oligo,-0.34377134,-0.066680804
234122,L2/3 IT,0.18313728,-0.27845323
46057,L6 IT,0.043635838,0.26081705
223369,L5 ET,-0.23170896,-0.4939194
46086,L4/5 IT,-0.057477273,-0.45697233
46102,L6 CT,-0.28278077,-0.14295097
223340,Oligo,-0.2942037,-0.12045525
272359,L5/6 NP,0.035611622,0.11969696
46276,L2/3 IT,0.14325772,-0.17137168
45860,L2/3 IT,0.34541678,0.19535975
62883,L6 CT,-0.21587296,0.008154558
45293,Astro,0.3868364,0.07018535
45301,L5 IT,-0.041066743,0.16442095
217874,Peri,0.1055113,0.36317718
45325,L2/3 IT,0.23552208,-0.06525116
45328,L2/3 IT,0.071176164,-0.38050336
217878,Astro,0.24345498,-0.043050513
45381,L4/5 IT,0.17006354,-0.040859297
234736,L6 IT,-0.11404104,0.48055387
14630,L4/5 IT,0.3048836,0.4640357
45511,Endo,0.36503422,-0.13999902
217921,L2/3 IT,0.36543852,0.23789869
45592,L6 IT,-0.15088002,0.01394354
62934,L2/3 IT,0.2575596,-0.1434703
277803,Astro,0.1222254,-0.02166496
45664,L2/3 IT,0.20294492,0.054684445
272386,Endo,-0.0073473547,-0.18731348
45833,Peri,0.2655136,-0.020246042
277814,L5 IT,0.14391331,0.41066533
47432,Oligo,-0.26996973,0.3479029
46378,L2/3 IT,0.22401081,-0.24816947
223227,L6 CT,-0.2960055,-0.20357166
47065,Peri,-0.23960598,0.31705463
47069,L6 CT,-0.29635334,0.44576502
47087,L6 CT,-0.12441943,-0.022232993
47154,L5 IT,-0.0157666,-0.18668489
47174,Micro,-0.3234303,-0.1655028
47203,L4/5 IT,0.2664451,0.3734622
218104,L6 CT,-0.090810515,0.27176297
47228,Endo,0.20850961,-0.3249658
47253,Oligo,-0.12170435,0.20659308
62444,L6 IT,-0.40021002,-0.29977262
62436,Peri,0.042791836,0.023927676
222939,L2/3 IT,0.2891193,-0.07799785
14433,Oligo,-0.16655527,0.399468
47359,Micro,-0.274476,0.45058388
47365,Pvalb,0.052624397,0.36508405
269653,Micro,-0.26974127,0.03692566
222900,Endo,-0.3137163,-0.4546119
223027,Astro,-0.07559732,0.4007656
14526,Oligo,-0.3056484,-0.015707148
62505,Oligo,-0.25393552,0.30332506
62518,L5 IT,0.20077156,0.45880264
46546,L6b,-0.20212878,0.13168083
218021,SMC,-0.23401578,0.045888707
223158,Micro,0.07515382,-0.4741196
242732,L6 IT,-0.24141069,-0.18393786
223145,OPC,-0.31811845,-0.12711842
218028,L6 CT,-0.13167287,0.17077796
46713,Endo,0.06993782,-0.24700089
46724,Vip,0.03185486,-0.2887265
241870,L2/3 IT,0.24451236,-0.31216574
62595,OPC,0.41173857,0.3870232
218044,L6 IT,-0.30113208,-0.15771557
223086,Oligo,0.22045736,0.33433282
223064,L6 CT,-0.06717435,0.3471679
223057,SMC,0.48978227,0.4092303
46979,L2/3 IT,0.17831986,-0.2744566
272178,L5 IT,0.08060383,-0.061298564
223044,L5 IT,0.059944145,-0.022324814
47019,L5 IT,-0.20902295,-0.43201053
231387,L2/3 IT,0.363702,0.28538227
219376,L5 IT,0.12427949,0.08175413
20654,Peri,-0.024078617,-0.15488403
71747,L6 CT,-0.13659282,0.37788427
17765,Sst,-0.45055908,-0.3899341
21922,L6 IT,-0.24381869,-0.19849621
215003,Pvalb,0.071397,0.4088341
240299,L4/5 IT,0.14696376,-0.038730696
18571,Endo,-0.08296443,-0.029492749
71343,Vip,0.08892416,-0.18404613
232046,L2/3 IT,0.16578297,-0.19068776
17977,L5 IT,0.017361542,0.19517557
20681,L6 IT,-0.15306725,-0.08447634
17623,L5 ET,-0.18703718,-0.40085092
21181,L2/3 IT,0.05181914,-0.38270444
17598,Micro,-0.16037945,0.47067517
18466,L6 IT,-0.1797062,0.19764589
20686,Pvalb,0.094035916,0.21734045
21178,L6b,-0.1790751,0.40318024
19325,L6 IT,-0.37084502,-0.3391725
21815,L5/6 NP,-0.08218325,-0.05289887
276490,L6 CT,-0.21437414,0.4767158
20335,L2/3 IT,0.0321803,-0.39765003
72038,Oligo,0.23285125,0.29980737
20506,Astro,-0.13168396,-0.05847408
232486,Peri,0.08798265,0.3068025
71424,L6 CT,-0.17387892,-0.127885
277358,Astro,-0.12044183,0.10382883
21928,Endo,-0.31822568,0.41157264
240244,L4/5 IT,-0.0033065472,-0.43481484
231481,Pvalb,-0.07377637,-0.36903307
18723,Astro,0.40057236,0.27721334
70983,Sst,0.079941265,0.24046354
19922,L6 CT,-0.1444651,0.20158117
233218,L6 IT,-0.019394943,0.33715963
19486,L6 CT,-0.43363565,-0.36088073
277202,L5 ET,-0.018167594,0.21635865
20499,L2/3 IT,0.1605349,-0.1878076
17265,L2/3 IT,0.1877421,-0.20979594
17726,L6 CT,-0.1225479,0.4125386
232092,Endo,-0.039688714,-0.37303528
17992,L4/5 IT,0.33554053,0.46108323
71849,Peri,-0.3046642,-0.39745748
240434,Micro,0.02669244,0.39250642
18875,L2/3 IT,0.14789854,-0.4670943
18546,L6 IT,0.0533176,0.49320698
22165,L5/6 NP,-0.017235735,0.0831977
232152,L4/5 IT,0.23065786,0.20175074
18463,L5 IT,-0.40792108,-0.39224905
21233,Peri,0.0053571668,-0.13256629
232249,L5 ET,-0.030147323,0.27886826
19632,L5 IT,0.04748624,0.11661653
71833,L6 IT,-0.30085957,-0.43205523
19625,L2/3 IT,0.3041218,-0.044910893
21886,Peri,0.2578599,0.34296763
233144,L4/5 IT,0.10134881,-0.15639885
267974,L4/5 IT,-0.08866135,-0.46946758
232953,Astro,0.43087786,0.32080686
72016,Endo,0.34114206,0.45134062
231586,L6 CT,-0.24584053,0.43808872
18065,L6 CT,-0.2977232,-0.21538354
240455,L4/5 IT,0.25343376,0.4300403
232544,L6 IT,0.0317884,0.39241064
19564,PVM,0.22353052,-0.30286735
232017,L5 ET,-0.16288044,-0.37396222
232541,L6 CT,-0.06180001,0.37560606
231634,Micro,0.15184061,0.48455095
19037,Endo,0.1234551,-0.13206221
18292,L6 CT,-0.29376465,-0.21015982
21154,Endo,-0.41338524,-0.36308694
22180,L5 ET,-0.06988651,-0.33361346
276838,L6b,-0.2783926,-0.031017585
21458,OPC,-0.28327996,-0.371621
277113,Peri,0.05315595,0.25876242
20940,PVM,0.37866056,-0.04687555
276745,L5 ET,0.09377556,0.33111364
240427,Oligo,-0.31992143,-0.2521514
71169,L2/3 IT,0.3877471,0.48555565
17376,L6 CT,0.028853765,0.4393353
22507,L5 IT,-0.048818566,-0.19124122
233278,Oligo,0.0160925,0.4763981
19869,L6 CT,-0.4634084,-0.45469588
20602,L5 ET,-0.08214576,-0.34688115
232630,Oligo,0.15286975,0.3809291
71359,L5 ET,0.10793977,0.43961018
72073,OPC,-0.24782772,-0.11752032
240229,Endo,-0.078096904,0.07782583
277060,Astro,-0.10316954,-0.4294451
19309,L6 CT,-0.17920534,0.048200354
276460,L5 IT,-0.17820098,-0.29102838
20526,Oligo,-0.096958436,0.38324982
21010,Lamp5,0.00794982,0.21313088
21176,L5 IT,-0.17955728,-0.24890156
214997,Peri,-0.31230307,-0.044329807
21467,L2/3 IT,0.28397906,0.3835196
277178,L6 CT,-0.16891982,0.21913175
71039,L2/3 IT,0.19273274,0.023272322
18895,Oligo,-0.34916773,0.458695
22452,Endo,0.0561093,-0.30649683
18071,L6 CT,-0.17020197,0.21102624
22443,L5 IT,-0.11531771,-0.33252066
215018,L6 CT,-0.09205798,0.29764962
232200,L4/5 IT,0.056317084,-0.26143244
17666,L6 IT,0.09905892,0.28163904
232863,L6 CT,-0.34489357,-0.39803392
20227,L6 CT,-0.2596542,-0.18333049
18222,L2/3 IT,0.20300911,-0.035173252
21068,L6 CT,-0.0481743,0.4057802
231921,L6 CT,-0.4617802,-0.4945557
276727,L6 CT,-0.17565607,-0.28434145
19206,L6 IT,-0.06331999,-0.052323744
233151,Lamp5,-0.21844192,0.34582233
19002,L2/3 IT,0.09922045,-0.32377076
17379,SMC,0.108052365,0.2871651
215122,Oligo,-0.29697496,-0.39093614
21385,L6 IT,-0.29035902,-0.3969039
18132,L6 IT,-0.13436623,-0.028496368
22450,L4/5 IT,0.13200168,0.00029520877
240368,Oligo,-0.36980525,0.39909637
22087,Oligo,-0.33253646,-0.31794018
268187,L2/3 IT,0.21141295,-0.16618551
71244,Vip,-0.093934305,-0.015785022
21523,Peri,-0.09623975,-0.15288623
72044,L4/5 IT,0.31208843,0.41990834
214731,Oligo,-0.24407192,0.3997506
22251,L2/3 IT,0.14548175,-0.31990582
20640,L2/3 IT,0.223177,-0.0878831
231714,L4/5 IT,-0.07345248,-0.40929553
20225,SMC,0.30752027,0.43483156
278221,L6 CT,-0.2722689,0.439942
70606,L6 CT,-0.3777658,-0.36376095
231597,L5 IT,0.16233031,0.2686652
215037,L2/3 IT,0.36463898,0.3447804
22439,L6 CT,-0.0020606313,0.20947246
232934,OPC,-0.42580906,-0.3498537
21980,L5 ET,-0.02644656,-0.21357708
231668,L5 ET,0.047978453,0.41047156
20646,L2/3 IT,0.3662684,0.4052456
20394,Oligo,-0.18790726,0.42906284
20649,OPC,0.33054906,0.33188665
232932,Peri,-0.04909856,-0.15668981
232070,L5 ET,-0.07898707,0.065742776
70823,L4/5 IT,0.25211614,0.3264367
71998,L2/3 IT,0.3967178,0.4568826
21969,L6 CT,-0.46346715,-0.4837381
71542,Lamp5,0.38223612,-0.05312963
22242,Oligo,-0.4748289,-0.29553416
19706,L2/3 IT,0.11389368,-0.48519877
231557,Astro,-0.33774537,-0.35165298
71539,L4/5 IT,0.18367653,-0.0019295346
231998,Astro,-0.24099042,-0.25262868
71064,L4/5 IT,0.14739613,0.023297654
21524,L4/5 IT,0.17510264,0.13466416
22310,L5 IT,-0.047587134,-0.13728757
21943,L6 IT,-0.1998939,-0.31904298
232963,L6 CT,-0.120991625,0.3706814
276682,Peri,0.3842582,0.4598055
21542,L2/3 IT,0.35621142,0.47708368
231595,Micro,-0.11013866,0.031012403
72142,Micro,0.34146637,0.4130627
214709,L5/6 NP,-0.05673746,-0.1881281
240489,L6 CT,-0.036881126,0.3859923
21713,L6 CT,-0.14701338,0.41827857
18625,L2/3 IT,0.3052314,0.31874985
