,cell_class,coord_X,coord_Y
3548,L5 ET,-0.29831004,-0.025373673
45972,Micro,-0.49303406,0.3741035
46010,Vip,-0.47047532,0.21624231
147791,L5/6 NP,0.24767022,-0.036789156
109836,Pvalb,0.39892018,-0.2190032
196917,Astro,0.14236043,0.43378377
217948,Astro,0.4138729,0.1907937
149939,VLMC,-0.21066864,0.4803216
63284,L2/3 IT,-0.042355075,0.36448324
69794,L6 CT,0.11222325,-0.2947014
223603,L2/3 IT,-0.54510856,0.30836982
182095,L2/3 IT,-0.15889375,0.33841962
124125,L6 CT,-0.2830826,-0.13006991
238545,Oligo,-0.10788868,-0.40691084
237907,PVM,-0.13543211,-0.032365568
25227,L6 CT,0.11313681,-0.2588829
189018,Oligo,0.2889645,-0.4551874
66439,L2/3 IT,0.3764413,0.24462932
82034,SMC,-0.14517264,-0.16732371
147665,L2/3 IT,-0.19409959,0.29148877
213833,Endo,-0.41535252,0.16868699
90079,L5 ET,0.24316864,-0.030666267
230519,Astro,0.13121568,0.32322365
109832,Lamp5,0.31283373,-0.3139848
59537,L4/5 IT,-0.16178457,0.15688825
149929,L2/3 IT,0.4127341,0.2920767
44446,L2/3 IT,0.41826332,0.2303217
171168,L6 CT,0.30126733,-0.31042796
25545,Micro,-0.46171486,0.35351062
250814,Micro,0.36134547,-0.35091913
164029,L6 CT,-0.28083813,-0.14129275
211474,Endo,-0.2904808,0.19832641
223394,VLMC,-0.0107052475,0.47779983
261384,Pvalb,0.14382975,-0.2890188
145767,Endo,0.22747575,0.0076100174
63059,Astro,-0.080125675,-0.4169035
254948,L6 IT,0.19854109,-0.20940441
181885,L4/5 IT,-0.15572889,0.22105747
107055,Endo,0.2533964,-0.017338758
204117,OPC,0.16852228,0.35413694
110789,Astro,0.0072280616,-0.11751998
247239,PVM,-0.068022564,0.19472909
184139,Pvalb,0.17706887,-0.03668282
238543,Astro,0.22080706,-0.44350633
98760,L6b,0.17405824,-0.34435248
94083,L2/3 IT,-0.44732076,0.34506977
34234,Oligo,0.060247526,-0.3720191
145713,Pvalb,0.36921364,-0.052595116
12572,OPC,-0.36292565,0.28098583
227141,L4/5 IT,0.3466621,0.023167605
147069,L2/3 IT,0.20076649,0.28563976
25449,L2/3 IT,-0.11784746,0.21104246
264533,Oligo,0.073556826,-0.38980675
232909,Astro,-0.076537654,-0.2551178
97002,Micro,0.20355015,0.41838288
34264,Astro,0.33363795,0.4058689
241185,Peri,-0.19052495,-0.1386261
205981,L5 ET,0.20667778,-0.05845628
74992,Lamp5,-0.24091567,-0.07045657
45256,L4/5 IT,0.20087545,0.14119995
50468,L6 CT,0.21619932,-0.25483042
190441,L2/3 IT,-0.1731755,0.3351769
227411,Astro,0.15138946,-0.44220504
104733,Astro,-0.019871369,-0.4736005
14566,Oligo,0.0048919767,-0.43643314
97417,L5 ET,-0.13256054,0.04804992
279378,Lamp5,-0.100822195,0.38634354
212993,Pvalb,0.04498516,0.09033113
45007,OPC,0.31047285,-0.4773863
147708,L2/3 IT,-0.089727476,0.36957645
184408,Micro,0.057706222,0.26649952
58945,L6 IT,0.30763465,-0.16182801
176956,L2/3 IT,-0.32684124,0.32210082
45911,L6 IT,0.120786354,-0.15698406
83037,L4/5 IT,-0.24962021,0.16979033
115582,L6 CT,-0.28521693,-0.29928738
149854,L2/3 IT,-0.20054321,0.27371544
35128,Astro,-0.08081679,-0.057425745
7426,Astro,-0.2123753,0.2787429
115311,L2/3 IT,-0.011032298,0.29671353
33130,L4/5 IT,0.08229427,0.16588932
25864,Oligo,0.06385748,-0.41306555
90384,L6 CT,0.28727508,-0.34234905
34201,SMC,-0.4784565,0.46339107
218414,SMC,-0.46776706,0.43612695
3354,L4/5 IT,0.15468453,0.11853426
81976,Peri,0.3185143,-0.12744153
241134,L4/5 IT,0.42951024,0.09156995
164053,L4/5 IT,-0.11659764,0.16426772
14562,L4/5 IT,0.36476767,0.15056914
3547,L5 IT,-0.2376409,-0.03008536
210923,Micro,-0.26544183,0.46833998
106284,Oligo,-0.107226655,-0.42475495
149913,L6 CT,0.0842409,-0.29617023
146997,Astro,-0.08617185,-0.42199728
258609,L6 CT,-0.15713324,-0.29189932
178485,L4/5 IT,0.36682725,0.12256908
75054,L6 IT,-0.12776677,-0.047250934
57397,L4/5 IT,0.03160636,0.08592176
94095,L5 IT,0.13933484,0.04008191
280191,L6 IT,-0.3245238,-0.14590669
145651,L4/5 IT,0.17112266,0.067926995
200682,Astro,-0.12994958,-0.41618097
238775,L4/5 IT,0.11307435,0.11326229
216383,L6 IT,0.4291731,-0.31091684
100897,L5/6 NP,0.0032951087,-0.11540184
6894,Oligo,-0.029774562,-0.36759198
124067,L4/5 IT,0.16204618,0.09025603
83549,Oligo,-0.06625314,-0.34832802
25882,L2/3 IT,0.05273871,0.30851257
240101,Oligo,0.09661393,-0.22285774
60505,Oligo,0.10243194,-0.43273956
98544,L5 IT,0.25778848,-0.08105362
217873,Oligo,0.36074084,-0.43493465
189087,L2/3 IT,-0.37709153,0.33331418
5924,Astro,-0.18070488,0.27588403
851,L6 CT,0.2162848,-0.32018298
82023,Endo,-0.06057079,-0.17982462
263229,Astro,0.025215432,-0.4752875
146522,Astro,-0.4606433,0.2023763
270031,L2/3 IT,-0.0075554997,0.22924787
56040,Endo,0.30146933,-0.17975023
59507,L5/6 NP,0.031955704,0.021878356
123748,Endo,-0.08213104,0.087744884
46105,Astro,0.4291724,-0.09458683
197850,VLMC,0.30672836,0.4445709
189786,Endo,0.13783763,-0.3778892
115244,L6 CT,0.1711251,-0.16153735
35279,Oligo,-0.18636896,-0.36111116
83648,Endo,0.22838883,-0.15453842
211499,L6 IT,-0.28809524,-0.0877702
218638,L2/3 IT,0.27737182,0.30997568
74820,L6 IT,-0.17359854,-0.019309556
150244,L2/3 IT,-0.42853028,0.24240625
223858,L4/5 IT,0.087034985,0.11978292
147439,Oligo,0.1207789,-0.3732962
11727,OPC,-0.13846107,0.43625593
94124,Peri,-0.29467303,-0.0040701684
123709,L2/3 IT,-0.30123085,0.3245933
213092,L2/3 IT,-0.4083135,0.2663976
170704,L5 IT,-0.14864291,0.094925396
171222,L5/6 NP,-0.4051473,0.06285196
20562,L5 IT,-0.39222944,0.05794596
3381,Oligo,0.19031285,-0.39120364
272471,L2/3 IT,-0.2550829,0.2941795
147300,Astro,0.08330475,-0.45895624
77573,L2/3 IT,0.09618704,0.38779187
217977,L6 CT,0.21015613,-0.26766115
220199,L4/5 IT,0.20697914,0.1416136
101318,L6 CT,-0.31336045,-0.30976492
127113,L5 IT,0.14287303,0.010799581
246209,L6 CT,0.18967931,-0.33853173
55718,Endo,0.11729704,0.06757068
74826,Astro,-0.3410434,-0.10520897
147479,L2/3 IT,0.31725317,0.24751598
164582,Endo,0.3743611,-0.376745
202237,Oligo,-0.062869444,-0.11889724
274203,PVM,-0.07380052,0.18229395
115230,L5 IT,0.32586485,-0.050855674
266000,L4/5 IT,0.40590274,0.106543295
274200,L2/3 IT,0.13493387,0.27947557
262190,L5 ET,0.113676056,-0.012817448
237818,Peri,-0.3362053,0.3195597
9607,Astro,0.0888574,0.41233367
62779,L2/3 IT,-0.45674324,0.28663433
274324,L2/3 IT,0.20619147,0.20527488
147274,L2/3 IT,0.0011615008,0.3061654
125712,L6 CT,-0.0015332252,-0.25111517
164590,Endo,-0.0075398237,0.22097445
270733,L4/5 IT,0.3554324,0.19511664
197846,Endo,0.22941421,-0.3239745
109736,L6 CT,0.16213594,-0.32952905
217976,L6 CT,-0.24079026,-0.14821371
173980,L2/3 IT,-0.4006256,0.31147748
147450,L2/3 IT,-0.09330152,0.32503492
189844,VLMC,0.27648664,0.4441555
163190,VLMC,0.29348427,0.44524598
178526,L4/5 IT,0.08539419,0.08980971
164608,L5 IT,0.12710617,-0.061214663
34397,Endo,0.017116949,0.14378935
145210,L2/3 IT,0.37178612,0.2518164
219012,Endo,-0.16234888,0.06937503
20575,L6 CT,0.24221121,-0.31163138
46193,L2/3 IT,-0.09685485,0.37005556
267001,Astro,0.20608245,-0.45035648
190605,L6b,-0.10888593,-0.29044968
181853,Astro,-0.21230258,0.008363361
32794,L4/5 IT,0.4177705,0.099484734
206981,L5 IT,0.11484294,0.02449959
255372,Oligo,0.14965062,-0.32421654
246190,L6 CT,0.061107025,-0.25658306
14644,L4/5 IT,0.38671362,0.12709486
98527,VLMC,-0.28681123,0.47012913
83716,L4/5 IT,0.1373689,0.17332685
123595,Endo,-0.28552657,-0.3532818
221889,L6b,0.3986976,-0.3905849
239441,L2/3 IT,0.107127115,0.27338582
254893,L5 ET,0.11585961,0.0017569009
125652,Endo,0.07373129,-0.10208351
125661,L6 CT,0.1940534,-0.31970954
70414,L6 CT,-0.16585787,-0.09108297
35327,L4/5 IT,0.3666882,0.16776049
221084,Oligo,-0.0016196519,-0.37763965
258941,Micro,0.20212369,0.3414613
127176,Astro,-0.032712713,0.45655686
221800,Astro,0.043067023,0.4181872
176936,L6 CT,0.1263393,-0.33400783
205346,L2/3 IT,0.17771934,0.2615773
243535,Astro,0.31799406,0.3083694
25516,L4/5 IT,-0.02620919,0.16920984
53335,L5 ET,0.18092965,-0.12906346
150304,Astro,0.32216865,0.23426443
66393,L6 CT,-0.32327145,-0.39238137
50231,PVM,0.2608173,0.4004826
95881,L6 CT,-0.19908388,-0.22350559
59972,L2/3 IT,-0.3099597,0.25692612
145251,L4/5 IT,-0.036726967,0.16226512
188849,L2/3 IT,-0.19501336,0.30488205
180897,Oligo,0.43002063,-0.03635917
179373,Micro,-0.06928359,0.09866475
189805,Oligo,-0.044337645,-0.391401
147414,PVM,-0.334675,0.30665892
197312,Oligo,-0.12723438,-0.35424295
164618,L2/3 IT,-0.29541063,0.28974545
22043,Peri,-0.18099494,0.35198313
123628,Oligo,0.32828993,-0.41105062
164620,L6 CT,-0.29145408,-0.14501676
109707,L5 IT,0.04549174,-0.02261529
245654,VLMC,0.0022720546,0.47749543
72420,PVM,0.1023597,-0.11871291
175513,Oligo,0.32162356,-0.46981734
101623,L2/3 IT,0.11573343,0.3282128
45147,L6 IT,0.13459073,-0.26547492
125633,L6 CT,-0.286622,-0.34745473
83631,OPC,0.27999955,0.0057288352
145344,L4/5 IT,-0.009964004,0.14993286
205209,L6 CT,-0.09043218,-0.25992492
127019,L5 ET,-0.21279864,0.07514476
182277,Vip,0.09507607,-0.09655947
22033,L2/3 IT,0.12817292,0.2617315
247228,L5 IT,0.014826164,0.0025952403
34299,L6 CT,0.13401602,-0.1759679
125469,PVM,0.30810094,0.30224967
279334,Astro,-0.35351467,0.34923035
35199,L2/3 IT,-0.5240788,0.3163513
125470,L6b,0.35607266,-0.37409914
19563,L5 ET,-0.026627555,0.0133267585
127031,L2/3 IT,-0.1302435,0.2862733
22299,VLMC,-0.15521802,0.4856807
150019,PVM,0.13751625,0.1896171
77016,L2/3 IT,-0.3652469,0.30747098
220932,SMC,-0.31707674,0.1941188
17962,Oligo,0.105292186,-0.43932024
246215,L6 CT,0.27469677,-0.20809451
147163,Vip,0.3133573,0.259049
232898,Endo,-0.19856553,0.14409405
204023,OPC,0.28108597,0.41563624
97602,L5 ET,-0.06743406,-0.08117748
34192,Lamp5,0.29569656,0.23051548
255324,L5/6 NP,-0.31925356,0.058257274
189759,Endo,0.014618143,0.20221293
164545,L6 CT,-0.059960082,-0.3282259
125790,Endo,0.23513,0.054569952
163906,Endo,0.28356677,-0.085934736
1583,L2/3 IT,-0.035017207,0.29545152
34484,Astro,-0.31241572,0.022663528
217867,Astro,0.3817373,0.37048697
246280,Peri,0.23995338,0.41936213
91109,Oligo,0.08187018,-0.38386387
238004,VLMC,0.20526128,0.44594574
250922,L2/3 IT,0.18866275,0.21273232
34487,Endo,0.15929328,-0.027216887
227128,Pvalb,0.41786957,0.054018132
77551,Endo,0.08468895,-0.024341559
101287,Micro,-0.21933858,-0.5103242
147632,L5 ET,0.07050489,-0.123066105
261944,Oligo,-0.21120112,-0.23712906
265990,L5 IT,0.0073512048,0.061993413
82839,Micro,0.2577446,0.11503797
274364,L5 IT,0.3867945,-0.16031861
147620,L6 IT,-0.30836767,0.03042751
207672,L5 IT,-0.32750803,0.08696257
77027,Endo,0.19039737,-0.31582704
213086,Astro,0.022737965,0.22544807
81951,L2/3 IT,0.08866541,0.23408985
147134,L5 ET,-0.0034489185,-0.08849675
145535,Vip,-0.16407712,-0.03922934
182029,L5 IT,0.27821368,-0.27126372
145524,L4/5 IT,0.37847686,0.091207735
249040,L4/5 IT,0.031078085,0.21161747
8829,Micro,-0.3615874,0.23809248
150001,Vip,-0.3979118,0.36491662
32987,VLMC,0.0876414,0.47585285
147570,Oligo,-0.17230709,-0.25549218
104707,Oligo,0.33522373,-0.49372214
184094,L6 CT,-0.33870298,-0.19130519
241200,Micro,0.05364661,-0.41940647
53029,Oligo,0.1281067,-0.38139
110843,L2/3 IT,0.20515333,0.18262452
235506,Endo,0.3736595,-0.36004478
6846,L4/5 IT,0.02336733,0.14812136
115227,Oligo,0.2574268,0.20142001
147509,Oligo,0.048800692,-0.20608231
147236,L6 CT,0.38499665,-0.37202972
274601,L6 CT,0.22326057,-0.26747754
236019,Oligo,0.07656555,-0.3581342
100840,L5/6 NP,-0.21767615,-0.033453442
262871,Astro,-0.05834557,-0.4833101
274216,OPC,-0.12236856,0.35166395
32920,L5 IT,0.15945409,-0.034912117
230225,L5 IT,-0.16620843,0.1095426
196783,Sst,-0.060683742,0.17826152
83618,L2/3 IT,0.109925315,0.19947559
197830,L2/3 IT,0.275038,0.32088608
46074,L2/3 IT,0.30660456,0.25603533
63081,L6 CT,-0.1723472,-0.11620236
90474,Micro,0.20680623,0.269418
214778,L5/6 NP,-0.40196353,0.04159724
125567,L6 CT,0.24353425,-0.33155602
243267,L6 CT,0.13638698,-0.32545635
46045,L4/5 IT,-0.32911152,0.1717779
188953,Astro,-0.14874272,-0.41505855
208828,L2/3 IT,-0.319305,0.28316104
239659,L4/5 IT,0.24511383,0.1403864
248321,L2/3 IT,-0.08350958,0.36494344
57387,L6 CT,0.006587848,-0.30212647
189871,Endo,0.24549328,-0.22129232
233711,Micro,-0.13489647,0.13599896
81914,Sst,-0.34205598,0.35413527
171198,L2/3 IT,0.39912337,0.16860557
25485,L2/3 IT,-0.4534741,0.32563818
246282,L5 IT,-0.04556997,-0.046664722
221018,L6 IT,-0.27063894,-0.21725371
104985,Astro,0.19332312,0.053891473
197238,L5/6 NP,0.16583161,-0.13275462
150076,L5 IT,-0.32596362,0.11211436
90024,Endo,-0.044571653,0.37743646
233672,L2/3 IT,-0.46782345,0.26446253
25209,Endo,0.103623435,-0.17126828
81911,L2/3 IT,0.056151673,0.29935628
8040,Oligo,-0.00733079,-0.43520325
110436,L5 IT,-0.07935001,0.07338642
32945,L6 CT,-0.2944585,-0.24677944
50253,L2/3 IT,-0.31701076,0.3348878
46024,L6 CT,-0.30709004,-0.36381522
20539,Oligo,0.20631145,-0.3931671
173870,Pvalb,-0.1244546,-0.13394928
34347,L5 IT,0.312887,0.026488239
63349,L4/5 IT,0.37537992,0.15717864
227422,L2/3 IT,-0.34210175,0.33520883
8710,L2/3 IT,-0.32063842,0.26913148
54655,L2/3 IT,-0.48026705,0.32575727
52965,Endo,0.3917932,-0.013793355
77512,Astro,0.062258348,0.441687
148915,L6 IT,-0.01890035,-0.13784209
83205,L2/3 IT,0.22238581,0.34884423
34823,Oligo,0.17632996,-0.42329544
83201,L4/5 IT,0.43156517,0.068941765
271147,Oligo,0.17024885,-0.47317582
77365,L6 CT,0.13158838,-0.31742257
148918,L5 IT,0.16266368,-0.13674578
53173,L6 CT,0.31791043,-0.35755187
205237,VLMC,-0.082929626,0.4843136
200529,L4/5 IT,0.43064773,0.13639367
179954,L4/5 IT,-0.23216514,0.18116498
82344,Astro,-0.13445939,-0.1637201
124601,Endo,-0.13940807,0.25190187
115155,Astro,-0.16117539,-0.2583589
74900,L2/3 IT,-0.42064494,0.27944207
170489,L5 IT,0.22931193,-0.10149673
234561,Oligo,0.30026942,-0.40389735
235232,Endo,-0.11410104,0.34633338
115157,Endo,-0.4232517,0.023846561
94046,L2/3 IT,-0.50408,0.33287
264659,L4/5 IT,0.40661216,0.00093864836
33561,Sst,-0.030954078,-0.037441738
258431,L2/3 IT,-0.06567843,0.13995439
44872,OPC,-0.077277645,-0.14979622
33570,L6 CT,-0.35042763,-0.22636431
170992,Peri,0.38428825,0.10597973
25754,Astro,0.15868692,-0.236844
221922,VLMC,-0.31828594,0.46266985
148822,L4/5 IT,0.04441051,0.17127937
148823,L5 IT,0.18443035,-0.0785091
234894,L6 IT,-0.17047207,-0.13186166
18920,Oligo,-0.110890254,-0.43950328
227640,Astro,-0.22345708,-0.50966114
235921,L6 IT,0.4210286,-0.36166012
44825,L6 CT,-0.28219306,-0.087259956
90209,L2/3 IT,-0.09493683,0.18443948
9094,L2/3 IT,-0.13059355,0.2658676
126370,L2/3 IT,-0.16385297,0.30263132
14601,Astro,0.21243851,-0.1923059
95787,Endo,0.29467922,-0.47534427
101162,SMC,-0.41895294,0.17430162
25390,L2/3 IT,-0.07057984,0.29382616
250767,L4/5 IT,0.27392423,0.08773684
17979,Oligo,-0.044943407,-0.3804456
104623,Oligo,0.026891813,-0.41649115
262812,Oligo,-0.21030225,-0.49725246
83312,Peri,-0.2320428,0.28545785
126144,Endo,0.0075918287,-0.20518506
174003,L4/5 IT,0.020478472,0.080166034
249274,L6 CT,-0.12921958,-0.25650007
10494,VLMC,0.28072828,0.44486988
148301,L5 ET,-0.20644419,-0.09243975
110235,L6 CT,-0.3200273,-0.17874017
248345,L4/5 IT,0.35704148,0.17310011
146291,L2/3 IT,-0.25400436,0.24880332
170495,Endo,-0.3202966,-0.29344916
34844,L5 ET,0.25409096,-0.04713971
33538,L4/5 IT,-0.33104336,0.20149511
190260,L4/5 IT,0.026523396,0.09740447
146766,Endo,-0.15497978,0.16394234
66605,L6 IT,-0.28532875,-0.024191355
184529,L5 ET,-0.2422892,0.055862658
246160,Endo,0.36179966,-0.059124507
126463,Lamp5,0.19228463,0.10550343
18556,L6 IT,-0.07008223,-0.13032502
124471,L4/5 IT,0.093050465,0.14683038
124464,Astro,0.04518579,-0.48606116
211385,L6 IT,-0.052852646,-0.23169416
230492,L5 IT,0.01683478,0.015899772
208604,L2/3 IT,0.04866378,0.2805543
189570,L5 IT,-0.00961782,0.0057763997
227764,L5/6 NP,0.10774712,0.03725677
235226,Endo,-0.34352982,0.28821927
146194,L2/3 IT,-0.013049081,0.3096257
197468,L5 ET,-0.38049996,0.12573773
149119,L6 CT,0.08487372,-0.17940208
148184,L6 CT,-0.20148458,-0.2699362
74884,L2/3 IT,0.3416248,0.20486581
272388,Oligo,-0.33116138,0.1629684
279001,SMC,-0.10507153,0.011881525
184537,OPC,-0.041325405,-0.26234305
149136,L2/3 IT,-0.085510954,0.3203655
184455,L6 CT,0.22734962,-0.2585025
44690,L5/6 NP,0.23964278,-0.05079002
197146,L6 IT,0.030301139,-0.098983295
71879,VLMC,0.28479326,0.44581515
170872,L4/5 IT,0.13923131,0.103478305
45652,Astro,0.20762877,-0.4355412
90180,Astro,-0.29223233,-0.27302283
202148,SMC,-0.46130115,0.4287377
272393,Astro,-0.30375123,0.099351995
232151,L5 ET,-0.021103218,0.03280323
271173,L2/3 IT,-0.03245099,0.21357423
197633,L6 IT,0.32112658,-0.16643348
90847,L4/5 IT,0.2540416,0.18387961
50322,VLMC,-0.382066,0.45884252
227287,Astro,0.03244613,-0.3570783
236289,Lamp5,0.014278516,-0.2625913
149013,VLMC,0.11114262,-0.44596785
110090,Micro,-0.17908953,-0.20165688
77431,L6 CT,-0.0004157573,-0.27543592
146717,Astro,0.18786721,-0.30359715
126426,L2/3 IT,0.154411,0.24359864
25400,L5 IT,0.19844066,-0.22097811
83338,L5 IT,-0.036723927,-0.0530727
208727,Micro,-0.17917116,0.04537236
182215,Micro,0.06670682,0.4162107
261323,VLMC,-0.10329218,0.4866218
217787,L2/3 IT,0.2545085,0.27435195
66527,L5 IT,0.056704566,-0.07523573
44673,Oligo,-0.13669132,-0.08398343
149045,Oligo,-0.12815239,-0.47412553
200618,Oligo,0.048475966,-0.44024113
262211,L4/5 IT,-0.04332681,0.09272819
60528,L5 IT,0.23561929,0.0103234
126268,L6 CT,-0.14131834,-0.1525563
115121,Pvalb,-0.3466584,-0.3197993
44771,L4/5 IT,-0.016728476,0.15962726
66946,L5 IT,0.09241639,-0.18019772
5612,Peri,-0.17430378,-0.48241028
55052,Astro,-0.12003355,-0.44556713
148588,Micro,0.17283855,0.093315415
163602,Endo,-0.20927875,-0.04634852
180278,L2/3 IT,0.37340778,0.28367555
126230,Pvalb,0.090464875,0.29668534
945,L4/5 IT,0.3084048,0.08059888
45472,L5/6 NP,-0.24757494,-0.12586004
180274,L6 IT,-0.20604412,-0.05750773
216458,Lamp5,0.2501384,-0.0020701345
254616,VLMC,-0.15218623,0.48470962
148463,L6 CT,-0.049312368,-0.29318297
59600,L2/3 IT,-0.00038702786,0.39302212
148614,L6 CT,-0.13028644,-0.18645045
227673,L6 CT,-0.15121119,-0.11132956
255071,Peri,-0.029726043,0.3521242
278858,L4/5 IT,0.41119963,0.123003535
178596,Oligo,0.26418394,0.2871076
572,L6 CT,0.06558554,-0.31310004
277797,Astro,-0.14698161,-0.03186307
261312,Endo,-0.24737214,0.22047323
110608,L2/3 IT,-0.5629373,0.34506005
54668,Astro,-0.47011995,0.3379506
17596,Endo,0.11433153,0.14061445
268778,L2/3 IT,0.34954315,0.34013724
106357,L4/5 IT,0.14576088,0.17998338
124839,Oligo,-0.17629649,-0.41980106
235174,L2/3 IT,-0.3524949,0.30200124
1673,Astro,0.07129936,0.10854285
69731,L2/3 IT,-0.32461745,0.24524635
15731,Oligo,0.3656255,-0.43501103
124838,L5/6 NP,0.19457172,-0.16006935
239469,Micro,-0.45833945,0.32116127
124835,Endo,-0.06151159,-0.05772961
126254,L4/5 IT,-0.112617,0.19778788
180918,SMC,0.41112518,-0.31038424
124859,L5 IT,0.22633134,-0.04879243
101132,L2/3 IT,0.30703735,0.22565073
62987,Endo,0.08263098,0.040680163
104608,L5 ET,0.12694572,-0.0026513394
216476,L2/3 IT,-0.130993,0.33391047
19535,Endo,0.37559885,-0.14607811
66918,L6 IT,0.014048263,-0.13301906
90710,L2/3 IT,-0.41472757,0.24664682
263711,L2/3 IT,-0.23302089,0.31809676
124872,L2/3 IT,-0.2197844,0.32340956
269576,L4/5 IT,0.42602754,0.13758361
943,L2/3 IT,0.23497318,0.21583569
258692,L5 ET,0.3991844,-0.11941967
148568,SMC,-0.0843174,0.34428048
15829,PVM,-0.054951742,0.09360122
196993,Pvalb,0.20630012,-0.2187849
22178,L2/3 IT,0.11800824,0.250394
221060,Endo,0.070330605,-0.23488712
213035,L5 IT,0.049662337,0.003338689
250775,Oligo,0.0106897205,-0.36713445
200601,L6 CT,0.027337477,-0.14530998
258672,L4/5 IT,-0.29769915,0.17368948
110576,Astro,0.14393775,0.2547729
115136,Sst,-0.4459973,0.25080812
148760,Vip,0.06787811,0.10803991
25664,L5 ET,0.37954706,-0.053049482
279345,L6b,-0.014105871,-0.33123598
66964,L6 CT,0.17192458,-0.17566592
12929,Astro,0.14069639,-0.46610838
146426,L5 ET,0.39480722,-0.083139665
272543,Astro,-0.1315016,0.12897009
110119,Endo,-0.34187782,0.16799784
63225,L5 IT,-0.042908207,0.057744317
200547,L6 CT,0.11927222,-0.30267298
208751,Astro,-0.28820622,0.37076592
189404,L2/3 IT,-0.34394962,0.24665612
208741,L2/3 IT,-0.097986355,0.26756263
214432,Astro,0.12303035,0.16368192
272409,Oligo,0.24896811,-0.49448937
237114,VLMC,-0.01893206,0.47435594
260375,L2/3 IT,0.15000068,0.27852976
101161,L5/6 NP,-0.4037915,0.06295531
34704,L2/3 IT,-0.4500056,0.35482138
207028,L5/6 NP,0.42777365,-0.04701156
177438,L2/3 IT,0.026610717,0.32840687
33692,Endo,0.3184241,0.13451535
252067,Endo,-0.05422266,0.4650494
101146,OPC,-0.28488916,0.44412702
252062,L4/5 IT,0.22141235,0.17337054
104839,Oligo,0.3759845,-0.4184083
124735,Endo,-0.18824808,0.11296975
90236,Micro,-0.24505876,0.1922661
227651,L2/3 IT,0.35401523,0.28975904
241162,Micro,-0.23407932,0.07806557
77397,L2/3 IT,0.12062763,0.3468001
95770,L6 CT,-0.15296362,-0.29513443
77144,Vip,-0.1403204,0.14897543
274454,L5 ET,-0.29581624,0.13163841
163657,L4/5 IT,0.106380805,0.09617727
83231,L6 CT,-0.30875158,-0.21559525
197096,Micro,-0.019642487,-0.3035106
148679,Micro,-0.08937411,0.21462697
265914,Astro,-0.2957421,0.06580054
184463,L6 IT,-0.36728317,-0.023451334
60536,Micro,-0.040704742,-0.2888428
170888,L6b,-0.23733501,-0.3100397
274457,L2/3 IT,0.14911966,0.2705192
10567,Pvalb,0.11956565,-0.09260673
211078,L6 CT,-0.36970526,-0.18534511
44806,Astro,0.08515827,-0.37918833
176961,Astro,0.12248652,-0.073420055
33883,OPC,0.043891117,-0.23601183
146573,L6b,0.43291527,-0.3882416
243382,L6 CT,0.014584765,-0.2830761
261348,Astro,0.26064402,0.2754165
274412,Oligo,0.15143572,-0.39070126
202126,L5 ET,-0.12748118,-0.0712185
109970,L4/5 IT,-0.23236088,0.15758723
5550,L4/5 IT,-0.40045142,0.2295649
126681,L2/3 IT,-0.191952,0.23777932
147918,Oligo,-0.3669542,-0.31763184
197398,L6 CT,0.3216235,-0.2337422
3502,L4/5 IT,0.30788457,0.12000566
242585,L2/3 IT,0.06939678,0.28623945
171074,L6 CT,0.21199082,-0.24428451
260387,L5 ET,-0.029075041,0.009104842
268800,Astro,0.34576076,-0.11612166
94061,Sst,-0.12453909,0.18355685
44981,Astro,0.076970264,-0.33117592
100970,Micro,-0.40340817,0.18755305
266023,Astro,-0.14758535,-0.48289144
250746,Lamp5,-0.13564305,0.44565535
954,Peri,-0.21336113,0.13355416
145932,Peri,0.28276473,0.30590928
109943,Astro,0.38568288,-0.024740016
274552,L6 CT,0.15208153,-0.32845354
163371,L2/3 IT,-0.40563482,0.3267709
101239,Micro,0.18172733,0.27228862
215533,Micro,-0.1784936,0.110514395
170285,L5 ET,0.24991898,-0.108205415
90951,Peri,0.2476434,-0.21759197
164425,Endo,-0.24686013,-0.15980792
69525,L2/3 IT,0.29059136,0.3019544
82143,L5 ET,0.022176549,-0.02694816
241771,Astro,0.26950198,0.20227957
170804,Astro,0.27046525,-0.10956905
13100,Peri,-0.29051232,0.14886004
181899,Micro,0.055425987,-0.369466
94032,L5 IT,0.21355192,-0.08820764
223561,Astro,0.104677424,-0.4714447
264590,SMC,-0.2937166,-0.21762794
189650,L5 ET,-0.09269188,-0.036992826
82181,L4/5 IT,0.2373281,0.05858206
3175,Peri,-0.39384747,0.29290283
189213,L2/3 IT,-0.2852955,0.25554043
189210,L4/5 IT,0.39435214,0.03793829
101232,L4/5 IT,0.34498137,0.11501335
66652,Pvalb,0.14918636,-0.044619687
242970,Astro,0.030552968,-0.47135052
124283,Peri,-0.16577758,0.06654327
163799,L5/6 NP,-0.22612502,-0.032208927
269520,Astro,-0.19024579,-0.22891974
34992,L2/3 IT,0.29000932,0.33841646
110492,Astro,0.08931856,0.44634545
110296,Sst,0.043818936,-0.07017062
106307,L4/5 IT,0.015273437,0.13457179
280049,Peri,0.15724038,0.22850472
109971,Endo,0.09272282,0.37977862
189658,L6 IT,0.4210816,-0.324049
33249,VLMC,-0.25820714,0.47617668
98686,Pvalb,-0.11632769,-0.24846128
178578,L2/3 IT,-0.42394906,0.25166476
95827,L6 CT,0.06609844,-0.21106616
35034,Oligo,-0.14247318,-0.35096702
69,Astro,0.11649875,-0.3906789
218408,L2/3 IT,0.06284247,0.3775189
173907,Astro,-0.32936877,-0.15577033
149652,L6 IT,-0.008742526,-0.2413246
110752,L4/5 IT,-0.007257119,0.13237947
82090,L6 IT,-0.040736392,-0.28122872
149667,OPC,0.37662458,-0.14269453
214927,Oligo,0.23360364,-0.24966726
220205,Oligo,0.0011138767,0.14633131
69521,L4/5 IT,-0.46457762,0.22402239
173954,L2/3 IT,0.009740755,0.34147966
97030,Peri,0.39370328,0.31265908
189108,OPC,-0.13532571,0.40694016
45872,L6 IT,0.06295113,-0.15851551
163833,L6 IT,-0.32102782,-0.0021193083
196924,L2/3 IT,-0.4949717,0.31699884
270419,L4/5 IT,0.37429237,0.102824025
163339,L6b,0.3460695,-0.38235778
110485,Pvalb,0.38774425,-0.30266738
125293,L2/3 IT,0.36734784,0.28235537
17965,OPC,0.30458307,-0.4760523
125298,OPC,-0.10314922,0.46027052
272360,L2/3 IT,0.027442262,0.2998013
34181,OPC,0.4128313,0.024516338
196940,L4/5 IT,-0.23627292,0.20293486
59558,Endo,-0.030634716,-0.079531915
57672,L6 IT,-0.200846,0.039196126
197705,Micro,0.39062864,0.004306609
258388,Endo,-0.3003527,-0.086729474
13753,L6 IT,-0.26856261,0.031579487
55744,Oligo,-0.16570275,-0.47394753
230514,Peri,0.3993045,0.3137381
208563,Oligo,-0.24189304,-0.28713435
207037,SMC,0.2726515,0.4454326
17503,L2/3 IT,-0.11047287,0.315053
258387,L5 IT,0.28554982,-0.19568202
205290,PVM,0.24215935,-0.38618022
147894,L5 IT,0.29894024,-0.21059474
237019,VLMC,-0.39236814,0.4608236
190387,L4/5 IT,0.25903332,0.13725853
35017,Astro,0.21768324,-0.3934952
145900,Astro,0.19314878,-0.10500357
190394,Astro,-0.40560383,0.40406126
189140,L4/5 IT,0.056921825,0.16900676
82102,L5 ET,-0.23219286,-0.056409128
149611,Oligo,0.3568473,-0.33330452
262195,L2/3 IT,-0.36679208,0.31611562
101243,L6 IT,-0.3581261,-0.32623821
13749,L5 IT,0.22853325,-0.046736963
82756,L5 IT,0.11515747,-0.1656211
258517,L2/3 IT,0.040050074,0.37795663
239008,L6 CT,-0.15856369,-0.28267163
109911,L6 IT,-0.08628474,-0.20892254
170795,L6 IT,-0.14108394,0.0014769975
13013,L6 IT,0.056328043,-0.22167328
104920,Pvalb,-0.46598917,0.15510452
54722,Endo,-0.2805972,-0.026445633
10507,L6 CT,0.10167526,-0.18776679
34896,Oligo,0.17284213,-0.22791943
227300,L6 CT,0.06534092,-0.22958907
148144,L2/3 IT,-0.46275818,0.34625
82251,L4/5 IT,-0.20831443,0.1940983
211218,L2/3 IT,-0.5063889,0.3272369
223551,L6b,-0.23667397,-0.32190925
218651,L5 IT,-0.38821822,0.06918042
260428,Astro,0.18525682,-0.4476259
13245,L4/5 IT,-0.15202971,0.114098184
97478,Oligo,-0.28938293,-0.27071494
254528,VLMC,-0.39724648,0.46107757
110036,VLMC,0.19070677,0.4497196
148131,Astro,0.1506062,0.19737828
9636,L4/5 IT,0.40167093,0.075590245
90901,L2/3 IT,0.19320087,0.26730764
33405,Pvalb,-0.25996935,0.31542897
15868,L5 ET,0.34181392,-0.03637997
189588,L6 CT,-0.026260272,-0.067608036
59614,OPC,-0.17032264,-0.44546536
227209,Astro,0.37218267,-0.4967372
149273,Astro,-0.23018323,0.11655044
126557,L2/3 IT,-0.30844992,0.283463
67040,L6 CT,0.19671784,-0.19017646
83145,Astro,-0.1352186,-0.48628706
124409,VLMC,-0.03846498,0.48034626
7465,L6 CT,0.19970755,-0.3285821
205273,L2/3 IT,-0.41908783,0.34245086
61431,L5 IT,0.41249347,-0.13011879
25784,L2/3 IT,0.31294066,0.21723402
110697,Oligo,0.27561355,-0.44780234
126495,Oligo,0.1618055,-0.36481625
12208,L4/5 IT,-0.25109822,0.1848864
149157,L4/5 IT,0.38758868,0.17240453
72145,Astro,0.21785949,-0.44640747
255032,L4/5 IT,0.15293954,0.09095722
53207,OPC,-0.15188964,-0.4799251
270395,L4/5 IT,0.03469877,0.17521465
126044,Astro,0.25665152,-0.1745789
208597,L4/5 IT,-0.3942533,0.19167435
115509,L6 CT,-0.33629972,-0.08151946
184292,Astro,0.34520358,-0.060955234
219016,L4/5 IT,-0.4312117,0.2143026
184551,L6b,-0.24618934,-0.34537786
230444,Endo,0.101967975,0.22643936
33445,L5 ET,-0.4625904,-0.037424393
75075,Peri,-0.11615722,0.13996059
218391,Endo,0.09050159,0.40364027
63011,SMC,-0.07160403,0.22209859
227216,L6 IT,-0.25300974,-0.010424858
97028,Peri,0.15618972,-0.37578624
146160,Astro,-0.21687104,0.4279074
255139,L2/3 IT,0.13474254,0.3592633
72391,L2/3 IT,-0.2280357,0.28770113
148145,L4/5 IT,0.32603705,0.093116574
181985,Oligo,-0.21726243,-0.3778324
44634,L2/3 IT,0.2871883,0.2823056
13413,Astro,-0.26550996,0.22599232
263449,Oligo,-0.21404622,-0.48698708
7809,Astro,0.14296816,-0.35798314
44587,L6 IT,0.39241892,-0.27579397
237027,L6b,0.42358464,-0.398284
175572,L6 CT,-0.18083791,-0.15436772
178626,Micro,0.36942488,0.39923
110013,Astro,0.41883212,0.017975325
148007,VLMC,-0.21529244,0.47823846
77465,L6 CT,0.19851904,-0.26972982
149360,L2/3 IT,0.022593841,0.36177498
124326,L5 ET,0.09514724,-0.08855308
236023,L5 IT,0.15695302,0.05514919
44580,L5 ET,-0.35767978,0.08592229
189637,Oligo,-0.15674047,-0.08888272
190337,Endo,-0.11970146,-0.33260906
184307,L2/3 IT,-0.038180366,0.2429635
73418,L6 IT,-0.11003308,-0.20116282
34979,Lamp5,-0.17240994,0.40352648
125969,Micro,0.39264607,0.39220732
77323,L4/5 IT,0.19809453,0.096259944
177491,Astro,0.032448992,-0.353472
270698,L2/3 IT,-0.029069021,0.38115472
72766,L5 IT,-0.072448656,0.07523363
234326,Oligo,-0.15786959,-0.33107543
125965,L2/3 IT,0.11355512,0.20960069
124344,Astro,-0.11623187,0.46187377
247289,L2/3 IT,0.1983969,0.30542356
247282,L2/3 IT,-0.11433844,0.23608214
278432,Sst,0.37764806,-0.1128513
237847,Astro,-0.15899612,0.17119181
174052,L2/3 IT,-0.0047243387,0.34151965
20540,L2/3 IT,-0.06660913,0.39608306
212964,L6b,0.1315326,-0.35513592
236164,OPC,-0.15796266,0.37186265
202339,Oligo,-0.06606509,-0.39911556
34626,Pvalb,-0.20947133,-0.027269488
101398,Oligo,0.00490354,-0.39543343
45754,L6 IT,-0.24636774,-0.06895647
5649,L5 IT,0.29966187,0.01436674
170532,L6b,-0.09388317,-0.31550828
83138,L6b,0.15111302,-0.35586858
234325,L2/3 IT,0.17953824,0.33839667
170340,L2/3 IT,-0.3464169,0.3231848
258777,L6 CT,0.16347466,-0.25643328
148054,L5 IT,0.36965543,0.0028160755
149324,L6 CT,0.33401114,-0.3497083
34926,L2/3 IT,0.22795217,0.19008636
197679,L2/3 IT,0.10918479,0.25337428
189614,Vip,-0.073293015,-0.26389718
45377,Endo,0.34747034,0.047389142
184180,Oligo,0.043251082,-0.3623392
124346,Oligo,0.28394818,-0.3466869
163766,OPC,-0.34148496,-0.19705069
197171,L5 ET,-0.4124562,-0.028401649
97481,Oligo,0.29682046,-0.41249883
150444,L5 IT,0.1429873,-0.06800363
152618,L2/3 IT,0.3978042,0.19478971
266918,Endo,-0.4639607,0.04740738
242323,L5 IT,-0.3113358,0.12920499
92670,Sncg,0.039030775,0.345308
79763,OPC,-0.059195533,-0.08287392
275240,Micro,-0.005562559,-0.1364058
21065,L2/3 IT,-0.08458485,0.305395
2321,Oligo,0.036735043,-0.41945776
119161,Pvalb,0.33630162,0.32337785
48413,L4/5 IT,0.24937634,0.14122331
264162,Astro,0.36491388,0.2970826
14311,L6 CT,0.29343653,-0.31101203
156743,L5 IT,-0.25119817,-0.014578229
180053,Pvalb,0.36257064,0.024949485
218765,L2/3 IT,-0.20248441,0.25519943
172830,L5 IT,-0.18438496,-0.06148026
156723,VLMC,-0.3343777,0.45761418
2323,L6 CT,-0.2867248,-0.116464056
212199,Peri,-0.20203112,-0.37949377
243589,L5/6 NP,0.016915008,-0.14357442
48387,Micro,0.24374716,0.070550196
99845,Peri,0.19072406,-0.053799815
73167,L6 CT,0.41191924,-0.25861832
229789,Endo,0.034585997,0.1022675
176377,Endo,0.013190135,0.30481583
172871,OPC,0.17952959,-0.2554059
271936,L2/3 IT,0.012188658,0.371055
92715,VLMC,0.359568,0.43620104
160930,Vip,-0.019234315,0.32998866
236110,L2/3 IT,-0.4373911,0.3349493
62078,Astro,0.1345114,-0.46388593
79740,L2/3 IT,-0.26690054,0.3042795
78326,Astro,0.21425723,0.12910396
79749,L6b,-0.15696119,-0.29527128
229043,L6 CT,-0.15672605,-0.19554359
54097,L2/3 IT,0.24400245,0.22164595
208124,L5 IT,0.21873818,-0.1704407
250430,Astro,0.036606833,-0.5039914
206764,L5 IT,-0.38019705,0.09310358
62085,L6b,0.026318595,-0.30781466
233118,L6 IT,-0.041434005,-0.094761826
207843,Astro,0.28267193,-0.49969825
62088,L4/5 IT,0.05909972,0.09307175
199317,L5 ET,0.05595146,-0.087293066
156826,L4/5 IT,0.14402674,0.12891835
229784,Astro,-0.5073841,0.41424352
59738,Oligo,-0.020853713,-0.4013009
29380,L5 IT,0.2262278,-0.0037304815
186737,L2/3 IT,0.07093112,0.35023594
243077,Oligo,0.40262705,-0.4302734
119394,PVM,-0.33564103,0.4245919
172759,L5 ET,0.061019942,-0.095630385
116551,L6 CT,0.06941323,-0.1997348
277846,Oligo,-0.27245075,-0.36920312
55410,VLMC,0.15765451,0.45597506
180062,OPC,0.043488488,-0.38866973
253337,Pvalb,0.34410286,0.098739974
26919,L5 ET,0.36380053,-0.025040006
116556,L6 CT,0.0105302185,-0.25989783
108355,OPC,0.34324658,0.40179807
268421,Micro,0.27338266,0.37346268
92558,L5/6 NP,0.31348276,-0.02255339
2351,OPC,-0.28208894,-0.3205042
79871,L2/3 IT,-0.13337295,0.35411245
199239,PVM,0.23855875,-0.38677216
177173,L2/3 IT,-0.46022123,0.29675227
58225,Astro,-0.2234088,-0.28715023
108364,Oligo,-0.13869993,-0.39923325
172742,L5/6 NP,-0.2840677,0.0021421853
185298,Peri,-0.36652625,-0.32485467
108224,L5 IT,0.21697186,-0.121385016
161077,L6 CT,-0.023328796,-0.30868137
203636,L6 CT,-0.33426118,-0.31668115
79805,Micro,-0.40677947,0.44078588
48382,Vip,-0.089266464,-0.13782233
261801,Peri,-0.23953538,0.4578097
21078,L5 IT,0.327308,-0.14682269
249782,L6 CT,-0.347161,-0.2863043
13615,Micro,-0.1321841,-0.21350506
185317,Micro,-0.32877725,-0.3216488
17788,L4/5 IT,-0.015733376,0.10372084
48322,L2/3 IT,-0.19830512,0.23213714
26939,L5 ET,0.24773978,-0.1411123
68242,L4/5 IT,0.37640738,0.16380101
186774,L2/3 IT,-0.11855383,0.32429945
186779,Peri,-0.3637463,-0.06974105
119328,Oligo,0.43120563,-0.4425007
119330,L6 CT,-0.20708476,-0.27954286
222574,Astro,0.18537037,0.36484742
71746,L5 IT,-0.3921557,0.10664105
229831,Astro,-0.059831753,0.459248
119365,L2/3 IT,-0.14765452,0.35049164
161074,Astro,0.21836041,0.07332622
172783,Oligo,0.26201063,-0.49144492
156955,Micro,0.27805704,-0.0067645963
222139,L2/3 IT,-0.10196011,0.34572297
74114,Astro,-0.20390098,-0.47281393
244361,L5 ET,-0.1297322,0.02276885
186507,L2/3 IT,0.2996717,0.34928137
78378,Astro,0.15698676,-0.13146207
96446,Vip,-0.31229722,0.3194816
219469,Micro,0.3817218,0.22876072
2265,VLMC,0.14017044,0.46473765
259764,L5 ET,-0.33842897,0.1236332
21031,Astro,-0.06410231,-0.46161142
172933,Oligo,0.03415464,-0.40532002
118771,L4/5 IT,-0.38401592,0.21656322
79593,Oligo,0.06609063,-0.4666466
79597,Endo,-0.20320518,0.3138212
27081,Endo,-0.074294254,0.30565
277568,Pvalb,-0.039374486,-0.2075566
172928,Lamp5,0.4007873,0.39611906
234233,Oligo,0.23202132,-0.42286414
176413,L6 CT,-0.31267387,-0.094863154
219471,OPC,0.21708892,0.4018904
48563,Endo,-0.3577971,-0.013875639
108131,Astro,-0.06457718,-0.17775422
1944,L4/5 IT,0.41245866,0.079751246
220422,Oligo,0.024646088,-0.17046449
244362,L5 IT,0.06450252,-0.17294782
48590,L2/3 IT,-0.2453913,0.33490962
248993,L6 CT,-0.3413632,-0.33497185
173522,L6b,0.3898065,-0.3781367
157442,L4/5 IT,0.14160673,0.15422559
118633,L6 IT,-0.280344,-0.14939976
72850,L2/3 IT,0.09116118,0.3237111
157435,L2/3 IT,0.20148526,0.29600507
157430,L6b,-0.10385202,-0.3244794
93510,Astro,0.19801812,0.39692974
21022,Peri,0.26993304,-0.16207224
6445,L6b,0.16217445,-0.35139787
275604,L6 CT,0.399907,-0.28150964
172958,Vip,0.1826912,0.087223046
176433,L6 CT,-0.31241608,-0.07417367
20714,L5 IT,0.3400107,-0.15328255
276733,Peri,0.08817755,-0.33417368
186488,L2/3 IT,-0.2035598,0.33974093
240913,Pvalb,-0.05415918,0.10979157
48601,L6 CT,0.03192781,-0.15378049
118748,L6 IT,0.16711359,-0.26072758
79556,Astro,-0.29157495,-0.37303045
242039,L4/5 IT,-0.033855453,0.14309001
29547,OPC,0.35130668,-0.14565271
186521,L2/3 IT,0.3183481,0.35679716
49726,Oligo,0.20643555,0.2192145
118928,L5 IT,0.187537,-0.070460446
8565,Astro,-0.3199169,0.24234188
108190,VLMC,0.18227415,0.45031184
48510,VLMC,-0.47232068,0.46530312
92770,L5 ET,0.097774014,-0.087814935
92763,L6 IT,-0.092355475,-0.10733656
219487,PVM,-0.19050808,-0.41827044
118957,Oligo,-0.0717171,-0.39467767
181311,Astro,-0.08280356,-0.11005179
92775,L4/5 IT,0.37342745,0.09159099
176393,Astro,-0.14242844,-0.47778344
234196,L6 IT,-0.029067531,-0.09262792
116656,Endo,-0.2221862,-0.24658167
79707,Oligo,-0.19303022,-0.4743348
172884,Astro,-0.03640248,-0.46273127
97170,Endo,-0.44194412,0.045126967
172882,L6 CT,-0.30011624,-0.2649644
119021,Pvalb,-0.22359686,-0.050486155
238826,Astro,-0.026336148,-0.32599872
186629,Sst,-0.3098122,-0.046175666
229776,Micro,-0.51769704,0.39032537
233086,L4/5 IT,0.27445042,0.13609886
202939,L2/3 IT,-0.056077912,0.25889933
270299,Astro,-0.09001304,0.46844286
118851,Astro,-0.3741244,0.18371052
29154,L6 CT,-0.29453897,-0.22959754
181293,Endo,-0.27182078,0.116247706
105794,Endo,0.3500278,-0.05821965
72281,Oligo,0.020702705,-0.37476444
61674,L2/3 IT,0.31504935,0.2781604
219478,Astro,-0.0838808,-0.11424921
118869,L6 CT,-0.18827854,-0.2100977
99784,Oligo,0.031919047,-0.40380332
99155,L2/3 IT,-0.03553267,0.36033052
69074,L5 ET,-0.24060367,0.04163479
21040,Pvalb,-0.101312235,-0.17087224
252566,L2/3 IT,0.104995176,0.23986316
200134,Astro,-0.46807992,0.3662277
62007,Astro,-0.25287366,0.38689268
108170,Micro,-0.10061227,-0.28930318
108177,L6 CT,-0.28544343,-0.18353298
157085,Endo,0.32695854,-0.09623081
62008,L2/3 IT,0.33550185,0.2952503
2283,Micro,-0.34120935,0.0013776366
203268,Astro,0.11901526,0.37462735
79481,L6 CT,-0.23808788,-0.10158158
69104,L6 CT,-0.0061816126,-0.15445098
54031,L6 CT,-0.15919907,-0.17313227
161342,L5 ET,0.31903088,-0.01910401
161345,Oligo,0.08302562,-0.394472
21166,Endo,-0.45674562,0.09987544
92380,L4/5 IT,0.31620198,0.062448792
119953,L4/5 IT,-0.1667039,0.19600874
100029,VLMC,-0.30488926,0.46278536
243018,L2/3 IT,0.2614779,0.34098387
248216,Oligo,0.0769624,-0.4377032
267532,L6 IT,0.056835994,-0.189783
80111,L2/3 IT,-0.43898404,0.29500878
119972,Endo,0.2761745,-0.50256455
29933,L4/5 IT,-0.06614973,0.099234454
74398,Lamp5,-0.28852987,0.32950294
106162,Peri,-0.051713303,-0.06093789
269943,L5 IT,-0.3041557,0.07920145
108541,L5 IT,-0.09034659,0.039791994
68044,Oligo,0.01908414,-0.3346921
222652,Endo,-0.43809515,0.22788125
55460,L2/3 IT,0.1483693,0.3431846
203774,Sst,-0.3205617,0.01683032
92394,VLMC,-0.19885103,0.4785509
249386,L5 IT,0.36197758,-0.15537947
119928,Oligo,0.062778994,-0.44159847
60246,Micro,-0.34175402,0.4321444
119836,L2/3 IT,-0.05006309,0.34622848
48073,Pvalb,0.025735542,-0.039914317
269954,Endo,0.3942098,0.17841089
80062,L6 IT,0.27251548,-0.3022053
49845,Lamp5,0.1916139,0.31650537
215012,L6 IT,0.0153660625,-0.09549267
119879,Oligo,0.073665604,-0.3638922
215051,L2/3 IT,-0.15784763,0.23991191
267527,Sst,-0.257093,0.15655941
108481,Oligo,-0.2155994,-0.4287408
238250,L2/3 IT,-0.1459928,0.29432124
155775,L2/3 IT,-0.26628482,0.32508647
29841,L4/5 IT,-0.21601196,0.19998902
99079,L5 IT,0.43055862,-0.021851635
228915,L6 IT,-0.15124552,-0.015659934
205607,L5 ET,-0.003168121,-0.0071418937
119906,Oligo,-0.023386315,-0.38523382
6331,L4/5 IT,-0.13450654,0.16959554
105636,Oligo,0.045444235,-0.43736652
233510,Oligo,-0.3267374,-0.13664258
29978,Pvalb,0.23850189,-0.11036194
187082,L6 CT,0.08193819,-0.27726838
199024,L6 CT,-0.15181412,-0.22479916
108565,PVM,-0.3629322,-0.1037933
71724,L2/3 IT,0.2208107,0.31070095
120140,L2/3 IT,-0.52773654,0.32732588
250458,Astro,0.15606134,-0.45465234
264318,Micro,-0.5535988,0.3505718
16237,L2/3 IT,0.0126604885,0.39838666
228826,L6 CT,-0.24967708,-0.21026108
178872,SMC,-0.0015278608,0.41169226
736,L4/5 IT,0.35969144,0.052457027
245228,L5 IT,-0.2190965,0.100591354
72315,Astro,0.022533938,0.3784362
74061,Astro,0.30583245,-0.21648288
17800,SMC,-0.084179655,0.34002787
120189,L5 IT,-0.009401992,-0.14556125
242720,Endo,-0.030675009,0.34471035
62251,L2/3 IT,-0.3643294,0.33337927
120207,L2/3 IT,-0.25124764,0.25578934
7662,Astro,-0.38083684,0.05552285
49879,L2/3 IT,0.39916688,0.25282687
247892,Lamp5,-0.20172836,0.38727307
244694,L4/5 IT,-0.25932515,0.16283828
176299,L6 CT,-0.21253385,-0.22477293
62234,L6 CT,-0.16836832,-0.11518658
155457,Oligo,-0.113801286,-0.37940663
172560,PVM,-0.094993636,0.22679567
6740,Astro,-0.2662304,-0.012537247
155545,Oligo,-0.058481053,-0.37245613
199016,L6 IT,0.21926431,-0.21538755
80140,L5 IT,0.06882976,-0.042287864
116398,L6 IT,0.17470853,-0.30507
212088,Vip,0.244547,0.12520379
199013,L5 IT,0.2002918,-0.07028831
259550,Micro,-0.23254152,-0.35115135
228838,L6 CT,-0.08601199,-0.17210174
240946,Endo,0.29611552,0.26742357
30005,PVM,0.23605625,-0.36683416
47966,L5 ET,0.36717045,-0.10530857
68040,L4/5 IT,0.30386448,0.18832946
155511,L2/3 IT,0.15765487,0.29272985
26763,L5/6 NP,0.020783767,-0.014434045
120090,Oligo,-0.09033905,-0.18892232
259545,Astro,-0.40528464,0.022333855
161399,L5/6 NP,0.41893137,-0.010229057
155464,Astro,0.38918024,-0.44861057
80150,Sst,0.06084077,-0.27346253
74360,Micro,-0.14313187,-0.5007861
155880,Endo,-0.07695924,0.39930528
181065,Pvalb,0.015851364,0.11001199
92527,Oligo,0.1315373,-0.4057513
156242,Peri,-0.32875383,-0.15962675
220583,L2/3 IT,0.36684394,0.21306199
48152,L6 CT,0.050445244,-0.25742984
253363,L6b,0.038985357,-0.33479297
72837,L6 IT,0.0009801835,-0.058541007
93553,L4/5 IT,0.05751197,0.115311734
245881,Oligo,0.028755352,-0.39978477
119567,L4/5 IT,-0.2504599,0.22534746
233203,L2/3 IT,-0.22303833,0.27775306
92505,L2/3 IT,-0.31255478,0.27201384
26887,L4/5 IT,-0.18289138,0.20369178
97184,L4/5 IT,0.43079448,0.053052835
68155,L2/3 IT,0.053398654,0.30664456
244341,L6 CT,-0.23889916,-0.33025718
185273,L4/5 IT,-0.021520987,0.10993605
74347,Pvalb,-0.36822355,-0.2629691
156151,L5 IT,-0.44626755,0.08726662
205825,Astro,-0.20427795,-0.17991376
29649,L2/3 IT,-0.14471991,0.33471364
268553,Astro,-0.0603493,0.42587167
176320,Oligo,-0.09288649,-0.32991835
200174,L2/3 IT,0.38060486,0.23021495
239031,Pvalb,0.15218191,0.007468993
156370,L6 CT,-0.31170624,-0.23450571
156359,L5 IT,0.38740706,-0.015042191
79897,Astro,-0.13366829,0.29855305
68206,Oligo,-0.18951266,-0.3496256
218186,Sst,-0.04883565,-0.19455332
48211,L4/5 IT,-0.1438591,0.19693339
264301,Oligo,-0.22612403,-0.504981
60213,L4/5 IT,0.18381481,0.114373796
48208,Astro,-0.26680332,-0.007014578
96726,Astro,-0.0009852201,0.2083906
203757,Endo,0.3087654,0.029303247
156294,L4/5 IT,0.25445724,0.049598448
172722,L6 CT,-0.33618778,-0.13601723
277578,L5/6 NP,-0.091709,-0.1544272
48179,L2/3 IT,-0.04860504,0.3260796
68182,PVM,0.3181072,-0.26230922
29592,Astro,-0.21440108,0.16627717
242314,L2/3 IT,0.07774405,0.33820516
7683,Astro,0.12369953,-0.46320668
181391,L6 CT,-0.033682957,-0.22719103
6372,L4/5 IT,0.2054563,0.15223175
234962,VLMC,0.2901522,0.44528383
253381,L5 IT,-0.4682759,0.0011169259
240926,L6 CT,-0.31011885,-0.33328342
8546,VLMC,0.12898813,0.46798766
48111,L5 ET,0.24709003,-0.10430042
96360,L2/3 IT,-0.3865248,0.24615848
259616,Sst,0.29997295,-0.02806226
186957,Astro,0.21561526,0.047141902
199101,VLMC,-0.057075754,0.48485357
71141,L5/6 NP,0.19041382,-0.1161317
270807,SMC,-0.47356105,0.45958984
108453,Peri,0.19000511,-0.24384809
253427,L5 IT,0.26984912,-0.23739854
263473,L4/5 IT,-0.27972734,0.19973099
229876,L5 ET,0.2746138,-0.06486241
155927,Endo,-0.07193138,0.4637037
260175,L4/5 IT,0.017171964,0.2442717
92426,L6 CT,0.23451065,-0.30310094
74082,L6 IT,0.34158337,-0.29257268
29776,L4/5 IT,-0.11836444,0.18419898
155892,Peri,0.21979783,0.16460294
214655,Pvalb,-0.27756417,-0.11291293
48098,Astro,0.12977873,0.077583425
176311,L2/3 IT,0.412538,0.2589816
185266,Micro,-0.2562667,-0.29025203
2389,L5 IT,-0.085500404,-0.0011793431
231963,Astro,-0.36094797,-0.042882808
233412,L4/5 IT,0.29961187,0.09841996
161207,L4/5 IT,0.015007302,0.120909624
236879,L6 CT,-0.23244958,-0.29649118
161212,Oligo,0.3373642,-0.38131535
177183,L2/3 IT,0.27913642,0.34220648
55432,Endo,0.32271206,0.41351724
240133,Astro,0.2244374,0.11114042
222618,L6 IT,0.40059102,-0.33885354
156055,Oligo,-0.18794526,-0.4752296
80020,L4/5 IT,0.08845948,0.087794356
240928,L2/3 IT,0.34854323,0.23163748
92461,L4/5 IT,-0.30633026,0.16869771
181394,L4/5 IT,-0.046806768,0.10688042
261602,L2/3 IT,0.20525698,0.36252832
228953,Peri,0.16834019,0.13327968
116496,SMC,0.4063769,0.28249955
80013,L6 CT,0.03546588,-0.3167759
229863,L4/5 IT,0.3853401,0.14918339
185251,L2/3 IT,0.0457087,0.29928946
212697,L6 CT,-0.29894227,-0.3567796
17792,L4/5 IT,0.28786087,0.123954825
157507,L6 CT,-0.023743704,-0.20225999
108069,L6 IT,0.014205679,-0.22543496
79479,PVM,0.36969274,0.38482308
268438,Oligo,-0.20370488,-0.35851806
280232,Oligo,-0.31793094,-0.30645084
199825,L4/5 IT,0.14144401,0.09252565
61725,Astro,-0.2001191,-0.48194516
68975,L6 CT,-0.1536199,-0.041390337
159227,L5 IT,0.20003949,-0.12734795
259990,VLMC,-0.22065918,0.4764971
27988,Astro,-0.23991607,-0.24551415
10940,L6 CT,-0.33206713,-0.39442927
252692,L4/5 IT,0.20191197,0.073506825
61839,OPC,0.25168318,-0.05227477
277526,L2/3 IT,0.14234124,0.26920688
117681,L2/3 IT,0.15789436,0.30058515
214078,L2/3 IT,-0.023358002,0.3858313
159180,Oligo,0.40874267,-0.46556604
222338,L6 IT,0.31485927,-0.22903869
117700,L6 IT,0.3481236,-0.34135216
160274,Oligo,-0.2255858,-0.37578726
68718,L6b,0.17988984,-0.35837615
229665,Astro,0.2110114,-0.3794545
261716,Oligo,-0.2140931,-0.32762465
78869,Sst,-0.45488697,0.17326534
185565,L5 ET,0.016960725,-0.040542103
185829,L6 CT,-0.28877658,-0.30585963
93206,L2/3 IT,0.05878268,0.2713068
252818,Astro,0.060845003,0.04340016
117534,Pvalb,0.2972197,0.091747396
99426,L5 IT,-0.3408993,0.09134387
252827,Oligo,-0.107489124,-0.3976059
160204,Oligo,-0.18427782,-0.48958334
160205,L4/5 IT,0.07809447,0.13360852
61812,L5 IT,0.10660945,0.05627244
200037,L2/3 IT,-0.22057594,0.30268967
68765,Oligo,0.26985782,-0.022339528
185850,L6 IT,0.049350604,-0.29136613
20850,L6 CT,0.017409846,-0.28191298
54376,L2/3 IT,-0.16426812,0.25178128
275473,L5 IT,0.33993834,0.0107653085
207875,Lamp5,0.15080248,0.3914091
27939,OPC,0.38484943,-0.511096
243177,OPC,0.097124144,0.3586511
49214,L6 CT,0.041907653,-0.30023366
19045,L6 IT,0.1486213,-0.26603493
117554,L2/3 IT,-0.51331013,0.32212257
185922,L2/3 IT,-0.25834215,0.26600146
203222,L5 IT,-0.38585842,0.17002296
670,Astro,-0.2818722,0.34355927
185959,L4/5 IT,0.02267377,0.13384014
185962,Endo,-0.14262073,0.46384645
78993,OPC,-0.29012805,-0.018489277
99481,Endo,-0.15470727,0.44304585
28158,L4/5 IT,-0.032843366,0.20171642
185968,L2/3 IT,0.0018377751,0.37292248
181202,Astro,-0.016502276,-0.3934247
158941,Endo,0.1779059,0.3115394
214369,L4/5 IT,0.11690663,0.20528978
263110,Oligo,0.39026386,-0.43014142
93131,Micro,-0.0062025934,0.3091699
249662,VLMC,-0.409401,0.4615572
173196,VLMC,0.051413402,0.47315985
49058,L5 IT,-0.091802135,-0.08341012
117884,L2/3 IT,-0.33420795,0.26345265
186017,Vip,-0.14295013,-0.25991145
173193,OPC,-0.09009351,0.39962894
261699,L6 IT,-0.31608266,-0.3939527
99504,L5 IT,-0.31918353,0.15854084
158851,VLMC,0.07469158,0.47664088
74243,L6 CT,-0.13552468,-0.13730878
68940,Oligo,0.38992697,-0.08620847
78989,Lamp5,-0.0987611,0.036099963
266680,Sst,-0.011452034,-0.19814473
159112,L6 CT,-0.27685875,-0.2304621
54337,Peri,0.006279215,-0.00965113
96589,L6 CT,0.04129426,-0.32729986
185535,L6 IT,0.3216799,-0.17013699
271835,Oligo,-0.26848274,-0.123943426
74235,Oligo,0.38865775,-0.3314746
222343,L4/5 IT,-0.36556566,0.24165308
159086,L2/3 IT,0.004050657,0.34998572
159072,L5 IT,-0.16231205,0.1807189
27347,Endo,0.15589862,-0.16561091
49134,Astro,-0.114668116,-0.18012074
219410,Astro,-0.21405242,0.42869943
222344,Micro,0.20277451,-0.25626144
179985,L4/5 IT,0.3232227,0.08007144
248102,L4/5 IT,0.28186917,0.11994188
176530,Astro,0.06478469,0.4333892
49113,PVM,0.16719215,0.44718784
278075,Micro,-0.33741593,0.4121353
117807,OPC,-0.4771121,0.3990993
212446,Oligo,-0.07302724,-0.3715986
96698,L2/3 IT,0.41951758,0.27389634
93216,L4/5 IT,0.3044473,0.08786558
49281,L5 IT,-0.13423733,-0.050555117
27877,Peri,0.41325033,-0.1402671
181155,L6 CT,-0.25544053,-0.14737579
58574,L6 CT,0.09383373,-0.33033586
185706,L2/3 IT,-0.018279627,0.37322444
27495,L2/3 IT,0.19087528,0.32961583
199984,L6 CT,-0.06745727,-0.29789737
27486,Endo,0.19483928,0.08533137
214382,L5 IT,-0.10389076,-0.18351436
49451,L4/5 IT,0.34756482,0.16090006
117242,PVM,-0.14923115,-0.060484983
17721,Astro,0.21637152,-0.4506126
27626,OPC,-0.34037447,-0.3092687
117255,Pvalb,0.25873983,0.06159299
252769,L2/3 IT,0.43017286,0.33904892
11457,L6 CT,0.15173714,-0.28977305
232069,Oligo,0.32446343,-0.3763481
277520,OPC,-0.08470602,0.009216482
159747,L5 IT,-0.18089722,0.07022827
107565,L5 IT,0.30526608,-0.006621724
49547,Endo,0.2100787,-0.34058192
229564,Pvalb,-0.2731561,-0.031519063
78694,Oligo,0.34956437,-0.43803987
242013,Astro,0.167208,-0.3321755
16512,Astro,-0.10896255,0.07012396
117081,Sst,-0.3769797,0.34899747
27529,L2/3 IT,-0.3753773,0.30203736
160017,L2/3 IT,0.09577416,0.20862532
61760,L2/3 IT,-0.2206416,0.29044706
107508,L2/3 IT,-0.18749301,0.36569822
27546,Astro,0.28203154,-0.19067553
232744,L6 CT,0.37644094,-0.28909808
61762,Peri,0.007356569,-0.19891855
99351,Endo,0.31229955,-0.017711556
185650,Astro,0.10289161,-0.48258615
256,L2/3 IT,-0.56641436,0.31782472
238372,L5 IT,0.10382269,-0.008690542
185666,L6 IT,-0.14797096,-0.21380764
185667,L4/5 IT,0.26879835,0.17261237
255,Oligo,0.40294683,-0.34232768
199950,PVM,-0.056253746,0.43831944
99370,Lamp5,-0.48608303,0.4250176
215801,Pvalb,0.27854723,-0.29553586
6665,Lamp5,-0.2599551,0.24476618
248165,L4/5 IT,0.24819683,0.09931832
207895,L6 IT,0.2604707,-0.31356084
159926,L4/5 IT,0.07786851,0.14151454
79043,Endo,-0.22320764,0.20921153
74179,Oligo,0.39946115,-0.4504952
27710,Endo,0.12034868,0.05483859
16495,L6 CT,-0.34253663,-0.37851998
252796,Peri,0.25989473,0.032927208
99276,L4/5 IT,0.027013943,0.14832932
159507,Sst,-0.5332117,0.36447144
159503,Micro,0.11869179,-0.19987285
10945,L6 CT,0.088443264,-0.27614468
215835,Oligo,0.34305167,-0.41011155
19016,OPC,-0.42673576,-0.01761151
27428,Pvalb,0.34030026,0.16435009
96621,Vip,0.17143278,0.13115424
27814,L4/5 IT,0.28069496,0.09856152
206715,L5 ET,-0.09677209,-0.032739677
250366,L6 IT,-0.121375605,-0.11713714
159450,Astro,-0.25290293,-0.4245087
55228,Endo,0.160857,0.2795415
17743,L6 CT,-0.3042677,-0.19977295
207925,OPC,-0.10783358,-0.21910179
117507,L5 ET,0.052133366,0.01005494
27869,L6 CT,-0.16477899,-0.19070277
214084,L4/5 IT,0.33213574,0.07829129
106045,OPC,-0.28779495,0.29733974
249770,Astro,0.025028095,-0.50222975
179052,L5 ET,0.12856345,0.013777072
27780,L2/3 IT,-0.5069627,0.31479096
229641,L5 IT,-0.040541247,-0.018162763
55218,Sst,-0.2677201,-0.320058
203133,Oligo,0.33808744,-0.43986562
117355,L2/3 IT,-0.0041312724,0.39203113
159642,Micro,-0.30788314,-0.06226427
276779,Peri,0.37375265,0.33378345
260030,L6 CT,-0.09941222,-0.17978421
117365,SMC,-0.46393472,0.4342103
106073,L4/5 IT,0.03388886,0.13009721
159547,Sst,0.061058447,-0.10837955
249663,Oligo,0.20535015,-0.42308602
215832,L6b,0.10925083,-0.3351331
27735,L5 IT,0.4056762,0.054477386
185777,L2/3 IT,-0.20186959,0.34845942
275522,Oligo,-0.25610894,-0.5018028
49332,L6 CT,-0.2688974,-0.2904226
250360,PVM,-0.07080047,0.1913858
78796,L6 IT,-0.35670334,-0.25136986
16496,L2/3 IT,0.3812465,0.32222962
20827,L6 CT,-0.10623349,-0.23763159
159618,L4/5 IT,-0.44441742,0.24304807
28198,Endo,-0.33783925,-0.15005821
2138,Oligo,0.21866862,-0.31254238
218252,Oligo,0.20453702,-0.37978774
186280,Sst,-0.029862598,0.18229353
73133,L6 IT,0.049969777,-0.12901014
68522,Pvalb,-0.45380157,0.14665592
238323,L5 IT,0.21651648,-0.18202186
118389,PVM,-0.29653233,0.46406513
92944,Oligo,0.07609819,-0.37334764
212360,L2/3 IT,-0.30337054,0.24341303
222411,L4/5 IT,-0.27021402,0.17508477
160643,L2/3 IT,-0.21380334,0.23029393
173047,Vip,-0.32248437,0.29519624
157900,Pvalb,0.22725277,0.2312085
160646,L5 ET,0.18944995,-0.012050038
96489,L5 IT,0.07226364,0.007834906
105870,Oligo,-0.21956123,-0.15065059
252623,L2/3 IT,-0.30152768,0.28053737
222421,L2/3 IT,0.2416843,0.28616476
260101,L5/6 NP,-0.3714308,0.05695968
27163,L5 IT,0.33792472,-0.10106031
79340,Micro,0.060878858,0.2898122
48770,L6 CT,-0.2595104,-0.19996372
269718,SMC,0.10962932,-0.13999477
239053,Astro,-0.10552172,-0.26072815
48798,L4/5 IT,0.09078495,0.09794151
78426,Endo,0.13822548,0.13715577
203694,Sst,-0.11674993,-0.21247968
158121,Endo,-0.3130682,-0.016943878
218334,Micro,-0.05301942,0.39184213
212367,VLMC,-0.1852039,0.47684056
249166,Endo,0.11265938,-0.105695434
276739,OPC,0.10228507,0.14011395
107401,Oligo,-0.06455137,-0.44881123
203000,L5 IT,0.012130186,-0.14328763
186231,L2/3 IT,-0.4299335,0.25811648
186274,L2/3 IT,0.43231487,0.20565355
54244,L2/3 IT,0.41880792,0.16955298
107938,Micro,0.27620566,0.37622935
20984,Vip,0.16075246,0.34412038
199562,Vip,-0.11685641,-0.23566237
97142,Oligo,0.10304175,-0.37572777
158043,L5 ET,-0.098586515,0.06952237
275355,L6 CT,-0.2800724,-0.39173368
28645,Oligo,-0.4428553,-0.02221254
271877,L4/5 IT,-0.1530825,0.14629173
28672,L4/5 IT,-0.050701812,0.12909073
270285,L6 CT,-0.21216746,-0.13044658
92965,Oligo,0.26221895,-0.3194861
13130,OPC,-0.28234583,0.14162791
200098,Astro,-0.009221092,-0.376575
118525,Pvalb,0.17094068,0.1141138
20720,L6 CT,0.4314407,-0.30377617
186369,VLMC,0.32639253,0.4390937
19139,L4/5 IT,0.390252,0.037026875
259829,Oligo,0.40458137,-0.32961822
74273,Endo,0.3397169,-0.07660625
118539,L5 IT,-0.3929631,-0.0019745287
108032,Endo,0.2357959,-0.29292053
157613,L4/5 IT,0.35004908,0.11429667
48707,Oligo,-0.089735135,-0.35966125
99196,Lamp5,0.055674598,0.4293446
157577,Astro,0.25662965,-0.50471836
157576,Pvalb,0.40807587,0.2971081
275586,L2/3 IT,0.24140422,0.2438057
118589,L6 CT,-0.2872085,-0.13423505
79467,L6 CT,-0.02359797,-0.1992462
199451,Oligo,0.046614513,-0.40867049
186422,L2/3 IT,0.42150795,0.21446371
261662,Micro,-0.27480775,-0.31156713
108068,L6 CT,-0.12703599,-0.22707349
233482,L6 CT,0.28586,-0.33259845
160669,L4/5 IT,-0.3653552,0.17923391
253075,Oligo,0.42898846,-0.42573792
118509,OPC,-0.080796346,-0.21628895
49698,L2/3 IT,-0.06596835,0.31233275
68495,L5 ET,0.12600462,0.025772208
179980,L6 CT,0.15883861,-0.29119027
199528,Oligo,-0.14310993,-0.4200986
28763,L2/3 IT,-0.01679875,0.29089105
107982,L6 IT,0.36819094,-0.32491773
186330,Oligo,0.11300431,-0.43818706
271883,L2/3 IT,-0.09813245,0.18613434
28776,Astro,-0.067386344,-0.46583822
186362,L4/5 IT,0.23089539,0.07836311
99208,L2/3 IT,0.33516222,0.16886353
116767,L2/3 IT,0.1298676,0.24326897
68470,L2/3 IT,-0.29815042,0.29664648
262025,Endo,0.078960165,0.20702362
199508,Endo,-0.19690712,-0.02314288
245808,L2/3 IT,0.10803972,0.24087882
28834,OPC,0.24619822,0.32262152
157709,L2/3 IT,-0.15828316,0.2881295
236842,L5 IT,0.38550478,-0.0032967385
157697,Micro,0.26511985,0.042833142
263479,Micro,0.38735628,-0.45597973
212742,L5 IT,0.26054245,-0.07986415
173069,PVM,0.20030688,0.35749644
275576,Peri,-0.14488085,-0.06665561
259918,Pvalb,0.3824613,0.13342333
118013,Astro,-0.1524172,0.24379253
71172,Oligo,-0.096742645,-0.3815468
205735,L4/5 IT,0.3058985,0.0937854
275408,L2/3 IT,0.35553354,0.2916106
16445,L5 IT,0.40725332,-0.016014671
240300,Astro,0.10575245,-0.052606143
28293,VLMC,-0.47267938,0.4295901
93084,L5 IT,0.08328007,-0.12239734
6561,L4/5 IT,0.17829846,0.13920897
252915,Oligo,0.4278667,-0.32242465
203038,L5/6 NP,0.28484362,-2.4264678e-05
158629,L2/3 IT,-0.37840235,0.30097473
266744,L5 IT,0.13441156,-0.14749593
20911,Endo,0.31172442,-0.37470096
20913,Astro,0.05084203,-0.44915724
93079,L6b,-0.18077515,-0.32120878
252661,L2/3 IT,0.28018075,0.18544161
118045,L2/3 IT,-0.2647639,0.33216226
158577,L2/3 IT,-0.44113588,0.32826328
20748,OPC,-0.45647174,0.07153874
6684,L5 ET,0.40124673,-0.11667148
49018,L2/3 IT,-0.090377524,0.35485864
55275,Astro,-0.558912,0.408849
160372,L5 IT,0.069748625,-0.040188946
78516,L2/3 IT,-0.19001015,0.3275665
28209,Oligo,0.22808556,-0.4413214
28215,L2/3 IT,0.040802285,0.38911384
158776,L2/3 IT,0.42637157,0.26813322
186049,L4/5 IT,-0.27632886,0.16317624
240843,Astro,0.36797935,0.29656422
20900,L6 IT,-0.4702493,0.0310139
54304,L4/5 IT,0.3461463,0.14900064
232094,L5 IT,0.05288832,0.07123005
105978,PVM,0.25524414,0.40023106
158749,L4/5 IT,-0.024316862,0.12837785
99517,Astro,-0.21746255,-0.43954584
245195,L2/3 IT,-0.44063717,0.2731619
259923,L6 CT,-0.34923518,-0.35346138
58464,L4/5 IT,-0.04795976,0.12403893
96545,L2/3 IT,-0.53310305,0.34285462
117958,Oligo,0.016876385,-0.39944637
160427,L2/3 IT,0.041715786,0.22653621
19063,L4/5 IT,-0.46005976,0.1255393
207978,Astro,0.009121582,-0.15882769
10996,Oligo,0.23211323,-0.40042073
118076,L2/3 IT,-0.39211416,0.25508678
263588,Astro,-0.027504697,-0.4697898
186171,L5 IT,-0.18497758,-0.05692167
245201,Pvalb,0.29716873,-0.01587609
229316,L4/5 IT,0.110849485,0.12905163
79213,L6 CT,-0.19201876,-0.2796054
252957,Oligo,0.017068788,-0.081516005
48892,L6 CT,-0.25024408,-0.27188435
6525,Astro,-0.44084996,0.36556834
14235,L4/5 IT,0.36778533,0.18250495
28495,Lamp5,-0.06750016,0.4797265
229322,Endo,-0.12098913,-0.09824587
229302,Oligo,0.21386431,-0.36190605
212380,L5 IT,-0.028144792,0.04279416
116823,L4/5 IT,0.3603204,0.030669028
186199,Micro,-0.28837693,0.28767836
2209,SMC,-0.14953984,-0.096800245
243044,Endo,-0.005051747,-0.16625547
28560,L6 CT,-0.2746215,-0.33178034
107896,L5 IT,-0.15300067,-0.0001823362
6524,Pvalb,-0.14878438,0.26861566
12973,L6 IT,0.035258636,0.16285306
158245,L6 CT,0.33275002,-0.30570897
158547,L5 ET,0.00066255033,0.056385808
243639,Oligo,-0.18564184,-0.1588757
199616,L2/3 IT,-0.17846425,0.3230512
252930,L5 IT,-0.4381768,0.06340592
181253,L5 ET,0.3662117,-0.021045988
244381,Astro,0.041736647,-0.50053847
14223,SMC,0.14495419,0.46193027
681,Micro,-0.19469546,-0.36614978
179107,L4/5 IT,0.110240445,0.18003827
20729,L6 CT,0.20299087,-0.31859002
20930,Sst,0.2573312,0.3113039
158481,L6 CT,-0.33246344,-0.28840065
27252,Lamp5,-0.24413727,0.32404208
158480,L2/3 IT,0.20115058,0.28171527
116843,Micro,-0.08219926,0.39854503
78479,L4/5 IT,-0.015678778,0.2268067
186150,Oligo,-0.27315354,-0.27575153
158440,L5 ET,0.10289864,0.033829622
271867,L4/5 IT,0.3783698,0.11587905
158432,L5 IT,-0.07881044,-0.03490136
16427,Astro,-0.19803245,-0.44673225
158413,Astro,0.24839513,0.20509958
277412,PVM,-0.253713,0.20819634
16429,PVM,-0.29266322,-0.007072633
260338,Oligo,0.09818904,-0.43606508
268571,L5 IT,-0.085210815,-0.0089898165
155257,L5 IT,-0.11510371,-0.07967911
115882,L6 CT,-0.058002487,-0.24262848
122449,Astro,-0.3657967,-0.25326195
7598,Oligo,0.024962828,-0.25985685
263651,Oligo,-0.35708892,-0.05774752
230108,Astro,-0.024584249,0.40301353
184784,Endo,0.26857752,-0.03136743
151969,L6 IT,0.30539483,-0.25571534
240701,PVM,-0.07486181,0.23747772
31913,Oligo,-0.07346146,-0.45270967
272208,L5 ET,-0.32282054,0.106142394
57874,L5 ET,0.1342995,-0.084617086
280274,Oligo,0.31749773,-0.4140041
198273,Peri,-0.21853633,0.13625479
238483,L4/5 IT,0.33973068,0.103683405
162637,L2/3 IT,0.36218876,0.23489648
171681,L6 CT,-0.31236446,-0.17841971
203927,L2/3 IT,0.039680883,0.27610075
6081,Astro,0.10316174,-0.46623766
151910,L5 IT,-0.0059610754,0.07920491
152032,Micro,0.18834339,0.06234085
184796,Astro,0.27279115,-0.45401266
91583,Vip,-0.26450413,0.050345175
57879,L2/3 IT,-0.10302068,0.21099973
46841,PVM,-0.045855597,-0.26425534
275779,L6 CT,-0.098616794,-0.2758659
236962,Astro,0.30730265,0.003411943
31809,L2/3 IT,-0.18256874,0.21468002
162560,Astro,0.25119847,-0.10805292
252258,L6 CT,-0.14190237,-0.31535763
16711,L6 CT,-0.30590928,-0.1343883
105219,L5 IT,-0.31538558,0.047907703
188223,L4/5 IT,0.25068146,0.054834716
6078,Astro,0.14229761,-0.1506162
184834,Endo,0.24316172,-0.04670111
181713,SMC,-0.467781,0.4309317
91599,L4/5 IT,0.42532414,0.06330436
109301,L2/3 IT,0.14730947,0.23873013
77786,L6 IT,0.24928997,-0.31945544
152105,Astro,-0.19324808,-0.5103339
50137,Astro,-0.3983491,0.0061336104
179265,Endo,-0.36413586,-0.23243746
152082,L6 CT,-0.3415256,-0.34785575
259149,L5 IT,0.26157153,-0.008146292
268670,SMC,-0.27112937,0.4756217
67493,Astro,0.25162995,0.3641107
180185,OPC,0.09253965,-0.22934785
188291,L6 IT,-0.30801308,-0.10140113
250622,Endo,-0.16838352,0.46152836
122625,Pvalb,-0.37834388,-0.01842106
32050,OPC,0.19530992,0.38180304
171606,L5 IT,-0.4554255,0.078601174
151710,Peri,-0.096884534,-0.19016927
16029,Astro,-0.0136306435,-0.4825285
215623,L2/3 IT,-0.463647,0.32247615
81402,Peri,-0.45983768,0.34415752
81409,L2/3 IT,-0.39051306,0.3237428
198219,L5 IT,-0.26714826,0.080672316
151668,Oligo,-0.19813655,-0.39934045
228258,Oligo,-0.12797959,-0.36711913
171567,L4/5 IT,0.41642094,0.14440936
205899,L6 IT,-0.30029726,-0.16390014
231779,L4/5 IT,0.34976292,0.103938274
151617,L2/3 IT,-0.2110719,0.31845105
151612,L6 IT,-0.18129121,-0.089667894
91512,L6 CT,0.10071717,-0.33293745
188406,Sst,0.2522238,0.23785424
266890,Oligo,0.077627644,-0.4130478
109408,OPC,-0.008118048,-0.41774726
122352,L6 CT,0.31204528,-0.2744977
184771,Lamp5,-0.23838417,-0.07519562
122592,L4/5 IT,-0.39376378,0.17104906
81322,Astro,0.07317214,-0.4922351
8500,Sst,0.30417347,-0.12555704
109357,Astro,0.22731726,0.023886973
202573,Astro,0.23338054,-0.23599133
151854,Endo,-0.22931395,-0.08002252
188322,L6 IT,-0.2212271,-0.22302115
266875,L6 IT,0.07260911,-0.2913045
151826,SMC,0.40291995,0.27854955
181764,L2/3 IT,-0.046378806,0.2631542
151756,Vip,-0.28440005,-0.22848645
122577,Oligo,-0.3089767,0.036824755
81341,L2/3 IT,0.0670573,0.23632509
122578,Astro,0.16557758,0.10303169
151793,Astro,-0.27819306,-0.105749615
261465,L5/6 NP,-0.27943158,-0.011846786
115857,L2/3 IT,0.1671354,0.2909789
162687,Endo,0.38469088,0.41604733
96041,L6 CT,0.024133965,-0.32254922
105186,L6 IT,-0.23154731,-0.21744177
55607,Lamp5,0.1743881,0.38332975
228295,L4/5 IT,0.28667217,0.1672647
250602,L2/3 IT,0.4140628,0.3083102
61560,Oligo,-0.016850367,-0.40398148
243769,L5 IT,-0.13022317,-0.00068373047
26285,Oligo,0.042986378,-0.3668336
67619,L2/3 IT,-0.52973217,0.33203298
262127,L6 CT,-0.268054,-0.23200563
200373,Astro,0.25573295,0.37871772
61593,Oligo,-0.23407973,-0.510484
162414,Lamp5,0.43068486,0.3849991
202056,Oligo,0.2795182,-0.4106218
31524,L2/3 IT,-0.08090733,0.36077887
46998,L6 IT,-0.34455937,-0.009322053
200363,L6b,0.10309772,-0.34762758
81089,Endo,0.10772346,-0.07465095
252296,Peri,-0.041756287,0.017174417
262132,L2/3 IT,-0.027955368,0.3153299
8675,Pvalb,-0.03929229,0.11176293
122083,L2/3 IT,0.04301785,0.2805351
31585,L6 CT,-0.1779009,-0.073160775
223050,Astro,0.39247656,-0.4661795
21527,Oligo,-0.13632019,-0.38246742
162433,L6 CT,-0.12971948,-0.27192146
122098,L5 IT,0.1557465,-0.07183624
11762,L5 ET,0.24920557,-0.015534824
152537,L4/5 IT,0.2939713,0.13204706
31507,Oligo,-0.016906396,-0.4312753
116015,Oligo,0.27486187,0.16334856
232626,L4/5 IT,0.30831015,0.15767199
121892,Oligo,-0.049733058,-0.37873828
71013,L2/3 IT,-0.2453299,0.27165914
26301,L6 IT,0.037046835,-0.2730853
262926,L5 IT,-0.0029885918,0.18875396
74646,L5 ET,0.25135547,-0.13930106
181634,L5 ET,-0.06461693,-0.0734149
264422,Endo,0.3055752,0.18175834
21512,Sst,-0.4578333,-0.009734994
116013,PVM,0.343899,0.43790722
107220,L2/3 IT,0.3732065,0.23096943
152756,Pvalb,0.08243923,-0.013316518
236951,Lamp5,-0.42622358,0.33158404
62502,L6 CT,0.25196564,-0.30909142
230079,Astro,0.10757445,-0.45872378
121971,Oligo,0.2688775,-0.4210969
57920,L5 IT,0.020147905,-0.09165416
173745,OPC,0.18723433,0.41797024
230090,SMC,0.26736605,0.4450062
248272,L5 ET,0.14001344,0.017367775
171872,L4/5 IT,-0.44407147,0.18465847
198156,L2/3 IT,0.2791143,0.29247302
205870,Peri,-0.012499109,-0.006655818
274780,L4/5 IT,-0.108422086,0.11109673
26245,Lamp5,-0.18735598,-0.14968356
270223,Peri,0.2795785,0.018136913
26243,Micro,0.023774728,0.16484272
31681,L6 CT,0.020421013,-0.24892268
198351,L6 CT,-0.16938485,-0.17129177
122283,Astro,-0.46770787,0.36080837
180991,L6 CT,0.16356711,-0.16776732
91638,Oligo,-0.20624046,-0.37612826
208364,Micro,-0.31347996,0.18334174
100509,PVM,-0.34778088,-0.13101989
122293,Oligo,-0.17414416,-0.3530271
248278,Astro,0.22869436,-0.068279095
77814,Oligo,0.41220272,-0.42480296
198340,L6 IT,-0.35527205,-0.11494092
74699,L5 IT,0.40471423,-0.08128897
98910,Oligo,-0.030408874,-0.45492038
115910,L5 IT,-0.44489682,0.120559625
58781,L6 CT,-0.3481506,-0.3308553
17880,Oligo,-0.06320198,-0.2063945
46848,Astro,0.040547773,-0.46539533
8014,L4/5 IT,0.17632739,0.14796823
60395,L5 ET,-0.404584,-0.03455708
198368,OPC,-0.19973059,0.0250799
17873,Astro,0.24583267,-0.38242096
268652,L6 CT,-0.22462834,-0.20122185
57904,Sst,0.2920413,-0.14009824
223058,VLMC,-0.37148666,0.45705187
115963,Sst,0.045402452,-0.03528235
14471,Oligo,0.42578286,-0.441416
96076,L5 ET,-0.21585415,0.08536547
173754,L2/3 IT,0.20270477,0.2839393
72344,L2/3 IT,-0.042543247,0.33796477
122160,L2/3 IT,-0.04459758,0.26712644
46903,L6 CT,-0.060864404,-0.2734564
236489,Oligo,0.20007662,-0.028314805
98915,Oligo,0.16029243,-0.42044848
81135,Astro,0.23076962,0.34226185
26256,Oligo,0.2071759,0.08704632
260292,L2/3 IT,0.4112038,0.3620416
91667,Micro,-0.3975442,0.12373453
122213,L4/5 IT,0.16879229,0.14662826
122219,L5/6 NP,-0.056998447,0.0065424982
105244,Endo,0.10320227,0.43798733
109258,L4/5 IT,0.12835346,0.115528636
100487,Peri,0.096863136,0.29890805
53621,Endo,-0.33157784,0.079000644
6049,Astro,-0.29722887,-0.28584135
252231,Micro,-0.45256114,0.024849707
123230,L4/5 IT,0.37249178,0.03848683
46381,L4/5 IT,0.40628648,0.047999732
150798,L6 IT,0.10719524,-0.0976694
208466,Oligo,-0.19414388,-0.47972685
171364,L2/3 IT,0.22787224,0.31656426
197974,Endo,0.42119974,-0.4143508
46367,Endo,-0.09629907,-0.21842915
115715,Oligo,-0.15839393,-0.41798204
98827,L4/5 IT,0.17159657,0.16904747
7803,L4/5 IT,0.23540108,0.1251092
123319,Astro,-0.1650639,-0.4303759
70921,SMC,-0.14646922,-0.16305521
123339,L4/5 IT,0.37736034,0.060775988
53405,L4/5 IT,0.21741794,0.09861343
592,L6 CT,0.3857813,-0.14281234
81684,Astro,0.4305212,0.12467819
100739,Lamp5,0.2200887,0.36861026
91320,L5 IT,0.19783174,-0.037086137
81686,L2/3 IT,-0.37207973,0.31213552
81635,Lamp5,-0.56561047,0.39332283
279330,L6 CT,-0.35924196,-0.33878702
46389,L2/3 IT,0.39331913,0.28325176
150835,L4/5 IT,-0.418056,0.1886025
32492,Astro,-0.20657422,0.13306701
150979,L6 CT,0.2324165,-0.23074618
259014,L2/3 IT,0.15556,0.3328299
241860,L6 CT,-0.20527358,-0.2080313
123125,Pvalb,0.27056813,0.12621439
150969,L5 IT,0.27982575,-0.16823971
228089,L5 IT,0.06558399,0.077227525
173825,L6 IT,-0.31373912,0.07356142
150928,OPC,-0.33553612,-0.10734043
67272,L4/5 IT,0.35974246,0.094945066
241858,VLMC,-0.09247823,0.48483562
67316,OPC,-0.04013993,0.14452791
232584,L6 CT,0.05658458,-0.3241406
91369,L4/5 IT,-0.1226026,0.16106945
162945,L6 CT,-0.31781906,-0.32453877
100713,L2/3 IT,0.20438974,0.27747846
203969,Oligo,-0.20791684,-0.46673962
233604,Astro,-0.3572877,0.37140387
123205,Peri,0.15245847,0.4178673
162948,L2/3 IT,-0.10716106,0.27244955
274650,Micro,-0.4553827,0.39202642
32641,L5 IT,-0.16840325,0.09933942
123381,L6 CT,-0.31320035,-0.29092038
247555,L5 ET,0.21343432,0.026048118
32714,Pvalb,-0.3640436,-0.39714465
46298,L6 CT,0.06128852,-0.24096486
62713,Astro,-0.16509439,-0.40569812
69456,L2/3 IT,0.22715847,0.32788128
254316,VLMC,0.043261632,0.47391075
242265,Oligo,0.17701183,-0.39541295
173852,L6 IT,-0.3388698,-0.06979854
50226,Peri,-0.43500292,0.10912525
60475,Endo,-0.22060366,-0.16843337
46300,L6 CT,0.14721595,-0.15947741
32739,Endo,0.2686882,0.11413317
188803,Oligo,-0.15960304,-0.46953598
272277,Endo,0.17875932,0.28704166
202472,Oligo,0.029899403,-0.36092126
123521,L6 IT,0.10351507,-0.30214167
105027,L2/3 IT,0.12714903,0.3259303
275821,Oligo,-0.002650097,-0.42058435
272284,L6 CT,-0.3064391,-0.19276312
107155,Astro,-0.34700024,-0.2457214
32772,Oligo,-0.00018163025,-0.10672597
213920,L6 IT,-0.17287548,-0.14282036
107178,OPC,-0.10150422,0.45455498
188775,L5 ET,0.12768434,-0.013647025
123436,L4/5 IT,-0.06978451,0.14559871
81699,L5 IT,0.07105397,-0.01507101
26000,L6 IT,-0.3124653,-0.16331506
179874,L2/3 IT,0.37739635,0.21131718
100746,OPC,0.3883537,-0.14919195
46329,L5 ET,-0.44337058,0.1040644
25998,L2/3 IT,-0.4958284,0.32763588
46328,L6 CT,0.42471248,-0.37410975
258980,Astro,0.34909987,0.18956119
72163,Micro,-0.19138642,-0.3221407
264498,Vip,-0.24828847,-0.07763565
62705,L4/5 IT,-0.055390134,0.14024496
12931,Peri,0.1338629,0.38696992
67256,L2/3 IT,-0.33123302,0.29658514
214844,L6 CT,0.033525094,-0.2926455
163032,L6b,0.26813364,-0.36715335
197927,L5/6 NP,0.18118761,-0.11842624
228037,L4/5 IT,0.36977607,0.10103672
91299,L2/3 IT,0.40598476,0.22854799
239254,L2/3 IT,0.17914908,0.29428226
18782,Oligo,0.1996933,-0.3982384
69451,L5 ET,-0.44244665,-0.016541695
218384,Astro,-0.34368533,0.16191769
188604,Astro,0.021215543,-0.49692827
123109,Oligo,-0.36357707,0.42614347
236130,L5/6 NP,0.29127336,0.03950172
188483,Oligo,0.20303576,-0.24440077
10687,L5 IT,0.41717517,-0.10998786
32233,L6 IT,-0.2667126,-0.05608935
151390,Vip,0.09116273,0.1439926
1748,VLMC,-0.45220166,0.45523018
211619,L4/5 IT,0.32880074,0.058652453
32262,L4/5 IT,-0.20502962,0.18517661
151351,L2/3 IT,0.23248605,0.26582485
8486,L4/5 IT,0.28489304,0.02728718
109479,L2/3 IT,0.3097465,0.20006543
279047,Astro,-0.38425535,0.40417147
162834,L2/3 IT,0.38550687,0.27994472
228183,Astro,0.2180032,0.30129206
151333,L4/5 IT,-0.2534387,0.17422253
91457,VLMC,-0.11220659,0.48597825
67403,Oligo,-0.26102263,-0.46100184
151320,Astro,0.39575648,0.25155485
262171,Endo,0.07197742,0.11851858
236983,L4/5 IT,0.0059907287,0.1902399
151345,Endo,0.14995603,-0.4367155
109497,L5 IT,-0.055186823,-0.13785544
73292,Astro,0.4190864,0.35727376
274688,Oligo,-0.119534835,-0.4203067
6821,L4/5 IT,0.06495999,0.25239146
151544,Astro,-0.3658464,0.45165783
50165,L4/5 IT,0.30618984,0.10113447
230141,L4/5 IT,-0.44979775,0.11410778
264085,L6 CT,-0.3698423,-0.30174994
223179,L6b,-0.2729876,-0.43412054
214893,L5 IT,-0.0522929,-0.14036858
151516,Lamp5,0.07722597,0.3829326
151502,L6 CT,0.30167,-0.19265449
198094,Pvalb,-0.0748608,0.0040673558
91475,Oligo,0.15919839,-0.38294888
247621,Oligo,-0.14809363,-0.4979472
198102,L5 IT,0.3041591,-0.22687486
19380,L5 IT,-0.20370464,0.046799056
32170,L5 IT,-0.2508039,0.09699493
231769,Oligo,0.38706118,-0.4340017
216276,L6 IT,0.12314664,-0.2959646
188442,Astro,-0.32122207,0.3877201
122815,L5 IT,0.22565119,0.017087454
208422,Peri,-0.32677448,0.14286572
151499,Astro,-0.1467761,-0.44276646
81428,VLMC,0.21308212,0.44538844
151298,OPC,-0.25969023,-0.49439305
188523,Peri,0.005861625,-0.25638154
32374,Endo,-0.046863034,0.16512954
46527,L4/5 IT,0.25355262,0.15771753
115775,L4/5 IT,-0.309341,0.22073638
81566,Oligo,-0.0921952,-0.39710352
60427,Endo,-0.42549014,-0.008307284
123054,Oligo,-0.029941395,-0.44073763
2982,Endo,0.34164345,0.18074703
270362,OPC,0.31486207,0.39452463
46498,L4/5 IT,-0.30405688,0.17709011
67380,L2/3 IT,0.22504167,0.29710126
81583,OPC,0.03159009,0.4172123
151052,L4/5 IT,-0.054059044,0.11520242
57805,L6 CT,-0.05178012,-0.20693755
206677,Endo,0.0062570423,0.008774752
188584,OPC,0.051005587,0.44673103
151032,Endo,-0.32830447,0.10124909
162929,Endo,-0.121291235,-0.31371623
208432,VLMC,0.13393943,0.46606904
46477,Lamp5,-0.13916431,-0.30820996
32470,L2/3 IT,0.39476204,0.33465934
57810,Peri,-0.04550685,-0.009933656
1744,Astro,0.36000484,0.071008556
266907,Micro,0.38250065,0.20011628
122990,Endo,0.2628584,0.12794667
228179,L2/3 IT,0.13257353,-0.2729576
74759,Astro,-0.27905452,0.27606064
202545,L2/3 IT,-0.1562032,0.2774436
62658,Endo,-0.29957354,-0.15089196
266254,Oligo,-0.25335783,-0.45091346
188547,L2/3 IT,0.25569934,0.19162428
188548,L5 IT,-0.13258897,0.00586831
67394,OPC,0.1262558,-0.39136416
32337,L4/5 IT,-0.33633447,0.18970656
215611,L6 CT,-0.33875465,-0.39140272
151221,Oligo,0.087484464,-0.44815335
97370,L4/5 IT,0.42308617,0.030327613
20592,L2/3 IT,-0.14755769,0.32516205
122973,L5 IT,-0.12349649,-0.04173789
188559,SMC,-0.08428602,-0.09942276
151164,L2/3 IT,-0.16851978,0.3532089
100668,L2/3 IT,0.2003117,0.21989119
122982,L5 ET,0.034978494,-0.016769743
67381,L2/3 IT,0.3272854,0.22738373
243558,L2/3 IT,-0.057252422,0.27958822
62670,L6 CT,-0.14033659,-0.2989573
81022,Lamp5,0.16393177,-0.082790084
9010,L5 IT,0.004552588,-0.16902131
259252,Sst,0.4211576,0.006329233
214,L2/3 IT,0.04703681,0.2430101
53803,Astro,-0.08264254,-0.45331007
100225,Astro,0.3401358,-0.28848305
92176,L6 IT,-0.26953417,-0.0998903
99020,L5 ET,0.035284087,-0.14684433
47677,L5 ET,0.39272845,-0.069279976
202771,Oligo,-0.0738128,-0.39894286
26558,L6 CT,-0.31538087,-0.34835455
47672,Sst,0.35277236,0.3072064
264354,L6 CT,-0.080525145,-0.19516203
19237,PVM,-0.35874444,-0.10268507
154341,L2/3 IT,-0.23552407,0.33903563
233215,L2/3 IT,-0.1565062,0.24684417
206494,Astro,0.13407926,0.4422323
74475,Astro,0.13782625,-0.45223838
14106,Oligo,0.34584028,-0.28306663
49947,L2/3 IT,-0.42874104,0.2779494
49948,L5 IT,0.16532521,-0.08955867
198785,Astro,-0.10788898,0.2982043
11040,L2/3 IT,0.4272225,0.2872392
222793,Pvalb,0.28853756,-0.11858607
80464,L4/5 IT,-0.36194235,0.19087625
264351,L5 IT,0.05035965,-0.036513247
19231,L6 CT,-0.23710223,-0.17313743
259466,VLMC,-0.41654503,0.46321046
14376,L6 CT,-0.3434664,-0.11856628
8992,SMC,0.03281586,0.4697165
262972,L4/5 IT,0.13138376,0.15871829
80411,Lamp5,-0.24006797,-0.35318416
80421,L2/3 IT,-0.035356477,0.27789325
58054,L6 IT,-0.36556816,-0.15962103
253644,L2/3 IT,-0.16242029,0.30956233
154277,L4/5 IT,-0.43843138,0.18792623
185127,L6 IT,-0.25967914,0.023573214
161703,L2/3 IT,-0.17015393,0.33636653
187414,Micro,-0.3195455,0.37221944
80429,VLMC,-0.19098787,0.47723442
154555,Peri,0.37390673,0.3612097
161722,Oligo,0.059677526,-0.44903183
96731,L6 CT,-0.15853412,-0.26216832
154519,L4/5 IT,-0.17591302,0.13955337
231924,Oligo,-0.06645484,-0.41140035
154498,Astro,0.08943723,0.42597616
108723,Endo,-0.24339218,-0.0005902704
293,L6 CT,-0.35979247,-0.28914207
277323,L2/3 IT,-0.20771985,0.2825209
120861,L4/5 IT,0.27628714,0.11642485
21342,L6 CT,-0.07898109,-0.23726508
21346,Oligo,0.06806944,-0.31090382
205533,L5 IT,-0.18109904,0.050481193
177002,L2/3 IT,0.11702947,0.24278009
238169,Astro,0.13010351,0.41779047
218714,VLMC,-0.34120417,0.4563781
120994,Pvalb,0.27979296,0.13650405
172217,L6 IT,-0.26495588,-0.03688977
272071,Micro,0.113066,-0.22867665
236122,Peri,0.102578804,0.2589137
154037,L5 IT,0.23487012,-0.08853287
154032,L5 IT,0.10257636,0.07690846
121014,Endo,0.37615097,0.32745618
6248,L4/5 IT,0.29513454,0.14950031
116183,Astro,-0.021923795,-0.14940706
14396,L2/3 IT,-0.1179551,0.3549052
69240,L6 IT,-0.14893468,-0.24667642
105468,Vip,0.067708656,-0.34917927
215662,Astro,0.08761667,-0.38453996
234163,L4/5 IT,-0.12385161,0.1957066
67851,L2/3 IT,-0.3816569,0.31499106
26604,Astro,-0.20750557,-0.44302732
154119,L2/3 IT,-0.18332236,0.2603798
154147,L5/6 NP,0.1929885,-0.18962622
120867,Oligo,-0.3627317,-0.18404767
207823,L4/5 IT,0.14899437,0.12918347
108797,L2/3 IT,0.42340964,0.3415532
154232,Oligo,0.41186702,0.094736926
161832,L6 CT,-0.22733988,-0.19369605
240411,Astro,-0.22859685,0.4557916
176198,Astro,-0.4694379,0.3324899
198765,L2/3 IT,0.33043975,0.3634237
274936,PVM,0.36490375,-0.5088854
260229,L2/3 IT,0.24540703,0.24792057
249415,L6 CT,-0.015508965,-0.18297601
47569,Astro,0.31113493,0.32462096
185085,L6 IT,0.3168738,-0.21028632
252396,L5 IT,-0.07791062,-0.07270212
220580,L4/5 IT,0.3444746,0.081145994
154177,L6 IT,-0.36503482,0.009312088
269655,L2/3 IT,-0.1397262,0.342049
228640,Endo,-0.13769598,0.31279868
228638,PVM,-0.29765874,-0.21699342
47557,L2/3 IT,0.016340718,0.28853273
203833,L2/3 IT,0.34844458,0.34853363
233535,PVM,0.21825181,-0.38561794
242065,Endo,0.20205317,-0.08833406
187371,Astro,0.061190292,-0.14192182
161545,L4/5 IT,-0.18839748,0.13410568
218873,Endo,-0.28467882,-0.044238277
248958,Endo,-0.36414355,-0.09232936
178849,L6 CT,-0.24706067,-0.23854029
108633,Oligo,0.19314651,-0.38101375
208206,Endo,0.30277562,0.12303906
26697,L2/3 IT,-0.3486877,0.26140404
120376,L5 IT,-0.09011434,0.052681737
208207,Astro,0.38689262,-0.35925865
187243,L4/5 IT,0.38627565,0.061697595
1882,VLMC,0.09305297,0.47364402
206863,L4/5 IT,0.3738181,0.17094398
14363,L6 CT,-0.019203559,-0.27817768
30280,Astro,-0.42566824,0.39798766
100115,Endo,0.023077771,-0.27045965
71937,L4/5 IT,0.10090487,0.090758555
253609,Astro,-0.13827531,0.43107998
30297,Endo,0.0018757433,-0.15146041
120413,L6 IT,0.0047273487,-0.22900459
11478,Astro,-0.07534765,-0.29372203
26693,L2/3 IT,-0.52217615,0.3107587
11924,L4/5 IT,0.23489295,0.14755291
26702,Oligo,0.40275043,-0.46347415
108630,L2/3 IT,-0.4419372,0.3434989
172520,Micro,-0.043695405,0.1560387
80233,Lamp5,0.42840403,0.23527563
198958,L2/3 IT,0.06162761,0.38933498
172508,L6 CT,0.13506894,-0.13444877
277079,L4/5 IT,0.4268828,0.17625248
93579,L6 CT,-0.29321295,-0.39475393
173608,L6 CT,0.24007379,-0.3164865
58734,L5 IT,0.122196004,-0.20077941
61638,Astro,-0.15785803,-0.48362428
92271,L2/3 IT,0.26105267,0.011151725
155172,Oligo,-0.16940461,-0.37226966
742,L4/5 IT,0.3006932,0.21370953
47854,L4/5 IT,0.38617432,0.052287452
252437,L6b,-0.1378042,-0.3236441
187217,L4/5 IT,0.38367182,0.036962084
200234,L6 CT,-0.13572226,-0.24757192
215689,L5 IT,-0.12118508,0.030898804
26712,L5 IT,-0.058435515,-0.10757104
212032,Endo,-0.117924705,0.2208181
263623,L2/3 IT,-0.26854575,0.30993128
241958,L4/5 IT,0.22609238,0.10256802
154001,Endo,-0.09050058,0.45280373
154981,Astro,-0.32635307,-0.095156826
279920,L5 IT,0.15667073,-0.01811633
180125,L6b,-0.15330093,-0.3024385
238206,L6 CT,-0.29548848,-0.35225928
53857,L4/5 IT,-0.30099273,0.18722439
172429,L5 ET,-0.16494505,-0.05707661
263143,VLMC,-0.17698057,0.47612375
244756,L2/3 IT,-0.10581656,0.34038925
222769,Oligo,-0.054629818,-0.34347802
78011,L6 IT,-0.3563257,-0.27781203
177233,Oligo,0.020055696,-0.15886626
202794,L5 IT,-0.29349172,0.12652344
105550,Micro,-0.3755811,0.20146888
172414,L4/5 IT,-0.188477,0.19359654
47769,PVM,-0.29450452,0.3664438
154701,Oligo,-0.11350964,-0.10680408
240407,L2/3 IT,0.3404954,0.3323586
232653,Endo,0.054048285,0.40366364
173638,Vip,-0.40969545,0.016787881
172403,Oligo,-0.15870981,-0.4479229
161685,Oligo,-0.17028145,-0.4407329
272045,OPC,-0.08540197,-0.2993711
198875,Oligo,0.3164246,-0.45371154
154977,L6 IT,-0.38983482,0.010678465
214125,L6 CT,-0.028456882,-0.18081805
100146,L6 CT,0.31597716,-0.32929456
181055,L2/3 IT,-0.42053974,0.3074382
240318,Oligo,-0.21480896,-0.3015315
72816,L2/3 IT,-0.48428255,0.3371455
161593,VLMC,0.10277288,0.47087175
219553,Endo,0.23601465,0.24875933
30328,L6 CT,0.3860795,-0.31494927
80309,L5 IT,-0.39598185,0.07338225
26667,L6 CT,-0.29114938,-0.29986557
74428,OPC,-0.07747109,-0.15361437
274999,L6 IT,-0.3663994,-0.37016228
277324,Endo,-0.20698176,0.21748394
80321,Astro,0.24054073,0.27060705
10781,Peri,0.37416124,-0.46379822
2486,L4/5 IT,-0.28141308,0.12338405
30356,L6 CT,0.024149582,-0.23514354
187319,L6 CT,-0.26450026,-0.3095558
228756,L2/3 IT,0.1971033,0.22805607
16197,L6 CT,-0.2973984,-0.38177213
228748,L2/3 IT,0.010919794,0.385485
97229,Oligo,0.35438454,-0.34422708
58122,L5/6 NP,-0.3371327,0.04094463
21378,L2/3 IT,0.3248679,0.3059306
92085,Oligo,0.21180414,-0.43426973
99005,L4/5 IT,0.39061028,0.12377267
239745,Oligo,0.27370435,-0.3916875
121594,L2/3 IT,-0.39493775,0.28202784
31177,Astro,0.1599996,-0.45769078
178772,L6b,0.41445142,-0.37339538
247747,L4/5 IT,0.26025468,0.105495386
74579,L2/3 IT,-0.26499873,0.22041464
215637,L4/5 IT,0.035418496,0.20811224
274841,Peri,0.0694512,-0.35373643
121620,Endo,0.36006647,0.18340665
55566,Endo,0.23438822,-0.08036781
267504,Oligo,0.06284581,-0.3675627
187909,Pvalb,0.40035504,0.08847516
31250,Oligo,-0.10734074,-0.33956742
153197,L4/5 IT,-0.24874796,0.15473485
171991,Oligo,-0.015027717,-0.37539238
153179,L2/3 IT,-0.44407701,0.31940275
69319,L2/3 IT,-0.028364912,0.38923407
241898,L6 IT,-0.072168276,-0.1332683
198552,Micro,0.38519186,-0.08750663
171983,Astro,0.07587765,-0.46069527
80952,L6 CT,0.1285523,-0.2596185
31277,L4/5 IT,-0.24439062,0.12812656
31173,L4/5 IT,0.25840795,0.07440435
172023,Pvalb,0.18607043,-0.035109766
16120,L2/3 IT,-0.32750404,0.3047076
80881,SMC,-0.46750337,0.44530904
261527,Oligo,-0.14058922,-0.115260966
116072,L2/3 IT,0.07754384,0.3235262
11060,L6 CT,0.32557565,-0.33690953
236084,Astro,-0.12484507,0.38307977
2660,Oligo,-0.18025024,-0.43176934
109005,Oligo,0.16848789,-0.43613303
50054,L5 IT,-0.000858143,0.08833956
71804,OPC,0.43253136,0.023465747
71687,Peri,0.052487835,0.10474681
109017,L6 CT,0.29743016,-0.1740377
58755,L2/3 IT,0.14155774,0.28695536
162187,Astro,0.026787087,-0.49543205
253857,Micro,0.1578813,0.3841846
211840,L5 IT,0.28493416,-0.103067614
187851,L4/5 IT,-0.29821926,0.21141571
2674,L4/5 IT,0.050628826,0.13280946
222959,Pvalb,0.15863131,0.13283765
253861,L6 CT,0.07507877,-0.23119682
98968,L2/3 IT,0.11133729,0.36922616
121483,L6 CT,-0.26316297,-0.18293044
179774,VLMC,-0.13961904,0.48418862
162283,L4/5 IT,0.35818058,0.14075547
91843,L5 IT,-0.33838874,0.06362753
230073,Oligo,-0.22781749,-0.41978857
31375,L2/3 IT,0.14040522,0.3593344
12068,L2/3 IT,-0.39277315,0.26803702
105342,Astro,0.23865442,-0.34908724
152936,Astro,-0.33236647,-0.3406715
26308,L6 CT,-0.028000072,-0.16464531
109114,L4/5 IT,0.057117447,0.17774814
171922,Peri,0.15998332,-0.24398008
187959,L6 CT,-0.16513641,-0.2354286
81013,L5 IT,-0.18132432,-0.01433528
31395,Oligo,-0.037521973,-0.4509903
2716,Endo,0.38269734,0.097741
214481,VLMC,0.26201767,0.40640998
231835,L4/5 IT,0.04533027,0.11881857
11557,L4/5 IT,0.40568417,0.07086968
116026,L6 IT,0.28060138,-0.32064337
208318,L4/5 IT,-0.31204742,0.15385437
53637,Micro,0.13147233,0.35794854
74641,Pvalb,-0.018153027,-0.059961833
53647,L4/5 IT,0.011351451,0.162718
93693,L2/3 IT,0.3000629,0.30131412
121799,L5/6 NP,0.07549064,0.031023199
181596,L6 IT,0.11090778,-0.30428487
47202,L2/3 IT,0.21735166,0.2906292
153090,L5 IT,0.057008848,0.01898008
222986,Oligo,0.3955173,0.008713836
71675,Pvalb,0.35779887,-0.5047653
47182,L2/3 IT,-0.36254436,0.32007498
121725,Endo,-0.46539313,0.018912727
222992,L2/3 IT,0.38853896,0.3261001
228481,L4/5 IT,0.24376808,0.15220922
208310,Astro,-0.023383096,-0.44418743
789,VLMC,-0.42584264,0.461285
121744,Micro,0.2577082,-0.3321162
232627,L2/3 IT,-0.03825058,0.39980423
243753,Endo,-0.429659,0.117438786
100383,Pvalb,0.3997388,0.10119968
109088,L2/3 IT,-0.049206987,0.23357701
228464,L4/5 IT,0.042404637,0.21681577
231845,L4/5 IT,0.11036579,0.18029827
121770,L4/5 IT,-0.39177036,0.21785259
271708,Endo,-0.43866467,-0.038123704
200335,L5 IT,-0.19721012,-0.053841658
162307,Endo,0.26762074,-0.0001245793
80222,Micro,0.1676191,-0.23488882
2645,VLMC,0.20858262,0.43241137
108975,L4/5 IT,0.34210908,0.037413828
216148,L5 ET,-0.16960622,0.052420728
13187,L4/5 IT,0.07028793,0.11371248
216152,Endo,0.042157754,0.01608842
80742,L2/3 IT,0.016012415,0.32161707
30928,L5 ET,-0.20327337,0.08275246
74549,Oligo,0.05073504,-0.4141874
242279,L6b,0.20250045,-0.36030638
153791,L2/3 IT,-0.24446721,0.31427127
172153,L2/3 IT,-0.051184848,0.32060057
77935,L2/3 IT,-0.27431118,0.24911094
181539,Astro,0.05166857,-0.47589794
26476,L6b,0.15036128,-0.3467044
60345,L2/3 IT,0.3306234,0.14814472
58743,SMC,0.40036488,0.27258432
21409,L4/5 IT,-0.29375827,0.15687907
259371,Micro,0.022252902,-0.3095535
187702,Pvalb,0.22065757,-0.3035152
220765,OPC,0.06316529,0.40797216
153751,Pvalb,-0.13198401,-0.10634587
60347,L2/3 IT,0.16891406,0.19650024
153786,L5 ET,-0.26064098,0.1280641
198658,L5 IT,0.42242503,-0.022909975
26484,L5 IT,0.278907,-0.041226782
215661,Sst,0.0544803,0.37770492
153985,L6 CT,-0.36226267,-0.3076445
172190,Astro,0.095895454,-0.21307981
30832,PVM,-0.228386,-0.4732925
245963,L4/5 IT,-0.30319607,0.25737375
1862,Oligo,0.05902259,-0.3652819
235152,L5 ET,0.26617724,-0.09781245
187630,L6 CT,-0.2881593,-0.2894799
62370,L5 IT,-0.19259416,0.054613106
213999,L5 ET,-0.34847593,0.0102851335
153859,L5/6 NP,-0.15863149,0.012254054
67827,PVM,-0.061043695,-0.3093081
6227,Astro,-0.20523943,-0.1329785
259389,Micro,-0.005101338,-0.29405844
198672,L2/3 IT,0.40464133,0.19948709
108863,L6 IT,0.18925141,-0.29476878
234933,L6b,0.031142876,-0.33226436
80713,L5/6 NP,0.31174725,-0.11202458
121142,Astro,0.013390228,-0.4702757
242283,L2/3 IT,-0.21961643,0.3056867
185034,L4/5 IT,0.38891387,0.08148538
54575,L6 IT,-0.34814543,-0.106741436
47271,PVM,0.10017465,0.32335436
100310,L6 CT,-0.2573352,-0.21054688
185015,VLMC,-0.42170614,0.4620204
105419,L5/6 NP,0.19672982,0.008630091
31031,L5 ET,-0.06718488,-0.075983204
47331,L5 IT,0.24855994,-0.15138659
172087,L5 IT,-0.14251085,-0.07433248
153552,L5 IT,-0.28367662,0.078528635
276656,Astro,0.097776994,0.34483516
153531,L4/5 IT,-0.33150458,0.21149123
100329,L6 IT,-0.3514232,-0.23483136
259336,L4/5 IT,-0.28363407,0.17657524
229997,L2/3 IT,0.26333404,0.30005425
153495,L5 IT,0.30752832,-0.08234287
172055,Oligo,-0.18455352,-0.5009361
31058,L2/3 IT,0.08097176,0.28175467
179776,L4/5 IT,0.29018742,0.0854634
69298,OPC,0.15642409,-0.49770182
26424,L2/3 IT,-0.2424001,0.37958014
62432,Pvalb,-0.35529613,-0.21611738
261528,Oligo,0.021049246,-0.40090117
47274,OPC,0.23904036,-0.4297176
172047,L4/5 IT,-0.287651,0.18849069
153494,L5 IT,0.16912226,-0.039519884
121249,Endo,-0.3661375,0.1696189
80827,L4/5 IT,0.05642073,0.12889522
232768,L5 ET,-0.21103941,0.10914629
277833,L6 CT,-0.16461436,-0.19664133
92032,Oligo,-0.23637621,-0.5133782
26456,Micro,-0.42675823,0.015712017
253798,Astro,0.13306235,-0.470061
252361,Oligo,0.09490298,-0.3710124
26452,L2/3 IT,0.0982468,0.2773497
153679,L4/5 IT,0.42334938,0.0867899
153678,Oligo,0.18304114,-0.0036816057
92023,L2/3 IT,-0.0007366091,0.2655186
59699,Astro,0.1067407,-0.46391588
187741,Astro,-0.1456634,-0.49297494
31001,L6 CT,0.13417171,-0.24547172
153651,VLMC,0.10942279,-0.47696045
228592,L2/3 IT,0.25843924,0.25793475
67738,L2/3 IT,0.19866697,0.29222894
198624,Endo,0.411229,0.4182874
153614,L5/6 NP,0.25625896,-0.085856624
250540,L6 CT,0.33661997,-0.32274312
121347,Oligo,-0.12992908,-0.4396063
153609,L4/5 IT,-0.22020449,0.17564952
121286,Peri,0.23793064,-0.10065869
219733,L4/5 IT,-0.045632735,0.09134763
204125,L6 CT,0.292112,-0.19594562
101639,Endo,0.22232984,0.07283317
276087,Astro,0.095967814,-0.35972476
140340,L6 CT,-0.3197903,-0.12612376
95096,L5 IT,-0.1404572,0.03380596
102507,Oligo,0.07780568,-0.48930156
140326,L6 IT,-0.098619446,-0.022873139
140323,L2/3 IT,0.24636863,0.3361706
24306,Oligo,0.1103916,-0.3588302
140350,Micro,-0.22793375,-0.27493253
209164,Astro,-0.2775882,0.38518304
166246,L4/5 IT,0.06790833,0.122418456
140284,L2/3 IT,0.017326757,0.36366808
1428,Sst,-0.27912515,0.28497887
130443,Astro,-0.2772007,0.08260565
183554,Sst,-0.14961948,0.18853986
257700,L2/3 IT,-0.051587537,0.29969394
224414,L2/3 IT,-0.14306544,0.21573752
195581,Oligo,0.119139,-0.21772268
249237,OPC,0.4013729,0.3637581
192144,L6 IT,-0.06490524,-0.24061844
95107,L6b,-0.17194502,-0.3048265
95122,L2/3 IT,-0.41957188,0.26161915
220458,L6 CT,0.16795813,-0.15118164
257733,Astro,-0.2206025,0.4273666
130299,L5 ET,0.3691494,-0.06316439
96975,Micro,-0.023880199,0.45165324
130309,L5 IT,-0.12189825,0.08023583
5175,Micro,-0.06250675,0.1260255
192117,L6 CT,0.004612431,-0.26149696
56272,Astro,-0.014325038,-0.22274882
169174,L4/5 IT,-0.21236752,0.16139352
98256,Micro,-0.2077757,0.29940784
169169,L4/5 IT,0.11995213,0.10860305
178216,SMC,-0.0061241537,0.10199284
210367,Endo,0.072928175,0.16207403
42828,Oligo,0.35473108,-0.43844408
224389,Peri,-0.031092659,0.23159522
140379,L6 IT,-0.29869503,0.009269828
216939,Astro,0.013053402,-0.46482947
221709,Astro,-0.27514333,-0.067466
22787,Endo,-0.16440152,0.22504592
201707,L4/5 IT,-0.18532465,0.14629275
61210,SMC,-0.31004292,0.19080716
278936,Astro,-0.3249334,-0.3068374
192234,L2/3 IT,-0.23367552,0.30143857
54827,L5 ET,0.2056716,-0.0443571
42735,Astro,0.12503128,-0.28237665
242917,Astro,0.18930082,-0.046131827
98231,OPC,-0.3533128,0.045857243
195527,Oligo,0.1335225,-0.39095125
169128,PVM,-0.36484396,-0.097368844
192241,VLMC,0.06253849,0.47480798
257683,L2/3 IT,-0.050471738,0.24623072
114184,L4/5 IT,0.33575088,0.072960846
219822,Lamp5,-0.019084767,0.44052815
264936,OPC,-0.48491293,0.35711348
140047,L6 CT,-0.23176648,-0.12927142
130599,PVM,-0.26197964,-0.29524392
192265,L5 IT,0.20327906,0.025669688
201697,Oligo,0.07565598,0.4271617
166193,Endo,-0.3880381,0.38793868
256160,L6 CT,0.23634563,-0.3175003
209173,Peri,-0.36521488,0.16671336
130472,L5/6 NP,-0.25651014,-0.12230546
195562,L2/3 IT,-0.18499075,0.32906276
178197,L2/3 IT,0.076255545,0.3884307
140217,L4/5 IT,-0.27084762,0.14297497
102528,L6 IT,0.06930213,-0.25227213
268263,Astro,0.19346623,0.4427086
210348,Micro,0.057235226,0.23439056
63934,L5/6 NP,0.34857297,-0.023265159
195549,L2/3 IT,0.042681023,0.2659378
277447,L5/6 NP,0.3203556,-0.07338006
54971,L5 IT,0.30192107,0.02172255
4158,Astro,-0.048371628,0.4468835
130507,L5 ET,0.34437072,-0.037606724
238996,L2/3 IT,-0.14571251,0.36050767
50979,Oligo,-0.25541413,-0.34610397
192208,Astro,-0.3526461,0.20313567
140158,L6b,0.3652736,-0.37158597
166286,Oligo,0.020789668,-0.35847002
257736,L6 IT,0.1973434,-0.29566172
169196,Astro,-0.09318836,-0.3606955
65581,Micro,-0.3694151,-0.32870996
140867,L6 CT,-0.23167281,-0.25990587
246442,Astro,-0.086515084,-0.324219
37476,L4/5 IT,0.43281245,0.004784042
262615,L6 IT,-0.16040854,-0.07717786
169250,L6 IT,-0.2929306,-0.05398441
76554,SMC,0.35742366,0.4351983
85182,L4/5 IT,0.09255521,0.188927
140796,Vip,-0.2991411,0.23726243
95150,PVM,0.22942393,-0.38872907
85199,L5 ET,-0.031563953,-0.10406477
257776,PVM,0.15925895,0.14043528
219207,Pvalb,-0.15634649,0.3791104
179894,Sst,-0.4105181,0.28280473
237603,L4/5 IT,0.06096016,0.2198621
174338,L2/3 IT,-0.02128835,0.32483196
5188,L5 ET,-0.45117134,-0.0321675
169236,L4/5 IT,0.29040408,0.09888535
269872,PVM,-0.05488129,-0.31161502
24358,Astro,0.2713374,0.2384336
37465,L4/5 IT,0.053577468,0.14929605
214175,Oligo,-0.17210124,-0.49395132
104052,Pvalb,-0.13942622,0.23139197
276082,L6 CT,-0.14315401,-0.124920644
76560,Peri,-0.17833738,0.15170187
273745,L2/3 IT,0.393256,0.3542704
85093,Oligo,0.40137255,-0.41858763
263283,L5 IT,0.15292321,-0.07012675
180484,L5 IT,0.13381027,-0.06516556
10257,L6 CT,-0.27861273,-0.17949983
169287,Astro,0.43358564,-0.14905033
22736,Sst,-0.26643968,-0.3228773
129958,L4/5 IT,0.19239633,0.16350746
73866,L4/5 IT,0.035300538,0.14283633
102365,L5 IT,0.39744568,-0.14797795
195714,L5 IT,-0.0101193935,-0.053214736
166074,Oligo,-0.10018651,-0.29422343
191934,Oligo,0.08560763,0.0071132723
175162,Endo,-0.3041137,-0.39318848
95162,L5 IT,-0.07808538,0.093499415
95054,L5 IT,0.22632246,0.038211457
104034,L6 CT,0.24147199,-0.18593076
130137,Oligo,0.17122595,-0.35309604
37596,L2/3 IT,0.34473187,0.24797374
20349,L2/3 IT,-0.09639396,0.33657765
140563,L2/3 IT,-0.359403,0.31728607
37609,L6 CT,0.4223771,-0.33719707
140554,VLMC,0.018917188,0.47372502
265573,L4/5 IT,-0.015724793,0.19235557
130230,Oligo,-0.052356377,-0.3378899
106798,L2/3 IT,0.23445849,0.31220764
111886,L6 CT,0.3551181,-0.28610337
257745,L4/5 IT,0.29640377,0.099559836
63901,Endo,-0.059401944,-0.16468558
192082,L5 IT,-0.40365887,0.08223503
42864,L6 IT,-0.36865515,-0.36288157
182590,L6 CT,0.17168932,-0.29061162
273705,L2/3 IT,-0.15417357,0.34193033
239326,L6 CT,0.3989774,-0.3044623
50951,Pvalb,0.3090214,0.06373101
130200,VLMC,0.2633868,0.41347802
192028,L4/5 IT,0.23496173,0.1890161
192055,L6 CT,-0.054065898,-0.25453216
42889,Oligo,0.040316746,-0.40534854
85241,Astro,0.4303844,-0.025571471
102418,L6 IT,0.42441392,-0.3454699
94307,L4/5 IT,0.14218311,0.088264875
140681,Oligo,0.025900468,-0.3758343
169231,L5/6 NP,-0.42800605,0.05573552
272822,Astro,0.33053923,-0.092789896
37573,OPC,0.10827391,0.20804685
130153,L4/5 IT,0.40068108,0.13354301
244883,L4/5 IT,-0.3784563,0.2116797
140654,L6b,0.3862499,-0.3878109
42892,L4/5 IT,0.16021328,0.10414123
52223,Micro,0.26875657,-0.2952303
233813,Micro,0.08231138,-0.20262232
169225,L5 IT,0.08547394,-0.14119056
140621,Oligo,-0.14557596,-0.22561884
102433,Endo,0.36628807,0.37344533
70590,L5 IT,0.1458429,-0.19067466
102434,L5 IT,0.01300703,0.029102141
273749,Peri,-0.29211646,-0.014815157
37897,Pvalb,0.0856068,-0.013071245
95053,L6 IT,0.25003463,-0.21085176
131150,L2/3 IT,0.30334216,0.3126213
22887,L5 ET,-0.39341724,0.14560276
42495,L2/3 IT,-0.2207561,0.3323477
242836,Endo,0.3193043,-0.38503218
16972,Oligo,-0.28883088,-0.06798426
42481,L2/3 IT,0.30498093,0.32728845
24126,Oligo,-0.29409355,-0.32826346
139252,Astro,-0.22278486,0.37225395
19948,Pvalb,0.35641813,0.02084654
131179,Oligo,-0.2296535,-0.50797224
182682,L2/3 IT,-0.13870321,0.38508713
75534,L6 IT,-0.079772815,-0.16241467
4289,L2/3 IT,-0.186053,0.3058948
224523,OPC,0.3205403,-0.10561717
9836,Oligo,-0.2508949,-0.3731973
239554,Astro,0.2216001,0.24835485
166595,Peri,-0.059825793,-0.17473385
195317,Oligo,-0.25511378,-0.35335475
95000,L6 CT,0.09589659,-0.26427498
61186,VLMC,-0.1661538,0.47911876
42526,SMC,-0.056271926,-0.15562415
139367,L5 IT,-0.10101761,-0.047348388
112174,L2/3 IT,0.22987251,0.21421719
38336,L2/3 IT,-0.15283166,0.3603893
51045,Pvalb,0.31446135,0.14184809
38348,Endo,-0.1492591,0.04171919
65418,L4/5 IT,0.2860828,0.1605801
248566,L6 CT,-0.09441446,-0.11297915
131110,Oligo,0.33161414,-0.43141404
24136,Vip,-0.12893434,0.347255
232788,Oligo,0.007365331,-0.4150802
5092,L2/3 IT,0.17234336,0.2694031
42510,L6 IT,-0.32896888,-0.16805068
38408,Astro,0.20830522,-0.4795543
38409,Peri,-0.18024911,-0.18167329
243421,L4/5 IT,0.1398968,0.06282931
131130,Astro,0.35778642,0.40453678
24101,L5 ET,-0.0353228,0.03267234
195278,Astro,-0.20023273,-0.30254328
139092,L6 IT,0.3166809,-0.20575151
166627,Astro,0.08775197,-0.4591053
15358,Endo,0.29866403,-0.49617764
70171,Astro,-0.28135943,-0.03088299
230924,Astro,0.08226167,0.4213686
94409,Peri,0.2869081,0.31093258
271370,Endo,0.05863236,0.18766296
64116,L5 IT,0.4256196,-0.008381372
102751,L4/5 IT,0.36770642,0.12985152
70172,Oligo,0.2394856,-0.029444104
42359,Astro,0.40578616,0.32019967
166684,Endo,0.3440504,-0.002449518
273604,L5 IT,-0.08442034,-0.04711593
138865,L5/6 NP,-0.3597439,0.093110435
232808,L4/5 IT,-0.36260974,0.20531803
166696,L4/5 IT,0.36672676,0.05874329
225893,L5 ET,0.15071641,-0.036868997
88494,L2/3 IT,0.114660844,0.30800676
192733,L6 CT,-0.24798547,-0.31651086
64113,L6 IT,0.2662301,-0.25054213
38323,Oligo,0.27767402,-0.18527603
215355,Peri,0.4309324,-0.17875108
24078,L2/3 IT,0.23892204,0.33781403
131235,L2/3 IT,-0.2833953,0.2911905
42451,L4/5 IT,0.19493912,0.13355505
24088,Endo,-0.11000876,0.055980317
183445,L4/5 IT,0.27375132,0.22649884
192628,L6 CT,-0.07592465,-0.108449645
139052,Astro,0.07567136,0.01970231
75538,Astro,0.03894411,0.36122662
75541,L2/3 IT,0.35684645,0.323982
88555,L4/5 IT,0.33478343,0.100146644
264962,L6 IT,0.27032578,-0.3039204
139000,L5 ET,0.41127688,-0.04303304
257551,L4/5 IT,-0.427961,0.19687891
158,Astro,-0.3505454,0.41563755
271543,L4/5 IT,0.08165525,0.14913869
263842,Astro,0.3821233,-0.34209162
168890,L4/5 IT,-0.2391782,0.2082597
276119,L4/5 IT,0.23447834,0.08700716
192679,L2/3 IT,-0.26480597,0.27666318
270627,Micro,0.1836435,-0.24409002
42537,Oligo,0.19931667,0.25339073
131061,VLMC,0.055383667,0.4755957
17407,Astro,0.3070554,0.049980156
52109,Astro,-0.38445604,0.13741791
51005,L6b,-0.17039488,-0.31795305
244494,Peri,0.15897392,0.45132273
7284,L4/5 IT,0.07077746,0.17663431
276090,Oligo,0.31407332,-0.44777325
42627,OPC,0.14860998,-0.25643414
265536,Oligo,-0.25321686,-0.22754622
38058,L6 IT,-0.17942367,-0.23631611
226049,Astro,-0.07018863,-0.3855431
94364,Endo,0.16925488,0.05538153
249238,L2/3 IT,-0.24408995,0.2855906
88701,L2/3 IT,0.25393242,0.28340626
38077,L5 IT,-0.39753646,0.11258977
130842,L4/5 IT,-0.048584834,0.109708
192408,L2/3 IT,0.24430649,0.35595125
230893,L2/3 IT,0.42523038,0.26092416
5116,Oligo,0.38533878,-0.41971892
85577,Micro,0.4249786,0.37795866
88736,Oligo,0.13822351,-0.19852212
260958,Sst,-0.42128593,-0.019633478
175103,L4/5 IT,0.2679308,0.052744262
267132,L5 IT,-0.20751686,0.063453965
182615,Pvalb,-0.05337967,0.203749
130650,L2/3 IT,-0.057859913,0.3985495
102567,Endo,-0.3820039,0.015770787
139918,Micro,-0.13131331,0.37822104
166331,L6 CT,-0.05173178,-0.16574979
256196,L6 CT,-0.3634693,-0.11639828
88755,L4/5 IT,0.36310744,0.13391405
195502,Oligo,-0.113213345,-0.44936377
139869,OPC,0.080451414,0.010355825
269116,L6 CT,0.021489605,-0.22449473
85498,L2/3 IT,-0.22574772,0.23309773
279143,L4/5 IT,-0.082391515,0.1340419
192328,PVM,-0.09528707,0.20564091
85512,Micro,-0.023861304,0.1790334
245469,Pvalb,-0.24339749,-0.1350413
5119,L2/3 IT,0.41767657,0.31006497
251122,L6 CT,-0.014276221,-0.32416797
169013,VLMC,0.39388722,0.43686378
180528,Endo,0.22815965,0.30587804
38208,Endo,0.18863247,0.14937502
70568,L4/5 IT,0.19768475,0.0703206
24171,Oligo,-0.22438444,-0.36292803
175064,L4/5 IT,0.0031828135,0.21175951
243110,Astro,0.05412422,-0.40159777
273640,Oligo,0.37202215,-0.41720533
76428,Astro,-0.119738534,-0.29264605
103880,Endo,0.04545997,-0.50596493
183474,Astro,0.040244207,-0.10887835
52079,Oligo,-0.16853978,0.43184322
38268,L6 IT,0.2770869,-0.28858984
195395,Astro,0.037717625,-0.223757
85647,L6 IT,0.38612366,-0.34570253
10206,Astro,0.3979488,0.07910066
201655,L6b,-0.091208324,-0.3106854
8177,L6b,0.42759812,-0.38995552
192506,L6b,-0.22496496,-0.30904683
22834,Oligo,-0.058405176,-0.21876526
209214,L5 ET,0.30405998,-0.03254173
175065,Sncg,-0.35590363,0.3919539
130944,L6 CT,-0.10409777,-0.20630118
14885,L6 CT,0.1280009,-0.20937762
139603,Astro,-0.07284577,0.27949178
139602,PVM,-0.29153013,-0.010264462
102651,L4/5 IT,-0.10280244,0.123146705
226028,Vip,-0.11065157,0.36171407
1407,L6 CT,0.09458701,-0.28514707
248560,VLMC,-0.24602155,0.47404104
88680,Astro,0.40698105,0.395751
38176,L5 IT,0.24102972,-0.15053451
94370,L2/3 IT,-0.31011182,0.29179704
226017,Oligo,-0.113497004,-0.36028445
180734,VLMC,0.10889374,0.46919394
192454,Endo,-0.20376803,-0.06553719
76447,L2/3 IT,-0.08395256,0.28814214
88664,L4/5 IT,-0.19101791,0.17569077
243250,L6 CT,-0.33779132,-0.24918884
139528,Endo,-0.24381681,-0.45144707
267948,Astro,-0.21083193,0.46657157
112275,L5 IT,-0.16407277,0.04527747
141027,Astro,0.3627118,-0.08155442
269062,SMC,0.20625047,0.037028424
236266,L6 IT,0.052835092,-0.16219622
175278,Peri,-0.25663745,0.3279462
3893,L2/3 IT,0.07627569,0.24042213
129061,Astro,-0.3763634,0.40039116
129072,OPC,0.0047344416,0.46333748
111510,L5/6 NP,0.31838638,-0.045761444
1027,Endo,0.008956835,0.44543248
175281,L6 CT,-0.3666132,-0.15282679
224197,L6 CT,-0.34903765,-0.06253833
8323,Endo,0.055190787,0.23724812
129089,Oligo,-0.10383333,-0.35858226
52378,Peri,0.25643218,-0.28720027
191524,L6 CT,-0.32944065,-0.27728456
265687,L5 ET,0.03532599,-0.037887074
226534,Endo,0.26527894,-0.2770055
226531,L4/5 IT,0.0066026896,0.13245815
97706,L2/3 IT,-0.18798997,0.35837066
129051,Astro,-0.26444012,-0.47886774
43431,Oligo,-0.24173804,-0.4467013
129034,L5 IT,-0.12668286,-0.009058183
234037,L2/3 IT,0.415654,0.27698278
165570,Endo,0.20391111,0.21512449
142497,L5 IT,-0.1850255,-0.003130084
36665,Lamp5,0.029071972,0.39992678
226571,L6b,-0.13370831,-0.295788
89338,Astro,-0.36587864,0.10608219
191459,Astro,0.25350702,-0.063334234
191460,L4/5 IT,-0.4040308,0.1957578
169590,L6 CT,-0.21746401,-0.27981693
106894,L5 ET,-0.05109556,-0.037834622
128992,Astro,-0.04684265,0.16420823
95284,Endo,0.2537859,-0.1271424
142447,Endo,-0.46054083,0.23499155
263773,Oligo,-0.14635454,-0.20901585
65916,Endo,0.031834885,0.3901177
238738,L2/3 IT,0.2514181,0.3451714
114539,Oligo,-0.17333253,-0.42474332
36743,Astro,0.18898831,-0.34394085
267343,Astro,0.07633279,-0.40183252
111515,L2/3 IT,-0.5021356,0.316742
36749,L5 ET,-0.16518246,-0.023407495
201825,Endo,0.17000358,-0.4806122
219774,Astro,0.11124979,0.4051653
36817,Endo,-0.21836774,0.40453494
165687,L4/5 IT,0.3046255,0.080841415
142097,VLMC,-0.38695908,0.46078032
104145,L4/5 IT,-0.45944792,0.21671474
165688,Oligo,0.27284527,-0.42041808
191603,L6 CT,0.32631862,-0.24867657
84763,L5 IT,-0.25133932,0.11061727
50857,PVM,0.17928712,0.38812655
102197,Oligo,-0.08438246,-0.38866627
129239,L6 IT,0.33997804,-0.3211589
63763,L5 ET,-0.09735735,-0.062601514
251030,L2/3 IT,-0.55484605,0.34433478
114503,L6 CT,-0.21969394,-0.2556312
209086,Endo,0.36864698,0.013421053
57178,VLMC,0.11869185,0.46544784
36813,L6 CT,-0.15093638,-0.27206308
36651,Astro,-0.0454631,0.047720544
226499,Micro,0.01832597,-0.2953894
43329,VLMC,-0.12582044,0.48466092
6975,L2/3 IT,-0.37010282,0.34264994
9773,L6 CT,0.054793224,-0.1743123
250018,Oligo,0.13604687,-0.34662756
246401,L5 ET,0.37362862,-0.029796695
243958,Endo,0.33334953,0.029245192
106429,Astro,0.0301622,0.15807843
104152,PVM,-0.17303158,-0.33535457
76688,L6 CT,-0.16734375,-0.11786712
129164,L2/3 IT,0.3894487,0.3367805
24640,L6 IT,-0.24675147,-0.18140942
7332,L6 CT,-0.2375624,-0.27381614
271303,Oligo,-0.04268773,-0.2444224
169535,Pvalb,0.1459258,0.22816086
195997,Oligo,0.22283135,-0.43988237
255838,L5 ET,-0.38074017,0.11367106
65865,L5 IT,0.3195566,0.008502716
63754,L2/3 IT,0.04703115,0.28967565
261089,Astro,0.097057804,-0.40981197
128959,Pvalb,-0.3498196,0.06822758
264834,L6 CT,-0.14510427,-0.13918668
36635,PVM,-0.055253938,0.4325546
65977,L5 ET,-0.38077265,0.117900304
60760,Peri,0.16788022,-0.057419874
239950,L5 IT,0.031598493,0.07494139
200837,L6 CT,-0.3217147,-0.08070103
209036,L6 IT,0.17897569,-0.21499339
191386,Oligo,0.34363163,-0.39888036
255742,L6 CT,-0.2600444,-0.11205698
9757,L2/3 IT,0.2798419,0.26289594
3853,Micro,0.29706264,-0.42614996
128803,L2/3 IT,-0.23547621,0.27424031
165501,L5 IT,-0.009310618,0.06406128
260536,L2/3 IT,0.2751341,0.28803277
111412,OPC,-0.2872054,0.39869255
245414,VLMC,0.19458513,0.45138365
142775,L6 IT,0.14723627,-0.29936534
180793,L5 ET,-0.3637122,-0.3467523
71322,Peri,-0.0062914044,0.1740945
214948,Endo,0.21106862,-0.29588073
43557,L5 ET,-0.22922541,0.048924915
191375,Oligo,0.279724,-0.12785834
183817,L4/5 IT,0.21354751,0.16796601
241702,L6 CT,-0.24040185,-0.3262177
14786,L4/5 IT,-0.2286491,0.14790207
70637,L5 IT,-0.30893075,0.008983845
84503,L6 CT,-0.120653406,-0.19749972
191357,Micro,0.14095812,0.45119703
3837,Astro,0.36274105,0.1259355
142889,L2/3 IT,0.06364553,0.30967844
226611,L5 ET,0.21515904,0.021630699
50791,L2/3 IT,-0.1570376,0.31133145
165443,L2/3 IT,-0.26640755,0.21465808
36500,L4/5 IT,-0.009024218,0.12252312
43604,SMC,0.40810716,0.2779643
217593,L2/3 IT,0.24802272,0.2934038
264823,Oligo,0.24123518,-0.39913994
36516,Astro,0.0033361763,-0.46705896
165454,L4/5 IT,-0.43250585,0.13723731
128753,L5 IT,-0.11720027,-0.054444917
128756,Astro,0.38226986,0.11453574
278149,Oligo,0.40000027,-0.44036254
262328,Oligo,-0.30188096,-0.3292295
128834,Oligo,0.3146447,-0.18518615
36603,L2/3 IT,-0.41055346,0.25591147
43515,Oligo,-0.0175782,-0.36476433
128910,L4/5 IT,-0.13661514,0.17270452
63679,VLMC,0.010451481,0.47614127
142602,L5 IT,0.18884902,0.035336725
224163,Lamp5,0.06301884,0.1882816
216820,Peri,0.17435037,0.16485119
14795,L2/3 IT,-0.18496917,0.25672174
43503,Lamp5,0.005542502,0.15833628
43501,L4/5 IT,0.08757083,0.10279619
18892,L2/3 IT,0.41442513,0.24404693
71841,Astro,-0.13919927,0.15521598
204936,Astro,0.118808314,-0.3798403
278157,L6 CT,-0.06147547,-0.26279095
233021,PVM,0.11064945,0.35758507
142552,L6b,-0.046843424,-0.32177836
248767,L4/5 IT,-0.27968735,0.15870923
142619,L4/5 IT,0.31496066,0.10370123
89388,Endo,-0.29920876,0.06546777
12250,Astro,0.0931568,-0.45495522
128888,Astro,0.35057068,0.08815008
60766,L4/5 IT,-0.09119369,0.13311672
84554,Micro,0.42597407,-0.4901634
142737,L5 IT,-0.07928558,0.09880375
52442,Micro,-0.48777503,0.37228018
142724,L2/3 IT,0.36516827,0.2552334
236272,Pvalb,0.38075835,-0.013292437
182482,L4/5 IT,-0.38805878,0.20604414
142711,Pvalb,0.009787247,0.15018743
251746,Peri,0.29748243,-0.4604989
226586,Vip,0.37764692,-0.36332834
142686,L6 CT,-0.016591504,-0.19436097
98410,L6 IT,-0.44768518,0.009141678
57211,Astro,-0.0074197203,-0.06449074
251742,L5 ET,-0.013701633,0.01745605
69993,L2/3 IT,0.23456906,0.22994
76714,Oligo,0.004736468,-0.45994538
230728,Astro,0.30029798,0.384099
106903,L5/6 NP,0.055675015,-0.14480218
279652,L2/3 IT,0.3783201,0.307339
104140,OPC,-0.23232673,-0.23192763
63786,Vip,0.25542718,0.35432327
22706,L2/3 IT,0.1281756,0.33581513
165905,L2/3 IT,0.3828923,0.19108754
12845,Oligo,-0.18384464,-0.4867794
226273,L5 ET,-0.3676659,-0.34533173
43122,L5 IT,0.22087793,-0.08800585
12279,L2/3 IT,0.0803995,0.33535248
129701,VLMC,-0.40236342,0.46099478
111722,L4/5 IT,0.20024441,0.16480505
141371,Oligo,0.43023264,-0.33528805
60827,L5 ET,0.30699557,-0.0513371
114407,OPC,0.2790969,-0.44706607
89042,L2/3 IT,0.41367102,0.32405365
37227,L2/3 IT,-0.16448055,0.3857708
262351,L5 IT,-0.062322274,-0.043728746
102304,L4/5 IT,0.25130987,0.09215354
241674,VLMC,-0.26767927,0.47422898
84971,L2/3 IT,0.097175285,0.2835881
141415,VLMC,-0.23781346,0.4753858
174285,L4/5 IT,0.10305129,0.15860146
195813,L6 CT,-0.19585024,-0.27980804
165867,L5 ET,-0.08935897,0.020592863
213262,PVM,-0.15921561,0.3965221
246428,Astro,0.3263144,0.19608688
1047,L5 IT,-0.42095363,0.13937753
213263,L2/3 IT,0.02388595,0.29625148
37134,L5 IT,0.043556914,-0.18364105
234445,Astro,0.10753612,-0.110668965
37138,L5 IT,-0.040702537,-0.056723453
129645,Astro,-0.41799104,0.37955558
263791,L6 CT,0.29588872,-0.16617349
43137,Astro,0.12779807,-0.46496677
54797,Oligo,-0.18491395,-0.22554204
129651,L5/6 NP,-0.32739198,-0.075351276
13999,L2/3 IT,0.18790428,0.22416526
141446,Peri,0.33438766,-0.014071291
52323,L4/5 IT,-0.08287819,0.117995314
10278,L2/3 IT,-0.11592986,0.29662412
203425,PVM,0.09223847,0.44079643
43113,L2/3 IT,-0.22952779,0.3465339
165919,SMC,0.032276556,0.32730883
195771,Oligo,0.13595729,-0.44595754
43074,Sst,-0.0192547,-0.22863594
1076,L4/5 IT,-0.43439257,0.22068995
37362,L6 IT,-0.33888447,-0.061909117
206304,L5/6 NP,0.40747547,-0.18276647
52283,Astro,-0.23098834,0.34023285
141121,Astro,-0.38373882,0.10023665
273764,Astro,-0.06691508,-0.47584376
183625,Astro,-0.23304002,-0.2409091
204359,L5 IT,-0.0121010095,0.009911472
141096,L4/5 IT,-0.40783966,0.15476793
272783,Peri,0.039455935,0.026779527
216912,OPC,0.14678268,-0.04927016
169316,Astro,-0.45101798,0.31036884
129904,Oligo,0.13234697,-0.44929582
166021,L6 CT,-0.18069546,-0.19608566
257817,Oligo,0.04314898,0.11447715
264898,Astro,-0.36534667,-0.19354314
63845,Oligo,0.0042203516,0.10800236
165865,L5 ET,-0.072278425,0.0178554
234771,L4/5 IT,0.16528092,0.17463571
240500,L6 IT,0.3839534,-0.13858095
262628,Lamp5,-0.07286213,-0.2092056
262352,L6 CT,-0.07722525,-0.30644584
273789,Astro,0.17176704,-0.19133168
102314,Vip,0.06745337,0.27477407
271321,L6 CT,0.36768275,-0.33121362
241396,Astro,0.21331029,-0.44738424
256018,Oligo,0.34294754,-0.43917203
191838,L5 IT,0.009025499,0.077260606
22710,Astro,0.32476562,0.37383747
241671,Oligo,-0.22350265,-0.35394037
141230,L6 CT,-0.03956695,-0.1573706
141224,L2/3 IT,-0.010727301,0.33504403
5222,L6 CT,-0.22982298,-0.16336638
267097,L2/3 IT,-0.19606023,0.2856918
111768,Endo,-0.27080512,0.33183014
183634,Vip,-0.060975626,0.14829707
141177,Oligo,0.36441267,-0.4161076
241660,VLMC,0.18671946,0.44977504
111684,L6b,-0.22302942,-0.32754612
165861,Oligo,0.09884165,-0.38025182
43158,Pvalb,0.064016566,0.32112157
141889,Pvalb,-0.27742946,0.04381048
141885,L6 CT,0.086192,-0.25916356
141876,L6 CT,0.29019535,-0.20642874
89146,Oligo,-0.17953305,-0.49625346
213236,L2/3 IT,0.26236635,0.32783496
11188,L4/5 IT,0.3469693,0.11015522
141830,L2/3 IT,0.14549266,0.361252
17159,Endo,0.29561675,0.14521974
251035,L4/5 IT,0.20124345,0.15394652
165762,L4/5 IT,-0.031401232,0.09547251
169472,L2/3 IT,0.23109661,0.2808293
141795,L2/3 IT,-0.36617476,0.27227372
11189,SMC,0.39932597,0.2746666
141781,L5/6 NP,0.35730374,-0.09352846
277666,Micro,-0.1762171,-0.10896493
191666,L5 IT,0.09457575,-0.16439906
129428,L6 CT,-0.16765447,-0.18048924
129371,L2/3 IT,0.4321031,0.3129925
239314,Peri,-0.31661975,0.41014642
195913,L6 IT,-0.007747367,-0.21346837
210533,OPC,0.12579457,0.27578384
195943,L2/3 IT,-0.4108742,0.2366001
255878,L5 IT,0.27954763,-0.2830454
214266,L6 IT,-0.32255828,-0.23992243
183735,L5 IT,0.4029159,-0.032567807
10285,L2/3 IT,0.42929596,0.2596137
245594,Peri,-0.1798475,0.35751522
165709,L6 CT,-0.16513114,-0.2933005
84779,Endo,0.06255238,-0.010407215
200878,L2/3 IT,0.3874997,0.35131896
201813,L5 ET,0.21327458,-0.11770273
234029,VLMC,0.1764677,0.44674695
89175,L5 IT,-0.33195043,0.06320756
230760,Micro,-0.24136324,-0.44055504
263981,Oligo,-0.17814235,-0.40072933
191650,SMC,-0.2812822,-0.21671951
250030,Endo,0.3148296,0.05246704
129344,L6 CT,-0.15984039,-0.2728001
257908,Endo,-0.13530491,0.20292127
255873,SMC,-0.48275673,0.46685135
114470,L6b,0.30026352,-0.3796391
141755,L6 CT,-0.05551596,-0.26667476
213253,L4/5 IT,-0.092768416,0.12403291
52338,L6b,0.24871974,-0.36561
24498,L6 CT,0.26796204,-0.16802773
89110,L2/3 IT,0.23469602,0.3517118
129570,Sst,-0.092943564,0.02329343
22679,Astro,0.11007194,0.41125822
22692,Astro,0.39322877,-0.4884344
24495,Pvalb,0.16063325,-0.19416761
84895,Astro,-0.066145614,0.4532429
141552,L2/3 IT,0.07561587,0.20336741
217537,Pvalb,-0.35263985,-0.06705678
129591,Endo,-0.36343092,0.15817273
239315,Oligo,-0.24844925,-0.4927912
141534,L6 IT,0.34948605,-0.32395583
129595,L4/5 IT,0.41237044,0.1465056
114441,Pvalb,0.3478688,-0.088810064
237657,L6 IT,-0.28398573,-0.059827812
191722,VLMC,0.31197906,0.44191718
43216,L5 IT,0.21876709,-0.023363894
111659,SMC,-0.47517025,0.4623564
37062,OPC,0.30885518,0.115489356
89133,L5 IT,0.32572383,-0.11615876
84837,Oligo,0.076132044,-0.3809239
50875,L5 ET,-0.38508856,-0.009904688
273829,L2/3 IT,0.19894521,0.3154598
216869,L4/5 IT,-0.21537285,0.11265712
129473,Endo,0.31097013,-0.5001671
231394,Oligo,0.31695938,-0.49228597
165798,Astro,-0.107485965,0.18844324
273827,L2/3 IT,-0.2188674,0.36298138
204342,Astro,0.35315692,0.014407033
209104,L6 CT,-0.097478166,-0.20072708
20407,L5 IT,-0.45088327,0.0572164
215216,L6 CT,-0.30343002,-0.337573
280109,L4/5 IT,0.15327542,0.066713564
276976,Vip,0.1256467,0.36407042
270646,L5/6 NP,0.14045386,-0.22227955
129531,L2/3 IT,-0.3455906,0.31961805
22677,L5 ET,0.13472925,-0.07533062
10170,Peri,-0.015938714,-0.31481457
85853,L5 ET,0.10447137,0.046226315
251508,L5 IT,-0.058509544,0.04664599
241559,L6 CT,0.22489493,-0.21979451
201348,Astro,0.07884656,0.44026887
239368,L6 CT,0.28574926,-0.17926249
41278,L5 IT,-0.014182642,0.07428896
106652,L5 IT,0.42844027,-0.2833629
193760,L2/3 IT,0.2679556,0.3381322
280147,Oligo,-0.23178475,-0.18326467
265232,Oligo,-0.20998563,-0.25608712
23240,L2/3 IT,0.40468502,0.24457008
8202,OPC,0.09831546,-0.38996872
193769,L2/3 IT,-0.1374241,0.24577338
232967,L6 CT,0.19132368,-0.23407787
75802,L6 IT,0.18177162,-0.19851351
193779,Astro,0.33755994,0.2860424
174750,Astro,0.2537198,0.14956325
167618,L6 CT,0.0037075728,-0.28274184
76023,L4/5 IT,0.38659436,-0.11844415
193722,L4/5 IT,0.22707002,0.17872834
231098,L6b,-0.10640605,-0.31978023
113459,Oligo,0.07840495,-0.3822375
39965,L5 IT,-0.33454597,0.04872244
133397,L5 IT,-0.043665603,-0.120669074
167563,L5 IT,0.42894977,-0.118773825
51698,Astro,0.066511914,-0.3767497
193684,Micro,-0.4476334,0.12471419
12434,L6 IT,-0.37254018,-0.04241512
86910,Astro,-0.19687222,-0.494761
262418,L2/3 IT,-0.164371,0.38952243
20223,VLMC,0.027586088,0.476278
225435,Vip,-0.1570978,0.3160463
133437,Endo,-0.4419477,0.20222837
86942,Oligo,-0.19210328,-0.42782307
39995,L5 IT,-0.12720408,0.0968452
56691,L4/5 IT,0.4166233,0.122094564
209482,L2/3 IT,0.294649,0.28789723
182937,L6 CT,0.22326164,-0.32391042
135962,L2/3 IT,-0.055567756,0.22565031
72575,Pvalb,0.23281513,-0.17609319
135798,SMC,-0.47388524,0.44805193
18232,Micro,0.12976609,0.3842389
270605,Oligo,-0.005607739,-0.33814245
215313,L2/3 IT,-0.03410454,0.19536078
23252,L4/5 IT,0.42633533,0.10344177
135619,L5 IT,0.24682222,0.03041547
209766,L4/5 IT,0.27182585,0.04835748
87082,L4/5 IT,-0.32954282,0.23043138
201325,L5 IT,-0.07762702,-0.026706344
51625,Micro,0.21001475,0.079560034
135552,Micro,0.1992933,-0.083733745
241520,Micro,0.179426,0.19742215
219941,Astro,-0.2438143,0.009442801
135538,L5/6 NP,0.302231,-0.14717558
51354,Astro,-0.23757277,0.38304567
133767,Lamp5,0.25516897,0.3576464
23496,Oligo,-0.34924448,-0.07453487
194391,L6 CT,-0.3334934,-0.3052929
168202,Pvalb,-0.044421628,-0.08848456
270596,Astro,0.13926892,-0.3929312
4853,L6 IT,-0.16854621,-0.280748
225001,Astro,0.06908034,0.13418323
41192,Oligo,0.37303442,-0.4089424
257164,Astro,0.25524467,0.12796545
245525,L2/3 IT,0.3261251,0.26834548
70340,L4/5 IT,-0.43318987,0.22761953
40134,Astro,0.1724612,-0.44229233
168228,Astro,0.3783533,0.019813532
167645,L2/3 IT,0.20982037,0.33023316
64715,Oligo,-0.016626433,-0.38915533
133614,L5 IT,-0.40064174,0.13703722
194458,L5 IT,-0.33992976,0.0710777
112962,Astro,-0.1965137,0.2590127
112963,L6 CT,0.33584225,-0.33980536
249537,Oligo,0.19343601,-0.37443322
41204,Astro,0.123305544,-0.3132841
64710,L4/5 IT,-0.24249534,0.23653346
235284,L2/3 IT,0.32738262,0.24560148
167674,L4/5 IT,0.42546332,0.11670523
194440,Endo,0.06049107,0.43561667
133648,OPC,-0.33151639,0.35812354
40189,L4/5 IT,-0.13988401,0.16159588
168290,L2/3 IT,0.07795046,0.21628356
237337,L6 CT,-0.21169601,-0.19546232
86885,L5 IT,0.15922724,-0.0043758806
178035,L5 IT,-0.13105209,0.083443455
87921,Oligo,0.27505368,-0.4112976
23165,Vip,-0.34164256,-0.036180444
136432,Peri,-0.5302892,0.33749068
113555,Oligo,0.26557064,-0.3186816
251384,L5 ET,-0.1683983,-0.043433763
273079,L6 IT,0.31080902,-0.34113204
209891,Peri,-0.22302543,0.03892725
112803,L6 CT,0.07961695,-0.14856243
183179,Astro,-0.43270034,0.066883974
215328,Sst,-0.14505138,-0.045234002
217351,Endo,0.29595512,-0.35528195
133146,L2/3 IT,-0.4318018,0.2945851
133160,Pvalb,-0.09922327,0.290177
201185,L2/3 IT,-0.41410404,0.32487005
209880,L6b,0.4323703,-0.3984213
238652,Oligo,0.19104908,0.13199246
136459,L6 CT,-0.3202021,-0.10294349
232312,VLMC,0.17262863,0.4459318
51261,L5 ET,0.013424203,0.050952308
136470,VLMC,-0.2988075,0.46110314
225542,Pvalb,-0.35792232,-0.06664715
182874,L2/3 IT,-0.12937014,0.39609528
64302,L4/5 IT,0.28501236,0.051107816
23155,OPC,0.2772835,-0.42319223
39728,Oligo,0.25071174,-0.3496408
167388,Astro,0.24647133,0.39796257
273378,Astro,-0.091392085,0.09859108
240194,Vip,0.28886974,0.13637292
217204,L5 IT,-0.2524703,0.1450789
251389,Oligo,0.15031038,-0.23425087
133032,L6 CT,-0.2601604,-0.13180721
23649,L2/3 IT,0.011913106,0.29206765
10068,Lamp5,0.3007499,0.4102863
86741,L5 IT,0.24833517,-0.24288964
167404,Oligo,-0.19358979,-0.38192117
64854,Oligo,-0.08915849,-0.24478331
133056,PVM,-0.4109921,0.4264496
64840,Endo,0.18986301,-0.13299254
135502,L6 IT,-0.34812862,-0.16850847
1298,L6 CT,0.10868351,-0.2832303
87887,Astro,-0.056999043,0.017901951
214419,L6 IT,-0.33171052,-0.1828202
231252,L4/5 IT,-0.14244293,0.17292655
136173,Endo,-0.22814585,0.14349407
256735,Micro,0.31951398,-0.39129552
193651,L2/3 IT,0.3869149,0.24902093
41408,OPC,0.4237936,-0.44531012
113514,L5/6 NP,0.0566424,-0.033719458
133296,L4/5 IT,0.3310265,0.15612501
39915,Endo,-0.1731775,-0.47689652
103152,L4/5 IT,0.070914134,0.13022423
13924,L5 ET,0.41607702,-0.0051093157
39920,L5 IT,-0.30467898,0.09086775
64348,OPC,-0.20537339,-0.2925138
168303,Endo,-0.20529686,-0.39260253
193678,Astro,-0.12690024,0.45484692
113493,Pvalb,-0.4084149,0.17501009
41340,Astro,0.08162062,-0.44142446
136195,Oligo,-0.18796633,-0.50253963
225493,OPC,-0.03997834,-0.17045587
267634,Peri,-0.457268,0.25601542
262496,Astro,-0.13670765,-0.47019917
251373,L5 IT,0.15967481,-0.18216303
133205,L2/3 IT,-0.23456757,0.293698
136302,Oligo,0.30599594,-0.44666645
136300,L6 CT,-0.28511775,-0.25262287
256709,Endo,0.4243654,0.40419495
87863,L2/3 IT,-0.04051043,0.29069084
194591,Pvalb,-0.35539538,-0.24579293
168338,L5 IT,0.04459296,0.052121215
112825,Vip,-0.17393647,0.37553132
112826,Pvalb,-0.19558097,-0.14709431
167528,L4/5 IT,-0.29788816,0.18559688
39877,L2/3 IT,-0.031621113,0.30741483
133238,Peri,0.36700612,-0.5040952
133252,Peri,0.21532302,-0.20991063
136238,Lamp5,0.38502485,0.4007737
103556,Oligo,-0.0032533556,-0.3932574
136217,L2/3 IT,-0.1437958,0.3103382
86849,L6 IT,0.027698383,-0.15359315
87959,L2/3 IT,-0.071161434,0.36532915
135500,PVM,-0.24165653,0.17509007
194375,Oligo,-0.34219283,-0.14002043
278918,Oligo,-0.2943586,-0.12525833
51515,Oligo,-0.23983313,0.15223289
246652,L6b,0.105245814,-0.35362422
7123,Astro,-0.0077526122,0.40480083
263322,L2/3 IT,0.16265325,0.2476775
113269,Micro,-0.077247605,0.021459097
113137,L6 IT,0.2618549,-0.14977229
113119,OPC,-0.4402023,-0.01110596
221540,L4/5 IT,0.36780274,0.07199954
134258,L6 CT,0.3137303,-0.36565185
51433,L6 CT,-0.3133514,-0.11018995
23390,Endo,-0.39398122,0.30112296
236647,L6 CT,-0.32829875,-0.2603449
194120,Vip,0.42227012,0.19575852
87518,L6 IT,-0.14087628,-0.18632862
167941,L5 ET,-0.13614167,0.07263636
180640,Endo,-0.5537381,0.3597585
219923,Astro,0.32651097,-0.10189102
23414,L2/3 IT,0.13749664,0.33006048
257071,L4/5 IT,0.05635093,0.198555
113290,L5/6 NP,-0.21288262,0.037710242
4749,Pvalb,-0.101381406,0.30525613
87298,L4/5 IT,0.41353583,0.13270038
250148,Sst,0.25950468,-0.16120094
94672,Astro,-0.296884,-0.1563746
71404,Oligo,-0.036248878,-0.3711458
51415,L5 ET,0.018893942,-0.022145038
103344,PVM,-0.044660404,0.00052529015
194082,L2/3 IT,-0.11072995,0.28642362
182991,VLMC,0.22078685,0.44421732
113111,Endo,0.27701467,0.16875076
221566,Vip,0.2426459,0.3005085
64591,L6 CT,-0.364173,-0.055173047
40902,OPC,0.3390243,0.40121472
40655,L5 IT,-0.27252638,0.049316816
225268,L4/5 IT,-0.08891241,0.14607471
167886,Endo,-0.25127757,-0.40636647
64499,Micro,0.2176023,-0.28327763
267241,L5 IT,0.27997553,-0.10533468
113149,Endo,0.021018311,0.264651
70424,L6 IT,-0.35314322,-0.13407928
213544,SMC,-0.46046412,0.4416715
51451,OPC,0.19157426,-0.26903552
87417,Oligo,0.3565495,-0.4135599
134414,L4/5 IT,0.32252628,0.105711274
225182,Astro,-0.048073128,-0.36318702
242169,L5 IT,-0.10031448,0.030592913
244921,Peri,0.38418096,-0.20728254
241539,L4/5 IT,-0.37940842,0.19714338
51464,Oligo,-0.22215544,-0.020032799
75892,L2/3 IT,-0.01047118,0.37938488
225198,Endo,0.35395145,-0.3251568
134497,Astro,-0.20453252,-0.48525593
75898,Oligo,0.33399928,-0.40717486
167977,Astro,-0.23200576,-0.36995232
134457,Oligo,-0.021326318,-0.18718058
56554,L4/5 IT,-0.18345837,0.17243719
239378,L4/5 IT,-0.043704167,0.23242897
194170,Oligo,-0.110403106,-0.3711947
271457,L6 CT,-0.09996794,-0.25162327
106602,L6b,-0.03522356,-0.32374242
51483,Oligo,-0.12102027,-0.46082598
194139,L4/5 IT,0.39937145,0.13768107
72603,Astro,0.094478235,-0.45941934
23380,L5 IT,-0.08711,0.08420151
40842,Pvalb,-0.14912836,0.14411712
242171,Pvalb,-0.4563359,-0.016440665
273199,L5 IT,0.29180008,-0.27200103
225214,Pvalb,0.37819582,0.054632775
40837,L5 IT,0.40258026,-0.12845314
106607,L6 CT,0.32077277,-0.34198785
87400,L2/3 IT,-0.18305163,0.25161892
273195,Endo,0.15598272,0.39015585
134592,Pvalb,-0.18703686,0.1057012
194168,Vip,-0.25946635,-0.0017421898
134584,L2/3 IT,0.045222923,0.29505062
134581,Endo,-0.35169142,-0.03522817
134580,L2/3 IT,0.3417157,0.2571761
134396,OPC,0.03551005,-0.23884073
167966,Peri,0.18527274,-0.14816871
194069,Vip,0.29069006,0.39014506
134944,L5 ET,-0.4051183,0.12608212
134953,L6 CT,-0.17528112,-0.22923133
15117,L6 IT,0.092703804,-0.12330017
271446,Astro,-0.009962991,-0.31528455
193945,Astro,0.23680411,-0.44425622
9955,L5/6 NP,-0.21257068,0.021702642
23301,Pvalb,0.18618117,-0.16274375
257118,Astro,-0.22438695,0.40179235
201230,Oligo,-0.15767692,-0.36951673
174704,Pvalb,0.09484224,0.18469405
94699,Micro,-0.12171979,0.277263
103472,L5 ET,0.42507434,-0.05912406
265189,Oligo,-0.17312534,-0.45836416
237357,Peri,0.16544609,0.13451934
135231,L5 ET,-0.32353276,0.12187695
40401,L6 IT,-0.22220926,-0.082841374
103469,L4/5 IT,0.084220394,0.13939714
219910,L2/3 IT,-0.02473171,0.2943704
257109,VLMC,0.1980922,0.44771755
23454,L2/3 IT,0.22958766,0.35626453
135214,L5 IT,0.09351651,0.07320642
61088,Astro,0.12406699,0.13258582
204630,Endo,-0.46682644,0.050997905
87651,PVM,0.25777936,0.3935579
75984,Endo,0.22404353,-0.039893694
204528,Micro,-0.20166461,0.18789387
133825,Astro,-0.25903934,0.43808007
97945,Oligo,-0.31754243,0.04105913
235621,L2/3 IT,0.005272135,0.31378895
133832,Lamp5,-0.38906306,0.3470261
87132,OPC,-0.025542393,0.24503934
23486,Astro,0.23836522,0.14024407
56655,L6 CT,-0.098298386,-0.23556405
133859,L2/3 IT,-0.143773,0.3552217
194353,L2/3 IT,0.105975315,0.32532555
278205,L6 CT,-0.3427921,-0.1808705
4842,L2/3 IT,0.36168343,0.35011244
135362,VLMC,0.42705524,0.43026376
257123,L5/6 NP,-0.21478622,-0.07114626
133893,Astro,-0.083903596,-0.4564332
17081,Oligo,0.08057116,-0.39400187
94722,VLMC,-0.040740207,0.4828412
180657,L6 CT,0.26311833,-0.2990579
209696,L4/5 IT,0.28565955,0.11033576
113069,Astro,0.049316272,-0.44434482
257095,L6 CT,-0.1107374,-0.27230257
40503,PVM,-0.13665725,-0.0374277
94686,L6 IT,-0.33036554,-0.14611551
1232,Astro,0.21041332,-0.1142085
87254,L5 ET,-0.07467787,0.051040165
257090,Astro,-0.42341185,0.18514854
75949,Oligo,-0.12209715,-0.40500212
40546,L5 IT,0.41432172,-0.06330571
262464,L6 CT,0.19038956,-0.20933145
225300,L2/3 IT,0.08587621,0.28006738
273233,L5 IT,-0.1613635,0.10277628
215297,L4/5 IT,-0.042500988,0.21944773
231157,L6 CT,-0.28249103,-0.26392323
225299,L6 CT,-0.20390116,-0.19047415
134961,Astro,0.0010766834,-0.4689651
276242,L2/3 IT,-0.21545346,0.33427078
225129,Astro,0.4220559,-0.34366423
56622,Astro,0.4090265,-0.5010863
75955,L4/5 IT,0.28794813,0.182307
225119,Peri,-0.13754751,-0.3908618
113312,Sst,0.10883872,-0.04498733
167799,L2/3 IT,0.16951613,0.25480467
10000,PVM,-0.151399,0.38021767
209522,Astro,0.26052892,0.12945569
135167,L2/3 IT,0.3916657,0.30127144
12851,L2/3 IT,-0.22563623,0.25759017
179902,Micro,0.31158936,0.39049393
278917,Micro,0.15861122,0.28907496
221567,L4/5 IT,-0.19919483,0.16691846
134044,L5/6 NP,-0.4111923,0.036762826
40458,L4/5 IT,0.08648668,0.22024465
215285,L4/5 IT,-0.46452415,0.19095594
265112,L6 CT,-0.27221364,-0.28016508
177949,L2/3 IT,0.096323,0.24928463
233884,SMC,0.14379482,-0.102987655
231144,Oligo,0.33381128,-0.39364526
194012,Oligo,0.3915239,-0.10182095
256963,L6 IT,-0.4444067,0.029407198
235875,Oligo,0.039392218,-0.16710326
273385,Astro,-0.30576354,0.029723817
132950,Oligo,-0.21171008,-0.45089683
113826,Oligo,0.21107088,-0.49180067
257430,Astro,-0.14628045,-0.43184447
230956,Peri,-0.33738738,0.2992046
183362,L4/5 IT,-0.18536527,-0.055462427
86177,Endo,0.17729734,-0.23081312
195053,L5 ET,-0.32271206,-0.038399197
112444,L4/5 IT,0.2987594,0.12096553
257434,Endo,-0.15730612,0.049720995
204746,Oligo,0.19974016,-0.4228871
265366,L2/3 IT,-0.36145055,0.2292248
260894,L6 IT,0.3245116,-0.19260934
236220,L4/5 IT,-0.28509438,0.17074102
4440,Endo,0.42867678,-0.48481348
183343,Pvalb,-0.30644852,-0.026094055
14954,Micro,0.08005129,0.07267176
70220,Astro,0.2110226,0.12068074
138132,L2/3 IT,-0.43453026,0.29460156
206629,OPC,0.030658826,0.2269572
42107,Astro,0.12023847,0.4527173
251471,L2/3 IT,-0.43221796,0.34164178
94442,L5 IT,-0.035994366,0.07493024
265007,Astro,-0.110062316,-0.21245259
112410,Oligo,-0.06310435,-0.23029613
221415,VLMC,-0.44433326,0.4560579
102849,OPC,-0.051935688,-0.05445037
88327,Oligo,0.27431905,-0.443189
225795,Oligo,-0.15829284,-0.214178
17446,SMC,0.14367102,-0.09668503
75609,Astro,-0.18065675,-0.4289763
242679,Astro,0.08045505,-0.47963613
65211,Lamp5,0.15739016,-0.15299475
257440,L4/5 IT,0.36895967,0.19344431
38880,L5 IT,-0.2781086,0.009130174
59148,L4/5 IT,-0.02045156,0.102315895
94917,VLMC,0.3034823,0.44374263
38906,L6 CT,-0.1296015,-0.17458105
183368,Oligo,-0.110502765,0.09166681
195019,Sst,-0.08288844,0.27380645
86205,L2/3 IT,0.25774658,0.21390218
64175,Oligo,0.39408797,-0.4511782
86208,Pvalb,-0.033146456,-0.09812734
256513,Oligo,0.25472188,-0.48837093
137856,L4/5 IT,0.009895191,0.22699732
102904,Astro,-0.19238411,0.37179732
39071,Endo,0.42054313,-0.106601425
137833,Astro,0.0035284609,0.40430176
39079,L5 IT,-0.4389264,0.0870251
42009,L2/3 IT,0.056167528,0.29606038
210089,Astro,0.28397644,-0.028287
217407,Oligo,-0.34522426,-0.09120322
145,Astro,0.24695723,-0.046270974
1364,Endo,-0.011176422,-0.3429023
193092,Sst,-0.34581637,0.049442224
273493,L5 IT,0.013950393,0.09162497
242681,Oligo,0.13609438,-0.19301623
88236,Micro,0.20897971,-0.35188103
23842,Oligo,0.01136975,-0.37256235
86307,Lamp5,-0.1887845,-0.38042384
1376,Vip,0.02599822,0.38302487
113849,Astro,0.24462025,-0.3191351
39039,Endo,0.33491272,0.43729395
18329,Astro,0.087289676,0.21153176
245493,Oligo,-0.057504192,-0.36721587
244029,L4/5 IT,-0.1127855,0.1524446
138061,L6 CT,-0.34375286,-0.3180663
86232,Oligo,0.22494452,-0.43320796
112461,Pvalb,-0.4301811,0.01845234
195006,L2/3 IT,-0.033573166,0.37219018
279603,L2/3 IT,-0.039209142,0.37318635
182775,L2/3 IT,0.25058132,0.3052107
137984,Pvalb,-0.017699614,-0.0064188894
137969,L6 CT,0.34595472,-0.3549497
137965,L2/3 IT,-0.3249125,0.3351634
271508,Astro,-0.41513753,0.35733175
112484,L6 CT,-0.1235262,-0.17780253
70518,Oligo,0.058352098,-0.42922425
168662,L2/3 IT,0.33539593,0.16095048
166963,Micro,-0.38626224,0.01887446
103733,L5 IT,-0.22993882,0.094978146
98141,L4/5 IT,-0.44114888,0.17249942
42160,Endo,0.25879902,0.0890932
42170,Oligo,-0.13829686,-0.42698172
38840,Micro,0.10832481,-0.04010523
38652,Oligo,-0.39418775,-0.039000608
11842,L4/5 IT,-0.096599266,0.1524083
24011,Oligo,0.056840464,-0.26602376
15332,L5 IT,0.3528164,-0.2728835
218543,Oligo,0.24443154,-0.49708322
264987,Oligo,-0.077946946,-0.24711958
168830,L5 ET,0.3603356,-0.017723178
131541,OPC,0.09433107,-0.10350192
113907,Oligo,0.4243778,-0.4252348
210191,Oligo,0.08027117,-0.3622495
8181,Endo,-0.089325115,0.0748074
192842,Oligo,0.39078903,-0.425286
19990,L6 IT,0.22229342,-0.25267875
113903,L6 CT,0.034351096,-0.2820592
204438,Astro,0.39160413,-0.1427679
168810,L4/5 IT,0.0546308,0.19573385
148,Endo,0.28811997,0.3245288
38645,Oligo,0.14860962,-0.31990233
60946,L6 IT,0.028679237,-0.24333254
257500,L4/5 IT,-0.02762641,0.16186178
113918,L5 ET,0.0134975165,0.06143921
195232,L6 IT,0.03144394,-0.2731726
112278,Lamp5,-0.29175544,0.2116136
225883,L6 CT,-0.0067933947,-0.28697595
61156,L5 ET,0.367038,-0.044930287
166716,L5 IT,-0.4275934,0.07442515
207508,L2/3 IT,0.42360628,0.3228706
131439,L6 CT,-0.095054224,-0.1677342
131444,Astro,0.10028033,0.34424007
242912,Sst,-0.15047495,0.25904667
12340,L2/3 IT,0.2603718,0.34680754
112283,L2/3 IT,-0.11646052,0.23849136
64125,L4/5 IT,-0.08006658,0.12703538
232409,Oligo,0.044378385,-0.3987696
38623,L6 IT,0.027631149,-0.098903336
201057,L6 IT,0.08584039,-0.2197366
268202,L6 CT,0.00022284687,-0.23740786
279614,Astro,-0.0056596547,-0.3769158
17129,L5 IT,0.054815933,0.06345742
272997,L6 CT,0.26016837,-0.2991585
103796,Astro,0.16720323,-0.45333615
112323,Vip,0.33471084,-0.26046485
195131,Vip,-0.34614903,-0.30427942
94934,L6 CT,-0.13968225,-0.2852487
277387,L2/3 IT,-0.010568216,0.2710948
217053,Endo,0.3667466,-0.48784405
23958,Micro,0.004248962,-0.08398358
15308,L6 IT,-0.03121294,-0.25459924
257455,L2/3 IT,-0.11360912,0.39449328
265386,Micro,-0.33008605,0.14761263
251478,L4/5 IT,0.3720705,0.112502925
23940,Astro,0.33588624,0.36445814
209302,L4/5 IT,0.37335795,0.047303014
113855,L5 ET,0.37093633,-0.06044642
166865,L6 CT,-0.17975755,-0.25346923
23011,Astro,-0.5440705,0.36110234
65255,Astro,-0.33072305,-0.1384491
251472,Oligo,-0.1322424,-0.4291844
209305,L6 CT,0.39629108,-0.33197656
112371,Astro,-0.2678314,0.044660024
138545,L4/5 IT,0.20656572,0.19845724
174445,Sncg,0.3269006,-0.2962306
103781,L6 CT,0.36783445,-0.35424125
239336,L5 ET,0.40041888,-0.06347082
224602,L5 IT,-0.4006403,0.09200137
102807,L6 CT,-0.052124992,-0.16968161
12869,L4/5 IT,-0.13756935,0.12411576
201060,Peri,-0.116742805,-0.16494256
131637,L6 IT,0.20793115,-0.2766092
217050,SMC,-0.002756253,0.10509425
272952,L2/3 IT,-0.010011151,0.37824732
9845,L2/3 IT,0.3322959,0.15074944
177815,Endo,0.38183463,0.086207084
72535,Astro,-0.044320956,-0.40218568
138477,L4/5 IT,0.40493828,0.11197477
257473,Peri,-0.14600138,-0.06473226
22955,OPC,0.11438356,0.23222744
138463,L6 CT,-0.2964201,-0.13509834
138445,PVM,-0.04107757,0.0033313576
86040,OPC,-0.12702812,0.20522684
42186,Micro,-0.3437088,0.19498134
88216,L6 CT,0.41593587,-0.3583488
224733,L2/3 IT,-0.23738568,0.27537334
177855,Peri,-0.17709453,-0.00021118484
225597,L6 CT,-0.08602594,-0.30477533
193333,L5 IT,-0.10618521,0.10459059
103024,SMC,0.28142917,-0.21576983
217167,L6 CT,-0.18834491,-0.24470419
11228,Pvalb,0.057420418,-0.057161607
18194,L5 IT,0.23269658,-0.04506416
136946,Oligo,-0.18260084,-0.4701183
167284,L4/5 IT,-0.12477599,0.1486525
132724,PVM,0.20298772,0.34770364
236226,L5/6 NP,-0.038515285,-0.14484489
246557,L2/3 IT,-0.07200907,0.35617256
112693,L6 CT,0.094531104,-0.29603422
132740,Endo,-0.14807464,0.13177848
174506,Endo,-0.24093913,0.4118687
39565,L4/5 IT,0.071806476,0.213673
278905,L5 IT,0.12791638,-0.0592191
132764,L2/3 IT,-0.13330208,0.2201773
194753,L5/6 NP,-0.21630134,0.007812971
136865,OPC,-0.07007058,0.43776894
39512,L4/5 IT,0.12205933,0.17417449
209391,Vip,-0.2401969,-0.41555893
39486,Astro,0.0556653,-0.43879235
86513,L5 ET,-0.01950194,0.0030575935
244058,Vip,0.11565618,-0.24193203
177878,L4/5 IT,-0.45615774,0.22237927
94502,Astro,-0.17555608,-0.4673161
41735,L4/5 IT,0.028165743,0.17906505
41730,L2/3 IT,0.14290868,0.32477033
137097,VLMC,-0.33132362,0.46173048
4957,Astro,0.08423041,-0.4826839
41709,L2/3 IT,0.026705846,0.3026957
73656,L2/3 IT,-0.05413319,0.35463047
76157,Oligo,0.33490652,-0.43676668
41695,Endo,0.30910087,0.36683726
88079,Endo,0.42457843,-0.26215613
65006,Astro,0.258022,-0.4535688
183245,L4/5 IT,0.17460708,0.18666828
112668,Endo,-0.027108505,-0.34830955
256607,L4/5 IT,-0.29908067,0.1532256
103647,OPC,-0.0076716095,0.14072436
4945,Micro,-0.19185285,0.022901291
217175,L2/3 IT,-0.27233404,0.30117524
39657,Astro,-0.013728991,-0.29164448
219185,Pvalb,-0.44622803,0.23548645
61002,Astro,0.2550506,-0.13755357
136681,L2/3 IT,-0.12207256,0.3211822
236687,Micro,0.043703303,0.42569512
136671,L2/3 IT,-0.17738928,0.3857205
194687,Peri,0.24481831,0.16727877
8252,Astro,0.1949328,-0.23630765
225558,Oligo,0.16893594,-0.44027495
23661,L6 CT,0.001222834,-0.100453295
51247,L5 IT,0.0023733228,-0.18263045
132926,L5 IT,-0.14671452,0.08204871
4567,L4/5 IT,0.34693956,0.14104259
246787,Peri,-0.3278669,-0.3142953
15007,Pvalb,0.31363845,-0.15332285
174531,L5 IT,0.31594437,0.02744239
41568,L4/5 IT,0.40163058,0.11613219
87993,L5 IT,0.15071367,-0.17967314
98095,Astro,-0.11842491,-0.4120167
23674,L6 CT,-0.10289194,-0.1986815
132879,L6 CT,-0.26612717,-0.36655825
194720,Vip,-0.4349919,0.3104931
10077,Peri,0.4249134,-0.48074004
263312,L6 CT,-0.17953412,-0.123292275
194708,L4/5 IT,0.39828825,0.018195087
86612,Oligo,-0.17122991,-0.50829774
201433,L4/5 IT,-0.13362162,0.19768184
39601,Lamp5,-0.28443462,-0.30565035
39603,Oligo,0.29031175,-0.39663455
136803,L2/3 IT,-0.21202902,0.35682583
233951,L6 CT,-0.2434782,-0.24129137
136793,L6 IT,-0.26565915,-0.067021824
103058,Endo,0.21572445,-0.122610904
136770,L6 IT,0.08225636,-0.13537109
86636,Sst,-0.37164032,0.13944674
136755,Endo,0.34641486,0.3224362
132862,L6 CT,-0.32905138,-0.24819598
4552,Oligo,0.19661264,-0.1469762
246792,Astro,0.26630682,0.31224346
142904,PVM,0.1526516,0.14506912
113676,Oligo,-0.24622796,-0.4990669
213416,Peri,0.15233414,0.15894055
102937,L4/5 IT,0.42892468,0.09826081
17102,Oligo,-0.07838242,-0.39834216
201482,L4/5 IT,0.20091043,0.1724729
167083,Oligo,-0.18977396,-0.4918137
201094,L6 IT,0.08969842,-0.24991578
88188,L5 IT,0.14763694,0.07741325
217125,L5 IT,0.23517106,-0.04186804
242197,L5 IT,0.16804473,0.028634066
256544,L5 IT,-0.3199033,0.14978641
210054,PVM,-0.09264125,0.19479191
39275,L6 IT,-0.20192434,0.008545989
61146,Oligo,0.057015643,-0.38224325
201096,Micro,-0.11922817,-0.27668333
167112,L5/6 NP,-0.34955055,-0.05165202
23796,L6 IT,-0.36517155,-0.12665623
194917,L6 CT,-0.289631,-0.33146417
20288,L2/3 IT,-0.2901097,0.3418162
183292,Oligo,0.24451737,-0.43012264
97855,Oligo,-0.10029091,-0.42269087
137624,L4/5 IT,0.41100538,0.0031070653
56862,L2/3 IT,-0.44755793,0.26196885
132176,Astro,0.30943757,0.13079607
132179,L6 CT,-0.27192324,-0.3232531
23066,Astro,0.0690736,-0.48618558
39168,Oligo,0.24568944,0.17255342
132185,Oligo,-0.23015423,0.06993305
137695,Astro,0.14267801,-0.4548761
193133,Endo,0.11967401,0.23362815
273485,L4/5 IT,0.08616702,0.076105945
51852,L6b,-0.013114288,-0.30358684
206283,Endo,-0.23597373,-0.43204826
132210,Astro,0.0815361,0.35903096
233851,L4/5 IT,-0.07787953,0.118219785
56866,Astro,0.020386681,-0.3927314
9873,Endo,0.36138332,-0.30183333
137653,L2/3 IT,0.11382155,0.26793885
201090,L4/5 IT,0.170372,0.2100271
88200,Endo,0.2030326,0.3887958
51843,Endo,0.23799269,0.37084532
201455,Peri,-0.21307348,0.4326632
137468,L4/5 IT,-0.35484242,0.18178815
137457,SMC,0.1711459,-0.10962782
238647,Astro,-0.03152074,-0.47678515
20098,Astro,-0.36673898,-0.2882831
167205,L5 ET,-0.15626268,0.033950143
234793,OPC,-0.4890684,0.35788262
279580,L6 CT,-0.21194066,-0.11582009
17438,L6 CT,-0.26377875,-0.3414895
224839,L4/5 IT,0.15050356,0.11655455
4496,Oligo,-0.13133983,-0.44422397
51805,Astro,-0.1014985,-0.35174227
245549,OPC,0.3790372,0.38153124
168527,Astro,-0.1767673,-0.43957207
132549,L6b,0.25880682,-0.36633366
132550,Endo,0.3526588,-0.15005937
193266,L2/3 IT,-0.16974933,0.2801084
15239,L2/3 IT,-0.027289465,0.2926063
7028,L4/5 IT,0.210411,0.07008498
88094,Oligo,-0.15414976,-0.46336293
137281,Oligo,0.33044058,-0.3992152
41851,Oligo,-0.059865966,-0.34390575
137287,Astro,0.1470664,-0.45930785
174900,L5/6 NP,-0.22703283,-0.07619033
167131,Astro,0.030274555,-0.5017774
10093,L2/3 IT,-0.54279286,0.31002998
168568,L4/5 IT,0.016522393,0.19298464
86389,Peri,-0.40752947,0.10004573
86394,OPC,0.3414564,0.35165852
102971,Vip,-0.08535169,0.37427706
4977,PVM,-0.02315922,-0.27050525
250163,L5/6 NP,-0.18261863,-0.118547924
180587,L5 IT,-0.4175052,0.14870656
201111,L2/3 IT,-0.1096964,0.38520277
193234,Astro,-0.13532333,-0.44559148
240250,Peri,0.1150562,0.42921603
244049,Oligo,0.4285798,-0.3627506
183272,Oligo,-0.16953312,-0.38260972
168543,L2/3 IT,0.09821962,0.35045886
1339,L5 IT,-0.25276184,0.07417201
4485,Micro,0.1641724,-0.46142167
39413,L6b,0.40832078,-0.38826424
209025,L6 IT,-0.33387387,-0.22731501
214850,L2/3 IT,0.027540311,0.32726365
101981,L6b,-0.2551465,-0.33464438
143102,Astro,0.09827511,0.37679023
144615,L6 IT,0.051622674,-0.30404967
180455,L5/6 NP,-0.39230436,0.1340577
127934,L2/3 IT,0.11439304,0.2773255
183975,L5 IT,-0.008179203,0.002638394
255555,L5/6 NP,0.08826153,0.028468663
144619,Lamp5,-0.19384216,0.41623694
110948,L2/3 IT,-0.31228942,0.35024673
89474,Endo,-0.16569336,0.025838846
44195,L5 IT,-0.17108683,0.10959303
111168,PVM,-0.0963548,0.22167748
63474,L6 CT,-0.19548322,-0.13017282
184005,Oligo,-0.09594907,-0.38994792
84340,L5 IT,0.22748695,0.06606143
203525,Sst,0.0042341202,0.09652942
223870,Oligo,-0.21882097,-0.5060582
265826,L4/5 IT,-0.3036734,0.16394609
43905,Oligo,0.1563022,-0.11624191
84336,L2/3 IT,0.35170108,0.21177256
143998,L4/5 IT,0.108887956,0.28976983
8741,Sst,-0.13009085,0.21657068
244856,Astro,0.058313236,-0.4541957
213760,L6 CT,0.21041547,-0.25384417
69971,Sst,-0.037825778,0.3933522
57292,L4/5 IT,0.027603135,0.116338424
98445,L6 IT,0.28103083,-0.3044335
127554,Pvalb,-0.19629414,0.20314902
169837,VLMC,-0.11941503,0.48426288
219754,L4/5 IT,0.22811686,0.08543258
216762,Oligo,-0.18058474,-0.4759011
63403,Astro,0.076638564,0.06568574
144561,L5 IT,-0.13058864,-0.1559869
174162,Oligo,0.25948614,-0.3912038
66043,L4/5 IT,-0.4670896,0.16216463
245399,Oligo,-0.20572244,-0.21591774
1523,Oligo,-0.14961053,-0.37005967
258231,Endo,0.25265992,0.20610803
66038,L4/5 IT,-0.37846184,0.2426486
127588,Oligo,-0.25082153,-0.25615695
196630,L5 IT,0.24391048,0.060345583
262709,Endo,0.26879603,-0.3399467
101932,Vip,0.25262958,-0.22545087
144584,L2/3 IT,-0.113125935,0.3738144
35369,L5 IT,-0.10592125,-0.072649635
255515,Sst,0.3949805,-0.10574416
174211,L4/5 IT,-0.39874583,0.17959595
36281,L5 IT,0.10011582,-0.030972427
114834,Micro,0.23802762,-0.12231449
143313,VLMC,-0.31253034,0.46425366
84202,L4/5 IT,-0.096305266,0.14238572
271277,L5 IT,0.28105664,-0.1387898
127562,L2/3 IT,-0.5293325,0.3102072
164679,L5 IT,0.06327258,0.036021285
36383,L5 ET,-0.06386186,-0.12605152
278822,L4/5 IT,-0.3719735,0.16512221
127249,Oligo,-0.2247367,-0.29259247
170001,L2/3 IT,-0.184458,0.29241723
144833,L2/3 IT,0.1705793,0.23952705
226907,L6 CT,0.038190648,-0.2552848
182323,L6 CT,0.23536806,-0.2689779
143781,L4/5 IT,-0.114852056,0.10052072
218439,L6 CT,0.10714196,-0.16150466
66167,L6 CT,0.2258092,-0.233331
271609,L4/5 IT,0.15226321,0.053791992
144885,OPC,0.23402743,0.039196722
255598,L5 ET,0.069720015,-0.08044476
169914,Micro,-0.18579842,-0.07319201
95433,L2/3 IT,0.2947265,0.253461
56141,L5 IT,0.26474214,-0.04920522
89755,Sst,-0.4582159,0.17908973
143040,Vip,0.31952274,0.30227786
143037,Vip,-0.3172316,-0.2704175
128562,Vip,0.089629516,0.3063172
215445,L4/5 IT,-0.024845496,0.25615698
66114,L2/3 IT,-0.16611989,0.309076
169774,OPC,0.15816425,-0.5059128
25023,Lamp5,-0.08129524,0.3525735
6943,Peri,0.010904118,-0.24825805
5371,Vip,-0.25686628,-0.06816987
144969,L4/5 IT,0.14628588,0.17361224
270914,L2/3 IT,-0.31642675,0.32526535
66160,Endo,0.3261993,-0.006965881
76783,L2/3 IT,0.006336078,0.32880664
144680,L4/5 IT,0.0021657199,0.17086816
250004,L4/5 IT,0.3101346,0.14202881
235304,L5 IT,0.18629192,0.020746643
66233,L5 IT,0.14562152,-0.1255728
110970,L2/3 IT,0.19095765,0.33025151
36058,Oligo,0.09415285,-0.4340758
15630,L2/3 IT,-0.43342537,0.28074664
208968,PVM,0.27961248,0.051697783
255441,Pvalb,-0.2701471,0.262738
66033,L2/3 IT,-0.17163332,0.25599146
205066,L5 IT,0.011191174,0.09250819
204257,L4/5 IT,0.38993025,0.11000829
35363,L6 CT,0.04788731,-0.14576465
89757,Endo,-0.34519047,0.14259183
247185,L4/5 IT,-0.26410317,0.2016648
233345,OPC,-0.14673014,-0.41822714
57267,L4/5 IT,0.37835246,0.13938981
104343,Oligo,-0.40317678,-0.01781333
169746,L2/3 IT,-0.31768638,0.3450374
76751,L5 IT,-0.07094516,0.090836816
52677,L5 IT,0.17869155,0.03350454
83852,VLMC,0.24814121,0.44340837
111355,L2/3 IT,-0.17010118,0.22946286
128237,L4/5 IT,0.42679566,0.15430772
144364,SMC,-0.02995278,-0.27295518
57273,PVM,0.35031438,0.4321134
66356,L2/3 IT,-0.4794578,0.3439005
76800,Astro,-0.41172367,0.058023505
165346,L5 IT,0.020038292,-0.0024532732
128523,L6 CT,-0.04207559,-0.21929958
214282,L4/5 IT,0.05937831,0.17450476
144873,PVM,-0.34646463,0.45682973
128383,L6b,-0.24337982,-0.3346297
248455,L6 CT,0.029561028,-0.1732673
44270,Oligo,0.28408146,-0.1267491
247154,Pvalb,0.20044826,-0.49032694
143809,Oligo,0.32796317,-0.35728642
76926,SMC,0.35707617,0.21208835
110912,L2/3 IT,-0.065142944,0.39923507
169745,Astro,0.3222202,0.015958125
111311,Endo,-0.54586595,0.33955717
36301,L6 IT,-0.2874081,-0.23465407
165256,L5/6 NP,0.008202836,-0.12732658
83928,Pvalb,0.24636392,-0.26463002
127683,L6 CT,-0.29508823,-0.31519654
128436,VLMC,-0.14641361,0.48528355
174199,L2/3 IT,0.14794229,0.20988792
143697,L6b,-0.24985637,-0.33092654
196387,L6 CT,0.30742753,-0.28735793
203514,L5 IT,0.33294904,0.009675259
271247,L4/5 IT,-0.023997024,0.21233773
43990,L6 CT,0.015149102,-0.10948119
210669,L6 CT,0.1044942,-0.2915321
143176,Peri,0.114143476,0.08654206
265804,Astro,-0.008914009,-0.08658344
255671,Endo,0.38602465,0.15572381
43844,Peri,0.11317019,-0.48852414
114706,L6 CT,0.41246647,-0.33919752
63586,Oligo,-0.1031345,-0.3486478
276857,Oligo,-0.07172464,-0.33661914
5438,L2/3 IT,0.3537739,0.33553278
191266,Oligo,-0.12598048,-0.46346152
260524,L4/5 IT,-0.194358,0.121441536
190816,L5 IT,-0.029222146,-0.13460973
165075,Oligo,0.12476288,-0.34162408
258146,L4/5 IT,0.2926811,0.06501829
214611,VLMC,0.018585429,0.47421306
210775,L4/5 IT,0.078575894,0.13823146
165366,L4/5 IT,-0.35524708,0.16798925
73522,Peri,-0.15297417,-0.38197076
143662,L4/5 IT,-0.12467103,0.169128
43741,L2/3 IT,0.22233884,0.19029409
84216,Pvalb,0.42789233,-0.13090393
178422,VLMC,-0.47493953,0.47327924
274022,L4/5 IT,0.30307674,0.06131547
9727,L6 CT,0.10302888,-0.32392114
258280,Endo,-0.1642182,0.3476404
196370,L5 IT,-0.31494784,0.13109136
144472,Astro,0.04554306,-0.46243888
169923,L4/5 IT,0.32810485,0.06606602
127656,L4/5 IT,0.049222693,0.0867539
128451,Oligo,0.2422372,-0.22085357
241735,L6 CT,-0.08999409,-0.22591424
84372,L5 IT,-0.4311692,0.010521049
73897,Pvalb,0.24121915,0.20786971
165373,Endo,0.22682993,-0.17519593
528,Vip,-0.060030416,0.0717675
244999,L5 ET,-0.3140658,-0.032941617
279708,Endo,0.42640126,-0.03027684
164669,Astro,-0.19041161,-0.36766806
196670,Peri,-0.3355174,0.024994189
164749,L5 IT,-0.17145218,0.068245046
127667,Oligo,-0.19363527,-0.43652302
255542,Endo,0.14036123,0.39866644
127395,L6 CT,-0.23829348,-0.1615848
22396,OPC,-0.26293755,-0.4890404
35692,L4/5 IT,-0.4217648,0.20246875
268960,L2/3 IT,0.1167575,0.33412158
50709,Astro,0.105168745,-0.1401543
52668,L2/3 IT,-0.05382122,0.3782401
114771,Astro,0.23308359,-0.44802767
143292,Astro,0.09158997,-0.47110772
190939,Astro,-0.061233833,-0.46221328
9270,L4/5 IT,0.05693482,0.18423611
196467,L2/3 IT,-0.3695525,0.30711383
63479,L6 CT,-0.24931721,-0.24694255
89687,Endo,0.23205386,0.3944031
205017,L5 IT,-0.12729473,-0.08498988
3686,L4/5 IT,-0.23096733,0.24279869
226912,Oligo,-0.26237357,-0.4477983
104378,L2/3 IT,0.16204576,0.23991919
35517,L6 CT,-0.29897714,-0.37586164
44201,L6 CT,0.22596644,-0.3017336
75300,Astro,-0.15400527,0.20843703
226838,Astro,-0.079900995,-0.3475687
114775,Oligo,-0.21246378,-0.4684736
128400,L6 CT,-0.13427083,-0.22256938
210780,L2/3 IT,0.0025131553,0.297247
226836,L5 IT,0.37226254,-0.13365027
230612,L6 CT,-0.13840975,-0.22566342
84029,L6 CT,-0.090212,-0.23526523
10354,Vip,0.3821566,0.28225505
264768,Pvalb,0.40288365,-0.053540386
14706,Oligo,0.13210444,-0.44486767
83775,VLMC,-0.2692359,0.47229803
143129,Oligo,-0.08377747,-0.33694178
235258,L4/5 IT,0.31092584,0.08690327
144107,Micro,0.084117815,0.050421886
83904,L5/6 NP,-0.35065228,0.079203
144847,L6 CT,-0.358747,-0.36914292
261153,OPC,0.20879297,0.40590775
230686,Oligo,-0.023038283,0.08094447
114665,L6 CT,-0.2653216,-0.11167241
20453,L6 IT,-0.24410559,-0.05473072
89481,OPC,-0.06811561,0.4326145
52650,L5 IT,-0.1488622,0.120211475
69890,Astro,0.016012654,-0.467459
101997,Endo,0.41726756,0.17720747
43887,Astro,-0.18144481,-0.03976626
36361,Oligo,-0.22341122,-0.01025874
111222,L5 IT,-0.28568476,0.089267366
190941,Astro,-0.102569595,0.3975472
22366,Endo,-0.30917758,0.093283586
249460,L2/3 IT,-0.173342,0.29192847
235704,L2/3 IT,-0.34547818,0.27659422
226650,Micro,-0.45483983,-0.032113887
183947,Oligo,0.3753751,-0.45045996
36365,Oligo,-0.108930215,-0.44831344
191267,L6 CT,-0.3402477,-0.083035745
243906,VLMC,-0.22729628,0.4767381
264778,Micro,-0.15080975,-0.4340258
5452,L6 CT,0.009720013,-0.2260262
144984,Endo,-0.29916763,0.041384093
227059,Endo,0.29584694,-0.053887673
265819,L6 CT,-0.21670757,-0.1813654
202037,L6b,-0.04147972,-0.31953543
36288,L6 CT,-0.21728157,-0.2538578
127634,L4/5 IT,0.38738507,0.093701534
226969,L5 ET,-0.070190504,0.03960406
226921,L4/5 IT,0.059192523,0.14363223
128371,L2/3 IT,-0.07171993,0.3706305
144707,Astro,0.40826702,-0.44262397
267609,Pvalb,0.06928764,-0.055167027
127986,L6 CT,-0.18621011,-0.10429896
268964,L5/6 NP,-0.314924,0.060890667
36188,Micro,0.35626447,-0.38827425
170044,L2/3 IT,-0.44262856,0.27867252
202053,Peri,0.25748307,0.030205542
50652,PVM,0.14811473,0.15302008
114694,Astro,-0.30462873,-0.31122088
143938,Sst,0.1822698,-0.23125398
191150,L5 ET,-0.29698825,-0.03049857
142984,Lamp5,0.19910495,-0.011847978
69942,VLMC,0.14911895,0.4579556
127444,L2/3 IT,-0.5507076,0.3121391
127411,Astro,0.07255177,-0.30433375
3709,L2/3 IT,0.026913151,0.2628587
275987,L6 CT,-0.15380298,-0.31880644
217697,PVM,0.15006189,0.16803181
127212,L4/5 IT,0.36629325,0.17424375
220446,L2/3 IT,-0.15828653,0.23564523
210752,Endo,-0.061593726,-0.19365034
24910,Astro,0.029473588,0.43314695
143949,L4/5 IT,0.3346582,0.077678554
196244,L6 CT,-0.21961643,-0.23348063
73511,L5 ET,-0.34541345,0.12219172
36168,L4/5 IT,-0.35823965,0.17960012
8735,L5 IT,-0.4575758,0.0055291597
270130,L6 CT,-0.20343216,-0.2297628
174179,Endo,-0.04055442,-0.46993428
144939,L2/3 IT,0.069572136,0.32052934
104243,Endo,-0.08979754,-0.027589118
207210,L2/3 IT,-0.18540902,0.29699105
19747,Endo,-0.372824,0.25841433
142993,Oligo,0.048040316,-0.23640412
165144,Oligo,-0.11496355,-0.44321334
165417,L5 ET,0.14610754,-0.022718912
35393,Astro,0.037431404,-0.47237834
196598,Oligo,-0.25747353,-0.36493263
35785,VLMC,0.35269678,0.43034744
44273,L2/3 IT,-0.3807237,0.27327013
95392,L4/5 IT,0.34150368,0.13281792
128604,L5 ET,0.057277903,-0.051606275
204966,L6 IT,-0.1171201,-0.26850665
144876,L6 IT,-0.2782501,0.031518154
127342,L2/3 IT,-0.25378376,0.34209228
72679,Astro,-0.44258028,0.14723682
127485,L2/3 IT,0.09415732,0.26331574
233030,L6 CT,-0.27830052,-0.351174
219037,L4/5 IT,-0.21090762,0.16694868
196530,Oligo,0.3849644,-0.46302494
5443,L6 CT,0.20782976,-0.3089677
89446,Astro,-0.13529228,-0.47755855
262684,L6 CT,-0.3565536,-0.15013504
145027,Endo,-0.4229995,0.17167324
36220,Astro,0.26935607,-0.14761889
44236,L4/5 IT,0.32246214,0.11215108
180403,Pvalb,0.23773514,-0.035244204
96827,L2/3 IT,0.01449804,0.31468707
237182,L2/3 IT,0.35005903,0.35638463
35504,Micro,-0.089991555,0.431947
25131,Oligo,-0.1076238,-0.36431628
219737,VLMC,-0.034354582,0.4789465
190879,L4/5 IT,0.32131582,0.14771456
143850,L2/3 IT,-0.21347396,0.33823156
184034,PVM,0.20505248,-0.46557564
63608,L4/5 IT,0.18220751,0.19479948
127465,L5 ET,0.078176185,-0.10323832
207138,L5/6 NP,-0.30283874,0.058019035
220113,Oligo,-0.08202799,-0.40327486
144728,L2/3 IT,-0.5652008,0.3267256
221110,OPC,0.266043,-0.15560982
69930,Endo,0.22685336,-0.057220645
250986,Endo,-0.0155863315,0.14465147
169978,L6 CT,0.25784528,-0.35904235
76949,L5 ET,-0.14056031,-0.015148258
279435,L4/5 IT,-0.08478819,0.14708608
217646,L4/5 IT,-0.011938885,0.19370401
66360,L2/3 IT,0.16113268,0.3144437
165335,Pvalb,-0.12966593,-0.12753886
258204,L4/5 IT,-0.46284086,0.16667277
89552,Oligo,-0.10360624,-0.3289218
238904,L5 IT,0.29423535,-0.22611535
270855,L6b,-0.24868543,-0.26177332
143569,L5 IT,0.10555415,0.06013345
35751,Micro,0.30974042,0.29933316
143502,Astro,-0.2918406,0.18362308
76746,L5/6 NP,0.1477425,-0.08224342
218616,L6 CT,-0.22754209,-0.13172552
143871,L4/5 IT,0.26774722,0.16858393
106932,L6 CT,-0.22123532,-0.28396416
114858,L5 IT,0.11682366,-0.18597603
210732,L2/3 IT,0.2841549,0.27183753
128295,L6 CT,-0.2768259,-0.37544498
249582,Pvalb,-0.20707203,-0.1386492
258073,Astro,-0.46653843,0.28626925
164848,L6 CT,-0.049270168,-0.09912834
84162,L4/5 IT,-0.02029188,0.1432051
255643,Peri,0.3775481,-0.463476
165012,PVM,-0.24844487,0.20415401
5425,Astro,-0.09948121,0.4267096
14718,L5 IT,0.025388524,0.044816844
279104,L2/3 IT,-0.22566997,0.330616
214725,Oligo,-0.34880888,0.19607097
234578,L2/3 IT,0.012805685,0.37721932
203511,Astro,-0.3876028,0.16346604
265735,L2/3 IT,-0.009976938,0.29999912
57345,L4/5 IT,0.18806992,0.07778435
54744,L2/3 IT,-0.13003872,0.25169313
14713,L6 CT,0.043676183,-0.2573513
143011,Sst,-0.19428103,-0.10228849
35755,L6 IT,-0.17605557,-0.015431767
268955,Oligo,-0.07406898,-0.40449086
5400,L2/3 IT,-0.29732293,0.31125063
56148,Oligo,-0.44669312,-0.020119494
127508,L6 CT,0.058006987,-0.3047388
196528,Oligo,-0.25208122,-0.05245895
143882,Astro,-0.2175508,-0.09607787
272600,PVM,-0.31295937,-0.002594715
44174,VLMC,-0.050251976,0.48160726
248782,L6 IT,-0.026696518,-0.20845142
265761,Astro,0.24639492,0.10599493
72084,OPC,0.061055228,-0.03464181
210755,L4/5 IT,0.41606218,0.08616399
274091,Astro,0.22976367,-0.43390208
44183,Astro,0.40695292,-0.02105329
