,cell_class,coord_X,coord_Y
160228,L5 IT,-0.08715102,0.07722503
56377,Oligo,0.07719487,0.17539376
229646,Oligo,0.08516687,-0.30940554
275565,L5 ET,-0.4430525,0.13615602
160211,L6 IT,-0.23873267,-0.045944214
103824,Endo,0.45576775,-0.059690803
204396,L6 CT,0.192496,-0.25575754
220073,L4/5 IT,-0.22029749,0.32966763
27325,L5/6 NP,0.37412316,-0.12942857
27403,Endo,0.08475149,0.15652591
27345,Astro,0.23832917,0.2506901
242456,L6 CT,0.13869274,-0.22873268
262386,L5 IT,-0.111047775,0.18714291
160401,Pvalb,-0.210679,0.2927428
204430,L2/3 IT,-0.2503348,0.36537904
103712,Micro,0.18739593,0.29061484
104042,L6 IT,-0.25272477,0.030285
103837,L2/3 IT,-0.23315611,0.3383934
27457,L4/5 IT,-0.2783773,0.2660985
27374,L6 IT,-0.17219552,-0.058826685
160096,Endo,0.13180238,0.19054079
192707,L5 IT,0.28213608,-0.12289971
160439,PVM,0.27783185,0.28655374
100979,L6 CT,-0.045318246,-0.16580361
229983,L6 CT,0.21834207,-0.20428109
185054,L6 IT,-0.14542514,-0.011326939
13236,L2/3 IT,0.08307582,0.28575706
252384,OPC,0.2937373,0.20430428
262870,L2/3 IT,0.2563964,0.27544093
205315,L5 IT,-0.027117789,0.18759614
238443,L5 ET,0.32734436,-0.08872479
100821,L6 IT,-0.32830054,0.0287655
238444,Oligo,0.0612998,-0.28113437
162012,Astro,0.32601666,0.2746321
238457,VLMC,0.38580608,0.2834128
100750,L6b,0.025844038,-0.19109717
162057,Vip,-0.26811367,0.28820974
185012,L6 CT,0.05583054,-0.1454123
8471,Astro,0.1271829,-0.3460702
57813,Oligo,0.15567267,-0.1927756
229995,L5 IT,-0.19563001,0.1502766
184989,Endo,0.33140522,0.1971029
100644,L6 CT,-0.28490138,-0.25245604
8495,L6 CT,-0.3206852,0.06583297
262897,Astro,-0.24336326,0.25276583
100565,Endo,0.18727803,0.410011
100467,L5 IT,0.10875088,-0.008340716
162151,PVM,0.21313971,0.11799055
101034,Oligo,0.1748892,-0.31423336
8512,Peri,-0.34459656,0.15345967
26540,L2/3 IT,0.10428959,0.26699662
101066,Astro,-0.12722194,-0.008214235
57435,L5 IT,-0.30926085,0.11229187
275695,L4/5 IT,0.15387595,0.14281464
161660,Peri,0.016114712,-0.10279316
244828,Peri,0.091756105,-0.28618705
101384,L6 CT,-0.18634078,0.06335151
275705,Oligo,0.047784507,-0.21631241
57463,L6 CT,-0.40271932,0.025063157
57470,L6 CT,0.1013934,-0.1353747
262776,L5 IT,0.041804254,0.087595224
101329,Peri,-0.23175642,0.41648495
161671,Micro,0.24449652,0.36495388
270427,L6 CT,-0.00095668435,-0.044377834
270423,Astro,0.060228765,0.00087594986
26601,Endo,0.10695517,0.24574727
240727,L5 IT,0.30376434,-0.056011587
205223,L5 IT,0.1574406,0.07571083
229968,L6 CT,0.043979883,-0.12744698
101225,Endo,-0.2681192,0.26938152
8409,Astro,-0.2669121,0.40990216
57556,L5/6 NP,0.2489258,-0.14700624
26567,L6 CT,0.0035764575,-0.1251522
101148,VLMC,0.38767797,0.23285753
185103,L6 CT,-0.15571931,-0.047068983
101095,L2/3 IT,0.33218473,0.1535626
270401,L6 IT,0.062912345,0.0075544715
161833,Endo,-0.2942704,0.108876646
101492,L4/5 IT,-0.0031334162,0.28248674
239665,L6 CT,0.21937847,-0.13958308
100411,Peri,0.20389515,0.33329856
58207,L2/3 IT,-0.23275837,0.4126709
99935,L4/5 IT,0.24257016,0.23392844
162425,L2/3 IT,-0.20991129,0.35198563
26268,Peri,0.3867855,-0.14858389
58223,L6 IT,-0.42136735,0.05174178
58229,Astro,-0.25353438,-0.10095465
162449,L6 CT,-0.2273421,0.065399885
58237,L2/3 IT,-0.006219566,0.35564566
162496,L2/3 IT,0.35873806,0.13544595
58272,L2/3 IT,-0.23235583,0.354581
99867,L2/3 IT,0.39939612,0.16629559
26227,L2/3 IT,0.37154847,0.14835739
99843,Endo,-0.0498946,-0.26766822
99841,L2/3 IT,0.41832584,-0.10870108
99840,Astro,0.3202594,0.19619691
162552,Endo,0.06699401,0.17921388
219499,PVM,-0.19093364,0.1788103
219490,Astro,0.15221375,-0.33620757
99789,L2/3 IT,0.33938074,0.057182014
99780,L6 IT,0.15008801,-0.010888904
263055,L6b,-0.20210221,-0.12541667
205671,SMC,0.16885853,-0.2866127
99750,Oligo,0.11990321,-0.29238048
99746,Peri,0.15134352,-0.30055264
219463,L5 ET,0.0372203,0.14980215
99965,L2/3 IT,0.14169037,0.30127388
162194,L2/3 IT,0.16776407,0.2074166
100012,L5/6 NP,0.32374346,-0.12343106
100031,L6 CT,0.0071480274,-0.06853691
184949,Vip,0.17269987,0.32918686
26375,Peri,0.29613292,0.20818156
100327,L2/3 IT,0.2725919,0.23091602
57981,L2/3 IT,0.36954916,0.15526515
100300,L2/3 IT,0.04101032,0.3159272
162271,Endo,0.17055339,0.41823012
100283,L6 IT,-0.31807414,0.026196241
262965,OPC,-0.16067198,-0.17883405
252325,L2/3 IT,-0.2379646,0.37630332
234516,Endo,0.19782764,-0.1692957
162300,Oligo,0.082555234,-0.28735453
100181,Astro,0.27923024,0.29493892
26331,Astro,-0.10106546,-0.05396107
58084,Oligo,-0.1351178,-0.115103096
219569,L2/3 IT,0.21719074,0.2963457
184914,L2/3 IT,0.3299315,0.18146193
233397,Endo,-0.37970763,-0.001902461
230076,L6 CT,-0.18792856,-0.008309454
162343,Oligo,0.009254634,-0.25596648
58134,L4/5 IT,-0.16748747,0.29028082
100102,Astro,0.08180058,-0.32767272
100075,Astro,-0.05022043,0.044991016
100064,Oligo,0.09096122,-0.3172876
205589,Vip,-0.34682217,0.044030428
270325,L2/3 IT,0.2761544,0.18945205
100021,Astro,0.08557516,0.20284724
219728,L6 IT,-0.4477714,0.056987405
26651,Endo,0.4176234,0.04399866
161574,L6 CT,0.16302711,-0.24440083
229764,Oligo,0.02904743,-0.0004994273
160735,L5 ET,-0.08795187,0.17390764
56752,L2/3 IT,0.21661866,0.31549996
275603,L2/3 IT,0.31202543,0.13231677
27115,L2/3 IT,0.09312415,0.3618142
56787,Oligo,0.04330331,0.21263075
160785,L2/3 IT,0.2676205,0.17688125
160804,L2/3 IT,-0.1764206,0.35966378
27082,Astro,0.24009258,0.28154665
160857,Sst,-0.22078973,0.050563216
248200,L6 CT,-0.1790568,-0.017264128
27066,Vip,0.068926394,0.24523693
103001,L4/5 IT,0.18203396,0.25720143
275613,Endo,0.1979751,0.3362921
233416,Oligo,-0.19194776,0.1598965
252558,Oligo,-0.15840653,-0.15794176
1940,L5 IT,0.16072017,0.15481067
8266,L6 CT,0.19139564,-0.15435264
56850,Oligo,0.28971094,-0.1857447
27046,L2/3 IT,0.08989501,0.3747316
252551,Micro,0.14849138,0.17141116
270520,L6 CT,0.22752398,-0.21946314
204720,L6 CT,-0.23573855,-0.048965454
204727,L6 IT,-0.3354047,0.02671951
102889,Oligo,0.059905946,-0.25028098
103107,L6 CT,0.24498999,-0.34333932
102883,L4/5 IT,0.15362585,0.21496451
103125,OPC,0.34023404,-0.1509355
185420,L6 CT,0.23616487,-0.38956136
27287,L4/5 IT,-0.058513284,0.26676124
160472,Oligo,-0.18403044,0.30048007
244926,Micro,0.22270459,0.39949328
56497,Endo,0.321303,0.1010443
278924,Oligo,0.1471234,-0.29969987
103510,Sst,0.22511464,0.2864647
160530,L5 IT,0.0021358728,0.15376896
1990,PVM,0.059027076,0.20920438
160556,L6 CT,0.26129532,-0.32456973
103433,Oligo,-0.017440796,-0.080064565
238391,L6 IT,-0.311262,-0.0034231842
204583,Astro,0.2323789,0.2946645
160563,L6 CT,0.18395013,-0.2153165
160578,Lamp5,-0.28247866,0.21886253
103289,Endo,-0.28031364,0.1926319
13334,Oligo,-0.05668801,0.29556966
103287,L6 CT,-0.07350367,-0.003829509
56629,Oligo,0.053985417,-0.26931942
16589,Oligo,-0.03787011,-0.22629726
27165,Oligo,-0.34824264,0.12301284
244914,Astro,0.08288437,-0.31285214
103234,L6 CT,0.16758353,-0.5
160676,L6 CT,-0.25838304,0.03404832
13329,L6b,0.15313768,-0.2618726
248198,Peri,0.15648544,-0.08109325
160711,Micro,0.22744405,0.31300312
102842,PVM,-0.29315373,0.29823202
102841,L5 IT,-0.19903252,0.17582607
161020,L6 CT,-0.17479762,0.005371213
248214,L4/5 IT,0.028038144,0.2215783
102248,L6 IT,-0.07676262,-0.25507236
102218,L4/5 IT,-0.1638124,0.32439363
161341,L6 IT,-0.09112254,-0.110735
185226,L4/5 IT,0.36737227,-0.036487043
219776,Endo,-0.37501764,-0.09384948
236202,Endo,-0.38497385,0.1507476
161369,Oligo,0.036611795,-0.26966825
238418,Oligo,0.0021018386,-0.044478893
57207,L6 CT,-0.112782925,-0.010123342
57238,L6 CT,-0.0918493,0.00161618
8332,L6 CT,-0.09518561,-0.08431557
101998,L2/3 IT,-0.22578165,0.34941918
101986,L4/5 IT,0.37877214,-0.11185104
101897,L5/6 NP,0.20895445,-0.09294781
101888,Micro,-0.22569111,-0.07121688
185184,L4/5 IT,0.32132697,0.07361144
161524,Micro,-0.16274938,0.20048422
205030,L6 CT,-0.20904157,0.09551966
185168,L2/3 IT,0.23736262,0.29595208
233408,Micro,0.027023315,0.22366667
101682,L2/3 IT,-0.2826511,0.34531653
57369,Sst,0.3057214,0.085113466
229927,Peri,0.025457382,0.4244547
205108,VLMC,0.11716348,0.43867552
57153,Peri,0.07509357,-0.09792143
252477,Astro,0.27244127,0.2177704
57145,Micro,0.16280037,0.21309757
219787,Endo,0.24896824,0.23030329
161023,L2/3 IT,-0.13759187,0.34854865
229821,PVM,0.08561897,-0.30019554
204761,L2/3 IT,0.112971425,0.34115368
13315,L2/3 IT,0.14917809,0.3282296
102759,L6 CT,0.1198954,-0.16327983
204772,L5 ET,-0.2588505,0.13149345
102668,Endo,-0.13585442,-0.18098977
102650,L6 CT,0.1415419,-0.11004409
56970,Endo,0.24689281,0.29189754
1919,Pvalb,0.14935488,0.24585432
102618,Pvalb,-0.22899723,0.24587095
16613,L2/3 IT,-0.252631,0.36848247
16571,Endo,0.19394654,0.4022209
240750,Endo,0.1858201,0.30006027
57018,L5/6 NP,0.34276593,-0.15863073
102515,Astro,0.1375122,0.27307504
229857,L2/3 IT,0.049761593,0.3541481
102459,L5 IT,0.2752837,-0.19328758
102449,L2/3 IT,0.06417006,0.38386345
57085,L6 CT,-0.10128632,-0.10972041
219804,L6 IT,0.25271243,-0.22402737
102398,L2/3 IT,0.21625549,0.34181553
242469,Sst,-0.36377543,0.12463707
185243,VLMC,0.45541036,0.090669155
102315,Pvalb,-0.20102963,0.24247378
57125,L4/5 IT,0.113101184,0.20844269
57009,L5 IT,-0.051714152,0.19769698
104086,Pvalb,0.058256984,0.15876466
54010,L5 IT,0.12056953,0.15859544
27506,Astro,0.097283244,-0.31290507
112203,L5/6 NP,0.19293219,-0.0037745833
52028,L5 IT,-0.18176645,0.18765491
155127,Endo,-0.3904221,0.14033926
155108,Lamp5,-0.04626268,0.43499798
155089,L2/3 IT,0.21686524,0.31291842
155079,Endo,0.10817969,0.10073167
112271,Endo,0.21428919,0.03443855
155060,L6 CT,-0.22824806,-0.042686313
245491,L5/6 NP,0.3390805,-0.19421753
51950,Sst,0.05910498,-0.03257096
228788,Peri,0.30870336,-0.101249576
221396,Astro,-0.12260759,0.3364253
201540,L2/3 IT,0.06915623,0.36427027
275035,L5 IT,0.36276644,-0.13443673
112390,L4/5 IT,0.36148512,-0.065978795
221424,L5 ET,-0.043715566,0.1525898
154976,L6 CT,-0.35253102,0.098255575
154946,L2/3 IT,0.1591782,0.29572457
201503,Endo,0.34060824,0.2936597
52043,Oligo,-0.34838393,0.07868856
201631,L6 CT,0.20285648,-0.23657611
112188,Oligo,-0.2259253,0.1662646
155150,L5 IT,0.024203002,0.1451866
260999,L6 CT,-0.0011335015,-0.03759682
111883,Astro,-0.25983977,0.3701983
187146,L6 IT,-0.09627995,-0.05886194
111898,L6 CT,-0.0057379603,-0.05362144
2462,L6 CT,-0.13989842,-0.051025778
201722,PVM,-0.42309067,0.103079736
155302,L6 CT,-0.057902157,-0.08116886
247888,L6 CT,-0.19317204,-0.043571472
112004,L6 IT,0.1012947,-0.17082077
7219,L4/5 IT,0.061144352,0.19877803
112017,Endo,0.25261885,0.29978383
7290,Astro,0.19878644,0.046143055
7289,Astro,-0.25690275,0.38501573
260960,Astro,0.042093277,-0.25944686
52110,L4/5 IT,0.12888288,0.22469312
155196,L2/3 IT,0.019898176,0.31832862
228808,Oligo,0.22504354,-0.23841473
260951,L2/3 IT,-0.20511478,0.36045855
112147,Oligo,-0.18286872,0.08448511
187215,Oligo,-0.14491668,-0.1889537
112031,L6 CT,0.058464646,-0.1479491
30320,L5 IT,-0.2162402,0.22607493
154931,Peri,-0.10942733,-0.09173861
7214,OPC,-0.18108398,0.22282976
51687,L6 IT,0.014587402,-0.073231995
112889,L5/6 NP,0.32713765,-0.1834591
154604,Astro,-0.42045623,0.09599137
277594,Oligo,0.006778121,-0.2310479
112953,Endo,0.12777126,0.17499834
187413,L2/3 IT,-0.18904233,0.36725283
51640,VLMC,0.29677445,0.34627497
260807,Endo,0.2399677,0.37302595
30511,Lamp5,0.24204004,0.30881774
154635,Endo,0.09961414,-0.23988694
238182,L6 CT,-0.17916405,0.10871971
201320,Astro,0.11023891,-0.3341898
240977,Astro,-0.020496517,-0.20025277
51569,Peri,-0.2319057,0.34018862
7131,L5 IT,0.21336198,-0.037487745
154430,L6 IT,-0.1206449,0.04993075
274955,L6 IT,-0.03659433,0.014598012
113155,L4/5 IT,0.2354443,0.11919093
274951,L4/5 IT,0.33756554,0.0021740198
154379,Endo,0.2577166,0.3413204
112997,L2/3 IT,-0.37908196,0.2658407
155400,L6 CT,0.20219356,-0.25735122
30465,Micro,-0.2587881,-0.007815063
112856,Astro,-0.31109977,0.007677436
112519,Oligo,0.12418276,-0.30862266
154914,Pvalb,-0.15966076,-0.11225283
112526,L6 IT,-0.39924768,-0.014615685
112527,L2/3 IT,-0.26498228,0.39489073
228768,PVM,0.22087765,0.34524858
253612,L2/3 IT,-0.009894669,0.36552316
247857,L2/3 IT,0.15627074,0.300699
154856,Oligo,0.017970681,-0.1919412
154855,Oligo,0.05556321,-0.2426143
51701,L5/6 NP,0.20160943,-0.036206335
51810,L4/5 IT,0.10081017,0.22685754
201457,Oligo,0.17643344,0.19934922
112656,Endo,0.38318002,0.09940004
154837,L6 CT,0.26315337,-0.34013802
234272,OPC,0.18662775,0.34438366
51772,L6 CT,0.24766088,-0.29945803
236629,L2/3 IT,-0.30921876,0.30188257
201394,L6 CT,-0.21165952,0.10231191
154716,L5 ET,-0.11160064,0.19191784
260841,L2/3 IT,0.22330648,0.32704931
154852,L5 ET,-0.19599256,0.19887143
201280,L6 CT,0.23949575,-0.14996794
271335,Astro,0.11849254,-0.24215043
155405,L4/5 IT,-0.017405003,0.28316367
156191,Pvalb,-0.33644843,0.19758111
110699,SMC,0.21555138,0.25576735
52843,L2/3 IT,0.16518229,0.33739907
110719,L2/3 IT,0.20486796,0.30879617
29646,L6 IT,-0.2524835,0.04665935
110748,Endo,0.20567077,-0.18137026
52802,Oligo,0.24326342,-0.22304383
245373,L2/3 IT,0.4096235,0.1049096
253374,Micro,0.36249465,0.07892436
253375,L6 CT,-0.24682924,0.12028223
279942,Oligo,0.07199168,-0.25126395
261231,L6 IT,0.23368353,-0.0842382
52761,L2/3 IT,-0.2053586,0.3761229
186927,Endo,0.13245982,0.23126388
186931,VLMC,0.49042982,0.08503163
202086,L6 CT,-0.24378103,0.07321727
245375,Pvalb,0.046111763,-0.1011394
186937,Endo,0.4187141,0.08702505
29708,L4/5 IT,0.27414608,0.013253987
228980,L6 CT,0.050745726,-0.085069865
239565,Astro,0.18085778,0.39323848
110596,Astro,-0.10571957,0.33735865
202187,L5 IT,0.35317498,-0.14969742
261283,L6 IT,0.11009824,-0.16140467
156415,Vip,-0.25757074,0.43237424
156413,L6 IT,-0.065206856,-0.004031718
110405,PVM,0.20572817,-0.23165023
29538,Vip,-0.030111432,0.35355556
156393,PVM,0.20716733,-0.23471606
156385,L2/3 IT,0.3111009,0.13469642
52990,L2/3 IT,0.14587635,0.28526628
52983,Astro,0.24673325,0.23491311
155970,L4/5 IT,0.025817335,0.20664102
52981,L6 CT,-0.26945257,0.05998838
275201,Oligo,0.16082644,-0.37494773
186844,L2/3 IT,0.2595932,0.13043916
186852,L6 IT,-0.29835075,-0.007813185
261258,Endo,0.06979978,0.22550589
110532,L4/5 IT,0.12987924,0.21500576
247948,L5 IT,0.23854208,0.018468142
2358,L4/5 IT,0.13630086,0.14618826
52902,Peri,0.26847005,0.2973522
202192,L2/3 IT,0.11544448,0.22280878
110478,Endo,-0.36094165,0.15362269
29744,L5 IT,0.016717851,0.14287454
155938,SMC,-0.098365694,-0.1863192
228928,L6 CT,-0.3540469,0.04234761
111322,Oligo,-0.022980273,-0.24879462
155666,L6 IT,0.030566454,0.10384971
187060,L6 IT,-0.14842635,-0.13851643
261112,Oligo,0.01470536,-0.17097887
201879,L6 CT,0.03330332,-0.14454538
29970,Vip,0.21465373,-0.15822223
238243,L6 CT,-0.0015781522,-0.16899279
111490,VLMC,0.15918076,0.4281636
30016,Peri,0.14217192,-0.3482545
221170,Peri,0.25477558,-0.24126405
52367,L6 CT,-0.20960748,0.041766346
155472,Astro,0.058311105,0.21416086
111709,L4/5 IT,-0.20934677,0.2587288
30032,L6 CT,0.023147821,-0.063265175
30037,Oligo,0.036582947,-0.18804008
271319,L6 CT,0.21343905,-0.31794053
271325,L2/3 IT,0.15389717,0.32181984
111764,Astro,0.06537324,-0.3049232
111787,L4/5 IT,0.09114683,0.20287406
271331,L6 CT,-0.32327053,0.13898009
111578,L5 ET,0.0009768009,0.08816749
155403,Pvalb,-0.21179181,0.2874797
111277,L5 IT,-0.015607983,-0.013203204
228892,L6 IT,-0.39940795,0.016376257
16264,VLMC,0.17435169,0.4211734
111006,VLMC,0.17285347,0.39130926
155868,Oligo,0.13653058,-0.32823184
111086,Oligo,0.08120459,-0.2161513
245392,L4/5 IT,0.4158656,-0.067962825
155833,L4/5 IT,-0.04736051,0.26179957
155830,L4/5 IT,0.34542388,-0.051671058
52617,Endo,0.26469874,0.31296366
155815,L5 IT,-0.0103138685,0.07086712
155697,L5 IT,0.20703131,-0.040718794
7354,L2/3 IT,-0.21333346,0.3196317
111139,Peri,0.1507461,-0.030913025
221150,L6 IT,-0.32972556,0.0984506
271254,PVM,-0.09663898,-0.028590977
201959,Endo,0.10094857,-0.2723137
111228,Micro,0.23323053,0.2819807
155732,L4/5 IT,0.13371193,0.1542911
155719,Oligo,-0.32308257,0.16657448
29886,Pvalb,0.07478428,-0.122671396
234291,L6 CT,0.19317454,-0.22348666
253473,Oligo,-0.17528808,0.21657276
53056,L6 IT,-0.2109873,0.058180273
113200,Peri,0.17292303,-0.17887023
154298,L2/3 IT,0.189515,0.28203684
153057,L6 IT,-0.2833377,0.07592803
31315,L2/3 IT,0.36477405,0.14299142
14064,Pvalb,-0.39622515,0.08226204
153026,Peri,-0.14125621,0.30040795
260383,Endo,0.31102127,0.32665795
50363,L4/5 IT,0.36020595,0.027899921
221921,Oligo,0.13067597,-0.32079482
115432,PVM,0.24650341,-0.09239653
271651,L2/3 IT,0.13562864,0.3577413
115439,Endo,0.09598273,0.18729377
50329,Oligo,-0.29700735,0.02255416
260369,L6 IT,-0.14002636,-0.047201663
200527,Oligo,0.11144358,-0.33840352
115533,L2/3 IT,0.09166795,0.3651203
115549,Oligo,0.1060437,-0.2757541
200509,Peri,0.0676955,-0.2586044
115558,L6 CT,-0.12822893,0.023882985
200499,Endo,0.17474645,0.19440979
14073,Micro,0.1357007,0.11743939
153065,Micro,0.30930597,-0.06131378
221895,Endo,0.076274335,0.15706336
115266,Endo,0.10323912,0.16386986
50433,L2/3 IT,0.23528576,0.22410494
50639,Endo,0.21024448,0.27143878
253862,L2/3 IT,0.050970733,0.3056075
153291,L5 IT,0.08944005,0.17586207
221808,OPC,0.11974454,0.15027708
260446,Oligo,-0.29798132,-0.1141341
200669,L6 CT,0.10600704,-0.10037866
221823,L6 CT,-0.22654796,0.08390552
115001,L2/3 IT,0.37330258,0.039511442
31216,L6 CT,-0.26313314,0.030737638
253918,L2/3 IT,-0.17552307,0.34299475
187906,L2/3 IT,-0.24459133,0.3181967
153212,Endo,-0.13257104,0.35733783
221833,L4/5 IT,0.31760514,0.0700115
115054,L5 IT,-0.09822148,0.13487571
153180,Sst,0.16133928,0.12981218
31255,L5/6 NP,0.25654238,-0.09000191
50522,L2/3 IT,0.14097506,0.2605942
50511,L4/5 IT,-0.20166212,0.27959263
153082,Sst,0.08130437,0.17805922
260408,Vip,0.25506407,0.33717102
153216,Peri,0.20362264,0.30914634
31393,Astro,-0.1753087,0.41096926
271677,L2/3 IT,0.11949611,0.23941684
187981,Micro,0.17586547,0.28069627
115939,L6 IT,-0.1554228,-0.13577947
200383,L4/5 IT,-0.24464118,0.27041447
115967,Oligo,0.077059984,-0.32331318
31504,Oligo,0.10663158,0.1567688
188037,L6 CT,-0.26816815,0.10210019
152673,L6 CT,0.023972511,-0.04534173
50068,Astro,0.33994776,-0.14947975
116071,L5 IT,-0.13680443,0.2024377
50047,L6 CT,-0.08811766,-0.089390755
152703,L6 CT,-0.15757245,0.112139404
247703,VLMC,0.33206254,0.3309232
31542,Oligo,-0.069197595,0.2577157
188071,Endo,0.23767668,0.313666
200298,L5 ET,0.2751987,-0.054947287
49982,L6 CT,0.2031967,-0.23542097
188085,L2/3 IT,0.13437611,0.27983975
31571,L6 IT,-0.2777245,0.042024553
200292,L2/3 IT,0.0044056773,0.3111922
49964,Oligo,0.05015993,-0.26518282
116224,Endo,0.21228492,0.30806035
152591,Micro,0.005759418,0.014039278
50656,L6 IT,-0.18376604,-0.07533178
115920,Oligo,0.19252741,-0.20566747
247712,L6b,0.15943217,-0.33118647
238122,L4/5 IT,0.036665976,0.15240705
279171,L4/5 IT,-0.1175918,0.23237956
115666,SMC,0.24637127,0.34905887
115668,Oligo,-0.28118703,-0.09204283
188015,Astro,0.042895615,0.21067137
152821,Peri,0.12298751,-0.33587712
6836,Astro,0.0002514124,-0.13305768
271682,Astro,0.15258533,-0.17237025
115728,Oligo,0.13942015,-0.024954706
228417,L6 CT,-0.06524366,-0.102914214
152806,L5 IT,-0.11217031,0.19289857
115759,L6b,-0.29372227,-0.09118199
152805,Astro,0.3656425,0.06946653
31460,L6 IT,-0.34915727,0.03875327
115784,L6 CT,-0.0034081042,-0.033518195
115824,Micro,0.15866631,0.09751624
152752,Astro,0.22404999,0.2001217
115854,L6 IT,-0.20430079,0.08792591
152733,Endo,0.21493512,0.3367567
50143,L2/3 IT,0.085119545,0.34984142
221961,PVM,0.24240822,0.33595914
154307,Astro,0.015732527,-0.2256945
114869,L5/6 NP,0.15267289,-0.024067968
114840,L2/3 IT,0.20035022,0.2872365
154028,L6 IT,-0.2597807,0.09840542
187600,Peri,0.21146965,0.12937659
221645,L4/5 IT,0.3830768,-0.0725193
30793,L2/3 IT,0.2335304,0.30233735
154010,PVM,0.33875406,0.29348564
30803,Endo,0.3820876,-0.182857
30811,L2/3 IT,0.15957284,0.32597882
260664,Endo,0.22018486,0.1359508
260654,Astro,0.134233,0.23118275
13974,Endo,0.21402264,0.31728107
113813,L5 ET,0.3780719,-0.19261321
51121,L2/3 IT,0.20852286,0.39555293
2579,Astro,0.26130688,0.30632693
201064,L6 CT,-0.36650765,0.082386434
7007,Endo,0.17896837,-0.11407873
153942,L4/5 IT,-0.21771842,0.28089935
221664,L5/6 NP,0.344702,-0.11919883
221666,L6 IT,-0.22139323,0.16727191
113963,L2/3 IT,0.32044667,0.120918274
154101,L6b,-0.168854,-0.14970887
30762,L5 IT,-0.0085142255,-0.041722268
51228,L2/3 IT,-0.18856886,0.39553195
201155,Micro,0.32417965,-0.09215301
51452,L4/5 IT,0.29194725,-0.04699877
2545,L2/3 IT,-0.23515934,0.40145856
7089,Astro,0.31167126,-0.16204593
221573,L2/3 IT,0.064688504,0.26756042
221575,Peri,0.029993832,0.19659948
233540,L2/3 IT,0.32420158,0.17694438
51341,L6 CT,-0.21770212,0.08083296
154180,Oligo,-0.08535269,0.027124345
113496,Pvalb,0.3393469,0.012956142
51072,L6 CT,0.14025295,-0.19752625
154175,Oligo,0.0076429844,-0.23961926
247816,L6 IT,-0.35819975,-0.04841894
221622,PVM,-0.1790205,0.21507269
113562,L6 IT,0.23370266,-0.4204209
30721,Peri,0.13783437,-0.33700806
154136,OPC,0.16124475,-0.2697516
260702,L5 IT,0.17883056,0.09782344
51249,Sst,-0.039794594,0.18892545
274934,L6 CT,-0.2885568,0.04869604
201170,Sncg,-0.2586337,0.36706066
201194,Endo,0.13833672,-0.036227256
236699,Peri,-0.07690331,0.24161988
153919,Peri,0.088896394,-0.30425066
153901,L5 IT,-0.27914417,0.24211669
260564,L4/5 IT,-0.12190783,0.2373001
153621,L4/5 IT,0.28756922,0.08297402
153553,Oligo,0.052567303,0.14981788
200857,L2/3 IT,0.09915775,0.38855684
200842,Pvalb,-0.28339666,0.32408392
114554,L2/3 IT,-0.005391717,0.39417517
114569,L6 IT,0.009636164,-0.028619975
200801,L5 IT,0.16706413,0.109592795
2649,L2/3 IT,0.13774115,0.2865249
31007,Sst,0.18507653,0.29919338
187808,L2/3 IT,0.12716717,0.31873518
200793,Pvalb,-0.16427293,0.15987468
260514,Micro,-0.12027788,0.26395285
260496,Endo,-0.15925336,-0.14184433
200758,L6 IT,-0.34618622,0.034827054
50693,L4/5 IT,0.18375039,0.17516947
221781,Oligo,0.050597966,-0.29857504
114814,L6 IT,-0.041775316,-0.20931572
50676,VLMC,-0.22322038,0.4158461
200730,Endo,0.19971383,0.1696654
114695,L4/5 IT,0.3467452,0.016911566
228561,L5 IT,0.30261785,-0.10219404
114457,Astro,0.31450146,-0.050120562
114436,L6 IT,-0.40160513,0.058585644
114015,Oligo,0.279737,-0.28186387
51053,L2/3 IT,0.1574865,0.27587873
201014,L2/3 IT,0.2835335,0.28809917
153876,L4/5 IT,-0.038847387,0.27352434
6991,PVM,-0.006738305,-0.22353029
271553,L4/5 IT,0.38716424,-0.06926414
228611,Oligo,-0.14564201,0.20142311
260603,Endo,0.1215533,0.13505733
2597,L4/5 IT,-0.16324446,0.29482305
253803,Oligo,0.013350129,-0.20369744
30931,L2/3 IT,0.3042202,0.20415819
114221,L2/3 IT,0.21290481,0.29006344
30950,Endo,0.036815703,0.24495667
221713,L5 ET,0.34212053,-0.16035339
228603,L2/3 IT,0.12512529,0.28337592
187688,L6 IT,-0.1074062,-0.12979943
50931,L6 CT,0.14809167,-0.16308308
153721,Peri,0.022611797,-0.27909842
6979,L2/3 IT,0.13198882,0.26901984
153695,L5 IT,0.054701626,0.19623822
247773,Astro,0.2573545,0.33510047
238261,Endo,0.13271987,0.17651415
253327,Astro,0.2049002,-0.11863023
275212,L6 CT,-0.1797292,-0.084748864
261997,L6 CT,0.2214542,-0.27640745
55231,L2/3 IT,0.27989483,0.097853124
106081,Oligo,0.016640067,-0.21235648
229389,L2/3 IT,-0.1966984,0.42110646
7921,L6 CT,0.12290293,-0.14948007
158879,Astro,-0.33105657,-0.0060961843
278987,Oligo,0.021487713,-0.061932802
242373,Endo,0.2782004,-0.119381994
55149,L2/3 IT,0.034451485,0.36559415
158779,L4/5 IT,0.065849304,0.22820717
186057,Astro,-0.19269192,0.07465577
106205,SMC,0.18684292,0.36726058
234406,L2/3 IT,0.1760289,0.26905686
240844,L4/5 IT,0.07699174,0.19531977
106241,Oligo,0.06517404,0.15179074
158761,L5 IT,0.14318317,-0.06481102
229374,L6 CT,0.009576857,-0.05830446
158744,Endo,-0.24784413,0.1446042
252897,L6 IT,-0.16176435,0.12836915
106029,L5 ET,0.27087617,-0.119717926
55244,Oligo,0.322497,0.0071486235
7934,L6 CT,0.03736198,-0.11463931
105989,L2/3 IT,-0.20355803,0.3581077
28050,Astro,0.33557713,0.2356093
262063,Oligo,-0.07509887,0.07835138
262058,L4/5 IT,0.27905273,0.011069238
270815,L5/6 NP,0.1824916,-0.15319389
2117,L6 CT,0.2326656,-0.3094163
7963,Oligo,0.15950257,-0.32687333
275446,Oligo,-0.046166003,-0.23600063
159057,Oligo,-0.009101421,0.16664302
105828,Astro,0.27554792,0.25371605
106294,L6 IT,-0.36247706,0.014275134
55347,L6 CT,0.08869314,-0.20538637
55343,L6 IT,0.023983657,-0.09800616
220386,L2/3 IT,-0.23308372,0.35707533
13478,L6 IT,-0.24472463,0.08659959
229428,Pvalb,-0.24315557,0.350928
105887,L2/3 IT,0.4113872,0.051942825
28141,L5 IT,-0.261627,0.22867298
55286,Oligo,-0.16042829,0.15657765
105952,Vip,0.38254458,-0.13688397
28148,Endo,0.11490846,-0.15312186
262027,PVM,0.19170642,0.13189632
229370,L2/3 IT,0.35933036,0.19923449
28258,L5 IT,0.282363,-0.088947505
55028,L2/3 IT,0.09631497,0.38136572
106777,Micro,0.07460606,-0.055643886
186098,OPC,0.02223593,-0.23315969
106852,SMC,-0.14276081,0.3026917
28374,L2/3 IT,0.22445369,0.26199698
106877,L5 IT,-0.013789296,0.16400617
236406,Endo,0.008715212,0.37591034
245152,L6 IT,-0.10768965,-0.098193735
158511,Astro,0.13552517,-0.3311625
158420,L2/3 IT,0.03823018,0.39886886
261878,Endo,0.04541421,-0.27300966
54746,L6b,-0.28753358,-0.068181366
54731,L2/3 IT,0.20540512,0.29207504
28442,Astro,0.06643629,0.40793025
261841,Micro,-0.32974353,-0.059318334
220533,L4/5 IT,-0.0973973,0.28107297
54695,L6 CT,0.20937794,-0.17844513
107068,Endo,0.1326136,0.17401975
220541,L6 IT,-0.33706045,0.11434835
2205,Oligo,0.13016725,-0.30996206
220553,Endo,0.20193249,0.3353243
28430,L6 CT,0.24258685,-0.22098306
28037,L4/5 IT,-0.09954107,0.3103189
220513,Oligo,-0.419508,-0.046349406
261883,L2/3 IT,-0.19844204,0.4229154
252903,L4/5 IT,0.08476436,0.22526413
106406,L2/3 IT,0.3173201,0.19017899
158696,Sst,0.33445972,-0.0752165
7864,L5 IT,0.10266608,0.11947131
106423,L6 CT,0.0014050007,-0.06243974
158652,L2/3 IT,0.18488133,0.31522983
54987,Endo,0.1101284,0.15098202
252908,L2/3 IT,0.19676638,0.17631137
106472,L4/5 IT,0.039779305,0.2791561
106750,L2/3 IT,0.23276043,0.29700893
158644,Endo,-0.10503942,0.31131107
106566,Oligo,-0.032666564,-0.23560947
106591,Peri,0.07404941,0.34328562
28310,Oligo,-0.34116906,0.00022691488
203485,Oligo,0.16711038,-0.059725076
54894,Oligo,0.046099722,-0.29589677
13535,L5 ET,-0.16243425,0.10191953
106707,L6 CT,0.20421934,-0.39006412
158582,L6 CT,0.103331566,-0.031116933
7855,VLMC,0.23268121,0.38119924
261917,Peri,0.31719148,-0.14738601
28505,L5 IT,-0.24563476,0.19904953
105693,L6 CT,-0.18483976,0.14051247
185906,Astro,0.002737999,-0.14881235
159791,Sst,0.23157454,0.34261864
8096,L5 IT,-0.2666635,0.11055082
159750,PVM,-0.11924937,0.048024714
27675,OPC,0.12945902,0.19382346
204173,VLMC,0.347071,0.3213423
104604,L2/3 IT,-0.21436495,0.40496677
204160,L4/5 IT,0.3663683,-0.022684038
229565,Oligo,0.12608051,0.16118354
204132,L6 CT,0.2589066,-0.3143527
55907,Astro,-0.3029183,0.2805711
104699,L6 CT,-0.12277219,-0.003569603
262227,L5 IT,0.04915583,-0.0017374754
104732,Lamp5,0.22541583,0.33324605
104742,Oligo,0.39887094,0.0019698143
185775,L2/3 IT,0.37385005,0.15403563
27731,L4/5 IT,0.39686173,-0.07589215
55828,L6 IT,-0.21169916,0.116295874
104796,L4/5 IT,-0.3125494,0.27061576
204066,L5/6 NP,0.23336738,-0.034252495
104479,Astro,0.12258291,-0.2877202
262275,PVM,-0.18429229,0.28474128
27624,L4/5 IT,-0.16080865,0.34077573
56046,L6 CT,-0.14700133,0.051632345
262350,Oligo,-0.1495378,0.29736602
104121,Astro,-0.047528327,-0.044778794
204340,Sst,0.33278143,-0.111883014
229596,Astro,0.14709026,0.1339202
56169,Astro,-0.36197448,0.1132822
104188,Micro,-0.037262052,-0.16471314
104200,L5 IT,0.27331525,-0.082030356
262312,L6 CT,-0.06561923,-0.042649448
104277,Astro,0.2359873,0.3964975
104842,Pvalb,0.0685032,-0.00429976
56121,L6 CT,-0.05622512,-0.08684006
233439,Sst,0.1393466,-0.07992014
27592,L5 ET,-0.056693047,0.22954798
159901,L5 ET,-0.11980489,0.096200645
27600,Oligo,-0.029417992,-0.27184165
159877,L4/5 IT,0.35991782,-0.068440765
104385,L2/3 IT,0.20040774,0.28488487
159824,Endo,0.37462777,-0.20618764
238369,L2/3 IT,-0.13064665,0.4012192
204238,L6 CT,0.013117254,-0.08854151
56114,L2/3 IT,0.3097902,0.078513086
159571,L6 CT,-0.14481023,-0.01760009
220217,Micro,0.23665953,0.13841915
242428,Oligo,-0.11111888,-0.122736156
55583,L6 CT,-0.05900824,0.015022874
252830,Vip,-0.3360555,0.007766843
159361,Micro,0.34673154,-0.022561252
27907,L2/3 IT,0.11521596,0.27053308
27912,L2/3 IT,0.1964044,0.33207393
105347,Peri,-0.19475406,0.18550974
159340,Endo,0.111855924,0.13160378
159336,L5 IT,0.29174745,-0.043322742
159332,L6 CT,-0.34806532,0.111907184
105269,Oligo,0.14802182,0.012538195
203862,L4/5 IT,-0.12427342,0.27719027
105413,Oligo,0.09957737,-0.29213423
159278,Astro,0.22893965,0.13576299
105452,L6 CT,0.07601571,-0.17235553
105501,Lamp5,0.33286226,-0.19370896
55504,Sst,-0.19920442,0.09917134
185889,L2/3 IT,-0.20708343,0.39113635
55482,L5 IT,-0.0016504228,0.10000843
159190,L2/3 IT,0.18079221,0.27259642
105616,Astro,-0.36120677,0.0772146
185871,L2/3 IT,0.31258786,0.27686423
55436,L2/3 IT,-0.235737,0.3557878
105238,L2/3 IT,0.39793324,0.15853387
245052,L4/5 IT,-0.16148683,0.28148973
104855,L5 IT,-0.1650132,0.2226106
104896,Oligo,0.05272734,-0.2973855
55772,OPC,0.2214064,-0.18404809
275507,L6 CT,0.25527805,-0.3108036
204055,L5 IT,-0.23425922,0.16207618
55746,L5 IT,-0.094524205,0.1837588
104939,L2/3 IT,0.20199358,0.32666594
104983,L2/3 IT,0.21260881,0.27115083
252805,L6 IT,-0.26012745,0.08547509
27892,Micro,0.34752774,0.21131301
204011,L6 CT,0.02446556,-0.0780122
159440,SMC,0.40220642,0.15530872
159434,Astro,-0.18324098,0.115426004
105059,Endo,-0.31542844,0.17245513
105076,L2/3 IT,0.08845115,0.28806585
159428,L5/6 NP,0.057409167,-0.013221204
220276,Endo,0.24469501,0.2630002
159419,L6 CT,-0.12025604,0.020809412
159392,L4/5 IT,0.3770166,-0.044242054
16493,Endo,0.07401252,-0.29222256
203993,L2/3 IT,0.1829133,0.23950338
107228,Oligo,0.06575346,-0.24456114
220568,Oligo,-0.056917846,-0.062604845
107250,Micro,-0.036474288,0.38622135
157202,Astro,0.22386605,0.17050028
202649,L4/5 IT,-0.09964961,0.26973128
157158,Astro,0.27581626,-0.19105789
157156,VLMC,0.40229404,0.21534717
261489,Oligo,-0.096195996,-0.21999899
109240,Sst,0.3105877,-0.007112354
234333,L6 IT,-0.22115847,-0.03544116
29190,L2/3 IT,0.22635573,0.23149616
229105,L2/3 IT,-0.027979195,0.30454588
109294,L5 IT,-0.17718217,0.21181262
109333,OPC,0.29050273,0.025478184
29212,Vip,-0.18106282,0.26771045
109375,L6 CT,-0.050863683,-0.051624745
186583,L2/3 IT,0.31172287,0.23748207
109385,L6 CT,-0.19719687,0.114222705
53514,L6 CT,0.20866448,-0.19831422
109388,L6 CT,0.029137254,-0.06157145
53505,Peri,0.06006652,-0.26073518
109405,L6 CT,-0.20552325,-0.082823634
109111,Micro,0.14405686,0.31459582
271052,L5 IT,0.22107804,-0.06240076
13681,Oligo,-0.08848736,-0.22191119
109097,L6 CT,-0.33594537,0.015830576
7632,L2/3 IT,0.11966437,0.32594806
261545,Oligo,0.18937331,-0.1681914
108804,Peri,0.08378297,-0.26507536
53770,Astro,0.23906761,0.36351037
53765,Oligo,0.24899656,-0.19877508
53748,L2/3 IT,0.13409948,0.2675364
108872,VLMC,0.2558822,0.37476337
233487,L5 IT,-0.059231788,0.15093958
261537,Oligo,0.0011768341,-0.26756623
29226,L6 CT,0.121783376,-0.084147125
53726,L2/3 IT,-0.18415436,0.4134372
157261,L2/3 IT,0.16650718,0.31957084
108970,L6 IT,0.25354236,-0.15752193
29085,L2/3 IT,-0.28111348,0.35488307
157224,Endo,0.30317038,0.19656104
220790,L6 CT,-0.16864455,-0.4170528
13663,Micro,0.296138,0.30812633
202688,L6 CT,-0.2955193,0.018112242
186519,L6 IT,-0.29342377,0.00947845
220794,Lamp5,-0.21064204,0.32095075
220777,L4/5 IT,-0.053563386,0.192316
109452,Endo,0.38064605,0.0048462152
7570,PVM,-0.22608575,-0.16616899
261426,Peri,0.041146874,-0.09200436
220952,Endo,0.40927237,0.17448956
156651,L4/5 IT,0.3734215,-0.06825808
253276,Astro,0.39606488,-0.035151273
109980,L2/3 IT,0.21794182,0.21042025
29394,Astro,0.1435687,-0.31786335
110023,L6 IT,-0.42034143,0.053251207
186744,L5 ET,0.16277409,-0.07624358
110050,Astro,0.09125644,-0.30359662
29396,L5 IT,-0.058042496,-0.09930831
109933,Endo,0.15238208,0.20360488
233496,Astro,-0.3980806,0.0056806207
271146,L6 IT,-0.34689724,0.05906558
13758,L2/3 IT,-0.08501223,0.31689328
110081,L4/5 IT,-0.09810349,0.3010739
110223,L6 IT,-0.26689512,-0.03156966
110226,Oligo,-0.31062713,0.15290618
13770,Astro,0.19778907,0.39324772
253310,L2/3 IT,-0.22344592,0.37069315
202283,L6 IT,0.29359025,-0.20324865
156502,Astro,-0.21791431,0.2318142
29415,L2/3 IT,0.18132645,0.276954
245248,Oligo,0.17740071,-0.35810947
109895,Pvalb,0.13342369,-0.17506447
13748,L2/3 IT,0.21394509,0.24984258
53456,Oligo,-0.053720355,-0.26299068
53454,VLMC,0.34904635,0.27884102
53440,L5 IT,0.20730788,0.015240133
202525,L4/5 IT,-0.21224532,0.25663728
2291,Peri,0.02588123,-0.07595411
156938,Endo,0.11566943,0.21021885
109576,L6 CT,0.2449246,-0.1997832
156918,Astro,0.16687626,-0.0047546625
109613,Oligo,-0.046032846,-0.18352145
109893,L6 IT,0.00091934204,-0.13310042
156827,Peri,0.013961554,-0.22502968
109675,PVM,-0.3990729,0.21392936
109686,L5 IT,0.086886466,0.1292082
109714,Lamp5,0.25733405,0.31294572
109738,PVM,-0.18720779,-0.13691401
202429,Astro,0.17330623,0.21715468
29343,L6 CT,0.059222996,-0.042378545
29344,L4/5 IT,0.2346785,0.093040824
261393,OPC,0.11053091,0.20741051
202413,Endo,0.2230376,0.32793278
109641,VLMC,0.14599955,0.42975342
108767,Endo,0.1232959,0.15960121
253132,L4/5 IT,0.36161423,-0.04019317
53826,L2/3 IT,-0.24252272,0.39543855
107756,SMC,0.27393514,0.36148888
107769,L4/5 IT,0.057161927,0.25526577
107771,L2/3 IT,-0.23419079,0.361409
107811,L5 ET,-0.1351442,0.18912655
157947,L6 IT,-0.19224146,-0.034716576
54271,Astro,-0.1415154,0.13653338
107871,Astro,0.08777249,-0.34307346
229242,L5 ET,0.3575319,-0.13498467
275347,L6 CT,0.11525875,-0.0025559962
158021,Oligo,-0.07490417,-0.243626
107895,Endo,0.28152716,0.22087085
107899,Lamp5,-0.38402018,0.09215379
157924,L4/5 IT,0.3596242,-0.046824634
202990,Pvalb,0.12900609,-0.0010879636
107973,Micro,0.21004844,0.33670634
186300,L5 IT,-0.03378901,0.20100403
186308,Astro,0.33272523,0.057116807
107992,L2/3 IT,0.16476905,0.2740122
238315,L6 CT,0.047581136,-0.06835529
108035,L6 IT,-0.26589328,0.04081613
157935,L6 CT,-0.21884021,0.015430331
220643,L2/3 IT,-0.20592916,0.37724668
2219,L6 CT,-0.38474724,0.020978153
158108,OPC,0.22876179,-0.18026379
107255,L6 IT,0.27159053,-0.13052496
203315,L5 ET,0.33720994,-0.09518847
107286,Sncg,-0.2376146,0.41304237
107338,Oligo,0.12714082,-0.3153245
203273,Oligo,0.036260486,0.1623708
203265,L6 IT,0.17372012,-0.10633573
54517,SMC,0.28646863,-0.18042812
234372,L6 CT,0.058422506,-0.0829536
261779,L2/3 IT,0.2803638,0.2149468
107654,L2/3 IT,-0.111062914,0.3298149
229279,L6 CT,0.2630536,-0.28547668
220606,Oligo,-0.0038054585,-0.26402453
253003,L2/3 IT,0.20811808,0.19359446
261741,L5 IT,-0.09510243,0.13775551
248054,L2/3 IT,0.10306871,0.24337465
54409,L6 CT,0.20509362,-0.3538587
242331,L5/6 NP,-0.3143561,0.2092557
203129,Micro,0.13845009,0.2624688
245182,L5 IT,-0.3460672,0.1991548
28601,Endo,0.045221448,-0.27216843
238324,Pvalb,-0.32649922,0.18747044
56210,L5 ET,0.22246289,-0.09723425
108037,Astro,0.25371045,0.3190512
108094,L4/5 IT,0.2393192,0.19414794
162672,L5 IT,-0.106764734,0.2285226
108424,Oligo,-7.504225e-05,-0.2532547
242298,L6 IT,0.20406884,-0.077798724
108434,L2/3 IT,-0.17009929,0.34283966
253092,L2/3 IT,0.15530759,0.28765035
108456,L2/3 IT,0.31540352,0.078044176
157555,L2/3 IT,0.25029182,0.25071985
234351,L5 IT,-0.23082286,0.20710242
229190,L6 CT,-0.04723257,-0.009927064
108418,SMC,-0.11845842,0.27977955
108476,L2/3 IT,0.15256375,0.31269443
28931,L2/3 IT,-0.24209726,0.3508603
277565,L4/5 IT,-0.05358395,0.18705004
108620,Oligo,0.013596892,-0.2557826
202814,L4/5 IT,0.005616665,0.1459372
108627,L6 CT,0.28422362,-0.21693206
108643,Oligo,0.14089876,-0.31611872
238302,Peri,0.13988703,0.14501661
157422,L6 CT,0.119645834,-0.07927534
28969,Sst,-0.029883742,0.2814116
186433,Oligo,0.03926462,-0.24391252
157793,OPC,0.1401146,-0.018083304
54025,Endo,0.17191362,0.37205327
28874,OPC,0.06339818,0.109591424
236468,L6 CT,-0.0034460425,-0.15822363
54159,L6 CT,0.13512069,-0.12504464
220657,L2/3 IT,0.11649597,0.32316566
7711,Oligo,-0.006471157,-0.1486882
275330,Micro,0.29104328,0.29717278
261656,L6 CT,-0.17280337,0.07932812
202943,L6 CT,-0.11817837,-0.054210216
108194,Oligo,-0.04488042,-0.006931156
157759,L2/3 IT,0.4414659,0.017386258
108411,L6 CT,0.25565988,-0.38063064
270988,L6 IT,-0.22239289,0.073954165
229216,L5 ET,-0.05709797,-0.25841027
245219,L5 IT,-0.05425188,0.13757545
202889,L6 CT,0.22302663,-0.36217982
54056,Oligo,0.0721789,-0.32569212
157642,L6 IT,-0.35799292,0.11874068
229209,L6 CT,-0.34878704,0.14845932
108360,Endo,0.36857247,0.061011434
261609,Endo,0.4029318,-4.6879053e-05
108384,Lamp5,-0.21243262,0.24290335
54109,PVM,0.405495,-0.11166024
233392,VLMC,0.14279139,0.38801438
183639,Vip,0.20781374,0.26177305
205686,PVM,0.40508348,0.06260836
80790,L6b,-0.18320909,-0.10998958
80793,L4/5 IT,0.12074417,0.2099157
80804,L4/5 IT,-0.114872456,0.33342713
80809,L6 IT,0.22073555,-0.05868104
250215,L6 IT,-0.32362133,0.09723383
20403,Lamp5,0.19530553,0.40519089
20411,L2/3 IT,0.12967962,0.2753966
12067,L6 IT,-0.4792647,-0.095687866
80973,L6 CT,0.08792955,-0.15603691
80999,Pvalb,-0.014607459,0.2161076
268650,PVM,-0.19579697,-0.0396581
243004,L6 IT,-0.20233941,-0.10223526
174217,Endo,0.1689148,0.2332406
20444,PVM,-0.30322725,0.22446042
67635,VLMC,0.31186014,0.31372422
81070,Oligo,0.040928185,-0.2749042
266302,Astro,0.071124256,-0.09755185
174201,L2/3 IT,-0.2328428,0.340357
268654,L5 ET,0.29069233,-0.071825236
67592,L2/3 IT,-0.15244228,0.39971477
174180,L4/5 IT,-0.13199046,0.31759733
180802,Micro,0.053022802,0.30334538
81189,Astro,0.35579145,0.26357508
243745,Astro,-0.27223647,-0.12232798
243744,VLMC,-0.04070115,0.49044633
216149,L6 CT,0.05708301,-0.21045798
234944,Endo,-0.21836692,-0.03034991
67963,Endo,-0.12095767,-0.12241781
80365,Micro,0.10951805,-0.23828301
268588,L2/3 IT,0.34558827,0.1543839
243724,L5 ET,0.26968175,-0.0544464
20252,L2/3 IT,0.26094574,0.2378766
17410,L4/5 IT,0.3905517,-0.07113004
80431,Oligo,-0.08995348,-0.2021788
243730,Micro,-0.30935997,0.066206396
180708,Oligo,0.10662335,-0.32272348
268591,L6 IT,-0.48361543,-0.018365443
232260,Oligo,0.34231865,-0.18776003
67566,Micro,-0.02111438,-0.25403294
266411,L2/3 IT,0.12456691,0.27493423
174451,Oligo,0.07670134,0.1388216
211946,L2/3 IT,0.32317048,0.1936714
17408,Oligo,0.16164011,-0.26410633
174438,L6 CT,0.019520938,-0.13449678
235445,Oligo,0.0003183484,-0.22957948
67865,L4/5 IT,0.33085352,0.01811421
211924,L2/3 IT,0.2903232,0.20524466
250167,L2/3 IT,-0.008882433,0.27838886
80651,Pvalb,-0.3115757,0.2843213
211906,Oligo,0.09184742,-0.30772588
80696,L5 ET,0.1686185,-0.06503117
174475,Endo,0.11124873,0.39097488
81223,Astro,0.14736158,0.34757763
20476,Micro,0.14193779,0.22197843
240371,L6 CT,-0.26878172,0.12895715
81570,Oligo,-0.29975334,0.03450036
81599,Peri,-0.016610384,0.16443074
211602,L4/5 IT,0.2563538,0.118923485
250290,Endo,0.058322668,0.2891783
593,SMC,0.063947916,0.15613163
594,L2/3 IT,0.27743453,0.20772833
173818,L4/5 IT,0.36834508,-0.042445123
67303,L5/6 NP,0.21709543,-0.027255446
216328,L5 ET,0.33541995,-0.15139872
173811,L4/5 IT,-0.33421785,0.18417782
216331,Astro,0.34657753,0.27692413
173864,L4/5 IT,0.046916068,0.21735919
81659,Astro,0.16394246,0.3887285
81708,Micro,0.3758965,0.11842549
216343,Astro,-0.042914033,-0.19973949
608,Endo,-0.18357447,-0.05052015
211525,L6 CT,-0.06361881,-0.008238494
67239,L4/5 IT,0.31687856,0.03366238
211515,L5 IT,-0.06172827,0.21385235
81825,L5 IT,-0.12097415,0.19409418
232111,L6 CT,-0.2553355,0.0017329454
81902,Astro,-0.09484008,-0.19570825
250318,Micro,0.11649716,-0.29566586
67165,L6 IT,-0.34144074,0.06109166
266202,L2/3 IT,0.12618804,0.3484605
67976,Oligo,0.12321764,-0.3433717
266247,L4/5 IT,0.06821054,0.20243818
81556,L2/3 IT,-0.022690773,0.3905393
266284,Peri,-0.34459716,0.010577023
211745,L2/3 IT,0.122143626,0.31458646
180834,Oligo,0.059207678,-0.27211803
211737,Oligo,0.010979772,-0.252568
67504,Pvalb,-0.19513306,0.20397073
266280,VLMC,0.18654847,0.4113797
10698,L2/3 IT,-0.24190277,0.3933422
67453,Oligo,0.1374014,-0.31072897
67451,Oligo,0.07565296,-0.22951707
81410,L2/3 IT,-0.09564632,0.3985669
81418,Endo,-0.31781536,-0.1024566
10676,L2/3 IT,0.08548558,0.24299371
67447,L6 IT,0.18519896,-0.1952678
81468,L2/3 IT,0.06320131,0.33393186
242993,L5/6 NP,0.29220563,-0.1285147
81492,L2/3 IT,0.21269006,0.29772568
216286,L6b,0.19409913,-0.2997309
81493,L6 IT,-0.3298144,0.04962629
266260,L5 IT,-0.20815542,0.14419633
81497,Pvalb,0.16351223,-0.16425875
211616,VLMC,0.28036648,0.35245675
243791,Oligo,0.09688866,-0.33970922
266249,L4/5 IT,-0.21772185,0.30626613
10678,Oligo,-0.16592789,0.16377991
81445,Oligo,-0.2673902,0.21122426
67980,L6 CT,0.11958063,-0.074148834
266455,Pvalb,0.039133668,-0.0866203
216083,Endo,0.09588033,0.1869753
68626,L6b,-0.04475072,-0.17182544
17484,Oligo,0.025111735,-0.08333078
79145,Astro,-0.098498285,-0.13770232
266664,Micro,0.13206351,0.30661517
250026,Endo,0.27188545,0.14020836
68600,Oligo,-0.19072908,0.10092884
384,PVM,0.086851954,0.1628117
175216,L2/3 IT,0.19262707,0.2409432
212383,L2/3 IT,0.07244414,0.29853088
266653,Astro,-0.09133783,0.22733659
277385,Sst,-0.10205194,0.029401004
68627,L6 CT,0.20091671,-0.23683003
79276,Astro,0.44353127,0.03529364
268518,Endo,0.3719263,0.17912495
79331,Oligo,0.1725319,-0.30544567
175128,L2/3 IT,0.32839715,0.15121353
19898,Astro,-0.015069485,-0.18885139
79350,L2/3 IT,-0.19562373,0.41314745
180514,L5 IT,0.12850666,0.09421939
250048,Endo,0.24751234,0.3273183
19940,L2/3 IT,-0.22599766,0.3899712
11967,VLMC,0.26377857,0.35458982
68414,L4/5 IT,0.083342135,0.19933254
17457,L2/3 IT,-0.25752765,0.33148444
19879,Oligo,0.05303192,-0.22785544
68412,L4/5 IT,0.26512998,0.07332724
381,L4/5 IT,0.10714042,0.2146191
79116,L6 CT,0.23085725,-0.2834317
68865,Pvalb,-0.27116436,0.24670172
365,L2/3 IT,-0.34437025,0.26381224
175482,L5 ET,-0.07167962,0.07693243
19673,Oligo,-0.1910119,-0.025208712
249114,OPC,-0.1842179,-0.02752158
249110,Peri,0.38931048,-0.08479419
175413,Endo,0.25009334,0.3197633
78784,L4/5 IT,-0.1156832,0.2388249
232488,L6 IT,0.2774756,-0.16595963
68801,Endo,0.12653899,0.18470538
175403,L4/5 IT,0.4124663,-0.0553948
68632,L2/3 IT,-0.2454361,0.33306938
234973,Endo,0.14840287,0.3911829
68746,Micro,0.1903376,0.38016027
78889,L6 IT,-0.41572598,0.04039848
78912,Endo,0.1904108,-0.28625512
175332,L6 IT,-0.3438095,0.030064464
68709,L4/5 IT,-0.3417641,0.2176112
78948,L5 ET,-0.08684006,0.13640267
78962,Endo,0.21982837,0.26273537
78998,L6 CT,0.18495995,-0.20692852
68686,Astro,0.23739922,0.3773408
215871,Endo,-0.10596028,-0.19367203
79075,Vip,-0.27835304,0.3807317
212490,Pvalb,-0.009847254,-0.27586496
266152,Astro,0.3314523,-0.18712863
174990,L5 IT,-0.24289387,0.20365644
79495,L6 CT,0.013272107,-0.1258525
68176,L6 CT,-0.09880373,-0.041666925
212142,L2/3 IT,0.30480778,0.08310139
174792,Astro,0.08048904,-0.30242914
212140,L6b,0.0013673306,-0.18395603
212139,Oligo,0.14578468,0.16828555
266511,Endo,0.20061684,0.36458135
20160,Astro,-0.29773185,-0.08507395
20172,Astro,0.35447735,0.1795448
79991,L5 IT,0.05899328,0.12743974
180632,Endo,0.3573317,-0.047023535
79993,L2/3 IT,-0.117231876,0.33762705
10834,VLMC,0.035230815,0.46526992
479,L6 CT,-0.24782118,-0.0014124215
216042,L6 IT,-0.3535621,0.18705195
80087,L6 IT,-0.12614438,-0.093401164
80094,L5 IT,-0.08966884,0.14914238
212098,L2/3 IT,0.06846869,0.33215523
174609,L4/5 IT,-0.29203486,0.28515905
174599,Endo,0.2191205,0.22504437
20220,Endo,0.26272613,0.20710492
80197,L6 CT,0.03281933,-0.045013368
180674,L2/3 IT,0.19414264,0.25214505
68006,L6 CT,-0.084691584,-0.08557123
20240,Endo,0.34895533,0.162557
174646,L4/5 IT,-0.19579157,0.33073032
266600,Endo,0.24151397,0.30430079
216014,L2/3 IT,-0.0048395395,0.3183611
20129,Vip,0.3888319,-0.033310324
20010,Endo,0.40685332,0.11211103
68386,SMC,0.24854648,0.36895627
174965,L6 IT,0.22219652,-0.22272828
68354,L6 IT,-0.28821993,-0.019960523
20061,L6 CT,-0.122392595,-0.015919864
68330,Oligo,0.19228578,-0.30033022
212221,L5 IT,-0.019230723,0.15825951
268548,L2/3 IT,-0.27410996,0.3668927
68320,L2/3 IT,0.30494314,0.09108919
249093,L2/3 IT,0.4281633,0.020560026
174937,L6 CT,0.03188193,-0.14684531
20145,OPC,-0.48131028,0.034564853
232339,Endo,-0.08532891,0.21379846
174891,Oligo,-0.09668794,0.15826786
250089,OPC,0.029083788,-0.29802144
266543,PVM,-0.2327958,0.24743617
266538,Oligo,-0.13395813,0.26774698
79767,L6 IT,0.010369003,-0.053337693
266536,Oligo,-0.011007369,0.10518271
174864,Oligo,0.12144369,0.040590942
79832,L5 IT,-0.03728339,0.08799362
250090,L6 IT,-0.2390238,0.123978674
79865,Oligo,0.16872495,-0.25186747
212159,Astro,0.3074782,-0.17178541
68286,L2/3 IT,0.22474486,0.21801186
78699,SMC,-0.20613885,-0.064842105
67141,VLMC,0.31419885,0.3306167
268757,L2/3 IT,0.37931967,-0.09546462
172401,L6 CT,-0.3349363,0.14868903
21279,Endo,0.121338665,-0.19988641
84133,Pvalb,-0.23028994,0.28180206
268958,Oligo,0.13939852,-0.2970601
172373,L6 IT,-0.14529046,-0.055609077
84222,Endo,-0.21663001,-0.04346049
265758,L6 CT,-0.10673824,-0.14220247
238789,L6b,-0.4337451,-0.03900957
84256,L2/3 IT,0.06897628,0.31929904
66098,Astro,0.15657485,0.4067235
181485,L2/3 IT,0.11996645,0.35552323
767,L6 CT,-0.11589646,0.0016801357
172249,L2/3 IT,0.09383899,0.36731142
231906,L4/5 IT,0.28176105,0.057407677
84357,Peri,0.11423659,-0.24109674
231895,L6 CT,-0.19427246,0.059982717
172233,Oligo,-0.073483706,-0.12732786
21363,L6 CT,-0.24960357,-0.022791505
84453,Oligo,-0.27942497,0.24282002
268998,Pvalb,0.018460155,0.17428654
84493,Oligo,-0.2509408,-0.0064296424
181519,Peri,0.30196226,-0.19076085
231869,Astro,-0.36704355,0.13872379
181446,L2/3 IT,0.13681096,0.24856395
210771,Endo,0.12153572,-0.34636384
172430,Astro,0.20938551,-0.18961269
84035,L6 CT,-0.05839175,-0.056286663
83633,Lamp5,0.37498778,0.18850064
172676,L6 CT,0.15974885,-0.22952321
66386,Astro,0.08482361,-0.13249677
243901,Astro,-0.310471,0.21401995
66375,L5 IT,0.05042672,0.023243606
172671,Peri,-0.2510281,0.33685136
276708,L2/3 IT,-0.14763969,0.36675715
172664,SMC,-0.056663692,-0.0776642
83737,L2/3 IT,-0.28096217,0.39285338
172643,Endo,-0.043503106,0.15768373
265823,L2/3 IT,0.32758147,0.06775391
248933,OPC,-0.3727536,0.13099039
231949,L2/3 IT,0.19898283,0.36332095
172569,L5 IT,-0.09362459,0.1339581
172529,PVM,0.19182622,-0.006959796
21193,L6 CT,-0.16614783,0.008441687
172521,L2/3 IT,0.08674872,0.25355768
83884,Micro,0.11247867,-0.086263776
66271,VLMC,0.35594714,0.2948329
83918,Endo,-0.12349075,0.36723006
243917,SMC,-0.30087203,0.07596481
268935,L6 IT,-0.22076029,-0.018134654
172463,Oligo,0.012285769,0.25902456
172449,L2/3 IT,0.040379524,0.2182557
181413,Pvalb,-0.38363653,0.10623282
250531,Oligo,0.17553449,-0.31741464
65945,Astro,0.21456838,0.012220085
276661,L5/6 NP,-0.089845,0.00012749434
171776,L4/5 IT,0.33741766,0.086416125
250599,L6 IT,-0.4385928,-0.039784253
171730,Oligo,0.09521073,-0.34652585
265619,Endo,-0.13634449,0.22864866
216921,Oligo,-0.036005765,-0.1669471
65631,Astro,-0.2377747,0.30801177
210419,L6 IT,-0.027793974,-0.025136232
250606,L5/6 NP,0.017863572,0.12961835
85268,Oligo,0.14603686,-0.31843987
17282,L6 CT,0.12073654,-0.13758957
12288,L5 IT,-0.30654258,0.24625981
171777,Oligo,0.07414031,-0.22643551
181752,L4/5 IT,0.09563464,0.20616955
85441,L2/3 IT,0.3769971,0.16077161
12313,Micro,0.19309628,0.20672584
171537,L6 CT,-0.382694,0.09228015
238780,PVM,0.26101404,0.37011123
832,L2/3 IT,-0.23071748,0.3275112
250651,Oligo,-0.02278912,-0.033533484
10214,Endo,-0.24493909,0.22467417
243996,L5 IT,-0.012189597,0.14711767
85735,L6 CT,0.16856128,-0.40764928
248885,L2/3 IT,0.19413322,0.3027941
843,L2/3 IT,-0.26815456,0.3750242
85433,Micro,-0.25317264,0.43189776
172681,L2/3 IT,0.38435286,-0.009320945
84997,L4/5 IT,0.22454077,0.06358951
210474,L2/3 IT,0.2408483,0.30992365
21417,Micro,0.25829595,0.20168859
84658,Astro,-0.19113344,0.06937045
172132,Astro,0.08396661,-0.113238126
231860,L5 ET,-0.1442343,0.06909329
65882,Oligo,0.08373803,-0.32653445
65881,Oligo,0.0040543675,-0.1461483
65879,L5 IT,-0.21366674,0.16860956
210573,L2/3 IT,0.15610081,0.37806797
210571,Vip,-0.11510691,-0.016395003
269026,L2/3 IT,-0.22465137,0.38966256
269028,Vip,0.2555259,0.3385436
21535,Astro,-0.16156676,-0.16607374
181588,L5 ET,0.35832304,-0.14406213
65809,L2/3 IT,-0.20402259,0.35378635
65804,Oligo,0.15553814,-0.35257244
84804,L2/3 IT,0.2534142,0.29269117
216866,Micro,0.36878705,-0.049588323
265663,L2/3 IT,-0.23274791,0.34102345
84823,L6 IT,-0.29665062,0.040291607
10280,L6 CT,-0.29927573,0.101544976
12269,Astro,0.1816963,0.30617404
84875,Oligo,0.10422444,-0.31259418
84909,PVM,0.08695352,-0.3687007
171843,Oligo,0.11174196,-0.27382013
65837,L2/3 IT,-0.20026225,0.41365367
83597,L6 CT,0.241691,-0.2881068
83594,Oligo,0.089482486,-0.32208344
172721,L6 CT,-0.0783999,-0.09909019
211346,L4/5 IT,0.15651506,0.26685512
82350,L2/3 IT,-0.22415075,0.3950125
82357,Peri,-0.3589839,0.13567549
211326,Micro,0.31265837,-0.153891
82390,L2/3 IT,0.1417417,0.27228105
82444,L5 IT,-0.09949845,0.16972578
66948,L5 IT,-0.034413487,0.17582339
181162,L5 IT,0.03677237,0.1707679
20817,L6 CT,-0.16777736,0.021007836
82531,Oligo,0.2603367,-0.31369513
243833,Astro,-0.04941547,-0.16881615
173419,Micro,0.28708,0.3182401
181178,L2/3 IT,0.41299194,-0.07238242
20845,OPC,0.17111498,0.3568892
211231,L6 CT,0.22795904,-0.24686575
20857,L4/5 IT,0.12952608,0.17020607
235496,L6 CT,0.106224775,-0.45259413
268794,L2/3 IT,-0.22598514,0.32831305
20867,Oligo,-0.06607333,0.21559966
266028,L4/5 IT,0.13602549,0.16678941
268810,L2/3 IT,0.046156347,0.25609607
266015,L5 ET,-0.18633053,0.14305937
173174,Astro,-0.2880909,0.22272903
82838,L5 ET,0.14086586,0.013834596
82579,L4/5 IT,-0.15179354,0.23455596
20907,L2/3 IT,-0.2331034,0.33727366
173420,L2/3 IT,-0.2307516,0.3282485
66993,Astro,0.235331,0.37385023
20717,L2/3 IT,-0.2145634,0.39877552
67120,Astro,0.3431118,0.30548227
67112,L4/5 IT,0.102048695,0.22354293
181088,OPC,0.1323716,0.24297488
82130,Oligo,-0.080402285,0.036363184
82140,Peri,0.24834591,0.36569762
235480,Peri,-0.063896716,-0.22111592
249018,L6 IT,-0.24779338,0.1121487
280239,L6 CT,-0.3414799,0.13514543
20741,Oligo,0.2389183,0.019970715
181091,VLMC,0.06518322,0.4546727
66991,Endo,0.18576849,0.37802285
20750,Astro,-0.32668355,0.014220417
82226,L6 IT,-0.35406753,0.12139672
173472,L4/5 IT,0.3959961,-0.07569763
216421,Micro,0.113156855,0.16861027
216427,OPC,-0.2921381,0.18145216
173468,L4/5 IT,-0.0006186962,0.266931
211399,Endo,0.074786365,0.19341934
173453,L6b,-0.23823214,-0.10488993
82306,Endo,0.045873582,0.3281505
232079,L2/3 IT,0.37917137,0.18424684
173427,L5 IT,0.19087368,0.015527844
66998,Endo,-0.14884517,0.3222592
628,L4/5 IT,-0.35800606,0.19880736
268756,Micro,0.06529826,-0.12429923
211176,Oligo,0.13849896,-0.034003764
82877,L6 CT,-0.33742005,0.10852891
232015,L6 CT,0.14596266,-0.17229429
240398,Oligo,0.2074439,-0.27564126
83213,L4/5 IT,0.36778402,-0.08714759
83214,Peri,0.28930265,0.13208753
265915,L4/5 IT,0.14053655,0.14681125
83310,L2/3 IT,0.10726452,0.36774552
172931,L2/3 IT,0.021529794,0.30941623
66525,Oligo,0.22181547,-0.18089667
265898,L4/5 IT,0.36484015,-0.046582997
238809,L4/5 IT,0.38040257,-0.07628232
83413,L4/5 IT,0.22938168,0.101965785
83191,Oligo,-0.016483665,-0.24800408
235511,L6 CT,-0.3521951,0.038656414
172846,Pvalb,-0.2190797,0.11384565
66476,L2/3 IT,0.11544669,0.29560828
66473,Micro,-0.30069816,0.16150296
210984,L6 CT,-0.15000167,-0.010297328
66467,L2/3 IT,0.31709707,0.2479999
66466,SMC,0.11204964,0.12722659
21072,Endo,0.20401585,0.31473428
172798,L5 IT,0.2624278,-0.0429371
66441,Oligo,0.11450684,-0.25313646
248972,L6 CT,0.22733122,-0.19636369
83581,L5 IT,-0.03691241,0.12297648
243879,L4/5 IT,0.36108524,-0.04221657
12176,Endo,0.18535411,0.3666072
83180,L6 CT,0.20331782,-0.34585524
173025,L5 IT,0.17352343,0.017485559
20916,L6 CT,-0.26806524,-0.035663247
265994,L6 CT,0.14851886,-0.20285887
10520,Astro,0.122757256,0.31768483
242975,L2/3 IT,0.4201641,0.10884595
173124,Oligo,-0.098131895,0.00905478
173123,L6 CT,0.059167683,-0.14415765
82927,Micro,0.19894785,0.32998824
173122,Endo,0.17896903,0.18088931
268842,Astro,-0.23744017,0.11570686
211149,Astro,0.17428046,0.3217405
66688,Astro,-0.36489892,0.2046271
83176,L2/3 IT,0.11614746,0.25629115
181255,Pvalb,-0.17754275,-0.11585471
243863,L6 IT,-0.29913098,0.04252088
682,L6 IT,-0.2855422,0.12796545
265950,L6 IT,0.26014608,-0.17030174
66632,L6 CT,-0.24100986,0.13412672
173052,L2/3 IT,0.12964147,0.35329145
211101,L6 CT,0.17515361,-0.30270624
181275,PVM,-0.27959728,-0.121441126
66620,L4/5 IT,0.32486117,-0.015647352
20990,L4/5 IT,-0.038865834,0.20170331
173031,L6 CT,-0.17670622,-0.07876739
211088,Oligo,0.09829241,-0.3050211
20950,L2/3 IT,0.09904128,0.34539193
212536,L2/3 IT,0.18274546,0.33483356
212542,L2/3 IT,0.40735912,-0.06500363
277016,L2/3 IT,0.15397125,0.27997535
74328,L2/3 IT,0.35464114,0.113469124
235206,Oligo,0.0681774,-0.25961187
18331,PVM,0.32490468,0.31048614
74377,L2/3 IT,0.15288585,0.35357112
214022,L2/3 IT,-0.114056855,0.34164006
71095,Lamp5,0.19567043,0.3253832
71072,Oligo,-0.014689416,-0.23025626
18358,L5 IT,0.16512805,0.013787687
249570,L4/5 IT,0.01414305,0.22555983
177714,L6 CT,-0.124264866,0.0009175539
71042,L6 CT,-0.30214334,0.034858644
74565,L2/3 IT,-0.12445921,0.33710533
177711,Oligo,-0.21235949,-0.12066981
213991,L4/5 IT,-0.19280088,0.26563197
74578,Endo,-0.24303317,0.09726167
213985,L2/3 IT,0.21724582,0.2913772
71022,L6 CT,-0.31649923,0.026918769
278267,Astro,0.047701478,-0.2234194
71007,L6 CT,-0.14317483,0.0010867715
74667,L2/3 IT,0.16541976,0.29468447
18410,Micro,-0.11720365,0.22661436
74692,L2/3 IT,0.11283898,0.35679644
232928,Endo,-0.11066729,0.04758042
74327,L2/3 IT,0.3283533,0.19760525
74323,Micro,0.32208353,0.18130893
71147,Oligo,0.042964876,0.19576037
74320,Oligo,0.083023846,-0.10342154
235084,L6 IT,0.12171507,0.006964028
179487,Oligo,-0.25644553,-0.12945175
73818,L2/3 IT,-0.28169602,0.3721562
73827,Astro,0.2201072,0.38751775
178038,L6 CT,-0.27935785,0.063536584
268067,L6 IT,-0.32177353,0.012077808
71321,L2/3 IT,0.24820745,0.2838065
18218,Sst,-0.11061326,0.36346126
18226,Pvalb,-0.29357582,0.21068317
73944,PVM,0.23119438,0.27544546
11488,Micro,0.11026281,0.45038432
232927,Peri,-0.20250022,0.17082638
214157,L6 CT,0.07488817,-0.1977408
177998,Oligo,0.14100957,-0.37127972
71254,Peri,0.1309036,-0.31276911
71210,Endo,-0.13190547,0.21623534
267559,Endo,0.35461527,0.04573208
74186,Astro,0.09809816,0.11904675
214087,L2/3 IT,0.14556283,0.261553
74233,PVM,0.00798285,-0.23478535
214076,Astro,-0.31806153,0.039309323
74296,Astro,0.05361432,-0.11213598
74308,L6b,0.0826872,-0.24704263
277246,Sst,-0.32275152,0.16541767
74012,Micro,0.31765395,-0.083048254
177614,L6 IT,-0.39603782,-0.17004967
179679,Astro,0.3134718,0.14310944
213952,Sst,0.11614573,0.3500589
215174,L6 CT,-0.2898596,0.062377453
278272,L5 IT,-0.23292354,0.1725688
75221,Oligo,-0.09950727,-0.22092599
75240,L6 CT,-0.31308633,0.0770396
75252,Astro,0.19747013,0.18784434
179769,Sst,-0.22605282,0.3673362
75291,Endo,-0.36655143,0.11151135
70652,L6 CT,0.029590726,-0.11420509
11807,L4/5 IT,0.115935564,0.13512707
18614,OPC,-0.05655983,0.28039157
18619,Oligo,0.17251903,-0.38190335
213805,L4/5 IT,0.03326118,0.2568518
75396,L5 IT,-0.202434,0.21807975
75431,Sst,0.33633888,-0.11828533
75442,L6 IT,0.2521392,-0.14992052
75488,L5 IT,-0.15697286,0.1934945
177195,L4/5 IT,-0.08391833,0.22895151
267313,L5 IT,0.080489635,0.03884977
18689,L6 CT,-0.3471352,0.062273324
177116,Vip,0.12764126,0.21414286
75650,SMC,0.050697207,-0.30141187
75683,L6 IT,-0.16902074,-0.023851871
267283,L6b,0.16980505,-0.33901668
75714,Oligo,0.043489933,-0.29854313
18648,Pvalb,-0.27503926,0.1743502
71399,Oligo,-0.09100288,-0.115324706
179723,L2/3 IT,0.26277465,0.14932609
70766,L2/3 IT,0.07115716,0.34695178
18448,Oligo,0.09910911,0.13283879
179682,L6 CT,-0.3602504,0.15175599
243361,Micro,0.18461949,-0.28875682
177564,L5 IT,0.07134199,0.15986884
268123,Oligo,-0.12060392,-0.16519079
215103,L5 IT,0.101233244,0.028669655
239069,L2/3 IT,0.20245582,0.31533712
249590,Oligo,-0.049346924,-0.22691846
177533,SMC,0.04411316,-0.3058763
74871,L6 CT,0.24626946,-0.23227581
177516,Peri,0.207618,0.13166618
70758,Endo,-0.22570291,0.37377143
232904,L4/5 IT,0.36103994,-0.01776737
74981,VLMC,0.22818387,0.40054327
70822,L4/5 IT,0.3390115,-0.046813905
70816,L4/5 IT,0.3145377,0.02323383
213835,L6 CT,-0.18339223,0.08927792
215140,Astro,0.15577543,-0.27890837
74998,L5 IT,0.35323054,-0.11244613
75021,L6 CT,-0.19818017,0.0476411
179700,VLMC,0.3888079,0.248811
75074,VLMC,0.5,0.066425145
215148,L2/3 IT,0.19961852,0.32609457
18542,L5 IT,-0.030111581,0.10181171
70827,L2/3 IT,0.33791202,0.06280184
71412,Oligo,0.06356859,-0.036578834
73709,L4/5 IT,0.3598237,-0.030299753
178087,Endo,0.31256723,0.19042444
178858,L4/5 IT,0.26880175,0.11171341
214529,L6 CT,0.084308386,-0.11514765
249302,L2/3 IT,0.36456937,0.08023077
214518,L2/3 IT,-0.0032246113,0.40083885
178817,VLMC,0.21421218,0.38179386
178791,L2/3 IT,-0.13772789,0.34865183
214504,L4/5 IT,-0.24412203,0.3540272
72754,Micro,0.27220434,0.30801672
72767,L6 IT,-0.3060338,0.14915597
72781,Vip,0.14673579,0.2695225
277316,Endo,0.08416897,0.15391564
178859,Peri,0.21719277,0.31129456
179244,Endo,0.15344214,-0.028679818
72865,L5 IT,-0.26558697,0.20771325
11702,Peri,0.22335452,-0.29623777
72871,L6 CT,0.25844914,-0.24234918
214804,L2/3 IT,-0.18313783,0.37462205
214455,L6 CT,-0.14348322,0.02661401
72926,Astro,0.29466718,-0.25497067
233049,Oligo,-0.3236552,-0.0061282814
17889,L4/5 IT,0.19004178,0.17017347
214418,L6b,-0.054284424,-0.18903068
179283,Oligo,0.1049937,-0.14528733
267761,Oligo,-0.20703176,-0.07054812
240222,Sncg,0.20503283,0.33036172
71831,L6 CT,0.096936405,-0.41005626
72633,L4/5 IT,0.101142645,0.2726766
178906,Oligo,0.08560163,0.18372911
214676,L2/3 IT,-0.17324826,0.32865983
267906,L4/5 IT,-0.008760631,0.24771082
267904,L6b,-0.030947715,-0.16155365
72297,L6 CT,0.033308804,-0.09329772
267907,Lamp5,0.1510976,0.32628715
72194,L6 CT,-0.23878312,0.0047994256
278236,Endo,0.13673615,0.33086568
72336,VLMC,0.17984146,0.41854775
179099,Astro,0.15749311,0.37407666
72373,Oligo,0.19163495,-0.16427565
243231,L5 ET,-0.04423368,0.051953375
267839,L2/3 IT,0.19218123,0.30259383
267915,L2/3 IT,-0.24787208,0.3449341
17744,Oligo,0.12036103,-0.39576253
17753,Pvalb,-0.19472405,0.13262182
214721,L4/5 IT,0.38922375,-0.08286452
178985,Endo,0.124667466,0.17713279
72445,L5 IT,-0.31534764,0.1671601
233104,L5 IT,-0.15888354,0.18792981
233097,L4/5 IT,0.2736197,0.01445967
72457,OPC,-0.37900943,0.073375046
72086,L6 CT,-0.3496288,-0.09799138
72477,VLMC,-0.22172031,0.5
214601,SMC,0.115412354,0.4567771
72393,L2/3 IT,0.13027442,0.32591087
177041,L6 IT,-0.09057817,0.06280702
73014,Astro,0.24546313,0.17124736
70,Astro,-0.2574602,0.23328513
71635,Oligo,-0.055083245,0.24102384
73340,OPC,-0.080895156,-0.22185281
73343,Astro,0.09285593,0.14489836
73344,L6 CT,0.14681196,-0.12118366
178396,L4/5 IT,0.30022764,0.021895051
73405,Oligo,0.18953091,-0.17435142
73410,L6b,0.19192123,-0.30476898
18062,L6 CT,-0.19939071,-0.40075648
73437,Oligo,0.13820785,0.20573485
71564,L6 CT,-0.35496086,0.090002954
178337,Vip,0.037180483,-0.005570203
178432,L6 IT,-0.4329791,-0.15905449
71548,L6 CT,-0.3262682,0.049856603
267667,Endo,-0.11992383,0.38889462
73530,L6 IT,-0.24364072,0.14331251
178241,Micro,-0.3198533,-0.09682417
73546,L2/3 IT,0.17793065,0.32731342
17654,Endo,0.2303285,0.014833689
18106,Astro,-0.15224698,0.06298828
277356,L5 IT,-0.10164893,0.15750861
249257,Sst,-0.3384719,0.09445977
277268,L2/3 IT,0.40780222,0.11051053
178126,Endo,0.4147154,0.12588882
268054,L2/3 IT,0.3992666,-0.0021464527
71536,L6 IT,-0.30361742,0.04303223
214845,L6 IT,-0.2814508,0.06166023
18005,L6 CT,-0.2354629,0.08381671
178436,Oligo,0.27534086,-0.13134623
178598,Oligo,0.11747998,-0.34438938
179328,L4/5 IT,0.35326284,-0.053975612
214376,L6 IT,-0.4815914,-0.0035060048
249436,VLMC,0.39647,0.25135493
277302,L2/3 IT,-0.30316043,-0.007930756
267990,Oligo,0.07471466,0.17533118
71763,Oligo,-0.38995227,0.0017709732
73134,L6 CT,0.124747336,-0.22464061
11576,Peri,0.27832645,0.29201716
71751,Oligo,0.022253036,-0.26387316
71743,L6 IT,-0.29380715,0.11130637
71654,L4/5 IT,-0.27066338,0.25474298
73181,L6 IT,-0.17994371,0.08139604
178521,Micro,0.08802253,0.135324
73188,Pvalb,0.1248464,-0.07433167
75,Oligo,-0.20685777,0.114516854
17969,Endo,0.38342714,0.22607833
214888,L6b,0.18349516,-0.3027854
73208,Oligo,0.14440024,-0.33351815
267996,L2/3 IT,0.07595134,0.37925494
73223,L5 IT,-0.19895503,0.15826815
179375,L2/3 IT,0.3417117,0.23208201
240239,Oligo,0.12602383,-0.3183967
71662,Oligo,0.038743675,-0.17070085
214884,Endo,0.30896562,0.30493164
215263,L6 CT,0.10839838,-0.20621699
249667,L6 CT,-0.02017963,-0.018116653
11254,Oligo,0.149724,-0.3587406
215594,L2/3 IT,-0.13836849,0.3416494
19352,Astro,-0.061961234,0.22610867
19356,Micro,-0.21529004,0.22579074
266901,L5 IT,-0.24369189,0.21407914
69427,L6 IT,0.2762496,-0.13293776
77687,Peri,0.16183627,0.15493864
77698,L2/3 IT,0.25421846,0.19202441
176040,L6 IT,-0.05190572,0.0005543828
176036,L2/3 IT,0.056679666,0.39837158
215617,L6 IT,-0.38892803,-0.0065104067
266884,L4/5 IT,0.38223135,-0.040489316
77619,Lamp5,0.10129154,0.22472668
19398,Oligo,0.1601373,-0.3455046
266873,Lamp5,0.3395158,0.17164272
77781,L5 IT,-0.06427091,0.23127854
232587,L2/3 IT,0.14940315,0.2757762
69349,L5 ET,-0.11098161,0.15735841
69348,Endo,0.34400022,0.2764461
234999,L6 CT,0.124812424,-0.22788998
77811,Pvalb,0.004033804,0.30541432
280270,Micro,-0.14600646,0.29460174
17521,Endo,-0.07984194,0.0049900413
19430,L6 CT,0.12219232,-0.16598263
69318,Oligo,0.050196767,-0.24350053
19400,Endo,0.3442319,0.047418952
212823,PVM,0.35400003,0.273974
77595,L6 CT,0.088476956,-0.0480859
77578,L5 ET,-0.0025865436,-0.021068484
176249,L4/5 IT,-0.008720815,0.163858
176217,L2/3 IT,0.13000518,0.2891816
268344,Oligo,0.09456563,-0.21010411
77276,OPC,-0.038868546,0.1731152
215557,Peri,-0.31012318,0.07210076
266947,L6 CT,-0.33940822,-0.004602909
249837,L6 CT,0.21299297,-0.2654535
19274,L2/3 IT,0.22546673,0.31357354
77338,L2/3 IT,-0.01738426,0.3936317
268356,L6 CT,-0.1947977,0.032526612
212949,L6 CT,-0.12383562,0.008411884
232624,L5 ET,0.22789252,0.024079263
77442,L6 IT,-0.4978173,-0.017058462
19306,L5/6 NP,0.2762506,-0.06643969
212941,Oligo,0.20739698,-0.36875644
77451,Vip,0.1990453,0.37562084
176121,Astro,-0.44145828,0.09126091
69526,L6 CT,0.0340181,-0.12835598
176119,L6 CT,-0.3447733,0.13693345
17538,L6 CT,0.28153384,-0.35662097
212922,Vip,-0.030650109,-0.0022848845
266920,Endo,0.09836322,0.23423022
212909,Oligo,0.16624528,-0.3168599
176109,L6 IT,-0.2303066,0.06915617
77443,Endo,0.18350363,-0.1174179
77244,Micro,0.19189394,0.3433234
77882,Endo,0.13501257,0.35260868
77894,L2/3 IT,0.16577059,0.25485516
249959,Oligo,0.22363263,-0.069904536
175682,Peri,-0.13243124,0.14759755
180316,L6 CT,0.11976951,-0.1101419
78374,L6 CT,-0.23770517,0.063847065
78404,Peri,-0.35596877,0.07260597
266776,L5 IT,-0.058196455,0.17066383
212633,SMC,-0.11474839,-0.18123162
212629,Astro,0.43500793,0.12297648
212625,Endo,0.108762324,-0.06673229
69012,SMC,0.25779223,-0.0060497522
344,L6 IT,-0.31341907,-0.00045275688
11929,L5 ET,0.0037859678,0.118733406
78511,Oligo,-0.40888995,0.0056435466
78553,L6 IT,0.35134858,-0.15537837
78559,L6 CT,0.021265626,-0.06739873
19622,Endo,0.15532911,-0.36325976
78577,L5/6 NP,0.3147611,-0.22244322
175585,Peri,0.22265607,-0.18064812
266738,Endo,0.13622338,-0.040123045
212566,Micro,-0.07319155,-0.22693074
180367,Astro,0.2184121,0.20375049
243602,Peri,0.2802536,-0.07255393
68888,VLMC,-0.32815427,0.29618794
78677,L6 CT,0.21077025,-0.372684
215789,Astro,0.3258145,0.03661692
232586,SMC,0.16382068,0.054965675
78329,Vip,-0.38401064,0.02664435
266798,Astro,-0.014365852,0.31231225
332,L6b,-0.13373551,-0.17519766
69289,OPC,0.18844664,0.3951506
268402,Micro,0.12830192,0.30419368
277035,Endo,0.106741965,-0.15235251
212790,Oligo,-0.08772987,0.12766689
19475,L2/3 IT,0.14977753,0.33750302
69258,L6 IT,-0.02983728,0.05271679
266829,L5 IT,0.28283978,-0.049135268
215664,L6 CT,-0.0743978,-0.12243512
69223,OPC,-0.37573105,0.15349722
249122,L6 CT,-0.13407877,-0.31861067
180300,L4/5 IT,-0.10722306,0.27610773
69208,L6 IT,-0.058139056,0.018871307
277381,VLMC,0.36202723,0.2735579
212747,Astro,-0.2679904,0.33356023
336,L6 CT,0.2232579,-0.19530326
180268,Oligo,-0.18595377,-0.3021871
215713,L2/3 IT,0.09309685,0.25172096
249938,L4/5 IT,0.06354594,0.19741642
69158,Vip,-0.25193018,-0.1144107
175761,L2/3 IT,0.1549471,0.32853025
249939,Sst,0.3692391,-0.020969987
69131,L4/5 IT,-0.29476926,0.29898196
78260,L6 IT,-0.23010638,0.10032773
78019,Oligo,0.02906853,-0.20474538
181847,L2/3 IT,0.34322602,0.11917108
278315,Micro,0.26413983,0.15374023
215536,Astro,-0.047341734,0.13054681
176817,L5 ET,0.16682899,-0.0017790496
213390,Micro,0.02623105,-0.17390302
215346,Endo,-0.19842386,0.14434916
76289,Endo,0.0024636984,-0.16827238
179927,Endo,-0.2824126,0.11920512
76329,Micro,0.17907572,0.3508094
243467,Oligo,0.10169834,-0.27581698
176743,L6 CT,-0.16835886,0.014004469
267155,Astro,-0.36805344,0.17468703
213344,Oligo,-0.3215577,0.15335184
18928,Astro,-0.08880624,0.28842032
76224,Micro,-0.28462324,-0.050890237
70164,Pvalb,0.40754473,-0.051089376
18936,Oligo,0.12300223,-0.32771444
18938,L4/5 IT,0.3158031,-0.08763325
179961,Pvalb,0.28182667,-0.30376047
70113,Oligo,-0.09219757,-0.18951583
70112,Endo,0.007950246,0.16638589
18958,L4/5 IT,0.017046392,0.21893775
76433,L6 CT,-0.14450163,0.16255307
213320,L6 CT,0.21062803,-0.3956412
176649,SMC,-0.034704864,0.17436421
176633,L6 IT,-0.18823805,-0.046259105
176630,L5 IT,0.21848601,-0.019396126
215356,L5 ET,0.2101708,-0.019796282
76542,Endo,0.009534478,-0.0075490773
268227,L6 IT,0.23178732,-0.14366725
76100,Astro,0.2262851,-0.017697126
267261,L5 IT,0.042107344,0.16048592
243136,L5 IT,0.28115964,-0.11001536
213581,L6 CT,0.09081489,-0.12671971
70464,Endo,-0.21598786,0.40015584
17602,L6 CT,-0.09189898,-0.047109604
18772,L6 CT,-0.27642402,-0.071315944
75827,L6 CT,-0.34623194,0.06423253
278293,VLMC,0.21862501,0.39469177
18774,Astro,0.12401104,0.25521386
75873,L2/3 IT,-0.17212358,0.31738263
215293,L6 IT,-0.21395993,0.034356177
213433,L2/3 IT,0.10866034,0.24230927
75878,L6b,-0.024228543,-0.15703428
75901,Astro,0.00045651197,0.0077385902
70379,L6 CT,0.028593421,-0.16502082
18792,L5 IT,0.32338583,-0.05892369
249680,Endo,-0.21674249,-0.12808034
176949,Oligo,0.08481896,-0.31343228
277157,Peri,0.039890707,0.22744071
213486,L5 IT,-0.1029408,0.050252795
70338,Oligo,0.15307015,-0.08004472
215315,L2/3 IT,0.23461086,0.30734807
249696,OPC,0.07288253,-0.29387522
213463,L5 ET,0.20406282,-0.039539933
75887,OPC,-0.1694577,0.3112725
69688,L2/3 IT,-0.22303265,0.33691365
76546,L4/5 IT,0.28926873,-0.02661115
76561,L2/3 IT,0.023207009,0.37626588
19136,Oligo,-0.0019346774,-0.2543572
213108,L2/3 IT,-0.2622318,0.38288432
77005,L5 IT,-0.01585877,0.16920614
69815,OPC,-0.32408372,0.012916684
77010,Sst,-0.23090765,0.33469492
176441,Endo,0.25542438,0.34337032
213087,L2/3 IT,0.007756114,0.33848804
213072,Micro,0.109772384,-0.3228516
77045,L4/5 IT,0.35105765,0.012381375
215484,Peri,0.25311345,0.065829575
77047,L5 ET,-0.3137802,0.13946539
76943,Astro,0.22478825,0.33426636
266985,VLMC,0.38401252,0.24944061
268308,PVM,0.20361316,0.20619094
240314,L2/3 IT,0.056228638,0.3266514
176370,Oligo,0.05146265,-0.22953793
69750,L4/5 IT,0.119633496,0.21733022
215516,Micro,0.27409208,0.3321048
77175,Peri,0.37550193,0.00273484
238938,L5 IT,0.08886427,0.14027894
77183,VLMC,0.25421143,0.37996083
268328,L4/5 IT,0.05022943,0.19732165
266962,Oligo,0.11441517,-0.26358145
77219,Endo,-0.23841816,0.116487205
19150,L6 IT,0.3358364,-0.1649448
18997,Micro,-0.0682956,-0.21239221
19118,L4/5 IT,0.11314708,0.15268815
69885,Endo,0.08041519,0.19046456
176595,Endo,-0.18283609,0.02370447
238941,L4/5 IT,0.18380535,0.257495
76585,Oligo,0.12248814,-0.3413331
215407,L5 ET,0.21185642,-0.09082237
176574,L6 CT,-0.10104582,-0.0082318485
176562,L5/6 NP,0.31217474,-0.20602068
11184,L6b,-0.01791346,-0.20560536
76679,L2/3 IT,-0.22299656,0.37445188
76719,L5 ET,0.27555555,-0.09395349
69985,Endo,0.14597476,0.22269762
69962,L2/3 IT,-0.24348083,0.4016983
76929,L2/3 IT,0.20062816,0.27114612
213194,Peri,0.18126875,-0.16974846
69955,L5 ET,-0.12539092,0.09656268
176503,L4/5 IT,0.336398,-0.033011287
215446,L4/5 IT,-0.15844408,0.18582946
19081,Oligo,0.14207637,0.012378275
76815,L2/3 IT,0.412862,0.12022382
11168,L6 CT,-0.05750051,-0.009091407
176486,OPC,-0.42935687,0.12281436
180029,L5 IT,0.32697922,-0.12700734
176475,L6 CT,-0.19496581,-0.0103652775
19102,L5 ET,-0.2844894,0.13174218
176474,Vip,-0.3871352,-0.0148046315
267055,L4/5 IT,0.10581291,0.15903115
26170,Oligo,0.044772148,-0.2747956
240452,L6 IT,-0.24968114,0.120289266
210221,Oligo,-0.1650612,-0.19423652
95529,L2/3 IT,0.1175009,0.2784142
183854,Pvalb,0.030430675,-0.11669117
95538,L6 CT,-0.49990657,-0.13014615
9097,Oligo,0.3745321,0.012570083
165363,Endo,-0.054630697,0.21867812
218630,L6 CT,0.24576199,-0.22859755
251778,L5 IT,0.022477508,0.12877971
230659,L6 CT,0.015359342,-0.15106893
165347,Oligo,-0.13774419,-0.13862684
1502,OPC,0.15023178,-0.28887776
263724,Lamp5,0.19208789,0.14523381
230649,Oligo,0.12701052,-0.33678678
9086,L6 CT,0.23927003,-0.24129876
24850,Peri,0.049523413,0.13790709
95685,L2/3 IT,0.122802675,0.26531762
244530,L6 CT,-0.21079046,-0.0035575032
95712,L6 CT,-0.21973434,-0.02294308
60563,L2/3 IT,-0.05551991,0.38471514
95736,L6 CT,0.2347306,-0.26839048
60547,L5 IT,-0.21911979,0.121062994
60541,L5 IT,0.05589974,0.09177798
230639,Micro,0.22765756,0.23348653
165242,L6 CT,-0.02149415,-0.008628666
95528,OPC,-0.20954421,0.17384082
95491,L2/3 IT,-0.14909387,0.35226405
263753,Pvalb,0.097664654,0.18346238
165394,Peri,-0.3045668,0.020901978
60880,L2/3 IT,0.32675052,0.22268468
207285,L4/5 IT,0.09790385,0.23917401
183764,L6 CT,-0.30281508,0.08392125
95140,L4/5 IT,0.0609293,0.19037789
95149,L6 CT,0.077234685,-0.14199126
218559,L4/5 IT,0.073728025,0.20326132
278726,L2/3 IT,-0.2890393,0.37411577
165561,L6 CT,0.025603354,-0.13051006
95179,Oligo,0.13283265,-0.21875235
207268,L2/3 IT,0.19777614,0.2288571
263787,L4/5 IT,-0.107733965,0.30863398
12930,Astro,0.32514334,0.11566335
242672,Endo,0.09729892,0.21603203
16898,L4/5 IT,-0.10255146,0.21056867
60778,L4/5 IT,0.29405582,0.025658429
95291,L6 CT,-0.3482465,0.049249947
60769,Pvalb,-0.34858376,0.2301814
251756,Endo,0.21911782,0.31931162
95308,L6 CT,-0.0859772,-0.085716516
235895,L2/3 IT,0.12919241,0.3433085
95326,L4/5 IT,-0.22243616,0.3258232
16879,Oligo,0.010786295,-0.2503668
95383,VLMC,0.27519786,0.36335665
248472,PVM,-0.088347316,0.29857492
183799,L5 ET,0.30192107,-0.12237039
165226,Endo,0.3894487,0.16448677
95836,Oligo,0.12416321,-0.3016587
207002,Oligo,0.24635577,-0.3666306
96294,Peri,-0.29619497,0.053196013
96298,L6 IT,-0.22260812,0.040125966
164960,PVM,0.14713907,0.42089468
60267,Astro,-0.09829241,-0.07330266
269951,L6 CT,-0.07684523,-0.06602052
263608,Micro,-0.12435523,0.22392368
164862,L2/3 IT,-0.2690643,0.34715283
206783,L6 IT,-0.019161314,-0.15916228
218761,Oligo,0.3133465,-0.2337048
251863,L2/3 IT,-0.20598882,0.39762288
251868,L6b,0.17589587,-0.29298455
183977,Astro,0.036795855,-0.21910304
206767,Vip,-0.25696516,0.36061764
235959,L6 CT,-0.4565721,0.018369496
184050,Endo,0.09959257,-0.2950128
230557,L2/3 IT,0.17139429,0.3237301
96526,L6 CT,-0.21368822,-0.050809413
8950,Endo,0.12683558,0.27316928
218784,L4/5 IT,0.11553925,0.20850074
1566,Oligo,0.24855322,-0.20616299
218786,Peri,0.12560296,-0.11350101
164655,Micro,0.17807645,0.20782304
206721,VLMC,0.18654984,0.42235088
96637,L6 CT,0.15101033,-0.13845101
184038,L5 ET,0.064184904,-0.030681401
95097,Micro,-0.23451725,0.09075153
242646,Peri,0.086129725,0.15845704
96187,L2/3 IT,0.12677348,0.27778494
165203,L2/3 IT,0.18111968,0.30048454
95849,L5 IT,0.15478975,0.024733782
263688,Oligo,0.085044384,-0.31561178
276027,Astro,0.07801509,-0.2624631
240620,Oligo,0.061307132,-0.27173883
251812,Astro,0.09287351,-0.2565254
60479,L6 IT,-0.35290045,-0.0048045814
206971,Oligo,-0.06736001,-0.19929194
251817,L5 IT,0.3105778,-0.10829806
95943,Endo,0.16822171,0.28649038
280099,Astro,-0.22203705,0.066298366
1534,L4/5 IT,0.3539335,0.018817782
276018,L2/3 IT,0.2429077,0.28078765
96021,Pvalb,-0.15940592,0.30957788
183945,L2/3 IT,0.34056324,0.050852537
206924,L6 CT,-0.22439742,0.01941377
165098,VLMC,0.23687613,0.37181652
60392,L4/5 IT,0.20270759,0.18909061
9012,PVM,0.19089454,0.26308864
60380,Astro,-0.053649038,-0.23735896
165045,PVM,0.39239246,0.039778054
230601,L2/3 IT,-0.020259142,0.3893913
276009,Oligo,-0.068958014,-0.22986507
276004,Micro,0.26330543,0.21149868
230621,L2/3 IT,0.047573447,0.29637212
263820,L6 IT,-0.2892689,0.12197691
94991,Oligo,-0.0039584637,-0.21138638
60928,Oligo,0.057135165,-0.25292516
183457,L2/3 IT,0.0761438,0.3161636
61482,Oligo,-0.027532935,-0.24289471
207711,Peri,0.1153363,-0.29721183
276107,L6 CT,0.028268337,-0.053824484
61454,Astro,-0.26561975,0.19105041
240560,Oligo,0.2046439,-0.36157048
269772,Astro,0.2790625,-0.28400874
235848,L5/6 NP,-0.3148686,-0.29654914
207687,L6 CT,0.013948023,-0.0720751
264039,Oligo,0.07995963,-0.27987826
94030,L6 CT,-0.10100934,-0.03939125
166585,L6 IT,-0.14593309,0.10894501
61367,L5 IT,-0.17227167,0.19948655
166395,VLMC,0.3493008,0.26993012
166386,L2/3 IT,0.14400738,0.30348903
269792,Pvalb,-0.05628428,0.28300476
166351,L5 IT,0.2496444,-0.035128683
61326,Oligo,-0.009842485,-0.14913386
94085,L6b,0.06701344,-0.23595482
61308,L2/3 IT,0.24747622,0.3558814
94133,Endo,0.20360082,-0.3462322
94134,L5 ET,0.09308958,-0.0203076
9268,L4/5 IT,0.3641399,-0.01843965
207608,L4/5 IT,0.1407386,0.19476539
12822,L5 ET,0.13771522,-0.050024003
61262,L5/6 NP,0.08067167,-0.10806811
230914,L5 IT,0.05274135,0.15590572
61521,Vip,-0.11791295,0.40861517
9340,L5 IT,0.07233745,0.1503439
93541,L6 IT,-0.2132968,0.0903092
166746,L2/3 IT,0.16402596,0.31248182
24024,L6 IT,-0.30939293,0.18109667
264145,L6 CT,0.21403575,-0.38169512
24026,L4/5 IT,-0.32567468,0.24644029
61637,Oligo,-0.0072140098,-0.22662672
93605,Pvalb,0.11463648,-0.10059926
244410,PVM,0.3333996,0.28461403
61620,Astro,0.24491268,0.12772977
16990,L2/3 IT,0.08446962,0.34693986
61506,Endo,0.097022355,0.4387166
93662,Endo,0.10430843,0.110319436
93718,Endo,0.26171154,0.100334644
93724,Astro,-0.19633397,0.20357102
9311,L6 CT,0.012297213,-0.09658331
93736,Oligo,0.07590783,-0.28367263
166656,L6 CT,0.21337873,-0.3469166
166646,L2/3 IT,0.007842243,0.3431703
93795,L6 CT,0.016628146,-0.18113092
183449,L6 CT,0.23013401,-0.19833955
166610,L6b,-0.20349503,-0.11386508
276117,L4/5 IT,0.33597064,-0.007901877
61522,L6 CT,-0.037933856,-0.12765718
166691,L6 CT,0.03458911,-0.096464634
230543,L6 CT,0.21613687,-0.3380934
251554,L6 IT,-0.31786963,0.049563468
94235,Endo,-0.06171009,-0.10794899
24452,Pvalb,-0.3029309,0.13062626
61048,Sst,-0.19563958,0.14560658
6760,L2/3 IT,0.3187695,0.19691408
263913,L6b,0.109157085,-0.24319234
94737,SMC,-0.33647633,0.178693
251659,Oligo,0.13492525,-0.29647386
24488,Peri,-0.34591186,0.14289075
94757,Micro,0.026209354,-0.24719808
94766,Endo,0.21182877,-0.10316831
165850,L5 ET,0.3328569,-0.15796584
230790,Endo,0.26309764,0.2683035
94677,Astro,0.11561906,-0.36434495
94781,Micro,0.19566357,-0.24090111
9159,PVM,-0.2622255,0.38572812
60992,Astro,-0.31948388,-0.047585756
16918,Endo,0.20394051,0.36773068
165766,Oligo,-0.030660808,-0.039062798
280107,Oligo,0.107320905,-0.25158283
94878,L6 CT,-0.2794572,0.08044815
94899,L2/3 IT,0.2314102,0.30249494
230762,PVM,0.07682854,-0.1569539
235882,Oligo,0.12431085,-0.30854744
218542,Micro,0.23203152,-0.13827589
24590,Astro,-0.3677618,-0.07913545
251676,L5 IT,0.08739048,0.21070021
248554,L4/5 IT,0.37032753,-0.03205082
94633,Endo,0.057760477,-0.09536907
24406,L4/5 IT,0.31170666,-0.03416285
207593,Endo,0.034549177,0.19619608
166276,L5 IT,-0.13452843,0.18495136
61248,L2/3 IT,-0.068944305,0.32115692
94275,Astro,0.3026886,0.18877906
16961,L6 CT,0.21881181,-0.20329124
94304,Endo,-0.425102,0.09200233
207567,Endo,0.30684328,0.26710355
24331,L4/5 IT,0.33185828,0.01094538
166179,L5 ET,-0.02750504,0.12676835
94327,OPC,0.22528172,0.36572158
94361,Endo,-0.10903162,0.27716506
183618,Vip,0.062465012,0.19784987
244460,Astro,0.064680815,0.15052092
207511,Oligo,0.045668364,-0.27042675
94404,PVM,-0.27902818,0.19707602
230847,L2/3 IT,0.25355774,0.24867761
183578,L2/3 IT,0.15187758,0.32319963
61143,L6 IT,-0.28020024,0.10860586
183591,Endo,0.10608715,-0.29905388
61126,L2/3 IT,0.15028602,0.36679375
251622,Peri,0.06286305,0.21737123
263932,L2/3 IT,0.43332034,0.060085654
233332,L6 CT,-0.17364424,0.020522058
94542,SMC,0.18120068,-0.097970515
12847,L4/5 IT,-0.01657191,0.2446571
61682,Micro,0.16103703,-0.34971637
1575,SMC,0.23712754,0.3866951
16822,L6 CT,-0.38139865,0.022813141
184567,L2/3 IT,0.30815762,0.22517622
58974,Peri,0.36051214,0.24400783
25830,Endo,-0.29214478,0.10405606
8712,L6 CT,0.030198336,-0.107806474
98626,Vip,-0.26581126,0.30149972
163335,L4/5 IT,0.09573799,0.21666878
98641,L6 IT,0.11688441,-0.057370543
163332,Oligo,0.044430792,-0.25180048
25858,VLMC,0.41042382,0.24114716
98669,L5 IT,0.3669377,-0.03476748
234560,L5 IT,-0.07734904,0.20326746
98676,Astro,0.34244323,0.29425877
98681,Astro,-0.0702447,0.11228502
58883,Micro,0.286178,0.2115528
205944,Astro,-0.13286802,0.003284514
163307,L4/5 IT,0.23616207,0.15775454
163284,Peri,0.052713156,-0.029146254
98737,Endo,0.0865767,0.14939481
25886,Astro,-0.3299166,0.232764
280043,VLMC,0.42681414,0.22153568
184607,L5 ET,0.18885481,0.021429896
219301,L6 CT,-0.0073013306,-0.061121523
270215,Oligo,-0.14094326,-0.18696153
248330,PVM,0.36156982,0.24390143
206035,L6 CT,0.24059117,-0.31015378
230274,Oligo,0.035649717,-0.27328557
58997,Oligo,0.11494708,0.012259126
98024,PVM,0.2833141,-0.11548573
163605,L2/3 IT,0.22008866,0.3132329
98076,Micro,-0.29031205,0.40982342
163582,L5 ET,-0.20874983,0.17147017
163551,L6 IT,-0.18421638,0.08030599
98234,Oligo,0.36752397,-0.041275233
98257,Astro,-0.06945518,-0.1994791
25750,Endo,0.124179006,0.19385862
25761,Astro,-0.07843268,0.011441171
206106,L6 IT,0.15243345,-0.19414395
25767,VLMC,0.11235261,0.4434945
58837,L2/3 IT,0.16203296,0.2205072
242543,L6 IT,-0.18477392,0.054923475
163503,L4/5 IT,0.14357382,0.16971564
184545,Oligo,0.12065256,-0.019210726
98364,L5 IT,-0.16602066,0.18318123
234570,L6 CT,-0.14273709,0.006054342
252093,Endo,0.23137212,0.1857636
98393,L4/5 IT,0.02217573,0.17970645
184555,Peri,0.34928143,-0.08951515
59023,L5 IT,0.3606634,-0.16557747
98441,Lamp5,0.16391313,0.31328875
98457,PVM,0.28564227,0.17108202
98459,L6 IT,-0.30238217,0.03526914
59059,Oligo,-0.0398207,-0.1569865
98788,Astro,0.35939932,0.27734113
252144,L6 IT,-0.46370864,-0.0050412416
58817,L6 CT,-0.058235496,-0.054460227
58613,L5 IT,-0.22794744,0.13821518
99234,L6 CT,0.2327978,-0.24444976
205798,L6 CT,-0.031849205,-0.034530133
1739,Endo,0.30965096,0.27233136
26062,Oligo,0.16311353,-0.17446
99265,L6 CT,0.23028767,-0.24601778
162898,OPC,0.23199719,0.33006543
58567,Oligo,-0.08093345,-0.18385729
99344,Micro,0.26205355,0.29523885
58556,L6 CT,-0.011092961,-0.11944151
205770,L4/5 IT,0.048210144,0.20252633
162931,L4/5 IT,0.01824975,0.28197807
205768,Oligo,0.04810816,-0.27060935
219380,Peri,0.0091612935,-0.08554864
99411,Oligo,0.07829499,0.10190803
58506,L6 CT,-0.26678652,-0.06685579
99463,Micro,0.20784587,0.3925709
1758,Vip,0.42204827,0.08538175
99516,L5 IT,-0.23018476,0.13569272
99603,L2/3 IT,-0.21663776,0.3665058
8580,L4/5 IT,-0.2568637,0.26513326
242518,Astro,0.12935752,-0.42132038
184765,L5 IT,-0.25333828,0.22366315
240165,L5 IT,-0.17836252,0.21648663
99360,Endo,0.16728383,-0.27894711
59267,Oligo,0.20027387,-0.19895929
162933,Astro,-0.26125735,0.4084735
99166,L4/5 IT,0.11884409,0.14531875
163225,Endo,0.36071473,0.13417333
98844,L2/3 IT,-0.22179961,0.38538212
58796,L2/3 IT,-0.2675599,0.32932752
184610,L6 IT,-0.1237385,0.045348108
58782,L4/5 IT,0.13699341,0.15509975
252157,Oligo,-0.36998922,0.12287116
58774,VLMC,0.41635662,0.22377521
238516,L5 IT,-0.14466962,0.12364769
163165,L4/5 IT,0.1478535,0.23744172
163160,VLMC,0.34294254,0.3342539
98992,L6 CT,-0.18291894,0.00014716387
162947,Oligo,-0.22664124,0.16859764
58745,L6 CT,0.1788255,-0.18556753
244695,L6 CT,0.2120632,-0.14368746
99065,L5 IT,-0.13615143,0.19471484
25982,Oligo,0.021650255,-0.22781953
184692,L2/3 IT,-0.07642102,0.41486913
58688,L4/5 IT,0.3161673,0.00018554926
58676,L6 CT,-0.04594499,-0.13241619
1737,Peri,-0.28164387,0.03283137
99094,L5 ET,-0.035094023,0.10537028
26020,Micro,0.072250485,0.3614999
58649,Oligo,0.26989275,-0.04686117
162966,L4/5 IT,0.09861064,0.17596477
99036,L2/3 IT,0.1244213,0.29016066
1665,Astro,0.05100155,0.14577466
25626,VLMC,0.3908419,0.25813627
219123,Astro,0.36890835,-0.14688304
97031,Vip,-0.3643136,0.1993863
59810,OPC,0.19860178,-0.17243314
97060,Micro,-0.07893628,-0.1501143
238570,L6 IT,-0.2104424,-0.06765303
206563,L6 CT,-0.24047455,0.09675509
164352,Oligo,-0.20147294,-0.14312983
97071,Vip,0.3000427,-0.16578075
206560,L6 CT,0.1486066,-0.09551954
235994,L6 CT,0.24324566,-0.2514962
218890,Lamp5,0.1167109,0.16376954
97101,Oligo,0.1734482,0.19555229
97008,Oligo,0.07402521,-0.2593432
164315,Oligo,-0.05792898,-0.21989113
97144,L5 IT,-0.19878492,0.1462329
59743,L6 CT,-0.12650794,0.04431045
59735,L2/3 IT,0.17623502,0.31473076
1607,L6 CT,0.08473724,-0.07750991
184248,Endo,0.12444967,0.19654089
164255,L5 IT,0.3154652,-0.0974552
97253,Peri,0.09666383,-0.17456374
59702,Oligo,0.17889404,-0.32153922
248386,L2/3 IT,0.3971671,0.0015340447
206475,OPC,0.34803778,0.15319347
97321,L6 CT,0.19990575,-0.3952094
218930,L6 CT,-0.13911173,0.028587162
97326,Pvalb,0.09103572,0.30612576
206594,Oligo,-0.40540445,0.14421886
59875,L2/3 IT,-0.24431178,0.35080475
206698,L4/5 IT,0.016688287,0.1970194
263557,L2/3 IT,-0.21853882,0.35251057
1577,Astro,0.11536819,0.35062206
96771,L6 CT,0.15873969,-0.25742462
218827,L2/3 IT,0.104729295,0.2299816
240626,L2/3 IT,-0.2127758,0.38046306
96795,L2/3 IT,-0.18855894,0.388781
96799,L6 CT,-0.06946045,0.0050751567
59968,Endo,-0.26787794,0.048478365
59947,L4/5 IT,0.18364334,0.05714643
96818,Astro,0.13870162,-0.35545075
96957,Peri,0.16441762,-0.0413374
13016,Vip,0.13735741,0.38260835
96825,Micro,0.20103723,0.32544088
96843,Oligo,-0.123741,0.31183589
96847,Endo,0.14841503,0.38668394
96852,Astro,0.08054173,-0.118246466
59904,L5/6 NP,0.35240299,-0.1295332
184123,L2/3 IT,0.22403842,0.30164117
25230,Peri,-0.32385394,0.18439704
184132,Astro,0.22780544,0.3746571
96893,L2/3 IT,0.14399129,0.34941
96929,OPC,-0.3022745,0.3285293
235983,Oligo,0.17416763,-0.32960114
218833,Peri,0.15290278,-0.22957
8945,SMC,0.4254983,0.17114991
59668,VLMC,0.2662651,0.38334417
25399,Oligo,0.2496453,-0.2561228
270123,Astro,-0.258543,0.40873855
244616,L2/3 IT,0.39182043,-0.028019607
59462,L6 CT,-0.27390817,0.13700432
163898,PVM,0.35797584,0.03113103
97668,L5 ET,-0.07794452,0.08356714
59444,Endo,0.021125734,-0.22479501
184395,L6 CT,-0.26823175,0.1013037
59418,L2/3 IT,-0.21963626,0.34275806
236026,L6 CT,0.26734656,-0.30866423
163863,L6 CT,0.13401783,-0.114887476
163836,L6 CT,0.09391081,-0.10248712
13041,Pvalb,0.21602315,0.2696526
16768,L6b,0.01970625,-0.19502455
270136,L6 IT,-0.24619249,0.0697971
97754,L2/3 IT,0.07882017,0.30806112
263367,Endo,0.21792978,-0.28150722
8799,Micro,-0.14964673,0.387433
97777,L4/5 IT,-0.1686841,0.23402333
97812,L5 IT,-0.31379974,0.19403124
97817,Oligo,0.11121279,-0.102831244
97840,L5 IT,0.13760465,-0.087946504
163789,L5 IT,0.0327484,0.012395382
163765,L6 CT,0.24239105,-0.34202212
163763,Astro,-0.15821153,0.41206348
25573,Oligo,0.0029307008,-0.23672006
25395,Astro,-0.055757135,0.12617004
163950,L6 IT,-0.33369273,0.1611737
97627,L4/5 IT,0.118855655,0.17052263
236016,L6 IT,-0.36212158,0.036767364
263452,L5 IT,0.35346228,-0.10768017
206425,Oligo,-0.01373148,-0.21005386
59640,L2/3 IT,-0.20284742,0.3430506
59630,L5 IT,0.022858858,0.15811461
233364,OPC,-0.22705254,0.11742145
263448,L2/3 IT,0.10907662,0.32127684
251999,Oligo,0.0867722,-0.26320097
263437,Endo,0.16552842,0.12124127
184339,L6 CT,0.12089616,-0.127662
97483,L4/5 IT,0.15154684,0.16515994
238546,L6b,-0.49445847,-0.06578416
263435,OPC,0.35138315,0.033492267
230435,Astro,-0.26943314,0.18961275
97498,Astro,0.04878348,-0.28627145
97517,L4/5 IT,0.3705718,-0.05240786
97533,Oligo,-0.0032283366,-0.051158726
244613,Astro,-0.33257782,0.0023174882
219014,L2/3 IT,0.42664647,0.062901914
206381,PVM,0.13576531,0.3724174
59528,L4/5 IT,0.3607024,-0.048091114
97561,PVM,-0.07161185,-0.23835602
97571,VLMC,0.3727175,0.25690395
163986,Astro,0.18793392,0.41406804
164061,Endo,-0.35060337,0.027558386
93501,L2/3 IT,-0.26977235,0.3597527
166806,L4/5 IT,0.13909358,0.18958622
23968,Oligo,0.03509891,-0.09193167
9874,Oligo,-0.36043477,0.106359005
209359,Astro,-0.15179291,0.095002115
9868,L6 IT,0.26616532,-0.14260021
182358,VLMC,0.12581313,0.42427564
17193,L2/3 IT,-0.16003516,0.39996612
994,L6 CT,0.11176127,-0.2671713
64191,L5 IT,0.31072563,-0.031128198
182380,L2/3 IT,0.35452026,0.05869913
169822,L4/5 IT,0.39808214,-0.07591477
209313,L6 IT,-0.1740866,-0.054166406
22463,Oligo,0.07386118,-0.2719475
88326,Oligo,0.1911999,-0.41144875
64150,Oligo,0.13073254,-0.3293252
169814,L5 IT,-0.28104246,0.19635344
88375,L6 CT,0.24923933,-0.27296406
88378,L6 IT,-0.16840857,0.07033992
88404,L6 CT,0.21437919,-0.24827403
64136,Pvalb,0.11294401,0.07047844
64132,L5 IT,0.26415837,-0.022515535
88504,VLMC,0.285115,0.3673069
88505,Astro,0.08724588,0.10925269
169794,L6 CT,0.02360034,-0.028367758
64106,PVM,-0.0034725964,-0.20912468
88181,L4/5 IT,-0.12859014,0.27291995
269377,L6 CT,-0.31777364,0.08103204
169908,L6 IT,0.25645268,-0.25779736
182352,Oligo,0.11441642,-0.33051872
170042,Oligo,0.13447487,0.19842893
64375,L5 ET,-0.24539334,0.15724128
64365,L5 IT,0.21652085,0.0008761883
170014,Astro,0.22418469,0.13331628
87802,Astro,0.2702644,0.34308642
182337,Oligo,-0.012427956,0.27081746
170009,L2/3 IT,-0.24658725,0.38632983
209440,Endo,0.10882932,0.16151035
269338,Endo,-0.014307857,-0.2164385
64319,Peri,-0.21959913,-0.20016414
169961,Endo,0.14707512,0.11123127
64103,L2/3 IT,0.32388753,0.20538932
280168,L2/3 IT,0.15752816,0.33922356
22394,L6b,0.023120165,-0.22346896
88000,L5 IT,-0.24877477,0.2560444
169931,Oligo,0.18183005,-0.39918816
265063,L6 CT,0.2541467,-0.2678876
169920,Astro,0.24541372,-0.23552144
64262,L5 ET,0.05093515,0.10771507
22408,L6 CT,-0.008387387,-0.040432245
88036,L2/3 IT,-0.112677574,0.3444414
88086,PVM,-0.22451007,0.050988972
17197,PVM,-0.14606479,0.42882365
209376,Astro,0.27847534,-0.05153781
217368,L5 IT,-0.28557497,0.22072232
88553,L5 IT,-0.38008612,0.1560291
217456,Oligo,-0.315041,-0.017911524
22505,Astro,0.19996685,-0.03848371
89098,L6 IT,-0.3017444,0.051205814
89100,L2/3 IT,-0.12892446,0.33947963
89101,L2/3 IT,0.26173794,0.19233167
231390,L6 CT,-0.1627348,0.011790454
89113,L4/5 IT,0.38206148,-0.07744962
89192,Endo,-0.35711992,0.06988937
89194,L6 IT,-0.07012567,0.0592407
89220,L2/3 IT,0.10545701,0.26600534
22722,Oligo,0.085146725,-0.1247637
22737,L6 IT,-0.113597125,0.09119314
209072,Oligo,0.13421959,0.043518603
239142,Peri,0.1384998,0.41985852
63728,L4/5 IT,0.0547055,0.22223663
63719,Astro,0.17721999,0.22229606
182577,Peri,-0.01222083,-0.025618821
89314,L6 CT,0.23754424,-0.23765779
22760,Pvalb,-0.31650567,0.11066073
22761,Pvalb,-0.15078852,0.24743378
63672,L6 CT,-0.021511465,-0.012944639
89361,Oligo,0.009313345,-0.22191125
231365,L2/3 IT,0.29246402,0.23110521
22773,Astro,0.38696098,0.09200454
89381,L5 IT,-0.19683114,0.17354739
169178,L6 CT,0.19892806,-0.12799665
89283,L5 IT,0.029289305,0.13666308
182314,Oligo,0.067589104,-0.28039536
276376,L5 ET,0.06714153,0.13644046
17169,L6b,-0.018626094,-0.22323391
169772,L6 CT,0.24945486,-0.31559247
264954,VLMC,0.31273043,0.3468768
88651,L5 IT,-0.17431411,0.23898184
88688,L5 IT,0.072398484,0.058269918
182471,VLMC,0.23983788,0.36774892
88718,Oligo,0.15379184,-0.3297364
64003,Sst,0.2785164,0.057682157
88729,L2/3 IT,-0.28089404,0.3133468
63976,SMC,0.19049066,0.4283567
22578,L4/5 IT,-0.12847692,0.1955651
88815,L4/5 IT,-0.2193039,0.27580142
17165,VLMC,0.1024158,-0.24530882
169609,L4/5 IT,-0.11897236,0.2958808
169587,L5 ET,-0.020466477,0.08200133
169584,L6 IT,-0.15944773,0.048415065
17174,OPC,-0.4289056,0.03465432
182511,L6b,-0.21320763,-0.10901895
240488,Lamp5,-0.24421471,-0.019326568
88903,L2/3 IT,0.2142601,0.27341253
251027,L5 IT,0.07261479,0.13878065
22620,L5 ET,0.28522444,-0.07459372
231418,L4/5 IT,-0.25180474,0.30192292
22635,L4/5 IT,0.23714542,0.06589246
88964,L2/3 IT,0.16489518,0.26968533
217488,L5/6 NP,0.33100957,-0.1165275
182307,L6 IT,0.07542521,-0.15515783
87740,L2/3 IT,0.33985585,0.100352466
170065,L6b,0.17242849,-0.36192936
265319,Astro,-0.014467925,-0.108156055
170809,OPC,-0.2912604,0.15248072
269239,PVM,0.10496813,-0.081394106
170772,L5 IT,0.051505327,0.16910845
217159,L5/6 NP,0.3223887,-0.100809306
209987,L6 CT,-0.3612797,0.11753774
65003,L5 IT,0.33293456,-0.08156857
231649,L2/3 IT,-0.17015228,0.41268152
209976,Micro,0.1477024,0.085868835
231640,Micro,-0.42607123,0.14909083
250800,L2/3 IT,0.008897483,0.33672434
170846,L6 IT,-0.28504992,0.13450557
265294,L4/5 IT,-0.031996787,0.25151747
182044,Oligo,-0.0071116686,-0.24443516
170658,Micro,-0.14402044,0.27320158
64932,Oligo,0.07813972,-0.26097366
64930,Oligo,-0.16552612,-0.038858086
86678,L2/3 IT,0.35101545,0.13054585
182074,L6 IT,-0.26126462,-0.044198126
22068,Astro,0.20358717,0.3828649
86716,L2/3 IT,0.004155457,0.36361116
170638,OPC,-0.23196608,0.09594476
269250,VLMC,0.43466735,0.22235215
86735,L2/3 IT,0.22133309,0.22802466
235601,Astro,-0.17913869,-0.1822221
170607,L2/3 IT,-0.27392435,0.33867192
86410,Peri,-0.18207082,0.091471195
65069,L6 IT,-0.36748165,0.12899137
85869,Pvalb,-0.21766269,0.30756497
21835,L5 IT,0.20177025,0.00076431036
65321,L4/5 IT,0.2624907,0.054018736
85928,L6 CT,-0.19779679,0.062264025
85962,Oligo,0.21608555,-0.10850629
85979,L5/6 NP,0.2663356,-0.16491601
171105,L2/3 IT,0.4265443,0.0152897835
181887,Pvalb,0.26883632,-0.096939236
10140,OPC,0.30625403,0.1611318
171043,L2/3 IT,0.242167,0.29854065
265370,Oligo,0.04739529,-0.25282496
86391,Oligo,0.08355296,0.18264389
12355,Lamp5,0.22828025,-0.02566588
265367,L4/5 IT,0.12740177,0.16527009
269181,Endo,0.26067322,0.10492152
86163,L4/5 IT,0.3554715,0.0022794604
21896,Astro,-0.25637868,0.3575418
210097,Oligo,0.17514426,-0.3168954
65164,L5 IT,0.05468905,0.14687741
86252,VLMC,0.4952355,0.08033872
170959,L6 CT,-0.16599149,0.102969766
65118,SMC,0.24835736,-0.011305451
170923,L6 CT,0.09802091,-0.12514883
65075,Astro,0.3264413,-0.09754607
171028,L5/6 NP,0.2824087,-0.061891973
217601,OPC,-0.00875476,-0.1877346
170576,Endo,-0.10445145,-0.025093257
86794,L6b,0.1695413,-0.3366356
217269,L5 IT,-0.22713292,0.21524256
87322,Endo,0.33531755,0.19063163
87337,PVM,0.30319458,0.19256061
269289,Vip,0.14478517,-0.19032264
170264,Micro,0.22218877,-0.02298832
265167,L5 ET,0.34369177,-0.12422684
87392,Astro,-0.09188542,0.023763299
9991,Endo,0.22529733,-0.25194484
87406,OPC,-0.32198322,0.13892919
250906,Oligo,0.11253148,0.22211015
170153,L6 CT,-0.14239433,-0.058650374
9998,L4/5 IT,0.0041908026,0.21270531
265127,L6b,0.11519736,-0.20660383
64470,Endo,0.17838198,0.41162127
269306,Oligo,-0.033728242,-0.24630052
209520,L5 IT,0.22733021,-0.051142097
170092,Oligo,0.05183947,-0.22586882
64429,L5/6 NP,0.30867028,-0.16968468
87636,L2/3 IT,0.13489306,0.3368851
87659,Oligo,0.026618898,-0.25496176
64412,L5 IT,-0.10672894,0.049800456
87693,Oligo,0.030683875,-0.23278174
170067,PVM,0.38865137,-0.0911437
87736,L2/3 IT,0.12305176,0.27921283
87540,L6 IT,0.11885208,-0.03408137
244067,L2/3 IT,-0.20585805,0.39438164
87223,Peri,0.18595123,-0.23755285
22193,L6 CT,0.07911396,-0.15736488
64813,L5/6 NP,0.31221437,-0.21651345
217222,Astro,-0.16153425,0.20620066
182116,L2/3 IT,0.43885666,-0.00831297
86850,Pvalb,-0.1953663,0.35553563
269269,Oligo,0.11299789,-0.45877865
182129,L5 IT,-0.04402393,0.113902986
250833,L6 CT,0.24577981,-0.2612873
86858,Peri,0.265437,0.26613462
10032,Oligo,-0.00029549003,-0.028201014
86952,L6 CT,-0.32145435,0.011992097
64743,Oligo,-0.15779465,-0.1335141
87189,L6 CT,0.25573945,-0.15039143
231588,L5 IT,-0.09296301,-0.37964424
10025,L6 CT,-0.24038011,0.13686109
182172,L5 IT,0.32079673,-0.08654669
64698,Astro,0.373267,-0.14842209
209753,L6 IT,-0.18077487,0.02871716
209739,L5 IT,-0.18297243,0.15810204
265192,L6 CT,0.2441262,-0.22478244
64665,Micro,0.15035999,0.1879757
22184,L4/5 IT,-0.2751304,0.27102655
22187,Astro,0.10569346,-0.24656007
64655,Astro,-0.2016767,-0.13278598
22190,L6 CT,-0.14616737,-0.1447784
10026,Oligo,0.09487522,-0.29986286
182614,Oligo,-0.3278957,-0.0010088384
238726,Oligo,0.16972178,-0.11417869
9730,Endo,0.13791549,0.19014394
91971,Astro,-0.1973075,-0.11436644
264388,L5/6 NP,0.26344496,-0.17491335
17062,L6 CT,-0.17457429,-0.08588806
208250,Astro,-0.27967313,0.35514545
218129,Endo,0.046598494,0.13112819
167625,Oligo,-0.15258741,-0.18380588
23538,SMC,0.41801143,0.096040726
23543,Peri,-0.43454483,0.22527552
62368,SMC,-0.08166087,0.24231827
92096,L6 CT,-0.08097634,-0.055282444
248644,L5/6 NP,0.22839355,-0.00872606
244325,L6 CT,0.16986454,-0.21182317
218143,L2/3 IT,0.18448359,0.32860863
208224,Oligo,0.075283825,-0.2852248
92195,Endo,0.20994538,0.2729439
167448,L6 CT,-0.13659793,-0.074930936
167439,L2/3 IT,0.034050465,0.28506756
231071,L4/5 IT,-0.062349647,0.23866504
231053,SMC,-0.001809448,-0.24263912
167418,Endo,0.23721373,0.36788273
92313,L4/5 IT,0.341371,0.0022295117
92316,Endo,0.25837767,0.19840884
218169,Astro,0.14284146,0.04172343
167394,Pvalb,-0.25633138,0.23328227
62322,Endo,-0.27315003,0.33511502
269679,L6b,0.17945737,-0.35773867
91954,L2/3 IT,0.3544339,-0.14331523
264404,L4/5 IT,0.36811924,-0.01657468
244311,L2/3 IT,-0.001593262,0.38664347
23385,Endo,-0.13426194,-0.14317748
251303,Astro,-0.28577903,-0.13761297
251308,Peri,0.06328237,-0.2484692
231168,Astro,-0.16447699,0.22251493
23415,L2/3 IT,0.10938227,0.35324526
91592,Endo,0.16891807,0.1900469
208375,Endo,-0.17341885,-0.16383457
23418,L5 IT,-0.2853102,0.23407632
167837,Astro,0.20460868,0.3925531
91706,L5 ET,0.2913146,-0.07850039
208277,L6 IT,-0.33662456,-0.00678879
91715,Pvalb,0.16268641,0.091343045
62533,L4/5 IT,0.12901497,0.14314294
91738,L6 CT,-0.32350618,0.13908952
278647,L6 IT,-0.3223938,0.042391002
167774,L5 IT,0.19883585,-0.08807257
235773,L6 CT,0.23136109,-0.20978442
218084,Endo,0.42321032,0.004211068
183080,Oligo,0.10813087,-0.25483096
167751,L6b,-0.33447963,-0.05133909
62476,L6 CT,0.22052604,-0.29261768
23489,L6 IT,-0.12618366,0.056366563
218095,L4/5 IT,0.38158995,-0.06918383
208326,Micro,0.28555208,0.34102988
208420,Peri,-0.30346075,0.23332226
167370,Oligo,-0.009309471,-0.16532189
92423,L5/6 NP,0.30604833,-0.09736022
183295,L2/3 IT,-0.21530369,0.39908016
9401,Astro,-0.25052446,0.38163733
61909,Endo,0.057294726,0.284038
167024,Oligo,0.06853801,-0.26842976
167000,L6 CT,0.058181584,-0.1713734
230966,OPC,0.116120875,-0.22879764
276151,L2/3 IT,-0.084175885,0.38712847
251459,Astro,0.46270543,0.037502766
61850,L5 ET,0.079757035,-0.015362084
93157,L5 ET,0.1943,-0.07876468
218280,L5/6 NP,-0.11689839,0.21402448
248603,Endo,0.011141956,-0.24757177
16999,Endo,-0.20511469,0.087069154
207937,L2/3 IT,0.050332308,0.27462506
93221,Peri,-0.21460333,0.22714514
239734,L2/3 IT,0.13751978,0.3249514
269739,OPC,-0.3043854,-0.048791945
166862,L6 CT,-0.13856572,-0.056199282
251473,L6 CT,-0.24275184,-0.030872613
264188,L6 CT,0.10266304,-0.09361839
93419,Pvalb,0.08134371,-0.020017475
93442,L6 IT,-0.401183,-0.06186366
61716,L2/3 IT,0.30713654,0.06617063
183386,Oligo,0.008281469,-0.21659806
93191,L6 IT,0.27809078,-0.16513923
208166,L6 CT,0.048740923,-0.12652892
9409,Oligo,-0.2049518,-0.15467682
269711,L6 IT,-0.34706056,0.091100335
167355,L6 CT,-0.20265916,-0.08447388
92431,Peri,-0.35079122,0.037238777
62188,L5 IT,0.21793205,-0.07772887
264306,Oligo,-0.033636212,-0.17688048
167353,L4/5 IT,-0.018080592,0.18664032
9460,L2/3 IT,0.0187276,0.3018105
92524,PVM,0.27700514,-0.0900777
167303,L6 CT,-0.107254,-0.054667324
23692,L6 IT,0.31562173,-0.16038448
62143,Lamp5,0.14961213,-0.11822146
92605,L2/3 IT,0.1906634,0.21720678
238643,L5 IT,0.23023945,0.054869175
23700,Oligo,0.069883466,-0.25646123
62067,L6 CT,-0.12456989,0.0071218014
92726,Endo,0.34865266,0.27796125
183253,L4/5 IT,0.3355443,-0.029922038
269697,Oligo,0.13645536,-0.29944026
61999,Oligo,-0.054558218,-0.22558144
92803,PVM,-0.18934923,-0.16097727
92835,L2/3 IT,0.1058293,0.37129378
61981,L6 IT,-0.21115667,-0.07418954
92852,L2/3 IT,-0.20234197,0.40124083
167163,Astro,0.10282028,-0.3512972
251442,Oligo,0.11893004,-0.28710118
218197,L4/5 IT,-0.059540153,0.23836315
85829,L6 CT,0.1689493,-0.22024202
167963,L6 CT,0.18040007,-0.2446922
91456,L2/3 IT,0.06506771,0.33129317
239143,L2/3 IT,0.16278905,0.2831114
264714,L4/5 IT,-0.0319106,0.24023199
168808,L2/3 IT,0.09893823,0.354679
90015,Peri,0.032487154,-0.24726117
9681,L4/5 IT,0.104061484,0.19021153
208811,L6 IT,-0.09717259,0.06261927
12571,L2/3 IT,-0.23956084,0.33588052
9675,L4/5 IT,0.36368805,-0.019340128
168771,L6 CT,0.079171956,-0.12730014
63290,L6 CT,0.05309266,-0.14060304
168748,L6 CT,-0.06097883,-0.06625441
264715,L6 IT,-0.28673077,-0.007093787
90066,L2/3 IT,0.20027536,0.31186217
217753,Endo,0.4438882,0.035115898
217755,L5 IT,0.19533908,0.026942432
90161,L4/5 IT,0.38152915,-0.075512886
63240,L5 ET,0.27235276,-0.040780544
90170,Oligo,0.13689297,-0.0944449
1155,L6 CT,-0.12802216,-0.062379956
90226,Oligo,0.07910925,-0.28640833
63211,Oligo,0.06677288,-0.28625286
90332,L6 CT,0.26905507,-0.2155419
63173,OPC,0.3311538,0.25494957
168625,L6 IT,-0.4004848,0.023862958
239147,L6 CT,-0.20358616,-0.01814732
242778,L4/5 IT,0.33018792,0.07625115
89948,L4/5 IT,0.25069553,0.01981461
63390,Astro,0.0076184273,-0.280384
208957,L6 CT,0.24936575,-0.31045598
89609,L2/3 IT,0.38854325,-0.0143610835
208940,Endo,-0.20152357,0.4304592
22833,L5 IT,-0.044917136,0.16106659
231355,L6b,0.18235701,-0.328058
168983,L2/3 IT,0.3783434,0.061922073
9715,L6 CT,0.23837447,-0.29012316
168969,Endo,0.24944085,0.34638625
235705,L4/5 IT,0.07408333,0.18798804
231354,L6 IT,-0.3168023,0.000857234
89728,Oligo,-0.26405674,0.23996878
1126,Lamp5,-0.05006075,-0.025141448
89735,L6 CT,0.21845019,-0.36971617
89794,L2/3 IT,0.123318136,0.25108665
63478,L4/5 IT,-0.08548203,0.21189976
234755,L5 IT,-0.30429065,0.15769076
168911,VLMC,0.24598652,0.38188845
208882,SMC,0.12914783,0.2722926
264730,VLMC,-0.001919359,0.472355
89873,Astro,0.012117922,0.20209628
182708,Oligo,-0.10125679,-0.019725174
182710,L4/5 IT,-0.14387482,0.2560768
208867,VLMC,0.14823413,-0.38133883
89909,L6b,-0.031888038,-0.16911036
217682,SMC,0.11715114,0.32806832
233311,L6 CT,0.04769343,-0.048627764
9648,Astro,0.11947572,-0.30291367
90424,L4/5 IT,-0.16063958,0.29591358
264537,L5 IT,0.3653353,-0.12955847
91023,L2/3 IT,0.056077182,0.29042667
23268,L5 ET,-0.15193874,0.19892722
168152,L5 IT,-0.24669954,0.2437554
62837,Micro,0.09169179,0.13979733
91064,Astro,0.09798598,-0.26505792
208536,Micro,0.13230264,-0.35633528
91089,L6 CT,0.25203866,-0.22101635
91115,L6 CT,-0.08590981,-0.11535022
91157,Pvalb,-0.16461489,0.16854006
168141,Sst,0.08646864,-0.070402265
168216,SMC,-0.30867195,0.18706393
168111,Pvalb,-0.4072031,0.14040178
208504,PVM,-0.26650858,0.36537766
168061,L2/3 IT,0.13463193,0.3682322
12666,L6 CT,-0.14840913,0.04655379
168029,Oligo,0.12851477,-0.33217138
62722,Astro,0.04954958,-0.25047725
23358,Astro,0.07750136,-0.3142405
91329,Oligo,0.018805623,-0.25258994
208448,L2/3 IT,0.16639304,0.29031718
183006,Astro,-0.40280527,0.06781089
9587,L2/3 IT,0.14477623,0.35404128
23373,L6 CT,-0.3656846,0.1175282
62758,L6 IT,-0.30231452,0.0025606751
251205,L4/5 IT,0.14549935,0.21092814
208564,SMC,0.2615162,0.29478824
62910,L6 CT,0.22810507,-0.2032468
168521,L6 CT,0.19551033,-0.15805608
12608,L6 CT,-0.40400153,0.043328464
1184,L5 IT,0.26941705,0.0073191524
242759,L2/3 IT,0.06696159,0.25259805
168465,L5 ET,-0.23690876,0.175753
182857,Endo,0.0021116734,-0.12247616
63072,Oligo,-0.106208354,-0.21078643
264607,Oligo,-0.31193173,-0.041070998
90528,L5 IT,0.20637733,0.21515208
63057,L5 ET,-0.18646824,0.122730434
208664,Micro,-0.23131761,0.22625726
264543,L4/5 IT,0.38077825,-0.03056097
63045,L6 IT,0.2577803,-0.19251546
264588,L6 CT,0.18592751,-0.31676996
240511,L5 IT,-0.21527514,0.21265769
264581,Lamp5,0.4418332,-0.014730334
242751,L6 CT,-0.03820327,-0.025179803
208646,Oligo,-0.27088186,-0.09017205
90705,Oligo,0.19274312,-0.013540566
62975,Oligo,0.09524912,-0.27008379
62970,L6 CT,-0.23987022,-0.051593006
208622,Endo,-0.21471447,0.18245655
17090,L6 CT,-0.44784594,0.06802678
62915,Astro,0.04516542,-0.35263258
208663,Vip,0.17720795,-0.1283957
260221,Astro,0.12436032,0.3813221
246211,Lamp5,-0.26177245,0.37512797
45417,L2/3 IT,0.41105098,0.019039392
258321,L4/5 IT,-0.084219724,0.27752447
228053,L6 IT,0.133587,-0.15818614
279385,L2/3 IT,-0.009804219,0.3000164
33764,Oligo,0.111720204,-0.10547751
119291,L2/3 IT,0.2978993,0.12100965
127014,Endo,0.29909426,0.18055695
123099,L6 CT,0.15083069,-0.15754214
119284,L6 IT,0.26780146,-0.12596488
34899,Oligo,-0.37067467,0.010178506
141762,L6 CT,-0.48075727,-0.04682368
119336,VLMC,0.23726833,0.39770108
46469,L2/3 IT,-0.2708984,0.32459104
236867,L6 IT,-0.3736879,0.03474641
227702,Micro,-0.29141408,0.04853344
46444,L6 IT,0.22551209,-0.264936
126977,OPC,-0.39463738,-0.083945125
32602,L2/3 IT,-0.29536024,0.3288945
279628,L6 IT,-0.29100785,0.0011428595
189442,PVM,0.123271406,0.23016238
119268,Pvalb,-0.37271255,0.15895075
46438,VLMC,0.38680166,0.2610075
130273,Astro,0.25385392,0.058472037
130251,Oligo,-0.092185706,-0.21245176
198034,L2/3 IT,0.15528554,0.34486336
227706,L6 IT,0.06826341,-0.06256729
48284,Oligo,0.024501204,-0.025711358
272237,L6b,0.009502947,-0.18722916
193967,L2/3 IT,0.14719397,0.23413104
195674,L4/5 IT,0.097890675,0.28376168
44387,L6 CT,-0.36929536,0.06073153
15965,Oligo,-0.12690648,-0.08923882
139568,Endo,-0.08953315,0.30640298
48234,VLMC,0.25354117,0.34590966
42905,Oligo,0.06375986,-0.29644156
191014,Oligo,0.22751915,-0.2481575
119426,L4/5 IT,0.13302052,0.28460264
259677,Oligo,-0.4615672,-0.056230694
48247,L6 CT,-0.18164372,-0.019994348
119415,L6 IT,-0.19572175,0.0009396672
279632,L2/3 IT,0.13877219,0.23063177
150656,L2/3 IT,0.44532543,-0.02388829
14694,L2/3 IT,0.27492112,0.25456375
191854,L2/3 IT,-0.1903818,0.3483799
195656,L4/5 IT,0.38078028,-0.059690565
143956,Oligo,-0.39598805,-0.016357332
134100,L5 ET,0.15669268,-0.07452583
6379,Astro,0.17390478,0.3698659
150694,Astro,-0.26310116,0.18497008
241307,L2/3 IT,-0.25112683,0.37787527
196828,Oligo,0.090352416,0.17115521
130274,Oligo,0.123934746,-0.30334145
5176,PVM,0.06676108,-0.3172819
148591,L6 CT,0.20322794,-0.30297083
226222,L2/3 IT,-0.24599227,0.39452195
234007,L2/3 IT,0.30230337,0.09243405
33801,L4/5 IT,-0.00503844,0.23856062
246689,Endo,0.20939732,0.25766957
146170,Oligo,0.07038885,0.10772246
37322,Endo,0.37956357,-0.0041535795
234195,Sst,0.39316362,-0.057063222
148541,Oligo,0.04630685,0.19626427
39053,Endo,0.20890337,-0.08302978
119098,L5 IT,-0.16828766,0.22359955
196868,Endo,0.27488452,-0.20320737
246937,L5 IT,-0.0894967,0.1915279
189473,VLMC,0.14909512,0.44152397
15129,Oligo,-0.27728456,-0.12137848
237754,L2/3 IT,0.13712072,0.35143006
255587,L2/3 IT,0.33720493,0.08027583
15427,Astro,0.29233915,0.11933589
3263,L4/5 IT,-0.2505684,0.304448
130485,L6b,0.13682413,-0.28603384
143823,L5 IT,-0.2064963,0.22685188
226778,Oligo,-0.017086893,-0.22944286
5148,L2/3 IT,0.1429975,0.32692713
233599,L2/3 IT,-0.09896171,0.34445024
227686,L6 IT,-0.28074312,-0.031994313
191011,L4/5 IT,0.3309902,-0.06492549
48407,Oligo,0.085265875,-0.27720785
150801,PVM,0.0074762106,-0.13065213
123145,L4/5 IT,0.3909707,-0.04101473
40978,VLMC,0.28550816,0.33911544
256135,L2/3 IT,0.15012008,0.19473922
225126,L2/3 IT,0.0056203604,0.36218494
38190,VLMC,0.23769265,0.38600212
274048,Astro,0.15954453,0.2196961
143914,Endo,-0.10694596,-0.16983345
146142,L5 IT,-0.22352776,0.2001195
141785,Peri,0.44336092,-0.01552701
36981,L2/3 IT,0.26590514,0.20431536
222557,Oligo,0.11608881,0.20825696
148576,L2/3 IT,0.15250176,0.28121293
35999,L2/3 IT,-0.23129645,0.37654597
246474,Astro,-0.30486572,0.06423104
279817,L6 CT,0.056661785,-0.09586644
46408,Oligo,-0.1098102,0.16949302
119231,Peri,-0.3196866,0.032886982
5169,Astro,0.3256246,-0.15536794
134050,Astro,0.07963437,0.1667127
222548,L2/3 IT,0.35896856,0.119466305
197978,Astro,-0.16684642,0.13974595
41008,Astro,-0.2107149,0.00404346
273779,L4/5 IT,0.07586658,0.22874957
254273,L6 CT,-0.32036835,0.18951249
259720,L5/6 NP,0.03438127,0.0947237
141748,L2/3 IT,-0.17808697,0.39800256
146072,L6 CT,0.114180505,-0.104575306
189419,Oligo,0.20384568,-0.25787657
199048,L5 ET,-0.16670355,0.108425796
190358,L4/5 IT,0.3759811,-0.0831269
127150,L6 CT,0.17807788,-0.21501946
190349,SMC,0.033147573,0.38312358
119855,L5 IT,-0.12240276,0.09254587
257820,Peri,0.09852797,0.20762604
14697,L6 CT,-0.21256542,0.093446076
279400,L6 IT,-0.23016167,0.10016489
256154,L4/5 IT,-0.09416515,0.22329617
119911,L6 CT,0.2470758,-0.20938608
119851,L5 IT,0.032167554,0.12944525
188814,Astro,-0.031299263,-0.20816079
199083,L2/3 IT,0.18113065,0.33361012
39136,L2/3 IT,0.1501748,0.2688713
122877,L2/3 IT,0.081778646,0.27202308
122885,Endo,-0.22699305,0.41098207
32752,Oligo,0.11918807,-0.27574584
46575,L2/3 IT,0.337439,0.2036261
279242,Endo,0.20063317,0.07128233
150489,L6 CT,0.1689316,-0.203399
246044,PVM,0.23222631,-0.008441031
188821,L6 CT,-0.09234238,0.004386604
129837,L2/3 IT,-0.22512278,0.35471535
258299,Astro,0.335563,0.2650532
227985,L5 IT,-0.17178395,0.135696
192433,L6 CT,0.2198919,-0.42504165
198103,Oligo,0.22206616,-0.29067874
127280,L5 IT,0.048726678,0.10194212
37830,Pvalb,0.20181888,0.32866436
225705,L5 IT,-0.17287424,0.19952112
226885,L5 ET,0.024008095,0.15983492
195809,L5 IT,0.083759904,0.14931291
141265,L5 IT,0.28734636,-0.07920641
137729,Oligo,-0.061944366,-0.19740075
144200,Micro,0.09369463,0.28116584
129726,SMC,-0.29646403,-0.082778424
122811,Peri,0.28214765,-0.06288409
39154,Oligo,-0.2916863,0.22861779
32807,Sst,0.40017503,0.10268307
3989,L6 CT,0.04491484,-0.13087684
247547,Pvalb,-0.23796096,0.16572165
190918,Endo,-0.32430276,0.2723844
129775,Micro,0.08175033,0.3064196
35007,Endo,0.24464172,0.3280512
39614,L6 CT,-0.059499264,-0.06071517
122812,L6 CT,0.030329525,-0.16038623
188841,L5 IT,0.25889975,0.027692199
122824,L6 CT,-0.15640709,0.03806162
193423,L6 IT,-0.20832959,0.15648723
188798,Peri,-0.045763403,-0.1525115
277781,L6 IT,-0.15732884,-0.048496693
236880,OPC,-0.32919392,0.019881904
144021,L6 IT,-0.09607586,0.09001547
5497,Peri,-0.011853248,-0.069657505
198045,L2/3 IT,0.075330496,0.3891104
40411,Endo,0.07859945,0.29135913
148681,L4/5 IT,0.3330111,0.052393496
146054,Oligo,-0.07661259,0.20597178
234019,Oligo,0.17386949,-0.27674025
139585,L5 IT,-0.20119354,0.17807704
6370,Micro,0.20773035,-0.32377326
46529,OPC,0.13435942,-0.341059
40954,L4/5 IT,0.37122816,-0.040982366
259645,L5 IT,0.06686163,0.16606075
119498,L5 ET,0.37498116,-0.14454308
32683,Peri,0.1015234,0.15317863
259652,L5 ET,0.29131728,-0.079999745
130057,Micro,-0.05218011,0.23548913
42938,L6 CT,0.12058455,-0.15803418
279389,L6 CT,-0.038914293,-0.10985547
273171,Micro,0.043855965,0.21726316
189432,L2/3 IT,0.2064758,0.31468332
135226,L6 CT,-0.43737772,0.075933754
38168,L6 IT,-0.21560219,0.018794656
15419,L4/5 IT,-0.12086007,0.2922868
144024,Astro,0.31869608,0.25179434
137786,L2/3 IT,-0.2527529,0.27360475
241658,L2/3 IT,0.15506685,0.3325175
6369,Oligo,0.17078066,-0.21096161
222628,L6 CT,0.081103265,-0.19926739
134174,L6 CT,-0.09319329,-0.052377313
223209,Peri,-0.15024078,0.054218054
48122,L5 IT,0.32515776,-0.14057124
136715,L2/3 IT,0.18704367,0.28058624
222619,L2/3 IT,0.0621984,0.2960376
259633,L6 CT,-0.15223068,0.0066288114
241305,L4/5 IT,-0.14401373,0.3253755
44326,L2/3 IT,0.40595508,0.11597586
271969,SMC,0.011229396,-0.2742536
134163,L5 IT,-0.3138315,0.158463
129948,L2/3 IT,-0.07328263,0.3099383
150564,Astro,-0.19010681,0.43244416
15845,Oligo,-0.30934605,0.066158
46558,L4/5 IT,0.35894662,-0.04868269
119547,L4/5 IT,0.14138299,0.16898853
225719,L2/3 IT,0.09408295,0.317482
233706,Endo,-0.24425694,0.25264
195710,L5/6 NP,0.25137806,-0.04528463
274075,L2/3 IT,0.45781487,0.0018342137
189426,Astro,0.16280836,-0.3449108
44353,L6 CT,0.23093331,-0.21943566
225134,L5/6 NP,0.18449867,-0.0024745762
227196,Astro,0.3027588,0.2549315
130523,L4/5 IT,0.39561433,-0.031873018
36044,L6 CT,0.25767016,-0.21539497
150927,Oligo,0.11324519,-0.31293586
133808,Endo,0.15527713,0.18686533
136486,Endo,-0.084017515,0.16229188
36946,L2/3 IT,0.21495825,0.21410507
37681,Astro,0.085167766,0.18523705
258925,L2/3 IT,-0.20360887,0.39980298
259838,Oligo,0.0539006,-0.26331264
123664,Micro,-0.24514335,0.3470853
199519,Astro,0.17816496,0.28826886
193878,L6 IT,0.29690665,-0.15213698
257576,Astro,0.19303626,0.090753496
246499,VLMC,0.2119205,0.4128905
192990,VLMC,0.2640491,0.3688752
131162,L6 IT,0.1664977,-0.10893139
256317,L4/5 IT,0.31188864,0.00062805414
133779,L2/3 IT,0.09634304,0.25647962
15187,L6b,-0.28558624,-0.0677104
188521,Oligo,-0.35320318,0.08503854
42484,Peri,0.03679061,-0.2825133
225366,Sst,0.32872963,-0.098122954
195310,L4/5 IT,0.3479573,0.026428938
123666,Astro,0.30105758,0.3214063
189550,Endo,0.2615919,0.34881216
118460,L6 CT,-0.21991825,-0.070192516
241997,L6 IT,-0.3749713,0.026959479
123638,L4/5 IT,-0.23914492,0.25091022
131098,L6 IT,0.29147208,-0.12171492
246936,L2/3 IT,0.09428775,0.28680634
37704,L6 CT,0.10902876,-0.15743348
46194,L2/3 IT,-0.24183321,0.35117197
123603,Peri,0.40218633,-0.05789429
143635,Oligo,0.13518453,0.42405462
36117,Lamp5,0.24094963,0.29969972
188543,L6 IT,0.15537792,-0.03336352
135456,L5/6 NP,-0.32494217,0.06691122
33910,Peri,-0.24207184,0.35118133
123616,VLMC,0.15745753,0.43493098
135461,L6 CT,-0.08838406,-0.06438857
148312,Oligo,-0.004132092,-0.13912904
151247,Oligo,-0.011672735,-0.16721728
131034,Oligo,-0.21427563,0.23244357
195375,Astro,-0.040699452,0.19356412
135463,Astro,0.22383755,0.3736465
194368,Oligo,0.07184088,-0.28441292
146487,L2/3 IT,0.21383941,0.29936182
139439,L5 IT,0.18719125,-0.030632496
37697,L5 IT,-0.054837108,0.050279856
258424,L5 ET,0.2170676,-0.013729185
146497,Lamp5,0.23251116,0.35124898
48713,L6 CT,0.22939813,-0.16352707
118419,L2/3 IT,0.1387192,0.2824912
42470,L4/5 IT,0.115071595,0.20886087
258919,Oligo,0.14310914,-0.33336312
3976,L6 CT,-0.1292094,-0.015887946
33979,Pvalb,-0.18937138,0.21858251
140443,Astro,0.08136165,-0.33518267
143475,L5 IT,-0.26981652,0.19524902
118351,OPC,0.12598085,-0.15135881
38915,Endo,0.24545622,0.2011745
42432,Peri,-0.25296366,0.2054084
151370,Astro,-0.14069843,0.39537543
123794,L6 CT,-0.35910362,0.0010893941
123808,Peri,0.32421237,-0.007869244
44730,L4/5 IT,0.058660924,0.24353969
123814,L6 IT,0.2048732,-0.05302894
123828,L6 CT,0.22858495,-0.25276095
48847,Pvalb,-0.34435046,0.12087035
255063,Oligo,0.17956924,-0.30641782
126302,L5 IT,-0.0269005,0.06722188
234124,Oligo,0.0384655,-0.28041357
240107,L6 IT,0.21869421,-0.2881284
38303,Oligo,-0.22206107,-0.13328063
133709,L6 CT,-0.24927422,-0.017842859
133707,Oligo,0.06786406,-0.287956
259878,L2/3 IT,-0.16079497,0.34552866
42405,L5 IT,-0.17982817,0.20893425
123835,L6 IT,0.1457274,0.015545368
15999,Endo,0.0738073,0.27313244
2977,L6 IT,-0.14184672,0.0054609776
141103,Oligo,0.06662792,0.13523173
191168,L5/6 NP,0.33057958,-0.12398377
14896,Oligo,0.042333543,-0.25333357
143539,Astro,-0.35493225,0.24956667
148236,Astro,0.12655449,-0.26487643
140403,Oligo,0.2923633,-0.16423702
32277,L6 IT,-0.2951058,0.12972534
123683,Astro,-0.060003966,-0.016481847
40289,OPC,-0.015555143,-0.25823388
14251,Oligo,0.17285538,0.18437529
141118,Peri,0.06883669,0.17415446
246504,Sst,0.21172547,-0.17891285
258447,L4/5 IT,-0.19647571,0.30971378
148218,L2/3 IT,0.40599442,0.16713369
118378,L4/5 IT,0.21974629,0.15798104
118376,Oligo,-0.1393418,0.17603236
151344,Micro,0.14524394,0.40103543
32264,L6 CT,-0.45028415,0.0012225509
193865,Astro,0.06819594,0.15978462
258448,L5 IT,-0.26358333,0.23260349
138171,Oligo,-0.2867512,-0.11713573
190115,L2/3 IT,-0.026300788,0.37960947
136454,Vip,0.22495449,-0.18965653
222404,VLMC,0.25032777,0.386361
138183,L6 CT,-0.18848395,-0.016128212
242008,L2/3 IT,0.19491023,0.3170061
34773,Micro,0.174433,0.15107161
247448,L4/5 IT,0.0636788,0.19263178
258936,Peri,0.057584703,0.27933663
189503,Oligo,-0.23002878,0.2972803
146279,Oligo,-0.30426687,-0.15751174
46337,L5 IT,0.17954719,0.028071284
130684,Astro,-0.121007115,-0.13808918
191875,L4/5 IT,0.2929741,0.034174204
118897,Astro,-0.22961837,0.40370345
32464,Peri,-0.1538614,0.11921179
256028,L6 IT,-0.13191637,0.017636478
195501,Peri,0.0424363,-0.069800764
193911,Oligo,0.14720052,-0.3558697
139486,L6 IT,0.1797936,-0.06667146
123421,L4/5 IT,0.27425754,0.14646918
126728,L6 CT,-0.06478962,-0.18804955
42663,L4/5 IT,0.20630252,0.08341098
151086,Lamp5,-0.28585953,0.3594131
223773,L5/6 NP,0.03761071,0.12046951
146290,Endo,-0.28590685,-0.14991632
126701,OPC,0.40096766,-0.033610374
5968,Astro,0.32246697,0.07379246
46305,PVM,0.2594763,-0.11230132
130732,L2/3 IT,0.17386597,0.3201161
193495,Oligo,0.001245141,-0.27966946
32425,Endo,0.29838437,-0.06784323
126756,L2/3 IT,-0.21068218,0.38316488
259760,PVM,0.081577,-0.28556722
130664,L2/3 IT,0.14242929,0.27331316
151012,Astro,-0.2967351,0.23920035
130543,L6 IT,-0.027213365,0.16346389
143790,L6 CT,0.1165455,-0.1344527
48463,L6 IT,0.23435396,-0.41345447
36057,L6 CT,0.2266174,-0.19887504
133960,L2/3 IT,-0.27213597,0.3329972
191063,L2/3 IT,-0.2358711,0.34065998
246071,Micro,0.1410752,0.2969272
150953,Sst,-0.29941025,0.110673726
150959,L6 IT,0.033950746,-0.037714213
224435,Astro,0.3815393,-0.12221709
225553,PVM,0.21279359,0.40216172
48485,L4/5 IT,-0.18134958,0.341608
48487,L2/3 IT,0.31266522,0.26542258
143778,Sst,0.26389813,-0.0688279
38223,Endo,0.37036645,-0.0050707757
118967,Peri,-0.0058969557,-0.13949284
130644,L6 CT,-0.10839042,-0.012337625
274653,Endo,0.32366866,0.14997602
126771,Oligo,0.20975655,-0.21213502
133932,Oligo,0.15718585,0.10775274
2989,L6 CT,0.24553221,-0.23651013
254660,L4/5 IT,0.122664034,0.21973628
137992,OPC,0.07632184,-0.09519982
41044,Micro,0.14807951,0.30876762
254354,Pvalb,0.243348,0.13878429
151091,Astro,0.17308998,0.044062972
195469,Endo,-0.4191115,0.038017392
279533,L2/3 IT,0.07453364,0.320966
190189,Peri,0.25409466,-0.24702775
138070,L6 IT,0.29419786,-0.15903264
224469,L6 CT,0.20118713,-0.17859113
190176,L2/3 IT,0.25930047,0.21614563
5106,VLMC,0.17435813,0.42143995
256870,Sst,0.20148242,0.32863206
222446,L6 CT,0.14296502,-0.1610586
254238,Astro,0.20145172,0.35559553
151157,Astro,-0.2901362,0.013050258
139461,L6 CT,0.04761648,-0.28365606
138100,Micro,0.17993772,0.20349294
141873,Oligo,0.03784275,-0.27321482
42594,Lamp5,0.39795578,0.08076227
130878,L6 IT,-0.30817798,-0.0029312968
195433,L2/3 IT,0.10522646,0.37768698
193503,Sst,-0.122137606,0.20048946
41072,Oligo,-0.085004985,-0.16547483
279816,L2/3 IT,0.0018387437,0.3382793
224472,L2/3 IT,0.09177548,0.36750227
118598,VLMC,0.23526877,0.41446775
199455,Oligo,0.09324819,-0.32291222
189521,OPC,-0.031613737,-0.20095718
257641,L5 IT,-0.15595078,0.0945968
38237,L6 CT,-0.21588027,0.0015705228
256496,Oligo,0.047757506,-0.25256503
246266,L2/3 IT,-0.017091632,0.33407044
36081,L6 CT,-0.2154949,0.13221896
123450,Astro,-0.39459503,0.016785204
126690,Oligo,0.19840556,0.16349256
224459,L6 IT,-0.35457575,0.13691151
256875,Endo,0.08530158,0.18008775
133910,L6 CT,0.0253793,-0.10411477
37341,VLMC,0.14811933,0.43401194
199412,Astro,0.33318222,-0.08952674
15828,L6 CT,-0.11605185,-0.036050886
258390,L2/3 IT,-0.07327244,0.40960753
197910,Oligo,0.1510266,-0.33101636
46288,L4/5 IT,0.10935789,0.16948068
256118,Endo,0.062006474,-0.24356404
123475,L6 IT,0.048128128,-0.039322913
46284,Peri,-0.085050106,0.24526429
237127,Astro,0.17531121,-0.13441324
245831,Endo,0.13537621,0.16509438
14279,PVM,-0.108067214,0.39645618
141865,L2/3 IT,-0.2704364,0.38294202
32389,Astro,0.0008069873,-0.2543241
41063,SMC,0.20017797,0.06550735
38238,L6 CT,-0.14284101,-0.122205734
241636,VLMC,0.23387915,0.39998484
222452,L6 CT,0.12713283,-0.04902649
257162,Astro,0.1263997,0.18720895
40911,L4/5 IT,0.2937364,0.085910976
47974,Peri,0.2838959,0.3345756
233723,Astro,0.39415973,0.22616726
39468,Sst,0.2386617,0.28197724
134514,L6 CT,0.17866969,-0.20732814
224129,L6 CT,-0.35240483,-0.17658806
274511,L2/3 IT,0.03432411,0.4030447
198433,L6 IT,0.08817512,-0.21221662
128781,L2/3 IT,0.10608548,0.33365965
198670,L6 CT,0.16285473,-0.30573136
121121,L4/5 IT,0.16736257,0.11714339
256595,Oligo,0.08947122,-0.30504343
14462,Astro,-0.28032437,0.1675219
189285,L6 CT,-0.0578759,-0.016345829
33152,Vip,0.24777222,0.1475333
128799,Lamp5,0.27475607,0.32752997
190713,L5 ET,-0.1187073,0.16283095
224136,L6b,0.086678684,-0.23843253
47469,L6 IT,-0.2896776,0.08773601
196146,L6 CT,-0.08805251,0.09511864
247478,L2/3 IT,0.20454305,0.31886256
149761,L6 CT,-0.40645653,0.11818552
46976,L6 CT,0.08702266,-0.17730647
224143,Astro,0.28704333,0.3040793
40593,L5 IT,0.327681,-0.080427885
127972,Vip,-0.12842724,-0.067881465
225209,Peri,-0.2364139,0.19434386
191780,Oligo,0.21242642,-0.025077522
40623,L6 IT,-0.17403358,-0.022063255
137432,Endo,-0.20545015,-0.13086578
37175,L6 CT,-0.31161916,0.09691179
15670,L2/3 IT,-0.16546342,0.32453954
35491,PVM,-0.14457765,-0.1858891
245967,L6 CT,-0.30809915,0.117147684
144886,L4/5 IT,0.41068822,-0.06013474
223029,L6 CT,0.06662488,-0.13305011
272694,L5 IT,0.34726787,-0.1540423
139993,SMC,0.0902859,0.28606826
140002,L6 CT,0.17317367,-0.18499884
37902,L4/5 IT,0.3784032,-0.06785303
193200,L6 IT,-0.3536353,0.026356936
279573,Endo,0.22462016,0.3109889
15478,Micro,0.0010601282,0.1789915
127990,L6 CT,0.2514783,-0.21450114
137438,Pvalb,-0.19713333,0.22720224
258051,L6 CT,-0.3273411,0.12872988
37105,L2/3 IT,0.3227768,0.096334994
33172,Peri,0.096349716,-0.09855646
227023,L5 IT,-0.053991288,0.15286118
256592,L6b,0.022935808,-0.2294426
121190,Endo,-0.22431058,0.31190628
33142,L6 IT,-0.37586296,0.018849194
43982,L6 IT,0.33095187,-0.12877396
194068,L2/3 IT,0.2501607,0.29717696
227111,L6 IT,-0.20757833,0.022121668
233913,L6 CT,-0.37913853,0.13550878
121018,Astro,-0.06628829,-0.19964561
258009,Oligo,-0.14152133,0.21798325
44017,L6 CT,-0.15728894,-0.01715985
134470,Oligo,-0.15109494,-0.17632344
277641,Oligo,-0.29020768,0.28198242
33118,L2/3 IT,0.12126446,0.2811352
15082,L6 CT,-0.27917638,0.058547318
137156,L6 IT,0.08875781,0.027652502
43495,L4/5 IT,-0.33807772,0.26097548
246391,Peri,0.21169853,-0.065523505
225611,Endo,0.09743023,0.19396454
272183,L2/3 IT,0.0886662,0.31346452
254541,VLMC,0.23809254,0.37863445
140022,Micro,0.317317,0.34306872
245996,L5 IT,0.20994061,0.024588466
227868,Astro,-0.33290738,-0.07147044
122203,Endo,-0.38847125,0.13017142
223950,Vip,-0.019902676,-0.023260266
194058,Endo,0.2025969,0.2954495
128963,L2/3 IT,-0.23016807,0.36047524
5327,PVM,-0.10635689,-0.18570891
120935,Sst,-0.014391273,0.15102714
145437,L6 CT,0.21198618,-0.33033693
139984,OPC,-0.18491188,-0.06023231
33119,Micro,-0.18964547,0.3739205
141596,Astro,0.10507631,-0.332919
128859,Peri,0.060788333,0.19320881
128864,L4/5 IT,0.2947001,0.036720157
189079,Micro,-0.17013747,-0.09981644
33125,L6 CT,-0.21552235,0.12869674
4745,L5 IT,-0.06514257,0.04137522
40761,PVM,0.1353404,-0.30495667
190536,Oligo,0.1313343,-0.29021308
140009,Micro,-0.2090702,0.40468526
35553,L5 IT,0.04217565,0.09353709
40573,Oligo,-0.13391128,-0.19140536
39327,Astro,-0.16803274,0.0975396
37089,Endo,-0.33667177,0.14495438
47496,Endo,0.17779875,0.3375374
134505,L6b,-0.102603465,-0.17438707
144786,L6 CT,0.002564013,-0.093790084
277837,L2/3 IT,0.15966195,0.30388725
127852,L2/3 IT,0.34563345,0.15905565
121026,L2/3 IT,0.34127176,0.26726902
127831,Peri,-0.27983636,-0.04100448
198719,Astro,0.11214179,-0.06274867
141580,Astro,-0.31088603,0.24721551
122149,L4/5 IT,0.08669186,0.21761084
134489,Micro,0.07415104,-0.36992967
44015,L2/3 IT,0.14291036,0.2557965
14474,OPC,0.22617668,-0.249571
40737,L2/3 IT,0.13307405,0.2980361
37968,L6 IT,-0.25775552,-0.00025767088
128188,L6 CT,0.20520496,-0.4186254
255983,L6 CT,0.11533737,-0.21923894
279282,L2/3 IT,0.3007397,0.20692182
246343,L4/5 IT,0.11995208,0.27469498
145133,Peri,0.07474333,0.13074434
39400,L6 IT,0.055972755,-0.08161479
254511,Micro,0.114400566,0.19822389
137292,L5 IT,-0.12080839,0.23711276
33286,L6 IT,-0.29970753,0.0597983
149368,L2/3 IT,0.15768701,0.33478165
259324,Oligo,-0.071808845,-0.22507977
128402,OPC,-0.2551648,0.2785275
47149,L6 CT,-0.32480437,0.06908429
145155,L2/3 IT,0.23161423,0.26555282
121815,L2/3 IT,-0.20572525,0.36682445
40646,L6b,-0.0056713223,-0.16545928
274182,Sst,0.20144624,0.27832413
145174,Endo,0.07102764,0.1377986
134686,SMC,0.12632114,0.44600457
3152,OPC,-0.015723854,0.019583464
241533,L6 IT,-0.4150832,0.034336507
149545,Oligo,0.078933656,0.18630004
273215,VLMC,0.28285956,0.3444907
128192,L4/5 IT,-0.21824095,0.2744829
40649,VLMC,-0.16532579,0.45458263
141481,L6 CT,-0.091543764,0.0014545321
121631,Pvalb,-0.33239546,0.16202354
134804,Lamp5,0.14279372,0.43931967
47221,L6 IT,-0.24653018,0.016396463
222974,Oligo,0.032865167,-0.22640198
121618,L6 CT,0.033355236,-0.09573507
3164,Peri,0.06917834,-0.29233822
193246,PVM,-0.33020645,0.25514203
37944,L2/3 IT,-0.23637116,0.4170127
121681,L6 IT,-0.20741585,0.13127929
134772,Endo,0.19354987,-0.21994165
237573,Endo,-0.098975,-0.21678728
198542,Oligo,0.033326507,-0.31198028
128236,L5 IT,-0.17892954,0.2295503
128310,L6 CT,-0.18103218,-0.030537069
141464,L6 IT,-0.37658393,0.027037024
40654,L6 CT,-0.18342683,-0.0758934
128324,Peri,0.054549634,-0.11784506
258116,L5 IT,-0.06123686,0.23015225
273684,Astro,0.14860785,-0.33068532
149392,Endo,0.15692312,0.40786636
4760,L2/3 IT,0.15904647,0.2898854
234042,Astro,0.35375768,-0.05689621
259274,Astro,0.11304003,-0.32737762
134647,Endo,0.21863604,0.30388743
189250,L6 IT,-0.5,-0.08994436
35313,L4/5 IT,0.17303735,0.1744836
43872,L4/5 IT,0.1712799,0.16000885
137397,Endo,0.30815095,-0.12223837
149307,L4/5 IT,-0.11824396,0.26943916
15677,L4/5 IT,0.025932252,0.18505168
237650,L2/3 IT,0.07143992,0.273876
279278,Astro,0.045874,-0.2688758
149624,L5 IT,0.04266405,0.11848247
222919,L4/5 IT,0.11406243,0.22972506
47072,Vip,0.2437666,0.31463426
128525,Oligo,-0.4386187,-0.048147976
144906,L2/3 IT,0.13718402,0.2758962
196247,Pvalb,-0.27127665,0.2788729
255410,Pvalb,-0.059397995,0.16844094
137398,L4/5 IT,0.27334064,0.089579284
246366,L5/6 NP,0.31807435,-0.1249249
149645,Micro,-0.202104,0.2738763
145238,L5 ET,0.3018719,-0.099300176
47373,OPC,-0.37710688,0.111218214
190587,Astro,0.24764782,0.25148672
257021,L6 CT,-0.15293023,0.069892466
137399,L6 CT,0.22717184,-0.23258615
144898,L2/3 IT,0.41686153,0.05132848
43652,L6 CT,-0.13526687,-0.11051193
274191,Oligo,0.12099481,-0.31112713
35434,Astro,0.19089967,0.25522196
128000,L2/3 IT,-0.0080221,0.31426793
256205,Astro,0.17372054,0.363073
137388,L6 CT,0.032566726,-0.18275508
6190,L5 IT,-0.31849203,0.1742379
277770,L6 CT,0.009739101,-0.10375449
237805,Oligo,0.077175856,-0.19519806
121421,L4/5 IT,-0.08254951,0.28788304
259254,L6 CT,-0.37520856,-0.0075344443
6193,L6 IT,-0.17912045,0.046987772
237971,PVM,0.2061426,0.2717377
39432,L4/5 IT,0.36565888,-0.12527159
193228,Endo,0.14795047,0.26896393
35420,Oligo,0.14511538,-0.31870323
47090,L5/6 NP,0.3455059,-0.098582655
149335,L2/3 IT,0.36318457,0.11067617
193257,L6 CT,-0.12826326,-0.035054922
141523,L6 CT,-0.0715974,0.03404206
246335,Endo,0.038492262,-0.0080623925
43906,Endo,-0.27562004,-0.13179043
121384,Oligo,-0.18512541,-0.16305369
3621,Vip,-0.11618328,0.29850066
47077,L6 CT,-0.2701385,0.057195008
190688,Peri,0.10239005,0.27229184
149557,L4/5 IT,0.23571414,0.11290711
227052,Oligo,-0.3948462,0.09022987
14449,Oligo,-0.006119013,-0.2691056
192319,L2/3 IT,-0.27011198,0.38370317
226270,Astro,-0.3501284,0.25681132
274217,L6 IT,-0.31596497,0.001573503
127801,Pvalb,-0.45575738,0.052542806
137649,Astro,0.20436108,0.13966042
43238,Oligo,0.09509939,-0.28192562
43237,L6 CT,-0.013220727,-0.066391885
4532,L5 ET,-0.24237972,0.16389233
254385,L4/5 IT,-0.21895981,0.34992862
145766,L2/3 IT,0.32441843,0.25313914
226034,L5 IT,0.16590917,0.09153044
39552,L6 CT,0.21068722,-0.23553407
122637,L5 IT,0.21042919,-0.07791573
140080,L6b,0.18666899,-0.33435005
224251,L5 IT,-0.17392835,0.10701519
14809,Astro,0.24505854,0.36843628
145789,Micro,0.1699723,0.4096551
144390,L6 CT,0.14617765,-0.22059283
120293,Sst,-0.18084052,0.23166895
43228,Endo,-0.14367133,0.29660815
46692,L4/5 IT,0.1215052,0.18588799
14352,Peri,-0.15857074,0.21661562
37853,L5 IT,0.28870255,-0.07751337
222710,Endo,0.105810285,0.20331281
47879,Vip,-0.22998631,0.36468428
144363,Oligo,0.06768739,0.0920248
198210,L5/6 NP,0.30871272,-0.19559434
38096,Astro,0.12641072,0.15760851
5468,L4/5 IT,0.10754931,0.26210564
129392,L2/3 IT,0.14714259,0.21507812
120478,Oligo,0.088125706,-0.30510837
192405,Endo,0.33928096,-0.107664615
129307,Sst,-0.015282661,-0.0019377768
35111,L4/5 IT,0.1627112,0.13911432
223889,L5 IT,-0.113557786,0.16547972
189361,L5 IT,-0.18200952,0.15637034
191815,Endo,-0.38101396,-0.09530079
144437,L6 CT,0.073666275,-0.06569606
32947,L2/3 IT,0.17044348,0.34053934
194027,SMC,-0.02962035,0.38479435
137618,Micro,-0.39233473,0.06833935
120388,L2/3 IT,0.25730276,0.20825791
144399,L4/5 IT,-0.21144441,0.25539124
194196,Oligo,-0.1060611,-0.0077750683
127501,Oligo,-0.3284729,0.15460992
46728,L5/6 NP,0.22062874,-0.1542427
135093,L6b,0.10581142,-0.23798126
258254,L2/3 IT,0.37373292,0.14721143
129374,L5 IT,0.16403073,-0.051684618
127477,L6 IT,-0.35802117,0.033970296
134324,L5/6 NP,-0.003422588,-0.0053773522
127475,Oligo,0.31301433,-0.11571196
137636,L4/5 IT,-0.0126336515,0.21469146
40876,L5 IT,0.20637739,0.021599472
148815,L6 CT,-0.03446266,-0.12802121
129492,Micro,0.09377724,0.18032831
144334,L6b,-0.015150309,-0.19616112
188885,L4/5 IT,-0.07713702,0.30470234
4794,Micro,0.3161922,-0.30447447
193390,L4/5 IT,-0.103256434,0.29717946
224265,L5 IT,-0.22356242,0.24191988
120122,Peri,0.19523036,-0.10364035
139598,Astro,-0.019549876,-0.20170248
247266,L5 ET,-0.23510805,0.2553804
129616,L5 IT,-0.22257361,0.1307652
191827,Astro,-0.09947848,0.2923711
247460,Pvalb,-0.24134618,0.21552211
148763,L6 CT,0.15673149,-0.20743468
150314,Oligo,0.15747643,-0.2361365
129643,L4/5 IT,0.103037,0.13728726
254361,L5 IT,-0.13982508,0.21045673
38130,L6 CT,0.11429787,-0.20663556
14715,L6 IT,0.21895748,-0.09290755
145905,Astro,0.31970143,0.06983721
279321,L2/3 IT,0.21096385,0.2516461
46628,L6 CT,0.14609826,-0.21283734
44250,SMC,-0.15973184,0.21536928
196692,L6 CT,0.13468945,-0.080376446
199019,Oligo,0.06505883,-0.19800687
255505,L2/3 IT,0.15856475,0.31282854
255498,L5 ET,0.27229148,-0.18240264
35688,Lamp5,0.3007986,0.14843857
222682,L6 IT,-0.32539275,0.12914556
145876,L6b,0.023204088,-0.20437217
238007,OPC,0.08851308,-0.20376581
258263,L6b,-0.22015879,-0.08147377
223154,L4/5 IT,0.13213795,0.19731754
122672,L6 IT,-0.083094925,0.023054004
227746,Pvalb,-0.27906463,0.23741132
33642,L6 IT,-0.35854474,0.13188559
38115,Endo,-0.3401935,0.1905241
255217,L4/5 IT,0.38236988,-0.050950646
3519,L2/3 IT,-0.017401576,0.37180513
141283,Pvalb,0.11686677,-0.03535539
47892,Lamp5,0.17264575,0.40645278
144312,L6 CT,-0.27115768,0.096435905
279739,Endo,-0.20186567,-0.11177042
226392,L2/3 IT,0.2691446,0.27849245
259079,L5 ET,0.20623499,-0.08528027
47901,L4/5 IT,-0.14336735,0.31147265
127391,L6 IT,-0.3357742,0.03368205
195863,Micro,0.34941423,-0.064394504
32866,Oligo,-0.215806,0.29752183
47912,Endo,0.22609961,0.32237524
145874,Endo,0.32324207,-0.15576148
195853,L2/3 IT,0.43707186,0.030148566
47916,Micro,-0.18800661,0.21006793
136858,L2/3 IT,0.32658887,0.14172387
39226,Pvalb,-0.29372823,0.15672171
127535,L6 CT,0.24818647,-0.31684184
279742,L4/5 IT,0.21883225,-0.11505306
144687,L2/3 IT,0.29147363,0.190382
246400,L6 CT,-0.12168917,-0.051128626
149001,Pvalb,-0.30567032,0.21858376
129079,L4/5 IT,0.3912815,-0.058912426
4524,L5 IT,-0.101062685,0.111469805
144681,L6b,-0.35226184,-0.028994411
35610,L5/6 NP,0.25186288,-0.10047072
120822,Oligo,-0.31899455,-0.09466085
254438,L5 IT,-0.09413642,0.18762285
38020,L6 CT,-0.008230537,-0.0009996593
148973,L5 IT,-0.3049901,0.06247109
127740,L2/3 IT,0.1275475,0.34859014
137008,Pvalb,0.20364451,-0.15170962
4786,L4/5 IT,-0.1901437,0.26045865
122332,SMC,-0.39255583,0.08798498
120787,L4/5 IT,0.08172673,0.15440822
44070,L6 CT,0.13009995,-0.14071971
35180,L6 CT,0.13952047,-0.18150002
120776,Oligo,0.14181954,-0.3376395
136999,SMC,0.22860962,0.36641765
245934,L5/6 NP,0.08915585,0.07968646
44074,Peri,-0.040666252,-0.22504884
149944,L4/5 IT,0.37536412,-0.059958547
198363,L5/6 NP,0.267097,-0.24627444
40531,L6 IT,-0.38791284,0.041344047
129038,Endo,-0.33635187,0.07998341
33079,L2/3 IT,0.21970671,0.27748305
46904,L2/3 IT,0.27162516,0.18261981
35583,Endo,0.14601183,0.042580605
128983,L6 CT,-0.21193153,0.048360586
149857,L4/5 IT,0.09880936,0.255543
225667,SMC,0.44772238,0.15773064
241485,Astro,0.12083864,0.12320775
137504,Pvalb,-0.13505521,0.3543774
120912,Micro,0.17820549,0.08187264
137041,L6 CT,0.054897368,-0.14482683
44028,OPC,-0.11896643,0.2129507
257042,L2/3 IT,0.18063807,0.24253368
120890,L6 IT,-0.14885867,0.058015943
190748,SMC,-0.1559323,-0.18625781
120859,Peri,-0.29700875,-0.082392424
39502,L4/5 IT,0.043947697,0.18677688
254440,Peri,-0.23889872,0.35515034
145485,L6b,0.18470311,-0.30785602
272067,Endo,0.19645381,0.053532004
38012,Oligo,-0.2294893,-0.05184716
46898,L2/3 IT,-0.28623956,0.32449347
14803,L6 CT,0.23766583,-0.43205535
33541,L2/3 IT,0.1302045,0.30757976
37215,L6 IT,-0.24651852,0.044998586
46882,Oligo,0.0582031,-0.26471636
148751,L5 ET,0.2534811,-0.14420748
46838,PVM,0.19397312,0.30612153
120758,L5 IT,0.21146208,0.03732854
141328,VLMC,0.33522332,0.29832554
141325,SMC,-0.15855956,0.3000791
129189,PVM,-0.0067935586,-0.20208976
227890,Astro,-0.09541407,0.29104805
259475,L5 IT,-0.022980392,0.16457212
46773,PVM,0.16165829,0.3219298
226931,Micro,0.13363475,0.3116352
195987,L4/5 IT,0.076604426,0.1564632
141317,Lamp5,-0.05817586,0.41712034
120561,L5 ET,-0.19628885,0.048696578
134351,L5 IT,0.27230203,-0.24757835
150018,L2/3 IT,0.13900441,0.268269
139695,L6 CT,-0.18027785,-0.0059013665
198276,L2/3 IT,-0.16579002,0.3842578
226254,L2/3 IT,0.1711688,0.3184067
259487,L6b,0.19754893,-0.27028105
129269,Oligo,0.039608657,0.114546716
122522,Astro,0.40576267,-0.015259415
3534,Oligo,0.11165768,-0.2558654
237783,L2/3 IT,0.34108484,0.097950995
279880,L6 IT,-0.139426,0.06596464
193160,L2/3 IT,0.3498484,0.05099684
122523,L6 IT,-0.47388572,-0.11251706
127587,Micro,-0.007782936,0.30770087
47671,Astro,0.077840984,-0.17663041
277691,L5/6 NP,0.2802894,-0.22875625
279587,Micro,0.14025599,0.13381416
234146,Endo,-0.04336378,-0.10640466
15917,L4/5 IT,0.06761372,0.15227443
246010,L5/6 NP,-0.13704464,0.10370463
145666,PVM,0.21260208,-0.28580564
190799,L2/3 IT,-0.20929682,0.34069383
120711,VLMC,0.38983893,0.3054282
226937,L4/5 IT,0.03354472,0.21367395
274590,Endo,-0.36672366,0.101421356
192392,L4/5 IT,0.22839701,0.09278089
188990,L5 IT,0.10045791,0.027783811
150006,SMC,0.3715335,0.27227408
272618,L6 CT,-0.26788437,0.056085944
39256,L2/3 IT,-0.044481754,0.30628765
236903,Astro,-0.124073,-0.095294714
15921,Oligo,-0.009117812,-0.21665886
227880,Oligo,0.02902633,-0.26944828
139698,L6 IT,-0.09257504,-0.0770199
120668,Astro,-0.12058926,0.2290628
134373,L6 IT,0.13960564,-0.02778849
122428,Astro,-0.02563849,-0.19598529
196004,L4/5 IT,0.33457345,-0.0143814385
150013,Micro,-0.20398664,0.10180533
257934,L6 CT,0.24637896,-0.10040209
196003,Oligo,-0.12959906,0.16479182
118249,Micro,-0.13412699,0.29560304
146292,L6 IT,-0.41834474,0.036856532
128263,Peri,-0.10282323,0.09557986
260121,L6 IT,-0.30553555,0.018551767
41435,L5/6 NP,0.22008121,-0.04279971
49252,Oligo,0.015146077,-0.13847452
42084,Oligo,-0.0699549,-0.17586625
36587,Micro,0.14007038,0.19182837
271817,Endo,-0.41066277,0.0297153
140567,L2/3 IT,0.11403221,0.34753025
45586,Astro,0.120320916,0.091462374
32023,L4/5 IT,0.22219425,0.124087036
195036,L6 CT,-0.22899485,-0.045472383
125766,L5 ET,-0.27936482,0.17422068
257196,Astro,0.26779693,0.124264896
197690,Peri,-0.044196665,0.19909579
195030,L2/3 IT,0.18571967,0.36439043
36766,L6 CT,0.24079508,-0.11182937
197689,L6 IT,-0.38363528,0.0047254562
247633,L2/3 IT,-0.24179488,0.3843944
36573,L2/3 IT,0.40456074,0.03623593
124669,L5 IT,0.0064905286,0.17845279
117570,L6 CT,0.20693475,-0.15554175
194773,L2/3 IT,0.38384557,0.059534788
5018,Oligo,0.09049457,-0.32952738
274334,L5 IT,-0.15422496,0.14878207
131868,L6 CT,0.12388778,-0.19913483
125829,Astro,-0.30406743,0.16822392
258525,L2/3 IT,-0.25302327,0.3375321
15733,L6 CT,0.2651922,-0.30723882
131924,Oligo,0.10535389,-0.27143174
147324,PVM,-0.12521759,-0.19183746
45031,Oligo,0.114859045,-0.2824688
116726,Endo,-0.2220405,0.05132562
254138,L2/3 IT,0.07129866,0.3712901
239308,L5 IT,-0.030961722,0.031363845
143073,L6 IT,-0.16987854,0.110963225
189840,Peri,0.25027603,0.28421986
197696,L6 CT,0.26918787,-0.21489856
257435,Oligo,0.043988764,-0.2545331
37562,L6 CT,-0.3332628,0.039853275
224850,L4/5 IT,0.31487483,-0.0118224025
224685,L2/3 IT,0.028955162,0.29292375
226491,Endo,0.18636578,0.19971997
125330,Astro,-0.37061682,0.056524754
241561,L5/6 NP,0.18817157,0.002462566
131997,Oligo,-0.092543066,-0.18112028
223484,SMC,0.19047058,0.3615741
224973,L2/3 IT,-0.119452745,0.32000536
224978,Peri,0.10293132,-0.2721656
4270,Astro,0.34041536,-0.057405442
124297,Oligo,0.21050978,-0.30983365
45612,Astro,0.34555578,-0.0643405
238068,Oligo,0.2965747,-0.21613058
197274,L6 IT,-0.31188157,0.050776184
279341,L2/3 IT,-0.17733458,0.41072297
132019,Oligo,0.117046416,-0.33053303
247418,Oligo,0.11669117,-0.30789337
45082,L2/3 IT,0.11442834,0.31598294
258736,Oligo,0.23766655,0.35183823
117464,L5 IT,-0.31673938,0.15340549
151804,Astro,-0.2935583,0.24485463
188344,Endo,-0.1039629,0.2210241
222313,L4/5 IT,0.3834573,-0.09122679
132576,Micro,0.14970714,0.42106104
237439,L4/5 IT,0.026824594,0.1602
225912,OPC,-0.1946725,0.010903776
274306,Lamp5,0.36470878,0.22489911
131954,Astro,0.2825361,-0.0010082126
5891,Peri,0.38860798,-0.05537221
36413,SMC,-0.19802919,0.1498856
34157,Astro,-0.13119215,-0.040652663
31730,L5/6 NP,0.24450558,-0.043355256
226632,Astro,0.11814821,0.07432377
247105,Astro,0.18859833,0.3324318
194533,L5 IT,-0.009568244,0.07890701
257405,Endo,0.25812465,-0.3041848
41312,VLMC,0.25180793,0.3459077
117496,L6 CT,-0.14279008,0.038312614
116789,L4/5 IT,0.11936557,0.14431208
4403,L6 CT,-0.001987815,-0.05403498
228273,L4/5 IT,-0.11026034,0.26954675
136204,Oligo,-0.08996278,-0.23558345
246530,L4/5 IT,-0.067646176,0.20853746
49150,L5 IT,0.07181293,0.1117025
131744,L6 CT,0.23137063,-0.2912997
257460,L6 CT,-0.36137003,0.08312023
274770,L6 CT,0.07853407,-0.11553827
131792,L6 IT,0.16317666,-0.07174894
258835,Endo,0.10028911,0.24269044
199782,SMC,0.1523689,-0.13084152
225827,PVM,-0.008740455,-0.01097247
279695,Pvalb,-0.0996269,0.0065172315
191548,L6 IT,-0.4192924,0.00893712
188168,Peri,-0.4602486,0.019465566
194599,L2/3 IT,-0.25988555,0.34969395
224875,L5/6 NP,0.22442907,-0.07349846
227438,L6 CT,-0.32498345,0.064456165
124127,Endo,0.2692737,0.11422533
2907,L5 IT,-0.018183112,0.11470151
14659,L6 IT,-0.26426822,0.13077432
272441,SMC,-0.16095653,0.2305916
124064,L5 ET,-0.17689136,0.10425347
45899,L2/3 IT,0.19301617,0.26649922
225881,L2/3 IT,-0.24022302,0.39163798
147621,PVM,0.15049201,-0.30419153
31678,L4/5 IT,0.13705587,0.20563483
191544,L6b,0.14861941,-0.28836143
139035,Astro,0.2604094,0.34483993
224631,Endo,0.17702013,0.4037829
116578,Sst,0.1727004,0.023046374
273596,L6 CT,-0.17479748,-0.043173045
194737,L5 IT,0.12149149,0.12134296
131707,L5 IT,-0.2280379,0.22009557
257469,Endo,0.13384974,0.23627609
117780,L4/5 IT,0.3557707,-0.06996429
279620,Oligo,0.10645342,-0.26634997
143158,Astro,0.1488263,0.3908065
49779,L2/3 IT,0.14904529,0.22597885
38784,PVM,0.22094613,-0.07891983
36360,L2/3 IT,-0.20968053,0.33359617
4412,Endo,-0.15425721,-0.13427576
197277,L5 IT,-0.12549996,0.21209663
142540,PVM,0.426534,0.112012744
38371,L2/3 IT,0.23013854,0.19201744
146874,L5 IT,-0.1719943,0.23114717
192535,Endo,0.14368945,-0.097477615
256056,L4/5 IT,-0.13017714,0.31762463
31722,L6 IT,-0.10863042,0.072951436
189834,L2/3 IT,0.30364454,0.25404328
124168,L6 CT,-0.3093344,0.10628575
256394,Micro,0.18958455,0.31506246
136060,L5 IT,0.28336722,-0.08109552
197581,Micro,-0.24897936,0.16980809
197210,VLMC,0.16859215,0.41584367
241444,Astro,-0.23052868,0.2946915
4065,L2/3 IT,-0.20181659,0.40544188
32053,L2/3 IT,-0.13567746,0.36902785
45313,L4/5 IT,0.37391192,-0.09122306
125838,Oligo,0.081076324,-0.24668062
142047,Peri,-0.31875125,0.20551789
191421,Peri,0.18998522,0.10804796
274764,Micro,-0.014226735,-0.07960883
254140,Oligo,-0.2125501,-0.096871555
125869,Astro,0.17025042,0.3421427
274365,Endo,0.34561408,0.016554356
3817,L5/6 NP,0.35039425,-0.16195333
190019,Peri,-0.11048812,0.279315
132672,Endo,0.13418543,0.32661104
260143,Astro,0.1329605,0.4057157
45867,Astro,0.18156427,0.1675703
258625,L6 CT,0.030581236,-0.16685116
241798,L6 CT,-0.021163046,-0.038312823
133535,Astro,0.15831053,0.33944184
138723,L6 CT,-0.1014874,0.07023728
124730,L6 CT,0.016229033,-0.08738065
151695,L4/5 IT,0.17988724,0.17748195
42135,L2/3 IT,0.20083666,0.312526
140823,Endo,0.2121746,-0.28494132
257305,Peri,0.3443188,0.27090085
142028,L5 IT,0.26341522,-0.10745397
42132,L6 CT,-0.06324586,-0.08649951
226175,L6 CT,0.035876095,-0.084546685
257402,L4/5 IT,-0.14993826,0.24003631
223435,L6 CT,-0.041198164,0.02089411
256456,Astro,0.29412043,0.3278727
124447,L4/5 IT,0.09158832,0.14883018
45666,L6 CT,0.019282103,-0.013720185
191597,L5 IT,0.11175567,0.085481286
36482,VLMC,0.26963478,0.35337424
41367,L5 ET,0.33714426,-0.06808096
152077,L5 IT,-0.17607576,0.22112876
142151,Peri,-0.3898392,0.037260413
16052,L6 CT,-0.2125856,0.14385104
147137,L4/5 IT,0.15972978,0.16588801
138585,L6 CT,0.027944148,-0.07993516
237036,L6 CT,0.21416044,-0.36264455
45697,Oligo,0.0033298135,-0.27187052
254052,L5 IT,0.17702252,-0.0070421994
117144,L4/5 IT,0.29026383,-0.17669538
41825,Astro,0.352302,0.08214444
117137,Astro,-0.15223557,-0.11354673
36491,Astro,0.13796186,0.0970068
279506,L5 ET,0.26716477,-0.051505566
152070,L6 CT,-0.29346213,0.097388804
189720,L6 CT,0.104827404,-0.21299496
117174,Astro,0.250158,0.2519043
49474,L6 IT,-0.3163725,0.05692762
197632,L2/3 IT,0.15242779,0.21556652
41345,PVM,0.28071272,0.23378545
194934,PVM,0.14267308,-0.1400241
132413,Astro,0.037499905,-0.24972862
34490,L4/5 IT,-0.25460476,0.31962776
136050,Micro,0.14395076,0.16993833
40141,Astro,0.16436994,-0.12647584
138554,Oligo,0.039652288,-0.25728065
34489,SMC,0.03873068,-0.04013771
254797,Oligo,0.09406227,0.24631184
188253,Micro,0.15451354,0.10971916
38429,OPC,-0.26160294,0.2502035
132247,Micro,-0.12502182,0.34580255
142905,L6 CT,-0.38927585,0.14895624
194927,Peri,0.10857314,0.29334116
194878,Endo,-0.116627365,-0.17093623
260055,L5 IT,0.1257559,0.019611657
125467,L5 ET,-0.38973475,0.15335721
224767,L6 IT,-0.38678223,0.12014818
136078,VLMC,0.32514066,0.32378942
117008,Micro,0.17628467,-0.29365355
255726,PVM,0.1435231,-0.16513678
191596,L2/3 IT,0.21228325,0.21897244
132332,L6 IT,-0.2224547,0.09592533
147752,L2/3 IT,0.4072379,0.011473
226598,L6 IT,0.31329197,-0.1787929
228346,Pvalb,-0.31323743,0.23945099
194905,SMC,-0.082552135,0.26565492
49562,VLMC,0.2407878,0.3841142
197641,SMC,-0.2895068,-0.078582406
41874,Astro,0.15799546,-0.308769
188226,Oligo,0.103517115,-0.29356968
45221,L2/3 IT,0.080440104,0.22402453
147742,L6 IT,-0.39354345,-0.0017285347
41880,Astro,-0.38383406,0.11899316
237917,L6 IT,-0.29956606,0.07881403
246977,L2/3 IT,0.21293455,0.2829364
192825,OPC,0.34551692,-0.009853005
45219,SMC,-0.17222267,0.16313827
49597,Endo,0.14219058,0.18092102
15328,Astro,-0.32473758,-0.0047841966
142871,L6 CT,-0.20225635,0.050056756
132361,VLMC,0.41514325,0.21767926
136084,Endo,-0.044027656,-0.00028961897
116986,Astro,-0.15821299,-0.22946891
45213,L6 CT,0.16046268,-0.16794714
31839,L2/3 IT,-0.27331275,0.3383668
49579,Endo,0.14155859,0.3981958
116987,Astro,-0.21333343,0.028697431
40147,Astro,0.23007083,0.3682508
223607,L6 CT,-0.30586457,-0.17199099
142785,Endo,-0.39263806,0.18255132
41371,L6 IT,-0.18077672,0.01208508
132333,Pvalb,-0.33340925,0.2104479
226603,L6 IT,-0.12364778,0.015614986
5857,Endo,0.10123861,0.19865644
2828,Oligo,0.009186447,-0.2612284
36351,L6 CT,-0.04083535,-0.12568134
256443,L5/6 NP,0.32664186,-0.18970662
45165,Oligo,-0.24305338,-0.060192972
147828,L6b,0.031245828,-0.22284305
222283,Oligo,0.008908033,-0.26810488
246137,Oligo,0.23079795,0.30265903
272489,Astro,-0.33692268,0.2005499
117320,L2/3 IT,-0.26653317,0.35245782
189928,Micro,0.23930591,0.36122817
233874,OPC,0.22502983,0.33934885
133398,Peri,0.20269358,-0.070513755
42007,Oligo,0.08719492,-0.23623234
188268,Oligo,0.07706958,-0.27187267
132494,L6 IT,-0.2774068,-0.040487707
132122,L6 CT,-0.13284206,-0.032277107
271755,L5/6 NP,-0.35383847,0.18697423
152234,Astro,-0.005084008,-0.13882136
125391,L4/5 IT,-0.063268155,0.20464075
200059,L2/3 IT,0.03685379,0.25341046
38709,Oligo,0.037840903,-0.21290126
258782,L5 IT,-0.19394475,0.24232501
135629,Pvalb,-0.23002803,-0.067980945
223481,L5 ET,0.3300141,-0.12784687
146971,L2/3 IT,0.30981743,0.15009815
41422,L2/3 IT,0.3094598,0.253228
228308,SMC,-0.3335659,0.17815685
133412,L2/3 IT,-0.21612462,0.36491203
255750,L6 CT,-0.16883397,-0.10447422
147304,L2/3 IT,0.16816622,0.29499048
124312,Oligo,0.14034057,-0.36393243
45273,L5 ET,-0.058688134,0.16508108
4278,Oligo,0.029711604,-0.28540272
260029,L2/3 IT,0.06623107,0.35406584
132063,L6 CT,-0.35880765,0.09666133
147690,Sst,-0.3330825,0.24199337
226148,L6 CT,0.052173615,-0.12375209
228315,L5/6 NP,-0.1239821,0.16459686
3854,Peri,0.37738597,0.118674934
124322,Pvalb,0.2103396,-0.13132015
41788,VLMC,0.38134503,0.27116674
117292,L6 IT,-0.3428719,0.014913619
49465,Endo,-0.3061671,0.12615007
14192,Oligo,-0.08255166,-0.16863114
241034,L6 CT,0.2132898,-0.20998466
227519,PVM,0.007378638,-0.22129396
14588,Astro,0.33293134,-0.1480695
14591,PVM,0.47673094,-0.038238317
133385,L5 IT,0.042458296,0.18071675
152207,L6b,-0.26865232,-0.31238464
132197,L2/3 IT,-0.24841502,0.39772415
45727,L6 CT,0.070070505,-0.17098278
31795,L2/3 IT,0.17252755,0.21633142
133380,Oligo,-0.18985474,0.12303525
272480,Astro,0.31626874,0.12335122
223480,L5 ET,0.038285196,0.008137286
49459,Micro,0.21138227,-0.08874291
125605,L5 IT,0.3187157,-0.08672613
223616,Oligo,-0.12329969,-0.07737437
151997,L6 CT,0.02964747,-0.12148923
45724,VLMC,0.39340895,0.2788052
45653,L2/3 IT,0.008295953,0.35509735
6680,Endo,-0.05395633,-0.18386772
147801,L5/6 NP,0.2948066,-0.14374903
273998,L2/3 IT,0.09043157,0.31556505
117278,Astro,0.12793559,0.1272111
14187,Astro,0.20668322,0.35624886
125697,Astro,0.19113219,0.41997766
140941,L2/3 IT,0.38109487,-0.025374055
142956,L2/3 IT,-0.2545741,0.33573544
151957,L2/3 IT,-0.25122404,0.3765319
147809,Astro,0.23846751,0.37586272
147081,Endo,0.314691,0.28932607
34515,L6 CT,-0.00929305,-0.053855747
45651,Endo,0.21622849,0.30876827
125638,Lamp5,0.11444467,0.17321807
273346,L5 IT,-0.0938555,0.12529981
272994,Endo,0.15473509,0.3238427
132462,L2/3 IT,0.16872376,0.22002119
193671,L2/3 IT,-0.24690741,0.35610414
147284,L6 CT,0.27847087,-0.30671895
136119,L2/3 IT,0.043118596,0.29996556
34458,L6 IT,-0.43099928,0.009073377
151634,L6 CT,-0.35373035,-0.012204856
125279,L4/5 IT,-0.3650896,0.20950091
239304,Oligo,0.15765679,-0.31629765
44887,Oligo,-0.14029971,0.35745758
272428,L2/3 IT,-0.15173304,0.33238298
152395,Oligo,-0.076633185,-0.04124102
272337,Oligo,0.051039875,-0.23651248
45371,SMC,-0.22191805,-0.11738747
36673,L2/3 IT,-0.06244725,0.3249498
4941,L2/3 IT,-0.25209603,0.34346056
239276,L6 CT,-0.04509598,-0.045793414
31645,L2/3 IT,0.42116827,0.086646676
246233,Oligo,-0.31650794,0.06182599
116471,L6b,-0.4274987,0.062116563
226683,SMC,0.24858117,0.39375722
133577,L5 IT,0.23908216,-0.0038532019
224901,Peri,0.22272378,0.23210245
37649,Pvalb,0.33843434,-0.17345777
197544,L6 IT,-0.3134249,0.1666534
257515,L6 IT,0.2385602,-0.24433511
188102,L4/5 IT,0.031198561,0.1699875
117973,L5 IT,0.17461705,-0.042246133
42327,Astro,-0.15406054,0.009812534
132884,Oligo,-0.32321107,-0.06529835
225973,PVM,0.09359753,0.17281216
253988,L4/5 IT,0.36135805,-0.110039085
151560,L4/5 IT,0.09458083,0.19355184
116445,Peri,0.28663558,-0.20105919
123901,PVM,0.1802141,0.41429174
192688,Endo,-0.32717156,0.092662156
192684,L4/5 IT,-0.12936565,0.25204718
135917,Oligo,0.18085402,-0.038707554
45948,Astro,0.043269515,-0.25501007
197760,L6 IT,-0.3434373,0.008359253
151422,L2/3 IT,0.3717885,0.014813125
34330,L4/5 IT,-0.12523064,0.2656554
255058,L4/5 IT,-0.033660114,0.22084165
133569,OPC,-0.28109252,0.1373629
228382,OPC,0.23781002,-0.18298918
44801,VLMC,0.120593786,-0.19513774
138989,Endo,0.1347102,0.21519417
138876,L4/5 IT,-0.22098649,0.32216662
131361,Oligo,-0.07376054,0.22673327
227578,L2/3 IT,-0.17100987,0.34679365
36235,L2/3 IT,-0.2421371,0.38645703
271731,Pvalb,-0.2832762,0.26027042
41614,Astro,0.24663866,0.0832746
194488,Astro,0.09613639,-0.26239705
142295,L6b,-0.18383881,-0.13458857
189811,Micro,0.20643944,0.37548536
36706,Oligo,-0.023981124,-0.2512176
152387,Pvalb,-0.21300524,0.38486302
123880,Endo,0.06956327,0.27378738
255668,Astro,0.2885623,0.27871644
258688,L6 CT,0.26493633,-0.20581591
124827,Peri,0.34115154,0.2692935
131580,Pvalb,0.30055296,-0.0053725243
124923,L6 CT,-0.050544083,-0.0200769
143187,L2/3 IT,0.25650316,0.19725275
146705,Astro,0.08645445,0.17538637
151550,L2/3 IT,0.12286377,0.30334872
41540,Oligo,-0.12413207,0.24438274
142432,Oligo,0.086918,-0.24930155
246170,OPC,-0.11987743,0.15301031
41544,Pvalb,0.049950838,0.0884276
132991,Peri,0.13321334,-0.31566834
142007,L6 CT,-0.12955025,-0.16212764
147974,L6 IT,-0.18399534,0.08567637
39825,PVM,0.18620342,0.2929448
45979,L2/3 IT,0.14458567,0.24738806
135547,L6 IT,-0.14104873,0.09343934
193768,L5 IT,-0.29767376,0.17572165
141976,L6 IT,0.26909834,-0.17441547
259898,L6 CT,-0.16706264,-0.13469324
131488,L6 CT,0.04462993,-0.091334194
197533,Astro,0.13095587,-0.28346324
273066,L2/3 IT,0.2315458,0.22700441
194681,Astro,0.115192056,0.2803982
197520,OPC,0.18779022,0.14743572
42297,L6 IT,-0.2264623,0.16714317
131486,L6 CT,-0.26844034,0.09145665
34311,Astro,-0.39725298,0.121673584
48971,L4/5 IT,0.15416282,0.16727567
191488,L2/3 IT,-0.24321565,0.3736933
132976,L2/3 IT,-0.0016965866,0.28836185
148020,Micro,0.2761315,-0.18353635
44845,L6 IT,-0.10729548,-0.0072719455
146735,L2/3 IT,0.17917204,0.33210218
41213,Oligo,0.019296944,0.19049585
32162,Micro,0.03284508,0.18417478
36728,Pvalb,0.014063358,-0.0123514235
131503,L6 CT,0.23466492,-0.29029787
42288,L6 IT,0.27958453,-0.11630458
199622,L6 IT,0.03394127,-0.011412591
45479,Astro,0.099975705,-0.33640712
116442,L2/3 IT,-0.18549913,0.3474763
36264,PVM,0.08611554,0.20556945
5648,L6 CT,0.22838914,-0.2727651
222097,Endo,0.19290978,0.26365668
39845,Oligo,-0.16553229,0.2955473
227589,L5 IT,-0.03854242,0.14294344
126199,L2/3 IT,0.40953064,0.089041114
131523,Astro,0.14148253,-0.34237385
5802,L6b,0.2065844,-0.3508668
152483,Astro,0.26657492,0.34842622
132920,Peri,-0.13683528,-0.1744521
5801,Oligo,0.17465687,-0.28249943
123952,VLMC,0.26358283,0.365443
146710,L6 CT,0.16728401,-0.14377299
2937,Endo,-0.07367346,0.14678383
4248,L2/3 IT,0.03866929,0.3313974
247047,L6 IT,0.19282079,-0.14273989
259909,L6 CT,-0.3517214,0.14058852
42321,Endo,-0.12054756,-0.040742606
14667,L4/5 IT,0.1005348,0.150267
138279,Endo,0.14426464,0.117684186
132992,Oligo,0.046779096,-0.30345234
193764,Sst,-0.061000973,0.01369518
274778,SMC,0.14863205,0.35243702
191231,L6 CT,0.27165884,-0.18260786
241043,Lamp5,0.30984563,0.10196102
241449,L4/5 IT,-0.22072122,0.31157392
222071,Endo,-0.18880439,0.13735348
225379,L4/5 IT,0.14291108,0.139889
225779,VLMC,0.30859756,0.34564656
224545,L2/3 IT,-0.22592917,0.32804537
15584,L6 CT,-0.15702638,0.092983425
272929,Astro,0.10210508,0.3667223
117817,Peri,0.14745969,-0.12204793
192746,L5 IT,0.22113591,-0.013691962
123845,L6 IT,-0.2529161,0.0710721
49796,Endo,0.43466896,-0.040532917
228381,Oligo,-0.020080328,-0.32469124
143178,Micro,0.2744717,0.3005799
49082,L5 IT,-0.34118235,0.13015765
34703,Oligo,-0.004483044,-0.25218815
143462,L6 IT,-0.3131793,0.051501155
277815,Endo,-0.30029497,0.14641237
126266,Micro,0.17977428,0.050381422
142391,L2/3 IT,0.46759862,-0.013479501
126045,L5 IT,-0.21429408,0.16801709
225781,L2/3 IT,-0.119775265,0.32052034
197149,L6 CT,-0.0022337735,-0.092458606
147556,PVM,-0.005220473,-0.09751025
123870,Micro,-0.23689342,0.18896168
126035,Astro,-0.37172413,0.06633669
135856,L6 CT,-0.33124098,0.016516626
192020,Astro,0.18369943,-0.32938883
260203,L6 CT,-0.024300069,-0.0996764
5057,L6 IT,-0.3156596,-0.011032045
147499,Oligo,-0.14303172,-0.17112473
245788,Oligo,-0.025816232,-0.17023352
195141,L6 IT,0.101906955,-0.1555824
138346,L6b,0.14817446,-0.27384472
271843,L2/3 IT,-0.20188373,0.3530084
34298,L6 CT,-0.20351696,0.029926002
49794,Endo,-0.0057356656,-0.184841
146823,L5 ET,-0.12811735,0.1241588
274706,L4/5 IT,0.25095415,0.12707269
32121,L6 CT,-0.1193203,0.0071961284
225385,Oligo,-0.16656277,-0.18301946
254850,Vip,-0.17930663,0.4382888
15045,L6b,0.16483974,-0.30479085
139346,Oligo,-0.13453323,-0.25064802
34336,L6 CT,0.26505208,-0.2726236
133692,L4/5 IT,0.36649656,-0.054817796
117846,L2/3 IT,-0.011134297,0.3482328
241234,L6 IT,-0.29218352,-0.020450681
49084,Vip,0.13513643,-0.2048361
36233,L6 CT,-0.34017497,-0.007904261
116290,L6 IT,0.10212654,-0.13526097
246510,Oligo,-0.13807017,0.0902521
5058,L5/6 NP,0.19885838,-0.15811798
135810,SMC,0.08681476,-0.09238979
116533,L5 ET,-0.22644219,0.13723564
191508,Endo,-0.23534712,-0.041036755
241844,Oligo,-0.07203114,-0.22517198
197065,Endo,0.42493957,0.1299715
188469,PVM,-0.3657893,0.18501002
48903,L6 CT,-0.24294451,0.14495891
197755,Astro,0.14383185,0.14327252
34652,VLMC,0.38103575,0.2788474
148129,Oligo,-0.084154695,-0.13576248
36350,L5 IT,0.049070776,0.15517211
117865,L6 IT,-0.33876514,0.10157615
124796,Pvalb,-0.05279547,0.13257849
258889,Oligo,-0.26521552,-0.11320463
117862,OPC,-0.19593439,0.18986595
192002,SMC,0.24505043,-0.1756014
255776,L6 IT,0.10309267,-0.1308468
36324,Oligo,0.026814997,-0.28079808
5052,L2/3 IT,0.17704207,0.3147217
49123,Astro,-0.18932986,0.3848909
222064,Astro,0.26654112,0.119161904
132801,L6 IT,-0.04004875,-0.13743305
44946,Endo,0.09505433,0.15873355
224607,L2/3 IT,-0.08003944,0.31999135
41188,Micro,0.24113911,-0.21113488
136311,Endo,-0.32716584,0.18317533
117867,L2/3 IT,0.004308343,0.25993234
222346,L6 IT,-0.24909899,0.14512676
