,cell_class,coord_X,coord_Y
246597,L4/5 IT,0.060852528,-0.16694726
243121,Endo,-0.15304902,0.2626971
280098,Astro,-0.054602593,-0.35846144
270974,Peri,0.40261686,-0.3125577
248753,Pvalb,-0.09035346,0.45223266
276401,L2/3 IT,-0.28419065,-0.026796151
239487,Peri,0.3627326,-0.41826618
273773,OPC,-0.3771599,0.3537404
270977,Astro,-0.019085467,-0.24462743
241411,Lamp5,-0.112596065,-0.33467525
256988,L5 IT,-0.07997078,0.007938813
242273,VLMC,-0.47079706,-0.039524544
278556,L6 CT,0.34506047,-0.039493848
243141,L6 IT,0.286932,0.21245666
270984,Lamp5,-0.42426223,0.3692159
270985,L2/3 IT,0.0095953345,-0.30372518
246993,L6 IT,0.14556897,-0.06623037
263654,Lamp5,-0.22119704,-0.1357456
270050,L6 CT,0.197137,0.15817614
266356,L5 IT,-0.06776795,0.008891176
267054,L4/5 IT,-0.18845508,-0.036981333
251396,Sst,0.35769266,0.11238356
276336,Endo,0.36507267,-0.053214926
258644,L4/5 IT,0.22167253,-0.22080804
258868,L5 IT,-0.13840356,0.19387133
249583,Astro,0.043004215,-0.18700875
242270,L6 IT,0.31167364,0.16969492
277792,L5 IT,-0.04311636,-0.038450975
267048,L6 CT,0.15342271,0.34793717
248204,Astro,0.041837633,-0.40691274
258612,Endo,0.4051469,-0.3664369
280124,Pvalb,0.37939763,0.07096334
265748,L5 IT,0.3651145,-0.22689305
276395,Endo,-0.12299153,-0.2727273
268898,Oligo,0.3027891,0.058788847
246466,Endo,-0.21807334,-0.07815178
276573,Astro,-0.15189347,0.2069083
244557,VLMC,0.33290857,-0.5104187
256983,L5 ET,0.1837408,0.13661923
245673,SMC,0.26250315,-0.3749668
249251,L2/3 IT,-0.39686787,0.29696226
252633,Astro,-0.45774564,0.28270298
271093,Endo,0.1740579,-0.123727724
269089,L5 ET,0.06675774,0.29515415
270920,L2/3 IT,-0.31499845,-0.09568538
280111,Peri,0.3173104,-0.43585014
257744,L2/3 IT,-0.0038440228,-0.24759422
270924,Astro,-0.48076963,0.2848789
244547,Astro,0.025641382,-0.18104322
265299,Endo,-0.19130918,0.25388038
241700,L6 CT,0.05542189,0.29713565
268241,L5 IT,-0.05902201,0.4326008
275033,L4/5 IT,-0.11089939,-0.036458988
273778,L2/3 IT,-0.0626708,-0.20507653
252036,L4/5 IT,-0.13192815,-0.07727586
270162,Oligo,0.4325261,-0.0679342
252568,Micro,0.33273357,-0.13831283
280067,L2/3 IT,-0.4069857,0.08462651
254906,Endo,-0.06593415,-0.30781293
275312,Astro,0.09475088,0.34546703
251123,Astro,-0.14740786,0.18171872
240891,L2/3 IT,0.1868943,-0.27282155
246631,Micro,-0.12397912,-0.3197466
255020,L5 ET,0.05578345,0.30159587
276443,L2/3 IT,-0.20984054,-0.14884
244054,L4/5 IT,-0.14679769,-0.08864747
269142,L4/5 IT,-0.20936799,0.4020685
270073,L6 CT,0.061131716,0.15006436
239184,Endo,0.46837026,-0.46592826
251136,L6 IT,0.2528749,0.26907593
275306,Astro,0.11450887,-0.43047893
271054,L4/5 IT,-0.21373713,0.2977807
245925,L5 IT,0.2778257,-0.18258815
246988,Astro,0.041455984,-0.37261254
255790,L6 CT,0.15383148,0.16356678
261445,Micro,-0.48865244,0.13010873
264206,L4/5 IT,-0.25567606,0.1268573
271065,OPC,0.4201548,-0.184994
251129,L2/3 IT,-0.4011722,0.31609058
275304,L5 IT,-0.041738063,0.012759816
261045,L6 IT Car3,0.1530118,0.26632404
257839,L4/5 IT,-0.17682582,0.32390237
257884,PVM,0.10962701,-0.119072184
243755,Astro,-0.076207906,-0.22019415
267851,L2/3 IT,0.031876206,-0.3446398
259447,Endo,-0.07180193,-0.34205574
276442,Astro,0.05731994,0.24733229
239555,L2/3 IT,-0.31802702,-0.07627468
266237,Peri,-0.36943698,0.31629246
246425,L2/3 IT,-0.25088513,-0.11076017
240900,L2/3 IT,-0.34662873,-0.03663947
245843,L6 IT,0.32798696,0.06848891
239205,L6 CT,0.18852067,0.11769821
247387,Endo,-0.13122922,0.11626686
259470,L2/3 IT,-0.32014084,0.22982754
242914,L4/5 IT,0.29395127,-0.25019425
240903,Endo,0.37775785,0.060439836
252016,Astro,-0.17673957,0.25998104
250313,Endo,-0.15868151,-0.27217072
255025,L5 IT,-0.14891326,0.31213593
257790,OPC,0.32549697,-0.067653075
278588,Micro,0.34719044,-0.47839847
268226,Pvalb,0.1395064,0.38427722
263663,L2/3 IT,0.11363846,-0.35454127
245131,VLMC,-0.48533118,0.347705
248161,Endo,-0.13222432,0.02760036
253634,Pvalb,0.31278193,-0.2113706
256990,SMC,-0.5040977,0.14601924
254960,Micro,-0.2540478,0.05654819
270132,L4/5 IT,-0.16916198,0.022733163
262419,SMC,-0.3778543,-0.012658406
279308,SMC,0.26572043,-0.36799437
280036,Micro,0.3104567,0.19713767
265304,L4/5 IT,-0.17010131,0.382092
280033,Micro,0.10393804,-0.116881296
271037,L4/5 IT,-0.1208272,-0.06342061
279286,L6 CT,0.31796694,-0.0058901794
252701,L5 IT,0.21418685,-0.12679256
273644,L2/3 IT,-0.0085737705,-0.29994535
239173,Astro,-0.42212197,0.1853828
269453,L6 IT,0.12430495,-0.08503689
273793,L2/3 IT,-0.13934541,0.4095193
254597,Peri,-0.033786416,0.32288188
257363,L4/5 IT,-0.046378195,-0.1466199
263542,Micro,-0.39921683,0.03805859
241299,Endo,0.34508115,0.028037082
257367,L2/3 IT,-0.22698459,-0.12263863
264811,L5/6 NP,-0.03774947,0.40704262
273962,L2/3 IT,0.41942066,-0.37860262
254594,L2/3 IT,-0.33025956,0.18922915
249379,L4/5 IT,-0.19145283,-0.054098178
265258,Astro,-0.112116605,0.3856517
261296,SMC,-0.1547344,-0.15208949
252354,Astro,-0.38935944,-0.003741134
255963,L5 IT,-0.056383252,0.010093223
280276,Endo,-0.2563864,0.40957624
279195,PVM,0.43874276,-0.2115968
263530,L5 ET,0.37461358,-0.105067566
248780,L6 IT,0.15644622,0.28323758
264252,L5 IT,-0.08398533,0.42014194
244940,Oligo,0.33236486,0.14418514
251469,L4/5 IT,0.29990494,-0.23500039
274125,Endo,0.08162111,0.06888671
276791,L4/5 IT,0.016893804,-0.22137497
250370,Oligo,0.05183971,-0.061295886
278393,L5 ET,-0.014967501,0.055882465
266073,L2/3 IT,0.25513816,-0.36867437
247777,Endo,-0.3478116,0.2122087
246543,Peri,-0.05285728,-0.04116114
273940,L2/3 IT,-0.3401361,0.36435473
244205,L6 CT,0.42987657,-0.11067225
239094,Astro,-0.008389413,-0.16878636
257619,Endo,-0.380116,0.09150137
239092,L2/3 IT,-0.3089127,-0.06375666
258837,L5 ET,-0.03561735,0.37375975
261939,L6 CT,0.14824706,0.36291635
245351,Peri,-0.049865693,0.2434621
262365,Endo,0.029034197,0.15092565
259680,L2/3 IT,-0.31003866,-0.0234841
246119,Endo,-0.42771825,0.34449184
272655,Endo,0.10671854,0.0026970021
276908,L4/5 IT,-0.23224208,0.11833818
275155,L2/3 IT,0.32003897,-0.3298411
267169,L2/3 IT,-0.2844273,-0.15918188
257445,Endo,-0.40545136,-0.03537639
243198,Astro,-0.42329445,0.40528935
249341,L4/5 IT,-0.16024807,-0.038141895
248785,Peri,0.23816925,-0.28606486
267999,L6 IT,0.32530224,0.1419682
249339,L5 IT,0.20365882,0.28792888
240339,L6 CT,0.34419304,-0.00343417
274067,L6 IT,0.09799892,-0.011922348
264275,Peri,-0.37241217,0.050007533
239807,L5 IT,0.35400915,0.20201017
243876,Endo,0.04208058,-0.077066615
259657,Lamp5,-0.4176488,0.37113202
263483,L4/5 IT,0.15249872,-0.20791526
246521,L5 ET,0.21444911,-0.060888756
245141,Micro,-0.046670377,-0.10054155
270613,OPC,0.33571833,-0.042399187
242467,Astro,0.13074285,-0.29112524
270523,Oligo,0.21885455,0.015007626
258751,L5/6 NP,-0.0016305447,0.28734773
268985,VLMC,-0.50493926,0.15313585
277861,L2/3 IT,-0.11738485,-0.24834572
261313,L6 IT,0.133919,0.013637077
277004,L2/3 IT,0.18912148,-0.35399038
270373,L2/3 IT,0.037253916,-0.22695999
268006,L4/5 IT,-0.2152572,0.20183404
263467,Endo,-0.41923955,0.048922252
267158,VLMC,-0.45364586,-0.06507726
249337,Oligo,0.33278573,0.105731204
265985,L4/5 IT,-0.09239811,-0.08552863
255919,Astro,0.324346,-0.286367
274013,L2/3 IT,-0.2926147,0.38099515
277859,L6 IT,-0.026725113,0.29733467
247450,L2/3 IT,-0.1236625,-0.23124634
240343,OPC,0.3151837,-0.18596013
250968,L5/6 NP,0.017082691,0.097945884
250937,L5/6 NP,0.08145529,-0.12862082
245365,L2/3 IT,-0.41481072,0.21871854
274139,Astro,0.48174942,-0.44895858
273822,L5 ET,0.21246171,-0.14688201
266160,L4/5 IT,-0.2489602,0.12471075
248337,L2/3 IT,-0.30893224,0.38956892
270235,Pvalb,0.19805968,0.09012939
247849,L5 IT,-0.051819056,-0.05565243
268870,Endo,0.013246775,0.0125573985
275255,L2/3 IT,-0.4165787,0.34505248
257200,L4/5 IT,-0.28053522,0.11206056
261880,Oligo,-0.0044416785,-0.11845748
263371,Astro,0.12435067,-0.10417749
260280,L2/3 IT,-0.2528835,-0.0235595
240416,VLMC,0.2770924,-0.49841294
277816,L2/3 IT,-0.3622911,0.30968136
254806,Sst,0.43878156,-0.07930137
265228,L5 IT,-0.0496428,0.04692329
279239,L4/5 IT,-0.0873155,-0.116846636
250864,L4/5 IT,0.24761331,-0.2596408
268116,L6 CT,0.147147,0.2032832
266162,Oligo,0.14067847,0.14148833
273813,L4/5 IT,-0.20230418,0.34770316
275041,Astro,-0.3010592,-0.15073042
241383,L6 CT,0.3128755,0.022486996
264312,L5 IT,-0.15808776,0.36750257
242537,L2/3 IT,-0.37164256,0.15307643
276583,L6 CT,0.25673014,0.036203217
262273,L4/5 IT,-0.19255674,0.004226338
241251,Peri,-0.22215167,0.18789466
267894,L2/3 IT,0.27757472,-0.36778605
241376,L4/5 IT,-0.1702947,0.39920682
270202,OPC,-0.4486283,0.26727194
278502,L6 CT,0.11086911,0.19055821
259501,L2/3 IT,0.18841642,-0.2931912
242533,OPC,0.18137187,-0.3434353
247010,L5 ET,0.38462663,-0.22896151
254846,SMC,-0.15239182,-0.15221165
241254,Endo,0.050003767,-0.41285485
263617,L6 IT,0.28686684,-0.07549788
254520,Pvalb,0.37961906,-0.20031662
267101,L6 IT,-0.025458395,0.23246242
253793,L6 CT,0.034824073,0.3374198
280208,L5 ET,0.07242292,0.23442192
246555,Oligo,0.45697623,-0.09691565
253670,L2/3 IT,-0.14543933,-0.24090491
244995,L2/3 IT,0.21675342,-0.31216526
248816,OPC,0.352167,-0.3784696
257639,VLMC,-0.49859655,0.06592263
270702,L6 CT,0.053403497,0.15806265
278443,L6 IT,0.3609383,0.10228397
257314,Micro,0.31416404,-0.44254237
254728,L2/3 IT,0.4052667,-0.37886226
264240,Lamp5,-0.14740685,0.024317455
247461,VLMC,-0.49050793,0.28247726
251017,L2/3 IT,-0.38021266,0.28874642
262796,L5/6 NP,-0.03876713,0.30614275
273902,L4/5 IT,-0.2908733,0.13180257
275092,L6 IT,0.27693045,0.17341448
270288,L2/3 IT,-0.33716932,0.12574811
247772,L6 IT,0.29702938,0.13470478
263579,Sst,0.020157754,-0.121386096
270725,Peri,0.27010608,0.024977755
241786,Endo,-0.16047531,-0.12647025
267919,Pvalb,-0.13474926,-0.016140033
259597,L6 IT,0.080772996,0.1699936
245893,Astro,-0.47106415,0.26526237
239122,L2/3 IT,0.08496958,-0.27929455
270783,L2/3 IT,0.43146837,-0.36401844
277084,Peri,-0.3963942,0.46309817
268089,L4/5 IT,-0.21251139,0.085619524
273879,PVM,0.4178998,-0.49515465
280186,L5 ET,-0.04000655,0.41766357
273880,L4/5 IT,-0.2121172,0.09838106
254755,Micro,-0.4486886,0.13771088
262716,PVM,-0.27116996,-0.23863386
263586,L4/5 IT,0.24474144,-0.2634411
243812,Endo,-0.31849718,0.12791713
252159,Peri,-0.04556471,-0.35989243
274161,L5 IT,0.23994404,-0.2220589
266179,L2/3 IT,0.24410623,-0.4077532
249450,Micro,-0.16642332,-0.003994573
276215,Micro,-0.37285691,-0.078940585
276306,L4/5 IT,0.3286593,-0.24327676
251231,Astro,0.43319905,-0.5014038
265094,VLMC,-0.4976834,0.114418104
254202,L2/3 IT,-0.45535344,0.10193683
240147,L2/3 IT,0.05149722,-0.2662971
272180,Endo,0.036726832,0.17728902
249963,L5 IT,-0.13505122,0.32772708
247208,L5 IT,-0.084774494,0.40705258
260708,L6 CT,0.22155315,0.22152473
266914,PVM,-0.024780005,-0.42329305
265594,Pvalb,0.4795506,-0.44964874
251856,L2/3 IT,0.15973389,-0.27731735
260719,L4/5 IT,-0.12068382,-0.10972507
263931,L6 CT,0.20057368,0.2611925
251860,L4/5 IT,-0.1738238,0.27605093
250196,L5 ET,0.15577519,-0.15830742
247607,Astro,0.253326,-0.35854483
279664,L4/5 IT,-0.27153057,0.28906214
271751,L5 IT,-0.02909413,0.058143985
255400,L2/3 IT,0.16283166,-0.3519596
248917,Pvalb,-0.26970592,0.3603201
258477,Oligo,0.13939571,0.12515153
271785,Oligo,0.25850487,0.11425413
242738,VLMC,-0.15116632,-0.34416288
274797,L4/5 IT,0.08953637,-0.14935903
242018,L5 ET,0.46713877,-0.18537714
249980,Endo,-0.029399604,0.26721323
258247,L4/5 IT,-0.24442646,-0.014932085
260665,L2/3 IT,-0.3756437,0.22149916
243613,Astro,0.39684182,-0.48595852
254181,Lamp5,-0.40836337,0.3615814
240674,Endo,-0.31209406,0.18706752
241100,L2/3 IT,0.4393192,-0.39118826
254194,Astro,0.14059782,-0.26241902
240078,L5/6 NP,0.47584683,-0.1835555
271760,Lamp5,-0.29862952,-0.18415295
275569,L4/5 IT,-0.19662052,0.20615263
271716,L2/3 IT,-0.28009036,0.061914098
253446,L4/5 IT,-0.2481887,0.11456604
260728,L4/5 IT,-0.21228263,0.19372578
246311,Oligo,0.025458872,0.24390872
267584,Peri,0.26528853,-0.23399447
247587,VLMC,-0.5014162,0.0933484
266604,L2/3 IT,-0.3685552,0.11361553
243311,VLMC,0.2905761,-0.50052565
241630,Micro,0.4661258,-0.21151365
261620,L6 IT Car3,0.12546796,0.2831757
266612,Sst,0.14409643,0.3013898
242106,L2/3 IT,-0.13782662,0.39726758
259968,VLMC,0.16272616,-0.48488382
250608,L4/5 IT,-0.19805813,0.41031045
249840,VLMC,-0.49882156,0.045690726
250216,L2/3 IT,-0.161677,-0.24668325
253018,Oligo,-0.08635247,-0.061313886
265190,Endo,0.092121065,0.040638875
263881,Micro,0.20666224,-0.18751188
255343,Endo,-0.019236267,0.14206935
271806,L5 IT,0.26998252,0.34096712
278824,Endo,0.033367157,-0.12534662
251358,L5 ET,0.0028432608,0.07500775
271709,L6 CT,0.2370717,0.08412917
275967,L4/5 IT,-0.25221115,0.2970814
239987,L2/3 IT,-0.33265364,0.17998804
258216,L4/5 IT,-0.070334375,-0.081662014
249937,Vip,-0.10220197,-0.2830148
265188,L6 CT,0.065111935,0.022140395
263917,Astro,-0.41419417,0.22564907
240818,Endo,0.17041522,-0.37071127
255377,Astro,-0.07796565,-0.34803176
239580,L4/5 IT,0.035776615,-0.2029518
241628,Micro,-0.11238173,0.37371504
263914,Oligo,0.255094,0.09655143
244413,Peri,0.012785733,0.18570895
247710,Sst,0.3220533,-0.22086926
260736,Astro,-0.45077908,0.18504156
271702,Endo,0.102897346,-0.26794788
277508,L6 IT,0.031793714,0.22225364
246788,L4/5 IT,-0.22080383,0.36804974
241089,L4/5 IT,-0.24710032,0.13591792
278048,L5 IT,0.22613698,0.21172918
268604,Pvalb,0.48090762,-0.077877864
263026,OPC,0.0360682,-0.17764322
268671,Endo,-0.009848416,-0.2624178
263028,OPC,0.15500683,0.08576538
250062,L2/3 IT,-0.34555554,0.27998197
247981,Pvalb,0.3199181,-0.3222856
246017,L4/5 IT,-0.22933143,0.37095493
271965,Sst,0.41338092,-0.109751955
250101,Micro,-0.07883614,-0.37287983
253343,Lamp5,0.16342622,0.37028587
241981,L6 CT,0.16192609,0.3138044
271953,L2/3 IT,0.030816615,-0.24310018
253209,L4/5 IT,-0.2338486,0.298109
245586,L4/5 IT,0.3001631,-0.29187918
247954,L5 IT,0.07724333,0.016702246
253233,L6 CT,0.11251861,0.38324517
243574,Peri,-0.22529933,0.2432812
248947,L4/5 IT,0.24810135,-0.28174067
264010,PVM,0.37657946,-0.22535186
256399,L2/3 IT,-0.29590276,0.030841362
243583,L6 CT,0.21460265,-0.107519165
274714,Lamp5,-0.09056243,-0.23264326
258417,Endo,-0.4075569,0.16281708
267434,Endo,-0.21743795,0.05688901
273044,L4/5 IT,-0.241985,-0.0044069774
273013,L4/5 IT,-0.21568775,-0.0059474595
240706,L2/3 IT,-0.38071817,0.26343876
269480,L4/5 IT,0.45479286,-0.30678743
256412,L4/5 IT,0.42057204,-0.30454275
246926,Peri,0.34940583,-0.1205229
261733,L5 IT,-0.076069415,0.41812742
262023,L2/3 IT,0.45801812,-0.44020498
265468,L2/3 IT,-0.42599815,0.17686017
263023,Astro,-0.21260428,0.26814044
260598,Astro,0.33754092,-0.25627682
277990,Pvalb,-0.02138266,-0.14507155
239351,L6 IT Car3,0.26327437,0.29873973
241593,L6 IT,0.3609963,0.12920918
268672,Peri,-0.29575673,0.43669945
269547,L2/3 IT,0.13953346,-0.3339697
244314,L6 CT,0.31958425,-0.0133057125
241544,L2/3 IT,0.19758743,-0.4082862
279622,L6 CT,0.14385033,0.3581156
262090,L2/3 IT,0.23704833,-0.40563232
269571,Lamp5,-0.46627498,0.3586185
260052,Sst,0.033274412,0.30967122
273164,L6 CT,0.060958683,0.2674923
272122,VLMC,-0.4546189,-0.050495554
271831,L2/3 IT,0.14023316,-0.34818617
266861,Endo,0.21425027,0.26233572
246852,L5 IT,0.2407912,-0.116049334
273189,L4/5 IT,-0.1887984,0.3975371
268542,L5 IT,-0.056755006,0.44103926
259179,L2/3 IT,-0.22124153,-0.15894128
256267,Pvalb,0.08033401,-0.24165411
263948,L2/3 IT,-0.3065127,-0.021185149
261693,Astro,-0.030377299,-0.07664324
253367,L5 IT,0.12110466,-0.19706188
275837,Micro,-0.10000804,0.40447885
271949,OPC,-0.1373572,0.43349844
249098,Oligo,0.030737698,0.0068692677
271945,Micro,-0.0996542,0.24088843
245069,Endo,-0.12692976,0.3981675
242790,L4/5 IT,-0.10172513,0.27709687
245573,L2/3 IT,0.15177238,-0.38674676
274669,SMC,0.24407762,-0.1325257
255637,L5/6 NP,0.19485676,0.017826807
253191,Endo,-0.2206068,0.11471911
251268,SMC,0.4226209,-0.5165606
239341,L4/5 IT,-0.09669429,-0.07132335
267430,Astro,0.08445543,-0.4034872
256319,Endo,0.37002116,-0.36195797
260074,Vip,-0.16397959,-0.2102548
260618,VLMC,-0.4816029,0.0071895234
274753,L2/3 IT,0.13651806,-0.41572607
253185,Endo,-0.18055195,-0.29574662
271633,VLMC,0.11411607,-0.47161007
277478,Astro,-0.004136443,-0.13561301
278791,L6 CT,0.18481344,0.11228128
258021,Pvalb,-0.007132709,0.37036347
249193,L2/3 IT,0.16229177,-0.28324145
259861,L2/3 IT,0.46491516,-0.42928663
250264,Oligo,0.41406035,-0.16914405
275432,L2/3 IT,-0.3560301,0.26351595
275413,L2/3 IT,-0.32636207,-0.030969132
277353,L4/5 IT,-0.19810313,0.3104756
253580,L2/3 IT,0.18368185,-0.41577002
266992,L5 IT,-0.1566973,0.23607065
255114,L4/5 IT,-0.25601974,0.29035342
277721,Astro,-0.34196013,-0.094389305
272313,L5 IT,0.02104795,-0.09931107
266459,L2/3 IT,-0.001222074,-0.30569017
258004,VLMC,-0.25537986,-0.28308886
262480,L2/3 IT,-0.27868012,0.2524233
258549,L5 IT,-0.13477159,0.18126453
258953,L6 IT,0.32671648,0.12621547
265029,L6 IT,0.3212266,-0.10337822
248107,L4/5 IT,-0.20920253,0.16187747
273461,L2/3 IT,-0.33583552,0.38960946
279077,Peri,0.16232032,0.038927685
251612,Endo,0.0993284,-0.15267174
256792,L4/5 IT,-0.17071536,0.0049389116
274446,SMC,-0.1573748,-0.15660836
254318,Astro,-0.15302345,0.16749813
241466,L6 CT,0.46138495,-0.102887526
249654,L4/5 IT,-0.14776635,0.08631517
269268,Astro,0.2624026,-0.070558205
239450,Peri,-0.25073007,0.09802063
271406,L2/3 IT,-0.32554168,-0.05722438
243705,L2/3 IT,-0.1914646,-0.2352954
262188,Endo,-0.0867295,0.14371015
259338,Astro,0.12591499,-0.194508
269260,Endo,-0.22683305,0.16957279
247278,L6 CT,0.28832763,0.011111569
258058,L2/3 IT,0.09724009,-0.338296
243957,L4/5 IT,-0.12119222,0.3577401
250439,L5 ET,0.12032676,0.3376664
278675,L5 ET,-0.061085045,0.06293835
249625,L4/5 IT,-0.09148446,-0.10508247
258930,OPC,0.1831814,-0.4340218
245818,Vip,-0.2465181,-0.0879166
246662,L6 CT,0.36496705,0.09238608
255070,L2/3 IT,-0.40525606,0.12482299
268855,Endo,-0.018701553,0.0229115
278649,L4/5 IT,-0.1953142,0.21706201
273606,L4/5 IT,-0.18917355,0.3897646
272753,L4/5 IT,0.23078364,-0.25143594
271238,L6 CT,0.34314567,-0.120373145
276288,L2/3 IT,0.19142532,-0.32565993
267035,Astro,-0.4668032,0.28189868
276294,VLMC,-0.48275483,-0.0013242252
277271,L6 IT,-0.03695491,0.21195497
263241,VLMC,-0.4800564,-0.012238968
277741,Peri,-0.2081064,-0.038644005
242248,L6 CT,0.35298914,-0.0025750883
241467,Astro,-0.3980139,0.3477913
247075,L2/3 IT,-0.12563518,-0.22772945
251151,L4/5 IT,-0.21551529,0.45471638
259391,Oligo,0.43329042,-0.2576037
278668,L4/5 IT,-0.24489024,0.007973563
248391,Endo,0.08943272,-0.016928006
257939,L2/3 IT,-0.39205098,0.13520296
248134,Oligo,0.098695815,-0.051300514
252826,Oligo,-0.21119478,-0.05047818
261531,L2/3 IT,-0.20301625,-0.19075258
262465,L2/3 IT,-0.35116822,0.44381428
262475,Micro,0.021826088,-0.18682154
265734,L2/3 IT,-0.3195229,0.36548555
253312,L2/3 IT,0.074409544,-0.33415198
276234,L6 IT Car3,0.20271868,0.18687667
277308,L6 CT,0.19005555,0.10487868
239996,Astro,0.07924414,0.1434908
243731,L6 CT,0.3515721,-0.053867716
240056,L2/3 IT,-0.2426714,-0.2195429
263202,L2/3 IT,-0.3291856,0.3681364
261585,Micro,0.059016407,0.2751336
271418,L5 ET,0.094457984,-0.022899974
268783,L6 IT,0.21630675,0.2710073
256691,L2/3 IT,-0.39198518,0.08805819
252951,Peri,0.37771076,0.16747124
265648,Micro,-0.08292815,0.20498867
244324,L2/3 IT,-0.09809491,-0.2168834
267643,L2/3 IT,-0.34891212,0.21747388
240599,L2/3 IT,0.040707827,-0.33866876
240598,Astro,-0.43922442,-0.02098428
274524,Astro,0.25731105,0.33836752
271567,Sncg,0.07366133,-0.37958196
243078,Pvalb,0.24855739,0.0168568
251190,PVM,-0.11356008,0.29871076
269752,Astro,-0.16114628,0.046476137
275476,L2/3 IT,0.093253255,-0.36361235
245533,L2/3 IT,-0.34591538,0.16331841
260196,Oligo,0.24868864,0.17459632
252924,L4/5 IT,-0.17333582,0.22998615
267323,SMC,-0.4720673,0.41938084
253487,Endo,-0.18381882,0.42313874
249780,L5 ET,0.373949,-0.04897316
252958,L6 CT,0.24589747,0.16155626
249813,Endo,-0.34835598,-0.054937173
249812,L4/5 IT,-0.2598799,0.07996954
258167,Astro,-0.3464263,0.25508887
263089,Oligo,0.15076703,-0.099534914
255696,L6 IT Car3,0.17410982,0.32355464
278782,L4/5 IT,0.35700816,-0.25260228
277688,Astro,-0.42126977,0.3216166
258804,L5 IT,0.29342496,-0.1389438
245221,L6 IT,0.24110746,0.2683078
279787,SMC,0.048613727,-0.3730929
274541,L2/3 IT,-0.3461088,0.2754315
266596,Micro,-0.057365447,0.22187598
251201,L5 IT,0.08796245,-0.001033593
276035,SMC,-0.31649506,-0.058051873
260773,Sst,0.021027565,0.008339237
268424,Endo,-0.061059475,0.17109145
246219,Pvalb,-0.028744936,-0.30716974
243510,L6 CT,0.27084494,0.1490996
250231,Peri,0.11035156,0.13405533
248068,L4/5 IT,-0.0068125725,-0.12901111
256742,L6 IT,0.29848498,-0.10005386
243683,OPC,0.2944513,-0.3428667
258100,L4/5 IT,-0.20466581,0.18282695
264555,L5 IT,-0.12244141,0.19345249
273441,L2/3 IT,-0.24236104,-0.150631
264389,L5 IT,-0.10144776,0.044712853
256767,OPC,0.4143055,-0.44832194
245518,OPC,0.242886,-0.01462369
239715,Endo,-0.01685524,0.34732932
263142,L2/3 IT,0.38926184,-0.43113267
251941,L2/3 IT,0.41018522,-0.42092627
278126,VLMC,-0.20989418,-0.3121025
241156,OPC,-0.3832614,0.4647416
277414,L6 IT Car3,0.263097,0.20560105
249729,L4/5 IT,-0.21351328,0.43808633
252877,L5 ET,-0.043610215,-0.019496787
244498,L6 IT,0.1928314,0.0004979484
250681,L2/3 IT,0.17338586,-0.2910071
266524,Endo,0.34983426,-0.18867268
250694,L5 IT,0.38630754,-0.17687787
259912,VLMC,-0.4886726,0.016110789
245121,L4/5 IT,0.43690193,-0.24673964
247733,Astro,0.3037417,-0.47232017
273411,L5 IT,-0.09369919,0.31555188
259281,L5 IT,0.21642005,-0.11896525
269780,Vip,-0.36832017,-0.039426792
252894,Endo,-0.10347608,0.3916391
241479,L5 IT,0.061980486,-0.073950246
271491,Astro,-0.27569804,0.35591573
267663,L6 CT,0.25624853,0.36810273
275453,L5 IT,-0.099837184,0.2461098
252887,Astro,-0.0917418,-0.13459437
249052,Astro,-0.077031195,-0.054983813
276083,L2/3 IT,-0.3390926,0.2954138
249182,Astro,-0.44091707,0.24112637
258969,SMC,-0.13210988,-0.34205377
241484,Micro,0.19919276,-0.21834706
265902,L4/5 IT,-0.21297729,0.3524739
280326,L2/3 IT,-0.30602285,0.0038293712
82843,VLMC,-0.47129193,-0.036682803
144274,VLMC,-0.4943064,0.21455975
195878,L4/5 IT,0.45272493,-0.29950967
195873,Micro,-0.24369672,0.113965586
144280,Endo,0.03818667,-0.031807173
34342,L4/5 IT,-0.2408638,0.110345975
34358,L5 IT,-0.10027,0.067482665
144346,L6 IT,0.2713055,0.32239115
34372,L5 IT,-0.13466242,0.0028442256
144432,Endo,-0.2639492,0.2810821
144471,L4/5 IT,-0.20141774,-0.050738443
34422,L4/5 IT,-0.17263329,0.10754676
144492,L5 ET,0.35336405,-0.21819003
144521,L5 ET,0.32857603,-0.20050727
144248,Lamp5,-0.461415,0.18030061
34433,Astro,-0.0458169,-0.19751348
77706,Astro,-0.13458607,-0.29358262
77668,L2/3 IT,0.30545902,-0.40245253
195622,L2/3 IT,-0.19941285,-0.106380805
144688,Endo,-0.31591046,0.29508632
195615,L6 CT,0.10265505,0.27189273
34561,OPC,0.23587608,-0.25917968
144745,L4/5 IT,-0.07729265,-0.14466234
195608,L6 IT,0.2629525,0.06925376
144758,VLMC,0.39154887,-0.5129698
144766,L4/5 IT,-0.24206471,0.08037992
77482,L6 CT,0.18790287,0.29963988
77439,L2/3 IT,-0.3765235,0.37918192
77395,L6 IT,0.07344782,-0.040486623
144533,Endo,0.05130315,0.08920558
144220,L4/5 IT,-0.11701095,0.106311575
34269,VLMC,0.18492925,-0.48669583
144187,L6 CT,0.26247633,0.06084199
33604,L2/3 IT,0.21286005,-0.41247398
196765,L4/5 IT,-0.028708965,-0.11550732
196702,L2/3 IT,-0.06126529,-0.2845706
143540,Peri,0.16951609,0.04372741
78499,L4/5 IT,-0.1407108,-0.13440888
78418,Vip,0.33378786,0.13730045
196615,Astro,-0.23554942,-0.07883228
78386,L4/5 IT,-0.07757607,-0.121989146
143801,VLMC,-0.5049943,0.16825284
196474,L4/5 IT,-0.235082,-0.02115463
196408,Endo,0.35345948,-0.315633
143861,Endo,-0.32094392,-0.13978888
143889,Micro,-0.44335854,0.41858298
143975,Lamp5,-0.4299127,0.2631266
196363,L2/3 IT,-0.34243682,0.09518148
33905,Lamp5,-0.05547124,-0.39017087
33975,Pvalb,0.32314903,0.040400337
78254,Astro,-0.07709098,-0.10633169
144040,Astro,-0.3488778,0.20732833
78102,Peri,0.24873543,-0.48502883
34043,L4/5 IT,-0.19111776,0.39324945
196203,L6 IT,0.27518177,-0.04093926
196136,Pvalb,-0.20576268,0.20359571
34066,Lamp5,0.37843573,-0.50313497
196099,Astro,0.27703273,-0.3568325
34076,Micro,0.21068984,-0.13284977
77972,L6 CT,0.24032891,0.1485339
144131,L6 IT Car3,0.23446327,0.30240703
34258,Astro,-0.34085733,0.13823815
77376,L4/5 IT,-0.2049452,-0.0602427
33598,L2/3 IT,-0.28071848,-0.05845042
144874,Sst,0.061656713,0.2088734
77369,SMC,-0.49941304,0.12117733
145578,Micro,0.2802912,0.167879
194421,L2/3 IT,-0.35962963,0.34690398
35390,L2/3 IT,-0.3265818,0.008087885
194382,Micro,-0.4134516,0.31969494
145604,L2/3 IT,-0.26577422,-0.15806673
76863,Astro,-0.32361287,0.40253752
145643,VLMC,0.3373841,-0.5107979
35418,L2/3 IT,-0.4370685,0.1287743
145662,L5/6 NP,0.042892814,0.3666637
76836,L4/5 IT,-0.19990346,0.0820473
194210,Endo,-0.28432113,0.3016621
145694,L5 IT,-0.23432818,0.38639754
35456,L4/5 IT,-0.05983761,-0.0924152
194478,L2/3 IT,0.36040968,-0.3507835
76824,L2/3 IT,-0.15311545,-0.24830951
194146,L5 IT,-0.020870626,0.17225273
145753,PVM,-0.0135240555,-0.42627454
194113,Astro,-0.31448752,-0.05799364
35559,L5 IT,0.13428998,-0.09491943
76778,Endo,0.21529913,-0.45273095
35582,Endo,-0.0072461367,-0.3774761
194054,L5 IT,0.028433323,0.05268688
194047,L6 IT,0.3190549,0.11545618
194038,PVM,-0.2673844,0.24181648
145824,L2/3 IT,-0.3424644,0.38651627
194004,L2/3 IT,-0.30135137,-0.08451246
35647,L2/3 IT,-0.27693683,-0.07715185
193960,VLMC,-0.47879016,0.4311012
76791,L6 IT,0.0908739,0.1413426
76978,L2/3 IT,-0.20339632,-0.1636415
194517,Astro,-0.44118693,0.3880285
194535,Lamp5,-0.38772282,-0.07415049
77345,L6 IT,0.38937992,-0.07238813
144937,Oligo,0.069705546,0.058329057
144982,L6 CT,0.047757685,0.14963289
195265,Oligo,0.19369614,0.12258877
144997,Endo,-0.06085053,-0.41300523
34809,L2/3 IT,-0.18397725,-0.19086905
34900,Endo,0.049193323,-0.22502829
195231,L5 IT,-0.066313684,-0.044668812
145040,L2/3 IT,0.11145121,-0.30324614
77294,L2/3 IT,-0.28579968,0.009916019
34983,Endo,0.05571562,-0.22560133
77242,L2/3 IT,-0.021674484,-0.2406516
77220,Astro,-0.43951035,-0.0041001923
145112,Pvalb,-0.11453101,0.4217254
77202,Micro,-0.30397612,0.10971893
194992,Vip,-0.042780817,-0.42083287
77176,L2/3 IT,-0.26954323,-0.15867628
145176,VLMC,0.31047714,-0.50564176
77141,L2/3 IT,-0.0036854744,-0.2152551
194860,Micro,0.3457021,-0.5067856
145357,L4/5 IT,-0.17393535,0.32129925
145374,L5 IT,-0.014767468,-0.080036804
194735,L2/3 IT,-0.20624804,-0.2252027
145380,L6 IT,0.27895778,0.002075445
145409,L4/5 IT,-0.19349307,0.15684642
77051,L6 CT,0.3332163,0.022029113
194574,Peri,-0.2736153,-0.08241381
35278,L5/6 NP,-0.058136553,0.37314403
145507,OPC,0.2067985,-0.047632087
77375,VLMC,-0.48646644,0.3278767
145899,L6 CT,0.35640603,-0.021432508
33562,L5 IT,0.24885386,-0.20701627
143495,Astro,-0.32569537,-0.19559522
79717,VLMC,-0.47745776,0.43981123
198726,L6 CT,0.45546085,-0.14057367
198725,L2/3 IT,-0.30418706,0.2629183
79716,L2/3 IT,-0.35710618,0.44280887
141812,Astro,0.24873924,0.097677365
141866,L4/5 IT,0.11613631,-0.19526525
32089,Micro,0.44699854,-0.4103886
198623,L2/3 IT,0.12509322,-0.27621296
79675,L6 CT,0.20023894,0.38114
32096,VLMC,-0.4421956,0.46871895
79661,Micro,0.30994815,-0.3649446
198608,L2/3 IT,-0.19468284,-0.15527485
198602,OPC,-0.28288317,0.2201782
198728,L6 IT,0.3436494,0.10537733
79651,VLMC,0.30600464,-0.50416195
79565,L2/3 IT,0.2962669,-0.3604402
141980,L2/3 IT,-0.21278328,-0.21792586
141993,Peri,-0.0005726814,0.19696172
198367,Endo,0.031633794,-0.3969183
79513,L4/5 IT,0.19414526,-0.2198803
32235,Endo,-0.059410572,0.43870676
198281,L6 IT,0.39914548,-0.09735073
79434,Peri,0.24565667,-0.3308581
198212,L2/3 IT,-0.3154152,0.43273073
142119,Astro,-0.42022714,0.393627
198208,L2/3 IT,0.26549083,-0.3560612
32339,OPC,-0.18961903,-0.14641304
198190,L6 CT,0.23343897,-0.093569145
79650,L2/3 IT,0.06693047,-0.39231926
141715,Oligo,0.12283498,0.040365886
141704,Endo,0.28541017,0.11535926
79761,Endo,0.24710792,0.23961802
140997,Endo,0.17597616,0.23410006
141024,Sst,0.008191228,0.3574528
141030,L6 IT Car3,0.17876673,0.23422469
199381,Astro,-0.452698,0.32528824
80347,L2/3 IT,-0.056090057,-0.2608089
31386,Oligo,0.29749978,-0.18998043
80287,Sncg,-0.36613905,0.37443268
199321,Astro,-0.44375613,0.40513438
141174,SMC,0.4257477,-0.51650923
199314,Micro,0.30483025,-0.3091544
31436,L5 ET,0.113131166,0.3430466
31453,Endo,-0.32838815,0.46145517
199257,Oligo,-0.26515928,0.06750639
141247,L4/5 IT,0.18338925,-0.25037548
141277,Peri,0.44070572,-0.4074945
199164,L2/3 IT,0.43344754,-0.34568578
141309,L6 IT,0.3484748,-0.16003679
141406,Oligo,0.24531603,-0.16846932
141414,L4/5 IT,0.2600094,-0.2918403
79979,L2/3 IT,0.1669864,-0.3961958
198976,L4/5 IT,-0.27128476,0.40437537
79966,L2/3 IT,0.43717796,-0.4292139
31716,Micro,0.28519356,0.08558996
141460,L6 IT,0.15733087,0.11201991
79904,Peri,0.2067712,-0.33664066
31877,VLMC,-0.47235534,-0.031454254
141614,L2/3 IT,-0.341098,-0.03232469
198847,L5 IT,-0.07178223,-0.023941386
31917,L6 CT,0.17397422,0.1384777
79388,Astro,-0.33922836,0.08352132
196829,Endo,-0.14915478,0.345496
198168,L2/3 IT,-0.38209608,0.3697902
198157,OPC,0.31482613,-0.301682
78957,VLMC,-0.19299844,-0.31875104
33187,L2/3 IT,0.41240758,-0.40673506
78918,VLMC,-0.22938758,-0.30105627
33292,L6 IT,0.055904448,0.33930302
33300,L4/5 IT,0.26287848,-0.26958498
197291,Endo,0.27981097,-0.2984773
197267,L4/5 IT,-0.112605214,0.42613697
197182,L5 IT,-0.09952471,0.33588707
197178,L2/3 IT,0.06650114,-0.35371524
78835,Astro,0.2577768,-0.27937907
143026,L2/3 IT,-0.3796715,0.23164816
33369,Lamp5,-0.2074363,-0.010975767
143041,L6 IT,0.24242896,0.33186752
142807,L2/3 IT,0.28105295,-0.38969496
143060,Endo,0.068987906,-0.21446161
143192,Endo,0.07777274,0.30696654
78778,L6 IT,0.14622211,0.29564345
78638,Astro,0.20325124,-0.25215533
197042,L6 CT,0.10417622,0.17564209
196988,L4/5 IT,-0.24818507,0.25514865
196975,L6 CT,0.080821335,0.28064728
143329,Pvalb,0.19668752,0.31844085
33524,Micro,-0.22949287,-0.23560561
196964,Micro,0.45598286,-0.47605902
143370,L2/3 IT,-0.36479986,0.05514009
196892,L5 IT,-0.02921924,-0.101788804
78533,L4/5 IT,-0.20833138,0.17028286
196865,Oligo,0.429286,-0.093101606
33452,L2/3 IT,-0.07278037,-0.2904418
142806,L6 IT,0.312451,-0.19360064
142730,L5 ET,-0.036791205,0.036832046
142677,VLMC,0.12337494,-0.47365668
198100,VLMC,-0.48536402,0.32505798
198076,Peri,-0.030716479,-0.4059486
32365,Endo,0.33369702,0.1787811
198033,L6 IT Car3,0.20081419,0.35865307
32491,Peri,0.24773759,-0.07488905
142198,PVM,-0.32849497,0.38752186
142244,Endo,-0.09397456,0.16928567
197928,Vip,-0.37757927,0.0061946623
32556,Micro,-0.30830464,0.32550216
32637,Astro,-0.2937091,-0.1130635
142283,L6 CT,0.07120633,0.33431232
142301,OPC,0.0781523,0.29972345
197832,L5 IT,-0.06893277,0.4500801
32736,L4/5 IT,-0.10165471,-0.030460943
197799,L5 IT,-0.030708343,0.16364135
32763,Peri,0.03837514,0.0629272
79241,L2/3 IT,-0.3442597,0.36296207
142361,L5 IT,-0.040750593,0.05963732
197735,Astro,0.24550515,-0.4877572
142446,Lamp5,-0.38842198,0.1671352
142491,Astro,0.33406645,-0.38753352
32936,PVM,-0.14996126,-0.33130825
142548,VLMC,-0.5077876,0.15994294
197515,L2/3 IT,0.22004491,-0.38669837
32941,L5/6 NP,0.4425487,-0.18032195
197506,L2/3 IT,0.2566564,-0.44757915
197498,L4/5 IT,0.4640512,-0.29316565
142574,L4/5 IT,-0.11260709,-0.13201658
197473,PVM,-0.12388614,-0.33702475
79371,Oligo,0.18268001,-0.26459163
80352,L6 CT,0.2624917,0.13887198
193944,L4/5 IT,0.3150062,-0.26474348
35685,L6 CT,0.109218836,0.25039506
38554,L2/3 IT,-0.3222885,0.11442132
147934,L2/3 IT,0.113188446,-0.32938516
190513,Astro,0.21312493,-0.22873197
190509,L2/3 IT,-0.28438118,-0.052361775
74921,Oligo,-0.13148493,0.3228742
38564,Astro,-0.21684206,0.37647206
38565,Peri,-0.33888867,0.21483876
148015,L6 CT,0.095193684,0.23698016
190419,L5/6 NP,0.33845758,-0.029625881
190415,L2/3 IT,-0.37813282,0.37381285
38615,L2/3 IT,-0.35881627,0.1412793
148031,OPC,-0.42643172,0.13128032
74856,Astro,-0.34899724,0.036839258
147919,L6 IT Car3,0.32555282,0.10926367
74836,L6 IT,0.24865466,0.074202195
148259,Endo,0.37200904,0.13864775
190295,L5 IT,0.46141464,-0.27757668
38766,Astro,-0.25847113,-0.043780584
74609,L6 IT,0.096649826,0.12446965
190268,L6 IT Car3,0.24494046,0.29291224
74553,Endo,-0.07285696,0.31235856
148425,Sst,-0.212141,0.3105821
38896,Endo,-0.020267606,-0.09878768
190227,L2/3 IT,-0.3841679,0.28897274
74407,Micro,-0.010952592,-0.14294787
74402,L6 IT,0.19536054,-0.012529839
190185,L4/5 IT,-0.22329357,0.032278072
190170,L2/3 IT,-0.28882718,-0.00764196
148207,OPC,-0.13576934,0.40721434
190571,L4/5 IT,-0.17746305,0.416977
147907,L6 CT,0.01648581,0.24169917
38426,L6 CT,0.25339288,0.34530944
191093,L6 CT,0.29788888,0.059973013
147572,L6 IT,0.22989917,0.20438553
191083,L2/3 IT,-0.3195507,-0.0150403865
191077,L4/5 IT,-0.17220095,0.14187707
191023,SMC,0.21014374,-0.13999866
147592,L6 IT Car3,0.24313194,0.10298307
190963,L4/5 IT,0.20730853,-0.2321179
37671,L2/3 IT,-0.13426656,-0.20649289
37931,L2/3 IT,0.040332675,-0.352984
37948,L5 IT,-0.11470461,0.20172037
75292,L5 ET,0.05298662,0.21531488
190845,Astro,-0.44129863,0.02777369
38000,L4/5 IT,-0.100284666,0.37585145
147650,L4/5 IT,-0.19418082,0.16595389
147657,Micro,0.21794283,-0.2032166
75222,L2/3 IT,-0.07602015,-0.23788063
75193,L6 CT,0.14524406,0.15413596
147693,L5 IT,0.4478333,-0.19952585
75190,VLMC,0.13479048,-0.4780435
75186,L4/5 IT,-0.22231525,0.4463876
147720,L5 ET,0.4803245,-0.19342686
75078,L2/3 IT,-0.26671016,-0.03392889
147829,Sst,0.40266633,-0.07880269
190659,L6 CT,0.2274614,0.1108547
147854,L2/3 IT,0.37077224,-0.46244043
147883,Vip,0.3362003,-0.42413896
147889,L2/3 IT,-0.12114698,-0.20901503
75048,Astro,-0.17277405,-0.25427726
190637,Astro,0.3007213,-0.45772204
38925,Endo,0.35735554,-0.1557308
147561,Micro,-0.25620413,-0.077619985
74396,L6 CT,0.35059124,0.13212545
39081,L4/5 IT,-0.1113421,-0.004842449
73199,Micro,-0.10916135,0.100354925
189094,VLMC,-0.49707413,0.07195468
189065,Micro,-0.12009671,0.46340555
39752,L6 IT,0.31954265,0.1772755
39756,L6 CT,0.18891019,0.19970985
39799,L2/3 IT,-0.35143155,0.31277335
149744,L2/3 IT,0.14232671,-0.29120272
149811,L2/3 IT,0.23889035,-0.3502967
73086,Micro,-0.07327697,0.34117275
149838,Astro,-0.40013108,0.45618582
39897,Astro,0.096886694,-0.24521868
73058,Endo,0.2916919,-0.4545549
149878,L2/3 IT,-0.090247065,-0.19237055
189170,Lamp5,-0.4014388,0.3637759
39957,Endo,0.1321286,0.35984468
188854,L5 IT,0.045354605,-0.043821055
72996,Pvalb,-0.12003052,-0.054213006
40085,L5 IT,0.026012778,-0.06049456
150096,Endo,-0.35477036,0.11367656
188727,L5 IT,0.16860992,-0.15843983
72966,L6 IT,0.13520348,0.29929668
40151,L2/3 IT,-0.2963599,-0.04619338
150156,Astro,0.07179111,-0.30929002
150169,VLMC,-0.5000529,0.39200282
72814,L4/5 IT,-0.025538743,-0.11456098
40274,L2/3 IT,-0.2935642,0.46581233
72793,L2/3 IT,0.17564821,-0.4038149
40279,L4/5 IT,-0.16060254,0.3334499
40014,L2/3 IT,0.47647375,-0.41592383
189178,L6 CT,0.29440624,0.05424143
149459,L6 IT Car3,0.07187182,0.24687512
149359,L4/5 IT,-0.28077763,0.29142052
148479,L4/5 IT,-0.020275503,-0.17217581
74297,L2/3 IT,0.056168854,-0.36539963
190085,SMC,0.030333102,-0.36168903
148577,L2/3 IT,0.43956822,-0.3805881
189998,L6 IT,0.06877625,0.029004108
189953,L5 IT,0.24415308,-0.15439098
148698,L4/5 IT,-0.21579793,0.10795613
39216,L4/5 IT,-0.21969879,-0.018373717
73939,L5/6 NP,0.26002997,-0.16817372
189776,L6 IT,0.080241084,0.092308834
148867,Endo,0.35530543,-0.2413765
73839,Oligo,0.10807794,-0.15667062
73832,L2/3 IT,-0.3829013,0.08052005
189725,Endo,0.055096567,-0.06342019
39352,L2/3 IT,-0.37673146,0.104001
148984,OPC,0.38669348,-0.45374382
189657,L6 CT,0.2908942,0.11919899
73673,SMC,-0.10385576,0.20365919
39404,L2/3 IT,-0.42025435,0.044899475
73670,PVM,-0.26168784,-0.27889097
189555,Astro,-0.41921523,0.426053
39485,Pvalb,0.21332413,0.07764591
39521,L6 IT,0.18517303,0.33593464
73574,Peri,0.32297343,-0.017843593
189462,Astro,0.12473476,0.0544268
149249,L4/5 IT,-0.17151633,0.2069114
189425,VLMC,-0.06541911,-0.41059172
39610,L2/3 IT,0.18775058,-0.39324245
39627,L2/3 IT,-0.30574107,-0.16716425
39080,PVM,0.16728944,-0.4692184
35659,VLMC,-0.50728834,0.14778127
37580,Astro,-0.058545053,-0.17910396
75363,L5 IT,0.20497501,-0.16725789
146244,L6 CT,0.2233696,0.048671078
36204,Astro,-0.27345285,-0.2706361
36211,L6 IT,0.111628234,0.10683097
193129,L2/3 IT,-0.29382604,0.4598227
193119,L2/3 IT,-0.3760355,-0.15677737
76456,Endo,0.083281755,0.34336334
193101,L5 IT,0.089567184,-0.17580782
36241,L2/3 IT,0.24719763,-0.30460078
193059,Pvalb,-0.15327913,0.13698371
36263,L5 IT,-0.11204216,0.1295044
193037,L4/5 IT,-0.27904648,0.13715751
76450,Astro,0.2667449,0.051921856
36382,L4/5 IT,-0.2212379,0.09251715
193301,L5 IT,0.2646271,-0.24457179
146338,L4/5 IT,0.22988927,-0.30162644
36428,L6 CT,0.30187535,0.1314248
146373,L6 IT Car3,0.26853567,0.3073979
36485,L4/5 IT,0.44076663,-0.3015592
192779,L4/5 IT,0.3763588,-0.276073
192764,L4/5 IT,-0.123747885,0.43463975
146473,L4/5 IT,-0.22028354,0.12361838
36510,L4/5 IT,-0.28691226,0.17377008
36540,VLMC,0.36088443,-0.51230687
36545,L6 CT,0.14129686,0.34562325
146520,Micro,0.2508934,0.16917582
76299,L6 CT,0.21630502,0.0890574
146599,L6 CT,0.106466115,0.35314918
146611,Pvalb,0.061009645,-0.31482878
146355,PVM,-0.20142525,-0.23921745
36120,L5/6 NP,0.17653805,-0.13203149
193387,VLMC,-0.49640554,0.038323592
36103,L5 IT,0.37212223,-0.23508583
35691,L2/3 IT,-0.30664885,0.067123964
76730,L5 IT,0.39129394,-0.26691028
76692,OPC,-0.0005004406,-0.1775041
145968,L2/3 IT,0.38808697,-0.44133866
146009,L6 IT,0.48163456,-0.11311771
35820,L2/3 IT,0.41186982,-0.4006642
35853,Astro,-0.43432367,0.37626725
35856,Peri,0.087201715,-0.09192903
193785,L5 IT,-0.0011125207,0.30130273
35879,Astro,0.0037565231,-0.20154558
146035,Oligo,0.46759534,-0.052123565
35885,Astro,0.26021677,-0.46299177
193677,Peri,0.371082,-0.20267026
146044,L4/5 IT,-0.24673909,0.09897329
35956,L2/3 IT,-0.3151071,0.012550604
35970,Astro,-0.41657397,-0.0299155
76652,L5 IT,0.03643751,-0.13491158
35979,L4/5 IT,-0.19605961,0.017157387
35981,Peri,0.29827327,0.15238072
146077,SMC,0.15279603,-0.17196967
36003,Oligo,0.38691103,-0.12563376
193529,Micro,-0.00077557564,0.23530425
36061,Sst,0.28543162,-0.10439326
36065,L5 IT,0.06470215,-0.047740925
193499,L4/5 IT,0.0396775,-0.14278837
193476,Astro,-0.22233054,0.0059911124
36069,Astro,-0.36861786,0.30548865
193460,L4/5 IT,-0.26100722,0.09240009
146130,L6 IT,0.22576922,0.28106493
146615,Pvalb,0.29318303,-0.009349216
75356,L2/3 IT,0.38125908,-0.44154572
36668,L5 ET,-0.00037771463,0.26878875
192549,L5/6 NP,0.055939794,0.34757698
191755,Astro,-0.16068953,0.123207405
191751,SMC,-0.5030291,0.12736239
147247,Astro,-0.22007433,-0.139179
37276,Endo,-0.20001727,0.35864377
147249,L5 IT,0.28249902,0.18405093
147288,L2/3 IT,0.17512059,-0.44220236
75631,L2/3 IT,0.47148842,-0.39141327
147303,L2/3 IT,0.16637617,-0.3886015
75576,L4/5 IT,-0.26291686,0.17417867
191449,Astro,-0.06055686,-0.061017115
147325,L6 IT Car3,0.072843194,0.20425011
191410,L4/5 IT,0.45777738,-0.28857404
147342,L6 IT,0.3530662,0.020665359
75709,L4/5 IT,-0.21780059,0.17014642
147349,L6 CT,0.11261064,0.28222674
147397,L5 ET,0.4421137,-0.16043513
191351,Micro,-0.32232332,0.2706014
147440,Endo,0.3707037,-0.19329332
37410,L2/3 IT,-0.40191475,0.25464553
37421,L4/5 IT,0.041581154,-0.19655181
191298,L2/3 IT,-0.09358111,-0.2811547
191297,L2/3 IT,0.19745749,-0.42725262
37425,L2/3 IT,0.11521363,-0.3394221
37437,Endo,0.24802965,0.10711719
191234,L5 IT,0.19733661,-0.119730696
147489,L4/5 IT,-0.28245085,0.2060938
147496,Pvalb,-0.090614825,0.10916127
37560,Endo,-0.03722614,0.44602412
75557,PVM,-0.19688413,-0.24047805
191764,L2/3 IT,-0.34615105,0.1451524
191767,L5 IT,0.015729845,0.057254445
37123,Endo,-0.15881363,0.3920427
146691,Astro,0.3795069,-0.25963873
146708,Endo,0.085929394,-0.28566372
76123,Endo,0.15158165,-0.40508118
36718,Endo,-0.45852542,0.3573932
146812,L2/3 IT,-0.34280735,0.41882932
36790,Pvalb,-0.11031753,-0.05764352
192400,L6 IT,0.34405833,0.11382456
192389,L6 CT,0.229738,0.039948296
146829,Micro,0.27112818,-0.24384286
192291,Endo,0.033961713,0.006416451
146835,L5 ET,0.46512944,-0.18944483
192257,L4/5 IT,-0.15780872,-0.043955524
76041,L4/5 IT,-0.25791797,0.12925251
192233,L2/3 IT,-0.3283825,-0.092308864
146861,L2/3 IT,0.002395153,-0.22455879
76027,L2/3 IT,-0.35076362,0.34236002
146892,L4/5 IT,0.24984324,-0.2776017
192180,Lamp5,0.40968305,-0.3571602
146916,L6 CT,0.14307433,0.28414077
36976,Endo,-0.24104404,0.057747614
146996,L2/3 IT,0.28822106,-0.40288323
36982,Sst,0.06283295,0.19999172
147000,L2/3 IT,0.008079767,-0.300534
75909,Pvalb,-0.19218609,0.09374507
147075,L2/3 IT,-0.35384923,0.22660382
191897,L6 IT,0.011487186,0.2079614
147077,L2/3 IT,0.04805106,-0.3310389
75842,L5 ET,-0.035993516,0.4169867
75828,L6 CT,0.26098466,0.028031599
146686,VLMC,0.44752544,-0.5205371
188562,Endo,0.47504884,-0.31117797
140880,OPC,0.15298474,-0.31207478
31210,L5 IT,0.0374313,0.21637054
207179,L6 IT,0.33344424,0.18371125
25609,Astro,0.41408515,-0.28870916
207145,L5 ET,-0.009377003,0.05759115
25640,L6 CT,0.15124565,0.06955649
25683,Endo,0.11545491,-0.25956944
25694,Endo,-0.44326127,0.3302464
133862,L4/5 IT,-0.14548668,-0.11316706
25747,L5 IT,-0.13479778,0.17430289
133933,L2/3 IT,-0.40471658,0.04333974
85431,OPC,0.12602878,0.21703883
133966,L2/3 IT,-0.3565755,0.3278165
85429,L6 IT,0.21857643,-0.067377076
25874,L4/5 IT,0.4152159,-0.25365952
207189,VLMC,-0.47981614,0.3602423
85392,L5 IT,0.10656637,-0.16556172
206803,Endo,-0.46192867,-0.0048812516
85384,OPC,-0.23655558,-0.23845468
206714,L2/3 IT,-0.37593812,0.16734423
206701,Endo,0.032075763,-0.16880356
134058,L2/3 IT,0.35961342,-0.3715011
206674,L6 CT,0.13796008,0.17894723
206606,Endo,-0.3802213,0.20085718
206601,L6 CT,0.244129,0.039317142
134136,PVM,-0.1789242,-0.3304125
85270,L2/3 IT,0.0330801,-0.33611047
25984,OPC,0.14379871,-0.43620142
206430,L6 CT,0.20814568,0.067173794
26039,L2/3 IT,0.41322243,-0.43663567
206875,Astro,0.27197564,0.29219794
207226,Pvalb,0.10045892,-0.19732253
85615,Endo,-0.185884,0.32422924
133711,L2/3 IT,0.2549647,-0.3781564
133208,L5/6 NP,-0.11196631,0.40982616
25106,Endo,-0.0716441,-0.0891477
133282,Astro,0.20499927,0.17503275
25156,Oligo,0.27155548,-0.09283452
207806,L2/3 IT,-0.40046173,0.12573095
25160,L6 IT,0.29102933,0.13935907
85772,Oligo,0.37936878,0.1738906
207780,Astro,0.001571238,0.3154387
207766,Sncg,-0.37208176,0.3674484
133305,Peri,0.004587531,-0.15856798
85767,L6 IT,0.44905895,-0.11137591
25239,L4/5 IT,0.2646109,-0.31689352
207706,VLMC,0.3282436,-0.50932497
25261,L2/3 IT,0.4272201,-0.35673437
133400,Oligo,0.103164196,0.3307634
133462,L2/3 IT,-0.3865615,0.17581935
85727,Peri,-0.08315101,0.18379141
207518,Peri,0.2568624,-0.11325775
25442,PVM,-0.4820731,0.010599207
207479,L5 ET,0.0058392286,-0.07850014
25461,L6 IT,0.22661954,0.17431094
25509,Oligo,0.4336164,-0.12883909
207386,VLMC,-0.19977447,-0.3166198
25518,Oligo,0.029608965,0.1171201
133662,Oligo,-0.18802488,-0.04208361
207322,L5 IT,-0.06283048,-0.101108715
133685,PVM,-0.16317913,-0.34466225
133694,VLMC,-0.5077846,0.15393414
207294,L2/3 IT,0.2492606,-0.42047125
206397,L6 IT,0.22842312,0.17609586
207867,L2/3 IT,-0.39936396,0.22085144
26057,L2/3 IT,0.4267283,-0.4148187
134206,L4/5 IT,-0.28347242,0.18228664
134724,Astro,-0.09840563,-0.23802294
84912,L2/3 IT,-0.38895482,0.13825788
26758,Endo,0.3358842,0.05049522
26779,L4/5 IT,-0.22521523,0.20891507
134884,Pvalb,0.32303405,-0.16806076
134898,Endo,0.32967913,-0.17430352
134920,L5 ET,0.018698394,0.33882242
134952,Pvalb,-0.05360484,0.2136829
84793,L4/5 IT,-0.28796464,0.16973777
84743,L4/5 IT,-0.22213939,0.13586797
84716,Endo,0.41486758,-0.47972342
135088,L2/3 IT,-0.33708897,0.09686805
26954,L6 CT,0.057978332,0.26232952
84934,Oligo,0.28771514,0.16688122
135153,L5 IT,0.38566297,-0.17322655
205369,Astro,0.022943199,-0.3759566
84641,Astro,0.11130744,0.042949032
84629,Endo,-0.41724545,0.24576367
135258,Pvalb,-0.12532672,-0.06970145
27045,L4/5 IT,-0.21434417,-0.06066181
84530,SMC,-0.23771474,0.34091914
205251,Endo,0.17281604,0.22160305
27080,Endo,-0.40718573,0.1943977
84491,SMC,-0.45745447,-0.077855304
205171,L2/3 IT,-0.3795309,-0.02485286
135313,L5 IT,-0.0014884472,0.045770716
84485,L2/3 IT,0.32870388,-0.41356784
27111,L2/3 IT,0.26689678,-0.40863198
135158,L2/3 IT,-0.37488812,0.31237715
26660,L6 IT,-0.03646767,0.2094009
134677,L5 ET,0.0064225793,0.009629916
134656,Astro,-0.29002383,0.018872987
26107,L2/3 IT,0.40625435,-0.47591308
85263,Lamp5,-0.30502623,-0.06973629
206289,L6 IT,0.24555999,0.18563135
206287,L2/3 IT,-0.13814574,-0.16657476
26138,L6 IT Car3,0.07089013,0.20941116
134247,PVM,-0.44780177,0.3501354
85260,L2/3 IT,0.19932234,-0.35344017
206231,L4/5 IT,-0.044769287,-0.13289757
85202,L5 IT,-0.091097146,0.121259645
85155,Lamp5,-0.4565565,0.34241748
26221,Endo,-0.1174998,0.024994563
26240,L4/5 IT,-0.2102108,0.27719718
26316,OPC,0.33093512,-0.28080124
26340,L4/5 IT,-0.27318949,0.06674828
85101,OPC,-0.16322502,-0.10008572
205956,Oligo,0.35934246,0.05823059
205945,Astro,0.33472311,-0.28275567
205893,L2/3 IT,0.11093664,-0.3730293
85042,Peri,-0.22202194,0.19140722
85036,L4/5 IT,-0.055752635,-0.09825124
205832,L2/3 IT,-0.33341122,-0.05337577
205829,L2/3 IT,-0.28559175,-0.073906705
134601,L2/3 IT,-0.3271811,0.02805246
205818,L6 IT Car3,0.17800146,0.32256657
26497,L4/5 IT,-0.21721146,-0.03198262
205766,PVM,-0.15598646,-0.3330309
26528,L5 ET,-0.06242436,0.09237005
134633,OPC,0.0049336553,0.38098526
134638,L4/5 IT,-0.060403675,-0.08329697
134184,L5/6 NP,-0.15877426,0.36019862
205130,VLMC,-0.50028545,0.061220895
133181,SMC,0.3089733,-0.29659316
133027,Oligo,0.2099027,-0.02716272
209899,L2/3 IT,-0.3557081,-0.064865515
209845,L2/3 IT,0.13314682,-0.2716378
86810,Vip,0.12162757,0.13827898
209800,L6 IT Car3,0.11547136,0.14754887
23344,L2/3 IT,-0.19894707,-0.12394224
131555,Lamp5,0.056756318,0.14669861
23392,L2/3 IT,-0.34594095,0.38375926
131559,PVM,-0.009986043,-0.42946506
23429,OPC,-0.11681467,0.36562496
23461,VLMC,-0.5011554,0.1924711
131562,L2/3 IT,-0.013599515,-0.21583651
209675,L2/3 IT,-0.3087545,0.40370697
131590,Astro,-0.19896561,0.121918455
209905,PVM,0.22132462,0.30967104
209632,Pvalb,0.035936296,0.025603246
23487,L6 CT,0.3876766,-0.13942705
209588,L2/3 IT,0.42591786,-0.45314988
86721,L5 IT,0.04086393,-0.061090786
131665,Astro,0.12880617,0.35064018
86696,L4/5 IT,-0.16555253,0.26619226
23518,L6 CT,0.32282156,0.093879
86649,L2/3 IT,0.2818607,-0.3462553
86582,L6 CT,0.33902186,0.020504009
86536,PVM,-0.14846715,-0.35017836
86519,L2/3 IT,-0.39119524,0.2064947
209382,Endo,0.027730584,0.19493528
86515,L6 CT,0.15271312,0.15270574
209301,L2/3 IT,-0.29802573,0.0061911456
209600,Endo,0.22565973,-0.22776122
23139,L6 IT,0.47613215,-0.084693566
131373,L2/3 IT,-0.3372286,0.17790563
86921,Oligo,0.11268425,0.01937176
130731,Micro,-0.17179346,0.119637445
130846,Lamp5,0.06080234,-0.30456704
210405,Astro,-0.23937282,-0.29593354
22783,L4/5 IT,-0.14518914,0.25255817
130853,L2/3 IT,-0.19550109,-0.19092615
22803,Endo,-0.06466228,0.020579588
130913,OPC,-0.13939908,0.4069156
130958,Oligo,0.049263954,0.05269904
130985,L6 CT,0.21265715,0.3580169
87233,Lamp5,-0.47068438,0.29348367
210281,L4/5 IT,-0.28358948,0.31431204
210242,L6 CT,0.34012794,-0.14222877
130993,OPC,-0.2295281,0.0055158846
131089,L2/3 IT,0.4786051,-0.34960306
131136,SMC,-0.49669382,0.12448545
87098,Sst,0.254448,0.36163974
210109,L4/5 IT,-0.15598196,-0.048174728
131215,L6 CT,0.14178848,0.31767565
210093,Endo,-0.07119274,-0.14512576
86967,OPC,-0.09756419,-0.12550758
23058,Astro,0.2926398,-0.18889971
210044,Lamp5,-0.46320716,0.23150338
210023,OPC,0.19193381,0.046318304
210019,L4/5 IT,0.24098176,-0.27513358
131336,Vip,0.13949347,-0.3143679
23131,L2/3 IT,-0.27173048,-0.0006332882
23132,L2/3 IT,0.18142664,-0.406191
86924,L6 IT,0.19291747,0.112372115
23136,L4/5 IT,-0.2253313,0.41678047
23701,L5 IT,-0.08954674,0.030206155
25050,L6 IT,0.3349139,-0.14978604
86470,L4/5 IT,-0.1419887,0.08125009
86445,L2/3 IT,-0.08830297,-0.22163503
24341,L6 CT,0.3034492,-0.035586882
208489,L4/5 IT,-0.17798916,0.40517908
24398,Oligo,0.15518051,0.0074230544
24413,L5 ET,0.10611546,0.15679128
24551,L6 IT,0.29384112,0.021131348
86107,VLMC,-0.479729,-0.006301511
208384,L5/6 NP,0.26308548,-0.11318071
132553,L4/5 IT,-0.1520643,-0.11778398
132615,L2/3 IT,-0.2620531,-0.15766715
208263,L5 IT,-0.14090946,0.28143585
208185,L5 ET,0.35431808,-0.197475
208157,L4/5 IT,0.41388947,-0.2963323
24616,L5/6 NP,0.33308274,-0.14183892
208491,Endo,0.30435365,-0.4913554
208152,Lamp5,-0.004255414,-0.22924502
24770,L4/5 IT,0.014731228,-0.20721541
85995,L6 IT,0.27764642,0.3265574
132675,Lamp5,-0.41508636,-0.044449825
24838,OPC,-0.1801714,0.07494672
208114,L6 CT,0.3044181,-0.011042584
208109,L2/3 IT,0.004198611,-0.31078285
85966,L4/5 IT,0.43995148,-0.3223246
132767,L5 ET,0.4251479,-0.085982814
208061,L2/3 IT,-0.3270828,0.4248587
208032,Astro,0.17964458,-0.1150883
24943,L5 IT,-0.05733511,0.43359298
24979,L4/5 IT,-0.15984231,0.1141357
132896,L2/3 IT,-0.3312717,0.110181406
208150,Endo,0.12885505,0.052125406
132449,Micro,-0.047750622,-0.12401228
132375,L6 IT,-0.029628605,0.22729768
24218,Endo,0.19125938,-0.09341429
209198,L5 IT,0.44530272,-0.253921
23724,L5 ET,0.39795488,-0.20776175
209193,L5/6 NP,-0.033319265,-0.018199433
209186,L6 CT,0.23356956,0.13910837
23740,Peri,-0.18287835,-0.19858612
86409,L2/3 IT,0.45872408,-0.3842378
209107,VLMC,0.085234165,-0.4645724
209066,L2/3 IT,-0.09038594,-0.21227981
86382,L5 IT,0.20451832,-0.173755
86345,L2/3 IT,-0.16627264,-0.14259328
208993,PVM,0.084328234,0.18183394
208988,Lamp5,-0.43899578,0.0028743856
208959,Lamp5,-0.44023973,0.19621332
86339,Endo,-0.04949239,-0.1431589
86337,L4/5 IT,-0.23613402,0.13759775
86331,VLMC,0.23383331,-0.49501202
208922,L2/3 IT,-0.29345566,-0.06835477
23918,Micro,-0.46913123,0.042985152
23967,L2/3 IT,-0.32899946,0.09007491
132181,L2/3 IT,0.27987492,-0.4205113
86211,L4/5 IT,-0.19351876,0.30473703
208756,Astro,-0.24434611,-0.25392526
24107,Vip,-0.062879115,-0.16192205
24121,L5 IT,-0.1271154,0.096561745
208678,L4/5 IT,0.16266978,-0.22201039
208666,Micro,-0.16427025,0.24799235
24166,L6 IT,0.32504517,0.02173872
132227,Peri,0.22997397,0.09483476
24211,Endo,0.10930854,-0.109935775
131929,L4/5 IT,-0.22003534,0.42842066
80372,Sncg,-0.20970505,-0.18557645
135359,L4/5 IT,0.025349915,-0.1356429
135372,Pvalb,0.06643498,0.040168
201691,L4/5 IT,-0.18165562,0.39574122
201689,Oligo,-0.1959205,0.04844768
201685,L2/3 IT,-0.34470832,-0.02359556
139361,L6 IT,-0.04408276,0.13530399
30024,Astro,-0.34056944,0.13297947
30106,L2/3 IT,-0.36130047,0.31501216
201493,L6 CT,0.23042947,0.14480974
201459,L2/3 IT,0.0011755228,-0.29512176
201435,PVM,-0.26786622,-0.23651256
139431,Peri,-0.38578057,0.46140242
139438,Micro,0.2922455,-0.17157866
201386,PVM,-0.22723615,0.013160955
30201,VLMC,-0.07677424,-0.4078046
201710,L6 CT,0.21823901,0.12484564
139454,L6 IT,0.10959673,-0.044446725
139469,L4/5 IT,-0.13248092,0.33402312
81303,OPC,-0.032426447,0.039699208
201258,Pvalb,0.0458588,0.16136004
81250,L5 ET,0.26274723,-0.05365031
201120,Pvalb,0.20821518,-0.3037477
81211,Lamp5,0.40121543,-0.42705774
81210,L6 CT,0.3740533,-0.027794529
81179,Peri,0.35290694,0.0026566498
30306,Peri,0.46130776,-0.16333129
30325,L2/3 IT,-0.12859082,-0.26126322
81115,L6 IT,0.31347376,0.19245817
139712,Oligo,0.11338729,0.11065741
200938,Sst,-0.0043540597,0.24231102
139457,L5 ET,0.14366353,0.030181002
139339,L2/3 IT,-0.32003617,-0.09922697
139272,L6 CT,0.1336624,0.20541342
81474,L2/3 IT,0.094614446,-0.25472048
29555,L5 IT,-0.11420122,0.31497967
138388,Astro,-0.18586558,0.44304323
138442,L4/5 IT,-0.109167635,-0.07582112
202334,L5 ET,0.06840974,-0.09966628
138511,L2/3 IT,-0.38344067,0.26952982
202310,Endo,-0.11920887,-0.15643366
202271,L6 IT,0.09402323,0.10026683
138518,L2/3 IT,0.34107834,-0.34184018
202240,L6 CT,0.2520584,0.116157606
202220,L4/5 IT,0.1424241,-0.23329543
202170,L2/3 IT,-0.30177793,0.15816702
81704,Endo,0.28972048,-0.38637877
202129,Peri,0.3205819,-0.08717485
202123,L4/5 IT,-0.22113499,0.29577607
138697,L6 CT,0.16542363,0.3812641
202072,L2/3 IT,-0.11148712,-0.27902985
138725,L5 IT,0.2677338,-0.24384256
201998,L2/3 IT,-0.31502026,0.44916987
81607,Peri,0.14086056,0.22122754
138973,VLMC,0.24749321,-0.5004217
201920,L4/5 IT,-0.14895049,-0.0178244
139037,L2/3 IT,0.10701239,-0.3194633
81589,L4/5 IT,-0.16014591,0.14634617
139059,L4/5 IT,-0.020744532,-0.12283103
81543,L2/3 IT,-0.017287552,-0.30546343
139104,L4/5 IT,-0.20973477,0.31907535
29883,Peri,-0.055134684,-0.029884595
139106,L4/5 IT,-0.24222392,0.36470646
139239,L6 CT,0.20500422,0.057332944
30407,L4/5 IT,-0.12444103,0.28485054
29554,L5 ET,0.046234727,0.2662862
200911,Pvalb,0.30943298,-0.33597028
81092,Astro,0.2753756,-0.009600151
200154,L2/3 IT,-0.38480866,0.27817345
30860,L4/5 IT,-0.25911012,0.31746465
200121,OPC,-0.39364824,-0.07537229
140271,L5/6 NP,-0.05337596,0.31511146
200044,Peri,-0.25119096,0.32408053
80683,L6 CT,0.28753972,0.11303069
80635,L5/6 NP,-0.107313156,0.41307944
140436,PVM,-0.13925794,-0.33694044
80594,VLMC,-0.038266122,-0.41802734
199767,L4/5 IT,-0.008365214,-0.13853957
140541,Astro,-0.34144986,-0.099474594
140617,L6 IT,0.26567924,0.2728021
80537,Astro,0.27644593,-0.25740778
140234,L5 ET,0.16762114,-0.017254103
80532,L5 IT,-0.058872074,0.40447158
80475,L4/5 IT,-0.2171301,0.38251573
80467,Astro,-0.055882484,0.19239898
199662,L2/3 IT,0.3255024,-0.41360623
31098,L2/3 IT,0.04517412,-0.36321804
80443,Peri,-0.3347761,0.31449598
140763,Astro,0.35497916,0.1033984
199575,L2/3 IT,0.2441386,-0.321479
199567,Endo,-0.19489366,-0.019953419
31156,L4/5 IT,-0.05929163,-0.109682456
199522,L2/3 IT,0.21830189,-0.32691568
199483,Pvalb,0.1950224,-0.044823665
80427,L4/5 IT,-0.14038453,-0.0967484
80410,L2/3 IT,0.28988993,-0.31041014
199672,L2/3 IT,0.34002858,-0.31108654
200193,L5 IT,0.024955869,0.050581466
30859,L2/3 IT,-0.012296021,-0.31727922
200233,Vip,-0.42016247,0.15215142
81088,Lamp5,-0.331594,-0.11161001
139766,L6 IT Car3,0.2819283,0.14388652
200831,L4/5 IT,0.041434526,-0.22892953
139789,L5 IT,0.4758938,-0.21184735
200776,L4/5 IT,-0.1695874,0.3054164
200737,Endo,0.10535836,0.32622415
139804,Endo,0.14845294,-0.07371263
139844,L2/3 IT,-0.39021292,-0.024077523
81080,L4/5 IT,0.13899702,-0.24318604
30520,L6 CT,0.44864887,-0.059146572
30544,SMC,-0.45306614,-0.074110165
139865,L5/6 NP,-0.11815286,0.40992647
81050,L2/3 IT,-0.38716906,0.36473745
139879,L6 CT,0.13273722,0.19674201
200610,L5 IT,-0.11829811,0.04153378
200598,L6 CT,0.3170572,0.10960795
200565,L2/3 IT,-0.30093297,0.029525291
200528,L5 IT,-0.13774839,0.28092986
200522,Sst,0.23250061,-0.10563575
80992,Oligo,0.3185727,-0.1531281
200395,L5 ET,0.1832453,-0.044225384
200386,L5 ET,-0.036115587,0.076719
80863,Micro,-0.2902912,0.02464391
30688,L6 CT,0.059349537,0.065032974
30736,Lamp5,-0.4753324,0.35761458
140131,L2/3 IT,0.10362232,-0.2395326
80823,L4/5 IT,-0.25767204,0.38318807
30798,Peri,-0.076487064,0.27674872
140227,L2/3 IT,0.058569074,-0.25917286
139723,Endo,0.40993273,-0.41648373
205100,PVM,-0.33582312,0.46038455
202441,L5 IT,-0.13560125,0.2234142
29342,L5 IT,-0.13934806,0.3041696
204372,L4/5 IT,-0.25786194,0.039782416
27372,L4/5 IT,-0.15723377,0.23816378
83970,Endo,0.26765794,-0.06582223
135755,Astro,0.3174036,-0.34740335
27447,Endo,-0.12426117,-0.14287992
204341,L6 CT,0.34228712,-0.022671808
83955,Astro,0.13442874,0.23177965
135837,Micro,-0.42070195,-0.07760821
27521,L2/3 IT,-0.08758661,-0.195026
135873,Endo,0.008640349,-0.11341809
135921,Pvalb,-0.02067095,-0.07312699
135932,L2/3 IT,-0.1501885,-0.16217403
83764,Peri,0.08355194,-0.44061533
204382,PVM,-0.17006835,0.07095517
204274,L2/3 IT,0.089745104,-0.37077156
83675,VLMC,-0.14361104,-0.36540896
27816,L5 ET,-0.053702116,0.33761263
204165,L2/3 IT,0.27907467,-0.4255941
204154,Peri,-0.20798305,-0.20891272
136112,L5 ET,0.15851265,0.07180305
28014,L2/3 IT,0.35375345,-0.45884383
136147,L4/5 IT,0.31956303,-0.25020865
83529,L6 IT,0.116894424,-0.036011923
136152,Endo,-0.14449346,0.22663184
136203,L6 IT Car3,0.18761355,0.28048986
136246,L2/3 IT,0.17111558,-0.28315195
28145,L2/3 IT,-0.36379096,0.36024868
136257,L2/3 IT,0.27905518,-0.37741774
83756,L2/3 IT,-0.34637702,0.38695216
135698,L6 CT,0.1307463,0.2770741
135685,L4/5 IT,-0.19179913,0.17540605
135602,L6 IT,0.10226315,-0.011844326
205038,L5 IT,0.021454096,-0.112875655
84469,L5 ET,-0.009287894,0.3016399
27132,L2/3 IT,-0.38115788,0.3135367
204972,VLMC,-0.48679483,0.019507896
27174,Endo,-0.28782916,0.108577386
27182,L6 IT,0.065892756,0.13074954
204894,L2/3 IT,-0.25276405,-0.16276558
135413,L2/3 IT,0.3673529,-0.373649
84404,Endo,0.39685768,-0.4751011
135437,Astro,0.24447924,-0.48204136
204845,L2/3 IT,0.22935748,-0.390689
27192,L2/3 IT,-0.14918625,-0.13206573
84349,L2/3 IT,0.048510194,-0.2521215
204799,Oligo,0.36797446,0.1374255
27303,L5 IT,0.055229485,-0.15542595
204737,PVM,-0.16702208,-0.33905286
27315,L5 IT,-0.0399386,0.11661531
84283,L2/3 IT,-0.3760284,0.2451743
204702,L4/5 IT,-0.22073278,0.39039934
204694,OPC,0.47855473,-0.2020366
84179,L4/5 IT,-0.19779453,0.0025526397
84168,L2/3 IT,0.062119365,-0.36085457
27346,VLMC,-0.27947718,-0.26493526
204616,L2/3 IT,-0.33805978,0.35471046
204602,L6 CT,0.06701124,0.27248335
204579,Oligo,0.08741766,-0.04749276
204575,L4/5 IT,-0.11268318,-0.10417707
84165,L5 ET,-0.066510975,0.2843212
84105,L6 CT,0.10829711,0.14691354
203913,L5 IT,0.030591786,0.041426193
29482,L4/5 IT,-0.25009984,0.010383677
83263,Astro,0.28892642,-0.48746964
28306,L2/3 IT,0.35020083,-0.34166545
203008,Astro,-0.10061559,-0.19367386
82526,L2/3 IT,0.185996,-0.42192343
137441,Endo,-0.11158529,-0.1699969
28973,Lamp5,-0.20898518,0.017276239
137532,Sst,0.44184124,-0.07822822
29035,Astro,-0.3840353,0.24241932
202850,L4/5 IT,-0.22850516,0.34877312
29114,Micro,-0.4149332,-0.033495177
137571,L2/3 IT,-0.34950915,0.08849527
137632,L5 IT,0.08124828,-0.06488694
82372,Astro,-0.2432768,-0.2939134
202805,L5 IT,-0.17514482,0.18358125
29158,L2/3 IT,-0.32207853,-0.06557728
28930,Endo,-0.31623858,0.12313147
137778,L2/3 IT,-0.3408502,0.06412186
137924,L4/5 IT,-0.24312413,0.035871517
29215,VLMC,-0.4925968,0.03924204
82297,Micro,0.08948749,-0.24036343
82263,L2/3 IT,0.16949224,-0.36140528
138048,L4/5 IT,-0.20819214,0.24983568
82252,Vip,-0.32515514,0.19718702
138066,L2/3 IT,-0.004462242,-0.26772496
29256,Astro,-0.34377927,0.44367152
29259,L4/5 IT,-0.24539876,0.3823626
82195,L5 IT,0.10001558,-0.09137617
82139,OPC,-0.06157452,0.028109264
82138,L2/3 IT,-0.3828479,0.11085303
81998,L6 IT,0.1713711,-0.0011696704
137820,L2/3 IT,-0.32607365,0.44520634
28919,Astro,-0.29573202,0.2981673
137117,Astro,0.40609497,-0.17388274
203126,L4/5 IT,-0.21091124,0.41821223
83244,L5 IT,0.20357734,-0.16046049
83230,L6 IT,0.31874955,-0.14422275
83159,L4/5 IT,0.013316095,-0.17994575
136533,L6 CT,0.121946394,0.23613335
83133,L4/5 IT,-0.009305537,-0.18073879
136654,L4/5 IT,-0.24245128,0.4201097
83089,Astro,-0.10029584,-0.23968033
28461,L4/5 IT,-0.28043193,0.09948309
203670,L5 IT,-0.07704899,-0.014540542
203639,L4/5 IT,0.28510737,-0.2768702
28532,L2/3 IT,0.32935828,-0.39676142
28631,L6 IT,0.10706985,0.25894606
83028,L4/5 IT,-0.19551224,0.030544173
28651,L4/5 IT,-0.04247397,-0.15742324
82962,Endo,0.15072495,-0.106213555
203493,L2/3 IT,0.2264083,-0.31197318
82863,L4/5 IT,-0.24043974,0.11913814
82848,L2/3 IT,0.26173627,-0.34736478
203433,OPC,-0.13170779,0.16834278
203402,L5 ET,-0.005587101,0.35782492
28773,Micro,-0.15665668,0.39888722
203323,L6 CT,0.46738672,-0.07485367
167782,L4/5 IT,-0.014370263,-0.16162188
136981,L6 IT,0.41224945,-0.07042612
82807,Endo,-0.11537257,0.44299358
137014,L2/3 IT,0.31849498,-0.39235765
137086,Micro,-0.28577915,0.35837692
203152,Pvalb,-0.019418001,0.04769684
28872,L2/3 IT,-0.3598284,0.27560985
203756,Astro,-0.052844256,0.2827235
130716,L2/3 IT,0.45531362,-0.44911438
40301,L2/3 IT,-0.3959264,0.14617594
40341,L4/5 IT,-0.17146656,0.29368228
162715,L6 IT,0.21369535,-0.09020658
162756,SMC,0.39993745,-0.23449458
162799,PVM,-0.31600618,0.13106681
162824,L4/5 IT,-0.1858752,0.3446017
174728,VLMC,0.3224697,-0.5083269
62755,L2/3 IT,-0.06304708,-0.27475655
52346,VLMC,-0.4682394,0.4045142
62748,Micro,-0.31790543,0.30379307
174654,Endo,-0.31049013,0.2997979
174645,L4/5 IT,-0.12483662,0.44610602
163062,Endo,-0.083988845,-0.110627666
174613,Lamp5,-0.39340094,0.11727275
163088,L4/5 IT,-0.2570685,0.3685301
52272,Astro,-0.12391031,-0.3411516
174535,L4/5 IT,-0.15941754,-0.06886731
62711,Peri,-0.02888006,0.3647073
174485,L2/3 IT,0.48148662,-0.372199
62683,Endo,-0.25750384,0.23941065
174428,L2/3 IT,0.09697217,-0.3765685
163187,Sst,0.30494738,0.21482237
62643,Peri,-0.10242432,0.034916174
174408,Micro,0.24112558,-0.05838402
163199,Vip,-0.1352543,0.088382736
174407,Endo,-0.00025314093,-0.32173282
62638,Pvalb,0.23169035,-0.26752833
174397,L4/5 IT,-0.27454948,0.07672222
52640,Astro,0.16182482,-0.013924766
174387,L6 IT,0.0675475,-0.044401128
174515,Endo,0.3028472,-0.3369968
162704,L2/3 IT,0.4153505,-0.42830986
63029,L6 IT,0.07236713,0.2576868
162684,L2/3 IT,-0.36695316,0.007683646
63469,L2/3 IT,-0.14118773,-0.20539604
175571,L6 CT,0.16216046,0.22311021
175515,L5 IT,-0.055536777,0.15746625
63407,Micro,0.055214107,-0.12822168
175425,L2/3 IT,-0.10730487,-0.18267493
162398,Sst,-0.07860014,0.017064165
63348,L6 CT,0.3463199,-0.108324006
51811,Micro,0.45051968,-0.22703962
175319,Pvalb,0.13091141,0.071521
51846,L6 IT Car3,0.25872463,0.28050512
51873,L5 IT,0.17642182,-0.18871798
51921,Peri,0.22489417,0.014983725
175232,L6 IT Car3,0.20023471,0.22856368
175229,SMC,0.20564741,-0.48994553
175221,L6 IT,0.29523093,0.20134737
63279,L6 IT,-0.03688407,0.12774254
63242,L6 IT,0.37575674,0.15925528
63180,PVM,0.37893808,-0.51282644
175075,L5 ET,0.24502182,0.021171283
175058,Peri,-0.45188928,0.37078214
63179,L2/3 IT,-0.048389614,-0.21023838
175036,VLMC,0.22689217,-0.49386963
63175,L5 ET,0.48206085,-0.123014614
162527,L5 IT,-0.097031236,0.04565991
174954,PVM,0.19665974,-0.36526868
63161,L2/3 IT,-0.37815738,0.17308326
162582,L2/3 IT,-0.31840017,0.24219795
52231,L6 IT,0.210401,0.23750271
63042,L4/5 IT,-0.17738548,0.08747859
62606,L5 IT,-0.00020587444,0.17235722
175628,Astro,-0.24979112,-0.173638
62591,L5/6 NP,0.39699024,-0.1729397
174351,OPC,-0.0771603,0.10343541
61955,L5 IT,-0.107376456,-0.04024737
61925,L4/5 IT,-0.1771245,0.39483243
61914,L5/6 NP,0.17856276,-0.09588574
53180,Astro,-0.23331815,0.219692
163775,L5/6 NP,0.43474758,-0.048027534
53214,L2/3 IT,-0.20649835,-0.094926134
61883,L6 IT,0.37649423,0.08836694
61874,Astro,-0.42394435,0.08340599
61870,Pvalb,0.08354008,0.049617957
61848,L2/3 IT,-0.35780022,-0.00859176
173334,Astro,-0.33571744,-0.16292395
173315,PVM,-0.49586856,0.27563035
173299,L5 ET,0.031987727,-0.038141686
173646,L5 IT,0.2316652,-0.15440659
164057,L2/3 IT,0.26566374,-0.30229536
164112,L4/5 IT,-0.2108196,0.050327133
53323,Micro,0.026777864,-0.05701678
61667,Oligo,0.42221034,-0.14812265
173221,Oligo,0.16128558,0.0036015622
173200,L6 CT,0.21062541,0.20459075
61545,L2/3 IT,-0.26360887,-0.047069926
173166,L6 CT,0.3390907,0.066757694
53445,L2/3 IT,-0.32091808,0.28176582
53466,L4/5 IT,-0.21224204,0.3615874
53553,L2/3 IT,0.3816434,-0.42710006
173120,L2/3 IT,-0.4174965,0.11069001
61444,L2/3 IT,0.15857863,-0.37666792
53566,L4/5 IT,-0.14059988,0.025748085
164086,L6 IT,0.07996178,0.008460473
173682,L2/3 IT,-0.3769291,0.15324195
173683,L4/5 IT,0.22866982,-0.20250858
173812,L2/3 IT,0.14581043,-0.34927577
163245,OPC,0.3789217,-0.061425406
174328,Lamp5,-0.0023514032,-0.22892974
174294,Astro,-0.32241285,0.3035283
62411,L6 IT,0.20411253,0.16464902
52689,L6 IT,0.40092582,-0.15194662
174230,Peri,-0.43325487,0.12097956
163392,OPC,0.1127311,-0.22715269
52699,L6 IT Car3,0.24397469,0.10542627
174176,Endo,-0.23762387,0.28531498
163405,L5/6 NP,0.3654229,-0.16834284
163406,L4/5 IT,-0.17753062,0.31187898
62376,L2/3 IT,-0.18544742,-0.1383843
174106,Micro,0.3884306,-0.30587927
174097,Astro,-0.26179865,0.46744645
52724,L5 ET,0.4270789,-0.06321092
52778,L6 IT,0.02315402,0.1922368
62299,Endo,0.18267363,-0.23598926
174046,VLMC,-0.1392346,-0.36676037
163451,L6 CT,0.19293559,0.36785632
62131,L6 CT,0.1744023,0.12085761
163570,L2/3 IT,0.3114046,-0.35382444
173921,L5 IT,0.20920575,-0.20860343
163574,L4/5 IT,-0.20564511,0.3855965
163593,Endo,-0.43472642,0.21339513
173876,Astro,-0.36173218,-0.12557285
173875,Pvalb,0.10248393,0.37638372
61987,Oligo,0.228369,0.0060899965
53088,Endo,-0.07263684,-0.25982502
53109,Endo,0.35715634,-0.50125134
62539,L6 IT,0.17526,0.2158251
164252,Endo,0.27904516,-0.06339763
51657,Sst,-0.04839176,0.35855997
63551,SMC,0.21774465,-0.13753052
177353,Vip,-0.40658158,0.1564991
65233,L2/3 IT,0.4667318,-0.39854476
177308,L4/5 IT,-0.21324253,0.339563
160364,L6 CT,0.31772685,0.13950141
177248,VLMC,-0.26920414,-0.27005005
50344,L6 IT,0.2054199,0.20071174
177185,L5 IT,-0.1365264,0.3816417
177181,L2/3 IT,-0.20686936,-0.113729015
65188,Endo,0.17560136,-0.07137258
65136,Vip,-0.2530418,0.26158684
160460,L6 IT,0.23590982,0.15086623
50447,L5 ET,0.0029830337,-0.08276115
160478,Pvalb,0.22577143,-0.0049701817
65247,L2/3 IT,0.30667531,-0.43023133
177115,L4/5 IT,-0.12689993,0.17286946
177045,OPC,-0.004563868,-0.33242974
177040,Endo,0.036999583,0.13481142
177028,L5 IT,-0.030890077,0.38662404
50545,L5 IT,0.14180225,-0.16088136
160570,L4/5 IT,-0.2483618,0.1999643
160571,Astro,0.03494978,-0.39358515
176959,VLMC,-0.47853586,0.42773968
65031,SMC,0.1567086,-0.27025804
65020,Micro,0.18282968,-0.10360198
176948,L2/3 IT,-0.29081815,-0.09668054
160635,L4/5 IT,-0.23006883,0.2889622
50635,Pvalb,-0.24205106,0.2564894
176889,Pvalb,-0.11541808,-0.02748381
50528,L2/3 IT,0.40852898,-0.4386773
65269,Oligo,-0.07089317,-0.0038395412
50209,L6 CT,0.12658614,0.20361431
50174,L2/3 IT,-0.35747996,0.024886858
49688,L2/3 IT,-0.05072868,-0.22173493
177930,L2/3 IT,-0.31031042,-0.08168198
49786,Endo,0.3477438,-0.35623777
49792,L6 CT,0.060453475,0.33651888
49843,L2/3 IT,-0.36129886,0.08823331
177904,L6 CT,0.088891685,0.21200503
65478,L2/3 IT,0.19088125,-0.40125504
177832,Endo,0.2322576,0.36096823
49892,OPC,0.15816575,-0.18905891
160076,L6 IT,-0.07655138,0.069762245
49926,L4/5 IT,-0.075953096,-0.14004643
177761,L2/3 IT,-0.32908532,0.45149618
65337,L6 IT,0.29182816,-0.12718542
49935,Astro,0.16350085,-0.43319046
177696,L5 IT,-0.032104045,-0.040555824
177694,Micro,-0.41714767,-0.07665078
160111,Micro,-0.037565827,0.39733046
65328,L4/5 IT,-0.2677948,0.11202158
177619,Astro,0.031200826,-0.016736735
65320,SMC,0.050570846,-0.37028718
177612,Peri,0.0968886,0.018780243
160181,Pvalb,-0.15271872,0.09652962
177544,Astro,-0.46722674,0.2667554
65310,L5 IT,0.0072398186,0.30041975
50085,Sst,-0.007227063,0.36743474
50149,Astro,0.3721825,0.12910523
177462,Pvalb,0.12115449,-0.3135888
177460,Vip,0.2057715,-0.26534083
65276,L6 IT Car3,0.27751398,0.29874903
176863,L2/3 IT,-0.29658854,-0.02049588
63543,L2/3 IT,-0.38573474,0.3396433
160652,L4/5 IT,-0.0980598,-0.13114326
50654,L2/3 IT,-0.08637115,-0.23871733
64160,Peri,0.22004557,-0.08113925
64155,L4/5 IT,-0.07575792,-0.07587282
64153,Sst,0.0026677847,-0.1573707
161522,L4/5 IT,-0.14776295,0.3709398
161531,Astro,-0.43657362,-0.03356241
64060,Endo,0.3954031,-0.3774014
51246,L6 IT,-0.091640145,0.2262565
161632,L2/3 IT,-0.08421445,-0.19707553
64023,L2/3 IT,-0.26640245,-0.12517606
63962,L2/3 IT,0.24884963,-0.3966204
51326,L5 IT,-0.040768385,-0.09356944
161905,L5 IT,-0.0067198277,0.35073495
161938,Endo,-0.168172,-0.0454021
176057,L6 CT,0.37886304,0.02061541
51333,OPC,0.41923994,-0.09006168
51496,L2/3 IT,0.018289506,-0.24220918
51501,VLMC,-0.21473163,-0.35406917
63793,L5/6 NP,0.20893061,0.05262197
63789,L6 CT,0.099057615,0.17055358
51521,L2/3 IT,-0.36891305,0.013471674
51537,Endo,-0.4542429,0.20603384
175791,L4/5 IT,0.17190546,-0.24233256
51538,L2/3 IT,-0.38850874,0.30575097
63688,Peri,0.13380939,0.3547032
175746,Astro,0.32149476,-0.45495674
63632,L4/5 IT,-0.16957149,0.42190123
63626,L2/3 IT,-0.38350457,0.023016166
63559,VLMC,0.41061056,-0.5147963
162026,Endo,-0.08121005,-0.37614906
161474,PVM,-0.35661095,0.03760929
64237,L6 IT,0.29080266,-0.01760571
51089,L4/5 IT,-0.14544445,0.29089648
64950,L2/3 IT,0.16028005,-0.39794856
64937,Sst,0.47051656,-0.35231405
176736,L5 ET,0.16380334,-0.17329387
176696,Lamp5,0.43978053,-0.3644414
160733,Astro,-0.21613336,0.24493678
64851,Lamp5,0.1169343,-0.39540574
160795,L2/3 IT,-0.30823547,0.44958508
64803,L5 IT,0.33340317,-0.21018873
50780,Astro,-0.42265004,0.27065933
176582,L6 CT,0.36494124,0.10747178
176558,L2/3 IT,0.25309867,-0.3246317
176496,Astro,0.3187105,-0.12305765
176411,OPC,-0.42225873,0.20297404
160983,L2/3 IT,-0.16782129,-0.15297802
50873,L5 ET,0.1438368,-0.13864984
64563,Endo,0.12704217,-0.109518096
176329,Oligo,0.10892856,0.070926085
176325,L5 ET,0.041788995,0.31776416
176290,Endo,0.2512045,-0.06684376
51028,L2/3 IT,0.35997748,-0.33840388
176261,L4/5 IT,-0.30067965,0.11230041
161163,L5 IT,0.17539424,0.3438288
176230,L5 ET,-0.0324589,0.243796
176223,Sst,-0.007774234,0.32780796
161197,L5/6 NP,0.11446804,-0.12704195
176190,L4/5 IT,0.45896947,-0.27174288
64315,L2/3 IT,-0.10890564,-0.2431729
51081,VLMC,0.4151234,-0.51457506
161360,L2/3 IT,0.09507841,-0.26059562
160658,L6 IT,0.060289323,0.2838654
159923,L5 IT,0.09677261,-0.13568346
172960,Astro,-0.23412123,-0.038830478
164271,L5 IT,0.18781275,-0.19211073
56861,L6 CT,0.06598914,0.15079315
169450,L5 IT,-0.10487306,0.23377557
169448,Peri,-0.13661051,-0.03667401
56873,Astro,0.3590905,-0.111161396
59292,L2/3 IT,0.24994963,-0.31014544
56879,Pvalb,0.21663052,-0.026732553
59286,Endo,-0.11880201,0.3982256
56905,L6 IT,0.09238094,0.358145
59275,SMC,0.26758206,-0.36477023
169341,Oligo,0.4722662,-0.27687806
56919,L2/3 IT,-0.34233278,0.28481042
169295,L2/3 IT,-0.21313861,-0.22053735
59192,L6 IT,0.0045959353,0.12857063
169473,VLMC,-0.50522566,0.17456044
169230,L2/3 IT,-0.28112045,-0.09139623
169210,L4/5 IT,-0.19533926,0.35614163
166824,Astro,-0.09125358,0.24067576
169185,Micro,0.16914415,0.036077034
57062,L6 CT,0.3096164,0.14688344
166836,Endo,-0.08216369,-0.36994106
166848,L6 IT,0.31428802,0.10134919
59153,Astro,-0.123652875,-0.33823466
59139,Vip,-0.35629535,-0.051885445
57215,L5/6 NP,-0.05297336,0.4612981
59057,Astro,0.3125878,-0.20174758
57274,L2/3 IT,-0.11887935,-0.30211538
169010,L6 CT,0.23372269,0.25824785
57340,L6 CT,0.22269684,0.16266514
166772,Endo,0.100768864,-0.45643815
56833,Endo,-0.1289972,0.26013702
59389,L2/3 IT,-0.32644218,0.0404389
59460,L5 IT,-0.032003522,0.23658843
170162,Lamp5,0.06615549,-0.37990677
170160,L6 CT,0.014026165,0.02613784
59831,VLMC,-0.4896849,0.023837458
59821,SMC,0.02569002,0.27072716
56320,L6 CT,0.11187333,0.311729
170081,L6 IT,0.338906,0.20823349
166166,L5 ET,0.2100321,0.12412621
59737,L6 IT,0.14333278,0.23502757
170024,Endo,-0.38414747,0.12250735
169999,L5 IT,-0.15021107,0.19156303
169907,L2/3 IT,-0.10208151,-0.25785154
56500,L5 IT,-0.03722641,-0.088019714
56508,OPC,-0.4339163,0.23747607
56526,Astro,0.31036353,-0.47452796
56551,L5/6 NP,-0.050959557,0.4496041
59646,L5 IT,-0.043485254,-0.029557008
56612,L6 IT,0.023009121,0.25560397
59582,OPC,-0.44787747,0.0064222924
169750,Astro,0.24514127,-0.4670698
59560,L4/5 IT,-0.3021349,0.121289685
59539,OPC,0.017288983,0.0018578283
169735,Vip,-0.39341047,0.35804754
56678,L5 IT,0.25100625,-0.2134556
56682,Endo,-0.23647985,0.15449817
59521,L4/5 IT,-0.19626042,0.3926888
169631,Endo,0.00723958,-0.19845743
56759,Peri,0.05158037,-0.1445375
169592,L6 IT,-0.043055564,0.12761952
59476,Astro,0.18691188,-0.36880964
57363,SMC,0.47166646,-0.2656259
56271,Oligo,0.13564384,0.06831719
57401,L4/5 IT,0.21628362,-0.26738393
168909,L4/5 IT,0.16077578,-0.19949512
167375,Peri,0.1859039,-0.16332622
168246,L2/3 IT,-0.17092645,-0.21526544
167455,L6 CT,0.2441476,0.13411678
167474,L2/3 IT,-0.33739093,0.41580898
58033,Endo,-0.45900962,0.20124425
168191,VLMC,-0.13959599,-0.3411279
167492,Sst,-0.027910769,0.23239477
167540,L4/5 IT,-0.26230818,0.3415451
58418,Endo,0.15991831,0.25910556
58166,L6 CT,0.18285,0.25748968
167616,L5 ET,0.34826112,-0.079756096
168068,VLMC,-0.45153028,0.43611193
168059,Astro,-0.3252263,0.24258108
58534,L6 IT,0.3475665,-0.07414822
168002,L6 IT,0.46110868,-0.12039082
167984,L4/5 IT,-0.2432496,0.1261508
167967,L5 IT,0.20130742,-0.24774514
167958,L2/3 IT,0.3340338,-0.3332808
167955,L5/6 NP,-0.030709475,0.32752395
167952,Astro,0.19386894,0.14900906
58176,Micro,-0.4077325,0.1436918
58206,L4/5 IT,0.40940738,-0.2621649
58241,L4/5 IT,-0.12235153,-0.15642114
58369,SMC,-0.45509747,-0.074491635
167700,L2/3 IT,0.39078814,-0.42812294
167793,L2/3 IT,0.0902673,-0.30490738
58284,L2/3 IT,-0.13984466,-0.14948224
58308,L6 IT,0.2617392,0.13024206
168001,L2/3 IT,-0.0120533705,-0.29421967
58581,Micro,0.1110602,-0.42419285
168346,L2/3 IT,-0.09011996,-0.28158683
57820,SMC,-0.3670933,-0.013676096
57460,L2/3 IT,-0.38772982,0.43877316
59042,L6 IT,0.34974176,0.08446027
166997,Peri,-0.1477443,0.07321735
57495,L5 IT,0.18731886,-0.13240986
168861,Astro,-0.39943618,-0.024680126
168845,L2/3 IT,-0.32004005,0.20548727
58936,L2/3 IT,0.13486993,-0.34203464
58907,Astro,0.10752016,-0.053614605
168717,Pvalb,-0.09710306,0.3841527
167169,L2/3 IT,-0.04120761,-0.2160411
58895,L6 CT,0.18703592,0.24025978
167178,L2/3 IT,-0.38617843,0.053747427
57621,Pvalb,-0.03385976,0.3491705
168651,Endo,-0.021749794,0.25825614
167250,Astro,-0.39308518,0.42359698
57645,L4/5 IT,0.15658313,-0.22289263
168599,VLMC,0.116873205,-0.47365484
58841,Oligo,0.012148857,0.04523046
57649,L4/5 IT,-0.2985869,0.10150476
168545,Endo,0.24900043,-0.030436624
168534,Pvalb,0.37834126,-0.2924694
168473,Endo,0.07299423,-0.17917307
168472,L6 IT,0.1411376,0.12158562
57687,L6 IT,0.13682324,0.24418457
57688,Peri,-0.059764296,-0.22407956
168438,Endo,-0.45567444,0.07803787
168398,Pvalb,0.04760617,0.24138309
168375,L2/3 IT,-0.21510991,-0.15434526
57806,Oligo,0.082577884,-0.049124796
57419,Endo,-0.025687277,-0.1437522
53628,L6 CT,0.14959735,0.056423616
56195,Peri,0.26684397,-0.18657248
59841,L6 CT,0.35834664,0.009743404
164574,OPC,-0.1963889,-0.11339347
172051,L5 IT,-0.041695684,0.40018326
172037,L2/3 IT,0.23729485,-0.36654657
61139,L6 IT,0.24562037,-0.048329163
54446,L6b,0.264405,0.24642278
171968,L2/3 IT,-0.28480232,-0.14383028
54497,L4/5 IT,-0.2219213,0.32265723
54519,L2/3 IT,-0.012029529,-0.25496873
61073,L2/3 IT,-0.098290056,-0.26508224
54578,L5 IT,0.001984775,-0.010230947
164720,SMC,0.35621792,-0.5102854
54597,OPC,0.29820478,0.03440393
61049,Astro,0.11104107,-0.43189552
54402,L2/3 IT,0.12823933,-0.30049473
171764,L2/3 IT,-0.33320954,-0.07273184
171734,L2/3 IT,-0.38749117,0.03490622
171704,L6 IT,0.33297604,-0.15738381
54763,Peri,0.054999292,-0.4363575
54767,L5 ET,0.16750461,0.19062163
60886,Astro,-0.42346066,0.36597747
171625,VLMC,0.26014662,-0.50367177
171623,L4/5 IT,-0.092234015,-0.032897938
164900,L6 CT,0.20464897,0.037336122
164912,L2/3 IT,-0.24932069,-0.08831908
164916,VLMC,-0.49294463,0.033503007
164923,Micro,0.08200091,0.22443058
60857,L4/5 IT,-0.19997564,-0.012260187
54816,VLMC,-0.20698506,-0.37084436
171735,Lamp5,0.09411806,-0.42013487
172166,OPC,-0.07752603,0.30097234
61187,L4/5 IT,-0.13245672,0.45824403
54361,L6 IT,0.22179031,0.13799246
53654,VLMC,-0.45612767,-0.06739934
172850,Endo,-0.33696,0.088789895
172842,L4/5 IT,0.13583994,-0.21865343
61436,L4/5 IT,-0.21092403,0.004568409
164326,L2/3 IT,-0.35067374,0.18948431
61386,L4/5 IT,-0.14668888,-0.07769768
172733,Astro,0.25159377,-0.0026255734
172706,L4/5 IT,-0.24447009,0.19032808
53722,Oligo,0.19334245,-0.07990618
61350,L4/5 IT,-0.119437516,0.46243924
172554,L2/3 IT,-0.25357854,-0.030900855
53839,SMC,-0.34091753,-0.0043088086
164405,VLMC,-0.48324606,0.33875024
53844,L4/5 IT,-0.057985008,-0.011435557
164427,PVM,0.07803106,-0.31077808
53963,L6 IT,0.3498922,0.12200369
164431,L6 CT,0.3109172,-0.04018863
54028,Vip,-0.17676225,0.1580946
172398,L6 CT,0.28254205,0.053856622
54038,L4/5 IT,0.17679793,-0.24275242
172379,OPC,0.34890872,-0.49046355
164458,L4/5 IT,0.32432675,-0.26845378
54117,L6 IT,0.30457926,0.052279603
172331,Astro,0.13596791,-0.23885633
164469,Endo,0.29624295,-0.22846986
61221,L2/3 IT,-0.110782206,-0.16560589
164523,L2/3 IT,-0.28253898,0.05096979
172209,L4/5 IT,-0.22536314,0.32108182
54358,Oligo,0.43265343,-0.15523027
60844,L4/5 IT,-0.14864853,0.41304016
56151,L5 ET,-0.079625964,0.16689755
171422,L5 IT,0.47700673,-0.16015233
54935,L4/5 IT,-0.23938596,0.21054502
165533,L2/3 IT,-0.13156086,-0.24116589
170757,L2/3 IT,0.23452425,-0.2960588
165679,L5 IT,0.09811258,-0.17075314
165692,L5 IT,-0.041272163,0.1379729
60252,L2/3 IT,0.35230106,-0.33845258
55738,L6 CT,0.13089919,0.32210255
170559,VLMC,-0.49907488,0.1081142
60221,Peri,-0.18324298,-0.089997634
60207,L2/3 IT,0.088599145,-0.36051583
60183,L6 IT,0.31855935,0.047846984
60044,L4/5 IT,-0.2587939,0.33078367
60006,L4/5 IT,-0.20384842,0.30207932
165858,L4/5 IT,-0.18218282,0.24421544
170785,VLMC,0.4826151,-0.52883786
55798,OPC,-0.3527429,0.043610405
59974,Oligo,0.35752332,0.21023299
170383,Sst,0.17215544,-0.41632774
165917,OPC,0.12803131,-0.4095282
55900,Endo,-0.35408825,0.07080437
59969,Peri,0.31681556,-0.20286523
55952,L5 IT,-0.053297758,0.4404509
55983,L6 CT,0.13585347,0.25984824
170355,L4/5 IT,-0.22680673,0.4367975
59925,L4/5 IT,0.19301552,-0.2739276
170318,L2/3 IT,-0.3748138,0.3649547
170308,Oligo,0.039854467,0.09599669
59859,L6 IT Car3,0.22841793,0.29413158
170262,Micro,0.11735934,0.3815049
55848,L4/5 IT,-0.21578088,0.45994186
170798,Astro,-0.45519087,0.21512629
170829,L6 IT,0.12598336,0.11045726
170836,L6 CT,0.32571876,0.045966696
165079,VLMC,0.30175018,-0.5035578
60789,L4/5 IT,0.2890224,-0.29919305
171367,Vip,-0.3899166,0.15836014
165146,L5 IT,0.30525684,-0.15272944
60782,OPC,-0.09273741,0.21624996
165184,L2/3 IT,0.05279666,-0.34690356
55010,L6 CT,0.12829137,0.15217115
171282,L2/3 IT,0.21102113,-0.39700583
60627,Endo,0.18646747,0.33229595
171254,Micro,-0.12708354,0.0065587275
171217,L2/3 IT,0.01471293,-0.32903075
55201,L5/6 NP,-0.0006759167,0.15331818
60566,L5 ET,0.15497714,-0.03230213
60564,Pvalb,0.37090403,-0.07196145
55312,L5/6 NP,-0.028513163,0.11203779
171155,VLMC,-0.25132483,-0.28814542
55348,L6 CT,0.22638994,0.15526707
165355,L4/5 IT,-0.12760335,0.34310472
55360,Astro,-0.40098432,0.38664722
60445,Vip,0.0039944053,-0.09523706
165371,L6 CT,0.08184439,0.28207636
60413,L6 IT,0.13404685,0.061855268
55492,Endo,0.3388769,-0.18301184
165507,Endo,-0.11517492,-0.1944815
165511,L2/3 IT,0.09111345,-0.33599204
170900,Astro,0.36885005,-0.04688393
165517,L6 IT,0.2975083,0.19036259
55514,L2/3 IT,0.431278,-0.31878248
55582,L5 IT,-0.10986054,0.35456353
54928,L2/3 IT,0.048743248,-0.34832042
188517,Astro,0.1994859,-0.03934716
65515,L6 IT,0.07151878,0.21615095
49572,Endo,0.36056918,-0.32932132
152971,Endo,0.14798248,-0.17241578
43220,L2/3 IT,-0.31684065,-0.010451246
153014,L6 CT,0.1553008,0.297086
185285,SMC,0.26777017,-0.3697825
153018,L4/5 IT,0.29105955,-0.27292612
185238,Endo,-0.4349498,0.18242426
185213,Sst,0.09828389,0.093884066
185016,L6 IT,-0.021779895,0.11805393
153089,PVM,0.39442116,-0.5123838
70723,Lamp5,0.401137,-0.42443034
184966,PVM,-0.016140223,-0.41796932
184956,L2/3 IT,-0.23039788,-0.05177291
184931,L6 IT,0.2754165,0.17935063
185419,L4/5 IT,-0.15342754,0.1595415
153116,L4/5 IT,0.13620311,-0.25380692
70701,Micro,0.44492644,-0.23863779
43498,L5 IT,-0.10704428,0.11579247
153295,Endo,0.17557359,0.07207604
184763,L4/5 IT,-0.14074013,0.45992118
184746,Micro,-0.016903996,-0.010433782
43550,L6 CT,0.3935423,-0.056250412
153335,Lamp5,0.12598008,-0.24276452
70258,VLMC,0.4739132,-0.5255201
184698,L4/5 IT,0.37469137,-0.2505477
153352,L6 CT,0.12819183,-0.029477466
184691,Endo,0.46231872,-0.48550692
153371,Endo,-0.11228821,0.05116881
153388,L6 CT,0.24162799,0.20277841
43422,VLMC,-0.4737063,0.3734972
70795,Astro,-0.4058591,0.44405466
185471,Endo,-0.10075435,-0.14424787
152905,L6 IT,-0.021913499,0.030927908
185914,Endo,0.12608188,0.19249447
185899,Endo,-0.42644325,0.0072487704
152611,L2/3 IT,-0.36936918,0.2049854
71146,L2/3 IT,-0.3279072,0.40892082
185865,L2/3 IT,-0.38670027,0.1297399
152636,L5 IT,-0.066029906,0.083410636
185839,L2/3 IT,-0.38249105,-0.034271587
185823,Astro,-0.46606314,0.08441098
42958,L5 ET,0.45815665,-0.20447461
70981,L2/3 IT,0.4312318,-0.38242
42963,Astro,-0.44862092,0.15407123
185803,L2/3 IT,0.32825398,-0.37858647
42964,L2/3 IT,0.1410827,-0.358015
185787,L5 IT,-0.015523434,0.13277312
70959,VLMC,-0.4964277,0.23314162
70958,L2/3 IT,0.14656168,-0.28193069
70930,Astro,0.005627513,-0.25205344
70899,Vip,-0.23484537,-0.09982516
152741,L6 IT,0.23504639,0.34006596
43009,Oligo,0.243249,-0.096484736
185671,Lamp5,0.33601284,-0.50181776
152841,VLMC,-0.4548795,-0.055477012
185642,L6 IT,0.26602715,-0.043019492
185640,Micro,0.047732234,-0.40721065
185635,VLMC,-0.2209777,-0.30480528
43066,OPC,-0.08501729,0.052746248
43129,L4/5 IT,-0.15661469,0.3016219
43140,Micro,-0.2097365,-0.25906166
70874,L6 IT,0.120415986,-0.038969625
70174,Peri,0.24118978,0.22675134
42843,L4/5 IT,-0.26977158,0.23644353
153452,Endo,0.47591162,-0.2890458
43719,L6 IT,-0.045942634,0.41675544
183855,L6 IT,0.05974561,0.14088883
183833,L2/3 IT,-0.36515284,0.23021854
69763,Oligo,0.18030328,-0.30222574
44220,L4/5 IT,-0.27303708,0.031307768
154183,SMC,-0.08513424,-0.17352031
69729,Endo,0.07184446,-0.021420408
69715,Pvalb,0.09314561,-0.16445078
44310,L4/5 IT,-0.2092548,0.23117132
183686,Astro,0.24938214,-0.3871302
154292,L5 ET,-0.0100749135,0.3832096
69650,Astro,-0.16882792,0.13503362
183665,Oligo,0.44848257,-0.3242506
154364,Astro,-0.13055435,-0.31625426
154116,L2/3 IT,0.34489936,-0.4545768
44441,Oligo,0.24331224,0.24801828
154377,Sst,0.23612952,0.31482863
44540,L2/3 IT,0.32937324,-0.45263302
154462,Micro,0.15061402,-0.321705
44557,Astro,0.15737414,-0.4643584
69459,L2/3 IT,0.10083932,-0.25682378
183502,L5 IT,-0.08373788,0.1961496
154582,L2/3 IT,0.25689852,-0.34251726
154598,L5/6 NP,0.082072675,0.10028316
154630,Astro,0.027296305,0.35490823
44682,Endo,-0.18062162,0.043446254
44760,L5 ET,0.1434629,-0.041906197
183372,L4/5 IT,-0.14394772,0.3545199
69445,L5 ET,0.118771434,0.008336853
183654,L4/5 IT,-0.18749756,0.05831046
183942,Pvalb,0.043338895,-0.25618806
183954,Astro,-0.058674157,-0.07375835
154009,SMC,0.41992307,-0.2374522
70135,PVM,0.43288213,-0.21829088
184512,L6 IT Car3,0.19929618,0.3034143
70101,L6 IT Car3,0.15101504,0.14333595
184501,L6 IT,0.3477003,0.05276371
43726,L2/3 IT,-0.3203597,0.06520416
153583,L2/3 IT,-0.27387816,-0.051170606
70038,L6 IT Car3,0.20417076,0.21589793
184400,Pvalb,0.36713952,-0.2731754
184393,OPC,-0.0053955317,0.3425557
43768,Astro,-0.4429543,-0.0029877909
153648,L5 IT,-0.004389286,0.124375
69987,Astro,0.31392086,-0.16105823
184279,Astro,0.26748347,-0.2971183
184271,L2/3 IT,0.11224043,-0.31253815
153714,L6 CT,0.15021074,0.2834651
43857,Micro,0.48092788,-0.3434748
153738,L6 CT,0.1428451,0.13250424
43894,L6 IT,0.05936849,0.14275308
43973,L4/5 IT,0.10526723,-0.20825432
184176,L5 ET,-0.047831833,-0.006267119
153781,Astro,0.1730007,-0.3431322
184155,L2/3 IT,-0.33748832,0.4004876
153834,Oligo,0.15737015,0.062161636
153871,Sst,-0.15309551,-0.05397283
44080,Astro,-0.47579733,0.14891638
184082,L2/3 IT,-0.34368652,0.25120252
69894,L6 IT,0.2507512,0.17862584
69883,L4/5 IT,0.30368984,-0.29236978
44128,Astro,-0.4288866,0.36379457
153489,L2/3 IT,0.24666244,-0.40329307
183365,L2/3 IT,0.22822869,-0.35520482
185930,OPC,-0.32218635,-0.107002154
185963,L5 ET,-0.00047022104,0.36921716
150705,L4/5 IT,0.2925281,-0.30400002
40799,Peri,0.16975641,0.18558408
187930,SMC,0.42725396,-0.039724816
187916,Sst,-0.2319648,0.4509018
150741,L6 CT,0.12746084,0.31731302
72595,L4/5 IT,-0.23606083,0.29825234
150775,Endo,0.10527277,-0.20197381
40896,L5 IT,0.14463717,-0.111539885
187833,L2/3 IT,-0.31008616,0.47116214
187832,SMC,0.15425992,-0.27130544
72586,Peri,0.042612135,-0.43847096
40956,L4/5 IT,-0.14848545,0.25400215
187768,L2/3 IT,-0.25359407,-0.1510277
40769,Endo,0.2061665,0.110712245
40966,L5 IT,-0.10393447,0.44380498
40988,L2/3 IT,-0.41145137,0.090357795
187701,Endo,0.04393989,-0.014282692
72476,Pvalb,0.2672937,-0.3513555
151001,L6 CT,0.13072884,0.16710289
72454,L6 CT,0.22928959,0.37757844
151119,Astro,-0.40415353,0.4324268
187619,L2/3 IT,-0.021764964,-0.22688292
72375,L4/5 IT,-0.21382713,0.41972244
41207,L6 CT,0.27756703,-0.009012092
41223,Astro,0.1260497,0.26693022
187580,L5 IT,0.14082271,-0.18136893
41275,PVM,-0.49476427,0.26316178
187553,L4/5 IT,-0.19134238,0.23247464
150845,Peri,-0.05707577,-0.041801203
187997,L4/5 IT,-0.14619178,0.4359104
40734,Astro,0.02919972,0.2489508
188030,Astro,-0.28093934,0.2632162
188484,L6 IT Car3,0.09366566,0.22800507
150334,L6 IT,0.14711237,0.24622108
188429,L6 IT,0.24092859,0.28530133
188427,L4/5 IT,0.3890558,-0.26681203
188394,Endo,0.00582546,-0.16501184
72751,Endo,0.21315444,0.21530999
150389,Peri,0.37964904,-0.45398754
72713,L5 ET,-0.09876174,0.13472714
188337,Pvalb,-0.14869666,0.0035448186
40416,Oligo,0.14510983,0.0006563179
72692,Endo,-0.03495127,-0.04865085
150472,L2/3 IT,0.0072079897,-0.25776133
72677,OPC,-0.13250235,0.3160854
150513,PVM,0.08446449,0.18590517
150526,L2/3 IT,-0.3181594,0.43005812
188234,Astro,-0.068641216,-0.1217051
150558,Oligo,0.20351845,0.14818211
188211,Sncg,0.35596555,0.060681354
40605,L6 IT,0.12836832,0.2148195
188197,Oligo,0.3359232,-0.026516426
188160,PVM,-0.3424387,0.45604616
188126,Astro,-0.41925007,0.1057135
72607,Endo,-0.42903125,0.2449127
40680,L4/5 IT,-0.13960627,0.42835015
150618,L6 CT,0.06259668,0.093012825
150646,L4/5 IT,-0.2628132,0.16578747
188056,Oligo,0.027815223,-0.09236844
150665,Oligo,0.029174984,0.14242943
150672,L5 IT,0.043489456,0.35498786
41305,L2/3 IT,-0.35436815,-0.02179413
71163,L2/3 IT,-0.22318026,-0.20788
151218,L5 IT,0.016057014,-0.07474227
41354,L4/5 IT,0.05037564,-0.19653682
42172,Lamp5,0.12382662,0.23070915
71782,L2/3 IT,-0.33535284,0.07480128
186647,PVM,-0.17918718,-0.32590675
42269,VLMC,-0.48545012,0.3182028
71692,OPC,0.35057318,0.098309174
152096,L6 IT,-0.006088197,0.32930744
42328,Astro,-0.042372674,0.43023336
152144,VLMC,-0.50330776,0.18573304
42343,L2/3 IT,0.33826447,-0.36602503
42371,L6 IT Car3,0.2065301,0.3703105
71592,L6 IT,0.3068909,0.14238079
152220,L4/5 IT,-0.28285396,0.12305142
42473,Sst,-0.07950199,0.24694206
71888,L5 IT,0.26065403,0.22734483
186400,L4/5 IT,-0.2378465,0.14854153
42515,Astro,0.12644833,0.35135454
42557,Pvalb,0.031018436,-0.193464
42575,L5 IT,0.04001665,0.3549289
186332,Endo,-0.22504929,0.26164663
186288,Astro,0.08392668,0.14869155
42653,Lamp5,-0.4391921,0.25885338
42654,L4/5 IT,0.37911332,-0.3034166
186096,L5 IT,0.46019953,-0.22344114
152322,L4/5 IT,-0.16964343,0.04473765
186066,L6 IT,0.18978804,0.14653529
152344,Oligo,0.032301545,0.15798862
42766,L5 IT,-0.019070059,-0.082290396
186023,L2/3 IT,-0.22169116,-0.17248644
42475,L4/5 IT,-0.2677123,0.20556702
186857,L6 IT,0.056946278,0.29021442
186863,L5 IT,0.039455354,0.033503305
151776,L5/6 NP,0.13265222,0.1855066
72197,L4/5 IT,0.29013473,-0.25498083
41423,L2/3 IT,-0.39527962,0.1781676
151254,L5 IT,-0.06257239,0.4455632
151270,Endo,-0.34221885,0.18355693
151318,Endo,0.17374474,0.22281004
151340,L6 CT,0.33308977,0.15805633
151366,L4/5 IT,0.4314189,-0.33317274
187428,Astro,-0.12675089,0.23606111
41498,L6 IT,0.3099057,0.18058093
41533,L6 CT,0.2837749,0.035610627
151466,Vip,-0.16156518,0.34549475
41667,Endo,-0.047555566,0.0022291653
41682,L2/3 IT,-0.41329896,0.12065764
187246,L5 IT,0.27373427,-0.20198487
72014,Endo,-0.27645248,-0.18919627
72001,Endo,0.29791933,-0.31613138
71990,L5 ET,0.30372292,-0.12267287
151620,Endo,-0.05084586,0.23254682
151622,Endo,-0.048024476,0.1986583
151652,L2/3 IT,-0.35160983,0.0020658486
151659,L6 IT,0.26386696,-0.07857947
187125,OPC,0.30282968,0.10595162
151706,L4/5 IT,0.045204997,-0.16199084
151712,L4/5 IT,0.04706675,-0.21366216
41780,L4/5 IT,0.18619078,-0.25500277
71946,L6 IT Car3,-0.14882952,0.19980563
151733,L6 CT,0.19704407,0.3841436
71934,L2/3 IT,-0.18129224,-0.17816393
151761,Pvalb,-0.25903392,0.31222862
151220,Lamp5,-0.4598844,0.13063575
159874,L4/5 IT,-0.1504342,-0.032625902
154741,L6 CT,0.2736885,0.007943463
69438,L5 IT,-0.043506414,0.108110264
180000,L5 IT,0.23490041,-0.1539381
158105,L2/3 IT,-0.36525047,0.19423105
47806,L5 IT,-0.06617656,0.31386644
47821,L2/3 IT,-0.08976397,-0.29357836
179836,L2/3 IT,0.094536185,-0.38838378
179806,Endo,-0.016249895,0.32540637
158156,L5 IT,0.2849409,-0.19758661
158161,L4/5 IT,-0.19505286,0.3417402
47876,L5 ET,0.05877626,0.10738249
66518,Oligo,0.3540253,0.07840963
66496,Astro,-0.15690476,0.426589
47959,OPC,0.07454634,0.08863039
179642,OPC,0.30581427,0.17672344
158065,L5 ET,-0.04955569,0.024179947
47962,L5 IT,0.24550265,-0.2313383
47967,Sst,0.37831497,-0.16161029
48017,Oligo,0.27667087,-0.11051078
48018,L2/3 IT,-0.19733751,-0.19964792
66488,L2/3 IT,0.29402655,-0.42654222
48061,L5 IT,0.067213535,-0.0101182945
158236,L6 IT,0.36310905,0.15579332
158250,L5 IT,0.15806305,-0.17826809
179405,SMC,-0.45301273,-0.07612945
66461,Micro,0.463068,-0.49828726
48174,L2/3 IT,-0.12412304,-0.18664776
179316,L5 IT,-0.06646499,0.35545915
158261,L2/3 IT,-0.30263403,0.21266057
158278,L6 CT,0.27184486,0.21892567
179639,L5 IT,-0.15268502,0.23538162
66607,Astro,0.20761824,-0.44248134
158006,L6 CT,0.06801015,0.35088468
47781,SMC,-0.16948548,0.1989298
157161,L6 CT,0.09515941,0.32285064
180845,Pvalb,0.1324212,0.3838244
47338,VLMC,0.21738702,-0.49207667
180790,VLMC,-0.49637094,0.22347523
157195,Micro,-0.0026769638,-0.08022581
180680,Oligo,0.15807456,0.33771318
66880,L6 IT,0.2384879,0.20070936
180588,Vip,0.4722414,-0.40822798
157381,Endo,0.19165766,0.27295667
47444,PVM,-0.35406268,0.032945704
180557,L4/5 IT,-0.17045176,0.32277262
157443,L4/5 IT,-0.1362732,0.46367347
66772,L5 IT,-0.040255368,0.21433581
157500,L5 IT,0.100816965,-0.12765442
180401,L4/5 IT,-0.0011111498,-0.16981818
180353,L4/5 IT,-0.15446779,-0.015386034
157558,Astro,-0.13715538,-0.2653796
157678,Peri,-0.38588852,-0.09216012
157682,L4/5 IT,-0.22566584,0.42167574
180179,Astro,-0.15869781,0.24375315
180143,L6 IT,0.24727613,0.340321
157861,L2/3 IT,0.4337396,-0.35403776
157901,L4/5 IT,-0.081166804,-0.13883643
180094,L5/6 NP,-0.011514366,0.038461816
157974,PVM,-0.36111057,0.033926677
47748,L6 CT,0.12956488,0.21993037
157993,Pvalb,0.28427976,-0.43750587
47754,OPC,-0.04789111,-0.19474672
47776,L5 IT,0.29562038,0.085115805
158321,L2/3 IT,-0.38894656,0.36234725
157153,L2/3 IT,-0.37643275,0.057173263
48310,L5 ET,0.017362058,0.2222342
66392,L2/3 IT,-0.3942301,0.1999401
159225,L4/5 IT,-0.2095193,0.056281637
48888,L6 IT,0.37891942,0.18209721
159262,L2/3 IT,-0.18136606,-0.22154431
159265,L6 IT,0.25880092,-0.15280403
178545,L6 CT,0.15413594,0.2244217
48934,Vip,-0.41891804,-0.021797527
48944,L2/3 IT,0.027783275,-0.32570836
178515,L2/3 IT,0.3872705,-0.3969934
48970,L4/5 IT,0.3664269,-0.30261147
66032,L6 IT Car3,0.26037723,0.25889105
159294,L4/5 IT,0.009494424,-0.21684514
66029,L2/3 IT,0.018535078,-0.25731677
49105,L2/3 IT,-0.018787414,-0.28937465
178763,Endo,0.22151947,0.31258363
178411,PVM,-0.4408973,0.19856603
65800,Peri,0.010576785,0.15520032
159424,L6 IT,0.2711178,-0.0110672
159476,Endo,-0.36630926,0.23320694
49327,L2/3 IT,-0.3824552,0.25783515
159502,Endo,-0.06682259,0.23815025
65727,L4/5 IT,-0.27438456,0.29907012
178205,L2/3 IT,-0.3929131,0.10920896
178192,Endo,-0.052280575,-0.38342083
178161,Astro,0.046712995,0.2708004
159700,VLMC,0.21146381,-0.4927827
178100,Micro,0.2813725,-0.34985626
178084,L2/3 IT,0.46894902,-0.4385809
65523,Astro,0.33175528,-0.14388336
49192,L6 IT Car3,0.3301732,0.09507568
178780,Endo,0.21362084,0.12257363
178803,L5 IT,-0.014233351,0.11315377
159186,Astro,0.3347484,-0.25587785
48400,L6 CT,0.31035906,0.068824545
179228,Oligo,-0.24594414,0.11227997
158434,L6 CT,0.24373919,0.063742176
66370,Endo,-0.032239676,-0.13189082
158461,L6 IT,0.46312374,-0.06272499
66297,Endo,-0.05580929,-0.41411626
66265,Endo,0.13979793,0.27242482
158569,L5/6 NP,0.075253785,0.37032455
48453,Endo,-0.07978502,-0.20472194
66162,L2/3 IT,-0.23870698,-0.13163595
48480,PVM,-0.20274967,-0.2470486
66155,L4/5 IT,-0.1021567,-0.074600026
179111,L2/3 IT,-0.36410207,0.18322726
179068,L2/3 IT,0.121290684,-0.3558781
48501,L4/5 IT,-0.12109646,0.15000166
178981,Peri,-0.4018383,0.32132906
66105,L2/3 IT,0.26427525,-0.40927505
48556,Endo,-0.010429382,-0.017424393
158856,L6 IT,0.11858809,0.31154698
48654,Endo,-0.065161526,-0.349337
178915,L6 IT,0.12425542,0.12752189
158957,L4/5 IT,0.10403317,-0.19627182
48660,L2/3 IT,0.19917864,-0.285166
48670,Endo,-0.22920948,-0.16135396
48686,Astro,-0.12304431,-0.08026375
159007,Micro,-0.2831587,-0.083846316
48762,L2/3 IT,-0.41393808,0.056618225
66052,L2/3 IT,-0.37674975,0.29506046
159162,L2/3 IT,-0.3326375,0.059653055
66396,L2/3 IT,0.4288355,-0.39304736
183347,L4/5 IT,-0.20363447,0.446298
157145,L6 IT,0.2993706,0.09536447
47218,Sst,-0.04938048,0.30382264
182813,L6 CT,0.07771909,0.36676466
68586,Astro,-0.29825735,0.23967834
182782,Endo,-0.029804975,-0.28622603
68557,L6 IT Car3,0.2773127,0.3702451
45423,Astro,-0.1683614,0.012045991
68506,L2/3 IT,0.2109986,-0.37650096
45523,L4/5 IT,-0.13892865,-0.023672331
68413,L2/3 IT,0.057363987,-0.34521192
45661,L5/6 NP,0.02522397,0.21220388
68394,Peri,0.1438415,-0.22670956
155844,L5 ET,0.10983926,0.34586924
155863,Lamp5,0.4631477,-0.4718787
68343,L6 CT,0.32636702,-0.09020297
182825,L2/3 IT,-0.17035976,-0.11404793
45746,PVM,0.38626683,-0.4778753
45809,L6 IT,0.0952186,-0.0702631
68326,PVM,-0.13824177,-0.33168727
68164,L5 IT,0.2857135,-0.15371262
68085,PVM,0.40725827,-0.2434765
156027,L5 IT,-0.007974386,0.22063209
182430,L6 IT,0.13433403,-0.06142043
182425,Astro,0.14916855,0.36272418
45884,OPC,0.1237095,0.21717443
182399,L2/3 IT,-0.3293166,0.4182809
182394,L6 IT Car3,0.29991263,0.2132283
45907,L4/5 IT,-0.10694513,-0.11272867
182299,Astro,-0.016482294,0.20149715
45919,L5 ET,0.35553408,-0.058200825
155918,L2/3 IT,0.02865702,-0.23184554
68799,L2/3 IT,-0.014148772,-0.33311844
45316,Endo,0.22874576,-0.039005715
182850,Sst,-0.059056222,-0.29916358
44799,L4/5 IT,-0.0035355687,-0.19855087
183330,L2/3 IT,0.025168657,-0.29787928
154831,L2/3 IT,-0.33651567,-0.07501452
44804,PVM,0.09685665,0.18519385
154841,L2/3 IT,-0.3825605,0.22577985
44939,L5 IT,0.19729638,0.32241142
154902,Peri,0.02680105,0.34884655
69327,L2/3 IT,0.15615004,-0.340559
154995,Pvalb,-0.16336074,0.022669684
183278,PVM,-0.49487984,0.17080392
69296,Endo,-0.055272818,-0.40219933
183267,Endo,-0.34043968,0.2594419
183222,L4/5 IT,-0.26027447,0.10338719
69222,L6 CT,0.30224687,0.018747222
183190,L2/3 IT,-0.22669303,-0.17616697
183169,L2/3 IT,-0.39520916,0.18930079
155109,Lamp5,0.29330248,0.037602257
69183,VLMC,-0.49363366,0.25558352
155169,L2/3 IT,0.35381907,-0.3729452
69031,L2/3 IT,0.032659054,-0.2969318
69011,Astro,0.20842767,-0.4738495
68982,Endo,-0.06977573,-0.19370748
155340,L4/5 IT,-0.0785006,0.43339688
155406,L6 IT,0.29108614,-0.052702088
68864,L6 IT Car3,0.114267886,0.29267973
182977,VLMC,-0.49156058,0.27264512
45210,Micro,0.07946378,0.13906653
155407,Pvalb,-0.022659808,0.13889785
155415,PVM,0.45192176,-0.41099027
156087,Endo,-0.29075095,-0.037495006
180899,OPC,0.20174462,0.1906903
182267,Pvalb,0.072623014,0.045464944
67745,L2/3 IT,-0.27901852,-0.0017322786
67243,Peri,0.3249504,0.09028621
181427,PVM,0.39890832,-0.51341724
181418,PVM,0.24777019,-0.06235634
156848,L6 CT,0.1408143,0.33930963
156894,L5 IT,-0.067729086,0.3096189
181318,Vip,-0.2511026,0.26306307
46837,L5 ET,0.0040146112,-0.04060756
46854,Endo,0.17376554,0.08000018
181286,L4/5 IT,0.31624657,-0.24081008
67187,L4/5 IT,0.36448234,-0.30914748
156944,L6 IT Car3,0.27060944,0.31533754
181264,Endo,0.37925237,-0.4830814
46942,Lamp5,0.40584558,-0.35958323
181438,Oligo,0.18597716,0.031453382
181240,L2/3 IT,-0.12805095,-0.17648317
46999,L2/3 IT,0.23186582,-0.38074678
47012,Endo,0.44638342,-0.28183633
181159,L6 CT,0.12837327,0.23022117
47034,L6 CT,0.37455833,0.02888615
47046,L2/3 IT,-0.31106073,-0.044870425
181105,OPC,0.11025357,0.122186676
157109,L4/5 IT,-0.18961036,0.41002244
47053,L4/5 IT,0.45113695,-0.2780016
180994,L5 ET,0.010845244,0.09786703
157113,L2/3 IT,-0.20136371,-0.20300673
47147,L2/3 IT,-0.30624923,0.4639265
180968,Pvalb,0.26971895,-0.37593567
157132,Peri,-0.039152324,0.46816325
181230,L6 IT,0.32477474,0.16891183
46725,Sst,-0.08018187,0.12531222
46658,Micro,-0.1892252,-0.11990674
46637,Micro,0.14489603,0.272834
67726,L4/5 IT,0.3177126,-0.2552446
46132,L2/3 IT,-0.36599302,0.23007466
156371,L2/3 IT,-0.34169602,-0.028318752
182033,Astro,-0.35918367,0.4306231
67669,Endo,0.24553728,-0.43030798
67660,Endo,0.110147536,0.17002214
67636,L2/3 IT,0.26059198,-0.39724123
67530,L6 IT,0.35280585,-0.14226352
156500,Endo,-0.26284856,-0.0772862
67404,L6 IT,0.40500647,-0.16311075
46291,L2/3 IT,-0.30499852,-0.099561915
46321,L6 CT,0.24953449,0.12516053
67401,Peri,-0.23687881,0.18629523
67384,L5 IT,-0.11318755,0.213192
67374,Endo,-0.19638991,0.31340325
67365,L4/5 IT,0.48108363,-0.2909763
67348,OPC,-0.17411485,0.4645564
46413,L6 CT,0.3743232,0.08456953
156657,L4/5 IT,0.2613253,-0.28253412
156665,L6 CT,0.195804,0.18243422
156673,L2/3 IT,-0.32882625,0.08239527
181637,Astro,0.12986928,0.13988735
181620,L4/5 IT,0.47266656,-0.30330274
46483,L5 IT,-0.020459503,-0.053448815
46519,Micro,-0.04827544,0.15698113
156729,L2/3 IT,-0.16886228,-0.22520827
181551,Pvalb,0.08925545,-0.00012623146
156742,L2/3 IT,-0.007898033,-0.24076186
181529,L2/3 IT,-0.3977306,0.25308603
182155,Sst,-0.17261273,-0.040721226
22643,Endo,-0.41010153,0.4215632
58313,L5 IT,-0.11098549,0.071453944
225173,L5 IT,0.22580695,-0.21477173
4969,Micro,-0.38765627,0.31104428
222100,Astro,0.029358387,0.31718785
233442,Endo,0.07671487,-0.41756475
233448,Sst,-0.17620537,0.0046054237
233449,L5/6 NP,0.38371634,-0.15201531
222056,L2/3 IT,-0.369989,0.16899188
233451,L5 ET,-0.0518865,0.33647937
122171,Astro,0.34966743,0.16290863
222014,Sst,0.2970997,-0.059893806
13979,L2/3 IT,-0.3122747,-0.10392748
95515,L4/5 IT,-0.17252249,0.17361428
14072,OPC,-0.3419788,0.46341425
221966,L5 ET,-0.028113067,0.08455701
112676,L6 CT,0.3203585,-0.07126479
122228,L4/5 IT,0.29584986,-0.28233045
122275,L5 ET,0.005148351,0.35162365
14137,VLMC,0.45746994,-0.5237737
104195,PVM,-0.2663949,-0.27442575
14269,L2/3 IT,0.40297914,-0.41254473
14281,L2/3 IT,0.15417928,-0.29364455
122350,Vip,-0.3267954,0.2135414
233402,L4/5 IT,-0.13925242,0.41505885
221810,Astro,-0.25766015,0.12457742
4979,Astro,-0.17824459,0.22537084
104180,PVM,-0.32057178,-0.19222595
13680,L6 CT,0.091540396,0.32231832
233177,L6 IT,0.024188876,0.37132668
222401,PVM,0.35218346,-0.5106945
104024,Endo,0.14193213,0.09130795
112852,L6 CT,0.039432406,0.050787758
112846,SMC,0.46829408,-0.26507944
5302,L6 IT,0.30157208,0.12252034
222342,Oligo,0.048707128,0.23489644
121682,Sst,-0.15488657,0.108471766
222229,L4/5 IT,-0.2339544,0.44060975
112839,L5 ET,0.0625301,0.120798245
112801,Astro,0.0012857318,-0.20259453
95958,VLMC,0.16034979,-0.48364764
222195,L2/3 IT,-0.2973422,0.17944117
104136,L4/5 IT,-0.27779454,0.18042184
95940,Peri,-0.2078191,-0.000957001
233289,L6 IT,-0.00022256374,0.112534836
95918,Astro,-0.31240666,-0.004905034
233324,OPC,0.1299997,0.15990593
5012,L5 IT,-0.00401175,-0.058583755
13884,L6 IT,0.3652218,-0.14306651
95861,L2/3 IT,-0.41050175,0.15309216
221802,L2/3 IT,-0.36630285,0.10702731
4916,L5 IT,-0.15914315,0.1870947
221729,Astro,-0.31567943,0.18641432
14693,L6 CT,0.23835659,0.23785557
221402,Peri,-0.38047537,-0.11567469
122634,Endo,0.32382715,-0.47524208
221391,Astro,0.11639708,0.10256852
4706,Astro,0.35096723,-0.22551094
94998,L2/3 IT,-0.29781252,-0.02796023
233798,L2/3 IT,-0.28965956,-0.17289616
14734,L5 IT,-0.13710776,0.29114497
233804,L6 IT,0.44480562,-0.12948598
112446,L6 CT,0.31234813,0.21266241
221248,L4/5 IT,-0.08361569,-0.15167572
94993,Endo,-0.24830952,-0.23427592
94987,Sncg,0.19430041,-0.4381085
4630,L4/5 IT,-0.051463068,-0.15098529
94959,SMC,-0.16754252,0.19669099
122748,L5 ET,0.09231913,0.02785654
14780,L6 IT,0.001445651,0.21612157
94935,L4/5 IT,0.29590285,-0.28974867
233838,OPC,-0.22854087,0.12814488
122785,L4/5 IT,0.36589533,-0.25433424
221133,L4/5 IT,-0.16349801,-0.056158263
221429,L4/5 IT,-0.16631764,-0.073223576
14666,L4/5 IT,-0.20901814,0.07736303
233678,L2/3 IT,0.2162587,-0.3329887
221466,L2/3 IT,-0.22370195,-0.19993712
14357,Endo,0.4127717,-0.13854204
112637,VLMC,0.44181043,-0.520549
14399,Astro,-0.4206637,0.33850878
122359,Oligo,-0.21538669,-0.2976722
14481,Endo,0.015547574,-0.40818214
14484,VLMC,-0.48356897,0.003556084
122367,L4/5 IT,0.31211257,-0.2870282
14498,Endo,0.08843231,0.24471857
112580,L2/3 IT,-0.32084426,0.13702472
221603,Endo,0.007695079,0.18005331
96020,L2/3 IT,-0.37056023,0.13951607
14564,L2/3 IT,-0.34607673,0.12610914
4733,L2/3 IT,-0.36277592,0.26930636
95185,L6 CT,0.05195403,0.30705863
122497,Oligo,0.3809451,-0.09384419
122507,Micro,0.22313744,-0.2771259
122533,Oligo,0.25496358,0.31874353
221547,L5 ET,-0.05658117,0.42059398
221532,Micro,0.20308512,-0.31287384
122563,Astro,0.17302078,0.018008482
221517,L2/3 IT,-0.3201896,-0.113685384
14599,Astro,0.047116876,0.03258003
95215,Astro,-0.42932642,0.41076678
121602,Micro,0.46074253,-0.2442682
96050,L2/3 IT,-0.31728974,0.08668454
121551,L2/3 IT,-0.4270874,0.067867175
12939,L4/5 IT,-0.14693958,-0.035493184
223311,L5/6 NP,0.2782365,-0.049883712
96684,Pvalb,0.25885516,-0.23453234
13008,L4/5 IT,-0.2704466,0.32125705
120837,L2/3 IT,0.32964265,-0.44644547
13018,Astro,0.15514535,-0.44909605
13027,L4/5 IT,-0.16304326,0.37648553
232796,Peri,0.37096524,-0.20663212
223241,Oligo,0.42691118,-0.06906395
113218,L2/3 IT,0.45505893,-0.33959496
223225,Vip,-0.30840942,0.16196246
120844,L2/3 IT,0.41912955,-0.35101208
96665,VLMC,-0.47775507,0.3657847
5610,Endo,0.18639684,-0.29979205
120939,L4/5 IT,-0.17699414,0.2525403
120951,L6 CT,0.26041287,0.09505035
5592,L4/5 IT,0.067307174,-0.18373115
120977,OPC,0.14773941,-0.25252616
121003,L6 IT Car3,0.24644965,0.29893273
121064,L2/3 IT,-0.34986088,0.28909832
113215,L2/3 IT,-0.3864864,0.21667321
96736,L2/3 IT,-0.0055838227,-0.23430054
223381,Peri,0.19529295,0.05744983
5645,L5 IT,-0.05369258,0.041340064
96774,Vip,0.29628086,-0.47098148
97059,L4/5 IT,-0.2090011,0.15533741
232640,Oligo,0.27896947,0.058810662
223738,L5/6 NP,0.38438475,-0.084297195
97057,L2/3 IT,-0.4409394,0.1287113
12778,L4/5 IT,-0.16008937,0.3842032
5808,Astro,0.466007,-0.45418188
12816,L2/3 IT,-0.14065215,-0.15493597
5796,Astro,0.29745305,-0.029722203
223647,L6 CT,0.14879471,0.024659406
103534,VLMC,-0.20473513,-0.31381127
223043,L2/3 IT,0.137806,-0.36909297
120507,PVM,0.4256106,-0.20453845
5719,L2/3 IT,-0.12349203,-0.25494516
97019,L2/3 IT,-0.010679841,-0.22432832
103545,Astro,-0.115752995,0.17613561
223608,L2/3 IT,-0.19539303,-0.22318493
113409,L6 CT,0.31251264,0.14321925
103649,L6 IT,0.047067285,0.008116197
96899,Micro,-0.25662506,0.0550598
113307,Astro,-0.30513504,0.060753237
12903,L5 IT,-0.0882507,0.28154528
96845,OPC,-0.05999556,0.46609992
113412,Peri,-0.25261825,-0.1931483
233869,L6 IT Car3,0.16621983,0.2366956
223038,Pvalb,0.16316634,0.14413281
113145,Pvalb,-0.057776958,0.29726845
222720,L2/3 IT,-0.34676272,0.16650422
121326,L2/3 IT,0.049365997,-0.31196648
13488,Oligo,-0.105278164,-0.0959117
5412,L2/3 IT,0.34865302,-0.44565842
96198,L4/5 IT,0.3113976,-0.25480622
121385,L5 IT,-0.0856711,0.36240828
112961,L2/3 IT,-0.073667675,-0.28460133
222592,L6 IT,0.36021727,-0.0047153123
233059,L6 IT,0.2728017,0.061199438
121410,Astro,-0.3193251,0.33786875
112948,Astro,-0.4581955,0.19412453
222577,L5 ET,0.0014605522,-0.037452597
233083,L6 CT,0.061155856,0.024322402
103973,L2/3 IT,0.041266978,-0.30959868
5387,PVM,-0.3296919,0.31411576
222567,Astro,0.47013122,-0.0835595
96144,L6 CT,0.009322941,0.24514325
96097,L2/3 IT,-0.13097164,-0.16868748
121510,Pvalb,-0.12529764,0.00079251453
233159,L4/5 IT,-0.22936264,0.3390804
96057,L2/3 IT,-0.16788533,-0.133747
222727,Sst,0.07173604,0.30817634
222738,L6 IT,0.048381805,0.17822327
96229,L5 IT,-0.0595645,0.09804095
222749,L6 IT Car3,0.25950372,0.29564428
13076,L4/5 IT,-0.0926137,-0.06625436
121111,Lamp5,-0.4474102,0.049359035
13135,L2/3 IT,-0.404822,0.13602807
13139,L6 IT,0.39946473,-0.12098269
13159,L6 CT,0.095006585,0.11881371
113086,Endo,0.19400841,-0.4705125
113067,Sst,0.36791426,-0.12151612
222922,L2/3 IT,-0.36356246,0.2463174
232999,L2/3 IT,-0.3092866,0.1420985
121188,Lamp5,0.10172224,-0.44321615
5513,Astro,-0.09980109,-0.34015322
233008,L6 IT,-0.066099465,0.19537796
103910,Astro,-0.07512781,-0.27417234
233028,L2/3 IT,0.3044812,-0.34750172
13284,Endo,-0.08438155,0.15942295
222819,SMC,-0.094126105,-0.18322377
96269,L2/3 IT,0.19783145,-0.30553263
5440,L6 CT,0.1666472,0.23020513
13328,L5 ET,-0.030577093,0.3533426
5431,L2/3 IT,-0.36397344,-0.07148914
222784,L2/3 IT,-0.37397963,0.2317871
13346,Oligo,0.46143,-0.05526321
222876,Micro,0.35390884,-0.41975993
221125,L2/3 IT,-0.19867706,-0.20974673
122803,L2/3 IT,-0.40221632,0.097374156
221096,Lamp5,0.3227759,0.18346693
124341,L2/3 IT,-0.3169657,0.44405633
3785,PVM,-0.17545179,-0.331468
124351,L2/3 IT,-0.42112774,0.08394022
235035,L2/3 IT,-0.35762775,0.098254815
219242,Peri,-0.059954077,0.33407462
105038,L2/3 IT,-0.328201,0.2575823
124383,OPC,0.18473887,0.07141866
124401,SMC,0.15774328,-0.24530111
93746,Oligo,0.30535448,0.13858475
219195,L5/6 NP,0.11466426,0.058359813
16357,Astro,-0.42665657,0.36746716
219162,Peri,-0.024347216,-0.26946676
16359,SMC,-0.16007572,0.19855453
16385,L2/3 IT,0.39388257,-0.44166055
105108,Oligo,0.1611417,0.13659759
219127,L2/3 IT,0.20395488,-0.39131758
16422,L6 IT,0.34419525,0.19900872
93742,L2/3 IT,-0.33810088,0.34598464
3768,L5 IT,-0.0418303,-0.08307581
235094,L6 IT,0.083544314,-0.055529673
235106,Astro,-0.23459104,0.16191293
234979,L2/3 IT,-0.098552525,-0.20842667
219285,Micro,0.18998653,-0.28626138
93801,Micro,-0.19020274,-0.31199914
111829,L6 IT,0.35007632,-0.13398294
111881,L6 CT,0.25159496,-0.03136148
104974,L2/3 IT,-0.3977711,0.37622088
234817,Vip,-0.36868304,0.019741964
124205,L6 IT,0.08091605,0.026566278
234822,L2/3 IT,0.1765188,-0.3781265
3860,Lamp5,-0.31050205,0.0047745816
219491,L6 CT,0.17648798,0.2971493
234847,L2/3 IT,0.32844436,-0.4286235
219435,L6 IT,0.36965567,-0.093819246
93910,L4/5 IT,0.2871058,-0.26396468
3715,L2/3 IT,-0.34480208,0.3866865
3855,Pvalb,0.14969766,-0.0024770387
219381,L2/3 IT,0.008769333,-0.33246726
234862,L5/6 NP,0.47326082,-0.18391784
111858,L6 IT,0.06776476,0.32590306
16289,L4/5 IT,-0.05349517,-0.13564827
105031,L5 IT,-0.10851747,0.23286654
219353,L6 IT,0.33559287,-0.15833019
219335,Endo,-0.08815706,0.042971503
124308,L2/3 IT,-0.39484116,0.045603525
93843,L6 IT,-0.04928446,0.41614532
16292,L4/5 IT,-0.042057186,-0.13684256
234850,L4/5 IT,0.1668086,-0.23037322
104944,Astro,0.22764945,-0.27744788
105199,L2/3 IT,0.42288804,-0.4393604
219013,Oligo,0.31485975,0.09107937
105232,Oligo,0.40162414,-0.10563122
218661,L6 CT,0.45135015,-0.09470965
235280,SMC,0.43853837,-0.5182486
105289,L6 IT,0.3670655,-0.09258287
124751,Micro,0.1698978,0.071704045
235319,L4/5 IT,-0.24069795,0.43470037
16718,L6 CT,0.022882998,0.2938457
3523,L2/3 IT,0.21394008,-0.3888995
235328,Astro,0.1600362,0.05234052
93413,L5/6 NP,-0.1104202,0.2881645
218524,Lamp5,-0.41925758,0.023210537
218523,VLMC,-0.49404103,0.25149494
218521,Pvalb,0.3982759,-0.3952577
16746,Pvalb,0.25694942,-0.260543
105296,Oligo,0.45644325,-0.1255263
16773,Endo,-0.116282314,0.37456405
218486,Peri,0.032852232,-0.1653563
93384,L2/3 IT,0.21030873,-0.31576997
235441,Peri,0.19093412,0.30400842
16802,Endo,-0.4106974,0.38676202
218350,Oligo,0.28852206,-0.059860904
218669,L6 IT,0.21272647,0.19650866
218682,L2/3 IT,-0.32455212,0.21945144
218704,L4/5 IT,-0.18015385,0.0339867
93568,Astro,-0.16327915,-0.2943618
218985,Pvalb,-0.32243901,0.17961432
124481,Lamp5,-0.24904406,0.0044558756
16470,L2/3 IT,0.46981263,-0.41970044
105216,L2/3 IT,-0.110670745,-0.25877553
93635,Micro,0.073634684,-0.16330366
111720,L2/3 IT,0.43562096,-0.44955438
93617,L6 IT,0.106105685,-0.03464924
93589,L5 IT,0.426183,-0.1705089
3673,Sst,-0.0039574504,0.32800806
124615,L2/3 IT,-0.40276682,0.12682004
219015,L5 IT,-0.15385234,0.4679622
105218,L2/3 IT,0.07989091,-0.33625394
218832,L2/3 IT,-0.35420644,0.36290085
111708,L2/3 IT,0.14844275,-0.39648935
3641,L5 IT,-0.0113530755,0.3514257
16583,L5/6 NP,0.10835838,0.29569453
16595,Pvalb,0.2249769,0.25698698
218782,L2/3 IT,0.23031688,-0.3280661
124682,L6 CT,0.06572491,0.37035167
218748,L2/3 IT,-0.2435978,-0.13395096
218747,L6 CT,0.28290468,0.01890267
93573,Astro,0.028054118,-0.1820416
218846,L2/3 IT,0.08077371,-0.35992086
12731,Endo,-0.0077545643,0.17492963
3885,Peri,-0.110409796,0.09046318
219570,L2/3 IT,-0.21513888,-0.18930323
234157,Astro,-0.059268564,0.10735072
220552,SMC,0.2215522,-0.13826711
94643,L2/3 IT,-0.24245843,-0.10876672
234185,L2/3 IT,0.24111402,-0.3955066
4351,Pvalb,0.45967895,-0.23071478
94589,Pvalb,0.17044926,0.27498055
4312,L4/5 IT,-0.16554815,0.21681054
94585,PVM,-0.3057223,0.24052168
220474,Lamp5,-0.39613485,0.28216946
123435,Peri,0.06376833,-0.192212
4265,Astro,0.3835132,-0.48934
94538,Astro,-0.45733187,0.017159235
4262,Sst,0.38887918,-0.41327077
15389,Pvalb,0.10734558,-0.31187004
4228,L6 CT,0.32694244,0.20912297
112250,L4/5 IT,-0.022493094,-0.19050248
94499,Astro,-0.2144694,-0.2630566
94478,Astro,0.24384397,-0.3408245
220381,Astro,-0.34907496,0.46417433
234330,SMC,-0.104445875,0.29927284
123582,L6 CT,0.22560483,0.27624434
112315,Astro,0.22691578,0.09703441
4447,L4/5 IT,-0.22367337,0.30646837
220589,L4/5 IT,0.41968542,-0.29160622
220608,L2/3 IT,0.16000092,-0.37312102
4585,L5 IT,-0.07606515,0.14807285
233927,L2/3 IT,0.3095231,-0.39515203
94888,L4/5 IT,0.046747804,-0.20359086
4507,Oligo,-0.0006918311,0.09518905
4491,Astro,0.18721557,-0.0687104
233975,L6 CT,0.08824575,0.08647092
220937,Micro,0.3948756,-0.36743248
94839,L2/3 IT,0.27889407,-0.43958518
14878,L2/3 IT,-0.34705415,0.40061253
220894,Oligo,0.12492293,0.084672764
112196,Astro,-0.14064813,0.00021142885
4475,Astro,0.18723965,0.1910211
220857,Endo,0.47198898,-0.50038266
234017,Astro,-0.37440893,0.13080777
14947,L5 IT,0.47333777,-0.17719729
220756,L5/6 NP,0.19877994,-0.12837578
14948,L6 IT,0.049474895,0.33242977
123115,L2/3 IT,-0.31260672,-0.07212539
123118,L2/3 IT,0.34113634,-0.38659576
220685,Astro,-0.17379925,0.3365019
112320,L2/3 IT,-0.3013787,0.35316736
94748,Pvalb,-0.21336776,0.4266883
4474,Endo,0.14747328,-0.058253575
124132,Endo,0.24196488,0.035207223
123589,Oligo,0.13404202,0.14123924
15651,Endo,0.31453615,0.15773971
3990,L2/3 IT,0.01134938,-0.24498947
16030,L4/5 IT,-0.19590393,0.078972295
16039,Astro,-0.45189378,0.04621507
111965,Micro,-0.14985159,0.3990397
104876,VLMC,0.103909016,-0.46866077
16062,L5 IT,0.25644314,-0.1271721
234732,L2/3 IT,0.24052852,-0.41843292
123961,L6 CT,0.16093558,0.21795334
219788,SMC,-0.32763785,-0.19073625
111939,Oligo,0.45195353,-0.12564586
3917,Astro,-0.030879557,0.28974378
16121,L5 IT,0.0014075637,0.25759745
124092,L6 CT,0.21565783,0.113236204
124107,Oligo,0.20561332,-0.14295201
234742,L6 IT,0.1971516,-0.10081266
104910,L5 IT,0.31764853,0.20296212
16189,L6 IT,0.018179595,0.13251121
16204,L4/5 IT,-0.18385816,0.4037649
219652,Endo,0.16377503,-0.45838538
219619,L4/5 IT,-0.20101261,-0.019728053
124129,L4/5 IT,0.010692835,-0.15099646
15993,L6 CT,0.11355686,0.23964079
220026,L2/3 IT,-0.1678837,-0.20058112
112022,L4/5 IT,0.32845658,-0.27058595
220083,L4/5 IT,-0.19015035,-0.022850502
234432,L5 IT,0.3096192,-0.15594096
123648,L4/5 IT,-0.027061045,-0.17689742
15730,L6 CT,0.1717996,0.09533699
112134,Astro,-0.31640166,-0.08156045
123680,L2/3 IT,0.1416288,-0.3223161
15790,OPC,-0.47102958,0.34556615
94375,Astro,0.13046753,0.24462672
94326,L6 IT,0.3235228,0.17689492
220224,L2/3 IT,-0.05378759,-0.31154817
4105,L5 IT,0.4525051,-0.16955628
94383,Astro,-0.4738779,0.13033469
234533,L5 ET,0.10876906,0.27179343
104786,L2/3 IT,0.33510208,-0.4150233
15949,OPC,-0.18599316,0.43048632
4034,L6 IT,0.035888433,0.25604773
234590,Peri,0.042432725,-0.31675243
15963,L6 IT,0.17020589,-0.0448999
123902,Peri,0.07934058,-0.016443301
104797,Astro,0.32879543,-0.09592514
220144,L6 CT,0.19852096,0.32704836
234636,L4/5 IT,-0.25447538,0.22205432
220109,Endo,-0.3366104,-0.012516189
94305,L2/3 IT,-0.3186456,-0.012298632
93286,L2/3 IT,-0.02974832,-0.24113859
12660,Astro,0.4764254,-0.15611888
223827,L6 IT,0.13005704,0.14671017
227506,Pvalb,0.3364972,-0.26391214
9667,L2/3 IT,0.03021264,-0.24982662
227492,Oligo,0.11519247,0.16126014
117670,VLMC,0.40498734,-0.5140462
99723,L4/5 IT,-0.22085372,0.3487119
99683,L2/3 IT,0.19253403,-0.31307906
101938,L4/5 IT,0.38635522,-0.27676943
230522,Astro,0.44603944,-0.09098889
99660,Vip,-0.060602337,-0.021322954
7342,Sst,-0.0021764636,-0.048352737
99577,L4/5 IT,-0.17548537,-0.010573316
99565,VLMC,0.2927183,-0.49935132
9758,OPC,0.20466799,-0.46164325
99503,Micro,-0.0079805255,0.24901845
230561,L5 IT,-0.046898276,0.25349492
227278,L6 CT,0.23688126,0.09906484
227240,Astro,-0.12044302,0.2372063
99396,VLMC,-0.50514346,0.163583
117974,L2/3 IT,0.013070762,-0.2923308
117992,VLMC,-0.500996,0.054987323
9814,Vip,-0.3788865,0.30834204
99766,Astro,-0.37670636,-0.07084836
115326,L6 IT,0.357441,0.017430257
230489,L2/3 IT,-0.0037699342,-0.30708182
99772,L5 IT,0.19489747,-0.23842852
227829,Pvalb,-0.1956372,-0.029068667
230339,Micro,0.23577732,-0.1299253
7500,L2/3 IT,0.18463266,-0.40499502
230398,L5 ET,0.06741279,-0.10987733
115516,Pvalb,-0.16857311,0.032540333
115486,L4/5 IT,-0.20936334,0.13719733
230415,L2/3 IT,-0.24327406,-0.06413938
115483,OPC,0.106803894,-0.28494123
99895,L2/3 IT,-0.2332057,-0.123157576
227720,L2/3 IT,-0.22755867,-0.14688636
9569,L2/3 IT,-0.28703487,0.039850067
227707,L4/5 IT,0.37444693,-0.30324885
101844,L2/3 IT,-0.33722773,0.026914429
227666,Lamp5,-0.3181842,-0.12745716
115375,L5 IT,-0.03760004,0.4508503
230459,L6 CT,0.044003367,0.09284069
227601,L5 IT,0.20908421,-0.16684206
230460,L5 ET,-0.033958405,0.35915327
9615,L6 CT,0.1349476,0.31397343
230470,L2/3 IT,0.18915719,-0.3951909
227537,L5 IT,0.12205458,-0.16247617
7414,Astro,-0.45296788,0.006802749
227175,OPC,0.45087945,-0.18762876
227165,Peri,0.17037022,0.1438153
118016,L2/3 IT,-0.25033674,-0.17960604
7097,L6 IT,0.3688624,-0.015868176
115063,Astro,-0.4451154,0.23109777
7058,L4/5 IT,-0.1752541,0.017898213
115049,Endo,0.15811253,-0.19134085
99237,Vip,0.036387086,-0.38094485
99178,Astro,0.16173548,0.09535612
118304,Astro,0.28824985,-0.11328943
230887,Astro,0.43315178,-0.48677495
114995,L6 IT,0.10263342,-0.04060288
226687,L2/3 IT,-0.3255754,0.0024500005
6900,Pvalb,0.21432322,-0.24923839
226656,OPC,-0.13531005,0.40401518
10092,L5 IT,-0.05320975,0.1386015
230935,Lamp5,0.32084912,0.13360961
10136,Micro,0.043661118,-0.1813441
114798,L5 IT,-0.1351831,0.12188639
118416,L4/5 IT,-0.181575,0.21015932
114797,L6 CT,0.30316776,0.16159834
226590,SMC,-0.08707833,-0.1701202
98944,OPC,-0.17980227,-0.065824375
230978,Micro,-0.18580478,0.08212562
226847,Astro,-0.3968092,0.26269484
226871,Endo,0.31496423,-0.11753078
118183,L4/5 IT,0.40357673,-0.3312909
118145,L2/3 IT,-0.24471453,-0.19928245
227113,L2/3 IT,0.38471794,-0.43126434
7341,L2/3 IT,0.31091982,-0.37065995
227083,L4/5 IT,0.08143234,-0.20846297
115325,L2/3 IT,-0.27010614,-0.11527459
227073,L5 ET,0.04845363,0.32133877
227047,Astro,-0.41128403,0.024993073
102054,L4/5 IT,-0.24997136,0.1930591
9835,Astro,0.175304,-0.41038817
115286,L6 IT Car3,0.27026594,0.29875815
226993,Lamp5,-0.463091,0.34112495
9546,L2/3 IT,-0.35327554,0.062003147
115234,Astro,-0.20152315,-0.3717538
102152,Astro,-0.007701516,0.27232283
9925,Astro,-0.40122172,-0.12592764
99322,PVM,-0.013184726,-0.06135579
9945,Astro,-0.13782951,-0.26140907
226953,Peri,0.15559518,0.30522484
102224,L6 IT,0.01063019,0.12676038
226948,L5/6 NP,0.36114115,-0.1900308
118129,L5 ET,0.47594494,-0.10888825
115151,L4/5 IT,-0.20481959,0.20609267
226890,Oligo,0.056333303,-0.08284162
118055,Astro,-0.4610283,0.31120378
100020,Micro,0.41869837,-0.17262731
227876,Pvalb,0.113001525,-0.21627311
227878,Astro,-0.17246056,0.2610525
229074,L4/5 IT,-0.2762844,0.2710886
229050,VLMC,-0.14326784,-0.36080348
100580,L4/5 IT,0.34462672,-0.30297858
8320,L4/5 IT,-0.12743112,-0.1275611
8338,Endo,-0.11540803,-0.31672323
228927,L2/3 IT,-0.2501782,-0.02187239
228924,Endo,0.1962226,-0.26401404
8429,Lamp5,-0.37700757,-0.10709165
7994,L4/5 IT,-0.17696932,-0.051016677
101266,Sst,-0.321698,0.45913315
229758,Endo,-0.17632669,-0.18680002
100407,Astro,-0.41460517,0.16542919
7964,L2/3 IT,0.20644748,-0.28847516
8602,L2/3 IT,-0.34526646,0.35514343
101272,Lamp5,-0.23568892,0.04568715
100347,Vip,0.09251171,0.15977229
116712,L5 IT,0.14041823,0.018922042
7816,L2/3 IT,0.097688854,-0.3152921
7783,Vip,-0.3991312,0.35718155
8724,L2/3 IT,-0.36245978,0.22738548
101316,Endo,-0.20949885,-0.17780666
101163,Pvalb,-0.18381268,0.059983443
8311,L4/5 IT,-0.15768552,0.43530095
229078,L4/5 IT,0.349226,-0.26501015
229109,L4/5 IT,-0.16060781,-0.021829296
116194,L2/3 IT,-0.29485238,-0.12669565
8100,VLMC,0.26755786,-0.5026403
116182,Astro,0.3171875,0.118036464
229395,L2/3 IT,-0.34050298,0.36811328
229591,L2/3 IT,-0.21551904,-0.10079582
8194,Astro,-0.0038223267,-0.27281514
116148,L4/5 IT,0.39708042,-0.28324774
100890,L2/3 IT,-0.025108159,-0.29677635
229342,L6 CT,0.13722497,0.08158745
101045,VLMC,-0.49797386,0.21838106
228676,L4/5 IT,0.1371187,-0.22558872
116248,Endo,-0.12860587,0.3268214
229337,Micro,0.048790812,0.13474496
116275,Lamp5,0.111844,-0.43890238
229605,L2/3 IT,0.08141816,-0.35568136
116283,PVM,0.17027205,0.18298055
116350,Micro,0.019453585,-0.16343813
100660,Endo,-0.22490865,-0.08271502
8015,L5 ET,0.18440646,0.0028365366
116385,L4/5 IT,-0.09004286,-0.023623932
116065,Endo,-0.45718837,0.40109497
116415,L5 IT,-0.13260412,0.21697225
229339,Oligo,0.4638732,-0.19975568
10243,L4/5 IT,-0.2314989,0.0067334883
101345,L5 IT,0.06668824,0.006955873
8806,Vip,-0.39646223,0.3599655
228115,L2/3 IT,-0.06785506,-0.24445356
9299,L6 CT,0.2873947,-0.06753327
9326,Oligo,0.2712745,0.017773163
115674,L5 IT,0.13466787,-0.15756051
117346,L2/3 IT,-0.13392049,-0.27474093
115672,L5 IT,0.03733772,0.35321802
228070,Endo,-0.46235734,0.023515057
9357,Lamp5,-0.376064,0.20689185
117351,L2/3 IT,-0.029298842,-0.2105255
117364,Astro,-0.44206548,0.34442955
9412,Astro,-0.4162488,0.29704708
230192,L2/3 IT,0.12044561,-0.25999403
101535,PVM,0.1658166,0.03640021
101585,L5 IT,-0.058767438,0.43271625
9473,L4/5 IT,-0.16939273,0.28391546
101587,L6 CT,0.073928,0.3536533
115604,L5 IT,-0.10470784,0.077167526
227904,L2/3 IT,-0.18244955,-0.22170599
227901,Endo,-0.14149457,-0.25361857
9498,L2/3 IT,-0.28156996,-0.039803434
230303,L6 CT,0.15186489,0.16792418
117328,Micro,0.02287072,0.28717273
228123,L6 IT,-0.02180183,0.15231599
230081,L6 IT,-0.0027121902,0.1377321
230043,Endo,0.14353228,0.20550545
229932,Astro,0.24400872,0.032402407
116820,Lamp5,-0.3696502,0.09946467
101418,L4/5 IT,-0.18464082,0.10486986
100211,L4/5 IT,-0.25681883,0.1991219
228434,L2/3 IT,-0.3849355,0.32293898
229959,L2/3 IT,0.36216033,-0.40106368
7663,L4/5 IT,-0.1187287,-0.07300781
229989,L4/5 IT,-0.19494694,0.46530098
8976,Micro,0.33962947,0.14311261
8996,L5 IT,0.08088219,-0.07642974
116722,L2/3 IT,0.46298534,-0.35698283
9006,L5 IT,0.47275096,-0.2387435
116906,L5 IT,-0.07313734,0.41771865
9046,Endo,-0.109148055,-0.06336807
117002,L2/3 IT,-0.073630214,-0.26530412
7612,L6 IT Car3,0.053900123,0.37430358
115746,Peri,0.19540405,0.20670243
9130,L4/5 IT,-0.014487803,-0.12824185
100194,Pvalb,-0.14935535,0.27798665
9184,Lamp5,-0.42586228,0.019974839
117157,L2/3 IT,0.07683694,-0.36247784
100169,Endo,0.22442895,0.3438365
100207,L2/3 IT,-0.36264682,0.2826674
6808,L2/3 IT,0.2729658,-0.43585232
226558,Peri,0.27661067,0.26921368
10245,Pvalb,-0.074639976,0.082035735
97779,Astro,0.014441431,0.036500227
119674,L2/3 IT,-0.33304748,-0.045453895
11752,PVM,-0.3191293,0.38500708
97741,OPC,0.0960688,0.34335464
6197,Pvalb,0.3341517,0.005436551
119718,L5/6 NP,0.17601568,-0.048147727
113797,SMC,0.15475202,-0.2641336
103317,L4/5 IT,-0.15958813,0.12742867
224460,Endo,0.19068915,0.34846467
119726,L6 CT,0.15314221,0.36224502
11932,L6 IT Car3,0.23861837,0.25065273
97684,Astro,-0.18540743,0.19013853
113769,L2/3 IT,-0.33164048,0.06165893
97682,L2/3 IT,0.19352925,-0.361027
11964,L2/3 IT,0.2054758,-0.35659534
6132,L2/3 IT,0.031156361,-0.27170917
232088,L6 IT,0.2651251,0.08095552
12033,Micro,0.027130187,-0.07049604
97676,Peri,-0.16784623,0.06700583
97622,PVM,-0.11430162,0.086780205
12155,Astro,0.008620381,-0.04955261
113814,SMC,0.15024775,-0.26931542
113818,Pvalb,0.061713338,0.040051114
6203,L2/3 IT,0.38127393,-0.39343092
113864,Micro,-0.32734054,0.012788784
11343,L4/5 IT,-0.2769606,0.19686384
114117,OPC,0.07468492,0.3234324
114113,L4/5 IT,-0.15469766,0.08149393
114052,L2/3 IT,0.1179257,-0.27105606
97970,Astro,0.47309965,-0.37849236
224851,Vip,-0.2781514,0.19052477
11396,L6 CT,0.14914137,0.1185254
113986,Micro,0.036810398,0.101717725
97938,Sst,0.005905807,0.28459793
97905,L4/5 IT,-0.11580989,0.1881686
113701,Oligo,0.2978459,0.10292144
113985,L6 IT,0.30605567,0.11780204
231878,L4/5 IT,-0.12396985,0.4313097
97822,VLMC,-0.49906373,0.1976902
11634,Micro,0.3603633,-0.037648816
11656,Oligo,0.10027236,0.25224245
103226,Astro,-0.16287944,0.46414763
113920,VLMC,-0.49302298,0.28376532
11691,L6 CT,0.187805,0.036080133
231897,SMC,-0.40285885,-0.010594536
119603,Astro,-0.026366144,0.32385147
103265,L2/3 IT,-0.35178578,0.39362282
103202,PVM,0.19123477,0.19290031
11321,SMC,0.21260417,-0.13794212
97611,Vip,0.08492875,0.08699216
6105,Pvalb,-0.034395605,0.18593879
97356,L6 CT,0.24452853,-0.025244582
103408,L6 IT,0.0019421577,0.12860842
6074,Astro,0.07960796,-0.4293459
12372,Lamp5,0.18810922,-0.08261974
232391,L4/5 IT,-0.265234,0.33461875
224005,PVM,-0.1986188,-0.24380346
113579,PVM,0.3997662,-0.23054628
223952,L6 CT,0.30448586,0.14828749
113558,OPC,0.3337345,-0.10127626
103465,L4/5 IT,-0.20282537,0.01724292
97269,Astro,0.30965286,-0.41830176
113531,L6 CT,0.33084768,-0.060245175
223906,Endo,-0.32796836,0.34909624
120191,Peri,-0.33934206,0.1916991
113509,L5 IT,-0.04678771,0.3080247
120230,L6 CT,0.38629413,-0.08954905
120251,OPC,0.41397846,-0.4872614
97198,L4/5 IT,-0.050355524,-0.1779048
223847,L4/5 IT,-0.25874865,0.24631973
120309,Peri,0.10029614,0.05603118
97122,L5 IT,0.18662107,-0.15038256
12371,Pvalb,0.27842742,-0.17211147
224109,L2/3 IT,0.34925884,-0.41350216
120068,L6 CT,0.103987515,0.29627007
113611,L4/5 IT,-0.18450809,0.29486644
232164,L4/5 IT,0.4199534,-0.33818012
97550,L4/5 IT,-0.20817533,0.28654218
232167,SMC,-0.49689826,0.118770674
224339,L4/5 IT,-0.27007142,0.08476968
119850,PVM,-0.20473713,0.4701569
113665,L2/3 IT,-0.31789052,0.07577659
12215,Peri,-0.36148122,0.06946255
119867,SMC,-0.103357375,-0.102809235
113650,Endo,0.27868783,-0.24392767
224299,L6 CT,0.19885415,0.3537135
224348,L4/5 IT,-0.26615977,0.034177195
97532,Astro,-0.18485728,0.11335136
12267,L2/3 IT,0.09364432,-0.2523796
232254,L5 ET,0.44813627,-0.10311063
119950,Endo,0.08911276,-0.098621234
12295,L2/3 IT,0.13017124,-0.3482561
6082,L5 IT,-0.10988158,0.26118487
119990,L6 IT,0.45385593,-0.15607886
119995,L4/5 IT,0.13594395,-0.19070531
120038,L5 ET,-0.047432363,0.33584756
97435,L4/5 IT,-0.23793599,0.10200538
12356,L2/3 IT,-0.37623346,0.359577
224230,Lamp5,-0.13276356,-0.29106265
120333,VLMC,-0.4852318,0.013365459
231787,Micro,0.016005993,-0.39952785
119295,Lamp5,-0.4172424,0.14777859
118648,Endo,0.13008338,0.16211225
226209,Sst,0.29560238,0.1621293
10613,Endo,-0.14426997,-0.3103422
98693,SMC,-0.49290815,0.2433696
118725,L2/3 IT,-0.34083527,0.05344982
118739,L2/3 IT,-0.3677625,0.0429932
118779,Lamp5,-0.36683834,-0.05554353
226038,Astro,0.39983243,-0.41971472
6585,L2/3 IT,-0.10012698,-0.22075011
6577,L2/3 IT,0.42518467,-0.4121713
102886,L4/5 IT,0.18864465,-0.23738681
226032,Astro,-0.21540233,0.043221306
239044,L2/3 IT,0.31996667,-0.3141248
114509,VLMC,-0.50051785,0.07385482
225952,L5 IT,-0.07803145,0.4077524
10650,L2/3 IT,0.26986164,-0.3415579
10652,Pvalb,-0.16423228,0.08965142
118802,L2/3 IT,-0.29922515,0.4023021
114491,Endo,-0.24453539,-0.08349423
118864,L5 IT,-0.084667206,0.14768405
231400,L4/5 IT,-0.13025028,0.44749975
226225,L4/5 IT,-0.18579438,-0.058877636
231270,Micro,0.14227772,0.22467484
231248,L5 IT,-0.035578847,0.2786677
10552,L4/5 IT,-0.13918623,-0.07379921
98891,Micro,0.38540602,-0.22238348
118546,L2/3 IT,-0.29594874,-0.13582711
10290,Endo,-0.2049334,0.026616108
10331,VLMC,-0.47625408,0.4217409
226518,L2/3 IT,0.017952204,-0.19743787
114760,VLMC,0.4628036,-0.5216816
6700,Endo,-0.08783403,-0.30808756
231116,L2/3 IT,-0.31506574,0.15354086
231165,L2/3 IT,-0.2458989,-0.15747319
102649,L6 IT,0.33106536,0.1953211
225820,L2/3 IT,-0.14514476,-0.28022218
98792,L6 IT,0.26680136,-0.0993786
6691,Endo,0.031034708,-0.21834023
118595,L4/5 IT,-0.11045191,-0.14208613
10514,SMC,0.43099594,-0.5163703
118597,L2/3 IT,-0.32176843,-0.0038452037
98777,L4/5 IT,-0.16834798,-0.09791838
118601,Astro,0.17530364,0.18192615
98764,L6 CT,0.37118948,-0.0056005605
226244,SMC,-0.3928251,-0.013548363
98741,Peri,-0.11921176,0.13928623
118628,L4/5 IT,-0.21399236,0.26421392
10441,L2/3 IT,-0.17097771,-0.16701023
119307,L2/3 IT,-0.1889261,-0.16959949
10747,L2/3 IT,-0.39093488,0.28409982
114490,L2/3 IT,-0.37387782,-0.017627645
225400,L2/3 IT,0.35811824,-0.40669638
11082,L2/3 IT,0.43224812,-0.40250713
11137,L2/3 IT,0.15465283,-0.3284272
231563,Endo,-0.11866099,0.40474135
11165,L5 IT,-0.06788352,0.4248376
11170,Pvalb,-0.27063835,0.13646497
11175,L2/3 IT,-0.34566382,0.41318953
225287,Endo,0.04842168,-0.19592498
11244,L2/3 IT,-0.30214944,-0.019085813
114310,VLMC,0.19296968,-0.48728916
231650,Peri,-0.3580874,0.07063253
130695,VLMC,-0.49824533,0.086187616
98184,L4/5 IT,-0.25546986,0.1145903
11253,VLMC,0.06793028,-0.45635572
11265,L4/5 IT,0.014044583,-0.14051472
114198,L6 IT,0.34020996,0.08828844
98168,L5 IT,-0.12890518,0.30671972
11270,Oligo,0.47807825,-0.35758275
231741,L2/3 IT,0.30009013,-0.43982092
11280,Peri,0.2462703,0.1893418
6368,Endo,0.12268436,-0.022225548
103111,Micro,-0.09837142,0.29517508
114332,L5/6 NP,-0.10440877,0.32514697
231540,L2/3 IT,0.24665225,-0.36750615
231518,Endo,0.25446796,0.33279556
231404,L2/3 IT,-0.37251574,0.29082865
10775,L4/5 IT,-0.25741684,0.096160725
118965,Sst,0.072508514,0.039079618
102901,L2/3 IT,-0.3848381,0.35274678
114463,L5 IT,0.37183845,-0.21924366
98391,Pvalb,0.27101547,-0.081646934
10788,Peri,0.12543058,0.37470615
119036,L2/3 IT,0.10836321,-0.30553368
119048,Endo,0.21977514,-0.32043564
225626,L2/3 IT,0.2644592,-0.38625067
98424,Endo,-0.12249279,0.13747133
225619,L2/3 IT,-0.02349773,-0.21442862
102926,L2/3 IT,0.058982134,-0.35119042
10835,VLMC,-0.4739116,0.37028545
10852,L2/3 IT,0.47025394,-0.4342935
10862,L2/3 IT,-0.29365718,0.39314514
225539,L2/3 IT,-0.24748614,-0.109981164
119059,Oligo,0.0037318468,0.109335914
231497,L2/3 IT,-0.38599795,0.18661453
10903,L2/3 IT,-0.26975214,0.44757777
119117,Pvalb,0.3260678,0.119179025
103085,L6 IT,0.18189591,0.013333272
10803,L4/5 IT,-0.29225534,0.14649637
3454,Peri,-0.20158419,0.11339976
123799,L6 CT,0.22503316,0.10243197
237306,L6 IT,-0.04289776,0.21419151
238295,L5 IT,-0.078038335,0.17235072
1842,L4/5 IT,-0.24103212,0.33596468
129516,Pvalb,0.108525574,0.18389578
88550,Astro,-0.41912687,0.06520094
214931,L4/5 IT,-0.1588383,-0.107852325
106600,L5 IT,-0.085347444,0.17919178
237014,L4/5 IT,-0.1516676,-0.074122265
90568,Micro,-0.46323386,-0.0011060722
237029,Astro,-0.39898393,-0.04548185
238267,L6b,0.3797906,0.15091152
90556,VLMC,0.47790623,-0.52763784
214912,Micro,-0.015421629,-0.36406344
127408,L6 CT,0.19584948,0.28408182
19213,L5 IT,0.0533216,-0.023597766
106645,L2/3 IT,0.055390835,-0.31793803
21540,L6 IT Car3,0.22396553,0.28866345
237052,L6 IT,0.13668293,0.11704107
127380,L2/3 IT,-0.3645538,0.013981771
127375,Astro,-0.022301704,-0.36121798
1875,L2/3 IT,-0.25367868,-0.17003496
236888,PVM,-0.17679685,0.4323542
19058,Peri,0.08133888,-0.3447178
88457,PVM,-0.33084577,-0.10318698
21597,L6 CT,0.34031093,0.11226441
129561,Endo,0.39932418,-0.3775196
19138,Astro,0.085033834,-0.03742199
88518,L4/5 IT,-0.29086953,0.053518068
791,Astro,-0.23068416,-0.15486966
826,Endo,-0.2832626,0.34851432
1925,L2/3 IT,-0.076723844,-0.16426025
1897,L4/5 IT,-0.24953052,0.26961273
215093,Astro,0.09909171,0.0027122013
90632,L6 CT,0.14008099,0.35888726
127321,Pvalb,0.16972399,-0.32145315
90624,Astro,0.030298412,-0.41777205
127336,L6 IT,0.029889703,0.07140614
108771,L2/3 IT,-0.40289858,0.18518211
214892,L5 ET,0.2277605,-0.05644207
127169,VLMC,0.41994905,-0.51496375
237058,L4/5 IT,-0.2409074,0.020478856
107412,SMC,-0.39749795,-0.013537932
19458,L6 CT,0.24031067,0.17347033
106702,Astro,-0.31758016,-0.17259826
90418,SMC,-0.38330466,-0.015550304
19543,L6 IT,0.42585522,-0.1514162
90389,VLMC,-0.5173849,0.35294557
127594,PVM,-0.16550943,0.072195366
90366,Astro,-0.045282185,-0.12768649
237154,L5/6 NP,-0.09774205,-0.0045816787
19582,L2/3 IT,-0.08497518,-0.20946218
238218,L2/3 IT,-0.0071920156,-0.31778598
108910,L4/5 IT,-0.20663372,0.36735135
90361,SMC,0.19808167,-0.48865658
90336,Pvalb,-0.017892182,0.27322435
19604,OPC,-0.100545526,-0.12503569
237174,SMC,-0.35011294,-0.012091029
106732,Astro,0.06559706,-0.20048864
21440,L5 ET,-0.07333788,0.11364408
214704,L6 IT,0.15992606,-0.005381573
127536,VLMC,-0.4939142,0.24628182
129384,Astro,-0.27652118,-0.18412988
110030,Micro,-0.20178539,-0.3588273
127488,Oligo,0.2524044,-0.14698161
21506,OPC,0.40514314,-0.1362717
19233,L6 IT,0.2962433,-0.15042423
19234,Astro,-0.09054011,-0.06915064
109981,L4/5 IT,-0.121290624,0.4275638
90481,Endo,0.40466976,-0.32296425
1756,Endo,-0.10144588,-0.01883613
212123,L2/3 IT,-0.32419902,-0.11428015
849,PVM,-0.123456955,0.379521
212164,Oligo,0.15419471,-0.10849477
19341,Oligo,0.07569176,-0.117332265
129413,SMC,-0.08974868,0.20215012
238241,Astro,-0.46879554,0.16988124
214742,L2/3 IT,-0.26805878,-0.16788803
109955,L6 CT,0.1495434,0.27060288
90451,L6 IT,0.18465328,-0.059329648
1795,L4/5 IT,0.2434665,-0.24302281
237208,Endo,0.4498651,-0.14768253
127154,Micro,-0.12462804,-0.30847234
238348,Astro,0.21646613,0.19467427
126759,Oligo,0.02005148,0.19587655
2256,PVM,-0.027151406,-0.42549717
129906,Pvalb,-0.25601712,0.33637983
211789,Endo,0.035399437,0.08982666
640,L2/3 IT,-0.21214777,-0.08544122
215627,Endo,-0.4764412,0.34481102
215626,Astro,0.40240806,-0.32179415
609,Astro,0.19798875,-0.19040866
649,Astro,-0.44842148,0.3870111
106311,VLMC,-0.035260618,-0.41861746
110356,L2/3 IT,-0.31214157,-0.11450718
211816,Endo,0.0018094182,0.3816977
2227,L6 IT,0.1961475,-0.019483078
107532,Oligo,0.3692249,0.09833975
106351,OPC,-0.4808165,0.2151847
211823,L2/3 IT,0.22687095,-0.3640475
21780,L6 IT,0.20986354,-0.07560213
129918,L4/5 IT,0.2748003,-0.27805105
91105,L2/3 IT,0.015877008,-0.31585312
211743,Endo,-0.04852712,0.276204
215868,L5 IT,0.38414896,-0.19175376
2381,L6 IT,0.0060929656,0.0896423
21876,Sst,-0.26331356,0.30107743
106263,L2/3 IT,0.1998986,-0.29639694
91221,L5 ET,-0.019691765,-0.0182495
88174,Astro,-0.2102117,0.032091092
236541,VLMC,0.32340223,-0.5109148
369,PVM,-0.18662766,-0.3227762
215811,L4/5 IT,0.21791106,-0.24216004
126727,L2/3 IT,-0.29458588,0.024650585
106272,Endo,0.34243333,-0.2848735
110432,Astro,0.037884176,0.22449805
215751,Sst,-0.24144891,0.32572865
211688,VLMC,-0.497985,0.05083276
88205,Astro,0.33186752,-0.34660017
215742,Oligo,0.26203376,0.05637337
88211,L5 IT,0.42489576,-0.25627226
215394,Endo,-0.018384308,0.12291624
211999,L4/5 IT,0.1679669,-0.21209796
211837,L4/5 IT,-0.23858213,0.19523205
129774,L2/3 IT,-0.4141811,0.099824384
215316,Sst,-0.13752228,0.045194577
108734,SMC,-0.31282932,-0.061487872
211944,L5 ET,0.058710873,-0.088499054
215298,VLMC,0.45427203,-0.52104723
106457,L5 IT,0.04249543,0.3537553
215290,L5 IT,-0.018394083,0.00011004135
106539,Astro,-0.2626683,-0.0977595
90875,L2/3 IT,-0.41756883,0.18866362
90723,L2/3 IT,0.1440435,-0.27667305
215262,L6 IT,0.3042705,0.08697219
211957,OPC,0.15085119,-0.08574699
107474,L6 CT,0.22695333,0.13451697
90679,L2/3 IT,0.106234014,-0.26798025
127108,L2/3 IT,-0.31626654,0.20350952
19032,L4/5 IT,-0.053631157,-0.14439093
236862,Astro,0.05789137,-0.06731959
1997,L2/3 IT,-0.16530323,-0.25497317
126992,L4/5 IT,0.23526835,-0.24271859
238407,L6 IT,0.023002088,0.018485319
126991,L2/3 IT,-0.38349295,0.0154217
236678,L2/3 IT,-0.06419951,-0.23360442
236700,L4/5 IT,-0.27405274,0.21045668
126909,VLMC,-0.45913106,-0.049461383
2129,SMC,0.15936834,-0.1707731
110216,L5 IT,-0.05233285,0.2527697
129737,L6 IT,0.2987119,-0.0927314
129695,Lamp5,-0.13683414,-0.2843209
107531,Astro,-0.06804559,-0.31786862
126927,L2/3 IT,-0.31209168,-0.09378873
238446,L4/5 IT,0.082107484,-0.18331967
129670,L4/5 IT,-0.26756552,0.32183796
236734,PVM,-0.42952284,0.46657342
238436,Endo,-0.2086223,0.2246172
211932,Endo,0.3725947,-0.21311714
236737,L2/3 IT,-0.24249327,-0.17940931
126979,L2/3 IT,-0.05448866,-0.2558251
126980,L5 IT,-0.019503117,0.2292303
126884,Vip,-0.31227893,0.42418265
91494,L5 IT,-0.04464531,0.39849848
19640,L6 IT,0.20363677,-0.09797351
21428,Lamp5,-0.27102518,0.109883204
109167,L6 IT,0.020318568,0.37206435
212759,L2/3 IT,-0.22888696,-0.19194014
212768,Endo,-0.10705206,0.24484588
237522,Endo,-0.1572235,0.41757858
128636,L6 IT,0.009949923,0.21644892
212772,L2/3 IT,-0.30124283,0.19286992
20505,L5 IT,0.3310172,-0.22038333
128583,L2/3 IT,-0.034540623,-0.2938079
20994,Micro,0.39435548,-0.343833
1360,VLMC,-0.4994978,0.20607229
213405,Endo,0.2840228,-0.19418724
20536,L4/5 IT,-0.24232244,0.35817045
20550,Astro,-0.27599144,0.023214351
213356,L4/5 IT,-0.17538336,0.36772454
1100,Micro,0.19348198,-0.45095453
128657,L4/5 IT,0.3808596,-0.2421379
20983,Endo,0.036458254,0.25307763
1046,L6 IT Car3,0.27520466,0.22763552
129018,L4/5 IT,-0.23916674,0.30142248
128570,L4/5 IT,0.23906505,-0.24318014
20341,Endo,-0.24495319,-0.099833414
212600,Endo,-0.056901425,0.32835126
213652,SMC,-0.46842715,0.3987012
213638,L4/5 IT,-0.23424745,0.35339886
89608,L5 IT,0.06283772,-0.1487499
106781,Oligo,0.25159454,-0.13858248
20414,L2/3 IT,-0.33744782,0.4377696
129039,L2/3 IT,0.45126814,-0.36091954
128502,Vip,0.40812284,-0.27034494
213589,Micro,-0.3381198,-0.15152149
109120,Peri,0.42388928,-0.26965034
88798,L2/3 IT,-0.15057531,-0.17527531
20456,L6 CT,0.26534396,0.32669145
129021,L5/6 NP,-0.111472964,0.34922016
109425,Endo,-0.34318876,0.1875555
212701,L6 IT,0.41081625,-0.14788412
20472,Vip,-0.051313043,-0.2295958
213293,OPC,-0.10474557,-0.3634163
1005,VLMC,-0.4966111,0.22831787
107236,L2/3 IT,-0.38401246,0.32567447
128689,L2/3 IT,0.03762275,-0.30618823
128829,L4/5 IT,-0.2024408,0.1374938
107218,VLMC,-0.21709487,-0.3088772
128980,L4/5 IT,0.34477717,-0.27504596
107185,Astro,-0.250476,0.3363933
89076,L2/3 IT,-0.1803559,-0.22219162
237659,L6 IT Car3,0.19415557,0.32280242
128970,Astro,-0.07417658,-0.36332655
213106,L6 CT,0.21347582,0.19104405
128882,Micro,0.17396098,0.08924462
128892,Micro,0.19911295,0.33299887
128922,L6 CT,0.020088434,0.1765879
20758,L2/3 IT,-0.32193038,0.021855187
109211,L5 IT,0.30701053,-0.2008755
213003,L4/5 IT,-0.22890651,0.29997748
89011,Oligo,-0.2342734,0.27258533
1250,L6 IT,0.33100623,0.2131734
107105,Endo,0.04885602,-0.03455903
89149,Oligo,-0.39679378,-0.104229435
213156,L4/5 IT,-0.1388329,0.46489692
212920,L6 IT,0.121789455,-0.04600503
89342,L5 ET,-0.061852038,0.12985648
128706,L2/3 IT,-0.33177483,-0.08291237
213271,L4/5 IT,-0.29297632,0.15604384
212820,L2/3 IT,-0.339506,0.32405794
88933,L5 IT,0.323191,-0.21031998
20587,L6 IT,0.3725689,0.19436522
89223,OPC,0.35182488,-0.48003
237758,L5 ET,0.07096076,0.11300631
1192,L4/5 IT,-0.20355198,0.05405171
212880,Endo,0.107480764,-0.23016448
128783,L5 ET,0.004460931,0.3672591
20633,Astro,-0.30866098,0.113332346
109336,L2/3 IT,-0.3145769,0.45264184
213206,L6 CT,0.38735467,-0.056182552
128985,L2/3 IT,0.15801644,-0.3022061
1281,L4/5 IT,0.47130412,-0.29933807
213184,L6 CT,0.1563074,0.32884753
212815,L5 IT,-0.080714315,0.09830524
88613,Astro,0.41202414,-0.49394134
237939,Pvalb,0.40333074,-0.39519805
89611,Endo,0.10846734,-0.46128196
106743,L4/5 IT,-0.28242254,0.19859983
106748,Astro,0.2705096,-0.23247446
1652,OPC,0.47456443,-0.22659124
109749,L6 CT,0.3675682,-0.13224073
214104,L2/3 IT,-0.35304374,0.28286582
20011,Astro,-0.23468769,0.02438004
90143,L4/5 IT,0.09657496,-0.21761648
19902,Pvalb,0.14031893,0.04345466
924,L6 CT,0.2823339,-0.05346586
20040,Pvalb,0.13936543,-0.0051921494
129214,Astro,-0.33591735,0.16663404
128048,L2/3 IT,-0.34909263,0.13637169
107341,L2/3 IT,0.1344316,-0.282076
109715,L4/5 IT,-0.10396367,-0.1370927
934,L5 ET,0.009311318,0.34937102
21304,Micro,-0.070017755,-0.11187945
90141,L4/5 IT,-0.13535231,0.24700649
19893,Endo,0.29463917,-0.24118473
90165,L6 CT,0.065205336,0.092008665
19874,L4/5 IT,-0.28606695,0.16864629
90320,L4/5 IT,-0.23688948,0.23933657
214411,L2/3 IT,-0.312941,0.040735375
127764,PVM,-0.46036223,0.060480546
127765,L6 CT,0.22870481,0.031698417
891,L2/3 IT,-0.18864897,-0.19005884
19693,L2/3 IT,0.31799287,-0.33855003
238158,L6 CT,0.24713945,-0.0063267834
127841,L2/3 IT,0.052446663,-0.33575308
1668,L4/5 IT,-0.13625291,0.35378796
106733,L4/5 IT,-0.082536966,-0.028073717
90227,L2/3 IT,-0.28288856,-0.13937731
88637,L6 CT,0.11684531,0.27660763
108917,L4/5 IT,-0.24062163,0.4005447
1653,L2/3 IT,-0.19360787,-0.13299398
237279,Astro,-0.36985064,0.44299668
19867,L2/3 IT,-0.24228296,-0.18243466
214233,Astro,0.09285951,-0.4378672
21301,L2/3 IT,0.39427626,-0.32775983
20330,L5/6 NP,-0.07247853,0.37170708
129210,Pvalb,-0.024052143,-0.2679943
212402,L5/6 NP,0.2390241,-0.026368547
20157,SMC,-0.15001577,-0.14943166
20193,L2/3 IT,0.13936913,-0.3000244
129122,L5 IT,0.26374114,-0.17095806
237425,Oligo,0.38218707,-0.25171283
237431,Endo,-0.13421682,-0.09126125
109581,Endo,-0.45085227,0.0223235
89654,L2/3 IT,-0.30457562,0.17322548
129126,L4/5 IT,-0.13977963,0.4384312
89638,L6 CT,0.398888,-0.04232504
109047,L4/5 IT,-0.29974067,0.127203
213732,Endo,0.38053483,-0.36107066
20313,L6 IT,0.0034134388,0.025184166
237445,L6 IT,0.29927123,0.027654361
213706,Sst,0.15949672,-0.12049653
89627,L6 IT Car3,0.20865273,0.2936051
987,L4/5 IT,-0.21004948,0.12948151
107325,L6 IT,0.34630543,0.13516714
213804,L2/3 IT,-0.26943004,-0.108554766
128334,L2/3 IT,0.3827001,-0.3473653
109629,Oligo,0.027828872,-0.17049931
21235,Astro,0.17128098,-0.30423832
89978,L2/3 IT,0.30098116,-0.3524565
213975,L2/3 IT,0.100964785,-0.32070166
88666,L5 ET,0.025883138,0.22962339
89874,L6 CT,0.36706406,-0.009906519
212434,L5/6 NP,-0.10036653,0.16275658
237395,Sst,0.34187716,-0.12849908
213918,Pvalb,-0.030900598,0.44514674
89859,Astro,-0.256696,-0.20683588
212455,L6 IT,0.3856256,-0.16545568
88678,Peri,-0.22791615,-0.008436192
213853,L5 ET,0.16796672,-0.1748745
213840,Astro,-0.18114546,0.36557782
108965,Astro,-0.15472975,-0.29151177
213839,Oligo,0.16994578,-0.0133618
108973,Astro,-0.18753177,0.07275124
129141,Oligo,0.42944008,-0.12841003
238054,PVM,-0.23115382,0.036174607
238589,L6 IT,0.19016969,-0.027753163
2135,Pvalb,0.2186228,0.13106968
211561,L2/3 IT,-0.13195357,-0.26039425
210909,SMC,0.019646764,0.26890397
22344,Endo,0.37611753,0.042906415
235976,Oligo,0.112844944,-0.0028895624
92326,Micro,-0.099747956,-0.31915474
130403,L4/5 IT,-0.18783975,0.30827397
217052,L2/3 IT,0.1902098,-0.37753236
105563,L6 IT Car3,0.23304474,0.3179713
92297,Endo,-0.42484072,-0.03281041
111251,L4/5 IT,-0.17846671,0.28284943
3016,SMC,-0.1084227,0.29591942
17839,Endo,0.10918683,-0.24544202
217035,L2/3 IT,0.2593724,-0.40844053
210950,Endo,-0.14796388,-0.21373384
92254,L6 CT,0.21966851,0.10991205
217000,VLMC,-0.49541506,0.27072716
3064,L2/3 IT,-0.3828024,0.2084526
92335,Micro,-0.093999386,-0.27608427
111296,Oligo,-0.08852646,-0.14727218
105541,L2/3 IT,-0.33254233,0.12441833
92589,L2/3 IT,0.45274502,-0.4240202
217363,Oligo,0.2663709,0.33971405
107824,Astro,-0.11781153,0.29960984
235869,L2/3 IT,-0.100617856,-0.17101298
105516,L6 CT,0.3328635,0.16681857
217355,L2/3 IT,-0.0485844,-0.28464085
125537,Endo,-0.23320097,0.43641454
210962,Astro,-0.14330307,-0.2340224
111308,L6 IT Car3,0.22100663,0.30176073
92475,L2/3 IT,-0.22554162,-0.07271342
108268,L4/5 IT,-0.16987544,-0.010246564
210888,L2/3 IT,-0.34613597,0.11803676
3100,L6 IT,0.20040059,0.20957841
125616,L5 ET,0.2704115,-0.07707034
125617,L2/3 IT,0.13986391,-0.3934933
125619,L2/3 IT,-0.3238607,0.42583328
111303,L2/3 IT,-0.064897805,-0.25290918
17554,L2/3 IT,0.34909147,-0.45953476
236018,Astro,-0.45683977,0.053091835
125811,Micro,-0.42145088,0.34456593
108317,L4/5 IT,0.12935925,-0.2088127
18036,OPC,-0.12911665,-0.08224584
22238,Lamp5,-0.20342427,-0.27230737
105737,PVM,0.44314176,-0.3983451
236200,L5 IT,-0.06183061,-0.03620391
2755,L2/3 IT,0.35516697,-0.4333096
22237,L4/5 IT,-0.19837913,0.15554859
238742,L6 CT,0.30123693,0.07044925
126023,L2/3 IT,0.37330747,-0.43974417
216523,L5 IT,-0.10254213,0.43181384
18117,L6 CT,0.150294,0.3308215
87781,L5 IT,-0.1071032,0.44685698
126028,Micro,0.22857618,0.0039101355
111041,L2/3 IT,-0.14428037,-0.18534745
126034,L2/3 IT,0.04824853,-0.2839598
105731,L4/5 IT,0.39062536,-0.2577609
111182,L6 IT,0.014211535,0.13928802
111184,Micro,0.15140253,-0.44124472
211056,L4/5 IT,-0.28232563,0.13810243
125818,L2/3 IT,-0.22374567,-0.18351878
92166,L5 IT,-0.07855311,0.024543118
216904,SMC,-0.4925959,0.23543532
110481,L5 IT,-0.09581727,0.36381793
17938,L2/3 IT,-0.40551454,0.052749347
125823,Astro,0.29812986,0.065231755
105587,L2/3 IT,-0.07153067,-0.2035654
87766,Lamp5,-0.27980596,0.13205154
236089,L4/5 IT,-0.26057893,0.39693183
130318,Pvalb,0.10744864,-0.07436006
111187,L2/3 IT,-0.41362947,0.06632437
92133,Pvalb,0.009765804,0.03818203
92099,L6 CT,0.20713156,-0.03716566
92077,VLMC,-0.50292706,0.18019749
2893,Endo,-0.40251166,-0.07778178
2892,Oligo,0.12993366,0.30648845
216710,L5 IT,-0.085605145,0.32503647
91984,Pvalb,-0.076042205,-0.04379933
108225,L4/5 IT,-0.19936097,0.3807124
125519,L2/3 IT,-0.40373826,0.0383227
124952,VLMC,-0.4749471,-0.024814773
87469,L4/5 IT,0.36583036,-0.29104012
235553,L5 ET,0.22974354,-0.14740355
3405,Astro,0.15958333,0.1990275
107876,Astro,-0.2891528,0.12791403
125004,Vip,-0.20693994,0.11395426
87476,L5 IT,-0.06909874,0.17843015
3356,L2/3 IT,-0.025919795,-0.32260376
22501,Micro,-0.40168488,0.20361729
17157,L6 IT,0.14584619,0.009825956
111506,Astro,0.08543944,0.25043565
235741,L2/3 IT,-0.14559537,-0.13841201
17199,L6 CT,0.281487,0.027850341
22497,L5 IT,0.04700631,-0.12221493
210676,VLMC,0.3147828,-0.5054042
210631,L5 IT,0.10864347,-0.086134866
105389,L5 IT,-0.16139358,0.1852928
17070,Pvalb,-0.22625422,0.11667229
93184,Endo,0.45895588,-0.04167201
124834,L2/3 IT,-0.31006086,0.43106246
210546,Astro,-0.15322036,0.29188102
93260,OPC,0.0061783195,0.24228401
218192,L2/3 IT,-0.11336693,-0.21243487
124898,SMC,-0.38312152,-0.012927044
108065,L6 IT,0.17513037,0.027787637
238994,L2/3 IT,-0.4010783,0.115666464
210684,L6 IT,0.086664736,0.29347312
218180,SMC,-0.3754691,-0.013298143
124900,L2/3 IT,-0.069375604,-0.27629
22568,L5/6 NP,0.47569954,-0.14802282
124901,Pvalb,0.16602176,0.0721599
93202,VLMC,0.1441173,-0.47849292
124924,L6 IT,0.20010346,0.2707752
218025,L2/3 IT,-0.37525386,0.1808305
17065,L2/3 IT,0.20849955,-0.41050866
218168,L4/5 IT,-0.015856862,-0.20204757
235865,PVM,-0.4953599,0.209816
17231,L4/5 IT,-0.20629239,0.12279512
22496,L6 CT,0.17447299,0.10619201
22401,Peri,0.27188426,-0.49972236
17404,L4/5 IT,-0.2708705,0.1008863
238884,L6 IT,0.35363036,0.041674804
111379,SMC,-0.49973294,0.124075666
17412,L4/5 IT,-0.27636886,0.14494212
92689,L2/3 IT,-0.3726403,-0.02966984
87663,L6 CT,0.26080698,0.07915343
217550,L5 IT,0.005285859,-0.022002745
217497,L4/5 IT,0.12268847,-0.26874322
3156,OPC,-0.05294025,-0.3460147
17416,L4/5 IT,0.059995353,-0.1837392
17455,Astro,0.27025807,0.12590535
17464,L6 CT,0.10075539,0.2460301
238864,L6 CT,0.16268367,0.25235075
210874,L4/5 IT,-0.20891425,0.39628762
130460,Endo,0.20998347,-0.42962104
178,Peri,-0.36548388,0.28965336
3196,L6 CT,0.06088066,0.026548576
87586,L2/3 IT,-0.3791506,0.13807108
92985,Astro,0.030561924,0.38363886
17303,L2/3 IT,0.1658234,-0.40974167
217768,L6 CT,0.26850027,0.3271284
111492,Pvalb,0.43676364,-0.1687691
17312,L5 IT,-0.09468889,0.4125629
87528,L5 ET,-0.07314989,0.21175213
92941,L2/3 IT,-0.02277124,-0.31180117
235760,L2/3 IT,0.42421055,-0.40642866
107872,L5 IT,0.40775973,-0.25276417
217726,Endo,-0.4296294,0.10323347
22438,Vip,-0.29080322,0.22843476
17335,L2/3 IT,-0.14644784,-0.24984814
162,L5 ET,-0.052954942,0.4472695
107867,L4/5 IT,0.19244248,0.28299922
108187,L5 IT,-0.10861158,0.2218404
92796,L4/5 IT,0.14929587,-0.19818531
217734,L5 IT,0.0278126,-0.044900317
211131,Oligo,0.14463872,0.12544204
108314,Endo,-0.03988996,0.09859307
20762,Micro,0.42858762,-0.1481698
110852,Endo,-0.043280065,-0.2417254
236319,L2/3 IT,-0.41076472,0.08203365
106233,Peri,-0.31176752,0.18087728
107587,Endo,-0.21115002,-0.20489116
91892,L6 CT,0.23174101,0.06815334
87890,L4/5 IT,-0.010160923,-0.1537245
91925,L2/3 IT,-0.35670233,0.2631024
91662,L4/5 IT,-0.30166084,0.29040474
22010,L2/3 IT,0.089859605,-0.29855743
130240,L6 CT,0.09152949,0.20637198
215937,SMC,0.42151666,-0.044106532
236278,L2/3 IT,-0.34953836,0.30698204
110889,PVM,-0.43205494,0.46493894
91609,Astro,-0.11569998,0.015138399
211209,L6 CT,0.25431275,0.1632032
216244,L2/3 IT,-0.19278246,-0.074689105
18189,L2/3 IT,0.22459233,-0.29465765
22097,Sst,-0.31004792,0.088411644
215925,Micro,-0.37212226,0.26448143
88061,L5 IT,-0.002744019,0.03512902
236461,L2/3 IT,-0.09156668,-0.2568026
105808,L5/6 NP,-0.014567792,0.044388782
88083,L2/3 IT,-0.389661,0.042488348
236443,L6 IT Car3,0.0073999166,0.28068966
106236,VLMC,-0.4935998,0.25826418
110529,L6 CT,0.06981683,0.2751727
22096,Endo,0.10753286,0.30020648
216050,L6 CT,0.124873996,0.2566781
107648,Pvalb,0.2707296,-0.37840825
110827,L5 ET,-0.031111956,0.14577354
2490,L6 IT,0.29245782,0.02932943
106032,L2/3 IT,-0.11179009,-0.23836438
105996,Astro,-0.09646541,0.466506
18510,L6 IT,0.259282,0.21470614
130144,SMC,-0.4531787,-0.070770785
126312,L4/5 IT,-0.19583789,0.43893743
18554,L2/3 IT,-0.358665,0.10162754
126301,Oligo,0.3180617,0.09511675
108474,L6 IT,0.13234675,0.34545213
211,Micro,-0.17444676,-0.083789006
126338,L2/3 IT,-0.052661747,-0.32008898
2551,L2/3 IT,-0.0056936145,-0.2811464
88030,L2/3 IT,-0.21620417,-0.19506957
126377,Astro,-0.30549467,-0.1531312
91801,Micro,-0.10473028,0.32152164
126258,L6 CT,0.32536453,0.034470033
211306,L4/5 IT,-0.23621687,0.33230567
215977,L6 CT,0.19141763,0.08003326
110654,L5 IT,0.20265579,-0.20069419
211370,L2/3 IT,-0.36097485,0.30086768
107628,L2/3 IT,0.34680647,-0.3274932
18148,Astro,-0.19552037,0.22457488
238629,L5 ET,0.29911232,-0.18220998
215873,L6 IT,0.33704364,-0.11621587
126098,Sst,-0.23658803,0.4518938
236477,L2/3 IT,0.053108454,-0.35712722
22200,OPC,-0.023064286,0.039264392
110966,L2/3 IT,0.19812536,-0.33747643
2434,L4/5 IT,-0.21467423,0.3285256
126127,L2/3 IT,0.10829681,-0.37924114
105740,Astro,0.023030937,0.13937731
238740,L5 IT,0.04627639,-0.10378535
211534,Micro,-0.040231526,0.3467422
110988,OPC,0.015328348,0.10494746
91539,L2/3 IT,0.39135706,-0.42255014
2387,Micro,0.09137541,-0.10027872
105803,L6 CT,0.35237503,0.010304939
211512,Astro,0.37792462,-0.40591967
236501,Endo,-0.014362574,-0.11401968
130247,Astro,-0.02939272,-0.12638752
321,VLMC,-0.4789545,-0.02128147
130276,L6 CT,0.18609369,0.2515335
88132,L2/3 IT,-0.19273636,-0.09313317
211137,L2/3 IT,-0.15901905,-0.23932232
108457,Astro,0.06678951,-0.42144656
216316,L2/3 IT,-0.34207094,-0.066086814
91543,L4/5 IT,-0.20783138,0.2602417
130016,Astro,-0.34104675,-0.10374938
216283,L5 IT,-0.09609315,0.101496354
