,cell_class,coord_X,coord_Y
18455,L2/3 IT,-0.13117686,0.32178771
11459,Endo,0.1738233,-0.30717948
176500,L5 IT,-0.144802,0.14644349
164736,L4/5 IT,0.37736386,-0.0015747547
10965,PVM,0.2553153,0.31873077
251289,L5 IT,-0.021367759,-0.019204736
169995,L6 IT,0.20578372,-0.15590161
672,L2/3 IT,0.24971974,0.28733146
71311,L2/3 IT,0.21911937,0.32225156
72560,L5 IT,-0.09016651,0.070456445
17586,L4/5 IT,0.1889975,0.16905046
23368,Oligo,0.0019747019,-0.27418327
180379,L5 ET,-0.224228,0.17331749
164697,Vip,0.32383555,0.2507097
240379,Oligo,0.11560148,-0.3278517
249191,Endo,0.0152385235,-0.24354321
167881,VLMC,0.34477937,0.24900836
232060,L2/3 IT,0.4139712,0.10339987
250246,Endo,0.11062026,0.41258353
17757,Endo,0.2789749,0.17519581
78437,Vip,0.3427295,-0.11657485
250409,L2/3 IT,0.17174488,0.3193612
20923,L6 CT,-0.02607721,-0.13991901
74127,L4/5 IT,-0.23930874,0.31593788
175490,L6 IT,-0.083131045,0.041983783
68923,L6 CT,0.23279017,-0.3262933
74236,L5 IT,0.2726859,-0.08923662
212571,L5 IT,-0.29700637,0.1479038
27199,L5 IT,-0.28119963,0.106747866
179101,Endo,0.34038568,0.288225
72029,L6 CT,-0.09426001,-0.0017942786
180648,L2/3 IT,-0.19637805,0.39671326
213567,L2/3 IT,0.22321069,0.2978636
160361,OPC,0.40703672,0.14139771
160348,L2/3 IT,-0.14648736,0.43286586
176540,L4/5 IT,-0.17240411,0.32660693
77017,L5 IT,0.31826293,-0.05058387
174611,L4/5 IT,-0.15993422,0.28501672
182956,Oligo,-0.07415375,0.038188875
167766,L6 CT,0.24439871,-0.21771318
168085,Oligo,0.06551373,-0.2568848
233427,L4/5 IT,-0.1493797,0.30532926
168109,L4/5 IT,-0.17747697,0.31490588
18289,L6 IT,-0.2796219,0.11732483
185609,Endo,0.1290785,0.41406196
27299,Astro,-0.19579926,0.40968573
177052,L5 IT,0.04717815,0.12738603
175536,Oligo,0.054746926,-0.25281224
168024,L6 CT,-0.077978134,0.008359075
78541,Pvalb,-0.15007785,0.27195096
180636,L6 CT,0.1324836,-0.14754814
235277,L4/5 IT,0.3565771,-0.014426261
240188,L4/5 IT,-0.18639287,0.3898279
76993,L5 IT,0.07938111,0.10761458
164580,Lamp5,0.013388097,0.3438145
275985,L2/3 IT,-0.18049121,0.34911865
71560,L4/5 IT,0.10057157,0.17548698
215276,L6 CT,0.2258609,-0.28284597
185578,Oligo,0.1249724,-0.27031842
168183,L5 IT,0.03744155,0.0071470737
164633,L6 CT,0.25124788,-0.28436828
177917,L4/5 IT,0.40439296,-0.009068221
232517,L4/5 IT,0.26421833,0.101241946
176573,L5 IT,0.19584244,-0.057816535
185513,Sst,0.4717949,-0.026247233
19650,Oligo,-0.051993847,-0.222644
76004,Endo,0.34947628,0.06816
168167,Oligo,0.121691465,-0.12069008
173373,L4/5 IT,-0.15811935,0.34162152
167655,Endo,0.15488797,-0.11652604
173374,L4/5 IT,-0.035116285,0.15973872
71397,L6 IT,-0.44387588,0.06680977
173273,L6 CT,0.21372557,-0.14033726
23483,L6 CT,0.12927097,-0.2220673
27237,L4/5 IT,0.27379912,0.13304967
179012,L2/3 IT,0.090328395,0.29516572
68918,Oligo,0.10895294,-0.17226008
168162,L2/3 IT,0.22717422,0.2780761
75954,Oligo,0.15464109,-0.27878082
174711,Astro,0.1953997,0.36311638
215015,L5/6 NP,-0.22905275,0.24117666
23287,VLMC,0.2363345,0.40903407
267734,L4/5 IT,0.22801,0.108789265
213100,Oligo,0.010968387,-0.27211076
17984,L5 IT,-0.10566616,0.0049037337
267551,L2/3 IT,0.089191675,0.3594013
232848,Micro,-0.086606055,0.22669446
78472,PVM,-0.17759147,-0.11332446
75874,L5 IT,0.08227348,0.09920609
238677,Oligo,-0.03450471,0.0010021329
177601,L6 CT,0.295933,-0.17452103
20852,L2/3 IT,0.13402653,0.29849517
27338,L4/5 IT,0.43469906,-0.07079369
164660,L5 IT,0.05139959,0.11956173
243206,L6 IT,0.3018242,-0.18896618
167859,L6 CT,-0.041871727,-0.09133229
250934,Astro,-0.35296267,0.067003965
183101,L2/3 IT,0.13518053,0.28745443
75942,Oligo,0.03439492,-0.23899585
267670,L6 IT,0.032460332,-0.04332918
231520,L4/5 IT,0.39076644,-0.0468027
70400,L2/3 IT,0.14918703,0.25507003
278241,Oligo,0.08164197,-0.343459
23408,Astro,0.12208849,-0.3220274
180381,Oligo,-0.11958733,-0.1768274
185587,Oligo,0.06208831,-0.31206018
17077,Astro,-0.1431106,-0.08936033
70366,L2/3 IT,0.38260633,0.19621313
231172,L5 ET,0.24094135,-0.10577297
183004,Oligo,0.041337907,-0.2554939
17711,OPC,-0.19770369,0.074352264
170093,Oligo,0.033994496,-0.33724523
168073,L6b,0.092036724,-0.24951404
11757,L6 CT,0.15885437,-0.158683
78620,L6 IT,0.025301576,0.0027573109
275542,L5 ET,-0.11428732,0.15231752
20216,L5 IT,0.02123952,0.021220744
180662,L6 CT,-0.017682612,-0.035777837
179002,L4/5 IT,-0.1652349,0.27939636
173105,Astro,0.086640954,-0.14065081
16511,L6 CT,0.23227358,-0.23386028
74145,L5 IT,0.042596042,0.102472365
23506,L5 IT,0.2028572,0.06131643
185531,L6 CT,-0.39020482,0.0865159
276760,Endo,0.13413829,0.2271083
277258,Oligo,-0.39594227,0.043759286
183058,L6 CT,0.07725823,-0.15288123
229644,Micro,0.28405654,0.25506186
277163,L6 IT,-0.12914684,-0.063741446
233352,Oligo,-0.23056492,0.23723507
174745,L6 CT,0.09580052,-0.13011816
181208,OPC,0.20343739,0.39091158
183129,L5/6 NP,0.1698013,0.020780325
167773,Oligo,0.09436464,-0.31696072
250126,L2/3 IT,0.37084538,0.12254727
68945,Endo,0.1120559,-0.013911575
182298,Endo,-0.050761312,-0.03275168
167731,Oligo,-0.24306586,-0.114967346
78609,Oligo,0.042621017,-0.2720186
229614,Astro,-0.046386182,-0.002603203
164609,L5 IT,-0.22254992,0.3296069
10964,L5 IT,0.07635498,0.0090171695
27257,L5 ET,-0.30212113,0.20106101
78458,L2/3 IT,0.21744221,0.28915668
231119,L5 IT,-0.2892565,0.22667986
173076,L4/5 IT,0.17442352,0.09503472
180853,L6 IT,0.25756198,-0.24837178
160134,PVM,0.030453086,-0.13131574
78530,L5 IT,0.37299645,-0.0627726
69795,Oligo,0.009909749,-0.20327133
17720,L2/3 IT,0.17703927,0.3273338
25189,Astro,0.17226529,-0.21450573
177968,L2/3 IT,0.34120637,0.20333868
69845,SMC,-0.0134115815,0.26618284
70388,VLMC,0.32050538,0.33231896
213488,L6 IT,-0.1398561,-0.04010299
72632,Oligo,-0.1420913,-0.16680142
22370,L2/3 IT,-0.06414327,0.426885
232441,L4/5 IT,-0.08079773,0.23285079
22765,L6 CT,0.19414479,-0.15266937
179641,Astro,-0.049384296,-0.21604142
243483,L2/3 IT,0.19895113,0.3308059
171532,Endo,0.31281483,0.2771802
77700,Endo,-0.22391284,-0.09287757
231770,Vip,0.23701918,0.26648343
243099,L2/3 IT,-0.11281845,0.40216583
163942,L4/5 IT,-0.24479505,0.31383342
171513,Astro,0.21691447,0.3386888
75436,Astro,0.30311394,0.15226203
169226,Oligo,-0.19709498,0.20659816
248544,L4/5 IT,0.25486302,0.052747905
179751,L6 IT,-0.3265171,0.16132301
74999,L2/3 IT,0.4157921,0.16374826
11907,L2/3 IT,-0.14398387,0.34956026
24860,L4/5 IT,0.031561315,0.25226146
169235,L2/3 IT,0.3307414,0.23051155
72090,L6 IT,-0.22540879,0.07706237
179934,L6 CT,0.21359468,-0.2968835
174337,L2/3 IT,0.08753985,0.4085409
243101,Pvalb,0.09484935,-0.018895596
77731,L6 CT,0.18023616,-0.1471273
177364,L2/3 IT,0.18728524,0.31842715
176975,Oligo,-0.09318933,-0.21119776
26178,Astro,0.11601752,0.31092066
275784,Astro,-0.106978536,-0.17570847
74717,L4/5 IT,0.4142024,0.004603982
70800,L6 CT,-0.12885824,0.066645145
183567,L2/3 IT,0.32202774,0.14245248
250619,Endo,0.08142382,-0.3042457
169782,L2/3 IT,0.13968039,0.25323665
74718,L6 CT,0.21009237,-0.35106066
248892,Oligo,0.13878351,-0.36872226
563,L4/5 IT,0.063801885,0.21730345
162858,L6 CT,-0.031249374,-0.1494785
162708,Oligo,-0.28901327,-0.024112731
76533,Oligo,-0.081443936,0.18856072
275791,L4/5 IT,0.23116124,0.057818055
17657,L6 CT,0.11079931,-0.088501185
20457,L2/3 IT,0.33918035,0.1346848
251101,L2/3 IT,0.48705494,0.081284285
251789,L2/3 IT,0.11944312,0.3619886
165299,L2/3 IT,0.12060475,0.21286368
214142,L5 IT,-0.03865215,0.15311927
17881,Endo,0.087800145,0.32978857
251588,Oligo,-0.048990905,-0.123916
71657,L4/5 IT,-0.13080901,0.23762906
182071,L2/3 IT,0.3232615,0.12795132
77685,Oligo,-0.2478846,0.12486565
180757,L2/3 IT,0.39283466,0.09342259
169308,Lamp5,0.1084398,0.14829332
19748,L4/5 IT,0.025802135,0.20761102
183616,Astro,0.08489275,-0.36826313
25535,L4/5 IT,0.1626975,0.21055871
18087,L2/3 IT,0.11251938,0.31604338
231375,L6b,0.1530065,-0.28062984
24423,L5 IT,-0.11865038,0.18638349
182035,Oligo,-0.3127138,-0.03160259
163901,L5 IT,-0.11586839,0.0874086
179737,Oligo,0.055672884,-0.30686116
72059,Endo,0.02672702,-0.065312415
175942,Astro,0.22974807,0.2949643
11193,L5 IT,0.117430866,0.106687844
70804,Pvalb,-0.0998404,0.25866342
170743,Pvalb,-0.34740293,0.2132672
182030,Oligo,-0.29233447,-0.0391936
162961,Micro,0.44556856,0.09093833
11683,L2/3 IT,0.39524156,0.1686762
22529,L4/5 IT,-0.0038816035,0.18395048
171356,L4/5 IT,0.4129008,-0.014580935
17579,Endo,0.14801437,0.18025964
16942,L6 CT,0.21959257,-0.18162411
71508,Oligo,0.077390134,-0.186811
169761,Vip,-0.058876246,0.46077704
215141,Oligo,-0.18814752,-0.16194478
239074,Peri,-0.07451278,-0.019748956
17401,Peri,-0.30722198,0.009490371
251614,Oligo,0.06412685,0.14275378
11637,L4/5 IT,0.23775703,0.07599503
24855,L5 IT,-0.10673407,0.17778093
232443,L2/3 IT,0.19706959,0.20678979
171447,L4/5 IT,0.13836032,0.17509735
182049,L6 CT,-0.076572835,-0.08516461
277043,L5 IT,0.018925548,-0.008469254
20355,Micro,0.1832059,0.33424675
165307,L5/6 NP,-0.05877444,0.11600751
230182,PVM,0.16007823,-0.07315165
21755,L6 CT,0.032924592,-0.13080749
178540,L4/5 IT,-0.13855636,0.28393942
277236,L5 IT,0.3603199,-0.06861347
24388,Oligo,0.031178713,-0.250895
169282,L5 IT,-0.020315617,-0.017247528
179336,L5 IT,0.35371786,-0.0721395
251083,L2/3 IT,0.2557621,0.25751424
387,L4/5 IT,0.3732394,-0.049816966
162927,Vip,0.17537749,0.29115283
275810,L5/6 NP,0.18153411,-0.42701918
26060,Oligo,-0.13391584,-0.17908752
19565,L4/5 IT,-0.09199527,0.19244671
16954,L6 CT,0.20911342,-0.41085172
236,L2/3 IT,0.20607722,0.31560862
230078,Oligo,0.087462425,-0.3098109
76820,VLMC,0.15873665,0.42257583
180738,L6 IT,-0.13979694,-0.0120560825
183503,L6 CT,0.016581416,-0.10765809
173738,OPC,0.3686561,0.0033777356
162367,Endo,0.13920599,0.10608506
20321,L5 IT,-0.04899016,0.11104876
171880,L6 IT,0.27556616,-0.16626617
267490,L6 CT,0.22241735,-0.32861412
243345,PVM,0.26907456,0.34543735
169030,L4/5 IT,0.38991845,-0.040733337
166414,L4/5 IT,-0.25324917,0.2996649
171864,Oligo,-0.16692695,-0.14537537
410,L5 IT,0.22382069,-0.019359142
171858,L6 CT,-0.3264122,-0.006498337
21519,Endo,-0.3127837,0.21021038
171849,PVM,-0.21535134,0.18304455
169051,Oligo,0.061739802,-0.17161599
173750,Endo,0.06277442,0.14210802
24237,Astro,-0.3270408,0.15618408
232123,Astro,-0.06695962,0.33444637
16970,Astro,0.054906547,0.09967458
232911,L5/6 NP,-0.13323224,0.20752615
162339,L6 IT,0.23679262,-0.14900398
215628,Endo,-0.24117208,0.29272735
178125,L4/5 IT,0.26416832,-0.0041173995
26370,Astro,-0.0945465,0.34088844
74586,L2/3 IT,-0.12959957,0.3392704
233061,L6b,0.15908808,-0.2832976
74601,Astro,0.18795204,0.40101463
213657,L5 ET,0.021394908,0.050929785
182666,L2/3 IT,0.31025684,0.21133631
22853,Oligo,0.010822594,-0.28944147
267501,Oligo,-0.06569192,0.1659832
249630,L6 CT,0.22662503,-0.28465068
183519,Micro,-0.16736549,0.46712744
179348,Sst,0.3807109,0.043195426
166490,L6 IT,0.036506414,-0.014891446
181594,Endo,0.20193243,0.2933234
74631,L5 IT,0.400926,-0.10785782
24178,L2/3 IT,0.10672116,0.25663114
180720,PVM,-0.06504452,0.120473325
240431,L4/5 IT,0.18525922,0.27552682
166458,Oligo,-0.09053713,-0.22144565
16688,Micro,-0.11828753,0.12476885
26321,Astro,0.022836864,-0.277566
252321,L4/5 IT,-0.18974733,0.32656997
17853,L4/5 IT,-0.20410556,0.3690492
69698,L6 IT,0.31966555,-0.14660504
71554,Peri,0.08338225,0.17545593
162431,SMC,-0.0148690045,0.45724666
162555,L2/3 IT,0.29474646,0.25644153
267690,L4/5 IT,0.31276268,0.07089877
18575,Micro,-0.16228873,0.33911067
26215,Astro,0.18316871,-0.077747256
184821,L5 IT,-0.15556511,0.11951506
163995,Peri,-0.38108134,0.13097441
21634,L2/3 IT,0.09680343,0.37773895
169152,Sst,0.23174405,0.029920816
70070,Vip,0.41685998,0.10669017
26192,Sst,-0.14068705,0.3024503
184839,Oligo,-0.078131646,0.13751328
69677,Micro,-0.090982854,0.13646197
180182,L5 ET,0.2036457,-0.05040899
73597,Oligo,-0.22003156,-0.05308792
72512,Oligo,0.23037887,-0.124349505
21640,Astro,-0.32454622,0.106986225
268065,L2/3 IT,0.3199523,0.19835484
171655,Astro,-0.23117742,0.39459592
171646,L2/3 IT,0.3135994,0.23757386
19737,L4/5 IT,0.33233494,-0.059203625
26184,OPC,-0.35811424,-0.0016049445
72905,L2/3 IT,0.19608057,0.2895286
181738,L4/5 IT,0.07908684,0.18125772
165957,L2/3 IT,-0.17870814,0.37851095
26218,L5/6 NP,0.19972783,-0.092835665
214720,Oligo,-0.3806869,0.15498209
181647,Endo,0.15337008,0.18319005
176073,L6 CT,-0.1951732,0.026777923
213669,Endo,0.2972607,0.20043588
235315,SMC,0.42446905,0.23133326
267625,Oligo,-0.088323325,0.05410582
166333,Endo,0.30967355,-0.13979352
166325,OPC,-0.20292896,0.27249473
277377,Endo,0.17839354,0.165613
214840,Oligo,-0.39379916,0.052152157
170631,Pvalb,-0.42083254,0.09893358
21602,Astro,0.333111,-0.09290835
75467,L6 CT,0.24228191,-0.26157352
214494,L6 IT,0.2564745,-0.1541163
182611,Oligo,-0.09379479,-0.14845231
171760,L6 IT,0.26665407,-0.26902056
181691,Astro,0.030550301,-0.2347323
184860,L2/3 IT,-0.16550004,0.38327336
280216,Astro,0.061355233,-0.02560684
266867,Oligo,-0.008356899,-0.23216957
24291,Micro,-0.027070582,0.17284638
243091,Lamp5,-0.06305036,0.44388908
231795,L4/5 IT,0.20286906,0.100405395
26251,VLMC,0.16019362,0.42865127
280185,Oligo,0.024705589,-0.25812283
249486,L6 CT,0.042440772,-0.049784392
250685,L5 ET,0.31565666,-0.09563646
165627,Oligo,0.149302,-0.34238422
267611,L2/3 IT,0.40060264,0.07531041
193,L4/5 IT,-0.24845126,0.30173558
240334,Oligo,-0.096553296,-0.111459136
181999,Oligo,-0.2322661,-0.05074531
175779,L2/3 IT,0.21046454,0.21198624
184541,Endo,-0.12914932,0.2570088
72392,L6 CT,-0.22107768,0.07732177
170831,Oligo,0.058968544,-0.34615642
169575,Oligo,0.013791144,0.18307644
73380,Astro,0.35938567,0.29401976
182467,L5 ET,0.06792414,0.12930709
171020,PVM,0.3165242,-0.13491097
214988,L2/3 IT,0.08890408,0.25922513
24667,L6 CT,0.27062577,-0.3251096
232474,Endo,-0.215451,-0.12328863
250221,Astro,-0.021606117,0.05276668
248764,L6 CT,0.02964741,-0.11262971
73388,L2/3 IT,-0.08523086,0.39547873
74973,Endo,-0.07467267,-0.09545818
17504,L2/3 IT,-0.1971682,0.36420345
249226,L4/5 IT,0.42023402,-0.041178823
25611,Sst,0.11020917,0.09397954
276528,Astro,-0.072686106,-0.21624833
165640,L4/5 IT,-0.01854515,0.3162517
19502,Endo,0.30254877,0.008132458
280106,OPC,-0.21604559,0.046968043
22614,L4/5 IT,-0.16524544,0.33023655
69524,L6 CT,0.013215303,-0.17148396
251008,Vip,0.42573255,-0.0421198
169534,L2/3 IT,0.13792771,0.30568093
230736,L6 IT,-0.22274783,0.13627273
171070,L5 ET,0.1985566,-0.046205282
171068,L2/3 IT,0.13865155,0.3405624
184428,Vip,-0.24036586,0.21454471
19808,Oligo,-0.039260328,-0.007645875
163397,Endo,-0.23862752,0.20157039
214272,Peri,-0.015061498,0.004041314
170820,L6 CT,0.007818639,-0.04526043
17929,Endo,0.11370367,0.3523757
163411,VLMC,0.12592918,-0.40755737
231463,L2/3 IT,0.22641891,0.2443167
69535,Astro,0.005378127,0.16586757
19826,L6 CT,0.1825841,-0.16113964
238835,L5 IT,0.16254592,-0.0141890645
232776,Astro,-0.25156265,0.20852643
24644,L5 ET,0.06107098,0.27177995
25819,L5 ET,-0.1980012,0.21768475
251025,OPC,0.2478739,0.28688657
189,Astro,0.04529196,0.017257392
277156,Lamp5,-0.08341268,0.4250263
70835,L6 CT,0.21956313,-0.2809615
25681,L6 IT,0.25707906,-0.2902118
169682,L5 IT,0.21163183,0.0072485805
77385,L2/3 IT,0.1916042,0.29318476
231450,L5 IT,-0.19216722,0.15313774
232171,L6 CT,-0.3955851,0.12554109
17680,Astro,0.34769672,0.04308796
72770,L2/3 IT,0.2532993,0.27918375
73884,L4/5 IT,-0.18108013,0.31399673
22565,L6 CT,0.25357234,-0.26220632
16885,Astro,-0.1541526,0.17198247
231457,Endo,0.0020269752,0.13588226
1667,Endo,-0.3025389,0.004498005
267066,L2/3 IT,-0.09442145,0.3443182
249607,L5 IT,-0.13411748,0.155204
214781,Astro,0.11178148,-0.37342572
212956,SMC,0.15414077,0.41758662
71603,L2/3 IT,0.15289468,0.25825256
175737,Endo,-0.13356182,0.15075123
184459,L6 IT,-0.3682572,0.10780132
163670,L5 ET,-0.15504938,0.1518609
22558,Oligo,0.029983222,-0.22688544
19532,L6 CT,-0.13722399,0.06616652
70838,Endo,-0.24860024,-0.020583004
69601,L6 CT,0.17760694,-0.42227358
184504,L4/5 IT,0.44112533,-0.040271044
163535,L4/5 IT,0.44270915,0.033844173
178614,Astro,0.0649845,-0.3584652
178608,Astro,-0.032453,-0.28085673
183792,Astro,0.3522693,0.18814564
248486,L6b,-0.33126396,-0.028902858
165549,L5 IT,-0.10270789,0.16580182
70847,L6 IT,0.19039547,-0.065047115
74965,Sst,0.36028928,-0.018765748
170841,L6 IT,-0.44409758,0.058136225
233380,Micro,-0.24750835,-0.09816569
75348,Oligo,-0.38300505,-0.07255104
267355,L6 CT,-0.3381639,0.06613684
230316,Astro,0.10399574,-0.38055837
163568,L6 CT,-0.0963186,0.05871737
70824,Astro,0.028827608,0.20146132
170925,L5 ET,0.04551524,0.13845116
1009,Astro,0.061777055,-0.3026384
230720,Vip,-0.28261948,0.11621761
266931,Oligo,0.13741773,-0.31837866
19777,L5 IT,-0.25412658,0.18654114
178366,L2/3 IT,0.3400911,0.21366704
163563,L2/3 IT,-0.1643174,0.44635648
275866,PVM,-0.30926573,0.03703457
184571,Pvalb,-0.20770559,0.31744915
235074,Astro,0.08009046,-0.29740477
22019,Endo,-0.012536883,0.39411497
20573,L2/3 IT,0.10777658,0.26949173
184671,Endo,0.29065043,-0.1738461
268043,Oligo,0.00015646219,-0.034921914
170777,Astro,0.07429099,-0.31782758
174271,Oligo,-0.26415485,-0.08780217
169411,L2/3 IT,0.26251644,0.26903117
163154,L2/3 IT,0.18352282,0.2915666
171235,OPC,0.20692128,0.29612452
25957,Astro,-0.20925173,0.13642502
277165,L6b,-0.18936038,-0.0895271
243507,OPC,-0.23454013,0.15554714
212985,Astro,0.093222916,0.2341336
169418,Astro,0.22461766,0.3903786
71506,L6 CT,-0.20490193,-0.07729772
178378,L5 ET,-0.06352097,0.18652117
240173,L4/5 IT,0.37728554,0.02076298
177726,L6b,0.17837387,-0.3250574
175857,Oligo,-0.008024752,-0.17782679
175211,L6 CT,0.2430799,-0.3211053
17471,Astro,0.42497915,0.22081566
171239,L6 CT,0.19991726,-0.28266954
11364,Lamp5,0.44932294,0.18494713
233046,Pvalb,-0.13759783,0.16226584
70029,L6b,0.2047078,-0.29469016
24472,Astro,0.15270668,-0.15816507
21783,Lamp5,-0.040269017,0.46031868
178289,L6 CT,0.21684742,-0.36336833
17663,L4/5 IT,0.10334277,0.17353994
177731,L6b,0.13553435,-0.24938068
174183,L2/3 IT,0.13326156,0.22750103
165912,L2/3 IT,0.047489643,0.32530636
165350,L2/3 IT,0.41528702,0.17125344
183657,L5 IT,-0.122505546,0.16233224
238852,Astro,-0.074674755,-0.22438133
173868,Pvalb,0.17359084,-0.10805568
171286,L6 CT,0.23898005,-0.3055445
267879,VLMC,-0.010222763,0.3899367
73869,Astro,-0.15859377,0.13424283
25550,SMC,0.21067804,0.4129644
171263,Astro,0.04192722,0.36942863
181845,Endo,0.21563351,-0.29945815
275827,PVM,0.15008724,-0.2553954
183666,L5 IT,-0.087614745,0.098798156
565,L5 IT,-0.14604792,0.10369778
163102,L6 CT,0.1471628,-0.10137153
230208,Peri,0.19502813,0.2383694
77278,Oligo,0.23659146,-0.17155504
277440,L6 CT,-0.063358456,0.015434682
69960,Oligo,-0.10060936,-0.04130894
165823,L4/5 IT,-0.20190817,0.29835004
250037,SMC,-0.040495515,0.16866165
77540,Peri,-0.30534965,0.11803794
70887,L2/3 IT,0.18841362,0.21547508
24574,Astro,0.25631285,0.18786204
249483,L4/5 IT,-0.22190717,0.293105
169488,L6 CT,0.055774927,-0.157211
230378,L6 CT,0.11244303,-0.39935565
20424,L4/5 IT,0.13446963,0.2845146
175806,L2/3 IT,0.34629464,0.18924934
165376,Endo,0.12301201,0.16587937
182542,Astro,0.27696037,0.34654087
74857,PVM,-0.030552,0.40126044
169718,L4/5 IT,-0.17401758,0.2680785
171118,Micro,-0.239312,0.30299258
180249,PVM,0.31041014,0.22787404
163330,Astro,0.078174114,-0.35548425
72383,L2/3 IT,0.20437759,0.23434937
11651,L2/3 IT,-0.16229323,0.3903262
18878,Micro,0.10685146,0.396474
163351,L4/5 IT,0.17114484,0.18406355
230372,L4/5 IT,0.34775698,-0.048274457
11808,Astro,-0.058853686,-0.2452808
276545,L2/3 IT,0.39881194,0.11576575
162999,L6 CT,0.08416921,-0.19659457
25903,L6 CT,-0.28282395,0.059208095
163818,Oligo,-0.07990405,-0.20012927
25565,Astro,-0.19157726,0.16144246
163835,L2/3 IT,0.29006416,0.13654065
165810,L6 CT,-0.002646178,-0.0063166916
171207,Oligo,-0.2855326,0.29429007
25938,Peri,0.22618037,0.31233537
278214,Endo,0.46994358,-0.066408426
76644,Astro,-0.017318547,-0.2184464
169464,SMC,0.07714099,-0.12385255
19483,L5 IT,-0.037452847,0.031153262
72400,L2/3 IT,-0.16383368,0.35814422
182544,Astro,0.3252427,0.31399965
212899,Endo,-0.18990955,0.27546275
230231,Endo,-0.24058765,0.3410328
251700,L2/3 IT,0.20327824,0.26887363
24533,L4/5 IT,0.13470286,0.20259291
163229,Vip,-0.038577378,0.34422666
163230,L5 IT,0.033128858,-0.025527716
73357,L6 CT,-0.08660373,0.033717573
235088,L4/5 IT,0.32706577,-0.03963232
165770,Oligo,-0.23200816,0.041635215
215593,L2/3 IT,0.05002904,0.33160114
163257,L5/6 NP,0.23141801,-0.006588757
19559,L6 IT,0.16168869,-0.17488503
24937,Astro,-0.021543503,-0.26707822
72130,L6 CT,-0.042752326,-0.03123179
26399,L6 CT,-0.21648023,0.11138308
183242,L4/5 IT,-0.23065957,0.27180147
250235,Endo,0.14648014,-0.3599373
240535,L6 CT,0.27881283,-0.26182407
498,Lamp5,-0.3125044,0.23380852
243588,L6 CT,0.19558609,-0.28963166
18190,L6 IT,-0.38568076,0.053672314
232502,L6b,0.16031295,-0.25913027
251938,Oligo,-0.16917133,0.20331639
168504,Oligo,0.041230083,-0.2924847
238696,Peri,0.15570033,-0.34224474
177877,L4/5 IT,-0.08152643,0.19472224
280298,Oligo,-0.18213087,-0.12615097
180398,Endo,0.4213891,0.21298808
69108,Endo,-0.16501513,0.42224252
214053,OPC,-0.18525508,0.048799098
167233,Astro,-0.06808552,0.097370505
76173,Oligo,-0.009652495,-0.23689678
176330,Oligo,-0.008689165,-0.1904454
172710,Lamp5,0.038029075,-0.33528048
214666,OPC,-0.22301504,0.22511852
78244,Astro,0.067261755,-0.3413477
181352,Oligo,0.0469566,0.0026208758
240509,Peri,-0.051303297,-0.17436114
173558,L6 IT,-0.116482764,-0.03293097
266797,L6 CT,0.21096027,-0.3693511
172857,L4/5 IT,-0.07915896,0.21999258
23135,L6b,-0.13620639,-0.116589695
71376,L5 IT,0.09603399,-0.011751294
277249,Vip,0.06063056,0.42559737
174514,L6 CT,0.23797965,-0.25338024
18000,L6 IT,-0.29410657,0.08110541
74304,Endo,-0.21265909,-0.057941377
17031,Astro,0.14362979,-0.1106264
161012,L2/3 IT,-0.084171444,0.37382787
19169,Oligo,-0.112012744,0.19397396
70257,L2/3 IT,0.25043643,0.28898793
26985,Endo,0.01899141,0.33716798
167294,L2/3 IT,0.30401868,0.31749892
21075,L6 CT,0.22498405,-0.28428265
21076,L2/3 IT,0.29732734,0.19498253
215036,L2/3 IT,0.07516831,0.31401718
231033,L6 IT,0.17513478,-0.11511266
26984,L6 CT,0.10734016,-0.15882596
18004,L2/3 IT,0.17757231,0.31099337
23120,L6 CT,-0.13958222,0.116240084
177555,Oligo,-0.008637041,-0.25108016
267870,L6b,-0.3973732,0.007829547
232686,L2/3 IT,0.1563394,0.32670766
240513,L2/3 IT,-0.111652136,0.4122141
161162,Endo,0.27580184,-0.065427214
161170,Oligo,0.07843083,-0.32343513
268238,L4/5 IT,0.14699143,0.12175202
173591,Pvalb,0.08369911,-0.03999597
11566,Endo,0.11897695,0.096417725
180580,L6 CT,0.10154194,-0.1330759
182213,Endo,-0.1636107,0.13673735
77116,L6 CT,0.03184402,-0.010468692
77117,L2/3 IT,0.43088,0.13168329
26812,Endo,-0.095893234,0.3083781
170372,L5 IT,0.085674286,0.11392826
164982,Endo,-0.03509307,0.16788596
78171,L4/5 IT,0.22859877,0.15840483
25047,OPC,0.094893634,0.070129514
74376,L6b,-0.207544,-0.0480718
231492,Oligo,-0.4644964,0.060775876
164986,Peri,-0.17365676,0.20272017
25044,L2/3 IT,0.17829216,0.21443176
70512,L6 CT,-0.10285455,0.026082218
161357,Oligo,-0.22771156,0.07186037
16808,L6 CT,-0.040301442,0.0073774457
215716,L2/3 IT,0.20152038,0.29032195
69164,L5 IT,0.3040843,-0.038936913
21147,L6 IT,-0.18119729,0.021724582
167098,Endo,0.18139291,0.04332447
229885,L6 CT,0.18436652,-0.41529253
176312,Lamp5,0.15336442,0.38066489
232334,Vip,0.4685048,0.09937066
180360,Pvalb,0.2743714,-0.1407648
167188,L2/3 IT,0.40520698,0.059881806
70746,L4/5 IT,0.022951305,0.011667907
23752,Pvalb,0.25745738,0.24472421
17021,L5 IT,0.18229914,0.073020756
161217,L5 ET,-0.22860014,0.20932162
161220,L6b,0.1447851,-0.25271994
20684,L4/5 IT,0.12484467,0.095035315
71571,L6 CT,-0.26407495,-0.24905828
78229,L6 CT,0.21767807,-0.39925885
76201,L6 CT,-0.17403448,-0.06703758
248710,L6 CT,0.22987837,-0.23644307
167132,L2/3 IT,0.029654324,0.2810573
78181,L5/6 NP,-0.14807239,-0.35775924
168575,L5 ET,0.18093908,-0.44269004
214283,PVM,-0.02289176,-0.24988607
74357,L6 CT,0.19464815,-0.37828434
21135,Pvalb,-0.34625793,0.04153341
71230,L6 CT,0.29739648,-0.29842284
17441,Oligo,0.075974464,-0.058172345
174480,L4/5 IT,0.43098623,0.0064142346
176315,Endo,-0.18930963,0.13205695
168415,Endo,0.060303092,0.35735238
73773,Oligo,-0.16820893,-0.11344883
699,L5 IT,-0.12524709,0.16316187
182243,L2/3 IT,0.064851105,0.34225607
20167,OPC,0.2584504,-0.23755282
213795,L5/6 NP,-0.07865375,0.061796248
1588,Oligo,-0.19008535,-0.061545968
180032,L6 CT,0.2673425,-0.2931745
18423,Peri,0.21868241,-0.10555649
178450,L5 IT,0.22686374,0.0017947555
232268,Pvalb,-0.094213486,0.3337801
73758,L4/5 IT,0.41541868,-0.06572521
21008,Oligo,0.041612387,-0.2804574
277372,L4/5 IT,0.42621225,0.008244991
27141,PVM,0.11954397,-0.3533627
177148,L2/3 IT,0.26361436,0.26778376
20154,L2/3 IT,0.20238507,0.3166148
172993,Lamp5,-0.16579163,0.33571088
214511,Oligo,-0.26416266,-0.115935445
178027,L5/6 NP,0.35559213,-0.09051272
167532,L5 IT,0.12166256,0.07623696
17770,Oligo,0.09165704,-0.3443725
160740,L5 IT,-0.35854676,0.15053791
160742,Peri,-0.13409883,0.29351288
178988,PVM,0.12808442,0.121392846
181277,Pvalb,0.41783494,-0.06296772
268176,L5 ET,0.35180545,-0.15728006
71380,L4/5 IT,0.35221606,-0.072154135
173053,L2/3 IT,0.14595783,0.21972495
277402,PVM,0.37164634,0.2516945
238879,Astro,0.27591544,0.0074872375
248680,L5 IT,0.053260148,0.12029678
19122,Astro,-0.17086264,0.23521441
16588,SMC,0.09890586,0.25652254
238958,Endo,-0.041663587,0.34794563
180663,Endo,0.08148551,0.14401883
169992,L2/3 IT,0.1873709,0.20319176
214237,L6 IT,0.041191876,-0.09662196
27123,L4/5 IT,-0.18436712,0.29933262
250417,L5 ET,-0.11636245,0.08478826
23224,L6 CT,0.024518907,-0.20872349
182929,L6 CT,0.13598412,-0.14346904
275581,Astro,-0.18858898,-0.09204954
229754,L6b,-0.07223776,-0.13690281
176459,L4/5 IT,0.22627354,0.08543992
27162,Astro,-0.3504669,-0.031763554
213480,Astro,0.10260606,-0.33113834
23206,L2/3 IT,0.32544053,0.20266998
70496,L4/5 IT,0.12617052,0.19104344
183149,OPC,0.11105269,-0.22398913
243123,Peri,-0.17891392,-0.15338877
214238,Peri,0.050436497,0.28029698
213475,L6 CT,0.005707085,-0.039648235
178968,L4/5 IT,0.3895015,-0.035503328
182885,Micro,0.017465651,0.29854435
248625,OPC,0.017652452,-0.1348015
160869,L5 ET,-0.050444484,0.15638852
75169,L5 ET,0.2096793,-0.34614098
275612,L2/3 IT,0.19922227,0.31018555
74291,Endo,0.15347713,0.22764796
1943,L6 CT,-0.15122578,-0.009557575
11010,L4/5 IT,0.20628524,0.21499598
170282,Oligo,0.072411954,0.15515333
185372,Micro,-0.37807137,0.15006143
168366,L6 IT,-0.45656312,0.03334731
539,L6 CT,0.13027775,-0.13893262
695,Astro,0.043682337,-0.32268772
168395,Astro,0.2617206,0.36368567
21052,Endo,-0.29460305,0.20666826
277456,L2/3 IT,0.17315501,0.25958252
70279,Oligo,-0.1714991,-0.14359495
213122,Endo,0.08425224,-0.11711466
160923,L6 CT,-0.42865902,0.09088683
176383,Endo,-0.08014679,0.27169693
17553,Endo,0.1915074,0.37944084
72282,Oligo,-0.38040483,0.14362246
251928,Pvalb,0.120937824,0.1807267
26778,L2/3 IT,0.42769277,0.04252255
1309,L2/3 IT,0.21678185,0.31940806
179357,L4/5 IT,0.39208978,-0.06331429
689,L6 CT,0.10093856,-0.055333287
76947,L5 IT,0.19880879,0.0061025023
78398,L2/3 IT,0.44385082,0.11658132
168348,L6 CT,0.24326384,-0.21032616
183174,L6 CT,-0.28283212,0.0584535
78392,Peri,-0.10886231,-0.1998418
21029,L6 CT,0.15882462,-0.08499402
185397,VLMC,0.2733193,0.38484347
179809,L6 IT,-0.051155627,-0.091218084
231084,Oligo,0.14402509,-0.35332745
214546,L5 IT,-0.019034177,0.0718109
172946,Oligo,0.10815966,-0.35054535
167464,L6 CT,-0.2407755,0.11019844
172936,L4/5 IT,0.44108248,-0.06806785
233349,Endo,0.39640844,-0.116654366
167463,OPC,0.36944175,0.2663691
70310,L6 IT,-0.25475174,0.021143258
164872,L6 IT,-0.09319791,-0.13138977
69072,L2/3 IT,0.14549512,0.29011452
167433,L6 IT,-0.19328812,-0.020007193
17046,L6 IT,0.10302293,-0.08366388
25251,L6 IT,-0.3093219,0.23428917
160809,Astro,0.07132268,-0.33163834
250007,L6 CT,0.24965817,-0.25364608
172571,Endo,0.054911256,-0.25822854
238419,L4/5 IT,0.44732434,-0.06425759
251161,L6b,0.021208346,-0.21446502
71942,Astro,-0.31539536,0.17613268
168864,Peri,-0.03255683,-0.22942808
267513,L2/3 IT,0.2549848,0.31866843
252393,Vip,-0.04287815,0.39037997
164164,Oligo,-0.17569816,-0.15209085
213639,L2/3 IT,0.19122559,0.26418632
161888,L6 IT,0.18785137,-0.102734625
215681,L6b,0.15419841,-0.24296916
172228,Micro,-0.29954216,0.17488492
71794,Micro,0.11007911,0.14288056
214473,L2/3 IT,-0.16629225,0.42412513
231590,L4/5 IT,0.35403293,0.010678768
174163,L6 CT,-0.12798849,0.028778017
75565,L6 IT,0.0433715,-0.13791028
214891,L6 CT,0.21116501,-0.28604585
168874,L5/6 NP,0.20361155,-0.11104879
249501,L6 CT,0.05725479,-0.08661789
74519,Oligo,0.099022806,-0.16301495
72178,Astro,-0.20956889,0.39223158
70181,L6b,-0.24137378,-0.051829904
24025,L2/3 IT,0.1778704,0.24277282
19266,L5/6 NP,0.3409105,-0.12544337
22924,L6 CT,0.012415588,-0.1024659
172258,Oligo,-0.11480093,0.15452063
21299,L6 CT,0.18373263,-0.2575177
73625,VLMC,0.32460076,0.34046704
238437,Oligo,-0.08343071,-0.20148355
250846,L5/6 NP,-0.37256777,0.15901047
70664,Endo,0.23917943,0.061790347
161805,L6 CT,0.0010803342,-0.07296339
164170,OPC,0.3462655,0.22987884
20312,L2/3 IT,0.15866232,0.34160447
69910,L2/3 IT,-0.15024465,0.43149465
172304,PVM,-0.11230171,-0.14566535
73621,L2/3 IT,0.16498792,0.33254147
17462,L6 IT,0.033551097,-0.043028146
172296,L6 CT,-0.12486151,-0.032758772
250514,L5 IT,-0.051496595,0.17522341
74505,Sst,-0.0119128525,0.04024607
168835,L4/5 IT,0.39784735,-0.04525286
267294,Oligo,0.12587315,-0.25622368
185087,L5 IT,0.06256914,0.052490532
276339,L4/5 IT,-0.17872247,0.29701734
172262,L5 IT,-0.26140082,0.1126793
250258,VLMC,0.093036056,0.46774548
166735,L5 IT,-0.11651191,0.12980676
161815,L4/5 IT,0.42132735,-0.060871482
214002,SMC,0.21577656,0.40837282
181500,Oligo,-0.27132225,-0.06688419
165119,L4/5 IT,-0.14251658,0.27193958
11335,L4/5 IT,-0.23870662,0.31757957
276118,L4/5 IT,-0.13330111,0.2871911
213995,Oligo,0.05778271,-0.06887853
268255,VLMC,0.24708796,0.36498767
249416,L6 IT,-0.40519863,0.11869615
166590,Oligo,-0.038733482,-0.22009322
181565,L5 IT,-0.09227669,0.03776139
77884,L5 IT,0.36358875,-0.12487164
25422,Endo,0.06888068,0.19562668
26417,L6 CT,-0.066900104,0.037837207
74555,L6 IT,-0.2904072,0.06415039
166566,L6 CT,-0.31590515,0.15441191
172043,SMC,0.26763278,0.32342798
277288,L5 IT,-0.31383288,0.21967822
250557,L6 CT,0.20270103,-0.16255051
74576,PVM,0.16874152,0.36755472
168939,OPC,0.31587613,0.13474172
182675,L6 CT,0.16947532,-0.3948572
252351,L6 CT,0.05229199,-0.15252489
180529,Endo,0.122125804,0.4066466
238475,Peri,0.06659365,0.2401706
180896,L4/5 IT,0.36994606,0.0072339177
175039,Endo,-0.12666467,0.3283481
168814,L6 CT,0.08897227,-0.030785173
1845,L4/5 IT,-0.2604639,0.30113488
180141,L2/3 IT,0.22404927,0.34784442
168880,L4/5 IT,-0.2174494,0.29653358
175644,L5 ET,0.047240138,0.013620257
214538,Pvalb,-0.10078788,0.16418749
177266,Endo,0.14352578,0.31739885
230919,Astro,0.11083764,0.16690773
275731,L6 IT,-0.25775635,0.07657069
77938,OPC,-0.27740523,0.09609413
24956,Oligo,0.10245198,-0.3640318
1111,Oligo,-0.31277668,0.012713015
278265,Astro,-0.21571925,-0.11440337
230623,Endo,-0.06849402,-0.1979922
243080,L5 IT,0.17346865,-0.053400844
162018,L5 ET,-0.12415907,0.15189481
19288,Endo,-0.13266706,0.31913197
162021,L2/3 IT,0.01424855,0.2757026
21410,Endo,0.14586455,0.34817284
1106,Astro,0.12516946,0.3112505
69281,L4/5 IT,0.09116036,0.16559857
11848,L4/5 IT,-0.2129089,0.31594497
252372,Endo,0.39090705,0.21482915
229991,L4/5 IT,0.31904328,0.03170055
175655,Endo,0.29570282,0.27463132
20648,L2/3 IT,-0.03777796,0.39879483
78428,Micro,-0.19602051,-0.117497474
75281,Oligo,-0.1023438,-0.049637616
169854,Pvalb,-0.27581215,0.09210372
229917,Oligo,-0.04926905,-0.20144665
26740,Micro,0.2804262,0.36107928
161472,OPC,0.16713548,0.24080819
76276,L2/3 IT,0.40032095,0.063762665
23872,L5 IT,0.34809238,-0.074743986
16638,L6 CT,0.0015240908,-0.036834985
276691,L4/5 IT,0.11513692,0.13862276
11600,Endo,0.2511825,0.33523893
275681,L4/5 IT,0.08093339,0.15931803
276149,L2/3 IT,-0.066474974,0.41086394
182362,L5 IT,0.3699841,-0.046492636
230595,L5 IT,-0.07745224,0.14318794
76870,Pvalb,-0.1094746,0.17541116
21212,Oligo,-0.35348216,0.009136736
170426,L5 ET,0.09771317,0.09836012
26706,L2/3 IT,0.4079656,0.07283801
231488,L2/3 IT,0.41375953,0.1652363
168684,Astro,-0.31464216,0.02838254
214402,Oligo,0.05393082,-0.35733935
175621,L5 ET,0.17999196,0.02752769
213613,L6 CT,0.23230565,-0.1639018
26749,L5 IT,0.28121424,0.018196821
21197,Oligo,-0.034331918,0.010278404
73640,L5 IT,0.25135344,0.0061567426
23864,Oligo,-0.06952211,-0.20137769
240206,L4/5 IT,0.0074367523,0.2446906
172570,L5 IT,-0.1394515,0.15466398
25338,L6 IT,-0.094552845,-0.03189507
161385,L4/5 IT,0.18389982,0.08380097
161387,Endo,-0.008419812,-0.12448779
280159,L5 IT,0.3119957,-0.09349939
167016,Oligo,-0.13772827,-0.17046952
78130,L5 ET,-0.1407508,0.14467162
215698,L2/3 IT,0.33618402,0.20934218
23845,Pvalb,-0.2568124,0.12418109
166929,L2/3 IT,0.24730605,0.30361253
165007,Astro,-0.09599829,-0.20706078
239057,L4/5 IT,0.40225655,-0.011552781
268420,L2/3 IT,-0.13660076,0.3382678
71970,L2/3 IT,0.15155214,0.32710075
71786,Peri,-0.14576063,0.28044766
232949,Micro,0.3015334,0.31482053
232986,Micro,0.14237022,0.34008622
70232,Endo,0.25700623,0.34637785
213386,L4/5 IT,-0.088789105,0.18969655
214775,Astro,0.16288155,0.27427298
212734,L6 CT,0.09551996,-0.12855947
185209,Peri,-0.015060633,0.25349367
75636,L4/5 IT,0.21772993,0.08829123
161566,Sst,0.21578735,0.12471491
19607,Pvalb,-0.098327994,0.3406586
170458,L6 CT,0.14412373,-0.080075175
230943,Oligo,-0.30746835,-0.062303543
215683,L5 IT,-0.15296161,0.0381245
166785,Micro,-0.41807485,0.10693407
161719,L6b,0.15586728,-0.29355723
181047,Astro,-0.24043196,-0.095578104
268283,L5 IT,-0.2049118,0.17183107
161738,L5 ET,-0.053722322,0.060516596
26586,L5 IT,-0.035897017,0.15756708
267918,L6 CT,-0.028907925,-0.0706228
21276,Oligo,0.0533036,0.13557595
277501,L6 IT,-0.21390611,0.122870326
164192,VLMC,0.28705907,0.35797912
161770,Pvalb,0.24457037,-0.1249986
22156,Oligo,-0.16962743,0.27083504
161771,Peri,0.10737395,-0.24444145
249598,L5 ET,-0.09068546,0.16951579
161775,Peri,-0.24871099,0.18500066
248938,L6 CT,0.24636996,-0.23603454
168804,L6 IT,-0.27445287,0.055325925
69220,L4/5 IT,-0.12794703,0.3265732
73626,L6 CT,0.24677944,-0.28582665
174011,L5 IT,-0.22722012,0.13320959
185110,L6 CT,0.16759843,-0.145154
214127,L6 CT,-0.14461374,0.11861634
179796,L5 ET,0.2962563,-0.04985383
250459,L6 CT,0.23039621,-0.26373443
184272,Endo,-0.23119605,0.3247354
16644,L6 CT,0.20900625,-0.34874284
230955,L4/5 IT,-0.23059243,0.31049454
161602,L5 IT,-0.044216484,0.028983295
161607,L2/3 IT,0.1876632,0.3400197
161619,L5 ET,0.06128013,0.036637664
69210,L4/5 IT,0.10554731,0.21064329
72447,Sst,-0.18300265,-0.123691976
161645,L6 IT,0.18755049,-0.121537
23963,Astro,-0.11487314,0.15052903
176235,Oligo,0.04464966,-0.2619102
276891,Pvalb,-0.21076146,0.26219398
166852,L4/5 IT,0.38599658,-0.04708892
18165,Lamp5,0.23734099,0.33780408
275700,Peri,-0.08892727,-0.17925557
276333,L2/3 IT,0.06420869,0.36076576
71093,Oligo,-0.33585542,0.062571466
233033,L5 ET,-0.15901837,0.19985133
251481,Oligo,-0.110114604,-0.186394
74454,L6 CT,-0.20454916,0.100031555
250314,L5 IT,0.23111778,-0.111730784
23008,L5 IT,0.38198918,-0.14839381
109,Oligo,-0.23427448,0.006244242
99338,L5 IT,-0.38695192,0.16649342
27542,L5 ET,0.16363138,-0.4372931
128927,OPC,-0.24615642,0.1773842
224162,Endo,0.16881567,0.39862853
128905,L2/3 IT,0.16521114,0.32142824
217578,L5 IT,0.01687932,0.023545742
209057,Oligo,-0.2902913,-0.094763875
128848,L2/3 IT,0.3342824,0.2229557
258025,L4/5 IT,0.26614344,0.24509048
209040,L2/3 IT,0.13641757,0.33498716
128817,L2/3 IT,0.3040306,0.22801626
128795,Lamp5,-0.09987408,0.44898057
272705,Astro,0.45092714,0.11563665
63638,Endo,-0.024418771,-0.11919615
89434,L2/3 IT,-0.15934482,0.38290185
43655,L4/5 IT,0.3378073,-0.004405588
128962,Oligo,-0.16504076,0.23660344
128621,L6 CT,0.07057536,-0.07322991
128497,L6 IT,0.26422423,-0.14111629
224075,L4/5 IT,0.15019184,0.18528134
5383,L4/5 IT,0.3499946,-0.005873531
272679,Peri,0.12296498,0.17971742
278587,L2/3 IT,0.19530237,0.29798472
43730,Micro,-0.07401535,-0.020477235
128440,L6b,0.057034254,-0.20298767
128391,L6 IT,0.049883902,-0.08030683
14776,L4/5 IT,0.27365714,0.03471577
196318,SMC,0.13812304,0.43499893
89559,L6 IT,0.06315696,-0.11565179
14770,L4/5 IT,0.019854784,0.23390174
237190,Astro,0.27807122,0.3607545
246344,L5 ET,-0.12740883,0.18770331
128506,L6 IT,-0.18379194,0.013224125
43480,Oligo,-0.079459876,-0.1862736
129026,VLMC,0.40003592,0.28047234
196052,L6 IT,0.050091982,-0.118024856
277759,Oligo,0.09376711,-0.3551048
129600,L6 CT,-0.296202,0.19222182
224264,Astro,0.07763857,0.15573204
195852,Sst,0.27651608,0.16937488
257868,Endo,0.30693233,-0.07734725
43187,L5 ET,0.29742038,-0.029566497
129505,L5 IT,0.020697594,-0.008943051
195872,L6 CT,0.05522567,-0.2004407
14815,Pvalb,-0.2637626,0.16040444
89131,Peri,-0.35672528,0.1253624
5262,L2/3 IT,-0.14238498,0.4018007
224252,Astro,0.06250858,-0.27090028
89141,L6 IT,0.15165943,-0.088127255
272743,L5 ET,0.09013814,-0.0025731623
129379,Peri,-0.11065796,0.097756624
129373,L4/5 IT,0.09856802,0.14364278
89160,Astro,0.017187834,-0.23466215
43421,L2/3 IT,-0.15132204,0.36955017
129078,L5 IT,0.043211758,-0.0053708255
89289,L6 CT,0.23335534,-0.20527068
129109,L4/5 IT,0.14725459,0.13309598
63731,L2/3 IT,0.13638878,0.29954588
5287,L5 IT,-0.088335305,0.045337796
89580,Sst,0.41285217,-0.012473285
277760,L4/5 IT,0.16348213,0.1798855
257917,Endo,0.14031553,-0.059257448
89178,Astro,0.3316617,0.3074258
195939,VLMC,0.32255685,0.33251792
5272,L6 CT,0.10018659,-0.07058406
78631,Lamp5,-0.03424436,0.36445457
129315,Micro,0.38549495,-0.0459494
129208,Lamp5,-0.22641584,0.39908385
258148,L4/5 IT,0.2309556,0.12887114
89620,L2/3 IT,0.22048986,0.18576872
196404,L5 IT,0.09868109,0.024591863
127188,L6 CT,0.12262696,-0.12451717
235713,L6 IT,-0.45935515,0.04219681
127175,L6 CT,-0.115621835,0.018069446
89923,L5 IT,0.33197284,-0.06459156
208856,L6 IT,0.10279912,-0.0740428
196751,Oligo,0.008555472,-0.1644662
127128,OPC,0.1873154,-0.36449283
89964,Endo,-0.056290954,-0.07411814
258315,L5/6 NP,0.15850264,0.03263408
208840,L4/5 IT,0.15392661,0.1631161
258322,Micro,0.38645476,0.17384201
127041,Oligo,0.007282436,-0.28946757
44401,L4/5 IT,-0.09763482,0.29487062
44418,Oligo,0.29084378,-0.18190879
90011,L2/3 IT,0.1626783,0.27784228
126982,Astro,0.29310733,-0.16033381
44438,Astro,-0.21568921,0.2695101
5553,L2/3 IT,0.20478046,0.20387399
126675,L6 CT,0.07695824,-0.111834586
44553,L6 CT,-0.3654002,0.09405923
223772,L2/3 IT,0.32588577,0.16423893
126710,L4/5 IT,-0.22276306,0.282479
44531,L2/3 IT,0.3836984,0.13804168
5490,L4/5 IT,0.038174808,0.1820525
126746,Astro,0.08565897,-0.4069224
126762,Astro,0.36547875,0.30707616
126781,Astro,0.03543508,-0.2389938
126821,Endo,-0.25748006,0.10939443
126839,L5/6 NP,0.36726487,-0.11991373
44506,L2/3 IT,0.108833075,0.35557914
196849,L4/5 IT,-0.21349779,0.325109
63283,Oligo,-0.040611416,0.06578016
264883,L6 CT,-0.0847784,0.060449958
127260,L5 IT,0.06708366,0.11285585
196669,Astro,0.0023381114,-0.30169338
128007,L4/5 IT,0.39489466,-0.007095307
258174,L5 IT,0.32288808,-0.063637614
43976,L5 ET,0.16914988,-0.017341107
43985,L5/6 NP,0.3410114,-0.15631753
208927,Endo,-0.30560547,0.2030878
217670,Oligo,-0.17453426,-0.17132589
208925,Astro,-0.049237967,-0.23659173
208913,L2/3 IT,0.092087865,0.31881052
63513,L4/5 IT,0.018326044,0.21854866
89731,L2/3 IT,0.13380611,0.20472378
223942,L2/3 IT,-0.1560677,0.3462507
127752,L2/3 IT,0.444521,0.075173974
44037,L5 IT,0.15457606,0.0078853965
237170,Micro,0.13693666,0.43231755
127697,L6 CT,-0.16468099,0.11668819
89778,Vip,0.31573808,0.017940402
127654,L5 IT,-0.20147571,0.21854591
127323,L2/3 IT,0.17861694,0.2814067
127333,L2/3 IT,0.1917159,0.2750696
44215,Oligo,-0.018176556,-0.068240225
9696,L2/3 IT,0.23197871,0.26997793
196624,PVM,0.23831415,0.36444843
44189,Astro,-0.054068,-0.25686026
127291,L4/5 IT,0.08057147,0.20242006
44182,L6 CT,-0.019130677,-0.25831026
217689,L4/5 IT,-0.2032285,0.1992659
44136,VLMC,0.31167996,0.34477562
223890,L5 IT,0.14173716,-0.00030890107
208894,Astro,0.15339714,0.3558485
208898,L4/5 IT,0.41211647,-0.013193876
89780,VLMC,0.21829182,0.36366498
89855,L2/3 IT,-0.17454442,0.4036879
272772,Micro,0.46359974,0.0519951
241675,L4/5 IT,-0.20894334,0.27842063
217534,L6 CT,0.0044602156,-0.13439813
131849,L5/6 NP,0.16504884,-0.44524473
88320,Endo,-0.3146189,0.2149992
88321,PVM,-0.06136009,0.29720902
88350,Micro,-0.12420052,0.16224504
131779,Sst,-0.17824915,0.07467759
131756,Astro,0.40020573,0.18523991
64145,Astro,-0.12278521,-0.09505421
88380,Endo,0.16142064,0.21256006
42189,L6 CT,-0.3502968,0.10482991
195132,Astro,-0.15094894,0.4441651
131696,L5 ET,-0.07473156,0.11316955
88393,L6b,-0.019052118,-0.16260478
5029,L6 CT,-0.32038522,0.09194553
42225,L6 IT,-0.22042036,0.06741154
224596,VLMC,0.3318131,0.31852037
42242,L6 IT,0.18899113,-0.13383064
131579,Pvalb,0.03707379,0.12820697
42440,Lamp5,0.007439077,0.44403046
131262,L4/5 IT,0.20045787,0.23366517
64101,OPC,0.46619982,-0.035755277
42388,L6 IT,-0.28585583,0.101373136
224540,Endo,0.20942527,0.3246395
224542,Oligo,0.087563396,-0.2555874
131910,Oligo,-0.026006311,-0.22848752
42305,Endo,-0.15942806,0.40792197
88459,Micro,0.2352485,0.08180702
224574,L6 CT,0.18739378,-0.22470456
131509,Peri,0.16923058,0.24549425
195174,Endo,0.0077685714,0.119814515
131551,VLMC,0.26647764,0.37501472
272950,L5 ET,0.015530109,-0.023568451
264977,L6 CT,0.020902216,-0.13835597
42444,Oligo,-0.0067448914,-0.20251739
88297,Peri,0.101908386,0.17407405
131941,Oligo,0.032162786,-0.19327366
132634,Astro,-0.13710305,-0.17047742
88085,L2/3 IT,0.2603503,0.23024088
194792,L6 CT,0.081005454,-0.17236626
194843,L6 CT,0.25289434,-0.28734988
132377,Endo,-0.39468545,-0.0012587607
88147,L6 CT,0.1624121,-0.27817738
224786,L2/3 IT,0.3222465,0.24500757
194908,Oligo,0.129569,-0.3130622
132298,L5 IT,0.28718245,-0.13105679
88198,Oligo,-0.061497062,-0.22969344
194943,L6 CT,0.18065745,-0.43497086
194947,Endo,-0.20335028,0.12937939
272990,Astro,0.055805147,-0.3313894
224723,L5 IT,-0.12341809,0.08591092
132132,L4/5 IT,-0.18736267,0.27915293
42006,Oligo,0.1453579,-0.07946989
224716,L6 CT,-0.3284103,0.056301117
131942,Oligo,0.104971945,-0.32882792
64180,SMC,-0.121504635,0.3972088
195002,L6b,0.028139472,-0.20861334
131993,SMC,-0.116449,0.19923717
42036,Oligo,-0.14323461,0.21146816
265015,L4/5 IT,0.3045001,0.068118334
42072,L5 IT,0.28838766,-0.12066686
9864,L4/5 IT,-0.15148404,0.3347748
194982,L2/3 IT,-0.06770116,0.31656343
233970,Astro,0.14170265,0.09140551
132074,VLMC,0.34955907,0.3212139
4997,OPC,0.005334556,-0.20567757
132084,L4/5 IT,-0.19982204,0.2862299
132094,L2/3 IT,0.14983082,0.25091398
14957,Sst,0.086042166,0.16338962
44567,Astro,-0.25692195,0.33760428
131244,Peri,-0.21295339,0.24232137
131147,Oligo,-0.10842362,0.1893059
88829,SMC,0.40288734,0.27302986
279479,L6 IT,-0.44983366,0.08852571
42806,L2/3 IT,0.19121355,0.26677167
130373,L6 IT,0.2865194,-0.16634151
42832,VLMC,0.31033593,0.33817852
42840,OPC,-0.07186207,0.20515996
272829,L4/5 IT,0.35651624,-0.025177598
240050,Peri,0.2616104,0.006672144
195629,L2/3 IT,0.32504982,0.14645815
42860,L6 IT,-0.35440046,0.0163033
195637,Oligo,-0.03989172,-0.2412405
42879,Astro,0.030635953,0.00030988455
246459,Endo,-0.21058077,0.4098252
130193,Oligo,0.06382358,-0.2934047
257756,L5 IT,-0.070993364,0.18219352
88915,Oligo,-0.44889295,-0.064022064
130123,L5/6 NP,0.1368581,0.05099964
195810,Astro,-0.08730683,-0.20176119
63835,L6 CT,-0.20309412,0.02934748
43096,L4/5 IT,-0.2080872,0.27455622
89013,L6 CT,-0.20320234,0.07365751
257821,L4/5 IT,0.31091428,0.09591204
129882,Peri,-0.15008193,0.18192708
42754,L2/3 IT,-0.1928845,0.36482763
195737,L2/3 IT,0.14514136,0.2764746
195716,Sst,0.0951972,0.3781168
129947,SMC,0.20100528,0.39701796
63873,Endo,0.1447699,0.17637765
130021,L6 CT,0.2601192,-0.20311901
217512,L6 IT,-0.08815402,-0.09119907
14838,Micro,0.13092268,0.16045475
43048,L4/5 IT,0.39004493,-0.01732397
131194,L4/5 IT,-0.113544166,0.23767573
63935,VLMC,0.27022946,0.370013
130547,Micro,0.14279276,-0.31718665
42503,L6 CT,0.14134943,-0.13569283
235670,L6 IT,0.124229014,-0.08135596
131106,Astro,-0.12684005,0.057002366
42520,Astro,0.11273658,-0.24589762
272900,L6 CT,0.19383901,-0.23626307
269408,Astro,0.10491562,-0.38383782
217458,L5 IT,0.42309892,-0.11838266
195387,Sst,-0.14827251,0.41963673
88644,L5/6 NP,0.24656409,-0.017973006
42550,Astro,-0.32081813,0.326514
130980,Endo,0.32644135,0.28687686
257624,L6b,0.17525887,-0.2951147
130949,Oligo,-0.1350649,0.22270715
272890,Oligo,-0.106878966,0.0568645
88681,Pvalb,-0.28744793,0.24575317
130834,Astro,0.08042729,-0.39660883
130825,OPC,-0.023474663,0.018042982
130565,Astro,0.37800074,0.22276866
42726,L5 IT,-0.05408624,0.09219396
42723,Peri,0.1665504,0.032439947
88788,L4/5 IT,0.14624304,0.18645555
246476,L6b,-0.024304539,-0.17546245
217476,L2/3 IT,0.20601529,0.2274859
63939,Endo,0.15839654,0.4175895
272859,Astro,-0.050752103,0.2809124
217472,L5 IT,0.39345115,-0.035269737
209199,L6 CT,0.04269862,-0.1649023
195474,L6 CT,-0.16144219,-0.117331654
209213,Micro,0.16838926,0.22544456
130816,Astro,0.36189485,0.08845353
195456,L4/5 IT,0.08848107,0.21898603
88749,L2/3 IT,0.33451313,0.2130841
209390,L5/6 NP,0.16492468,0.010657072
126649,Vip,0.3955155,-0.2432231
5573,L6 CT,-0.44820213,0.030258417
258945,L5 ET,0.27941835,-0.014259666
46280,L2/3 IT,0.10879767,0.3788681
258966,Oligo,0.009211004,-0.2758363
208481,L4/5 IT,0.35456425,-0.012592554
123444,L6 CT,0.21088433,-0.18570882
9593,L2/3 IT,0.13783169,0.36434203
223296,Micro,-0.22455403,0.3395236
46333,Oligo,-0.12539804,0.11833835
91312,L6b,0.042584598,-0.22415423
223291,L6 CT,-0.109791994,0.035815775
197954,L2/3 IT,0.45766044,-0.0033301413
197957,L2/3 IT,0.39124185,0.034400165
123307,L2/3 IT,0.10141891,0.25107038
123289,L4/5 IT,0.17031598,0.12036461
241853,L5 ET,-0.077610224,0.097480774
272263,L4/5 IT,-0.057344437,0.27577084
46385,Oligo,-0.15111288,-0.061130315
223280,Oligo,0.07554358,-0.28751343
208460,Oligo,-0.30794746,0.13779426
46403,L4/5 IT,0.41598815,-0.07464987
46416,L6 CT,0.022507131,-0.08365774
198001,L4/5 IT,0.1665088,0.1537677
241862,OPC,0.06796104,0.23132724
91397,Endo,-0.23796383,0.31535465
91398,Astro,-0.007228166,-0.20415163
123071,L6 CT,-0.38608775,0.09794307
46513,L2/3 IT,0.24387372,0.2990076
91423,L6 CT,0.2322172,-0.33147943
123030,L6 CT,0.12117827,-0.15994331
46521,Oligo,-0.024979651,-0.23165402
46371,Astro,0.16373396,0.4116267
46245,Peri,0.18390507,-0.063411534
91270,L5 IT,0.31769222,-0.017091125
236994,Endo,-0.26524475,0.12658322
241836,L4/5 IT,-0.06655505,0.24113429
223424,L6 CT,0.24401307,-0.30604804
5911,L6 IT,0.17056727,-0.17843154
208554,Oligo,0.014609754,-0.22752872
45874,L6 CT,0.0075187087,-0.048185498
45895,L6 CT,-0.15464377,0.052779973
45916,VLMC,0.046561003,-0.26355067
45944,L4/5 IT,0.34723467,0.020054579
123982,Astro,-0.06821874,-0.24177057
264525,Astro,0.2294895,0.2634251
197774,L2/3 IT,0.19148004,0.20531213
269595,L5 IT,-0.31160808,0.15247041
46009,Micro,-0.059505105,-0.039477915
239473,L6 CT,0.23086149,-0.2956724
197794,L6b,0.009664297,-0.1906597
46016,Vip,0.30596238,-0.014051855
91126,SMC,0.17931235,-0.06172985
46216,L5 IT,0.1405245,0.04874134
123590,VLMC,0.25435275,0.3751495
123598,L4/5 IT,0.11128336,0.18035918
123602,L2/3 IT,0.07785088,0.328097
239477,L6 CT,-0.1670442,0.054387987
62730,L2/3 IT,0.28328025,0.2597198
198041,Astro,0.18860841,0.06372422
123629,Micro,-0.15100473,0.1996311
91188,Astro,0.20581836,-0.10474235
62776,Endo,0.32862264,0.07358307
244294,L2/3 IT,0.33730006,0.1971026
123803,L4/5 IT,0.16555518,0.14471424
91133,L5 IT,0.076853335,-0.0013166666
234713,SMC,0.13472682,0.10186893
217994,L2/3 IT,-0.18487477,0.3415802
6016,Endo,0.11153275,0.15740645
46541,Endo,-0.24788791,0.25574392
122899,L4/5 IT,0.34440988,0.021197915
91694,Oligo,-0.004093826,-0.12382102
91710,Oligo,-0.10624111,-0.03182748
259217,Peri,-0.25079188,0.12978667
259219,L6 CT,0.19283962,-0.15846017
91763,L4/5 IT,0.43895507,-0.09807697
122011,Pvalb,0.07993591,0.15974343
91771,L2/3 IT,-0.004701704,0.3980326
6140,Oligo,-0.06179568,-0.15700927
272164,L5 IT,0.40483886,-0.105277985
91775,L5 IT,-0.21916974,0.16860521
223037,Oligo,0.17090088,-0.36691776
47028,L2/3 IT,0.18693566,0.28606796
234699,L5 IT,0.31552708,0.1328476
198476,L6 CT,-0.008620083,-0.09043491
264425,L5 IT,0.14390624,0.03870529
47083,Peri,-0.17954785,0.28091007
198481,L2/3 IT,-0.031541735,0.39123207
272125,L5 IT,0.07803011,-0.056679368
121646,L5 IT,0.32615364,-0.0656912
121666,L2/3 IT,0.05183059,0.35658097
121707,L6 CT,0.25118464,-0.21878207
62477,L6 CT,0.24203461,-0.331143
198520,L6 IT,-0.39800927,0.12372553
198380,L6 CT,-0.21361277,0.076539636
222998,L6 CT,-0.3615207,0.07367444
47144,L4/5 IT,-0.24633816,0.32592213
272140,L6 CT,-0.11251339,-0.07371065
198507,L2/3 IT,0.1403529,0.3356102
62490,L5 IT,5.173683e-05,0.016243577
198483,L6 CT,-0.15399203,-0.037371367
264420,Endo,-0.08701813,0.31635374
272138,Pvalb,-0.2580098,0.060985446
124231,L5 IT,-0.216854,0.24724579
14472,L6 CT,-0.32389355,0.15651327
198365,Astro,0.06542963,0.330108
91459,L4/5 IT,0.37444496,-0.056186438
198086,Oligo,0.12490052,-0.35936147
122826,L5 IT,0.33013982,-0.14925596
46609,Astro,-0.1924313,0.42543125
122782,Oligo,0.11652863,-0.3299588
246035,L5 IT,0.21244204,0.042259276
6064,L5/6 NP,0.23207557,-0.1454897
246030,Peri,-0.36949995,0.19417536
259094,L6 CT,-0.14843959,-0.0568974
122651,Endo,-0.243857,0.113633454
122649,L5 ET,-0.23467872,0.21531689
62625,Sst,-0.15776381,0.11350763
122607,Astro,0.4028569,-0.018638104
91546,PVM,0.06272972,0.25665104
279313,Oligo,-0.0507873,-0.24094966
198265,Pvalb,-0.13001159,0.16503662
9567,L6 CT,-0.09573865,-0.020147592
122278,Oligo,0.09105027,-0.3116593
46860,L2/3 IT,0.3196835,0.20364499
122306,L4/5 IT,0.024239004,0.18508369
198344,Astro,-0.027846813,0.43699878
259185,Oligo,0.059051752,-0.3169545
122340,L5 IT,0.30598843,-0.1385378
91657,Endo,0.16307491,0.40385854
46832,L2/3 IT,0.21267867,0.23405552
122397,Peri,-0.1085054,-0.17736357
259159,L4/5 IT,-0.031775236,0.20531255
46816,Oligo,0.115085065,-0.3503933
198287,L2/3 IT,-0.13233915,0.35775787
122417,Oligo,-0.13936758,-0.17322007
259137,L4/5 IT,-0.02066788,0.21440148
46826,L5 IT,-0.104377,0.08584517
14579,L5 IT,-0.20215452,0.16821444
124263,Pvalb,-0.18395352,0.20871043
5882,L4/5 IT,0.22695488,0.1376729
197162,Astro,-0.12658453,-0.13958102
14664,L2/3 IT,0.48279756,0.059548438
235737,L5 ET,-0.21606985,0.2617672
14662,Oligo,-0.034670264,-0.21165985
125983,Peri,-0.25815034,0.21490204
197186,L6 CT,-0.31657454,0.061077595
223654,L6 CT,0.10746074,-0.21706268
125964,Endo,0.06881809,0.4229445
44969,Oligo,-0.06225589,0.2832225
44975,L6 IT,-0.1747427,-0.049839735
5660,Astro,-0.20750412,-0.044492304
125926,L4/5 IT,-0.041552305,0.31408948
125920,Oligo,-0.115229845,-0.17490226
125914,L6 CT,0.22757983,-0.27030182
125904,Oligo,0.050943315,-0.34261352
217840,L6 IT,0.22579062,-0.2376456
125897,Oligo,0.12400812,-0.36570862
90487,L4/5 IT,0.40658802,-0.053619564
5721,L6 IT,-0.10723135,0.02311039
264628,L6 IT,0.17107093,-0.12471664
125639,L2/3 IT,0.19286847,0.27156186
45118,Oligo,-0.1270239,-0.1982635
90422,L5 ET,0.14028305,0.03339404
44929,L2/3 IT,0.27883977,0.27867633
197253,L4/5 IT,0.02161622,0.25065917
125776,L4/5 IT,0.33612472,0.08074474
125778,Micro,0.10575789,0.33517504
45044,L5 IT,-0.095663905,0.15567493
197223,L6 CT,-0.19062275,0.1680488
45021,Peri,-0.2020979,0.21575576
197205,L6 CT,0.18678409,-0.15777394
264633,L6 CT,-0.26470256,0.15238416
125535,Endo,0.3129238,0.16845715
258491,L5 IT,-0.18399581,0.13761145
44899,Endo,0.26331598,-0.063120574
5575,L2/3 IT,0.333727,0.1926763
126571,L6 CT,-0.01546827,-0.12690476
196977,L4/5 IT,0.16363543,0.07941532
9664,Micro,0.13715911,-0.28323078
196994,L6 IT,0.24975401,-0.13804922
44677,OPC,-0.062221736,-0.14834306
14677,Micro,0.25497878,0.35797727
5585,L4/5 IT,0.0071001053,0.27191007
126404,SMC,0.04752016,0.41322273
126394,Astro,-0.010909051,-0.10967043
258439,L4/5 IT,0.42694676,-0.031185806
197054,Astro,-0.04577735,-0.2823642
126305,Sst,-0.021673232,0.028773546
272542,L4/5 IT,0.13311142,0.16795784
241788,PVM,0.44604748,0.17469102
223696,L2/3 IT,0.11320597,0.34612972
126249,Astro,0.084020615,0.19725752
217770,L5 IT,-0.12322196,0.169132
242784,L4/5 IT,0.3741864,-0.028546304
126128,Oligo,-0.13488325,0.12199378
126148,L6 CT,0.21999252,-0.23329937
44840,L6b,-0.212147,-0.06786534
126166,Vip,0.32884002,0.21615505
90325,Oligo,0.107310474,-0.23445386
44836,L4/5 IT,0.30059648,0.008982062
90275,L6 CT,-0.03942746,-0.13308749
197101,L4/5 IT,-0.11117849,0.19981384
246239,L5 IT,0.410385,-0.10369527
44803,PVM,0.3887347,0.17084914
90256,Micro,0.31651443,-0.23711953
63216,L2/3 IT,0.23513079,0.32737118
90283,L6b,0.025821984,-0.21447673
126633,OPC,0.15661377,0.36054957
5722,L4/5 IT,0.04637122,0.10588437
125512,Oligo,-0.2724818,-0.05466959
90719,L6 CT,-0.24863082,0.10323566
223518,Oligo,-0.28310168,0.14141756
90733,L5 IT,0.05698961,0.13031924
223517,L6 CT,-0.08991939,0.04931289
45554,L6 IT,-0.2144734,0.0082909465
124721,Astro,0.31329954,0.2948084
197584,Oligo,-0.15574539,-0.026830018
223491,Astro,0.30771685,0.34251994
279343,Oligo,-0.18991077,-0.14322004
124691,L4/5 IT,0.123556376,0.19458342
124686,Endo,-0.0019016564,0.22634101
237045,SMC,0.46855783,0.20384288
124675,L5 IT,0.1169166,-0.08006093
258727,L4/5 IT,0.026445568,0.17255664
246145,L6 CT,0.2905745,-0.16674277
258742,L4/5 IT,0.43937516,-0.012701392
124598,L2/3 IT,-0.031849504,0.39295292
45761,L6 CT,-0.24299833,0.031386375
124356,Endo,-0.108680665,0.28150576
223444,L2/3 IT,0.16751504,0.27695227
124378,L4/5 IT,0.27081352,0.041368067
124399,OPC,-0.15223676,0.29348552
258767,VLMC,-0.1874097,0.48007607
124807,Endo,0.101278484,0.340487
90879,Astro,-0.38884944,-0.010413468
258758,L4/5 IT,0.4199701,-0.03017962
45676,L4/5 IT,0.41603976,-0.07090294
197635,Astro,0.06532258,0.23065948
90848,L4/5 IT,-0.14047495,0.27539754
124562,L4/5 IT,0.39812696,-0.0042591095
208606,L6 CT,0.27038294,-0.22892758
197659,L6 CT,-0.011111796,0.035505593
246187,L4/5 IT,0.08469522,0.20502502
124822,L5 ET,-0.3087626,0.24568671
5805,Astro,-0.06852141,0.10839671
90499,L6 IT,0.18929583,-0.38974547
90513,L6 CT,0.23751509,-0.16957432
258608,L2/3 IT,-0.174842,0.3645591
125468,Oligo,0.2976271,-0.24367195
5733,SMC,-0.19350845,0.036275327
197348,L6b,0.1787312,-0.3010307
90524,Astro,0.019230902,-0.0058770776
208672,Oligo,-0.04015532,-0.235147
45249,Endo,0.3050509,-0.07732278
125379,Endo,0.041007042,-0.10177001
45259,L6 IT,0.08373916,-0.104626656
90547,L4/5 IT,-0.14125308,0.32094008
264598,VLMC,0.14836311,0.41244972
90574,L2/3 IT,0.196194,0.33869845
272450,Pvalb,-0.16268396,0.07316959
90584,Endo,0.009956837,0.3101278
63033,L4/5 IT,-0.25431955,0.3072704
45459,Endo,-0.19592789,0.27531803
197492,Sst,-0.35069472,0.17923588
223541,L4/5 IT,0.17320985,0.12399262
125011,Oligo,-0.024773896,-0.12101358
90653,L6 CT,-0.081112504,0.0212183
197471,L2/3 IT,-0.045885324,0.35372984
45503,Endo,0.063792765,-0.026786178
264578,Pvalb,-0.30957222,0.20213795
125069,L4/5 IT,0.35032398,0.050745964
264587,VLMC,0.050397456,0.4673882
90623,L6 IT,0.091510534,-0.13554704
125150,L4/5 IT,-0.16291997,0.27840465
208656,Peri,0.12134993,0.25876814
125162,L4/5 IT,-0.062365204,0.26086134
90641,Oligo,0.02380681,-0.21745747
121630,L2/3 IT,0.3864696,0.14038897
41687,Lamp5,0.2217316,0.28227997
209395,L4/5 IT,0.135019,0.22597134
256165,Peri,-0.24404725,0.03286296
235563,Oligo,0.019064188,-0.013055772
210338,L4/5 IT,-0.23000982,0.31622964
37888,Astro,0.054689825,-0.3218183
4168,L4/5 IT,0.3018765,0.1661663
210334,Astro,0.113959014,0.4233548
15406,Astro,0.14053535,0.18825036
139969,VLMC,0.3561225,0.28339815
37922,Oligo,0.058794677,-0.27067903
139919,Endo,0.31132746,0.34913528
85483,PVM,-0.29592365,-0.04093492
37962,L2/3 IT,-0.16411301,0.43856114
65469,Oligo,-0.19655907,0.16516322
85514,L5 IT,0.1356126,0.08120942
246968,L4/5 IT,0.2554673,0.03742397
256222,L6 CT,-0.13816372,0.04238689
265537,OPC,0.38699442,0.2038778
4187,Astro,-0.2764156,-0.0764333
139748,L6b,0.14697516,-0.2824272
265530,VLMC,0.1838575,0.4154197
241431,Oligo,0.121867836,-0.33050197
265525,L5 IT,0.21321946,0.042091668
139656,Sst,0.1304943,-0.060512215
273666,Endo,-0.28600514,0.10780287
139633,L5/6 NP,0.38915467,-0.14062554
85582,Micro,-0.3051322,0.011571348
38140,L5 IT,-0.21662691,0.1805811
139572,L6 IT,-0.3771875,0.09801406
237564,L6 CT,0.22137249,-0.29049784
273649,PVM,0.07377523,0.20306951
38010,L6 CT,0.22777319,-0.3496452
37833,L2/3 IT,0.39398724,0.16810119
140182,L2/3 IT,0.31759417,0.19211727
140211,Oligo,0.094102025,-0.13110647
15469,Astro,-0.1597803,0.3480972
210416,Vip,0.25078726,0.23121935
256078,Oligo,-0.09857875,-0.17508698
37516,Astro,0.07794541,-0.31091696
140733,L5/6 NP,0.34639746,-0.1400803
85225,L4/5 IT,0.45043743,-0.026896
256086,Oligo,0.11333847,-0.36545366
37548,L4/5 IT,0.3122601,0.04255241
15458,L6 CT,0.21015757,-0.36487144
226154,L4/5 IT,-0.03709477,0.2208134
192042,L6 CT,-0.03007105,-0.10086891
239323,Pvalb,-0.3662392,0.1662997
140576,L6 CT,-0.38930053,0.09634572
243986,L2/3 IT,0.06912178,0.3184712
226147,VLMC,0.31508362,0.32686973
140522,L5 ET,-0.16877827,0.19938797
192110,Oligo,0.015726805,-0.18963358
140224,L5 ET,0.06484133,0.10695052
37770,Lamp5,-0.09174645,0.42628384
226116,L4/5 IT,0.36697948,0.001501143
85396,L6 CT,0.022504032,-0.072434425
4143,L6 CT,0.16116536,-0.24523515
140290,L6 IT,0.2556969,-0.24727133
139542,L2/3 IT,0.33531123,0.13854033
256128,Peri,-0.16187632,0.22985107
37727,Astro,0.3791449,0.039731085
192163,L2/3 IT,0.19143164,0.25213766
140359,VLMC,0.35520464,0.32758796
37710,L4/5 IT,0.04511118,0.20210546
65541,Oligo,0.063437045,0.17112273
140395,OPC,-0.052647978,0.26798642
140322,L4/5 IT,-0.10456887,0.24968374
139538,L5 IT,-0.22664109,0.1573857
139535,Oligo,-0.28004533,-0.06571549
192463,L4/5 IT,0.40807468,-0.00023072958
4320,L5 IT,0.34713995,0.13657886
15352,L6 CT,0.22953975,-0.239811
192741,Astro,-0.17890722,0.41871083
138774,L6 CT,0.227458,-0.3594061
225878,L6 IT,-0.28864345,0.12493825
138680,Oligo,-0.106562614,0.19174248
4364,L4/5 IT,0.3631845,0.05700624
225862,L4/5 IT,-0.14058328,0.25137115
4369,Pvalb,-0.38891345,-0.07261738
85956,L4/5 IT,0.36820847,0.10243446
10147,L4/5 IT,0.14723021,0.15559322
15314,Peri,0.13558662,0.3058638
279612,Endo,0.16655678,0.25427896
192872,L6 CT,0.23145199,-0.16558066
38710,L5 IT,0.054181635,-0.08755252
65285,Oligo,-0.06815833,-0.15114307
138467,L4/5 IT,0.42476887,-0.04487008
192951,L6 CT,0.16985935,-0.25798294
217060,L5 IT,0.20567167,0.022960067
210139,VLMC,0.27304572,0.36514407
138306,L5 ET,-0.1974991,0.23906726
4423,Endo,-0.2084001,0.26580733
256463,L5 ET,0.29847956,0.025535047
138877,L5 ET,0.032562017,0.14400548
65268,Oligo,-0.03434941,-0.22400755
265393,Micro,0.37575132,0.21169537
86079,Oligo,-0.24058428,-0.084344655
192915,Oligo,-0.1903579,-0.14459378
210156,L5 ET,0.04405731,0.076392055
38751,L6 IT,-0.2829743,0.10035753
192905,L4/5 IT,-0.18434128,0.28318614
138350,L5 IT,0.011241376,0.02836001
85190,VLMC,0.20843446,0.4152925
237532,Oligo,0.044250607,-0.33102217
15354,L6 IT,0.25478834,-0.23308346
38193,Oligo,0.08110547,-0.3635865
10217,L2/3 IT,0.19489825,0.30460078
85610,L6 CT,-0.1717627,-0.02578473
192471,L6 CT,-0.35379803,0.10204172
139484,Astro,-0.2657084,0.08819789
85619,L2/3 IT,0.45786732,0.08094162
38262,Oligo,0.011415541,-0.26099685
139440,PVM,0.31508,-0.19572079
273635,L5/6 NP,0.39463973,-0.1411444
85644,L2/3 IT,0.35460162,0.2493816
256323,L2/3 IT,0.3532101,0.067585886
10201,Endo,-0.012528956,0.35050017
233841,Endo,-0.10860118,-0.11362532
192567,L2/3 IT,0.13300848,0.33017135
65412,L6 CT,0.18272585,-0.23441607
4275,L5 IT,0.3550824,-0.096242726
139223,Pvalb,-0.3725812,0.12657958
85822,Oligo,0.3589555,-0.15535465
15357,Astro,0.22614634,-0.14356264
38535,L5 IT,0.053084135,0.026266396
138981,L2/3 IT,-0.16908452,0.35488623
192642,L4/5 IT,-0.1145291,0.31947178
192621,Pvalb,-0.2669447,0.16352326
138897,L4/5 IT,-0.18982643,0.28165412
139089,Micro,0.0067813396,0.3338027
4293,L2/3 IT,0.012889743,0.38663465
38445,L6 CT,0.11839104,-0.1896998
210252,L4/5 IT,0.3851512,0.033106208
4282,Pvalb,0.42450386,-0.05546841
192590,Oligo,-0.16992417,-0.1316989
139222,Oligo,0.1636517,-0.37035698
139097,SMC,0.28838342,0.35972953
85175,L2/3 IT,-0.14112613,0.34213752
4078,VLMC,0.15942013,0.39479464
191946,L6 CT,-0.26684546,0.079000235
226578,L5 ET,-0.14345685,0.14827186
84602,PVM,0.30118084,0.22374237
142596,Oligo,-0.17335352,0.042591512
265699,L5 IT,-0.3933,0.18156904
142543,PVM,0.13435549,-0.102924526
142469,Astro,0.04814166,-0.30311295
142438,L6 CT,0.17409205,-0.31227654
142434,L4/5 IT,0.13580239,0.15980285
142398,VLMC,0.22659117,0.39712954
84665,L4/5 IT,0.42705625,0.0041380525
191498,L5 ET,-0.06750095,0.14998782
226549,L4/5 IT,0.14496553,0.20876187
65906,L6 CT,0.17317164,-0.25210232
65904,L5 ET,0.21877807,-0.049303055
142326,L4/5 IT,-0.15937406,0.29639316
142281,L5/6 NP,-0.31884602,0.14881581
233773,Astro,-0.12495291,-0.031050473
141957,Oligo,0.09381968,-0.38180354
216851,Endo,0.20179117,0.26506674
36903,Endo,0.22113782,-0.17843807
65828,Endo,-0.0601815,-0.093925565
142021,Endo,0.12485182,0.34214854
255856,L4/5 IT,0.12916553,0.16226321
279699,Sst,0.06979346,0.11700863
142100,L5 ET,-0.19635975,0.17236501
278485,L2/3 IT,0.0033383965,0.28490603
65870,L5 IT,0.32773077,-0.09558451
84723,L2/3 IT,-0.18208352,0.34654266
191558,L6 CT,-0.0935899,0.0126286745
142204,L2/3 IT,0.32681113,0.13810188
142255,L5/6 NP,0.17034632,-0.08907139
243962,Oligo,-0.20017102,0.3083623
36914,L4/5 IT,-0.24085197,0.29172188
191403,Oligo,-0.008049041,-0.19526646
142690,Astro,0.13425648,0.1314606
36253,L2/3 IT,0.24076337,0.31532633
66067,L2/3 IT,-0.16769254,0.30866688
143221,L4/5 IT,-0.20445931,0.2914855
210674,L2/3 IT,0.2091791,0.27390474
210673,L2/3 IT,0.19828594,0.2882092
143171,L4/5 IT,0.054950416,0.18208253
235542,L5 ET,0.34587193,-0.054139644
36357,Endo,0.08122945,0.115941465
233761,L2/3 IT,0.16928595,0.35308826
143127,L2/3 IT,-0.16855165,0.3755839
210658,Peri,-0.04106173,0.008531153
273934,Sst,0.2955746,0.07410282
210652,Astro,0.048956215,-0.08373839
36454,L5 IT,0.19148797,0.0065732
36468,L6 CT,0.2494815,-0.26124495
255698,L2/3 IT,0.23715007,0.31294268
142933,L6 CT,0.21646756,-0.36133015
142700,PVM,0.081314206,0.22503656
279702,L6b,0.15853572,-0.286003
84539,SMC,-0.04587108,-0.0658102
142783,Endo,0.2557552,-0.008757919
142788,Astro,0.08563787,-0.3334765
142798,L6 CT,0.06636685,0.0044025183
233769,SMC,0.12273574,-0.29920697
84536,Endo,0.17279166,0.2707277
142838,Oligo,-0.008251637,-0.23946336
142843,L4/5 IT,0.38882703,0.0002708435
142898,Astro,-0.1346432,0.46033847
247086,Endo,0.121528864,0.3142439
142918,L6b,-0.050398916,-0.1483765
142924,L6 CT,0.2255125,-0.33700627
36520,Oligo,-0.2072841,-0.12209132
217061,VLMC,0.18287075,0.40689856
216855,Oligo,-0.3646847,0.14925128
226458,VLMC,0.051280677,0.47790617
141447,L6 IT,0.15298384,-0.05152923
210475,L5 IT,0.09524518,-0.04162106
226319,L6 CT,-0.4177249,-0.005820781
37187,Endo,0.25613272,0.3127687
37195,L6 IT,0.04940927,-0.07351264
191794,L6b,-0.021450102,-0.14785242
141349,Vip,0.11268216,0.42318034
255997,L5 IT,0.42911404,-0.11091012
37268,L6 IT,0.017225325,-0.094385326
216905,L5/6 NP,0.16950536,-0.11227143
65687,Astro,0.04959172,-0.13712674
247000,L6 CT,0.22718978,-0.25786412
141205,Peri,0.3317836,-0.006732881
65684,L5 IT,0.30424458,-0.04714641
141188,L2/3 IT,0.3657837,0.13205034
10259,Astro,0.30405235,0.0012119412
141166,L2/3 IT,0.0052114725,0.38486046
191933,L2/3 IT,0.36989415,0.1833806
273736,Endo,0.2806629,-0.0920594
210432,VLMC,0.14808095,0.43553478
85106,L5 IT,0.28559184,-0.05517271
85098,L2/3 IT,0.28043288,0.26331478
273743,L5 IT,0.17565662,0.06570649
37144,Oligo,0.048111618,-0.30020487
65658,Oligo,0.13216954,-0.12811965
141057,PVM,-0.08820644,0.2728626
85072,L6 CT,0.14987046,-0.20414829
237619,L4/5 IT,0.15749156,0.24854016
141085,Oligo,0.07210255,0.47392178
191900,L2/3 IT,0.14896011,0.32361776
141152,L6 CT,0.23336947,-0.20963079
37401,L4/5 IT,0.2091685,0.13883972
141942,OPC,0.03232962,0.44564474
4042,L4/5 IT,-0.019368857,0.235771
141467,Pvalb,-0.044175982,0.33461607
36939,Astro,0.100037575,-0.35584593
226454,L5 IT,0.0878827,0.08426094
141852,Astro,0.2478829,-0.05299267
36961,SMC,-0.05431536,0.14585334
141832,L6b,0.06898695,-0.21260542
36967,Oligo,-0.24152997,-0.052434176
141788,L6 CT,0.21294522,-0.11989495
191687,Astro,0.30966246,0.16877747
141746,L4/5 IT,0.33364862,0.06949252
84836,L5 IT,0.36226565,-0.06824958
65766,L6 IT,-0.008260369,-0.024291575
65745,Oligo,0.036084652,-0.2803582
37044,L6 IT,-0.29305106,0.06870204
210506,L5 ET,0.34090692,-0.07041472
141646,L6 CT,0.21046919,-0.20031977
3991,L6 CT,-0.038607836,-0.016268939
226389,L4/5 IT,0.18196213,0.16598427
141488,L6 CT,0.23238152,-0.2137523
15489,Oligo,-0.27726686,-0.056001395
4022,L6 CT,0.19831723,-0.32630372
226345,L6 CT,-0.33008498,0.051579535
210491,Astro,-0.15812552,0.19026041
226370,L5 ET,0.28316462,-0.049536437
255967,L2/3 IT,0.101178646,0.3515532
210495,L2/3 IT,0.31197667,0.24521673
226372,Astro,-0.26299062,0.13717037
84882,L6 CT,0.2203682,-0.34024835
37081,L6 CT,-0.33322877,0.026197553
226376,Oligo,0.0859797,-0.34275866
141607,L2/3 IT,0.13127112,0.32366663
84870,Lamp5,0.16699302,0.40402508
141569,L4/5 IT,-0.22266304,0.27644658
41686,Vip,0.20369154,0.31473815
38876,L4/5 IT,0.32899666,0.025440216
192980,Oligo,-0.17721435,0.04572451
257000,PVM,-0.1285145,0.24004436
134712,L5 ET,0.11507434,-0.017027259
273202,L6 CT,-0.19594494,0.06123787
87365,Oligo,0.4367686,0.1381315
40708,Endo,0.112103164,0.19495618
209620,L4/5 IT,0.38889408,0.0032226443
40738,Endo,0.2215867,-0.019731432
265156,L5 IT,0.13169545,0.063140035
134529,L5 IT,0.12132603,0.09203488
134521,L5 IT,0.19979554,-0.032903463
134495,L6 CT,0.20944005,-0.24139488
134455,Endo,0.2543701,0.27350754
134447,VLMC,0.2923537,0.34273988
15080,L6b,0.06745845,-0.21970811
225243,L5 IT,-0.23746875,0.15642834
134436,L2/3 IT,0.2116667,0.26251936
134413,L2/3 IT,0.22433972,0.30148524
64503,L4/5 IT,0.32849675,0.05939597
87487,L6 CT,-0.2273998,0.010906994
40839,L2/3 IT,0.34462428,0.17004162
134341,L6 CT,-0.1029073,-0.04789442
134319,Oligo,0.088281214,-0.33356106
4791,Endo,-0.3127908,0.24006826
273178,OPC,0.027902305,-0.30457693
225150,L5 IT,0.035152912,-0.04538566
87537,Oligo,-0.12028885,-0.17416492
217289,L4/5 IT,0.01648879,0.24126536
134193,L4/5 IT,0.3802153,-0.032568395
40937,L6 CT,-0.003029704,-0.07033911
225138,L5 IT,0.3901351,-0.102799416
40823,L5 IT,-0.33085176,0.16673869
244122,L2/3 IT,0.21700859,0.31935734
134786,L2/3 IT,-0.11732903,0.30919886
134797,L5/6 NP,0.17130363,-0.0016621053
279557,L5/6 NP,-0.09044564,0.10100776
135401,L6 CT,0.20259678,-0.31002295
87144,L4/5 IT,0.35738683,0.008206129
193932,Oligo,-0.31464994,-0.0015460551
87159,Oligo,-0.3249336,-0.009806961
87160,Sncg,-0.124241084,-0.13549462
217254,Astro,-0.1922727,-0.1347202
135274,OPC,0.19634902,-0.31064048
135262,Endo,0.39503688,-0.0006804764
64648,Endo,0.32794368,0.123045444
12419,L5/6 NP,0.25369424,-0.07317859
64641,Endo,-0.122166574,0.235479
265184,L6 CT,0.22338885,-0.25604516
40439,L6 IT,0.1856823,-0.17117181
273242,L2/3 IT,0.21926254,0.32809645
237397,Astro,-0.24413523,0.15915167
135054,L2/3 IT,0.20247918,0.31716818
134820,L2/3 IT,-0.07573652,0.3188163
87326,VLMC,0.2947206,0.3448909
40624,L2/3 IT,0.23603886,0.2496022
134875,L5 ET,-0.065888554,0.15924984
40615,L6 CT,0.23925048,-0.19795802
40614,L4/5 IT,0.3015676,0.07517183
194268,Astro,-0.10764527,-0.26527637
87289,L4/5 IT,-0.13529482,0.30785108
273232,Oligo,-0.31314993,0.19144237
194065,Oligo,-0.46014845,0.02529627
87274,Oligo,-0.16567135,-0.04406482
87265,L4/5 IT,0.41499555,-0.060207784
242856,Oligo,0.086672485,-0.28655767
135001,Astro,0.09484249,0.3135159
241529,Astro,-0.4199649,0.06452972
87552,Endo,0.13971841,0.09855986
134114,Pvalb,-0.16346446,0.29336524
64465,L6b,-0.4027009,0.04963672
87874,L6 CT,0.19043338,-0.13193616
265077,Sst,-0.20445636,0.38105524
41461,L6 IT,-0.24959412,0.037789524
64314,L2/3 IT,-0.09018561,0.39248884
133091,L2/3 IT,0.40960932,0.0762707
246562,L5 IT,0.32642943,-0.046260834
224952,Vip,0.20045745,0.1466918
87938,OPC,0.16706574,-0.2667613
133054,Astro,0.23382246,0.37791324
133039,Astro,0.42296165,-0.07425517
224940,Astro,-0.05431989,-0.21541038
41555,L2/3 IT,-0.072061,0.32901877
132961,L5 IT,0.31610268,-0.12187198
132921,Oligo,-0.2637899,-0.07065895
9906,L6 CT,-0.04847178,0.029586732
87974,Pvalb,0.14120549,-0.060883522
132900,L6 CT,-0.09965521,0.005333543
132689,L5/6 NP,0.37408864,-0.11807832
132694,L6 CT,0.27450168,-0.2675594
4950,Oligo,0.06335217,-0.29664487
132710,Oligo,-0.15980121,0.20993638
209403,L6 CT,-0.08535105,-0.07936269
235654,Oligo,-0.11110306,-0.1378384
273083,PVM,0.19405878,0.122947335
64266,L5 IT,-0.05497238,0.1324839
64268,L6 CT,0.1977042,-0.27575266
132804,L2/3 IT,0.18522865,0.31057042
41607,L2/3 IT,0.39780682,0.106829405
246560,L2/3 IT,0.053881228,0.35358864
209414,L5/6 NP,0.23739368,-0.10362777
15002,Micro,0.32651782,0.314201
194705,Vip,0.36779934,0.2015881
135496,L2/3 IT,0.2652716,0.22151744
257233,L6 IT,0.083657086,-0.08458039
273097,L2/3 IT,0.28747785,0.24054587
194306,L2/3 IT,-0.023765743,0.34107292
133992,Astro,0.07866573,0.45361972
273149,OPC,-0.06784177,-0.19490424
279537,L6 CT,0.18448299,-0.48473698
87615,Astro,0.4685307,0.18710369
15054,L2/3 IT,0.39871836,0.18126988
133834,L2/3 IT,-0.13404557,0.4107784
87647,L2/3 IT,-0.065806955,0.42231464
41112,L6 CT,-0.22140759,0.08886039
41113,L5 IT,-0.109387904,0.1666311
209499,Endo,0.23102802,0.17599362
237351,Lamp5,-0.26962498,0.28580022
194390,Lamp5,0.25230092,-0.23387915
279528,L6b,0.07195014,-0.26577288
15044,L6 CT,0.2536413,-0.30104727
194466,OPC,0.028153777,-0.049530506
41230,Oligo,-0.0564318,-0.24198443
235643,Oligo,-0.1521123,-0.11888301
133405,Oligo,0.096265495,-0.113857
41320,L6 IT,-0.30477196,0.03704971
133429,Oligo,-0.025990754,-0.23365453
194530,L6 CT,0.0065045357,-0.051246524
87754,L6 CT,0.21658373,-0.3857934
209449,Peri,-0.034324944,0.19759429
225033,Micro,0.2669803,-0.17551565
235637,SMC,0.45055354,0.19659555
133517,L4/5 IT,0.38978302,-0.06605819
133520,Oligo,0.018574893,-0.2712013
133532,L6 IT,-0.08346504,-0.07192531
273114,L4/5 IT,0.38514644,0.034085035
87709,L6 CT,0.20286876,-0.30497396
257189,Oligo,-0.051520497,-0.23462066
265194,L2/3 IT,0.26808554,0.2601608
225381,L6 CT,0.029479146,-0.105810046
12416,PVM,0.07023531,0.38604987
279585,L6 IT,-0.23461819,0.12392855
86350,Oligo,-0.020098716,-0.22725803
244040,L2/3 IT,0.18136519,0.3308031
39288,L4/5 IT,0.13594455,0.15670007
86367,L4/5 IT,0.057633698,0.18405867
137467,Micro,-0.3014527,0.259901
39334,L5 IT,-0.36169004,0.1730051
137451,Astro,0.1315068,0.19293135
225655,PVM,-0.2787072,0.32719028
137423,L5 IT,0.12831008,0.08746046
39357,Endo,-0.25934505,0.1827758
12367,L4/5 IT,0.1152696,0.16252303
217135,L2/3 IT,0.4036445,0.12756044
137365,L2/3 IT,0.08515239,0.33663803
137362,L4/5 IT,0.40368688,-0.040440053
225647,L6 IT,0.23518926,-0.44029236
137329,Endo,0.08577669,-0.15589768
209993,L6 CT,0.14300144,-0.121950656
137096,L4/5 IT,-0.11501688,0.18266803
4510,Oligo,0.05885613,-0.36484545
86509,L2/3 IT,0.051773965,0.35100764
193274,L4/5 IT,0.30208546,0.10420197
4509,Sst,-0.24585441,0.16124183
193157,L5 IT,0.3985244,-0.13251093
193261,L6 IT,-0.1447339,-0.01494512
86466,L6 CT,0.11297357,-0.19549477
86465,L6 CT,-0.045490444,-0.07413846
256581,L5 IT,0.3457672,-0.04781881
193249,L5 ET,-0.05604148,0.06888783
86457,PVM,0.16874516,0.24112713
39403,L5 IT,-0.031039715,0.0886029
279581,L6 IT,-0.32452714,0.026572168
137088,L6b,-0.30763757,0.02657628
237476,L6 CT,-0.18543792,0.044864953
137684,Oligo,-0.14027709,-0.16962925
38916,Sst,-0.31867266,0.25206888
138182,Astro,-0.084436566,-0.2073479
225758,Astro,0.11575574,-0.37485301
4431,Oligo,-0.089812905,0.009630561
65202,L6 CT,0.27000922,-0.2688865
38941,Astro,-0.2596767,-0.10965282
225754,Endo,-0.33766526,0.19303459
4432,L4/5 IT,0.0006158948,0.21489769
138137,L2/3 IT,-0.17353779,0.37196684
38956,L6 CT,-0.13037136,0.15089071
138082,L2/3 IT,0.13566822,0.28573334
86229,L6 IT,-0.03370732,-0.016719133
138001,L6 IT,0.24756211,0.27970874
225742,L5 IT,0.17800957,0.028013825
217108,Micro,0.13742298,0.16232473
39034,L4/5 IT,-0.19060197,0.29683703
279596,Oligo,-0.10763693,-0.040988624
225700,L4/5 IT,0.14065826,0.13118142
273491,Astro,0.1141209,0.32867962
65119,Endo,-0.0924629,-0.2041066
235591,Astro,0.2357449,0.3692513
39140,L5 IT,0.06962693,0.15563065
225713,Micro,0.15723693,0.28798503
193146,L5 ET,-0.13768855,0.18405354
86296,Oligo,0.038482964,-0.29473716
137806,Oligo,-0.24933621,-0.030991316
273499,Endo,-0.20782933,0.1855492
137832,Astro,-0.09857333,0.3652345
39057,Peri,0.22721958,0.2609036
65141,L4/5 IT,0.3785082,-0.013453424
193052,L4/5 IT,0.0062379837,0.26084566
265351,L2/3 IT,-0.18624422,0.3712601
38907,L6 CT,0.1447531,-0.22812667
137049,L4/5 IT,0.15752774,0.13969517
256616,L5 IT,0.3681246,-0.029368818
136178,Pvalb,-0.23335746,0.28174794
136127,Endo,-0.1120635,0.16430491
136126,Peri,-0.22896343,0.017661989
136099,L5 ET,0.026318073,0.05832851
136086,L4/5 IT,0.040340304,0.21893644
278533,Endo,-0.16276357,-0.17607883
136049,L2/3 IT,0.10520941,0.3408785
136038,Lamp5,0.19059998,0.31491405
256773,Oligo,-0.2107853,0.20540845
86933,PVM,0.1966312,0.25048316
209802,L5 IT,0.1504327,0.14053267
4657,L2/3 IT,0.032128572,0.35890383
64727,L6b,0.14977843,-0.26869595
278115,Astro,-0.08217475,-0.24671179
64722,L4/5 IT,0.13604623,0.13297164
4674,Oligo,-0.03306374,-0.20914787
40113,Oligo,-0.24699593,-0.0800854
193858,L6 IT,-0.5,0.0030795336
135606,L4/5 IT,-0.20920059,0.2788915
239370,L6 CT,-0.0681999,-0.074169576
40199,Oligo,-0.011922181,-0.25715277
87051,Peri,0.27887243,0.32439446
209781,Vip,-0.1745747,0.27498245
136186,L6 IT,-0.19675234,0.00016665459
40165,Oligo,-0.099496305,0.062211156
40155,Sst,0.31435937,0.09117025
237406,L4/5 IT,0.36069584,0.009371281
87017,L5/6 NP,0.17061889,-0.38265762
135704,L6b,-0.16017976,-0.11142987
15145,L6 CT,-0.20152158,-0.0030338466
64718,L6 CT,0.26710993,-0.22364804
269282,Oligo,0.24269658,-0.11262244
65000,L6 IT,-0.18803814,-0.0005927384
193647,L6 CT,0.2348212,-0.30285865
136272,Vip,-0.008017033,0.2866637
136952,Astro,0.09405112,-0.3401584
209966,L6 CT,0.19573164,-0.35361362
136915,Micro,-0.12787417,0.36980826
136900,L2/3 IT,-0.18353704,0.4012379
193368,Vip,0.21557838,0.3111353
136870,VLMC,0.46753258,0.22045529
136860,Micro,0.25040466,0.25342393
193403,L2/3 IT,0.19818056,0.29094696
242874,Sst,0.09424102,0.3727299
64946,L6 IT,-0.07281256,0.019317687
225577,L2/3 IT,0.15656936,0.29121035
136659,L4/5 IT,0.37637955,0.011630654
39695,L6 CT,0.10341358,-0.068216324
39710,L4/5 IT,0.14527029,0.14800525
86698,Astro,-0.24125242,0.15622848
39745,Endo,-0.11172885,-0.15009108
273374,L4/5 IT,-0.08043024,0.2964155
136317,L2/3 IT,-0.22202143,0.34448475
86820,Micro,0.4383602,0.08934355
39826,L4/5 IT,0.33352196,-0.048095495
136380,L6 CT,-0.07713881,-0.024281263
273357,Astro,-0.049671322,-0.26466888
136427,Pvalb,-0.24909005,0.015831113
246751,Micro,0.27234483,0.24273312
136436,L4/5 IT,0.32383132,0.067079484
15185,Lamp5,0.15543932,0.38970125
86765,Pvalb,0.403041,0.06413442
269256,Peri,0.08420086,0.2883166
39767,L2/3 IT,0.15803927,0.27604264
237455,L5 IT,-0.15548581,0.46684128
136501,L6b,-0.13800901,-0.1244047
193541,L6 IT,0.15736043,-0.1915448
47230,L6 IT,-0.47017196,0.01715815
208290,L6 CT,-0.12540996,0.014858067
121566,Sst,-0.07792461,0.09404987
220546,L6 CT,0.2283873,-0.2571185
261833,Astro,0.10253763,-0.39533094
107093,Micro,0.23822904,0.22930598
269994,L6 IT,0.2673139,-0.2860805
203385,L4/5 IT,0.36156785,0.040368795
13015,Astro,-0.18085063,-0.094683945
261840,Lamp5,-0.11066699,-0.14756134
59956,Astro,0.16932148,0.3592313
270912,Oligo,0.01555872,0.007838905
106935,L6 CT,-0.074330896,0.00067025423
54770,L5 IT,-0.21640888,0.12045145
203416,Endo,0.11884433,0.25270885
203419,L5 ET,-0.15972209,0.17526835
106896,L4/5 IT,0.27787983,0.078174114
107157,L6 CT,0.23392463,-0.33185142
106893,L4/5 IT,0.12901759,0.15232456
106870,L2/3 IT,0.14211553,0.3622511
54805,Oligo,-0.038701266,-0.23224732
7841,OPC,0.4119709,0.23665154
263538,Astro,-0.065788984,-0.23754105
270022,Micro,0.34409183,0.17054057
59907,Oligo,-0.04673606,-0.20000851
261889,L6 CT,0.23291963,-0.2086663
59896,Astro,-0.15841025,0.108296454
106659,L2/3 IT,0.20541286,0.31717324
106651,L6b,-0.29003364,-0.013434887
54900,L6 CT,-0.35020918,0.13809735
261907,L2/3 IT,0.35818058,0.12435305
13523,VLMC,0.34373277,0.30326498
8912,Astro,-0.17917773,0.44533324
54785,L5/6 NP,0.3280763,-0.15517855
107160,L6 IT,0.23801541,-0.30356163
220547,Astro,0.16041332,0.29645503
107174,L6 CT,-0.20170796,0.04796803
107744,L6 CT,-0.39306188,0.107767284
107732,L2/3 IT,0.37027055,0.18992347
54347,Endo,0.1635794,0.33312964
107700,L5 IT,0.14970404,0.015945196
270965,L6 IT,0.2521909,-0.2044287
107681,Endo,0.023265421,-0.029215038
203116,VLMC,-0.13108215,0.5
235969,L5 IT,0.076937735,0.14539617
107593,PVM,0.13022256,0.20207411
261740,VLMC,-0.067497045,0.48381805
96630,L6 CT,0.17454231,-0.11025137
261750,L6 IT,-0.42905307,0.0563637
96635,L6 IT,-0.06976059,0.054133236
245178,Astro,-0.319363,0.16332233
261760,Oligo,-0.4063801,-0.014663726
107500,L4/5 IT,0.09510988,0.14387333
96682,L2/3 IT,-0.059179455,0.35996866
107184,L6 CT,0.16851383,-0.15240455
59998,L2/3 IT,0.10380411,0.28338617
107281,L4/5 IT,0.37467313,-0.090144485
7779,Endo,0.44804978,0.11059356
54551,L5 IT,0.31871164,-0.09609637
54540,Peri,-0.3718793,0.19789797
96953,Pvalb,-0.25701737,0.27705246
54525,L5 ET,0.07083589,-0.011773258
107362,Astro,-0.11920962,0.4426087
60036,L6 CT,0.22938901,-0.23704225
279018,Pvalb,-0.10281932,0.19733816
54481,L5 ET,-0.07115039,0.11363125
107467,Oligo,-0.24133259,-0.11699003
107470,Astro,-0.24587229,0.10213244
107354,L2/3 IT,0.26980108,0.2676484
106466,L6b,-0.31545147,-0.026312888
106427,L2/3 IT,0.3079701,0.20673591
206588,L6 IT,0.25604945,-0.13611272
105704,Oligo,-0.005079061,-0.23948821
234422,SMC,0.1508925,0.42626524
105664,L6 CT,-0.31455642,0.104261875
245068,Astro,0.12438434,0.4147334
262077,L6 IT,-0.39135456,0.12353486
105602,L5 ET,-0.1484451,0.15535182
203783,L2/3 IT,0.20984948,0.2117185
55465,L2/3 IT,0.1859129,0.33649945
220361,L2/3 IT,0.31798124,0.25707352
55468,Pvalb,0.12163228,0.094257236
245062,L5 ET,-0.25327826,0.22596216
203843,L4/5 IT,0.41514236,0.10829371
203861,L4/5 IT,-0.20245153,0.33884704
8009,Astro,0.08978212,0.24315798
55564,L4/5 IT,-0.17348996,0.28710157
105367,L6 IT,-0.35210794,0.06797457
13420,L6 CT,-0.1543175,-0.046908736
55752,L4/5 IT,-0.19283876,0.30352014
104934,L5 IT,0.14463699,-0.064899296
55749,L4/5 IT,0.40018713,-0.046268016
8048,Astro,-0.2958709,0.23445582
55713,L6 CT,0.023059964,-0.10262868
105066,Oligo,0.041636348,-0.24924329
105706,Peri,0.04555893,0.19531673
203935,Micro,0.07293582,0.17250234
270775,PVM,0.10096359,-0.25147796
218968,Endo,-0.30007064,0.16856533
278974,PVM,-0.06529665,-0.1980213
262152,L2/3 IT,0.24766922,0.24886769
105298,L6 CT,0.211631,-0.28535742
206467,L2/3 IT,0.4253673,0.11574072
55606,Astro,-0.04236287,-0.23773837
203077,Endo,0.32237184,0.1311453
270812,L6 CT,0.02090925,-0.036664337
262042,Astro,0.4022041,-0.011198252
220440,L6 CT,0.25174367,-0.28467327
97013,L6 CT,-0.40532607,0.10915017
203550,Oligo,0.099458456,-0.28171414
263511,Astro,0.3092522,-0.1526697
55041,L5 IT,0.11897552,0.025601804
55053,L4/5 IT,0.10405904,0.19620812
55071,L2/3 IT,0.08388311,0.25769866
55082,L5/6 NP,-0.12719753,0.061139345
203579,L4/5 IT,0.255935,0.06926608
55085,L6 IT,-0.44230008,0.07529515
261986,Oligo,-0.060367554,0.45780075
220434,Astro,0.06346744,-0.3230667
97067,L6 CT,-0.32702976,0.1956678
239608,Peri,0.26711756,-0.27683932
106132,OPC,0.091557026,-0.36350787
55171,L5 IT,0.33616352,-0.07000297
206561,VLMC,0.4116063,0.25519758
105826,L4/5 IT,-0.25824428,0.29264688
218932,L5 IT,-0.28695625,0.18758726
236332,L4/5 IT,0.4279322,-0.083233
203705,L6 CT,0.19976187,-0.3986841
105882,Oligo,0.085559964,-0.33725223
105885,Lamp5,0.28416342,0.2513911
55401,SMC,0.4763975,0.18864566
105984,L2/3 IT,0.18725556,0.30865902
106023,L4/5 IT,0.35361123,0.07809168
13492,L4/5 IT,-0.1285789,0.22380418
206556,Pvalb,0.1209141,-0.1307356
245110,L4/5 IT,0.21193999,0.17711419
106116,Peri,0.35702544,0.15954441
106117,L6 CT,-0.39831966,0.047636032
105988,L2/3 IT,0.06970978,0.3119068
96579,L4/5 IT,0.38718015,-0.017936736
54325,L2/3 IT,0.13633853,0.35719937
60096,Astro,0.19542521,0.35691798
109658,L6b,0.17586029,-0.28013337
202476,Peri,-0.012977958,-0.13557103
242267,L2/3 IT,0.11509508,0.24485898
109598,Oligo,-0.11658898,-0.1918332
109593,Astro,0.25635618,0.36917317
261418,Endo,-0.007434368,0.29562318
202503,Oligo,0.16539162,-0.12587452
109567,Oligo,0.078856945,0.16345847
95971,L2/3 IT,0.14126194,0.29496348
109525,L5 IT,0.11098355,-0.079603255
109501,L2/3 IT,0.19738084,0.2853486
53465,L4/5 IT,0.4039536,-0.050275445
242649,Vip,-0.10909167,-0.013623089
9032,L6 CT,-0.25906217,0.15262604
109458,Micro,-0.17517972,-0.11603752
220853,Micro,-0.17733166,-0.1374951
96004,Astro,0.002549827,-0.2604525
109291,L2/3 IT,0.46975607,0.01283747
220835,Astro,0.4622109,0.17432225
236495,L6 IT,-0.04448095,-0.06304568
53542,Endo,0.19339943,0.32712507
236497,L6 CT,0.23682868,-0.26014003
96054,PVM,0.20309776,0.061754882
60477,L5 IT,0.13749635,0.12808996
96051,Pvalb,-0.04788527,0.39145213
60410,L2/3 IT,-0.053001016,0.31753427
269928,Vip,-0.22537717,0.3612455
53506,Sst,0.09416568,0.0012524128
109401,Oligo,0.0058048368,-0.24062377
96012,L2/3 IT,0.28502154,0.25666583
109442,L6 CT,0.16051358,-0.15715644
109349,Astro,-0.31260616,-0.003255248
109226,L6 IT,0.099728286,-0.15300313
206985,L6 CT,0.21723002,-0.3060174
109751,L2/3 IT,0.20609087,0.24811524
110487,L6 IT,0.25898296,-0.1305553
221023,Pvalb,0.005434394,0.06828743
110388,L2/3 IT,0.13929868,0.2546997
110351,L5 ET,-0.120951265,0.14879489
60574,PVM,-0.31124783,0.16112208
271183,L4/5 IT,-0.21363676,0.29694098
95735,L6 CT,0.07159889,-0.14328444
271179,L4/5 IT,-0.17816973,0.28839517
13773,L2/3 IT,0.17666566,0.2479878
60548,L6 IT,-0.23263776,0.122728586
110224,Oligo,0.022899568,-0.30128813
60543,L2/3 IT,0.2498371,0.22172952
110203,OPC,0.12756413,-0.34450197
261310,L6 IT,-0.12356043,-0.027143568
9058,Astro,0.26604998,-0.012848616
9055,Endo,-0.0035896301,0.073506296
261320,L6 CT,-0.1192821,-0.0843505
53320,SMC,0.16034079,0.116654634
202420,L6 CT,-0.2575463,0.068832934
53297,L2/3 IT,0.2035988,0.2401092
109793,L6 CT,-0.31399018,0.12202448
53285,L4/5 IT,0.24260187,0.025695503
220936,L5 IT,-0.1813685,0.120574534
263681,Oligo,0.068116486,-0.3263504
109846,L5 IT,-0.31152397,0.19829518
236518,OPC,0.09547073,-0.37664753
53255,Astro,0.082434595,0.23660576
239712,Endo,0.14427131,0.24313772
109937,L4/5 IT,0.34949964,-0.025357783
110071,L6 CT,0.13617909,-0.121046364
53183,L5 IT,0.07730013,0.13322651
261383,L6 CT,0.06218779,-0.099924654
104929,L2/3 IT,0.040611982,0.3015421
96082,Oligo,-0.18023151,-0.11928925
53613,L4/5 IT,0.13061172,0.14329058
220677,PVM,0.4263599,0.18446165
220676,Pvalb,-0.28422925,0.21569782
108324,L4/5 IT,-0.24980083,0.30696172
206776,L6 IT,-0.37650803,0.14214158
108294,OPC,-0.19484615,-0.14783376
54127,Lamp5,0.07490814,0.32605565
12959,L6 CT,-0.31688738,0.13564783
96438,Sst,0.069621325,-0.0120688975
54147,L4/5 IT,0.16287631,0.23298442
54173,Endo,-0.29380333,0.18245423
108105,L6 CT,0.13051814,-0.18108267
108100,L6 CT,0.08129215,-0.0986934
60188,Micro,-0.15368345,0.41874748
54179,Astro,0.34089863,0.17270166
108093,PVM,0.17734623,0.18787038
96453,SMC,-0.18343228,-0.08470091
202974,Micro,-0.29781875,0.31399554
96556,VLMC,0.13739425,0.41527915
54309,L4/5 IT,0.13862973,0.14833492
107778,Oligo,0.03156632,-0.2575008
206737,L6 CT,-0.1276623,-0.05769041
107844,Sst,0.2310623,0.011789978
107857,L6 IT,0.16343689,-0.031099021
108388,Micro,0.09452087,0.15717924
270976,SMC,0.41184616,0.25631118
220626,L5/6 NP,0.22175586,-0.37644315
107919,L6 CT,0.07946485,-0.13105607
96495,Astro,-0.26969504,-0.042632103
279028,Astro,-0.19710195,0.15581518
54233,OPC,-0.034400314,-0.20051324
96473,L6 IT,0.2209853,-0.4543281
218777,L5 IT,0.2947166,-0.109369636
218687,L2/3 IT,0.4459151,0.04715842
108400,Astro,0.14791584,0.40278578
108419,Astro,-0.03378123,-0.29421157
206923,L6 IT,0.017968595,-0.0837501
220804,Sst,0.2192365,-0.2566148
109144,Pvalb,-0.20502222,0.324839
53653,L4/5 IT,0.18667674,0.14581567
202673,Astro,-0.3709877,-0.02434346
96120,L5 ET,-0.19510937,0.16075867
53673,L4/5 IT,-0.19269657,0.26472795
271051,L5 ET,-0.19216129,0.16189402
234344,L6 CT,-0.18240991,0.09550583
60382,L2/3 IT,0.31787163,0.21787488
218698,Peri,-0.19409257,0.368172
60366,Endo,-0.21894318,0.08724654
202707,L6 CT,-0.3526622,0.064220965
220787,L6 CT,0.22143066,-0.2753012
53720,L6 CT,-0.41042125,0.060673952
108915,Astro,-0.057113737,0.04392165
108886,L6 CT,-0.2520483,-0.07495645
96356,Endo,-0.16395402,0.25169927
53978,L6 CT,0.17423749,-0.13976833
220701,L6 CT,0.19056475,-0.41679212
202842,Endo,0.46122622,0.00064760447
53938,L4/5 IT,-0.17308411,0.27688503
202823,L2/3 IT,0.15832353,0.33597583
235958,L6b,0.06933308,-0.2436415
261584,Endo,-0.024362832,0.30943322
108675,L6 CT,-0.014405459,-0.15735441
108716,L6 CT,-0.085056156,0.0053510666
108742,Oligo,-0.102511495,0.21547306
108779,Vip,0.24746424,0.3148607
13653,L4/5 IT,0.3609264,0.081949174
13654,L2/3 IT,-0.06288582,0.3670572
108647,Oligo,-0.26046896,-0.09272301
202205,Micro,-0.106381744,0.14277124
104913,L6 IT,0.22733074,-0.101659834
55801,L4/5 IT,0.26991707,0.0971449
98655,L5 IT,0.064833105,0.12792933
205222,L5 IT,0.43112624,-0.05406165
262799,L2/3 IT,-0.19313368,0.34386367
244822,L6 IT,0.14960402,-0.25672045
101252,L4/5 IT,0.4528619,-0.004210919
205231,Astro,0.10988915,-0.073854655
98666,L5 ET,-0.23089111,0.20276564
101208,Oligo,0.0019370317,-0.12862173
101176,Oligo,-0.13391677,-0.17322442
57581,Oligo,-0.26011243,-0.08458385
101131,PVM,-0.042203754,-0.20860037
101119,Pvalb,-0.28418267,0.27607715
58874,L2/3 IT,0.089428306,0.23348582
101059,Lamp5,0.18443227,0.36692274
13256,Oligo,0.094197154,-0.3462792
262835,L6 CT,-0.08743036,-0.059699655
100999,L2/3 IT,-0.17993566,0.37283695
100912,Vip,-0.16343215,-0.004301071
57725,L6 CT,0.24291039,-0.3128509
205335,L2/3 IT,0.21478826,0.20780343
58820,Oligo,0.07018876,-0.28951478
100783,Vip,0.26839244,0.36036968
100720,Astro,0.14377499,0.14126617
205902,Endo,0.14621043,0.2453174
100625,SMC,0.018286943,0.20500869
100607,Pvalb,-0.08963981,0.06261158
98890,L6 CT,0.12443024,-0.22533885
205417,L5 IT,0.32713097,-0.048850387
100530,L2/3 IT,-0.087177426,0.36482847
244791,PVM,0.15643418,-0.38864794
13096,L2/3 IT,0.20868385,0.2305792
101297,Sst,0.41861004,0.108448386
58937,L4/5 IT,-0.03449893,0.20063043
98640,L2/3 IT,-0.13617027,0.32789427
219747,Pvalb,0.09122819,0.120999694
98494,Oligo,-0.11926988,-0.12694788
219742,Oligo,0.035503566,-0.2780068
205067,Astro,0.24681753,-0.06279409
58987,L6 IT,-0.1780996,0.1837635
101750,Endo,-0.20412457,0.2835251
270443,L5 IT,0.35085726,-0.070158124
205082,OPC,0.4156584,0.018897295
101720,L6 IT,-0.07775912,-0.06218216
101715,L5 ET,0.32674086,-0.072012514
262704,L2/3 IT,0.32194048,0.2237804
98529,Oligo,-0.25575826,-0.0794884
101620,Astro,-0.31439182,-0.03733343
57394,L5 IT,0.083687425,0.15131927
57395,Peri,-0.16014528,0.3484798
278872,Oligo,0.38597196,-0.12353253
101565,L6 CT,0.118344426,-0.15764365
101334,Oligo,0.22120106,-0.31690824
57481,L4/5 IT,0.39569962,-0.014887571
98634,L4/5 IT,0.36617643,-0.01609096
98622,L5 ET,0.31954902,-0.11061934
57453,L2/3 IT,0.21476835,0.21955264
244830,Peri,-0.13745809,0.21964669
58771,PVM,0.29403484,0.33165675
101392,Sst,0.116479814,-0.01909864
101438,Oligo,-0.009198606,-0.26251394
98610,L6 IT,0.27407217,-0.15809548
205148,L2/3 IT,0.49061543,-0.009621292
57418,L2/3 IT,0.15181202,0.25044298
57413,L5 IT,0.032273173,-0.01019302
101549,Astro,0.39230448,0.052590013
101393,Oligo,0.0037285686,-0.19889078
244789,Oligo,0.005414903,-0.2438454
98932,Micro,0.18169695,-0.21108866
100434,L6 CT,0.23818427,-0.3730948
219350,L2/3 IT,-0.18181866,0.39501655
99869,Oligo,-0.01953417,-0.25066668
99115,Sst,-0.1302669,0.058641553
205653,Lamp5,0.00824821,0.47055393
270301,OPC,0.32914263,0.19889349
8569,PVM,0.16096592,0.1754002
58342,Oligo,-0.37514204,0.18129897
99713,Endo,0.18309307,-0.034849554
99705,L2/3 IT,0.42404926,0.1741823
58624,PVM,-0.32440892,-0.023936838
219452,L6 IT,0.21819526,-0.15887752
236103,L2/3 IT,0.25712866,0.31918746
263077,L5 IT,-0.16290066,0.1892181
99597,L2/3 IT,0.29650575,0.26684654
99596,L5 IT,-0.31395566,0.20768654
8588,L4/5 IT,0.12519759,0.14964283
99246,Lamp5,-0.36505437,0.17940813
58558,L4/5 IT,0.12066722,0.19296372
8624,Astro,0.39885342,0.19944882
58539,L6 IT,-0.3869151,0.15880299
58577,Astro,0.013797402,0.22622919
205759,L6 CT,-0.32455638,0.16668695
99278,L4/5 IT,-0.043625116,0.25648344
99097,L6 CT,-0.21701932,0.011992931
219395,L2/3 IT,-0.06395748,0.4323628
99269,L4/5 IT,-0.21669444,0.27911603
99443,L2/3 IT,-0.09627172,0.4135973
58498,Sst,-0.2492406,0.17284471
263107,Oligo,0.00036472082,-0.22516268
219413,L4/5 IT,0.26640564,0.2174151
99249,Oligo,-0.019283205,-0.21627012
99430,L5 ET,-0.035143137,0.12542635
101832,Astro,0.021923363,-0.3049885
99906,Oligo,-0.41397175,0.015476286
99923,Astro,0.3776632,0.22971833
57916,Oligo,0.12816906,-0.39755136
219315,L4/5 IT,-0.07909158,0.23083973
13192,L4/5 IT,0.37471026,0.06337929
205467,L4/5 IT,0.034008563,0.24225914
57961,Pvalb,-0.36543998,0.19344288
219316,L6 IT,0.27490646,-0.19075248
205491,L2/3 IT,0.13111556,0.32647157
100323,Endo,-0.1569095,0.43211794
100320,Astro,-0.2391442,-0.10470289
262959,Oligo,-0.04486835,-0.17338765
100252,L2/3 IT,0.46806836,0.038509607
100250,L5/6 NP,-0.12681636,0.012768269
244768,Oligo,0.05387336,-0.28414685
99023,Endo,0.121661186,0.16672939
100184,L4/5 IT,0.087328315,0.20142257
219565,L6 CT,0.23453945,-0.33108747
58120,L5 IT,0.04211819,0.046281517
219525,L2/3 IT,0.34252316,0.17372781
99983,L6b,-0.41879734,0.026368916
219527,L4/5 IT,-0.18824747,0.26970965
58182,L6 IT,-0.26498777,0.03735745
263036,L2/3 IT,0.43664783,0.11400771
58164,L4/5 IT,0.28688037,0.033286452
205627,Oligo,-0.07373971,-0.23892078
278829,L6 CT,-0.3304085,-0.0032953024
100076,L5 IT,0.027966201,0.05193311
100108,L4/5 IT,-0.04923758,0.23131019
205567,L5 IT,-0.22789493,0.118498325
100114,L4/5 IT,0.20139438,0.13669944
205564,L6 CT,-0.3009624,0.040864944
263016,L5 IT,0.36245447,-0.10877898
8540,L6 IT,-0.15240714,-0.025469214
262691,Astro,0.22666025,0.40459114
101861,L6 CT,0.042407334,-0.048954934
57284,L6 CT,-0.095314324,-0.06853023
104010,L2/3 IT,0.09984195,0.254977
56276,Endo,-0.08472106,0.18288338
204391,L6b,0.15380514,-0.27549383
103929,L6 IT,0.117073655,-0.0683825
262374,L2/3 IT,-0.17848825,0.38484514
262375,L5 ET,-0.15223485,0.09109676
220020,L6 CT,0.066146195,-0.17147341
103893,VLMC,0.3212055,0.33063978
244938,PVM,0.17364514,0.36557233
103875,Pvalb,-0.33179408,0.10758704
204431,Astro,-0.17117968,-0.03676179
103812,L2/3 IT,0.2476638,0.29108793
56356,Astro,0.3334546,0.31329674
103768,Oligo,-0.19697306,0.008253515
56386,L4/5 IT,-0.20825508,0.34067613
103730,L4/5 IT,0.33964622,0.00608021
278795,Oligo,-0.22575101,-0.10160974
219146,L6 CT,-0.1549646,0.11573297
103488,L2/3 IT,-0.14333177,0.3657812
56529,L2/3 IT,0.12982267,0.3272401
103516,Astro,0.11191845,0.41167104
97923,Astro,0.031475604,-0.0956417
206253,L6 CT,0.17948991,-0.43374026
104031,L5 IT,-0.08020407,0.071380794
56488,L2/3 IT,0.2918613,0.2892596
244932,L6 CT,0.20439565,-0.39037704
219117,L2/3 IT,0.26062185,0.28173226
219973,L4/5 IT,-0.16394868,0.25235152
103655,L6 IT,-0.21401426,-0.01212585
219985,Pvalb,0.12760913,0.12095392
103709,L4/5 IT,0.075279415,0.18860781
204489,Oligo,-0.17878133,-0.087500095
204532,L4/5 IT,0.20837426,0.1497817
104085,Astro,-0.10702747,0.46105295
104142,L4/5 IT,0.062222064,0.26037467
104816,Astro,0.2106582,0.34534615
104813,L5 IT,0.39411014,-0.085104376
59588,L2/3 IT,0.22411376,0.2984256
55837,VLMC,0.34985322,0.31222534
270700,Oligo,-0.25396597,0.039006412
104777,L2/3 IT,0.24143463,0.274598
278780,L2/3 IT,0.18483645,0.3274836
55862,L4/5 IT,0.4165144,-0.05838424
55875,OPC,0.24520236,0.2051245
8076,L4/5 IT,0.17448825,0.11843175
206385,Oligo,-0.07034311,0.03290397
104659,Endo,-0.14790517,0.26347262
262254,L6 CT,0.2008354,-0.241043
242436,L6 CT,-0.09836367,-0.08695611
204166,L6 CT,0.022627294,-0.17514932
220186,L4/5 IT,0.28884858,0.061220646
206375,Micro,0.2781,-0.074368775
59376,Astro,-0.113732755,-0.18420205
104213,Endo,0.2669472,0.328892
13385,Micro,-0.013517112,-0.072799236
104342,L4/5 IT,-0.0954676,0.18488765
104383,L5/6 NP,0.16375476,-0.4521534
263397,L6 IT,0.19102693,-0.11139077
56217,L5 IT,0.31096834,-0.041554898
263400,OPC,-0.2613289,-0.042458832
59499,L6 IT,-0.13694876,0.07928634
104459,Pvalb,-0.3494933,0.15453082
270115,L4/5 IT,0.2822451,0.17797232
13399,Peri,-0.20482972,0.32864243
55980,L5 ET,0.090990424,0.05193472
55972,L6 IT,0.17718482,-0.21819204
104415,L6 CT,0.003077507,-0.059541672
206402,Endo,0.12830973,0.12111455
103464,Oligo,-0.2232168,0.112843454
270589,Oligo,-0.12075809,-0.17181072
98253,L5 IT,0.40975553,-0.12467095
57053,Oligo,-0.059500337,-0.19391364
57076,L6 IT,0.28694767,-0.12169722
57080,L4/5 IT,0.05022621,0.21308237
59091,Peri,0.19984096,0.010190666
57101,L4/5 IT,0.42198026,-0.1545496
59088,VLMC,0.24761862,0.3768925
234571,Oligo,-0.08484554,0.22292686
219214,L2/3 IT,0.2879693,0.19609094
204890,L4/5 IT,0.33503592,-0.038939834
59054,Oligo,-0.1244255,-0.16234234
57140,Endo,-0.24736026,-0.07459599
206102,VLMC,0.14648372,0.4158858
102269,L4/5 IT,-0.099159,0.23905772
98355,VLMC,-0.24000686,0.0073736906
102180,Astro,0.20923221,-0.16523218
102110,L6 CT,0.07433975,-0.055644244
101903,Endo,0.072128594,-0.17769706
236188,L4/5 IT,0.11431682,0.27404243
101941,Pvalb,-0.12734246,0.11199862
204995,Oligo,0.096248806,-0.3378088
59007,Endo,-0.1491484,0.2610845
101972,Oligo,0.13653928,-0.24234435
219826,Oligo,-0.09889057,-0.012974799
262682,Oligo,-0.22753268,-0.1178762
102017,Sst,-0.12685496,0.19493294
57247,Astro,0.10837686,-0.3483784
102070,L2/3 IT,0.068294704,0.37887973
98416,L5 ET,0.17240214,-0.08065316
57219,L5 IT,-0.027401567,0.07975638
219237,L2/3 IT,0.16907537,0.3373112
57258,Astro,-0.018247396,0.39131916
97972,L5 IT,0.0031985044,0.08479291
98222,VLMC,0.35448593,0.32066905
13310,OPC,-0.23905686,-0.124845
204610,Endo,0.12406039,-0.20942748
103240,L5 IT,0.04893005,0.16212106
219897,L6 CT,0.010886788,-0.124156564
59202,L2/3 IT,0.37326998,0.13673937
98031,Endo,-0.31823763,0.03476709
270555,L2/3 IT,0.2632897,0.2760588
98035,VLMC,0.2387129,0.3743894
8241,L5/6 NP,0.19402152,-0.42968893
103150,L4/5 IT,-0.14971799,0.208152
98043,Oligo,-0.1015805,0.08262491
204658,Sst,-0.35026217,0.19217795
98061,Astro,-0.16981691,0.2559799
8254,L2/3 IT,0.17663735,0.3159412
59173,VLMC,0.27101618,0.35305518
8764,L4/5 IT,0.197792,0.14194542
270524,L6 CT,0.22082746,-0.31174374
8262,L5/6 NP,0.27833265,-0.008176714
98210,L2/3 IT,0.3163383,0.1821894
204792,Micro,-0.3008077,0.19691575
102653,Pvalb,-0.2203379,0.22990167
102660,OPC,0.33885753,0.08065659
262575,L6b,-0.057914317,-0.12625575
56955,L6 CT,-0.102297306,-0.09453082
56988,L6 CT,0.13918835,-0.14876977
98191,L6 IT,0.015431941,-0.11391759
98176,L5/6 NP,0.1768598,0.039435327
56929,L5 IT,0.10781449,-0.0064634085
102850,Astro,0.3257326,0.19195497
56846,L6 CT,-0.10716376,-0.092128396
56840,L5 ET,-0.07095155,0.12839144
56805,L5/6 NP,0.20704418,-0.024169743
56937,L6 CT,-0.03929615,-0.038875073
110522,L6 IT,0.11406827,-0.10225588
60591,L6 IT,-0.17841834,-0.026212096
52940,Astro,0.25639957,0.36093187
14221,OPC,0.11755526,-0.3800552
6548,PVM,-0.08882058,-0.22877291
118023,L6 CT,0.2546026,-0.18369082
49025,L2/3 IT,0.48010695,0.043133438
222364,Pvalb,0.13879794,0.26453358
117932,Oligo,-0.34744257,-0.010189712
117925,L6 IT,-0.047056824,-0.08560708
259933,L6 CT,0.10138029,-0.14714766
199761,L6 CT,0.16607583,-0.13064599
117815,L6 CT,-0.45055908,0.02237004
93143,L2/3 IT,0.16571563,0.27877522
49132,Peri,-0.24601135,0.2705149
271834,L2/3 IT,0.057528734,0.27711272
199785,Oligo,-0.26527524,0.029005468
118050,Oligo,-0.036897868,-0.24459383
117697,L2/3 IT,0.14339852,0.3370167
264204,L5 IT,0.3368234,-0.044946045
117653,L6 CT,-0.45904443,0.064065695
117643,Astro,0.3260483,0.29717898
61834,L2/3 IT,-0.10496035,0.37042338
117614,L2/3 IT,0.3825729,0.1309551
199826,PVM,0.33844995,0.30072868
117590,Oligo,0.0047142506,-0.2582566
49256,L6 CT,-0.37703434,0.05765927
93214,Sst,0.25282836,-0.1393691
117497,Vip,0.08824599,0.3443138
117485,Oligo,-0.032237142,-0.12831467
117468,L2/3 IT,-0.12192005,0.41270965
49312,Oligo,-0.042534143,-0.23637885
61781,L4/5 IT,0.39379632,-0.0046351254
49174,L2/3 IT,0.091733575,0.37293887
48960,Astro,-0.055558592,-0.1814889
6535,Astro,-0.19412392,-0.052766263
48953,L6 IT,0.2387783,-0.3153373
118824,Oligo,-0.0029538274,0.063740015
118811,L6 CT,0.046683908,-0.13315487
48584,L4/5 IT,0.43831664,-0.038208276
61988,L4/5 IT,-0.186108,0.29006767
6458,OPC,0.33875853,0.18895519
92859,L5 IT,0.093844175,0.0039420724
234212,Oligo,0.0970785,-0.28195384
48665,Sst,0.35654217,0.17742491
6467,Oligo,-0.19020343,0.11458254
48678,Oligo,-0.19953516,-0.103345364
48679,L6 CT,-0.007790476,-0.09238729
222438,Oligo,-0.284119,0.2203399
118544,L6 CT,0.12589335,-0.13555548
61969,Astro,-0.00994876,-0.26556522
199498,Astro,-0.05543223,0.47033972
259839,L5 IT,0.029833496,-0.035214007
245807,L5 IT,-0.08743888,0.030175209
48947,Lamp5,0.25560373,-0.1144042
48942,L2/3 IT,0.14520437,0.24481916
93024,Endo,-0.23060632,0.17965245
271868,L5 IT,0.11434221,0.17898768
14232,L5 ET,-0.200261,0.2333188
259884,L2/3 IT,0.13121259,0.33709407
61774,Micro,0.09804255,0.11876428
118233,L6 CT,0.23972678,-0.27676958
208033,L5 IT,0.33928412,-0.060730964
118345,L6 CT,0.012903392,-0.02603066
48815,L6 IT,0.2718525,-0.26181233
118423,Astro,-0.18485728,0.20027208
6488,VLMC,0.31284928,0.32799816
222425,L6 CT,-0.1752289,-0.03839591
118263,Vip,0.016555965,0.40068948
117394,Oligo,-0.42803073,0.10647297
117343,Micro,0.07861328,0.14400393
49374,Astro,0.27795815,0.3193333
116623,L6 CT,-0.11638683,0.040390253
93535,L2/3 IT,0.23088461,0.2411378
61668,L2/3 IT,-0.107777566,0.30784988
116601,L5 ET,0.37250453,-0.0838106
277875,L4/5 IT,0.117721915,0.2614107
260153,L2/3 IT,0.18852514,0.32561016
207831,Oligo,0.15594488,-0.2644379
116466,L6 CT,0.20883244,-0.18923378
49834,Oligo,-0.23657808,-0.117381245
49847,L4/5 IT,0.25145674,0.22421068
116414,Oligo,0.11665803,-0.064628124
264155,Oligo,0.022497833,-0.2622769
116323,L6 CT,0.18255669,-0.40276283
61634,OPC,-0.03930852,0.46153104
279178,Micro,-0.12968037,0.1884194
245692,Oligo,0.21877831,0.37893915
200258,Oligo,-0.08891663,0.05554837
115979,Astro,-0.29408884,0.21401924
6802,Pvalb,-0.19228673,0.28235656
239727,L5 IT,-0.04458511,0.009264588
222010,L6 CT,-0.32751423,0.18318778
6791,Micro,0.5,0.038458288
260264,L6 CT,-0.3819288,0.12915456
200143,L2/3 IT,0.21380687,0.29219335
279174,Oligo,-0.11879903,-0.17207196
14103,Pvalb,0.14830005,-0.05633676
93660,L5/6 NP,0.3608327,-0.16172591
200286,L2/3 IT,0.18627155,0.23896378
116199,L4/5 IT,0.31952453,-0.011750281
61616,Micro,0.24906331,0.21963066
271723,Astro,0.11140978,-0.33280113
50029,Oligo,0.088948846,0.13903338
259761,OPC,0.3202278,0.31360424
236772,Endo,0.35170835,0.25038117
260125,L6 IT,-0.27371854,0.10756302
244392,L2/3 IT,0.07978159,0.26036668
117305,L6 CT,0.25938272,-0.17018658
49419,Astro,-0.31024256,0.15650809
117277,L6 CT,0.21367913,-0.3950207
117257,L2/3 IT,0.12752736,0.34706914
117256,L5 IT,-0.17205018,0.16052115
93322,Astro,-0.27426428,0.21669036
199943,L4/5 IT,-0.19772702,0.31247205
207898,L6 IT,0.092332006,-0.07250506
117182,L2/3 IT,0.17437518,0.22053611
117172,Sst,-0.17698172,0.414582
93344,L6 CT,-0.06314871,-0.035060406
93351,L6 CT,0.08810437,-0.1010983
271774,Endo,-0.0038028955,-0.06479585
207894,L2/3 IT,0.29925525,0.22063696
222212,L4/5 IT,0.40594596,-0.051502347
117063,Micro,-0.042934775,-0.25198174
49704,Oligo,0.136473,-0.26448557
49696,Astro,0.32188678,0.25993055
207857,PVM,0.34480315,0.2880785
222161,Endo,-0.24077645,0.17968333
49657,Micro,0.15221334,0.26160043
260086,PVM,0.0951702,-0.13718313
49749,Astro,0.31619555,0.3058424
234227,OPC,0.1895805,-0.31125104
200021,L6 CT,-0.12599543,-0.093153626
200016,Sst,0.025679171,0.3801688
278071,Oligo,0.07816684,-0.3287229
49564,L6 CT,0.15077251,-0.1530082
49558,L2/3 IT,-0.15313086,0.355192
61747,L6b,-0.16924578,-0.10001883
116965,L4/5 IT,-0.017505467,0.20628303
118867,L4/5 IT,0.11263847,0.16723108
92801,L6 IT,-0.3507282,0.15064704
62006,L4/5 IT,0.12744725,0.12388635
47551,Lamp5,-0.14474183,0.44799268
92112,L2/3 IT,0.19797444,0.341928
264358,VLMC,0.20360601,0.37841833
259442,L4/5 IT,-0.23197335,0.3114587
47599,Endo,-0.019134015,0.16406405
47600,L2/3 IT,0.2508555,0.2466569
92138,Oligo,-0.009795755,-0.27700216
120831,L5 ET,0.36564046,-0.10964486
47604,OPC,0.17133063,0.38096476
120829,L6 CT,0.2066943,-0.12927648
264357,L6 CT,0.038967073,-0.050653815
222811,L6 CT,0.15672642,-0.17515683
208228,L2/3 IT,0.2794506,0.28931272
47639,Peri,0.36174226,0.0685972
222798,L6 IT,0.26690078,-0.21249017
62310,L5 IT,-0.3106786,0.24486762
120657,Lamp5,0.2920574,0.35261786
279253,PVM,0.076435566,0.16299355
272043,L5 IT,-0.10631618,0.06574434
120520,Oligo,-0.016372025,-0.024327636
259488,VLMC,0.30586046,0.33581334
208211,L6 IT,0.01500231,-0.053934693
120552,L5 ET,0.19211507,0.02419436
47544,L5 ET,0.211155,-0.3055954
120554,L5 IT,0.270015,-0.045354664
120582,L6b,-0.08660072,-0.12871426
120585,Astro,-0.45309448,0.10515231
120595,OPC,0.40255988,0.14876407
222773,Astro,0.10076535,-0.24479008
120621,Astro,0.1408791,0.31372195
120649,L6 IT,-0.2662574,0.03974563
120556,L5/6 NP,0.1948694,-0.40266886
120441,L4/5 IT,0.34959418,0.00014489889
120960,L5 IT,-0.2522729,0.13838148
272070,L6 IT,0.2636928,-0.18257773
121560,L2/3 IT,0.17880964,0.22808105
47264,L2/3 IT,0.06301916,0.3371178
121528,L4/5 IT,-0.11761081,0.2098949
121522,Endo,0.146384,0.30498922
272115,Pvalb,0.32135564,-0.1909557
91946,L5/6 NP,0.1593365,-0.07600778
198598,Astro,0.100280404,-0.32877025
121448,Endo,-0.14187911,0.10379577
272103,Pvalb,-0.30870402,0.06295824
9538,L6 CT,0.2229479,-0.40051174
47318,L5 ET,0.062476516,-0.039557427
47325,L6 IT,0.20872003,-0.49361518
62408,Oligo,-0.031211734,-0.22013566
91981,Astro,-0.27082682,0.15399462
208251,Micro,-0.2747115,0.14310503
47336,Astro,0.41363782,0.21499848
12717,L2/3 IT,0.33430594,0.16332155
47518,L5 ET,0.18053561,-0.00984776
47508,PVM,0.103218496,-0.27258033
121042,Astro,-0.15859267,0.20586789
121058,Astro,0.16326165,-0.15343562
121084,Oligo,-0.22283268,0.036874533
92061,Endo,-0.1125775,0.0036062002
62350,Astro,-0.12515149,-0.060543925
121126,Oligo,0.12669683,0.20843232
264382,Peri,0.19843674,-0.15712506
198666,L4/5 IT,-0.16321677,0.2906217
240015,Endo,-0.26992953,0.25842208
121208,L2/3 IT,0.16513413,0.28906244
121221,L5 IT,0.071367264,0.13121456
62405,L5 IT,0.09566516,0.11181408
121144,L2/3 IT,-0.076417774,0.34078318
61569,L5 IT,-0.0970839,0.19511086
120426,Astro,0.10484737,-0.4443421
47817,Astro,-0.27868724,0.20173347
199140,L6 CT,0.18878138,-0.22818938
92487,L2/3 IT,0.15580541,0.271753
271967,SMC,-0.003729701,0.14251709
119528,Oligo,0.032594264,0.18315887
235813,L2/3 IT,0.002456665,0.3671527
119494,L6 CT,0.011471093,-0.06858924
48212,L4/5 IT,-0.21977457,0.30789858
119452,L6 CT,-0.19314227,-0.010357469
48264,Oligo,-0.06792742,-0.20568556
199263,L4/5 IT,-0.24951258,0.30478364
14317,L4/5 IT,0.106559634,0.15389222
9453,L4/5 IT,0.21133685,0.0740087
199278,Lamp5,0.43790352,0.17593008
199283,PVM,-0.36922854,-0.048579603
264293,L4/5 IT,0.15653121,0.14975852
119232,Pvalb,-0.19944519,0.30966038
119228,L2/3 IT,0.28146023,0.21186155
118948,L2/3 IT,0.2825964,0.22148001
234199,OPC,0.25185716,0.24799043
199361,PVM,0.08576542,0.17677057
271932,Endo,-0.16206256,-0.022943497
119044,L2/3 IT,-0.0617207,0.305238
48458,L6 CT,-0.0012523532,-0.13721284
119665,Oligo,-0.11083731,-0.103161246
6409,Micro,0.11310732,-0.064528495
92671,L2/3 IT,0.17305666,0.31838882
62095,Peri,-0.09697348,0.15788758
92659,L5 ET,-0.11364964,0.103597164
92657,L4/5 IT,0.37684262,-0.017326862
48397,Peri,0.07663071,-0.31726742
119215,Pvalb,0.17161155,0.10786939
259710,L2/3 IT,0.34807962,0.08010048
259494,Astro,0.066342056,-0.3015716
259622,L6 IT,0.075062156,-0.057673663
6349,L2/3 IT,0.08830631,0.33368754
198911,Astro,-0.04314232,0.20100069
120348,L6 CT,0.28704,-0.20882761
234174,Astro,-0.037054986,-0.22617516
120323,Oligo,-0.43923903,-0.0031205416
92276,Endo,0.2852949,0.027460039
120281,L6 CT,0.22496516,-0.34870273
208194,L5 ET,-0.10688445,0.14405036
120259,OPC,0.44359088,0.007981598
47904,L4/5 IT,0.40177578,-0.027789801
120184,L6 CT,0.2300446,-0.3796654
264326,PVM,-0.08777693,0.33521587
6315,PVM,0.16466671,-0.01621434
120145,L5 IT,-0.120180786,0.07976371
259532,L6 IT,-0.3841341,0.08617884
208179,L4/5 IT,0.36219907,-0.050347894
47972,L5/6 NP,0.20518762,-0.34175557
259549,L2/3 IT,0.13395464,0.2727027
199100,L4/5 IT,0.009966016,0.22631377
48105,Endo,0.15307617,-0.06664744
119825,L2/3 IT,0.33437014,0.16929662
48063,L5 IT,0.28248203,-0.12804732
199054,Lamp5,0.25358504,0.21395248
199046,L5 IT,-0.24259198,0.23792094
12740,Oligo,0.011300504,-0.22561589
119897,L2/3 IT,0.2638303,0.2716446
92392,L4/5 IT,0.39354938,0.023304224
119965,Pvalb,-0.24539343,0.23316973
236885,Astro,0.055025578,-0.28881222
199030,L6 IT,-0.12670642,-0.07856384
62218,L2/3 IT,0.21689999,0.30095428
199012,L2/3 IT,0.13228756,0.3461519
119931,L5 IT,0.110020995,0.17241246
93747,L4/5 IT,0.11910093,0.26549894
244424,L4/5 IT,0.22787309,0.233347
236729,Oligo,0.072645426,0.12006956
112441,L6 CT,0.22857356,-0.22734267
221417,L5 IT,-0.12215516,0.121145666
271396,Oligo,0.1527561,0.07528758
221404,Micro,-0.034552783,0.20540178
112367,L2/3 IT,0.1998241,0.292274
112340,Astro,0.3099451,-0.053266555
112313,VLMC,0.37664336,0.24581444
263845,Endo,-0.025153667,0.25994152
13877,Oligo,0.07207507,-0.09553504
221393,Micro,-0.09122726,0.06910193
271378,Oligo,-0.05159384,-0.22205785
94984,Endo,-0.049957007,0.19512051
12873,L4/5 IT,0.14157307,0.14110297
277908,L6 CT,0.235389,-0.23888639
112192,Astro,-0.02343756,-0.23415929
52053,L5 IT,-0.08448067,0.10392749
52057,L2/3 IT,0.1417157,0.36637795
111806,L6 IT,-0.24297032,0.011102676
60867,SMC,0.3114429,0.3223114
52214,Endo,0.23269016,-0.11507356
235892,L2/3 IT,0.1255899,0.34641027
111955,L5 ET,-0.14792633,0.18534875
95085,L5/6 NP,0.13857716,-0.11787984
60969,OPC,0.28792894,-0.21649647
9135,Oligo,0.16562778,-0.31071442
52113,L2/3 IT,0.12980777,0.32169366
207307,Endo,0.22308612,0.33837152
112097,L6 CT,-0.19185185,0.076310396
60896,Peri,0.0071747303,-0.27556914
60902,L5 IT,-0.29082054,0.16318339
245480,Endo,0.17033315,0.32561153
112072,VLMC,-0.27241355,-0.14341757
271333,L5 ET,-0.049393743,0.13828814
7205,Astro,0.25554162,-0.11461833
112559,L5 ET,0.2198807,-0.07451454
207433,Peri,0.17822146,0.29333425
113098,Astro,-0.23210886,0.10112828
113088,L4/5 IT,0.40864438,-0.019190162
201304,L6 CT,-0.047551185,-0.056257874
113035,Pvalb,-0.11952385,0.1504206
113012,L6 CT,0.18012911,-0.26909038
112982,Endo,0.34207505,-0.17396623
112978,OPC,-0.35564712,0.05557704
263905,L4/5 IT,0.445526,-0.06427047
61034,Oligo,0.06599295,-0.34432846
221515,PVM,-0.02682352,-0.20560008
51639,L5 IT,-0.22797725,0.08908397
51646,L4/5 IT,-0.15634933,0.3184451
221504,L5/6 NP,0.03441614,-0.009510249
207399,L6 CT,0.047705114,-0.0596565
112848,Astro,0.35533327,0.26437986
242689,L4/5 IT,0.35480326,0.013423979
94863,L4/5 IT,0.33081907,0.07630122
112590,Oligo,-0.41156328,0.025206625
60985,Oligo,0.030901313,-0.29424825
112612,Pvalb,-0.2543103,0.105911374
13897,L4/5 IT,0.38620627,-0.033293664
207368,L6 CT,0.22056746,-0.2347484
221436,L5/6 NP,0.3174677,-0.15861034
221459,L5 IT,0.3281024,-0.07860041
112682,L6 CT,0.095526814,-0.04475844
201421,L2/3 IT,0.26913399,0.25517786
240004,Oligo,-0.004550308,-0.18466842
61011,L5 IT,-0.2850327,0.22724175
263887,L2/3 IT,0.3960824,0.060640812
112830,Astro,0.11080229,-0.3388907
221470,L6 CT,0.22184837,-0.18876916
94642,L6 CT,0.008916855,-0.11722964
52273,L5 IT,0.3112507,-0.030591547
111770,L5 ET,-0.30151826,0.0052059293
52642,L5 IT,0.33134186,-0.05532527
111044,L6 IT,0.16063768,-0.08160886
95448,Lamp5,0.02557832,0.2787618
111012,Oligo,0.119217336,0.25410122
110969,L5 IT,0.15084064,-0.061933428
110950,Micro,0.06008911,0.30769753
60692,Oligo,-0.016064674,-0.25630218
221099,Oligo,-0.08379057,-0.20025045
110868,L4/5 IT,0.29460704,0.057513416
52747,OPC,-0.031712413,-0.023894489
110856,L4/5 IT,0.44730854,0.007068813
52757,Pvalb,-0.040516704,0.060427308
110835,Oligo,0.11338121,-0.32787046
9098,Oligo,0.11566383,-0.34498057
202095,L2/3 IT,0.21826309,0.3133223
95550,Astro,-0.017126977,-0.01654315
95559,L6b,-0.19496948,-0.08598557
110548,L4/5 IT,-0.09683108,0.28947663
60598,L5 IT,0.29568166,-0.07604122
13795,Pvalb,-0.27447593,0.20592391
110572,Micro,-0.30297923,0.04853618
95637,L5 ET,0.13555741,-0.00012722611
110612,L6 CT,0.2397173,-0.30891442
60713,L6 CT,-0.33222777,0.12846363
95624,Vip,0.37503695,0.19291544
60608,L5 IT,0.18779778,0.058259487
95605,Astro,-0.060479432,-0.26102966
95592,Endo,0.18441856,0.29964066
95587,Oligo,-0.2670182,-0.003996849
95578,L2/3 IT,0.013271213,0.2901913
52791,Peri,-0.20864731,0.08963573
202147,L4/5 IT,0.3659224,0.0026845336
95174,L5 ET,-0.13840184,-0.24211192
111089,OPC,-0.2089634,-0.090105206
239713,Lamp5,0.11587322,0.35282832
207274,Astro,0.03752005,-0.30620962
271311,Astro,0.337866,0.11803669
261040,L2/3 IT,0.39049917,0.17283154
207259,L2/3 IT,-0.11413813,0.43007147
52336,L6 CT,0.21346706,-0.34955996
111661,Oligo,0.02233249,0.17783308
111660,L4/5 IT,0.3931889,-0.04880336
111654,Lamp5,-0.17589712,-0.19204113
261072,Astro,0.23447227,0.1927591
111622,Pvalb,0.27887332,-0.25443763
201805,PVM,0.37666893,-0.07321066
52352,L2/3 IT,-0.025042892,0.3890245
7330,Micro,0.4687546,0.02134353
52377,L6 CT,-0.31897017,0.19574124
111512,Oligo,-0.14565703,-0.13324001
60797,L6 IT,0.19987196,0.08595866
221193,L6 CT,-0.28963363,0.028105915
60716,L2/3 IT,0.04937154,0.3804074
111142,Micro,-0.091257215,-0.06611246
111151,L6 CT,0.223943,-0.27181995
52577,Endo,-0.12796926,0.44783163
52563,L5 ET,-0.06082207,0.016248047
263755,Astro,0.3618484,0.27128357
201997,L2/3 IT,0.114940345,0.35020542
221166,L4/5 IT,0.12686884,0.18965143
95311,Astro,0.17529511,-0.11185983
201908,Oligo,-0.29377294,-0.07539761
201904,Astro,-0.24075502,-0.08805588
111385,Oligo,0.11994189,0.09351385
201856,L5 IT,0.2146821,0.014844
245420,Endo,0.3446946,0.12278086
245409,Micro,0.22937804,-0.28748223
66069,L6 CT,-0.14474067,-0.0131239295
94617,L4/5 IT,0.41996515,-0.027733237
9198,Oligo,-0.20331684,-0.0691784
115247,Astro,-0.0008955002,0.020983279
260407,L4/5 IT,-0.06795424,0.22766763
269782,L2/3 IT,0.40039736,0.04561913
50482,Endo,-0.17683363,-0.182922
50489,L4/5 IT,0.11082792,0.17533201
242113,Oligo,-0.010817736,0.21244454
115123,Endo,0.19471568,-0.07566148
50498,Oligo,0.03363794,-0.2577981
94039,L5 IT,0.35457432,-0.059497893
61355,L4/5 IT,-0.16633844,0.31835914
50530,Pvalb,0.09714079,0.1781612
50553,L6 CT,-0.40929037,0.053114355
200652,Astro,0.3587057,-0.045538396
115037,L6b,0.1614576,-0.31343824
115022,L4/5 IT,0.14529908,0.12741739
207636,L6 CT,-0.1275003,0.027254581
114974,Peri,0.20982164,-0.17774615
260519,L5 ET,0.2100249,-0.0070327222
221777,L2/3 IT,0.42021078,0.06529057
221780,Astro,-0.08192402,0.2321567
50713,L6 CT,0.012590587,-0.10489577
50710,Oligo,-0.31926,-0.006098509
207620,L6b,0.035080194,-0.21188927
115252,L2/3 IT,0.2976846,0.22103769
200711,Micro,0.12697244,0.27263469
94129,Astro,0.2367382,0.27505422
114891,Endo,0.36634868,0.12597293
114906,Pvalb,-0.1969977,0.023619592
218430,L4/5 IT,0.25453508,0.033980846
114947,Micro,0.4325624,0.17886281
114949,L6 CT,0.17330796,-0.2236402
221787,Endo,-0.11584842,0.09954256
221766,L5 ET,-0.021695703,0.067711115
279160,Endo,-0.1575799,0.24585438
12814,L6 IT,-0.31458277,0.06502712
221976,L6 IT,0.24874866,-0.29464126
221968,Oligo,-0.019170016,-0.20038149
221967,Oligo,-0.1522114,-0.1608271
50167,Astro,0.3305754,0.33511722
93810,Lamp5,0.4391734,0.1654706
93841,L6 IT,-0.05725959,-0.12137729
93852,Endo,-0.075969726,-0.19661298
93857,L2/3 IT,0.11095834,0.3119406
50214,L2/3 IT,-0.037777632,0.3824638
115697,L6 CT,-0.17180243,0.124141574
221945,Astro,0.15107405,0.19821948
235841,L6 IT,0.2263676,-0.104462236
200466,OPC,-0.14746943,0.44103354
115617,L6 CT,0.22009784,-0.3212025
200474,L6 CT,-0.07136497,-0.1021207
50263,L6 IT,-0.32675517,0.13434821
207722,Astro,0.001608491,-0.27948022
200567,Oligo,-0.12548524,-0.18753389
50405,L5 ET,-0.21482643,0.14438963
200559,Oligo,-0.054991603,-0.2100114
61410,L6b,0.11578816,-0.25620902
200551,L4/5 IT,0.31662595,0.07011962
9284,Oligo,0.06207007,-0.18091437
271647,Astro,0.03534466,0.43590504
6888,L5/6 NP,0.33962923,-0.124270886
115455,Oligo,-0.065540075,-0.2132577
200526,Astro,-0.009763658,0.30965477
93932,L6 IT,-0.31879628,0.23920608
93912,L2/3 IT,0.11245966,0.315834
264061,L6 CT,-0.15596211,-0.13590062
200493,L6 CT,-0.2950257,0.057482302
50347,Micro,-0.26856995,0.31534976
94615,L6 CT,-0.09922913,-0.02448541
200803,Oligo,0.008381069,-0.20056006
279154,Oligo,0.09348565,-0.3236046
94397,L4/5 IT,0.025763154,0.21308541
271550,Astro,0.18556869,-0.35640144
201028,L5 IT,0.38534236,-0.13361639
263945,Pvalb,-0.263475,0.23016149
245565,Oligo,0.1712125,-0.30474776
94421,VLMC,0.26132625,0.34174567
113913,L4/5 IT,0.28541076,0.035051346
51102,L5/6 NP,0.16256964,-0.018045962
201066,L2/3 IT,0.2005418,0.2862882
94441,Astro,0.07193065,-0.3585121
242146,Oligo,-0.31004027,0.22352135
51187,L4/5 IT,0.21008933,0.09451246
201142,Pvalb,-0.2368871,0.26389104
113641,Astro,-0.19853827,0.2044701
221638,L6 IT,0.0023466945,-0.013435692
51232,PVM,0.089758635,-0.17783836
236695,Micro,-0.21208474,0.45428818
271476,L6 CT,0.18690717,-0.308275
113308,L5 ET,0.14349896,0.052031755
7095,L2/3 IT,0.23962373,0.28346384
113319,Sst,-0.11991462,0.022355556
113328,Micro,-0.24587372,0.037716985
263930,Peri,-0.3074278,0.22305769
51059,L6 CT,-0.2758736,0.13400143
113430,L6 IT,-0.017711699,-0.04374522
271493,Endo,0.047172308,0.16824168
113542,Oligo,-0.1514669,-0.046402216
113550,Oligo,-0.07618177,-0.21294835
7048,Peri,-0.08876473,0.3008412
271496,L6 IT,-0.21392092,0.12564892
61123,L6 CT,-0.24988776,0.16389555
113524,Oligo,0.028232872,-0.24673766
94220,L5 ET,0.30097353,-0.047095537
51055,Astro,0.121385455,0.34070563
221689,L5 IT,-0.17810655,0.1411708
50773,L4/5 IT,0.051322997,0.20376527
50778,L5 ET,-0.09916243,0.16215342
245606,Astro,0.19181317,0.19412309
61266,Micro,-0.18714705,0.0052042603
114604,L6 CT,0.09274542,-0.17505473
200839,SMC,0.08280194,0.38136
61258,L6 CT,0.1334734,-0.17036468
50822,L5/6 NP,0.12920594,0.05790037
221746,L2/3 IT,0.33616906,0.19538713
200856,Astro,0.17720848,0.18264872
9263,Astro,0.33434063,-0.010612726
50863,L5 IT,0.28942877,-0.040563792
114498,L2/3 IT,0.17795521,0.31796908
6978,Peri,-0.048490524,0.091674805
114417,Pvalb,0.15837842,0.2997815
200904,L4/5 IT,0.44648135,-0.08899683
50904,Oligo,-0.03267622,0.15914679
114062,PVM,-0.018201947,-0.18178335
114068,PVM,0.086441934,-0.3251683
13991,L4/5 IT,0.2605524,0.110925436
245578,L6 CT,0.25039417,-0.09646219
221710,L4/5 IT,0.3361413,0.025288045
50962,OPC,0.16690236,0.3840912
114059,L2/3 IT,0.15919352,0.3033932
61224,L4/5 IT,0.39687413,-0.06476879
114309,L4/5 IT,0.33906233,-0.02329263
200914,L6 IT,-0.37694338,0.078394055
61235,Oligo,0.019094884,-0.31498113
271565,Pvalb,-0.19249815,0.15738285
114342,L6 CT,-0.2820316,-0.022473663
94301,L2/3 IT,0.2061711,0.27642787
242135,Vip,0.39010674,0.20268202
143466,L2/3 IT,0.33398932,0.15476334
257916,Oligo,-0.2793672,0.05308622
98262,L6 CT,0.1277886,-0.21332267
155794,L5 IT,-0.3024909,0.20161647
155797,L5 IT,0.0493896,0.14161897
147395,Sst,-0.10746822,0.10448164
68091,PVM,-0.27004677,-0.04205528
155836,Astro,-0.08123699,-0.09785095
2408,L2/3 IT,0.30639184,0.2805816
147348,Sst,-0.18588257,-0.13434505
274335,Astro,-0.107464194,0.16160113
155876,Endo,0.021434844,-0.07607803
155898,L6 CT,-0.30514854,0.15767574
240934,L4/5 IT,0.4033807,-0.053797305
29767,L4/5 IT,-0.0037590265,0.26468658
80039,L5 IT,0.25358123,-0.010435313
34427,Endo,0.025799572,0.20930952
3392,L2/3 IT,0.25712526,0.2710995
237898,L4/5 IT,0.2696911,0.112472594
147337,Oligo,0.06724179,0.12778276
216516,L6 CT,-0.4213596,0.12975883
155766,Oligo,-0.08334109,-0.09594208
254883,L2/3 IT,0.0054890513,0.33206993
155598,L6b,0.16655672,-0.2912503
2440,L5 IT,0.19468772,-0.02514553
147636,Oligo,-0.0098923445,-0.24827707
29948,L5/6 NP,0.36139977,-0.20474061
147580,L6 CT,-0.13983542,-0.027955651
211185,L2/3 IT,0.0765388,0.37127036
275107,L6 CT,0.22395575,-0.15587646
147557,L5 IT,-0.06769925,0.116467476
80117,Oligo,-0.0135239065,-0.22911781
155681,SMC,0.2662421,0.3511442
254870,L4/5 IT,0.34725344,0.10305977
227454,L2/3 IT,0.16811168,0.34192348
228890,L6 CT,0.24488497,-0.31492087
66758,L6 CT,0.21896619,-0.3556178
211177,Astro,0.089728236,0.11824334
34368,L5 IT,0.20428795,0.034673095
275131,L5 IT,0.22643465,-0.032809645
66716,Oligo,0.13055277,-0.3418856
155584,L6 CT,-0.2783745,0.19450498
82928,L6 CT,0.000536561,-0.12949869
147223,L6 CT,-0.07816747,-0.047084898
216543,L2/3 IT,0.16114128,0.31504577
211130,L6 IT,0.014270067,-0.15989655
83059,L5 IT,0.06016904,0.009308398
3414,L5 ET,0.15567368,0.0612666
29657,L5 IT,0.23367536,0.029103339
228973,Sst,-0.011107981,0.01727736
156148,Pvalb,-0.17884558,0.19407254
216018,Astro,-0.0070824325,-0.21659723
156166,L5 IT,-0.045565993,0.15075678
16279,L2/3 IT,-0.0033228695,0.36081833
275176,L5 ET,-0.124308676,0.129174
156229,L4/5 IT,-0.06737375,0.28569514
275178,L6 CT,-0.14334682,0.043265462
12190,Oligo,0.08977914,-0.2717027
156243,L5 IT,0.36795866,-0.0794687
83078,L4/5 IT,-0.097284555,0.28134626
275170,Sst,-0.1769171,0.36831474
156128,L5 IT,-0.2905901,0.19544202
211143,L5 IT,-0.084611416,0.06426066
265987,L4/5 IT,-0.18296143,0.2927518
254923,L2/3 IT,-0.10920593,0.47361642
147191,Micro,0.40937018,0.05599439
82945,PVM,0.12972528,-0.3580737
147176,L2/3 IT,-0.14053705,0.36738896
253432,L4/5 IT,0.34650207,-0.017284274
147174,L4/5 IT,0.23728657,0.23352945
155975,Oligo,0.1347894,-0.35324344
186940,VLMC,0.2207017,0.37985307
278161,Oligo,-0.03070584,-0.1256823
29711,Oligo,-0.07209137,-0.15987203
66683,L5 IT,-0.18159598,0.09402746
68108,L2/3 IT,0.33109194,0.09768045
147117,L4/5 IT,-0.2275052,0.29184008
156046,Oligo,-0.2473909,0.003779769
216539,L6 CT,-0.036316365,-0.063976705
147082,L5 ET,-0.018863201,0.10755861
2372,Oligo,-0.33122635,0.05653286
29751,L6 IT,0.2005207,-0.26428652
275105,L2/3 IT,0.2681247,0.19654858
189745,L6 IT,-0.005579889,-0.04819596
12172,L6 CT,0.14252323,-0.4801244
275022,L4/5 IT,0.08635849,0.15438843
82624,L4/5 IT,0.2048406,0.09544128
80284,L5 IT,0.26313102,-0.05457315
155037,L6 CT,0.25740665,-0.28113353
30254,SMC,-0.0047068596,0.19454455
15815,Pvalb,-0.20587415,0.1725316
253597,L6 CT,0.15908808,-0.13374627
33954,L2/3 IT,0.4137146,0.11794895
148162,L4/5 IT,-0.23844457,0.30041462
33984,L6 CT,-0.14959049,-0.061241746
266031,PVM,-0.005637437,-0.067135006
187237,L2/3 IT,0.003458202,0.37803048
34016,PVM,-0.318089,0.1617316
253586,L6 CT,0.12396884,-0.198955
189591,L2/3 IT,0.09570557,0.32750398
148090,PVM,-0.24310717,0.29446244
80269,L4/5 IT,0.41204375,-0.024101764
154922,L5/6 NP,-0.11893922,0.12492317
148243,L2/3 IT,0.02678144,0.39365554
187305,Peri,0.07174271,0.22915864
228752,OPC,0.28732395,0.3187247
227645,Endo,-0.24670869,-0.110949606
148367,Peri,-0.22408682,-0.08725527
80328,L4/5 IT,-0.05180499,0.313273
187311,Endo,-0.04492408,-0.14006218
148355,PVM,0.3556056,0.27184856
228762,Oligo,-0.21526292,0.14849365
154900,Peri,-0.20755306,0.28198248
216486,L2/3 IT,0.3298545,0.25337964
82581,Oligo,-0.08238807,-0.17727324
154904,L5 IT,0.39920712,-0.109443486
10559,PVM,0.024755478,-0.24647912
154907,PVM,-0.12636954,-0.12089765
148283,L6 CT,-0.15915316,0.07298237
154911,L5 IT,0.37888747,-0.10319933
148279,Sncg,-0.20165193,0.3917911
148268,L2/3 IT,0.018794477,0.32802814
189598,L6b,0.047082663,-0.20849112
228794,Oligo,-0.13417795,-0.16032758
68000,Astro,-0.1089468,0.37118542
228798,L6 IT,0.24725586,-0.2358644
82778,Vip,0.40793717,0.17957658
268570,L5 IT,-0.21498817,0.25584465
155359,Astro,0.23228592,-0.24851477
3342,Astro,0.08276641,-0.29088384
147776,L5 IT,0.21713704,0.07011336
30046,L4/5 IT,0.39933205,0.041346252
82799,L2/3 IT,0.30462414,0.29386353
241183,L6 CT,-0.13827494,-0.062319577
34244,L6 IT,-0.17304873,0.054259896
34253,Astro,0.47691458,0.034335196
187114,L6 CT,0.1953007,-0.19817597
34259,Endo,-0.23012641,0.19092888
147698,L4/5 IT,0.3906018,-0.033376932
66799,Oligo,-0.08584529,0.27502853
155510,L4/5 IT,-0.18576503,0.24739188
147659,L6 CT,0.27158135,-0.20281959
3355,L6 CT,0.1987384,-0.2953208
227546,L5 IT,-0.12364754,0.07517207
189979,L5 ET,0.16314483,-0.42938268
187143,L2/3 IT,0.21250612,0.19023031
80212,Oligo,0.117032945,0.15247494
148028,L4/5 IT,-0.22801864,0.33902687
148022,L5 ET,-0.083509535,0.122543335
274403,Vip,-0.1369088,0.07012993
187219,L6 CT,-0.012221754,-0.15489274
155160,L6 CT,-0.3174637,0.18120545
155177,PVM,-0.31182972,0.22284561
155213,L6 CT,-0.27521396,0.15123123
34098,Pvalb,-0.27259293,0.26073074
147902,L4/5 IT,-0.16006023,0.2477135
66833,L4/5 IT,0.28041536,0.09480196
253579,L6 IT,-0.37575227,0.08702165
189673,L6 CT,-0.094885826,0.022059917
66831,L2/3 IT,0.19449079,0.2502908
155263,Micro,0.02611339,-0.016619384
247886,Oligo,-0.12958285,-0.19043192
155287,Astro,0.08857614,0.19438416
30099,L4/5 IT,0.39726132,-0.004745871
187148,Oligo,-0.11866918,-0.15927467
16280,L6 CT,0.19549066,-0.1927217
253362,L4/5 IT,0.4129994,-0.07134685
186864,L2/3 IT,-0.30421996,0.27269423
190404,L6 IT,-0.007956713,0.012826562
253124,VLMC,0.19923997,0.4273116
243028,VLMC,0.22525442,0.38550562
145831,L4/5 IT,0.25311047,0.071059525
237846,Endo,0.1662721,0.27462995
35085,Endo,0.2995245,0.26770782
212308,Vip,-0.0045973957,-0.048212826
16356,Endo,-0.07757226,-0.20655775
145762,L6 CT,0.23452866,-0.3062697
215960,L4/5 IT,0.07996637,0.20968401
28904,Peri,0.083486676,0.22216696
79453,L5 IT,0.05657506,-0.035795778
10899,Endo,0.2275393,0.12305927
157575,L4/5 IT,0.13304687,0.2233122
145649,L6 CT,-0.27413726,0.104843795
28878,L2/3 IT,0.3638025,0.20099169
274239,L2/3 IT,0.19905919,0.2942242
157431,L6 CT,0.3037851,-0.15691963
157425,L5 IT,0.2609164,-0.0623551
145867,L5/6 NP,0.31270057,-0.10479167
79596,Endo,0.2759167,0.3262003
34927,L5 IT,0.2922551,-0.041656792
238296,L6 CT,0.20467645,-0.32643938
15721,L5 IT,0.122642994,0.15462935
83426,Vip,0.21615833,0.28909296
212247,Endo,0.10701716,0.15049082
79580,Astro,0.18665671,0.26418585
157267,Sst,0.23263425,0.28922832
268885,L4/5 IT,0.12540263,0.12974739
79573,L4/5 IT,0.35233128,-0.028639823
157292,Oligo,0.07600945,-0.31825614
266579,Pvalb,-0.06988543,0.17484045
157371,Lamp5,0.20754945,-0.17021483
145933,L4/5 IT,-0.15133211,0.28718936
247271,Endo,-0.20662811,-0.19375724
28972,PVM,0.22947174,0.24859846
28967,Astro,0.15370446,0.17866504
35175,Oligo,-0.1678985,-0.13118324
66444,SMC,0.15149885,0.43822312
3552,Astro,-0.27891403,0.20708972
35191,L4/5 IT,0.36993897,0.041698575
15682,Astro,-0.068464786,-0.21736565
145282,L2/3 IT,0.08471048,0.36198688
253049,L4/5 IT,0.40052325,-0.03295186
145276,L6 IT,0.024360836,-0.031315804
145275,Astro,0.35719615,0.27112067
145261,Astro,0.14551884,0.1533801
186305,Astro,-0.17522493,0.2732892
3587,Endo,0.3165514,0.2910254
145258,L2/3 IT,0.42271036,0.119622886
3588,PVM,0.16636956,-0.2724883
145255,L2/3 IT,0.28200734,0.28413016
157884,L2/3 IT,0.2712409,0.28133196
10435,L6 CT,0.057487726,-0.24040404
157904,L6 IT,0.056088507,-0.14024958
266623,L4/5 IT,-0.2628438,0.2348451
28681,L6 CT,0.23310864,-0.36148822
266625,L6 CT,-0.07706812,-0.10826287
157856,L2/3 IT,-0.055832624,0.36733806
215985,L5/6 NP,0.3526436,-0.1395495
255329,Astro,0.23287624,0.15152842
35229,Oligo,-0.1250548,-0.09423572
253072,OPC,-0.2504583,0.03221661
157690,L2/3 IT,0.35865062,0.09718621
157691,Lamp5,0.0127978325,0.40638095
275319,L2/3 IT,0.0033265948,0.33774668
28840,Endo,0.09096205,0.12725872
145519,Endo,0.029581785,0.1678518
145515,Oligo,-0.054696083,-0.140589
190497,Pvalb,-0.33847672,0.20129198
145483,L6b,0.18330401,-0.36222678
79398,L2/3 IT,0.34988815,0.1210708
186348,L4/5 IT,0.34240788,0.0934993
157720,L5 IT,-0.12757829,0.22770256
28805,Sncg,0.22761542,0.33227944
28785,Astro,0.057289004,-0.2554419
83612,L2/3 IT,0.26675278,0.27604115
190531,L5/6 NP,-0.13031599,0.058601677
145433,Sst,-0.29044253,0.10480511
79348,Endo,-0.11371106,0.0070918202
154851,L5 ET,0.32895315,-0.06428358
215989,Astro,0.34058356,-0.039302886
34906,L5 IT,-0.24644303,0.25124854
10853,Oligo,0.014682591,-0.2653132
68244,Astro,0.06505686,-0.3499176
146557,Astro,-0.25529212,0.2030974
146547,L6 CT,-0.26617837,0.12098259
146546,OPC,-0.3350671,0.14361668
10481,Astro,0.11599779,-0.37481916
233696,Pvalb,-0.14068642,0.15601921
255059,L5 ET,-0.09489018,0.17956942
29445,L6 CT,0.16127884,-0.1907011
146459,VLMC,0.32085675,0.33625066
229029,L5 IT,0.33772397,-0.17367092
29412,L4/5 IT,-0.067869514,0.2015475
146438,Micro,-0.0977962,0.20718843
255082,L6 CT,0.19168454,-0.33798504
79788,L4/5 IT,0.4632265,-0.030220449
253265,L4/5 IT,0.18984276,0.100198746
146486,OPC,-0.13166702,0.15587533
190079,Oligo,-0.28784627,0.086229384
156550,Oligo,0.01170212,-0.057103336
29474,L4/5 IT,0.2213968,0.07851386
156303,L6 CT,-0.2997221,0.17168099
265961,Oligo,0.16726995,0.29820132
186839,L6 CT,0.20969325,-0.31973875
34601,L5 IT,0.16404366,-0.04082662
34610,Oligo,0.02614528,-0.26378733
186830,L6 CT,-0.20564634,-0.0062117577
237862,Sst,0.15243924,0.39171338
83147,Peri,0.082145095,0.15267986
2350,Astro,-0.060001403,-0.22740811
212173,L5 IT,-0.09935123,0.10182643
34643,L6 CT,0.1661796,-0.2674442
66602,L4/5 IT,0.38471776,-0.012547225
146700,L6 IT,-0.20458078,0.0771538
279946,Endo,-0.31107026,0.102050126
229024,Astro,0.14703941,0.35526347
146652,L4/5 IT,-0.23349205,0.31114846
3435,Oligo,0.0876165,-0.32438755
34786,Astro,-0.25471205,0.2113747
146409,L2/3 IT,0.15057611,0.29842454
156686,Micro,0.043920755,0.15581524
156725,L4/5 IT,0.21158236,0.3298775
157064,Astro,0.06503898,0.14273673
157094,Oligo,0.10962844,-0.38617224
190245,L6 IT,-0.015328854,0.033019543
34855,L6 CT,0.23245007,-0.32105494
3488,L2/3 IT,-0.1737099,0.33367717
157110,L2/3 IT,-0.03544569,0.31894255
146211,L6 CT,0.19340646,-0.14358577
34871,Oligo,-0.0010396242,-0.26212624
186553,Micro,0.09279263,-0.5
10473,L6 CT,-0.0713492,0.054558396
83379,L6 IT,-0.29323798,0.10335487
34883,L4/5 IT,0.31906027,0.009358585
157128,L6 CT,-0.28877074,0.06110847
146145,L6 CT,0.03126639,-0.116660714
186548,L6 CT,0.2057817,-0.25016746
16335,Endo,0.05626905,0.2219392
146128,Oligo,0.03367603,-0.20351183
83337,L5 ET,0.26828742,-0.008692741
157183,OPC,0.052412868,-0.1840378
34849,L2/3 IT,0.20178741,0.29945487
229082,Oligo,-0.12248519,-0.1718258
79768,Endo,0.13120645,0.31295592
68267,L2/3 IT,-0.12202063,0.3839658
68277,Oligo,0.116961,-0.30232662
156745,L6 IT,-0.32361045,0.041346967
66555,L6 CT,-0.24528873,-0.017167687
79762,L4/5 IT,-0.13379121,0.2660038
156794,Micro,0.1834923,0.10563612
29334,L5 IT,0.15433842,-0.05347553
156873,L6 CT,-0.22741443,-0.032568157
68284,L2/3 IT,0.3267851,0.029663146
79734,L4/5 IT,0.35130215,0.0547415
156927,Micro,0.117832065,0.13048226
34816,L2/3 IT,0.1796512,0.30241543
29288,L4/5 IT,0.22738665,0.058531225
211070,L2/3 IT,0.40867382,0.0649544
83321,L4/5 IT,0.018811762,0.21299571
247986,L6 CT,0.0013852715,-0.1383723
83326,L5/6 NP,0.31991577,0.009987533
68525,L5 ET,0.38118833,-0.11990881
254669,L6 IT,0.21201336,-0.37082872
148429,Astro,0.38522214,0.18396634
228400,L5 ET,0.15582621,-0.08343637
152638,L2/3 IT,0.21939015,0.3018806
188806,Sst,-0.050543964,0.16674149
150471,L5 IT,-0.14155787,0.18181115
253952,L2/3 IT,-0.15392414,0.41811538
235473,L4/5 IT,-0.1576241,0.31209534
150458,VLMC,0.44197005,0.2352038
32740,L6 CT,-0.315872,0.076765716
152687,Micro,0.1517582,0.21073925
216344,L5/6 NP,0.2400862,-0.02218631
266317,Endo,-0.06656906,0.14671671
16092,L6 IT,-0.15763828,0.019041955
152725,Sst,-0.28824067,0.18382871
188836,L4/5 IT,0.12120849,0.18654126
152780,L5 IT,-0.18870679,0.12996918
211809,L4/5 IT,-0.1610963,0.32698888
241104,L6 IT,-0.07213196,-0.0075703263
152599,L6 CT,0.032592237,-0.016709954
152598,L5 IT,0.15082747,0.025397062
81090,L4/5 IT,0.2934404,0.05181712
188127,L5 ET,0.19805777,-0.13053995
211780,Oligo,0.10135943,-0.2894712
32642,L5 ET,-0.18888482,0.18400747
81696,L2/3 IT,0.43807608,0.09693313
254302,L6 IT,-0.32261124,0.103158176
67267,Astro,-0.09924525,-0.016220361
216218,L2/3 IT,0.08707249,0.39367324
228389,Endo,-0.3041727,0.22938341
188749,Vip,0.2999817,0.18881202
211553,PVM,-0.038885474,-0.19278315
274784,L2/3 IT,0.20325792,0.33468407
152540,OPC,-0.32789344,0.2398982
150552,L5 IT,0.34546405,-0.037136048
3042,SMC,-0.18436068,0.22231984
81104,L6 CT,-0.28348243,0.14883775
211795,Astro,0.2629583,0.101673305
233619,L4/5 IT,-0.129691,0.22132307
152815,L6 CT,-0.0041606724,-0.2786899
81666,Oligo,-0.2505504,0.24126333
152817,VLMC,0.1593383,0.4271108
31447,L6 CT,0.21647489,-0.24603248
31317,L6 CT,0.19386363,-0.2483863
241110,Oligo,-0.23991325,0.14542747
268747,L6 IT,-0.16670659,-0.009999841
150104,Astro,-0.0874843,-0.19046056
188952,Lamp5,0.22679621,0.30189157
153069,Astro,0.086099625,0.4187051
247522,Oligo,-0.07777962,-0.20173469
31341,Oligo,0.16134173,-0.35664105
67673,Endo,0.06914079,0.4236269
32958,Oligo,-0.19430676,-0.11210099
274830,Oligo,-0.20079383,-0.12039539
32978,Pvalb,-0.1942488,0.41182202
253882,Micro,-0.19412196,0.0708645
150028,L6 CT,-0.2924614,0.024073243
241008,L2/3 IT,0.16146588,0.19890326
33025,Oligo,0.06652564,0.12507051
150083,L2/3 IT,0.25865692,0.29006863
187955,Oligo,-0.15463015,-0.1530472
150160,L5 ET,-0.12812746,0.15830141
253905,L4/5 IT,0.43615842,-0.0630461
3066,Micro,-0.17879605,0.23586404
152907,L6b,-0.17112586,-0.08944455
32808,L6 CT,0.21814018,-0.34890735
2714,L6 CT,0.036379516,-0.1291723
67218,L4/5 IT,-0.22809654,0.28252906
188850,Peri,-0.015908808,-0.07089993
242991,Micro,0.13639307,0.14858723
227955,Peri,0.36472577,0.2293117
266166,Astro,0.09483278,-0.3198658
152953,L4/5 IT,-0.20305091,0.30729157
150249,Sst,-0.22614962,0.21885383
80998,Micro,-0.106930256,0.22783804
247524,Oligo,-0.23542404,-0.09673333
150183,OPC,0.0057144165,-0.27352494
253913,L5 IT,-0.010383308,-0.028810173
228454,L2/3 IT,0.05883801,0.2820288
150162,Micro,-0.24121398,0.28131318
243757,Astro,-0.034927905,0.14402741
150725,Peri,0.3069108,0.3088163
81663,Astro,0.13243294,0.37645066
81155,L5 ET,-0.2660342,0.22871292
151751,L6 IT,0.29377675,-0.18508339
32265,Endo,-0.10217157,0.13307971
81371,Endo,0.29886478,-0.07464424
151765,Astro,-0.15551907,-0.12943909
151799,L5 IT,0.0322783,0.08207524
151322,Endo,0.09405762,-0.046191424
32284,L2/3 IT,0.032833874,0.32718647
241050,L6 CT,-0.19982794,0.052555084
211691,Endo,-0.3364116,0.15007794
211694,L5 IT,-0.16897205,0.08776611
32298,Endo,0.38801575,0.011037648
228180,L2/3 IT,0.442658,0.071409464
151264,Peri,0.15026087,0.4148841
151903,L5 ET,-0.18302491,0.17306739
67515,L6 CT,0.12724298,-0.13619739
266255,Micro,0.07540274,0.45783544
274732,Micro,0.20143342,0.36276537
274683,L6 CT,0.20335656,-0.36647823
32058,Sst,-0.22213224,0.12905037
81462,Endo,-0.114834696,-0.18217695
151593,Sst,0.20089138,0.06926763
151602,VLMC,0.35308957,0.28068668
81425,L6 IT,-0.08542627,-0.07939857
151619,L2/3 IT,0.38304693,0.19715387
151645,VLMC,0.40629888,0.25621855
151547,L4/5 IT,0.13642478,0.16503382
81433,L6 CT,-0.0539999,-0.0035680234
151657,L6 IT,0.22879136,-0.2219131
2919,Oligo,0.0114941,-0.07118383
211651,PVM,0.15830982,0.32657814
151501,L5/6 NP,0.3076715,-0.16477656
211648,L2/3 IT,0.2837959,0.2732464
228264,L6b,0.059147537,-0.21423772
10689,L2/3 IT,0.4142307,0.10884017
151478,L4/5 IT,0.43339676,-0.002623111
211674,L6 IT,0.3137467,-0.19218817
81453,L2/3 IT,0.26067615,0.2334786
16050,L2/3 IT,0.15423262,0.25230724
151191,L5 IT,0.003942013,0.037987888
151984,L2/3 IT,0.4346447,0.092212856
81540,Sst,0.29559755,-0.17975861
228355,L5 IT,0.36687607,-0.06360605
2988,L2/3 IT,0.16263175,0.24556673
81608,L6 CT,-0.11713812,0.03157592
31759,L5 IT,0.10878515,0.13889915
211583,Peri,0.047217786,0.24059993
188188,Oligo,0.13757044,-0.33710754
3019,Oligo,-0.1091983,0.26464832
277612,Oligo,-0.1652281,-0.15818503
150833,L6 IT,0.20626384,-0.22458953
3020,L5 IT,0.02121967,-0.014713585
31711,OPC,-0.17200279,0.4716825
2806,L4/5 IT,-0.4011827,0.1766116
228078,L5 ET,0.1780619,-0.030333698
211569,L4/5 IT,0.006325841,0.1982246
211567,L5 IT,0.14663738,0.07128394
211764,OPC,0.32418573,0.22031629
67286,L6b,0.15434068,-0.32111424
188594,L4/5 IT,-0.14401421,0.28346246
80962,L2/3 IT,-0.1792801,0.36597484
211751,L2/3 IT,0.012188733,0.36655802
152197,Oligo,0.14798063,-0.39561814
228337,Endo,0.0036601424,0.18331128
247593,L2/3 IT,0.14346218,0.20678228
254239,Micro,0.4767148,0.15986323
188251,L4/5 IT,0.004478574,0.25587547
151133,L2/3 IT,0.16953582,0.3145905
152059,L6 CT,0.021250486,-0.018920481
151113,L6 CT,0.11192882,-0.13756377
152092,Endo,-0.07886571,0.1805659
2839,Oligo,0.23794693,0.36917645
2831,L6 CT,-0.10195452,-0.07705751
216317,OPC,-0.28295836,0.185534
81249,L4/5 IT,0.29397207,0.03473085
31830,L2/3 IT,0.18404698,0.21865016
151089,L5 IT,0.22025853,0.03366846
152164,Astro,0.2249484,-0.22391164
152167,Pvalb,-0.11676112,0.42067325
151063,PVM,0.12080699,-0.078064084
152200,L2/3 IT,0.18125749,0.31098866
31278,L4/5 IT,0.10884118,0.22241968
153129,Astro,-0.20566788,-0.111679316
149956,VLMC,0.19013411,0.36123502
33543,Pvalb,-0.031733274,0.008378267
67856,Astro,0.28108078,0.34428173
149000,L2/3 IT,0.12398237,0.33457774
148993,L6 CT,0.22045308,-0.31456462
274475,PVM,0.15459204,-0.36920023
254566,L5/6 NP,0.25139683,-0.221863
148962,L6b,-0.049257815,-0.17480361
67855,Astro,-0.1505445,-0.14887345
30729,OPC,0.37912005,0.20173347
216449,Endo,0.07116181,-0.17450872
228659,L5 IT,0.26708788,-0.07184914
154184,L2/3 IT,0.075284004,0.3667363
67892,VLMC,0.44407338,0.255858
154323,Endo,0.09200281,-0.29104543
241154,Astro,-0.2854336,-0.0871146
66973,L4/5 IT,0.33744276,0.009480894
233659,Pvalb,-0.4553475,0.048239052
189321,Astro,0.06239009,0.13730657
80639,Endo,0.17204398,0.2543177
10751,Astro,0.06617242,-0.2576732
30865,L2/3 IT,0.010171235,0.33207506
149201,L5 IT,0.19462466,0.0074736476
30855,Oligo,-0.27451378,0.18153954
82276,L2/3 IT,0.06632382,0.35659277
187635,L2/3 IT,0.41157866,0.13978988
233544,Micro,-0.01274249,0.1728639
33464,Astro,0.09859872,-0.28279692
80684,Endo,-0.3196082,0.12402016
266372,L4/5 IT,0.39725053,-0.027380377
153971,Astro,-0.034313917,0.42433012
187601,Endo,-0.14941463,0.009463847
216430,L2/3 IT,0.278377,0.27646858
149129,L5/6 NP,0.20743191,-0.3589893
15854,L4/5 IT,0.42930967,-0.03948018
154040,L6 CT,-0.16722986,0.035430253
82292,L2/3 IT,0.08768022,0.28242916
187597,Peri,0.034624636,-0.14845923
82363,L5 IT,0.084289074,0.14677244
187480,Oligo,-0.036022186,-0.23608842
253667,L5/6 NP,0.2031408,-0.27387604
266079,Sst,-0.1900377,0.35508287
3252,L6 IT,0.16451144,-0.10857174
10580,Astro,-0.38236225,0.044033468
148587,L5 ET,0.1667291,0.059075356
154657,L5/6 NP,0.28553468,-0.08896512
33790,Oligo,0.0026253462,-0.23909914
67936,SMC,0.18145442,0.3881498
80386,L4/5 IT,0.21135956,0.099642515
216106,L4/5 IT,0.07949823,0.2342248
228733,VLMC,0.22565526,0.37366873
154714,L6 IT,-0.054052174,-0.12921083
82496,Oligo,-0.40318096,0.15730709
154740,Astro,-0.039164722,-0.2065832
274993,Sst,0.22348851,-0.06453356
148488,Oligo,-0.043843567,0.020824552
274996,L5 IT,0.24129683,-0.0598951
80330,Astro,-0.019600272,-0.19861689
227661,L5 IT,0.33735138,-0.042700052
227708,Micro,0.054154396,-0.02284199
266365,SMC,-0.33885843,0.07403457
154575,Oligo,-0.06174451,-0.24481428
266418,L2/3 IT,0.28163838,0.23760545
266413,VLMC,0.3432181,0.29485685
33634,L6 CT,-0.30089515,0.005972564
33651,L2/3 IT,-0.12380704,0.35425448
154445,L2/3 IT,0.25948447,0.23896354
82391,Astro,-0.12125304,0.20705456
148778,L6 CT,0.21646708,-0.29935315
33676,Endo,0.3796124,0.20155537
227736,L6 CT,0.25287735,-0.10057208
154452,L4/5 IT,0.31375957,0.09367871
33683,L6b,-0.06599435,-0.16192403
211307,L6 IT,-0.39539063,0.074240685
278387,Micro,0.39230484,-0.06581059
211967,L2/3 IT,0.221457,0.29400742
148705,L4/5 IT,0.045714498,0.1351909
82424,Astro,-0.2194421,-0.11525595
211304,OPC,-0.08695957,-0.21436575
2523,Astro,0.10003424,-0.33359653
211987,Oligo,-0.14968717,-0.13946387
148421,Astro,-0.24309036,0.20843178
149227,L2/3 IT,0.22542387,0.28975308
153865,Micro,0.040169835,-0.23175427
153412,Astro,0.022043109,0.34287697
149746,L2/3 IT,0.23310208,0.24171436
31094,Lamp5,0.15350902,0.3962953
67711,L2/3 IT,0.20343262,0.3275407
216397,Oligo,-0.1309408,-0.17853937
149722,L6 CT,0.17974693,-0.32243544
67121,Oligo,-0.02710417,-0.21013701
31097,L6b,0.116656125,-0.26475495
227848,L6 CT,0.05756551,-0.095831364
2633,L2/3 IT,0.20737576,0.2083084
189109,L6 CT,-0.24489245,-0.0061163604
80872,L2/3 IT,-0.18718943,0.36905062
254471,L5/6 NP,0.20166153,-0.39039505
189118,L4/5 IT,0.15847456,0.14738548
153479,Astro,0.28431755,0.24453706
80867,L6 CT,-0.338746,0.10354859
80879,Astro,0.1286112,0.16975486
254453,L5 ET,0.15904039,0.0051903725
149763,L4/5 IT,-0.11635128,0.2856111
82020,Astro,-0.010181457,0.008237004
33051,L4/5 IT,-0.25382572,0.26896018
153138,Sst,0.16265857,-0.42454803
216194,L5 IT,0.36297053,-0.025729805
149925,L6 CT,0.20604688,-0.2564052
153215,L2/3 IT,-0.10070181,0.3295701
81978,L6 CT,-0.18711203,0.043877363
80943,OPC,-0.002303362,-0.096167415
33088,L5 IT,0.26890415,-0.027090281
67151,L6 CT,-0.34383157,0.18740267
187879,Micro,-0.26824734,0.3157547
187876,Endo,0.29148877,0.22321552
233565,Oligo,0.01369071,-0.25666335
187857,PVM,0.0026974678,-0.23393169
82010,Endo,0.3816371,-0.055008143
10629,L2/3 IT,-0.19177786,0.32642645
153389,Vip,0.21849793,0.35403687
153400,Pvalb,-0.30990803,0.17878932
149678,SMC,-0.16671076,0.36483848
82095,L2/3 IT,0.14461184,0.25594467
189136,Oligo,-0.37610245,0.013792813
149577,L6 CT,-0.20211154,-0.010470301
82188,L6 IT,-0.011703104,-0.015579969
149399,Oligo,0.020614862,-0.25615332
30968,L6 CT,0.23888946,-0.16929117
67772,VLMC,0.35321528,0.30354357
153735,L5/6 NP,0.29136622,-0.30002517
33341,L6 IT,0.19819868,-0.126028
211885,L5 ET,0.35537255,-0.1269474
189228,L4/5 IT,0.058551013,0.15892053
30954,Pvalb,-0.19823873,0.2786821
2602,Endo,0.033318102,0.013255537
67051,Oligo,-0.12415627,0.23401523
227803,L5/6 NP,0.100396276,-0.006595671
266363,L5 IT,0.09725678,0.06775874
30914,Micro,-0.0055134,0.48384148
211897,L4/5 IT,0.12652934,0.21147871
149269,Endo,0.043246508,-0.20998478
149265,Oligo,-0.24876273,-0.10577667
33321,L2/3 IT,0.35642207,0.112570286
16146,Astro,0.10493517,-0.39409658
153712,VLMC,0.27174413,0.35817134
241153,L2/3 IT,0.32604307,0.25082177
228578,Endo,0.2784667,-0.09049633
31042,Astro,0.04285097,-0.30691934
216405,VLMC,0.18599749,0.4244393
227815,L5 IT,0.31868863,-0.15664846
149529,Astro,0.35544258,0.18047136
266137,Astro,-0.31339023,-0.059953272
266136,L6 IT,-0.33239615,0.049870133
211858,L6 IT,0.32001048,-0.1648803
211859,L4/5 IT,-0.15058035,0.26812524
187761,L2/3 IT,0.067339,0.34583294
153646,Oligo,-0.2869794,-0.04383698
149483,L4/5 IT,0.04139495,0.22453433
227811,L6b,0.12669104,-0.2517175
189194,Pvalb,-0.29567418,0.13096356
268762,Oligo,-0.2376453,-0.113426626
254501,VLMC,-0.003238082,0.49138528
149454,L4/5 IT,0.22276145,0.101636946
211870,L4/5 IT,-0.17303741,0.30519265
190594,Peri,-0.031814963,0.2663343
29870,Astro,-0.28608206,0.20838046
185846,Oligo,-0.0077756047,-0.17121091
28340,Astro,0.027260303,-0.2656889
252801,L2/3 IT,-0.14557457,0.41260147
3649,L6 CT,-0.33781666,0.17317778
226880,L6 CT,-0.11946669,-0.05167055
268957,Oligo,0.18119705,-0.025972754
35604,L4/5 IT,0.39410806,0.03801912
143819,L5 IT,-0.24040198,0.18944514
229329,L4/5 IT,0.20553172,0.14619064
274043,L6 IT,0.26136315,-0.2766285
28059,Pvalb,-0.28870326,0.18908918
27688,L6b,0.1458416,-0.29145116
215915,L6b,0.08221102,-0.23018506
159298,L6b,-0.23422357,-0.031165749
159117,Oligo,-0.28182673,-0.06465536
247188,L5 ET,0.09932011,0.12369323
190763,Oligo,0.26216286,0.0022395253
238357,Oligo,0.038217187,-0.26514047
66231,Endo,0.100657284,0.109710276
215899,Oligo,-0.1930485,-0.09133199
79204,Oligo,0.036494017,-0.29527426
186089,Astro,0.16263998,0.10951698
143815,Oligo,-0.27291113,0.23916388
3719,Astro,0.23288482,-0.11097592
28590,Oligo,0.012049735,-0.21807238
3691,Pvalb,-0.16341761,0.15485638
84191,Endo,0.2380935,0.2130214
159135,Lamp5,0.25645423,0.33172596
159539,L6 CT,0.009867787,-0.1724399
253001,L4/5 IT,0.1324423,0.2359829
27666,Astro,0.08680546,-0.3221797
66128,L4/5 IT,-0.23653075,0.2873255
78810,Oligo,-0.011170298,-0.2355012
226930,L4/5 IT,-0.20657927,0.30437952
186062,L5 IT,0.34847957,-0.052021235
16413,Astro,-0.06902686,-0.19698566
158084,L6 CT,0.020455122,-0.054540753
190699,Oligo,-0.13512477,-0.053797424
210720,Endo,0.29669982,-0.06683439
144475,L4/5 IT,0.011945784,0.3111546
229432,L2/3 IT,0.2810107,0.20854628
240139,Oligo,-0.27574334,-0.07465303
158541,Oligo,0.12336594,-0.39881784
233721,Oligo,-0.035918623,-0.252522
274136,Astro,0.110007405,0.17680585
186100,Peri,-0.087458014,-0.10228813
158098,Sncg,0.44275206,0.15070862
266660,Oligo,0.03149587,-0.27186334
158107,Micro,0.15888709,0.27546746
35670,Endo,-0.13798854,0.20292813
27646,OPC,-0.078734934,0.4666888
27662,Astro,-0.22740272,0.28281492
35896,Lamp5,0.31452858,0.3350755
145079,Vip,0.44850487,0.109570205
143593,L4/5 IT,-0.1558722,0.2951709
66361,Astro,0.31187832,0.15380645
268962,Oligo,0.055902958,-0.24985829
3760,L6 CT,-0.037138402,0.02188015
3609,L5 IT,0.0873608,0.018313587
158576,Oligo,0.19976008,-0.1881693
79277,L2/3 IT,-0.10721144,0.3402965
212457,PVM,-0.015467793,-0.24448669
145051,L5 IT,0.15116477,0.09116995
274162,Pvalb,0.09485549,-0.035600305
191133,L4/5 IT,0.37442344,-0.03968224
144899,L2/3 IT,0.26416326,0.28055865
68722,Oligo,-0.02088371,0.20413148
252858,L5/6 NP,0.21763921,0.01857549
240851,Endo,-0.07599276,0.36054182
143690,L2/3 IT,0.17799473,0.24550879
266644,PVM,0.21941036,0.39639974
28526,L6 CT,-0.14487714,-0.06941077
143696,Micro,-0.067997485,0.29744172
252791,VLMC,0.18127179,0.3989771
265778,L6 CT,0.00014096498,-0.05197254
66346,L4/5 IT,-0.22637022,0.29322904
235365,L6 CT,0.09081644,-0.20548773
144104,L6 IT,0.054870546,-0.047999382
268511,Endo,0.179636,0.21579164
229305,L5 ET,0.07102239,0.036830068
159657,L2/3 IT,0.38011765,0.19542062
143773,VLMC,0.36005646,0.31031847
78759,L5 IT,0.32816374,-0.10086316
78897,Oligo,-0.04493496,-0.24187592
35862,L2/3 IT,0.26686358,0.22253186
3619,L5 ET,0.0743649,0.046980917
229369,Oligo,0.115997255,-0.3529515
229488,Endo,-0.000723511,0.20372677
190790,L6b,0.14157426,-0.280095
144594,L4/5 IT,0.41600722,-0.022240251
279751,SMC,-0.4183406,0.13229829
28265,L2/3 IT,0.11080277,0.31100988
226757,Oligo,-0.0074748993,-0.22663581
35851,Endo,0.0024697185,-0.10137841
28481,L2/3 IT,-0.1356565,0.39255816
143719,L6 CT,0.130131,-0.2155785
215910,L2/3 IT,0.03427857,0.32983017
3612,Astro,0.15278202,0.20288438
227053,VLMC,0.17465138,0.40366524
66283,L5 IT,-0.27963197,0.12250608
66219,L6 CT,0.20427191,-0.35308534
159542,Oligo,-0.18010458,-0.14138755
159561,L2/3 IT,0.28309733,0.26389402
35887,L6 CT,0.1063267,-0.11240497
35657,L6 CT,0.10041839,-0.16217911
255554,Astro,-0.27134362,0.1537317
191099,L4/5 IT,0.3697297,0.08786696
268946,L6 CT,-0.08082175,0.027335107
159679,L4/5 IT,0.1895594,0.22375482
66359,Astro,0.24917644,0.2893911
28581,L5 IT,0.25559074,-0.07773045
210829,L6 CT,0.20819628,-0.35088155
212388,L5 ET,-0.089993715,0.16101456
68546,L5 ET,0.014185369,0.13674378
144138,L5 IT,0.22630453,-0.043838054
247200,L6b,-0.033742905,-0.16432631
159287,OPC,0.05977726,0.29215455
247195,L4/5 IT,0.41661972,-0.04743272
190665,L5 ET,-0.24016896,0.2035833
248155,L5 IT,0.37176996,-0.11771837
66131,Astro,0.28220654,0.2221393
2106,Oligo,0.036492944,0.0013388395
158189,L2/3 IT,0.28187197,0.14547217
35644,L6 CT,-0.14012763,0.052625775
159624,Pvalb,-0.18680686,0.17786026
16500,Astro,0.066868365,-0.3265195
252860,L2/3 IT,-0.1048601,0.40949267
144940,L2/3 IT,0.41442037,0.16081268
268472,L5/6 NP,0.25997835,-0.30341086
158716,L5/6 NP,0.08349025,0.09423548
212489,L6 CT,0.33777392,-0.18538359
68699,L2/3 IT,0.18942058,0.31799024
83694,Peri,0.016108453,-0.017648995
268903,Endo,-0.017352134,-0.18849361
144411,VLMC,0.36923844,0.30014974
190632,L6 CT,0.18171257,-0.2643093
268950,L2/3 IT,0.38487768,0.15885198
144426,Sst,0.25633633,-0.09715453
158774,Oligo,0.025145113,-0.3007297
3672,L2/3 IT,0.07625091,0.3435539
35350,OPC,0.006126225,-0.36484057
265811,Endo,0.118329525,0.20304346
268906,VLMC,0.15552658,0.419338
210890,OPC,-0.23214644,0.26019347
216637,L4/5 IT,-0.25687468,0.28896105
215880,L6 CT,-0.028935015,-0.045196384
158913,L6 CT,0.16696346,-0.069336295
159397,L2/3 IT,0.3457144,0.1680277
226803,L5 ET,0.120049655,0.0033935905
215865,L4/5 IT,0.16157055,0.15997177
27557,Astro,0.04904878,-0.32392138
27619,Oligo,0.09340286,-0.2768216
235381,Endo,0.25965208,-0.1914984
27610,Oligo,0.08595067,-0.36554265
143919,L5 IT,0.039156318,0.0066140294
83804,SMC,0.10888022,0.44444263
190628,VLMC,0.24503922,0.37817574
144754,Pvalb,0.09103167,-0.2642954
28203,L2/3 IT,0.32810062,0.11667496
158512,Astro,-0.3666423,-0.0024794042
27881,L5 IT,0.120490015,-0.06374973
35726,L5 IT,0.3034017,-0.05747962
3603,Oligo,0.24053639,0.22289085
28382,L2/3 IT,0.32610118,0.21208656
215894,Oligo,-0.035184234,-0.2485216
143542,L5/6 NP,-0.02761954,-0.001385212
210809,L6 CT,0.13703185,-0.20163774
143874,L6 CT,-0.14097714,0.057639003
158515,L4/5 IT,0.40804952,-0.05166
210710,L4/5 IT,0.17491162,0.12406325
27586,L4/5 IT,0.34223694,0.0061944723
79061,L2/3 IT,0.3409409,0.12902385
84115,Astro,-0.10629985,0.15564233
190641,L5/6 NP,0.19458729,-0.41113937
143478,SMC,0.20271158,0.40244257
242951,L6 CT,0.15823722,-0.14197126
227094,L5/6 NP,0.33590263,-0.16767088
35919,L6 CT,0.11573869,-0.22443044
35570,L6 CT,0.27850842,-0.24226084
191051,L6b,0.1569128,-0.27138412
158010,L2/3 IT,0.39881504,0.19206727
274104,L6 CT,0.17002124,-0.2890663
28196,L6 IT,-0.06595659,0.30614662
145216,L5 ET,-0.123013586,0.1174131
255462,Astro,0.01296556,-0.28596258
143885,L2/3 IT,0.024456084,0.367051
158997,L6 IT,-0.17043638,0.007934332
144780,L2/3 IT,-0.16478437,0.4037496
159345,Astro,-0.24138156,0.09831262
216751,L5/6 NP,-0.14808798,0.16335559
144354,L6 CT,-0.11502561,-0.37785944
185725,Astro,-0.13300052,-0.147663
66154,L6 CT,-0.17650482,0.10725576
248082,OPC,0.022456527,0.124145985
28660,L4/5 IT,0.40509367,-0.023959279
243068,L6 CT,0.21586424,-0.29683578
229523,Astro,-0.056115746,0.10339403
215861,L2/3 IT,0.38432944,0.14077938
158838,L6 CT,0.103254855,-0.046442688
143947,L4/5 IT,0.22541016,0.047581077
275350,OPC,-0.3556791,-0.03218943
143480,L6 IT,-0.29615533,0.14607537
35717,OPC,0.35662442,-0.041113704
35540,L6 IT,-0.2835421,0.21081758
11943,Oligo,-0.016665816,-0.26567128
79036,L4/5 IT,0.33151233,0.08010715
144249,L4/5 IT,0.25116158,0.100655854
35987,SMC,0.23388511,0.38480115
