,cell_class,coord_X,coord_Y
35768,L6 CT,0.26905477,0.18030575
80206,L4/5 IT,-0.025668483,-0.19934747
117964,L2/3 IT,0.15625636,-0.18976507
17008,Pvalb,0.34227931,-0.115208514
79120,L4/5 IT,-0.20788623,-0.18041304
11414,L6 IT,-0.20559607,0.12703696
258196,Endo,-0.28690284,-0.11724443
160452,Endo,-0.2800368,0.12936917
64194,L2/3 IT,0.04970299,-0.26348782
212016,L6 CT,0.14205168,0.39930084
135443,L5/6 NP,0.013443816,-0.001953937
259523,L6 CT,-0.004514855,0.23717865
274092,Endo,0.0032909396,0.3990226
198997,L5 ET,0.17857884,0.0914947
71094,PVM,-0.24238919,0.22119376
120626,L6 CT,-0.21680315,0.2687237
206743,L5 IT,0.11601733,-0.022465296
154748,Peri,-0.29921526,-0.106221296
179598,Lamp5,-0.16386293,-0.28891602
80368,L4/5 IT,0.1259527,-0.2175644
155314,L5 ET,0.2829349,0.14888021
54941,Endo,-0.06881879,0.107601784
205042,Vip,0.3504057,-0.093393005
80171,Peri,0.09671442,0.0033669397
248598,Oligo,0.044329394,-0.17244619
236717,Endo,-0.24935295,-0.27742785
201085,L6 CT,-0.27523333,0.18622115
222368,Oligo,0.23197566,0.11659827
73931,Pvalb,-0.1736039,0.15144154
206170,L6 IT,0.15959452,0.1363562
20902,L2/3 IT,0.10625528,-0.24584004
71259,L2/3 IT,-0.059591692,-0.32349607
278507,L4/5 IT,-0.03270833,-0.13289395
757,L6 CT,-0.3303616,0.06909677
187351,Endo,-0.031151723,-0.25550923
120514,Oligo,-0.45989996,0.26850405
198879,L5 IT,0.10357104,0.117583595
242504,Peri,0.2102388,0.35339132
75104,Oligo,-0.35630322,0.029114
174942,L4/5 IT,-0.27664816,-0.1571931
258194,Endo,-0.052517843,0.2148321
202157,L2/3 IT,0.40946317,-0.09754104
161451,Endo,0.28140056,0.16790786
137927,L2/3 IT,-0.15128307,-0.34614137
256468,Astro,-0.18358828,-0.22680274
271205,L4/5 IT,-0.23089947,-0.19969615
53836,L4/5 IT,0.21620552,-0.07978944
94440,L5 ET,-0.28459573,-0.0690789
275950,L2/3 IT,0.13292788,-0.24603054
42183,L5 IT,-0.07012628,-0.0044443086
90261,Peri,0.11231242,0.11945715
94428,Pvalb,-0.057870846,-0.36868545
7079,OPC,-0.16486038,-0.05862195
263019,L2/3 IT,0.31113845,-0.21570092
7420,Pvalb,-0.16740738,-0.055549778
60295,Pvalb,-0.20579349,-0.050086148
16190,L4/5 IT,0.30783212,-0.066455014
233295,SMC,-0.3692876,-0.032310672
161680,Astro,-0.21695442,0.24192253
269220,Oligo,0.08854972,-0.06772349
87093,Oligo,0.14095215,0.32532802
49916,L6 IT,-0.20952873,0.19474778
12977,Peri,-0.25553334,-0.10188673
13169,L4/5 IT,-0.3627844,-0.123078115
263008,L2/3 IT,0.28046858,-0.19427413
86259,L6 CT,-0.2567687,0.26338628
270333,L4/5 IT,0.1527118,-0.042785473
219578,L6b,-0.42259708,0.24771675
259530,Micro,-0.09812285,-0.17566586
6286,Oligo,-0.02881984,0.25056943
86071,L5 ET,0.18735568,0.13392636
28246,L4/5 IT,0.13183723,-0.10737
161688,L2/3 IT,-0.2435437,-0.28666338
198869,Astro,-0.23039593,0.2471411
160456,Pvalb,-0.005161118,-0.124241956
120589,L2/3 IT,0.21585427,-0.20898035
30447,Micro,0.30508316,-0.20672822
20299,L5 IT,-0.36783177,-0.12117929
177236,L2/3 IT,0.31094956,-0.14863726
187387,L4/5 IT,-0.009943496,-0.14569512
54554,Sst,0.104424104,0.24382296
262980,Sst,0.18098502,0.5276316
117941,L5 IT,-0.16679777,0.066455565
138369,L4/5 IT,-0.05798502,-0.10520405
269829,L2/3 IT,0.036786605,-0.21766424
38775,L4/5 IT,0.12167506,-0.09058914
120154,Oligo,0.0647379,0.49793562
76321,Oligo,0.18395661,0.39862153
154668,L6 CT,-0.04888613,0.21022263
127875,Oligo,-0.45110753,0.22042027
68643,L6 IT,-0.28528327,0.15481111
98541,L4/5 IT,0.15193968,-0.11834211
276137,L5 IT,-0.38842943,0.020355724
219541,L2/3 IT,0.37917775,-0.17764318
155383,L4/5 IT,0.10147755,-0.18682054
278282,L6 CT,0.32587737,0.2230027
263303,L2/3 IT,0.06535636,-0.26304564
72879,Endo,0.077555165,-0.0033417419
154625,Sst,0.30867523,-0.035913803
138415,L6 CT,0.233712,0.4027895
96227,L2/3 IT,-0.17918845,-0.32833943
213818,Endo,-0.39730158,0.092432044
78107,L6 CT,0.1880884,0.17280623
198876,Oligo,0.1726871,0.39741412
198996,L6b,-0.32442898,0.26661018
8538,L6 CT,0.0868216,0.29131988
203808,L6 CT,0.027912606,0.20891389
154733,L2/3 IT,0.2827264,-0.1295104
155438,L5/6 NP,0.123603985,0.15989497
187135,L4/5 IT,-0.15436994,-0.20323253
28321,L4/5 IT,-0.012003195,-0.18861097
138341,L5 IT,-0.38811594,-0.006153859
221102,VLMC,0.24980025,-0.36673617
116381,L5/6 NP,-0.21495198,-0.034435786
112505,L5 IT,-0.0014310894,-0.072446175
80408,L5 IT,-0.35821575,0.12586209
217109,Endo,0.105048105,-0.104139216
12452,L6 CT,0.09678666,0.25029203
266430,Vip,0.20506905,0.1487973
146391,L4/5 IT,-0.1516579,-0.17005855
23966,Sst,0.23639475,0.5205384
422,Astro,0.020575989,0.13036719
47761,Astro,-0.29093626,-0.33968762
132064,PVM,-0.19154231,-0.2265515
96916,Pvalb,-0.31466746,0.19262877
277893,Astro,0.061667908,0.08210751
214572,L4/5 IT,0.12680142,-0.067243375
166808,L2/3 IT,0.11776517,-0.3078781
108692,Sncg,0.32727927,-0.21981114
146384,OPC,0.21944551,0.17722455
199721,L4/5 IT,-0.2949242,-0.13332814
168660,L4/5 IT,-0.07461153,-0.11423115
131751,L2/3 IT,0.05243509,-0.27911928
168734,L5 IT,-0.040631633,-0.089502044
280323,L5 ET,-0.22268961,-0.029136546
251455,L4/5 IT,0.2079802,-0.10924197
144162,Micro,0.1963207,-0.1480824
212020,L4/5 IT,0.13534151,-0.09556971
126271,Micro,-0.48217937,0.23407236
212026,L5 ET,0.2563553,0.09899076
228800,Astro,-0.16969801,-0.4190328
215067,L2/3 IT,0.112239465,-0.2887706
278283,Astro,-0.19235097,-0.0065044835
138052,L5 IT,-0.054160636,-0.08734167
40316,Endo,0.02146225,-0.11048145
6559,L5 IT,-0.2945907,0.04956927
138053,L5 IT,-0.029455137,-0.027192093
158681,L2/3 IT,0.15227221,-0.31541243
185155,L5 ET,0.0031900587,0.14955536
224667,L4/5 IT,-0.14572443,-0.11256529
155030,L2/3 IT,0.13454299,-0.22176117
86218,Endo,-0.32279742,-0.0026124492
197072,Vip,0.26380622,0.25049582
158677,L6b,-0.06663607,0.31673422
223695,Endo,0.2489724,0.13737425
245905,L2/3 IT,0.06541471,-0.25597858
203443,Sst,-0.030008923,0.039301954
64164,Astro,0.21607439,0.34901848
177828,Endo,-0.42471886,0.28406748
38999,OPC,0.08363859,-0.392091
78073,Oligo,0.086597666,0.3089814
228775,L4/5 IT,-0.26228982,-0.15165654
172467,Endo,-0.09047629,-0.07172514
224657,L5 IT,0.37926555,0.030330323
16440,OPC,0.13128309,-0.15515509
262089,L6 CT,0.14667027,0.49788556
61643,L6 IT,0.07843207,0.2770293
235509,L2/3 IT,-0.20886613,-0.337137
154973,PVM,0.056683827,-0.025323398
86170,L6 CT,-0.3586593,0.2313666
245696,L6 CT,-0.41303146,0.21565822
16207,L6 CT,-0.05680312,0.15829399
103754,L6 CT,0.18684916,0.5007122
256472,L5 ET,-0.2229241,-0.022807367
92206,Astro,-0.0055315313,0.36451384
30303,L6 IT,-0.13460805,0.2319319
196807,L4/5 IT,-0.30210078,-0.22073993
169881,Oligo,-0.264353,0.27734426
21225,Vip,0.37146223,-0.13175306
25005,L4/5 IT,0.30143577,-0.08314837
97215,L4/5 IT,0.25837225,-0.065563716
259908,Pvalb,-0.11007042,0.015067421
103736,L2/3 IT,-0.01638503,-0.34551245
135491,L6 CT,-0.33405888,0.25859448
276686,PVM,0.075325355,0.41470656
158649,L4/5 IT,0.31096894,-0.07806779
145526,L6 CT,-0.48918334,0.20287845
20909,L5 IT,0.12370221,0.07086643
175620,L6 CT,0.1530904,0.20715204
185180,Astro,0.22413068,0.0010758266
167714,L2/3 IT,-0.016201746,-0.3326139
78051,L5 IT,0.025592137,0.039877854
175534,L2/3 IT,0.35660678,-0.14621168
1384,Peri,-0.2089711,-0.3972802
18864,Lamp5,-0.019704234,0.10781696
215204,L6 CT,0.18428908,0.37322012
155133,L6 IT,0.2574463,0.17908356
120339,L6 CT,-0.09856491,0.15070179
60015,L6 CT,0.15677474,0.39338413
7137,Micro,0.0052721384,-0.35438946
168685,L6b,0.03770833,0.3257617
5016,L6b,-0.22293313,0.265119
193002,L4/5 IT,0.13557594,-0.07358853
94912,L6 CT,0.13494603,0.348142
34768,Oligo,-0.39403263,0.1522241
226877,L6 CT,-0.26922888,0.23234281
207825,L6 CT,0.01463877,0.26754764
233528,Pvalb,-0.2875644,-0.020172365
192998,L4/5 IT,-0.07768978,-0.0139370635
222758,L5 IT,-0.2314574,0.015529208
47836,L6 IT,0.08602254,0.12210002
198921,Pvalb,-0.37931538,-0.13184398
73637,Pvalb,-0.04561798,0.27394214
70521,L6 CT,-0.14981137,0.16497734
155163,L2/3 IT,-0.09247409,-0.253352
30245,L6 CT,0.21081506,0.28644183
30244,L6 IT,-0.09451784,0.18133041
30195,L2/3 IT,0.087184235,-0.32163653
228789,L4/5 IT,-0.30400562,-0.1723541
118012,L2/3 IT,0.409379,-0.06515337
2479,L6 CT,-0.41595843,0.20623156
133819,L6 CT,0.020922054,0.28453627
99538,OPC,-0.09339641,0.20894822
35816,L6 CT,0.21799724,0.38619146
80333,L2/3 IT,0.23534583,-0.26899865
154949,PVM,-0.18730481,-0.24603
185195,L5 ET,0.0025971713,0.054272138
215483,Lamp5,0.04494684,-0.15545347
30363,L4/5 IT,-0.32670853,-0.120374866
262550,Astro,0.12723361,0.34799394
92241,Pvalb,-0.02630223,-0.11385066
174154,L4/5 IT,-0.22954698,-0.17542371
7220,L6 IT,0.2039089,0.47875914
38855,Astro,-0.07448806,-0.04142306
133773,Astro,-0.44779354,0.29106054
249731,L6 CT,0.21385126,0.49248418
253566,Astro,-0.09710108,0.07444229
219546,Oligo,-0.35909963,0.15259203
90221,L5 ET,-0.38352376,-0.012114473
120462,L6 CT,-0.19417082,0.23837599
137987,Pvalb,-0.10911299,-0.25405392
126251,Oligo,-0.080214575,0.29555878
154881,L2/3 IT,-0.1645964,-0.3643208
245235,Endo,-0.119670704,-0.14556247
101448,L4/5 IT,-0.021602582,-0.09372652
99033,L6 IT,-0.12770785,0.24116746
20037,Pvalb,-0.34014487,0.09507825
256502,L6 CT,0.22468267,0.3577867
105558,Endo,-0.1974851,-0.0067175403
253561,L6 CT,-0.029922437,0.22292098
244402,L4/5 IT,-0.11148895,-0.13010463
276212,L4/5 IT,0.050017703,-0.18679738
73205,L6 CT,0.2154331,0.45287076
179858,Astro,0.21990554,-0.27529287
180101,Oligo,0.046277273,0.37761799
100077,L4/5 IT,0.19672011,-0.06181664
271209,Oligo,-0.04396547,0.38610652
113810,Endo,-0.03081299,-0.29695418
66324,L4/5 IT,0.36773062,-0.012318291
21198,Sncg,0.030165303,-0.2835863
216079,Oligo,-0.37614068,0.11722895
38847,Pvalb,0.14372449,0.16504088
259520,L6 CT,0.18992977,0.47063574
198967,Peri,-0.33479577,-0.10130123
161630,L6 CT,0.21896242,0.41041258
84005,Pvalb,-0.12687577,0.08093353
8228,L6 CT,-0.29356563,0.1808168
127382,L4/5 IT,0.097062394,-0.171033
16650,Oligo,0.20933561,0.4409645
260888,L6 CT,0.013146151,0.25911412
277591,L5 IT,0.21277432,-0.032633163
30125,L4/5 IT,0.2575168,-0.099467196
66570,VLMC,0.4870435,-0.24331477
190171,L4/5 IT,0.17887442,-0.11602799
5441,VLMC,-0.13663076,-0.46247274
138220,L5 IT,0.30068415,0.19154015
100100,Pvalb,-0.015763562,-0.049863286
264142,Oligo,-0.40117082,0.29801348
35835,L6 CT,0.017736841,0.23923251
179220,L2/3 IT,-0.14438628,-0.25723556
127840,L6 CT,0.1475145,0.42983052
74045,L6 CT,0.07794438,0.29700336
80298,Oligo,0.09546213,0.5162967
30323,Endo,-0.17878254,-0.06449748
127004,Astro,0.18099712,0.33236536
101472,L6 CT,0.1965382,0.26171365
80239,PVM,0.030569542,0.08529969
20667,Astro,0.038066614,-0.111465134
274284,L2/3 IT,0.22173105,-0.1776604
55132,Endo,-0.2158788,0.41757837
275009,Pvalb,-0.10914321,-0.10951621
78031,L6 IT,0.05004208,0.27979335
187310,L2/3 IT,0.025779594,-0.31587133
42042,L4/5 IT,-0.10942449,-0.18220195
207987,L5 IT,0.09050147,0.031430267
145530,L4/5 IT,-0.19236137,-0.11128048
154890,L5 IT,0.20807831,0.009979986
116311,L6 CT,0.04068141,0.24549595
110602,Endo,0.08867894,0.37883565
20520,Micro,-0.1131541,-0.2974957
251189,L6b,-0.39384764,0.2560967
203624,L6 CT,0.15661483,0.3108984
196638,Oligo,0.17718433,0.50245494
42152,L6b,-0.3684738,0.25599638
8184,Vip,0.052078415,-0.37176737
231545,L4/5 IT,-0.0700544,-0.13729426
93601,L6 CT,0.24465267,0.23214373
135459,Endo,0.15382008,0.0976335
30130,L5 IT,-0.28928345,0.0783005
34783,L6 CT,0.25360453,0.28930315
205159,Astro,0.43451184,-0.15098324
47804,Oligo,0.102299675,0.4983231
53865,L5/6 NP,-0.085543975,0.037838362
120448,L2/3 IT,-0.025600504,-0.33372566
78080,L2/3 IT,0.031838108,-0.21496329
246535,L4/5 IT,0.1476864,-0.090338685
25665,L4/5 IT,-0.048144203,-0.14808899
181045,L2/3 IT,0.26082683,-0.20055076
223966,L2/3 IT,0.4105289,-0.15704465
38489,Astro,0.05732088,-0.28416672
73217,L6 CT,0.19512539,0.31129357
222888,PVM,-0.18667795,-0.19720462
153708,L2/3 IT,0.10310726,-0.33282277
222887,L4/5 IT,0.016828883,-0.10769383
203318,L2/3 IT,0.26703292,-0.25407967
92035,L5 IT,-0.33495164,-0.0751893
58746,L2/3 IT,0.28385967,-0.21910378
44397,Sst,-0.166701,0.013011776
8207,L6 IT,-0.20445521,0.22465876
234930,L5/6 NP,0.17054503,0.004225455
266681,Oligo,-0.41466653,0.22905186
153727,L6 CT,0.17129247,0.40401617
215656,L6 CT,-0.18767567,0.053734504
210757,Endo,-0.24744262,-0.026755877
30965,Oligo,0.090780064,0.22688493
207964,L4/5 IT,-0.28676632,-0.1588299
56630,Oligo,-0.05689658,0.37032732
4720,Oligo,-0.19318824,0.3168352
107757,Lamp5,0.15803014,-0.3647957
71796,L6 IT,0.24714588,0.27162716
265444,Astro,-0.25514698,0.3033441
192632,L2/3 IT,-0.003905606,-0.26717165
235579,Micro,-0.035048198,-0.3443245
153756,L5 IT,-0.27057135,-0.007477261
248429,Micro,0.11235164,-0.30231613
135228,L6 CT,-0.20212467,0.26052764
146845,L6 IT,0.2765047,0.26404563
276015,L2/3 IT,0.27826673,-0.24985662
55250,L2/3 IT,0.22703211,-0.2144509
105426,Sst,0.20857333,0.49849132
62384,L4/5 IT,0.39260113,-0.029494055
71698,Endo,-0.0057600853,-0.11921651
14425,L5 IT,0.086377665,-0.051345892
214440,L6 CT,-0.0816413,0.12740842
195290,Oligo,-0.053909373,0.4111409
102728,L6 CT,-0.39271948,0.044216774
153645,L4/5 IT,0.3288803,-0.014366426
84124,Peri,0.3089224,0.097619675
208245,L4/5 IT,-0.21591045,-0.19972506
76387,L5/6 NP,-0.04542486,0.20327845
6223,L6 IT,0.30771858,0.14174047
228596,Astro,-0.22243486,0.015190892
10736,Oligo,-0.19833057,0.35730204
60587,L5 IT,-0.26260886,0.02486872
192620,Micro,0.16271739,-0.046687014
104338,L5 IT,-0.23417388,-0.08280305
71047,VLMC,-0.17765574,-0.47014073
98195,L6 IT,-0.28934017,0.11948141
64092,L6 CT,-0.2769044,0.1778979
22906,Astro,0.040230263,-0.1984418
166629,L6 CT,-0.35789788,0.16908285
92025,L2/3 IT,-0.19566159,-0.35592836
102742,L6 CT,0.13027333,0.19564351
233547,L2/3 IT,-0.18999483,-0.28161487
47374,Endo,-0.22618286,-0.2271932
102713,L5 IT,-0.044714253,0.043952666
88569,Sncg,0.23609154,0.3878382
224528,L5 ET,-0.108943686,0.07998743
216143,Oligo,-0.45832577,0.19989464
57390,L5 ET,-0.23145048,-0.054962493
35921,L2/3 IT,0.15300779,-0.2530596
153856,L6 IT,-0.26823592,0.16267243
35210,L6 CT,-0.38215673,0.042877458
114931,L4/5 IT,-0.14322178,-0.13870806
153860,L6 CT,-0.36144865,0.09008416
121167,Vip,-0.025474709,-0.36505097
162006,Oligo,-0.1307232,0.39491096
185964,Astro,-0.34789014,0.18802765
183068,L2/3 IT,-0.20555244,-0.2422845
26494,L4/5 IT,-0.21553151,-0.14423975
4311,Endo,0.32109696,-0.0346073
58999,L4/5 IT,-0.12867357,-0.26611385
170526,L5 IT,0.1312264,0.17387035
30881,Oligo,-0.49276495,0.2913837
255408,PVM,0.15082763,-0.002829589
26500,L4/5 IT,0.08437197,-0.13644034
238995,L6 IT,0.0362566,0.27581248
203848,L6 IT,0.31446588,0.15603915
143981,L5/6 NP,-0.22183149,0.072107576
93653,L6 IT,0.17779683,0.28145042
121124,Endo,0.23184113,0.2820554
62373,L5 IT,0.17585383,-0.008066572
38550,L4/5 IT,0.11317395,-0.14345488
26479,L5 ET,-0.03411756,0.11638882
255021,L6 IT,-0.021918397,0.178126
153841,VLMC,-0.10582115,-0.45298907
54837,L4/5 IT,-0.38970286,-0.12967253
192641,L6b,-0.065319106,0.30724367
153776,L5 IT,0.3718059,0.051205955
30958,Oligo,-0.046298902,-0.046797432
70148,Endo,0.12221591,-0.3422198
135243,L2/3 IT,-0.041576218,-0.29277343
67780,L4/5 IT,0.18840192,-0.10598672
196431,Peri,-0.26928264,-0.304531
224530,L4/5 IT,0.12654893,-0.09683908
85809,L5 IT,0.07258557,-0.06549791
139012,Oligo,0.026094902,0.13887897
269868,Pvalb,0.020531464,0.10269519
183933,L2/3 IT,0.05785792,-0.23381934
237536,L6 CT,-0.28853494,0.15793028
51069,L6 CT,0.20714794,0.31123164
6226,L5/6 NP,0.08828221,0.18071547
133962,L5 IT,0.20112608,0.021816455
184301,L2/3 IT,-0.034742903,-0.3283455
166644,L6 CT,-0.3344479,0.18149117
44949,Pvalb,0.4171756,0.047843955
172164,L4/5 IT,-0.13574652,-0.21626043
270846,L6 CT,0.121653125,0.20150545
30925,L4/5 IT,0.054802287,-0.13296568
166645,Vip,0.26273835,0.05496224
268103,L6 CT,-0.32359618,0.06332829
272517,L6 CT,0.06974481,0.31344882
206294,L4/5 IT,-0.0009934423,-0.1441915
133978,Lamp5,0.255849,-0.25653633
52906,Astro,-0.026147883,-0.087887265
38456,L6b,-0.3639384,0.2620267
162100,L2/3 IT,0.18452702,-0.18296888
172038,L2/3 IT,-0.1348284,-0.3326237
146902,L6 IT,0.16480522,0.22175089
76402,L4/5 IT,-0.15662266,-0.18617028
98015,L6 CT,0.20170234,0.3061206
201614,L6 IT,-0.39519566,0.13496003
198601,L6 CT,-0.25434607,0.16044614
3421,L6 CT,-0.24130563,0.16123256
75068,Sncg,0.37811923,-0.2096299
97953,L6 CT,-0.3551985,0.23670796
84140,L6 CT,-0.31431997,0.18387118
249960,L6 CT,-0.329732,0.15042606
159037,Micro,-0.06492187,-0.35085782
135209,L5 IT,-0.081407085,-0.054180093
85725,L4/5 IT,0.40327233,-0.055666603
235314,Sst,0.067332014,0.09695437
116079,Micro,0.272466,-0.1374821
196799,L2/3 IT,0.049263466,-0.29012257
175034,Oligo,-0.12785701,0.3727682
234782,L6 CT,0.21192954,0.1566144
144943,L2/3 IT,-0.07395662,-0.28063282
98982,L2/3 IT,-0.15852587,-0.37639263
77892,L5 ET,-0.22316553,-0.040268518
197180,L6b,-0.045476805,0.31646666
204781,Peri,0.31927967,-0.1154765
2631,L4/5 IT,0.009605456,-0.26808187
160304,L6 CT,0.12562613,0.32158646
258506,Pvalb,-0.3060829,-0.35016742
184976,Oligo,0.0689712,0.27550748
182122,Endo,-0.12621026,0.07070228
105380,L4/5 IT,-0.1620933,-0.14690924
115190,Endo,0.18471377,0.2904437
6172,Sst,0.23689203,0.43343845
6918,Oligo,-0.24401452,0.19467053
117778,Peri,0.3894264,-0.1372549
251525,L5 ET,-0.31349868,-0.07023669
31126,Endo,-0.08154939,-0.1492078
65417,Endo,-0.1918221,0.24903724
153351,Endo,0.26437342,-0.3218743
131100,Peri,-0.0005141911,-0.1860145
87202,L4/5 IT,0.036104012,-0.07531611
187834,L6 CT,0.21084295,0.30195424
121471,SMC,0.32390636,0.28424808
192533,Peri,-0.40854615,0.28834608
204416,VLMC,0.3360911,-0.31186017
218700,Astro,-0.23439308,0.27834836
153362,L6 CT,0.2784196,0.25151458
19726,L4/5 IT,0.11692618,-0.18629968
89901,Astro,0.09693913,-0.2314696
247751,L2/3 IT,0.044375468,-0.2288101
134000,Oligo,-0.29499286,0.0076486394
10198,L6 CT,-0.24914707,0.12657127
75510,Oligo,-0.23638023,0.25576732
153380,L6 CT,-0.2654045,0.21836057
153387,OPC,0.05816846,0.44816455
205848,Oligo,0.072696194,0.52371925
102683,L5 IT,0.10452114,0.08480122
102712,L5 IT,-0.2094054,0.004672222
80870,Micro,-0.2576917,0.1768296
257575,L5 ET,-0.40013188,-0.06757153
74571,VLMC,0.0627753,-0.4237335
108950,L6 CT,0.2744919,0.22669014
230558,Micro,-0.32328975,0.018823974
131180,Astro,-0.0328225,-0.39746454
139189,L6 CT,0.24489729,0.17264429
187776,L6 CT,0.23858522,0.2722483
153566,OPC,0.23026888,0.07532098
153568,L6 CT,0.090281114,0.16396382
139178,Oligo,-0.4708546,0.29875955
245566,L2/3 IT,-0.004439902,-0.29247323
166603,L2/3 IT,0.09823261,0.29739627
31028,L2/3 IT,0.031096745,-0.35255116
252358,PVM,-0.059595358,0.33966598
166605,L5 IT,-0.1761329,-0.08464948
70136,L6 IT,-0.07451175,0.21776256
131192,L4/5 IT,-0.30123618,-0.14564773
10193,L5 ET,-0.07455273,0.02811309
131195,Vip,-0.13911866,-0.16400415
8279,L2/3 IT,-0.09961502,-0.3333566
117802,L2/3 IT,-0.13398428,-0.37501612
241932,L5 IT,-0.06693672,-0.06609053
105420,L2/3 IT,0.008500744,-0.23097548
22888,L6 CT,-0.07414423,0.23614278
265954,L6 IT,-0.094260916,0.23126462
251521,L2/3 IT,0.066712305,-0.32360703
263839,Peri,-0.1831399,0.033764683
34606,Pvalb,0.2520914,0.24439701
206697,PVM,-0.16348179,-0.39797524
6192,L6 IT,0.20766805,0.13468078
239929,Oligo,-0.16537724,0.0017761812
47293,L4/5 IT,0.24294089,-0.109709896
227319,Peri,0.12132923,0.3770956
194308,Astro,0.083116814,0.49789402
85741,L5 IT,0.2786402,0.1444101
162129,L4/5 IT,0.35327673,-0.07188047
105396,L5 ET,0.016212989,0.09230592
153508,L6b,-0.27392837,0.27327672
83115,Pvalb,0.3276176,0.16570088
21441,Oligo,-0.01627795,0.3642631
206297,Micro,-0.31805885,0.15624103
247755,L4/5 IT,-0.22657715,-0.24365124
7353,Astro,-0.055719566,-0.24475828
263829,L2/3 IT,0.024665583,-0.19463101
240517,L2/3 IT,0.34114128,-0.10869218
234675,L6 CT,0.26494825,0.22006199
10733,Astro,-0.016678136,-0.37892547
97290,Astro,0.36234903,-0.012628533
104639,L5 IT,0.0010814252,-0.019570537
162119,L2/3 IT,0.33633065,-0.1658377
47311,L2/3 IT,0.34357095,-0.14518604
105399,L6b,-0.018442612,0.32401547
181560,PVM,-0.11828573,-0.00070054084
187780,L6 CT,-0.2471173,0.0839419
153542,L6 CT,-0.26280546,0.13549718
209242,L5 IT,-0.20962031,0.1727474
172061,Astro,0.18097858,0.2420446
15618,L6 CT,0.1459888,0.31384775
100292,L4/5 IT,-0.28935462,-0.15266779
97554,L6 IT,-0.19521455,0.17011353
9954,Lamp5,-0.19511859,-0.4162305
210185,OPC,-0.03340886,-0.011067726
120792,L5 IT,-0.08439265,0.065097414
67899,L5 ET,0.2493261,0.08468779
17459,L4/5 IT,-0.16181691,-0.17534375
158805,L4/5 IT,-0.15728198,-0.12998122
4372,Endo,0.09095357,-0.18885058
98475,L2/3 IT,-0.2909525,-0.29004338
15323,L5 IT,-0.08102925,0.09613671
253683,L6 IT,0.113891646,0.19208929
201569,L6 IT,-0.1542551,0.16863975
234168,Pvalb,-0.28392565,0.22795078
69906,L5 ET,-0.1065232,0.042690776
167762,Oligo,0.1275587,0.50311863
49046,Sncg,-0.04661716,-0.3850895
137822,Astro,0.008127023,-0.090804495
47664,L6 CT,-0.02019326,0.1605939
34698,L5 ET,-0.0017467854,-0.04685519
276425,L5 IT,0.21603708,-0.03232152
213372,L5 IT,0.1606739,-0.0054375604
55261,L5 IT,0.09454666,0.16460696
146656,VLMC,0.14116304,-0.4105513
187479,L5 IT,0.13169716,0.0922009
249301,Pvalb,0.16006218,0.22146955
92174,L4/5 IT,0.36743617,-0.09714324
75591,L6 CT,-0.034635704,0.2517064
30600,L4/5 IT,0.18892317,-0.0735176
225093,L4/5 IT,-0.28864866,-0.12740019
216651,Vip,-0.043500137,0.18391678
42294,VLMC,0.11443959,-0.41138294
49963,L2/3 IT,-0.020289253,-0.23449412
96562,L5/6 NP,-0.20401238,0.036118053
42281,L5/6 NP,0.11134015,0.16155478
249503,L6 CT,-0.36920005,0.11110499
256432,PVM,-0.13570367,-0.018980272
262015,L4/5 IT,-0.25482017,-0.21412012
266823,Endo,-0.18152852,-0.03655622
231912,L5 IT,-0.19576131,-0.07224644
144033,Endo,-0.20068012,-0.12946543
250511,L5 IT,0.0942602,0.13635364
78519,Sst,-0.048798215,-0.10036657
85990,L4/5 IT,-0.09721868,-0.16759953
98616,L4/5 IT,-0.26006418,-0.215947
78518,L5 IT,-0.13200407,0.113089286
169844,Oligo,-0.3482914,0.27176335
270969,L5 IT,0.34850907,0.04805871
271382,Astro,-0.2640171,-0.1405772
80525,L6 IT,0.2877348,0.033774577
102797,Pvalb,-0.330858,-0.034933425
87620,L6 CT,-0.18027915,0.1021327
274944,L5 IT,0.10150598,0.113659404
267002,L4/5 IT,0.22561966,-0.07648639
77191,L4/5 IT,0.14651023,-0.054493763
55945,Oligo,-0.39274246,0.17432645
277053,L5 ET,0.3055889,0.1643652
79038,L4/5 IT,-0.10461412,-0.15678951
66597,L5 IT,0.15926157,-0.01853875
213628,Oligo,-0.32660753,0.2957962
64660,L6b,0.15009438,0.39604715
131647,Peri,0.08442007,0.3779181
144068,Sst,0.413292,-0.048411764
138493,VLMC,-0.025417786,-0.440697
53822,L2/3 IT,0.25053513,-0.21441123
231331,L4/5 IT,0.21278475,-0.04320366
120690,L2/3 IT,0.37610716,-0.1615713
182731,Peri,0.16921519,-0.18583661
104348,L6b,-0.17142229,0.29943237
42200,L6 CT,-0.252137,0.2443445
206046,L4/5 IT,-0.032972347,-0.19639769
352,L5 ET,0.15395682,-0.02816353
84043,Oligo,0.26425004,0.075535975
120671,L5 IT,-0.16123582,-0.06894223
22959,Endo,-0.2754156,-0.29086483
120661,L6 CT,-0.36451316,0.25264123
60953,L6 CT,0.12641124,0.1861727
108729,Vip,-0.2090588,-0.34777305
144088,L2/3 IT,0.2736665,-0.17785251
131712,L6 CT,-0.09272988,0.28542635
93614,Micro,-0.2516967,-0.29574528
28240,L4/5 IT,0.117445275,-0.1751009
113881,L5 IT,0.31645483,0.00931906
229964,OPC,0.3345312,0.0030992255
107781,L5 ET,-0.22726114,-0.06867654
38746,Endo,-0.25741675,-0.21122348
7766,Oligo,-0.11932708,0.23765078
53818,Oligo,-0.1878358,0.31505033
198837,Astro,0.33772713,0.04719641
103791,L6 IT,-0.33926427,0.21859166
117923,Oligo,0.12562226,0.35747942
215530,L6 CT,0.15751193,0.44744048
179226,Vip,-0.12050809,0.14192137
160377,L4/5 IT,-0.17757352,-0.13822156
154431,L5 ET,-0.3149681,-0.046430208
92178,L6 CT,0.16073625,0.17357597
4710,Endo,-0.066249505,-0.39595294
239602,L5 IT,-0.29945654,0.03877481
92181,Endo,-0.1670038,0.08568933
280083,L2/3 IT,-0.030469041,-0.3077081
94710,L5 ET,0.22391145,0.13212392
229969,Endo,0.15302776,-0.009107031
257126,L6 IT,-0.25303066,0.11915662
257486,L6 CT,0.23573361,0.52538294
195154,L2/3 IT,0.146259,-0.25825697
117103,L2/3 IT,-0.072486386,-0.36823806
248943,Endo,8.26898e-05,-0.3194404
248569,Peri,-0.015133154,0.06303658
100218,L2/3 IT,-0.28701496,-0.32410845
53809,Astro,0.39543772,0.068294846
97237,Astro,0.12147884,0.39517555
49045,L2/3 IT,-0.01384927,-0.35302457
127025,L2/3 IT,-0.025320124,-0.24316272
247226,Oligo,0.090989456,0.27154127
256450,Sncg,0.016107429,-0.27097735
30540,Lamp5,0.3159212,-0.21555567
154458,Oligo,-0.27348322,0.19099799
179233,Astro,0.029145766,-0.047012515
117902,Pvalb,-0.22263195,0.16437235
248088,OPC,0.18395619,-0.37875703
88506,L2/3 IT,-0.122857824,-0.3505923
2576,L6 CT,-0.23920684,0.23772588
214764,L6 IT,-0.3848378,0.15722176
138858,VLMC,-0.06779216,-0.4548212
87611,L2/3 IT,0.24251644,-0.26960877
172211,L5/6 NP,-0.17129366,0.10035243
116160,Oligo,-0.036765497,0.32711932
195239,L2/3 IT,0.08052336,-0.32827494
26512,L2/3 IT,0.1804453,-0.19553292
243181,Lamp5,0.2242103,-0.29642567
279912,L6 CT,-0.31941023,0.16255102
110946,L2/3 IT,0.38574356,-0.16634175
221863,L5 IT,0.09454392,0.058557533
267307,L2/3 IT,0.41344857,-0.10968769
138827,L5 ET,-0.22466244,0.040768825
246911,L5 ET,-0.11419834,-0.013502605
220504,L5 IT,-0.17338331,-0.046895154
272938,Sncg,0.12458764,0.08728912
177801,L2/3 IT,0.24268512,-0.21633008
53754,L6 CT,-0.09179218,0.26891425
250385,L4/5 IT,-0.15354185,-0.20033166
215667,L4/5 IT,-0.26907045,-0.2668741
58967,L4/5 IT,0.40067434,-0.09502555
182403,Lamp5,0.26784462,-0.23870015
138797,OPC,-0.14179297,0.32952103
116154,L5 IT,-0.27116373,-0.10098878
8002,Oligo,-0.16476755,0.39768705
205528,L5/6 NP,-0.10842554,-0.047634877
207154,L4/5 IT,0.14734064,-0.11171589
220508,L6 CT,-0.32510847,0.04948946
9523,Pvalb,-0.34199113,-0.0821426
166667,L2/3 IT,-0.21783377,-0.37674588
7258,Oligo,-0.3093531,0.28022215
113343,L6 IT,0.10980801,0.19352123
35904,Oligo,-0.18339334,0.3532007
103822,L5 IT,0.2263525,0.045566224
262952,L6 CT,-0.25119668,0.18190262
222047,Oligo,-0.053011965,0.2412152
54328,L4/5 IT,-0.014624428,-0.064553745
17831,L2/3 IT,0.09896128,-0.31047162
69255,Sst,0.37724984,-0.0017893985
26529,Micro,-0.05105449,-0.30065838
138899,L4/5 IT,-0.029800188,-0.0830921
57994,L6 CT,0.16324596,0.39802298
131347,Micro,0.17670606,0.07434323
161957,L2/3 IT,0.40630996,-0.16058305
212789,Pvalb,-0.03301684,0.3422728
121082,Sst,0.14101838,-0.025299557
84094,Micro,-0.002349746,-0.3278462
74523,L5 IT,0.3433146,-0.0076291338
218262,L6 CT,0.032459367,0.23568949
63177,L2/3 IT,0.004842687,-0.36403292
234410,Astro,-0.07161413,0.104408406
51990,L6 IT,0.2801665,0.19638339
24059,L2/3 IT,-0.0073110578,-0.28952125
22305,L4/5 IT,-0.052812528,-0.15850762
85854,Oligo,-0.25491446,0.010316752
178501,L5/6 NP,0.22201626,0.07807752
52707,L6 IT,-0.39225638,0.19485047
5041,L4/5 IT,-0.17762758,-0.21032628
30727,L6 CT,-0.2641852,0.17471114
154156,L5 IT,0.32701874,0.13103488
161848,L5 ET,0.35735393,0.055376135
177524,L5 IT,0.08398639,0.06550022
176186,Oligo,-0.19129731,0.18011692
11719,Peri,0.0029542926,0.13262835
237860,L2/3 IT,-0.06559183,-0.36156663
35204,L2/3 IT,0.3513434,-0.15543646
85908,Peri,-0.22045596,-0.17122185
199735,L2/3 IT,0.23522954,-0.22955933
176750,L6 IT,-0.0195903,0.21955469
94703,L5/6 NP,0.31149793,0.06571927
88469,Sst,0.10277103,-0.282278
204764,L6 IT,0.24752848,0.18892553
185086,Endo,0.21674345,-0.025261737
248385,PVM,0.026887108,0.071840666
213158,L4/5 IT,-0.09676568,-0.17895913
238170,L2/3 IT,0.20407896,-0.13738754
75572,L6 CT,-0.332862,0.13418612
158850,Astro,0.19407229,0.026442252
154215,L6 CT,0.09138857,0.2537
198772,L6 IT,-0.18309219,0.23266384
126115,Peri,-0.25940043,-0.24088159
30675,SMC,0.41695434,-0.0020000413
53778,Oligo,0.05074953,0.42738566
178097,L6 CT,-0.06546913,0.22754309
228718,OPC,0.13378255,0.4400938
58015,L2/3 IT,-0.023075502,-0.33454287
154139,Peri,-0.19376607,-0.15096182
236922,VLMC,0.30300546,-0.33998546
1867,Astro,-0.16239484,-0.014716692
73105,Pvalb,0.023952354,0.16910234
164156,Oligo,-0.10684435,0.24811003
247800,L6 CT,-0.38395807,0.12847993
198734,Sst,0.32069367,0.17150846
54322,Micro,0.13501923,0.10015728
263633,Oligo,-0.28310803,0.29522488
60332,L6 CT,0.12085651,0.2856675
51383,L4/5 IT,-0.034037393,-0.15195209
253743,L4/5 IT,0.098758206,-0.24104121
154094,Astro,0.019618679,-0.22728994
49630,L5/6 NP,-0.33500582,0.019732349
24973,L6 IT,-0.44811577,0.20770404
231891,Pvalb,-0.03483225,0.17609057
158887,Lamp5,0.16568302,-0.3649851
42308,L6 CT,0.16989337,0.5026462
219597,L4/5 IT,0.039729644,-0.16817054
30747,L6 IT,0.30660832,0.18036202
55935,L6 CT,-0.32795525,0.17148224
258487,VLMC,0.029423047,-0.43419224
59126,Oligo,-0.28690308,-0.013898291
17639,L6 CT,-0.26857045,0.13407186
187567,L5/6 NP,0.41785842,0.020441197
26539,Peri,0.30727452,0.006631516
194329,L4/5 IT,-0.11271404,-0.23146
49064,L2/3 IT,0.06868099,-0.30079895
66561,L6 IT,-0.06540702,0.03403922
5446,L5 IT,0.02861612,-0.061430015
126350,L6 CT,-0.35347903,0.15231815
9210,Pvalb,-0.3069549,-0.34459034
144635,L4/5 IT,-0.25466245,-0.16687924
229298,L5 ET,0.40798008,0.024588965
224938,Endo,0.12192778,0.31455126
7043,L4/5 IT,0.21930365,-0.044347353
181274,L5 IT,0.15408514,0.031648003
179149,Oligo,0.00946163,0.4102414
106681,L5 ET,-0.3361562,0.027517848
96713,VLMC,0.01818167,-0.43483895
239090,L4/5 IT,-0.118808284,-0.09872157
116693,Sst,0.29549474,-0.025618501
200075,L5/6 NP,-0.16256483,-0.036449082
99612,L2/3 IT,0.3375855,-0.15230507
133025,L4/5 IT,-0.0700172,-0.105529286
176907,L4/5 IT,-0.295467,-0.2625511
3510,Oligo,-0.05097608,0.22450921
268892,L5 IT,0.02663492,0.12819001
4575,L2/3 IT,-0.07914387,-0.30279705
229115,L5 IT,0.26089662,0.0006049499
255442,L5 ET,-0.025904905,-0.009626575
44448,Astro,-0.199708,0.11624428
69014,L6 CT,0.17611216,0.4421582
244355,Astro,-0.11246987,-0.07535703
4931,VLMC,0.12007193,-0.41214433
235615,Astro,-0.17241193,-0.15529877
234827,Astro,0.08120583,0.04209479
177154,L2/3 IT,0.07567589,-0.2944044
12553,L4/5 IT,-0.2011839,-0.14964828
160889,Pvalb,-0.037688475,0.17085919
237130,L4/5 IT,-0.1720805,-0.17423365
224929,Oligo,-0.31860164,-0.075007625
158256,Astro,0.093015596,-0.046183296
108181,L5 IT,-0.09034328,-0.0031438246
105783,L6 CT,0.14749072,0.5242479
157055,L5 ET,0.24752896,0.009855948
270816,L4/5 IT,-0.18494825,-0.124579646
157057,L6 CT,-0.34165984,0.17491558
54139,Sst,0.12139855,-0.054016896
199378,L2/3 IT,-0.13666795,-0.3171167
86682,L5 ET,-0.058400612,-0.031054236
262016,Astro,0.12783013,0.06113758
168389,L6 CT,-0.18822448,0.1097581
29199,L2/3 IT,0.2559604,-0.14701399
58597,L2/3 IT,0.24841659,-0.16092747
238692,L6 CT,-0.0038105664,0.18765321
76101,L5 ET,0.18605988,0.12354895
108171,L4/5 IT,0.40456283,-0.035654046
213449,L2/3 IT,-0.12672539,-0.2575291
164875,PVM,-0.4373328,0.2526072
72882,SMC,-0.13043983,-0.4491636
62002,VLMC,0.31856555,-0.3339456
69075,L5 ET,-0.24518777,-0.053329982
79626,Peri,-0.22769181,0.1319687
252567,Lamp5,0.17411093,-0.2869937
258239,L4/5 IT,0.092294976,-0.14410394
247994,L6 CT,-0.3407479,0.1326336
261250,Astro,-0.08514489,-0.40866092
96441,L6 CT,0.20359097,0.36373505
219466,Endo,-0.22693865,0.27351978
185393,L5 IT,-0.28003597,-0.011727579
135781,OPC,0.01303165,-0.08689732
103120,L5 IT,0.010248411,-0.061210908
87005,Peri,-0.23033662,0.2728748
259773,Peri,-0.2661463,0.10801955
28569,L6 CT,-0.36203218,0.20997557
58359,Oligo,-0.075944796,0.2651088
113548,L2/3 IT,0.287139,-0.22800699
118255,Oligo,-0.017725479,0.37382457
126743,Endo,0.25863594,0.26803616
240465,VLMC,-0.1879565,-0.46780547
183130,Micro,0.19346635,0.5252789
99735,Astro,0.2386996,0.20235392
157304,L6 CT,0.15465967,0.4537221
25077,L2/3 IT,0.11480223,-0.2822623
14154,L5 IT,0.20578675,0.024741642
690,Astro,-0.011217516,0.26781908
246766,L2/3 IT,0.42699283,-0.13843152
223780,L2/3 IT,-0.00604735,-0.28337196
68358,L5 IT,-0.097939804,0.054196857
78382,L2/3 IT,0.23996656,-0.2749718
107365,L4/5 IT,0.27566785,-0.069584705
83489,Oligo,0.07167493,0.4432741
157345,VLMC,0.2848956,-0.34899822
180612,L6 CT,0.18903898,0.34641746
164443,L2/3 IT,0.33586282,-0.11162294
69860,Lamp5,0.028054822,-0.3340323
243880,L5/6 NP,0.28743345,0.048547886
41229,Vip,0.32195443,-0.1062837
205087,L6 CT,-0.46586117,0.19921157
222466,Sst,-0.06683661,0.08017238
40122,L2/3 IT,0.0751677,-0.2820337
225520,Sst,0.22184478,-0.05799965
16337,L5/6 NP,-0.16295533,0.01366853
35021,L4/5 IT,0.25823408,-0.120358594
73129,L5/6 NP,0.26098174,0.21639994
275610,Vip,-0.09386404,-0.37432197
61678,Lamp5,0.021307398,-0.39335522
157212,L6 IT,-0.016607177,0.20063153
87702,L5 IT,0.17908965,-0.048074044
68317,L6 CT,0.17762338,0.44878855
133062,L6 IT,0.1331899,0.06861474
241558,L4/5 IT,0.38899744,-0.0032701865
126733,VLMC,0.02663492,0.062870465
253149,L4/5 IT,-0.11891626,-0.15664625
9427,L2/3 IT,-0.19787697,-0.37279418
136446,L6 CT,0.12615047,0.33148083
99164,L6 CT,0.25196713,0.30309227
72025,L6 CT,-0.21018861,0.25995925
69061,L6 IT,0.1748601,0.046236537
29071,L6 IT,-0.20311458,0.11823126
103211,L2/3 IT,-0.14343606,-0.37385145
51269,Astro,-0.26198325,-0.2605525
199584,L6b,0.13930772,0.38097957
252583,L4/5 IT,0.06789307,-0.06411449
63422,Oligo,0.15603833,0.2148858
127565,L5 IT,-0.17748217,0.14821574
210824,Peri,0.17418115,-0.17025337
133617,L2/3 IT,-0.034937125,-0.3071662
267540,L5 ET,-0.076724485,-0.030812867
216590,Oligo,0.073264584,-0.13936728
179150,VLMC,-0.07134725,-0.4563321
74298,L6b,-0.1844847,0.29004505
253240,Peri,0.24021702,-0.3119587
203467,L5/6 NP,-0.3679093,-0.0118857995
158301,L4/5 IT,-0.067666814,-0.14694214
216592,L4/5 IT,0.22315584,-0.12148858
132812,L2/3 IT,-0.25432163,-0.27933446
64965,L5/6 NP,0.41203457,0.08294334
88016,VLMC,0.40596652,-0.27863893
173544,Endo,0.21244489,-0.33792195
1989,L6 CT,0.24201052,0.24812499
179807,L5 IT,0.32382596,0.063930355
44104,Sst,0.06411718,0.1528137
219133,Endo,-0.09388609,0.32769945
69083,L4/5 IT,-0.2932631,-0.17869952
204476,Endo,-0.2603088,0.007840358
217381,L4/5 IT,0.112296686,-0.18976557
172860,L6b,0.1505097,0.38696954
127616,L6 CT,0.02297889,0.26752207
132839,L2/3 IT,0.30848885,-0.19807091
158285,Astro,0.326486,0.12000062
190796,L6 IT,0.28913856,0.1711075
75235,L5 ET,-0.30712265,-0.029015698
116616,L5 ET,-0.3510424,-0.08682863
16321,SMC,0.46915913,-0.24817747
119146,L6 CT,0.023242224,0.23144063
116608,Lamp5,0.023612726,-0.25701374
62109,L2/3 IT,0.26567286,-0.21020964
116834,L6 CT,-0.29976737,0.22899428
167318,Astro,0.065124676,-0.32835218
160986,L5 IT,0.12198882,0.039722227
103608,Sst,-0.18721755,-0.11123619
229800,L6 CT,0.1215425,0.29452875
174509,L2/3 IT,0.4167291,-0.11696113
29352,L6 IT,0.31136882,0.27903017
156757,Peri,0.23045395,-0.22684017
275228,L4/5 IT,0.33807385,-0.047315367
275230,Sst,-0.39441124,-0.07961581
64279,Peri,0.07829265,-0.029441275
156762,L2/3 IT,-0.26125187,-0.29686394
202912,Endo,-0.3586455,0.0077051446
136834,Sst,-0.22438611,0.09043946
268307,L6 CT,-0.3733797,0.09316834
99119,Peri,0.1619582,0.37843052
48414,L6 IT,0.015375365,0.12846509
277327,Oligo,-0.40391308,0.27336475
60629,Peri,0.27514714,0.058120333
219260,L6b,-0.32089305,0.2621298
265891,Lamp5,0.07582621,-0.15591857
114815,L6 CT,-0.023069184,0.25533006
156789,L2/3 IT,-0.15432887,-0.23652294
127624,Endo,-0.09703554,-0.06281055
41620,SMC,-0.17512809,-0.46681494
260842,L2/3 IT,-0.16828258,-0.31393608
11229,Pvalb,-0.2688982,0.2623934
86646,L4/5 IT,0.037849654,-0.2370049
2288,Astro,-0.21238466,-0.4143913
66487,L6 IT,0.32197058,0.10881647
268169,Oligo,0.018090058,-0.08040858
259732,L6 IT,-0.33717406,0.10525485
200136,VLMC,0.39328945,-0.28755495
68305,L6 CT,0.19335018,0.22217819
202937,L2/3 IT,0.17876755,-0.26016602
201422,L4/5 IT,0.07141684,-0.18255317
39674,Oligo,-0.037964653,0.15390137
242871,Endo,0.112979814,0.055018686
54748,L2/3 IT,-0.14551513,-0.35174674
62052,L6 IT,0.26044577,0.23567942
246308,Astro,0.31390375,0.30463776
22233,L6 IT,-0.05720676,0.22204521
118964,Pvalb,0.409509,-0.040240057
225402,Astro,-0.48385116,0.2692952
217200,OPC,0.0030715647,0.41475675
172888,L6 CT,-0.29695773,0.06969931
44119,Astro,0.037627626,-0.011329569
144595,L2/3 IT,0.41694397,-0.15315354
279225,L6b,-0.101503536,0.30739346
144598,L2/3 IT,0.19512342,-0.15232176
244376,Oligo,-0.3303693,0.020487092
116662,L2/3 IT,-0.14079855,-0.24992329
54880,L4/5 IT,0.08923356,-0.09350035
176870,Oligo,-0.14962699,-0.06916282
144552,L6 IT,0.27306843,0.21185014
20135,L5 IT,0.08516173,0.06889602
256664,L2/3 IT,-0.093819425,-0.2571149
199596,Oligo,-0.17075606,0.09347322
22388,L2/3 IT,-0.06794642,-0.3112373
160554,L5 IT,-0.28230876,0.001012437
119075,Pvalb,0.10361229,-0.21189773
172865,L2/3 IT,0.22090738,-0.13148227
107885,L2/3 IT,-0.2153246,-0.3887186
132869,L6 CT,0.18970494,0.40369394
252555,L2/3 IT,0.36098623,-0.120097674
4555,Oligo,-0.20520927,0.2136245
160936,L6 CT,-0.1746188,0.11744537
193428,L6 CT,0.21881776,0.4528915
119065,L5 IT,0.31969762,0.12627444
274267,L6 IT,-0.103125915,0.12871209
103600,L6 CT,-0.17353569,0.2949064
136730,Pvalb,0.20807724,0.4269245
247985,L5 ET,0.15560083,0.008225702
255193,L2/3 IT,0.25008762,-0.23263553
181315,L2/3 IT,-0.18175234,-0.2967185
168402,L6 IT,-0.3562466,0.10675826
181314,L5 IT,0.37171966,0.06737109
158271,Endo,0.044721413,0.14918306
27053,L2/3 IT,0.2027546,-0.18644291
29277,Micro,0.17116074,-0.097707786
278660,Sst,0.14735495,-0.020089187
79240,L5 IT,-0.2038057,0.016689055
156954,Oligo,-0.05717997,0.35594603
48454,L4/5 IT,0.18920378,-0.03541816
68362,L4/5 IT,0.30022973,-0.10196156
218515,L2/3 IT,-0.1674601,-0.3250588
104500,Micro,0.11018376,0.1500068
208053,L6 CT,-0.20417933,0.2680008
180623,L2/3 IT,0.1571189,-0.26991144
210847,OPC,0.49191302,-0.1434063
12403,L5 IT,0.1413971,0.086950265
90065,L4/5 IT,-0.1806194,-0.18640774
2242,L2/3 IT,0.11343084,-0.2054919
243641,L2/3 IT,-0.31009287,-0.31577373
253017,L4/5 IT,0.2037025,-0.08528147
225441,L2/3 IT,-0.118930444,-0.37355974
56477,L4/5 IT,-0.18748178,-0.1420691
133379,Peri,-0.03311531,-0.16489702
27154,Astro,-0.45391405,0.26321438
63444,Endo,-0.029432636,-0.15168169
79296,Oligo,-0.2562135,0.251242
262493,Endo,0.3747738,0.006785147
63295,L2/3 IT,0.003399569,-0.32337847
12216,L4/5 IT,-0.16457634,-0.1911613
136059,L6 CT,-0.19349189,0.24407884
164806,L6 CT,0.07593821,0.2987831
275584,L2/3 IT,0.33636922,-0.19414699
16387,L6 CT,-0.25403178,0.22395912
118330,Endo,0.13327204,0.0144204125
126865,L6 CT,-0.33002305,0.17602935
28738,Peri,0.031623412,0.263918
110801,L6b,0.15328555,0.5100716
89841,Peri,0.04078691,-0.35718483
64387,L2/3 IT,-0.005781811,-0.37225735
79381,Endo,-0.20076676,-0.16446391
61949,Oligo,-0.3819987,0.29119512
267931,L2/3 IT,0.24864493,-0.20904961
170226,L2/3 IT,0.45777696,-0.135948
54202,L5 IT,0.019302774,-0.09695635
118520,Endo,-0.32047248,0.13315836
136151,Oligo,0.11362319,0.49574134
256749,L6 CT,-0.08545549,0.2500727
87831,Astro,0.0012455168,0.2896578
61954,L4/5 IT,0.23379318,-0.08435009
160693,Pvalb,-0.24919851,-0.24736342
232303,L6 CT,-0.36188033,0.09646579
278836,Endo,-0.16870888,-0.21063429
256754,L6 CT,0.22081701,0.21705154
79341,Endo,-0.3683341,0.24972221
240624,L2/3 IT,0.29104578,-0.21248934
11002,L6 CT,-0.2843362,0.05810716
235350,PVM,0.07234798,0.42332026
136125,Pvalb,0.119491026,-0.25652716
176451,OPC,0.040246893,0.22847876
212372,L2/3 IT,0.33922464,-0.0993186
157729,L6 CT,0.24221669,0.16563335
13592,Endo,-0.22292183,-0.15443972
251250,Sst,0.28245884,0.09032997
168317,L4/5 IT,0.3583042,-0.055655904
196612,L4/5 IT,0.11743985,-0.092283405
157738,L4/5 IT,-0.2547143,-0.28948286
41270,L6b,-0.47988808,0.23455241
212329,L4/5 IT,0.2792381,-0.054909445
157687,L6 IT,-0.44070318,0.20359692
107964,L6 CT,-0.063739315,0.26741114
10041,L2/3 IT,-0.17553802,-0.23572275
205084,L2/3 IT,-0.17247535,-0.384594
248049,L5 ET,-0.318178,-0.057358034
86972,Lamp5,0.21510921,-0.21340773
51680,L2/3 IT,-0.16176842,-0.2472311
4890,L5/6 NP,0.23099302,0.025311254
101703,Pvalb,-0.05359001,0.2626491
144787,L2/3 IT,0.015252341,-0.3075853
199544,Peri,-0.17931537,-0.45433098
135951,L4/5 IT,0.23881756,-0.05944801
103535,Peri,-0.23518784,0.27293363
249084,L6 CT,0.20191632,0.28927085
61919,L5 IT,0.1780021,0.062305115
266626,L4/5 IT,0.018038917,-0.17300346
64744,L6 CT,-0.23128237,0.21325615
190447,Pvalb,-0.16011672,0.17285386
242466,Vip,-0.27214208,-0.34430394
266639,Micro,0.023761678,0.4103562
229256,L5 IT,0.28759593,0.1556001
186264,L2/3 IT,-0.044072878,-0.31678066
118364,Astro,-0.22558777,0.3057945
145677,L5 IT,-0.29556495,0.16888794
135929,L2/3 IT,-0.31056052,-0.2838759
104511,Pvalb,-0.0723616,0.13430873
246581,Endo,0.26606876,-0.1486798
275351,L2/3 IT,0.26242286,-0.17958945
11462,L6 CT,-0.08412059,0.29154375
35132,Astro,-0.19797559,-0.11016739
258262,Micro,-0.3038227,0.0013200566
186289,L4/5 IT,-0.0072364327,-0.111131616
87791,Lamp5,0.18180893,-0.3310002
105869,L6b,-0.18532823,0.2844861
4640,L5 IT,-0.22093965,-0.10681958
133403,OPC,-0.31333858,0.25226036
118333,Sst,0.25889903,0.11352094
194504,L6 CT,0.21601073,0.35979554
4885,Vip,-0.09097813,-0.14187872
157872,L4/5 IT,-0.30379784,-0.2846609
107955,L6 CT,0.2216668,0.4794924
174766,Astro,-0.27264106,-0.35577565
48781,L5 ET,0.14078562,0.076276384
199536,PVM,0.21695344,-0.30433658
144808,L2/3 IT,0.087574705,-0.19053829
157895,L6 CT,0.19868068,0.43460754
164792,L5 ET,-0.11039664,0.0007604882
39972,L4/5 IT,-0.17489062,-0.11456893
205800,L6 CT,-0.037480753,0.22445402
256776,Astro,-0.4191517,0.27927247
199539,Endo,-0.11418052,0.03500875
215919,L6b,-0.20814927,0.2873716
1975,Endo,0.2320513,-0.17598718
170208,L2/3 IT,0.1754586,-0.19251329
205701,Peri,-0.04457296,-0.27235064
174575,L2/3 IT,0.06993531,-0.23195067
28704,L5 IT,-0.3445283,0.0075346157
64737,L6 CT,-0.30561405,0.1588206
72947,Pvalb,-0.226195,-0.18486854
90133,Oligo,0.1248263,0.511696
177037,L5 IT,-0.11339961,0.10990938
173520,Micro,0.16332422,-0.15163708
1954,Astro,0.010371435,0.20563236
157427,L4/5 IT,0.28511852,-0.051188357
263337,Endo,0.22621463,-0.26222935
107903,Endo,0.4566983,-0.16315854
18209,Vip,-0.00723232,0.31415167
206268,Astro,-0.21737157,0.40183094
263314,Astro,-0.20245977,-0.43256235
9913,Oligo,-0.2687542,0.23973605
39859,L6b,-0.30575743,0.26742807
83505,L6 CT,0.07539229,0.17247579
14161,OPC,-0.23005576,-0.14753401
259792,Oligo,-0.37675372,0.2794688
241512,L5 ET,-0.29894382,-0.08838747
79501,Sst,0.21641986,-0.14807609
14271,L5 ET,-0.31847596,-0.048244454
279956,L6b,-0.46844956,0.24069205
268517,L4/5 IT,0.13804512,-0.1152795
185409,VLMC,0.13567989,-0.41075417
196851,Astro,-0.02032758,-0.2586896
212299,L6b,0.13590626,0.37444547
145819,L5 IT,0.049406458,0.08225074
28946,Endo,-0.023721974,0.065225266
56714,Astro,0.0029491964,0.023605011
239535,L4/5 IT,-0.12293212,-0.11041591
259802,L5 ET,0.10192989,0.13433608
257246,Oligo,-0.03143112,0.36787477
275281,Pvalb,-0.30812544,-0.34739462
229163,L6 IT,-0.07461862,0.18033162
193584,L2/3 IT,0.109275624,-0.2049272
126755,Endo,-0.4100306,0.28116497
44525,Sst,0.3321694,-0.21133426
64330,L5 IT,-0.030034732,0.15026113
238325,Astro,-0.0990548,-0.19182879
217683,Astro,-0.16436572,-0.35226947
172956,L5 IT,-0.371341,-0.059682943
185406,L2/3 IT,0.13327669,-0.22891852
219256,Pvalb,0.17086016,0.09892949
69046,L6 IT,-0.31440157,0.13118657
248010,L6 IT,0.044709314,0.14167467
206350,L5 IT,-0.37704998,0.030353509
193568,Sst,-0.2201937,-0.15218732
253002,L2/3 IT,0.37221366,-0.1908232
271414,L6 CT,0.052599836,0.26438627
79533,Endo,-0.06095044,-0.35503784
70727,Astro,-0.37782976,0.23914316
57343,L2/3 IT,0.13461928,-0.21462297
167498,L2/3 IT,0.20645504,-0.20015785
108084,L4/5 IT,-0.09889202,-0.10269327
260127,OPC,-0.32991186,0.24431089
275608,L2/3 IT,-0.050156396,-0.36957502
160574,L4/5 IT,0.17976956,-0.06281654
179576,L5/6 NP,-0.09378056,0.13723788
104531,Endo,0.312298,0.26828733
267739,Oligo,-0.020525139,0.21203563
173071,L6 CT,-0.30860713,0.12136855
232693,Peri,0.013531972,-0.3529025
214825,L6 CT,0.22504954,0.10999014
136289,Pvalb,0.16124295,0.12599817
190408,Astro,-0.18186827,0.39983585
157584,L6 CT,0.1762353,0.38067326
54189,L2/3 IT,0.015043844,-0.26311654
126806,L4/5 IT,0.24923758,-0.03853602
212322,L2/3 IT,0.36950982,-0.18391469
273348,Lamp5,0.3917418,-0.10692174
178983,L5 IT,-0.20039131,-0.057615705
13127,L5 IT,0.23693787,-0.0024884716
269704,L4/5 IT,0.2924847,-0.07626001
41420,L5 IT,0.10719906,0.113057934
11450,L5/6 NP,0.17095433,0.15763834
86990,L4/5 IT,-0.2996254,-0.19697812
277780,L5 IT,-0.3733231,0.051891707
10443,L6 CT,-0.06203122,0.11996039
72565,L5 ET,-0.3417359,-0.07094867
133280,Lamp5,0.084693655,-0.3432488
44157,Oligo,0.17714898,0.15667012
164463,L5 IT,-0.1754104,0.1867722
253011,Endo,0.126388,-0.0069108084
201376,L4/5 IT,0.2202764,-0.1443409
201341,L6 CT,-0.376907,0.1850451
92876,Astro,0.0175861,0.03925761
23561,Oligo,-0.3789305,0.26762822
186371,L4/5 IT,0.20728324,-0.124713905
219890,L5 IT,-0.08902253,-0.020953543
253086,Oligo,-0.19376807,0.32741877
205714,L5 IT,0.35205054,-0.020570107
209851,L5 IT,-0.10571228,-0.081116475
158134,PVM,0.09015165,-0.3660131
18987,Endo,0.16908108,0.4346067
41447,Micro,-0.24914993,-0.011215635
264015,L6 CT,0.15939264,0.34048632
110771,L5 IT,0.15143172,0.0656214
78400,Oligo,0.10075985,0.1539512
28589,Peri,0.065875575,0.16821578
258368,Astro,-0.109935,0.031394325
136249,Endo,0.19780765,-0.0074695125
175557,L2/3 IT,0.4243346,-0.15333572
243030,Oligo,-0.047187995,0.03349229
41434,Astro,-0.14123984,0.3114591
157539,L2/3 IT,0.05380701,-0.2160295
190746,Endo,-0.014182579,-0.42888415
96460,L4/5 IT,0.09847061,-0.08169205
28907,SMC,0.30413812,0.13637432
278767,L5 ET,0.1778224,-0.019857623
212626,L4/5 IT,-0.12492372,-0.16263592
232852,VLMC,0.33752596,-0.3067158
27125,L2/3 IT,0.106016085,-0.26930657
17217,Endo,-0.3545046,0.013854735
60187,L6 IT,0.25258636,0.3080084
249356,L6 CT,0.2254716,0.35314456
167529,L5/6 NP,-0.11503263,0.08216163
157571,L4/5 IT,0.35441613,-0.037767895
79436,Oligo,-0.24765815,0.057287954
87717,L5 IT,-0.3262238,0.037277363
73738,Oligo,-0.1055484,0.40478387
44511,L2/3 IT,0.25214875,-0.13636404
164768,Oligo,-0.15130787,0.31212106
4538,Astro,0.26643795,-0.332504
160542,Pvalb,-0.33812863,-0.086293675
7670,Endo,0.061905134,0.117043875
96522,L5/6 NP,-0.21163653,0.13105735
6685,L4/5 IT,-0.059337776,-0.17632565
69137,Astro,-0.15601273,-0.06778566
212121,Astro,-0.01614384,-0.16377446
225676,L4/5 IT,-0.04781167,-0.14027497
29781,L5 IT,0.21652411,0.077365
273462,Astro,0.44585478,-0.15742603
7676,Astro,-0.38527042,0.004163526
60128,Pvalb,-0.122674,-0.19534692
119810,L2/3 IT,0.1291065,-0.26475453
39271,Endo,0.07913779,0.09652849
34847,L6 IT,0.068605706,0.19704905
73180,L5 IT,-0.40009463,0.024757408
40231,Endo,0.2731104,0.25996074
205061,Oligo,-0.4280555,0.2415478
263610,Oligo,0.01731472,0.2158958
243586,L2/3 IT,0.12942986,-0.18337858
273456,L6 CT,0.31458437,0.21058515
164328,Sst,-0.034324747,0.07693281
15262,L5/6 NP,0.09504323,0.20790377
218175,L5 IT,-0.21475042,0.012180917
49826,L4/5 IT,-0.006636691,-0.10497079
1899,Endo,0.3955691,0.037655853
119781,L4/5 IT,-0.27382156,-0.17256743
161309,L2/3 IT,0.0049333754,-0.30156213
119831,Astro,0.27755058,0.11834719
182342,L2/3 IT,0.16703378,-0.19987679
39245,L4/5 IT,-0.26998827,-0.1686059
40248,Astro,-0.0074757454,-0.22209758
66544,Peri,-0.46663323,0.22756115
34826,SMC,0.10511111,-0.16304469
229901,Oligo,-0.05449749,0.042832218
227249,Peri,-0.09433411,-0.052541085
199047,L5 IT,0.38514447,-0.02036146
94471,Astro,0.066472694,-0.1814138
158523,L4/5 IT,-0.04451449,-0.16690126
160482,L6 CT,0.08619712,0.19436446
202841,L4/5 IT,0.12874447,-0.066203184
93562,VLMC,0.22688268,-0.3750572
187005,L5 IT,0.17075597,0.010553561
20287,L5 IT,-0.3432964,-0.0045513287
176293,L6b,-0.16498385,0.30143824
119865,L4/5 IT,-0.06376226,-0.113341846
271405,Endo,0.10756914,0.041393302
155832,L2/3 IT,0.39844835,-0.11701489
185491,Oligo,-0.039544772,0.20941767
207996,Endo,-0.17904533,-0.3075741
119848,L6 CT,-0.3168623,0.11395874
92413,L5 IT,0.15816538,0.064032935
41145,L2/3 IT,0.23604767,-0.21843427
119843,L5 ET,-0.20272435,-0.07394648
29790,L4/5 IT,-0.113768116,-0.10264427
110825,Astro,-0.20921461,-0.20137
48074,Astro,0.16562025,0.1456084
267953,Endo,0.31509948,-0.27472517
219860,L2/3 IT,-0.21419348,-0.3659579
216030,Astro,-0.025564175,-0.12436525
201472,Oligo,-0.33778882,-0.017794378
108438,Astro,0.10453318,0.2132155
99581,L2/3 IT,0.06399386,-0.23606911
39354,Pvalb,0.29087257,-0.15339762
86387,Peri,-0.19835775,0.18864557
250871,L6 IT,0.27249038,0.25202212
228949,L2/3 IT,-0.10497056,-0.27272263
14134,Peri,0.082289144,0.12525448
227238,L4/5 IT,-0.28487644,-0.20562604
72625,L6 IT,0.12032454,0.2579308
260670,L2/3 IT,-0.1845714,-0.35507834
99948,Pvalb,-0.22814827,0.089588426
161236,L6 CT,0.19617371,0.3823637
132435,L4/5 IT,-0.26831985,-0.15621495
86415,Sst,-0.32936814,-0.06516016
137391,L4/5 IT,0.29824167,-0.064173646
127723,L4/5 IT,-0.27906692,-0.16466889
48940,L2/3 IT,0.3921132,-0.15960893
205610,L4/5 IT,-0.27423286,-0.2579017
226896,L5 IT,-0.18465485,0.20219752
256568,L6 CT,0.190509,0.37428412
156054,L4/5 IT,-0.22665055,-0.1666835
15631,L6 IT,-0.11065455,0.12369915
132446,L5 IT,-0.23420958,0.0037594065
231983,Oligo,-0.41284043,0.28730527
186918,L6 IT,0.13328789,0.25135455
76204,Oligo,0.20993595,0.11756315
172668,L5 IT,-0.36162415,-0.10393322
56669,L4/5 IT,-0.3012984,-0.16622087
155989,OPC,0.19742315,-0.10226748
177107,L6 CT,-0.41740975,0.19714662
168209,L6 IT,0.062284876,0.18342349
186136,Astro,0.28092283,0.24826077
252483,L4/5 IT,-0.22039063,-0.25594798
246540,L6 IT,0.26099384,0.15017769
103681,L5/6 NP,-0.23199956,-0.07939953
92440,L6 CT,-0.23648234,0.26255408
116477,Pvalb,-0.18124051,0.1681135
96706,L5 IT,-0.1506101,0.089133345
75719,L4/5 IT,0.2567296,-0.0791576
267645,L6 CT,0.21792357,0.40451673
190854,Peri,-0.09070219,0.21968105
75716,L6 IT,-0.030143034,0.24558064
160500,L5 IT,-0.30026525,0.067506395
197016,L6 IT,-0.39241618,0.19198123
194879,L4/5 IT,-0.064732954,-0.15134281
193192,L4/5 IT,0.013020683,-0.15124103
26852,Lamp5,-0.08133112,0.21990386
132368,L4/5 IT,0.30705297,-0.0817169
113405,Endo,-0.0061151204,-0.26448688
180631,L6 CT,-0.25760671,0.18024603
203494,L6 CT,0.17901449,0.47823235
167138,VLMC,0.21578889,-0.38060492
241580,L6 CT,0.17821132,0.4102905
39347,Astro,0.40530568,-0.005737491
186944,Astro,0.18645494,-0.15673617
265038,L6b,-0.44224375,0.23946741
234959,Pvalb,0.005243558,-0.34373143
260659,L4/5 IT,0.08300309,-0.077053495
217120,L2/3 IT,0.002006847,-0.2978873
194405,L6 CT,-0.4289842,0.23124197
137740,L2/3 IT,0.18044542,-0.29579523
214540,L4/5 IT,-0.25338623,-0.17664978
225711,Lamp5,-0.097140834,-0.18406057
93065,Astro,-0.2648414,-0.19023594
118058,Pvalb,0.37513602,0.034455262
120009,Oligo,-0.077935055,0.08311816
224736,L2/3 IT,0.19437812,-0.2030904
222654,Pvalb,0.022344101,0.16627899
965,L5 IT,-0.06902544,-0.049976654
112993,L2/3 IT,-0.0790524,-0.2889983
251193,Vip,0.21084695,-0.2158306
225706,L2/3 IT,-0.19277303,-0.3158842
110662,L6 CT,-0.024619829,0.31496754
137723,L6 CT,0.14154206,0.35023478
116413,L2/3 IT,0.187362,-0.262727
137719,Oligo,-0.059102457,0.36914465
193862,L4/5 IT,-0.102473035,-0.1667538
248451,Endo,0.1483892,0.2475259
245783,L2/3 IT,0.28838146,-0.25775248
178883,L5 IT,-0.12774749,0.11649933
217315,L5 IT,0.14305793,0.08904018
96297,Astro,-0.20790155,-0.2916647
172578,L5 ET,0.011019874,-0.027699716
246843,Astro,0.12175791,0.24255523
52636,Astro,-0.00090031,-0.25310168
51857,Oligo,0.17338406,0.15420046
13360,L4/5 IT,0.28903657,-0.119182445
4996,Oligo,0.08771114,0.4815887
179192,L5 IT,-0.064530745,0.05782672
120106,Oligo,-0.39854354,0.2747951
187118,L6 CT,0.06597446,0.28937772
105947,Lamp5,-0.072878614,-0.38333708
120103,Astro,-0.094062254,0.035474025
277187,OPC,-0.05190183,0.25316927
137811,L2/3 IT,-0.23805301,-0.27234784
176857,Vip,0.33119893,-0.19149551
170381,L6 CT,0.16767173,0.47499105
26765,L2/3 IT,0.09792237,-0.32431272
126369,Astro,0.26592833,0.2864934
40277,L2/3 IT,-0.01545782,-0.25856844
215062,Endo,-0.066772714,-0.3202398
260651,L4/5 IT,0.2743969,0.015677266
251953,L4/5 IT,-0.28449523,-0.24621382
132119,L2/3 IT,0.32499754,-0.1179911
19208,Oligo,0.006269652,0.08522042
193100,L6 CT,-0.25942397,0.13189533
11419,Endo,-0.27140436,-0.041960545
110656,Astro,0.04157548,0.17629245
75679,L5 IT,-0.34612638,0.10864409
255097,Peri,-0.33725327,-0.11653627
144265,PVM,0.09099291,-0.028227307
218171,VLMC,0.18709622,-0.38911107
73644,VLMC,0.10292654,-0.41041955
76241,Oligo,-0.38514394,0.3025423
144263,L2/3 IT,0.14991294,-0.16220543
22417,L2/3 IT,0.18469004,-0.31308284
180887,L2/3 IT,-0.110951886,-0.31252584
270322,L5 IT,0.30096453,0.011784814
7667,OPC,0.2703392,0.11238118
233746,Endo,-0.00921629,-0.082835026
112539,Endo,-0.09491472,-0.28983882
39206,L2/3 IT,0.3015353,-0.21628338
83315,L6b,-0.35264298,0.25874212
64215,L5 ET,-0.13098763,0.06250455
201489,Astro,-0.12041275,-0.21721321
75703,L2/3 IT,0.3407228,-0.1753009
173113,L6 CT,0.040492285,0.28162768
16810,L5 IT,0.21692984,0.057545863
206799,L6b,-0.4878119,0.23288122
119910,L5 ET,0.37481618,0.07921895
155749,L6 CT,0.112756595,0.23506567
119908,L6 CT,0.2600599,0.13001642
108485,L5 IT,0.2372307,0.09045371
101786,VLMC,0.41253352,-0.27052137
137643,L5/6 NP,0.09627871,0.07127341
96943,L4/5 IT,0.08402507,-0.058203705
119904,Pvalb,-0.17652158,-0.012789167
172621,L5 IT,-0.37699157,0.016175471
256838,L6 CT,0.18808912,0.1877127
20181,Sst,-0.20028777,-0.35062298
104576,Sncg,0.39482522,-0.17944139
29838,L6 CT,-0.16103162,0.26905975
11026,L4/5 IT,-0.018638413,-0.17173386
102679,L2/3 IT,-0.15512075,-0.3544597
17798,L5 IT,-0.3757902,0.108717166
60974,L2/3 IT,-0.04147203,-0.26272538
167057,L2/3 IT,-0.20065083,-0.31030646
194406,L5/6 NP,0.049011637,0.11412468
26785,Lamp5,-0.040791553,-0.061823048
73189,Sst,0.06144725,0.22032729
93044,L2/3 IT,-0.30232632,-0.31709078
137708,L6 IT,-0.32089156,0.1516017
132188,L5 IT,0.31561035,0.11817583
206814,OPC,-0.31874874,0.28262112
80102,PVM,-0.19690938,-0.12533909
279,L5 IT,0.23841809,0.049788557
75689,L4/5 IT,-0.046198916,-0.1540648
173597,Oligo,-0.47597045,0.24117002
68998,L4/5 IT,-0.34141016,-0.11875174
278024,L5 ET,0.19514386,-0.0027806833
137692,L2/3 IT,-0.111327395,-0.28882554
34819,L5/6 NP,-0.28018957,0.053910874
119951,L5/6 NP,0.130899,0.121838234
108509,L2/3 IT,0.24423532,-0.23393127
69143,L6 IT,0.053644884,0.19836512
253475,L4/5 IT,-0.30980134,-0.16374108
259574,L5 IT,0.23346965,-0.035120167
64207,L6 CT,-0.01217727,0.13254437
92387,L6 CT,0.105868325,0.18228176
13890,VLMC,0.32049966,-0.3336206
29889,Oligo,-0.061392587,0.33012375
71124,L4/5 IT,0.11783318,-0.1712485
167703,PVM,0.41668528,-0.006647207
239172,L2/3 IT,0.19156323,-0.16585809
255306,Astro,-0.3158428,0.071756266
55442,L4/5 IT,-0.24021004,-0.16742206
238698,L6 IT,-0.34863704,0.059591196
186798,Oligo,-0.30998987,-0.057936735
40157,Oligo,0.26709676,0.11211362
234186,Peri,0.20910786,0.26864722
64993,L4/5 IT,-0.26994598,-0.16209978
86555,Astro,-0.24945743,-0.07533366
106960,L4/5 IT,0.26705122,-0.10836006
177550,Peri,0.32405156,0.2803422
253317,Astro,-0.11802949,-0.42008582
23111,L4/5 IT,0.33126843,-0.05800549
137003,Lamp5,0.35597825,-0.18752822
54529,Endo,0.12733589,-0.025392838
2346,L6 CT,0.19916062,0.49872622
74322,Oligo,-0.4890374,0.2988858
156520,Oligo,-0.14092998,-0.17137042
55292,L6b,-0.41277465,0.24752995
119331,Peri,0.43820965,-0.21739879
29467,OPC,-0.28993064,0.20296392
186163,L5 IT,-0.23487778,0.061573587
28460,Oligo,0.1829478,0.45436743
156533,L2/3 IT,-0.22004093,-0.2666704
132690,L6 IT,0.005416292,0.21722284
108329,Oligo,-0.18964203,0.1244153
68240,Astro,0.2813465,0.24061021
29463,L2/3 IT,0.2977137,-0.22704145
6388,L4/5 IT,-0.30028772,-0.23616579
48274,L4/5 IT,0.06775324,-0.13035241
99593,L4/5 IT,-0.23787491,-0.15904263
92587,L6b,0.0018902305,0.3289015
20264,L5 ET,-0.32491687,0.0064300224
182841,Astro,-0.11686818,0.37705365
146112,L5/6 NP,-0.0041475412,0.022410773
167252,L5 IT,-0.12411998,-0.010468192
156432,Endo,0.2036107,0.056645058
119423,L6 CT,-0.091295525,0.17492756
68582,Astro,-0.27021405,-0.32236943
127671,Astro,-0.21072589,-0.25806004
200641,L2/3 IT,0.21883039,-0.29842833
132652,Oligo,0.104167566,0.47540238
137067,L4/5 IT,-0.20935936,-0.16758215
48240,L5 ET,0.28170252,0.14679256
178055,VLMC,0.46072853,-0.2430692
8554,L4/5 IT,-0.27961862,-0.15290678
225610,L4/5 IT,-0.2566603,-0.17105621
158383,Micro,-0.30552405,-0.104005165
222583,Oligo,-0.4435346,0.25952747
182849,L4/5 IT,0.1913914,-0.13190159
58242,L5 IT,-0.14025782,-0.012646444
275209,L6 CT,-0.31232288,0.1430001
261617,L6 CT,-0.3817606,0.15718642
103223,L6 CT,-0.20639317,-0.01924456
258403,L6b,-0.21528451,0.2797663
58249,L2/3 IT,0.28757232,-0.24075246
190288,L4/5 IT,-0.29995862,-0.21219298
201441,L2/3 IT,-0.19408984,-0.25340104
17789,L2/3 IT,0.21859168,-0.2652432
48250,L6 CT,-0.26750684,0.17250988
164959,L4/5 IT,0.12503241,-0.20745331
227137,Sst,0.14593254,0.11935636
248976,Astro,0.03165828,-0.3004998
199292,Endo,-0.35153657,0.16217443
207836,L4/5 IT,-0.2898389,-0.22474799
175479,OPC,-0.17924614,-0.2256206
172820,VLMC,0.05757897,-0.42405188
244062,L4/5 IT,-0.15602534,-0.1243367
146045,Astro,0.24232899,-0.022711463
68254,Oligo,0.054999698,0.4401389
233863,Astro,0.028932739,0.23011783
11999,L6 CT,0.26445,0.29699263
83927,Oligo,0.114197716,0.30408528
186731,Peri,-0.30149186,0.1298615
103221,Oligo,0.18716888,0.23439226
199293,L2/3 IT,0.2977779,-0.16638449
156671,L5 IT,0.29726195,-0.0047877505
168437,L2/3 IT,-0.25761002,-0.31198835
170323,Oligo,-0.1562653,0.30657408
119198,L6 IT,-0.3112875,0.23041883
39576,L4/5 IT,0.16339599,-0.097942
64264,Astro,-0.04879002,0.12021073
72202,L5 ET,-0.36502463,-0.015852667
108281,L4/5 IT,-0.27755222,-0.30632573
1591,Endo,-0.1761133,-0.40596864
235437,Endo,-0.32100058,-0.026565678
186708,L6 IT,0.17271976,0.2526795
201151,L2/3 IT,0.29949296,-0.17397743
29395,Astro,0.23691796,-0.044397034
86579,Astro,0.24989407,0.038548432
90136,L6 IT,-0.21841405,-0.028867252
48375,Peri,0.073446974,-0.24033615
183241,L6 CT,0.19778197,0.3323258
72545,Endo,0.33117765,-0.12488765
179367,Oligo,-0.22451456,0.11524721
237467,Pvalb,0.13116251,-0.2565581
51207,Oligo,0.20281403,0.39204422
48324,L5 ET,-0.22344656,-0.068205066
242462,L6 CT,0.039220918,0.22291264
136951,Pvalb,-0.025036853,-0.053266205
113643,L5 ET,-0.057578843,-0.02037654
19177,L4/5 IT,0.09719835,-0.18972307
275376,Peri,-0.39400718,0.1650429
183979,Endo,-0.28859663,-0.19708923
23709,Astro,0.35088885,-0.043586917
156582,Astro,-0.10937257,-0.073408045
203749,Sst,-0.13521622,0.21490744
223900,Oligo,-0.47059792,0.22466305
94818,L6 CT,0.16450189,0.19811413
220675,VLMC,-0.13126947,-0.45565113
73657,L2/3 IT,-0.18515255,-0.3665691
145594,OPC,-0.21440805,-0.18587777
265893,Oligo,0.13324039,-0.29185247
208017,Oligo,-0.1061797,0.28563157
74317,Pvalb,0.13048159,0.18205735
167664,Peri,0.05872022,-0.40457055
253290,L6b,0.12607561,0.37337062
179166,L6 CT,-0.28510374,0.23727027
144484,Sncg,0.21647279,-0.09825487
199131,Peri,0.20587568,0.24999085
103638,L6b,-0.0415142,0.30926958
210004,L5 ET,-0.05362643,-0.021683522
205617,L4/5 IT,0.06145977,-0.1263251
65044,Oligo,-0.2767313,0.29216477
66320,L2/3 IT,0.11831491,-0.23512292
92501,Sncg,0.052752305,-0.36285195
259644,OPC,-0.15825169,-0.13584626
83360,Peri,-0.16671269,-0.2036112
167196,Astro,-0.22659008,-0.20239174
221584,L6 CT,0.19376974,0.24180046
225630,Astro,0.09041987,0.46944538
118148,Oligo,-0.32410425,0.28602
7856,Oligo,-0.053001653,0.3822936
252494,Astro,-0.15090369,0.28223363
132488,L4/5 IT,0.177913,-0.041227974
88114,L5 ET,-0.302912,-0.055560805
216017,L2/3 IT,-0.11088742,-0.37518716
66255,L2/3 IT,0.019767392,-0.21313503
182833,L2/3 IT,-0.055016857,-0.33680788
114800,L4/5 IT,0.16751973,-0.02659107
95441,L2/3 IT,-0.13774566,-0.25210854
215739,L5 IT,-0.17414989,0.028439395
132512,L6 CT,0.096220896,0.32132372
243889,Endo,-0.11048834,-0.23706952
118150,L4/5 IT,-0.04115222,-0.1232749
244515,L2/3 IT,0.10682945,-0.23498464
161149,L2/3 IT,0.10951005,-0.31258246
144870,Micro,0.2025225,0.32063124
13029,Peri,-0.48055428,0.30323723
137288,L4/5 IT,0.08153747,-0.11034275
137290,L5 ET,0.10452168,-0.01828859
23769,L2/3 IT,-0.15934466,-0.21921194
161223,L4/5 IT,0.34772587,-0.06255592
158458,L2/3 IT,0.29913753,-0.19602683
103666,Endo,0.2555406,-0.1787475
58440,L5 IT,0.3921678,0.046659313
184211,Oligo,-0.27116895,0.059645675
264304,Oligo,0.21922086,0.14312437
180832,L5 ET,0.08744483,-0.010961063
39387,Astro,0.024612118,-0.41276363
110692,L2/3 IT,0.3291182,-0.18511683
108431,L5 ET,0.006472844,-0.04669077
264677,Astro,-0.16425915,0.4123622
222599,Oligo,0.13955425,0.22137454
199144,L6b,0.11002736,0.41557184
132453,Endo,0.07725398,0.13140205
257335,Pvalb,0.24821804,0.13253549
260672,L6 CT,0.06573741,0.14861277
119634,L6 CT,-0.36327064,0.10744252
66517,L4/5 IT,-0.18686597,-0.21087909
221840,OPC,-0.12198301,0.10352912
215733,Vip,0.1711974,-0.26102307
48937,Oligo,0.2309383,0.5061137
137298,Pvalb,-0.25809413,-0.32600352
206789,L5 IT,0.16319953,0.054409347
202000,L2/3 IT,0.26945275,-0.1334311
89759,L2/3 IT,0.1867442,-0.22520104
228967,Oligo,-0.24960358,-0.09962294
64705,Oligo,-0.35292298,0.27951756
156251,L5 ET,0.14685528,0.18495151
201466,L2/3 IT,0.20076965,-0.17265725
132567,VLMC,0.24256687,-0.36842516
214937,L4/5 IT,0.4153769,-0.06848172
39484,L2/3 IT,0.43627262,-0.13367513
132570,L5 IT,-0.34619153,0.0374588
206513,L6 CT,0.18374626,0.44566032
9158,Oligo,-0.15079062,0.36384138
156366,L5 ET,-0.36779875,-0.09122229
48223,L4/5 IT,0.069940075,-0.0831602
29560,L6 IT,0.04362564,0.16421339
50563,SMC,0.10519992,-0.16621953
199230,L4/5 IT,-0.23845689,-0.23377654
119472,L6 CT,-0.04398818,0.21914604
15696,Vip,0.12804608,-0.239714
249519,Astro,-0.36870033,0.2854834
68220,L5 ET,0.23804013,0.08541038
211041,Oligo,-0.21605097,-0.23326823
137123,L6b,0.1613857,0.51538265
258407,Endo,0.3412956,-0.16258895
176339,L6 CT,0.22554533,0.389738
223910,Endo,0.11402951,0.15740481
14986,Astro,-0.20251821,-0.3888457
118179,L6 CT,0.08354531,0.28056738
48232,L6 CT,-0.42987978,0.19480756
66507,L5 IT,-0.22121103,-0.10297955
93543,L5 ET,-0.27688968,-0.07681743
108387,Endo,-0.24201135,0.27143922
229718,L6 CT,-0.009016734,0.1852583
242050,L6b,0.056706835,0.37013796
266518,Oligo,-0.26896152,-0.19385195
196989,Astro,-0.17897446,-0.39716756
184122,L5 ET,-0.16527925,-0.009245522
107860,Peri,-0.15867816,-0.022941299
168528,Astro,0.20976405,0.25099882
174879,L6 IT,0.11493723,0.21605971
146163,Micro,-0.13623099,-0.043639995
172720,Oligo,0.005379546,0.3962293
265100,L6 CT,-0.40084636,0.08364727
156274,Endo,-0.17697479,-0.12639928
116529,Endo,0.036270905,0.10493251
182834,L2/3 IT,-0.16560753,-0.2724047
87041,L6b,-0.034291547,0.3082522
4499,L4/5 IT,0.33982784,-0.075779505
39454,L2/3 IT,0.24200319,-0.19070813
193262,Astro,0.11040513,0.2558926
252498,Micro,0.012536872,0.23592111
102994,Oligo,0.025851477,0.37525842
14135,L2/3 IT,0.39462715,-0.08168445
77087,L6 IT,0.22021274,0.46614882
156306,L4/5 IT,-0.27511156,-0.28048375
172727,Endo,-0.25874782,-0.35485452
60708,Pvalb,0.25968158,0.16234645
88095,L4/5 IT,-0.15765472,-0.25847325
83945,L5 IT,-0.09722479,0.06669357
76965,Endo,0.12992518,0.2220144
238256,Oligo,-0.02158786,-0.15713975
258411,L2/3 IT,0.41710573,-0.08652107
259312,L5 IT,0.011429597,-0.009787478
239991,Oligo,-0.04725988,0.36391768
176145,L5 IT,-0.22705872,0.120335124
241178,L4/5 IT,-0.05993421,-0.11824513
134287,L4/5 IT,-0.25438857,-0.23422408
89114,L6 IT,-0.40305343,0.11428609
55719,VLMC,0.27305514,-0.3544076
272452,L5 ET,0.3900615,0.02222415
43196,L2/3 IT,0.39790297,-0.13114953
188938,L6 CT,0.20144801,0.45857778
60691,Astro,0.11294483,-0.34521872
265657,L5 IT,-0.23334004,0.02559968
8742,L6 CT,-0.17702495,0.101100884
260032,Oligo,0.16920243,0.30122545
235263,L6 IT,-0.26243162,0.24073014
134277,L5 ET,0.066511855,0.11626919
46080,L2/3 IT,0.14748792,-0.17360774
43185,L2/3 IT,-0.20005871,-0.3835589
160117,L2/3 IT,0.2977832,-0.14623034
109757,L2/3 IT,-0.07562743,-0.24111286
160123,L4/5 IT,0.39405322,-0.03584329
188926,Oligo,-0.18859617,0.19137582
273207,Oligo,-0.013211202,0.3569518
115646,Micro,0.11323421,-0.1154863
188921,Astro,-0.11595096,-0.38300285
180479,L6b,-0.41699126,0.2478753
89111,L4/5 IT,0.0170856,-0.18470967
37076,L2/3 IT,-0.08868678,-0.31599987
242486,L5 IT,-0.15461002,0.052057765
183015,Oligo,0.1625443,0.2482293
236020,Sst,0.19767098,0.17028245
171204,Oligo,-0.08660926,0.3165488
89934,L6 IT,0.11041771,0.24142179
261831,Endo,0.017973114,-0.42384475
270368,Pvalb,0.1645687,0.12977162
150067,L5/6 NP,-0.24509446,-0.021748401
163226,L5 IT,0.014810491,-0.07069088
233635,L6 CT,-0.01651759,0.21694764
247415,L2/3 IT,0.17304365,-0.13945234
15942,Oligo,-0.10624416,0.33852825
117337,OPC,0.4633469,-0.15919834
163223,L4/5 IT,-0.15171428,-0.1368635
125292,Sst,0.0054911557,0.27822182
233239,L2/3 IT,0.3788514,-0.17053872
50247,Endo,0.16594104,-0.107857026
255935,Micro,0.15315346,0.053245984
212517,L5 IT,-0.09515922,-0.03397996
270660,Oligo,-0.010492962,0.26246592
106076,L2/3 IT,-0.28589165,-0.33384678
101268,VLMC,0.07138084,-0.4196401
91123,Endo,-0.30861926,-0.21626902
93877,L5 ET,-0.1417026,0.02880489
217279,L4/5 IT,0.0007551792,-0.13832742
56200,L6 CT,-0.3255657,0.06494423
123849,L6 CT,0.13896678,0.3716205
141674,L6 CT,-0.03566135,0.19944051
209625,L5 IT,-0.09063764,-0.010317184
58826,L4/5 IT,0.38384473,-0.057784565
34179,Peri,0.016387273,-0.41856048
125318,Peri,0.26724035,-0.29878792
173457,L6 IT,-0.057648372,0.22554854
106988,L6 CT,-0.07215895,0.11333277
46126,Astro,-0.06783448,-0.12800792
150293,L2/3 IT,0.13454883,-0.32432267
53327,L6 CT,0.20029555,0.271758
278986,L4/5 IT,-0.18869062,-0.13710004
20571,L2/3 IT,0.2570256,-0.24643469
179331,Micro,0.33898735,-0.23629424
212508,L5 ET,0.32548857,0.08132883
4762,Endo,0.39899594,-0.25687918
274618,L6 CT,-0.10063557,0.16640297
60490,OPC,0.14929561,0.16800907
251307,L6 IT,-0.34371647,0.118829034
223350,L2/3 IT,0.24777679,-0.1703021
171228,Endo,-0.2243345,-0.12297643
267376,L4/5 IT,0.072035596,-0.16322294
194114,L4/5 IT,0.3679511,-0.031834222
141527,L4/5 IT,0.40420848,-0.024678148
70026,L2/3 IT,0.3965658,-0.13896054
5957,L2/3 IT,-0.065453306,-0.26088318
191216,Astro,0.39671117,-0.046706118
227956,PVM,-0.25391608,-0.1420078
188867,L4/5 IT,-0.09933917,-0.13976824
81828,L4/5 IT,0.107208475,-0.07856969
246651,L2/3 IT,0.30196375,-0.1886912
210486,Peri,0.01085614,0.21505526
143303,OPC,0.055127073,-0.14671084
178300,Oligo,0.21701168,0.14804605
81833,L6 CT,-0.33209342,0.15545568
274595,L5 ET,-0.40176618,-0.028209873
177495,L5 IT,0.14165322,0.007949643
195844,Oligo,-0.12368025,0.404475
72403,L2/3 IT,0.27109498,-0.19001654
844,Astro,0.043851007,-0.25845805
202431,Astro,0.44608057,-0.18611705
129565,L5 ET,0.2963497,0.13085225
159636,L6 CT,0.15584259,0.3366432
169434,Endo,-0.19610505,0.05707612
227920,L5 IT,-0.027796846,0.042167746
57261,Pvalb,-0.047568273,0.16931275
32892,Astro,0.2338851,-0.1246608
105005,Oligo,0.079013094,0.4360532
223365,L4/5 IT,-0.29488456,-0.22997245
220204,Oligo,-0.34880477,-0.093858965
205760,L2/3 IT,-0.26599267,-0.33113164
223578,L2/3 IT,0.13463311,-0.3072485
204346,L6 CT,0.20801364,0.36344972
111665,L6 IT,0.23690592,0.49001774
123731,L6 CT,-0.021615665,0.19040403
8114,L6 IT,-0.018464994,0.08946421
150259,Endo,-0.26550505,-0.30456033
163839,Endo,0.22992472,0.37805125
55065,Oligo,0.22846179,0.20731059
240694,Lamp5,-0.10969059,-0.31767413
211509,L6 CT,0.10968034,0.22502294
150274,L4/5 IT,-0.30405372,-0.25108442
150278,Vip,0.033255864,0.16077748
46109,L5/6 NP,-0.093033746,-0.07682086
64495,Astro,0.08268647,0.4806771
202456,L2/3 IT,0.24272273,-0.2398803
95218,Endo,-0.08153622,0.14567086
9992,Oligo,0.14944898,0.37809685
73981,L6 CT,0.29931855,0.30302188
1501,Endo,-0.46786565,0.22149888
261376,L5 IT,-0.34604365,-0.012449332
33110,Lamp5,0.21317212,0.18252108
129346,Oligo,0.067520246,0.5006074
124023,L2/3 IT,-0.061966103,-0.25154302
19492,L6 IT,-0.012793522,0.15967044
36928,SMC,0.4780494,-0.24204773
244293,L4/5 IT,0.04106598,-0.11031107
60818,L5 IT,-0.2824109,0.13278261
115587,L6 CT,0.18911074,0.2987081
84791,L2/3 IT,0.31531066,-0.18755159
163803,L5 IT,-0.29864037,0.15405723
163281,Lamp5,0.24004315,0.1485919
111610,L6b,-0.3480563,0.26376918
34129,L2/3 IT,0.29163206,-0.22193709
268085,L5 IT,-0.23010986,0.07308527
175814,L2/3 IT,-0.12439151,-0.20507303
249247,Oligo,-0.12875398,0.2512556
224246,L6b,-0.23260723,0.28336987
67153,Sst,0.13318656,-0.14876923
123971,L6 CT,-0.0636874,0.20081809
233780,Sst,0.3355319,-0.060430415
183733,L4/5 IT,0.34734815,-0.03636188
226436,L6 CT,0.23690133,0.24772915
70882,L4/5 IT,-0.0069547114,-0.1673646
271117,L6 IT,0.31023365,0.244634
11661,L5 ET,0.2203974,0.1236495
237981,L5 IT,-0.21683533,0.100277446
36892,L2/3 IT,-0.11778577,-0.362245
159737,Oligo,-0.021195095,0.3530828
223566,Peri,-0.043643873,-0.11483831
17173,Astro,0.18256293,0.07869991
70013,L4/5 IT,-0.2384647,-0.20829219
263986,L5 ET,0.151875,0.14075562
191638,Oligo,0.12105487,0.4687225
247505,SMC,0.21110211,-0.06790928
232067,L2/3 IT,-0.1270607,-0.28253952
90592,Oligo,-0.16474728,0.3473144
125232,L4/5 IT,-0.2670474,-0.2462413
27461,Micro,0.24976347,0.1632295
109853,Peri,0.18051593,0.03273382
189089,Astro,-0.0055699465,-0.3941262
27460,L2/3 IT,-0.11217131,-0.28346807
236725,L2/3 IT,-0.027821552,-0.32975873
62847,Micro,-0.19497846,0.08771642
165714,L6 CT,-0.10837217,0.113526426
110866,Oligo,0.025208462,0.07700195
197404,Sst,-0.35598874,-0.040201284
165715,L4/5 IT,-0.13035832,-0.15822226
72250,VLMC,-0.096518055,-0.44887492
91040,OPC,-0.0015332815,-0.42062095
52478,VLMC,0.0013647857,-0.43739873
75326,PVM,-0.14272855,-0.23584902
239009,Pvalb,-0.016190808,-0.24621952
24803,Oligo,-0.3139202,0.24065366
205303,Peri,-0.31015217,0.048027
44291,Pvalb,-0.057599884,-0.20723772
175822,Endo,0.3514135,-0.052053846
36303,Oligo,0.0074435356,0.1591011
14814,Astro,-0.46393514,0.23212758
117045,L5 ET,0.06876479,0.11289587
257892,Oligo,0.24452047,0.2443169
226409,PVM,0.282053,-0.10654191
71294,L6 IT,0.30476582,0.25237462
16921,L5 ET,0.19375215,0.09304877
241542,L6 CT,-0.35807914,0.19565603
254785,L2/3 IT,0.25023514,-0.14859858
221215,L5 ET,-0.31349927,-0.08906341
258620,Sst,-0.10599367,-0.21817592
32998,L6 CT,-0.27262133,0.11438998
1036,Oligo,0.12392627,0.23908368
263695,L5 IT,0.017889965,0.18629357
150021,L2/3 IT,0.005339134,-0.37058228
169470,L6b,-0.23623817,0.26536974
150026,VLMC,0.15194784,-0.39947727
185598,Endo,-0.31054503,-0.13244513
270156,L2/3 IT,0.08406071,-0.3062893
224257,PVM,-0.20732369,-0.2769201
89126,PVM,0.077053115,0.41836157
55871,L6 IT,-0.19047554,0.12095543
102249,L6 CT,-0.00040210458,0.21744779
81920,Pvalb,0.22129206,0.47206017
55727,Sst,0.078507826,0.102710925
206993,L2/3 IT,-0.10291098,-0.29699472
24817,Astro,-0.10195832,-0.23076192
113261,L6 CT,-0.24835451,0.0433295
69642,L5 IT,0.11101924,0.07799914
117316,L6 IT,0.022530366,0.109397136
141864,Oligo,-0.18593912,0.24127325
191258,Pvalb,0.14095436,-0.019624628
271468,L5 IT,-0.047990393,-0.07243473
267844,L6 CT,0.040694464,0.2711154
275523,Endo,-0.1417657,-0.20911098
3791,Pvalb,0.07878487,-0.32251784
230776,L2/3 IT,-0.11777513,-0.26237768
141831,L2/3 IT,0.040014315,-0.35001972
115340,L5 ET,0.29727715,0.06985869
93316,L6 CT,-0.10473581,0.26873162
181874,L5 IT,-0.039952826,0.11541965
183729,Astro,0.28179455,-0.040198065
69497,L4/5 IT,-0.020869743,-0.18337253
13377,OPC,-0.14608376,0.26756957
2068,Oligo,-0.21718638,0.34830567
267884,L6b,-0.354823,0.24168953
33055,Oligo,-0.11756794,0.3194689
129409,L4/5 IT,0.040199686,-0.10119707
97659,L6 CT,-0.24744363,0.2541795
185750,L4/5 IT,-0.026863884,-0.10028628
236516,L5 ET,0.018182982,-0.047458835
50638,Endo,-0.2517542,0.10938569
33048,L4/5 IT,-0.23700745,-0.24893537
141805,L6 CT,0.108360276,0.31711408
143199,L4/5 IT,-0.12870269,-0.1799491
239691,Lamp5,1.7363112e-05,-0.40950748
173368,Oligo,-0.34102792,0.27184018
46178,L2/3 IT,-0.070983246,-0.3336125
109711,L5 ET,0.0163018,-0.042654194
113268,L4/5 IT,0.30358404,-0.04899124
256023,L6 CT,0.07307409,0.28123966
37319,Oligo,0.29891992,0.14152512
150764,L6b,-0.4863249,0.20450851
230807,L2/3 IT,0.032697547,-0.31513408
77633,L5 IT,-0.16042046,0.10561236
129833,Astro,0.010018755,0.27683404
145268,Oligo,-0.30695605,0.17484799
98313,L5/6 NP,-0.101372644,-0.021440305
180202,Oligo,-0.29401103,0.29407546
234505,L2/3 IT,0.0382316,-0.28671667
241088,L4/5 IT,-0.2709564,-0.2115381
159522,L2/3 IT,0.36523813,-0.18768284
241410,Oligo,-0.066308424,0.17458019
69447,Lamp5,0.13159995,0.21507648
235010,L5 IT,0.35089493,0.08411392
85051,Oligo,0.12345086,0.5027267
34301,L4/5 IT,0.38127464,-0.068262585
20576,L5/6 NP,-0.20161729,-0.0821671
58808,Oligo,0.054367173,-0.1199081
32569,PVM,-0.35043412,0.23570028
43790,Astro,-0.14654697,0.27155808
213926,L2/3 IT,-0.20395182,-0.29354504
104063,L4/5 IT,0.11698894,-0.10449911
240696,L6 IT,0.30360848,0.18291768
150824,Endo,0.31906617,0.177501
123301,Lamp5,0.21187757,0.12755671
211189,Endo,0.15745918,0.028122447
274184,L5 IT,-0.24043347,0.0015616938
165958,Oligo,-0.03193463,-0.102206714
1444,L4/5 IT,0.009583343,-0.122951545
267466,Vip,-0.33113635,0.12287649
197936,L2/3 IT,0.18985026,-0.25775918
202487,Sst,-0.22049792,-0.14457497
37287,L6b,-0.31386068,0.26974097
210448,Vip,-0.311624,-0.15170094
265635,Endo,0.23043256,0.14589575
163000,L2/3 IT,0.39869648,-0.16412392
123363,L5 IT,0.2526225,-0.033694096
84321,L6 CT,0.22044413,0.3312061
273784,L5 IT,0.3290378,-0.026182093
57785,Oligo,0.01001494,0.39432493
61510,L5 ET,0.19281618,0.10328629
20488,L5 IT,0.2098528,-0.029946484
84317,L5 IT,-0.31097507,-0.02046404
10657,L6 CT,0.092534825,0.2821708
194101,L5 IT,-0.37275198,0.10729506
221771,L5 IT,0.16241352,-0.010468043
143411,Oligo,0.15615873,0.10842963
89017,Endo,-0.036544364,-0.42527273
53406,SMC,-0.16736,0.12617216
252005,Endo,0.39321214,-0.056795634
102322,Oligo,0.19314753,-0.1393156
216333,L5/6 NP,0.23479538,0.1806055
57517,L2/3 IT,-0.15866984,-0.32084236
269617,Oligo,-0.14785822,-0.42531618
242693,Lamp5,-0.051724415,0.31619492
165992,L5 ET,0.25368255,0.12263396
182439,L2/3 IT,0.36103493,-0.084779896
117448,L5 IT,-0.10314609,0.09721359
91390,L6 CT,-0.39286897,0.06037482
261970,L6 CT,0.27066177,0.23320207
200445,L2/3 IT,-0.20922731,-0.38196653
37375,VLMC,0.17067228,-0.39391515
162937,L2/3 IT,-0.2864303,-0.29839516
255352,VLMC,0.31474924,-0.3364375
46442,L4/5 IT,0.37490952,-0.09556312
8365,VLMC,0.041565407,0.08891072
221259,L5 IT,-0.23400871,-0.09166557
129908,L2/3 IT,0.28670496,-0.19151163
35272,L4/5 IT,0.0575264,-0.17104033
169315,L4/5 IT,-0.061801206,-0.17926261
213933,L2/3 IT,0.009047139,-0.27327117
114357,L5 ET,-0.10628323,0.046288036
6633,L2/3 IT,0.0012154165,-0.27420956
207755,L6 CT,0.29364622,0.29190728
209127,L2/3 IT,0.4072253,-0.08737285
256041,L6 IT,-0.24262665,0.09160217
123108,Endo,-0.066862985,-0.2940382
244512,Endo,-0.36385915,0.11989983
228105,Oligo,-0.30726856,0.073936425
264184,L6b,-0.16337891,0.2947468
199862,Micro,0.0037767473,-0.07179696
268335,Oligo,0.11816929,0.13212672
82846,L6 CT,-0.33828646,0.23110941
159467,Endo,0.13362144,-0.11365206
836,L6 IT,0.2203468,0.16086724
94209,L6 IT,0.22772561,0.50282645
91382,Peri,-0.18542491,-0.00903327
91380,L2/3 IT,0.36271757,-0.08955062
203215,L6 CT,0.15734647,0.48338404
117450,L4/5 IT,-0.027465742,-0.16996825
141123,Endo,-0.091241255,0.29933968
247567,Pvalb,-0.027340721,-0.14043143
147587,L6 CT,0.15663175,0.29299006
123204,Astro,-0.16558991,0.35523358
114877,L6 CT,-0.30080682,0.08807125
123203,L6 IT,-0.20686479,0.123293065
240673,Lamp5,-0.18385296,-0.42718768
54645,L5 IT,-0.05286966,0.024099581
117452,L2/3 IT,0.2633795,-0.20777014
32549,L5/6 NP,0.18336521,-0.012308337
88994,L2/3 IT,-0.0111501925,-0.21232456
256038,Endo,0.17443918,-0.0050484315
171390,L4/5 IT,-0.07621078,-0.09426833
3011,L5 IT,0.2713086,0.08586558
43792,L4/5 IT,0.04949336,-0.101246186
43073,Oligo,-0.15494479,0.3469856
94291,L6 CT,-0.29603225,0.17898932
129892,L5 IT,0.19464348,-0.021274753
150915,L4/5 IT,-0.25107014,-0.18388802
251644,L2/3 IT,0.15603714,-0.2964677
117774,L2/3 IT,-0.11242755,-0.37194487
127305,L6 CT,-0.27582872,0.22051248
19750,L6 IT,0.19687323,0.2305316
226709,L6 CT,0.14439861,0.3648503
129868,L4/5 IT,-0.19211747,-0.16388685
89526,L5 IT,0.26878482,0.04380306
147641,OPC,0.19764279,-0.22648725
129780,L6 CT,0.058610607,0.2619106
276913,Micro,-0.15298562,0.30492243
60483,L2/3 IT,0.09248619,-0.22371843
269053,L2/3 IT,-0.010314237,-0.32724229
99400,Pvalb,0.03505813,0.1301268
214400,L5 ET,-0.088896975,0.019865803
54468,L6 CT,0.06793581,0.29978958
84338,L4/5 IT,-0.26672387,-0.21620107
111705,L6 IT,0.32154393,0.26266888
115690,L4/5 IT,0.38490623,-0.009901144
23399,Vip,0.34966862,-0.14208949
165898,L4/5 IT,-0.11629723,-0.12016634
8457,L4/5 IT,0.31466353,-0.053118147
81798,L6 CT,0.13287805,0.26973787
214751,L4/5 IT,-0.112712696,-0.09189472
76606,L6 IT,-0.19385599,0.19751123
227495,L4/5 IT,-0.30405664,-0.23587081
50888,Pvalb,0.38717878,0.0402933
76604,L4/5 IT,-0.14399384,-0.1309363
223305,L6 CT,0.29789925,0.22427437
101988,Endo,-0.13947622,-0.3683051
258956,L2/3 IT,-0.23477562,-0.29384992
123490,L5 ET,0.083597526,0.016207092
254325,Pvalb,0.45202923,-0.13228962
74812,L5 ET,0.12040834,0.03380253
141411,L6 IT,0.18021654,0.2688214
110354,L5 IT,0.36603326,0.064263545
84944,L6 CT,-0.1060497,0.15519038
134252,Oligo,0.19233231,0.36262074
46226,Vip,-0.0074027595,-0.3451393
218564,L6 IT,0.1456875,0.22314188
147751,Oligo,-0.25248733,0.29301092
117381,Peri,-0.19951089,-0.23422816
196743,L6 IT,0.1599593,0.15110746
242,Endo,0.19679652,-0.08254383
249007,L2/3 IT,0.13525079,-0.18568966
95526,Sst,0.2467386,-0.0652296
173858,L4/5 IT,0.17747204,-0.08039827
246101,Pvalb,-0.03704257,-0.19999862
260339,L2/3 IT,0.30887014,-0.16242173
202246,L2/3 IT,-0.23965578,-0.35318205
5390,L5/6 NP,0.107056424,0.15944299
45253,L4/5 IT,0.29709,-0.10935808
77596,Oligo,-0.031195115,0.39601216
239805,L6 CT,0.21141969,0.40491745
134256,L6b,-0.15620197,0.2983863
271096,L4/5 IT,-0.26541346,-0.23025572
96837,Vip,-0.05708916,-0.14989349
216879,L4/5 IT,0.15846692,-0.0738608
237644,L5 IT,-0.2681952,0.03554704
60823,L5 ET,-0.2732592,-0.0036613122
225258,L2/3 IT,-0.031200003,-0.26619428
176957,L5 ET,0.3055374,0.056676768
52491,Endo,0.23963003,0.045214616
194110,L4/5 IT,0.1515768,-0.122439004
191209,Pvalb,0.24740826,0.105724595
165879,Oligo,-0.38708425,0.27512953
163135,L5 ET,-0.111366704,-0.03181026
209005,L5 IT,0.23875122,0.05679091
255988,L4/5 IT,-0.17972125,-0.21707651
235464,Peri,0.20067482,-0.06803668
32681,L5/6 NP,-0.3816513,-0.031012781
22027,L5 IT,0.29821742,0.0221942
73586,L5 IT,0.38434374,0.06414565
84994,L6b,0.15696566,0.46363136
87334,L2/3 IT,-0.14757837,-0.30323377
201782,L4/5 IT,-0.079573736,-0.106711425
248300,L2/3 IT,-0.027496856,-0.32595745
189743,VLMC,0.07735072,-0.41772914
129747,L6 CT,-0.3560952,0.13678285
478,PVM,0.028490651,-0.042865075
129758,Pvalb,-0.017717194,-0.27290142
241712,L6 IT,0.21970467,0.19439903
150625,L6 IT,0.20685284,0.51573557
150651,Astro,0.23247491,0.12783977
184398,Endo,-0.34631905,0.1141329
150654,L5 IT,-0.02630822,-0.06779186
267660,L6 CT,-0.24800076,0.13794479
207450,L6 IT,-0.060340833,0.06287982
263678,L6 CT,0.2146881,0.41712412
163013,Sst,-0.1775939,-0.23153397
238731,L5 IT,0.09660922,-0.006929733
52499,L2/3 IT,-0.1520664,-0.22164711
98824,Sst,0.32051885,0.21295962
125448,L5 ET,0.017024923,0.08298286
18873,Peri,-0.12429838,-0.21285048
181826,PVM,0.092352554,-0.030804254
1062,L5 IT,0.1705107,0.033555172
55879,L2/3 IT,0.15613334,-0.19845629
178681,L6 CT,-0.26601857,0.058647834
63833,L4/5 IT,0.25929105,-0.107357
171272,L5 IT,-0.058686327,0.08776327
188792,SMC,-0.17225502,-0.46829545
44260,L4/5 IT,0.321122,-0.032064028
150547,Astro,0.29367226,0.09702607
43121,OPC,0.3991186,-0.21585616
123463,L5/6 NP,0.34912062,0.04195579
111728,VLMC,0.4296121,-0.25531685
203354,L5 IT,-0.21794625,-0.069608785
205757,L2/3 IT,-0.016739052,-0.36323118
214091,Lamp5,0.1741216,0.17919162
32722,L6 CT,-0.28917134,0.17121008
159559,Sncg,0.24595712,-0.2794965
246081,Sst,-0.051985543,0.031900667
67251,L4/5 IT,-0.21602584,-0.1748136
240451,L4/5 IT,0.25762492,-0.024175175
81749,L4/5 IT,0.27355546,0.018692754
210463,L6 CT,0.23329465,0.23210338
43119,L5 ET,-0.0070912656,-0.03325156
117007,L2/3 IT,-0.14570238,-0.33335915
278003,L6 CT,0.061026204,0.24503002
169748,L4/5 IT,0.11350016,-0.09535391
32698,L4/5 IT,0.29979575,-0.073504485
255995,L5 IT,0.21909206,0.0012276396
95913,L5 ET,0.045342732,-0.04473365
245348,L2/3 IT,0.06639229,-0.19817719
181830,L5 IT,0.25898218,-0.040104635
141350,L6 CT,0.19124196,0.50021946
69439,L6 CT,-0.3733679,0.18395409
254751,L4/5 IT,-0.110397086,-0.19386154
141998,Endo,-0.15947567,-0.030497558
43522,Lamp5,-0.013492029,-0.3585327
12520,L4/5 IT,-0.08607231,-0.13833892
254595,Astro,-0.47581238,0.29724064
125028,Vip,0.145048,-0.31529552
200540,L5 IT,-0.12912373,-0.07329316
265700,L6 CT,0.20282112,0.38484064
107090,L5 IT,-0.054033052,0.0076810643
215214,PVM,-0.08354153,0.27889344
10584,L6 CT,0.026210595,0.2768714
163556,L6 CT,0.12453841,0.26671365
36436,L2/3 IT,0.18261419,-0.27957907
124674,Oligo,-0.06318785,0.4102488
20435,L4/5 IT,-0.27809978,-0.22568229
227748,VLMC,0.1673126,-0.394524
277208,L6 IT,0.19963692,0.14610031
200819,L5 ET,-0.060914885,0.10423114
1682,Pvalb,-0.3797925,0.09968551
97704,L4/5 IT,-0.24359776,-0.15965825
115466,Peri,0.155452,0.11573174
66967,Astro,0.31103307,0.1737816
33967,Endo,0.07883571,-0.3986404
45606,L4/5 IT,-0.22044997,-0.21303362
33608,Micro,-0.24572451,-0.2668856
159911,Astro,0.064001784,0.486796
134528,L6 CT,0.07627939,0.297389
128896,L5 IT,-0.0879174,0.09843745
197596,L5 IT,-0.113239035,0.057966672
177463,Sst,-0.10407062,0.012455486
165536,Endo,0.006081927,0.106469594
82427,L2/3 IT,0.05669521,-0.31417558
82425,Micro,-0.24094303,-0.10655037
264557,Peri,-0.12775768,-0.12787348
208641,L4/5 IT,0.014647532,-0.096818216
69578,L4/5 IT,-0.061141443,-0.13741636
117161,L6 IT,0.22684745,0.29404166
90755,L5 IT,-0.0058499095,-0.009810843
84457,Oligo,0.015049566,0.39057836
255754,Pvalb,-0.12532224,-0.05918724
209054,L2/3 IT,-0.10189231,-0.35874832
8066,Astro,-0.22360374,-0.112749495
10583,Endo,-0.2233928,-0.30289915
148865,Astro,0.020612884,-0.36895323
45565,L4/5 IT,-0.089967355,-0.19714457
33691,Astro,-0.2777499,-0.05066506
124712,Oligo,0.07082574,0.4851044
75346,Endo,0.089293346,0.041651033
33686,L4/5 IT,-0.3039431,-0.15445438
159930,Astro,-0.08904822,0.22924837
277127,L4/5 IT,-0.1878676,-0.18430892
181980,L5/6 NP,0.17959343,0.008435987
124709,L6 IT,0.18028186,0.17113581
184453,L2/3 IT,0.36147302,-0.17746404
246146,Astro,-0.19156562,-0.09475536
159927,L6 CT,-0.33031195,0.10156002
184492,L5 IT,-0.1136048,0.09427651
61447,L2/3 IT,0.07407318,-0.30444667
254584,L5 ET,-0.1841081,-0.02229727
211345,L6 IT,-0.30082873,0.12094482
272421,Vip,0.29826844,-0.2057822
33990,L5/6 NP,-0.35433024,0.048183344
77420,L6 IT,-0.20269163,0.21835789
127194,PVM,-0.19299434,0.13177678
70863,L6b,0.007249463,0.32219616
45647,L5 IT,-0.09831156,0.12333348
98396,L6 CT,-0.25646806,0.12557945
254695,L2/3 IT,-0.16745572,-0.37939796
18370,L2/3 IT,-0.14191975,-0.30508333
148982,L2/3 IT,-0.19518133,-0.34396562
252078,Peri,0.3991176,0.050666176
33553,L6 IT,0.21009926,0.181407
25778,L6 CT,-0.10352667,0.15147898
171006,L6 IT,-0.033066224,0.21130207
191454,L2/3 IT,-0.16208585,-0.37410843
200553,L2/3 IT,0.36133933,-0.12637901
180931,L2/3 IT,0.40079772,-0.103777565
128539,Astro,0.016462792,0.06948235
58873,L4/5 IT,-0.30590498,-0.12990302
181154,L5 IT,0.26231092,0.034678064
65927,L6 CT,-0.20010333,0.22728065
143044,L5 IT,-0.33015996,0.04924848
246392,L4/5 IT,0.0070259753,-0.13744152
2045,L2/3 IT,0.17116736,-0.30786243
12136,L5 IT,0.23774152,0.04187914
255379,L4/5 IT,0.38578165,-0.063994505
111482,L2/3 IT,0.04940908,-0.3547008
258002,L6 CT,-0.10478984,0.16454193
73979,L6 CT,0.16009872,0.29125074
128957,Endo,-0.14818378,0.32405612
142526,L6 CT,0.283993,0.23001155
250940,L2/3 IT,0.40299547,-0.16499984
97452,Endo,0.1252545,-0.29639104
249765,Vip,0.35345602,-0.013320215
247104,Oligo,-0.035532456,0.20508215
110246,L2/3 IT,0.28901744,-0.23663107
115476,L5/6 NP,0.23659341,0.060134135
36627,Astro,-0.077357695,-0.35057604
94602,L2/3 IT,0.3225028,-0.20492631
159898,L4/5 IT,0.11381255,-0.06932805
180922,L4/5 IT,0.27317297,-0.09546492
66978,Endo,-0.23550187,-0.049772896
82342,Endo,-0.2999679,-0.16209513
196252,OPC,0.07837747,0.3105894
182499,Endo,-0.14437155,-0.2068828
163520,Pvalb,0.21737443,0.20120528
128948,Astro,-0.006551307,-0.35934567
33584,L5/6 NP,-0.080962494,0.048298083
69608,L4/5 IT,0.027174342,-0.052774258
148936,Oligo,-0.40013322,0.22892871
233264,OPC,-0.37144673,0.03457298
218394,Oligo,0.07312231,0.51016986
19518,Micro,-0.006580871,-0.38633442
265697,Astro,-0.34046596,0.0073239133
213874,L5 IT,-0.17624067,0.08922794
124590,L4/5 IT,0.26967978,-0.115420975
210593,L5 ET,-0.1437646,0.022763126
5368,Pvalb,-0.108909115,-0.17277563
184438,Oligo,-0.10107575,0.362812
165516,L4/5 IT,0.008043218,-0.10655806
58542,L5 IT,0.36477572,0.0074962005
250348,L4/5 IT,0.12527679,-0.124475546
227667,L6 CT,-0.07269679,0.09766903
74937,L2/3 IT,0.09981184,-0.33881542
242825,Sst,-0.046683263,0.1583043
96828,L2/3 IT,0.0012212875,-0.34335306
63641,L5 IT,0.26871735,-0.0077880993
232084,Astro,0.10999261,-0.34665424
3607,Peri,0.09602885,-0.40692103
53110,L5 IT,-0.12766166,0.02390381
262678,Peri,0.13715248,-0.37883255
128665,L4/5 IT,-0.3025638,-0.32024956
104802,L5 IT,-0.35871834,0.02267807
115410,L2/3 IT,-0.015591811,-0.3505705
53132,Micro,-0.18824835,-0.42820865
45445,L4/5 IT,-0.24294855,-0.18838954
148322,L4/5 IT,-0.2833596,-0.21757898
227632,L6 CT,0.11379795,0.2860764
230710,L2/3 IT,0.28632057,-0.18574461
82588,Astro,0.076460406,0.43134782
178362,L2/3 IT,-0.12905397,-0.23162901
165465,L4/5 IT,0.09404193,-0.059102423
189466,Astro,-0.048086952,0.04036524
191371,L5 IT,0.07711266,0.06975015
227682,OPC,0.28264886,0.20370796
124943,L5 IT,0.3177811,0.07278087
170894,L2/3 IT,0.05622678,-0.18267137
197514,Oligo,0.18413757,0.4249904
59431,PVM,0.08633421,-0.41057342
212955,L6 CT,-0.17209248,0.2564688
185633,Endo,0.36769307,-0.02491013
258054,Sst,-0.1276456,0.089133106
101150,Endo,0.061457086,-0.34941763
66902,L6 CT,-0.018320482,0.2444795
33891,L6 CT,-0.38456047,0.23694578
124913,L4/5 IT,-0.1373006,-0.18734777
50355,L4/5 IT,0.05625849,-0.08303342
45456,L4/5 IT,0.29940206,-0.060341842
40798,L4/5 IT,0.27025795,-0.056092985
142899,L4/5 IT,0.04207145,-0.14582986
33886,VLMC,0.037140418,-0.43137583
233342,L4/5 IT,0.15026544,-0.10847623
84523,L5 IT,-0.013417732,0.14468065
163663,L4/5 IT,0.39011443,-0.041722186
117109,L4/5 IT,-0.2836212,-0.20933917
49524,Astro,-0.1826606,0.40324602
89417,L5 IT,0.36335444,0.07270565
206705,Astro,-0.12565668,-0.40514112
124928,L4/5 IT,-0.29994762,-0.20793611
234387,Micro,-0.08632867,-0.09666411
25668,L2/3 IT,0.15716873,-0.24594316
189505,Astro,0.33667183,-0.2663429
274415,L5/6 NP,0.23626868,0.46700642
163649,L6 CT,-0.22613548,0.23679206
58901,L4/5 IT,0.23245852,-0.04832966
124887,Endo,-0.24275811,-0.32022005
117107,Oligo,-0.2629488,-0.20688042
43589,L4/5 IT,0.2973439,-0.05262459
90706,Endo,-0.286383,-0.008707233
233335,Peri,0.35940933,0.04179605
128810,Oligo,-0.09460841,0.0043724105
128633,Endo,0.06992178,-0.24063829
115443,L6 CT,0.19748561,0.23879495
98670,L4/5 IT,0.2600661,-0.028994955
66892,VLMC,0.4512319,-0.24959645
142773,Astro,0.2830779,0.18591347
205973,L6b,-0.18873836,0.29511842
43558,L6 IT,-0.23412724,0.12970576
201891,Endo,0.40661925,-0.22134635
74952,L6 IT,-0.3403932,0.1590955
50340,L6 IT,0.0147325285,0.21056023
220451,VLMC,-0.0316465,-0.44191217
27512,L5 IT,-0.27909788,-0.10518015
124975,L2/3 IT,0.32224566,-0.1547054
8412,L5 IT,-0.049166303,0.057755195
82617,L6b,-0.14605652,0.3112695
66377,Endo,-0.25451103,-0.13581556
124996,L5 ET,0.24652277,0.023180239
148637,Endo,0.48806846,-0.15717682
90738,L2/3 IT,0.0835468,-0.25375634
59931,L4/5 IT,0.17477725,-0.13243362
185651,L6 CT,-0.15641071,0.1277422
24711,Oligo,-0.17627032,0.1357399
223533,Endo,-0.29376435,0.2470279
148659,L2/3 IT,0.32424265,-0.17345038
236144,Peri,0.28928143,-0.16419607
90664,Oligo,-0.19447817,0.004243754
53107,L2/3 IT,0.39441353,-0.056375362
261308,VLMC,0.08257298,-0.4159801
197562,L4/5 IT,0.2153682,-0.045571633
211234,Peri,-0.1296433,-0.007890709
124956,Oligo,0.21404271,0.0047149584
148526,Peri,0.44563884,-0.14370832
55815,L6 CT,-0.26266068,0.23803207
97471,Astro,0.3092149,0.020257674
83719,L5 IT,0.3938943,0.027036004
205101,L4/5 IT,-0.15539326,-0.17623067
230712,Pvalb,-0.19552715,-0.388477
227624,OPC,0.023651708,-0.30780336
175306,L6 CT,0.16056256,0.42486027
170907,L4/5 IT,0.39623052,-0.06744797
260769,L4/5 IT,-0.03805126,-0.145648
252023,L2/3 IT,0.39585817,-0.16108945
14613,Lamp5,0.18335532,-0.24778086
13085,L5 ET,-0.2099484,-0.056278534
117156,L5 ET,0.036541212,-0.035265394
229595,L5 IT,-0.32773548,-0.110750444
170914,Astro,-0.21963136,0.398028
215581,OPC,0.20751278,-0.31694734
148560,L2/3 IT,-0.12431653,-0.3015623
148563,L5 IT,-0.07559188,-0.0769685
264562,L2/3 IT,-0.22744338,-0.29928434
272706,Pvalb,0.25760454,-0.18925893
33925,L6 IT,-0.36769032,0.13400754
124963,L2/3 IT,0.29822475,-0.21127242
254676,L6b,-0.37479374,0.24812159
246368,Vip,0.2609573,0.05852493
185684,L5 IT,-0.028729927,0.07693269
45680,Pvalb,0.06719576,-0.21743393
223475,L2/3 IT,0.11087941,-0.28018463
84406,Lamp5,0.004267651,-0.38671604
44267,L2/3 IT,0.39123672,-0.17956835
52363,L2/3 IT,0.4064511,-0.16786864
177400,Astro,0.01631378,0.16244587
203415,OPC,-0.059098255,0.37597874
265738,Peri,-0.27453434,-0.3327954
262645,L5 ET,-0.22695912,-0.08092857
241834,L5 IT,0.41250223,0.011099212
90948,L2/3 IT,-0.12540154,-0.32027397
70875,L4/5 IT,0.28032,-0.07761166
113243,L6b,-0.46606094,0.24431369
227592,L5 IT,0.34009427,0.014133476
182452,Micro,0.076059565,0.18654874
54656,Oligo,-0.2917071,0.22908011
87490,Astro,0.21171193,0.04794588
104933,L2/3 IT,-0.015513759,-0.33586463
106078,L5 ET,-0.22695576,-0.02757696
163377,L6 IT,0.19827019,0.47889385
202368,L5 IT,-0.16463436,-0.083649315
129201,L4/5 IT,-0.15786822,-0.15913036
63762,Vip,-0.29720885,-0.34910735
89200,L2/3 IT,0.19289647,-0.2855895
183740,L5 IT,-0.30852145,-0.110959925
45830,Pvalb,-0.03515328,-0.10513324
194192,L6 CT,0.21084295,0.35890773
129187,Pvalb,0.120845005,0.006747119
191594,Pvalb,0.11522256,-0.039188333
249049,L2/3 IT,-0.029476505,-0.277338
227806,Endo,0.23063867,0.392464
125139,L6 CT,-0.32559645,0.10064127
165664,L5 IT,0.122435614,-0.018367805
149398,L6 CT,0.19398682,0.37192586
17211,L2/3 IT,0.2128505,-0.17804489
231692,Endo,0.12802903,-0.29698166
115359,Endo,-0.06029729,0.12718311
69530,Astro,0.13605838,-0.28641555
142194,L6b,-0.04184709,0.3039947
191563,Peri,-0.07112886,0.020778202
129159,Endo,-0.040050488,-0.028231896
224225,PVM,-0.19694199,-0.24105409
94245,Peri,0.17022489,0.5180819
171088,L4/5 IT,0.28155446,-0.06522543
90943,L6 IT,0.20788996,0.29517224
97430,L2/3 IT,-0.0062126634,-0.22766039
74982,L6 CT,0.29011393,0.20866862
170821,Endo,0.028279353,0.1996353
174641,L5/6 NP,-0.008403938,0.014491223
191583,Pvalb,0.32739747,0.24112812
134616,L2/3 IT,-0.04060052,-0.22410324
93920,L6 CT,-0.44474176,0.2207605
134617,L4/5 IT,0.32094473,-0.10087726
124271,Astro,-0.12120263,0.27534625
2059,Sst,0.14534174,-0.029488124
33306,Micro,-0.1437953,-0.124187835
142154,L4/5 IT,-0.10850163,-0.1313355
184431,Endo,-0.12980841,-0.35028616
182531,L4/5 IT,-0.05890135,-0.18833122
66844,L6 CT,0.14593373,0.3554258
74984,L5 ET,0.010142196,0.10179933
195962,L6b,-0.282723,0.27576104
3127,Pvalb,0.27347833,0.070991
109909,Astro,0.046960283,-0.3902451
163352,L4/5 IT,-0.11366637,-0.1534467
84388,VLMC,0.16336642,-0.39507976
249480,Pvalb,-0.05676649,-0.36622077
104957,Endo,0.16779523,-0.30173847
145230,L6 CT,0.08586471,0.27797094
84771,L6 CT,0.28857493,0.3034849
163350,L2/3 IT,0.17225699,-0.21353894
163349,L4/5 IT,-0.22693376,-0.16016653
163348,Oligo,-0.198617,0.31580272
211444,Oligo,0.097014174,0.2696906
252114,L6 CT,-0.09828864,0.09358873
91000,L2/3 IT,0.05269443,-0.31507388
175241,PVM,-0.39924854,-0.12212647
22011,L4/5 IT,-0.18110387,-0.13477111
179423,L2/3 IT,-0.29513028,-0.2968262
239310,VLMC,0.14375488,-0.40233645
104141,Endo,0.28410375,-0.10961596
128482,L4/5 IT,0.12809567,-0.13488856
159743,L6 CT,0.14184009,0.4907299
142004,L4/5 IT,-0.102871016,-0.13227952
212919,L2/3 IT,0.004359651,-0.31391904
16906,L6 CT,0.016914058,0.29005906
35292,L2/3 IT,-0.1704043,-0.34358844
163341,L6 CT,0.21865867,0.42921934
84722,SMC,-0.2827205,0.12324705
129238,Oligo,-0.30002224,0.18686655
249579,Astro,-0.20255478,0.045508765
149563,Lamp5,0.2785347,-0.08255453
189642,L6b,-0.48466292,0.24031898
125184,L4/5 IT,0.15305553,-0.089435615
142082,Sst,-0.25908223,0.10648247
124202,L4/5 IT,0.10337071,-0.11952121
50283,SMC,-0.06489153,-0.45400026
110286,L5 ET,-0.3915869,-0.04566241
9344,L6 CT,-0.23170029,0.1909894
212529,L2/3 IT,0.25600857,-0.2018323
14577,L5/6 NP,0.1616187,0.022253893
97969,L6 CT,-0.19132434,0.099219285
82107,L2/3 IT,0.19024788,-0.2696049
129237,L4/5 IT,-0.30778396,-0.27254203
142076,L6 IT,-0.09982975,0.04306128
196274,Peri,-0.23051764,0.30914947
98755,Endo,-0.008669805,0.23099443
100946,PVM,-0.19310476,-0.12290261
90984,L5 IT,-0.121571824,0.108567856
257015,Sst,-0.28050622,0.044373117
10621,L5 ET,0.3645013,0.036480032
45855,L4/5 IT,-0.24287935,-0.17123374
855,L2/3 IT,0.37953943,-0.13310122
237978,Endo,-0.018156927,0.19729647
55739,L4/5 IT,0.14382057,-0.044027515
251721,L4/5 IT,-0.25434738,-0.20344353
22617,L6 CT,-0.30651408,0.18742952
255861,L5 IT,0.20647596,0.034728847
90931,Oligo,0.031098414,-0.20659134
159811,L4/5 IT,-0.20946,-0.122829266
257054,L4/5 IT,0.34227806,-0.06232015
269579,L2/3 IT,0.28293616,-0.24395046
9764,L2/3 IT,-0.27862582,-0.27382305
270709,OPC,0.24345271,-0.24286833
15548,L5/6 NP,-0.012615215,0.014534228
13050,L5/6 NP,-0.04035036,-0.047351696
200860,L2/3 IT,0.24568294,-0.2534332
134575,Oligo,-0.015445303,0.34056088
82661,OPC,-0.18242367,-0.09643496
149175,L6 IT,-0.4458087,0.19439718
251020,OPC,-0.14355044,-0.2861558
216498,Oligo,-0.014261227,-0.07661257
1007,SMC,-0.049796294,0.3024138
165392,L5 IT,0.048867155,0.08707508
205271,L5 ET,0.34102952,0.028813444
182309,L4/5 IT,0.32130516,-0.042544164
24652,Astro,-0.053389918,-0.111112304
184433,L2/3 IT,0.19760476,-0.25909975
45718,L2/3 IT,0.13263689,-0.19284385
262846,Lamp5,-0.17161874,-0.3908748
84674,L6 CT,0.21080123,0.25733832
148074,L5 ET,-0.19837944,-0.020166315
102150,Oligo,0.032336522,0.36009917
52462,L2/3 IT,-0.025008392,-0.33936635
20770,Oligo,0.05445503,0.24488708
145199,Lamp5,0.3764873,-0.21981528
254529,L4/5 IT,0.09459971,-0.107801236
15569,Vip,-0.12762092,-0.35372525
142335,L5 ET,0.018479872,-0.051502623
191494,Pvalb,0.29754156,0.15244558
145195,L4/5 IT,-0.2765685,-0.1477054
274486,Astro,-0.4641475,0.27424392
45686,L2/3 IT,0.22036277,-0.19967097
124484,OPC,0.066305324,0.4450836
104266,L4/5 IT,0.116404995,-0.17838109
82658,L6 IT,0.1216927,0.0983366
221188,Oligo,0.22891305,0.4578685
221083,Oligo,-0.15066482,-0.15180033
209064,Oligo,-0.04498158,0.38610473
36689,Endo,-0.2011411,-0.26525393
74887,L4/5 IT,-0.22807889,-0.21199757
271138,L5 IT,-0.34754592,0.06545433
210584,Micro,0.024168301,-0.26783222
45384,Pvalb,-0.195839,-0.28099093
207012,OPC,0.06305216,0.3499337
33506,Micro,-0.039164256,-0.02509258
163482,L2/3 IT,-0.2510126,-0.335851
14596,Oligo,0.13736163,0.39097813
1659,SMC,-0.1958556,0.13547203
57205,L2/3 IT,0.11236571,-0.3279154
56166,Astro,-0.02741028,-0.2069791
15550,L6 CT,0.23578094,0.264917
45710,Oligo,-0.013028603,0.37321678
63704,L2/3 IT,-0.110590205,-0.30840382
165586,L2/3 IT,0.32722402,-0.16127941
267845,L6 CT,0.15200554,0.18052074
257974,Endo,0.024207938,-0.18869084
227608,L5 IT,-0.39241478,0.016337924
159738,L6 IT,-0.30064315,0.14205095
77447,L2/3 IT,0.35108095,-0.17510071
125116,L4/5 IT,0.29569584,-0.09454385
87404,Endo,-0.4226538,0.22011122
865,L5 IT,0.2626806,-0.017042138
77463,L2/3 IT,-0.30903086,-0.35724625
232574,Oligo,-0.3283487,0.13295957
279458,Peri,-0.25580835,-0.122242846
182527,Astro,-0.2811399,-0.2943559
13099,L6 CT,0.048900176,0.18500265
89472,L5 IT,0.004263419,-0.089177735
165643,L2/3 IT,0.41647398,-0.14448223
207011,L5 IT,0.3953331,0.059076272
142256,Vip,-0.091726825,-0.3345184
241263,SMC,0.47207505,-0.24949369
142279,L6 CT,-0.05454288,0.18106028
210580,Oligo,-0.27321008,-0.024926014
230287,Oligo,-0.005781364,0.24820778
214745,Peri,-0.15204303,-0.1914447
212972,L2/3 IT,0.20709632,-0.16436261
129124,L5 IT,0.1256306,0.04901948
125126,SMC,0.044222225,-0.4293187
59399,L2/3 IT,0.37046224,-0.18087104
258783,Astro,0.29839927,-0.17971095
110002,Oligo,0.097805426,0.17885783
159817,Oligo,0.20182429,0.41030845
272378,L5 IT,0.1042112,0.12700245
124324,L4/5 IT,0.3042841,-0.039330937
62904,L5 IT,0.087918565,0.08621117
149351,Endo,-0.29479936,0.003935121
250763,Endo,-0.036498945,0.023488931
196024,L2/3 IT,0.21730123,-0.27348635
149314,PVM,-0.24434246,0.22853372
82250,L2/3 IT,0.48741615,-0.13199002
16753,Pvalb,-0.013305109,0.027444564
171038,Endo,0.0065819207,-0.003013797
170827,L4/5 IT,-0.29902655,-0.21950117
18273,L6b,-0.16547637,0.29440317
235329,Astro,0.0074306014,-0.14753819
149259,Astro,0.052081276,0.15799466
124387,Astro,-0.15102549,0.41387448
250759,L5 IT,-0.19983752,0.07457163
163441,L5 IT,0.16415744,0.16766694
97708,Astro,-0.20826687,0.4127513
227787,L2/3 IT,0.02132057,-0.28789008
69539,Micro,-0.15769558,-0.3999259
203372,L2/3 IT,0.20169406,-0.27165613
149282,Endo,-0.0049576876,-0.3897156
149283,L2/3 IT,0.31112343,-0.13398367
280236,Oligo,0.10012446,0.23999408
63726,L5 IT,-0.16654287,-0.099482425
237952,L2/3 IT,-0.24164571,-0.33458683
247480,Astro,0.40039784,-0.1503005
102155,Oligo,-0.07441376,0.11850288
217881,Oligo,0.201573,0.41680726
33389,L5 IT,0.020646084,-0.059688605
129100,VLMC,-0.04986484,-0.4476193
189264,Oligo,0.035483886,-0.029873587
148030,L5 IT,0.22156094,-0.01090724
58868,Micro,0.17347668,0.243301
262179,Astro,-0.35453957,-0.11300079
116999,Pvalb,0.2615503,-0.080629714
123084,Peri,-0.2510026,-0.26607177
152495,VLMC,0.29723084,-0.34240517
192298,L4/5 IT,0.2440692,-0.029844709
130677,L6 CT,0.14596479,0.50398284
95378,L2/3 IT,0.13896357,-0.20796049
90405,OPC,-0.29531112,-0.2744294
43904,L6 CT,-0.042020928,0.2985551
152509,L5 IT,-0.34516555,0.05144175
130699,L2/3 IT,-0.28158823,-0.28567702
264941,Oligo,0.20194606,0.20056382
4181,L4/5 IT,-0.12946068,-0.16692361
222335,Micro,0.1803615,-0.028354712
109212,L5 IT,-0.20752473,0.09746959
97778,L6 IT,-0.14250033,0.21590415
4182,L4/5 IT,-0.22893278,-0.12631306
130712,L5 IT,0.13608609,0.03747549
243348,L6 IT,0.079172,0.17742506
166338,L6 IT,-0.19494857,0.2016485
64630,Pvalb,-0.382334,0.16807273
241210,L6 IT,-0.34483576,0.074709974
238087,L5 ET,-0.07517962,0.03947457
215076,Endo,0.031535257,-0.16086939
230875,L5/6 NP,-0.20239864,-0.007253416
228392,Astro,0.06755434,-0.31227493
22474,OPC,-0.004744303,-0.24039176
169078,L4/5 IT,-0.2893648,-0.16831502
46961,L4/5 IT,0.033318866,-0.08725885
245466,Oligo,0.11800663,-0.40564045
230098,L6 CT,-0.34752026,0.19973448
55584,L6 IT,0.22693716,0.39562574
46939,Micro,0.07490437,0.30412796
122192,VLMC,0.22341667,-0.3772396
219399,L4/5 IT,0.007331598,-0.18943968
802,Endo,0.24713103,-0.15613633
31643,L2/3 IT,0.090793714,-0.276103
230871,Endo,0.031100262,-0.4100064
152424,L2/3 IT,0.14694123,-0.18376523
152429,L6 CT,-0.1422937,0.109329425
239525,L6 IT,-0.10522859,-0.24770889
7603,L5 IT,-0.39811492,0.101755045
216957,L6 IT,-0.093965605,0.08129641
207306,L4/5 IT,-0.04878847,-0.20977673
4185,L4/5 IT,0.030342389,-0.17332444
143748,Endo,-0.233052,0.17781052
194288,L2/3 IT,-0.020099234,-0.21815854
180513,Oligo,0.3163011,0.22812733
45043,Lamp5,-0.2038785,-0.32657057
2795,Endo,0.299757,0.11034503
200969,OPC,-0.43234056,0.25512972
188123,L2/3 IT,0.072046146,-0.3337865
169088,L6 IT,-0.003966373,0.17683974
183533,L2/3 IT,0.19531839,-0.17333096
195507,Endo,-0.2120338,-0.10253204
232049,L6 IT,-0.3316338,0.22781536
207791,L6 CT,-0.20129554,0.16702649
45042,L6 CT,0.096439704,0.28607854
259215,L2/3 IT,0.2257378,-0.26806906
24254,L5 IT,-0.007054281,0.11679151
255338,L2/3 IT,0.31629515,-0.19858265
271479,Endo,-0.28943682,0.022264324
188053,PVM,-0.341982,0.23822293
85534,Endo,0.115599975,-0.2414934
241892,L5 IT,0.1036825,-0.048444577
166380,L2/3 IT,0.13002174,-0.2869199
93719,Peri,0.1054108,-0.08537481
214592,L4/5 IT,-0.13043706,-0.10299442
125835,Pvalb,-0.20806263,0.25525776
96081,Pvalb,-0.17477278,0.22920474
17535,VLMC,0.39833736,-0.28442314
17463,L6 IT,-0.16780426,0.16039523
246954,L6 CT,-0.2390727,0.115079366
152659,L2/3 IT,-0.15468876,-0.27893624
91744,L4/5 IT,0.11234169,-0.14559487
64006,L4/5 IT,-0.2380821,-0.19950733
94017,L2/3 IT,0.28185213,-0.15892169
109187,Oligo,0.09440081,0.36960456
114118,L6 IT,-0.08272807,0.008313976
270172,L5/6 NP,-0.21427123,-0.046691038
38053,L5 IT,-0.024787378,0.07917615
45010,L5 IT,-0.09844796,-0.076212086
200361,L5 ET,0.20732479,-0.0038541928
253944,Oligo,-0.03554852,0.13718352
220810,L5 ET,-0.053829294,-0.013497479
236034,Endo,0.07906453,0.005655907
194294,L5 IT,-0.07051815,0.0100682005
212833,L4/5 IT,0.17038624,-0.11153377
152664,L6 CT,-0.25243434,0.13700548
1265,Oligo,0.10526006,0.22477868
31517,Endo,-0.11645691,-0.09102491
266743,L4/5 IT,0.036825646,-0.16699353
222336,Endo,0.127403,0.21921226
167812,Astro,0.2164139,0.5110329
401,L6 IT,-0.16653864,0.17668453
55918,Micro,0.07078688,0.49650517
52114,Pvalb,-0.09573604,-0.15925124
8349,L6 CT,0.17665558,0.41381595
17689,L2/3 IT,0.37488896,-0.15033126
31549,L6 IT,-0.3884007,0.12737814
195487,L2/3 IT,0.27257377,-0.15570146
232812,L5 ET,0.32093763,0.15347913
165230,L4/5 IT,0.23292314,-0.072310425
3722,L6 CT,0.020103026,0.25347844
130762,L6 CT,0.19957744,0.16302183
81095,L6 CT,0.14067565,0.39254478
225320,L4/5 IT,0.318291,-0.05709956
273160,Micro,0.0980591,0.48725697
247705,L6 CT,0.21746425,0.23166499
100431,Endo,0.112191424,-0.060066737
278685,L4/5 IT,0.0377522,-0.057394393
84198,SMC,-0.31252247,-0.1337826
188058,L4/5 IT,-0.18485235,-0.236188
13193,L4/5 IT,-0.12276469,-0.15570039
26275,Pvalb,0.15097313,0.2242898
31521,L4/5 IT,-0.19714497,-0.21137065
98010,L2/3 IT,-0.28231633,-0.27970275
38005,L5 IT,0.07629077,-0.048881955
125824,Endo,-0.36274552,0.1773797
219314,Sst,0.08881371,0.52985924
252281,L6 CT,0.15447108,0.42397115
259205,L6 CT,0.16489427,0.18622491
234851,L5 IT,-0.21750434,0.0552245
59356,L4/5 IT,0.3625415,-0.075402565
152204,L6 IT,-0.15927733,0.05855628
202590,L6 IT,0.31966692,0.13932112
235321,L5 IT,-0.1828144,-0.0794358
252702,L5 IT,-0.39761242,-0.09858105
65507,L6 IT,-0.4007296,0.11691698
200393,Astro,0.50723505,-0.1794993
117621,L6 CT,-0.23838352,0.1741083
97774,Peri,0.384027,0.022820674
75460,Endo,-0.054543566,-0.41933015
96060,L4/5 IT,0.014103342,-0.16250166
215086,Endo,-0.103385165,-0.034023114
152228,Endo,-0.100778535,-0.2192159
2826,L2/3 IT,-0.1610666,-0.30080172
130542,Astro,0.22852157,-0.30161747
130546,L4/5 IT,0.1252874,-0.11373816
71561,L2/3 IT,0.2550527,-0.27686712
182085,Astro,0.2711023,-0.00018445402
189856,L6 CT,0.1332228,0.2927166
232821,Endo,0.20054929,-0.07212005
143705,L2/3 IT,0.29557812,-0.23594317
143708,Oligo,-0.17323704,0.20794317
181699,Oligo,0.16548203,0.33132836
57275,L2/3 IT,0.20650224,-0.23267868
106028,L5 ET,0.118426725,0.14211354
37840,L5 IT,0.21570466,0.047400616
70643,Oligo,-0.27964148,0.24540147
223119,Endo,-0.17656372,-0.38004914
213955,Endo,0.14160715,-0.1506063
96058,L4/5 IT,0.06515257,-0.113328315
43867,Oligo,-0.14324073,0.16655841
177674,Endo,0.24183552,-0.3593332
182604,L6 CT,0.28010738,0.28656486
231793,L6 IT,-0.14692889,0.2594299
37810,L6 IT,0.0017396393,0.27083907
235703,L6 IT,-0.1626874,0.16081312
77793,Micro,0.046747673,0.15279636
65522,Astro,-0.16365872,0.35735855
211748,Sst,0.16006063,-0.08551795
115221,L6 CT,-0.3808586,0.20386323
152258,Oligo,-0.11190288,0.38616195
251566,Oligo,0.033697713,0.3608522
67559,Endo,-0.038451355,-0.17682624
125759,OPC,0.15928034,0.11507549
211152,Peri,0.34159815,0.06894579
45063,Lamp5,0.3146479,-0.17394528
76503,Astro,-0.027422678,-0.16100344
237286,L6 CT,0.2091919,0.2744622
63360,L6 IT,-0.3954958,0.11141869
152176,OPC,-0.13555662,0.0138922855
188220,L5/6 NP,-0.38255173,-0.022577293
115903,L5 IT,0.10469358,0.09585407
13857,Sst,0.0724995,0.077119194
159259,L5 IT,-0.22122382,0.052058958
1507,L2/3 IT,0.36051625,-0.100463666
89606,L2/3 IT,0.14019983,-0.1783267
249344,L6 IT,0.12669288,0.123379074
226086,L6b,-0.29926193,0.27350214
152328,L4/5 IT,-0.24529757,-0.14958757
224019,L4/5 IT,0.08459954,-0.21019647
93751,Oligo,-0.06829192,0.35608116
15415,L4/5 IT,0.30626398,-0.10016111
22078,L6 IT,0.076579556,0.2104508
46876,Lamp5,-0.013374548,0.10764863
31670,Lamp5,0.21354716,-0.16796347
20331,Pvalb,-0.17146571,-0.07004199
62571,L2/3 IT,0.1884204,-0.17149863
81164,Astro,-0.05154283,-0.39611033
223114,L2/3 IT,-0.16947953,-0.27920613
170632,Oligo,-0.12555923,0.38970664
22075,Oligo,-0.38678417,0.2450206
46902,OPC,-0.47405946,0.28377596
199819,Astro,-0.16613962,0.2446048
194032,Astro,0.095298454,-0.20315552
259201,Endo,-0.07151602,-0.041834094
122227,L4/5 IT,0.2801355,-0.0896268
209184,L4/5 IT,-0.31119913,-0.19543669
562,L2/3 IT,-0.18620123,-0.31814507
115940,L5 IT,0.20791899,0.070253216
254001,L2/3 IT,0.06807946,-0.20492601
31654,L2/3 IT,0.2723813,-0.21004555
152394,OPC,-0.040659647,-0.02094642
37901,L5 IT,-0.18974267,0.0050970837
195513,Peri,-0.18110822,0.20628133
216221,L2/3 IT,0.12888722,-0.20049754
63970,L5 IT,-0.2822048,0.01611831
70075,L4/5 IT,-0.23644082,-0.14898956
171750,Endo,-0.30688643,0.03663107
211753,Micro,0.04580151,0.1148425
16068,L2/3 IT,-0.27791244,-0.3193983
31731,L2/3 IT,0.057621527,-0.29497048
228370,Pvalb,-0.3021587,0.16999325
57889,L6 CT,0.21407716,0.50081897
262904,L5 ET,0.011602033,0.13885704
109275,L6 CT,-0.105292246,0.23072758
254027,Pvalb,0.20441185,0.17553726
75461,L5 IT,0.055485774,-0.04796914
37869,VLMC,0.32384348,-0.33078095
2812,L5 IT,0.14770244,-0.03666074
117633,L4/5 IT,0.12615912,-0.16708484
62574,L2/3 IT,-0.09552576,-0.3502597
37874,L2/3 IT,0.20529012,-0.28060815
185554,L5 IT,-0.3592167,-0.0878304
88804,L4/5 IT,-0.08534677,-0.1532143
4161,L4/5 IT,-0.30902213,-0.20612878
2807,Micro,-0.10581349,-0.057174064
117634,Endo,-0.14972521,-0.15467909
234611,L6 CT,0.06975137,0.26161984
238549,L4/5 IT,0.0129135735,-0.19137797
223115,Pvalb,-0.27637798,-0.06889794
5140,Pvalb,-0.23588027,-0.072320916
31692,L5 IT,0.19117223,0.009852253
210337,L4/5 IT,-0.10410528,-0.14744774
88797,L6 IT,0.29043186,0.24562547
219821,L6 CT,0.15853833,0.4073482
95084,L4/5 IT,0.3817637,-0.114250936
95677,Astro,0.093834504,0.0057936534
125842,SMC,-0.3075847,-0.3030063
146968,Pvalb,-0.47681123,0.2175149
264111,L6 CT,-0.37818262,0.13479438
166492,L6 CT,0.089198634,0.30234674
273638,L5 ET,-0.22809424,-0.045630045
196420,Vip,-0.19222318,0.34330836
130982,L5/6 NP,-0.10871734,0.032928728
231608,L4/5 IT,-0.0595556,-0.21750435
211830,Vip,0.34631586,-0.21592903
198540,Endo,0.10696827,-0.3082923
114057,L6 CT,-0.18385334,0.25645068
47200,Astro,-0.07191853,-0.16393557
11655,L5 IT,-0.360616,-0.09369374
182656,L6 IT,0.13580053,0.16209218
85630,OPC,-0.38619345,0.2534639
198545,Endo,-0.0076825735,-0.33156797
98948,Endo,-0.3501991,0.04089018
2682,L6 CT,-0.26789904,0.08300414
146956,Vip,-0.22137846,-0.23980674
70107,L5 IT,0.027919162,-0.065176435
187922,L2/3 IT,0.3528723,-0.13143972
11062,L2/3 IT,0.3260314,-0.14582661
176132,Astro,-0.02232514,-0.023811586
8164,Vip,-0.24568494,-0.27085015
208297,L5 ET,-0.15402932,-0.0055697337
264765,L4/5 IT,0.33264202,-0.053944476
187936,Oligo,0.17422633,0.3721933
130981,Endo,-0.2816931,-0.05687479
217261,L6 CT,0.18083452,0.5016102
259276,Micro,0.27331316,0.054572843
153012,Oligo,-0.01023994,0.37507322
166473,Endo,0.13364957,0.054443084
226012,Endo,0.23652796,0.23774567
217641,Astro,-0.1423709,-0.23105413
165197,L4/5 IT,0.042472232,-0.1257905
279111,Lamp5,-0.12868111,-0.42407772
241013,L6 CT,0.21239696,0.4521725
121753,L6 IT,-0.21800713,0.17547897
183476,L2/3 IT,0.02971195,-0.3380207
2692,L6 CT,0.15425651,0.31946406
121748,L5 IT,0.2370864,0.038560353
166484,Peri,0.0073112133,-0.39705333
264953,L2/3 IT,0.15216742,-0.29573765
265825,Endo,0.13214783,-0.294616
269800,L6 CT,-0.38704666,0.1018677
153054,L2/3 IT,0.23861413,-0.27017114
109079,L6 IT,-0.3900902,0.14308515
38228,L6 CT,0.19105725,0.42815027
109078,L2/3 IT,0.1730241,-0.2748089
231609,Astro,0.19478433,-0.34319797
250381,Oligo,-0.13078497,0.3368663
80976,Endo,0.067107424,0.21378061
139476,L5 IT,-0.11696021,0.015106045
65437,Pvalb,-0.17550309,-0.35778043
77844,L5 IT,-0.29835433,-0.06475947
270002,L5/6 NP,-0.1762592,-0.056216486
164088,L6 CT,0.21671812,0.37735024
253871,L4/5 IT,-0.27393004,-0.22285104
166516,L6 CT,0.15615217,0.3564712
198558,Micro,0.012369443,0.02543103
243260,L5 IT,0.12949924,0.024838172
88630,Oligo,-0.11740394,0.39885315
131059,VLMC,0.45785373,-0.24810949
2681,Oligo,0.07951634,0.46201572
197196,L5 IT,0.081431136,0.066945575
103870,L2/3 IT,0.10789172,-0.22804794
252683,L6 CT,-0.28737497,0.21021703
159074,Sst,-0.35542226,-0.036131658
230033,Oligo,-0.14405166,0.3699896
262435,Lamp5,0.25735736,-0.16580251
153284,L5/6 NP,-0.36558852,-0.06912158
198585,Astro,0.367684,-0.27210674
60378,Endo,-0.08219065,-0.35351115
139373,L6 CT,0.20883058,0.14671841
236617,L2/3 IT,-0.08993678,-0.36373863
125939,L6b,-0.1372541,0.30134955
5096,L6 CT,0.21047764,0.31611457
184954,L2/3 IT,0.05777048,-0.26452515
4250,L2/3 IT,-0.28529376,-0.320624
71035,Peri,-0.13938133,-0.04031474
201016,Astro,-0.18338253,0.26797506
28067,Astro,0.19336848,0.45932803
67702,L6 IT,0.3002885,0.20824882
36004,L4/5 IT,0.027024854,-0.13760754
117768,Astro,-0.29248175,0.062209927
127329,L2/3 IT,-0.12572445,-0.24279335
139372,L5 IT,-0.29348058,0.103665434
31326,VLMC,0.44298118,-0.25707594
22112,Micro,0.19472717,-0.07711703
206148,Endo,0.25008374,0.034185253
187914,L2/3 IT,0.45286328,-0.14668164
192493,Sst,-0.085010126,-0.18816143
187913,L6 CT,-0.098477885,0.27878967
233106,L4/5 IT,0.36339462,0.00542029
225329,Astro,0.34383094,-0.1262095
121640,Sncg,0.3838811,-0.15216368
80959,SMC,0.41290373,-0.008360304
176138,L4/5 IT,0.18263231,-0.09456573
207066,L5 ET,-0.2968812,-0.03460697
228525,L6 CT,-0.094502434,0.16293249
237560,Oligo,-0.18543984,0.24862084
145418,L2/3 IT,0.26537055,-0.16321656
47226,OPC,-0.19749291,-0.44064218
68711,L6 IT,0.2955767,0.20077446
153204,L4/5 IT,0.20292024,-0.016619302
135178,L6 IT,-0.049545687,0.22901031
265964,L4/5 IT,-0.10568769,-0.1692259
259967,PVM,-0.13078232,-0.013206877
127998,Lamp5,0.010744143,-0.20770147
192499,L5 ET,0.007271934,-0.015200086
232279,Peri,0.17481814,-0.2813904
243199,Endo,-0.0844983,0.116956554
252334,L2/3 IT,0.1051368,-0.22530779
179899,Pvalb,0.0022048536,0.10073765
168963,L4/5 IT,0.09835158,-0.119450636
121622,Peri,-0.289665,-0.07931728
89985,L2/3 IT,-0.2373418,-0.31833383
60890,Endo,0.111960635,-0.07708002
117737,SMC,-0.036176156,-0.44738472
152994,L2/3 IT,0.3075577,-0.22458509
144971,L5 ET,-0.22974114,-0.08163688
105323,Peri,-0.24545343,0.22151425
178751,VLMC,-0.010075372,-0.44211292
121925,L4/5 IT,0.19638292,-0.04564149
114103,Astro,-0.21456645,0.40511498
179660,L5 IT,-0.33273253,0.11133566
139662,L4/5 IT,0.10399799,-0.09158743
105326,Pvalb,0.018968869,0.2436811
218951,L6 CT,0.20831345,0.34073374
139660,L5 IT,0.3820808,0.008283846
175069,L2/3 IT,-0.13942264,-0.27177718
276099,L2/3 IT,0.46373725,-0.14339
243858,Oligo,0.14438818,0.32283106
117706,L2/3 IT,0.076855764,-0.33795434
4205,L6b,0.14416818,0.41092578
125850,Micro,0.24290936,0.09871485
34535,Astro,0.30432963,0.27145258
169016,Endo,-0.04726441,-0.18579027
31444,L2/3 IT,0.12610607,-0.31419757
56312,L4/5 IT,-0.30541104,-0.18681708
152828,Astro,-0.1718448,0.36277243
4207,Pvalb,-0.19939484,-0.17672566
258159,L4/5 IT,0.12200706,-0.21408466
60584,L2/3 IT,0.25132978,-0.21780443
199791,Oligo,0.15420656,0.5218118
169023,L4/5 IT,-0.26459295,-0.17586967
22471,L4/5 IT,0.26746768,-0.06928853
147060,L4/5 IT,-0.37833714,-0.120708056
74227,Oligo,-0.01589946,0.40338454
135112,Oligo,-0.34233427,-0.024179079
99462,Oligo,-0.098207906,-0.006499566
130803,Astro,-0.26286897,0.25256684
199796,L6 CT,-0.31334388,0.0152113065
121983,L5 ET,0.13789831,0.12533757
152715,Astro,-0.009661447,0.09476479
242773,L4/5 IT,0.0589643,-0.15572286
209210,L5 IT,0.15232603,0.07712086
152718,L5/6 NP,-0.3607285,0.049992822
17289,Pvalb,-0.05891941,0.25409326
18145,L6 CT,0.16424172,0.3027629
272649,L4/5 IT,0.12209712,-0.14441663
125860,Endo,0.2385035,-0.34461078
210727,L4/5 IT,0.107796475,-0.18856996
183515,Vip,-0.2142256,-0.3502267
249627,Pvalb,-0.16079898,-0.34688917
31476,Astro,0.110547826,-0.39113775
117688,L4/5 IT,-0.26668555,-0.17989084
67644,Peri,0.31784678,-0.120649375
274806,L6 CT,-0.39684147,0.06571945
112095,Pvalb,0.16348372,-0.20539358
81044,Endo,0.24423455,0.122210525
219107,Pvalb,-0.13248722,-0.30441454
174687,L5 IT,0.32845163,0.05089011
4200,Astro,-0.23759131,-0.119375
89982,L4/5 IT,0.0042267623,-0.15621522
67643,Lamp5,0.19916813,-0.33569223
47104,Endo,0.23230909,0.25273547
217461,L6 IT,0.31295842,0.26284906
10416,Endo,-0.07865097,-0.26693946
8287,L4/5 IT,-0.021397632,-0.14127293
162337,Astro,0.35387242,0.059648
139548,Astro,0.030276049,0.38571563
267810,PVM,-0.1421534,-0.047339655
181599,L2/3 IT,0.33739227,-0.12157256
116028,L6 CT,-0.0640939,0.18301556
267135,L6 CT,-0.28994384,0.09004893
195417,L4/5 IT,0.042731274,-0.09278066
162325,L6 CT,0.22993915,0.4529589
98533,L2/3 IT,-0.023928177,-0.2699664
31373,L2/3 IT,0.03832369,-0.20061105
116029,L6 IT,-0.37471712,0.17019388
160292,Oligo,0.16822098,0.4447479
259272,Endo,0.11381899,0.20591995
15605,VLMC,0.0053317132,-0.43765572
20874,L6 CT,0.08643071,0.17571172
180728,L2/3 IT,-0.073419794,-0.22883877
152979,L4/5 IT,-0.1558577,-0.1700733
279432,Sst,-0.027829628,0.009568952
245056,L6 CT,0.13136928,0.3493648
106631,PVM,-0.025359761,0.12376591
254973,Endo,-0.04444484,-0.107573844
160293,PVM,-0.16832672,-0.02716101
110484,L5 ET,-0.22629316,-0.06349576
24184,L6 CT,-0.253752,0.23848298
57382,L4/5 IT,0.03895061,-0.08557076
62484,L6 IT,0.16236971,0.13586894
236414,L2/3 IT,0.03224318,-0.32458058
9825,L6 CT,0.267667,0.2974625
88672,L6 CT,0.18437521,0.27455673
110474,Sst,0.11331706,-0.22789386
223010,L4/5 IT,-0.21083121,-0.30749768
152872,L4/5 IT,-0.32656994,-0.13140082
127073,Endo,-0.006509435,0.35971317
181626,L5/6 NP,-0.24913456,0.0019553825
270447,L6 IT,-0.024889242,0.2324622
180374,L4/5 IT,0.31038058,-0.058411695
102652,L4/5 IT,0.16226803,-0.033201404
206693,L5 IT,-0.15138648,-0.028080888
38154,L2/3 IT,0.08873443,-0.22712311
135138,L5 IT,0.16767941,0.022609703
1104,L5 ET,0.040005792,0.13154969
277025,VLMC,0.054080833,-0.42848867
152891,Lamp5,0.19856952,-0.24845913
147016,L2/3 IT,0.02604239,-0.24250698
223007,L2/3 IT,0.07139377,-0.31500158
235856,L5 IT,-0.015222084,0.0789304
183493,Oligo,-0.11984523,0.3947446
248266,Oligo,0.019843388,0.37904492
167804,L4/5 IT,0.048847962,-0.17597857
139569,L2/3 IT,0.41830665,-0.16164318
76451,L4/5 IT,0.32854378,-0.02028618
7741,L4/5 IT,0.09928684,-0.13814074
259270,L6 CT,0.1353138,0.5187682
171925,L6 CT,0.27285713,0.18322566
44990,Astro,0.23494808,-0.23899493
38158,L6 IT,-0.20891578,0.21734682
40974,Sst,0.082833394,-0.2865119
202101,Peri,-0.35225436,0.07894828
109314,L6 CT,-0.34834448,0.21829829
69417,L2/3 IT,0.3708775,-0.17767006
34390,L5/6 NP,-0.15056019,0.058044396
140556,Astro,0.13611601,0.19511387
184388,Lamp5,-0.022521596,-0.39539295
11665,L5/6 NP,-0.14656182,0.07502516
125630,Oligo,-0.1865348,0.33818665
13730,L5 IT,0.021226812,0.023182534
234144,L4/5 IT,-0.2403755,-0.18038377
264903,Endo,0.24218677,0.18557337
257779,Endo,-0.16773467,0.039734446
162770,L6 CT,0.16832165,0.37185833
162754,L4/5 IT,0.046302248,-0.18271628
223634,L6 CT,-0.3734954,0.089035176
151176,Sst,0.151188,0.345885
93422,L4/5 IT,-0.21703531,-0.13034624
32139,Oligo,-0.19482504,0.30586985
13547,L6 IT,0.055458594,-0.18623117
56542,L5 ET,0.013327766,0.10291549
100624,L5 IT,-0.018567096,0.03962984
85144,Pvalb,0.007838536,-0.199954
251089,L4/5 IT,0.0069676223,-0.22281703
91497,Astro,0.26723027,-0.12165836
63898,L2/3 IT,-0.14779143,-0.26298192
101307,L5 IT,0.3223616,-0.0876343
116977,L2/3 IT,-0.078842,-0.35329875
226739,Oligo,-0.38084608,0.021320961
147402,Oligo,0.11241941,0.062189303
230155,L6 CT,-0.40091595,0.15408322
106255,L5 ET,0.37461197,0.015841119
27849,VLMC,0.19099216,-0.38967064
143518,L5 IT,-0.36381584,0.077259086
2978,L2/3 IT,-0.059197348,-0.20004135
277754,Oligo,-0.0034722802,0.21319303
201252,Astro,-0.1913084,-0.33386716
2924,Oligo,-0.046328675,0.3376619
151507,Peri,0.17847662,0.3396255
16025,L4/5 IT,0.2526545,-0.09793142
8208,Endo,-0.20605175,-0.23246452
260995,Endo,0.13381897,-0.27663127
130208,L5/6 NP,0.18877445,0.016799442
188424,L6 IT,-0.33778155,0.14369825
198108,L6 CT,0.054184366,0.17148063
54991,L5 ET,0.21696495,0.02782654
252824,L6 IT,-0.36694747,0.104461275
151533,L4/5 IT,-0.1307439,-0.2127221
85275,L4/5 IT,-0.109234914,-0.18194565
56600,Endo,-0.3111459,0.05509027
171535,VLMC,-0.120153084,-0.45518643
241657,L4/5 IT,0.20922934,-0.04930026
166181,L4/5 IT,0.3392471,-0.037955858
27893,L5/6 NP,0.22426878,0.009851716
228245,Astro,0.28517985,-0.30465844
216628,OPC,0.21176963,0.376438
275795,Astro,-0.3928197,0.27857783
216934,L6b,-0.47735748,0.23241886
3371,Endo,-0.32740837,-0.04777176
65632,Astro,0.3992921,-0.19992685
1504,L2/3 IT,-0.17548697,-0.25624993
20347,L5 IT,-0.27120137,0.06854787
198177,Micro,-0.40071136,0.17928192
173976,L6 IT,0.25744718,0.15778169
162730,L6 IT,0.27986044,0.26299122
169263,L6 CT,-0.016156804,0.1694437
125656,Vip,0.30844015,-0.26072428
7592,Peri,-0.12048696,-0.1672014
192103,L6 CT,0.2217813,0.23425362
105167,Oligo,-0.33816314,0.29341957
215221,L5/6 NP,-0.12307496,-0.02979929
215000,L4/5 IT,-0.281888,-0.12949255
272233,L6 CT,0.27543908,0.2738875
128228,Astro,0.068078265,-0.38677076
159349,Endo,0.041449595,0.13606223
73094,L2/3 IT,-0.15491809,-0.38332295
195623,L6 IT,-0.30341673,0.2332162
125659,L5 ET,-0.14538746,0.025268517
72352,Peri,-0.07823925,-0.34414902
244886,L5 IT,0.33727401,-0.011934854
163963,L2/3 IT,0.26438403,-0.16651276
140865,Oligo,-0.05729003,-0.07748521
32126,L6 CT,0.15986739,0.524498
74004,Sncg,-0.15233804,-0.41539755
188410,L4/5 IT,-0.05920435,-0.16290638
75003,Oligo,-0.48666632,0.27887687
190565,L4/5 IT,-0.3452139,-0.13020927
45180,L5 IT,-0.22624464,-0.009431608
171449,L6 CT,0.17234282,0.52861184
140868,L2/3 IT,-0.26073524,-0.26560003
101333,L6b,-0.03141914,0.312354
192076,L4/5 IT,0.06368266,-0.05330146
49267,L4/5 IT,-0.23390992,-0.21872991
11339,L4/5 IT,0.3208096,-0.06460858
56269,L2/3 IT,0.38880295,-0.11554492
232053,Endo,0.01629858,-0.2255669
100671,L6 CT,-0.2767794,0.2042397
278691,L2/3 IT,0.1229841,-0.301846
185848,Astro,0.2760657,-0.20158342
235974,L5 ET,-0.28684688,-0.057911165
183882,L5 IT,-0.17258014,0.05839642
216522,L5 IT,0.098969504,0.08941414
227443,L5 IT,0.28440374,0.063215636
276436,Endo,0.21504508,0.071287714
53474,L6 IT,-0.2951475,0.19275096
246024,L4/5 IT,-0.07758857,-0.22663078
105113,L4/5 IT,-0.1327336,-0.15411481
175976,Micro,0.44933343,-0.21187198
205391,Astro,0.07504015,0.49207094
238044,L4/5 IT,0.35961664,-0.027776636
88946,PVM,0.06881355,-0.034540214
225290,Sst,0.37684,0.00021611899
71647,L5 ET,-0.18385606,-0.026431985
122875,L5/6 NP,0.2294449,0.029128186
192018,L4/5 IT,0.07590042,-0.074457474
166139,Micro,0.15258227,0.2731665
179337,L2/3 IT,0.10816781,-0.262745
251605,L4/5 IT,0.035014678,-0.19040757
81504,Lamp5,0.17019932,0.28007004
171483,L6 IT,0.18970971,0.14559415
85238,L2/3 IT,0.17213975,-0.15428191
122862,L2/3 IT,-0.09168343,-0.3490439
46583,L4/5 IT,-0.30686098,-0.2620258
27879,OPC,-0.098603114,0.28453854
147441,Endo,-0.15404804,-0.3085955
183872,L2/3 IT,0.42039382,-0.14750299
6037,Oligo,-0.40032417,0.28565165
226160,L6 CT,-0.26192167,0.14865533
109510,L2/3 IT,-0.027111601,-0.31356978
216503,L5 IT,-0.19226559,0.14489463
85229,L4/5 IT,0.40202314,-0.018381603
90455,Sst,0.24795137,0.066861294
246454,L4/5 IT,0.25325578,-0.06656066
174670,L6 CT,0.18644653,0.51173204
106040,Peri,0.04560684,-0.3676869
208969,L6 IT,-0.01368947,0.17532727
78565,Pvalb,0.16541938,-0.07521657
105120,Endo,0.113530084,0.06758305
192012,L5 ET,-0.3065549,-0.042349048
242134,L6b,0.0038863602,0.35668465
85210,L4/5 IT,-0.23079713,-0.13869047
203663,L2/3 IT,-0.062232535,-0.33415166
218556,Vip,0.20319079,-0.23645929
277620,L5 IT,-0.3345465,0.058026932
175154,L2/3 IT,-0.17303135,-0.36709604
61806,L4/5 IT,-0.104954526,-0.114121385
254203,L6 CT,0.2884851,0.2215083
32295,L6 CT,0.13489036,0.231572
63090,Oligo,0.28825206,0.13291761
268965,Sst,-0.039214086,0.077658735
4090,L5/6 NP,-0.35700297,0.052826844
130122,L5 IT,-0.24550967,-0.10519073
26083,L6 CT,0.22085069,0.49961045
245043,L5 IT,-0.097984776,-0.03259615
100654,Pvalb,-0.25956494,-0.07320271
237276,VLMC,0.13334702,-0.41288495
22042,L4/5 IT,-0.047050577,-0.0894208
37559,Oligo,-0.34735787,0.2827163
147435,Endo,0.22327958,-0.09268067
215455,L2/3 IT,0.12971441,-0.17056414
223617,Endo,-0.18346311,-0.44119152
228207,OPC,-0.01907314,-0.30273977
19384,L5 IT,-0.17805888,0.043610536
3579,L6 CT,0.06261264,0.3134518
245275,L5 ET,-0.1411538,-0.07242442
243978,L4/5 IT,0.2675082,-0.057193555
81521,Oligo,-0.20206194,0.23783341
162800,L4/5 IT,0.13529341,-0.032296486
37590,L6 CT,0.06632076,0.23030266
147418,L2/3 IT,0.19231646,-0.27868274
188448,Astro,0.075159475,0.23381433
57850,VLMC,-0.015363913,-0.43826887
151215,Oligo,-0.057024162,0.27069667
81455,L2/3 IT,-0.06566669,-0.3794171
184757,Lamp5,0.06991635,-0.26419905
225142,L6 CT,-0.042593222,0.1679878
95130,L4/5 IT,-0.26075327,-0.1749194
228226,L4/5 IT,-0.031638842,-0.1272454
200918,Astro,-0.10454236,0.32284775
90448,L2/3 IT,-0.21731348,-0.32483587
151198,L5 IT,-0.19604982,0.15314105
69656,Astro,-0.2065355,0.16615883
198052,Micro,-0.33151028,0.07814946
26101,L4/5 IT,0.18368922,-0.13735962
1505,L6 CT,0.18372075,0.15547743
191993,Astro,0.029622842,-0.3003994
134168,L2/3 IT,-0.053958874,-0.3177586
261006,SMC,0.46900356,-0.24316558
46601,Endo,0.3721149,-0.011303671
42940,L4/5 IT,-0.01049019,-0.13497859
169770,L5 IT,-0.13737766,0.07472237
140804,L2/3 IT,0.16725694,-0.21762568
36171,SMC,0.4697395,-0.2370269
98864,Oligo,-0.109848395,0.33826974
113090,L2/3 IT,-0.09759186,-0.28227606
37579,Oligo,0.094793186,0.37998953
102389,OPC,0.21177219,-0.08956585
233000,L6 IT,0.008727182,0.12169453
68932,L6 CT,0.26328695,0.26192567
32226,L2/3 IT,-0.10391571,-0.34546712
122921,Oligo,-0.29663238,0.2793894
116979,Astro,0.16734521,0.48447546
70645,L4/5 IT,-0.18360777,-0.15396503
162816,L6 IT,-0.048703086,0.23268685
178229,Oligo,-0.43930754,0.21188179
205207,Endo,0.3659975,0.025084667
216280,Oligo,-0.098903105,0.4066837
174343,PVM,0.037248243,0.011955015
140634,L2/3 IT,-0.14144059,-0.34362116
72219,L5 IT,-0.226139,-0.07422043
151687,L4/5 IT,0.124837145,-0.088390894
21685,L4/5 IT,-0.19587038,-0.19966808
122658,L2/3 IT,0.024244238,-0.2986894
188275,L2/3 IT,0.16504167,-0.23290524
231635,L4/5 IT,-0.15008478,-0.24517497
198267,Pvalb,-0.12857713,-0.13982949
15683,L4/5 IT,0.28168428,-0.044446506
140286,Lamp5,-0.22453766,-0.28833333
61726,L4/5 IT,-0.047856074,-0.12390245
176033,L2/3 IT,0.24581973,-0.11777169
270779,Oligo,-0.22545566,0.26171902
218845,L2/3 IT,-0.020815145,-0.20442584
233577,Peri,-0.08563246,-0.043940164
151941,Oligo,-0.3632185,0.19759688
201711,Pvalb,0.14784162,0.17234549
17406,Oligo,0.08735232,0.4642941
241261,L2/3 IT,-0.054697137,-0.2336655
181743,Endo,-0.1195014,0.115548156
280325,L5 ET,0.14720379,0.022761457
271072,Sst,0.3162744,0.1676245
89579,Astro,0.022310901,-0.22529525
100554,L6 IT,0.30546796,0.07839557
45085,L6 CT,0.28373075,0.2120519
46508,L6 CT,-0.07286079,0.1262376
168098,L5 IT,-0.3293687,-0.0932397
122516,L4/5 IT,0.1427338,-0.079503365
268714,L4/5 IT,0.11896716,-0.12857625
264775,L6 CT,0.31641972,0.20226267
257712,Pvalb,0.24983029,-0.27413997
236652,L6 CT,0.1710987,0.3511705
143634,L6 CT,0.19603674,0.3199105
85389,Endo,0.27762157,-0.0023033395
101343,Oligo,0.19289474,0.17841688
31958,Astro,0.2674216,-0.35705173
203551,L6 IT,-0.28420937,0.03885015
223843,L2/3 IT,-0.082756534,-0.2808908
16715,Astro,0.089530215,0.101337396
72166,L4/5 IT,0.15792398,-0.055771656
194277,L6 CT,-0.31891733,0.2249259
234566,Oligo,-0.2448876,0.16501203
12184,L5 IT,-0.23177896,0.005339287
162653,L6 IT,-0.096836194,0.04093661
271762,L5/6 NP,-0.022346627,0.13964239
37743,L2/3 IT,0.35166186,-0.115250625
122529,Pvalb,0.30009007,-0.01579661
42796,Endo,-0.2040918,0.27599534
234023,L5 ET,0.10505311,0.13794962
114229,L6b,-0.07269712,0.3073952
101950,L2/3 IT,-0.17595436,-0.31220144
46750,L5 ET,0.3527646,0.07367071
262784,L6b,-0.49139714,0.22303018
81328,Endo,0.062183846,0.29098585
37771,L4/5 IT,0.03119563,-0.14691332
249204,Sncg,0.37865716,-0.10732529
98887,L5 ET,-0.18763043,-0.055412896
70799,L6 IT,-0.32129613,0.18256184
100547,L2/3 IT,-0.09379737,-0.30364004
104308,OPC,0.39725316,0.0066230223
77785,Pvalb,0.13652204,-0.26828626
37419,L6 IT,0.29865903,0.18082276
115889,L5 IT,0.3271116,-0.04613126
173760,L2/3 IT,0.01475637,-0.33412167
197259,L5 IT,-0.31819326,0.03886982
56282,Astro,0.06969236,0.20567366
53545,Oligo,-0.17463131,-0.19460922
68793,L6 IT,0.06402616,0.18538561
205001,L5 IT,-0.3935035,0.12762377
179767,L4/5 IT,-0.38274914,-0.11755163
91585,L4/5 IT,0.24304979,-0.058474965
2086,L4/5 IT,-0.2774371,-0.30138192
177732,Astro,0.082661554,0.11474951
241069,L2/3 IT,-0.15052672,-0.31877697
24392,Oligo,-0.15897869,0.3458068
49302,L2/3 IT,-0.012790095,-0.2087366
141000,L2/3 IT,0.12336014,-0.32779738
52171,Oligo,-0.21861498,0.311628
122438,L6 CT,-0.39836365,0.13203964
271705,Endo,0.27839053,0.23329881
234510,L5 ET,-0.2702251,0.0005534813
205415,VLMC,0.3793928,-0.29306945
205185,Sst,0.14839254,-0.2113466
280152,L6 CT,-0.30518326,0.08411678
168101,L2/3 IT,0.07671665,-0.25388417
67526,L5 IT,0.31005657,0.039410077
10699,L5 ET,-0.03853638,0.0053366646
130455,Astro,0.26660895,-0.09405158
249688,L6 CT,-0.29044935,0.10972538
162623,L2/3 IT,0.44033492,-0.14357185
258293,Peri,0.07167272,0.09698125
164701,Oligo,-0.3303021,0.29318228
152011,L4/5 IT,-0.21046479,-0.20799637
81267,L4/5 IT,-0.006147903,-0.16014743
123061,Pvalb,-0.16671361,0.15371159
256146,L4/5 IT,-0.29089934,-0.25345436
100549,Oligo,-0.37323177,0.29129514
35267,L4/5 IT,0.044865895,-0.06771649
152030,L6 CT,0.19299226,0.33831927
195565,L6 CT,0.18134837,0.20137247
6093,Peri,0.04214846,0.3879126
247405,L6 IT,0.30926657,0.2569687
25118,L2/3 IT,-0.08735563,-0.21972609
140237,Micro,0.102028474,-0.056459762
173782,L4/5 IT,-0.21214499,-0.16388819
151882,Oligo,0.040798474,-0.17536041
256986,Oligo,-0.39886552,0.19881788
32033,L6 CT,0.13437353,0.28057304
181772,L2/3 IT,0.37200338,-0.10281185
32367,Sst,-0.29310447,0.26415774
178268,Astro,0.38203728,-0.24602172
37675,Pvalb,-0.15917723,0.13470754
81376,L6 CT,-0.02814911,0.20907643
228287,L6 IT,0.072228655,0.14113316
78824,L2/3 IT,-0.0006334302,-0.2971985
94592,L5 ET,0.33662552,0.037857912
140402,L6 IT,0.08543758,0.11139204
166081,Endo,0.17352097,-0.21962062
262361,Endo,0.019915689,-0.26818922
5197,L4/5 IT,0.32359266,-0.04361538
60731,L6 CT,0.1974368,0.35294065
258597,L2/3 IT,0.16436695,-0.2718497
198230,Endo,-0.044175636,0.04800906
179452,L6 CT,0.1587374,0.2756485
106824,L5 ET,0.0149307735,0.08574291
32405,L6 CT,-0.25668555,0.27062038
85364,Endo,-0.07017012,-0.21734074
268333,L4/5 IT,0.075756475,-0.103062935
37672,L4/5 IT,-0.011387061,-0.23276618
151768,L4/5 IT,-0.1467361,-0.092367865
53516,L4/5 IT,0.1764218,-0.07044483
122997,Oligo,-0.0760964,0.39763984
50155,L2/3 IT,0.1792138,-0.14108428
84238,L6 IT,0.31227762,0.105213545
114247,L6 CT,0.000793505,0.28372303
233391,Endo,0.36295635,-0.26244375
213291,Astro,-0.15256651,-0.29264987
78554,L6b,-0.12222563,0.30382767
159437,Endo,-0.32705918,0.018316291
6067,Endo,-0.40393168,0.28459737
244887,L2/3 IT,0.18292825,-0.20350176
74720,L6 CT,0.10613702,0.20581028
184767,SMC,-0.19660203,-0.2246345
169775,L2/3 IT,0.023037363,-0.20393735
7593,L2/3 IT,0.07022832,-0.13351664
170099,L2/3 IT,0.25432807,-0.19316435
63919,Astro,-0.06486927,0.00787016
205896,L6 CT,-0.32277894,0.11834111
254897,L6 IT,-0.4117942,0.19827631
249869,L5 IT,0.22233908,0.014548413
98853,L6 CT,0.23436801,0.45736256
128286,L5/6 NP,0.05727445,0.13131014
91432,L4/5 IT,-0.21287806,-0.27205822
269081,Astro,0.07064919,0.5034317
173288,Endo,0.38899916,-0.14347655
20589,PVM,0.04473411,-0.0058729723
49235,L5 ET,-0.034068625,0.06111761
81339,Astro,0.108658776,0.50076044
128205,Vip,-0.08851381,-0.33593264
27933,Astro,-0.18221389,-0.014871277
14205,Endo,-0.0287535,-0.4027357
134986,Astro,-0.18399014,0.29695347
88967,L5 IT,0.20124184,0.052314304
37726,L2/3 IT,-0.19488029,-0.36683485
76558,L4/5 IT,-0.2688665,-0.22058502
159314,L6 CT,0.16427921,0.5073831
173978,Pvalb,0.027031828,-0.22346899
201728,L5 ET,-0.20612137,-0.032576837
171636,L4/5 IT,0.2821042,-0.033428945
21754,L6 CT,-0.27336228,0.15636912
254102,L2/3 IT,0.34292412,-0.17207661
236015,L2/3 IT,0.28572756,-0.13258997
71784,L5/6 NP,0.34740293,0.054961286
88968,OPC,-0.19134171,0.06468328
195715,L2/3 IT,0.14106987,-0.21295643
188318,L6 CT,0.101533815,0.17769131
122559,OPC,-0.38871285,-0.015371032
52183,Endo,-0.07938205,0.2437562
197285,Astro,-0.1887698,0.058479093
24323,L5 ET,-0.36598086,-0.025630213
42818,L6 CT,0.16288672,0.29040644
7434,Endo,0.11689614,0.4384686
147309,Endo,0.11222981,0.13654783
183566,Oligo,-0.48717597,0.29799846
254902,Sst,0.4185608,0.08378234
37693,PVM,0.040783394,0.0034402832
151788,L6 CT,0.16578846,0.41070464
26174,L5 IT,-0.13504978,-0.067865886
42825,L6 IT,0.07847981,0.23045984
234910,L4/5 IT,-0.2352537,-0.1453647
181114,L2/3 IT,-0.00908507,-0.3001112
271704,L4/5 IT,0.073178634,-0.21352151
4136,L2/3 IT,-0.035872858,-0.35215563
252248,Oligo,-0.11646567,0.28808132
