,cell_class,coord_X,coord_Y
94494,L6 IT,-0.029544987,0.29249528
245589,L4/5 IT,0.07479479,-0.22144601
113798,Oligo,-0.17537975,0.34148404
15435,L5 IT,-0.039020278,-0.3219345
7019,L2/3 IT,0.2765303,0.47056076
192236,Peri,-0.12533057,0.28290114
94495,Lamp5,0.3220528,-0.037106626
61218,L4/5 IT,0.056950353,-0.24850312
85692,PVM,0.35695,0.30727246
207496,L2/3 IT,0.2450749,0.029658325
85377,L6 IT,-0.122937866,-0.20200756
65539,Pvalb,0.21535417,0.46076104
139449,L6 CT,-0.09352825,0.24474183
214809,L6 CT,-0.17134252,-0.3324815
140104,L2/3 IT,0.1944122,-0.10037591
94451,L6 CT,-0.13864252,0.15505376
192482,L2/3 IT,0.29676965,0.19439098
140212,Endo,0.32376114,0.41345337
38290,Endo,-0.43218228,-0.31004432
173610,L6 CT,-0.2803203,-0.42972437
139397,L2/3 IT,0.2167618,-0.00042050332
50983,L2/3 IT,0.13878009,-0.37518206
85446,L6 CT,-0.12967703,-0.099208586
265555,Oligo,-0.1936644,-0.021751516
140216,L2/3 IT,0.2869002,0.39890113
246974,Pvalb,-0.11061365,-0.19103107
226093,L6 CT,-0.095076896,-0.22237912
4243,L6 CT,-0.17499825,-0.0052457377
139381,L5 IT,-0.044431902,-0.15209612
114193,Astro,0.06738921,0.25882134
221649,L2/3 IT,0.13948146,-0.43132722
51185,L5 IT,-0.0352569,-0.3580383
140276,VLMC,0.37420914,0.45816848
85419,Lamp5,0.06694897,0.3064519
271505,L4/5 IT,-0.010717906,-0.31334475
192226,L4/5 IT,0.091123365,-0.23635069
221706,L5 IT,0.10217174,0.40832844
85428,Oligo,0.004294537,0.12025026
140130,Astro,-0.22162622,0.004682906
265561,Pvalb,-0.25700924,-0.4225532
192190,L2/3 IT,0.28695598,0.29994294
9217,L4/5 IT,0.08308568,-0.12730363
139441,Astro,0.29224566,0.18399611
114191,L6 IT,-0.18625608,-0.1725235
620,L4/5 IT,0.16084567,0.1945341
65435,L5 ET,0.025582515,0.06259731
38200,Astro,-0.24596462,0.19934943
18729,L5 ET,-0.018449225,0.19617936
140356,SMC,0.0001688227,-0.24291727
139816,L2/3 IT,0.14740464,-0.3961825
139810,Oligo,-0.15280083,-0.0054934546
260625,L2/3 IT,0.086686514,-0.4088748
51022,L4/5 IT,0.19398317,0.27845386
173578,L4/5 IT,0.02436813,-0.3864572
74060,L6 IT,-0.3401832,-0.37818047
38162,L5 ET,-0.031982757,0.21588597
65467,L6 CT,-0.0598192,0.30576453
85538,Oligo,-0.20663112,-0.2525175
61184,L6 CT,-0.11790482,0.31685367
10216,L2/3 IT,0.2528477,-0.063637756
173603,L5 IT,-0.04264126,-0.28389147
13987,Astro,-0.24568036,0.14661184
192384,L6 IT,-0.3864092,-0.36963588
256237,Oligo,-0.21186721,0.3759642
65452,L4/5 IT,0.01721903,-0.39514145
65451,Endo,-0.05269233,0.19065836
265518,Endo,0.021761917,0.056391574
192398,Astro,-0.22328302,-0.059554838
210294,Endo,-0.13170588,-0.422291
114041,Endo,0.23322931,-0.003555052
114060,L6 IT,-0.40841058,-0.42123294
51025,Oligo,-0.117617466,-0.10386001
139632,Astro,0.0033140406,0.41206583
173592,Endo,0.024785124,0.20542005
239889,L2/3 IT,0.17879608,-0.18964121
139831,Micro,-0.13284725,-0.021372251
271529,Pvalb,-0.067071535,-0.25507262
37981,OPC,0.267395,0.21445712
113842,L2/3 IT,0.2741376,-0.039603643
192476,L6 CT,-0.2060729,-0.3320351
38263,L5 IT,0.11759063,0.41875282
15416,L6 IT,-0.17945844,-0.36294362
114167,L6 IT,-0.22859186,-0.26468623
139455,Endo,-0.08297757,0.2626727
232103,OPC,0.2795935,0.37153795
139997,Astro,-0.08954144,0.4493588
71227,OPC,0.17986318,-0.109674476
85462,PVM,-0.12888041,0.39531836
139618,L4/5 IT,0.059493206,-0.28803322
85465,L4/5 IT,0.18897662,0.3780063
139980,PVM,-0.15628615,0.38759384
139979,L6b,-0.22756317,-0.115203224
139972,Pvalb,0.23459277,0.32535705
139475,Astro,0.09814193,0.045031466
226070,Micro,0.05297347,-0.30562732
201075,Micro,-0.20791969,0.03476549
51115,VLMC,0.29114142,-0.31874993
139904,Astro,-0.22144693,0.2705374
139501,Pvalb,0.22281024,0.29188058
74099,Oligo,-0.023456074,-0.22697356
265541,L2/3 IT,0.06782689,-0.37768707
113899,L6 IT,-0.28719926,-0.4308269
139867,VLMC,0.3747197,0.46327356
207505,L5 IT,0.1141608,0.37312564
260634,VLMC,0.3846902,0.55668277
37973,L6b,-0.21679047,-0.05759322
113949,L6 CT,-0.06684206,0.06574429
140097,Astro,0.07726099,0.4685698
201037,L6 IT,-0.15416858,-0.016976796
225186,OPC,0.2553738,-0.3863602
226125,L6b,-0.25534153,-0.15106085
94652,L6 IT,-0.10555781,-0.23162013
191821,L6 CT,-0.15886053,0.36747983
65700,L6 IT,0.05688008,0.40251198
4054,Endo,0.13905743,-0.27230844
216901,OPC,0.31832775,0.253365
94653,Oligo,-0.13415647,-0.067447744
181134,L6 CT,-0.06124232,0.3651664
269842,L4/5 IT,0.1679978,0.3869374
113127,L2/3 IT,0.1497697,-0.27285865
273795,Endo,-0.020559467,0.36643735
37206,VLMC,0.30095014,-0.2852748
214460,L4/5 IT,0.17635682,0.30297396
271458,Astro,0.21339372,0.22443745
141395,Peri,-0.27546626,-0.3039746
37192,L2/3 IT,0.28410086,0.3402941
37189,Astro,-0.1665586,0.38937297
141424,Oligo,-0.028595842,0.4726074
249650,Endo,0.13660452,0.43776795
15477,L5 IT,0.09078475,0.39540341
181138,Oligo,-0.31859744,-0.25369778
7125,L5 IT,0.072248004,0.22586605
61066,L2/3 IT,0.25868407,-0.11738225
113186,Oligo,0.08185669,0.22552559
265633,Peri,0.15481552,0.09045754
37365,L4/5 IT,0.11436298,0.08160386
141156,Oligo,-0.09115172,0.16040799
94620,Lamp5,0.24581358,-0.14323881
37317,L2/3 IT,0.27706364,0.13716069
207457,Micro,0.13380513,0.08827642
113147,L6 IT,-0.14820036,-0.22447714
141282,L5 IT,0.008281849,-0.22934905
177151,L6b,-0.24485165,-0.13432977
37299,Endo,-0.062058605,-0.4181752
85029,L2/3 IT,0.28503248,0.13008592
141260,Endo,0.32491216,0.3207381
61067,L2/3 IT,0.24722198,0.21407178
191831,L5 IT,0.06290754,0.015795805
173487,VLMC,0.36884442,0.43657216
141268,L4/5 IT,0.080598675,-0.30943063
94634,L4/5 IT,0.16133854,0.16541108
141252,L5/6 NP,-0.13980731,-0.39502883
273808,L5 IT,0.053758346,0.31467023
65725,L5 ET,-0.112125374,-0.38541937
74148,L6 CT,-0.12210191,0.31874385
11698,Peri,0.1935027,0.3942708
278707,L6 IT,-0.019669212,0.4713954
141734,L6 IT,-0.07504473,0.070230044
273838,Oligo,-0.25636217,0.31665173
94721,Oligo,-0.13215631,0.17082205
221524,Oligo,-0.24973464,-0.1821611
84827,L4/5 IT,0.12558272,-0.107468896
51621,Endo,-0.34151903,-0.41965505
141686,Micro,0.13837,0.40919402
36997,L4/5 IT,-0.017369308,-0.40277237
65801,L5 IT,-0.08645994,-0.010111384
141772,L6 CT,0.03169497,0.337512
74167,L5 IT,0.079048716,0.17201814
276775,Astro,0.0131891,0.39013353
141817,L5 ET,0.03545382,-0.13162443
141825,Endo,0.18279806,-0.03600227
173380,Oligo,0.12692651,-0.093727104
3980,Endo,0.27638683,-0.19022271
179803,Endo,-0.030345298,-0.3132783
113024,Oligo,0.035151206,0.26395372
249644,Astro,-0.19104975,0.14654854
141669,L6 IT,-0.08844853,0.1370363
255977,L2/3 IT,0.17312184,-0.25608686
173436,L4/5 IT,0.10217043,-0.21420729
4039,Endo,-0.18126225,0.24492046
141470,Oligo,0.1684101,0.17817
237647,L6 CT,-0.035879053,-0.0025943741
181149,VLMC,0.33034554,-0.13040623
12272,L5 IT,-0.008182563,-0.010542683
51543,L6 CT,-0.04368279,0.4343017
218501,L4/5 IT,0.044058464,-0.35328132
84892,L6 IT,-0.5515211,-0.4244491
637,L4/5 IT,0.17087772,-0.0030016825
207423,Astro,0.19769207,-0.19399759
74159,Oligo,-0.10346512,0.105558254
141601,Micro,0.07368847,-0.046549283
191720,L5 ET,0.035198115,0.0077725723
255956,L2/3 IT,0.19137749,0.060098864
141619,Peri,-0.33522063,-0.40775922
113030,L6 CT,-0.111727394,0.3070995
141668,Oligo,-0.30778486,-0.16734684
191902,Oligo,-0.2764937,-0.17217907
245550,Peri,0.21196982,0.25443622
37380,Oligo,-0.29894647,-0.18946907
210441,Endo,-0.46619907,-0.3754406
210389,L2/3 IT,0.18508962,-0.1993165
260713,L2/3 IT,0.18445638,-0.2909089
192077,L2/3 IT,0.19006631,0.25681183
37625,L5 IT,0.08632853,0.37630686
140531,L6 IT,-0.18506998,-0.24738386
15442,Endo,0.08717873,-0.2035596
140569,VLMC,0.34108815,0.09088216
85271,L6 CT,-0.14032245,0.19319996
221630,L6 CT,-0.17274153,-0.31891865
192537,Oligo,-0.21976036,0.07247452
140586,Oligo,-0.24485856,-0.052368574
65591,PVM,0.26228192,0.30943623
113498,Astro,-0.065663435,-0.055210732
113497,L6 CT,-0.10442761,-0.00045787543
85257,L5 ET,0.062433742,0.075518705
65600,PVM,0.25091204,0.075144745
140660,L5 IT,-0.003863074,-0.10280012
140675,L2/3 IT,0.19242766,0.0656176
181076,Oligo,-0.11426125,0.30538872
177133,Endo,0.35029808,0.17841825
243987,L5 ET,-0.024693765,-0.020510934
85310,Vip,0.1601465,-0.33940768
221641,Peri,0.20116755,-0.2507715
260681,Endo,0.16254851,0.14617303
113667,Astro,-0.55952245,-0.3638723
192121,L6 IT,-0.09208996,-0.061073087
72873,L6 CT,-0.0671672,0.46999142
192116,Oligo,-0.062226094,0.27697763
72872,L6 CT,-0.04719416,0.18011096
192107,Pvalb,0.09102871,0.072734274
192095,Oligo,-0.23501241,0.0013186112
226132,Oligo,-0.20911145,0.3001401
210374,VLMC,0.3609285,0.3087562
85326,Oligo,0.22109613,-0.31551173
113627,Micro,0.2209765,0.117807604
113608,Peri,-0.24034256,-0.41981992
37639,Peri,-0.2603525,0.2933013
65552,L5 IT,0.15400067,0.3662826
140473,Pvalb,0.19978836,-0.012272708
61116,L5/6 NP,0.078991614,0.2064096
85330,Pvalb,0.21584919,0.3471187
233811,Peri,0.020938836,-0.3747641
140710,L4/5 IT,0.1525599,0.20006368
140723,L6 CT,-0.19641864,-0.032172017
626,PVM,0.1924006,-0.4189656
256053,Endo,0.0156194195,-0.4000882
37461,L6 IT,-0.010218479,0.27728274
238966,L5 IT,0.11125501,0.13950762
173498,Sst,-0.079412945,-0.38955414
140942,L2/3 IT,0.1986539,-0.37594715
226198,Oligo,-0.123331495,0.2786903
256049,Oligo,-0.18374127,0.1470938
279651,L4/5 IT,0.18586734,0.20763162
65649,L6 CT,-0.20668426,-0.3138114
9202,L5 IT,0.04816606,0.1432921
85111,L4/5 IT,0.14014772,-0.009965561
113280,L6 CT,-0.11522598,0.01893539
140960,Astro,-0.45284858,-0.3204868
140976,L2/3 IT,0.15250215,-0.07199236
37406,L4/5 IT,0.14032021,-0.020254336
9200,Pvalb,-0.082741536,-0.3791306
141053,L5 IT,-0.14123169,-0.2767366
61078,Pvalb,0.02897694,0.44406924
51376,L6 CT,-0.014015771,0.3743854
7084,L4/5 IT,0.1573576,0.18769553
85158,L6 IT,-0.05564276,0.056065388
235558,L4/5 IT,-0.026753105,-0.34224114
237604,Lamp5,0.3604987,0.51021236
140764,Oligo,-0.18490973,0.29345533
140765,Oligo,-0.2609795,-0.0069195554
140777,Astro,-0.18060875,0.29588512
20713,Micro,0.12780347,-0.39939296
201216,L2/3 IT,0.25030985,0.36542913
246987,L4/5 IT,0.12564251,-0.08370095
113408,Oligo,-0.17491215,0.24750295
51352,L6 CT,-0.035807945,0.27996227
236669,Peri,-0.17000991,-0.24264726
216926,L6 IT,-0.30619633,-0.31682438
94570,Oligo,-0.46253464,-0.31508133
51353,OPC,0.130645,0.2169036
51356,L6 IT,-0.010306753,0.015392847
10252,OPC,0.32929733,0.5603611
140831,Oligo,-0.24277222,0.10926203
140833,L2/3 IT,0.1512241,-0.1559371
191964,L4/5 IT,0.0023580417,-0.37784243
260761,Peri,0.19653109,0.374162
65585,Oligo,0.31770048,-0.01078888
10173,Endo,0.10306927,-0.06005775
216989,Astro,-0.15985039,0.042993583
246816,L6 CT,-0.07294551,0.42196593
39477,Oligo,-0.23990783,0.008784451
15238,Oligo,-0.34653404,-0.2887918
50371,L2/3 IT,0.16170773,-0.36007413
277697,L6 CT,-0.029481508,0.48261514
273416,L4/5 IT,0.033110462,-0.41862047
217137,L4/5 IT,0.14599141,0.18472567
65035,Astro,0.29471245,-0.13510308
137231,L4/5 IT,0.0660068,-0.40129706
86479,Endo,-0.24688134,-0.2617419
15245,OPC,-0.022759952,0.46047238
115379,L2/3 IT,0.31114247,0.48438272
73946,SMC,0.07653298,0.19499305
137247,Endo,0.055653,-0.30125752
256589,L2/3 IT,0.15421,-0.3215857
137270,OPC,-0.34044707,-0.28147313
277696,Oligo,0.12838265,0.18733278
137148,L4/5 IT,0.011658512,-0.4047587
193292,Astro,-0.20926696,0.34669188
193296,Oligo,-0.20641044,0.08422015
115460,Oligo,-0.21533152,0.06677575
136896,L4/5 IT,0.12418308,-0.21011364
136926,L6 IT,-0.08906729,-0.12928367
136932,L6 CT,-0.2723019,-0.22943127
180823,Oligo,0.01918032,0.40238866
193345,L6 IT,-0.031449534,0.02799616
235842,L6 IT,-0.13816062,0.12694106
39517,L5 IT,0.12725255,0.3706942
115494,Micro,-0.18248215,-0.15284967
273427,L6 CT,-0.28867432,-0.3235199
256612,Oligo,-0.045828976,0.3968034
115471,OPC,0.2554452,0.30103603
225601,Micro,-0.10219333,-0.20274016
137037,L2/3 IT,0.22658959,0.23749968
193307,L6 CT,-0.16751549,-0.06070151
86535,Astro,-0.005106248,0.27729866
39489,Oligo,-0.23196855,0.06625084
137095,L6 CT,-0.35431412,-0.39557448
237468,VLMC,0.35780582,0.24389836
209974,L4/5 IT,0.19768593,0.46462163
225590,Oligo,-0.18038958,0.3734385
86454,Astro,-0.23559394,0.37701902
137324,Oligo,-0.15416819,0.1715214
233852,PVM,0.19030139,0.35459217
137543,Astro,-0.16241226,0.35957792
137544,Pvalb,0.007954679,-0.14841941
200580,L6 IT,-0.20244956,-0.1713455
137554,L5 IT,-0.0160527,-0.08412587
65086,L5 ET,-0.016115405,0.44557127
94015,Micro,0.079590105,0.23568925
260411,L6b,-0.40130806,-0.34321484
39230,Oligo,-0.2550467,-0.030644976
20528,Endo,0.07642897,0.27673092
200587,L6 CT,-0.029229857,0.15531936
39222,L4/5 IT,0.0828326,-0.3195199
137620,Vip,0.0013188347,0.08757303
256536,L4/5 IT,0.052647553,-0.3286873
39218,Oligo,-0.2371819,0.28282216
193147,L2/3 IT,0.28737774,0.0680253
137642,SMC,0.17385861,0.35277084
193171,Oligo,-0.23758814,0.09130583
225665,Astro,0.27622464,0.32970545
20517,L2/3 IT,0.22472212,0.051895656
86376,L5 IT,0.019883178,-0.00426697
273440,Oligo,-0.3212314,-0.24068788
234832,L2/3 IT,0.1734682,-0.06598278
86431,L4/5 IT,0.18231663,0.095530845
193219,L6 CT,-0.20106333,-0.08030211
71304,L6 CT,-0.06559209,0.11761496
193218,Endo,-0.2945929,-0.28943783
39369,L6 CT,-0.10170034,0.2557253
6891,L6 IT,-0.07167239,-0.14700729
86447,Astro,0.21731672,0.36009327
65059,L5 IT,-0.0013001338,-0.0021506175
193217,Oligo,-0.23811302,0.373266
137409,OPC,-0.50801474,-0.38956347
137415,Pvalb,0.009309374,-0.4215712
115316,PVM,0.23437223,-0.30963388
277692,L6 CT,-0.28978926,-0.28608283
15261,L5 IT,-0.08642746,-0.27739465
256559,Astro,-0.1750364,-0.40060994
210036,OPC,0.033894323,0.1379976
256560,L2/3 IT,0.2522528,0.23705873
39577,L5 IT,-0.044635512,-0.23254138
256629,VLMC,0.32395843,-0.15343675
10084,L5 IT,-0.16828293,-0.36542425
269261,L6 IT,-0.18518278,-0.060420595
174182,L2/3 IT,0.1808587,-0.13919073
73905,Endo,-0.028687634,-0.037973695
225506,L2/3 IT,0.22382209,0.40250966
64817,L4/5 IT,0.11655565,0.07373754
9303,L5/6 NP,0.068056844,-0.007447861
93824,L5 ET,-0.025579192,-0.24002525
86788,PVM,-0.094487526,0.29729065
86787,Astro,-0.18639728,0.36364242
50196,L4/5 IT,0.03411945,-0.38242522
271683,L6 IT,-0.03678254,0.16411188
115731,L6 CT,-0.07119683,0.19992015
86771,Endo,0.30729553,0.04892824
39801,L4/5 IT,0.12977162,-0.15657806
225519,L2/3 IT,0.12077316,-0.34444255
136455,L6 CT,0.06271698,0.43827716
39783,L2/3 IT,0.16495731,-0.041628353
174185,L6 IT,-0.30259478,-0.3698143
277879,Astro,-0.13475543,-0.2945836
136313,L2/3 IT,0.2979488,0.36287883
136297,Astro,0.08577605,-0.42027968
61557,Oligo,-0.07801179,-0.084372066
265246,Endo,-0.32416466,-0.14090362
93786,Oligo,-0.20170787,0.08360354
174205,Oligo,-0.3317102,-0.26543775
15171,Oligo,-0.21882659,0.19569889
136167,PVM,0.19299236,0.041764684
15172,L6 IT,-0.31474397,-0.34362742
246748,L5 IT,0.110830985,0.15639064
136462,L4/5 IT,0.18361261,0.4405912
256719,L2/3 IT,0.17212906,-0.33369634
240064,Endo,0.040137015,-0.17583454
136215,Endo,0.1722056,-0.31218803
225471,Oligo,-0.32248405,-0.26629603
193613,Astro,-0.20046276,0.37942228
71876,L6 IT,-0.12936401,-0.14065176
136273,Astro,0.11036684,0.00021515042
244090,Oligo,-0.23569739,-0.0049246177
115794,L2/3 IT,0.19277218,0.14168462
50156,Oligo,-0.12472517,0.35174444
50207,L5 IT,0.13203904,0.35817716
115708,Oligo,-0.18298697,-0.32123035
193518,Endo,-0.116703786,-0.30122468
15203,L6 CT,-0.056866743,0.04123483
277880,L6b,-0.22309113,-0.094101004
136736,Oligo,-0.14871588,-0.42284882
193426,Astro,-0.19393101,0.286783
71312,L2/3 IT,0.21449885,0.3197104
93916,SMC,0.37880048,0.4779857
64955,Peri,0.31058148,0.3253487
264058,Peri,-0.014773883,0.23499689
50288,L6b,-0.42680016,-0.36662766
176910,Vip,0.25514117,-0.08008071
115529,Endo,0.2977591,-0.24179003
15207,Astro,-0.4748329,-0.32735234
136833,Oligo,-0.53724736,-0.39005676
86606,L5 IT,-0.08332042,-0.349319
256638,Astro,0.17833063,0.009248175
244064,L5 IT,0.048891686,0.33929142
50317,Endo,0.03657987,0.48055044
39582,L4/5 IT,-0.0030015483,-0.36179584
61460,Micro,-0.06377003,0.36905012
273481,Oligo,-0.2282863,0.38528582
225569,Astro,0.3419287,0.3385472
136672,L6 IT,-0.12978357,0.21120623
50222,Oligo,-0.37086782,-0.2675538
200453,L5 IT,0.13099644,0.46084204
64867,L6b,-0.48092008,-0.39537546
64875,L4/5 IT,0.17189947,0.4091275
93871,VLMC,0.3510529,0.12732133
136555,L4/5 IT,0.18702301,0.105660655
207724,Oligo,-0.071451046,0.044207312
39737,Pvalb,0.25356314,0.24188164
265275,Pvalb,0.027168117,-0.32440883
73921,Oligo,0.05106511,0.2113773
193491,L2/3 IT,0.2493923,-0.18616542
136599,PVM,-0.09506989,0.30942282
15192,Oligo,0.024234854,0.4524469
61478,L2/3 IT,0.29240468,0.49554113
136626,L5 IT,0.001868926,-0.23044774
64918,Oligo,0.19663379,0.234368
4562,L4/5 IT,0.04164996,-0.4103403
180814,Oligo,-0.2065688,0.24027947
86704,L6 IT,-0.20812276,-0.12893498
94029,L6 IT,-0.18431589,-0.35385147
137758,Oligo,-0.13434371,-0.23840979
115185,L5 IT,0.028249882,-0.1460183
114661,L6 IT,-0.07475782,0.45094773
6953,L6 CT,-0.2225436,-0.16809109
61276,Micro,0.10220226,0.04574553
264003,L6 IT,-0.11069406,-0.045038216
273584,Oligo,0.075701974,0.2194359
221750,L6 CT,-0.0252162,0.16672811
192773,Micro,-0.030828632,0.042537875
200836,L2/3 IT,0.17707762,-0.19747317
176998,L4/5 IT,0.15648416,0.09967182
221749,Micro,-0.21793726,0.1877555
210214,L2/3 IT,0.309922,0.53068036
138757,Oligo,-0.2346152,0.053585984
246903,L5/6 NP,-0.038422205,0.33836654
50853,Peri,0.02594509,0.051328667
20631,L6 CT,-0.10981191,0.22935936
85870,Micro,-0.24080855,-0.3525371
260549,L5 IT,-0.036117293,-0.010412864
200797,L6 CT,-0.1613656,0.18653151
38636,L4/5 IT,0.10788306,-0.20394042
114684,Astro,-0.25293726,0.34543338
225874,Oligo,-0.2703855,-0.32009867
260486,L5 ET,0.060328804,0.48108378
269155,L5 ET,-0.06883363,0.15184417
256453,Astro,-0.18021151,0.26783547
260504,OPC,0.17655054,0.22876957
273555,Endo,0.1165789,0.48369876
192870,Astro,0.22742578,0.1601133
225856,Peri,-0.097316094,-0.18273407
200771,L5 IT,-0.095799275,-0.28601256
219377,L2/3 IT,0.20168403,-0.12574476
138558,SMC,-0.1827085,-0.27458927
114719,L5 IT,0.10618778,0.22568074
138599,L6 CT,-0.10943154,0.3341309
138603,Lamp5,0.20938775,-0.38772368
138617,L2/3 IT,0.15636209,-0.27408555
192828,VLMC,0.3669887,0.388346
225857,L6 CT,-0.3868083,-0.4289858
237519,L2/3 IT,0.2527999,0.4496099
138679,Micro,0.28696272,-0.26722416
138575,L6 CT,-0.16171736,0.124753214
256424,Astro,-0.04880134,0.46866843
271574,Micro,-0.1522303,0.100368716
20638,Oligo,-0.1612258,0.34527734
38501,Endo,0.2658849,0.00062731653
139042,SMC,0.3608177,0.49512145
114415,L6 CT,-0.11963532,-0.14677426
250309,Oligo,-0.23489761,0.26153472
207570,VLMC,0.30276904,-0.26439628
173675,L4/5 IT,0.07638528,-0.29135135
221722,VLMC,0.2945386,-0.3051709
38458,Endo,0.21569487,0.08049891
114428,Peri,0.10478338,0.20521024
9252,Oligo,-0.22591347,0.23768672
139152,Oligo,-0.24333861,0.3852915
139156,Oligo,-0.44661176,-0.3394983
246924,L6 CT,-0.23306057,-0.18723726
273619,Peri,-0.03310094,0.2603074
114276,L6 IT,-0.10669226,-0.08842277
139218,Astro,0.33194515,0.01444871
74031,Oligo,-0.25093237,0.23161182
181051,Pvalb,-0.06882892,0.060794897
38449,Endo,0.0269598,-0.3769385
246885,Oligo,-0.27845028,-0.13870302
38502,L5 IT,-0.28287393,-0.3789957
242127,Pvalb,-0.010753609,-0.4169409
18754,L2/3 IT,0.23831359,-0.042486213
138793,Oligo,-0.23606297,0.08153001
138799,L6 CT,-0.08438159,0.2276533
61250,VLMC,0.2724103,-0.3715428
85839,Astro,-0.00919465,-0.1132799
15353,Oligo,-0.39667794,-0.30444792
200879,L5 IT,0.13417879,0.113408126
4316,L6 CT,-0.20965236,-0.1055012
50883,L6 CT,-0.26208904,-0.3986136
50870,L2/3 IT,0.3032153,0.52478826
138922,L2/3 IT,0.23162779,0.006320752
273616,Endo,-0.041738547,0.4564722
72893,L4/5 IT,0.07515558,-0.20619902
4310,Micro,-0.024618782,0.32909408
256404,Astro,0.16219285,-0.36724892
271571,L2/3 IT,0.10816207,-0.31379408
18744,L6 CT,-0.10086907,-0.06594946
138984,Vip,0.3006166,0.030493386
234866,L5 IT,0.0877706,0.077011324
244457,Oligo,0.07240405,0.46684495
65287,L4/5 IT,0.14026007,0.22642145
65284,PVM,0.28108504,-0.21731994
200651,Endo,0.33087406,0.08776603
73974,Pvalb,-0.21172723,-0.16878974
50576,Pvalb,0.10669228,0.43977472
179885,Endo,-0.025504507,0.034024186
138045,L5 IT,0.12576088,0.2055997
200665,Oligo,0.17068747,0.3200675
236716,L6 CT,-0.09181378,-0.20571476
50599,L4/5 IT,0.13718268,-0.0903134
38978,Peri,-0.20846513,0.21680924
260436,VLMC,0.34693632,0.044128425
4443,L6 IT,-0.048077084,0.16991588
61323,Endo,0.15873948,0.0700954
180911,L4/5 IT,0.11679342,-0.09715786
138129,L4/5 IT,0.05949446,-0.324056
114969,Endo,0.026280902,-0.33612266
173888,OPC,-0.19306731,0.031184055
192992,Endo,-0.43087623,-0.40769613
137972,Astro,-0.2707867,-0.15424356
264028,SMC,0.13872513,0.35457107
137934,L4/5 IT,0.034081243,-0.24732676
115062,Peri,0.29864267,-0.18760267
39120,L4/5 IT,0.10180988,-0.12163743
4458,L2/3 IT,0.25794742,0.13919643
137798,Oligo,-0.22271219,-0.006017022
39089,Astro,-0.1438036,0.024475582
4455,Oligo,-0.28314367,-0.12922958
10121,Oligo,-0.026594974,-0.2722488
115175,Oligo,-0.24880049,-0.030241512
10124,Oligo,-0.1395154,0.20076504
192991,Astro,-0.24613112,0.17088917
115101,L6 CT,-0.19066799,-0.10165041
200609,L4/5 IT,-0.0026062503,-0.33198273
244031,L4/5 IT,0.005020939,-0.39737538
193057,VLMC,0.36549917,0.40342495
137874,L6 CT,-0.11710007,-0.1183347
115073,Endo,-0.026367463,-0.3300422
137883,L5 IT,0.12086948,0.17587432
225739,L5 IT,0.16043243,0.35104802
39038,Sst,0.22158214,0.22049943
173956,L5 ET,0.07120403,0.060830243
200684,L2/3 IT,0.28822646,0.24491462
200689,L5/6 NP,-0.08992047,-0.24517456
138193,Vip,0.28492376,0.18618819
61300,Astro,0.17342463,0.46530357
192932,L4/5 IT,0.066885255,-0.16915056
12828,L4/5 IT,0.110527955,-0.06118103
94139,L6 IT,-0.2775935,-0.37642536
138379,L6b,-0.28727975,-0.22395769
50661,L2/3 IT,0.19005647,0.21038839
94141,L6 CT,-0.16903979,-0.040348105
256459,Astro,0.2034907,0.17005655
273541,Oligo,-0.051709212,0.18150374
38771,L5/6 NP,-0.049129643,0.13998613
138402,L6 IT,-0.17103282,-0.08358621
4408,PVM,0.0471681,-0.3903068
38758,L5 IT,-0.111903645,-0.42857474
246878,Oligo,-0.25785217,-0.042459063
218434,VLMC,0.35860524,0.2096099
271610,L4/5 IT,0.11264434,-0.3658027
138471,L6 IT,-0.33295134,-0.34058627
86020,L6b,-0.27347898,-0.21628982
6936,L6b,-0.25399092,-0.16606325
138490,L4/5 IT,0.071304284,-0.1459248
38830,L2/3 IT,0.277598,0.02054549
176976,Sst,0.2816654,0.0329021
200690,Endo,0.18040636,0.23098072
241460,L2/3 IT,0.09673449,-0.3343072
15303,L5 ET,-0.0711628,-0.2868705
173841,L2/3 IT,0.17701718,-0.21432254
73994,L2/3 IT,0.3100467,0.5060512
264013,Astro,0.2516689,-0.1471985
50624,Oligo,-0.17105678,-0.39507055
217080,L6 CT,-0.23121065,-0.17257363
20597,L2/3 IT,0.22674236,0.12973413
180947,Oligo,-0.08360494,0.39572415
235849,L4/5 IT,0.19214848,0.47544745
192952,Sst,0.051291488,-0.2536123
138291,L6 CT,-0.12540105,0.38054332
260450,Endo,0.130658,0.06585307
269169,Oligo,-0.23187327,0.23750922
20591,L4/5 IT,0.076814376,-0.38127023
214148,Oligo,-0.20277432,0.23416546
249203,L6 CT,-0.15953395,0.17580548
192953,PVM,0.005228184,-0.33066642
191658,L6 CT,-0.31482977,-0.2775908
191549,L5 IT,0.12901625,0.11763302
141892,L4/5 IT,0.15814903,0.28537366
83277,L4/5 IT,0.04998275,-0.3550644
52745,Oligo,-0.04761914,-0.2011818
34775,L5 ET,0.016215824,-0.102279685
146464,L6 IT,-0.039682545,0.15926477
60672,Oligo,-0.22182378,0.17481777
146511,L5 ET,0.1383715,0.3967733
146519,L6 IT Car3,-0.5436278,-0.41826156
146531,L4/5 IT,0.13664594,-0.26823595
274282,Peri,-0.091775335,-0.07196533
52758,Astro,-0.27126065,-0.1734092
52766,L6 CT,-0.044620194,0.4433368
146569,Oligo,-0.19489565,-0.32131746
172604,Micro,0.089259885,-0.08446481
110829,Micro,-0.21716061,-0.19996786
177584,L4/5 IT,0.09362026,-0.18870762
247354,L6 CT,-0.43219724,-0.41833156
7390,L6 CT,-0.16435692,-0.12955669
66580,PVM,-0.037201263,0.30764928
190129,Oligo,-0.25325784,0.09747455
146657,Sncg,0.32464346,0.37419692
60678,L6 IT,-0.18846524,-0.14178053
263740,Endo,-0.36735946,-0.19165012
34862,L6 CT,-0.33497152,-0.32948875
110936,L2/3 IT,0.2764878,0.12336663
34851,Oligo,-0.10728083,0.30472985
110925,Peri,0.17020217,0.23072478
21149,L6 CT,-0.15094483,-0.12158447
34840,L6 IT,-0.040214457,0.18573222
202049,L5 IT,-0.3023188,-0.41638148
202054,L5/6 NP,0.06620022,0.053382017
146422,Endo,0.08048042,0.24980655
95503,Endo,0.09375837,0.45939264
95504,Oligo,-0.22348514,0.25705108
255098,Oligo,-0.2522717,-0.22186747
218618,Endo,-0.095838405,0.11660794
202062,Astro,-0.20120418,0.38957372
146366,L6 CT,-0.24726322,-0.2463319
7379,Astro,-0.44183445,-0.31291747
190188,L6b,-0.16300705,0.13810554
231958,Endo,-0.13966438,-0.058858894
247309,L5 IT,-0.13612023,-0.25196475
60651,Astro,-0.287261,-0.2328758
146684,Endo,0.07823684,0.35963252
190065,L6 CT,-0.116563596,0.21287051
227312,L6 CT,-0.038232483,0.38477013
211104,L2/3 IT,0.30230758,0.44032952
110723,L6b,-0.2783641,-0.21178034
7410,Astro,0.17672995,0.33593187
83135,OPC,-0.21005034,0.30345598
202131,L2/3 IT,0.19069508,-0.23214379
83124,L2/3 IT,0.25945958,0.21714666
267815,L2/3 IT,0.22615227,0.20996812
110734,L5 IT,-0.011895277,0.08350042
110696,Oligo,-0.23338723,0.21266696
214032,Oligo,-0.20769617,0.40087518
146915,PVM,0.25932035,0.22259977
34570,VLMC,0.26809284,-0.38301927
95595,Oligo,-0.25908032,-0.19843048
218632,PVM,-0.23331726,-0.085137956
216552,L2/3 IT,0.24929515,0.31757823
83079,L5/6 NP,-0.0564479,0.38203707
110664,VLMC,0.36644837,0.3840718
227333,L6 IT,-0.34910646,-0.38712773
255012,Endo,-0.39462516,-0.37914345
18453,Oligo,-0.20977652,0.10293446
190035,L5 IT,0.09614243,0.4731731
110823,L5 IT,-0.014569975,0.27002493
34690,VLMC,0.34605184,0.104058005
274289,L5 IT,-0.007553436,-0.24916169
34687,L6 IT,-0.024343528,0.25005284
146714,L6 CT,-0.08716271,0.09534655
261244,L4/5 IT,0.16593316,0.1527451
146724,L4/5 IT,0.04289045,-0.41836274
190057,L2/3 IT,0.24705878,-0.35480928
268867,Oligo,-0.21649525,0.2285879
52771,Peri,0.19118884,0.39556625
60635,L4/5 IT,0.066530965,-0.29127905
177600,L6 IT,0.010902546,0.20198062
172593,Oligo,-0.4485545,-0.32782033
52783,L6 IT,-0.12130604,-0.15483764
190052,Astro,-0.070531644,0.013669737
241228,L6 CT,-0.26749364,-0.4059179
83160,L5/6 NP,-0.049851157,0.2515162
231945,L6 IT,-0.34981886,-0.39134592
247356,L2/3 IT,0.29170564,0.13647547
255135,Oligo,-0.24091509,-0.08240499
7372,L4/5 IT,0.016185127,-0.3101051
146202,Endo,-0.030787863,-0.10307347
202034,L6 IT,-0.071686484,0.45245382
145556,L2/3 IT,0.24752596,0.2991986
227135,Endo,-0.1071609,0.25540057
190479,L5 ET,0.036271594,0.084850885
66438,Micro,-0.17607561,-0.045298986
207172,Oligo,0.19603726,0.4765325
255278,Peri,0.1775234,0.20833382
190475,Astro,0.011606537,0.10897056
35161,VLMC,0.35204324,0.16554001
255302,L4/5 IT,0.15649459,-0.09531786
60728,L6 IT,-0.1759162,-0.41647333
15697,Astro,-0.14312387,0.17625055
172764,Vip,0.10626098,-0.40221658
35106,L6 IT,-0.19117507,-0.11336779
216611,L6 IT,0.012075447,0.23201814
3524,Lamp5,0.26432374,0.17541984
52548,VLMC,0.33100793,-0.12558547
177538,Micro,0.33019283,-0.029360168
35087,L6 CT,-0.11213521,0.23828009
145706,Oligo,-0.21968791,-0.08012103
255310,Oligo,-0.3535229,-0.23848382
247229,L5/6 NP,-0.059097685,-0.1595935
145499,L6 CT,-0.07943625,0.3547882
145263,L5 ET,0.045255266,0.0061373487
190574,Endo,0.10462513,0.11053721
145313,Peri,0.2159042,0.04295481
3575,Micro,0.25177196,0.18566546
190561,Endo,0.15481332,-0.16546392
35243,Lamp5,0.3045253,0.50411856
111366,Astro,0.3659415,0.5128817
145366,L2/3 IT,0.25553355,0.24765095
111364,L5 ET,0.11565455,0.21014181
7338,Micro,-0.19725096,0.37944534
18476,Micro,-0.04611776,-0.3846613
35226,PVM,0.20841137,0.039760627
255327,Astro,-0.25710356,0.3366495
261127,L5 IT,-0.09972636,-0.25523517
279771,L5 IT,0.110759936,0.039889254
52484,L2/3 IT,0.22374782,0.1559535
190518,L4/5 IT,0.13726184,0.11518226
66421,L4/5 IT,0.07390233,-0.09381857
236579,Astro,-0.08506123,0.025863595
145807,L4/5 IT,0.07131215,-0.292194
207084,Lamp5,0.14669767,0.23077288
83510,L5 IT,0.025301658,0.13552383
268893,Astro,0.26496515,0.2941204
190303,SMC,0.008576296,-0.24859437
34922,Astro,0.08479019,0.2949603
211027,L4/5 IT,0.03107556,-0.40481558
146098,Pvalb,-0.055419125,0.3074964
146106,Oligo,-0.09216828,0.47259995
243877,Astro,-0.22804329,-0.14500567
74355,Lamp5,0.24359104,-0.08259892
177578,Oligo,-0.25721362,0.0050307587
21129,PVM,0.10975381,-0.3937814
146135,L6 IT,-0.19290167,-0.23664618
111011,Astro,0.11378213,-0.049912773
146173,L2/3 IT,0.20491377,0.15621945
146179,L5 IT,-0.10703371,-0.3688725
110982,L5 IT,0.07454231,0.21226725
190271,Endo,0.12768146,-0.14716476
216587,OPC,-0.41744635,-0.30489698
202024,L4/5 IT,0.025512598,-0.41281363
241241,L6 CT,-0.10950903,0.2827576
111013,L6 CT,-0.1585784,0.09848563
18458,Oligo,-0.14785123,-0.3280638
123157,L2/3 IT,0.20312217,0.33742073
214052,Oligo,-0.22264713,0.2856885
35068,Vip,0.1688231,-0.31096122
35063,Oligo,-0.49255097,-0.37992677
35059,L2/3 IT,0.2872136,0.44614813
60721,L2/3 IT,0.19277701,-0.37877685
10445,L5 IT,0.119356774,0.33131012
111185,L2/3 IT,0.26397482,0.04384608
145873,Oligo,-0.17488867,0.16400543
35029,Astro,0.1341779,0.44530693
255206,L2/3 IT,0.2521778,0.37878498
111174,L2/3 IT,0.2090241,-0.08121466
190376,L6 CT,-0.029227652,0.38219222
207150,L2/3 IT,0.25179413,0.17920795
145957,L2/3 IT,0.19638792,-0.03902348
145965,L6b,-0.14843485,0.30564627
267539,L2/3 IT,0.3037434,0.5366253
274266,L6b,-0.3931302,-0.34886897
215048,L5 IT,0.033277176,0.103798546
146008,L2/3 IT,0.17924163,-0.07766553
12898,L6 CT,-0.07642222,0.03522352
111194,Astro,-0.47122434,-0.388425
211120,Oligo,-0.018569686,-0.02079653
83058,Micro,0.18811563,-0.36915678
189938,Astro,-0.38478562,-0.29331377
66865,Peri,-0.05346016,-0.21044824
3325,Micro,0.26417455,0.028970279
227609,L4/5 IT,0.22325143,0.4765205
53151,L4/5 IT,0.15700623,-0.12475108
12167,Micro,0.18615636,-0.32737392
53160,VLMC,0.34460226,0.08464781
7462,L5 IT,0.07966008,0.33930036
202319,Endo,-0.5638902,-0.38495526
34018,L4/5 IT,0.09294381,-0.31435552
148143,Endo,-0.1743522,0.12131248
148153,Astro,-0.15887618,-0.0027458891
148159,L5 IT,-0.006766595,0.06894366
33982,L4/5 IT,0.014482878,-0.39173692
66871,Endo,0.19599882,-0.1437707
12165,L4/5 IT,0.044659875,-0.4014194
53198,L6 CT,-0.13270801,0.3669583
220964,Endo,-0.18541199,0.09800164
3307,L4/5 IT,0.12296524,-0.16667998
148151,L5 IT,0.09617194,0.40118292
53148,L4/5 IT,0.13799986,0.08261279
34029,Lamp5,0.22448286,0.34845325
189634,L5 IT,0.054164015,0.16959688
66824,VLMC,0.35493824,0.19340238
211206,L6 CT,-0.095985,0.19619533
66827,Endo,0.31947556,0.49960592
34130,L4/5 IT,0.20776847,0.46548024
202292,Oligo,-0.24419832,0.020688988
34128,Endo,0.03025981,-0.3962138
261305,OPC,0.1478351,-0.0107914135
34122,L4/5 IT,0.06323769,-0.22988448
95757,Oligo,-0.29271287,-0.19371128
53137,PVM,0.010068022,-0.33757457
189648,Oligo,-0.24157703,0.16318461
235911,PVM,0.20890012,-0.29176107
66841,L5 ET,0.03413006,-0.14387095
147971,L6 CT,-0.026332296,0.0699862
21237,Peri,0.19861528,0.04121498
254748,L5 IT,0.11582621,0.23544529
220978,L6 CT,-0.02801571,0.28435335
254737,Endo,-0.09699551,0.018119045
268793,VLMC,0.31278816,-0.22616449
148241,L4/5 IT,0.016778372,-0.42520395
34150,Peri,-0.29601547,-0.11646425
189546,L2/3 IT,0.11918499,-0.2936932
189544,Oligo,-0.056676902,-0.36246836
148397,Astro,0.18314132,-0.31457314
95837,VLMC,0.34255645,-0.0014803037
53254,L6 CT,-0.19470292,-0.11797207
66914,Oligo,0.08534493,0.12433032
33851,L2/3 IT,0.21740219,-0.19825456
148445,L4/5 IT,0.16461703,-0.022195779
189486,L6 CT,-0.13215604,0.30807605
148464,L2/3 IT,0.23248735,0.35659572
211248,SMC,0.14185032,0.35398766
254653,L5 IT,0.10563757,0.40441456
231917,L4/5 IT,0.16736522,0.2983931
172325,L2/3 IT,0.2979749,0.25607726
189472,L6 IT,-0.1628448,-0.3496916
33810,L5 IT,0.078977786,0.32454303
254632,OPC,0.29858354,0.11239842
3262,L4/5 IT,0.12308612,0.08880065
60499,Endo,0.19557413,-0.29783213
33804,L5 ET,0.07246628,0.36901763
33833,Oligo,-0.11785663,0.3483071
235488,Astro,-0.21168736,-0.08220639
274426,L6 CT,-0.13283151,-0.032375477
148375,Oligo,-0.22476992,-0.419364
109990,L2/3 IT,0.3153405,0.5479198
207005,L6 CT,-0.12637866,0.26348904
33920,Sst,0.26513013,0.25503
189536,SMC,0.23980644,0.17742851
109936,L4/5 IT,0.061845385,-0.31930277
261369,Oligo,-0.28952825,-0.107141994
177706,L6 CT,-0.18120077,-0.20476687
267522,L6 IT,-0.17783016,-0.2626669
266043,L2/3 IT,0.18673071,-0.08889126
211235,L4/5 IT,0.2094334,0.48395172
189532,Micro,-0.38615915,-0.3420492
109923,Astro,0.061228715,0.17436883
66900,Endo,-0.04582683,0.13124487
82569,Vip,-0.10618291,0.124314524
211238,Micro,0.20191285,0.2692258
211240,Peri,-0.058751144,-0.12658542
109903,L6 IT,0.059695743,0.26909807
237932,L6 CT,-0.04944382,0.37784114
148363,L6 CT,-0.100727566,0.34272918
231935,L5 IT,-0.07820357,-0.22639176
268901,L2/3 IT,0.13538548,-0.36054373
60546,OPC,-0.17121467,-0.01346039
34164,L5 ET,-0.03739295,-0.22548226
147158,Peri,-0.017990388,0.23642197
248971,Oligo,-0.22926432,0.36284426
147192,L5 IT,0.049167298,-0.10136806
34471,L2/3 IT,0.21349242,-0.3151687
214526,L2/3 IT,0.27026913,0.21898839
66713,L2/3 IT,0.24365178,-0.052269123
254915,Lamp5,0.24826226,-0.34348026
147279,L4/5 IT,0.1431686,0.05582375
3403,Astro,-0.08579648,0.4239764
181426,L5 IT,0.075047694,0.40965268
214028,Oligo,-0.30256164,-0.19817042
172526,Astro,-0.13897297,0.23448083
189841,L2/3 IT,0.26964822,0.12020031
211161,VLMC,0.34401378,0.0715094
227434,L2/3 IT,0.19843069,0.15487501
236543,Endo,-0.10988296,0.34279343
34421,Oligo,-0.23228091,-0.004594974
147331,L6 IT,-0.16388732,0.028882869
147285,L6 IT,-0.056019522,0.033930697
82957,L4/5 IT,0.017557524,-0.416512
207067,L2/3 IT,0.13196436,-0.42647004
60586,L6b,-0.15672448,0.2177721
15743,L6 CT,-0.20931178,-0.3911761
15744,Astro,0.31362346,0.51533306
34550,Micro,0.29795602,0.08837066
52887,L6 IT,-0.11481974,0.18274382
274311,L5 IT,0.04096528,-0.11130979
211136,Micro,0.29884192,-0.19110012
179677,L6 IT,-0.085192986,-0.18313691
221039,Vip,-0.0028139725,0.055925734
52899,Astro,-0.25302032,0.23639926
34521,L2/3 IT,0.15020481,-0.14557028
52936,L2/3 IT,0.26443937,0.27204344
34511,L6 CT,-0.08579952,-0.11438393
172576,L4/5 IT,0.10101958,-0.22572294
263719,Astro,-0.2066837,0.1552827
110530,Endo,0.2042462,-0.3931308
147112,L2/3 IT,0.2219089,0.46761116
211147,L4/5 IT,0.09480169,-0.17636588
110525,PVM,-0.112702735,0.31088993
34498,Endo,-0.09788657,0.46835974
53003,Astro,-0.50468194,-0.3922935
34151,L2/3 IT,0.1770756,-0.32350174
34384,L5 ET,0.11114653,0.33954683
189807,L5 IT,-0.04461763,-0.08127814
110265,Oligo,-0.22511438,0.26306793
189731,Astro,0.32523283,0.06095866
82822,Oligo,-0.21235442,0.12588277
82819,Endo,0.0047750697,-0.2202523
66808,Sst,0.055034123,0.20149788
227494,Micro,-0.07634286,-0.08933025
53087,L2/3 IT,0.2503669,0.38611397
172453,Peri,0.2752616,-0.30849174
271180,L6 IT,-0.12723419,0.13465211
227507,Oligo,-0.092310645,-0.00013350695
147763,Peri,-0.4054453,-0.27769676
34187,Peri,0.21318659,-0.119219504
254790,Oligo,-0.24232545,0.1372756
263712,Oligo,-0.2587064,0.030056097
66823,Oligo,-0.47789723,-0.35973397
147844,L4/5 IT,0.18159637,0.21661499
227529,Astro,-0.43022704,-0.36001417
82779,Endo,0.2762994,0.08763007
211199,L2/3 IT,0.23744628,0.48133007
66795,VLMC,0.34171978,-0.039684974
269906,Astro,0.114806615,-0.14313045
82832,L2/3 IT,0.24457225,0.017859586
110365,L4/5 IT,0.031056724,-0.3016558
172496,L5/6 NP,0.06406065,0.23047546
147445,Oligo,-0.22180068,0.35055378
189779,Oligo,-0.2122347,0.08655939
207048,Endo,0.11577978,-0.11928796
110337,L4/5 IT,0.15234235,0.085101224
82856,Pvalb,0.21671692,0.4140149
110329,VLMC,0.32014433,-0.16855186
202248,L2/3 IT,0.1985428,0.18148562
147508,L4/5 IT,0.06835034,-0.25540003
227469,Oligo,-0.17300823,0.29782525
249578,L6 IT,-0.27525732,-0.24894205
34329,Astro,0.1726031,-0.30860618
147571,L2/3 IT,0.2779452,-0.09039014
147590,Oligo,-0.17679703,0.27052101
15784,L2/3 IT,0.19910994,-0.0243816
147623,L2/3 IT,0.24950644,-0.10724925
269900,L6 IT,-0.036097206,0.24272504
147652,Endo,0.09639933,-0.30870524
216518,SMC,0.19039914,-0.35769388
201893,L2/3 IT,0.28552005,0.19601682
111411,L5 ET,-0.03035114,0.39871708
111429,L2/3 IT,0.2961596,0.5509182
18565,Oligo,-0.20199561,0.021432228
173223,OPC,0.062177204,0.24980089
142995,Endo,0.15266278,-0.047473572
143000,Oligo,-0.08619437,-0.3049105
36429,L4/5 IT,0.116621576,-0.20084366
143014,L2/3 IT,0.21508834,-0.29289642
265736,Oligo,-0.12528247,-0.115546845
36408,Astro,0.31745932,0.09720758
173229,L4/5 IT,0.1598129,0.3740112
255679,Astro,0.31603333,0.28717718
60966,Oligo,-0.22706243,0.2197462
226638,Oligo,-0.18446335,0.22438738
36392,Astro,-0.24104837,-0.14256284
250382,Endo,-0.06496642,-0.21856314
112427,Endo,-0.36014426,-0.3299401
84412,OPC,-0.025592782,0.46390405
273945,L2/3 IT,0.18829307,-0.108198665
3810,Micro,0.3242474,0.20018163
51901,L4/5 IT,0.18895009,0.21877846
191324,Endo,0.2707208,0.25451908
191326,L4/5 IT,-0.04371021,-0.4236205
173253,L6 CT,-0.12528339,0.099399604
36533,L2/3 IT,0.22123095,-0.28381673
94865,Vip,0.31094638,-0.07119941
51833,Micro,0.3485668,0.12540439
60978,Endo,0.06666251,-0.10697054
142811,L2/3 IT,0.30390587,0.45808747
255732,L5/6 NP,-0.20708233,-0.41279763
221438,Oligo,-0.2623553,-0.38589564
84517,L4/5 IT,0.18419185,0.28451934
226600,L6 CT,-0.025792278,0.37280098
74215,Oligo,-0.21788439,0.27105603
18577,Oligo,-0.23619017,0.08494941
142892,Endo,-0.24725997,-0.25598213
255717,Oligo,-0.3981119,-0.24200186
112521,L2/3 IT,0.18470815,-0.41246384
263855,Micro,0.30495468,0.32627365
15559,L2/3 IT,0.2143043,0.40781596
142920,L6 CT,-0.37670287,-0.3736702
216799,SMC,-0.13683039,0.103601016
112512,VLMC,0.3444502,0.013063736
268988,Astro,0.018941246,-0.1770612
191390,L6 CT,-0.2929879,-0.3597603
269853,L2/3 IT,0.22566804,0.26674458
191272,L4/5 IT,0.15612105,0.16277573
226697,L2/3 IT,0.25099143,-0.123219065
36236,L2/3 IT,0.2665868,0.47919646
66083,L6 CT,-0.090595014,0.22088417
51969,Oligo,-0.094951786,-0.3617521
18564,Endo,0.09993049,0.48065498
60939,Endo,0.3056315,0.37665364
112296,L4/5 IT,0.057932816,-0.36491475
235885,Endo,0.307833,0.28602824
143357,Lamp5,0.28692082,-0.1588361
277648,L6 CT,-0.098742016,0.47483757
232018,L2/3 IT,0.2697039,0.32680246
260931,L2/3 IT,0.2592189,0.44770744
143544,Astro,-0.18955937,0.34709713
143551,L6b,-0.22625265,-0.09763958
201607,L2/3 IT,0.22757432,-0.023030452
216729,L2/3 IT,0.21712515,-0.08431371
235888,Astro,-0.2584358,-0.11694264
112214,L2/3 IT,0.22308871,-0.34553626
112276,Endo,-0.2940934,-0.11410432
260917,Oligo,-0.21507815,0.2976701
15578,Oligo,-0.119274266,0.2817286
260913,Oligo,-0.056941725,-0.2540175
112400,Oligo,0.03065928,0.39527228
226659,Oligo,-0.19451502,0.27719828
36338,L4/5 IT,0.15382698,0.22772446
276751,Oligo,0.16536155,0.24312434
94930,L6b,-0.44895437,-0.3859004
143218,L5 ET,-0.12686026,-0.40825686
278475,Pvalb,0.26794526,0.48444632
143226,L2/3 IT,0.30731794,0.5467892
84356,L4/5 IT,0.027162813,-0.4072316
240392,Astro,0.31722596,0.35420975
247113,L4/5 IT,0.040022932,-0.22549066
191228,Astro,-0.20866743,0.338307
143273,L6 IT,-0.042835332,-0.03971728
255651,L6b,-0.28441128,-0.22206455
84348,L6 CT,-0.12149698,0.27572438
243941,L5 ET,0.088160716,0.051921584
20908,L4/5 IT,0.050527237,-0.33519706
260907,OPC,-0.063992895,-0.15441927
260910,Astro,0.059751593,0.3926846
191277,L5 ET,-0.049922027,-0.21134934
143586,Astro,-0.12733051,-0.3910416
142757,L4/5 IT,0.17347303,0.18023929
191392,Endo,0.19452414,-0.14655656
173349,L2/3 IT,0.27386358,0.16045126
265674,L6 CT,-0.14525774,0.1635547
17336,L5 IT,-0.052946724,-0.33766946
20821,L6 CT,-0.44209358,-0.41964543
263899,L5 IT,-0.21329859,-0.38646874
142152,L2/3 IT,0.26774308,0.12532064
173308,L6 IT,0.057745002,0.42109767
191560,L4/5 IT,0.10367104,-0.16399348
65844,L6 CT,-0.13130626,-0.2984511
112859,Oligo,-0.3059942,-0.22111079
142210,Astro,-0.3278378,-0.29181483
240273,Oligo,-0.09244285,0.42020205
221492,Astro,0.20356932,0.29176888
247061,Endo,0.22172174,0.24057934
71875,Oligo,-0.24498585,-0.00010638684
210577,L6 CT,-0.16163477,-0.10167583
84704,L6 IT,-0.16434327,0.022973455
65893,L2/3 IT,0.23241386,-0.1285297
216841,L4/5 IT,0.19072458,0.42600724
94753,Endo,0.28771463,-0.27090758
255848,L2/3 IT,0.23047611,0.27625272
210556,Peri,0.14979252,0.10766081
226457,L5 ET,-0.048269846,0.119239785
236634,Astro,-0.30365196,-0.29344136
141949,Astro,-0.0022073165,-0.15536037
141951,L6 CT,-0.32895216,-0.32787025
173370,L5 IT,0.14264843,0.4136624
642,L6 CT,-0.02951572,0.31748274
141965,L6 CT,-0.5255748,-0.43122834
142003,OPC,0.19275984,0.102884926
51651,L2/3 IT,0.14491233,-0.3809335
36884,L6 CT,-0.13683218,0.25050363
13925,OPC,-0.008521892,0.3644655
191610,Lamp5,0.1979908,-0.36839107
3939,L2/3 IT,0.19321623,-0.0007465109
235547,Pvalb,-0.08531318,0.1060488
84766,L6 IT,-0.16259554,-0.24861774
263900,Oligo,-0.03960923,-0.25320157
3934,Endo,0.08158388,-0.4265547
142103,Oligo,-0.23300886,0.21609142
142105,Pvalb,-0.05980686,0.11369745
142253,Peri,-0.035807945,-0.13598868
36541,PVM,-0.07070593,0.09246669
65895,L6 CT,-0.068533815,0.17305544
232860,L2/3 IT,0.15454766,-0.41908327
201,L2/3 IT,0.25248995,0.25003728
60997,Oligo,-0.28441432,-0.16324845
36615,L2/3 IT,0.28035244,0.14978406
191411,Astro,0.18289873,0.06792251
207362,L2/3 IT,0.21950856,0.37759146
84589,L6 CT,-0.13296127,-0.31880605
84588,Oligo,-0.21558666,0.25834855
142625,OPC,0.23589024,0.13576934
84610,Astro,-0.27417362,-0.3116115
112636,VLMC,0.31016293,-0.23541644
84578,SMC,-0.13025782,-0.1580075
112613,L6 CT,-0.11481274,0.38287476
84574,L4/5 IT,0.14995238,0.17708793
226587,Astro,0.30360845,0.060557432
36556,L2/3 IT,0.21365592,-0.08600869
84568,Endo,-0.13267884,-0.24317488
221445,L4/5 IT,0.029495202,-0.2351256
142741,L2/3 IT,0.20851925,0.23588797
142642,L4/5 IT,0.1318331,0.07491223
242183,L5 IT,-0.20521724,-0.2768868
36626,L6b,-0.15277487,0.31654194
36631,L2/3 IT,0.1311669,-0.2300561
36740,OPC,0.35594502,0.4793842
191527,L4/5 IT,0.07355144,-0.3675329
142313,PVM,-0.5102357,-0.41172832
238817,L5 IT,-0.11043606,-0.24007297
9165,Endo,-0.47534963,-0.41961223
241357,Oligo,-0.20216742,0.10084025
142358,L6 CT,-0.31887287,-0.41696835
36715,Peri,-0.20710829,-0.16416675
142409,Vip,0.25464222,0.08102993
214789,Astro,-0.25733665,0.3252997
112776,L2/3 IT,0.10863616,-0.3196956
112746,L2/3 IT,0.12587371,-0.35522833
142486,Peri,0.09407546,0.41494617
61001,Astro,-0.10896311,0.10483811
36654,L5 IT,-0.13919309,-0.40093946
234268,Astro,-0.17445508,0.3562831
255772,L5 IT,0.06492307,-0.043736182
142549,Endo,0.14389458,0.10548297
255770,L6 IT,-0.16249514,-0.37681726
142268,Lamp5,0.2988458,0.4277989
18666,L5 IT,-0.018589832,0.118211664
66124,Endo,0.124375425,-0.19636467
112200,L6 CT,-0.106822886,-0.27244952
177518,L2/3 IT,0.17054114,-0.36131197
144675,Oligo,-0.4680634,-0.33004138
83841,Sst,0.010215484,0.28336933
144679,L6 IT,-0.17605144,-0.0554147
35608,Oligo,-0.25820753,-0.27722058
241282,Lamp5,0.33491942,0.099382795
111692,Oligo,-0.25850028,-0.036732636
7313,SMC,-0.0033201948,-0.24051246
236593,Oligo,-0.3010703,-0.15246436
221216,L6 CT,-0.2122348,-0.10622459
179693,Oligo,0.06346717,0.067071356
261052,L5 IT,0.01423838,0.01270736
35564,Astro,-0.25276688,0.37079147
190723,Endo,0.19307986,0.20973489
35557,L6 CT,-0.24219921,-0.21507236
144800,Micro,0.10766622,-0.30677897
10409,L6 CT,-0.08572555,0.19922689
265815,Astro,0.30597624,0.1546345
66308,L4/5 IT,-0.021548785,-0.40636727
210831,L2/3 IT,0.2850499,0.10833428
144633,Micro,-0.17768723,0.16173705
263797,L6 CT,-0.24617505,-0.32309383
10386,VLMC,0.3611534,0.28948227
71160,L2/3 IT,0.2298924,-0.12035241
255463,L6b,-0.30544147,-0.2442131
35663,L4/5 IT,-0.0028296486,-0.42645597
144496,L4/5 IT,0.17592534,0.22403547
232895,L6 CT,-0.25656834,-0.35471988
261023,L5 IT,-0.022895016,-0.12459128
111798,Micro,0.0030153617,-0.42160532
226936,L5 IT,0.09237357,0.37375554
247169,Oligo,-0.20457557,0.16777697
83910,L6 CT,-0.19077614,-0.3936482
242223,L6b,-0.48508856,-0.3921261
221253,Micro,-0.078443,0.02365876
66281,VLMC,0.31664422,-0.20503059
144608,VLMC,0.3800417,0.48495755
201783,Endo,-0.056486942,-0.294983
66285,Endo,-0.06490896,0.20444664
181325,L6 CT,0.024891399,0.44789723
190769,L2/3 IT,0.15674236,-0.31111476
144810,Pvalb,-0.019918777,-0.21331975
226920,L5 ET,0.0803391,0.24477354
35542,OPC,-0.15155876,-0.010392092
255419,Endo,0.28565142,-0.24362555
35372,Astro,-0.05228982,0.4487404
172811,Oligo,-0.39057544,-0.3207257
233713,L6 IT,-0.05621455,0.4193801
218576,Pvalb,0.20409521,-0.38576967
111471,L4/5 IT,0.06673398,-0.30572525
181338,L6 CT,-0.07219461,0.37534675
190608,PVM,-0.24879622,0.046329446
227082,Endo,0.35572138,0.3937491
21069,Oligo,-0.21979654,0.263328
201854,L6 IT,-0.13271323,0.2005519
35306,Astro,-0.4817704,-0.35616025
145222,L2/3 IT,0.2655854,0.13295433
3593,Pvalb,-0.04556582,0.14965329
145229,Oligo,-0.12326641,-0.3211309
35291,Oligo,-0.20224279,0.36529455
145236,Endo,0.15990528,0.030440636
83674,Oligo,-0.27896816,-0.2424595
111453,L5 IT,-0.21450666,-0.30880255
83703,L6 CT,-0.12027425,0.37775198
111489,Astro,-0.06132344,-0.30129254
145068,L5 ET,0.100307904,0.45124015
60787,L4/5 IT,0.19520411,0.36959484
35464,L2/3 IT,0.18408737,-0.27793878
35458,Endo,0.1794639,0.019909121
52348,L5/6 NP,-0.018146612,-0.03002327
111576,L2/3 IT,0.1554816,-0.34873143
52354,OPC,0.103125595,0.3004991
83770,L5 IT,-0.09766162,-0.30132058
255402,L5 IT,0.14862582,0.3580139
11615,L2/3 IT,0.2419869,-0.15201938
144955,Endo,-0.10412318,-0.30027905
35421,L6b,-0.5571243,-0.42165393
144968,OPC,0.22472838,0.4369246
172837,Astro,0.07213756,0.2821665
60808,L2/3 IT,0.18521002,0.0081393495
227070,L4/5 IT,0.12972227,0.25063768
111514,Pvalb,0.19607773,-0.10962402
241269,Sst,-0.086252905,-0.29213586
13847,Oligo,-0.22637197,-0.1317501
83742,Micro,0.22131285,0.13977781
179689,L4/5 IT,0.05764427,-0.40671927
111624,Pvalb,0.17631325,-0.049568973
143592,PVM,0.3093216,-0.045529388
221272,L5 IT,0.09375229,0.084272005
35696,L2/3 IT,0.22965106,0.019272424
36008,Oligo,-0.21298131,0.11048708
210735,Vip,-0.044013835,0.36844847
84161,Peri,-0.179461,-0.21092653
143880,L2/3 IT,0.08454057,-0.40331802
66144,Astro,0.24939844,-0.032696508
274046,Astro,-0.11575533,0.2283875
277644,Lamp5,0.20903698,-0.42785755
112033,OPC,0.17383566,-0.4209891
18552,OPC,-0.09978632,0.21459273
84138,Sst,-0.13669467,-0.38297158
260975,L4/5 IT,0.09933057,-0.20636076
214784,L4/5 IT,-0.00019256026,-0.36396942
274061,L6 CT,0.06412294,0.45454141
84119,Endo,0.16580555,-0.085987024
143952,Oligo,-0.22028536,0.3317671
95073,Peri,-0.1122034,0.043973483
52149,Endo,-0.29148462,-0.24424875
112018,Oligo,-0.36427185,-0.2934148
35975,L5 IT,-0.01669208,-0.013173185
36011,L6 IT,-0.064237155,0.29099342
143825,Oligo,-0.2921616,-0.15441602
112069,Oligo,-0.18307325,0.3155448
143605,L6 CT,-0.12652498,0.08496127
84236,L2/3 IT,0.13642213,-0.316777
112194,Lamp5,-0.0169091,0.45290324
112171,SMC,0.021719538,-0.26197693
143626,L4/5 IT,0.17494997,0.2646126
260944,Astro,-0.22787148,0.022133
112140,L4/5 IT,0.17905036,-0.0068285093
237750,L2/3 IT,0.29780254,0.34228364
226756,L2/3 IT,0.2257882,-0.21959093
3739,Astro,0.29336026,0.5489315
36075,Oligo,-0.21659204,0.22090349
173012,Endo,-0.1723817,-0.32872486
221331,Micro,-0.051976897,0.44035444
84194,Astro,0.23713896,0.2791269
52105,Oligo,-0.20725423,0.03151176
177429,L6 IT,-0.051214434,0.063076325
18555,OPC,-0.16975325,0.27246067
112086,L2/3 IT,0.29554197,0.40113845
255588,L2/3 IT,0.19624689,-0.0934545
265774,L4/5 IT,0.041231893,-0.21148139
13851,Oligo,-0.112693556,0.37784812
221301,Astro,-0.20039931,-0.06510233
52159,L2/3 IT,0.095376514,-0.41335958
263806,L6 IT,-0.060184695,0.14447501
201752,L2/3 IT,0.2830082,0.22841713
35813,Oligo,-0.21448025,0.009249397
84010,OPC,-0.21515885,0.3842183
144204,Astro,-0.15457773,-0.37948787
144214,L6 CT,-0.07194088,0.36967394
52217,L6 IT,-0.04181359,0.4650636
66240,L5 IT,0.14201507,0.44578233
190923,Oligo,-0.16476777,-0.30485526
66242,L6 CT,-0.11138082,-0.20635894
111850,Peri,-0.37448242,-0.21274331
66246,Pvalb,0.119849525,-0.1939272
144260,Endo,0.056938432,0.05169577
3676,Astro,0.2999926,-0.034247153
190880,L4/5 IT,0.06563308,-0.42120633
144308,L6 CT,-0.110436745,0.32035872
233743,Oligo,-0.019532718,-0.025051199
52236,L5 IT,-0.07907996,-0.11520698
60859,L5 IT,0.08433821,0.18054554
144161,Micro,-0.0053443685,0.46966085
52200,L5 IT,-0.12591305,-0.29053277
60869,L2/3 IT,0.11061456,-0.32221004
143992,L6 IT,-0.30123338,-0.38233396
190994,Oligo,-0.21673506,0.048404165
255559,L4/5 IT,0.021843515,-0.30601934
111943,Micro,0.24792132,-0.312719
21016,Astro,0.2514554,0.029109426
66173,Micro,0.060189568,-0.18876725
66175,Oligo,-0.19469666,0.10042594
190977,L4/5 IT,0.1524494,0.1672391
3685,Astro,-0.32007685,-0.26893726
95102,Oligo,-0.14803016,0.20691845
144064,L2/3 IT,0.2569897,0.41818067
239832,Endo,0.16059223,0.09057561
245456,L2/3 IT,0.28518447,0.5137933
179710,Oligo,-0.32973355,-0.20755768
268088,L4/5 IT,0.020010076,-0.361259
144095,Micro,0.023259602,0.23317304
263813,L4/5 IT,0.15925959,0.05249814
215027,Pvalb,0.026961826,-0.036758654
226866,L6 CT,-0.12180994,0.32934192
111995,Oligo,-0.21502247,0.23659948
86880,Oligo,0.1330286,0.036962546
115962,Astro,-0.1409396,-0.32039872
115886,Endo,-0.32008064,-0.1053332
92199,L5 IT,0.10618266,0.4769515
6277,L4/5 IT,0.05460783,-0.3974336
264747,L5 IT,-0.03928069,-0.18579558
258219,L2/3 IT,0.23823187,0.037366398
47727,Endo,0.01643791,0.06956927
127675,L6 CT,-0.063097216,0.42459473
127677,L6 CT,-0.40212277,-0.41671407
223913,Endo,0.10413887,-0.043840192
62300,L2/3 IT,0.20544687,0.21043459
217680,Oligo,-0.4689808,-0.37816253
127703,Oligo,-0.16018975,0.33952686
92212,L6b,-0.1998283,-0.02627667
127732,L2/3 IT,0.27308998,0.38043204
44043,Astro,0.20049426,-0.31855854
258207,Sst,-0.11979265,0.004531093
245921,L5 IT,-0.013953187,-0.275191
14375,L6 CT,-0.23763436,-0.25278512
120549,L6 CT,-0.07428513,0.41868106
176346,L4/5 IT,0.066240095,-0.21286717
19717,Endo,-0.1469889,-0.2352058
258237,L5 IT,0.029894136,-0.19341871
127557,Oligo,-0.10717238,-0.09892797
120803,L6 IT,0.06405743,0.3553442
196632,Pvalb,-0.21625581,-0.26714465
62325,Astro,0.2815877,-0.24625573
272059,Endo,0.04585942,-0.37020493
276,Astro,-0.03712038,0.36037007
44196,L6 CT,-0.23029336,-0.41275713
127446,Endo,0.2093533,-0.20922896
71533,L6 CT,-0.071056165,0.33140072
259457,L5 IT,0.04421296,0.0647885
44170,Oligo,-0.24148878,-0.09224623
272603,L6 IT,0.055429958,0.47278222
208883,Endo,0.050239883,0.32422653
73520,L2/3 IT,0.22281101,-0.29529104
258252,Endo,-0.17150107,-0.22191712
127519,L6 CT,-0.16729632,-0.022078924
208892,L2/3 IT,0.26969472,-0.06385719
196593,Endo,0.0991297,-0.11216246
196587,Oligo,0.06345346,0.47416595
176308,Oligo,-0.19416323,0.26705375
196502,L6 IT,-0.037564076,0.46039018
246297,L4/5 IT,0.09555753,-0.21225378
127814,VLMC,0.3325368,-0.11210375
89725,L2/3 IT,0.24125025,0.34649804
19770,Peri,0.11369183,-0.35036513
241952,L2/3 IT,0.21441475,-0.19401509
127960,L5 ET,-0.035643436,-0.27992824
89650,Sst,-0.22489256,-0.37019175
237177,Peri,0.041694067,0.097771384
176350,Oligo,0.3446047,0.4238111
272017,L2/3 IT,0.22797522,0.39772424
120364,SMC,0.14264664,-0.35457304
208932,Oligo,-0.5267875,-0.3940936
268035,L6 IT,-0.19376725,-0.08310639
63545,Vip,0.20098838,-0.3587884
272644,SMC,0.24768928,0.15938994
120347,L5 IT,0.118907414,0.24625614
198942,OPC,0.28273693,-0.18938431
5409,Peri,-0.33606204,-0.19111785
128052,Astro,-0.19242054,0.1106498
43918,L4/5 IT,0.054021202,-0.17665258
19773,Astro,0.19723824,-0.06958344
43936,Endo,0.22702053,0.48662242
127944,Lamp5,0.3517324,0.5385614
92255,Micro,-0.22211143,-0.11475154
89663,L6 CT,-0.27814284,-0.300189
89723,Oligo,-0.50191617,-0.37327412
272035,Oligo,-0.06727574,0.38825628
89712,Endo,0.35215804,0.21062383
127844,L4/5 IT,0.17356321,-0.081353985
196489,L4/5 IT,0.13465187,-0.0028392598
208924,L4/5 IT,0.20504102,0.3039035
175343,L6b,-0.42197075,-0.37569055
180060,L2/3 IT,0.28186175,0.042252906
258188,L2/3 IT,0.25012603,-0.017878316
89692,Vip,0.22631595,-0.3914382
43989,L6 CT,-0.074508645,0.4854013
258187,L6 CT,-0.30768257,-0.34861538
19752,OPC,0.25204447,-0.23475334
120452,L4/5 IT,0.029125534,-0.32059246
89682,L2/3 IT,0.28728357,0.14917317
272633,L6b,-0.14998084,0.38344225
272023,Peri,0.2873585,0.31253943
120423,Micro,-0.2589727,0.23630002
62284,L5/6 NP,-0.013917781,0.4226165
214281,L6 IT,-0.067498304,0.07704721
47633,L5 ET,-0.04292766,0.07051299
127330,L6 CT,-0.21746862,-0.36065504
127300,Astro,-0.4430085,-0.4092466
121177,Peri,-0.38161713,-0.3573452
73191,Oligo,-0.24103984,-0.057533078
44555,L2/3 IT,0.29104283,0.34355572
126695,OPC,-0.11736668,0.28960612
44541,L5 ET,-0.07754768,-0.28443933
44539,Sst,0.011002801,0.4314414
126716,L4/5 IT,0.07486232,-0.30987003
175500,Endo,-0.051568486,-0.41953444
232521,L4/5 IT,0.15877429,0.29962716
121125,L6 CT,-0.13511902,0.26315394
258363,Astro,-0.13585892,0.37863567
259395,Sst,-0.2649542,-0.42950714
126827,OPC,-0.12437407,0.09506682
126831,OPC,0.3420914,0.3442953
246275,L5 IT,0.016423129,-0.019777857
126852,L4/5 IT,0.017693542,-0.34637216
73499,L6 CT,-0.08360759,0.3669972
223791,OPC,0.30746588,0.18330464
258364,L5/6 NP,-0.06600676,0.22179124
208241,Oligo,0.31432,0.14336559
44565,Pvalb,0.19743857,0.44928303
90126,Astro,-0.2156862,-0.051287226
176260,L6 CT,-0.1556193,-0.29123873
90160,Pvalb,-0.19706866,-0.12364968
121277,L6 CT,-0.45472294,-0.3950008
222912,L6 CT,-0.050267793,0.47299287
19212,Astro,0.32322422,0.30336604
237125,L6 IT,-0.0077819005,0.17229715
126545,OPC,0.26093683,-0.16283545
126554,Astro,0.23191592,0.10080675
14417,Endo,-0.08581931,0.19611189
223732,Endo,-0.10077218,0.35422292
126565,L2/3 IT,0.21313962,-0.075775705
63262,L6 IT,0.022788368,0.3375748
5571,Pvalb,0.1419538,0.0023070946
259369,OPC,0.33907214,0.11321137
241787,Oligo,-0.24959561,-0.01742249
208789,L6 CT,-0.14228004,-0.022692017
126615,Astro,-0.20264211,0.19109848
47408,L2/3 IT,0.19324788,-0.15123028
44573,L2/3 IT,0.18243048,0.13676742
92072,L6b,-0.152984,0.3074617
258349,Pvalb,-0.19900838,-0.34547895
264703,L5 IT,-0.12626937,-0.2699469
258343,Micro,0.075680934,0.07146392
62341,Astro,0.08100965,-0.0913349
120915,L5 IT,0.10498121,0.40914157
196777,L6 CT,-0.20776027,-0.21021381
127096,L4/5 IT,0.05301913,-0.34061876
62332,L4/5 IT,0.13685402,-0.10556715
127131,L5 ET,-0.01929567,0.09763018
175423,Oligo,-0.047463633,0.34793606
208232,L5 IT,-0.10627697,-0.11726912
218145,Oligo,-0.19964144,0.22829512
19195,Endo,-0.29285115,-0.11181065
127146,L6 CT,-0.26933512,-0.37064847
272586,L5 IT,0.12072595,0.18982252
120869,L2/3 IT,0.24668673,0.21832386
44292,L2/3 IT,0.24373844,0.2925357
264716,L4/5 IT,0.07119628,-0.1523405
196725,Astro,0.050693296,-0.15442231
11518,L2/3 IT,0.1002629,-0.3682993
127262,Astro,0.2905989,-0.0041422173
246294,Astro,0.3414006,0.45228204
44376,Astro,0.3040304,-0.101452224
128112,Astro,0.03246548,0.21817759
120962,Oligo,-0.25841317,0.3849505
89992,Astro,-0.17850593,0.3430417
272569,L5 ET,0.046652935,0.43810442
214293,L6 IT,-0.14004645,-0.07450204
44463,L4/5 IT,0.18298504,0.41444358
47482,L5 ET,0.13795337,0.42649356
14409,Astro,-0.06459413,0.08305047
196813,L5 IT,0.095245264,0.14122811
234162,Oligo,-0.19374803,0.31441018
279262,L6b,-0.15727752,0.3463768
63329,L6b,-0.1560741,0.2460123
208816,Endo,0.29890832,0.38852182
218139,Peri,-0.11681337,-0.23519692
63333,L2/3 IT,0.30046126,0.4467452
127020,L5 IT,-0.031407095,-0.34626296
223836,L2/3 IT,0.21912137,-0.011061512
73187,Endo,0.22892246,-0.22932646
127042,L4/5 IT,0.18711707,0.4710525
264713,L2/3 IT,0.1558477,-0.20865098
92098,Oligo,-0.31803182,-0.27370092
279387,Lamp5,0.1427925,-0.27955493
120981,Oligo,-0.2336277,0.208128
90164,Peri,0.31835994,0.42197767
224013,L2/3 IT,0.15446344,-0.1123709
128118,Oligo,-0.16524956,0.33976498
276956,L5 IT,-0.05245576,-0.28787503
119722,L2/3 IT,0.27744988,0.28630665
119692,Astro,0.24102691,-0.0176064
43356,SMC,0.026100479,-0.26511756
63741,L4/5 IT,0.15341535,0.308462
48131,L6 CT,-0.17954132,0.028135605
43339,OPC,0.24769142,-0.25456384
43330,SMC,0.0028597936,0.3466442
199121,Oligo,-0.4020616,-0.30091277
208155,L6 CT,-0.07568432,0.25043038
89219,Astro,0.32166514,0.1521419
245884,L6b,-0.14947736,0.34728023
129195,Astro,-0.060926117,-0.090230756
43318,L4/5 IT,0.14188543,0.19675711
244340,Oligo,-0.22144046,-0.21602774
129219,Oligo,-0.2118566,0.39834997
129251,Astro,-0.3096306,-0.19583824
232702,Micro,0.3486931,0.44701657
6362,Oligo,-0.08329467,0.18379024
92456,Pvalb,-0.011328615,-0.28113142
199116,L2/3 IT,0.23195788,-0.256376
175125,L4/5 IT,0.12169137,-0.1668168
196085,L6b,-0.15175095,0.34050456
62203,L2/3 IT,0.15260407,-0.39115077
89327,Endo,-0.15491292,0.019667275
119817,Micro,-0.48376128,-0.3131589
5323,L5 IT,0.15113053,0.4748141
119798,Endo,0.06816717,0.0061019138
129001,L2/3 IT,0.24036929,0.08309112
119785,Astro,-0.18903702,0.2614843
209065,L6b,-0.1905582,0.03507749
279454,L6 IT,-0.33918324,-0.3277243
237230,L2/3 IT,0.156786,-0.19361064
89302,Oligo,-0.1414876,0.08816425
129044,L2/3 IT,0.16228852,-0.30355605
43419,L5 IT,-0.024176635,-0.09660562
244210,Peri,0.029731296,0.18826029
176454,L6 CT,-0.20258254,-0.385111
272729,L5 IT,0.12635842,0.24077728
89265,L6 CT,-0.15921676,-0.15592143
43385,Peri,-0.032646693,-0.37488857
129273,Oligo,-0.1884071,-0.22419497
128976,Astro,-0.39845267,-0.2702733
129285,L5 ET,0.07779565,0.31567737
224229,L2/3 IT,0.226091,0.42931005
129569,Astro,0.09206202,0.2318007
129575,L6 IT,-0.30265066,-0.2868375
236871,Endo,-0.37637365,-0.2853563
195846,Oligo,-0.2828275,-0.15370187
129580,Endo,0.30462483,0.4368849
63812,L2/3 IT,0.22105554,0.13466576
257860,L2/3 IT,0.20537236,0.049413748
43163,L4/5 IT,0.10453787,-0.14208585
119416,Oligo,-0.29386154,-0.15808526
119377,L2/3 IT,0.27355298,0.239279
245857,Micro,0.33526197,0.1444231
195838,L6 IT,-0.09738488,-0.2462993
119363,L6 CT,-0.09544856,0.327199
257853,L6 CT,-0.06829635,-0.07080688
43148,Endo,0.25529233,-0.36147115
272776,Astro,-0.06711791,0.20448056
129664,L2/3 IT,0.28027788,-0.027521782
92607,Astro,0.27644506,-0.055049323
119374,L2/3 IT,0.14392367,-0.3751618
129521,Oligo,-0.09761331,0.10186551
19091,Micro,0.082389735,0.41741768
195868,Oligo,-0.32884327,-0.33949527
119571,L2/3 IT,0.11428579,-0.37160105
43277,Peri,-0.369249,-0.19415525
63787,SMC,0.03199085,-0.26576242
129361,L4/5 IT,0.0849463,-0.17008823
209091,L4/5 IT,0.036559783,-0.35556233
119540,Astro,0.31524065,-0.004887961
43263,Lamp5,0.16885051,-0.429744
129370,Endo,0.18386284,0.4292586
208147,L4/5 IT,0.10221895,-0.015450649
48185,L6 IT,0.01414635,0.24979982
89143,OPC,-0.21355936,-0.048429064
129405,L6 IT,-0.42360643,-0.41626716
195896,L6 CT,-0.07561026,0.12101445
129440,L2/3 IT,0.17847028,-0.1603359
9783,Sst,-0.15744069,-0.2453784
129449,L4/5 IT,0.16059694,0.018873937
195887,L2/3 IT,0.22875443,-0.1282438
89122,Astro,-0.039373375,0.2803217
222588,Oligo,-0.18533498,0.18148103
195954,Oligo,-0.034752347,-0.16926461
234036,Endo,0.06418177,-0.0077033862
19143,Lamp5,0.22998372,0.20271501
119883,Oligo,-0.20819956,0.25498232
196321,OPC,0.09682914,0.48023614
234178,Endo,0.03471812,0.278052
43787,Pvalb,0.22226962,-0.08258685
128365,Endo,0.21544984,0.13919136
43783,Oligo,-0.22051135,0.25049338
120197,L6 CT,-0.3174929,-0.30349752
208989,L4/5 IT,-0.0127282515,-0.42057693
272663,Micro,-0.36426198,-0.41996908
89538,L6 CT,-0.032517172,0.33298793
128415,Oligo,-0.29758924,-0.17937502
224047,L5 ET,-0.020109035,-0.040248953
222676,L4/5 IT,0.081207715,0.024749227
19817,L4/5 IT,0.1493558,-0.10116907
71755,L4/5 IT,0.112613164,-0.1062822
47945,L5 IT,0.023806535,-0.09333681
47948,Oligo,0.011227034,0.40215716
224069,Peri,0.08567115,0.2740793
224080,Micro,-0.25413045,-0.2979668
258108,L6 CT,0.006264709,0.08448861
272008,L5 IT,0.044911645,0.029845752
89540,L4/5 IT,-0.10697708,-0.41061476
128300,L6 IT,-0.101918764,-0.020469122
43888,Oligo,-0.51155734,-0.37433878
43886,L2/3 IT,0.28184113,0.46702436
63553,Sst,-0.077992566,-0.15229422
92291,Micro,0.16792133,-0.36178055
128142,L4/5 IT,0.025561176,-0.35704198
14355,L4/5 IT,0.13628927,0.04857684
233170,L6 CT,-0.14630109,0.35465434
128176,Astro,0.12633833,0.34763744
14765,L6 CT,-0.1557191,-0.010202132
17487,L6 CT,-0.22052717,-0.15197936
196342,Astro,0.339399,0.2599245
277092,Astro,0.06609144,-0.06407302
43830,Oligo,0.0066502914,0.2516164
43829,Oligo,-0.27455437,-0.12501308
128252,Endo,-0.20102215,-0.2862776
128270,L6 IT,-0.21237195,-0.22981045
128271,Oligo,-0.25038722,0.040356614
244332,Astro,-0.31598714,-0.3845439
196329,L2/3 IT,0.22769812,0.0349826
224083,OPC,0.34383932,0.054208793
5367,Pvalb,-0.24946764,-0.18566182
272686,L4/5 IT,0.15385804,0.22080162
180465,Vip,0.15478972,-0.021750294
128796,Endo,-0.01507137,0.35074994
176403,L6 CT,-0.012287952,0.29260114
119993,L6 IT,-0.16730624,-0.11527582
175196,PVM,-0.07444594,0.21976939
128833,Oligo,-0.37016127,-0.29092073
63647,L6 IT,-0.25855997,-0.29982635
245894,L6 CT,-0.13531214,0.28762063
271988,L6 CT,-0.098396964,0.26260605
48042,Oligo,0.08832278,0.03947983
119937,OPC,0.009555779,0.1844913
43548,Oligo,-0.19546735,0.39118138
17469,L2/3 IT,0.28792527,0.5308045
128887,Astro,0.04829987,-0.24063453
5333,L4/5 IT,0.06428703,-0.36788917
71470,Oligo,-0.21397144,0.10500286
48048,L4/5 IT,0.041837476,-0.3646078
89357,L5 ET,0.07774796,0.27799073
43506,Lamp5,0.26125523,0.09627328
43494,L5 IT,0.06971755,0.09871367
250040,OPC,0.13710245,-0.19680044
222740,L6 IT,-0.18881664,-0.0930407
258037,L2/3 IT,0.25668624,0.43689665
209033,L5 ET,-0.07201675,-0.32925126
47964,L6 CT,-0.12964863,0.029969819
175240,L6 IT,-0.14987212,0.085435905
5360,L4/5 IT,0.20199302,-0.073206894
209020,L6 IT,-0.1950759,-0.20621291
19845,OPC,0.21169129,-0.13844904
12523,L4/5 IT,0.01611247,-0.3662887
89450,L6b,-0.15487522,0.2151083
92353,L2/3 IT,0.24763682,0.0040384308
199015,L4/5 IT,0.15478405,0.23346415
180480,L6 IT,-0.19172204,-0.15469313
120040,Pvalb,0.18374643,0.37639317
196219,L4/5 IT,0.06870594,-0.39045
120037,L6 IT,-0.059111215,0.28727803
218172,Astro,0.17206183,-0.20408562
259559,Sst,0.147993,-0.16633728
269449,Endo,-0.25923166,-0.059170507
47982,Astro,-0.24821043,0.11838839
176394,L6 CT,-0.040369608,0.10462008
128726,L6b,-0.19881052,-0.013581626
196181,VLMC,0.38590905,0.56498694
62126,L2/3 IT,0.1495389,-0.082089536
223723,Astro,0.027140819,-0.09716343
272551,L4/5 IT,-0.013681151,-0.34171876
124159,L4/5 IT,0.09267899,-0.3605415
62865,Peri,0.1413543,0.23730364
175862,Pvalb,-0.06589595,-0.13767058
124199,Astro,0.23992082,-0.3245981
122471,Endo,-0.41242447,-0.35274115
122453,L2/3 IT,0.25593653,0.05064649
259146,Oligo,-0.41437405,-0.3187706
122422,Peri,-0.06457851,-0.23149791
198254,Astro,0.27045307,0.19225195
246132,Astro,0.106884085,-0.33487502
122420,L5 IT,-0.064476706,-0.17812365
62890,L6 CT,-0.1356946,0.13428077
246136,Micro,0.18386492,-0.22388014
124241,L2/3 IT,0.20533958,0.10707829
122398,L4/5 IT,0.1627315,0.31958327
272372,Oligo,-0.41024628,-0.3092922
5889,L6 IT,-0.050404944,0.05288831
45791,L4/5 IT,0.12073108,-0.0019735023
46809,L2/3 IT,0.20203242,-0.32569143
62604,L6 IT,-0.105398305,0.09568397
218038,L2/3 IT,0.3078421,0.5617803
238920,L5 IT,-0.1661767,-0.40112063
272333,L2/3 IT,0.24718788,0.05724091
19363,L2/3 IT,0.20293185,-0.08398905
208538,L6 CT,-0.19424745,-0.164282
91066,Oligo,-0.1984865,0.04638941
267683,Endo,0.3397859,0.35718814
45941,L6 IT,-0.009523846,0.033188708
46700,Astro,0.27216104,-0.28230503
240323,Astro,0.056216143,0.4751645
197742,Astro,-0.08817578,-0.4137752
91541,OPC,0.04782643,-0.18339598
124078,Oligo,-0.18899441,0.105475284
237012,Oligo,-0.23189354,0.36353847
277049,Oligo,-0.19881609,0.37050214
122584,L5 IT,-0.10498402,-0.25233692
258836,Astro,0.2673575,-0.12796584
91548,L4/5 IT,0.03299292,-0.30968663
91016,Oligo,-0.24166465,-0.059808724
175873,L6 CT,-0.1340267,0.39398262
124110,Oligo,-0.21000668,-0.061299406
124305,L4/5 IT,0.16343889,0.0596459
123979,L4/5 IT,0.1153368,-0.25315073
258798,L5 IT,0.0528213,-0.0879777
45773,L5 IT,-0.12863395,-0.2867191
14475,Astro,0.15456262,-0.39684755
264444,Astro,-0.16780871,-0.26228106
244271,L6b,-0.14781135,0.2616243
122198,VLMC,0.25980738,-0.39834866
19513,L6 CT,-0.09778587,0.45321515
218062,Endo,0.22885379,0.38320723
124608,L5/6 NP,-0.058433153,-0.33761215
45632,L6 CT,-0.13743284,-0.2839974
91655,Oligo,0.05540248,0.44151863
45616,Pvalb,0.08609875,0.16897687
124640,L4/5 IT,0.1727663,0.1853827
197601,Oligo,-0.20340207,-0.020891927
46955,L4/5 IT,0.18704525,0.31237283
124695,Peri,-0.22655696,-0.029160462
180264,L5 IT,-0.15788755,-0.2953343
218065,L4/5 IT,0.107607506,-0.2383779
217920,L6 IT,-0.31486934,-0.32922736
90759,L6 IT,-0.09132052,0.21078882
45614,OPC,-0.03437636,-0.3980946
45660,Oligo,-0.08781699,0.05314756
62926,L4/5 IT,0.06132772,-0.2738824
122249,Endo,0.15168515,0.013695665
223117,Astro,0.030954503,-0.09756788
45772,L2/3 IT,0.26687708,-0.1521737
124321,Oligo,-0.047339477,0.24318185
91606,Astro,-0.24886954,0.06826786
223436,Oligo,0.09519871,-0.10714411
45759,Astro,0.2510468,0.060874112
208591,L6 CT,-0.2990946,-0.298085
237033,Oligo,-0.42364356,-0.4304427
198322,Oligo,-0.15025353,0.018009491
124421,L6 IT,-0.24396399,-0.3407402
239937,L5 IT,-0.06902752,-0.19578782
244272,L5 IT,0.06381979,-0.036338888
272195,L5/6 NP,0.060327433,0.23536125
5860,L6 IT,-0.04972408,-0.032815687
264549,L4/5 IT,0.10827079,-0.15504119
124449,L5 IT,-0.009740569,-0.21373233
223465,L4/5 IT,0.12155517,-0.04119318
14477,L2/3 IT,0.2562274,0.48199096
198349,L2/3 IT,0.28504792,-0.038893245
272377,L2/3 IT,0.2162889,-0.21817455
73333,L2/3 IT,0.19359311,-0.18294361
123973,L4/5 IT,0.064340316,-0.28170878
180180,L2/3 IT,0.20235822,-0.123241864
264489,Peri,-0.22352737,-0.33993155
198062,L2/3 IT,0.2054126,-0.16471422
5963,L4/5 IT,0.1898242,0.3453534
91441,L6 CT,-0.13487893,-0.16687322
223199,Micro,-0.040452458,0.1708124
197906,Vip,0.20586208,-0.18443248
197902,Micro,0.02138605,-0.20240474
197899,L2/3 IT,0.25083205,0.057509787
176017,L6 IT,-0.20673123,-0.13604346
175980,L2/3 IT,0.20798108,-0.19535267
123522,Micro,0.1773521,0.18048707
122908,L6 CT,-0.052068688,0.2981089
208492,VLMC,0.30864707,-0.24209282
12681,L2/3 IT,0.118554614,-0.15772757
246100,L5 IT,-0.2680891,-0.4246477
123625,L6 IT,0.017280184,0.1472564
123626,VLMC,0.28134528,-0.34764835
5959,Peri,0.10229453,0.48302004
223309,Sst,0.15679821,0.16938773
46317,L5 IT,-0.0031325594,-0.107488744
122993,L6 CT,-0.15914476,-0.16194853
123383,Astro,-0.5250501,-0.37439823
19387,L2/3 IT,0.30759284,0.52008647
272254,L6 CT,-0.40352812,-0.40316945
123179,OPC,-0.33798757,-0.21768117
123184,L2/3 IT,0.31047454,0.45270678
123106,Oligo,-0.20672148,0.16038278
198028,L5 ET,-0.034779347,-0.19308987
46478,Oligo,0.09855386,0.4668115
272261,L6 CT,-0.08307464,0.2770566
214323,OPC,0.18252006,0.46486047
197966,Lamp5,0.3048828,0.5072984
6000,L4/5 IT,0.03812834,-0.28301254
223228,Astro,-0.2426542,0.096231736
91337,Oligo,-0.0010175481,-0.39494365
123318,OPC,0.3532519,0.55619705
46517,Oligo,-0.18377793,0.3558198
5972,Oligo,0.052199863,-0.22003022
197943,L2/3 IT,0.27671114,0.095539965
176002,Lamp5,0.3312917,0.23642573
246074,Endo,0.19630465,-0.24237284
46168,L4/5 IT,0.1977829,0.46910653
123639,L6 CT,-0.23772082,-0.32840466
122873,Peri,-0.0458828,-0.055861287
198085,PVM,-0.0503665,0.41339967
91505,L4/5 IT,0.21463796,0.4840125
122747,L6 CT,-0.29323623,-0.40655178
122737,OPC,-0.24141091,0.16929033
223379,L6b,-0.29012114,-0.22047898
258873,Oligo,-0.19993067,0.21879199
46655,Oligo,-0.2364189,0.07761655
279319,L2/3 IT,0.2499241,-0.22992992
244312,Astro,0.008982204,0.48400077
123911,Endo,0.16100433,0.39523593
9611,Peri,0.017527364,-0.1440889
123917,PVM,-0.072482266,0.11118219
14501,L6 IT,-0.1241836,0.028812714
46676,L2/3 IT,0.1920552,0.18577829
45980,PVM,0.11688139,-0.39255288
91517,L6 CT,-0.09708736,0.15195659
198182,Oligo,0.13821068,0.23319122
268001,L6 CT,-0.0075898543,0.42642304
258860,L5 IT,0.119719766,0.23687759
223397,L6 CT,-0.36156532,-0.37635356
268000,L2/3 IT,0.26577756,-0.07489478
124723,Astro,0.2728261,-0.18313298
238923,L6 CT,-0.29676446,-0.36091155
259059,Micro,-0.396516,-0.3759746
208503,L2/3 IT,0.15820685,-0.35768506
272296,L5 ET,0.029210113,0.2723904
122843,L6 IT,-0.22654209,-0.32129142
122818,Endo,-0.08678595,-0.2538349
91205,L6 CT,-0.3570324,-0.3652297
46623,L6 IT,-0.07880888,0.10991339
123705,Pvalb,-0.056504823,-0.4062753
46630,Astro,0.072923444,-0.09768658
258904,L6 IT,-0.3238667,-0.33632785
91164,L2/3 IT,0.15288529,-0.41681775
62777,L6 CT,0.007028602,0.45791712
175951,L6 CT,-0.04875145,0.14668456
91161,OPC,0.3472056,0.052220352
91160,L6 IT,-0.21973813,-0.15877563
246110,L2/3 IT,0.31231984,0.45843485
91150,L6 IT,-0.32731402,-0.4106418
123787,L6 CT,-0.14942035,-0.1472385
46090,VLMC,0.35705808,0.20692697
6046,L6 CT,-0.09049321,0.38319257
175950,L4/5 IT,0.11259081,-0.17696998
126481,VLMC,0.38253948,0.52520853
122158,L6b,-0.5126225,-0.39958793
208626,L2/3 IT,0.17565009,-0.041453056
232538,Endo,0.09674295,0.18605766
198580,L6 CT,-0.23328921,-0.41079175
125971,L2/3 IT,0.0536327,-0.408668
176189,L4/5 IT,0.13350222,0.060329862
258504,Astro,-0.25924444,0.3610349
90357,OPC,0.29018673,-0.24660489
198593,VLMC,0.35302117,0.14518866
91936,VLMC,0.3019754,-0.27895594
125898,L5 IT,-0.03923116,-0.20325866
121518,VLMC,0.31391904,-0.21033391
126043,L5 ET,-0.029696025,-0.17106712
91949,L6 IT,-0.04034034,0.22518936
126062,L4/5 IT,0.08287396,-0.21168312
121461,L2/3 IT,0.15646312,-0.13317013
44902,L4/5 IT,0.16683522,0.18934575
232662,Lamp5,0.3397698,0.3402308
126087,Oligo,-0.13884133,0.33042654
197142,Oligo,0.065870784,0.07068566
121503,L5 IT,-0.006079234,-0.05095514
258519,L5 ET,-0.023635305,-0.20856106
125857,L6 IT,-0.30887368,-0.36178693
175579,L6b,-0.1668666,0.39907947
125578,L4/5 IT,0.1711832,0.26403132
14643,OPC,0.2674345,0.47566333
125589,Peri,-0.057513632,-0.05532881
45168,L6 CT,-0.4063612,-0.42491543
125612,Astro,0.23697188,0.22381267
272481,Micro,-0.07150198,-0.28299248
245980,L4/5 IT,0.083209895,-0.26157743
71572,Micro,0.09903111,0.39368185
63132,L2/3 IT,0.2655463,-0.18874094
19289,Oligo,-0.1493243,0.23236743
45062,Micro,-0.36430803,-0.418685
121673,Oligo,-0.36109045,-0.30096707
176179,L6 CT,-0.14693633,-0.09850263
237085,Oligo,-0.10040743,-0.096039735
259283,L6 CT,-0.37485614,-0.35993102
180364,L6 CT,-0.12045894,0.29317644
63140,Astro,-0.19322151,-0.32604364
121626,Peri,0.14370176,0.07526068
218106,Micro,0.21728197,-0.26088473
91956,L4/5 IT,0.09650835,-0.24758035
125577,L4/5 IT,0.059124433,-0.32830998
223675,Endo,0.100126706,-0.15513507
126123,Peri,0.0018947944,-0.27931768
259352,Sst,0.1283972,0.32122245
208752,Oligo,-0.19232365,0.3069435
73456,L6 CT,-0.19821078,-0.29476628
237116,L2/3 IT,0.21162745,-0.062278084
259354,L5 IT,0.010295294,-0.26057476
44686,Micro,0.24880895,0.45888266
90197,L4/5 IT,0.16523549,0.27478948
258443,L6 CT,-0.18549421,-0.13054883
277011,L5 IT,0.06448408,0.31251583
245970,L5 IT,0.07289865,0.15969202
62390,OPC,0.06367781,-0.05652117
62388,L6b,-0.17124394,0.102497734
126411,Pvalb,-0.03457115,-0.046035938
47364,L5 IT,-0.009182908,0.06697897
243281,Pvalb,0.15867695,-0.11996778
126470,L6b,-0.4892442,-0.4044018
63234,L6 IT,0.025004469,0.26792154
19649,Astro,-0.09739027,0.37158754
44680,VLMC,0.34681115,0.06265626
356,SMC,0.038397513,-0.26592
121399,L4/5 IT,-0.06487361,-0.41368517
44752,Oligo,-0.19257957,0.252717
208737,L2/3 IT,0.09999641,-0.2950868
5642,L5 IT,0.10167643,0.11254112
259337,Peri,-0.04309628,0.029844858
47307,Oligo,-0.32133937,-0.19370714
44824,L4/5 IT,0.19347236,0.4348291
5623,L2/3 IT,0.2768636,-0.061068736
126195,L2/3 IT,0.29400793,0.5684216
223686,L5 ET,-0.024692155,0.3215845
279368,Pvalb,0.021965168,-0.31136814
232526,L6 CT,-0.31796533,-0.33759382
222929,VLMC,0.3855773,0.56049174
126233,Astro,0.30553034,0.36869106
47316,Endo,-0.5222163,-0.3853102
272532,L6 CT,-0.24249226,-0.28324726
14671,L6 CT,-0.20235911,-0.23554021
197077,Vip,0.17062864,-0.32387352
121405,VLMC,0.36475006,0.3518782
236935,L6 IT,-0.15931335,-0.20035645
126287,Oligo,-0.28564087,-0.42044315
90309,VLMC,0.3323423,-0.1215082
62460,L2/3 IT,0.27150145,0.39157715
5713,VLMC,0.38370058,0.53433114
125568,L5 IT,0.13141385,0.28778097
122050,Oligo,-0.25424278,-0.07494559
90657,OPC,0.29779378,0.4506834
19529,SMC,0.15441921,0.18972626
198440,Astro,-0.057853796,0.066176005
125034,Oligo,-0.06240628,0.4445357
122020,L5 IT,0.09365728,0.057014592
91768,L5 ET,0.03649106,0.3848069
125060,L2/3 IT,0.21402517,0.060605325
5783,Oligo,-0.25316542,-0.4259976
122014,L4/5 IT,0.20039162,0.3695586
19308,L6 CT,-0.09219793,0.48074493
180287,L6 CT,-0.056403972,0.3671898
63018,L2/3 IT,0.072814904,-0.4159838
208654,Endo,0.11417916,0.048146017
198446,L6 IT,-0.06635032,0.29885587
300,Pvalb,-0.12048838,-0.18843165
45378,L2/3 IT,0.28405246,0.17673388
47029,L6 CT,-0.18605652,-0.011546187
47009,L4/5 IT,0.039957426,-0.2934536
272173,L6 CT,-0.18235722,-0.40973744
90665,Micro,0.25637242,0.3538755
122056,OPC,-0.043515183,-0.03326323
122156,Endo,-0.1038203,-0.34444335
62963,L2/3 IT,0.2974169,0.44110444
124747,L2/3 IT,0.20373979,0.047655262
122141,Endo,0.09126296,-0.33976194
279346,L5 IT,0.019940458,0.20192906
45542,VLMC,0.32056317,-0.16424707
242748,Pvalb,0.09756478,0.23578426
249851,Endo,0.2596247,0.40022716
19524,L6b,-0.3516364,-0.30143937
122109,L2/3 IT,0.22203806,0.35727444
91714,L6 IT,-0.17309785,-0.33718845
223524,L6 CT,-0.100071676,0.43886736
45478,L6 CT,-0.037612654,0.038304783
122092,L4/5 IT,0.13175091,-0.020438217
249850,L5/6 NP,-0.14093807,-0.24430022
279347,Pvalb,0.04318144,0.15831658
12636,Astro,-0.24817151,-0.058654122
124919,Micro,-0.4391342,-0.41381985
46997,OPC,0.064399324,-0.019360118
19540,Oligo,-0.114171155,0.21936014
121960,L6 CT,-0.28597084,-0.3126317
12629,Oligo,-0.21716583,0.037200518
45358,L6 IT Car3,-0.515303,-0.4251748
244267,Sst,0.30386665,0.40268853
246183,L5/6 NP,-0.11187429,-0.2180275
19595,Astro,-0.19226143,0.28659555
125431,Oligo,-0.24546927,0.009396441
125432,L6 CT,-0.27397928,-0.38511485
62486,Oligo,-0.19542208,0.28411648
121806,Oligo,-0.18810731,0.09212116
125480,L2/3 IT,0.1926597,-0.17652753
223000,OPC,0.12963048,0.477183
90508,SMC,0.18405291,0.3526726
125496,L5 IT,0.0532675,0.23021653
90503,L2/3 IT,0.23562506,-0.15257293
121768,L6b,-0.30115005,-0.23489317
345,Endo,-0.019512273,-0.3606294
125544,L6 CT,-0.17454144,0.041593827
121732,SMC,0.18021992,0.35001555
125548,Vip,0.12201669,-0.4217454
264624,L6 CT,0.06694909,0.3879089
244254,L6 CT,-0.031429566,0.33643177
197374,Oligo,-0.19123065,0.15492389
217917,L2/3 IT,0.23232302,0.023565777
125380,Oligo,-0.15791616,0.15065649
90543,L2/3 IT,0.23253068,-0.17805609
125159,Micro,0.33519092,0.18606111
125165,Lamp5,0.2565268,-0.19983631
121952,L6 IT,-0.33295435,-0.3432837
223563,L6 IT,-0.29692245,-0.30354866
47063,L2/3 IT,0.23084536,0.46087727
217877,L6 CT,-0.23353508,-0.2493698
73225,Micro,0.24711284,0.20590118
125243,L4/5 IT,0.11918142,-0.086647294
268010,L2/3 IT,0.08536168,-0.33075067
125260,L6 IT,-0.002382435,0.44289914
121886,OPC,0.14685926,0.12370328
9643,L5 IT,-0.059651174,-0.040569864
125300,L6b,-0.21077251,-0.056140713
125305,OPC,0.3509803,0.2893153
45296,Micro,0.34275308,0.5577394
268019,Astro,0.30550346,0.35069975
47092,Endo,-0.18954411,-0.3249568
90554,Astro,-0.07385541,0.07389454
47118,Oligo,-0.34115797,-0.2354674
197380,L5 ET,-0.049914815,-0.24883589
207779,Oligo,-0.20299244,0.0970811
119339,L6 IT,0.032287024,0.20211884
43120,VLMC,0.3447695,-0.012823723
194327,L4/5 IT,0.0366083,-0.40078685
20292,VLMC,0.31634542,-0.19129598
64441,L6b,-0.35964438,-0.31584844
200013,L6 CT,0.0144235715,0.45299295
73012,L6 CT,-0.11660252,0.14870265
200014,Peri,-0.5418275,-0.3865542
240,Oligo,-0.22393444,0.25215188
269313,L4/5 IT,0.032417618,-0.38072175
176713,L5 IT,0.073151134,-0.0847654
222193,Peri,-0.3387625,-0.27673075
116976,Astro,0.22920504,-0.05929985
278551,VLMC,0.30020192,-0.289066
41013,Micro,0.10192921,-0.110229515
87584,L4/5 IT,0.21532515,0.44379297
41010,Astro,0.12228682,0.122616924
194297,Endo,-0.092123486,-0.08179157
41009,L2/3 IT,0.23876658,0.19629714
40998,L6b,-0.22129491,-0.10258674
49602,L4/5 IT,0.1788803,0.29214886
245734,Endo,0.29501018,0.34885195
87624,L6 IT,-0.4301291,-0.41757464
41081,Lamp5,0.31623998,0.2752941
73020,Oligo,0.12614343,-0.39179224
225063,Peri,0.14382502,0.31186298
61755,L6b,-0.15875,0.24187317
18956,Endo,0.06659617,-0.24238294
133749,Peri,-0.117426045,0.33397684
41118,Micro,0.31178567,0.38087216
61754,L2/3 IT,0.19981596,-0.11988514
133812,L2/3 IT,0.2296702,-0.012501858
117064,SMC,0.02094879,-0.25908467
194371,L6b,-0.4428564,-0.3831427
214196,L5 ET,0.10651555,0.23305628
18947,OPC,0.28456536,0.013743259
234225,Micro,0.022854052,0.04026041
265107,Oligo,-0.23914018,-0.1323803
6668,Oligo,-0.21924627,-0.024658464
9948,Oligo,-0.29584387,-0.23765627
257136,L6 CT,-0.10326878,0.41196498
133868,L2/3 IT,0.26350722,0.065192886
133880,Oligo,-0.19743225,0.07582132
40990,L6 IT,-0.08993999,0.17408243
194423,L2/3 IT,0.22326949,0.3271478
87566,Endo,0.20737514,0.005663611
4813,L6 IT,-0.07797361,-0.18227956
40847,Astro,0.0013653263,0.050029255
134365,L2/3 IT,0.17087963,-0.060301892
225179,L5 ET,0.043209158,0.41532758
279186,L5 IT,0.042012297,0.22120556
40833,L2/3 IT,0.2746081,0.12245927
4788,Astro,-0.08988998,0.28249982
260091,L2/3 IT,0.21919176,0.11837909
93485,L4/5 IT,0.14964923,0.2587628
217286,L2/3 IT,0.087061785,-0.31110463
176768,L5 IT,-0.03333489,-0.09451195
116757,Astro,-0.18477505,0.21706149
200113,Astro,-0.057019092,0.09646074
40800,L2/3 IT,0.1898084,-0.00131201
40796,L4/5 IT,0.10406526,-0.0069066808
244129,L2/3 IT,0.28194097,0.09215782
134477,Oligo,-0.21793252,0.02976463
9976,Astro,0.118096195,-0.015949838
116716,L6 CT,-0.14712006,-0.064560734
93502,L2/3 IT,0.20191464,0.14865348
87499,L2/3 IT,0.25032672,0.4441482
87510,VLMC,0.36516008,0.37565306
134322,L4/5 IT,0.16669789,0.16578427
64463,Oligo,-0.24218756,0.3076816
279193,VLMC,0.36032084,0.3177555
134092,Oligo,-0.09033332,-0.31215462
40962,L2/3 IT,0.30397734,0.4635429
209555,L5 ET,-0.026408352,-0.064899795
194249,Lamp5,0.287029,-0.086692266
194245,L2/3 IT,0.23306176,0.29242268
40928,L2/3 IT,0.29969928,0.46823677
278110,L4/5 IT,0.13766077,-0.20666143
214842,SMC,-0.5036153,-0.40284073
61707,Micro,0.103589736,0.44142464
176731,Endo,0.30358484,-0.20632675
134240,Astro,-0.043732084,0.48434302
134255,Micro,0.34675327,0.14187148
194218,Oligo,-0.17133316,-0.36078456
40898,Oligo,-0.24184716,0.14295194
116866,Oligo,-0.25812817,-0.12167724
276887,PVM,0.016769849,-0.15354875
6690,Astro,0.039210223,-0.12529007
134067,L6b,-0.41836676,-0.3862187
117118,Astro,0.3082877,0.008033849
133683,L4/5 IT,0.15800038,0.14843532
87684,Endo,0.10920533,-0.42996255
174532,L5 IT,-0.10415036,-0.3771477
133187,L6b,-0.14063233,0.30644104
174521,Oligo,-0.21235582,0.08082203
117489,Pvalb,0.0731829,0.119218804
4927,L6 CT,-0.11898977,-0.12815744
279512,L2/3 IT,0.29875365,0.31176135
87872,L4/5 IT,0.14410046,0.19235793
260007,L2/3 IT,0.25340024,0.12029705
117511,L6 IT,-0.19102353,-0.27859452
244385,Oligo,-0.18006936,0.15573415
133215,L6 IT,-0.38380536,-0.42365685
15018,Astro,0.17335239,-0.3831164
87860,L4/5 IT,0.040276133,-0.38344482
41433,L4/5 IT,0.18722627,0.19608352
194585,SMC,0.24936947,0.16291222
244147,Sst,0.027619801,-0.2763624
244389,Oligo,-0.23381251,0.07063881
222294,Astro,0.1930503,0.32937977
117460,L6 IT,-0.12594458,-0.12247311
194609,Astro,-0.16637683,0.37889037
117512,Pvalb,-0.0034141317,-0.2798923
49286,L2/3 IT,0.22606108,-0.08640718
257279,Astro,-0.01705692,-0.10132583
250153,Pvalb,0.07782128,-0.11284434
73740,Peri,-0.34340513,-0.36988613
271825,L6 IT,-0.07040844,0.4553487
249741,Sst,0.22315237,-0.017631017
87960,L2/3 IT,0.2810084,0.10733775
41561,L5 IT,0.05236485,0.22654691
49208,L6 CT,-0.14296293,0.35488078
117594,L6 IT,-0.057038344,0.16588178
71792,Peri,0.13212046,-0.031513058
117583,Vip,0.17073414,0.27903268
233155,Micro,0.04283472,0.2643266
493,L2/3 IT,0.2815483,-0.09149512
117553,Micro,0.22266826,0.09075061
6608,L2/3 IT,0.16837141,-0.3187158
93212,OPC,-0.1432248,0.21252862
222316,Oligo,-0.18514699,0.13552716
133113,L6 CT,-0.06188903,0.29918024
267740,VLMC,0.34331247,0.0039476827
257228,PVM,-0.5070178,-0.40643764
11500,Endo,-0.28166708,-0.26174635
217341,L2/3 IT,0.14281967,-0.24471065
133309,L6 CT,-0.1368891,0.0142394975
180706,L6 IT,-0.082324244,-0.15669665
117319,Astro,0.020520769,0.43820706
199898,Micro,0.2006338,-0.28000894
49393,L6 CT,-0.2996519,-0.32328323
271790,Oligo,-0.12961349,0.117530145
73028,Oligo,-0.31286827,-0.1662105
194498,Endo,-0.053373434,0.046478726
117263,L6 CT,-0.049385287,-0.07694741
117248,L6 CT,-0.1547428,-0.318731
199920,L6 CT,-0.06899748,0.18892738
242015,L6 IT,-0.31313327,-0.36737594
236805,OPC,-0.2248325,0.31596044
41236,Astro,0.2005811,-0.39699337
64401,OPC,-0.41408935,-0.42971596
176676,Pvalb,-0.13243914,-0.33943745
269316,L4/5 IT,0.0070844516,-0.3137875
64404,Endo,-0.31686667,-0.27032444
257179,L5 IT,0.040615223,0.18805048
4864,L2/3 IT,0.3023089,0.1432468
180693,L4/5 IT,0.19781402,0.48335424
134480,L4/5 IT,0.18321022,0.18659523
217328,VLMC,0.31912825,-0.17859769
199892,L6b,-0.23587734,-0.11017009
117446,Oligo,-0.2389431,-0.28615475
17578,L6 CT,-0.12585518,0.058850504
64346,L6 IT,-0.1399523,-0.18470326
176667,Endo,0.24720815,-0.34747022
87816,Micro,0.23832324,0.023060448
133341,Endo,0.013195418,0.26971403
174517,L5 IT,0.00024404377,0.074032284
174516,L4/5 IT,0.13936296,0.4654695
222290,SMC,-0.054701604,-0.14674318
133364,L2/3 IT,0.26839665,-0.122186325
194550,L2/3 IT,0.24021617,-0.039006554
265090,L4/5 IT,0.08835926,-0.023305498
224998,L2/3 IT,0.2849804,0.24967423
180692,L2/3 IT,0.2795916,0.1132404
194539,L6 IT,-0.037075497,0.13705304
194538,Pvalb,-0.113516875,-0.14608067
133430,L2/3 IT,0.26482812,0.40951356
133447,Oligo,-0.23586643,0.28941444
15024,Oligo,-0.21606526,0.057360627
194525,L4/5 IT,0.09891518,-0.14248222
207947,Pvalb,0.10733911,0.42643276
134482,Oligo,-0.22771463,0.34776267
116714,Oligo,-0.28303456,-0.18182173
273276,L6 CT,-0.3083827,-0.3717747
207805,OPC,-0.047485925,0.42718342
225394,Oligo,-0.37398478,-0.29501984
245680,Astro,0.16550562,0.10523359
207797,L6 CT,-0.064178325,0.38564035
260256,L6 CT,-0.14035985,-0.12185546
64691,L4/5 IT,0.08202573,-0.22615114
87063,L6 IT,-0.14096081,0.14097229
87094,L5 IT,0.084136866,0.14333543
61603,L4/5 IT,0.008950196,-0.34918705
73867,L2/3 IT,0.28381,0.07207397
242080,Oligo,-0.19656137,0.3879015
174303,Peri,0.31730732,0.09059737
87042,Astro,-0.18066537,0.32155988
50074,L6 CT,-0.1412996,-0.09339648
135644,Endo,0.019249938,0.034811772
50076,Oligo,-0.18958607,-0.0835539
176849,Oligo,-0.009161569,0.45810732
135622,L6 CT,-0.054297544,0.34663513
18872,Peri,-0.10139612,0.018468745
40285,L5 ET,0.1402609,0.3627973
241522,L5 IT,-0.22772703,-0.2803711
116237,L4/5 IT,0.16706082,0.20640185
72973,L5 IT,-0.10720769,-0.38726807
15125,L5 IT,0.046168946,-0.06473269
174319,SMC,0.00940939,-0.25160837
61622,L5 ET,-0.04956118,-0.32967976
207815,Astro,0.30932358,-0.041920833
256883,Astro,-0.2476289,0.050173678
200280,Peri,-0.0065814033,-0.073826455
200284,PVM,-0.3240559,-0.09642231
64671,Astro,-0.13543347,0.35142168
116186,Oligo,-0.31925324,-0.2107071
260238,L2/3 IT,0.21716186,-0.05572488
135454,L2/3 IT,0.17436978,-0.39656347
87118,Oligo,-0.18818197,0.2649252
209741,L6 CT,-0.39365187,-0.431329
87111,L2/3 IT,0.3064473,0.49521747
40320,L6 IT Car3,-0.4178896,-0.4209427
40308,Astro,-0.06001184,0.09623871
116132,Oligo,-0.20177558,0.038447656
135658,L6 IT,-0.29497877,-0.27578476
93621,L6 CT,-0.13396579,-0.10316207
135670,Astro,-0.21370786,-0.38276964
87027,L6b,-0.29668397,-0.23238796
64745,Oligo,-0.09217075,-0.4247833
174240,L6 CT,-0.3501087,-0.37175232
256785,Pvalb,-0.20871651,-0.36197296
193701,Pvalb,0.051539443,-0.025622569
39984,Astro,0.33731005,0.17032734
93760,Astro,-0.18490413,0.39509985
4644,Astro,-0.013295867,0.4123644
136007,L2/3 IT,0.20324275,-0.0044920966
256787,PVM,0.07322904,0.12431506
179912,Pvalb,-0.07721392,0.31274542
64769,L2/3 IT,0.28548035,0.21954426
73882,L6 CT,-0.07678307,0.16805777
136021,Pvalb,-0.07633526,-0.43048814
86912,L6 CT,-0.19065651,-0.25330302
193686,Endo,0.19363102,-0.15698993
136032,L6 CT,-0.23447019,-0.41161895
256769,Oligo,-0.1227668,0.3973519
15156,L6 CT,-0.11898825,0.35525164
209815,Oligo,-0.29968086,-0.13601732
193724,L2/3 IT,0.17587373,-0.1457473
40033,L5 IT,0.02572193,0.06968931
225430,Sst,-0.06224481,-0.1731138
87026,L6 CT,-0.26932773,-0.28428802
200372,L2/3 IT,0.1966668,-0.32457745
6803,Oligo,-0.18271732,0.32871273
135760,Endo,0.24360469,0.096916534
115983,Astro,-0.094557114,0.13848916
18861,PVM,-0.010626294,0.38345352
193780,L2/3 IT,0.25012478,0.22627255
87004,Endo,-0.24824575,0.108030654
135799,L6b,-0.33841833,-0.30350095
50101,Astro,-0.38870504,-0.3111186
95856,Endo,0.1904318,-0.32450208
12807,Astro,-0.25979322,0.3814918
176856,Micro,0.07302358,-0.10444131
176873,L5 IT,-0.047391392,-0.13599515
135838,L4/5 IT,0.078159116,-0.20194444
61580,L5/6 NP,-0.05979941,0.18534574
193738,SMC,0.19034132,-0.350625
40045,VLMC,0.34516808,0.017305858
40041,Oligo,0.096202575,0.2654325
116022,L5/6 NP,-0.036454357,0.20953044
14109,Oligo,-0.2502903,0.3137398
225347,L4/5 IT,0.14314684,0.15206102
116276,L5 IT,-0.11348913,-0.3238483
116609,L6 IT,-0.0406724,0.4824361
64555,L2/3 IT,0.22359326,0.16455445
200149,L5 IT,0.10244199,0.46244112
194126,Astro,-0.2029272,0.14602116
87362,L6 CT,-0.067198075,0.41172162
116605,L6 IT,0.07766762,0.4014522
222135,Astro,0.24121776,-0.24260706
200150,Oligo,-0.047778405,-0.05297216
237378,L5/6 NP,0.11313989,0.35057244
40694,L4/5 IT,0.10767051,-0.10366955
116597,Astro,-0.005420126,-0.09017142
93544,Endo,-0.3163531,-0.11641299
134754,L5 IT,0.020999275,0.08011732
64576,L2/3 IT,0.25378117,-0.0025609657
40674,Oligo,0.001656495,-0.054990582
64585,L4/5 IT,0.12867996,0.102946915
134799,Astro,-0.024640061,0.39971206
134818,L2/3 IT,0.269107,0.46901295
218339,L4/5 IT,0.21601823,0.41942587
257006,Vip,0.1701726,0.21587542
40714,L4/5 IT,0.1720086,0.44662973
180748,L6 CT,-0.09296862,-0.09053903
64514,Oligo,-0.30768844,-0.23696455
93513,Oligo,0.13732424,-0.32255447
269297,VLMC,0.33651438,-0.09806623
64520,L6 CT,-0.1841721,-0.1785354
116698,Oligo,0.21982977,0.03340278
64531,L5 IT,0.036342047,-0.15249819
64532,L6 CT,-0.27363205,-0.3570337
209617,VLMC,0.3603967,0.30243894
49747,L6 IT,-0.12523746,0.106230356
12429,L4/5 IT,0.105460785,-0.19165227
134552,L2/3 IT,0.26729694,0.07020179
209618,L2/3 IT,0.24276647,-0.11704179
4776,Oligo,-0.15488431,0.15092161
174392,L2/3 IT,0.17428246,-0.030863725
225210,L4/5 IT,0.06596949,-0.19542012
64543,Oligo,-0.19308305,0.058238126
61673,VLMC,0.29239467,-0.310367
214183,L2/3 IT,0.24650463,0.32668862
134618,L4/5 IT,0.18100241,0.4475821
134821,L2/3 IT,0.2879627,0.3436981
225282,Astro,-0.029565789,-0.4130427
194085,Oligo,-0.19899812,0.116471864
238860,L5 IT,0.0055901036,0.04318074
73850,Endo,0.19458762,0.01629255
249072,Oligo,-0.20125628,0.4001921
116318,Astro,0.10363164,0.25527576
194003,OPC,0.37298885,0.52546066
256939,L5 ET,-0.11988554,-0.41901928
193983,Oligo,-0.1911369,0.13157532
20350,L2/3 IT,0.18931076,-0.060473554
135188,Oligo,0.022597753,-0.11201098
40438,L5 IT,0.032338284,0.031975366
273247,L4/5 IT,0.16366187,0.06304584
9329,L6 CT,-0.32875708,-0.3869184
40413,VLMC,0.35657164,0.22013506
72975,Oligo,-0.23865345,-0.35493323
93600,Oligo,-0.21234626,0.27062288
87180,L6 IT Car3,-0.50437796,-0.4185735
193962,L2/3 IT,0.21508524,-0.017888658
71850,L4/5 IT,0.01506003,-0.42044556
193961,L4/5 IT,0.041852914,-0.299522
256924,L6 CT,-0.10678122,0.19157866
194023,L2/3 IT,0.26890156,0.36885062
250176,OPC,-1.8812716e-05,0.014929451
116339,L2/3 IT,0.18091074,-0.24984333
116354,L6 CT,-0.21709478,-0.14285025
116539,L2/3 IT,0.25855842,0.36909178
134913,L4/5 IT,0.050028704,-0.3026368
200173,L4/5 IT,0.15026388,0.24254844
134918,L2/3 IT,0.25669518,0.4798266
209664,L4/5 IT,0.14585188,0.21167228
40602,Peri,-0.16694152,-0.40647623
260160,L2/3 IT,0.16653153,-0.19530204
116481,L2/3 IT,0.28923145,0.4264759
246655,L6b,-0.17440799,0.09172813
64601,L6 IT,-0.21447513,-0.399643
87269,L4/5 IT,0.14981762,-0.10733592
40571,L2/3 IT,0.19718072,0.110190846
116444,Endo,0.13607356,-0.35546723
93565,Oligo,-0.23110372,0.34610346
273237,L6 CT,-0.07468442,0.2918658
225307,L4/5 IT,0.15581271,0.2685251
135008,Endo,0.083889686,0.045079567
4734,Endo,0.23989251,0.01656983
246663,Micro,-0.08354262,0.33161637
116349,Astro,-0.2339538,0.049249567
129698,L2/3 IT,0.18599597,-0.17183292
209417,Astro,-0.28898686,-0.099097274
174589,Astro,-0.22847432,0.40033498
277743,L6 IT,-0.22761953,-0.15760523
92781,Peri,0.29655436,0.2269781
118906,L2/3 IT,0.118887685,-0.4277744
88722,L4/5 IT,0.031652175,-0.3527471
257650,L2/3 IT,0.12206765,-0.42256638
5113,PVM,-0.09335322,-0.12106272
42630,L6 CT,-0.100897945,0.1484895
245841,Oligo,-0.16160247,-0.29715514
42649,Endo,-0.1379191,-0.26075876
180012,OPC,-0.13671446,-0.121296875
42618,L6 CT,-0.08706651,0.33319178
42597,L5 ET,-0.023665942,-0.10839035
130876,L5 IT,-0.014316238,-0.11036342
42588,L5 ET,-0.03777144,0.08723972
222480,Astro,-0.200129,0.32687983
130892,Oligo,-0.14047256,0.29521188
271920,Oligo,-0.20777005,0.36134955
5105,L2/3 IT,0.28185752,0.426739
118873,Astro,-0.20412579,-0.036188923
63991,Oligo,-0.43146664,-0.3329608
244186,L2/3 IT,0.17852238,-0.41623828
234200,L6 CT,-0.18259534,0.05191735
233179,OPC,0.19418243,-0.31429383
42718,L4/5 IT,0.045735084,-0.23251161
92757,Vip,0.022901677,-0.38224426
130587,Micro,-0.16300923,0.2515612
42716,L5 IT,-0.015451528,-0.113036536
195523,VLMC,0.4246771,0.35089973
272856,L4/5 IT,0.14994678,-0.022263639
130620,Oligo,-0.31291258,-0.1950346
218207,VLMC,0.30498186,-0.2672288
241642,L5 IT,0.097156905,0.06023661
42683,Astro,0.24983898,0.015010573
12474,L5/6 NP,0.13353643,0.3636413
234006,L6 IT,-0.2726317,-0.25242957
130701,L6 CT,-0.22240987,-0.24738702
5124,VLMC,0.2496697,-0.41551098
48511,L6 IT,-0.23774174,-0.36310324
17443,L2/3 IT,0.18805137,-0.25092632
130723,L2/3 IT,0.17923841,0.1954985
130733,L2/3 IT,0.2118344,0.020362206
271914,L4/5 IT,0.12165823,0.06492887
130568,L6 CT,-0.13601452,-0.27461842
224470,SMC,0.19580683,0.35322824
195422,Oligo,-0.46128538,-0.38883168
12751,Peri,0.25828174,-0.29081693
48652,L6 IT,-0.061255254,-0.07983037
92870,L2/3 IT,0.2891862,0.26419517
195313,L6 CT,-0.110062905,0.2641748
217455,L6 CT,-0.16270664,0.0039500073
42471,L6 IT,-0.039198853,0.02500958
259831,Peri,0.14314833,-0.034563325
131216,L6 CT,-0.21232277,-0.40274906
118657,Endo,-0.0046461597,-0.15871263
246501,OPC,-0.17994642,0.065746225
92881,Astro,0.096745215,0.46504375
5085,L4/5 IT,0.081007026,-0.19621873
118521,Astro,0.08390679,0.10641841
42450,PVM,0.24503848,-0.20214793
9839,L4/5 IT,0.09334912,-0.09909638
224527,OPC,0.14497867,-0.30482253
276927,Endo,0.21728513,-0.32724065
199490,L6 CT,-0.1039849,0.1591244
131222,Sst,0.2243748,0.22309771
195314,L5 IT,-0.027502276,-0.16254765
195316,L6 CT,-0.09886608,0.24270985
88610,Oligo,-0.24461836,0.014033921
118827,L2/3 IT,0.17898902,-0.02402281
42571,Astro,-0.16481635,0.27575466
246496,L5 IT,0.0043445453,0.03603036
88659,L5 IT,0.09926846,0.37760767
64035,Endo,-0.4501877,-0.30221826
264273,Oligo,-0.21146545,0.019120224
64040,L4/5 IT,-0.005890943,-0.42469174
42549,Vip,-0.32403526,-0.318612
88647,Oligo,0.13052312,0.26803443
222465,Peri,-0.16742882,0.39477918
209224,Astro,-0.010031022,0.24851468
131028,Astro,-0.23026288,-0.039333455
195373,L6 CT,0.039342724,0.30081645
88628,Astro,0.30080846,-0.07045295
244180,Endo,0.32732508,0.5373069
131092,Endo,0.08000638,0.38305947
92841,Endo,0.23579213,-0.39885807
199427,L5 IT,-0.014431693,0.11704848
233998,L6 IT,0.04030683,0.403986
195430,Astro,0.28982767,0.24048445
208115,L2/3 IT,0.29916456,0.503964
130559,L2/3 IT,0.14564154,-0.24655649
118966,L2/3 IT,0.18677542,-0.18322077
129967,Pvalb,-0.16486931,-0.29136023
129969,SMC,0.012745999,-0.2513305
119158,Endo,-0.29569176,-0.13805085
88965,Oligo,-0.11456374,-0.24707764
129997,Endo,0.007023476,0.119248785
48415,L2/3 IT,0.17905179,-0.4092078
42971,L4/5 IT,0.1901361,0.3206754
130023,VLMC,0.42865363,0.36562994
62099,Oligo,-0.16394955,-0.14524308
71455,L5 IT,0.051750265,-0.0976645
195684,Oligo,-0.029670395,0.03148765
240043,L2/3 IT,0.22991285,0.027635641
130062,L5 IT,0.13706824,0.3340445
42925,Endo,-0.009944953,-0.3785268
209128,L5 ET,-0.054490842,0.13368317
42924,SMC,-0.15574506,-0.30587402
130089,Astro,-0.34744385,-0.42042753
130094,Astro,0.13894573,-0.14522898
130036,L5 IT,0.14966837,0.39098033
239504,Micro,-0.023147441,0.23847309
129925,Sst,-0.010092117,0.17790654
199301,L6 CT,-0.0934831,0.08061371
48298,PVM,0.018813394,0.2895722
195785,L6 CT,-0.38713735,-0.39403152
257836,SMC,-0.0526217,-0.14646885
195772,OPC,0.23229685,-0.110025756
259686,L6 IT,-0.116388865,0.13084272
92622,Endo,-0.14827812,0.07157818
48359,L5 IT,0.08670642,0.40664253
269690,L2/3 IT,0.22191325,-0.23720214
129827,L4/5 IT,0.13090172,0.13842484
129830,Oligo,-0.19238806,0.39440033
257827,Oligo,-0.24356544,0.36226472
119256,Pvalb,0.29194698,0.47654864
43072,Endo,-0.35991544,-0.39257514
88996,L6 CT,-0.2043187,-0.19121626
92645,L4/5 IT,0.039906107,-0.35698822
48399,L4/5 IT,0.05249133,-0.29736963
92648,L6 IT,0.062038027,0.2084206
257816,PVM,-0.03438983,-0.03348317
43049,Astro,0.08114531,-0.24335364
209129,Oligo,-0.26883012,-0.11652409
130101,Oligo,-0.042739965,-0.242284
92674,L4/5 IT,0.118444525,-0.11565315
245853,L4/5 IT,0.07532152,-0.23944965
119038,L6 CT,-0.006971456,0.29356483
195583,L2/3 IT,0.073256455,-0.43120047
209166,L2/3 IT,0.15232238,-0.18389425
232408,L2/3 IT,0.13725623,-0.16248891
130414,Sst,0.12525919,0.32317564
88864,Endo,0.08141794,0.21680072
174988,L6 CT,-0.14234078,-0.20755401
246475,Endo,-0.4372856,-0.404481
237282,L2/3 IT,0.32296565,0.56387943
259722,L6 CT,-0.22178447,-0.38115722
208119,Endo,0.19589189,0.39370838
6418,Astro,0.23682639,0.22840163
195558,L2/3 IT,0.28358898,-0.04595422
48483,L6 CT,-0.10199509,0.027632482
237285,L5/6 NP,-0.1517049,-0.13034973
243299,VLMC,0.3714154,0.44945034
42746,L6 CT,-0.2160289,-0.37127474
218205,L5 ET,-0.018779911,-0.17353782
130534,Micro,0.239723,0.30224368
119055,Endo,0.31883815,-0.12581676
269707,Astro,-0.09857265,0.23683992
130355,L5 ET,0.11412945,0.30092666
257718,Astro,-0.3898168,-0.21554518
195676,L4/5 IT,0.12412765,-0.15825924
42908,L4/5 IT,0.0714617,-0.21966931
119128,Oligo,-0.22579327,-0.12414702
130175,Astro,0.2667084,-0.30991796
88916,L6 CT,-0.22260344,-0.36272934
130184,L6 IT,-0.30709174,-0.32031628
245851,PVM,0.10234728,-0.39041504
175022,L6 IT,-0.26916105,-0.39199343
14857,Lamp5,0.29712918,-0.098581724
176498,Pvalb,0.20320871,-0.2654079
119100,L6 IT,0.06748714,0.4352822
14859,Micro,0.19009218,0.2900388
42865,L6 IT,0.041872106,0.3332717
19952,L6 IT,-0.11233393,0.28760514
195628,Endo,-0.09287796,-0.21979955
277752,L2/3 IT,0.17843786,-0.3691985
119071,Pvalb,-0.0133206025,-0.40353492
130311,L2/3 IT,0.23191413,0.16882983
209156,L5 ET,-0.043190874,-0.26817206
195612,L5 ET,-0.12644374,-0.43078157
132894,L2/3 IT,0.28338113,0.24320212
430,L6 CT,-0.077946045,-0.0040515587
42392,Oligo,-0.041578986,-0.16876432
48986,Oligo,-0.38231477,-0.3358116
118053,L4/5 IT,0.1557459,-0.08608209
93070,L6 IT,-0.09277976,0.170486
73692,L5 IT,-0.24816903,-0.35618868
245771,L2/3 IT,0.15531549,-0.36239615
73694,L6 CT,-0.08502079,0.042242385
118036,L2/3 IT,0.13949725,-0.17292422
132351,Sst,-0.46362272,-0.345811
132296,Oligo,-0.1685737,0.3731366
41841,L6 IT,-0.24140826,-0.23686513
118033,Oligo,-0.19043991,0.11895052
224806,L2/3 IT,0.2033957,-0.10915425
41820,L5 ET,-0.03523604,-0.28263175
199693,Endo,0.23409763,0.19704977
265040,L4/5 IT,0.04948833,-0.27664545
132427,Vip,-0.15998763,0.37443122
218231,Oligo,-0.16850513,0.11321578
222370,L6 CT,-0.049133517,-0.0011228248
174695,L6 CT,-0.0512679,-0.09721445
132290,OPC,-0.15231153,0.19024685
64224,L4/5 IT,0.14680871,-0.02809053
41922,L4/5 IT,0.098455034,-0.23993534
41995,L6 IT,-0.07515154,0.4508278
41991,L6 CT,-0.23058563,-0.28846443
132159,L2/3 IT,0.08938905,-0.38221905
48962,L6 CT,-0.27561402,-0.2344642
88221,Micro,0.1556733,0.06966499
132169,Pvalb,-0.2647981,-0.22032383
132178,L5 IT,0.09183606,0.35889938
41970,L5 IT,0.058292054,-0.022128724
224745,Oligo,-0.5700937,-0.39942607
257374,L5 IT,0.04111024,-0.16897821
280260,L4/5 IT,0.004079245,-0.3535436
132232,L4/5 IT,0.03337159,-0.42756507
194935,Astro,-0.251353,0.11659155
269728,L2/3 IT,0.27326354,0.1192256
180001,L2/3 IT,0.19414726,0.24379387
132244,Micro,-0.2877558,-0.41023964
20182,Endo,0.08558341,-0.28351036
235186,Endo,0.24745914,-0.14993188
41923,Pvalb,-0.20885319,-0.189352
176589,L2/3 IT,0.1871753,-0.3777361
64202,L2/3 IT,0.29747942,0.3809336
232748,L4/5 IT,0.18353584,0.42043754
49036,L6 CT,-0.13085318,-0.36768228
250151,PVM,0.25616255,0.32540736
259957,Peri,-0.27459207,-0.26791656
259963,Endo,0.15268597,0.117219724
6575,L5 IT,0.064046346,0.19333395
117788,L4/5 IT,-0.060825504,-0.2311559
20209,L4/5 IT,0.08994671,-0.22492543
117770,Astro,-0.2097233,0.27575263
132769,L6 IT,-0.011309542,0.47645286
117814,PVM,0.2397823,-0.30866715
41624,Endo,0.032687686,-0.25795114
224890,Astro,-0.36092526,-0.25171724
199787,L6 IT,-0.10102049,-0.22258618
194694,OPC,0.33285096,0.22310564
257282,Oligo,-0.13521564,-0.16208291
132872,L6 CT,-0.18356016,-0.3416813
236817,OPC,0.037943803,0.15939066
117676,L4/5 IT,0.20527706,0.38442138
132881,L6 CT,-0.016294695,0.41955897
132802,L2/3 IT,0.24412742,0.38473907
73054,L2/3 IT,0.31699607,0.40277347
18978,L2/3 IT,0.11269101,-0.4203689
132682,L5 IT,-0.0710542,-0.10005813
41792,Oligo,-0.25598046,0.34333757
472,Endo,0.09392204,0.40737978
132522,Oligo,-0.20638013,0.0894197
224848,L6 CT,-0.098582216,0.15071693
199725,Astro,0.12837622,-0.087680064
73705,VLMC,0.36605266,0.3978339
41773,Peri,0.26213893,0.4611298
132573,L5 ET,-0.042450584,-0.30932552
61866,L6 IT,0.025489472,0.18547335
132630,Pvalb,0.1256583,0.37683305
49060,Endo,0.27220032,0.3523374
117858,Oligo,-0.18195224,0.37129542
259947,L6 CT,-0.069869556,0.13835648
41676,L4/5 IT,0.022231184,-0.32765403
199747,Astro,0.33082566,0.13820711
117826,Astro,0.057562195,0.33069196
240350,L2/3 IT,0.21894088,0.3886253
483,L4/5 IT,0.14810672,0.3495815
132678,Peri,-0.27113485,-0.3141788
41795,Lamp5,-0.1269567,0.21204153
132127,L6 IT,0.038887344,0.45402756
9866,Endo,0.015450798,-0.19591716
194967,Astro,0.14934519,-0.37752756
61928,Micro,0.17650184,-0.13520706
118447,Oligo,-0.23201948,0.14271984
240344,Oligo,-0.48644808,-0.38445964
48782,Endo,-0.017069615,0.40354922
278672,Endo,0.18890128,0.3742939
224570,Endo,0.1823239,0.43220195
88451,L6 CT,-0.1611433,0.0131075755
42248,PVM,0.3207856,-0.06266778
195191,Oligo,-0.31779748,-0.20560619
239394,Oligo,-0.2467368,-0.31486884
131624,Micro,0.32522282,0.1681408
131669,L5 IT,-0.079220034,-0.3743875
73088,L2/3 IT,0.26405665,0.32057717
61913,L5 ET,0.036464237,-0.14460981
222396,Endo,-0.024319567,0.22637936
269387,L2/3 IT,0.19252989,-0.23358792
48843,Endo,0.039125584,-0.19879618
118303,L6 CT,-0.04966525,0.27952668
232319,SMC,-0.026667155,-0.2191895
48768,Astro,0.16657993,-0.1173537
232328,Oligo,0.17495945,-0.27599257
131466,L5/6 NP,-0.0041929856,0.09081582
64104,L5 IT,0.14474252,0.41981396
195258,L5 IT,-0.17371035,-0.31259847
174917,L6 CT,-0.13226524,0.13056263
42380,L2/3 IT,0.1867297,-0.40079305
48738,L4/5 IT,0.11944952,0.055069067
48741,Oligo,0.10077407,0.4441
131350,Micro,-0.2315036,-0.37706557
5051,Peri,0.08290418,-0.13626292
217441,L2/3 IT,0.12095132,-0.3674693
199516,L5 IT,-0.09250603,-0.26970074
61947,Oligo,-0.268925,-0.1390602
180586,PVM,-0.34665945,-0.3292054
131383,L2/3 IT,0.1562582,-0.3931624
199524,L2/3 IT,0.21922693,-0.36919212
92919,Peri,0.07378461,0.038795926
272944,L6 IT,-0.53720665,-0.41240358
131421,L4/5 IT,0.075844966,-0.37202656
131441,Oligo,-0.22331181,0.3543723
264976,Endo,-0.15217856,-0.37336943
209293,Oligo,-0.26065084,-0.0104634985
195135,PVM,0.20212343,-0.42423713
131725,Oligo,-0.5139458,-0.3717094
92961,L5 ET,0.026704274,0.16468719
42091,Micro,0.12473466,0.27588543
14952,L2/3 IT,0.137427,-0.21280226
131951,Astro,0.341948,0.2434726
93014,L6b,-0.22624204,-0.07908606
88290,L4/5 IT,0.16038927,0.39990255
264226,Micro,-0.20521858,-0.003584616
64187,L2/3 IT,0.17926696,-0.38123265
42044,L5 IT,0.01173874,-0.03375458
257404,Astro,-0.13420913,0.33225134
224708,L6b,-0.14288679,0.34578618
88267,L4/5 IT,0.08675995,-0.07784598
279505,L2/3 IT,0.16143498,-0.26299277
14225,Oligo,-0.23505485,0.26742437
42028,Vip,0.14388725,-0.15634423
132038,L6 CT,-0.027088203,0.007285543
279211,Oligo,0.067393266,0.29170516
42010,L6 IT,-0.15045708,0.047504492
194976,Astro,-0.46608844,-0.3064617
132086,L2/3 IT,0.14696535,-0.36265472
214863,L6 CT,-0.31885752,-0.40175694
42402,L4/5 IT,0.13217607,-0.15566573
277733,Vip,0.28160802,0.38772777
93002,L6 IT,-0.3556098,-0.34312412
131730,Micro,-0.08459062,-0.26122037
257467,L4/5 IT,0.09646549,-0.35000584
272953,L5/6 NP,-0.03777293,0.17935309
279212,Astro,0.3641158,0.5615887
14238,Oligo,-0.078876324,-0.4242837
118282,L5 IT,0.052037917,-0.00062235445
209297,L5/6 NP,0.056607507,-0.06981372
19033,Oligo,-0.24674001,0.054002292
217431,L6 CT,-0.046521522,0.1601825
20151,Oligo,-0.21935576,-0.33803132
259871,Sst,-0.013564505,0.3213946
118245,L2/3 IT,0.24171165,-0.18111062
48875,L4/5 IT,0.021230958,-0.27945802
20153,L5 ET,0.12526175,0.337463
237307,L5 ET,0.02833923,0.47071406
232302,L6 CT,-0.17242205,-0.41400102
118226,Micro,0.07075765,-0.24782786
277736,L5 IT,0.11232319,0.38798246
118219,L2/3 IT,0.17265025,-0.286311
118197,Micro,-0.14246154,-0.22284627
202415,L6b,-0.22622812,-0.08334436
95430,Oligo,-0.2528663,0.07923595
55937,Astro,0.34988227,0.2991633
278237,Oligo,0.049066566,-0.05089479
103920,OPC,-0.12158812,-0.34323215
59347,Astro,-0.10300151,0.22264108
160609,L2/3 IT,0.20903686,-0.3179395
59343,L6 CT,-0.0644087,0.24539039
229744,L4/5 IT,0.2002143,0.31933185
275578,L6 CT,-0.012039639,0.24208894
229748,Oligo,-0.29884776,-0.15752515
1976,L6 CT,-0.17265052,-0.06970971
103902,L6 IT,-0.085008,0.38588777
220003,Micro,0.11199459,0.06060604
204420,Endo,0.26601645,-0.08296298
185425,Oligo,-0.12877071,-0.35177726
160706,L2/3 IT,0.3005248,0.407508
56342,L6 CT,-0.034868754,0.4091533
59338,L2/3 IT,0.1638653,-0.04944136
103766,L2/3 IT,0.1977624,-0.1992451
215762,L5 IT,0.06650331,0.041628785
160681,L5/6 NP,-0.106729604,-0.21944359
160779,L4/5 IT,0.16575441,0.19651881
103935,L2/3 IT,0.28494057,0.16037771
78452,L6 CT,-0.1470496,-0.3043355
69001,Pvalb,0.0738081,-0.13982278
252650,L5 IT,0.04795005,0.16763797
97759,L6 CT,-0.1884568,-0.021598391
270642,L5 IT,-0.07233507,-0.08023556
78478,Pvalb,0.16152582,0.1314328
212608,L6 CT,-0.072116025,0.1953688
160528,L6 IT,-0.26144803,-0.31235746
27248,L5 IT,0.1678398,0.4662381
160577,L4/5 IT,0.06526538,-0.1290474
229720,L5 IT,-0.11294065,-0.3382784
56279,Endo,-0.15132919,-0.42961794
170677,L5 IT,0.019981228,0.012722768
268427,L2/3 IT,0.2801923,0.01217813
27224,L6 CT,-0.1986314,-0.23173955
27214,Pvalb,0.0110737905,0.2570255
56300,L6 CT,-0.060180224,0.0097932
10992,Astro,0.2390354,-0.34972835
69020,Lamp5,0.289681,0.037606306
17967,L6 CT,-0.06616209,0.15745637
78488,L4/5 IT,0.001789175,-0.4106739
160784,Astro,0.3642057,0.4776112
59325,VLMC,0.3675603,0.4261938
240763,L2/3 IT,0.19167092,-0.048685484
160997,L2/3 IT,0.32192197,0.56033516
97854,L6 CT,-0.22152534,-0.30847028
56414,L6 CT,-0.13401535,0.36853346
97859,Astro,-0.09574578,0.23834953
103654,Astro,0.2391176,-0.26808468
22059,L4/5 IT,0.050036334,-0.38771904
215749,L4/5 IT,0.055445753,-0.32356414
97853,L6 CT,0.028778039,0.34985486
206276,Lamp5,0.26968333,-0.05250468
16611,L2/3 IT,0.26402238,0.02324111
78276,L6 CT,-0.031509496,0.42780033
231631,L2/3 IT,0.28723028,0.29345098
267877,L2/3 IT,0.2576684,0.0054675415
252502,Micro,-0.111776926,0.2574239
182105,Astro,-0.04980419,0.2592323
26916,Astro,0.08761849,-0.21597618
161113,Oligo,-0.16471747,0.1605359
97869,L6b,-0.14517155,0.37370166
252590,L2/3 IT,0.15048894,-0.28532758
160992,L5 IT,0.059093915,-0.051157795
69085,Endo,0.30529907,-0.16929346
229770,L2/3 IT,0.21864149,-0.3562614
160805,L2/3 IT,0.15968409,-0.31628492
276486,Oligo,-0.49705568,-0.36472964
185382,Peri,-0.31816706,-0.12128865
27084,L5/6 NP,0.11715975,0.1699231
160859,Micro,-0.2788852,-0.39248338
267916,Astro,-0.42148754,-0.2992712
59321,L5 ET,-0.12413833,-0.41206685
56406,L2/3 IT,0.26530537,-0.113520615
160882,Endo,0.09642311,0.29643783
103717,Micro,-0.3608745,-0.38536987
248203,L6 CT,-0.060318626,0.34654632
206284,Endo,-0.23851016,-0.34880617
185361,L5 ET,0.12874708,0.3384455
160934,L2/3 IT,0.26478538,0.16132483
262396,Oligo,-0.1912624,0.33042398
16603,L2/3 IT,0.27395073,0.35730764
160963,L2/3 IT,0.2165828,-0.3596011
78342,Endo,-0.066873945,0.33757177
78247,L5 ET,0.08139094,0.014762558
97752,L4/5 IT,0.17139569,-0.087520234
1996,L6 CT,-0.073335804,0.032598384
159881,Micro,0.21227464,-0.042859696
68881,Astro,-0.24799317,0.15958408
204312,L6 CT,-0.08764205,0.24935529
27594,L5/6 NP,0.07024463,0.42557928
243071,Astro,0.09856608,-0.07145219
68893,L2/3 IT,0.25833735,0.2751005
220096,L4/5 IT,0.08318182,-0.37777895
220094,Astro,0.10130771,-0.09905424
185683,L2/3 IT,0.29924324,0.53388435
104223,L5 IT,0.008262299,-0.18023127
179351,Astro,-0.21668741,0.04548595
159958,L2/3 IT,0.24436286,-0.068249606
263381,OPC,0.032708608,0.29134473
68903,L5 IT,-0.3283392,-0.38142508
78635,Endo,-0.0372167,-0.40228495
56159,L4/5 IT,0.15609297,0.17882344
185637,L5 IT,0.10982861,0.47648123
78629,L5 IT,-0.12763852,-0.23939964
159950,Endo,-0.34302458,-0.26119047
59413,L2/3 IT,0.10163703,-0.26495966
220098,Micro,-0.11053703,-0.08850702
159855,Vip,0.15272132,0.38329443
159652,Oligo,-0.33484218,-0.35756648
182011,L6 CT,0.010138772,0.19235691
212516,L2/3 IT,0.26517007,0.101868786
159670,Endo,-0.17979145,0.016160585
56101,OPC,0.2661446,-0.34013906
270121,Endo,0.27457884,-0.1474137
185760,Oligo,-0.084757484,0.16528639
159695,L6 CT,-0.044403292,0.28023115
56133,Astro,0.16855052,-0.14641374
182022,VLMC,0.29799077,-0.29471543
59478,L4/5 IT,0.15840086,0.33355394
27687,Vip,0.1852071,-0.38716063
249456,PVM,0.25637028,0.46056554
170767,Oligo,-0.22651726,0.26881573
27655,VLMC,0.29643235,-0.30187365
27638,L4/5 IT,0.14023271,-0.040214114
159799,Oligo,0.07081225,-0.33787304
104293,L4/5 IT,0.17369816,0.4040517
185733,Oligo,-0.15989536,-0.23692113
160476,Peri,0.07492813,-0.31730634
27535,Pvalb,0.06727215,0.087756135
160039,L5 IT,-0.090317406,-0.19137204
78547,L4/5 IT,0.17046353,-0.0008857474
267917,L6 CT,-0.22681427,-0.2884543
220088,Micro,0.31605598,0.10679404
252700,L2/3 IT,0.16234061,-0.40148896
97722,Endo,-0.08899409,-0.14554575
104150,Oligo,-0.23816729,0.36928764
233435,L6 IT,-0.17956167,-0.24334064
160268,L6 CT,-0.27781722,-0.3877546
170695,Pvalb,-0.36927456,-0.21029836
252681,Micro,-0.1904239,-0.4039947
97735,L6 IT,0.017740868,0.1382924
1999,OPC,0.051833533,-0.39293465
185515,L6 CT,-0.18083093,-0.084853195
252670,L6 CT,-0.21734434,-0.31633374
229705,Micro,0.23531136,0.10353545
252659,L6 CT,-0.19752848,-0.09921678
215784,Oligo,-0.06917725,0.36704144
229708,L5 IT,-0.055509664,0.27757725
160331,Astro,0.22820774,0.45524302
170728,VLMC,0.3556498,0.18394741
68957,Oligo,-0.06925551,0.21178803
27407,L4/5 IT,0.005536698,-0.28761092
78619,VLMC,0.2465848,-0.42286065
212562,Oligo,-0.25580874,-0.103594
252744,L2/3 IT,0.21622708,0.012008406
204315,L4/5 IT,0.0506173,-0.14127824
215798,L5 IT,0.07385554,0.04436896
185613,Oligo,-0.13337138,0.14605281
185611,L6 CT,-0.17274722,-0.14623967
160095,L2/3 IT,0.24311003,-0.11408409
78556,L6 IT,-0.16749388,0.05538959
160132,L5 IT,0.053512715,0.22342232
78583,VLMC,0.37412181,0.4683555
97702,Oligo,-0.25650954,-0.026873551
160164,Sst,0.049865685,-0.044988714
229652,Lamp5,0.08588567,0.48276183
56165,L2/3 IT,0.22563049,0.11101166
268136,L4/5 IT,0.15960994,0.005009301
72442,Pvalb,0.18044654,-0.17180538
160199,L4/5 IT,0.083268724,-0.23771045
252719,L6 CT,-0.14754587,0.050787665
97631,L4/5 IT,0.010973774,-0.4126973
161150,L5 IT,0.07544907,-0.0007041618
75049,L4/5 IT,0.1489487,0.30356184
8248,L5 ET,-0.023602344,-0.17153752
103114,Astro,0.13003525,-0.18447533
26339,VLMC,0.32499775,-0.14599743
77843,L2/3 IT,0.24478933,0.3107936
204681,Endo,0.031006895,-0.10117596
215631,L5 IT,-0.11443011,-0.16298464
98063,Oligo,0.3253803,-0.069010966
8253,OPC,0.12437304,-0.41012248
277500,Oligo,-0.25623864,0.23915192
252316,L2/3 IT,0.22009,0.25860617
1813,L6 IT,-0.162245,0.035823442
262519,Sncg,0.25860396,-0.013857387
162409,Oligo,-0.23616904,0.18212941
1803,L6 CT,-0.067543484,0.05440069
26265,L4/5 IT,0.11361911,-0.23227665
56760,L4/5 IT,-0.029905893,-0.3701233
243084,Pvalb,0.26766357,-0.1656766
69347,Endo,0.19660643,0.123726346
235340,L2/3 IT,0.2723281,0.1987575
103033,Oligo,-0.30754617,-0.20608047
98047,L6 IT,-0.11766661,0.011423565
230017,Peri,-0.30131617,-0.4083878
278913,L2/3 IT,0.30669788,0.38345745
77901,L6 CT,-0.113679804,0.19139078
77900,L5 IT,-0.0028347746,0.2673444
162123,L5 IT,-0.08637301,-0.32632467
56683,Astro,0.045911513,-0.2712679
26426,Peri,-0.04390774,0.23949471
77895,L6 IT,-0.1989682,-0.14475009
262484,L6 CT,-0.3789824,-0.33036485
98046,Peri,0.031519674,-0.29335618
26421,L2/3 IT,0.24258521,-0.12706533
215643,VLMC,0.33454302,-0.06915658
184979,L5 IT,-0.12417955,-0.3332629
162145,L4/5 IT,0.020042025,-0.40245742
56700,L6 IT,-0.21609282,-0.37528637
1831,Endo,-0.0036297813,0.32587484
249283,PVM,0.311977,0.23760554
26412,Astro,-0.20870882,0.12461255
162174,Astro,0.15924367,-0.42847613
26418,Oligo,-0.003693439,-0.06455039
103210,L4/5 IT,0.11414816,0.1185408
98099,L5 IT,-0.14039433,-0.19918403
179307,Oligo,-0.24643797,0.0575426
250872,VLMC,0.35242334,0.16795793
77691,L2/3 IT,0.2127187,0.32695475
162860,Astro,0.016959988,0.23938534
102815,Oligo,-0.2537515,0.02272544
162877,Pvalb,-0.24112678,-0.31031615
1743,L6 CT,-0.08290226,0.29116592
69428,L4/5 IT,0.2292631,0.41412267
179290,Oligo,-0.29273143,-0.26087037
102851,L6 IT,-0.06668905,0.021339037
102802,Endo,0.19954923,-0.24480402
75138,PVM,0.15228978,0.19125113
162946,L6 CT,-0.47674495,-0.40922207
26036,OPC,0.18687299,-0.33268598
277306,L2/3 IT,0.19643751,0.24806717
56933,VLMC,0.3520194,0.13519582
102793,Oligo,-0.20313802,0.15870616
163006,L6 CT,-0.14312196,0.2036942
219853,L4/5 IT,0.049645267,-0.16781017
162930,VLMC,0.30515948,-0.2554691
162576,L5 IT,0.12497618,0.31059423
182211,L2/3 IT,0.31006017,0.490927
77710,PVM,0.22673824,-0.26770917
56800,L4/5 IT,0.08031114,-0.29407266
204703,L4/5 IT,0.19599018,0.30638734
170419,L6 CT,-0.01820121,0.44136634
17226,L6 CT,-0.13702482,0.21729353
98119,Astro,0.3423653,0.4275674
102999,Lamp5,0.14468929,0.023574598
1770,L4/5 IT,0.026270054,-0.42548034
56828,Micro,0.3263013,0.033831574
266900,L2/3 IT,0.26982644,0.442969
270522,L2/3 IT,0.14853445,-0.3261046
1764,L4/5 IT,0.113329194,-0.19073686
8270,L6 IT,-0.24342906,-0.40276286
170374,Oligo,0.15164867,-0.2137368
26130,Pvalb,0.25308874,0.40327314
162749,PVM,0.26481727,-0.2929187
102887,Astro,0.33293006,0.32622227
70747,Oligo,-0.2948064,-0.1699729
266891,L2/3 IT,0.2258847,-0.0029863939
77756,L6 CT,-0.119176336,0.081057884
270606,Vip,0.083526336,-0.040626876
215652,L6 CT,-0.32409135,-0.3461595
56671,L6 CT,-0.07198606,0.4272389
937,Oligo,-0.2852122,-0.11234333
22119,L6 IT,-0.16286328,-0.06813558
161404,L5 IT,-0.020544805,-0.011115186
103496,Sst,0.17203608,0.41268727
103490,L5 IT,0.023479126,0.23800394
275672,L5 IT,0.101734005,0.12590763
178589,Endo,0.058378242,-0.4212859
204536,Micro,-0.19006798,0.111107685
17933,L5 IT,0.11460706,0.24580732
11031,L2/3 IT,0.24662259,0.047794826
161456,Micro,-0.061194874,-0.08325847
161473,L6 CT,-0.22906417,-0.17960837
69189,L2/3 IT,0.24900135,-0.038042776
244925,L6 CT,-0.103723325,0.4681829
215690,L2/3 IT,0.27504197,0.45502648
229918,L6 IT,-0.05362556,0.33718452
78055,L6 CT,-0.09590537,0.42399195
1883,L5 ET,0.06682255,0.17271426
78094,Micro,-0.04224167,0.41974673
252431,L6 IT,-0.3972557,-0.37303805
78140,Endo,0.035043918,-0.03182184
1893,L4/5 IT,0.02885177,-0.25348035
204501,PVM,-0.013215579,-0.3894967
161192,Peri,0.018006466,0.072213866
161193,Peri,0.3185875,-0.11939906
252490,Endo,0.09123,0.22546074
161219,L6 CT,-0.22231856,-0.39618564
78196,Vip,0.1026602,-0.17381367
69124,L5 ET,-0.10231248,-0.38376817
161247,L6 IT,0.05092951,0.42930683
78147,Oligo,-0.052494325,0.29062584
97903,Oligo,-0.3296661,-0.289101
250816,Astro,0.19949475,-0.06373366
103526,L6 CT,-0.032872416,0.2534143
219957,OPC,-0.06212864,0.06503085
248827,Endo,0.07939985,-0.4064334
215724,L4/5 IT,0.12666282,0.0022306517
252460,Endo,0.11228653,0.029865928
270602,L6 CT,-0.20831549,-0.096914075
26780,VLMC,0.33216092,-0.11528688
161297,Astro,0.012722515,0.12793586
162079,VLMC,0.25124362,-0.41592708
78046,L2/3 IT,0.23232046,0.09052382
204570,L2/3 IT,0.21021274,0.23018643
77963,L5 IT,-0.041681148,-0.15714678
161920,VLMC,0.32964554,-0.13313812
278211,L2/3 IT,0.22270969,-0.0026983842
69244,Peri,0.34673265,0.09922681
26509,L4/5 IT,0.04254713,-0.36664346
161952,L6 IT,-0.27493075,-0.42152947
161969,Oligo,-0.22417387,0.109676994
77943,L5 IT,0.029570363,-0.08051627
26519,L6 IT,-0.084256,0.4082509
77941,L5 IT,-0.18750408,-0.40282422
185026,L6 CT,-0.10685802,0.39546844
103296,SMC,0.25078675,0.16467127
162015,Micro,-0.07731525,-0.119042985
178605,Astro,0.017091356,0.16903856
103228,L5 ET,-0.12264321,-0.41715428
266838,L2/3 IT,0.25015798,0.21888456
8234,Oligo,-0.25377026,0.017792352
170460,Oligo,-0.18507954,0.10536418
103301,L2/3 IT,0.17010221,-0.3536871
240735,L5 IT,0.06933566,0.2062982
8219,L6 CT,-0.12572807,0.19799218
8768,L4/5 IT,0.061821185,-0.24806514
78025,L6b,-0.43766728,-0.38622692
103385,L6 CT,-0.13214374,0.29798415
262453,Oligo,-0.22204646,0.18697819
26650,Sst,0.07861998,-0.34194237
103373,Endo,0.24418548,-0.3470364
8217,Endo,0.24122581,0.4446955
97996,Astro,0.1937693,-0.40894803
59221,L4/5 IT,0.08369901,0.023057617
161874,L5 IT,0.004400097,0.19529364
69216,L6 CT,-0.043736972,0.3340061
161758,L5 IT,0.07599177,0.3081375
185120,L6b,-0.16634342,0.1382055
56576,Lamp5,-0.0058058873,-0.35913667
26556,Oligo,-0.21831572,0.16742167
26548,L6 IT,0.042409025,0.24367222
13338,L2/3 IT,0.13870195,-0.4239399
69226,OPC,0.33549032,0.42650107
69228,Oligo,-0.20521006,0.31742808
22161,Endo,0.11954459,0.16500488
244992,L4/5 IT,-0.032316364,-0.326558
170796,L5 IT,-0.07064883,-0.3167685
78775,L5 IT,0.118083976,0.22641292
212286,Oligo,0.050964735,-0.24380326
171007,Astro,-0.40513596,-0.25512156
55615,L6b,-0.16331032,0.17878744
220287,L2/3 IT,0.27916798,0.057573088
266599,Endo,0.002300702,0.100385465
238310,Astro,0.3301457,0.12142316
28947,L2/3 IT,0.28099647,0.2915779
59653,Oligo,-0.25960428,-0.0020361766
275275,L5/6 NP,-0.07931513,0.17957869
55639,Endo,0.04726573,0.118241526
270741,Astro,-0.2120052,0.1383569
157546,L6 CT,-0.13451475,-0.014830582
28906,Lamp5,0.100900315,0.21893296
79456,L6 CT,-0.18470713,-0.08848899
244602,Oligo,-0.4447342,-0.40156502
203943,Micro,0.1394709,0.30796525
59642,L2/3 IT,0.22019383,0.23623827
21909,L4/5 IT,0.057289146,-0.2339445
229184,Sst,0.06638094,0.3297216
97388,Peri,0.29541573,-0.15983593
59655,L2/3 IT,0.28173456,0.4294885
220303,PVM,0.20585272,0.03810192
105328,Oligo,0.04915204,0.37174198
105318,Astro,0.15119842,0.41884276
203881,L6 CT,-0.056825794,0.21398726
55577,VLMC,0.27965078,-0.3592091
72490,L4/5 IT,0.10065653,0.036973365
157291,Oligo,0.06384196,-0.06960025
29027,L2/3 IT,0.25094095,0.23228398
235398,Peri,0.014587127,-0.31793675
157394,L6 IT,-0.1534391,0.04314784
186502,Endo,-0.027302183,-0.26621592
236296,L2/3 IT,0.29321668,0.21655747
29015,L2/3 IT,0.24054614,0.39272764
16353,L6 IT,-0.19691712,-0.3754716
186492,Astro,-0.12319253,0.121327974
218971,L6 IT,-0.32245868,-0.35323697
253136,L2/3 IT,0.21043453,-0.24946389
105189,Lamp5,0.14581665,-0.06539359
2260,L6 CT,-0.43743733,-0.42088813
68351,L6b,-0.24964893,-0.14515457
79590,L4/5 IT,0.053050183,-0.33267128
157572,L4/5 IT,0.11087092,-0.19538659
229205,L6 CT,-0.22407928,-0.23031011
79359,L6 CT,-0.13164762,-0.0011284873
233479,Oligo,-0.25395513,-0.11056017
79354,Oligo,-0.19246164,0.07532547
68503,Oligo,-0.21474078,0.18376836
186324,Astro,0.107648216,-0.33601835
262194,L4/5 IT,0.15220723,0.06580112
97419,VLMC,0.34391072,0.008713074
204030,Oligo,-0.21046215,0.09762076
204020,Oligo,-0.22050443,0.2551969
104969,Endo,0.23618934,-0.17006889
234968,Oligo,-0.1890625,-0.2054795
16390,L6 CT,-0.12907135,0.021161534
157849,L5 ET,-0.053287424,-0.3026667
157915,L4/5 IT,0.20421162,0.44669273
28709,Endo,0.29452088,0.12657669
16401,L2/3 IT,0.3020908,0.2871453
186282,L2/3 IT,0.2115384,-0.23656413
245023,L2/3 IT,0.16905281,-0.17105031
253053,Micro,0.22555116,-0.10588168
253090,Oligo,-0.19705236,0.33483753
2238,VLMC,0.24289021,-0.428641
275332,L2/3 IT,0.23175046,-0.16467756
59634,L5 IT,0.0014281496,-0.07519158
171001,L2/3 IT,0.16375563,-0.38302273
215946,Oligo,-0.25784498,0.002070941
13417,OPC,-0.18890017,0.2010304
68446,L4/5 IT,0.05880686,-0.3932007
245027,L4/5 IT,0.11403706,-0.08063366
16370,Astro,-0.21462885,0.29035828
157660,L6 CT,-0.15604815,0.0075054243
278962,L4/5 IT,0.120526575,-0.17752117
203989,L6 IT,-0.26131022,-0.33402112
157702,Astro,-0.24813685,0.062280245
28811,L5 IT,0.060862504,0.047769703
204003,Oligo,-0.26098603,-0.12248688
68469,Astro,0.09819921,0.2115924
28791,Micro,0.31305555,0.18573633
170980,Endo,-0.2992147,-0.16124469
212345,Endo,-0.18637845,-0.08356299
28777,L4/5 IT,0.13738164,0.09619699
157701,L6 CT,-0.27253756,-0.23255333
157997,L5/6 NP,-0.07667292,0.012692697
105330,L2/3 IT,0.10905083,-0.26220694
55555,Astro,0.29859266,-0.121737175
203754,L5 IT,-0.118363895,-0.362838
186702,L5 IT,-0.061871625,-0.04823058
21855,L5 ET,0.066860996,0.46796253
55413,Oligo,-0.39113232,-0.30549994
156780,Oligo,-0.17004648,0.24139747
156782,Oligo,-0.09156457,0.4332833
238280,L4/5 IT,0.115209065,-0.056248747
156805,L4/5 IT,0.23473999,0.41850075
262057,Oligo,-0.23159131,-0.32884467
79759,OPC,-0.20947686,-0.3975049
186675,L6 CT,-0.29500774,-0.41289395
105685,L5 IT,-0.13333046,-0.36002895
105680,L6 CT,-0.107706256,0.26421776
29318,L4/5 IT,0.05505558,-0.38672474
105656,Endo,-0.04930506,-0.27659675
79739,Micro,0.23496112,-0.3723953
262074,PVM,-0.11534,-0.23875695
236329,Astro,0.18884489,-0.034805678
72497,Endo,0.14700106,0.050494798
262076,L2/3 IT,0.16223559,-0.28930315
29357,OPC,0.029942237,0.4135678
29364,Peri,-0.063365914,0.2575228
186776,L6 IT,-0.23405495,-0.21132869
203687,Astro,0.2384623,-0.1974499
156554,Oligo,-0.20872417,-0.24455905
156559,Oligo,-0.2266882,0.031707324
79828,L2/3 IT,0.18462023,-0.377099
2342,PVM,0.26216277,-0.291438
156576,L4/5 IT,0.2085953,0.44439957
59751,L5 ET,-0.05074612,-0.268621
186720,Oligo,-0.21528634,-0.33912107
29453,Astro,-0.4884753,-0.39471844
55319,L6 CT,-0.14151686,-0.14270118
105840,Lamp5,0.29746947,0.1794503
220382,L4/5 IT,0.11992564,-0.13151494
79803,L5 IT,-0.01709602,-0.2790089
105819,L4/5 IT,0.21441635,0.38705108
105806,L6 IT,-0.068351306,-0.089540295
79790,L6 CT,-0.097263075,0.039866664
186727,Pvalb,0.029187344,0.2947828
242386,PVM,-0.085087664,0.04954327
245058,L2/3 IT,0.21717659,-0.36133718
156925,Astro,0.23806676,0.4520785
79728,L2/3 IT,0.267311,0.23434117
10863,Oligo,-0.19215968,0.04229302
68339,OPC,-0.08576638,0.37978503
79640,Peri,0.34556493,0.3363485
79638,Oligo,-0.5001183,-0.37267065
105460,Pvalb,0.17555258,-0.243096
97268,Endo,-0.07411093,-0.2685962
157105,Endo,-0.23288289,-0.30378765
105437,Oligo,0.11031338,0.25537482
55521,Micro,-0.37643483,-0.29796895
157117,L6b,-0.15751287,0.23182234
105425,Oligo,0.021661423,-0.102578335
157147,L6b,-0.14975488,0.15267834
105422,Endo,-0.55414355,-0.34451485
29141,Oligo,-0.19287884,0.369198
181920,L2/3 IT,0.082573436,-0.3915825
29107,L5 ET,0.16277447,0.4576927
55554,Sst,0.04225578,0.23230574
105405,PVM,0.007277511,0.41786793
236311,L4/5 IT,0.13460651,0.10057107
156934,L6 IT,0.004103206,0.1714305
18075,Oligo,-0.09163014,-0.072321676
171029,Lamp5,0.20717934,-0.32846814
79727,L5/6 NP,-0.021259107,0.16656837
262080,Pvalb,-0.105882116,0.40259656
156952,L5 ET,-0.12645662,-0.40098262
186630,Endo,-0.35086867,-0.18183127
156958,L2/3 IT,0.20902917,-0.01346191
156973,L6 CT,-0.182037,-0.3273876
105569,L6 CT,-0.033183612,0.29876992
29239,Pvalb,0.10810598,-0.16192049
55517,L4/5 IT,0.06771775,-0.26869372
11995,L6 CT,-0.285051,-0.30219528
55474,Astro,0.036878966,-0.32910594
171032,L6 CT,-0.09242553,0.14324328
55488,L5 IT,0.068745874,0.049846567
203822,L2/3 IT,0.17009708,-0.0976642
105523,Endo,-0.37570706,-0.43103054
97239,L6b,-0.2596986,-0.18754736
29206,Pvalb,-0.021289147,-0.1378721
79655,Endo,0.12943539,0.43834803
253207,L5 IT,0.031380974,-0.056599878
204046,Oligo,-0.24550515,0.19583687
158004,Oligo,-0.32308057,-0.10386955
158013,Oligo,-0.093647994,0.30108485
78958,Micro,0.37593713,0.5514015
212459,L6 IT,-0.05690346,0.27079627
276511,Endo,-0.02679775,0.0942745
185933,Sst,0.08594199,-0.09321477
240145,L2/3 IT,0.1617913,-0.41934568
159105,L6 IT,-0.14629453,0.09814314
97576,Oligo,-0.23432082,-0.072590254
185918,L2/3 IT,0.20650795,-0.2692026
270677,L5 IT,-0.05278168,-0.1535837
229468,Oligo,0.106139265,-0.116798334
212473,L2/3 IT,0.27001002,0.0051460043
204196,L6 CT,-0.2510109,-0.27469337
276510,L2/3 IT,0.094047986,-0.36638573
68734,Astro,-0.034218766,0.055200733
104527,L2/3 IT,0.27451262,0.2885199
215847,L2/3 IT,0.21779332,-0.094759665
219033,L5 IT,-0.029741205,-0.15031844
220163,L6 CT,-0.21493503,-0.23542151
185910,L6 IT,-0.19644222,-0.13499975
159212,L5 IT,0.08267393,0.08718435
170840,L6 IT,-0.49626032,-0.42307112
159038,L4/5 IT,0.023045145,-0.4090969
249461,L2/3 IT,0.23221263,-0.20782918
229406,Peri,0.043732367,-0.08449783
55924,Oligo,-0.22120899,0.34739426
185977,Oligo,-0.15995371,-0.2626216
55928,Lamp5,-0.11495776,-0.15908813
229414,L4/5 IT,0.14926139,0.12879089
68680,Oligo,0.061342202,0.45361397
68683,L6 CT,-0.03578899,-0.06985342
262260,Astro,0.098527156,-0.20382151
68687,L4/5 IT,0.13873395,0.18238905
28131,L5 IT,-0.029350795,-0.3343549
68690,OPC,0.1843572,-0.39687124
16462,L4/5 IT,0.004508756,-0.42628613
159001,Astro,-0.45373604,-0.26235378
104597,Astro,0.21880677,-0.2396298
212444,Astro,-0.08002309,-0.23756075
159004,L5 IT,-0.15493357,-0.23320088
13403,L6 CT,-0.37966472,-0.41281384
278339,Oligo,-0.1389834,0.07274995
279976,L6 CT,-0.051992513,0.3971288
185894,L2/3 IT,0.18752262,-0.3059761
56023,L2/3 IT,0.17303726,-0.038384877
212491,Astro,-0.13225767,-0.4259639
8101,OPC,-0.23485765,0.10580633
233447,Astro,0.36776385,0.5473045
250789,L2/3 IT,0.17910632,-0.31458822
104403,L2/3 IT,0.15948722,-0.11055257
235364,L6 CT,-0.17411089,-0.19294366
27798,L4/5 IT,0.12831727,-0.17129377
159511,L2/3 IT,0.2831709,0.027262874
248140,Astro,0.10072436,0.41694656
268475,Oligo,-0.2582848,0.34867015
185790,Oligo,-0.23647904,-0.27170762
159566,Micro,0.23731425,0.3815939
27763,L4/5 IT,0.0767441,-0.2743142
56074,L2/3 IT,0.2898434,0.3080167
204251,Astro,0.28827742,0.24009505
27744,Astro,-0.10269607,-0.093008004
238361,Astro,0.1395376,-0.092582665
159622,Oligo,0.047267042,-0.40024942
220141,L6 CT,-0.1924141,-0.39520553
206364,Astro,-0.18945396,0.0866218
252821,Peri,-0.05821333,0.21924731
276503,L6 IT,-0.38331607,-0.38414985
159233,Oligo,-0.17567497,0.36746272
220161,Peri,-0.43253407,-0.31263757
159255,Micro,0.32621112,0.009626009
159260,L6 CT,-0.25384167,-0.19374338
185882,L6b,-0.1551337,0.29207978
229494,L6 CT,-0.17748246,-0.16515294
238766,Lamp5,0.25789377,-0.26417685
27953,L4/5 IT,0.058180414,-0.13931084
27911,Oligo,-0.24028754,0.26781288
229506,L5 IT,-0.18490046,-0.36805162
159296,PVM,0.28366455,0.2587838
78853,Oligo,-0.21501213,0.29406163
159318,L6 IT,-0.07088921,-0.1392909
104462,OPC,0.096953295,0.037888445
104458,Micro,0.2909558,0.19377145
78842,Astro,0.03129735,0.29706612
56049,L2/3 IT,0.24383864,-0.19432095
104436,L5 ET,0.046908103,0.44204363
159279,L4/5 IT,0.076339446,-0.054442488
229401,Endo,0.20957151,-0.2625468
28175,Astro,0.33493605,0.15149894
270685,Astro,0.084391676,0.3117768
28528,L2/3 IT,0.25811383,0.14364251
79242,L4/5 IT,-0.056410767,-0.3902577
104873,L5/6 NP,-0.08131764,-0.31776652
178371,L4/5 IT,-0.0007909909,-0.42131233
79236,L2/3 IT,0.13246551,-0.23809242
186191,L5 IT,0.13962689,0.41466382
2202,L5/6 NP,-0.021174349,0.3430029
270063,Endo,0.32295063,-0.05651986
18057,L6 CT,-0.26230207,-0.27098718
87,L6 CT,-0.24943638,-0.4131306
97465,L2/3 IT,0.09583249,-0.25953785
104821,Peri,-0.26764718,-0.19581231
158336,Astro,-0.25183538,0.19284257
104807,L2/3 IT,0.18516007,0.09041933
104801,Oligo,-0.17080343,0.15043822
28437,Micro,-0.14889953,0.13244167
55820,L2/3 IT,0.2632157,0.2021378
97472,L6 IT,-0.30149955,-0.26816377
204068,Peri,-0.084470816,0.019235767
242592,L4/5 IT,0.09000101,-0.14456627
97446,L5 IT,0.10722079,0.45265636
28541,Endo,0.21236506,0.21509036
215918,Astro,0.145857,0.039966114
158018,PVM,0.006077014,-0.24530935
170971,L6 CT,-0.30402645,-0.40380785
220242,L6 CT,-0.12047229,0.24930415
186255,L6 IT,-0.023260392,0.42852727
158051,L6b,-0.16934097,0.14632699
68531,Oligo,-0.24083999,0.27659824
220239,Astro,-0.21810642,0.20042148
104897,L6 IT,0.02357205,0.4606152
79283,Astro,0.013125442,0.27410755
253013,L5 IT,-0.13903832,-0.32458392
179417,L6b,-0.20562091,-0.085843526
158136,L4/5 IT,0.0264804,-0.35139677
68542,Astro,0.15854415,-0.07622089
79274,L6 CT,-0.12903488,0.3637162
104908,L5 IT,0.11233946,0.4752532
204059,Astro,-0.10830692,0.135474
876,L2/3 IT,0.22986987,0.4575977
204057,Astro,0.19592288,0.2597091
178394,L5 IT,-0.1588327,-0.33793917
266661,Endo,0.046503864,-0.3742764
252940,Oligo,-0.181308,0.2832115
245020,Oligo,-0.27751225,-0.19002947
158697,L5 IT,-0.27544105,-0.3672311
28268,L6 IT,-0.30128452,-0.38996258
104734,Oligo,0.103620015,0.14012262
55885,Pvalb,0.027617894,0.32714817
178409,Endo,0.20062563,0.3732656
158741,L2/3 IT,0.26648203,0.3275387
79065,L2/3 IT,0.27380332,-0.017344318
158695,L4/5 IT,0.039419614,-0.3354555
248840,L4/5 IT,0.10702445,-0.026940994
79060,L2/3 IT,0.06988367,-0.36046878
28207,L2/3 IT,0.18837216,-0.15482202
68664,Astro,-0.05462215,-0.3655492
234441,Endo,0.16824368,0.11209027
212421,L6 CT,-0.2675734,-0.35369846
79045,Peri,0.07716366,0.0034543052
158820,Endo,0.2046105,-0.030925803
158828,Astro,0.047912262,0.20352492
158780,L4/5 IT,0.15516123,0.34124735
8836,Micro,0.23325005,-0.39177805
158657,VLMC,0.3340421,-0.09040757
158641,Sst,0.1256288,0.070661046
158441,L5 IT,0.050708912,0.38885465
245021,PVM,0.22816613,0.46773085
55843,Oligo,-0.2514921,0.22689393
186140,L2/3 IT,0.27405265,0.18403903
186139,Oligo,-0.20292133,0.19952634
104782,L6 CT,-0.098098345,0.35835347
158502,Lamp5,0.18720219,0.29678914
79155,Peri,-0.37581503,-0.4130119
158532,L6b,-0.37117505,-0.31731707
158562,Oligo,-0.13028196,-0.3307747
79146,Micro,0.17582634,0.22099993
104778,Oligo,-0.50501025,-0.36446714
204100,Astro,0.072928034,-0.20785835
218993,Oligo,-0.13037989,0.17602196
158604,Pvalb,0.09088608,0.42011937
55861,Astro,0.272487,-0.23981646
28307,L6b,-0.37563357,-0.33912817
28300,L2/3 IT,0.1448274,-0.17974162
158618,Peri,-0.2757843,-0.26480502
102775,Endo,0.32596007,0.26166323
79848,OPC,0.26182094,-0.1348671
163052,Endo,-0.45734346,-0.4286671
102749,L6 IT,-0.2946681,-0.37573996
178935,VLMC,0.3390989,-0.04615038
100421,Astro,0.1675643,-0.2282216
169728,L6 CT,0.0073709115,0.28938994
183247,Oligo,-0.34502473,-0.27598658
262917,L5 IT,-0.32099536,-0.38106638
167276,L2/3 IT,0.19564584,-0.1765176
219601,L4/5 IT,0.17594591,0.37299624
215336,Sst,-0.11206398,-0.22404256
167234,Astro,-0.09606031,0.011564948
167292,Endo,-0.43345806,-0.2762772
167324,L5 ET,-0.053479232,-0.24073589
76127,L2/3 IT,0.13302281,-0.3774089
100378,Oligo,-0.13988599,0.02684746
267185,Pvalb,0.06573679,0.3368887
70274,L4/5 IT,0.18314716,0.40456042
167344,L4/5 IT,0.061999224,-0.40152046
76119,L6 CT,-0.32552662,-0.41834888
167356,Oligo,-0.37279198,-0.2792931
76136,L4/5 IT,0.11040052,-0.09702741
167359,L6 CT,-0.24915367,-0.33270997
100448,L6 IT,-0.10709072,-0.24700573
100457,L4/5 IT,0.0035185441,-0.368258
167055,L5 ET,0.005619906,0.24197015
11212,L6 IT,-0.30299523,-0.2790322
219610,L6 CT,-0.10319132,0.37441638
8504,L4/5 IT,0.048516475,-0.33754227
1353,Oligo,-0.24969286,0.04301051
167079,L2/3 IT,0.2702892,0.39899984
167081,L6 IT,-0.38442403,-0.36278597
76213,Oligo,0.005996786,0.4461027
215338,L2/3 IT,0.2855902,0.20730737
179154,Oligo,-0.18039441,0.3068109
244683,L5 IT,-0.0077106133,-0.10203483
248608,VLMC,0.35053834,0.13903633
244795,SMC,-0.13581744,-0.1569643
23756,L5 IT,0.0954928,0.208182
169765,L6 CT,-0.053686477,0.35322854
75317,L6 CT,-0.068300165,0.35926428
100502,Oligo,-0.22852394,0.34050736
22514,L6 CT,-0.1833283,-0.23564148
167136,L6 CT,-0.25194496,-0.32033816
183309,Oligo,-0.24183428,0.18182257
76111,OPC,0.06331762,0.008150794
262935,L2/3 IT,0.2730038,0.07751093
167576,L2/3 IT,0.2952868,0.4068062
58008,L4/5 IT,0.20063058,0.36289147
70333,OPC,0.07501938,-0.25770274
263152,L2/3 IT,0.24114189,-0.26176366
276200,Astro,-0.05646608,0.42686358
183141,L4/5 IT,0.1943154,0.3870004
178952,L2/3 IT,0.31518158,0.53168863
167624,Lamp5,0.20960495,-0.13319534
278826,L2/3 IT,0.28859553,0.5082958
22559,L2/3 IT,0.18059304,-0.16262645
58045,Astro,0.115053736,0.2948874
219580,L6 IT,-0.2751107,-0.41587687
167656,L4/5 IT,0.16554078,0.21161631
100176,L4/5 IT,0.09448119,-0.28166035
263012,Micro,0.3568609,0.3580937
22570,Oligo,-0.35026857,-0.2300143
167686,L2/3 IT,0.2734336,0.43693474
22571,L4/5 IT,0.009463392,-0.39654616
242498,SMC,-0.45683542,-0.3362034
213440,L2/3 IT,0.23558167,-0.27808318
243408,L2/3 IT,0.27038583,0.09359983
267203,L4/5 IT,0.06152358,-0.3888796
231052,Oligo,-0.16510797,0.27135226
215331,Endo,0.08323189,-0.35459986
205482,Micro,0.16248432,-0.08711343
57963,L5 IT,0.1459805,0.436685
23641,Astro,0.24550077,-0.16459826
100341,L2/3 IT,0.2741675,0.47848514
23618,L2/3 IT,0.3086073,0.44498977
231073,VLMC,0.28639993,-0.33777815
215327,Sst,-0.05319033,-0.10294058
100334,L6 IT,-0.058916964,0.40329686
76062,L2/3 IT,0.2869304,0.4295906
57971,L5 IT,0.11636152,0.10704265
23594,Micro,0.27586183,0.1807417
76050,Pvalb,0.21615914,-0.15759471
270337,L6 IT,-0.22512594,-0.29403743
167524,L2/3 IT,0.22649989,-0.14511183
219321,Astro,0.29433373,0.5118084
231092,Oligo,-0.2340653,-0.23962149
23605,L6 IT,-0.01855085,0.2722564
248647,L6b,-0.17647198,0.09177432
76236,Endo,0.3344541,0.4344534
23837,L4/5 IT,0.011994921,-0.32989636
251537,L2/3 IT,0.18926743,0.065512784
166452,L6 IT,0.054210924,0.47043273
8450,Oligo,0.050085507,-0.017155252
58824,Peri,-0.14814693,-0.3962212
24172,L6 CT,-0.2386151,-0.22334716
57753,Micro,0.045267604,0.120770074
57763,L6b,-0.2503785,-0.15759897
179180,Oligo,-0.1735658,0.38208213
263187,Oligo,-0.3487975,-0.27618638
166511,Peri,-0.23761597,-0.30147007
98803,L5 IT,0.0016080961,0.29302117
24149,Oligo,-0.15927452,0.053365804
183460,Micro,0.3061159,-0.00612285
76398,L6 CT,-0.19468445,-0.28872916
24133,L4/5 IT,-0.062491335,-0.40745905
251524,L2/3 IT,0.19117549,-0.271037
219648,Oligo,-0.22149324,0.15721992
166600,Micro,-0.058491983,-0.32963935
11198,Oligo,-0.22884282,0.09762744
24089,L2/3 IT,0.20552215,0.06679306
24207,L6 CT,-0.36475602,-0.36846885
178905,Pvalb,0.024301313,-0.3423181
166213,L5 IT,-0.077839114,-0.13253972
183562,Peri,0.20810148,-0.3963989
233070,L2/3 IT,0.24336413,0.42046717
169871,Oligo,-0.14862326,0.20230684
267113,Oligo,-0.43427542,-0.32613325
205289,Micro,-0.23701596,-0.42182377
183552,L4/5 IT,0.09710976,-0.1380085
183551,L4/5 IT,0.10879376,0.029352792
268261,Vip,0.24155107,-0.10554
100961,L2/3 IT,0.25975928,-0.05763393
100951,L5 ET,-0.047279812,0.11696515
183545,L5 ET,0.018519722,0.37895277
57681,Astro,0.13749018,-0.11772364
230861,Endo,0.16570583,-0.17919427
251550,Oligo,-0.060781635,0.4476461
76479,L2/3 IT,0.08570834,-0.41780728
219663,L6 IT,-0.28294873,-0.40102878
166396,Astro,0.037108384,-0.32296836
251569,L4/5 IT,0.17082754,0.47850093
76238,Pvalb,-0.23708606,-0.28322884
17790,L2/3 IT,0.22246805,-0.34264782
251517,Astro,0.13410345,-0.34489635
98858,L2/3 IT,0.3038636,0.23131624
76308,Micro,0.2485219,-0.4114326
98860,Lamp5,-0.10256792,0.056220837
23919,Oligo,-0.16976586,-0.2667484
166916,Oligo,-0.2659105,-0.23703152
248586,L6 CT,-0.11231563,0.1672953
98873,L2/3 IT,0.30266693,0.5587594
11840,PVM,-0.118410416,0.40147176
219638,Endo,-0.4060115,-0.2727904
276411,L4/5 IT,0.008528732,-0.40281713
100603,Oligo,0.21464762,0.20744506
276150,L6 CT,-0.34271333,-0.3968771
267179,Oligo,-0.29229063,-0.10978737
166989,L2/3 IT,0.30232397,0.5354516
100590,L4/5 IT,0.072361134,-0.26473716
100578,Endo,-0.1335989,-0.2226483
70235,Astro,0.05955448,0.13670525
76244,L2/3 IT,0.3077506,0.39441738
169802,L2/3 IT,0.16175702,-0.4148587
76383,L6 IT,-0.30917695,-0.2866955
11841,L5 ET,-0.0956716,-0.369621
70201,VLMC,0.33554646,-0.06456407
230918,PVM,0.09444418,-0.38819996
24074,L2/3 IT,0.2525753,0.2110022
70180,L2/3 IT,0.12025722,-0.3076522
166688,L5/6 NP,-0.010436691,-0.26047114
166692,Oligo,-0.32224482,-0.21102527
13219,L5 IT,-0.09867448,-0.4109067
16980,L6 CT,0.009323381,0.21139815
251501,L2/3 IT,0.19649825,0.33754876
100680,L4/5 IT,0.056538187,-0.3424525
243474,L5 IT,-0.15531394,-0.3001984
251500,L4/5 IT,0.05074688,-0.36648983
13214,Micro,0.004748665,-0.093632005
24022,L6 CT,-0.09588594,0.2697123
100715,Astro,0.020502888,0.43590036
169825,L5 ET,0.006119512,0.16169563
16991,Endo,-0.20408288,-0.30973303
215348,L6 IT,-0.06276003,0.21464142
1385,L2/3 IT,0.2611837,0.07227079
166722,VLMC,0.35328624,0.1856198
1431,L6 CT,-0.15556377,-0.04371249
251348,Endo,0.27436855,0.41455022
167712,L5 IT,0.08070924,-0.08133485
23016,Oligo,-0.25351983,-0.09715267
231318,Astro,0.19419625,0.40019086
22991,L5 IT,0.009093426,-0.08542659
240490,L6 CT,-0.17646363,-0.16963646
231328,Astro,-0.12740725,-0.36794558
182724,Astro,0.19915566,-0.08120554
22949,Peri,0.16937616,-0.13090307
268208,Peri,0.23559532,0.26030317
11277,L4/5 IT,0.03643533,-0.36678776
235121,Endo,0.06462749,-0.029274695
58443,L4/5 IT,0.08822336,-0.23182532
169489,L2/3 IT,0.28034863,0.27366486
276346,L6 IT Car3,-0.48918658,-0.42944527
99563,Astro,-0.013973631,0.1998209
168868,Endo,0.07632562,0.080118634
99556,L2/3 IT,0.14940569,-0.38990423
276348,SMC,0.026674233,-0.2597092
99549,L4/5 IT,0.10823395,-0.07073327
1132,VLMC,0.31213507,-0.21536925
168872,L5 IT,-0.12328119,-0.051945083
168710,Oligo,-0.26837552,-0.29969177
99227,L4/5 IT,0.11686721,-0.0023273453
169508,Oligo,-0.2445547,0.37490347
99703,L6 IT,-0.0066844597,0.049340017
168615,L6 CT,-0.023097195,0.29936245
8575,L4/5 IT,0.13877538,0.01664973
168618,L5 IT,0.0312412,-0.120716475
231406,Astro,-0.36651692,-0.21974549
13149,Oligo,-0.4218757,-0.35865352
99204,OPC,0.016643547,0.31732044
72237,OPC,-0.099670656,0.1887202
263075,Peri,0.22493657,-0.11080899
168680,Astro,-0.062194206,-0.2826989
219443,Sst,-0.05930028,-0.09751766
215253,L6 CT,-0.06299917,0.13669613
205706,L6 CT,-0.07743461,-0.10245379
75634,L2/3 IT,0.2572377,0.1817244
70525,L6b,-0.43033236,-0.37573874
267291,L6 IT,-0.41502908,-0.40708637
263081,Astro,0.30871347,-0.039185815
169497,L4/5 IT,0.17531559,0.15495196
169544,L4/5 IT,0.15696195,0.3270451
248755,Oligo,-0.13123533,-0.23925024
248734,L5 IT,0.13604453,0.2933987
75402,Oligo,-0.18352759,0.20715514
182613,Sst,0.22406301,-0.26044866
22795,Oligo,-0.18740028,0.3906012
169134,Astro,-0.4646882,-0.36169222
169144,L6 CT,-0.3118488,-0.40873578
13138,L6 CT,-0.23547652,-0.3071074
1090,L4/5 IT,0.1108736,-0.35810715
99285,Micro,-0.15719673,0.20295897
99416,L4/5 IT,0.200923,0.43866178
251095,L5 ET,-0.029301204,-0.2532202
169241,OPC,-0.18291253,0.15122995
58522,Oligo,-0.39749095,-0.28232643
169265,Micro,-0.5370002,-0.42327324
22728,L5 IT,-0.08165292,-0.2844859
213695,Oligo,-0.2076956,0.13193414
99372,L4/5 IT,0.0578148,-0.26858303
251066,L5 IT,-0.12414742,-0.2526226
99352,L6 IT,-0.16911224,-0.0339474
99390,L2/3 IT,0.24653426,0.14537337
22912,L5 IT,0.15531531,0.41031602
70580,Astro,-0.15997455,0.26877776
75477,Peri,-0.26124856,-0.4083874
75545,Oligo,0.019018434,-0.21507618
22907,VLMC,0.26536557,-0.38512903
168904,VLMC,0.3433654,-0.0301046
182683,L4/5 IT,0.10601076,-0.13361794
168924,L2/3 IT,0.14879635,-0.42427197
58490,L6 IT,-0.00883726,0.22049925
75516,L6 CT,-0.17142957,0.07020179
270254,L2/3 IT,0.2349905,0.2851167
1043,OPC,0.12490185,0.26932737
22670,Oligo,-0.18077505,0.3126339
214685,L6 IT,0.005615495,0.35415205
243142,L6b,-0.15289384,0.28311065
17135,L5 IT,0.08719524,0.4254209
22828,L4/5 IT,0.16069868,0.44387862
270265,Oligo,-0.26015586,-0.045496278
276353,L2/3 IT,0.25295475,-0.054366134
169062,Astro,0.060444616,-0.25686127
99420,Astro,-0.04336176,-0.2755563
236100,Peri,-0.39459994,-0.41673595
231124,Endo,0.02434548,0.41994074
182812,L5/6 NP,-0.009678043,-0.2551331
13157,L4/5 IT,0.19689545,0.34750363
276253,Micro,0.25726488,0.3342996
183013,L6 CT,-0.062140383,0.19476315
183009,Astro,0.15341035,-0.061903708
183008,Oligo,-0.39362594,-0.3045582
75912,L4/5 IT,-0.052515067,-0.4280356
70408,Micro,0.15540984,0.42602
167964,VLMC,0.31722507,-0.18267241
251296,VLMC,0.42698923,0.3587564
75351,L5 ET,0.11007299,0.23253712
99083,L6 IT,-0.13813657,-0.07769298
1243,L5 IT,0.018310748,0.044259585
99963,L4/5 IT,0.19632927,0.26919773
251295,L2/3 IT,0.21959683,-0.035376213
72270,L6 IT,-0.5291387,-0.41871092
205619,L6 IT Car3,-0.54299873,-0.4274303
263043,L4/5 IT,0.17406556,0.06713546
8644,Oligo,-0.2193929,0.30543956
75353,L5 IT,-0.14608723,-0.40418568
167968,Endo,0.33301625,0.17185906
23336,Oligo,-0.22819445,0.04845632
58701,Endo,0.019015633,-0.20982572
183036,L6 IT,0.028638028,0.1295642
167728,L6 CT,-0.082822986,0.22028098
75983,VLMC,0.3625138,0.31508556
183093,L5 IT,-0.043579377,-0.1798827
72277,L2/3 IT,0.1649343,-0.01018887
167739,Astro,-0.4506022,-0.35335708
23480,L2/3 IT,0.27047798,0.087947644
100091,L5/6 NP,-0.029512562,0.38580403
17068,L4/5 IT,0.13671306,0.26259205
58702,Oligo,-0.23933443,0.24805865
70376,L6 IT,-0.1262475,0.031133123
8539,L6 CT,-0.094083376,0.28126046
231137,Astro,-0.43349785,-0.32239488
100033,OPC,0.0866495,0.38097462
263029,Astro,0.016441248,0.29260537
167839,L6 CT,-0.06570736,0.2669246
70380,L2/3 IT,0.23266783,-0.05026024
167853,Endo,0.1581426,-0.25546435
100011,L2/3 IT,0.13633755,-0.2982916
219326,Endo,0.33587858,0.014667548
99726,L2/3 IT,0.25371346,0.41020438
23335,Astro,0.28469607,-0.21614113
205639,Endo,0.33007768,0.53277785
168289,Endo,0.033864282,0.2368547
182926,Lamp5,-0.13707125,0.06370229
99141,Oligo,-0.17983598,0.17617378
168326,L4/5 IT,0.17776653,-0.014467023
179097,L5 IT,0.100871645,0.0852258
13122,Endo,0.10129859,-0.40519354
58345,Oligo,-0.36230788,-0.27309433
168381,Peri,0.063885115,0.14681354
11256,L6 CT,-0.0014368072,0.41675183
168413,L2/3 IT,0.23027787,0.3144022
58636,L2/3 IT,0.28607836,0.1785644
23127,L5 IT,0.103632055,0.07946686
248701,Endo,0.14432636,0.029961921
1181,Astro,0.3120425,0.17366317
168502,OPC,-0.28424537,-0.17134804
168507,Endo,-0.11589644,0.11097673
99736,L2/3 IT,0.17378643,0.007745214
168566,L2/3 IT,0.24184504,0.46262822
99745,Peri,-0.4524843,-0.33140275
1012,Oligo,0.12004443,0.15325436
242524,Oligo,-0.17025211,0.19650379
168259,L6 CT,-0.0956879,0.45990142
276271,L4/5 IT,0.0214267,-0.42076144
99100,L2/3 IT,0.2824528,0.14082697
168084,VLMC,0.37238267,0.45444843
23318,Astro,-0.24618235,0.23559633
23317,L2/3 IT,0.22851345,0.43775097
169580,VLMC,0.31836542,-0.17327756
214697,L6 IT,-0.14097455,0.004928477
75829,Astro,0.2261776,-0.27878448
179034,Astro,0.35416433,0.5211514
99871,Pvalb,0.13193455,0.17613652
23279,SMC,0.374625,0.47425285
168185,Endo,-0.060674824,0.08964906
251272,L2/3 IT,0.25599626,-0.19346702
276277,L4/5 IT,0.19710287,0.41134623
182964,Endo,-0.042127706,-0.07964616
277330,VLMC,0.34974256,0.11872134
70473,Astro,-0.25679576,-0.39637744
168255,Lamp5,0.1695585,0.061663397
219511,L4/5 IT,0.18832985,0.18438593
248551,L2/3 IT,0.1410025,-0.26251116
166200,Oligo,-0.20795009,0.008590408
76541,L4/5 IT,0.061407946,-0.32211536
102120,L2/3 IT,0.22584113,-0.1900217
163947,L6 CT,-0.07410563,0.0068422034
163958,L5 IT,-0.01473961,-0.28786966
77260,Astro,-0.19030902,0.0077667907
178700,L6 CT,-0.10451568,-0.08434006
77257,Oligo,-0.20714787,0.14816388
230405,Endo,-0.076171525,0.4774919
248373,PVM,-0.029935397,-0.41102317
204933,L2/3 IT,0.2088444,-0.17902747
102105,L6 CT,-0.21412724,-0.28097335
240666,Astro,-0.10078884,-0.37329176
266954,L2/3 IT,0.18943915,-0.21841297
262671,L4/5 IT,0.051139973,-0.377936
184360,L4/5 IT,0.15075698,0.039599635
69685,L2/3 IT,0.21994248,0.081511475
230420,Astro,-0.08324606,-0.3388421
77230,Micro,-0.09013302,0.4321647
206067,Pvalb,-0.16431865,-0.3857173
16778,Peri,0.014454149,0.4707937
11785,L6b,-0.2586201,-0.21542668
262663,L6 IT,-0.16227531,-0.36835796
163876,Astro,0.104228996,0.18514904
163771,Astro,-0.11253292,0.34565082
163784,Oligo,-0.32604924,-0.22950116
277965,L2/3 IT,0.22119275,-0.29240727
280066,L6 CT,-0.09229899,-0.14187554
277349,L2/3 IT,0.20262662,0.14076743
57172,L6 CT,-0.28131136,-0.33679855
102215,L2/3 IT,0.10301139,-0.3572971
1649,PVM,-0.14133844,-0.15025726
234471,Endo,0.11365368,0.19088331
163837,Endo,0.32976422,0.2894582
98368,Oligo,-0.067535914,-0.08680346
215555,L2/3 IT,0.30523333,0.48038438
163843,L4/5 IT,0.13894281,0.023187228
53,L2/3 IT,0.16786131,-0.22219267
102209,Astro,0.27824548,-0.22658801
184409,Endo,-0.012586512,-0.109435074
102204,SMC,0.11059388,-0.042431436
57191,L5/6 NP,-0.16973734,-0.40987
11115,L6 CT,-0.073528,0.24407801
163768,Astro,0.32194528,0.21856281
178711,Pvalb,0.012478434,-0.43062255
204960,Astro,-0.00061479956,-0.25282717
164233,L5 ET,0.0019388422,0.16172358
101939,Endo,0.14529178,0.09041498
164240,L5 IT,0.15548947,0.41919056
164259,Oligo,-0.19337222,-0.35069588
25357,Pvalb,0.002211772,-0.12803146
22315,Oligo,-0.23979247,0.10588596
25330,Oligo,-0.0974865,0.16161594
101922,Oligo,-0.28951916,-0.26006457
164220,Pvalb,0.06112864,-0.1514321
101914,Oligo,-0.15421176,0.36932692
57285,L6 IT,-0.062007047,0.39536503
25314,Sst,-0.004862465,-0.38124907
101865,Lamp5,-0.38534558,-0.38077614
22322,L6 IT,-0.06783614,0.07885728
184217,Oligo,-0.19980943,0.11073915
13283,L5 IT,0.10427412,0.28904286
251944,Peri,0.26044962,0.45843098
983,Oligo,-0.21890217,0.3024449
101896,L5 IT,0.11045989,0.07226864
102057,Peri,-0.39975724,-0.3261218
204982,L2/3 IT,0.29916063,0.30887255
251969,L6 CT,-0.028732158,0.29763427
219761,Astro,-0.25089175,-0.23347846
164089,L6 CT,-0.12247006,0.15298942
1625,L6 IT,-0.13526526,0.08255146
178715,L5 ET,-0.06349716,-0.2971205
16789,Oligo,-0.23454529,0.03726513
184315,L5 ET,-0.0028585568,0.15253952
102006,L5 IT,-0.04454259,-0.342137
251979,VLMC,0.35081586,0.15839931
77160,Endo,0.073743425,-0.07479369
25410,Oligo,-0.3146881,-0.21774346
251975,OPC,-0.12401683,0.31325063
164171,L6 CT,-0.30035084,-0.39342573
213023,L4/5 IT,0.12699631,-0.06478473
44,L5 ET,0.10050293,0.33089796
233361,Oligo,-0.26418296,-0.16105664
57266,VLMC,0.32257292,-0.15942445
164199,L6 CT,-0.119801916,0.16899553
215517,L6 CT,0.06667765,0.2513329
164152,Astro,-0.24665639,0.17488989
25299,Oligo,-0.23694333,0.024409063
278200,Endo,0.06921204,0.41997883
163754,L5/6 NP,-0.16073444,-0.3965245
206133,Lamp5,0.24071822,-0.25478968
275850,L2/3 IT,0.1956127,-0.39025313
170289,Oligo,0.050374113,0.039132662
77535,Pvalb,-0.1957081,-0.3884516
75154,L5 IT,-0.002724506,0.038024165
77530,L2/3 IT,0.25328526,0.2857661
275861,L2/3 IT,0.1820831,0.16845891
25872,L6 CT,-0.12243778,0.26306704
252130,L6 CT,-0.1354152,-0.0484963
77520,Micro,-0.029673196,0.1445612
98237,L4/5 IT,0.026278995,-0.36736855
22234,L5 ET,0.03322836,0.16187117
102531,L2/3 IT,0.263599,0.12664154
77506,L6 CT,-0.14329198,-0.12874147
219809,L6 IT,-0.033509232,0.46386817
163381,L6 IT,-0.2800795,-0.28119776
235332,L2/3 IT,0.24108884,-0.22227672
163402,Endo,0.3474134,0.38549402
57020,L4/5 IT,0.18062773,0.15715471
77483,Astro,-0.36521837,-0.26444945
242544,Oligo,-0.23978981,0.22636774
102606,L6 IT,-0.017936684,0.47836664
204768,L6 IT,-0.11505283,0.009502269
77602,L6 CT,-0.1596066,-0.02286952
163115,Astro,0.14685729,-0.013859414
25971,Oligo,-0.11878649,0.11424086
231576,Oligo,-0.22638553,-0.039242737
102667,Micro,-0.31169346,-0.42312863
163155,L4/5 IT,0.15613285,0.25087383
25954,Astro,0.27299693,-0.26893768
163239,L2/3 IT,0.28942636,0.108036436
102664,OPC,-0.075895704,0.23012355
184620,Micro,0.020023428,-0.16249841
25939,L6 IT,-0.16774136,0.05831591
163203,L5 IT,-0.095960386,-0.39451236
219192,Oligo,-0.09752569,-0.32201257
263292,SMC,0.031685017,-0.26756796
56974,Pvalb,0.013299428,0.37684706
263288,Lamp5,-0.03471873,0.42033044
163232,OPC,0.19503179,-0.16653576
163178,L6 CT,-0.2114732,-0.18004423
25612,Oligo,-0.16719383,0.35430345
16751,L2/3 IT,0.19271228,-0.08417287
212935,Astro,0.20903239,0.45504633
102362,L4/5 IT,0.029070698,-0.43157843
11101,Astro,0.22425786,0.38935646
102342,Oligo,-0.32479033,-0.30079886
163633,L6 IT,-0.18775034,-0.37381157
215177,L5 ET,0.050306402,0.26584587
75181,L6 IT,-0.13633457,-0.08052095
163678,L4/5 IT,0.15253732,0.15857074
252024,L6 IT,-0.027641691,0.4550344
163581,L6 CT,-0.06404326,0.0029311255
77373,Peri,0.19504943,0.006763108
163686,L6 CT,-0.13825667,0.036019213
102331,L6b,-0.18481624,0.049211003
233370,L6 CT,0.014649712,0.44876495
57142,L4/5 IT,0.015484355,-0.37637037
25643,L6 IT,-0.43729678,-0.399084
163707,Peri,-0.06103448,0.25548622
204899,L5 IT,-0.049754657,-0.16556865
278885,Micro,0.18281528,0.3815321
102337,L5 ET,-0.022147454,0.08762578
270473,Oligo,-0.11115844,-0.2893313
57114,OPC,-0.21911511,0.11838422
77416,Oligo,0.082701765,-0.2773449
184559,Endo,-0.43873867,-0.27024254
25801,L2/3 IT,0.18856385,0.016989984
1686,L4/5 IT,0.032519065,-0.34475952
1685,L5 IT,0.15203038,0.44541797
57064,Endo,-0.043670394,0.2223765
77452,Oligo,-0.235731,-0.013649784
170252,L5/6 NP,-0.04617385,-0.19347766
230293,Sst,0.20933035,-0.1908116
204859,Micro,-0.30654544,-0.18811205
239672,L2/3 IT,0.18684748,-0.2976469
206123,L4/5 IT,0.16632023,0.40075716
204851,L5 ET,-0.113495864,-0.4058759
69555,VLMC,0.34576842,0.035152443
184543,L4/5 IT,0.181303,0.32031265
184536,Oligo,-0.21824366,0.24423406
184522,Endo,0.32208994,-0.059889637
57108,Astro,-0.12497265,0.32705936
163511,L2/3 IT,0.23193893,0.08091579
59094,Pvalb,-0.04298041,0.006308891
262696,SMC,0.2553142,0.16422275
17870,L4/5 IT,0.20637181,0.47055224
98486,L5 IT,0.036289595,0.24434534
165385,Peri,0.16701135,0.2537054
24790,L5 IT,0.120218955,0.13394699
183841,Peri,0.1733425,-0.38968134
165410,Endo,-0.010980226,0.1285539
101439,Oligo,-0.22715902,0.39622512
236168,L6 CT,-0.114014216,-0.07882913
251761,L5 ET,0.12553635,0.46715906
8389,L6b,-0.40503123,-0.35998482
69967,L4/5 IT,0.15149173,0.1858441
178794,Pvalb,-0.4107617,-0.4134412
24756,L6 CT,-0.19709781,-0.0767157
101408,L6 IT,-0.02959112,0.12774476
243092,L4/5 IT,0.014391266,-0.38337502
101379,Peri,0.13174984,0.4418449
16897,Vip,0.27921548,0.42100123
230716,L4/5 IT,-0.026768185,-0.42069116
11178,L6 IT,-0.20216447,-0.1815393
183804,L4/5 IT,0.103285216,-0.2406731
165435,L2/3 IT,0.22733054,-0.029571287
24722,PVM,-0.087908484,0.31263766
101456,OPC,-0.4416187,-0.42997512
178787,Astro,-0.09037859,-0.071966134
183896,Micro,0.035828613,0.33889768
24903,L4/5 IT,0.16693446,0.26448837
213176,L4/5 IT,0.16030374,0.38233235
165239,Peri,-0.008046068,-0.20281082
230648,Oligo,-0.20670271,0.32693228
101532,Astro,-0.3561364,-0.24267897
270188,OPC,-0.33274278,-0.18009913
262754,L2/3 IT,0.17216542,-0.044023804
24798,L2/3 IT,0.2670153,0.0827711
165316,L6 CT,-0.13126934,-0.16293511
178777,OPC,0.26200745,-0.33546412
230657,Astro,0.10483196,-0.27426258
169967,L2/3 IT,0.3068736,0.49652484
165357,Micro,0.010203086,0.35175762
24827,L6 IT,-0.21493542,-0.31937447
277476,L6 CT,-0.39077565,-0.37206495
69961,L4/5 IT,0.0501106,-0.42822626
263221,Oligo,-0.21498865,0.35023955
165342,Astro,0.32355055,-0.03244718
57405,L2/3 IT,0.08034488,-0.38743973
1478,L6 CT,-0.049792446,0.3751208
101365,L6b,-0.4116145,-0.35882953
213277,Oligo,-0.24003068,0.23827288
24453,Micro,-0.3380302,-0.24404249
24448,L6 CT,-0.16322508,-0.1714398
183637,Micro,0.23352006,-0.30034313
70036,Oligo,-0.50798917,-0.36563167
213279,L5 IT,-0.034917273,-0.11173462
276078,OPC,0.16898581,0.07540081
165984,L5/6 NP,-0.083153166,-0.07566776
169909,L4/5 IT,0.14182767,0.24089977
233270,L4/5 IT,0.09752961,-0.16002965
205258,Astro,0.26088008,0.3762854
233069,Micro,-0.118862934,-0.0010439381
219683,Astro,0.3260168,0.2440196
267104,L6b,-0.514623,-0.42085287
166127,L2/3 IT,0.21232972,0.123394586
16953,L5 IT,-0.06398968,-0.32427585
76545,Peri,-0.3849319,-0.2645081
76544,Astro,-0.16531956,0.07602904
183605,Astro,0.3270426,-0.018667005
57474,L6 CT,-0.12556204,-0.19215637
165916,Oligo,0.03537514,-0.121146165
205256,Oligo,-0.5350309,-0.3839938
243502,L2/3 IT,0.29117456,0.28885725
57476,Astro,0.2394987,-0.23874775
101328,Oligo,-0.30316496,-0.15418828
72322,L5 IT,0.06411501,0.12840071
165677,VLMC,0.33936343,-0.050962858
240596,Pvalb,0.14349034,0.070694365
183730,L5/6 NP,-0.13148755,-0.26135272
205224,Oligo,-0.3104366,-0.1910586
248527,L4/5 IT,0.08795037,-0.26432136
98662,Astro,-0.18226573,-0.065318935
101230,L6 CT,-0.10316119,-0.2793915
205234,L4/5 IT,0.12988552,-0.077337615
16930,L5 IT,0.05488708,0.054249205
24529,L5 ET,-0.06328813,0.23358771
16933,Endo,-0.18176386,0.008387871
13250,L6 CT,-0.0058278814,0.44696882
165873,L6 IT,-0.026312925,-0.028122209
16934,Oligo,-0.26833856,-0.20897183
165756,Endo,0.07979622,-0.3243348
98570,Oligo,-0.054673053,0.020971633
169980,L4/5 IT,0.1587722,0.26569977
101545,Oligo,-0.2108213,0.27900133
77023,Astro,0.20465037,-0.1687128
164528,L6 CT,-0.31812197,-0.42064273
101683,Astro,-0.25816774,0.2727678
164548,Oligo,-0.24177366,0.08647219
985,L2/3 IT,0.21731171,0.2208232
248435,L5 IT,0.15048781,0.43305042
164596,Oligo,-0.33798453,-0.22411528
182317,L6 CT,-0.112030186,0.391583
251899,L6 IT,-0.090371676,0.38861284
164599,L5/6 NP,-0.0754732,0.16036728
11862,L2/3 IT,0.20877472,-0.21278962
164619,L2/3 IT,0.24124882,0.32304654
57359,L4/5 IT,0.16160735,0.28922608
205093,L2/3 IT,0.26442054,0.038042493
25151,L2/3 IT,0.25399598,0.009309657
164659,Astro,-0.25244626,-0.07173797
184072,L2/3 IT,0.22659972,0.42536882
251883,Micro,-0.18203074,-0.009334438
164603,VLMC,0.34788463,0.057359613
25119,Endo,-0.23250538,-0.043612026
178753,L5/6 NP,-0.07798091,-0.24000329
205074,Astro,-0.03385005,0.17226169
8354,L4/5 IT,0.17333391,-0.08851706
77093,L5 IT,-0.087522455,-0.39730975
101817,Micro,0.262607,-0.22690427
25283,Micro,0.19752476,0.40036234
184175,Astro,0.32341573,-0.048093162
170062,L6 IT,0.07593837,0.41885272
164418,L5 IT,0.08410629,0.4490724
240633,Oligo,-0.08550639,0.43619302
164519,Endo,0.1609154,-0.23076984
215492,OPC,0.29836324,0.5437957
164444,Micro,-0.19826195,-0.30622584
244857,L4/5 IT,0.15095028,-0.22609696
248418,Oligo,-0.14200994,-0.07665982
98505,L6 IT,-0.12788108,0.18926856
170049,VLMC,0.26295307,-0.39181867
164497,Endo,0.01250907,0.3630362
101768,SMC,0.17508021,0.3219649
164514,L4/5 IT,0.16307434,0.291625
251926,L5/6 NP,0.08782717,0.20758542
178760,L6 CT,-0.11721883,0.054782487
164746,Lamp5,0.30443767,-0.15291965
238574,L2/3 IT,0.19164917,-0.11157074
25038,L4/5 IT,0.08508464,-0.25250846
213134,Sst,-0.042207398,-0.35115567
230594,L5/6 NP,-0.086706676,0.1555939
240479,L6 IT,0.057295583,0.34434977
230597,L2/3 IT,0.22181049,0.38433233
165044,Oligo,-0.11465097,0.32549062
101579,L4/5 IT,0.1623945,0.13895491
16843,L5 IT,0.016490363,0.097648
25041,Pvalb,-0.0677487,0.017104723
101575,L6 IT,-0.12742373,-0.016475223
98547,L4/5 IT,-0.047113754,-0.4185417
57399,L6 CT,-0.10189802,0.28107616
101554,Oligo,-0.17371109,0.26069275
165102,L4/5 IT,0.18511471,0.18911663
24971,L5 ET,0.07756593,0.0324801
101548,L6 IT,-0.2517165,-0.38054016
230624,L6b,-0.24921116,-0.16382599
165179,L2/3 IT,0.25935283,0.2920634
239671,L4/5 IT,0.14852783,0.30813774
276002,L6 CT,-0.12508366,0.14224204
164963,L4/5 IT,0.07526555,-0.35951564
76892,Endo,0.048645698,0.12020264
76972,L5 ET,0.120217346,0.42878243
270439,Oligo,-0.19526485,-0.06862756
239823,L2/3 IT,0.21721247,0.42874983
164778,L6 CT,-0.30193937,-0.34276327
280091,L4/5 IT,0.15955135,0.08774642
1552,L6 CT,-0.16088322,-0.01637911
164805,Endo,-0.41577938,-0.39156315
184013,Oligo,-0.3473753,-0.2804204
164870,Astro,0.09748133,-0.35391164
230578,L5/6 NP,0.041964196,-0.10261249
251854,Oligo,-0.12576368,-0.041082107
17208,Endo,-0.050895073,0.333037
183998,Astro,0.2656913,0.29182205
69880,Oligo,-0.2329345,0.19805333
183990,Endo,0.34526488,0.45677623
76918,Astro,0.23271427,-0.4285792
98538,L2/3 IT,0.26846763,-0.11622029
164922,L2/3 IT,0.25710097,0.20121935
183980,Oligo,-0.19839793,0.1829817
56949,L6 CT,-0.01254753,0.46107432
171126,L2/3 IT,0.26335844,-0.09478783
218011,L6 CT,-0.051138498,0.485074
171838,Oligo,-0.24857298,-0.035428785
152382,L6 CT,-0.12906566,-0.21313688
30667,Oligo,-0.24705788,0.36648473
107077,L2/3 IT,0.2748451,0.3788412
266393,Astro,0.33926407,0.51553214
181811,Astro,0.17630777,0.41463223
96784,Sst,0.14649925,0.45756635
187555,L4/5 IT,0.10894891,-0.0823183
10755,L2/3 IT,0.20898238,-0.21896192
274939,Oligo,-0.41086796,-0.33841807
32499,PVM,0.06023719,0.14358488
107107,L2/3 IT,0.24419865,0.26946977
149885,L5 ET,-0.023541965,-0.18757075
231803,L4/5 IT,0.06162908,-0.24249932
33083,L6b,-0.10751987,0.36010078
53615,Oligo,-0.23793393,0.25538203
32520,PVM,-0.2560837,0.22024086
30694,Pvalb,-0.1882061,-0.27011108
228658,Pvalb,0.05612328,0.09370253
228645,L6 CT,-0.32198113,-0.3580787
187562,Oligo,-0.2093147,0.33461615
187564,L6 IT,-0.09036315,0.18288305
243738,L4/5 IT,0.08433773,-0.055919223
33075,Peri,-0.48536,-0.27975628
80605,Oligo,-0.2327342,0.11742369
243765,OPC,0.10914292,0.04970447
67157,Lamp5,0.020495676,-0.2884538
152369,L5 ET,-0.034341015,-0.1662901
154260,L2/3 IT,0.2697374,-0.121277414
277600,Oligo,-0.2175512,0.16433373
220529,Oligo,-0.21286833,0.26558217
154322,L6 CT,-0.32128027,-0.3713418
131,L6 IT,-0.17259538,-0.25363895
67137,Endo,0.31689873,0.015825279
220807,VLMC,0.27805766,-0.34847867
202825,Oligo,-0.2297641,0.058048643
247822,PVM,-0.3282818,-0.10901194
149864,L4/5 IT,0.14541337,0.07901428
151015,Astro,-0.15686825,-0.14334223
31677,Astro,0.2312772,-0.061277144
154249,Oligo,-0.18760896,0.24901274
189035,L6 CT,-0.20656851,-0.3371053
149870,Sst,0.28056857,0.035691597
228108,Astro,-0.010045625,-0.019604675
109165,Oligo,-0.16102046,0.1512017
107870,Sst,-0.10209132,-0.040681385
54273,Oligo,-0.25777102,-0.30119938
171431,L6 IT,-0.1460734,-0.25470534
30655,L2/3 IT,0.22077176,-0.24655142
18308,L5 ET,0.015915297,0.17730758
152364,L5 IT,0.15674469,0.34795126
30657,L5 ET,0.007664405,0.3835961
213935,Endo,-0.2287611,0.10254697
206751,L4/5 IT,0.0054114684,-0.40872857
81149,L6 CT,-0.103691496,0.45520934
53922,L4/5 IT,0.04026439,-0.4126516
154145,Sst,-0.07072667,-0.19316664
228624,L6b,-0.26205608,-0.17688176
177941,Oligo,-0.19334283,0.3034977
149954,Endo,0.031486057,-0.22917151
109135,L5 ET,0.04779347,0.4204943
153976,Astro,0.15872732,-0.1837872
149990,OPC,0.082662605,-0.1466819
172077,Micro,-0.008230962,0.00905899
53641,Endo,-0.36317033,-0.2557148
31633,Oligo,-0.23824286,0.017253496
228623,OPC,-0.4921886,-0.33371922
152453,Vip,0.16334352,0.19126305
153989,L5 IT,-0.13054517,-0.2904103
233543,L6 CT,-0.30341443,-0.3966921
7733,Astro,-0.19889432,-0.23804167
54607,L6 CT,-0.19220221,-0.40678185
188978,Endo,0.12793627,0.39821103
150037,Oligo,0.23542884,0.39845493
18228,L4/5 IT,0.061915778,-0.20254114
107850,L2/3 IT,0.2908927,0.20509526
188975,L6 CT,-0.04383538,0.2664036
96109,L2/3 IT,0.15895614,-0.2968268
96531,Endo,-0.21815965,0.026152827
171751,Oligo,-0.036397256,0.19901046
263621,L6 IT,0.017736815,0.23958728
16083,Oligo,-0.35299268,-0.2692757
17625,L4/5 IT,0.06564876,-0.36358044
30799,Oligo,-0.35760465,-0.24647093
247693,Endo,0.110378705,0.22635648
203359,Peri,0.2556602,-0.16341332
154133,Sst,0.031369947,0.09382377
188149,Pvalb,-0.3467375,-0.38283628
202640,L4/5 IT,0.076074265,-0.15749049
107140,Astro,0.15702686,0.18447444
236425,L6 IT,-0.086700805,0.4520724
81975,Sst,0.1319494,0.18385038
152391,L2/3 IT,0.2654313,-0.1462034
261820,Pvalb,0.20893791,0.26877573
154067,Astro,-0.5713464,-0.3862655
18284,Oligo,-0.24661747,0.3743905
33066,VLMC,0.32526466,-0.14891362
203021,Oligo,-0.24408379,0.3100908
188648,Oligo,-0.20732859,0.33100227
33061,Endo,0.21439305,0.12864861
187589,L5 IT,-0.02978722,-0.3463106
187594,L5 IT,0.075638674,0.2707555
96754,Lamp5,0.31474355,-0.14615461
274931,Astro,-0.10546375,-0.28359553
206921,Astro,-0.06678859,0.22614655
187614,L6 CT,0.018214606,0.47634044
107852,Endo,0.1480749,0.2195169
67841,Oligo,-0.32384887,-0.24955806
181557,Oligo,-0.2179991,0.2033805
67160,Oligo,-0.19536212,0.27092257
154334,L6 IT,-0.14855638,-0.25317168
245154,Endo,-0.04026512,-0.37382758
261845,Oligo,-0.21714896,0.20813188
154358,Astro,-0.05409304,-0.37680614
254468,L6 CT,-0.040392376,0.18910876
152148,L2/3 IT,0.27662966,0.22206154
80377,Oligo,-0.3386409,-0.24698976
149714,OPC,-0.22758675,-0.12445661
54848,Endo,0.2269685,0.061686493
8925,PVM,-0.048808552,-0.32029867
21554,Sst,0.22065017,-0.2605866
187367,VLMC,0.3481821,0.11220036
16056,OPC,0.13986853,-0.19359544
227855,Pvalb,-0.10743398,-0.396556
67339,Endo,-0.041295327,-0.4093438
7597,L6 CT,-0.06392566,0.4340137
220612,L4/5 IT,0.03345575,-0.32644913
67122,L6b,-0.1555832,0.2588462
178047,Oligo,-0.06857131,-0.40390822
81594,SMC,0.10753497,0.31118008
72012,Pvalb,0.07667031,-0.41486728
30448,Pvalb,-0.035373844,-0.23976338
54230,L2/3 IT,0.17851803,-0.28276703
30451,Astro,-0.28424498,-0.25564542
67130,Sst,-0.07900078,0.14985368
228720,L6 CT,-0.026906945,-0.0008030161
247853,Peri,-0.05008576,0.048615225
106796,L6 IT,-0.011095144,0.27806374
82059,Oligo,-0.15492931,0.11194334
30422,Oligo,-0.28736463,-0.11152851
154719,L2/3 IT,0.1942887,-0.30751622
82072,L6 IT,-0.09480149,0.2561119
149649,OPC,0.1838018,0.3944119
269964,Astro,0.024230205,-0.04802104
189119,L6 IT,0.021503888,0.35974994
236391,Peri,-0.53225905,-0.36980703
108020,Astro,0.28286394,0.5294362
172135,L5/6 NP,-0.065191664,-0.27552348
74554,Endo,-0.45192665,-0.3570258
178067,Endo,0.250868,-0.2537634
177914,L5 IT,0.049214326,0.1404455
154782,L6 IT,-0.17869279,-0.004012488
81246,L6b,-0.14232987,0.29144016
106679,Pvalb,0.034155212,0.11135701
149687,L4/5 IT,0.2047421,0.30966327
109337,L6 CT,-0.26709148,-0.4088415
154766,L2/3 IT,0.2317284,0.048472233
149688,L5 IT,-0.10599122,-0.42522767
108522,Oligo,-0.25355554,0.3168575
154765,L5 IT,-0.14209318,-0.40771893
236474,L4/5 IT,0.08404984,-0.16092277
152137,Oligo,-0.2789769,-0.16027746
274563,L5 ET,-0.0048922077,-0.12890592
203444,L6 IT,-0.33915403,-0.3117868
152139,Vip,0.029787384,0.31710085
253623,L4/5 IT,0.118228875,-0.029686533
108530,Oligo,-0.1440922,0.01931373
171368,Oligo,-0.55527025,-0.38176343
253761,L6 IT,-0.07763038,-0.21186087
80413,Endo,0.33548304,-0.00043975562
31815,Astro,-0.30901214,-0.35314927
279833,Oligo,-0.08205477,0.035664655
7836,L4/5 IT,0.013371371,-0.35773104
277597,L6 IT,-0.24091274,-0.33558816
149800,L6 CT,-0.27176753,-0.28048787
53930,Micro,-0.04666827,0.38947508
106940,L6 CT,-0.24520984,-0.3784133
206639,L5 IT,0.026928447,0.02707056
189076,L5 IT,0.05224552,-0.10708507
81182,L2/3 IT,0.22328332,-0.21403381
154432,Astro,-0.14164066,0.06540371
109219,L5 ET,-0.03906814,-0.30553535
67927,Astro,0.16049108,0.461924
234334,Oligo,-0.25593132,0.068003245
261498,L6 CT,-0.10734058,-0.075637065
2541,L5 ET,-0.06725738,-0.3363727
154389,Peri,-0.018786468,0.06194473
187478,L5 ET,-0.06020049,-0.198401
67913,Oligo,-0.3002997,-0.20591274
67336,L2/3 IT,0.22347769,-0.11548828
211603,Oligo,-0.18193027,0.14044985
254012,Peri,-0.036139704,-0.386004
154381,Oligo,-0.23900265,0.37718126
202828,Oligo,-0.23122457,0.29380855
244582,Oligo,-0.28139773,-0.17402765
30559,Vip,0.15890631,0.046955712
233148,L5/6 NP,-0.06937776,-0.27140793
247838,L5 ET,-0.03146354,-0.21006432
202627,L6 CT,-0.07048259,0.22281334
188582,Peri,-0.01356224,-0.42985338
227863,L4/5 IT,0.10199048,-0.3334464
203430,Astro,0.110779725,-0.21613863
177859,Endo,0.3211535,-0.11472168
30498,Oligo,-0.31996793,-0.22530279
188203,L2/3 IT,0.19099924,-0.07124861
171784,L2/3 IT,0.16685185,-0.29592523
152225,L6 IT,-0.24465302,-0.24151841
30505,L6b,-0.15965784,0.20652261
228352,L2/3 IT,0.22354522,0.00869859
220630,L4/5 IT,0.18150344,0.19888237
266424,L2/3 IT,0.2763827,0.07031546
171778,L5 ET,0.024335705,-0.10620647
211604,L4/5 IT,-0.0051636472,-0.32225975
189097,L6b,-0.17255968,0.18403623
238184,L4/5 IT,0.20384839,0.46467695
247841,L6 CT,-0.14420792,0.051288255
107941,L6 CT,-0.13379067,0.21560505
202608,Pvalb,0.07322087,-0.28463992
189090,Micro,-0.031949736,0.47676662
154541,Oligo,-0.15131584,0.27479807
253656,L6 CT,-0.2236864,-0.31812802
107911,Oligo,-0.026104726,0.21304634
72553,L5 IT,-0.16404188,-0.36099246
109262,Astro,0.10381254,0.018423684
206928,L2/3 IT,0.20796219,0.34735253
242622,L6 CT,-0.20624676,-0.15802836
178010,L6 IT,-0.21336794,-0.2751343
153917,Endo,0.06959089,-0.123226784
81056,L2/3 IT,0.25047413,0.2687001
21711,VLMC,0.35324296,0.17448094
153487,Astro,-0.15182927,0.014603443
152729,Peri,0.08047303,-0.13858625
276587,L6 IT,-0.23639682,-0.19701585
81047,Oligo,-0.4539071,-0.32625985
233138,L6 IT,-0.3345203,-0.31299475
203160,Oligo,-0.25939894,-0.040028773
211851,Peri,-0.120608695,-0.39587343
107553,Oligo,-0.18498853,0.2859446
81759,L5 IT,-0.081203796,-0.36392576
60059,L5 IT,-0.24944651,-0.42419714
280209,L2/3 IT,0.20463374,-0.036374234
70942,L2/3 IT,0.2863988,0.2767873
150568,Endo,0.20807299,-0.069178544
171988,Oligo,-0.30336517,-0.17221966
108814,L4/5 IT,0.14280823,-0.15268928
211846,L6 IT,-0.30881456,-0.2904869
81038,Astro,-0.24587926,-0.09956556
274875,L6 IT,-0.2534561,-0.28342083
108808,Astro,-0.12438003,0.2943906
153363,Pvalb,-0.4061477,-0.17996454
203142,OPC,0.018106006,0.16267583
211845,Pvalb,-0.023177542,-0.0048860237
150567,L5 IT,0.08465924,-0.04840537
188725,L4/5 IT,0.08038362,-0.36950657
54318,L6 CT,-0.08176876,-0.19867119
153510,L6 CT,-0.100717045,0.3150315
188832,Astro,-0.07762403,0.30712625
242633,L6 CT,-0.2874813,-0.35329095
202730,L6 IT,-0.33884358,-0.38571265
150714,L6 CT,-0.087735064,0.021896847
150447,VLMC,0.27882186,-0.35784414
253814,L6 CT,-0.12889585,0.16796377
277240,Pvalb,0.12527844,0.36049095
18337,L6 CT,-0.37587735,-0.4225842
150449,Endo,-0.13459489,-0.15436792
150465,Micro,0.18707928,0.04556749
268735,L2/3 IT,0.23802307,0.33557704
228402,VLMC,0.33420566,-0.108474515
80846,Endo,-0.3783054,-0.24833947
202736,L5 IT,0.07254275,-0.029190026
203196,Oligo,-0.106245406,0.16950718
220763,L2/3 IT,0.16161993,-0.412916
242287,L5 IT,0.120769225,0.25405535
3056,Astro,0.019674323,0.0039402917
108749,Micro,-0.15637773,-0.26913372
187781,Astro,-0.09981064,0.42314836
108828,L2/3 IT,0.19891968,-0.37148285
188034,Micro,-0.047554947,0.27143022
107770,Oligo,-0.3214443,-0.27830872
21600,L5 IT,0.101663135,0.38818166
80859,Astro,0.2367979,0.34883544
241002,L6b,-0.5341545,-0.39689907
220595,Endo,0.019173048,-0.35159984
31141,Oligo,-0.38130078,-0.27394173
80906,L4/5 IT,0.17100397,0.36079487
231848,Astro,-0.026569463,-0.28429866
187910,L5 IT,0.115647756,-0.2516343
214562,L4/5 IT,0.08676752,-0.17871213
31434,Oligo,-0.19086659,0.16014752
220610,L5/6 NP,-0.117715485,-0.21167117
67265,L2/3 IT,0.2526771,-0.20434123
21664,Astro,0.023836695,0.3674461
152886,L4/5 IT,0.110351406,0.09538565
53793,L6 CT,-0.07096092,0.26431063
31405,Oligo,-0.1984775,0.10672162
153087,Pvalb,0.15176424,0.02572567
107624,Sst,0.16784164,0.023889042
152912,L6 IT,-0.23229909,-0.2048659
107641,VLMC,0.3699549,0.4419221
107663,Endo,-0.10006998,-0.13008422
153071,L2/3 IT,0.14077637,-0.25137088
31388,Sst,0.20858082,-0.1882275
31306,Astro,0.12918589,0.037863024
70947,Endo,0.044317804,0.46399638
21645,L4/5 IT,0.113123976,-0.22525284
107711,Astro,0.28176907,0.4517285
153020,L5 IT,-0.07374243,-0.17382482
279895,L5 ET,0.022735082,0.06557415
235951,L5 IT,-0.16115421,-0.32911092
31390,L4/5 IT,0.00010546297,-0.36026695
247549,L4/5 IT,0.087373875,-0.07927846
108760,Oligo,-0.27280617,-0.19434735
247554,Peri,-0.031354763,0.14938399
8993,Peri,0.32947597,0.007647194
80912,L2/3 IT,0.2757078,0.20479825
263576,SMC,-0.13783017,-0.16222793
67647,L5 IT,-0.18226051,-0.41912195
107747,L4/5 IT,0.0031745657,-0.30280218
152808,L5/6 NP,-0.13622168,-0.36462432
96623,Endo,0.2078217,0.13478771
238108,Pvalb,0.08265527,-0.004242055
188753,L6 CT,-0.091000475,0.13396654
153289,L2/3 IT,0.2823721,0.42411026
268731,L5 IT,-0.21429831,-0.26255974
153288,L6 IT,-0.21720275,-0.39927682
31186,L4/5 IT,0.1704764,0.22455469
31448,L5 IT,0.026893161,-0.09341418
80931,L6 CT,-0.28992623,-0.3510631
268115,L6 CT,-0.14325625,0.27930662
211558,L5 ET,-0.005996026,-0.13815969
81698,Astro,0.15331176,0.32243863
67657,L5 IT,-0.053632654,-0.1820662
153245,Peri,-0.13112018,-0.22456828
16108,L6b,-0.3259293,-0.2712507
177802,L5 IT,-0.08417586,-0.27019897
31226,L6 CT,-0.28095257,-0.33324122
269939,Astro,-0.16910493,0.052180834
60093,L5 IT,-0.016550876,-0.15657288
202761,Endo,-0.3210361,-0.29133126
149641,Astro,-0.093426265,-0.27461436
177960,L2/3 IT,0.2367582,0.07786564
171993,L4/5 IT,0.16468862,0.22345582
107344,Astro,0.22120854,-0.40042248
80743,L2/3 IT,0.33333817,0.39918205
30930,Endo,0.045757256,-0.15829083
211888,PVM,-0.08368669,0.30731907
274910,Endo,0.30686668,0.13868198
60028,Lamp5,-0.13545033,-0.1964238
181582,Astro,0.28764954,0.16924164
187689,L6 CT,-0.3092008,-0.39774176
187710,L2/3 IT,0.1391342,-0.33667693
53672,Astro,0.17844799,-0.2922339
81100,L6 CT,-0.26754716,-0.37205067
67782,Endo,0.33537248,-0.03247433
32907,Oligo,-0.27444223,-0.1019372
11394,L2/3 IT,0.22475615,-0.3224443
188917,L6 CT,-0.19762555,-0.21330151
187714,L5/6 NP,0.06286099,0.36546478
152585,L6 CT,-0.15259227,-0.28279662
31545,L6 CT,-0.08088905,0.41334376
247525,Micro,0.080293916,0.16658804
270930,Oligo,-0.2593652,-0.12543297
188672,Astro,-0.14607897,0.33413026
109050,L5 ET,-0.024396695,0.20369312
32875,L6 CT,-0.07027338,0.4808723
30978,Endo,0.27158424,-0.32928926
32902,L6 IT,-0.18596378,-0.28692248
153828,L6 IT,-0.20735985,-0.23531842
206837,Sst,0.0049391612,0.026744165
231852,L6 CT,-0.049145438,0.397481
107845,Oligo,-0.4451439,-0.3487049
30868,Oligo,-0.18388674,0.25913003
54570,L6 CT,-0.09511242,0.41017017
203305,L2/3 IT,0.19447479,0.17601386
187663,L6 CT,-0.3398845,-0.43031102
153883,Astro,0.1998556,0.28795502
54560,OPC,-0.002187349,0.33610573
53669,VLMC,0.2834811,-0.34319964
211896,Peri,-0.16617501,-0.38124603
254414,Astro,0.28032628,0.41302255
150079,SMC,0.11119022,-0.39004976
30916,Oligo,-0.1718213,0.30485615
96113,L4/5 IT,0.11964586,-0.3722284
81109,VLMC,0.33401832,-0.08014666
107829,Astro,0.11089035,0.4455512
71037,L2/3 IT,0.15477118,-0.08720245
80724,SMC,-0.2886122,-0.38684455
188661,L5 IT,0.112175666,0.22283664
187672,L4/5 IT,0.08411928,-0.1852943
9008,Pvalb,-0.019615509,0.2935188
74701,L5/6 NP,0.095592104,0.28018466
67790,Micro,0.027017675,0.012614794
54541,Oligo,-0.19182497,-0.22148153
238088,L6 CT,-0.14460555,-0.04730334
274599,L6 CT,-0.25727367,-0.232319
211881,L5/6 NP,0.08651205,0.31460163
153592,L6 CT,-0.12235168,0.37385413
150262,L6 IT,-0.08511523,0.2159783
172003,L5 IT,-0.18666998,-0.39297244
67741,L6b,-0.5166908,-0.40091
153643,Oligo,-0.1159044,-0.17469248
109009,L5 IT,0.03573533,-0.16934764
202697,L2/3 IT,0.20933613,-0.0883609
227962,L4/5 IT,0.10009786,-0.056301616
150393,L2/3 IT,0.25034812,-0.1563819
31015,L5 IT,-0.28704318,-0.40470523
152656,Endo,0.19214639,0.467535
242297,Endo,0.0062315688,0.05259139
243344,Endo,0.21268901,0.28870866
233625,L2/3 IT,0.22262207,-0.17605346
96701,L4/5 IT,0.040429078,-0.31273073
18350,L2/3 IT,0.25183865,-0.11774217
107440,Sncg,0.30482003,-0.023803435
171524,Astro,0.31131104,0.33128408
107447,L5 ET,0.04975357,0.41866252
67235,Oligo,-0.20330274,0.20564976
266316,Oligo,-0.23054549,0.13149986
32786,Astro,0.25071427,-0.14469013
2608,L6 CT,-0.13371879,-0.09685039
60307,Oligo,-0.16363907,0.2228466
274903,Astro,0.12604383,-0.09990551
177999,OPC,0.08900311,-0.28870603
202798,L2/3 IT,0.19992474,-0.070490025
153628,L4/5 IT,0.112747274,-0.29896423
179518,L5 IT,-0.10727457,-0.1287598
266358,L4/5 IT,0.08794155,-0.13769811
7735,SMC,0.014197491,-0.2549107
150791,L4/5 IT,0.08165511,-0.12063333
253792,L5 ET,0.08759143,0.24464521
81859,L2/3 IT,0.15002117,-0.37021333
32586,L5 IT,0.036691986,0.00067097694
228069,Oligo,0.114334665,-0.24357045
53903,L6b,-0.14880404,0.22328964
15971,L6 CT,-0.11907149,0.08567784
153709,Oligo,-0.24498442,-0.07908138
211880,L2/3 IT,0.14194122,-0.17902747
53899,L2/3 IT,0.3037376,0.51394784
81846,Pvalb,0.14673522,0.06730903
181798,Oligo,-0.22522682,0.017897077
74703,L6 CT,-0.15208983,0.06664539
15952,L2/3 IT,0.22507861,0.31968275
21585,Endo,-0.25061652,0.22521982
203242,Lamp5,0.31262317,-0.05324813
233628,L2/3 IT,0.16800794,-0.28911135
152637,L2/3 IT,0.24360296,-0.077464096
150750,L5 IT,0.022562228,-0.01575064
220788,L2/3 IT,0.13079032,-0.31325105
247767,Oligo,-0.14269546,0.30054894
30994,Sst,-0.25572512,0.06255994
150326,Micro,0.12832901,0.16593847
227957,L4/5 IT,0.07369169,-0.23189974
253799,Oligo,-0.24931136,-0.021162502
31540,Astro,-0.32269433,-0.21315113
53535,L6 CT,-0.15119347,-0.32529756
216108,Oligo,-0.13166136,-0.3871504
3131,VLMC,0.33491662,-0.103004806
81496,L6 CT,-0.08450452,0.06879089
202507,Micro,0.20447513,-0.22964627
66992,L6 CT,-0.005943157,0.21507153
7688,VLMC,0.34360453,-0.023159765
155915,Oligo,-0.24560556,0.3760077
60446,Vip,0.30378,0.34726062
155885,OPC,-0.22947335,0.232102
2407,Peri,0.10195347,-0.113990806
59812,L6 CT,-0.20974177,-0.19703397
54032,Astro,-0.051594235,-0.28488514
54033,L4/5 IT,-0.019388296,-0.42901
189353,L6b,-0.24260485,-0.15876761
71065,L5 IT,-0.21985507,-0.28838158
274473,L6 IT,-0.25285846,-0.2705978
82327,Astro,0.34284118,0.4865708
32313,L4/5 IT,0.16348597,0.03729988
215101,Endo,0.057893597,-0.08105718
269915,L6 CT,-0.17372909,-0.27617058
212119,Astro,-0.24940571,0.10266123
60208,L5 IT,0.03853979,0.18039826
15996,L6 IT,-0.46376988,-0.41507673
55092,Peri,-0.036708392,0.3065649
155854,Vip,0.20513043,-0.18789884
33548,L4/5 IT,0.0752727,-0.23573658
266496,Oligo,-0.25057843,-0.062026434
106224,Endo,0.0071259364,-0.36810508
186959,L4/5 IT,0.10828682,-0.11409321
109608,L2/3 IT,0.17681172,-0.22839487
70900,Astro,0.0853922,-0.11014273
29666,L6 CT,-0.11351604,0.035433747
109635,Astro,0.36046955,0.47351298
274461,L4/5 IT,0.008425616,-0.41052857
189363,L6 IT,0.051121555,0.2718409
106123,Oligo,-0.06622306,0.43610492
178201,L6 IT,-0.29317826,-0.2858953
156032,L2/3 IT,0.29670307,0.30168477
227750,SMC,0.018711112,-0.26075825
218755,Oligo,-0.2411623,-0.054504268
109624,Astro,-0.20860302,0.0031458214
148903,VLMC,0.34707454,0.10853145
109621,L4/5 IT,0.06289669,-0.30003032
67412,Endo,0.33754864,0.47777912
72049,L2/3 IT,0.2647132,0.44122067
55144,PVM,-0.45583317,-0.41168648
55127,Endo,-0.30509767,-0.2687494
202488,Endo,0.1227568,-0.055632137
29733,Astro,0.08291908,-0.22974288
81400,L5/6 NP,0.02054181,0.46859446
148894,L6 CT,-0.073863454,0.27752337
151328,Endo,-0.1767709,0.036119767
254574,VLMC,0.31665096,-0.17800587
16026,Peri,0.101133905,0.132803
15849,L2/3 IT,0.15852514,-0.32143897
106229,L4/5 IT,0.06574025,-0.2015498
231875,L2/3 IT,0.13616678,-0.2927504
108344,L6 IT,-0.19843441,-0.25959262
234399,L5 ET,-0.022429086,0.3154376
155654,L2/3 IT,0.24214402,0.3905072
108250,Astro,0.24885985,0.2562236
274731,PVM,0.015671216,-0.1469599
254226,L4/5 IT,0.056321763,-0.24227592
54126,Pvalb,-0.29254028,-0.33385867
7708,L4/5 IT,0.14557603,0.116625704
261952,Oligo,-0.2416533,0.027944513
189310,L4/5 IT,0.17637834,0.33096525
202521,L6 IT,-0.4719451,-0.41578156
33462,Micro,0.141978,-0.17027923
108260,L6b,-0.28411996,-0.2170386
243702,Oligo,-0.24260345,0.0070994273
12110,L2/3 IT,0.22046557,0.052288808
95964,L2/3 IT,0.2799658,0.3609639
149184,L6 CT,-0.07017074,-0.03931018
55033,Lamp5,0.31738272,0.16757074
95966,Endo,0.29263058,-0.069050156
59845,Oligo,0.12249633,0.47646663
67024,Astro,-0.17807934,0.15290579
2439,L4/5 IT,-0.00010744482,-0.40503192
220442,L2/3 IT,0.24566594,0.36685207
171871,Astro,-0.2438581,0.09863774
171193,Oligo,-0.41137335,-0.22631499
2433,L4/5 IT,0.11789956,-0.022122048
218667,Endo,-0.046664096,0.030827083
3218,L2/3 IT,0.23828712,-0.03024476
202910,L6 CT,-0.10856018,0.29612765
80063,Astro,-0.013938345,-0.234415
29814,L4/5 IT,0.17743412,0.06696198
253468,L5 IT,-0.12687573,-0.1308085
74677,L5 IT,0.085257255,0.085369565
10587,L6 CT,-0.25110486,-0.34571004
29828,VLMC,0.36847898,0.43127915
279868,L6 IT,-0.32806206,-0.30081657
189325,L6 CT,-0.17327276,0.026367135
68074,Oligo,-0.44042286,-0.33242327
7697,L6 IT,-0.2848106,-0.39403972
149031,L2/3 IT,0.18867299,-0.40338132
149043,L4/5 IT,0.028065048,-0.4017374
60442,L4/5 IT,0.12158831,-0.05214914
155762,Peri,-0.07065705,-0.21894777
155745,L5/6 NP,0.08289232,0.4425619
32327,Micro,0.34678414,0.31443796
109554,Oligo,-0.23550549,0.16065207
202907,L6 CT,-0.081033505,0.44449434
106234,VLMC,0.3443416,0.06786824
189128,L4/5 IT,0.12952372,-0.12680334
72668,L2/3 IT,0.23130628,0.24287328
13604,L6 IT,-0.05326543,-0.0106094405
108469,L5 IT,-0.073730774,-0.021529727
261963,L6 CT,-0.091305174,-0.22787109
55064,L6 CT,-0.111862816,-0.00013583153
254199,L6 CT,-0.0118223205,0.40238097
236377,Oligo,-0.20842555,0.12716326
13746,L6 CT,-0.17200124,0.067158826
172248,L6 CT,-0.21132934,-0.4186626
254172,Vip,-0.20166722,-0.1995798
148590,L2/3 IT,0.22052923,-0.27820766
156375,L4/5 IT,0.1781185,0.3081694
172317,L4/5 IT,0.19083062,0.45884153
151424,L4/5 IT,0.025715493,-0.3470374
21829,OPC,-0.22531933,-0.04737898
227704,L5 IT,0.13112834,0.20110169
220928,PVM,0.07494428,0.0060618
156339,L6 IT,-0.22169042,-0.2043142
156327,L2/3 IT,0.24658689,-0.20657048
277628,Oligo,0.15639552,0.036978938
179443,L4/5 IT,0.07219341,-0.32193854
186850,L4/5 IT,0.08531346,-0.39509648
151399,Lamp5,0.054008625,0.07232604
32232,L6 CT,-0.13718036,0.18273166
148630,Oligo,-0.21007022,0.30729344
53324,L6 IT,0.09715637,0.43846652
53342,Micro,-0.2805783,-0.17810783
275198,L6 CT,-0.063409485,-0.02612891
269955,Endo,-0.18518251,-0.387278
156281,Endo,0.020372473,0.100276805
238777,L2/3 IT,0.26430574,0.28190562
278377,L6b,-0.2679328,-0.18382192
186865,L5 IT,0.09484043,0.16495618
2357,L5 IT,-0.052809812,-0.084529124
211302,L4/5 IT,0.10281827,-0.4202647
278015,OPC,0.011457466,0.26188168
253350,Peri,0.3040165,0.13203791
108445,L4/5 IT,0.17524305,0.29117432
277575,Oligo,0.00926014,0.021075733
32186,L5 ET,0.1301401,0.42190495
228218,L6 CT,-0.2015642,-0.32791814
271104,L4/5 IT,0.080562495,-0.0699467
216464,L4/5 IT,0.06976207,-0.22909483
220403,Oligo,-0.19092152,0.3644826
33783,L2/3 IT,0.20671543,-0.096535854
105993,L2/3 IT,0.19750616,-0.1674622
106018,Micro,0.07219847,0.1288664
233584,L2/3 IT,0.19625673,-0.21545807
151472,Sst,-0.12132529,-0.3736055
234598,L2/3 IT,0.22366306,-0.2174769
68225,L4/5 IT,0.09382739,0.019562252
156420,Endo,0.15784022,-0.32756472
229004,L4/5 IT,0.0022308454,-0.38638762
96364,OPC,0.23517999,-0.4153295
156388,L2/3 IT,0.23458728,0.23726669
254620,L4/5 IT,0.15289661,0.17193523
12004,Astro,-0.27682388,-0.31049386
148582,L5 IT,0.028101943,0.0017134622
245103,L6 CT,-0.16112977,-0.21987578
156384,Oligo,-0.20170617,0.0670597
171137,L6 IT,-0.40272325,-0.38797584
186818,L4/5 IT,0.13689145,-0.011118732
206532,Oligo,0.072137855,-0.31455603
206533,Lamp5,-0.119563706,-0.025091402
156264,Oligo,-0.15643069,0.22437087
16005,L4/5 IT,0.21512374,0.4365274
189415,L5 IT,0.007460974,-0.2021069
243817,Pvalb,-0.18260604,-0.29621372
206787,L5 IT,-0.08567972,-0.17364344
79965,L5 IT,0.12130543,0.23462167
247627,L2/3 IT,0.2726024,0.33539537
243788,L4/5 IT,0.095531665,-0.29042795
53983,Micro,-0.1603316,-0.20869473
231911,Astro,-0.15763772,0.37780192
228259,L4/5 IT,0.15046462,0.2651002
33662,Oligo,-0.43590638,-0.34553626
227731,L4/5 IT,0.17495129,0.20329753
228260,Astro,-0.008196391,0.07464484
81408,Vip,0.10393079,-0.32334915
202853,L6 CT,-0.077615894,0.39043882
228978,L5 IT,0.023460947,-0.20112357
151673,Astro,-0.1396138,0.093071915
109674,L5 IT,0.017599188,-0.09375142
253369,L2/3 IT,0.29846677,0.56640613
156167,VLMC,0.355602,0.19668946
29651,L6 CT,0.007653497,0.14917621
60476,Astro,0.090576194,0.34320715
156133,L6 CT,-0.086967714,0.03918136
21538,L2/3 IT,0.25947568,0.033709444
33661,Endo,0.094556294,0.32577607
68168,L6 CT,-0.13142514,0.33620003
211308,OPC,0.30910662,0.18116936
7542,Oligo,-0.1438056,-0.29123
275187,L6 IT,-0.05132965,0.36018786
211625,Astro,0.10227653,0.38182548
267833,L4/5 IT,0.059978448,-0.25384715
203662,L4/5 IT,0.001289688,-0.39019528
33728,Oligo,-0.43027157,-0.3525363
227714,Endo,-0.04242257,0.08177296
171840,Endo,-0.41536322,-0.39471996
151546,L4/5 IT,0.04626783,-0.2604667
206546,Micro,0.17072532,0.24617282
242383,L6 CT,-0.2069734,-0.34463364
97090,Astro,-0.31701592,-0.4300551
106080,Oligo,0.040959083,0.46204332
274678,Endo,0.3007113,0.32825217
267835,Oligo,0.051013015,-0.12046441
151551,L4/5 IT,0.18389407,0.33240888
151573,L4/5 IT,0.13971773,0.241819
186866,L6b,-0.21411589,-0.10069572
254613,L6 CT,-0.19765425,-0.24892703
68170,Astro,0.26732156,0.33509973
2363,L6 CT,-0.0641273,0.033107795
240259,L6 IT,-0.4335128,-0.4011968
206984,Endo,0.30119273,0.4766957
188403,Oligo,-0.02264551,0.15488079
172295,L6 CT,-0.11490623,-0.12239837
54012,L6b,-0.14583889,0.3905532
106121,L4/5 IT,0.11907055,0.025692768
141,L6 CT,-0.054876603,0.31143448
187961,L2/3 IT,0.2638118,-0.02837541
21546,Sst,0.052167498,0.06647364
188266,L2/3 IT,0.28153172,0.08320025
149484,L6 IT,0.05860605,0.44158182
96976,Pvalb,0.026675664,-0.2043001
33375,Endo,-0.13302484,-0.07144307
16221,L2/3 IT,0.21629831,0.18735877
151125,Oligo,-0.22740471,0.3261514
202546,Pvalb,0.13148597,0.15029451
154954,Oligo,-0.22938913,0.275255
211710,L4/5 IT,0.17997798,0.47787288
149427,Endo,0.13736442,0.24631122
241052,L6 CT,-0.118276395,-0.18181211
154905,L6 CT,-0.06436465,0.27022585
172171,L4/5 IT,0.07224854,-0.35687825
228338,Oligo,-0.2732212,-0.102757595
275065,L5 IT,-0.03353969,-0.29070908
149340,Endo,-0.2867952,-0.19820029
72537,SMC,0.01846411,-0.25492215
67514,Oligo,-0.26130217,-0.11828842
155313,Endo,-0.24575377,-0.20924392
17252,L6 CT,-0.1882258,-0.2501594
231812,Oligo,-0.24912688,0.32317314
155345,L2/3 IT,0.27559045,0.34231344
218673,Endo,-0.19487086,-0.3828543
30251,L5 IT,0.05238559,0.11151049
53522,Astro,0.2519246,0.32304636
270883,Oligo,-0.28921,-0.11895924
247876,L6 CT,-0.20255584,-0.08666592
154903,Oligo,-0.023504414,0.3043665
220854,L4/5 IT,0.12038746,0.090745844
154891,Oligo,-0.4247409,-0.33539018
151092,L2/3 IT,0.3203064,0.5166275
80208,L6 CT,-0.091288485,0.29025713
154895,Endo,0.11066719,-0.016916446
12090,L4/5 IT,0.049226068,-0.19474432
278239,L5 IT,-0.20673123,-0.30813894
81573,Endo,-0.15398529,0.35627446
247592,OPC,-0.37055168,-0.38699868
181629,L4/5 IT,0.05998089,-0.31132308
187179,L6 IT,-0.05686996,-0.016440473
7668,L2/3 IT,0.24923506,0.37536225
151994,L6 CT,-0.15724769,-0.15008947
53499,Endo,0.23821554,-0.10766547
109441,L6b,-0.3477835,-0.31163397
277938,Endo,-0.5527922,-0.38440534
216080,L6 IT,-0.30807582,-0.399524
30168,L5 IT,-0.022763051,-0.1267839
187205,L6 CT,-0.08218587,0.14928368
270027,PVM,-0.13378575,-0.15814966
187301,L5 IT,0.08387413,0.26963654
239573,Astro,0.095516525,0.4630957
275062,Oligo,0.043613397,-0.2674949
3180,L6 CT,-0.078226574,0.34952763
181841,L2/3 IT,0.2698711,0.18135944
53484,L6 CT,-0.03137908,0.43908998
106511,Endo,0.29532215,-0.14679635
253582,Sst,0.29505834,0.020144768
178083,Oligo,-0.16752893,0.15086642
233579,Vip,0.27085486,0.22906712
106564,L6 IT,0.07493194,0.3808554
32432,Astro,0.3173419,0.2650667
3179,L5 ET,-0.0018757954,0.2329574
171242,L6 IT,-0.15549958,-0.2515237
253568,L2/3 IT,0.12679097,-0.3047727
109443,L2/3 IT,0.31120905,0.5418914
32370,Oligo,-0.17360607,0.22077015
54180,Micro,0.14886811,-0.33207116
206947,L6 CT,-0.16023937,-0.118103795
245136,Astro,-0.53907835,-0.36376423
82124,Astro,-0.24680045,0.2304059
10798,Oligo,-0.37545153,-0.2622933
149377,L2/3 IT,0.1566607,-0.2905682
151117,Astro,-0.35250548,-0.2544882
108519,Micro,0.22127607,0.22592136
32402,L5 IT,-0.15791002,-0.324621
30153,L6 CT,-0.05427692,0.39983997
155202,Oligo,-0.21620345,0.28433636
247878,Oligo,-0.24278548,-0.06607311
261457,L4/5 IT,0.14216927,0.015304841
178072,Oligo,-0.12071363,-0.10571905
275070,Astro,0.17813566,0.28621307
149615,Endo,-0.1262455,0.35868207
253622,L5 IT,0.109166406,0.42260072
106387,L6 CT,-0.22052374,-0.304024
9029,Endo,0.064093314,0.2938979
189175,L6 IT,-0.53234774,-0.41562104
171212,L4/5 IT,0.06421759,-0.3942384
187322,Sst,-0.004690565,-0.38241893
109545,Sst,-0.11131341,-0.27147254
238230,VLMC,0.3591142,0.3330815
149217,Oligo,-0.031289674,-0.19607231
2873,Oligo,-0.25724667,0.34554353
81320,Vip,0.2773061,0.3152562
32442,L5 IT,0.15825686,0.40917662
266253,L5/6 NP,-0.05304543,0.20185605
149609,L4/5 IT,0.088691436,-0.107681476
67100,Pvalb,0.10860141,0.3230268
30358,Astro,-0.3277764,-0.23698705
154810,Oligo,-0.17861855,-0.015401237
236378,L6b,-0.22138205,-0.086191796
106527,L4/5 IT,0.18133059,0.26343486
172156,Astro,0.035415493,-0.020655267
240962,Pvalb,0.13279447,-0.06912237
155022,Oligo,-0.1978397,0.13601229
151860,L2/3 IT,0.22918424,0.30558297
254497,L6 CT,-0.12434111,-0.030770741
149461,Lamp5,0.30053297,-0.13630718
187089,Oligo,-0.22196472,0.16328654
189284,Astro,0.21253988,-0.34989473
109396,Endo,0.04827454,0.29753956
254531,Oligo,-0.15477586,0.39370695
189202,Micro,0.18443772,-0.18913475
109546,Oligo,-0.19617948,0.19913444
68041,L6 CT,-0.1017139,0.13459906
240948,Oligo,-0.23919567,-0.03169485
177742,L2/3 IT,0.26863185,0.35864583
30293,L6b,-0.30788335,-0.25918674
206818,L2/3 IT,0.11934175,-0.41116828
96049,L4/5 IT,0.18496129,0.26954886
12096,Endo,-0.06717894,-0.36769292
81319,L2/3 IT,0.071368,-0.4103554
253508,Oligo,-0.058031656,0.023411341
261909,Astro,0.15039632,-0.050933473
268699,Oligo,-0.18651113,0.26861778
276569,L5 ET,0.07086804,0.024077304
2864,Endo,-0.053204753,-0.2007679
220485,L6b,-0.15003285,0.26781884
149317,L2/3 IT,0.20322224,-0.061655574
96036,Oligo,-0.1930626,0.31865433
53526,L5/6 NP,-0.026994921,0.38794515
206796,Oligo,-0.36161307,-0.27668667
155360,L5/6 NP,-0.08586205,-0.00019802898
32420,L4/5 IT,0.07454684,-0.16639218
216069,L6 CT,-0.36022362,-0.4035622
151914,L2/3 IT,0.29536155,0.3880084
11767,Sst,0.032643043,-0.16110039
17304,L6 IT,-0.16757137,-0.28024653
179584,L6b,-0.15940541,0.19678977
155364,Astro,-0.23620817,0.2770531
188290,Peri,0.008728586,-0.3405089
30352,Micro,0.20406863,0.0353655
33222,OPC,0.20784953,-0.14339295
155449,Endo,-0.099892564,-0.18839073
54161,Oligo,-0.21760869,0.16185173
189171,Endo,0.10726001,-0.27559012
231814,L5 IT,-0.047112443,-0.22388408
155369,L2/3 IT,0.10425826,-0.36301848
30042,Pvalb,-0.15609324,-0.36145142
253520,Oligo,-0.20516893,0.24339452
211699,L4/5 IT,0.11077698,-0.05616247
279874,L6 IT,-0.106307186,0.015015222
149298,L4/5 IT,0.16072503,0.11161897
253542,L6b,-0.24580503,-0.14063689
108074,L5/6 NP,0.091121815,0.34685603
203518,Pvalb,-0.37638578,-0.34920236
247872,Astro,-0.038686074,0.31610313
30044,SMC,0.24429896,0.1616104
