,cell_class,coord_X,coord_Y
222001,L5 IT,-0.028109856,-0.017251793
61752,Oligo,-0.048565544,-0.37716687
57550,L6 CT,-0.34732673,-0.017052505
74143,L5/6 NP,0.065484785,-0.05732775
93381,L2/3 IT,0.005811476,0.25018048
153320,Micro,0.46673068,-0.4285643
153700,Oligo,0.0055732364,-0.20659626
160236,L4/5 IT,-0.43187284,0.3428967
72146,L2/3 IT,0.37318704,0.24807364
100708,L4/5 IT,-0.24650842,0.2561643
80904,Oligo,0.42367014,-0.4320939
153720,L5 IT,-0.30879334,0.19347763
205246,L4/5 IT,-0.033562936,0.19761151
153688,L5 ET,-0.49729308,0.11575364
27943,Oligo,-0.100739665,-0.35401917
98842,L6 CT,0.14994708,-0.11973552
80792,L4/5 IT,-0.23704296,0.31444365
234672,Astro,0.37678555,-0.109839685
116048,L6 CT,-0.16310799,-0.22442883
153341,L2/3 IT,0.22838148,0.32943273
179285,PVM,0.12080594,-0.07115326
173440,Pvalb,0.48529074,-0.3864607
74160,L5 ET,0.29162106,-0.059371684
93327,Endo,0.12261739,0.029960867
200425,VLMC,-0.045527585,0.46571618
50171,Vip,-0.50410444,0.4177636
50183,PVM,0.28624085,0.27001417
14089,L4/5 IT,0.39849398,0.016725238
6824,L6 IT,0.062263392,-0.2675107
173386,Oligo,0.013748371,-0.040672038
244438,Oligo,0.08619072,-0.08572958
276812,L5 IT,-0.13859627,0.0414291
252382,L5 IT,-0.361797,0.07089733
279199,Oligo,0.47806296,-0.39831737
242097,SMC,-0.30224574,0.47623402
153772,Endo,0.098079465,0.4212677
101264,L2/3 IT,0.2598906,0.22884774
212480,L2/3 IT,0.17720816,0.2592818
14186,L5 IT,-0.23926449,0.018995758
58928,L5 IT,0.06713601,0.09565257
173856,L5/6 NP,0.14138636,-0.00690559
117198,Endo,-0.21608225,0.12868279
115797,Sst,-0.42147088,0.12955582
117196,Endo,0.024712406,0.20553607
153757,Oligo,0.15021506,-0.47037563
6810,L5/6 NP,0.22068372,-0.15739864
98849,L4/5 IT,0.40339264,0.0095751835
115892,L2/3 IT,0.4838293,0.19899273
71280,L5 ET,-0.4081238,0.06403344
249026,L2/3 IT,-0.26743242,0.3411953
233454,L4/5 IT,-0.38405403,0.27939993
115874,L6b,0.13558444,-0.3450191
100676,L6 CT,0.16787902,-0.1951974
160233,L4/5 IT,0.46130952,-0.032823954
115942,L6 IT,0.0914258,-0.06698934
173781,L6 CT,0.45119455,-0.27576327
253863,Micro,0.47866872,0.28633344
27897,Endo,-0.48772612,0.27220654
162208,L4/5 IT,0.25274512,0.019961651
230028,L5 IT,-0.11677844,0.061990317
80757,Micro,0.4358373,-0.0024892138
153742,Oligo,-0.39813527,-0.34714475
252851,Pvalb,0.089029334,0.32838833
1848,L5/6 NP,0.21934196,-0.089191295
200419,L5 IT,0.32336387,-0.12976536
200403,Endo,-0.32793388,0.46544665
31171,Astro,0.1475446,-0.4655488
260253,SMC,-0.29629645,0.009970303
187830,L4/5 IT,0.21170369,0.08454066
173563,VLMC,0.2961081,0.37815183
205291,L2/3 IT,0.4558502,0.19949132
49819,L6 CT,0.2758791,-0.21234691
58839,L2/3 IT,0.3294147,0.2800855
74093,VLMC,0.14740917,0.42658347
100959,L5 IT,0.028538965,-0.22081938
266353,L6 CT,-0.15061936,-0.03836814
200192,L6 IT,0.22764501,-0.21143612
187777,Endo,-0.23959783,0.291018
244403,L6 IT,0.05361267,-0.09006033
49859,L5/6 NP,0.48911247,-0.05181611
245703,L6 CT,0.31537697,-0.248238
153581,Astro,0.14056572,0.40378308
49878,Astro,0.3248255,-0.06672362
116363,Endo,0.27691367,-0.19805163
234926,VLMC,0.39927372,0.33323586
200227,L5/6 NP,-0.36620414,0.08865964
207732,Pvalb,-0.12847808,0.21227217
116326,L4/5 IT,-0.07145811,0.14837426
27400,Endo,-0.07804749,0.39708787
116325,L2/3 IT,0.28349188,-0.33079648
93497,Astro,0.1778163,0.16269654
20721,L4/5 IT,0.37995157,-0.027447227
233040,L5 ET,0.36846372,-0.06501172
212805,Astro,0.2726197,-0.16331455
243005,Vip,0.032965742,-0.0004036174
181078,L6 CT,0.2883949,-0.295093
274894,L4/5 IT,-0.16280586,0.30899173
116668,L4/5 IT,-0.23457941,0.17558324
205331,L4/5 IT,0.3440877,0.07330506
100823,Micro,0.03286805,0.21574533
116710,Sst,-0.067475,-0.069326915
159339,Astro,0.18867108,-0.2534792
6701,Endo,0.07526841,0.3946914
49721,L4/5 IT,-0.11417533,0.22294086
236134,Oligo,-0.041505612,-0.3152774
98783,L4/5 IT,0.07119217,0.13104945
49777,L2/3 IT,0.35427526,0.25100106
234992,Peri,-0.13828179,-0.3179209
93509,L4/5 IT,-0.014675415,0.13534153
98770,Astro,0.02299907,0.39954615
245706,Pvalb,0.45304582,-0.3288681
20699,L6 IT,0.083749495,-0.2416096
222130,L4/5 IT,0.17782965,0.08234125
240827,L6 IT,-0.47919187,0.008757169
1832,OPC,0.14517233,0.051171597
218335,Micro,0.39215234,-0.40959346
16123,L4/5 IT,0.33660796,0.062404092
117027,Micro,-0.016547598,-0.1975415
20671,L5 IT,0.4106767,-0.25746334
162111,L2/3 IT,0.17408189,0.33419383
200034,L6 CT,-0.30663416,-0.12554294
173678,Oligo,-0.46037015,-0.25438008
260234,L2/3 IT,0.08615031,0.30505705
207813,VLMC,-0.005386985,0.46384937
57784,L4/5 IT,0.07776686,0.11411267
263200,L5 IT,-0.21772268,0.09331285
100748,Astro,-0.12558097,0.30526942
101082,L4/5 IT,0.121466,0.14115429
57603,Peri,0.09095677,0.14705092
162087,Astro,-0.39206594,0.3247707
200142,L6 CT,0.05551233,-0.12727582
20764,L6 IT,-0.03996829,-0.2076366
153680,Astro,-0.0044601923,0.23248208
173709,L5 IT,0.3273256,-0.02605671
61733,L5 ET,-0.26719275,0.05571532
98839,Endo,-0.4391749,0.1177985
181031,Endo,-0.12142912,-0.20459843
200309,L4/5 IT,0.15567163,0.16391098
50052,L6 IT,0.31956425,-0.35990697
50067,L6 CT,-0.4317735,-0.09405459
173465,L5 IT,0.062229,-0.14646825
162094,OPC,0.2979569,0.3052196
160231,L6 CT,0.48472664,-0.29860282
80824,VLMC,0.09381034,0.43599075
14164,Vip,0.10438957,-0.13750562
98798,L2/3 IT,-0.15559122,0.39699006
173632,Micro,0.17999682,0.26346081
49912,L5 ET,-0.39321238,0.054377373
20652,Astro,0.13294938,0.24033809
2652,Oligo,-0.044163473,-0.069895394
116298,L5 IT,-0.00090888795,0.10784643
200248,L5 IT,-0.11003966,0.08645373
116287,Oligo,-0.2693324,-0.24855122
219297,L6 CT,-0.3220426,-0.22106385
200249,Endo,0.16810492,0.15999568
93587,L6 CT,0.088566326,-0.30999082
116880,Endo,-0.12747201,-0.25249103
263198,Astro,0.4753212,-0.009661113
200051,L5/6 NP,-0.35705462,-0.011346404
13247,L5 IT,-0.09159774,-0.05752534
93451,L5 IT,0.37070385,-0.3426317
268489,L6 CT,0.35692957,-0.3543081
2655,PVM,-0.08109421,-0.23984215
80828,Astro,0.3807433,-0.2195049
239970,L6 CT,-0.5059119,-0.29222858
264123,Pvalb,-0.37997332,-0.17176774
240152,PVM,0.34247008,-0.4988538
268637,L4/5 IT,0.2687765,0.025049623
153795,L6 CT,0.4886107,-0.26990658
18504,SMC,0.3789644,0.13699985
153801,Pvalb,-0.2271801,-0.11853287
26550,L6 CT,0.41037598,-0.32056335
50894,L5 ET,-0.0063543683,0.0005162611
200896,L4/5 IT,0.16279969,0.10181057
50899,L6 CT,0.03674855,-0.08379675
77984,L6 CT,-0.44919148,-0.13259202
159027,L6 CT,-0.45962834,-0.0911882
179380,L6 IT,0.21646795,-0.18536979
159000,L4/5 IT,0.20455703,0.1019535
114344,L6 CT,0.2764062,-0.27931914
101728,L5/6 NP,0.46780637,-0.12823361
250211,L5 IT,0.19725856,-0.044634018
274956,L6 CT,-0.47630662,-0.30499893
219250,Endo,0.42074564,-0.08599732
161776,L6 CT,-0.26817068,-0.20768026
200915,L5 IT,0.37167576,-0.18643
154418,L5/6 NP,0.4486412,-0.21024296
250209,Oligo,-0.42159933,-0.22469175
13996,L2/3 IT,-0.4234616,0.3750484
30555,L6 CT,0.4575176,-0.25442284
50947,L5 IT,-0.103886105,0.13519305
114257,L6 CT,0.045279346,-0.25622034
214985,L5 IT,-0.16984183,0.10643654
114240,L5 IT,0.42306522,-0.21707556
229416,L6 CT,-0.165416,-0.1696145
114182,L6 IT,0.09155085,-0.2887467
174378,L5 ET,0.018195711,-0.012632017
114151,L6 CT,-0.40059116,-0.14943242
214170,Endo,-0.48516324,-0.10253305
114427,Peri,0.28492877,0.102793925
27352,Endo,0.0043944353,-0.27363265
154332,Micro,-0.054568,0.4383673
30689,SMC,0.027310275,0.41700053
187556,L2/3 IT,-0.3270198,0.31947356
271587,Oligo,-0.052475102,-0.30978638
114607,L6b,0.29984614,-0.4085254
161825,Astro,-0.38407603,0.11509269
154262,Endo,-0.38681075,-0.38714468
240361,Sst,0.25465915,-0.0979468
12034,L6 IT,-0.31470203,-0.046491746
185091,Oligo,0.017140172,-0.32856363
20438,Astro,0.20484409,0.15288001
67885,L2/3 IT,0.1471121,0.18161058
50824,L6 CT,-0.2940677,-0.18452999
229971,L6 CT,-0.0407866,-0.25838304
101770,Oligo,0.4340057,-0.4913065
154295,OPC,-0.06412015,0.4509719
263231,Oligo,0.15490976,-0.42053372
101676,L6b,0.14306054,-0.35012668
262706,L6 IT,-0.059225865,-0.16941199
174248,L6 CT,-0.1607033,-0.1509578
50874,Micro,-0.23248646,0.2652927
114465,L4/5 IT,0.17714313,0.22783697
174251,Lamp5,-0.15832627,0.41553742
17380,Astro,-0.219908,0.18762589
94273,L6 CT,0.32562116,-0.23011205
263976,L2/3 IT,0.15592661,0.21094608
174270,Oligo,-0.3910769,-0.37145448
114439,Oligo,-0.35355905,-0.08566276
114434,L6 IT,-0.10353539,-0.10784403
242126,Oligo,0.04919835,0.018147346
27355,Micro,-0.3509989,-0.11659632
244655,Oligo,-0.4113112,-0.3327344
114147,Astro,0.31681392,-0.42529595
13978,L6 CT,-0.10784564,-0.22672904
235862,L5/6 NP,-0.122231014,-0.04114333
113777,PVM,-0.49463388,-0.269351
94462,Astro,-0.4580914,-0.44527918
7022,Oligo,0.30266085,-0.020039741
279916,Astro,-0.20808774,-0.37768155
113743,OPC,-0.0004579788,-0.36178127
279975,VLMC,-0.30477676,0.4573102
73783,L6b,-0.38702235,-0.23092481
51181,Endo,0.45402393,-0.29484212
94493,L2/3 IT,0.2666839,0.20803463
113706,L6b,0.49119642,-0.48026404
245551,OPC,0.38123253,-0.4075725
30471,L6 IT,-0.03323973,-0.21923888
113699,OPC,0.04982754,0.18368065
94505,Astro,-0.3839996,0.4284389
113651,Endo,-0.31509697,-0.0603208
154632,L4/5 IT,-0.10454128,0.16847897
228731,PVM,0.452917,-0.43789044
185524,L4/5 IT,-0.100855656,0.2612111
113623,L4/5 IT,-0.1394448,0.2617501
113621,Lamp5,0.27374884,-0.04292256
154662,L5 IT,-0.014019436,0.11805593
229688,L6 IT,-0.3707164,-0.07140336
30442,L6 IT,-0.34341547,0.118611746
201174,L6 CT,0.06524172,-0.28549913
154704,Endo,-0.48660856,-0.1809428
94445,Astro,0.28070334,-0.2206518
101944,Pvalb,0.10501268,-0.0066532837
187401,L2/3 IT,0.38629094,0.17333317
260643,L4/5 IT,0.32101616,0.05439883
221702,OPC,-0.43084595,0.03073978
71358,Astro,-0.31256524,0.27713233
8356,L6b,-0.028193064,-0.2923733
51009,Astro,0.34021816,-0.45957342
161757,OPC,-0.35335258,0.20784074
271563,L4/5 IT,0.14668736,0.12680471
18012,Astro,-0.014184988,-0.17223006
78528,Peri,-0.35897055,-0.33088747
68676,Peri,0.19282052,-0.48025984
114066,L6 CT,-0.42747113,-0.0141879665
205022,Oligo,0.04671993,-0.3899019
247834,L2/3 IT,0.04296639,0.31246805
274964,L6 CT,-0.039265133,-0.11641473
98501,L2/3 IT,-0.11855108,0.38396943
101851,L5/6 NP,0.06697812,0.020061906
263951,PVM,-0.07018239,-0.21612644
80461,Endo,-0.4636304,-0.08472771
174413,Oligo,-0.24586713,-0.36221844
244864,L4/5 IT,-0.11890427,0.17387646
113982,SMC,0.38655987,0.22877449
218469,SMC,-0.32713187,0.13495767
13983,L4/5 IT,0.2119272,0.03134894
253652,Oligo,-0.34166864,-0.3771619
154563,L5 IT,-0.10158447,-0.027416889
80426,Endo,-0.45495102,0.13163441
214609,Oligo,0.4428461,-0.020803336
20306,L6 IT,0.152738,-0.21356297
158898,Oligo,0.06455674,-0.09716136
201013,L5 IT,0.29987684,-0.19659138
245657,Oligo,0.115569375,-0.41218805
174196,Astro,0.11848607,-0.21428147
114667,L2/3 IT,-0.0026581055,0.34738398
50372,Oligo,-0.14168102,-0.33468294
26503,L2/3 IT,0.22554788,0.15761882
57490,OPC,0.46423933,0.2124939
264053,OPC,0.3963726,0.25632638
49423,L2/3 IT,0.26199725,0.20811045
115330,L6 IT,0.36053023,-0.28193414
101332,L5 IT,-0.1729629,0.14292306
115304,L5 IT,0.31362787,-0.018190447
101359,L5 ET,0.46828333,-0.106952496
50429,L2/3 IT,0.029535852,0.38506287
153951,L5 IT,0.22355273,-0.12883809
153956,L5 IT,0.23414084,-0.2001344
153957,L2/3 IT,-0.07310826,0.34384036
26507,Micro,-0.028604068,-0.27138788
78919,L2/3 IT,0.24123862,0.29039478
50449,Micro,-0.21265605,-0.37454075
101380,Vip,-0.2093111,0.415833
200574,L4/5 IT,-0.10916958,0.213453
242107,L6 CT,-0.25481656,-0.059537265
78935,L4/5 IT,0.33460268,0.013518806
115192,L6 CT,0.08459707,-0.09843493
80679,Oligo,0.27627406,-0.43616062
221864,L5 ET,-0.03679634,0.08379906
260416,L4/5 IT,0.2155573,0.05526715
245640,L2/3 IT,-0.1901086,0.39796627
233455,L6 IT,0.12382724,-0.27378654
221860,L6 CT,-0.17991576,-0.20524988
20542,L6 IT,-0.21185908,-0.13864794
17956,L5 IT,0.2741774,-0.1347524
159213,L5 IT,0.17063019,0.026872512
269778,Oligo,-0.34299168,-0.38242322
14077,Oligo,-0.47122413,-0.36702
93869,L2/3 IT,0.4615843,0.05634671
50249,L5/6 NP,0.18760154,-0.029223505
2107,L6 CT,0.12842527,-0.15335628
77934,L5 IT,-0.29226783,0.13607329
115624,Astro,-0.28931823,0.07918512
250286,VLMC,0.12324377,0.42858833
153843,PVM,-0.38774815,0.4336542
67806,L4/5 IT,-0.4302899,0.32657546
115600,L6 CT,0.035217963,-0.19261926
115599,Astro,-0.284874,-0.04410893
232148,L2/3 IT,-0.03396041,0.39402384
50274,Astro,0.27044508,0.03696036
115127,L6 CT,0.025373004,-0.20453504
173892,L5/6 NP,-0.35652345,-0.014423584
20551,Lamp5,-0.20949364,0.46701777
115565,L2/3 IT,0.3347673,0.14697176
30902,Peri,0.2554309,0.27038938
238150,L6 CT,-0.41795215,-0.020562593
50309,VLMC,0.17341444,0.41158706
263213,Astro,-0.29348114,-0.265912
173922,SMC,-0.3581166,0.48965877
271666,L4/5 IT,0.15586409,0.11805981
58934,L2/3 IT,0.22884348,0.17099923
153869,L2/3 IT,0.3426173,0.20548564
115489,Astro,0.34410992,0.32258898
50328,L2/3 IT,-0.11219854,0.3437981
30892,L4/5 IT,0.078412496,0.131347
93902,Endo,-0.07639132,0.40730077
185534,Oligo,-0.46459445,-0.2691979
154008,L6 IT,-0.04859773,-0.2060532
159141,L6 IT,0.19036523,-0.23892456
50680,Peri,0.43006524,-0.13800487
20483,VLMC,-0.29679832,0.4779287
58963,L6 CT,0.13410106,-0.28583628
114790,L6 IT,0.012186849,-0.19751054
114789,L2/3 IT,0.38529304,0.2589901
114780,Micro,-0.19916195,0.25109357
61290,Oligo,0.021870814,-0.37287694
73934,L2/3 IT,-0.37321305,0.3401693
159095,Oligo,0.17794386,-0.110949166
276854,L5 IT,0.31366083,-0.12420002
30761,L4/5 IT,0.1899052,0.075610034
30743,L6 CT,-0.0179101,-0.24933523
6948,L6 CT,0.49089304,-0.44848844
205125,L2/3 IT,0.059082888,0.2849686
28065,Peri,-0.084577985,0.03548437
98542,L6 CT,0.3759522,-0.4083097
200767,L6 IT,-0.20949394,-0.1854724
28086,L6 IT,0.4434251,-0.41559684
94187,L2/3 IT,-0.4876235,0.41792732
207616,L6 CT,0.4646434,-0.4624032
94205,L5 IT,-0.40265602,0.22951126
276858,L4/5 IT,0.38709673,0.02866089
218446,Endo,0.2915584,0.3471673
71316,L2/3 IT,0.1710163,0.2538365
264007,L6 IT,0.0796875,-0.23659167
73898,Astro,0.14001736,-0.47233802
216130,L2/3 IT,0.4622064,0.08658003
200720,Oligo,0.33425614,-0.12839088
185072,Astro,-0.18822992,-0.30341995
61301,L6 CT,-0.36182734,-0.041082088
20485,L2/3 IT,-0.3385106,0.31479746
67847,Astro,-0.22933954,-0.11400027
61348,Oligo,0.3108519,-0.40878242
218425,Oligo,0.34912118,-0.4889943
30780,Oligo,-0.19421753,-0.3218262
221836,L6 CT,-0.14842623,-0.10409979
207641,L5 IT,0.3524882,-0.23414388
185064,L4/5 IT,-0.2715121,0.30230677
271631,L5 IT,0.30026332,-0.058967475
154034,Micro,-0.41135117,-0.37918937
94059,L2/3 IT,-0.16551629,0.34403878
101404,Endo,0.18303004,0.03364783
94067,VLMC,-0.24477994,0.47565836
248108,Peri,-0.25606033,0.3579226
240982,Oligo,0.29492435,-0.1314112
154042,L2/3 IT,-0.24405837,0.38882446
279156,L4/5 IT,0.46704695,-0.030318622
50611,L6 IT,-0.1735976,-0.049568597
178497,OPC,0.18377134,0.19238436
154052,Astro,-0.28089964,-0.26173767
154056,Oligo,-0.41144767,-0.45818585
185069,Sst,0.15214333,-0.030295167
101477,Endo,-0.23676178,0.21178442
50647,L4/5 IT,0.15476885,0.23494118
250237,L6 CT,0.1785107,-0.16522875
114886,Sst,0.14388642,0.10781913
94128,L2/3 IT,0.39583722,0.22683609
154087,L2/3 IT,0.42381105,0.18371403
78945,L5 IT,-0.43300432,0.24770182
264018,Endo,0.15854535,-0.06868378
248117,L4/5 IT,0.19756559,0.16451222
27857,Oligo,-0.09352154,-0.20476642
153249,L6 IT,0.17957768,-0.2646762
252251,Astro,-0.098785974,-0.34276778
120456,L6 CT,0.33688518,-0.3810745
205673,Pvalb,0.1137689,0.30453414
31831,L6 IT,0.23566887,-0.25672954
99177,L5 IT,0.23015949,0.0127837015
99765,Astro,0.02171328,0.24657714
17321,L5 IT,-0.07676024,0.12359791
14359,L4/5 IT,-0.097566105,0.20733345
67561,L4/5 IT,0.03767904,0.20894295
99777,L6 CT,-0.34629783,-0.026481394
240211,L5 IT,0.25011703,-0.016028706
152170,L6b,0.005263054,-0.3084175
62270,L6 IT,-0.2162795,-0.11218149
214701,Oligo,-0.2957941,-0.23262626
152175,L2/3 IT,0.012687051,0.36412233
152196,Endo,0.4457266,-0.17909679
120254,Endo,0.4507769,-0.34034446
198961,L2/3 IT,0.32392225,0.28564024
120239,Astro,0.4432473,0.06635415
208184,Micro,0.014646792,-0.38493744
198977,L5 ET,-0.30501726,0.047314223
229574,L2/3 IT,-0.15858385,0.3568735
159722,L2/3 IT,-0.3846633,0.30705696
172532,L6 CT,0.47932288,-0.45454124
21188,Peri,0.21189311,-0.1071103
188204,L4/5 IT,0.23536399,0.118821554
172546,L6 CT,-0.38282475,-0.0612731
252262,Astro,-0.23282087,-0.23084441
152193,L6 CT,-0.44852456,-0.007297133
152224,L2/3 IT,0.3882964,0.10124927
14371,L4/5 IT,0.08285072,0.18012565
120485,L2/3 IT,-0.0896636,0.39735055
275781,L4/5 IT,0.14193079,0.14123476
231929,L6 IT,0.1356158,-0.28879654
172384,L5 ET,0.46297976,-0.16671216
120647,VLMC,-0.37316284,0.48573983
92211,Endo,-0.2880314,-0.30411506
99702,PVM,-0.07276914,-0.26210582
233212,Lamp5,0.3478628,0.21736425
266871,L5 IT,-0.22942623,0.030571993
269667,Astro,-0.0942801,-0.3569967
208218,Endo,-0.090793885,0.19915926
120597,Astro,-0.011232144,0.42561966
77778,Astro,0.17035827,0.3058846
208213,VLMC,-0.2909223,0.47656405
120484,PVM,-0.18943605,-0.31343424
152062,PVM,-0.12818855,0.46763754
259476,L6b,-0.42243275,-0.2603823
188246,L6 CT,0.34195998,-0.35510686
72274,L4/5 IT,0.15292397,0.1563279
198872,Oligo,-0.41151032,-0.30985618
152067,L5 ET,-0.011100805,-0.032624964
31852,L2/3 IT,0.116305314,0.3545375
120523,L6 CT,-0.2923936,-0.1978958
172433,OPC,0.05056318,0.39401674
17319,Vip,-0.4291625,0.2951349
159745,L4/5 IT,-0.19295067,0.26183277
120497,L6b,0.24335226,-0.38450053
6289,Astro,0.11759975,0.0067719175
198892,Endo,0.31247982,-0.050512794
92226,L4/5 IT,-0.023386873,0.22029322
21291,L5 IT,0.107514344,0.0822423
99828,Endo,-0.30496344,0.09278577
205652,L2/3 IT,0.40518788,0.10701423
71136,Astro,-0.39280647,-0.3411079
81173,L6 CT,-0.46477595,-0.014510845
263137,L4/5 IT,0.1781471,0.11803018
119823,Endo,0.09878578,-0.30553633
119822,L2/3 IT,0.014960014,0.270312
199071,L5 IT,0.06201919,0.081616215
62199,L4/5 IT,0.13017055,0.15138942
270314,L2/3 IT,-0.10739983,0.39497036
31669,Endo,0.11024227,0.27444178
152358,SMC,-0.1664969,0.0029578758
222629,Micro,-0.16837153,-0.11534882
119727,Pvalb,-0.23449531,-0.16828614
74353,L6 CT,-0.4452651,-0.17402393
259594,L6 CT,0.2651427,-0.19888344
26250,L6 CT,0.10337391,-0.2914064
48114,L6 CT,-0.21229693,-0.08990527
6358,L4/5 IT,0.43581912,0.02079695
172683,L4/5 IT,0.4644648,0.04231107
81146,Astro,0.48540953,-0.4960715
119661,VLMC,0.37029424,0.345518
172688,L2/3 IT,0.31928387,0.2690692
31652,L4/5 IT,0.100990675,0.14919174
244339,L5 IT,-0.09748057,-0.056683633
62165,VLMC,-0.3109127,0.4794296
119549,L6 IT,0.0055328244,-0.24757141
17331,Astro,-0.19671676,-0.37620783
99921,Astro,0.43412498,0.27119994
119530,Oligo,0.04083874,0.087913506
92459,Pvalb,0.24190626,-0.4979681
120111,L4/5 IT,0.16690633,0.097907655
159706,L2/3 IT,-0.21821886,0.3029977
185736,L5 IT,-0.07215101,0.15677822
58654,L2/3 IT,0.2517694,0.15241528
58291,L4/5 IT,0.3716006,-0.026303653
216230,Lamp5,0.46849504,0.23617774
188194,Pvalb,-0.20092082,0.039781507
47975,L6b,0.097153746,-0.33854026
47976,Oligo,0.21296915,-0.40048108
152259,Vip,-0.14520529,-0.32437542
99848,Peri,-0.08212901,0.17416698
152264,L5/6 NP,0.11749878,-0.04352287
99118,Endo,-0.2277107,-0.16318002
235812,Astro,0.010157906,-0.31187934
222647,L6 CT,-0.45919457,-0.1921246
6323,L5 IT,0.23949847,-0.22878686
119859,Micro,0.3153397,0.35852444
6329,Astro,0.08622988,0.38068068
205645,L2/3 IT,0.26905933,0.2743234
119958,L5 ET,-0.01656697,0.0760014
119955,L5/6 NP,0.089257024,-0.13259646
119941,Sncg,0.27954587,0.27128392
119932,L2/3 IT,-0.037069984,0.34021872
270311,L5 ET,-0.14431077,0.034727868
252272,L5 IT,0.33108512,-0.18056336
231954,Lamp5,0.3660989,-0.39049032
119912,Endo,0.030057691,-0.32665312
48058,L6 CT,0.45004758,-0.3039464
2810,L4/5 IT,-0.42032787,0.2701097
185735,L2/3 IT,0.106892906,0.31983936
228375,L6 IT,-0.2644982,-0.0067517804
205646,L5/6 NP,0.44730398,-0.21629417
222780,L5 ET,-0.18572897,0.10855394
62308,L6 IT,0.46428218,-0.37674773
47691,L5 IT,0.12044474,0.047102865
159902,L5 ET,0.20167771,-0.007442956
185685,L6 CT,-0.17427552,-0.12512577
241917,Oligo,0.15459362,-0.37817138
12716,L5/6 NP,-0.05862067,0.11685663
252237,L2/3 IT,0.37090448,0.17389882
121363,L6 CT,0.38324234,-0.2700947
121362,L6 IT,0.1761317,-0.320233
172114,L4/5 IT,0.07256254,0.20909041
77759,L6 CT,-0.49560437,-0.23279175
91989,Oligo,-0.14082119,0.087978296
32056,Astro,-0.37341824,0.32662225
99262,L2/3 IT,0.45822033,0.13167489
181543,Endo,-0.03990934,0.27340132
151708,Oligo,0.4036508,-0.037586693
121325,L4/5 IT,-0.2462726,0.22727495
121306,OPC,0.03764733,0.44631368
272091,L4/5 IT,0.32374266,0.070293896
47377,Astro,0.35770145,-0.45491892
6220,L6 CT,-0.16813672,-0.14313987
165339,L5 ET,0.15957722,0.0046334816
21404,L2/3 IT,0.2214512,0.3024817
259377,Oligo,0.122944854,-0.00042602874
159862,Micro,0.01284101,-0.13450438
235787,Oligo,-0.46196985,0.120639436
172158,L4/5 IT,0.045023702,0.26479828
198664,Pvalb,0.07717141,0.19047236
71058,L4/5 IT,-0.22515428,0.24329919
268457,L6 CT,-0.024590082,-0.24907416
21425,Micro,-0.48177385,-0.013386373
121180,L5 IT,0.20217678,-0.16196626
47329,L4/5 IT,-0.15383825,0.2624905
259343,L2/3 IT,0.43974903,0.11661797
21455,L4/5 IT,-0.15224111,0.23433769
21448,Astro,-0.20080066,0.23947799
159977,L6 CT,0.15941057,-0.27567413
198559,L6 IT,-0.30714813,-0.08861334
208291,Vip,0.33453295,0.18235266
179074,L5/6 NP,-0.4439694,0.0451228
275796,L2/3 IT,0.4142628,0.23469168
32103,L2/3 IT,0.18201348,0.28142488
99326,L2/3 IT,-0.092740186,0.2721992
91935,Oligo,-0.4191146,-0.3351584
208273,PVM,0.025294922,-0.15819192
270262,L5 IT,-0.37227124,0.19334304
172041,L5 IT,0.026797675,-0.095009305
151697,L5 ET,0.43938288,-0.1737343
8628,Endo,-0.37311235,-0.30739963
121481,Sst,-0.48355833,0.38139826
121474,L6 CT,-0.4950535,-0.1538339
121463,L6 CT,-0.4997991,-0.18161863
179063,L5 IT,-0.09866861,0.056514975
151675,L5 ET,0.097107194,-0.07383988
72251,Oligo,-0.3810915,-0.30974284
74574,L4/5 IT,0.35066965,0.025878187
78646,Lamp5,-0.049064197,0.4152664
8607,Endo,-0.38845822,0.38151544
91965,L2/3 IT,-0.043498375,0.38761234
266735,Oligo,-0.043460168,-0.38199458
208255,L5/6 NP,-0.20021844,-0.0871282
259339,SMC,-0.2040835,0.47082347
162733,L2/3 IT,0.09136178,0.35952973
121178,L5 IT,0.0376881,-0.14065915
92046,VLMC,0.36627927,0.3472799
67468,L5 ET,0.13290915,-0.071861036
120875,L2/3 IT,0.049903892,0.37301385
120853,L6 CT,-0.339649,-0.11153237
219367,L5 IT,-0.05126027,0.13413054
2856,L5 IT,-0.066411234,0.11636161
21309,L6 CT,-0.32790425,-0.18615678
74500,L2/3 IT,-0.06635899,0.35547596
31937,Peri,0.09644105,-0.14298803
16714,L6 CT,-0.19685811,-0.17206612
188267,Vip,-0.15745959,0.08975386
99672,Peri,0.11681809,0.040327843
766,L2/3 IT,-0.08351306,0.32807887
74489,L4/5 IT,0.4298478,-0.012467687
259455,L4/5 IT,0.44918653,-0.039140288
276665,Astro,0.10675385,-0.39183095
74482,L4/5 IT,0.123852216,0.08408337
62328,L4/5 IT,0.40870604,0.05834716
228335,Endo,-0.14280015,0.0722866
222802,L6 CT,0.43328014,-0.2617369
120752,L6 CT,-0.058786906,-0.08541066
99675,Endo,-0.46078223,-0.1388045
120740,L6 CT,-0.124994256,-0.22033724
185730,L5 IT,0.13736,-0.2138192
120726,Pvalb,0.26183972,-0.21810949
31881,L6 CT,0.023718499,-0.2129161
120715,L4/5 IT,0.33813283,0.054302152
120714,L2/3 IT,0.01280471,0.33451337
275526,L5 IT,0.27250108,-0.10169385
272051,L2/3 IT,0.008178734,0.34920222
254070,Endo,-0.077133395,0.1590845
62336,L4/5 IT,-0.41104072,0.2708305
99647,L6 IT,-0.28461567,-0.10695309
205712,L6 CT,0.23306331,-0.1787976
159858,L6 CT,-0.0034203297,-0.20611686
32002,Endo,-0.42992643,0.3712132
272078,L6 CT,-0.24444309,-0.08297805
47468,Peri,-0.0488965,0.28918523
219415,L6b,-0.2574379,-0.23594144
151801,L2/3 IT,0.07267883,0.35493672
245962,L5 ET,-0.3350129,0.07060646
172200,L6 IT,-0.114762254,-0.014699553
151810,VLMC,0.21082434,0.39448303
151817,Astro,-0.16806722,0.1769675
250523,L6 IT,0.3102357,-0.28715807
92092,L6 CT,-0.3476431,-0.12439043
92094,L5/6 NP,-0.017507441,0.054642018
151827,L2/3 IT,-0.46844825,0.36396223
222847,Endo,-0.2705951,-0.056841824
1775,L2/3 IT,-0.41077963,0.34837157
263085,L5 IT,-0.09187407,0.15351635
47540,Peri,-0.062150635,0.20387167
120974,Endo,-0.4225769,0.3030942
58439,L6 CT,0.15992114,-0.1851227
231898,Astro,0.44586995,-0.44083148
172237,L4/5 IT,-0.3841553,0.24143809
236911,Astro,-0.38803658,0.20962036
185615,L2/3 IT,-0.42704365,0.31778806
222837,L6 CT,-0.24579313,-0.19832209
47558,L6 IT,0.36955944,-0.26147777
179010,L2/3 IT,0.26476124,0.28675646
58437,Oligo,-0.42513153,-0.16306245
47563,Oligo,-0.4603969,-0.15914506
10706,Oligo,0.15288058,-0.38607544
252346,Endo,-0.020606615,0.37963414
17791,PVM,-0.13486102,-0.095925845
240400,Oligo,0.13223699,-0.37626415
181221,L6 CT,-0.21388537,-0.12395934
98976,L6 CT,-0.14157197,-0.13974595
173158,Endo,-0.06771315,-0.07655529
117995,Endo,-0.22755098,-0.3326897
20906,L4/5 IT,0.31240734,0.04121756
117987,L5 IT,0.07553484,0.00023161911
275498,L2/3 IT,-0.4373394,0.39482814
207982,L2/3 IT,0.046336316,0.34775102
100351,L6 CT,0.113849245,-0.28823295
153003,L2/3 IT,0.18636695,0.27204376
17844,Astro,-0.29502788,-0.34722018
20892,L2/3 IT,-0.08237729,0.2836123
274824,L2/3 IT,-0.019087203,0.33499783
271857,L4/5 IT,0.2642949,0.023802336
98958,Pvalb,-0.39155674,0.027437862
49054,L6 CT,-0.33345315,-0.18453926
199734,L6 IT,0.38207355,-0.29996634
61864,Endo,-0.3652756,0.09588676
117894,L4/5 IT,0.47840795,0.020410653
259938,L4/5 IT,0.1296989,0.09692412
244383,Endo,-0.25005057,0.1769405
117856,Micro,-0.2659973,-0.18967497
49080,L4/5 IT,0.0065765018,0.19216067
173203,Astro,0.067987226,0.36606205
117832,OPC,0.49247918,0.22406983
185810,Pvalb,-0.29904956,-0.05468953
117828,L6 CT,-0.2049509,-0.20652631
276752,L4/5 IT,-0.30405715,0.25507492
16538,VLMC,0.2673193,0.38185346
26329,L5 IT,0.07715621,-0.089806
205492,Astro,0.34048387,0.24934322
12771,Lamp5,0.30115762,0.28079468
31387,OPC,-0.21023035,-0.33078277
178802,L6 CT,0.32839343,-0.28672457
118225,L6 CT,-0.39152318,-0.15510395
99019,Endo,-0.48844397,0.34777206
27792,L5 IT,-0.29939106,0.034865614
20949,L5/6 NP,-0.45698467,0.0076090647
48914,Endo,-0.088647015,0.25562727
152957,L5 IT,0.36814323,-0.09263838
270233,VLMC,-0.1402719,0.4698648
152960,L2/3 IT,-0.47843415,0.40339547
229539,OPC,0.14965352,0.09782212
207999,L6 CT,-0.08372263,-0.1860658
199623,L4/5 IT,-0.10910291,0.23388201
199686,L5 IT,0.31067893,-0.16235244
80995,Astro,0.08579298,-0.34611657
152967,Endo,0.036659203,0.26269293
31371,Peri,-0.019280143,-0.20322147
199643,L5 IT,-0.22081801,0.10304659
118067,L6 CT,-0.4777221,-0.20762247
93068,L5/6 NP,0.0740489,-0.12473751
232029,Oligo,-0.16037694,-0.32326734
184919,L5/6 NP,0.12149342,-0.10757569
69329,Oligo,-0.34365177,-0.24857411
100318,L6 IT,0.32841477,-0.25221807
207989,Endo,-0.4415902,0.18888491
232037,L6 CT,-0.014905936,-0.15439388
275543,L6 CT,-0.36753443,-0.0034548985
118034,L5 IT,0.13678166,0.06993472
57991,L6b,-0.28829688,-0.2418431
276742,Oligo,0.0085729,-0.3600266
184920,L4/5 IT,-0.10726667,0.18428874
117813,L6 CT,0.04329201,-0.14339474
244796,L6 CT,-0.3276665,0.00036522292
218291,L6 CT,-0.38991025,-0.25269443
117546,L5 IT,-0.35785833,0.00013499998
205894,OPC,0.24394909,-0.36273363
153147,L5 IT,0.33232597,-0.08296863
153151,Astro,0.2573478,-0.23489442
48,L5/6 NP,-0.24696583,0.102484934
31265,L4/5 IT,0.45513144,-0.019458447
162243,Micro,-0.4356537,0.058060523
245745,OPC,-0.052364714,-0.011339431
117414,L4/5 IT,0.065359496,0.16957867
27891,L2/3 IT,0.22052255,0.31207228
218297,Lamp5,0.15804371,0.27844596
26353,L2/3 IT,-0.29393527,0.32981843
93282,Vip,0.048379682,0.2020526
49344,L6 CT,0.2697132,-0.32678163
117350,L5 ET,0.35773638,-0.115365095
117345,Endo,-0.496868,-0.0663215
100544,Endo,-0.111774124,-0.065467186
253867,L6 CT,0.30368862,-0.35952723
100571,Endo,-0.3337331,0.4497397
162235,Astro,0.24897775,0.2967096
117306,Endo,0.25342366,0.2757545
67686,Micro,-0.27243283,0.31922078
181160,Oligo,-0.44709027,-0.43991414
93315,Astro,-0.07389904,0.29756284
117290,Oligo,0.3991218,-0.45459393
159368,L6 CT,0.43716255,-0.39083922
17338,L6 CT,-0.3717139,-0.18241137
239021,L6 CT,-0.31744102,-0.16681126
117567,L5 IT,0.16771516,-0.054159883
181194,Astro,0.1412718,-0.46508342
57947,L5 IT,-0.08912457,-0.06742302
49112,L6 CT,0.16947165,-0.25309134
117750,L5 ET,-0.3555394,0.04565501
252718,L5 IT,-0.46903473,0.16886973
49151,Endo,-0.22490045,0.39049697
159443,Endo,-0.25449604,0.35305893
269735,L2/3 IT,0.15493938,0.33654082
205455,L2/3 IT,-0.39544576,0.38968462
71183,OPC,0.16990563,-0.43239194
117731,L6 CT,0.16889784,-0.18289584
205449,L5 IT,-0.15599796,0.15431887
117692,L5 IT,0.13603386,0.0658009
187934,L2/3 IT,-0.33421543,0.37280917
93195,Oligo,-0.15800264,-0.33961132
159435,L2/3 IT,0.27277616,0.31328416
27867,OPC,0.47110423,-0.42515907
159403,Astro,0.041908644,0.3225366
31285,Micro,0.16937873,-0.37105498
218271,VLMC,-0.33882716,0.48455852
160198,L2/3 IT,0.060788833,0.2766831
276766,L6 CT,-0.26394477,-0.06716005
159395,Astro,-0.39461282,0.23114973
199832,L6 IT,0.11256542,-0.11681811
153133,L2/3 IT,0.17395392,0.23545402
9367,L5/6 NP,0.38915452,-0.171433
117578,L6 IT,-0.10115863,-0.052360658
222328,Peri,0.13285872,0.30119795
71193,L6 CT,0.38793746,-0.3957842
18045,L5 IT,-0.32076132,0.05357444
199589,L5 IT,-0.40502995,0.15572608
81005,L6 IT,0.0017007226,-0.11152486
6522,L4/5 IT,0.10552325,0.11160635
266299,Astro,0.36834612,-0.1319296
159647,L2/3 IT,-0.13996908,0.32927758
74312,Endo,0.13720188,-0.1764127
219332,Oligo,-0.15175575,-0.3126151
259703,L5 IT,-0.3402446,0.2566595
178889,SMC,-0.36332408,0.4853819
222546,L6 CT,0.2597417,-0.3328611
172831,Astro,-0.0649657,-0.35690296
172835,L2/3 IT,0.18507919,0.2435146
119180,L2/3 IT,-0.21882758,0.3558392
185591,L6 IT,0.39035222,-0.398323
62097,Oligo,0.047533058,-0.3356978
159643,Astro,-0.4918155,0.06267797
263037,L5 ET,0.16500244,-0.06944842
218203,L6 IT,0.11966612,-0.2832137
21063,L6 CT,-0.28659025,-0.096563615
250431,Astro,0.27354172,0.06257402
172855,L6 CT,-0.09112842,-0.13527098
48437,L2/3 IT,-0.25995848,0.30700284
222534,L4/5 IT,0.26811495,0.05890363
48451,Astro,-0.22365904,0.37651235
119072,Oligo,0.2931079,-0.4177284
259721,L4/5 IT,0.07539638,0.20103198
8541,L5 IT,0.44156173,-0.27536234
13168,PVM,-0.17127761,0.06366294
58151,L6 CT,-0.35167977,-0.11172459
253965,Vip,-0.28316024,0.25678194
181313,Endo,0.32643023,-0.07161579
11667,L4/5 IT,0.35135755,0.09020006
208116,Peri,0.4767668,-0.42134684
199289,Oligo,0.19691887,-0.3157559
162446,L6 IT,0.24473819,-0.28527585
238086,L2/3 IT,-0.15874854,0.31716096
222595,L2/3 IT,0.12817147,0.32357287
21083,L6 CT,0.44272807,-0.22290766
99947,L6 IT,-0.48287785,0.03241306
239181,L2/3 IT,0.10295274,0.36257863
119457,Astro,0.040843032,-0.38794512
259668,L6 CT,0.022397064,-0.17676294
181384,L5 IT,-0.3145809,0.13377035
78752,L6 IT,-0.31678852,-0.057993207
21080,L6 CT,-0.11702997,-0.22413024
248275,L5 ET,-0.4200252,0.16726255
181378,Oligo,0.27806237,-0.3685962
92546,L2/3 IT,0.17475179,0.2834471
152505,Astro,-0.33522847,-0.08716003
119422,L6 CT,0.37188795,-0.32481506
215043,Astro,0.22281596,-0.24894747
181366,L2/3 IT,0.0676504,0.3490613
119343,L2/3 IT,-0.08423651,0.33719498
119342,L2/3 IT,-0.083254315,0.36477977
119318,Pvalb,0.29873243,0.119083695
245856,L6b,-0.37592992,-0.23935568
259684,L4/5 IT,0.48226526,0.047554787
162451,L6 CT,0.348022,-0.30378497
69341,SMC,-0.20548108,0.47699845
67606,L2/3 IT,-0.033149965,0.27486908
119274,Astro,0.094892524,0.4109689
172806,L5 IT,0.28844103,-0.024926309
119260,L6 CT,0.3912185,-0.375864
99992,L5 IT,-0.057737537,0.04911643
266303,OPC,-0.24126986,0.09228372
62036,L6 CT,0.34719154,-0.36471498
218209,L2/3 IT,0.47676876,0.21458524
58128,L4/5 IT,-0.0369438,0.1486947
118664,L5 IT,-0.23744291,0.19138294
269702,L6 CT,-0.21603322,-0.19345346
118615,L4/5 IT,0.07402351,0.16228265
152750,Endo,0.24745438,-0.19753656
241023,L5 IT,-0.12724593,-0.093564935
118588,Oligo,0.38482192,-0.3306515
100164,L5 IT,-0.14679414,0.19010693
8534,L6 CT,0.2695355,-0.34836212
92875,Astro,-0.287012,-0.32780668
178814,L6 IT,-0.191715,-0.19842577
235196,L6 CT,0.15631595,-0.33312815
48742,Astro,-0.32307392,0.3097161
48623,L6 IT,0.26151922,-0.33660245
100205,L4/5 IT,0.4378769,0.040943917
31404,L4/5 IT,0.16069636,0.184677
92934,L2/3 IT,0.47442088,0.2209773
100222,L2/3 IT,0.10080417,0.3462118
48797,L2/3 IT,-0.21341279,0.38378602
20986,Pvalb,0.054557823,0.32598507
118368,OPC,-0.28710136,-0.13224062
241016,L6 IT,0.038579367,-0.24329823
259860,L4/5 IT,0.49029914,-0.032548938
152921,Astro,-0.45790967,-0.15149423
118341,Oligo,-0.47437802,-0.04291955
208038,L5/6 NP,0.10582199,-0.030179415
259866,Oligo,-0.16398296,-0.2804361
100227,L6 IT,0.28054735,-0.25249755
2733,L6b,0.09319719,-0.33997187
199430,Peri,0.38430986,0.056617793
239742,SMC,-0.01987315,0.28330076
48609,Oligo,0.20697919,-0.29633468
160124,Astro,0.13966551,0.29017675
259745,L5 IT,-0.0057210093,-0.07593001
58146,L6 IT,0.14763841,-0.13291982
172892,Endo,-0.347899,0.27426064
21051,L6b,-0.46321234,-0.30022687
179196,Pvalb,0.20119968,-0.01962063
48529,L4/5 IT,0.47782102,-0.033004884
100078,L2/3 IT,-0.020998605,0.36810923
172903,OPC,-0.41244736,0.48884648
250426,Oligo,-0.4670628,-0.08117194
230092,L4/5 IT,-0.32800177,0.2205261
152670,Astro,0.35608956,0.27706736
48536,Oligo,0.33993867,-0.30229542
61995,L2/3 IT,0.11191585,0.34896302
118860,Astro,0.10494181,0.09343373
239025,Oligo,-0.32031587,0.027348634
229553,Oligo,-0.42946878,-0.40427536
61989,L6 CT,-0.46311775,-0.08774067
21034,L2/3 IT,-0.28372285,0.301705
48576,Pvalb,-0.45142242,0.3099041
271910,L6 CT,-0.1252296,-0.14545235
152717,L4/5 IT,0.47489628,-0.021861795
271906,Oligo,0.38961437,0.003388579
100111,L5 ET,-0.10162581,-0.015314792
118755,L6 CT,0.04765918,-0.104967244
228415,L2/3 IT,0.44256434,0.16298842
185589,Sst,0.010030591,0.16593498
199418,Astro,0.4669377,-0.27365673
48605,Vip,0.40412107,0.2430216
119524,Astro,-0.48876962,-0.350133
201190,L6 IT,0.037228785,-0.18173471
214732,Lamp5,0.19428971,0.36278754
221613,L5 IT,-0.19899297,0.15222406
19112,L6 CT,-0.26874414,-0.023156349
54241,L6 IT,0.4639376,-0.34071547
156722,L5 IT,-0.27823737,0.05794215
220627,Pvalb,-0.0041699773,0.041951653
279025,L6 CT,-0.43329778,-0.25016886
185331,L2/3 IT,0.07116594,0.37537825
28474,L4/5 IT,0.3535857,0.0807324
267724,Astro,-0.0738417,-0.35592782
16606,L2/3 IT,0.482738,0.10571229
232725,L6 IT,0.19963095,-0.15524545
79774,L6 CT,-0.45279092,-0.16635671
96507,L5 IT,-0.43402243,0.2207362
103720,Oligo,-0.02606196,-0.35760263
107946,L6 IT,0.3868312,-0.36202914
203026,Endo,0.18129894,0.31805646
156741,Astro,-0.24717048,0.4024614
156744,L2/3 IT,0.35249195,0.19992769
204443,Oligo,-0.020500608,-0.37651283
263583,Astro,-0.30107936,-0.3498634
79238,L6 IT,0.47250077,-0.441488
275238,Endo,-0.4258053,0.21322817
97813,Endo,-0.34645745,0.41529548
73101,L6b,-0.22084072,-0.2336419
72631,Oligo,-0.10349194,-0.22881195
266539,L5 IT,-0.07177798,-0.13724554
160973,L5/6 NP,-0.26509193,0.16193384
107742,L2/3 IT,0.24714205,0.1814056
27029,Oligo,-0.064520694,-0.3433208
240261,L6 IT,-0.20540902,-0.12895295
96492,Astro,-0.063040204,0.23181683
158322,L5 IT,-0.2870089,0.07334506
107958,Astro,0.0133074755,-0.3562624
96425,PVM,-0.092096336,-0.28299382
185309,Endo,0.4040065,0.0019327357
2198,L6 IT,0.4176115,-0.39499253
202938,Oligo,-0.36945465,-0.37777513
252526,Astro,-0.39746758,-0.39929914
16309,PVM,0.23973909,0.3764429
242328,Oligo,-0.47684157,-0.42998484
13597,L5 ET,-0.14343709,0.1587205
108124,L6 CT,-0.051494904,-0.18543828
215774,L5 IT,0.12657514,-0.08623282
108120,L4/5 IT,-0.005427993,0.19916296
156586,L5 IT,-0.3514963,0.113128416
229026,L6 CT,0.13193843,-0.31272936
180036,Astro,0.13443503,-0.46656042
8195,L4/5 IT,0.055570804,0.13253987
56428,L4/5 IT,-0.41106102,0.27977037
202962,L6 CT,-0.12859261,-0.19189084
156636,L5 IT,0.02975317,0.080407195
179591,Micro,0.17394999,-0.4824054
29373,L4/5 IT,0.3675458,0.032167073
103665,VLMC,-0.35001746,0.4891175
186723,L4/5 IT,0.30250213,0.18269587
54212,Oligo,0.22477326,-0.40644732
54222,Astro,0.4550391,-0.19873625
103669,Oligo,-0.04335857,-0.07413293
73140,L6 CT,-0.14075601,-0.19857165
219983,L4/5 IT,0.21826658,0.0620864
245202,L6 CT,-0.4853355,-0.22576097
19128,L6 CT,-0.4235151,-0.13447341
156809,Oligo,0.1970897,-0.27475902
54110,L5 ET,-0.35194555,0.035915133
156825,L6 CT,0.31679454,-0.3441075
158275,L6 CT,0.31524655,-0.21369356
96721,L4/5 IT,-0.42709216,0.28445607
215995,L2/3 IT,0.18312386,0.33373815
107318,Endo,0.10940894,-0.1666489
186575,L5 IT,0.24270555,-0.2754996
18352,Oligo,-0.10123236,-0.30224782
54582,L2/3 IT,0.36523202,0.1820584
13554,L5 IT,0.41717145,-0.21532235
229289,Astro,-0.4112255,-0.4296907
11578,Oligo,-0.39045224,-0.25934923
54613,L2/3 IT,-0.08276091,0.375592
220565,L6 CT,-0.00069359597,-0.25529662
204405,L6 CT,-0.21020856,-0.08330519
13009,L5 ET,-0.32045427,0.07483452
157042,L6b,-0.009031958,-0.29019782
160569,L6 CT,-0.03408102,-0.184479
54625,Vip,0.23235002,0.18761629
214396,L4/5 IT,0.025992058,0.19420958
73015,L4/5 IT,0.25349173,0.0972886
179964,L5 IT,0.3317069,-0.13195392
185378,L2/3 IT,0.15158585,0.31927502
275262,PVM,0.134608,0.36236268
277237,L6 CT,-0.35918963,-0.1935629
107149,L4/5 IT,0.09037032,0.18693703
103980,L5 IT,0.02875688,0.10564386
204384,L6 CT,0.18194464,-0.20236072
263552,Micro,-0.46265712,0.03999793
268540,L6 IT,0.21032062,-0.2518349
107103,L2/3 IT,-0.4975093,0.40920562
239841,L5 IT,-0.19269484,0.021600481
107368,Peri,0.16926423,-0.018810038
54520,SMC,-0.3154576,0.10353678
215997,PVM,0.14435098,0.19328153
13571,L4/5 IT,-0.45386168,0.3229056
234368,L5/6 NP,-0.17875835,-0.06817628
156855,L4/5 IT,-0.27301118,0.24920315
79751,OPC,0.11650636,0.40716374
56351,L2/3 IT,-0.216503,0.3263467
176566,Astro,-0.0007130271,0.26198047
103808,L6 IT,0.32522586,-0.30000883
275244,L4/5 IT,0.2522783,0.023400363
96631,L4/5 IT,-0.06601576,0.24984986
96633,L4/5 IT,0.30720255,0.013629551
2293,Pvalb,0.11345341,0.3008961
259,L6 IT,0.11194184,-0.15415505
69082,Pvalb,0.37096384,-0.061329845
160555,L2/3 IT,0.22110501,0.17869133
107527,L4/5 IT,0.07885643,0.16444731
158267,Endo,-0.4428763,-0.16510582
262381,Micro,0.20924279,0.053913172
103849,L2/3 IT,0.19855842,0.21545154
249754,Pvalb,0.043406986,0.28646535
263573,Micro,-0.05968169,0.07218092
54469,L5 IT,0.4218528,-0.22610009
240293,L4/5 IT,0.45344606,0.00627553
261780,PVM,-0.43739605,0.4138183
79720,Oligo,-0.08805735,-0.31050643
157000,L6 CT,-0.20228401,-0.097838946
18996,Oligo,-0.49539977,-0.04235727
263569,L5 ET,0.3009043,-0.039873544
206704,L4/5 IT,0.2247409,0.08136874
103889,L5 IT,0.17592707,-0.043563906
54350,Astro,-0.2308026,-0.30002493
235142,Oligo,-0.055019505,-0.33911586
206269,L6 CT,-0.27713674,-0.116918094
202914,L5/6 NP,0.08810636,0.021784779
2179,Micro,-0.26555243,0.124856584
202687,L6b,-0.21977478,-0.22255808
156401,L4/5 IT,0.1928682,0.07635372
29534,L6 CT,-0.29526576,-0.21688911
158397,L5 ET,0.3937684,-0.07953397
18291,Endo,0.21430716,0.28489256
176142,Oligo,-0.085464634,-0.31437355
271044,Endo,-0.04865656,0.4486848
229018,L5/6 NP,-0.064785965,-0.13380903
202698,Vip,-0.14526707,0.40072924
249527,L5 IT,-0.41914433,0.05915266
29517,L2/3 IT,0.23247197,0.25840425
13047,L6 CT,0.3971103,-0.39727414
186155,VLMC,-0.50409263,0.48167086
96158,Micro,0.04281559,0.42537653
234602,Oligo,0.09683373,-0.3450553
13657,Oligo,-0.46871167,-0.2559312
156454,L2/3 IT,-0.029151298,0.27541542
202745,Endo,0.4785947,-0.044086758
218712,VLMC,0.18797484,0.40163612
180134,Micro,0.34685454,0.1786161
245250,L2/3 IT,0.369105,0.080566935
238410,L5 ET,0.3799325,-0.12014372
108829,Astro,-0.38911688,0.2931291
220751,L2/3 IT,0.22649029,0.24299312
247956,Pvalb,-0.30163375,-0.019591484
96176,L5/6 NP,0.26698443,-0.094813325
96177,L5 ET,-0.17452464,-0.017518047
253340,Endo,-0.23027268,-0.25605994
10842,PVM,-0.4094573,-0.49293998
68212,L6 CT,0.035713278,-0.21422407
239080,Astro,-0.18377477,-0.10095108
271069,L4/5 IT,-0.48137784,0.3292768
56537,L6 CT,0.34003022,-0.2645791
109287,Endo,-0.4019888,-0.26612797
261475,Peri,-0.14624566,-0.20757279
109263,Pvalb,0.30682197,-0.38615075
13708,Oligo,0.29723015,-0.45725688
109236,L5 IT,-0.4170517,0.120678954
176068,L5/6 NP,0.21937105,-0.120742865
243249,L4/5 IT,0.23710248,0.054721233
109210,L5/6 NP,-0.02551449,-0.14125392
179535,L4/5 IT,0.4630005,-0.010514055
269929,L4/5 IT,0.05897095,0.15013975
156288,L4/5 IT,-0.21918955,0.21648735
53618,L4/5 IT,0.4913213,0.02993637
11723,L5 IT,-0.09681011,-0.029201213
202644,L6 CT,0.2039077,-0.2515907
180163,L6 CT,-0.4579604,-0.055474434
19337,L2/3 IT,0.31822857,0.16240877
68186,L5/6 NP,-0.39731675,0.084753565
234343,Endo,0.30429617,-0.45783588
2355,L6 CT,-0.14169323,-0.23333296
53665,L5 IT,-0.48983508,0.10664236
73256,Pvalb,-0.27524856,0.002825196
202670,L2/3 IT,-0.33475268,0.34806085
156344,Astro,0.019138955,-0.09687207
279039,L6b,-0.010210729,-0.3032376
73252,Oligo,-0.06633947,0.14587331
109072,L2/3 IT,0.33897796,0.14031148
71676,L6 IT,0.18633422,-0.30835176
232650,Micro,0.19538042,-0.40451187
54099,PVM,-0.07918198,-0.2425527
108806,Sst,-0.014131344,-0.1084087
220747,Micro,-0.35659778,0.3346153
243205,Oligo,-0.1134764,-0.3677483
277085,L2/3 IT,0.26975146,0.19787216
26963,L6 CT,-0.15389183,-0.21275532
202857,L4/5 IT,0.052176736,0.14453095
220695,L5 IT,0.2340127,0.0302211
242303,L2/3 IT,0.2468166,0.30610126
161065,L5 IT,-0.28114006,0.09098505
277957,Astro,-0.22931081,0.2586084
212192,L6 CT,0.27069828,-0.1905804
60212,L2/3 IT,0.024644874,0.27557844
68241,Astro,-0.30995223,-0.35146564
103564,L2/3 IT,0.037146352,0.3197599
271007,Oligo,0.05717834,-0.37339085
248193,Oligo,-0.47779518,-0.3601746
269959,L6 CT,-0.37728694,-0.10375146
73169,Astro,-0.0038301116,0.07200592
108338,Oligo,-0.35172763,-0.12831238
8200,Endo,-0.053549655,0.30770427
54071,L4/5 IT,0.048279546,0.1751386
239214,Astro,-0.15514153,0.1458199
204487,Astro,0.25783673,-0.029105846
229826,Micro,-0.067446835,-0.3268249
56460,Astro,-0.30527315,-0.35200503
204479,L6 IT,0.43441823,-0.3048334
96414,L6 IT,0.32735416,-0.38137713
108280,Endo,0.1724678,-0.21252981
17546,Sst,-0.08101729,-0.16573384
270999,SMC,-0.074106224,-0.30054784
79823,L5 IT,0.46221557,-0.23228166
220700,Oligo,0.3078948,-0.44764745
232671,OPC,-0.4756491,0.22179586
96332,L2/3 IT,0.031060182,0.2861526
53782,L5 IT,0.12996039,-0.0029496895
202767,Micro,-0.45811328,-0.11455352
161087,L5 IT,-0.14083335,0.06378894
108774,L4/5 IT,-0.4986631,0.33753192
206866,L4/5 IT,0.18435046,0.16513371
161086,L4/5 IT,-0.31673497,0.2729774
277936,L2/3 IT,-0.18192858,0.3628288
202795,Oligo,-0.07420228,-0.38394296
108676,L6 CT,-0.35018834,-0.034408245
176243,L4/5 IT,-0.219437,0.1937145
229023,Oligo,0.25463888,0.13431257
29478,L2/3 IT,-0.052536257,0.36381036
108631,L4/5 IT,0.3940589,0.0018333151
73201,L2/3 IT,0.37618557,0.25605482
156492,Astro,-0.4131256,0.17486012
108589,L6 CT,-0.06381921,-0.18559855
96276,L4/5 IT,-0.15739045,0.20269233
56521,Astro,-0.4327513,-0.32277828
96284,Oligo,0.018508397,-0.301647
96285,Astro,-0.053323545,0.42946655
176271,L6 CT,0.39318082,-0.36024547
96288,L2/3 IT,-0.27230957,0.32461965
206832,Astro,-0.16940242,0.3133949
108542,L5 IT,-0.09477139,-0.101216145
261587,L2/3 IT,0.123437606,0.3006149
60275,L4/5 IT,0.08852168,0.16042548
103519,L5 IT,0.09352376,-0.086855926
202840,L6b,0.05994167,-0.31581014
108492,Sst,-0.3965651,-0.18071383
249535,L6 CT,-0.3790813,-0.08593521
252943,Micro,-0.3123078,0.31631565
270915,VLMC,0.03241452,0.45711887
253180,Oligo,-0.11566488,0.07494133
105571,Astro,0.050889216,-0.001452838
186361,L4/5 IT,0.29475805,0.018222686
245003,L6 CT,-0.1298863,-0.1605702
59719,L6 CT,0.16220501,-0.15469235
203787,Peri,-0.091731496,0.099949054
220357,Endo,0.0093810195,-0.05771849
97591,L5 IT,0.44664362,-0.22529179
177235,L2/3 IT,0.40207097,0.20614445
203805,L6 IT,-0.074133165,-0.066361494
105522,L2/3 IT,0.28794155,0.23874468
220348,L5 IT,0.3348404,-0.042546574
262093,Endo,0.19689378,0.1143822
105496,L5 IT,0.14017835,-0.052713815
56030,L6 IT,-0.18257198,-0.04103777
275585,L4/5 IT,-0.36450276,0.294114
105478,VLMC,-0.23699304,-0.2947404
59704,L4/5 IT,0.13881978,0.12531066
8889,L2/3 IT,-0.18929955,0.34237576
263407,L6 CT,0.20832321,-0.35431814
220339,L5/6 NP,-0.05976174,-0.15907243
177263,Oligo,-0.039626606,-0.06938822
18599,OPC,-0.39679372,0.4120202
97588,Pvalb,0.16210392,0.18929297
105387,Pvalb,0.00965085,0.10235023
97584,Endo,-0.12482933,0.40281153
203874,L6 CT,-0.34759852,0.017357465
97296,L2/3 IT,-0.35851967,0.3692299
105243,L2/3 IT,0.23644891,0.23864067
11601,VLMC,0.26091197,0.3821708
18656,Micro,-0.35652855,0.3387435
97201,L6 CT,-0.24818388,-0.067924894
245000,PVM,-0.38177955,0.41527325
68405,Astro,-0.32360217,-0.35695225
177134,L6b,0.36360636,-0.42874604
71989,SMC,-0.3574782,0.48685074
270828,L6 CT,0.20816389,-0.12774807
105861,L4/5 IT,-0.037250645,0.25300997
244598,Oligo,0.2940803,-0.04457793
242444,OPC,-0.38352743,0.34187293
105818,L6 CT,-0.02226106,-0.27971315
104432,Astro,0.10462984,0.15776521
13458,L2/3 IT,-0.2647293,0.3272608
105744,L4/5 IT,0.3187903,0.0033827377
105742,Oligo,-0.22156298,-0.09253908
157610,Oligo,-0.06660292,-0.00019065
55408,L6b,0.38794956,-0.4386921
179678,L5 IT,0.48835316,-0.10510019
18428,OPC,-0.04605589,-0.31184274
232853,Oligo,-0.49090403,-0.4214423
28629,L2/3 IT,0.19454935,0.32722795
275315,Peri,-0.31292513,0.23980337
203771,L6 CT,0.40330365,-0.27894446
248031,Oligo,-0.33816448,-0.18809393
97196,Lamp5,0.2221314,0.13175446
179805,L4/5 IT,0.13182595,0.11249464
203778,L6 CT,0.48618928,-0.33408827
186240,Astro,0.298977,-0.1626404
185417,VLMC,0.3182676,0.36973244
104467,Sst,0.2700105,0.19022459
220363,Endo,0.4470519,0.19497973
177200,OPC,0.0657173,-0.39197594
218960,L4/5 IT,0.30123755,0.1052364
78412,L5 ET,0.19178519,-0.010228668
104536,L5/6 NP,-0.23961654,0.14113128
267804,L6 CT,0.15582702,-0.23897278
8069,Astro,-0.47779438,-0.15867168
158058,L6 IT,0.44485548,-0.37246084
214785,L6 CT,0.07455244,-0.2588705
204177,Peri,0.022959374,0.23685378
55964,Vip,-0.40570286,0.0047584726
28730,L2/3 IT,0.24248096,0.28401786
8074,Endo,-0.19834921,0.21213323
177449,L2/3 IT,0.23170462,0.20936036
279970,L6 CT,0.35817125,-0.41912445
55817,Endo,0.48926696,0.14045382
270684,Astro,0.019755267,0.4424752
186250,Oligo,-0.27428207,-0.26888728
263436,L4/5 IT,0.097060226,0.18889105
158060,Astro,0.30528972,-0.48171553
204153,Vip,-0.31934354,-0.19201386
18537,L5 IT,0.21937844,-0.009127145
104657,L2/3 IT,0.23479608,0.3031283
267954,Peri,0.16597858,-0.059277836
8840,Astro,-0.044541575,-0.2681709
177484,L4/5 IT,0.4897816,-0.011578386
275344,L4/5 IT,-0.3425063,0.24177617
245012,L4/5 IT,-0.28402635,0.21939725
220196,L2/3 IT,0.4910728,0.17023861
220198,VLMC,0.20459697,0.38353813
18529,L6 CT,-0.3728996,-0.17357141
72764,Lamp5,0.4914042,0.21030957
263425,L4/5 IT,-0.17117509,0.28632188
270692,Oligo,-0.08271725,-0.30369085
18539,L5 ET,-0.35235456,0.08711343
97570,L2/3 IT,-0.10027627,0.39455414
262210,Astro,0.17486635,0.36988026
236021,Astro,0.2155104,-0.26942027
105208,L2/3 IT,0.362568,0.21161205
157760,L6 CT,-0.4169337,-0.079931654
68491,Pvalb,0.049627624,0.22734112
97346,L2/3 IT,-0.0381727,0.32706654
220293,L5 ET,0.053746365,-0.046269838
197,Micro,-0.29627725,-0.17795295
104540,L5 IT,-0.31214264,0.19620657
203931,Peri,-0.34418082,0.005589242
234580,Astro,0.43708053,0.27410293
105121,L5 IT,0.44208893,-0.20375785
28754,Endo,-0.09738336,0.014075275
160603,Oligo,0.036995314,0.03812557
97401,L4/5 IT,-0.41393486,0.22919798
59628,L4/5 IT,-0.47068316,0.34013003
105014,L2/3 IT,-0.019430406,0.2336129
55989,L2/3 IT,0.33389238,0.15862769
104998,Oligo,0.06305661,-0.3260306
97423,Oligo,-0.42247874,-0.009232317
160664,L4/5 IT,-0.21078137,0.23159182
157818,L6 CT,-0.37968388,-0.17951545
28735,L2/3 IT,-0.18804947,0.3106349
242417,VLMC,0.30161342,0.37498003
204056,L5 ET,0.37845305,-0.13077721
266619,L2/3 IT,0.4405745,0.2192347
270713,Oligo,0.13943586,-0.19591966
179729,L2/3 IT,-0.24666575,0.36909026
104905,L2/3 IT,-0.10604829,0.41049582
97442,L2/3 IT,0.4056671,0.08739733
220231,L5 ET,0.236882,-0.032657925
248194,Endo,0.06889864,0.40008032
96788,Oligo,0.17325827,-0.12599212
72861,Astro,-0.41076443,-0.11473877
177123,Astro,0.10806652,-0.048797045
106749,OPC,0.14536723,-0.30651104
104092,L6 CT,-0.0010232097,-0.19369936
71863,L6 IT,-0.37282762,0.0209192
104111,L4/5 IT,-0.46668425,0.28249633
263534,OPC,-0.3813373,-0.2713071
106734,L4/5 IT,0.32727352,0.026913222
106724,Astro,-0.1973742,-0.15806884
203459,Pvalb,0.052080534,0.3624987
179648,L4/5 IT,-0.048386104,0.28019547
160835,Endo,0.21477953,-0.089197375
29065,Micro,-0.28563586,0.20903397
261892,L5 IT,0.39665285,-0.11567897
72948,PVM,-0.08231453,-0.23492488
157236,L4/5 IT,-0.21123731,0.19433331
157253,Endo,0.23570064,-0.037725125
96898,L6 CT,-0.19774094,-0.18639746
267830,Oligo,-0.053443797,-0.2621313
96911,L6 CT,-0.33885166,-0.039692495
13382,Astro,-0.4146814,-0.016651426
280308,L6 CT,-0.2076247,-0.1689511
185395,Sst,0.006490075,-0.00023103214
72941,L5 IT,-0.025927521,0.010614748
220480,L4/5 IT,0.03397747,0.27200907
278365,L5 IT,-0.44900852,0.20100754
54960,Oligo,0.0506474,-0.3553397
206596,Astro,-0.24519107,-0.18672532
28602,L2/3 IT,0.3969098,0.09146481
7863,L6 CT,-0.24565521,-0.20453033
203472,L6 IT,-0.26618814,-0.12518075
96870,L6 CT,0.21680418,-0.17680344
167,L5 IT,-0.50111717,0.1964243
236395,Oligo,-0.33263704,-0.10874442
18931,L2/3 IT,-0.18046501,0.38334936
203379,L5 ET,-0.0955903,0.12113529
203392,L2/3 IT,0.3996912,0.08494984
229111,L2/3 IT,-0.24613988,0.35665178
16336,Astro,-0.281306,-0.21282291
54743,L2/3 IT,0.30464402,0.2704507
18910,Peri,0.17870942,-0.12678328
106973,L2/3 IT,0.13482985,0.23685312
261850,L2/3 IT,-0.3175991,0.35134453
54758,L6 CT,-0.4015545,-0.124048956
104011,L2/3 IT,0.32646516,0.2142011
106958,SMC,-0.21299773,0.47632647
18898,L5 IT,0.43331602,-0.21731466
157159,Endo,-0.008566654,0.3555715
249713,Oligo,-0.12462232,-0.3081137
203411,L5 IT,0.4405202,-0.29371497
56262,L2/3 IT,0.17690751,0.2094323
253169,L6 IT,0.26632723,-0.20958984
238288,L4/5 IT,-0.26410988,0.22949046
266780,L5/6 NP,0.38368627,-0.104362495
54780,L6 CT,-0.116550036,-0.18561059
275269,VLMC,-0.5003725,0.48722327
104030,L5 IT,-0.3498999,0.23310971
106869,L6 CT,-0.36892006,-0.05010179
54792,L5/6 NP,0.31576493,-0.036829684
71842,OPC,0.046479248,-0.3239486
56237,L6 CT,-0.36766484,-0.16059807
157225,Oligo,-0.36000827,-0.3010353
206635,L2/3 IT,0.40726593,0.13288772
157298,L4/5 IT,0.40029994,0.031938728
158097,L6 IT,-0.24909535,0.033327814
59433,Peri,-0.2256665,-0.1993469
59851,Astro,-0.4286429,0.41013056
56094,Micro,-0.34467757,0.1937828
157484,Astro,0.22318259,-0.45534196
157487,Oligo,-0.3522595,-0.26036984
56089,L6 CT,-0.43498316,-0.2256811
204270,L6 IT,0.27762654,-0.11073805
157510,L2/3 IT,0.01257708,0.34994745
218892,Peri,0.30240104,-0.1341522
55242,L6 CT,0.4282379,-0.33449143
55247,L6 CT,0.46026298,-0.28976667
177059,Astro,0.07883414,0.05257946
28927,Astro,0.40959296,0.3049811
206526,L4/5 IT,0.29287353,0.05050051
177071,L5 IT,-0.3379917,0.16788554
59794,PVM,0.425611,0.26085323
104381,Endo,-0.37762138,0.30204743
105964,OPC,0.14049342,0.33949345
277181,Oligo,0.45080414,-0.4838294
177089,L2/3 IT,-0.31347266,0.36007464
220398,Astro,0.46286187,0.2638054
105955,L6 CT,-0.05574084,-0.22032404
179828,L6 CT,0.48873082,-0.32458916
206519,L6 CT,-0.5018011,-0.037279163
18702,Lamp5,0.3647479,0.26409453
236354,Astro,-0.4367827,-0.44527838
55298,Astro,0.2871795,0.07299059
105918,L6 CT,0.4758841,-0.3715685
220395,L5 IT,0.26247993,-0.106580324
97141,Oligo,-0.18627936,-0.07906843
11934,L5 IT,-0.21431303,0.126513
220125,L5 ET,-0.49980122,0.18032509
104302,L2/3 IT,0.15293863,0.22425646
71894,L2/3 IT,0.11878165,0.28099698
218858,Oligo,-0.48931268,-0.11839149
278993,L6 CT,-0.11313487,-0.1064337
157331,L6b,-0.1738866,-0.25992107
179880,Lamp5,0.33745202,0.29142267
176952,L5 ET,0.22976258,-0.059004996
214434,Astro,0.20490703,0.37764144
157362,L6 CT,-0.11022443,-0.24331039
55045,L6 CT,-0.45712152,-0.2870777
106335,Endo,-0.49351123,-0.24688455
204309,L5 IT,0.12754586,-0.016167525
55058,Oligo,0.3066062,-0.028589938
7899,Endo,-0.1441113,0.29465085
160797,L6 CT,-0.44109756,-0.17452842
79530,Astro,-0.08277828,-0.080062695
157396,L6 CT,-0.11850879,-0.1760337
176978,L6 CT,-0.4186672,-0.24427298
206577,Oligo,0.3104624,-0.4603161
261975,L5 IT,0.0925205,-0.10770709
203594,L4/5 IT,0.07446536,0.10791134
267795,PVM,0.49071434,-0.40105066
11704,L5 IT,0.2997357,-0.16811141
263494,Endo,-0.49450096,0.36294812
214821,OPC,-0.33625555,0.3815601
78397,L2/3 IT,0.4390017,0.19998866
106141,Pvalb,-0.20802131,0.040838774
177687,L5/6 NP,0.29369196,-0.17696458
249668,L5 IT,-0.48543337,0.15601915
104273,L4/5 IT,0.3270487,0.12481689
59450,L6 CT,-0.37304273,-0.011440997
55017,L5/6 NP,-0.18607333,0.15513742
270450,PVM,-0.22755897,0.35429364
103428,OPC,-0.20684543,-0.30771378
176048,VLMC,-0.32043067,0.48119867
73613,Endo,-0.2845542,-0.15364459
233516,L4/5 IT,0.3081952,0.15394413
245489,L6b,0.21110281,-0.37573117
52084,L2/3 IT,0.24118325,0.15682709
178242,OPC,-0.3870314,-0.1062618
13305,SMC,0.23788646,0.38142103
112120,Lamp5,-0.48661017,-0.1985195
102430,L2/3 IT,-0.4413111,0.36798996
161516,L2/3 IT,0.13427445,0.26420557
19933,Endo,0.14604303,-0.044473086
266467,L4/5 IT,0.29735407,0.053212877
60894,L6b,-0.25435993,-0.22609526
155165,L5 IT,-0.14981818,0.1731996
27302,L6 CT,0.39936844,-0.4375507
112083,Pvalb,0.42565742,-0.2586364
185502,L5/6 NP,0.018130027,0.07420605
245464,L6 IT,0.39679614,-0.21487603
221322,SMC,-0.17659298,0.32944465
260972,OPC,-0.34650728,-0.1870014
161507,Pvalb,0.477195,0.0300976
111993,L2/3 IT,-0.016448207,0.3976925
175116,L6 CT,0.32006195,-0.31113616
396,L4/5 IT,0.26619563,0.08687227
80255,L6 CT,-0.4214346,-0.13696596
2473,L6 CT,0.17218831,-0.18496856
111950,Pvalb,-0.13587019,0.15411371
95098,Micro,0.20603856,-0.49145436
111909,L6 IT,0.084355615,-0.21944475
187208,L5 IT,-0.22883308,0.14758432
26715,L6 IT,-0.046643205,-0.052125994
158727,Peri,0.29333898,-0.102646984
68663,L2/3 IT,-0.018230118,0.3395825
161552,L6 CT,-0.28800207,-0.164096
201528,L4/5 IT,0.19892475,0.10863077
201529,Oligo,-0.4953955,0.017245885
236625,L6 CT,0.06719401,-0.21074039
178286,L2/3 IT,0.39307645,0.19778478
80268,L2/3 IT,0.061332308,0.24578136
260920,Endo,0.1512905,-0.31531337
112317,Micro,-0.048220254,-0.08414937
219791,L6 CT,-0.045557596,-0.23856425
214966,VLMC,-0.24855033,0.4695189
160394,L2/3 IT,-0.120272435,0.26903075
244646,Oligo,0.20260301,0.1765837
94943,L4/5 IT,-0.05196304,0.1885997
204878,Astro,-0.29468128,0.42435598
180547,L5 IT,-0.109386005,0.11778062
160396,OPC,0.18428358,-0.25560683
206110,Micro,0.33785376,0.34434497
206117,Endo,0.4070821,-0.41166317
112285,L6 CT,-0.23023704,-0.21019354
102386,L4/5 IT,0.21824172,0.10874014
112274,L4/5 IT,-0.20855281,0.20361257
232410,L6 CT,-0.47311172,-0.16474068
30217,L2/3 IT,-0.07614792,0.27492058
252433,L6 CT,-0.12884176,-0.17747012
7251,L6 CT,-0.39928064,-0.20362058
175021,L6 CT,0.21341828,-0.3637886
27308,L5 ET,-0.2054427,0.062159833
112215,L5 IT,0.17585823,0.03958827
221370,L4/5 IT,0.4085491,-0.032632176
111904,Oligo,0.4135873,-0.20693561
57135,L4/5 IT,0.31502,0.089636974
260988,L4/5 IT,0.26905975,0.054036018
102447,L2/3 IT,-0.46831295,0.39262676
204817,OPC,0.032303654,0.44647306
204811,Micro,0.28389302,-0.43250516
214264,OPC,0.23008719,0.2679882
219824,L4/5 IT,0.49408814,0.0782743
175227,L6 CT,0.086019956,-0.26017925
245448,L6 CT,-0.10888577,-0.21360323
111612,Endo,-0.096176006,-0.28531244
111605,L6 CT,0.32656428,-0.20762223
28249,L4/5 IT,0.33166316,0.121179335
201815,L5 IT,-0.49425068,0.15770549
187139,Peri,0.2897465,0.27062887
201824,L5/6 NP,0.134922,-0.13875645
207242,Oligo,-0.077547945,-0.35098103
175215,L4/5 IT,0.4605116,0.013758416
111546,PVM,-0.074469544,-0.2446062
95243,OPC,-0.052474447,0.4226281
52373,L5 ET,-0.02407644,-0.0733077
68031,Oligo,-0.40100592,-0.39852315
111516,Oligo,-0.07128207,0.10449117
78108,L6 IT,-0.32352576,-0.058374945
235439,L2/3 IT,0.011437857,0.397726
267664,L6 IT,-0.1860098,-0.039416764
52399,Micro,0.2003803,0.27893472
161431,Astro,0.26870975,0.2516544
155382,L6 IT,0.01109215,-0.1067983
111459,L6 CT,-0.49345493,-0.0291822
253536,Astro,-0.4556716,-0.37852016
111439,OPC,-0.4189952,0.37619334
111539,L4/5 IT,-0.16955662,0.2724195
52339,Endo,0.041674934,0.0387786
262602,L2/3 IT,0.40361324,0.22957277
219818,L4/5 IT,0.19694808,0.15464044
57073,L4/5 IT,0.4458212,-0.018251304
111841,L2/3 IT,-0.47745964,0.4239139
60852,Oligo,0.19507006,-0.34723222
60846,L2/3 IT,0.303032,0.12648243
111826,L4/5 IT,0.2711492,0.07104152
111808,L2/3 IT,0.12124076,0.23454183
201771,L4/5 IT,0.09607407,0.2064867
161488,L6 CT,-0.086880066,-0.16475299
57072,SMC,-0.32240131,0.12011867
30135,L2/3 IT,-0.12924969,0.3532344
102468,L6 CT,-0.5046967,-0.3026824
155217,Oligo,0.06531402,-0.35620838
95177,PVM,-0.17725474,0.3357765
111757,L2/3 IT,0.29455766,0.22511536
221238,L4/5 IT,-0.123070545,0.29574293
102480,L6 CT,-0.17636546,-0.21473691
12024,Endo,0.17040941,0.079000466
175194,L2/3 IT,0.03209325,0.3653441
175195,Peri,0.32959536,0.018165406
111735,Micro,0.20268217,-0.054706994
215882,L5 IT,-0.44997755,0.14284599
69188,L2/3 IT,0.39488754,0.14921832
204831,OPC,-0.392238,-0.123932816
236602,Oligo,-0.0130065745,-0.37997442
60822,Micro,-0.44617584,0.25637746
253560,L5 IT,-0.18345657,-0.051351283
207257,Sncg,-0.36153886,-0.17174199
27300,L6 IT,-0.06584666,-0.09667439
102506,L6 CT,0.33385488,-0.26456797
111873,L2/3 IT,0.4768627,0.16372532
277264,Pvalb,0.13679168,0.25251663
201524,L6 IT,0.20113042,-0.3243217
249484,L5/6 NP,0.3376483,-0.099949904
51541,Endo,-0.058284856,0.091097765
113074,L2/3 IT,0.036307357,0.24591601
260795,L5 IT,0.2727011,-0.14953387
113052,L6 CT,0.34615698,-0.18505472
271455,Micro,-0.04439605,-0.08602411
113045,L5 IT,-0.18013895,0.06252646
113042,L6 CT,-0.49114397,-0.14710349
221531,Astro,0.16493872,-0.391042
113020,Micro,-0.016496755,0.4049768
158791,L4/5 IT,-0.17836154,0.22674811
250123,Astro,0.09472378,-0.17637911
240271,L5 IT,-0.027021326,-0.087088324
113009,Lamp5,0.35668835,0.1740486
219763,Oligo,-0.027250059,-0.3248884
94725,L6 CT,-0.47233403,0.00081112527
57206,Oligo,0.31958893,-0.44033602
102149,Pvalb,-0.3840376,0.25303096
154888,L5 IT,0.105453335,-0.15252817
219772,Pvalb,0.2664645,0.28249407
219232,Endo,-0.19638592,-0.043090794
206079,Astro,0.026479505,-0.33530337
161608,L4/5 IT,0.14794227,0.16939878
51647,L6 CT,0.49119267,-0.2489421
51650,L2/3 IT,-0.04487697,0.32149255
221513,Endo,-0.055545963,-0.034830306
51684,L4/5 IT,0.32868275,0.090291254
252426,L6 CT,0.2173287,-0.21051201
112884,L4/5 IT,-0.27601925,0.19108516
30374,L6 CT,-0.47332272,-0.052772466
154846,L6 CT,-0.30333397,-0.20390937
187331,L6 CT,-0.29038993,-0.1445804
73704,L6 CT,0.15700278,-0.10670582
51298,L6 CT,-0.5003731,-0.18898982
94551,Peri,0.18077156,-0.37948993
113469,Lamp5,0.13087764,0.21874452
113447,L2/3 IT,0.16914573,0.26658165
113441,L4/5 IT,0.05020549,0.19663161
7068,L5 IT,0.17513582,0.05225372
102044,Vip,-0.053223826,0.33825696
207471,Vip,0.17220905,0.122813754
249468,OPC,0.25022855,-0.49649125
113377,L6 CT,0.21420422,-0.15174052
2499,Oligo,-0.06360013,-0.22574726
154754,L6 IT,-0.30926535,-0.1046691
113318,Astro,0.47129962,0.027716693
154771,PVM,0.3054864,-0.12796488
174610,L6 CT,-0.27126116,-0.16909707
71398,Sst,0.25371704,-0.30633366
51399,L2/3 IT,-0.24825755,0.3441412
235867,Pvalb,0.0030585164,0.23231351
113277,Pvalb,-0.22655141,0.278857
94600,PVM,-0.0811548,-0.29421502
216089,Endo,0.31174138,0.19996607
228742,Endo,-0.024500646,0.15118885
51491,Astro,-0.18429482,0.2782709
239549,L6 IT,-0.10546253,-0.1265916
113134,L5 IT,-0.23293829,0.113959245
13935,L4/5 IT,-0.028540649,0.20807791
154825,L4/5 IT,-0.17475599,0.26098698
160371,VLMC,0.16333684,0.41739637
178352,Oligo,0.2443212,0.012574906
174774,L6 CT,-0.1153594,-0.21209306
275044,Pvalb,-0.087903865,0.21553308
221499,L5 IT,-0.27101225,0.1448034
51707,L4/5 IT,0.44719884,0.08627062
11639,VLMC,-0.49456602,0.47814
154989,Peri,-0.09599499,-0.11788172
112624,L4/5 IT,0.3401216,0.11985963
73654,L6 CT,0.23428282,-0.3287902
201467,L6 CT,0.26265594,-0.3095593
221454,L2/3 IT,0.45795974,0.14205533
78034,L4/5 IT,-0.20187482,0.2332856
174894,Endo,-0.2522894,0.11507093
30299,L4/5 IT,-0.4623259,0.29105574
112598,L2/3 IT,0.22217378,0.29784334
155005,L5 IT,0.2043753,0.00649565
102289,Oligo,0.45565698,-0.43256858
112582,Oligo,-0.43679756,-0.20515808
154967,Oligo,0.47293326,-0.12140343
71441,VLMC,0.37803468,0.3464862
94882,L2/3 IT,-0.20802629,0.294127
80276,Oligo,0.45748731,-0.22670653
73642,L4/5 IT,-0.07738791,0.24844515
112518,L6 CT,-0.04902766,-0.21431664
17442,L4/5 IT,0.016579472,0.25144917
158753,L4/5 IT,0.3164718,0.014155264
260886,L4/5 IT,-0.36323836,0.30278486
174944,Astro,-0.48095793,-0.37287787
112498,Oligo,0.0559903,-0.3916312
51877,L6 CT,0.30757192,-0.3661573
207357,L4/5 IT,-0.051202722,0.15991485
28242,Astro,-0.15279064,-0.3666337
51890,L5 IT,-0.21217537,0.0034673763
71445,L5 IT,-0.083252855,-0.09420166
20115,L6 CT,0.35111842,-0.2077013
94832,L5 IT,0.107408606,-0.09570215
67998,L5 ET,-0.25775877,0.144508
112849,L4/5 IT,0.011112713,0.1436289
98377,L6 CT,-0.037856556,-0.2431036
71429,L4/5 IT,-0.21376812,0.23707771
98375,Micro,0.3717321,-0.22647777
260839,Astro,-0.15728164,-0.21712744
20156,L6 IT,0.39941505,-0.40476665
201381,L4/5 IT,-0.03747735,0.1999135
180615,L6 CT,-0.41665408,-0.1242272
57169,Sst,-0.23264882,-0.020931724
154916,L4/5 IT,-0.4807331,0.2384857
57157,L2/3 IT,0.21556416,0.16738021
94772,Astro,-0.40931636,-0.45511305
275427,L5 IT,0.43886128,-0.08103291
180613,VLMC,0.22361329,0.3901065
98336,L5 IT,-0.16675413,0.05174541
9164,L4/5 IT,-0.10436306,0.20728904
112770,PVM,0.22218242,-0.47657418
250096,L2/3 IT,-0.04432223,0.32525522
221487,Oligo,0.28756186,-0.3603801
212019,L5/6 NP,0.09404119,-0.11396406
112732,L4/5 IT,-0.29385704,0.2366972
112722,Astro,-0.062177457,0.095263295
112706,L2/3 IT,0.27246746,0.22110474
238888,L4/5 IT,-0.10700051,0.27216852
112702,Peri,0.4803833,0.18671244
201437,L5 IT,0.4331281,-0.110088326
242473,Endo,0.45041284,-0.17861113
276919,L6 CT,0.33663008,-0.3984715
174857,L5 IT,0.027304195,-0.024749998
174777,L6 IT,-0.3828509,0.081442885
109299,L5/6 NP,-0.03016723,-0.168468
111424,Pvalb,0.4259592,0.065441065
95307,Pvalb,0.21930674,0.1054815
103148,L6 CT,-0.4114543,-0.17976493
95809,SMC,-0.36072335,0.49218208
270559,L5/6 NP,0.21931568,-0.016129944
7475,Micro,-0.018682338,-0.006767546
53240,Astro,0.22035417,-0.19628325
175789,Endo,0.015591347,-0.023660842
220947,Astro,0.2144421,0.22354347
103204,L6 IT,0.33949044,-0.18551266
109924,L4/5 IT,-0.18752798,0.18361288
204649,L6 CT,0.13710901,-0.2032671
202391,Micro,-0.13211435,0.39595985
202395,L6 CT,0.49239036,-0.42640427
109877,L5 ET,-0.29176074,0.15462339
2394,Astro,0.34274063,0.10370844
161260,Astro,-0.48404783,-0.48478335
271114,L4/5 IT,0.36656025,0.095668845
158490,L2/3 IT,-0.18598613,0.38563818
243247,Endo,0.46124336,-0.13097474
10912,L2/3 IT,0.0070927376,0.34275025
216027,Astro,0.29664227,0.055476543
249924,L5 ET,0.055489205,0.05331933
219163,Endo,0.42412415,0.30717725
29705,L5 ET,-0.20306298,0.13389856
232579,L4/5 IT,-0.50038767,0.32795185
158488,L4/5 IT,0.0994068,0.12446534
19464,L5 ET,0.08895882,-0.030169223
98021,Peri,0.37334755,-0.0061335014
186930,L2/3 IT,0.3113511,0.16342324
73375,Endo,-0.09909711,0.42687583
160485,Pvalb,-0.36484668,0.3125254
110094,L5 IT,0.4823527,-0.076468356
19521,PVM,-0.06887073,-0.23224309
155870,OPC,-0.008204616,-0.24900538
95707,L2/3 IT,0.43972346,0.24153745
60572,Sst,0.17559251,0.10704493
175720,Peri,0.026335381,-0.31923813
110269,L6 CT,-0.431458,-0.27637917
253448,L4/5 IT,0.3718728,0.009321864
155891,L2/3 IT,-0.12519115,0.3219174
266749,L6 IT,-0.15832433,-0.08796964
17505,L5 IT,-0.2005589,0.15880847
161281,Oligo,0.38381794,-0.17617646
110217,Peri,-0.19473732,0.2402091
110209,L5 IT,-0.13220826,-0.056367192
19537,L5 ET,-0.2775262,0.1707688
68610,L6b,-0.18194345,-0.23538777
244540,L2/3 IT,0.2000536,0.18474817
202300,Endo,-0.09543673,-0.1149208
72554,Astro,0.0065964693,0.4083078
103099,L6 IT,-0.45562753,-0.026949529
218652,L6b,0.07413813,-0.32830894
175759,L2/3 IT,0.21606639,0.20770735
155928,L5 IT,0.3253236,-0.16569462
110118,L6 CT,0.087354444,-0.19007567
262516,Oligo,-0.41045508,-0.15208068
202311,L4/5 IT,-0.2464185,0.19983363
2177,L6 CT,-0.45201945,-0.24173132
56724,Endo,0.11189725,0.16060328
339,L2/3 IT,0.052996777,0.34122217
219889,VLMC,-0.37282047,0.48338956
29757,L6 CT,-0.3191139,-0.092806436
60491,L6 CT,-0.3836545,-0.21870235
9074,L6 IT,-0.19369504,-0.19056198
53345,L2/3 IT,0.26636735,0.17349547
261410,Astro,-0.49818575,-0.48172885
236508,Lamp5,0.3607637,0.29594022
177985,L6 CT,0.46460477,-0.26371443
232592,L6 CT,0.34033242,-0.32370752
175991,OPC,0.13788542,0.22455889
261436,L6 CT,0.41378596,-0.4065808
109468,Oligo,0.22924253,-0.3363844
219155,Oligo,0.20991191,-0.39168635
277961,L6 CT,-0.15296647,-0.2409229
175998,Peri,0.28230265,0.17429495
103383,Endo,-0.3101653,-0.13519949
177969,Astro,0.45876262,-0.0843643
109410,L2/3 IT,-0.36594653,0.32328004
270585,Oligo,-0.41296902,-0.4034689
19410,VLMC,0.19915327,-0.47141898
96032,L5 IT,0.06882133,-0.078828074
79181,L6 CT,-0.31621867,-0.01230291
78218,Astro,0.06310382,-0.30958727
79971,Endo,-0.011208541,0.43144083
68588,L5/6 NP,0.072963856,-0.06714038
206939,Endo,-0.46810403,0.17446995
232613,Micro,-0.1599035,-0.17010447
186879,L4/5 IT,0.21628883,0.04895627
103412,L2/3 IT,0.18687096,0.25453794
56549,L6 CT,-0.48380628,-0.13540766
185274,L5 IT,-0.37343302,0.11821931
202589,L5 IT,0.13189074,0.061460074
262436,Pvalb,-0.2286106,0.07707255
18274,L4/5 IT,-0.35991493,0.25995982
96033,Peri,0.19350585,0.060184594
262459,L5 IT,0.3179842,-0.108246066
56610,L6 CT,-0.4306618,-0.28298533
247941,Astro,0.16197017,-0.016300295
95891,Micro,-0.041366287,0.31425357
175883,PVM,-0.25138953,-0.3004405
249902,L5 IT,0.026673578,-0.046551023
156077,OPC,0.320967,-0.24001849
280269,VLMC,0.044068597,0.4529838
68116,L4/5 IT,0.1310974,0.17161489
156090,Astro,0.08550056,-0.043746535
212695,L6 IT,0.44487074,-0.40651476
60455,SMC,0.36949423,0.19898051
71626,L2/3 IT,0.03808131,0.31246984
95927,L5 IT,0.034399472,-0.099997945
109609,L6 CT,0.36427703,-0.23378634
204629,Astro,-0.13704556,0.4125501
53407,L5 IT,0.32341763,-0.15215963
156094,L6 CT,0.33295015,-0.32465518
204615,L5/6 NP,0.3553047,-0.18146032
29664,L4/5 IT,0.0005471939,0.24798065
60450,L6 IT,-0.32168293,-0.05922011
245293,L4/5 IT,0.2234821,0.041699346
186901,L5 IT,-0.18376246,-0.02288926
242548,Oligo,-0.30703846,-0.2508947
60438,L4/5 IT,-0.17250305,0.18008238
263669,Oligo,-0.48227397,-0.37781906
95977,Astro,0.4856654,0.06701707
7569,SMC,0.2487922,0.38425064
228969,L6 CT,-0.48478076,-0.2910958
109517,L2/3 IT,-0.20320487,0.32030082
53459,OPC,-0.3559614,0.29425448
156120,Astro,0.36591896,0.23574626
275162,L6 CT,-0.04498423,-0.19537035
111409,Endo,-0.052542068,0.091806166
53043,VLMC,0.20763877,0.3884465
95701,Oligo,-0.022884257,-0.34034982
175398,L2/3 IT,-0.45044574,0.27731442
155499,L6 CT,-0.46999097,-0.20372894
111118,Vip,0.23241958,0.19961327
52626,L6 CT,-0.08342046,-0.10590378
175414,VLMC,-0.0766337,0.4681496
155538,L5 IT,-0.3166261,0.13278192
56963,L5 IT,0.10497721,-0.115945466
277910,L6 CT,0.37559918,-0.2316927
187086,Astro,0.39185676,0.28158116
186082,Pvalb,0.35778013,0.05586111
13314,L6 IT,0.04369732,-0.22535518
80133,L2/3 IT,-0.25918758,0.31853557
102750,L6 CT,0.33756837,-0.20599085
13824,L6 CT,0.11612018,-0.25202432
52643,L6 CT,-0.2577633,-0.014257823
56951,Sst,0.45222607,-0.11774144
234639,Astro,-0.022132285,0.15972501
248230,L4/5 IT,-0.1294375,0.26325142
279103,L5 ET,-0.36642006,0.12293666
56950,L5 IT,0.4705495,-0.28356445
52674,L2/3 IT,-0.31599852,0.37652272
19672,L5 IT,-0.036345817,0.11426061
102762,Endo,-0.4554067,0.36709458
111003,L4/5 IT,0.40108195,-0.0059848474
221118,L4/5 IT,-0.26338926,0.21137935
228865,L2/3 IT,-0.24899349,0.35759538
52697,L4/5 IT,-0.18421689,0.21288717
28297,L6b,-0.37267575,-0.28755957
111062,Endo,0.48281166,-0.0659676
158689,Oligo,0.42738673,-0.48824507
30017,Endo,-0.07585383,0.13268816
80156,L6 CT,-0.26707953,-0.030147646
52450,Pvalb,0.38518634,0.063403
187130,L2/3 IT,0.44253454,0.14609241
240953,Oligo,0.49190584,-0.16932133
375,L2/3 IT,0.4148033,0.18574119
102619,L4/5 IT,-0.23142895,0.21570969
201910,L2/3 IT,-0.27777377,0.28378958
30030,L5 IT,-0.46933836,0.17670894
111341,Astro,0.35837206,0.31349444
180454,L6b,0.2781143,-0.39334452
52476,L2/3 IT,0.021760546,0.38235086
218585,Endo,0.3895354,-0.19816613
219833,Astro,-0.123439826,0.0023565842
161402,Micro,-0.016327508,-0.2224769
111301,L4/5 IT,0.08934166,0.16659904
250016,OPC,0.039298676,-0.0018388972
187122,L5 ET,-0.011007286,0.0844193
52510,L2/3 IT,0.43094954,0.19658136
271269,L2/3 IT,0.34317824,0.08094954
268024,L2/3 IT,-0.4405633,0.3792963
276988,L4/5 IT,0.30375853,0.024648722
253506,Pvalb,0.109544896,-0.2293852
175366,L6 CT,-0.5020774,-0.12645555
52544,L2/3 IT,-0.34269252,0.3710125
95374,L6 CT,-0.32776323,-0.15693566
111215,Oligo,-0.40552536,-0.31937826
234293,L6 CT,-0.03725431,-0.26342368
160434,Oligo,0.26966628,-0.25366014
212417,L4/5 IT,0.33890286,-0.031276826
95408,L6 IT,0.21643332,-0.14284992
275671,Peri,-0.043379076,-0.10151944
95703,L6 CT,0.4092131,-0.30800647
266667,L6 CT,0.26809695,-0.23311296
161366,Pvalb,0.42164972,-0.11019499
236054,L4/5 IT,0.28826085,0.032783147
110616,L5 ET,0.10766228,0.015094872
204707,Oligo,-0.48662114,-0.017356638
7416,Astro,-0.3115507,-0.31914675
7418,Pvalb,0.22949687,0.12118363
155824,Micro,0.34149864,0.06978928
68092,L4/5 IT,-0.48994443,0.3399297
29798,Pvalb,0.04386892,-0.12513623
56820,Astro,-0.28939316,-0.31431746
110559,L6 CT,-0.23257932,-0.14532027
95642,L6 CT,0.4797791,-0.32400402
60594,Oligo,0.21238026,-0.40911382
95648,L6 CT,0.43573532,-0.23486891
155813,L5 IT,0.26469406,-0.0400444
95653,L5 ET,0.03366115,0.06040084
212112,Oligo,-0.17562747,-0.08002276
26816,L2/3 IT,0.47581664,0.06605726
155857,L2/3 IT,-0.22692573,0.31936008
95667,L2/3 IT,-0.15004218,0.38298726
229891,L5 IT,0.09806808,-0.04599831
19591,L5 IT,-0.5006953,0.067170374
261271,L5 IT,-0.17959708,-0.10093782
95681,Pvalb,0.17581496,0.16917449
9075,L4/5 IT,-0.33809575,0.2272138
110429,L4/5 IT,0.116403006,0.19157535
202226,Oligo,-0.4072175,-0.36981487
53009,L4/5 IT,0.3245115,0.023894724
10820,L5 ET,-0.029221363,0.11121731
110533,Endo,-0.22932243,0.23003376
279094,L2/3 IT,-0.28987208,0.36804605
185228,L5/6 NP,0.39144674,-0.21517211
249510,L5 IT,-0.07965172,0.033994015
95509,L5 ET,-0.3619233,0.1869595
204756,L5 ET,0.09550824,-0.017746601
178091,Vip,0.09673192,0.13652098
59142,PVM,-0.09828652,-0.25217715
155647,L6 CT,-0.4478028,-0.0507547
110847,Astro,-0.49916577,0.2474193
12906,Astro,0.13251463,-0.016963217
218620,L5 ET,0.0143777365,0.033897873
216046,OPC,-0.17448401,0.041959222
102816,PVM,0.12373509,0.38243246
204752,Oligo,0.4206896,0.11968403
59145,L5/6 NP,-0.45466644,0.098317735
218624,Pvalb,0.44015458,-0.09181682
68068,L5/6 NP,-0.47979963,0.16795373
207120,L5 IT,0.15778479,-0.050254527
102892,L6 IT,0.109419726,-0.09358976
187040,L5 IT,-0.28454414,0.10373997
261248,Astro,-0.020193107,0.027960833
110792,L4/5 IT,0.15742543,0.10214793
95569,L6 CT,-0.33675107,-0.2047323
59155,L6 CT,-0.26922444,-0.06538398
214942,Lamp5,-0.068384595,0.39427906
202120,Endo,0.09571441,0.2784592
52836,L5 IT,-0.43163753,0.2418508
102948,L6 IT,-0.4097737,-0.04171357
254158,L6 CT,-0.0265309,-0.104418315
19624,L6 IT,-0.4853721,0.07951694
29832,L4/5 IT,0.4318718,0.009724493
238331,Endo,-0.07729564,-0.17281553
180386,L4/5 IT,-0.101502754,0.197492
91890,L4/5 IT,-0.041780867,0.14358044
191170,L6 CT,-0.49566248,-0.32058975
267500,L5 IT,0.24466303,0.039753433
87480,Endo,0.18286315,0.09994333
257053,L6 CT,0.41390523,-0.2528401
66601,L6 IT,-0.073019035,-0.15678042
40813,Pvalb,-0.2232495,0.0038940264
265136,L2/3 IT,-0.016552903,0.30979407
167999,L6 CT,-0.2766719,-0.18512166
168014,VLMC,0.48399255,0.30491495
134430,Peri,0.46046224,0.2243911
255047,L6b,0.29569152,-0.40904152
134444,Pvalb,0.3901293,-0.13821197
227283,L4/5 IT,0.35991022,0.035648342
40794,VLMC,0.17580274,0.40871042
134487,Astro,0.408406,-0.112281
134491,Micro,-0.18739662,0.28359044
255045,Peri,-0.350435,0.2680859
66589,L2/3 IT,-0.21311072,0.3687886
190055,Oligo,-0.04539869,0.018973824
87489,L2/3 IT,0.21017143,0.2526726
243135,L6 IT,0.0758551,-0.13222569
134186,Oligo,0.45284817,-0.05339912
25415,Oligo,-0.2546325,-0.11125893
231196,L6 CT,-0.43379372,-0.11588866
146816,L6 CT,-0.44526237,-0.19533256
190044,L6 CT,-0.1434739,-0.12600604
146736,L5 IT,-0.05583442,0.1612488
134311,L5 IT,-0.32917568,0.20773202
269299,Oligo,-0.28118744,-0.25992143
146764,Astro,-0.32591066,-0.3802143
40850,Vip,-0.15271196,0.32900172
83185,L5 IT,-0.0398489,-0.045240585
231190,L4/5 IT,0.013786756,0.23532712
257057,L2/3 IT,-0.41305563,0.33888936
66615,L5/6 NP,0.24268815,-0.104270466
134153,L5 ET,0.34911755,-0.063745864
279546,L4/5 IT,-0.082870014,0.20584357
69716,L6 CT,-0.4665833,-0.19419757
256995,Oligo,-0.000270403,-0.32787257
34720,Endo,-0.4740108,-0.428346
3447,Pvalb,0.32506338,-0.40528408
134851,L4/5 IT,0.06712254,0.17259866
10486,Oligo,-0.1430445,-0.32798606
211079,Peri,0.21593425,-0.32114428
256997,Astro,-0.43596438,-0.48178247
265171,L6 CT,0.40304503,-0.31288612
164226,Peri,-0.16530138,0.24427134
146510,L4/5 IT,0.32226184,0.026306149
227274,L5 IT,0.39583132,-0.13100255
4743,L5 IT,-0.26821658,0.083604924
256972,L6b,0.38820472,-0.44795206
15104,L6 CT,-0.4985586,-0.08543313
87280,L6 CT,0.3099157,-0.26976672
34694,Oligo,0.12631896,-0.33160764
40673,L6 IT,-0.3492783,-0.06169862
134752,Lamp5,0.20340821,-0.14287809
184281,L4/5 IT,-0.039556272,0.16875768
134558,L2/3 IT,-0.1718547,0.37750214
64538,L2/3 IT,0.3940415,0.24575263
213530,Oligo,0.382598,0.04471409
23378,L4/5 IT,0.46317968,0.016263302
257024,Astro,0.2116737,0.19325292
167907,L4/5 IT,0.19983074,0.16001779
251972,L6 IT,0.20660481,-0.32999682
87382,L2/3 IT,-0.11250008,0.35463244
83218,L4/5 IT,-0.39714667,0.30084115
75921,Endo,0.1514636,-0.19572267
146637,Pvalb,-0.15017843,0.24736685
134732,L6 CT,-0.37565994,-0.043160293
217278,VLMC,0.119854175,0.43044674
40712,L6 CT,0.46361062,-0.44980648
15106,L4/5 IT,0.021724246,0.13951075
267242,Peri,0.27155545,0.13003594
77201,Oligo,0.13549379,-0.45478702
189932,L2/3 IT,-0.06610469,0.36873955
83031,L4/5 IT,-0.33603165,0.2567873
133511,L4/5 IT,-0.17917421,0.26767212
11876,L2/3 IT,-0.3701025,0.31530493
168249,L5 IT,0.16811493,-0.14719608
189936,L5 IT,-0.20756325,-0.059258733
209483,L4/5 IT,0.38073042,-0.005799298
41253,Endo,0.06185981,-0.29193208
87727,L6 CT,-0.0514384,-0.12681577
241213,L2/3 IT,0.40367106,0.21906215
34558,L2/3 IT,-0.0005837446,0.2898503
3415,Astro,-0.24157727,-0.12788677
194462,Oligo,0.11722364,-0.41788906
217317,Astro,0.31091288,0.10986077
4880,L2/3 IT,0.21814957,0.3289824
41214,VLMC,0.4525325,0.3166672
23230,Endo,-0.0982684,0.2723654
41322,L6 CT,0.36861476,-0.28928387
75775,Astro,-0.12818167,-0.26554662
23195,L6 CT,-0.040874906,-0.12780154
87823,L6 CT,0.1809229,-0.23809952
133349,L6 CT,0.09182336,-0.2398862
278290,Micro,-0.24124151,-0.078648336
209466,Lamp5,-0.4684918,-0.10452814
25453,Pvalb,0.2899488,0.24787128
168301,L5 IT,-0.3695898,0.13219994
133382,L5 ET,-0.14700395,0.15689993
273103,L5 IT,0.16166148,-0.037405375
225002,L2/3 IT,0.14083949,0.28139
254954,L4/5 IT,0.4257641,-0.03517944
273105,L4/5 IT,0.18189105,0.12538958
23220,L4/5 IT,0.47978213,-0.02075294
194548,L4/5 IT,0.26972815,0.094625525
70436,Astro,0.022977136,-0.34478757
146974,Micro,-0.13932914,-0.22467148
87685,Astro,0.121415935,-0.47355682
267249,L2/3 IT,-0.2102986,0.35594392
83095,Peri,0.30239692,-0.138843
189985,L2/3 IT,0.24658278,0.17091376
237868,L2/3 IT,0.48775133,0.054037925
41025,PVM,0.48883858,-0.39892212
83111,L6 CT,-0.28140107,-0.168425
133908,L6 CT,0.24245343,-0.17264795
134019,L6 IT,-0.34756637,0.028654035
15060,L2/3 IT,-0.2711634,0.37546206
64461,L6 IT,-0.4231607,0.016012844
168106,Oligo,-0.11096824,-0.29830948
134076,Astro,0.41018018,-0.17284888
227331,L6 CT,-0.14630666,-0.10577763
237364,L5 ET,-0.3658853,0.1427623
217292,Endo,-0.38060567,-0.059972856
23246,L6 IT,0.46365175,-0.35454404
41069,L2/3 IT,0.39388475,0.048106845
194351,OPC,-0.26047966,0.42430282
237349,L2/3 IT,-0.20034519,0.33262843
41178,VLMC,0.35176548,0.3565294
41173,L4/5 IT,0.43329015,0.041549977
251269,L6 CT,-0.33993196,-0.16888338
217316,Astro,0.010062599,0.07056665
168208,L6 CT,-0.45796373,-0.11976493
9952,L4/5 IT,-0.017960317,0.1674943
64419,L6 CT,-0.44894904,-0.11633099
184327,L4/5 IT,0.116061054,0.12450629
237870,L6 CT,-0.30050448,-0.06886334
194358,L5/6 NP,-0.4348617,0.17126995
133852,L5 IT,-0.058691688,0.07553398
209511,L6 CT,-0.4083983,-0.19699559
257133,L4/5 IT,0.0927641,0.13204604
70455,Sst,-0.29183987,0.019304033
168325,L6 IT,-0.16219717,-0.09613658
40518,L6 CT,-0.21318132,-0.098429
241528,L4/5 IT,-0.090492345,0.18305671
167521,L4/5 IT,0.06229522,0.18264961
255147,L6 CT,-0.47231779,-0.3043642
4596,L6 CT,-0.33746535,-0.22363478
39852,L6b,0.24921212,-0.33045447
241507,L6 CT,-0.3341352,-0.14706922
86806,Endo,-0.024100728,0.09399133
190279,L6 CT,0.29336908,-0.32734793
136341,L2/3 IT,-0.3658919,0.35825318
209881,L6 IT,-0.29139724,-0.09777699
39813,L2/3 IT,0.4376624,0.09013044
136388,Astro,0.22866282,-0.29491156
146102,Peri,0.48099008,-0.18481484
136414,L6 IT,0.37732968,-0.26562676
247286,Peri,0.31621906,-0.37009776
136359,L6 CT,-0.23028797,-0.098179825
193549,Oligo,-0.25661275,-0.25793332
15179,L2/3 IT,0.22098711,0.22966325
136254,L5 ET,0.47130778,-0.11425436
135887,Peri,0.4341474,-0.02627829
64741,Lamp5,0.39901844,0.31789738
135960,L2/3 IT,0.43323871,0.18741
64768,L6 CT,-0.43930316,-0.003920828
255132,Lamp5,0.39735606,0.29151452
167564,L4/5 IT,-0.20039886,0.22677809
136291,Endo,-0.35344386,-0.32607907
190264,L4/5 IT,0.3818995,0.015138919
167556,Astro,-0.35192472,-0.38443035
136083,L2/3 IT,0.3653464,0.11103391
77102,Oligo,-0.051898874,-0.3055744
12402,Peri,-0.23677343,-0.026322756
193626,L5 IT,-0.4010115,0.14685196
64792,L5 IT,-0.13923374,0.010573502
193682,L6 IT,0.0089133615,-0.19442844
135870,L5/6 NP,0.4748225,-0.23772183
213464,L2/3 IT,-0.08122105,0.3628546
17047,Astro,-0.2543197,0.2771666
213065,Astro,-0.027969338,0.3312623
276189,Oligo,0.1454682,-0.36350572
39682,Oligo,0.34710804,-0.048961435
273392,L6 CT,-0.044942684,-0.22121525
265887,L6 CT,0.4315925,-0.3244388
217189,L6 CT,-0.13867521,-0.2614395
86691,L6 CT,-0.04699979,-0.11628995
23669,Oligo,-0.06270269,-0.36415127
86659,L6 CT,-0.15969443,-0.19047034
136718,L5 IT,0.006946706,0.049361404
190374,L6 CT,-0.32073602,-0.08505873
193434,Oligo,0.02352395,-0.33979565
15206,L6 IT,0.2723818,-0.2879507
83461,Astro,0.21568063,-0.45069623
167354,Micro,0.052824818,0.105763905
86772,L4/5 IT,0.10872295,0.2115581
190355,L5 IT,-0.43108875,0.14812362
136570,L5/6 NP,0.19526634,-0.026500467
255156,L6 IT,-0.32726514,-0.056671206
64826,L4/5 IT,0.015030348,0.132904
231068,L6 CT,-0.27291885,-0.15051964
167427,Pvalb,0.3610188,-0.048315678
183200,Pvalb,-0.25615206,0.25281316
217207,L5/6 NP,-0.0318797,0.008736248
136587,L2/3 IT,0.16127154,0.30789346
39769,L4/5 IT,0.0029934878,0.14833343
211010,L2/3 IT,0.27345452,0.21157771
86748,L6 IT,-0.06351022,-0.19672564
39750,Peri,-0.26751402,0.29739535
64885,Oligo,0.30652627,-0.3354681
34977,Endo,0.22866735,0.25208002
25273,L5 IT,0.4647434,-0.21666858
193521,L6 IT,-0.17279667,-0.14183912
190146,OPC,-0.47530684,0.371063
256803,Astro,-0.35712218,-0.13196626
273316,L2/3 IT,-0.37252137,0.37339288
213514,Micro,-0.29102707,-0.18094197
183082,L6 CT,-0.44722158,-0.28006977
146390,Oligo,-0.47419238,-0.32209355
209719,L6 CT,0.18325713,-0.19617343
40344,Oligo,0.4515054,-0.26605922
135414,L5 ET,0.48355433,-0.15755367
256904,L6 CT,0.010062658,-0.14671671
64664,L6 CT,-0.354304,-0.17344114
241525,L6 CT,-0.4000423,-0.03432185
135450,L2/3 IT,-0.25544268,0.28847885
265193,L5 ET,-0.027895667,-0.032027785
40319,L4/5 IT,-0.13170749,0.20205677
40317,L6 CT,-0.3079879,-0.22295827
135473,VLMC,-0.17660257,0.47107053
135428,L5 IT,-0.019707598,0.10387235
87100,L6 CT,0.23139033,-0.32439083
193930,L5 IT,0.45193467,-0.085963644
209711,L6 CT,-0.47213975,-0.27870107
135041,L5 IT,0.19039336,-0.11852706
256959,Oligo,-0.22032529,0.039175745
135113,Oligo,0.48486915,-0.3146159
34771,L5 IT,-0.46093425,0.09666347
4728,L5 IT,-0.17927125,0.11124229
193969,L4/5 IT,0.04352238,0.16396415
247320,L6 CT,-0.4667516,-0.053009007
146414,L6 CT,0.004700207,-0.1349437
87175,Micro,-0.14900622,-0.31611538
69758,L5/6 NP,-0.16908327,0.05867177
25355,L4/5 IT,0.25441644,0.053288396
146407,L5 IT,0.37100783,-0.04382256
146397,L5/6 NP,-0.46639866,0.24790013
15120,Astro,-0.397549,-0.22098255
34785,Peri,-0.03953842,0.20960945
240638,Peri,0.44820204,0.152893
183109,Oligo,-0.31037506,-0.3019061
190198,Oligo,-0.3123708,-0.29922783
146319,PVM,0.1762918,0.33905864
231114,Endo,0.46588013,0.12501347
40146,Peri,-0.053700663,0.21543187
227241,Micro,-0.4854771,0.08961319
135711,VLMC,-0.28311783,0.47456974
256820,Endo,-0.22914284,0.42102373
193797,L4/5 IT,-0.18165359,0.20717949
40127,Pvalb,0.030678473,0.16730666
17061,L4/5 IT,0.47552744,-0.005038445
209791,L2/3 IT,0.037424825,0.28390568
190240,L4/5 IT,0.093095265,0.12681162
10027,L6 CT,-0.4743181,0.00661325
4660,L6 CT,-0.35636666,-0.12361906
167609,Endo,0.05630227,0.31115484
135789,Astro,-0.29609475,0.25268406
40304,L2/3 IT,-0.16129845,0.3538471
256824,Astro,0.12816599,0.3669641
77129,Astro,0.14969936,0.017996605
184243,L6 CT,0.39690194,-0.27486098
256840,L4/5 IT,0.172878,0.11131322
146352,L6 CT,0.1832414,-0.26897788
23500,L5 IT,-0.08391366,0.05505341
135572,Endo,-0.09645227,0.38088632
40207,L5 ET,-0.29598472,0.16814637
10024,Endo,0.2140269,-0.32695276
190209,L2/3 IT,0.09942659,0.32064652
40201,Peri,0.28432772,-0.3206423
25336,L5 IT,-0.010248489,-0.0591116
209778,Oligo,0.19942835,-0.34912556
167678,L2/3 IT,-0.029051282,0.35365748
246718,Peri,0.32572237,-0.40103865
135652,L6b,0.1769323,-0.3678172
184239,Oligo,0.01828488,-0.28236973
86624,Endo,-0.013832576,-0.04209352
15019,L2/3 IT,0.14762768,0.28171748
64335,Oligo,-0.15194729,-0.0022740113
195434,L2/3 IT,0.09971877,0.28027153
212973,OPC,-0.023966886,-0.31224054
195421,L6 CT,0.48910007,-0.34846017
130937,L4/5 IT,0.018871032,0.15533108
189639,Endo,-0.47461447,-0.31178653
195410,Oligo,-0.31607765,-0.343537
130868,L4/5 IT,0.25908735,0.10637545
66842,Oligo,0.007435226,0.07901543
168974,L6 CT,-0.2623977,-0.24714968
131017,L6 IT,0.15687087,-0.13429385
247432,L6 CT,0.20011881,-0.28792846
189652,Endo,-0.31667066,-0.21369162
131030,L6 CT,0.42334512,-0.41386232
131067,L2/3 IT,-0.007995582,0.36337155
243547,VLMC,0.013676667,0.46298546
195345,L6 CT,0.14757547,-0.21160698
42602,L4/5 IT,-0.44350997,0.31536728
182650,Oligo,-0.4568853,-0.4523425
22808,L4/5 IT,-0.23494682,0.2803939
82674,L6b,0.21042249,-0.38588208
272862,L6 IT,0.2510921,-0.27083832
130729,L2/3 IT,0.14844146,0.23333973
88733,Oligo,-0.22962254,-0.27740565
217471,L6b,-0.23588365,-0.2643409
277742,Oligo,-0.23868361,-0.33328256
251133,L2/3 IT,0.35381964,0.119631164
209208,L5/6 NP,0.32827464,-0.1422087
64019,L6 CT,0.39951476,-0.36214483
34051,L5 ET,0.18760017,-0.08491344
66853,L6 CT,-0.14928293,-0.2324444
248365,L4/5 IT,-0.3622603,0.307297
279483,Endo,0.26733306,-0.36541975
3329,L5 ET,0.4898385,-0.13935733
42692,OPC,0.36639926,-0.45932752
168951,L4/5 IT,0.27237853,0.14108741
184422,L2/3 IT,-0.09830017,0.38551635
272930,L5 IT,0.35018465,-0.29738298
88502,Astro,-0.46048716,0.25850874
239397,Endo,-0.4918619,0.19158834
195236,Endo,-0.38203928,-0.20468968
272941,OPC,-0.47164777,0.25891095
168871,L5 IT,0.30622336,-0.15420863
82781,Astro,0.19667497,-0.09449697
131400,Peri,-0.4922224,0.23141515
227527,L4/5 IT,-0.37384555,0.25322592
195208,L2/3 IT,0.14293918,0.30227655
131462,Endo,-0.21112198,0.40964413
248731,L4/5 IT,0.19867918,0.05007225
168854,L6 IT,-0.29784253,-0.0860611
131469,L5 IT,-0.13827088,0.12892038
131446,Astro,-0.20507097,0.45946956
257596,L5 ET,0.3395817,-0.11437685
277740,L5 IT,0.32819065,-0.03577516
274390,L2/3 IT,-0.19509435,0.37931007
42516,L4/5 IT,-0.09244535,0.29701698
42512,Astro,-0.31777623,-0.3781021
42505,L6 IT,0.007179641,-0.08521313
82758,L2/3 IT,0.2651908,0.3182968
34136,L4/5 IT,-0.023167439,0.2147255
131156,Oligo,0.42653462,0.0001352086
131306,L2/3 IT,-0.35236153,0.3712433
215562,L5 ET,0.2589663,-0.085826434
42461,L4/5 IT,-0.16529813,0.28165966
257563,Astro,0.06734159,-0.38247722
209252,L5 IT,0.13979355,-0.034385566
131231,L5 IT,0.04208132,-0.07322369
3339,Micro,-0.36606482,0.16758919
184419,Endo,0.024924956,-0.3847977
224521,L5 ET,0.46465757,-0.1419982
88467,L4/5 IT,0.20467523,0.10581874
148059,Astro,-0.31093928,0.41387123
88775,L4/5 IT,0.21132496,0.13114715
33931,L5 IT,-0.43537867,0.2331056
251086,L6 CT,0.13458058,-0.31449538
14832,Oligo,0.1733571,0.09100222
129976,L5 IT,-0.043415166,-0.038403545
33942,Pvalb,-0.05449096,0.26822126
251088,L2/3 IT,0.11184623,0.3586489
264900,PVM,0.42539868,-0.43843257
77355,Sst,0.47323754,-0.17217693
231371,L6 CT,0.40679005,-0.37795854
42922,L6 CT,0.3028889,-0.27200532
75434,L6b,0.4628773,-0.46861875
130091,L6 CT,-0.46475616,-0.3090063
130127,L2/3 IT,0.42970964,0.1418193
42910,L6 CT,-0.21775746,-0.12009222
195688,L6 IT,0.054503463,-0.20298445
1083,L2/3 IT,-0.048465706,0.3787638
195717,Astro,0.30919316,-0.18506622
43047,L6 IT,-0.09571264,-0.18513134
129676,Endo,0.45764968,0.07014196
129717,L6 CT,0.21255651,-0.19181764
217533,L6 CT,-0.22962311,0.021943625
189534,Oligo,0.011385285,-0.3243724
1067,Peri,-0.33768108,0.43179494
251074,SMC,-0.3885905,0.5011462
213689,L5 IT,-0.37101722,0.07228481
129776,L6 CT,0.035625063,-0.2791505
129860,L4/5 IT,0.34007666,0.0115770055
227622,Oligo,-0.17874756,-0.19911158
43056,L5 ET,-0.15414673,-0.002661054
251078,L4/5 IT,-0.08527494,0.18958372
217524,L6 IT,-0.4682417,0.112394504
11295,L5 ET,0.26242474,-0.13882378
241664,L2/3 IT,-0.10185421,0.35997862
42697,L5 IT,-0.40186763,0.17500651
130155,L4/5 IT,0.21681735,0.031016048
276366,Endo,-0.42452314,-0.05857751
264923,L5 IT,0.14322713,-0.023729924
130387,OPC,-0.10082785,-0.31704998
130388,L5 IT,0.34523466,-0.22206277
82632,L6 CT,-0.36768535,-0.1383476
217493,L6 CT,-0.120923795,-0.19326195
88855,L4/5 IT,0.345189,0.09404456
148166,L6 IT,0.06179347,-0.2510304
88854,OPC,-0.2510511,-0.08152536
278439,L6 CT,-0.4111144,0.017542955
69612,L4/5 IT,0.3033289,0.08855378
224433,L5 ET,0.48390874,-0.17205182
195526,Oligo,-0.22854692,-0.30755076
130629,L4/5 IT,-0.1268489,0.17008829
242833,Astro,-0.2841629,0.3787706
11111,L4/5 IT,-0.09309179,0.3102802
209153,L6 CT,-0.39613295,-0.114187755
242831,L4/5 IT,-0.21002439,0.24873918
130320,L2/3 IT,0.22851601,0.31142354
33955,Astro,-0.11957777,-0.05173335
25639,Oligo,-0.44940788,-0.20112559
63895,L6 CT,0.15373036,-0.28276885
248357,L4/5 IT,-0.021176554,0.19296545
66883,L5 IT,-0.3660154,0.22586042
257748,L4/5 IT,0.18767086,0.08128106
148177,Vip,0.14439216,0.35422277
189562,Endo,0.083663605,0.31167555
163715,L6 CT,-0.32436153,-0.2350403
66882,L4/5 IT,-0.066043444,0.16861981
130282,Endo,0.46646634,-0.053306017
22770,L5 IT,0.36351952,-0.17768574
130292,L5 ET,0.099844955,-0.074072994
189571,Oligo,-0.094000675,-0.38167796
63902,L5 IT,-0.33345225,0.17758888
257243,L6 IT,0.1695995,-0.12610683
266020,L2/3 IT,0.28217945,0.1352874
64129,Pvalb,0.43863156,0.0074919416
273027,Lamp5,-0.36195865,0.15766984
9896,L2/3 IT,-0.11324594,0.32280022
257327,L5/6 NP,0.09388473,0.054232355
132561,L6 CT,-0.19116232,-0.16064635
88099,L5 IT,-0.03098578,-0.0039691376
168510,Peri,0.20694801,0.34005296
189832,L5 IT,-0.44321793,0.2925865
241576,Astro,0.13596186,-0.47381905
64248,L2/3 IT,0.31897113,0.25415146
227439,L2/3 IT,0.33694527,0.23663652
34419,VLMC,0.45963618,0.31231397
4954,L2/3 IT,-0.40410706,0.35857588
41696,Endo,0.4337857,-0.48703924
147327,Endo,0.48348007,0.23839581
224854,Micro,0.26834086,0.11036479
132671,L2/3 IT,0.11355909,0.24243444
278560,L5 IT,-0.19664043,0.09860157
132484,L6 CT,-0.48236635,-0.34847426
182827,Peri,0.14092436,0.079721384
41821,L2/3 IT,0.122629784,0.25026155
132405,L6 CT,0.41964808,-0.40877587
182828,Peri,-0.040719904,0.08780395
132407,L6 CT,-0.47903422,-0.26093304
88133,Astro,-0.26228246,-0.33932775
88113,PVM,-0.062239207,-0.30311
77256,L4/5 IT,-0.03861914,0.18455029
209381,L6 CT,0.14821282,-0.24675748
23084,VLMC,-0.084954895,0.46928114
257332,Astro,0.32470265,-0.0490453
132473,SMC,0.36656013,0.2004469
88117,Oligo,-0.35629848,-0.36518952
233966,L6 CT,-0.47645068,-0.21412721
132450,Oligo,-0.17084113,-0.26538754
168572,Endo,0.2736815,0.1519028
194759,L2/3 IT,0.030156873,0.2980917
163971,L6 CT,-0.022583045,-0.116768666
257272,L2/3 IT,0.40589318,0.17111379
168376,L4/5 IT,-0.3062177,0.22202444
41546,Vip,0.3093759,0.0580098
25476,L6 IT,0.27217606,-0.1181748
133047,L5/6 NP,0.39648655,-0.1843969
23159,L4/5 IT,0.26099625,0.14465797
23150,L6b,0.28507766,-0.40611368
230430,Astro,-0.35481074,0.27313524
209436,L6 IT,-0.41384938,0.017087277
82991,Astro,-0.109768726,-0.31151646
41451,Oligo,0.1808975,-0.45296502
238558,Peri,-0.04230667,0.08945959
168341,L6b,0.20195553,-0.3696469
241567,Astro,-0.48186284,0.44288725
82975,L6 CT,-0.27645138,-0.19820732
88062,L4/5 IT,0.016265534,0.17113125
257278,Astro,0.31820634,-0.35372806
87961,L6 CT,-0.42449334,-0.028521363
163972,Oligo,-0.04633177,-0.22989556
25512,L5/6 NP,0.26608148,-0.14580616
41662,Peri,0.148155,-0.3746554
132708,L4/5 IT,-0.16799232,0.21683419
12181,Oligo,0.0864385,-0.36914265
273058,Endo,-0.031309254,0.075775556
164013,L6 IT,0.35161552,-0.34550774
168435,Astro,-0.15752754,0.29176444
14995,L5 IT,-0.20526645,0.08413904
10517,L5 IT,-0.039439745,0.0091571165
209408,L5 IT,-0.21743771,0.12555856
23141,L2/3 IT,0.013711595,0.31386578
132847,Astro,-0.44656274,-0.39033553
132942,L6 IT,-0.03334967,-0.24855801
82917,L6 CT,0.27041742,-0.27162296
195185,L5/6 NP,0.006327414,-0.07431064
64235,Astro,-0.44137785,0.34478468
132322,L6 IT,-0.14989862,-0.07187215
131716,Oligo,-0.060079433,-0.3601891
147688,L2/3 IT,-0.012325562,0.2905401
242843,Oligo,-0.1701287,-0.28565246
34275,Sst,0.13403568,-0.36564213
88360,Vip,-0.11980567,0.3504182
131776,OPC,0.34994164,-0.17710963
168769,Vip,-0.021074481,0.38522446
212994,Astro,-0.16283625,0.40344137
231319,Peri,-0.48535764,0.30927193
131795,L4/5 IT,-0.35051435,0.3073272
209309,Endo,0.47990242,-0.051107083
195104,Endo,0.27024594,0.33155495
11272,L4/5 IT,0.45736352,-0.006328945
131893,Peri,-0.34630957,-0.22159606
131794,L5 ET,0.30076483,-0.11136771
131898,L4/5 IT,0.21525362,0.094827585
22963,Pvalb,-0.34610793,0.30015826
147707,Endo,0.34762552,0.33225012
147808,Astro,0.31227747,-0.41514933
42268,Lamp5,-0.14031398,0.3516072
238724,Endo,0.45469758,0.16462934
217439,Oligo,-0.18348104,-0.2928707
212987,Astro,-0.48719576,0.43515486
213630,PVM,0.43175653,0.262644
11288,L5 IT,-0.25740007,-0.0006972299
42221,Endo,0.02077403,-0.07299296
131628,Astro,0.45995834,-0.17429069
235501,L5 ET,-0.45490417,0.17073321
257478,Vip,-0.14578527,-0.28563797
88409,L6 CT,0.15815678,-0.26701695
9856,L4/5 IT,0.17207965,0.062541895
14922,L5 ET,-0.14826074,0.03171664
17128,L4/5 IT,-0.21308523,0.22041762
224791,Lamp5,0.28602663,0.32829225
131905,L5 IT,0.3012949,-0.30349225
248725,L6 CT,0.20959535,-0.16050655
254866,L5 ET,0.040717207,-0.028983358
163929,SMC,0.21043852,-0.47448525
42005,L5 IT,0.01863899,-0.14463577
194952,L6 CT,-0.44096458,-0.106435604
241604,Oligo,-0.29434416,-0.30646163
132173,SMC,0.36759952,-0.31284714
189761,Endo,-0.32841218,-0.21229619
147427,L4/5 IT,0.24764141,0.02411073
147426,Oligo,-0.05753068,-0.07607151
217405,L2/3 IT,0.06488951,0.32988453
194928,L6 CT,0.08406218,-0.19658536
257362,L5 IT,0.33703634,-0.23379797
121644,L5 IT,-0.3680616,0.05985957
88193,L4/5 IT,0.26499668,0.10167765
75686,L2/3 IT,0.24524209,0.26846433
131918,Endo,-0.17372426,-0.34664905
163918,L6 CT,-0.463797,-0.18081868
23034,Oligo,-0.027237035,-0.0805955
88302,L6b,0.37016347,-0.42543086
224671,Astro,-0.14591554,-0.36637914
34288,L5/6 NP,-0.426365,0.052686628
230397,L6 IT,0.16978976,-0.2287144
147589,L6 CT,-0.43177712,-0.062193964
131970,Astro,0.48505637,-0.44458356
132061,Peri,0.12323978,-0.34995246
254853,L4/5 IT,-0.40170822,0.30650026
241197,Astro,0.2618476,0.002438183
215554,L5/6 NP,-0.46983343,0.051363286
248721,L6 CT,-0.27277523,-0.20552438
77275,Peri,-0.430639,0.42640185
235659,Oligo,-0.1495822,-0.34670353
147549,Pvalb,0.24536136,0.20238054
184394,L6 CT,-0.38541827,-0.19265717
43127,L2/3 IT,0.4476941,0.05535632
4547,L2/3 IT,-0.041390993,0.29359913
237465,L6b,-0.34583917,-0.21302176
85065,Oligo,-0.29102895,-0.33933562
12284,VLMC,-0.229,0.47785407
24437,Endo,0.16240188,-0.10834614
35789,Micro,-0.46710256,0.26390588
37353,Astro,-0.33595192,-0.30501068
269060,L4/5 IT,0.22730061,0.14552647
37372,OPC,-0.41710088,0.37830466
165970,Endo,-0.39409187,-0.4309113
215462,L5/6 NP,0.3453193,-0.13307309
144228,L5 IT,0.02224221,-0.0005793021
144225,L6 CT,-0.3845598,-0.09300149
240587,L6 CT,-0.018879212,-0.21783105
239783,L6b,0.29411176,-0.4031456
241397,L6 CT,0.10400351,-0.24730787
141185,L5 IT,0.15119246,0.03920215
85023,L2/3 IT,0.23021004,0.28562564
237622,L5 IT,-0.16686508,0.069901876
141076,Lamp5,-0.24387816,-0.21063775
166082,Pvalb,0.02786877,0.17501438
191932,L4/5 IT,0.38783666,-0.016440485
85126,L6 CT,-0.41183183,-0.119951166
268924,L2/3 IT,0.43552908,0.10819381
248540,Sst,0.22028121,-0.030001823
37411,Pvalb,-0.3324211,-0.28436255
255501,PVM,-0.25567126,0.45296955
144282,Oligo,0.13632897,-0.41176856
166041,L5 ET,0.3367057,-0.111927815
226204,L4/5 IT,-0.40995333,0.29239035
216913,L4/5 IT,0.43760803,0.049038585
144278,L5 IT,-0.32720956,0.2262525
83971,L6 CT,-0.49357402,-0.095508434
24417,Oligo,-0.44630805,-0.3057901
255490,L6 CT,0.31064352,-0.21454567
140870,L5 IT,0.10481467,0.07250821
65688,L5 ET,-0.13386092,0.13913119
191824,L6 IT,0.08986994,-0.14453587
190938,PVM,0.21707538,-0.4746463
233788,Micro,-0.03590805,-0.14324623
15487,L6 CT,-0.21483594,-0.14493656
226350,Endo,-0.32706672,0.18017423
230793,Astro,-0.41419643,-0.46100765
141556,L4/5 IT,-0.09361408,0.21390134
66218,Pvalb,0.19509956,0.13133758
76850,L6 IT,0.1809335,-0.31198627
35870,Endo,-0.3326192,0.30790114
141583,Micro,-0.09772874,-0.2256054
165836,Lamp5,0.11699351,0.37321705
144037,SMC,-0.31591868,0.09388744
278309,Endo,0.061029635,0.40972078
144035,Peri,0.23766825,0.16808963
255546,Oligo,0.066342615,-0.37821555
141271,Astro,-0.18064538,0.19639492
248495,SMC,-0.21965751,0.4744913
251662,Oligo,-0.25613195,-0.3182391
210451,OPC,0.32332727,0.32308865
37242,Micro,0.31970802,-0.252941
191809,Oligo,0.4809893,-0.4586655
66227,Micro,-0.06864975,-0.24933887
210788,L2/3 IT,-0.22854087,0.3303001
273800,Peri,0.0586318,0.19473952
255971,Pvalb,-0.2113108,0.20603925
144164,L6 CT,-0.34131953,-0.019461457
165895,L2/3 IT,0.41718248,0.19546086
165889,L2/3 IT,-0.08226166,0.35659385
165057,Astro,0.42900327,0.03205615
230602,Astro,-0.37800393,-0.42965382
267029,SMC,-0.09619189,-0.24640295
141458,L4/5 IT,-0.027301647,0.176961
248521,L2/3 IT,0.034735106,0.2834376
84081,Micro,-0.44396728,0.10496836
210423,Endo,-0.06985957,0.07083183
164968,L2/3 IT,-0.20179191,0.3681634
140214,Lamp5,-0.3520021,0.097001426
239789,Pvalb,0.14397708,-0.08819593
85399,L5 IT,0.04284426,0.08016806
276089,L5 IT,0.28830305,-0.119793184
251572,Astro,-0.33124676,0.21322036
76934,L2/3 IT,-0.15997517,0.36868644
140185,L6 CT,-0.34725773,-0.076055385
190786,L4/5 IT,-0.30656177,0.26462948
37747,L4/5 IT,0.41084614,-0.026835535
241295,L6 CT,0.22321531,-0.29626262
140334,L2/3 IT,0.02372732,0.22425747
183558,L6 CT,-0.0121449,-0.28277653
166237,Endo,-0.4968628,0.099855594
140336,L2/3 IT,-0.056911983,0.32940137
166252,L4/5 IT,0.34223995,0.08715611
140341,Astro,0.19334182,-0.47121176
190774,L6 CT,0.021611355,-0.27292866
216948,Endo,-0.3160207,0.1978721
37967,VLMC,0.0631971,0.44452506
76474,L6 CT,-0.15939745,-0.17734057
25083,Astro,0.13038978,-0.4761212
192297,OPC,0.09317448,-0.28114465
215387,Oligo,-0.49185428,0.12080418
234883,L2/3 IT,0.36058345,0.09820729
65519,L4/5 IT,0.30885765,0.032836672
85479,L2/3 IT,-0.09336115,0.37160826
246961,L2/3 IT,0.23699507,0.1806454
192250,L6 CT,-0.26049986,-0.15685564
85450,Pvalb,0.2216976,0.03307962
140092,OPC,-0.46604884,0.36924815
3650,Peri,-0.323746,-0.041691337
268294,Vip,-0.12131751,0.3997553
268914,L4/5 IT,-0.408023,0.25147855
164976,L5 IT,-0.29167458,0.20311129
166231,Pvalb,-0.27430406,0.34013796
183565,Oligo,-0.10238809,-0.3870375
37600,L6 IT,-0.03356815,-0.15338942
251603,L6 CT,-0.18931875,-0.21880221
85266,Astro,-0.018438585,0.13374889
140608,L6 IT,-0.49321097,-0.0075355815
140626,Sst,0.12850162,0.27185768
243985,L6 IT,0.11898949,-0.25645006
37601,L5 ET,0.3860322,-0.1603266
140641,L6 CT,0.40166155,-0.4131058
226925,L2/3 IT,0.2827027,0.3152408
190836,L4/5 IT,-0.11774073,0.2128073
25058,Micro,0.30620322,-0.015105878
76549,L2/3 IT,0.33388194,0.2610889
226913,VLMC,0.36525908,0.3518191
238578,Vip,0.39686033,0.20654696
166143,L5 IT,0.03377571,-0.046247546
267106,OPC,-0.40817896,-0.07169304
255461,L2/3 IT,-0.0321166,0.26392472
37622,L5 IT,-0.43483478,0.14861953
37722,Astro,-0.4973073,-0.09917272
255449,L6 CT,-0.49109933,-0.3102554
247171,L2/3 IT,0.449537,0.04556888
251582,L6 IT,-0.3204728,-0.05928475
140398,Sst,-0.4432132,0.41153318
237584,Oligo,-0.38281122,-0.42929482
140547,Peri,-0.124279626,-0.24215776
243914,L6 CT,-0.082156815,-0.2097458
279637,L6 CT,0.0583724,-0.20772928
24329,Astro,0.089675985,0.22078645
256098,L6 IT,0.26468256,-0.18956792
140483,PVM,-0.18127409,0.33953464
210394,VLMC,-0.10283346,0.47112018
37624,Lamp5,0.32521453,-0.37921736
140428,L2/3 IT,-0.15322617,0.36957318
139866,Oligo,-0.18371892,0.004900093
242936,L6 IT,-0.4805291,-0.10520805
226402,L2/3 IT,0.0146169895,0.33340138
191366,Micro,-0.49790198,0.17552477
3843,L5 IT,-0.32625452,0.24662203
143636,Pvalb,0.20065406,0.009304042
165457,Oligo,0.2638695,-0.45445168
233340,L6 IT,-0.22117469,-0.008394335
142846,L2/3 IT,-0.085147895,0.28679574
3850,L6 IT,-0.036959656,-0.16427818
142857,L6 CT,0.3636637,-0.3473742
36493,L4/5 IT,0.21017763,0.039097425
165439,L2/3 IT,0.318606,0.227956
36487,Oligo,0.33339474,-0.48807475
36481,L6 CT,0.08412161,-0.2471064
24760,L6 CT,0.4763417,-0.35902
265709,L4/5 IT,0.4484717,0.047567245
12249,L5 IT,0.29228714,-0.0063692676
280101,Astro,0.38933793,0.10690706
165482,Peri,-0.09497226,0.2610547
215422,L6 CT,-0.48452872,-0.26612103
142629,L6 IT,0.4120449,-0.29495913
3729,Astro,-0.17308033,0.4110391
36068,L5 IT,-0.3586826,0.079451315
36571,L2/3 IT,0.43177012,0.12401926
216812,L6 CT,-0.3293824,-0.13566265
36559,L2/3 IT,0.20609245,0.23810732
210635,Oligo,-0.49694502,-0.46915907
24699,L5 ET,-0.059729792,0.051316317
230637,Endo,0.1781415,-0.012930398
210621,PVM,0.2006695,-0.48221385
216808,L2/3 IT,0.25282666,0.22089106
36536,L5/6 NP,0.41491255,-0.1316837
241349,L2/3 IT,0.04230442,0.34671044
183885,VLMC,-0.23227105,0.4675455
142695,L5 IT,0.4685928,-0.20042345
84596,Oligo,0.4038231,-0.17705584
247084,L2/3 IT,-0.41986135,0.34737396
191350,Micro,0.24328902,-0.33058313
15586,L4/5 IT,0.15828976,0.115065806
69951,L4/5 IT,-0.25191936,0.2422545
143216,Endo,0.31058362,-0.2510833
3788,L6 CT,-0.2528134,-0.20977494
143493,Micro,-0.38346702,-0.04117051
143222,Endo,-0.03401456,0.08775555
255634,Astro,0.21558985,-0.35349756
165364,L2/3 IT,0.09917923,0.21665025
143223,Astro,-0.36355984,-0.10395671
143231,L5 IT,-0.18762124,0.16317058
255653,SMC,-0.39539933,0.5007963
143369,Endo,0.48104122,0.08374607
276033,Peri,0.39043334,0.23304915
247122,L2/3 IT,0.016150557,0.3283354
76766,L4/5 IT,0.23620942,0.15209258
191113,L4/5 IT,-0.2354841,0.24706912
84391,Endo,-0.04851169,0.035316285
36374,Peri,0.41177145,0.32175463
142931,Peri,0.11279609,0.16500157
36155,Endo,-0.3247141,-0.11906306
66009,VLMC,0.2743205,0.37998962
143589,L2/3 IT,-0.48357868,0.40911412
215436,L5 IT,-0.15380597,0.15736824
142949,L6 CT,-0.3350826,-0.15472272
143123,L6 IT,-0.3815075,0.029809054
66025,OPC,0.38644758,0.31938416
24786,L5 IT,-0.21474266,0.14274794
255680,L4/5 IT,-0.12522131,0.25528067
143051,L6 IT,0.42762128,-0.36871544
143550,L5 ET,0.06738373,0.036641475
191288,L6 CT,-0.21067998,-0.19330469
84417,Endo,0.41041067,-0.104303725
191143,L5/6 NP,-0.25815293,0.11159628
191002,L5/6 NP,-0.026903518,-0.1682707
165231,L2/3 IT,0.08553078,0.3231743
65941,L6 CT,-0.2757022,0.043866392
36937,PVM,0.15113041,0.36419916
143940,L5 IT,0.42718455,-0.09635896
24944,Vip,-0.3962115,-0.07446975
165153,L6b,-0.37267163,-0.24300358
36886,L6 CT,0.42338237,-0.3796408
66148,Lamp5,0.3669484,0.25640815
226440,L5 IT,-0.2538983,0.12324136
15532,L2/3 IT,0.36666694,0.22580308
142037,L6 CT,0.32719305,-0.34321892
273866,L2/3 IT,-0.362637,0.36431384
1463,Endo,-0.265873,-0.2558993
191605,Endo,-0.3405178,0.0542649
210741,L6 CT,0.114732824,-0.128429
142107,L2/3 IT,-0.40848747,0.3577748
241370,L6 CT,-0.48766947,-0.08168302
69920,L2/3 IT,0.19427064,0.23254067
191019,L6 CT,0.1800507,-0.32186592
210758,Pvalb,-0.04807467,-0.14447933
84859,Astro,-0.1731137,-0.061856035
191708,L2/3 IT,0.39340356,0.1274162
226405,L5 IT,-0.2735177,-0.03860769
141730,L2/3 IT,0.22827706,0.27562106
268270,L6 CT,-0.44138825,-0.0003383801
141741,L4/5 IT,0.41538283,-0.011463289
70017,L2/3 IT,0.3418335,0.15458912
15620,Lamp5,-0.10551471,0.14628214
165777,PVM,0.08023413,-0.10624487
3987,L2/3 IT,0.4620776,0.13319749
84818,L2/3 IT,-0.47441384,0.38043582
36987,L6 IT,0.43888047,-0.41869828
210761,L6 IT,0.14574221,-0.18730131
36977,Astro,-0.2790254,0.3044085
183720,PVM,0.4805555,-0.41272208
36064,L5 IT,-0.4317664,0.2529468
142146,L6 CT,0.12168237,-0.29592508
142181,Pvalb,-0.16904002,0.08156287
165595,L5 IT,0.47238442,-0.22067806
36698,L6 IT,0.36501577,-0.36944568
142428,Endo,0.07480713,0.013616855
191472,L4/5 IT,-0.33597454,0.31630486
165579,L5 IT,0.20321211,-0.113839425
15552,L6 CT,0.026758276,-0.14806122
142367,VLMC,0.23061666,0.3882571
36671,L2/3 IT,0.32806948,0.16115624
273897,L5 ET,-0.1534872,0.11312335
142515,Astro,0.330191,0.04391491
69935,L6 CT,-0.20216629,-0.23587579
237704,Sst,-0.4634706,0.33644485
65938,Astro,-0.14480487,0.32637304
36059,Micro,-0.27694392,-0.1633099
10303,L6 CT,0.12855342,-0.31184208
226506,L5 IT,-0.1841541,0.035813984
16858,L4/5 IT,0.48725334,-0.044026885
36020,L4/5 IT,0.1381531,0.17277616
165668,L5 ET,0.009236836,-0.019665543
210734,Pvalb,-0.065306105,0.21818244
3918,L4/5 IT,-0.33688256,0.2822218
142196,L5 IT,-0.08049271,0.013132806
265764,L6 IT,-0.117447056,-0.12739372
69921,Oligo,-0.47469726,0.061595973
142352,L5 IT,-0.15722701,0.057600077
265680,L6 CT,0.4623553,-0.3049134
267086,L5 ET,0.47028378,-0.1182679
3716,Peri,0.060411356,0.15746385
65898,L4/5 IT,0.23008928,0.113540344
191520,Astro,0.17298058,-0.3829421
36018,VLMC,0.010784232,0.45944917
142329,OPC,-0.33153015,0.3995676
143851,Endo,0.10554799,0.3712833
231038,Endo,0.21059832,-0.22464219
210325,Peri,0.47403803,-0.4119674
230877,L6 CT,-0.14292449,-0.120126136
39102,Astro,0.14766744,0.019283947
39096,L5 ET,-0.2568296,0.16006434
137795,L5 ET,0.18025997,-0.068271406
145466,VLMC,0.05098083,0.4500183
241258,Micro,0.31033608,0.30586028
69805,Astro,-0.10883767,-0.02433959
137780,Endo,0.47969857,0.08133041
278508,L6 CT,0.27938083,-0.343902
227117,Oligo,0.009380066,-0.16064662
76263,Oligo,0.2782515,-0.24042088
3570,L4/5 IT,-0.2520327,0.20335495
39067,L5 IT,0.37877718,-0.17880335
234885,L2/3 IT,0.006681704,0.25401884
65138,Oligo,-0.12910691,-0.38449728
76260,Oligo,-0.49746263,-0.41458133
137863,L4/5 IT,-0.077383675,0.19696712
279772,Astro,-0.12515089,0.4519273
137702,VLMC,-0.1317243,0.47001445
65104,L4/5 IT,-0.11921079,0.16168016
76214,L2/3 IT,0.10873004,0.28781176
86329,Endo,-0.24867225,0.32029343
83588,Vip,0.38022867,-0.43711117
193148,L2/3 IT,-0.3129688,0.37403423
145518,L6 IT,-0.2550536,-0.18391645
193115,L6 IT,-0.049319662,-0.25114438
70238,Oligo,-0.31826714,0.0113847805
15278,L6b,0.13893345,-0.35234374
65114,Astro,-0.3110701,0.3848366
280134,L6 CT,-0.35963985,-0.10159395
145517,L4/5 IT,0.29498413,0.011082585
237478,L6 CT,0.15258744,-0.24974442
17014,L4/5 IT,0.1863583,0.07340395
15276,L6 CT,-0.4487162,-0.21690744
12217,L6 IT,-0.15858331,-0.03963575
193056,L4/5 IT,-0.14420399,0.19577217
86255,OPC,-0.044936366,-0.007299994
184091,L2/3 IT,0.119891725,0.3308372
138190,L5 ET,-0.18623433,0.103395216
138227,OPC,-0.49907959,0.046724733
38863,L4/5 IT,-0.048415996,0.19365871
76302,L5 IT,0.174947,0.042525765
210134,Astro,-0.49935526,0.26814425
35273,Oligo,0.2687122,-0.29922116
138305,OPC,-0.3598738,-0.35075474
213382,L2/3 IT,0.2823476,0.2546423
25169,Vip,0.11564519,0.22038502
237494,Astro,-0.11149875,0.4153887
23943,Lamp5,0.07277372,0.42446953
138328,Endo,0.10553279,-0.14167523
86099,Endo,-0.47912258,-0.48705113
23930,L5 IT,-0.20851636,-0.026703749
184106,L4/5 IT,-0.0012535816,0.18705815
35257,Endo,-0.33826068,0.23446435
210908,L4/5 IT,0.1300076,0.19055277
137900,Oligo,-0.12781784,-0.27912354
145429,L2/3 IT,-0.04656378,0.32909876
145425,L6 CT,0.19251338,-0.32273188
138008,L6 CT,-0.48243615,-0.272058
240167,L6 CT,0.21867934,-0.3086043
193020,L6 CT,-0.064077206,-0.23499456
183359,L6 CT,-0.430167,-0.06794713
86224,Endo,0.16105315,0.3891664
230958,L4/5 IT,0.45564696,0.03393584
145404,VLMC,0.1640316,0.4209937
23885,Oligo,0.20271227,-0.39576304
256483,Micro,0.31823328,0.24705672
190535,L6 CT,-0.49184594,-0.13956317
70218,L4/5 IT,0.36120734,0.049017366
193005,L6 IT,0.43651065,-0.24636006
83672,Micro,-0.43341625,-0.30351618
145553,Pvalb,-0.32968378,-0.12652764
251446,Astro,0.097942494,-0.19294819
4526,Oligo,0.0045852894,-0.26721317
137044,L6 IT,-0.0705458,-0.08909888
213428,Oligo,-0.21443695,-0.04978091
255216,Oligo,0.14119598,-0.4262351
265303,Micro,0.25637028,-0.29532593
83516,L4/5 IT,0.22275683,0.08697479
39516,Oligo,-0.20062777,-0.3107369
137126,OPC,-0.007350332,-0.2542134
265876,L6 IT,0.07806679,-0.27847147
164454,L5/6 NP,-0.47357267,0.23502892
137166,L6 CT,0.06887468,-0.275423
167232,L6 CT,0.32974854,-0.37550017
167231,L5 IT,0.20586929,0.021609958
39462,Astro,0.19928566,0.3440807
137140,Astro,0.300038,0.33720344
217142,L6 IT,-0.02733291,-0.18557554
265884,L6 CT,-0.34391627,-0.1270194
136948,Astro,-0.06486077,0.43023497
4545,L6 IT,-0.18034157,-0.16835254
276188,L4/5 IT,0.43356767,-0.040556792
136842,L4/5 IT,0.4227347,-0.0071381675
256630,Astro,-0.44866726,0.4848131
86590,L6 IT,0.08067032,-0.16246364
267181,L5 IT,-0.44956443,0.22656429
256618,L4/5 IT,0.15072241,0.115999155
145916,Oligo,-0.38938344,-0.27203593
136879,Oligo,-0.43428084,-0.16986784
209958,Oligo,0.3014916,-0.46686068
76138,PVM,0.27509788,0.26474744
136899,Oligo,0.3068451,-0.20671245
145888,L4/5 IT,-0.11159501,0.18207902
35042,L5 IT,-0.32957733,0.29509234
276187,Endo,-0.24113491,0.07723724
244035,L5 IT,-0.2679285,0.015116329
35091,Micro,-0.34662175,-0.33523214
86481,Oligo,-0.2727488,-0.09318627
225653,L2/3 IT,0.4602796,0.18398678
230986,L4/5 IT,0.49021634,-0.09474725
66446,L5 ET,0.39969102,-0.16200843
39363,Oligo,0.16365388,-0.2359609
145639,Sst,-0.43400437,0.2871886
145610,L2/3 IT,0.36431322,0.071541004
83543,L2/3 IT,-0.054861017,0.36911792
256557,L6 IT,0.19786432,-0.18047735
39337,L5 IT,0.03366562,-0.06804443
145608,Peri,-0.40106922,0.1360659
278297,SMC,-0.1754359,0.3419214
17016,L2/3 IT,0.33511427,0.22363842
145575,Astro,-0.14391202,0.2116434
193168,L2/3 IT,-0.2158117,0.3431812
251445,L2/3 IT,0.48035243,0.1919365
137228,L4/5 IT,0.46379992,-0.04706729
274233,L5 IT,0.36520687,-0.17419055
273435,Oligo,0.34296957,-0.2830593
65040,Oligo,-0.030166127,-0.37286767
137255,Astro,0.044938408,-0.015924308
83533,Astro,-0.20287979,0.02494919
210926,Astro,-0.14046529,-0.36554837
76181,L2/3 IT,0.21179435,0.31896442
251909,L5 ET,0.15172055,-0.059252474
190456,Lamp5,0.2480618,0.32960922
167193,L5 ET,-0.024272628,-0.030282948
268302,Endo,0.30214348,-0.1426203
76183,L6 CT,0.14803413,-0.26534674
255259,VLMC,-0.34433392,0.48906022
86446,L5 IT,0.1409094,-0.02662531
145692,L2/3 IT,0.38143632,0.069541626
137335,L6b,0.24542865,-0.38229054
35125,OPC,-0.4582596,0.30155528
230568,L6b,0.35577288,-0.43774247
230947,L2/3 IT,0.049422465,0.32192093
138355,Endo,-0.24894291,0.39804548
227046,SMC,0.3293307,-0.49650458
274165,L4/5 IT,-0.072571374,0.20958114
139442,Endo,0.3103538,-0.111969
166508,L5 ET,-0.06532968,0.013819809
139447,L6 CT,-0.29827964,-0.14374658
256308,OPC,0.055127464,0.2673452
139430,Endo,0.14431015,0.028275426
15671,L4/5 IT,0.079099916,0.282521
256286,SMC,-0.2233741,0.4780661
166488,Peri,-0.2051433,0.30464077
216970,Astro,-0.14723244,-0.29812813
164751,Oligo,-0.42712164,-0.443915
166475,L5 ET,0.47951415,-0.17209384
277477,L5 ET,-0.035415746,0.09962737
139464,Pvalb,0.16389099,-0.32036304
4235,Oligo,0.19788113,-0.35714453
256320,SMC,-0.25605056,0.04732525
139349,Astro,0.44400778,0.17892832
38428,L6 CT,0.31652352,-0.2020607
192588,Endo,-0.29053947,-0.09372545
247192,PVM,-0.45120353,-0.26983458
76395,Astro,0.44836214,0.11581164
216650,L6b,-0.40925452,-0.23517168
38424,Pvalb,-0.21590045,0.013675208
256338,L4/5 IT,-0.21102858,0.26519972
243518,Oligo,-0.4816781,-0.43131188
275991,Oligo,0.08582082,-0.37901902
210259,Oligo,-0.26791838,-0.36278212
233840,L6 IT,-0.19923884,-0.1958909
38369,Astro,-0.35711357,-0.28938755
38354,L6 IT,0.40067038,-0.2203868
4261,L6b,-0.23072612,-0.21835148
144953,Peri,-0.017215528,0.4438792
139200,L6 CT,0.38438526,-0.24045917
183491,Oligo,0.47221705,-0.46332994
4233,Endo,0.42095396,0.03990906
210314,Oligo,-0.30241176,0.18485051
230891,L4/5 IT,-0.3523173,0.28447556
139743,L4/5 IT,-0.02373574,0.19626951
255435,Peri,0.4181464,-0.43344328
237570,L2/3 IT,0.16736558,0.22866696
83817,L6 CT,0.10705944,-0.22481894
216961,L6 IT,0.0541962,-0.23937675
237797,L4/5 IT,0.12049135,0.11718833
16962,Peri,-0.16456974,0.38717735
139812,Endo,-0.35034233,-0.37366474
216671,Astro,-0.36218265,0.39628118
166356,L2/3 IT,0.28792098,0.22885436
243103,Astro,-0.18960053,-0.18406132
37978,Endo,-0.39757544,0.13919872
210319,L5/6 NP,-0.19327193,0.087174706
1403,Astro,-0.2328408,0.09180533
139724,L4/5 IT,0.20834938,0.07253336
144752,L6 CT,-0.40765756,-0.007043843
139533,Sst,0.35382506,-0.15011302
35541,L6 CT,0.10753854,-0.21618515
256271,Endo,0.2134116,0.32442272
76452,Peri,0.20594493,0.12723744
166448,L2/3 IT,0.34465984,0.26746237
213314,Oligo,-0.12272496,-0.37903512
139700,Oligo,-0.43546304,-0.10854656
226018,L6 IT,-0.4290678,0.041459795
15655,Pvalb,-0.49489966,-0.19886464
192424,Oligo,-0.27450064,-0.2950471
139649,Endo,-0.17086023,-0.24482542
190731,Endo,0.39510152,0.06383281
4204,L6 CT,0.4025965,-0.23555094
251864,Astro,0.35903457,-0.39779967
139587,Micro,-0.32302228,0.21658218
145246,Astro,-0.1724841,-0.3546424
139176,Endo,-0.46975997,0.16065049
242913,Astro,-0.46099705,0.3178438
138559,Endo,-0.0637498,0.00269192
10144,Pvalb,-0.2258783,-0.051474843
215353,L4/5 IT,0.07675906,0.15366757
138641,L6 IT,-0.1321094,-0.058843557
70196,L2/3 IT,0.12302264,0.3045174
190646,Astro,-0.16476041,0.2575037
4380,OPC,0.12405344,-0.21196154
138687,Oligo,-0.08779175,-0.38314486
251889,L2/3 IT,-0.4074607,0.33734018
15342,Endo,0.13972637,-0.3750791
210215,Vip,0.47562024,0.22402847
38610,L5 ET,0.23110572,-0.06518466
24037,Oligo,-0.41412774,-0.46541822
166720,L6 CT,0.3545399,-0.26266545
138728,L2/3 IT,0.0737836,0.24184221
85880,VLMC,-0.090786524,0.4692816
138538,L2/3 IT,-0.17412287,0.3937037
138497,L6 CT,-0.50052637,-0.13676444
138357,Oligo,0.461198,-0.43442702
86096,VLMC,-0.25739858,0.4701177
269166,L6 CT,-0.46941936,-0.09549711
266997,Pvalb,0.37803027,0.09797495
210148,Micro,0.06466248,0.40436536
138405,Pvalb,0.28857937,0.09294485
183399,L6 CT,0.088625036,-0.21483538
273551,Pvalb,0.30902502,0.06406795
248437,L2/3 IT,0.43809482,0.14302105
225831,L6b,-0.42916313,-0.2901339
164625,L6 CT,-0.14042974,-0.18665066
237807,Micro,0.06494548,0.2717439
86025,Astro,-0.34221324,0.38409245
4398,SMC,-0.020390667,-0.12834251
38761,L2/3 IT,0.40894422,0.25330812
230553,L6b,-0.3627393,-0.2145803
38602,Oligo,-0.130844,-0.28112674
145088,L6 CT,-0.08913157,-0.20892206
269123,L5 ET,0.17971203,-0.006456201
24083,L6 IT,-0.46501893,0.026909288
38516,Peri,0.25778344,0.26624674
139008,Astro,0.47632143,-0.47612435
235574,PVM,-0.062196918,0.13655066
139057,L2/3 IT,-0.34872058,0.34852415
192665,Sst,0.23911849,-0.053644035
239160,Micro,0.20058128,-0.010643725
38472,L5 IT,0.47730318,-0.3483383
139141,L6 CT,-0.2859532,-0.18124944
139142,L6b,0.10143676,-0.33404052
192614,Oligo,0.076714955,-0.3898202
145004,Oligo,0.29105356,-0.14632249
139169,L2/3 IT,0.30233958,0.11310416
83746,L2/3 IT,-0.23350939,0.37090194
12335,L5 IT,-0.3007874,0.06844907
183437,L2/3 IT,0.31435314,0.13985461
192675,L5 IT,-0.49980715,0.2634002
10159,L6 IT,-0.48174056,0.04338258
38587,L6 CT,0.10315462,-0.19407457
24054,L6 IT,-0.37242964,-0.09404779
145085,Pvalb,-0.12604168,0.09917658
138836,L5 ET,-0.1978367,0.053559538
85834,L2/3 IT,-0.30483422,0.3280062
192671,Pvalb,-0.35995126,0.381195
225895,Micro,0.31086555,-0.23044059
38562,L6 IT,0.119025074,-0.15861422
184065,L6 IT,0.46007398,-0.40014967
38558,Oligo,-0.41001388,-0.3040855
184063,L2/3 IT,-0.4189715,0.38779825
145044,L5 IT,0.19883564,-0.22401169
1569,L2/3 IT,-0.34180686,-0.22772989
85832,L4/5 IT,0.48079762,0.0130044175
9787,L5 IT,-0.022407062,-0.1566551
259375,L2/3 IT,-0.32256344,0.3898458
235723,L2/3 IT,0.08441826,0.33387107
5561,Micro,-0.45358115,0.43441236
26027,Peri,-0.47563648,0.24934846
44619,L6 CT,-0.25628066,-0.063450016
196972,VLMC,0.11488833,0.43216276
250875,L6 CT,-0.3078474,-0.18965197
170339,L4/5 IT,-0.24299946,0.2765305
274551,L4/5 IT,-0.25163072,0.2997656
126546,L6 CT,-0.49340093,-0.22244278
11369,Peri,-0.17814344,0.44940138
171340,Astro,0.054805003,0.35449874
5579,L6 CT,0.26292667,-0.3616427
149505,L2/3 IT,-0.0043203,0.31537116
170347,L6 CT,-0.47127065,-0.06988297
21767,L6 CT,-0.15022731,-0.101015605
126511,L2/3 IT,0.10564866,0.26084036
123341,Astro,0.3822553,-0.4985998
25829,Micro,0.33824965,0.3213182
90167,Micro,-0.33314595,0.39160806
21770,Micro,0.011271977,0.15208644
231581,L6 CT,-0.20647696,-0.24030545
170366,L5/6 NP,0.4660788,-0.21210703
197025,L5 ET,-0.039198376,-0.027801637
90187,L2/3 IT,0.27709213,0.22719872
223737,L4/5 IT,0.32029894,0.07946967
46376,L4/5 IT,0.31824508,0.024076637
32563,Endo,0.16722259,0.35828674
123233,L5 IT,0.30875447,-0.17135659
266132,L2/3 IT,0.4837043,0.19471473
957,L5 ET,0.22911981,-0.110659935
235240,Astro,-0.042785592,0.4439714
17225,L2/3 IT,0.11280229,0.20655638
163412,L4/5 IT,0.1605992,0.1758712
126734,L6 CT,0.4386514,-0.40268964
233233,L5 ET,-0.14747846,0.037696477
250669,SMC,-0.27102548,0.11325806
170271,L2/3 IT,0.38442835,0.14642435
956,L4/5 IT,-0.09690488,0.21747786
123187,Astro,-0.0659127,-0.2167244
197026,L6 CT,-0.1025785,-0.15415093
62684,L4/5 IT,0.16644922,0.11097293
46390,L6 IT,-0.45702928,-0.1955773
44537,Lamp5,0.22187856,-0.2724583
70731,Vip,0.22040668,-0.2665314
150811,Endo,0.3922623,-0.4261512
196948,L6 IT,-0.29421604,-0.16011587
275870,L5 IT,-0.07787765,0.13916701
44556,L4/5 IT,0.30190846,0.06356018
250889,L6 CT,-0.14552236,-0.15177283
44559,Endo,0.37972352,-0.31006563
22231,L6 CT,-0.23681214,-0.15238497
269521,Oligo,-0.26663363,-0.32789427
126729,Sst,-0.2859399,-0.03192431
254272,Astro,0.49113527,-0.36111847
3155,L4/5 IT,-0.09344042,0.22564399
231584,L6 CT,0.29629484,-0.24319485
44792,L6 CT,0.3632845,-0.2999139
90250,L5 IT,-0.4991564,0.08481961
171279,L6 CT,-0.02215565,-0.2908678
234895,L6 CT,0.21684095,-0.20309895
126228,L4/5 IT,0.16979036,0.06820994
170455,Astro,-0.49740207,0.45146102
215149,L5/6 NP,0.13897988,-0.11968977
223682,L6 IT,-0.39678296,-0.012479578
82089,Astro,0.2956811,0.3751586
181834,L5 IT,-0.41433582,0.21998656
163343,L6 CT,-0.026882358,-0.22600922
82088,L6 CT,-0.4114764,-0.09856162
3030,Astro,0.32999292,0.3366655
126141,L4/5 IT,0.3830087,-0.0010689542
254284,Endo,0.4633871,-0.47811913
197123,Vip,-0.45732617,0.35633892
90287,L4/5 IT,0.19709256,0.07956462
272280,L6 IT,-0.12658629,-0.23314068
149700,L6 CT,0.31869176,-0.2162092
150697,Oligo,-0.43582428,-0.3838287
33180,L5 IT,-0.33043233,0.14889807
170490,L6 CT,0.07341566,-0.19374576
81703,Sncg,0.49370137,-0.20794171
208747,L2/3 IT,-0.08449162,0.3148784
149558,L6 CT,-0.32542858,-0.16330391
272276,Lamp5,0.3977926,0.1808309
264663,L6 IT,-0.2544293,0.018513557
279377,OPC,0.4164444,-0.24195448
32591,L4/5 IT,-0.16872096,0.23112667
126356,L5 ET,0.06269499,0.026588913
197947,L4/5 IT,-0.30428985,0.33825165
123370,Micro,0.36127725,-0.028356705
46354,Oligo,0.12611291,-0.46230608
171309,Astro,-0.27696744,0.15641612
123382,L2/3 IT,0.3507041,0.162099
21782,L5 IT,-0.29724696,0.095587425
250852,Astro,-0.4486915,0.38309878
170385,Peri,0.28006175,0.0013238146
223289,Peri,-0.43749705,-0.3700736
82132,L2/3 IT,0.035765134,0.341546
11784,L4/5 IT,0.06824132,0.2057175
126317,SMC,-0.324664,0.12787312
170399,L4/5 IT,0.06898924,0.17983806
44714,Endo,0.26949045,-0.0014408872
32592,L5 IT,0.3288503,-0.011194055
82129,Oligo,-0.46015215,-0.3923017
21786,L4/5 IT,0.3592355,0.019166823
1735,Astro,-0.28698966,-0.34661543
234060,Sst,-0.19297412,0.07958626
126298,L5 IT,0.05803194,-0.015079861
126297,L6 CT,0.25548902,-0.35074347
75117,Pvalb,0.36406246,-0.27819774
82069,Sst,-0.31318882,0.2467851
33339,L2/3 IT,0.4180694,0.17416912
91391,VLMC,0.39096943,0.33624363
272598,L6 IT,0.4606664,-0.4128697
250943,L6 IT,0.31822297,-0.29817104
11099,OPC,0.25905195,-0.18253726
246295,L2/3 IT,-0.095413245,0.3410558
122802,L6 CT,-0.11992831,-0.20977613
44271,L2/3 IT,0.1003901,0.33342522
215092,Peri,-0.29343608,0.3111176
44281,L2/3 IT,-0.32453611,0.35958558
223189,OPC,-0.38986677,-0.35500735
196713,PVM,-0.30839297,0.45031685
243146,OPC,-0.18017769,0.08957731
237151,L6b,0.3845376,-0.43076307
3194,L4/5 IT,-0.3711293,0.20763636
127160,L5 IT,-0.39097074,-0.016936038
196749,L6 IT,-0.39427936,-0.06208298
151073,L4/5 IT,-0.29426742,0.2817546
231544,VLMC,-0.32813385,0.48202282
46597,Oligo,-0.18935743,-0.29535237
250637,Endo,-0.24970105,-0.08658213
151041,Micro,0.28936878,0.28075898
170082,L6 CT,-0.34825435,-0.19180351
241752,Astro,-0.1397056,0.45465875
122872,Micro,0.17073444,-0.32867473
46624,VLMC,0.36314502,0.3516881
127348,Micro,-0.25417423,0.45836133
170011,L6 CT,0.18224528,-0.3403076
69561,Peri,0.4165297,-0.1057832
46647,L6 CT,-0.104056604,-0.1862905
82299,Astro,-0.11243395,-0.05226967
44138,L6 IT,0.2108837,-0.2805463
279825,L5 IT,0.45737913,-0.2380135
89833,L4/5 IT,0.25115868,0.10525601
127471,Micro,0.2126573,0.09880363
171544,Sst,-0.09459708,-0.07607589
264723,L2/3 IT,0.33240327,0.17258584
44173,Astro,0.35754314,-0.22588766
46644,L4/5 IT,-0.07225732,0.217372
246037,Endo,-0.25726333,-0.019530479
89952,VLMC,0.41648838,0.31933063
127438,Oligo,-0.19045451,-0.20182422
44176,Oligo,0.25099513,0.0019445374
227769,L6 CT,0.047916315,-0.111181565
234052,L2/3 IT,-0.12647209,0.3727979
169998,L2/3 IT,-0.1462524,0.3528207
91488,L6 CT,0.23141876,-0.1643587
127404,SMC,-0.2184152,0.477634
127399,OPC,-0.3752351,0.14850199
269620,Oligo,-0.3696402,-0.2301259
33470,Oligo,0.43397257,-0.37707168
259058,Pvalb,-0.25650236,-0.047535423
44212,L5/6 NP,-0.39172778,0.18652803
236977,Pvalb,0.26156083,-0.07414696
278623,L4/5 IT,0.07850524,0.19674796
237150,L4/5 IT,0.39305887,-0.010830675
22319,Endo,-0.3975178,-0.4343844
228104,L2/3 IT,-0.3484767,0.34514242
126941,L5 IT,0.12731531,-0.1759552
215098,Peri,-0.2878119,0.2125535
223814,L6 CT,-0.43132046,-0.16489449
223812,L6 CT,0.3459191,-0.24476516
126893,L4/5 IT,-0.39629072,0.25898355
126887,OPC,0.10501357,0.38669443
44505,Oligo,-0.40182713,-0.23900533
33347,L2/3 IT,0.48569205,0.0970773
170215,L6 IT,-0.505191,-0.15826932
150960,L5 ET,-0.21509862,0.15966171
150946,L6 CT,-0.39970636,-0.27766228
22259,Oligo,-0.21657628,-0.034567747
3001,L6 IT,0.041073583,-0.17522305
3005,L4/5 IT,0.4031358,0.021131273
14525,L4/5 IT,0.10197731,0.17138708
266923,L4/5 IT,-0.034485616,0.15783155
196904,SMC,-0.06649662,0.33600402
126798,Oligo,-0.007202125,-0.35715488
67064,L2/3 IT,0.3674098,0.13703722
126779,Astro,0.3764992,0.2926467
188653,Endo,-0.26430985,0.27832633
258376,L5 IT,-0.42842755,0.1888324
196833,L4/5 IT,0.32714507,0.07835733
123000,Micro,-0.41951773,-0.19271025
44440,L6 CT,0.24518839,-0.17993888
70713,L4/5 IT,0.46337077,-0.018487517
236984,L2/3 IT,0.28756353,0.15879667
9683,L2/3 IT,-0.3226541,0.3759706
44381,L6 CT,0.34353933,-0.38297647
46573,L6 CT,0.3392243,-0.20382649
70932,L4/5 IT,-0.2886054,0.19125718
82227,Oligo,0.15154544,-0.15082881
82224,L4/5 IT,0.1905314,0.1442213
223837,PVM,0.11695411,-0.07321886
182286,Peri,0.29140583,-0.15884241
237955,L5/6 NP,-0.24932203,0.111046605
91445,L6 CT,-0.057748206,-0.27691317
44365,L2/3 IT,-0.1366868,0.33419412
90005,L2/3 IT,0.16678652,0.285101
46565,Endo,0.46995088,-0.33124107
122939,L4/5 IT,0.03276857,0.17860663
223217,Vip,0.120448075,-0.018798266
258324,L4/5 IT,-0.22346741,0.1963368
90818,Endo,0.11183294,-0.036516998
67331,VLMC,0.08742871,0.4383797
22272,Vip,0.08178183,0.20731342
259031,L6 IT,-0.33208838,0.016464528
122979,Sst,0.38046548,0.18942946
126974,Oligo,-0.0049124127,-0.12726694
33360,L6 CT,-0.24400994,-0.115009315
62664,Astro,0.282329,-0.24200547
188736,L5 IT,-0.340041,0.21817166
233612,L2/3 IT,0.1542618,0.2954539
22144,Endo,0.4646496,0.096671335
150117,L6 CT,0.14929125,-0.23658186
77565,Sst,-0.2271747,0.2925262
45788,Micro,0.38833573,-0.26090115
9635,Endo,0.13435361,0.30774534
237025,L4/5 IT,0.3639122,0.029119428
275841,PVM,-0.08682171,-0.23631114
244268,OPC,-0.28371054,-0.3088671
246163,Endo,-0.4492913,-0.101228364
188946,Peri,-0.090049334,0.036786076
213858,L5 IT,-0.17132539,0.15857571
125018,L2/3 IT,-0.16241825,0.32238686
125017,L6 CT,-0.29620555,-0.12780195
150159,Oligo,-0.22931734,-0.06282527
250785,L5/6 NP,-0.29376012,0.12851793
21976,L6 CT,0.35208538,-0.40270975
5886,L6 CT,0.20539698,-0.31471187
150454,Astro,-0.4543105,-0.17213091
124354,Endo,-0.12608117,-0.2991111
81793,L4/5 IT,0.2998598,0.08002251
67237,Oligo,0.29218242,-0.34184957
272384,Oligo,-0.13962585,-0.3427453
124396,L2/3 IT,0.34021905,0.2622732
67236,OPC,0.471917,-0.08754141
1705,Oligo,-0.03608782,-0.25380892
125154,L6 CT,0.17822638,-0.3562305
188949,L6 CT,0.123380505,-0.24433258
90609,Endo,-0.23455343,-0.036494914
254433,OPC,0.110105835,0.33798647
90522,L6 CT,-0.37278667,-0.21388823
81946,Endo,0.28016266,0.28930444
216369,Oligo,-0.43237582,0.48494136
182026,L6 CT,-0.35561016,-0.047850344
45268,L5/6 NP,-0.13225329,-0.048335616
45841,L6 CT,-0.22154313,-0.22719574
223432,L5 IT,-0.24119511,0.05651545
17234,Endo,0.3471407,0.27813065
211484,Endo,0.30376956,-0.14554131
124229,Oligo,-0.5014541,-0.32095343
258659,Astro,-0.2905648,-0.0012873457
15945,L6b,0.08698829,-0.3298964
5758,Astro,-0.096340455,0.33552307
211527,L2/3 IT,-0.03268967,0.36129183
197691,Peri,-0.277734,0.17951876
90585,L2/3 IT,-0.4473502,0.3651712
223560,Astro,0.2812626,-0.18221122
250747,L2/3 IT,-0.37569556,0.34842366
272363,L2/3 IT,-0.3990832,0.37710637
125198,Endo,0.4294161,-0.26783764
124269,L6 IT,-0.1361897,-0.13522771
125181,L4/5 IT,0.015628539,0.13658649
197423,Micro,0.3568457,-0.25270152
197394,L4/5 IT,0.06924983,0.18242228
231639,VLMC,-0.30562672,0.46235257
63003,VLMC,-0.07388253,0.47041345
62914,L2/3 IT,0.08649769,0.35886985
74925,Astro,0.24739358,0.33549315
32834,L6 CT,0.2571797,-0.386744
170956,Astro,0.40471336,-0.4596695
62943,L4/5 IT,0.2993389,0.093957
217926,Endo,-0.4094611,0.2617677
70840,L4/5 IT,-0.036624886,0.22514617
45677,L6 IT,0.38720253,-0.34635907
81813,L2/3 IT,-0.19205374,0.3531623
170972,Oligo,-0.37792334,-0.20604262
21900,L6 IT,-0.14478728,-0.17236608
32818,L5 IT,-0.0013843542,0.12764001
248860,Astro,-0.4960313,0.15163511
268742,L2/3 IT,-0.29259318,0.32191336
235750,L4/5 IT,0.1257759,0.14406365
21920,Endo,-0.43386546,-0.23298928
124664,L6 CT,0.19443873,-0.3011356
90785,L2/3 IT,-0.37642235,0.3604728
254351,Oligo,0.3569099,-0.43208304
124567,L4/5 IT,0.16747835,0.14347893
124623,Endo,0.450268,-0.15992805
69469,L4/5 IT,-0.378226,0.22546905
124585,L6 CT,-0.4022034,-0.19351557
197627,Endo,0.455139,-0.035465483
233632,L6 CT,0.13440052,-0.25344312
14610,L6 CT,0.3967252,-0.31511047
188892,L6 IT,0.35318896,-0.24551737
150223,L6 CT,-0.41022205,-0.14467105
124973,L6 CT,0.1770868,-0.29215604
170882,L5 IT,-0.053157218,-0.06531141
21958,Endo,-0.4536256,0.04779273
197664,Astro,-0.04138214,-0.35393095
90673,L6 CT,-0.21702954,-0.20241669
227988,L4/5 IT,0.4159403,0.009560461
188930,L6 IT,-0.23093334,-0.13267654
246153,L6 CT,-0.024529852,-0.20644394
264566,Sst,-0.46521455,0.10553282
238512,L2/3 IT,-0.058027454,0.35154402
62994,L4/5 IT,-0.1825434,0.25606012
217899,L6 CT,0.4645143,-0.33277142
171026,Oligo,-0.48438004,-0.30673644
237034,L5 IT,0.34722772,-0.19488809
197661,Pvalb,0.25639114,-0.0729425
254379,L5 ET,-0.49531013,0.2098428
250772,Astro,0.08214643,0.11108916
32910,L4/5 IT,0.4458739,0.037250575
124808,Astro,-0.2687952,-0.27537906
188920,Astro,0.3165836,-0.3302678
272405,L4/5 IT,0.014240348,0.2086348
45534,Astro,0.06863823,0.31021726
163127,Oligo,0.061355136,-0.33015615
10647,L6 CT,0.25080916,-0.35970777
184621,Endo,0.3256615,0.30274266
81785,L6 IT,-0.029425032,-0.15549207
149964,L6b,-0.054336794,-0.28530094
22034,L5 IT,0.43342665,-0.1839009
230254,Endo,-0.12548533,0.040665206
227866,Oligo,-0.20003581,0.019046959
215596,L6 CT,0.3531641,-0.29108846
125931,Oligo,0.39803788,-0.107851066
170564,L6 CT,0.35549673,-0.3846408
228031,L6 CT,0.35993233,-0.38532087
63164,Endo,0.3356038,0.25570226
90380,L6 IT,-0.4887219,-0.046463702
75061,L4/5 IT,0.38716045,0.08185124
46019,Pvalb,0.2918264,-0.25711232
197803,L4/5 IT,0.174377,0.119011216
182112,L5 IT,-0.1882819,0.041521844
237003,L6 CT,-0.1826118,0.014766688
171195,Endo,-0.009518749,0.1547358
90381,L4/5 IT,0.041168176,0.19563395
163296,Endo,-0.42693645,0.13681316
188778,L4/5 IT,0.10622605,0.19336933
189062,L4/5 IT,-0.034625,0.23225117
74831,Oligo,0.18286088,-0.3980524
125887,L2/3 IT,0.32679203,0.29445976
181869,L5 IT,-0.40890956,0.09311294
125883,L6b,-0.33634552,-0.23234022
123908,VLMC,-0.32214674,0.4836564
46063,L6 CT,-0.2705876,-0.08174566
258510,L2/3 IT,0.20678249,0.23134029
123823,Astro,-0.15191793,-0.20661911
149795,Micro,-0.31905693,0.0060259653
266197,L5 IT,0.21840289,0.0010958567
46162,Oligo,-0.44598457,-0.08444319
126107,Endo,0.35050514,-0.010440205
171230,L2/3 IT,0.39040926,0.14835519
46125,L2/3 IT,0.42441663,0.16350889
126101,L4/5 IT,-0.2638655,0.26514584
12585,L2/3 IT,-0.029133536,0.3118505
3118,L6 CT,-0.4294446,-0.020694766
77513,Oligo,0.11764487,-0.17012838
197853,L5/6 NP,0.22522572,-0.02496827
264647,L2/3 IT,0.46342692,0.07658141
70904,L5 IT,-0.31111383,0.023860153
217819,L6 CT,-0.15133303,-0.035750452
123747,Astro,0.15266147,-0.25850722
272308,L5 IT,0.0691519,0.054622527
126031,L6 CT,-0.42868268,-0.024128709
215143,L4/5 IT,-0.0850542,0.22293568
67132,VLMC,0.017138325,0.4601683
32686,L6 CT,0.12916955,-0.1453264
264643,Endo,-0.17945212,0.24711221
123797,L5 IT,0.42103752,-0.16012934
150608,Endo,0.24974266,0.2828365
125987,L6 IT,0.18647847,-0.21692339
163324,L2/3 IT,-0.27157912,0.35597384
126033,Micro,0.07936796,-0.17940438
267431,Astro,0.35542724,-0.2439932
125881,L2/3 IT,0.2747595,0.1591224
189048,L4/5 IT,0.14914629,0.06388461
197753,L6 IT,-0.19919491,-0.058249895
77617,L4/5 IT,-0.16327077,0.20523292
63092,L4/5 IT,0.18159416,0.17962253
62850,L6 CT,0.45821348,-0.28288087
223613,Endo,-0.46535346,-0.24445441
33057,L4/5 IT,0.25254193,0.06062823
63086,L2/3 IT,0.15790752,0.30783945
197727,Oligo,-0.25541043,-0.17837933
272353,L5 IT,-0.10602302,0.09435742
197721,L6 CT,-0.38051558,-0.018690232
268753,L5 ET,0.015332126,0.10964506
124034,L6b,0.33817425,-0.42241675
125542,L6 CT,-0.43552312,0.007670994
91012,Astro,0.22361675,-0.2287615
69509,Pvalb,0.206866,-0.22882777
182036,L4/5 IT,0.18713656,0.12181013
216375,L6 CT,0.15945187,-0.3593489
248835,Oligo,0.36856982,-0.2118997
150495,VLMC,0.43957624,0.32044125
45227,L6 CT,0.46358714,-0.25231326
22035,L2/3 IT,0.03450521,0.36214954
149962,L2/3 IT,0.41350284,0.12602729
81780,L4/5 IT,-0.22449124,0.20761311
254436,Astro,0.39938763,0.16275555
227877,L4/5 IT,-0.06416271,0.24513572
89818,L2/3 IT,-0.49148625,0.43036884
45170,Astro,0.1711885,-0.47667968
170696,Pvalb,-0.1437608,0.23120642
25879,L4/5 IT,-0.43568185,0.2935385
91107,L5 ET,0.2657126,-0.035543565
45041,L6 IT,-0.26805648,-0.13729593
268754,L2/3 IT,-0.33753297,0.3646909
125792,Vip,-0.30177176,0.38416356
150525,L6 CT,-0.03961844,-0.2604165
123956,L2/3 IT,0.29339692,0.20094281
45957,L4/5 IT,0.105775796,0.09979432
45955,L6 CT,-0.41020373,0.044146236
125763,L4/5 IT,-0.11326391,0.05929249
91078,Oligo,-0.37589082,-0.43867785
63120,L4/5 IT,-0.43178403,0.30558658
170647,Astro,0.18655744,-0.471867
11892,Astro,-0.42660967,-0.23631191
75038,VLMC,0.17032447,0.41555542
21836,L4/5 IT,0.30162504,0.21336836
45066,L5 IT,0.36400947,-0.19545075
5698,L6 CT,-0.4992588,-0.061003003
12603,Astro,-0.14209196,0.37467718
14646,Astro,0.0968441,-0.36665016
235465,Endo,-0.39003325,0.21368271
125674,L4/5 IT,-0.115273185,0.1992299
149910,L5/6 NP,-0.09442971,0.0032993509
124029,Sst,0.27950415,-0.09217293
45065,L2/3 IT,0.47540578,0.22009909
22380,L2/3 IT,-0.21588036,0.316599
45643,L6 CT,0.47518107,-0.32183284
43611,L5 ET,-0.16890082,-0.027191315
182442,Oligo,-0.4191741,-0.30778462
151258,Oligo,-0.46807316,-0.40889236
198289,L6 CT,0.11347862,-0.32646972
237197,L6 CT,-0.16453925,-0.2446096
188536,SMC,0.28163865,-0.04629833
235487,L6 CT,0.009796345,-0.18708482
241682,L2/3 IT,0.30369195,0.26403505
254205,Astro,-0.009854383,-0.17164394
188550,L5/6 NP,-0.02957771,0.06403994
171699,L2/3 IT,-0.32249573,0.34234858
148535,L4/5 IT,-0.17862791,0.26456285
3237,L6 IT,-0.15238461,-0.18103805
128325,PVM,0.4836258,-0.40429944
129232,L2/3 IT,0.28138325,0.30083913
151189,Oligo,0.23335794,-0.3689462
224041,L6 IT,-0.23716289,0.048942383
121934,L5 ET,0.18449286,-0.05576736
91612,L2/3 IT,0.35362658,0.27026266
266082,L4/5 IT,-0.04657013,0.2009055
91776,Endo,-0.15872872,-0.2415798
74707,L2/3 IT,-0.33425388,0.3308413
198331,Endo,0.3708612,0.00046059035
43337,L4/5 IT,-0.027684785,0.24986756
46845,L4/5 IT,-0.0447293,0.24056041
128462,VLMC,0.023074292,0.45994103
276596,Endo,0.44134334,-0.060444538
169727,Micro,0.41041687,0.032643493
259171,Micro,-0.34887156,-0.2476207
63759,L5 IT,0.2175068,-0.11457477
70641,Pvalb,-0.41637394,0.08256214
22532,Astro,-0.17805135,0.04578608
251005,L6b,0.32384238,-0.41682583
129197,L2/3 IT,0.18294016,0.2907899
77409,L5 IT,-0.06080634,-0.109384276
47021,VLMC,-0.37687024,0.49074966
162804,L5 IT,-0.31167644,-0.0312852
268774,Oligo,-0.47028348,-0.11895076
198457,L6 CT,-0.31584412,-0.1577118
196291,L6 CT,-0.16551462,-0.20836085
184466,L5 ET,-0.30583802,0.16776687
213736,L4/5 IT,0.23819122,0.0861926
89560,Pvalb,0.42418888,-0.19277784
148507,L6 CT,-0.50138694,-0.3081082
233279,L4/5 IT,0.3601589,-0.008450483
82347,L6 IT,-0.44869116,-0.038280133
148501,L6 CT,-0.12398041,-0.11186672
89621,OPC,-0.022346236,-0.22856984
264456,Endo,-0.21082872,0.45324153
198270,Oligo,-0.42380443,-0.28307045
169811,L2/3 IT,-0.045763113,0.36028552
21511,Astro,-0.33979872,-0.28865469
163640,Astro,-0.09963811,-0.29807794
121906,Peri,0.44716462,0.26021826
128025,L2/3 IT,-0.19653156,0.35092133
121902,L4/5 IT,0.10393997,0.2077533
5421,L2/3 IT,-0.06295938,0.2678476
129372,L5 IT,0.21546444,0.0064718677
189343,L2/3 IT,-0.23364952,0.3400963
247619,Micro,0.04164239,0.18400836
240036,L6 IT,0.1414142,-0.23401707
14450,L4/5 IT,0.08146425,0.20015538
67431,L2/3 IT,0.25816098,0.30892104
33601,L4/5 IT,0.049069785,0.111029856
89575,L2/3 IT,0.17816952,0.2748667
46805,Endo,-0.15004036,-0.33095163
195960,Endo,-0.39703223,0.18588853
89324,L2/3 IT,0.055205666,0.34620357
63784,Oligo,-0.29034874,-0.25237626
14497,L2/3 IT,0.12349912,0.3590234
33808,Oligo,-0.44543108,-0.43328786
17191,Peri,-0.059035964,0.19507092
224034,Oligo,-0.050871767,-0.3506384
128170,Sst,0.38605204,-0.21477208
148877,Oligo,-0.26221257,-0.011769121
22488,Astro,0.14276335,-0.33856994
184738,Micro,0.096743725,0.100907974
43883,Pvalb,0.25991115,0.058549043
224015,L2/3 IT,0.41637734,0.22738129
169804,L4/5 IT,0.29002944,0.0046532704
66925,Astro,0.09972855,-0.17481571
171896,L5 IT,0.33004162,-0.3145427
46849,Astro,0.2473521,-0.47701317
264852,L6 CT,0.14241925,-0.26377392
46858,Oligo,0.22362915,-0.37444833
81487,VLMC,-0.3930041,0.4972939
217592,L2/3 IT,-0.017775275,0.30336905
223091,Oligo,0.32864752,-0.450235
6116,L2/3 IT,0.28211376,0.1858319
268105,Micro,0.015264117,-0.16180953
122241,Astro,0.26545128,-0.479693
278268,L2/3 IT,0.24941596,0.24693263
224148,Endo,0.042383693,0.36948538
171759,L6 CT,0.07318046,-0.317661
128853,L6 IT,0.25866577,-0.3200233
82434,L5 IT,0.13316563,-0.106158204
223062,Oligo,0.42645553,0.12224155
6125,PVM,0.27818874,0.044298943
275891,L6 CT,-0.49912897,-0.2847392
198389,Oligo,-0.38945732,-0.39533386
89394,Micro,-0.4177463,-0.053695355
75343,L4/5 IT,0.10648503,0.13974273
46920,L2/3 IT,0.14403245,0.32414365
169655,Astro,-0.29482225,0.34750628
163590,Endo,-0.0268716,0.12858844
198373,L5 IT,-0.3741226,0.18134212
171795,Vip,-0.4889654,-0.33262983
128974,Oligo,0.44650003,-0.021491233
182505,L2/3 IT,0.2015942,0.23825932
148605,Peri,-0.49473742,0.2391293
209061,L5 IT,0.21069846,-0.0604263
275888,L2/3 IT,0.45001367,0.11423891
81486,Endo,0.42211416,-0.23320317
21553,Lamp5,-0.4638063,0.42824703
257983,L5 IT,0.36818984,-0.24534312
258012,L2/3 IT,0.23190042,0.27582675
46947,L2/3 IT,0.43979397,0.13370985
231429,Oligo,-0.4412366,-0.24962178
217581,L6b,0.33298466,-0.422129
43530,Micro,-0.19014078,-0.37279278
74684,L6 CT,-0.47797474,-0.22111118
264443,L6 CT,-0.31964946,-0.069524564
196113,L6 CT,-0.30631068,-0.043675754
122197,OPC,0.38391796,-0.04406238
241891,VLMC,-0.4413632,-0.48062614
69425,L6 CT,0.038273357,-0.22432387
70991,Astro,-0.44675726,-0.33326936
6138,Lamp5,0.07707896,0.42410648
122274,L4/5 IT,0.20014653,0.08939456
246357,Peri,-0.44910786,0.12638152
169706,Endo,0.3508868,-0.085036196
182462,L2/3 IT,-0.2624559,0.36383772
91754,Astro,-0.25076824,-0.28141576
188516,L6 CT,0.12878808,-0.1946257
224072,Endo,0.24758455,-0.1923314
266263,L6b,-0.29439312,-0.22475842
162847,L4/5 IT,0.17780527,0.07248389
128471,L2/3 IT,-0.42153576,0.39371836
32221,L6 CT,0.27607873,-0.29736352
169550,Astro,-0.0037634736,-0.37981597
151428,Endo,-0.2411505,-0.3431596
148537,Astro,-0.48418516,0.18036407
151292,L2/3 IT,-0.48594496,0.39966112
231801,Astro,0.25968948,0.35870445
43691,Endo,-0.036614515,-0.07482938
198419,L4/5 IT,0.24235871,0.054428693
122075,Peri,0.36872748,-0.11583836
43398,Endo,-0.18678391,0.22747612
196054,L6 CT,-0.06401468,-0.086715676
62534,L5 IT,0.22657534,0.010593827
32257,L4/5 IT,0.24574676,0.073791854
33727,L2/3 IT,0.49122337,0.18189853
196153,Astro,-0.15397036,0.049507316
128754,Astro,-0.12767649,0.053109284
148709,Astro,-0.5006814,-0.3337617
198361,L6b,-0.13479659,-0.24994051
151152,L4/5 IT,0.41637036,0.0059876395
3253,L4/5 IT,0.2748424,0.056381997
43650,Micro,0.17676237,0.094177835
252064,Oligo,-0.07301206,-0.18429023
32255,L6 CT,-0.42276582,-0.108717896
12526,Peri,-0.39046526,-0.0022897767
12508,L2/3 IT,0.27817693,0.19314212
264806,Micro,-0.2513313,0.0072858883
196267,L6 CT,0.48290506,-0.24662557
254625,Micro,0.13913563,-0.040025834
209027,Astro,-0.38382092,-0.35932067
181749,SMC,0.24119279,0.36614537
128224,L4/5 IT,0.23640582,0.064886086
254654,Oligo,0.12619933,0.13131952
127746,Astro,0.09650167,-0.09449715
182411,L4/5 IT,-0.48621005,0.26094067
44054,L4/5 IT,0.005652749,0.13498062
274482,Endo,-0.41960993,0.45913517
224258,L6 IT,-0.026513197,-0.26063222
198213,L2/3 IT,-0.067636855,0.38501775
246424,Oligo,0.15811089,-0.48290908
171603,L4/5 IT,0.15926352,0.23674375
70611,Oligo,0.48292276,0.23099285
44067,L2/3 IT,0.48969516,0.13216782
148419,L6 CT,0.41426066,-0.39133796
46696,L5 IT,0.02586355,-0.064727105
163501,Endo,0.13886383,0.24463207
254670,Astro,-0.35737845,0.3956563
89779,L5 IT,-0.13519457,-0.08761311
91863,L6 CT,-0.24930859,-0.17479879
246422,L4/5 IT,0.46999612,-0.015879992
121747,L4/5 IT,0.469049,-0.075101055
14740,Endo,0.34350815,-0.12836951
224250,Oligo,0.1459792,-0.45484453
127828,Pvalb,-0.42184854,0.260499
223143,L6 CT,-0.3320885,-0.035772625
211654,L4/5 IT,-0.0073894626,0.17104805
129406,L6 CT,0.29852334,-0.24767992
242728,Micro,0.076992474,-0.20295164
127805,L6 IT,0.2884659,-0.17135811
181776,Peri,-0.4634299,-0.3319112
81432,Peri,0.1584532,-0.30353224
196522,Oligo,-0.49221388,0.12349861
46716,L4/5 IT,0.046045206,0.118337445
44029,L6 IT,-0.25779578,-0.082678266
211657,L2/3 IT,0.039697133,0.37987655
43233,Endo,-0.35527942,0.10016971
22429,Oligo,-0.1695506,-0.30676454
91536,L6 IT,0.33774194,-0.25675023
44026,L6 IT,0.4395434,-0.24747598
237242,L2/3 IT,-0.03190977,0.3870579
43199,L6 CT,0.4548501,-0.36808258
129548,L6 CT,0.25500384,-0.39092654
257858,L6 CT,-0.06031347,-0.062373135
162751,L5 IT,-0.4783998,0.26408923
82300,Astro,0.079847895,-0.25252855
121650,Oligo,0.031956397,-0.3750323
162910,L6 IT,-0.48142532,-0.035172824
127585,L4/5 IT,-0.3977055,0.23971409
32137,L6b,0.29445526,-0.42185292
246427,L4/5 IT,-0.13184467,0.18590802
32396,L5 IT,0.05683168,0.10923719
5239,Astro,-0.44436783,0.12752897
223896,L5 IT,-0.24167415,0.06948685
196583,L6 CT,-0.40243915,-0.17461321
129655,L6 IT,-0.26055887,-0.12052501
169380,Oligo,0.1853343,-0.41348633
22702,Astro,0.052213334,0.40315914
266935,L5 IT,0.32348177,-0.08830971
279814,Peri,-0.45911345,-0.4337207
264462,L6 IT,-0.1728076,-0.05669037
89796,L6 CT,-0.20532921,-0.15643641
121699,L6 IT,-0.38022143,0.0057873083
268789,Oligo,0.44125924,-0.48905614
22403,Astro,-0.21321541,0.44143838
149017,L4/5 IT,0.16324094,0.19712114
208306,L2/3 IT,-0.010403818,0.27741057
44093,L6 CT,-0.287525,-0.19189253
196552,Lamp5,0.38028345,-0.05121899
148386,L4/5 IT,0.18365571,0.14898396
246028,L2/3 IT,0.43336734,0.14251775
129572,L6 CT,-0.46014136,-0.0020966874
122671,L6 CT,-0.41313946,-0.045942668
264463,Oligo,-0.44987705,-0.10584641
217541,Sst,-0.25025776,0.057225462
169427,L4/5 IT,0.056839548,0.122534625
14732,L4/5 IT,-0.06960393,0.24709797
44112,Micro,-0.4732004,-0.057032738
43162,L2/3 IT,0.01250782,0.2995422
122666,Oligo,0.21241489,-0.42574748
198514,Peri,-0.44594005,0.11028313
63489,Oligo,-0.23822507,-0.36327237
169829,L6 IT,0.12590238,-0.13387465
127859,VLMC,0.24561676,0.38791692
6155,Astro,0.31850728,-0.49277148
246312,Sst,0.0709764,0.2758897
272631,PVM,-0.03045798,-0.13012344
43943,L6 CT,0.34860078,-0.26057562
12545,Oligo,-0.48050562,-0.404475
171635,L4/5 IT,0.4807528,0.0583865
231789,Oligo,-0.078567244,-0.21326739
231830,L6 CT,-0.059714444,-0.20220935
246313,L4/5 IT,0.27957496,0.16878891
213720,L6 CT,0.15646502,-0.19305879
12699,Astro,-0.42235616,-0.47371733
250615,Sst,-0.022796579,0.22900468
272211,Endo,0.20723173,0.21001476
235338,L5 ET,-0.08247412,0.0011967971
264764,Endo,0.26793322,0.32617414
208385,L6 CT,0.23577192,-0.32244962
223965,Oligo,0.3980135,-0.017897937
223969,L6 CT,0.013099396,-0.20691705
269624,OPC,-0.37605172,-0.31927395
171628,Vip,-0.09109572,0.16220433
14446,Endo,0.04346498,0.44357914
196472,L5 IT,0.18140152,-0.15614402
211369,L5 IT,-0.07619665,0.033062752
235040,L6 IT,-0.18794301,-0.021366779
163646,L5 ET,0.21696308,-0.07886038
236947,PVM,0.28746805,-0.48329723
198237,L2/3 IT,0.34149632,0.19505203
70654,Oligo,-0.48255873,-0.08838732
223996,L6 IT,0.27146986,-0.31591696
272146,VLMC,0.15613666,0.42363495
91566,L5 ET,0.49323758,-0.12543684
122594,Pvalb,-0.09351123,0.146025
