,cell_class,coord_X,coord_Y
212549,Vip,0.12360287,0.16393632
257982,Pvalb,-0.054939866,0.2061665
59693,L5 ET,0.21297306,-0.2779925
204562,L2/3 IT,-0.09486318,0.30070668
268446,L4/5 IT,-0.43000805,0.17001009
59682,Pvalb,-0.12997854,0.06363034
43818,Endo,0.39913476,0.009166956
56550,Micro,-0.29786026,0.047283947
79162,Micro,0.2825716,-0.26949102
270051,L5 IT,-0.14070645,0.17143965
138020,Lamp5,0.07976842,-0.22414038
68607,L6b,0.18197536,-0.39735785
218914,L4/5 IT,0.013219595,0.17162555
193007,Pvalb,-0.44084954,0.089140296
5290,Oligo,-0.00257802,0.19358265
79140,PVM,0.23064828,0.24170876
196078,OPC,0.2587725,0.20859367
56441,L4/5 IT,0.2885638,-0.056922466
129137,L6 IT,0.08433443,-0.19457227
196086,L5 ET,0.27060837,-0.19435668
43746,L2/3 IT,0.3555146,-0.13164851
138165,L4/5 IT,-0.14036027,0.29562342
103460,Lamp5,0.100387335,-0.36291498
224176,Astro,-0.36348647,0.052766442
278845,L2/3 IT,0.08523637,0.17079991
103619,Endo,0.028454602,-0.1562315
277769,L6 IT,-0.352207,-0.0073768795
43800,L4/5 IT,0.32707357,-0.17782575
212544,L4/5 IT,-0.28390002,0.30957812
129105,L5 IT,0.29264528,-0.1529454
243603,L2/3 IT,-0.28565097,0.34773922
218954,L6 CT,-0.05144334,-0.080659926
78596,Oligo,0.3364169,-0.11992478
43376,VLMC,0.4135909,0.076351345
270574,Endo,-0.085586965,0.42273325
196036,Oligo,0.15789026,-0.4095794
68902,L4/5 IT,-0.22489339,0.30109227
78692,Peri,-0.16078702,-0.061001927
78716,L5 IT,0.20061678,-0.09160289
268501,Astro,-0.22665992,0.25779313
224207,Pvalb,-0.011600375,0.10380536
8218,Endo,0.004497409,-0.13410088
39017,Endo,0.019941807,0.19094223
266742,L6 CT,0.2513352,-0.20225275
272660,Astro,0.30502754,-0.2086752
103357,L4/5 IT,0.24243885,-0.12989095
268448,L2/3 IT,0.3755287,-0.007024616
204584,L5 IT,-0.16811356,0.13969547
257949,L6 CT,0.21706653,-0.34909815
272726,L4/5 IT,0.060711443,0.11137307
15292,L5 ET,0.20654672,-0.13559833
103401,OPC,0.18847495,-0.22594818
270586,OPC,0.11937094,0.30069506
206486,SMC,0.21364027,-0.32228008
196325,L4/5 IT,-0.19358388,0.25807434
196224,VLMC,0.4673915,-0.04924786
243604,L2/3 IT,-0.36539084,0.2722023
13357,L6 CT,0.043315828,-0.11147344
78916,Sst,-0.10044789,-0.0116429925
266699,L6 CT,-0.06667709,-0.020240307
72874,Micro,0.30326062,-0.2327314
204503,Pvalb,0.06790674,-0.012192845
72881,Vip,0.31658483,0.028692782
138154,VLMC,0.45844322,-0.023524016
79086,SMC,0.0021020174,-0.35091385
103532,L2/3 IT,0.42730153,-0.18143076
204499,Endo,-0.24520636,-0.1469942
258047,Endo,-0.23913375,0.19649959
129253,Oligo,-0.038568377,-0.2604251
243609,L2/3 IT,-0.45617893,0.06087154
68758,L4/5 IT,-0.13228568,0.32053286
267969,L6b,-0.1722027,-0.15783298
103549,Endo,-0.011185974,-0.09087786
97173,L5/6 NP,-0.29716963,0.20242923
272692,L5 IT,-0.008097261,0.054661155
5359,Micro,0.14621878,0.11025256
196222,L5 IT,0.041520596,0.06575966
258064,VLMC,0.09090483,0.36362666
234454,Astro,0.22690773,0.18458772
219971,L4/5 IT,-0.2964247,0.2228542
5352,L6 CT,0.18574983,-0.33069184
219508,Endo,-0.20226073,0.41953695
218926,L5/6 NP,0.26104295,-0.24356875
243210,OPC,0.019858122,0.35456854
128600,L5 ET,-0.36679417,-0.0104390085
78980,L2/3 IT,-0.071442366,0.3603229
212462,L2/3 IT,0.14986712,0.24456596
224105,L2/3 IT,-0.08875027,0.3432138
58288,Astro,0.043962,0.11672121
196198,Micro,0.13623255,-0.11607987
224087,Oligo,-0.22826242,-0.068582326
272723,L6 CT,0.11164141,-0.28814507
224082,Astro,-0.09722045,0.30350095
13133,L6 CT,0.09904307,-0.23189148
59714,Vip,0.024969518,0.21359164
128885,L5 IT,0.30994552,-0.2076408
138085,L6 CT,0.005182147,-0.16019005
258010,PVM,0.39932168,-0.018143296
212492,Peri,-0.21304908,-0.022678107
103487,L6 CT,0.00016587973,-0.10692772
204527,Astro,0.176593,0.28763497
138161,Endo,0.057647943,-0.34340417
128933,L6 CT,0.1303286,-0.23496139
262410,L4/5 IT,-0.2728112,0.24034953
11955,Endo,0.020151258,0.30774325
128940,L6 CT,-0.2518341,-0.095703065
128951,Micro,-0.12133899,0.2204355
59709,L5 IT,0.19110507,-0.046794683
68813,L5 ET,-0.1984818,0.12343401
205644,L6 CT,0.21309489,-0.3172899
219943,L4/5 IT,-0.24775752,0.21568888
196293,L5 ET,0.0005453229,0.07901245
103528,L2/3 IT,-0.23422188,0.41595596
97188,Peri,0.25203353,-0.23003319
218925,L2/3 IT,0.019503772,0.28752953
204485,L4/5 IT,0.38508946,-0.2536608
68771,L5 IT,-0.030388683,0.08096254
103518,L6 CT,-0.15246767,0.0007044077
56511,L6 CT,0.15688246,-0.3806436
128797,L4/5 IT,0.37134188,-0.11771771
43577,L2/3 IT,0.032207847,0.22898173
272675,L4/5 IT,-0.36794055,0.11971557
78830,L4/5 IT,-0.1966205,0.22975826
138105,Endo,-0.21216697,-0.09915197
258022,Micro,-0.24549112,-0.14245573
56443,SMC,0.04027891,-0.40522608
128858,L2/3 IT,0.19450039,0.10370141
258098,L4/5 IT,-0.29033524,0.28086895
272664,L5 ET,0.027202547,0.065368414
193570,L6 IT,0.11580145,-0.20600343
129291,Endo,0.0068334937,0.26014626
130108,L5/6 NP,-0.13209331,0.046821892
77845,Endo,0.15697241,0.20094603
268393,Endo,0.035117805,0.2858631
77836,Endo,-0.43797797,0.06453055
103020,L6 IT,-0.21706954,-0.14299586
256520,L2/3 IT,-0.34718633,0.24303079
130146,Astro,-0.18952915,0.4811008
137733,Oligo,0.011748612,0.21137255
267733,L6 CT,-0.09773296,-0.03484884
130147,L4/5 IT,-0.25107172,0.30809796
59579,L2/3 IT,0.17002362,0.08032215
130170,Sncg,0.15263301,0.2599656
195655,L5 ET,-0.1254609,0.04523182
219876,Astro,0.16182035,-0.3856463
257752,L5 IT,-0.47641,0.048927844
77803,Micro,-0.06382117,-0.12741962
11067,Pvalb,-0.27431136,0.25071692
97503,L2/3 IT,0.42374605,-0.2201747
219004,L4/5 IT,-0.21793863,0.27551007
130105,Endo,0.10640484,0.2823761
225720,L4/5 IT,-0.25277,0.22178626
137764,Astro,-0.1260936,-0.06727925
257774,L2/3 IT,0.20785499,0.13172513
215665,L2/3 IT,-0.29246765,0.33796746
69272,L2/3 IT,-0.43495673,0.11483002
237264,Endo,0.37644577,-0.22626343
130025,L2/3 IT,-0.35061222,0.2183767
71823,L5 ET,-0.22653052,0.17288303
77916,Endo,0.0024952888,-0.0219782
206400,Micro,0.19550055,-0.12074384
130054,Oligo,0.08437765,-0.3738081
256517,L6 CT,0.2013914,-0.39470255
77742,L5 IT,0.0020285845,-0.017680287
130055,L5 ET,-0.062320203,-0.030834287
69294,L5 ET,0.18177575,-0.099034965
204698,L6 IT,0.21668875,-0.3855332
77902,L6 IT,-0.12735677,-0.009733617
279590,L6 IT,0.13216448,-0.31908756
246451,L5 ET,-0.0018610358,0.0044304132
267982,Micro,-0.1904887,-0.042395115
73044,L5 ET,-0.283276,0.07977927
97469,L6 CT,-0.17093328,-0.00389117
99899,Astro,0.3951652,0.036013484
212802,L6 IT Car3,-0.2745648,-0.15195608
262520,SMC,0.05734861,0.25847936
97542,L6 CT,-0.03498116,-0.052217275
205632,Endo,0.37778813,-0.019096345
130515,L5 IT,-0.24856135,0.056512713
130525,Sst,0.004546523,-0.081287354
97555,Endo,0.051477134,0.11610079
212889,Pvalb,-0.24322075,0.17263979
130548,L5 ET,-0.30492723,0.1522376
241464,L5 ET,-0.29089785,0.047645688
130551,Endo,0.018715441,0.2568676
130579,VLMC,-0.39601445,0.28847873
71741,L2/3 IT,0.28028882,0.03150469
42714,L2/3 IT,0.04210776,0.3131321
246841,L4/5 IT,-0.30611438,0.23536056
262535,Pvalb,-0.12180555,0.012482405
77568,Oligo,0.117520034,-0.49375814
257666,Sst,-0.30884296,-0.13996497
56859,VLMC,0.088466346,0.38937992
11087,Oligo,0.32344466,0.051024914
137673,L6 CT,-0.26856968,-0.16691136
263408,L2/3 IT,0.028953254,0.20532048
102934,L6 IT,0.1913994,-0.27848405
244699,Sst,-0.09178215,-0.12822148
69440,L5 IT,0.043343127,0.10576999
130496,Pvalb,0.3214708,-0.21780637
130486,L5/6 NP,0.2388221,-0.32297504
204705,Endo,0.103185594,0.17301136
263412,Lamp5,-0.056751996,0.40058935
246470,L4/5 IT,-0.10916969,0.22076488
69402,L6 CT,0.22112429,-0.32221732
69403,SMC,-0.12289029,-0.10997462
73165,L5 ET,0.17557359,-0.09733909
102990,L6b,-0.10695088,0.1133011
195604,Endo,0.06293398,0.32435602
130368,L2/3 IT,0.39793462,-0.1597825
219869,L4/5 IT,-0.33781904,0.22993469
8265,Endo,0.22278893,0.1689421
5167,Pvalb,-0.11560002,0.31158018
257702,Astro,-0.12344721,0.15108353
39171,L6 CT,0.19408011,-0.31957525
77694,L4/5 IT,0.045714557,0.16140795
243089,L6 IT Car3,-0.3775359,-0.0697684
102976,Micro,0.36302817,-0.13370028
14868,L6 IT,-0.12327099,-0.04143536
11077,L2/3 IT,0.11451244,0.22058994
77656,Endo,-0.112467706,-0.067359656
215616,L6 CT,0.13547671,-0.15966228
103053,Astro,0.07899648,0.15988672
58240,L6 CT,-0.2500279,-0.02914095
243564,L4/5 IT,-0.14198509,0.269589
97336,L6 CT,0.09515756,-0.13265193
215755,VLMC,-0.05616507,0.4444216
128291,L2/3 IT,0.27136374,0.0650844
137887,L2/3 IT,0.22043115,0.18234229
272759,L6 IT,-0.16237825,-0.11140737
204645,L4/5 IT,-0.19827107,0.25484544
205801,L4/5 IT,-0.13066435,0.23103476
69078,L6b,0.1595571,-0.40852034
129518,L5 IT,-0.24097413,0.11818999
99212,L5 IT,0.20202583,-0.112596124
129533,Sst,0.07526785,-0.33519876
257870,Oligo,-0.09176341,-0.23252302
97386,VLMC,0.3851449,0.07034469
137855,Peri,0.12118733,0.24655169
137854,SMC,0.339494,-0.07644445
103187,Astro,-0.07312256,0.15840685
103172,L6 CT,-0.2163471,-0.051012456
43165,Endo,0.10149157,0.2945429
78259,Oligo,0.2939188,-0.06131801
212658,Endo,-0.30442858,0.2431655
219906,OPC,-0.19779086,-0.02327916
14812,L4/5 IT,-0.17874858,0.22541565
235348,L5 IT,0.08446121,0.08013499
270573,Endo,-0.22764203,-0.2178762
246418,OPC,0.2836398,-0.008166432
68948,Lamp5,0.4043939,-0.01633951
39021,Micro,0.053355455,0.23584276
43290,L4/5 IT,0.15232533,0.107860684
212579,PVM,0.173419,0.19365263
97317,Oligo,-0.07419056,0.1219815
204623,Endo,0.26398396,-0.23483828
10967,L6 IT,-0.26462007,0.07022536
257859,L5 IT,0.0051872134,0.108223796
78535,L2/3 IT,-0.18144473,0.41026217
193031,L5/6 NP,0.2885883,-0.23974806
129358,L4/5 IT,0.24077982,-0.10349536
237480,PVM,0.031447828,0.27736425
58260,Peri,0.07628274,0.1947841
78471,Astro,-0.023255765,0.37396753
137928,L5 ET,0.09808481,-0.06326464
78459,Pvalb,-0.10754898,0.08839309
39035,L5/6 NP,-0.18480489,0.1419493
71864,Oligo,-0.24574178,-0.22206283
68983,Endo,0.04577911,0.16149563
103145,Oligo,0.090940595,-0.4413117
129601,VLMC,0.4467709,0.0118793845
267771,Pvalb,0.05855018,0.19298738
43091,L6b,0.029223502,-0.2748375
236228,Endo,-0.3017869,-0.025926828
237253,Endo,0.1292451,0.22508854
43087,L2/3 IT,0.0048935413,0.36942923
273497,L6 IT,0.037793577,-0.17576793
97412,L2/3 IT,0.25474048,0.1179232
11027,L5 ET,0.15555793,-0.07678601
129850,Sst,0.42673677,-0.14125794
266805,Oligo,0.09406531,0.0721544
43093,Sst,0.16454524,0.008841515
78123,SMC,0.09684372,0.273578
266807,Pvalb,-0.18547651,0.05074382
78115,Oligo,-0.18500179,-0.11538914
193071,Oligo,0.043403685,-0.31925815
266819,L4/5 IT,-0.339248,0.24104446
129935,L5 IT,0.035666883,0.122932136
103092,L6b,0.12297171,-0.33304662
103088,PVM,-0.16116709,0.42762834
256516,L5 IT,-0.36571878,0.038426936
219885,L6 IT,-0.02064386,-0.11060473
129916,L6 CT,-0.25473282,-0.16932738
219912,L4/5 IT,0.3574893,-0.086557835
273502,L6 IT,-0.088249505,-0.033308238
69161,L4/5 IT,-0.44025967,0.10047728
205813,Endo,0.20134312,0.25627005
267766,Endo,0.16548622,-0.41432452
43160,L6 IT,0.36514145,-0.2273997
11022,L2/3 IT,0.17600864,0.2855475
246431,L5 ET,-0.13594571,0.160231
224269,Oligo,0.10167056,-0.43589216
195821,Oligo,0.11132902,-0.36535293
5236,L2/3 IT,0.109639764,0.24832815
204656,Lamp5,0.16266578,0.2434414
8861,Sst,0.43173838,-0.15100276
5234,L4/5 IT,-0.04705718,0.24720442
39078,Micro,0.08778578,-0.2582217
43126,L4/5 IT,-0.20104116,0.2553643
43125,Endo,-0.26885492,0.30543822
129718,L6 CT,0.17172861,-0.36122584
78164,Pvalb,-0.2530575,0.11866069
69148,L5 ET,-0.3175646,0.098487794
129779,L4/5 IT,-0.399401,0.09922993
129784,L2/3 IT,0.053129077,0.20206839
204665,Oligo,0.10271412,0.14543813
137828,Astro,0.215747,-0.045391083
58253,L6 IT Car3,-0.32615286,-0.15281448
79349,Oligo,0.008179069,0.37038243
72856,Pvalb,-0.3426596,0.008588672
72112,L6 CT,-0.079524875,-0.1264672
80387,L5 IT,-0.110067725,-0.05920112
126526,Lamp5,0.18930638,0.181835
99500,L4/5 IT,0.11863643,0.1143285
44643,L6 IT,0.2520867,-0.17934644
80385,L5 IT,0.3341207,-0.18244341
239962,L6 CT,0.17146909,-0.25634485
258406,Endo,0.027277768,0.39191568
44637,Peri,-0.047773123,0.4238004
80379,Oligo,0.098847926,-0.4398449
212012,L4/5 IT,-0.2914717,0.2709872
99468,L6 CT,0.19767469,-0.30936313
99691,L2/3 IT,-0.43607444,0.18761253
56109,L5 IT,-0.028413296,0.17157298
126588,L5 IT,0.16686332,-0.16847676
220123,L6 CT,0.2225154,-0.3096605
126601,L6 CT,-0.057507902,-0.038859516
262311,Oligo,0.0053084493,-0.27476835
4355,Oligo,0.08862597,-0.3849251
126524,L4/5 IT,-0.15777028,0.24253303
262309,Oligo,0.0049324036,-0.27592063
196998,Micro,-0.13260597,-0.10791552
266427,Astro,0.13786423,-0.026666552
126303,Peri,-0.039248884,0.08857775
104315,Sncg,-0.09721705,0.37815726
126307,Oligo,-0.23320079,-0.10670048
44733,L5 ET,0.17634064,-0.09770158
80498,L6 CT,-0.103346676,-0.10055947
72128,Oligo,0.052794576,-0.30703092
44719,Lamp5,0.34813136,-0.25900394
205737,Astro,0.0671981,-0.4413873
80491,Endo,-0.17290676,-0.1581865
80224,L6 IT,-0.06336892,-0.12683976
44703,Astro,0.16019744,0.26689237
126371,L4/5 IT,-0.3507892,0.19771636
197027,Sst,-0.12215787,0.065748334
5586,Peri,0.33063263,-0.046833992
60108,L6 CT,-0.19675398,0.028580546
126472,L6 CT,-0.16093159,-0.08305219
67919,Oligo,-0.0888561,-0.17625311
126474,L6 IT,0.14993596,-0.12927961
80473,L6 CT,-0.19468749,-0.06374535
72453,Oligo,0.07961184,-0.3671034
96517,Oligo,0.024954319,-0.35001874
192802,L4/5 IT,0.044780076,0.16822141
206727,Astro,0.09777415,-0.4592768
126619,L6 CT,-0.08270189,-0.09532666
216036,Endo,-0.15649155,0.16565108
266495,Oligo,0.060326695,-0.3947556
80061,L4/5 IT,0.3121493,-0.13889316
68099,L6 IT,0.19843698,-0.18730584
5542,L2/3 IT,-0.08348274,0.29243696
80012,L5 IT,-0.21472222,0.0669052
10827,Peri,-0.20917445,-0.1823186
192827,L6 CT,-0.2623443,-0.21718979
5536,L4/5 IT,-0.02262026,0.12419176
126782,Micro,0.40966165,-0.12833923
68140,Oligo,0.3774519,-0.04325357
68146,L2/3 IT,-0.2506951,0.37087548
246278,Astro,-0.25401133,0.033236146
223810,L6 IT,-0.23169094,0.028936446
68152,Vip,-0.21365276,0.3687579
267925,OPC,-0.043100655,0.14736396
126938,L2/3 IT,-0.16242811,0.34516746
214598,Astro,0.15909606,0.161614
126958,Astro,-0.35004908,-0.08556011
96734,L2/3 IT,0.27421957,0.06197256
196867,L6 CT,-0.0143811405,-0.17097676
104324,L2/3 IT,-0.012284964,0.27213174
72492,L2/3 IT,0.110262334,0.2673784
11687,PVM,-0.223773,0.4834789
258398,L6 CT,0.19545913,-0.28371063
12022,Peri,-0.08406311,0.2771272
4360,L2/3 IT,0.1577797,0.21546584
104257,L4/5 IT,-0.2092888,0.33186138
212048,L6b,0.11111665,-0.31843227
80155,SMC,0.17776918,0.22610033
5554,Endo,0.41866803,-0.18327695
126697,L5 IT,0.17009497,-0.053984463
104252,L6 IT,-0.017842084,-0.11849296
38674,L6 CT,0.04675877,-0.209952
96663,L6 IT,0.18608624,-0.2360611
196946,Pvalb,0.06760758,0.035569966
38656,Endo,0.09159362,0.20155692
243243,L2/3 IT,0.2647646,0.064869285
243015,SMC,0.092094064,-0.20065424
235134,L2/3 IT,0.40064466,-0.17376319
243245,L4/5 IT,-0.3355379,0.20444894
8134,Vip,0.011278331,0.28564787
256431,Astro,-0.25609618,0.043916047
80073,L2/3 IT,-0.110257,0.28824186
96666,Endo,-0.32699358,0.24756223
126986,Peri,-0.24067831,0.3201275
80517,Astro,0.1837616,0.28055966
192784,Micro,0.30089617,-0.002009362
245002,L2/3 IT,-0.2922507,0.28064728
216159,L2/3 IT,0.118275344,0.26316965
45032,Oligo,-0.02717799,-0.2533684
223644,OPC,-0.3644394,0.038219452
197211,L5 IT,0.12248802,-0.07488489
104487,SMC,0.26519543,0.12786758
125843,OPC,0.034083605,-0.10626605
80783,L2/3 IT,0.33255845,-0.089722365
125858,L2/3 IT,0.4207223,-0.10352135
138830,Peri,0.26560748,-0.030830503
67764,Astro,0.31301993,-0.04351768
214638,SMC,0.45352286,-0.14827833
206780,L5 IT,0.073854506,0.07360649
96401,Oligo,-0.16924778,-0.0626497
223653,L6 IT,-0.18997982,-0.06872463
44970,L5 IT,0.18557906,-0.010365993
192726,Astro,0.1811018,0.23703438
5650,L6 IT,-0.11016476,0.08358908
80751,L5 IT,0.3439952,-0.2673025
5669,L4/5 IT,0.09335065,0.084953666
125784,L6 CT,-0.05669692,-0.049398065
67749,L6 CT,0.1724276,-0.28278947
45059,Astro,-0.08053926,0.41597718
80958,OPC,-0.27465647,0.054125845
80938,Pvalb,0.06646359,-0.09683925
67687,L2/3 IT,0.3437364,-0.0038696527
192709,Astro,0.0026869774,0.34069014
204180,Endo,0.043404162,0.27074474
262266,L6 CT,0.056592822,-0.11820567
80895,L2/3 IT,-0.30901754,0.3658297
72198,L6 CT,-0.27303034,-0.18290564
138839,L6 CT,0.18883312,-0.41097274
273599,Astro,0.0012822747,0.27749443
266349,OPC,-0.12148079,0.03491968
104551,OPC,-0.08786702,0.031114995
72318,L6 CT,-0.09171128,-0.09166819
279357,Micro,0.09968001,-0.18659765
80840,Pvalb,-0.18499619,0.2754513
67737,L5/6 NP,0.26093143,-0.27227426
125738,L2/3 IT,0.005884528,0.20695782
243006,L5 IT,0.049194515,0.076568544
56010,L6 CT,0.23585808,-0.33040676
204202,L5 IT,0.17966568,-0.10122076
96358,Astro,-0.22978762,0.2270258
138821,L4/5 IT,-0.11420581,0.2609058
126022,L4/5 IT,-0.25034273,0.20913672
246905,L2/3 IT,0.07816112,0.28991687
58436,Sst,-0.044748753,-0.02330038
138764,Oligo,-0.27545667,0.12320119
206761,Micro,-0.28819972,0.20526642
38607,L6 CT,0.18850344,-0.30706227
44826,L4/5 IT,0.029465735,0.20596504
258465,L2/3 IT,0.19439685,0.19208264
99609,L5 ET,0.12326658,-0.04410121
80628,L4/5 IT,-0.06271681,0.250816
126203,L2/3 IT,0.21830583,0.13578296
8584,L2/3 IT,0.12218219,0.2962836
80617,L5 IT,-0.3603747,0.01614064
262287,Endo,0.016731083,0.15434104
80559,Micro,-0.17254212,0.037422895
279375,Pvalb,-0.19014716,0.14516312
206754,Endo,0.2807194,-0.014340073
126248,L5 IT,0.29447973,-0.24478045
216117,L2/3 IT,0.28277177,0.018248677
214617,L6 IT,0.14606917,-0.2450076
126273,L2/3 IT,0.13215894,0.23656219
80528,Astro,-0.0435102,-0.2821862
272531,Oligo,0.20411402,-0.4155112
99667,OPC,0.34858054,-0.07320109
211909,L5 IT,-0.022235185,0.081356466
72369,L2/3 IT,0.2776469,0.045731366
72361,L2/3 IT,0.06464553,0.23478717
67775,Peri,-0.07439783,-0.0074350834
56032,L2/3 IT,-0.260346,0.32002455
126041,L2/3 IT,0.23377287,0.16820413
197145,L6 IT,0.18418264,-0.16031784
218763,Oligo,0.022586048,-0.28516155
126076,L6 CT,0.008002996,-0.163062
235450,L5 IT,-0.019286543,0.035512984
8973,Astro,0.111851335,0.36580658
126138,Endo,-0.3154388,0.26068372
67791,L2/3 IT,-0.030563474,0.25923747
126079,L5 IT,-0.3539526,0.028339267
60200,L2/3 IT,0.2894773,0.113369524
204217,PVM,-0.13425794,0.4686733
138786,Oligo,-0.16925767,0.1435306
220152,Astro,0.12504548,0.11845338
126113,Astro,0.42298687,0.018492281
266366,L4/5 IT,0.0026830435,0.21344113
126125,L6 CT,0.0991711,-0.19035634
80664,L4/5 IT,-0.30172092,0.28208023
67800,L4/5 IT,0.19472504,0.067955494
79969,L6 IT,0.083230376,-0.078223795
79941,L6 CT,-0.1468952,-0.031822562
72508,Micro,0.07126391,0.15220189
262390,Peri,0.2687328,-0.14420617
127784,L2/3 IT,0.43069077,-0.07787529
138316,Peri,-0.13378659,-0.310078
8563,L2/3 IT,-0.37229142,0.25885963
127789,Oligo,-0.09611672,-0.17671475
196519,VLMC,-0.18854326,0.4691249
59811,VLMC,0.213287,0.2846896
58545,L6 CT,-0.28851825,-0.093329996
196513,L6 CT,0.12528896,-0.16531295
127822,Peri,-0.086705655,0.29824537
127856,Oligo,-0.06481311,-0.25197285
44004,Micro,0.2006231,-0.3440879
223963,Oligo,-0.06909773,-0.06520596
127871,L2/3 IT,-0.21156454,0.40284473
212339,L4/5 IT,-0.27605247,0.26611143
212343,Astro,0.1715725,0.30291712
99345,L5 IT,0.34275627,-0.27577722
268530,L6 IT,0.18555629,-0.18236557
38842,Lamp5,-0.37557802,0.07127577
97021,L2/3 IT,0.37116015,-0.06810287
138361,L4/5 IT,-0.09314111,0.23680502
138372,L6 CT,0.052799523,-0.11096427
246309,L2/3 IT,0.2229495,0.17107022
196581,Astro,0.4436068,-0.1477994
59887,L6 CT,0.046725333,-0.15650043
79535,Micro,-0.20354849,-0.04341507
79525,Oligo,0.11632854,-0.43198317
206605,PVM,-0.20552105,0.42018318
127643,Micro,-0.17232886,-0.030016452
68393,L4/5 IT,0.055461526,0.14840734
38772,L6 CT,-0.21876529,0.036207676
103855,SMC,0.4248883,-0.12836617
79372,VLMC,0.10262829,0.36405522
56347,PVM,-0.25138134,-0.100911945
212318,L2/3 IT,0.3758319,-0.100429
11977,L4/5 IT,-0.16277769,0.2383945
214509,L6b,0.09157193,-0.30530185
68428,Astro,0.40838152,-0.14952132
56361,PVM,0.21205115,0.23743421
103769,L6 CT,0.10075867,-0.26067555
127742,Astro,0.02310431,-0.30440342
127748,L5 IT,-0.047740906,0.033473015
235386,Endo,-0.11512184,-0.07362312
103806,L5 ET,-0.34884787,0.059358537
38856,L6 IT,0.24533951,-0.3000169
196463,Endo,0.26420528,-0.23555145
246320,Vip,0.39815402,-0.04306695
206531,L2/3 IT,0.3135171,0.049447298
97111,Pvalb,0.29828507,-0.30999708
138201,L2/3 IT,0.4404722,-0.12572938
99829,OPC,-0.12824383,-0.10201576
71926,Endo,-0.23448661,0.0041750073
234451,L5/6 NP,0.10818541,-0.036185175
212363,L4/5 IT,0.35155225,-0.18511817
266640,Oligo,-0.004892081,-0.25401646
244934,L2/3 IT,0.09486675,0.28174037
68511,Endo,0.13584632,0.28241044
68538,L5 IT,0.018112063,0.081570685
56431,OPC,0.29829007,0.0053092837
128203,VLMC,0.1780147,0.31669742
68553,L2/3 IT,0.036190152,0.2486732
79228,Pvalb,-0.16121122,0.22274244
128262,L6 CT,-0.18784806,0.06854582
103629,L6 CT,-0.17662063,0.059481084
128281,L4/5 IT,-0.16913417,0.25235397
56435,Astro,-0.30877477,0.19731092
138169,Astro,0.26779932,0.19083482
79268,Micro,0.011475861,-0.23216641
127572,L5 ET,0.2552011,-0.30980596
214468,L6b,-0.28323215,-0.19188747
219977,L6 CT,0.21189559,-0.3337261
56405,L6 CT,0.1145789,-0.23927996
266616,L6 IT,-0.23456532,0.082436085
43974,L2/3 IT,0.40146297,-0.22501138
192961,Oligo,0.08685911,-0.31796777
127939,Endo,0.25520444,0.1648882
56411,Vip,-0.2366648,0.35228312
43961,L4/5 IT,-0.17531487,0.3233475
79361,Lamp5,0.16924733,-0.42263788
99283,Astro,0.05106187,0.11455661
278356,L4/5 IT,0.07614893,0.12934321
243256,Astro,0.42545837,-0.00989148
138238,Astro,-0.26208603,0.24148566
5417,L4/5 IT,-0.46755964,0.08041966
99824,L2/3 IT,0.23007303,0.16967106
128082,Astro,0.38281196,0.057240784
99826,L6 CT,0.09209347,-0.13137755
128087,Pvalb,0.12598437,-0.038548082
128095,L4/5 IT,-0.22030085,0.24079823
69500,L5 IT,0.01414001,0.07741475
138214,L5 IT,0.06098926,0.09236705
218889,L4/5 IT,-0.28531775,0.29967463
68383,Oligo,-0.1474956,-0.04990661
68369,L6b,-0.0005813241,-0.2520845
215978,Astro,-0.21218032,0.28143173
8610,VLMC,0.4648159,-0.02499497
127134,L2/3 IT,0.272489,0.094975114
44329,L4/5 IT,-0.27622885,0.23316109
138478,Oligo,-0.07943261,-0.24015322
44322,L6 CT,0.20170379,-0.38760793
72598,Micro,-0.03652987,0.232001
258307,L6 IT,-0.0838168,-0.090987
104069,Astro,0.030501723,0.11200786
244956,Oligo,0.104127645,-0.36966038
219403,L6 CT,-0.24640211,-0.078965604
220066,L6 CT,-0.28371233,-0.15899661
127229,L5 IT,-0.20377973,0.19768876
104026,L6 CT,-0.17878318,-0.029295325
79808,L5/6 NP,0.20406437,-0.17492557
220042,OPC,0.06726271,0.20301849
127257,L2/3 IT,0.022797406,0.28161228
258295,L6b,0.06168461,-0.27867955
44255,L5/6 NP,0.15657318,-0.025896102
59948,Endo,0.069995284,0.21898592
44254,L2/3 IT,0.14710802,0.24018598
262357,Oligo,-0.10889861,-0.031924933
272593,L2/3 IT,0.38719195,-0.14704344
13371,L6 IT,-0.27108377,-0.13406962
223845,L6 CT,0.045208275,-0.15263402
269985,VLMC,0.4897858,-0.082273155
262348,Micro,-0.10951418,0.16847944
96753,L5 IT,-0.122684926,0.1504103
127040,Endo,-0.0022663772,-0.10601261
196798,L5/6 NP,0.27022147,-0.19585866
127068,OPC,0.019221008,-0.057326525
79908,Micro,-0.22576845,0.21600258
56202,PVM,-0.12982109,-0.22257233
68189,L5 IT,0.2958436,-0.18173143
44343,SMC,0.09524685,0.23973638
44378,L4/5 IT,-0.28118402,0.254582
59993,L6 IT,-0.11229682,-0.07945636
5503,Astro,0.0431605,-0.35239875
96756,Endo,0.20291167,0.01089251
138548,L6 CT,0.039734125,-0.08203104
138521,L5 IT,-0.2956095,0.12698573
206657,L6 CT,-0.20486873,-0.131367
56222,L6 CT,-0.30634207,-0.08426997
44355,Lamp5,0.33800697,-0.19687411
13154,L6 IT,0.29317325,-0.2589152
104099,OPC,0.41293752,-0.22420168
237194,L6 CT,-0.013953418,-0.1788055
68280,L4/5 IT,-0.27953017,0.24408424
44237,Endo,0.16282254,0.17055136
79656,Astro,0.3038317,-0.06520766
196619,L5 IT,-0.14148179,0.18687433
196618,L2/3 IT,0.1706829,0.089975476
243661,L6 CT,0.20684308,-0.32955444
196616,Oligo,-0.28389275,-0.118962556
127439,Sst,0.2992288,-0.037038475
11620,Endo,-0.15324432,0.021727324
270024,L4/5 IT,-0.07664931,0.18227595
204394,L2/3 IT,0.26558,0.101952255
127426,L6 CT,0.1466865,-0.17837417
138428,Astro,0.11672318,-0.41823718
103916,L6 IT,0.024039805,-0.08468479
10867,L5 ET,-0.25422633,0.045808792
237167,L4/5 IT,-0.19154161,0.23934609
103906,Endo,0.42869604,-0.12060997
192918,L6 CT,0.1557799,-0.3015677
79599,L6 CT,0.16348875,-0.324098
58338,Oligo,-0.23620328,-0.053953767
68355,L6 CT,-0.10748422,-0.051728815
215983,Oligo,-0.120207906,0.24366885
192911,Endo,-0.36361682,0.21113127
192891,PVM,-0.19292885,-0.22167078
205756,L2/3 IT,0.10432607,0.3045537
127418,VLMC,0.18162602,0.2945963
212205,L4/5 IT,0.041962624,0.15570903
56267,Oligo,0.0013375878,0.11585021
196660,L5 ET,0.34625202,-0.28492993
96850,Oligo,0.10125548,-0.42608303
104015,L4/5 IT,-0.008118242,0.19627273
138466,L4/5 IT,-0.2390022,0.21892726
44213,Astro,0.41160828,0.009314954
196633,L6 CT,0.023284674,-0.13577649
234539,OPC,0.15355086,0.2285909
204385,Endo,0.142586,0.13491005
204378,L5 IT,0.16083598,-0.06877059
72019,L2/3 IT,0.12463397,0.25250423
59903,L4/5 IT,-0.21098068,0.21784472
99758,Astro,-0.16704997,0.43463492
138431,L6 CT,0.11898315,-0.24784893
72637,Vip,-0.14088815,0.06960642
258270,Micro,0.06406164,0.16508603
218841,L5 IT,0.22492558,-0.06688824
206616,VLMC,-0.009680778,0.42433226
215996,L5 IT,-0.15784794,0.1086058
59913,Oligo,0.055100203,-0.3290553
71739,Oligo,0.010553539,-0.29707617
246498,L5/6 NP,-0.012137592,0.11057985
205819,L6 IT,-0.07217148,-0.044045955
257032,Endo,0.24855477,-0.09720054
134564,L6 IT,-0.16122335,-0.02726093
267364,Micro,-0.14692849,0.37407684
100355,L2/3 IT,-0.13236287,0.32651848
73624,Astro,0.07477647,-0.42890543
213745,SMC,-0.3061204,0.0041775703
98994,L2/3 IT,-0.43764225,0.09073824
134621,L5/6 NP,-0.12640989,0.06487787
263154,L2/3 IT,0.29430544,0.055352807
194157,L6 CT,0.21521097,-0.31947803
75276,Endo,-0.13813269,-0.06819779
134646,L2/3 IT,0.14258957,0.2405588
235259,Pvalb,-0.15525678,0.062437773
75251,L6b,0.071655095,-0.33405265
75237,Astro,-0.12775725,-0.34957126
256676,L5 IT,0.063661575,-0.04094118
40695,L5 IT,0.2282297,-0.13638711
215198,Endo,0.15480733,0.07189363
11323,Astro,-0.26206714,-0.025575638
263252,Astro,0.4312212,-0.092439175
4779,L6 IT,0.106975496,-0.15030938
8407,L2/3 IT,0.4320624,-0.12174481
267356,OPC,-0.23544171,0.10876453
40895,L5 IT,-0.26547563,0.02231127
246635,Peri,0.14495629,0.18359977
194207,L6 IT,-0.09862381,-0.15503818
40889,Endo,0.04907334,0.18628347
194205,L2/3 IT,-0.13255486,0.38169837
205214,Astro,0.3771901,0.0809921
98329,Oligo,0.024676263,-0.2976776
134297,L4/5 IT,-0.21304914,0.2832477
134378,Astro,-0.26962227,0.15258121
215187,L6 CT,0.137811,-0.23527727
75398,VLMC,-0.18323028,0.48928404
57520,L6 CT,0.094442725,-0.24945414
134443,Pvalb,-0.20448089,-0.054688394
4558,VLMC,0.44074827,-0.11809364
59036,L6 IT,0.05408013,-0.12349334
256669,L2/3 IT,-0.19099954,0.3707527
98401,L2/3 IT,0.09626651,0.24022806
215208,L6b,0.14435536,-0.40353218
233908,L5 ET,-0.18427351,0.12810075
100317,Sst,0.08040428,0.19807023
263274,Endo,-0.12549329,-0.22124654
262815,L2/3 IT,0.06367397,0.21454382
134733,L4/5 IT,-0.26224625,0.23015141
75174,L6 CT,0.22897178,-0.2928105
15102,Micro,0.046485066,-0.10442293
225545,Vip,0.36768687,-0.20052218
75080,Oligo,-0.26555583,-0.22002152
205858,L4/5 IT,-0.35655123,0.22410691
134921,Peri,0.23880696,-0.10431895
205477,L5 ET,-0.36953542,0.007972658
4748,OPC,0.32242262,-0.2029917
75077,Sst,-0.16699776,0.10644567
134957,Pvalb,-0.29754785,0.21730101
134912,L2/3 IT,-0.26892287,0.3885234
11777,Micro,-0.26825953,0.32003248
262836,L6b,-0.22897238,-0.16134486
256968,L5 ET,0.14251101,-0.013172269
58977,Endo,0.41104257,0.0027873516
134981,L5 ET,-0.13030642,0.11699855
246658,SMC,0.20059943,-0.31710637
58976,L4/5 IT,-0.31936347,0.19495285
225304,L5 IT,-0.31586635,0.11749607
134995,L6 IT,-0.10228458,-0.041547388
101022,Astro,0.022818148,-0.21142787
268140,L6 CT,0.17895097,-0.4229549
270426,Pvalb,-0.16900182,0.06991607
136616,L4/5 IT,-0.013871759,0.23035699
98528,L4/5 IT,-0.003176242,0.17876601
205854,L6 IT,-0.061777204,-0.008828223
262818,L2/3 IT,-0.061487347,0.27184218
194107,Astro,-0.20264587,0.25798637
134789,Peri,0.16287857,0.24874085
263242,L6 IT,0.20567024,-0.19120336
194096,L6 CT,0.11954266,-0.20847782
40657,L6 IT,-0.31471968,-0.15226614
98477,Oligo,0.15682602,0.24382132
213806,Endo,0.29250133,-0.2779947
101052,L4/5 IT,0.3623383,-0.17373803
15094,L4/5 IT,-0.31842387,0.27435988
225289,Oligo,-0.12607425,0.05433792
134872,OPC,-0.28361794,0.05053246
70754,L5 IT,-0.31962788,0.040311456
215155,L2/3 IT,0.12574613,0.16685468
270185,L4/5 IT,-0.22796538,0.24612755
193470,Oligo,-0.13101175,-0.16383338
101123,Oligo,-0.11111575,-0.22139215
136629,L4/5 IT,0.06019193,0.14992821
205257,L2/3 IT,0.43982476,-0.14429945
273387,L4/5 IT,0.3675691,-0.24919567
134997,L4/5 IT,-0.020923316,0.22350448
75415,Oligo,0.18729639,-0.39642468
11735,SMC,-0.36183906,0.08042461
262757,Endo,-0.044878364,-0.035596848
136780,L2/3 IT,0.31475002,0.07458949
133708,Astro,0.09437871,-0.39870188
194416,Oligo,-0.07518539,-0.068605036
133721,Sst,-0.37666303,0.15996546
98303,L2/3 IT,-0.015841097,0.24557406
41142,VLMC,0.29960847,0.1845203
194401,Pvalb,-0.29932094,0.257524
98308,SMC,-0.04587999,0.32831836
136774,SMC,-0.27805588,0.0154207945
75668,Oligo,-0.058128476,-0.23854607
41114,Astro,-0.43256807,0.06751621
234474,Astro,-0.12420565,0.27579176
267286,L6 CT,-0.10313511,-0.0036018789
41095,OPC,0.09701687,-0.39025393
262764,Peri,0.025593936,-0.15638652
133874,Lamp5,0.3516934,0.019862115
73539,VLMC,0.03357148,0.42743272
133883,L6 CT,-0.20239252,-0.014107168
4854,Oligo,0.09746611,0.07032275
215259,Peri,0.14881921,0.24251837
59085,Oligo,0.10833788,-0.3860879
13275,L2/3 IT,-0.10300234,0.37545836
133571,L5/6 NP,0.21614325,-0.31610113
194471,L2/3 IT,0.39237964,-0.09796649
236169,L5 IT,-0.29873002,0.079342484
225045,L4/5 IT,0.018345654,0.12822098
39585,Astro,0.03568679,0.11191988
101555,Vip,0.14487278,0.12858057
13073,Oligo,-0.21160969,-0.09622523
193393,OPC,0.035965025,0.29518312
73518,L6 CT,0.057073414,-0.17878398
133885,Endo,0.062433302,0.2700866
133589,L6 IT Car3,-0.3323145,-0.09273669
206124,Peri,0.17044038,0.0064284205
267266,L2/3 IT,-0.11045632,0.3882823
273401,L4/5 IT,0.03887558,0.12550384
99002,L5/6 NP,-0.452063,-0.101210505
98271,Oligo,0.12060195,-0.3783211
267269,L5 IT,-0.2563042,0.15545624
75759,Lamp5,-0.20957476,0.4020983
39616,Oligo,0.06899494,-0.38704988
194450,L6 CT,-0.21741143,0.0014322996
262741,L5 ET,0.06404209,-0.05914259
70526,L6 CT,0.04117489,-0.11149013
70527,Endo,0.43522125,0.022506297
71504,L6 CT,-0.12662959,-0.13753998
243295,L2/3 IT,0.33082175,-0.063416034
214960,Oligo,-0.12361544,-0.26414335
15204,L6 IT,-0.089962184,0.031860888
134082,L6 CT,0.056680083,-0.21513441
75495,L6 IT,0.08870107,-0.083089024
134144,L6 CT,0.079046726,-0.2790197
273395,L6 CT,0.10357374,-0.11982861
134151,OPC,0.34922773,-0.21944031
225140,L4/5 IT,-0.27920932,0.2082358
244834,Endo,0.20633411,-0.35951728
101382,L4/5 IT,-0.18823522,0.24847883
71471,Oligo,0.05246687,-0.37799293
70588,Pvalb,0.09344059,-0.20084766
194254,L6 CT,-0.0070444047,-0.07527602
194243,Lamp5,-0.21551126,0.46629292
73603,L2/3 IT,-0.41229004,0.16664338
225144,L4/5 IT,-0.31442878,0.28792667
40921,L5 ET,-0.27357113,0.102503836
225148,L2/3 IT,0.3747996,-0.055891544
40914,L6 IT,0.12846053,-0.147371
101373,L5 IT,-0.30075878,0.13618803
134234,L6 IT,0.1919179,-0.21978942
70551,L5 IT,-0.36194587,0.013551891
134066,OPC,0.21561575,-0.376423
235270,OPC,0.013029456,0.2002334
41062,Endo,-0.2513368,0.38681018
99001,Endo,0.25999558,-0.006985426
98318,L2/3 IT,0.06549877,0.18921292
101425,L2/3 IT,0.14514762,0.1966489
133996,L6 CT,-0.12016243,-0.02433145
134022,L2/3 IT,-0.16392818,0.40233505
75601,L2/3 IT,0.24493837,0.13499129
194304,Endo,0.006703675,-0.15289906
100305,L4/5 IT,0.1813631,0.11512822
225113,L6 IT,0.28111058,-0.31427532
214278,OPC,0.2009691,-0.2848764
101417,L5 IT,0.17040086,-0.087276965
243422,Oligo,0.059724092,-0.38747266
205166,L2/3 IT,0.43047857,-0.08994529
70545,Astro,0.13137859,-0.4918222
194291,L2/3 IT,0.118649244,0.21890628
134059,Astro,-0.06621894,0.41712278
75571,L5 IT,-0.27336943,0.01905495
70550,Oligo,-0.022924334,0.2582544
13261,PVM,-0.39838386,0.16507977
194050,L6 IT,-0.015290886,-0.17068774
225543,Endo,0.07698518,0.082208514
74983,L4/5 IT,-0.23966512,0.26730275
237408,OPC,0.32151502,0.016029775
270363,L4/5 IT,-0.36283612,0.22597355
225422,Astro,0.20814633,0.24756408
58854,L2/3 IT,0.08467215,0.24743783
40091,L6 CT,-0.12652102,0.021143913
74367,L5 IT,0.10310018,-0.07928303
71138,Pvalb,-0.09101179,-0.13227361
256805,L5/6 NP,-0.20518145,0.0127235055
256801,Micro,0.23913229,-0.21043202
58853,L6 CT,0.10270053,-0.1222595
74319,L6 CT,0.044415653,-0.19746822
135895,Astro,0.096058965,-0.43700916
8698,L2/3 IT,0.1774922,0.19699872
135913,Endo,-0.058862686,-0.0046336353
193535,Peri,-0.2640891,0.027525306
71156,L6 IT,-0.055885643,0.0033495426
136445,L6b,-0.041669577,-0.1896775
15148,L2/3 IT,-0.007142246,0.3732885
225432,Sst,0.1993056,0.02492851
100704,L5 ET,-0.020638883,-0.00047311187
40101,Endo,-0.18072736,0.25616455
40105,L6 CT,0.09488785,-0.14001176
193781,L4/5 IT,-0.262464,0.26536334
193806,L6b,0.0061613917,-0.24307707
135634,L6 IT,-0.3470496,0.019272387
40168,Endo,0.16216701,0.10160005
71050,L6 IT,-0.28177577,0.111113906
74543,Astro,0.44736314,-0.13855615
193799,Astro,-0.14192688,0.32821363
235217,Oligo,-0.36059904,-0.018854797
135713,Endo,0.051213562,0.15658265
57755,Endo,-0.24446142,0.25485104
205380,Micro,-0.2318171,0.38238955
135726,VLMC,0.3888024,0.07920706
205354,L2/3 IT,0.39370978,-0.03261769
40135,PVM,0.0003553629,-0.19380575
267630,Astro,0.15120834,-0.46843415
256817,L5 IT,-0.17338204,0.08113593
279560,L6 CT,0.014548719,-0.1727469
8464,L4/5 IT,-0.12135416,0.20061338
136460,L2/3 IT,0.39277428,-0.15639493
256814,L6 CT,-0.034718305,-0.080316335
205862,L6 IT,0.29411656,-0.22803727
214195,Astro,-0.3428458,0.024934888
73802,Sst,-0.27427065,-0.03692797
74288,OPC,-0.20412269,0.13501948
8523,L6b,-0.20547962,-0.19570076
256696,Oligo,0.054772377,-0.31121895
58806,L5 ET,0.26009935,0.085602224
71265,L6 CT,0.1949516,-0.38843015
11749,L4/5 IT,-0.30672434,0.21835029
136199,OPC,0.22787315,0.12827569
205908,Sst,-0.026371747,-0.010275215
267589,L5 IT,-0.35677063,0.06674832
73854,L4/5 IT,0.020601451,0.17192727
8693,Astro,0.18287158,-0.051915556
58819,OPC,0.057311118,0.22671211
267606,Sst,0.3198223,-0.15157825
273354,L2/3 IT,-0.056776375,0.31967926
73935,L4/5 IT,-0.32308847,0.2661718
136303,L2/3 IT,0.10356432,0.24379712
136305,L5 ET,0.12705833,-0.03874594
39817,L4/5 IT,-0.3661157,0.23229909
214162,L2/3 IT,0.18935293,0.13418686
15181,Micro,-0.25470796,0.10366058
270347,L4/5 IT,-0.21562639,0.20505905
193573,L2/3 IT,0.4313959,-0.13998201
13199,Micro,0.011686206,0.12181646
40178,L5 IT,-0.25447422,0.09165341
205401,VLMC,-0.20751336,0.45185548
74043,Oligo,0.2143597,0.11658418
74252,L6 IT Car3,-0.28233254,-0.16068488
15155,L2/3 IT,0.3307019,-0.023166269
8480,Oligo,0.001475513,-0.20760769
74231,Oligo,-0.05538985,-0.23708335
135950,L5 IT,0.20356601,-0.081435174
278212,Astro,0.20181209,-0.25287855
135979,VLMC,0.28775698,0.19746363
39985,Oligo,-0.012740493,-0.21396777
136409,L5/6 NP,-0.2698371,0.16917408
225450,L2/3 IT,-0.21783656,0.33692193
136012,L2/3 IT,0.17132276,0.16717243
74132,Endo,-0.15707344,0.0552696
58832,Endo,-0.03002274,0.17990726
205925,Astro,0.21061927,0.12458432
11494,OPC,-0.16870815,0.41823053
74104,Lamp5,0.39549327,-0.025066972
268073,L6 IT,-0.28527617,0.1453411
39946,L5 ET,0.29672766,-0.17771602
136403,L5 ET,0.044842362,0.06995535
136398,Micro,0.4475748,-0.15111563
100428,L6 CT,-0.045257747,-0.0055674314
193812,Peri,-0.08235091,0.28983587
73776,Endo,0.09226543,0.34957796
73734,L2/3 IT,0.328317,-0.071626514
263225,L6 IT Car3,-0.28385347,-0.091226906
135235,Peri,-0.03560713,0.28870022
214240,L6 CT,-0.007531792,-0.08819553
233883,Vip,-0.08529213,0.2918216
256920,Lamp5,0.4670884,-0.13004887
225349,L5 ET,0.14934361,-0.039022475
57943,Peri,-0.24382344,-0.01195994
74849,Oligo,-0.036412627,-0.29553097
219266,Endo,-0.17032057,0.14614785
206030,Pvalb,-0.14570463,0.16256243
242536,L5 IT,-0.42897207,0.035607874
74824,Micro,-0.29190123,-0.11279607
268120,L4/5 IT,-0.36165172,0.26195365
74819,Endo,-0.13639465,-0.19152829
39742,L6 CT,-0.27708828,-0.1304619
135336,L6 IT,0.054968536,-0.20865428
74811,L6 IT,-0.2294423,0.01691091
135347,L2/3 IT,0.45006192,-0.109868646
256681,Oligo,-0.10757369,-0.20575058
135383,L4/5 IT,0.12496781,0.112083256
74835,L6 CT,-0.30562866,-0.028560072
136553,L2/3 IT,0.07369584,0.29623055
70876,L6 CT,0.054405928,-0.077058464
39734,Vip,0.2528268,-0.13356182
11345,L6 IT,-0.26765382,-0.1788077
135020,SMC,0.05230683,-0.26461637
194042,L5 IT,-0.011949182,0.1266985
74935,L5 ET,-0.18879655,0.16781366
135055,L6 CT,0.091542065,-0.22047335
233888,L4/5 IT,-0.282084,0.25916636
225310,L6 IT,-0.20259768,-0.057995826
40486,L5 IT,-0.05590096,0.08770633
74928,Oligo,-0.032420248,-0.17120048
268126,L6 CT,0.004460633,-0.1007199
70846,Endo,0.059060335,-0.00237301
136584,Oligo,0.10832107,-0.12034473
70852,L5/6 NP,0.053563,0.087791026
70862,L5 IT,0.04434645,0.044875383
74881,L5 ET,0.2909444,-0.28407872
135169,Micro,0.08882511,0.16899055
135179,L6 CT,-0.03128311,-0.10793358
273244,Oligo,0.058377862,-0.36884016
98540,L5/6 NP,0.2574032,-0.30973226
40426,Oligo,0.12910146,-0.4612224
11350,VLMC,0.4721495,-0.067763895
214287,L6 IT,0.22900355,-0.31665114
213934,Endo,-0.20926765,-0.17387912
205997,Oligo,0.099849224,-0.45527172
98667,Astro,-0.035417438,-0.055010468
193522,L4/5 IT,-0.27317816,0.22212219
213965,L5/6 NP,0.23126286,-0.26233587
70990,Endo,-0.0947471,-0.15022397
71401,Oligo,-0.29389343,0.27119976
135564,L5/6 NP,-0.16717485,0.120655954
58893,Oligo,-0.06723654,-0.24190709
57730,Oligo,-0.05760798,-0.24621955
100824,L6 CT,-0.08024314,-0.1716151
100414,L6 IT,0.23987794,-0.20539504
219284,L6 IT,0.10106635,-0.20807987
71012,Pvalb,-0.25231147,0.31991082
74642,Oligo,0.06539261,-0.36216688
135590,L4/5 IT,0.2867394,-0.1175212
135591,L6 IT,-0.11510292,-0.098596394
225399,L2/3 IT,0.4351241,-0.10964668
213978,L6 IT,0.08456063,-0.15442139
71034,L6 IT,0.19027674,-0.31701422
74570,Astro,0.12479806,0.29013705
13095,Astro,-0.34253126,0.25947255
193855,Endo,0.17603546,0.265122
100396,L2/3 IT,0.073492944,0.23288596
40265,Astro,-0.185998,0.117798746
225369,L5 IT,0.28568953,-0.21020526
57669,L2/3 IT,0.2972954,-0.017355591
135409,OPC,0.29282713,-0.22997329
246697,Micro,-0.112505406,0.043411434
74748,L6 CT,0.013388872,-0.26643828
193900,Peri,0.02237153,0.24343854
262857,Micro,-0.14296192,0.41104364
278269,Micro,-0.048299104,0.2175582
71437,L5 IT,-0.32006857,0.08510661
100924,Sst,-0.18857116,0.10767847
135544,OPC,-0.22711194,-0.10126954
193886,Astro,-0.058128893,-0.23503655
193875,L6 CT,0.034329116,-0.10787946
273368,L6 CT,-0.07554418,0.00982064
136510,OPC,0.13725609,0.30311614
214239,L6 CT,0.17509735,-0.30843848
74710,L2/3 IT,0.12014598,0.279126
74706,Oligo,0.1432401,-0.44356632
136502,L2/3 IT,0.11806679,0.13548619
57928,Micro,-0.33411342,0.039380133
100901,Astro,0.08190453,0.14166248
70953,L4/5 IT,0.084679544,0.117444694
242527,Lamp5,-0.019744366,-0.13618717
57400,Endo,-0.25269,0.17702734
205120,L6 IT,0.07715815,-0.20055205
131672,L4/5 IT,-0.2523296,0.2732488
11150,L2/3 IT,-0.019948155,0.28317082
267008,L4/5 IT,0.39516085,-0.22129413
14925,Endo,0.2966994,0.016102552
131721,Astro,-0.30770043,0.24910265
102587,L4/5 IT,-0.26685208,0.3453467
102572,L6 CT,0.13140416,-0.18048161
39266,L6 IT,-0.07817784,0.0005387664
267998,Oligo,0.030872226,-0.16100132
97745,L2/3 IT,0.1639167,0.15663743
204823,Astro,0.08764595,-0.43121278
131783,Endo,-0.0034794807,-0.19276515
131796,L6 CT,0.19116288,-0.28919083
97797,Vip,0.152462,0.20413035
219537,Astro,-0.30508518,0.11101782
267019,PVM,-0.120655656,-0.23778963
213131,L5/6 NP,-0.10820344,0.06299156
57045,L5/6 NP,0.21525425,-0.2605924
39274,PVM,0.44049323,-0.1788257
73218,L4/5 IT,0.3827513,-0.15853688
267003,L4/5 IT,0.40955657,-0.17754886
77015,L5 IT,0.25426674,-0.1766214
77024,Astro,0.107052326,-0.44932243
97714,L4/5 IT,-0.29307035,0.24615437
59380,L2/3 IT,0.22558606,0.19184458
39261,L5 IT,-0.21962339,0.06458837
204803,L2/3 IT,0.1238668,0.17014205
77109,Oligo,0.26558942,-0.31572706
14920,L4/5 IT,-0.30186078,0.27975744
219830,Micro,0.14692324,0.24426526
69770,L2/3 IT,0.0650115,0.21511143
97721,L5 ET,0.19452024,-0.20251742
11559,L4/5 IT,-0.06064093,0.22691822
131581,L6 CT,-0.1309914,-0.07868755
97729,L4/5 IT,-0.18638727,0.22947443
278204,VLMC,0.3287905,0.13164568
56995,Sst,-0.12464911,-0.095471025
69787,Peri,0.23755306,0.1982258
131651,L4/5 IT,-0.26268077,0.25871283
257479,L6 CT,0.09765971,-0.18621406
225680,Sst,-0.09382677,0.012654245
195143,L6 IT,0.13189745,-0.31816894
59370,L5 IT,0.34491247,-0.29745314
73213,L4/5 IT,0.08411628,0.08297765
71678,L4/5 IT,-0.19926482,0.20732003
58149,L6 CT,0.21067786,-0.2564203
97826,Endo,0.37198335,-0.066429615
215448,Oligo,-0.20017532,-0.12044814
71674,L4/5 IT,-0.29301775,0.1726948
57093,OPC,-0.14446318,0.06546259
235173,L5 IT,-0.13371113,0.16426885
204847,L6 CT,-0.08194077,0.0014512539
97911,Peri,0.21466863,-0.33565038
76749,Astro,-0.448318,0.04213208
137495,Endo,-0.14883989,-0.099149406
214894,Astro,-0.119487554,0.08925831
242557,Sst,0.40292633,-0.22135198
194956,L6 IT,0.24906361,-0.29282272
8775,OPC,0.14936304,0.31795275
267073,Astro,0.14334708,0.12985474
97952,Endo,-0.0317986,-0.19426966
193175,Peri,0.056021094,-0.41801187
39322,L6 IT,0.22528231,-0.37714094
76670,L4/5 IT,-0.16040608,0.19525939
224750,Oligo,0.046036363,-0.3574096
70022,L2/3 IT,-0.07204887,0.2557795
132254,OPC,0.045051694,-0.19405195
219795,L5 IT,0.3012523,-0.1498307
131505,L5 ET,0.34304392,-0.28087938
244751,Endo,-0.4236546,0.020756781
132010,Astro,0.033180535,0.32699817
42127,L2/3 IT,0.08480555,0.21639097
137508,Sst,-0.19838527,0.18372124
8776,L6 CT,-0.1742461,-0.0046006143
69924,L6 IT,-0.022699833,-0.10479906
97870,PVM,-0.42907685,-0.02257058
131907,L2/3 IT,-0.17666504,0.3929699
5015,L4/5 IT,-0.2032181,0.19859946
224670,Endo,0.31566352,-0.2634878
131935,L6 IT,-0.20442438,-0.14415917
206256,L5 IT,-0.14277303,0.13775438
102419,Peri,0.15326667,0.17456502
39299,Pvalb,0.35680377,-0.107737124
42061,L5 ET,0.30598783,-0.19466415
195015,SMC,0.13615066,-0.34898752
97888,L6 IT Car3,-0.31244773,-0.06726569
59300,L5 IT,0.09844673,-0.0043092966
257410,Astro,0.12949145,-0.4333643
195010,OPC,-0.042829484,0.3202265
42045,L6 CT,0.07450658,-0.14367458
102407,Oligo,-0.022685409,-0.2633952
42068,L4/5 IT,0.0021466613,0.18587345
262581,Micro,0.1272136,0.3095789
77145,Endo,0.14249116,0.22071391
219088,Pvalb,-0.22461015,0.014198005
11562,L2/3 IT,0.185503,0.050701678
257614,Astro,-0.031280994,-0.25505513
212975,L6 IT,-0.22129628,0.02317816
137599,PVM,-0.23903188,0.17952675
131079,L6b,0.073023796,-0.32648334
236025,L6 CT,0.04744667,-0.16967013
131087,L4/5 IT,0.39390016,-0.20659477
131090,L4/5 IT,0.0582245,0.1423229
243202,L6 IT,0.1795559,-0.35327566
137634,L6 CT,0.05508268,-0.21625262
131104,L6 CT,0.11834782,-0.27504152
131113,L4/5 IT,-0.28462183,0.30001986
69629,L4/5 IT,0.059973836,0.14999163
100042,PVM,-0.09983957,0.14796066
137584,Oligo,-0.43079337,-0.026662588
215565,L4/5 IT,-0.28448606,0.26640815
215561,Endo,-0.25353643,-0.10059738
77315,L5 IT,0.05344236,0.08393592
131176,L5 IT,-0.07991615,0.1437149
267708,L4/5 IT,-0.05978039,0.23387265
273466,Endo,-0.103541136,0.2663759
102846,Endo,-0.3218686,0.042471826
5098,L5/6 NP,0.019071639,0.077433586
77333,L4/5 IT,-0.2388489,0.20081049
102920,Astro,0.04263681,0.10304129
137655,L2/3 IT,0.35456777,-0.08901143
77449,Astro,0.11917037,0.23536855
130797,L5 ET,0.28354472,-0.18537936
69545,Astro,0.087712884,0.3174479
77435,SMC,0.37926555,-0.21620423
130862,Micro,-0.33386648,0.29593796
137640,Astro,0.010068476,-0.27117747
13167,L6 CT,-0.09120312,0.025406837
266942,L5 IT,-0.26252866,0.03481847
39217,Endo,0.023545504,0.23829025
58175,L2/3 IT,0.16174728,0.23576903
42572,L4/5 IT,0.37201017,-0.1966123
77398,L6 IT,0.19545323,-0.31374633
97610,Pvalb,-0.020607293,0.17840725
266932,L6 IT,0.29661125,-0.25656784
77362,Peri,0.06211126,0.06572342
8822,Oligo,0.12501132,-0.38921046
130945,L5 IT,-0.048681438,0.13864553
77346,L5 ET,-0.1020675,0.16432887
97608,L6 CT,-0.36442673,-0.06499198
8773,Endo,0.13435924,-0.46443534
56897,L2/3 IT,0.20611292,0.20020896
257556,VLMC,0.42639995,0.009218395
69705,L6 CT,0.060756326,-0.1803698
131339,L6 IT,-0.3389932,-0.039664537
39249,Oligo,-0.09839958,-0.18587986
224543,L2/3 IT,0.09496182,0.19895583
224548,OPC,0.20535856,0.24731767
233979,L5 ET,0.10269457,-0.113622636
11874,L5 IT,-0.3671478,0.019135058
5048,Endo,0.18059129,-0.27512592
213030,L4/5 IT,-0.4467407,0.08596653
102763,L2/3 IT,0.10040963,0.21660626
59405,L2/3 IT,-0.20578447,0.40502524
42333,L2/3 IT,-0.35546464,0.23070914
39257,SMC,0.16334862,-0.37406015
131406,L5/6 NP,-0.31011152,0.04228002
137555,L4/5 IT,0.34361053,-0.22546917
131413,Oligo,0.09424621,-0.38114786
213031,Oligo,0.044027805,-0.27475742
102678,L2/3 IT,0.39942527,-0.088786244
268315,Sst,-0.13406357,0.14575535
244623,Lamp5,0.14509249,0.122124076
39252,L4/5 IT,-0.22978559,0.27678502
5086,Endo,-0.12057042,0.29369032
97678,Lamp5,0.05310476,0.23346764
263382,Endo,-0.21251571,-0.009804368
8276,L2/3 IT,-0.008503377,0.2474351
204750,Oligo,-0.15518981,-0.15244973
213002,Pvalb,-0.26432884,0.23095411
195269,Astro,0.10299444,0.1159817
243534,VLMC,0.47392535,-0.067188025
131259,Astro,-0.009701788,0.38282752
131261,Endo,0.2064457,-0.14305988
42437,L6b,0.17707366,-0.4142689
233986,L6 CT,0.00894922,-0.07555458
237301,L5 ET,0.26819754,-0.3081279
131265,Lamp5,0.42376876,-0.16018212
8815,L6 CT,0.042832017,-0.14853635
131277,Astro,-0.1834116,-0.010987282
42416,L2/3 IT,0.3788798,-0.06390205
97675,L5 ET,0.28614527,-0.28356886
39238,PVM,0.100013316,0.20761752
213005,L5 IT,0.13029593,0.019157827
71711,Micro,0.037018716,0.17889744
102798,Endo,-0.43124896,0.00047773123
102790,L6 CT,0.052741468,-0.11298776
137582,Oligo,0.1003747,-0.3365897
39208,L6 CT,-0.0625864,-0.09356359
224761,L2/3 IT,0.32470953,0.06533134
41911,L5 IT,0.31397182,-0.27092785
76203,Astro,-0.15806767,0.28039104
194624,L5 IT,-0.4484989,0.055426836
4928,L2/3 IT,0.16343683,0.12661272
76174,L5/6 NP,-0.07562968,0.123649895
99070,Sncg,-0.16518831,0.42244524
133145,OPC,-0.36152834,0.18581843
233944,L2/3 IT,0.17557102,0.22654665
70280,PVM,-0.13139933,-0.22728443
133165,L5 ET,-0.2947533,0.07994622
100186,Vip,0.39868522,-0.111527115
137062,L6 CT,-0.1403879,-0.08871621
15011,OPC,-0.0037421286,-0.26273265
267195,L6 IT,-0.15293404,-0.050858468
101867,L6 CT,-0.24986655,-0.11127862
256615,Peri,0.010972738,0.37546343
71549,L6 IT,-0.25673813,-0.11241564
263299,L5/6 NP,-0.14532885,0.10972357
205020,Astro,0.18280917,-0.39537096
193336,L2/3 IT,0.17925406,0.10663736
73438,Micro,0.41397637,-0.1050486
273078,Pvalb,-0.23551261,0.36636037
76233,L6 IT Car3,-0.2920783,-0.17244884
76234,L4/5 IT,0.1933651,0.0736599
213385,Oligo,-0.18668815,0.1601671
11210,L2/3 IT,-0.17045447,0.4008938
132907,L6 IT,0.25363147,-0.2771943
132946,Lamp5,-0.1357064,0.23707014
132949,L5 ET,0.18596214,-0.16690955
41554,SMC,0.4606219,-0.019407451
204953,L5 IT,-0.28993818,0.120176196
133005,Oligo,-0.12883404,0.17696452
133017,Endo,0.08217776,0.28775328
215318,Astro,-0.0010223687,0.13864541
224945,L4/5 IT,-0.26567286,0.17727959
194644,Sst,-0.10230994,-0.044893086
133042,L5 IT,-0.3929495,0.06941241
57227,L4/5 IT,-0.00378263,0.15352482
41511,L6 CT,-0.16952306,-0.082045525
137198,Astro,0.113419294,-0.4311873
59177,Endo,-0.20228681,0.39827394
194642,L5 ET,0.123604536,-0.14609697
194640,L4/5 IT,0.0622887,0.21142435
233948,L2/3 IT,-0.20233837,0.38317055
257267,Endo,-0.2929953,0.32044214
101835,Endo,0.29613143,0.17187893
76009,L4/5 IT,-0.24217802,0.23756981
194576,L4/5 IT,-0.054058075,0.17449236
101723,L2/3 IT,0.15874499,0.2206465
8361,L5 IT,-0.30735916,0.08803785
205090,L4/5 IT,-0.30457094,0.2592126
133422,L6b,0.13298559,-0.39257866
215296,L2/3 IT,0.39279896,-0.10230541
206146,OPC,-0.2879938,-0.08817521
136905,L6 CT,0.17038757,-0.33796254
101637,L2/3 IT,0.38465375,-0.14802185
219586,L2/3 IT,-0.13027793,0.42654556
75944,L6 IT,-0.15100023,0.03089124
39558,SMC,0.47907025,-0.08654851
100248,Oligo,0.11371857,-0.4132133
257191,L6 CT,0.18263328,-0.24709392
4536,Oligo,-0.05835572,0.033192396
234473,Astro,-0.35635585,0.18689507
136885,L6 IT,-0.14153382,0.038562596
219205,Oligo,-0.00804615,-0.28399652
133491,L5 ET,-0.24384654,0.10481131
267255,L2/3 IT,0.079779804,0.22333646
215270,L2/3 IT,-0.14822644,0.3096072
277720,L6 CT,-0.23088983,-0.011903495
59187,Oligo,0.10888094,-0.29442483
219739,Endo,0.1515761,0.2933095
57333,Endo,-0.23053858,0.09589076
98186,Sst,-0.019105434,0.276361
219188,Astro,0.114858866,-0.05976811
75987,L5 IT,-0.27559173,0.11580247
219743,L6 IT,0.23626089,-0.26330736
15218,L5 IT,0.32262307,-0.21181583
98187,L4/5 IT,-0.15887433,0.2592842
98205,L6 CT,0.16444385,-0.25530258
219741,L5 ET,-0.095826894,0.0706808
136957,Astro,0.4296177,-0.06476864
273099,L4/5 IT,0.059750557,0.16172981
41403,L2/3 IT,0.36030143,-0.13639268
237327,L2/3 IT,0.3035822,0.11414617
193348,Astro,0.13471287,-0.4667945
75971,Astro,0.19895911,0.2618994
219194,L5/6 NP,0.3349564,-0.27033475
41374,L6 CT,0.07803029,-0.15502769
136917,Peri,-0.25480396,0.20220459
41368,Astro,-0.088596284,-0.085776806
4913,L2/3 IT,0.2882899,-0.013800472
41358,Pvalb,0.1229223,-0.056274474
41397,L2/3 IT,-0.08972305,0.29803777
102090,L4/5 IT,0.01174891,0.23359704
58695,Astro,0.42805213,0.0188663
224903,L6 CT,0.09889716,-0.19076729
194875,L2/3 IT,-0.3027746,0.18784547
132445,L2/3 IT,0.32656854,0.08776176
193240,L4/5 IT,-0.06516147,0.16852158
98000,Peri,0.2014777,0.05949819
137336,Peri,-0.29513165,0.31371164
273020,Pvalb,-0.29904467,0.22436565
257329,Endo,0.1493007,-0.42097974
278242,Endo,0.19971395,-0.19871497
41784,Endo,0.048984587,-0.32793725
41844,Lamp5,0.029642463,0.13133931
194796,L2/3 IT,-0.042505383,0.33280492
137314,L4/5 IT,-0.13522127,0.17908466
213317,PVM,0.1551277,-0.4177378
237319,SMC,-0.17232358,0.40616953
214316,L5/6 NP,0.100938976,-0.13137504
215377,VLMC,0.23806268,0.24651414
132593,L6 IT,-0.24451768,-0.10181621
100145,Oligo,0.26099622,-0.18283695
58112,L6 CT,-0.010106832,-0.051464945
99088,L4/5 IT,0.4038105,-0.23112366
213308,Micro,-0.1348769,0.20401734
219778,Peri,-0.1453839,0.19498181
59225,L5/6 NP,-0.24965379,0.15150988
76535,Endo,0.07843161,-0.400939
11538,L2/3 IT,0.34600598,0.041860282
137455,L4/5 IT,0.006316364,0.20322537
224765,Oligo,-0.0018358529,-0.32165462
41903,Micro,0.20317519,0.26156247
268267,OPC,-0.23302892,0.033367455
194918,Oligo,-0.0011169612,-0.28868532
11856,Micro,-0.0077010393,0.1563071
215406,Pvalb,0.21154577,-0.3157556
204881,L6 CT,0.20773995,-0.26358104
15252,L6 IT,-0.019963086,-0.06928718
244874,L2/3 IT,0.106642604,0.30650896
193195,Micro,0.27088273,-0.1559819
132309,PVM,-0.2890764,0.2417484
4984,L6 CT,0.031804025,-0.11820844
193210,L2/3 IT,0.12390047,0.24078488
102283,PVM,0.25519615,0.2098139
4484,Astro,0.1340484,-0.47621816
246538,L4/5 IT,0.20569998,0.07283205
100136,L2/3 IT,-0.17828202,0.33682233
102276,L6 IT,0.0006752014,-0.0749864
132278,L2/3 IT,0.12503213,0.17622668
243487,L2/3 IT,-0.270382,0.36166555
41748,Oligo,0.066425025,-0.39127278
102210,Micro,0.025837839,0.19219124
268254,L2/3 IT,-0.25242034,0.35520107
194749,L5 IT,0.12018144,0.0053064227
102145,Micro,0.35872793,-0.100491226
132703,L5 IT,-0.29659677,0.18882674
41650,L4/5 IT,-0.04620412,0.22488612
132720,Micro,-0.25526187,0.17566901
73415,Oligo,0.03695333,-0.30004853
132727,L5 IT,-0.43829185,-0.016107917
4947,L5 ET,0.28716266,-0.20668027
41665,L4/5 IT,0.33856332,-0.22277978
193259,L6 CT,0.111396134,-0.20393354
102133,Pvalb,-0.19429329,0.2850569
239645,Peri,0.27527124,0.101674855
132816,L6 IT,-0.12885249,-0.023673475
11846,L4/5 IT,0.39784253,-0.21892735
237323,Oligo,-0.08338082,-0.1916168
256591,L2/3 IT,0.05255848,0.21352774
213353,L4/5 IT,-0.016988695,0.21861136
137207,L4/5 IT,0.35154033,-0.22563174
41593,Lamp5,0.23350382,-0.11840075
213351,Endo,-0.075113505,0.19851053
41747,L4/5 IT,0.36044425,-0.17955256
100154,L6 IT,0.12347531,-0.121914744
14993,Oligo,-0.21086451,-0.17471391
268007,Oligo,0.3513087,-0.10358065
279511,L6 IT,0.053224206,-0.17729038
219777,L2/3 IT,0.3533303,-0.020098656
225633,L2/3 IT,0.15652418,0.2367332
132621,L2/3 IT,0.05927652,0.26611918
137275,L6 CT,0.17752767,-0.25498968
76413,Oligo,0.11561608,-0.41816977
233964,OPC,-0.107568085,0.04632759
204924,L6 CT,-0.07220405,-0.08394152
102158,Oligo,-0.22178316,-0.18065828
102177,Oligo,0.011582375,-0.29820305
57198,Oligo,0.06566244,-0.3046139
41690,Oligo,0.1466009,-0.41798723
57199,Astro,-0.023502797,0.013740838
76385,Endo,0.37218994,0.04786259
132659,Astro,-0.13872406,0.39776862
58092,Micro,0.39176726,-0.019679993
132664,L6b,-0.006863117,-0.200068
132667,L6 IT,-0.23263967,-0.1526623
70142,VLMC,0.10798836,0.36634427
15246,OPC,0.17109865,-0.40437973
110798,Vip,-0.14295977,-0.13925931
258772,L4/5 IT,0.27727735,-0.11303726
81001,Lamp5,0.38490373,-0.022006422
88734,L6 IT,-0.06284091,0.034480274
50394,PVM,0.12771314,0.31716144
260382,L5 IT,-0.11645192,0.12122542
50379,L6b,-0.06405124,-0.22425026
244184,L6 IT,-0.15690055,-0.12841931
115385,L6 IT,0.27093023,-0.258407
115391,L2/3 IT,-0.31289053,0.28879398
50362,Oligo,0.06292379,0.19463372
202818,L6 CT,-0.107042104,-0.0673933
217464,L5 ET,0.26118594,-0.33557904
88752,L2/3 IT,0.34032243,0.027613938
50360,Oligo,0.020612419,-0.3296511
115418,Astro,0.45363486,-0.12181273
115459,Oligo,0.080394566,-0.4065065
115478,Oligo,0.07297957,-0.04519865
50333,L2/3 IT,-0.19379583,0.41712368
61494,Sst,-0.113438636,0.083646595
115500,Astro,0.22398031,-0.016849995
53920,OPC,0.094053805,0.34736764
53931,Astro,0.11809254,-0.476488
115532,Micro,-0.12514195,0.35518312
50300,Oligo,0.09011769,-0.36451215
88696,L5 IT,0.3227476,-0.26473337
264940,OPC,-0.11615339,0.35160768
115307,L4/5 IT,0.34209305,-0.264808
236484,L4/5 IT,0.3541894,-0.19618964
209155,L6 IT,0.2649508,-0.30137676
261560,OPC,-0.02491039,0.32530868
115050,L5 IT,0.24415827,-0.12574908
261566,VLMC,0.2626859,0.22553313
202778,L2/3 IT,0.08030754,0.31674176
50547,Endo,-0.26758966,0.33158422
115059,L2/3 IT,0.070580125,0.2764805
50542,Astro,0.055120587,0.15431786
115074,L2/3 IT,0.38475823,-0.14927691
108717,Oligo,-0.06615934,0.31076658
271028,Endo,0.17804855,0.29821986
269425,Astro,-0.29907322,0.12339318
221854,Lamp5,0.20514297,0.2666517
115117,Pvalb,-0.2589063,0.3023029
278570,L2/3 IT,0.33882576,-0.08046892
271641,Endo,0.026191413,-0.15991196
260420,Astro,-0.42313647,0.039629042
115165,Endo,0.41293365,-0.096639186
115173,Lamp5,0.16604793,0.29610336
207739,L4/5 IT,-0.44066107,0.085289836
61523,Astro,0.22784728,-0.217406
115246,PVM,-0.054876298,0.30485094
115259,L4/5 IT,0.37551588,-0.17469311
115544,Oligo,0.08881515,-0.36593017
200512,L2/3 IT,0.03527069,0.1671207
88668,Pvalb,-0.045380086,0.04613483
6859,L5 IT,0.29379177,-0.16673309
88456,Oligo,0.10312027,-0.4214295
50157,L4/5 IT,0.06925237,0.18000543
9289,L5 ET,-0.36391228,0.048202574
264994,Micro,0.15306324,0.16810155
93963,Oligo,0.01892829,-0.31599152
12453,Micro,0.17906111,0.2683053
115879,Endo,0.092636764,-0.1532745
88373,L5 ET,0.16284537,-0.15764827
269384,Micro,-0.3333639,0.11857927
209310,L2/3 IT,-0.0914588,0.3806234
108461,Endo,0.05662477,0.22025692
64162,L6 CT,0.2220558,-0.3659979
115909,L2/3 IT,0.112202406,0.25121754
53976,L4/5 IT,-0.28660893,0.25365257
64170,Oligo,-0.10021803,-0.05954519
93970,L4/5 IT,0.07829785,0.14689213
234790,OPC,-0.34281442,0.1266222
209325,L4/5 IT,0.33944458,-0.16331995
50098,PVM,-0.07256523,-0.25321755
6799,Astro,0.3891875,-0.004745871
50088,L4/5 IT,-0.025455654,0.26535553
116034,PVM,0.186894,0.3001454
260269,Endo,-0.14899144,0.34413803
88509,Oligo,0.03147888,0.08146411
6922,OPC,0.31795412,-0.28978682
244443,L4/5 IT,-0.41354775,0.11606729
88529,Endo,0.2551034,-0.408197
64034,Endo,0.3739676,-0.120761424
200490,L4/5 IT,-0.22607753,0.26325214
88648,L6 IT,0.20012468,-0.19348073
88642,L2/3 IT,0.122739494,0.23945612
260359,Oligo,-0.22100908,0.038832605
200475,L5 ET,0.20478255,-0.2632737
88634,Endo,0.34588397,-0.17213428
108520,L6 CT,-0.20794415,0.05264896
278689,L6 IT,-0.14523801,-0.05141315
88608,PVM,0.18060088,-0.016176134
209227,L5 IT,0.22041947,-0.16659918
108493,L5 IT,-0.022181153,0.092947006
50261,Lamp5,0.3288014,-0.050750554
53946,Peri,-0.008016288,0.19987977
61462,L6 CT,0.22480613,-0.3767291
88590,L2/3 IT,0.118943036,0.21045429
115656,L6 CT,0.025470436,-0.19979733
88576,Oligo,0.11957413,-0.40921324
88574,Sst,-0.16186339,0.13095814
200449,L6b,-0.14067757,-0.15302211
242101,Astro,-0.025750846,-0.28329745
220703,Astro,0.117515504,-0.4382075
271691,L6 IT,-0.2766173,-0.15734851
93921,L5 IT,-0.0020176768,0.030356705
64195,L4/5 IT,-0.35526842,0.23617297
220737,L4/5 IT,-0.17260382,0.22005033
50578,L2/3 IT,-0.06332621,0.33560538
114389,L6 IT,0.2409544,-0.26648968
50898,VLMC,0.35973096,0.12518764
244408,L2/3 IT,0.17897993,0.20494908
209063,Pvalb,-0.24410343,0.22490007
108942,L4/5 IT,0.38489258,-0.21190006
50887,L2/3 IT,0.15250903,0.18090767
50879,Endo,0.106046736,-0.08972889
260568,L4/5 IT,0.13122004,0.0882324
9770,OPC,-0.21946853,-0.025303364
50876,Oligo,0.0147640705,-0.28280312
93583,L5 ET,-0.046209276,0.13381428
200891,Astro,0.09147394,0.3194074
264850,OPC,0.29289216,-0.19312495
89255,Astro,-0.4830617,0.016934812
89240,Endo,0.31218618,-0.21722203
93641,L6 CT,0.2160672,-0.39672378
50860,L4/5 IT,-0.31631655,0.25868767
53724,L5 ET,0.2691378,-0.23548815
12503,L2/3 IT,0.32374895,-0.012306809
271581,Astro,0.42281657,-0.1723027
264859,Astro,0.24929118,0.2079615
235681,L5 IT,-0.34396973,0.040573597
264849,Vip,-0.008958608,0.33090597
114341,L5 IT,0.33361095,-0.29027492
245592,L2/3 IT,0.16547674,0.24837232
108998,L6 CT,-0.31641424,-0.1827066
209028,Astro,-0.019674689,0.40053588
114175,L2/3 IT,-0.24535036,0.39923352
63640,Astro,-0.18422514,-0.05926606
61665,L4/5 IT,0.34117478,-0.14932072
261520,L5 IT,0.12806064,-0.041686088
114200,L5 IT,-0.4475873,0.083672285
200950,L4/5 IT,-0.2334216,0.32091564
63642,Vip,-0.24290136,0.36463374
114205,L6 CT,-0.18998504,0.07033521
109048,Astro,0.055410862,0.33449078
200944,Pvalb,-0.07632759,0.24702352
50955,L6 CT,-0.10686055,-0.02194348
6981,Endo,0.14835542,-0.32644057
50953,Astro,0.32757473,-0.25838
114261,Endo,0.16973263,0.2949366
89377,L5 IT,-0.0024001002,-0.0018616319
9331,L2/3 IT,0.31060857,0.044142187
114275,Endo,-0.1396074,-0.0017924011
209059,Endo,-0.13345024,0.08236718
114291,L4/5 IT,-0.048892707,0.1627934
109029,L6 CT,0.084876716,-0.2570728
260585,L2/3 IT,-0.22623518,0.360035
264146,L4/5 IT,-0.4786212,0.0774194
114547,Micro,0.16813129,0.2902001
218357,Astro,0.37884468,-0.15564254
202738,L6 IT,-0.06237206,-0.011062741
264099,Oligo,-0.11535576,-0.04586646
88986,L2/3 IT,0.3861633,-0.1717098
88980,L6 CT,-0.21719447,0.04890722
53795,Endo,0.06988025,0.3635208
260459,Pvalb,-0.30458534,0.17913294
108778,Endo,0.046750963,-0.37765402
63876,L5 ET,-0.07766238,0.10781026
271617,L6 IT,-0.2509175,-0.15423596
269762,L5 IT,-0.1418966,0.12743253
114900,L2/3 IT,0.069776714,0.16695958
114903,L5 ET,-0.34591854,0.015278101
245620,L6 CT,-0.27420905,0.022090495
269434,L4/5 IT,-0.36450958,0.08501905
6930,L6 CT,-0.28016925,0.02951026
279037,Astro,-0.34112906,0.001822114
14032,Endo,0.30517966,-0.059542954
63882,Sst,0.23569697,-0.28813228
200676,L5 IT,-0.21975219,0.052932084
108745,Vip,0.13081336,-0.28863674
202777,L6 IT,-0.0324772,-0.0041868687
88911,Lamp5,0.32081938,0.080664754
207759,L4/5 IT,-0.32040584,0.23301387
50583,L2/3 IT,0.0873363,0.31317294
264917,L2/3 IT,0.21004122,0.13595867
63858,Oligo,0.16451359,-0.46600175
115028,Astro,0.20341825,-0.04295239
88998,L5 ET,-0.41967022,0.0054778457
114856,Oligo,0.12363738,-0.41131938
217545,Endo,-0.056070417,0.06335086
89136,L2/3 IT,0.24951047,0.11788082
114621,Oligo,-0.19928208,0.15394682
244208,VLMC,0.24518305,0.26505542
61595,PVM,-0.17704713,0.41901493
53752,Pvalb,0.046286106,-0.18757296
12806,Astro,0.358041,0.060447097
217539,Endo,-0.4046448,0.06694144
114642,L6 IT,-0.054249734,-0.035825968
200807,L4/5 IT,0.34466153,-0.21831995
93741,Oligo,0.085084856,-0.37553048
50767,L6 CT,0.05032593,-0.21418834
50757,L6 CT,0.15235645,-0.25258556
207788,Oligo,0.047971964,-0.30142203
264891,L6 CT,0.18325925,-0.33578753
50745,L5 IT,0.14292324,-0.0053776503
277890,Pvalb,-0.32697627,0.25797242
114739,L2/3 IT,-0.051001698,0.2572046
14016,Astro,-0.04709354,0.28530353
93764,L5/6 NP,-0.37419754,0.085829854
61551,L6 IT,-0.34399554,-0.002704531
108803,L2/3 IT,0.14035594,0.23966801
50704,L6 CT,0.11950219,-0.24225965
108787,L6 IT,0.23977196,-0.29616636
236487,L5 ET,0.29063803,-0.21230555
245676,Oligo,-0.0779289,-0.21631047
12445,L6 CT,0.2481544,-0.2842794
234652,L2/3 IT,0.07095289,0.22324318
265208,L2/3 IT,0.3993358,-0.1680772
260037,Astro,0.40285712,-0.1619533
117357,L2/3 IT,0.39060885,-0.115758926
94260,Pvalb,0.34837025,-0.20365095
117382,L2/3 IT,0.40548372,-0.21185705
117387,L5 IT,-0.17261174,0.064872205
107987,Astro,-0.255388,0.21750802
260017,L6 IT,0.016717851,-0.18886188
222297,L6 IT,-0.19331568,-0.11328152
202983,L5 IT,-0.29436353,0.103720665
269283,L2/3 IT,0.117607534,0.21740496
64720,L6 CT,-0.15456885,-0.14774442
54227,L2/3 IT,0.19778061,0.17917114
222299,Pvalb,-0.19967824,0.13714266
9253,Oligo,-0.09313169,-0.21765813
107912,Micro,-0.22245789,0.10412216
209798,Oligo,0.064323366,-0.41809428
199858,VLMC,0.4001689,0.026019156
222312,Endo,0.462753,-0.11687967
54252,L5 IT,-0.19472572,0.08868402
49274,L5 IT,0.084813,0.055352807
94286,L4/5 IT,-0.26146668,0.28976774
54211,Endo,0.15617132,0.14852744
222274,L2/3 IT,0.068743706,0.23579574
49399,L4/5 IT,-0.09506908,0.25589412
94175,L4/5 IT,0.21706462,0.029491544
108063,L5 ET,0.29311413,-0.251591
236462,OPC,0.2924376,-0.25875515
6658,L4/5 IT,0.37386072,-0.20384058
222242,L2/3 IT,0.4247253,-0.1558901
87321,Pvalb,-0.17723906,0.28145796
87305,L4/5 IT,0.3803841,-0.2351203
117199,L2/3 IT,-0.09115237,0.32683158
87250,L6 IT,-0.31470218,-0.16156971
269286,Oligo,0.17145681,-0.30937868
94227,VLMC,0.45142263,-0.03341943
94228,L4/5 IT,0.05019605,0.17219383
222258,L6 CT,0.1329853,-0.28191638
61267,L6 IT,0.048185766,-0.17983386
49440,L6 CT,-0.1385628,-0.07798424
87205,L6 IT,-0.099235624,-0.07687825
61259,L4/5 IT,-0.15244448,0.22440189
117268,L2/3 IT,0.09325439,0.3121124
6649,Micro,-0.22690415,0.036007464
265186,Pvalb,-0.13519198,0.18673295
10013,L6 CT,-0.262898,-0.03566894
87155,L2/3 IT,0.21358246,0.16603512
209718,L6 IT,0.26636928,-0.18934003
54257,L6 IT,-0.25974864,0.09689027
49272,L6 CT,0.062002957,-0.11145678
217231,Endo,-0.3258236,-0.15644681
9251,L6b,-0.11672619,-0.18080682
94417,L4/5 IT,-0.11216253,0.26032126
64894,L6 CT,-0.1355499,0.047487438
199771,Endo,-0.3300516,0.096594274
107775,Endo,0.2964691,0.13613278
64902,L6 CT,-0.24838445,0.053135693
235861,Endo,0.09002024,-0.46910536
265264,L6 CT,0.096160114,-0.16495684
199746,L2/3 IT,-0.2003972,0.389081
261702,L6 CT,-0.3259268,-0.059520066
209927,L5/6 NP,0.09573752,-0.10159412
117868,L6 CT,-0.27744126,0.034401536
49052,Micro,-0.37613672,0.054205596
218476,OPC,0.14737642,-0.16358912
207488,L5 ET,0.11303502,-0.031332254
49035,Astro,0.3508569,0.058406293
269837,Astro,0.33518285,-0.21032864
117975,Micro,-0.29594457,-0.10494092
199707,VLMC,0.47548968,-0.063176304
199705,Oligo,0.19907337,-0.3904272
86634,Oligo,0.06723142,-0.28553924
86629,Sst,0.13334769,0.07688367
14213,L5 ET,-0.2820984,-0.00083857775
86623,L6 CT,0.10160273,-0.1825754
242861,L2/3 IT,0.11590749,0.20888817
234797,L2/3 IT,-0.1408517,0.3450554
61169,L2/3 IT,0.36785626,-0.11884302
209906,Endo,-0.01999703,-0.2781362
271820,L2/3 IT,-0.30425763,0.28408092
259992,L2/3 IT,0.16502702,0.26210952
222322,L6 CT,-0.010901839,-0.06268495
49246,Oligo,0.07915437,0.16391277
49239,L6 IT Car3,-0.28906506,-0.14327452
54270,L2/3 IT,0.09904438,0.29504597
10035,L2/3 IT,-0.09911102,0.30028975
86856,L6 IT,0.10606229,-0.12666854
117598,Oligo,0.14280558,-0.38358015
49209,L4/5 IT,-0.30012792,0.27859616
199827,L4/5 IT,0.36881906,-0.2255154
117617,L5 ET,-0.37165666,-0.020887762
86851,L4/5 IT,-0.26366466,0.2725209
117620,L6 CT,0.12405938,-0.37068462
64786,L6 IT,0.29798955,-0.24191794
64789,L4/5 IT,-0.18110454,0.24301368
86840,L4/5 IT,0.23694754,-0.03720188
218467,L6 CT,0.19962382,-0.3829167
117666,Endo,0.21252865,0.035686433
107839,L4/5 IT,0.026533127,0.18087232
94373,Endo,0.08508831,-0.23386723
259982,L4/5 IT,0.022023499,0.18190259
279203,Astro,-0.24351695,0.32488102
107801,L6b,0.0024130344,-0.24564773
220692,L6 IT,0.1912291,-0.32021034
117149,L4/5 IT,0.02529937,0.10407537
49502,L4/5 IT,0.12266159,0.15505451
87951,L6 IT,-0.25858268,0.022229195
87914,L2/3 IT,0.100293696,0.2285592
222080,L4/5 IT,0.39830536,-0.20955917
116425,Peri,0.08818191,0.03813356
207668,Micro,0.035836518,-0.38095203
116431,Oligo,0.055632114,-0.2539906
242056,Endo,0.43188208,-0.16696838
207661,PVM,0.077340364,-0.28288934
209439,L6 CT,0.072300136,-0.14560628
87836,L6 IT,0.16418093,-0.29475147
64294,Astro,0.27287483,-0.016518056
64341,L4/5 IT,-0.27956116,0.2720359
61382,L6 CT,0.08222121,-0.13473964
49823,Peri,0.076910436,-0.15891147
222107,L6 CT,0.13918507,-0.18289134
87832,L6 CT,-0.13182342,0.014962256
116487,L4/5 IT,0.24645418,-0.10044664
49820,Micro,0.03790891,0.18350911
87824,Astro,-0.03934732,0.18555385
116523,Astro,-0.3042101,0.27542907
54045,L5 IT,-0.20120215,0.06494999
242052,L6 IT,-0.14179558,0.03191924
49828,L6b,0.073060334,-0.3074939
116393,L6 IT,0.19861746,-0.19507456
64288,SMC,0.316454,0.06687981
200219,L2/3 IT,-0.35752487,0.24243295
93977,Astro,-0.20085433,-0.0372611
116102,Endo,0.19097966,-0.1265268
88237,Astro,0.059293926,0.23954558
260251,Astro,0.28799123,-0.05107388
236748,Peri,0.37050176,-0.1920996
260247,L2/3 IT,0.40368915,-0.15866503
9282,L5 IT,-0.114323646,0.16918916
13619,Endo,0.12913203,-0.14753026
235656,Sst,-0.10765073,0.026440978
222043,Oligo,-0.16953075,-0.0011325777
88154,Lamp5,-0.149672,0.28932017
88140,L2/3 IT,-0.3587624,0.26508802
6768,VLMC,0.5,-0.12715775
244159,L5 IT,-0.34913796,0.14078051
9899,L2/3 IT,-0.42544335,0.032030523
88033,L2/3 IT,0.06107396,0.2904305
116226,L4/5 IT,0.38662255,-0.18874502
207674,Oligo,0.111476064,-0.39870068
116291,Endo,-0.07809463,-0.051083595
88020,L4/5 IT,-0.0775595,0.17523652
265064,L2/3 IT,-0.20070288,0.39642054
7692,L6 IT,-0.19757625,0.03184384
271726,L2/3 IT,-0.22389102,0.41864926
49811,Pvalb,0.07664502,0.093795
64352,Astro,0.019902706,0.27242398
87776,Endo,0.07340419,0.13049543
108351,L6 CT,-0.284428,-0.029064864
202948,VLMC,0.15242928,0.31090283
12825,L5 IT,0.2827425,-0.2208586
116881,Endo,0.28686285,0.16411495
116887,L2/3 IT,-0.3378799,0.28949773
209589,L6 CT,0.18895632,-0.38317752
200048,L6b,0.15765655,-0.42401543
94137,Lamp5,-0.2537279,0.20340788
108119,L4/5 IT,0.02919221,0.13655257
87434,PVM,0.13741249,0.31957245
209605,L5 IT,-0.32516757,0.09271294
235624,Micro,0.12426674,-0.34600508
222188,L5 IT,-0.08206475,0.12819147
199996,Oligo,-0.16117835,0.03902024
199992,Oligo,-0.036974102,0.24188983
87410,Oligo,0.3293342,-0.18574587
117058,Lamp5,-0.22613874,0.4304762
117065,L2/3 IT,0.029455721,0.20184153
117068,Micro,-0.29084426,-0.026573062
87379,Peri,-0.30522197,0.3288017
54181,L5 IT,-0.43694168,0.027620971
87342,L4/5 IT,-0.0004773438,0.24233192
64566,L6 CT,0.25046867,-0.26181608
49503,L4/5 IT,-0.25636512,0.30822623
49653,L4/5 IT,0.31250602,-0.12929338
14170,L2/3 IT,-0.23597363,0.4185599
269796,L6b,0.12211311,-0.38900876
242037,Endo,0.2976818,-0.21978638
217326,L6 CT,0.027466059,-0.16338071
14139,L2/3 IT,0.129552,0.2588054
217322,Endo,0.35060585,0.057037413
220674,OPC,-0.21286082,0.44778466
6725,L2/3 IT,-0.061126947,0.32408065
116628,L6b,-0.13645822,-0.17916161
108293,L4/5 IT,0.21378952,-0.05049053
116648,L2/3 IT,-0.11335945,0.33159763
108270,Peri,-0.014211923,-0.2395652
94044,L4/5 IT,-0.14369187,0.30713457
271746,Astro,-0.18014118,0.22153252
116677,L6 IT,0.19338322,-0.29335034
261626,L4/5 IT,-0.2914235,0.16123545
108236,L5 ET,-0.35735536,-0.005924493
87601,L6 IT,0.12273216,-0.19324526
108235,VLMC,0.1655513,0.31977916
87582,Oligo,-0.23007691,0.104132116
116768,Endo,0.1106928,0.27061856
200104,L6 CT,-0.09502369,-0.17435431
222151,Astro,0.03384012,-0.33451408
9965,L2/3 IT,0.21374679,0.15578526
116791,Pvalb,-0.18394196,0.22161245
279185,Micro,0.016931474,-0.1303407
116850,L5/6 NP,0.0054017305,0.061540663
114139,SMC,0.27358204,0.011799276
245567,L5 ET,0.14999336,-0.07162511
221693,L2/3 IT,0.24005342,0.1303302
110312,L4/5 IT,0.08048475,0.12254137
221247,L6 CT,-0.20792875,0.054885507
271330,Endo,-0.253047,0.009150863
201775,Sst,0.09698874,0.014951289
91625,Endo,-0.06897625,-0.25526345
208371,L2/3 IT,0.3690334,-0.013660669
111809,L5 IT,0.03662181,0.10831845
201766,L2/3 IT,0.008728981,0.3049035
264457,L5 ET,0.2394296,-0.13523439
208111,L5 IT,-0.38974828,0.082277894
111758,Astro,-0.19014257,0.081475556
261294,L6 IT,0.1577949,-0.29678935
271347,OPC,0.1465646,0.283346
264276,L6 IT,0.05566472,-0.044664443
111895,L2/3 IT,0.1300978,0.18055898
52190,Astro,-0.014911056,0.35877043
62612,L2/3 IT,0.25907862,0.09082681
91532,Sst,0.4284584,-0.1675897
110268,Astro,0.3930276,-0.19094849
201715,L6 CT,0.054450333,-0.26906335
260982,L5 ET,0.30904996,-0.28658414
13776,Oligo,0.124044836,-0.3904722
52232,L2/3 IT,0.10614115,0.24332625
13779,Oligo,0.09342897,-0.4121759
218056,VLMC,0.19631678,0.2976457
91668,L5 IT,-0.10349807,0.12632662
221187,L4/5 IT,0.021163583,0.1358177
111469,L6 CT,-0.058234215,-0.0066321194
92756,Astro,0.08927941,0.30797255
202228,Peri,-0.005606562,-0.26310226
111485,L4/5 IT,0.3841995,-0.23022339
12747,Astro,-0.11072311,-0.000949502
271186,L2/3 IT,0.108425796,0.2860322
201831,L6 CT,-0.25377545,-0.06906369
110381,Endo,-0.26419508,0.32201177
261282,L4/5 IT,0.3605439,-0.2266269
111509,L6 CT,-0.23057812,0.059046328
264428,Peri,0.06146097,-0.19185317
221201,Micro,0.25935882,0.20585
7331,L6b,0.14678115,-0.39683503
62530,Oligo,0.08237511,0.113554776
111618,L2/3 IT,0.35472262,-0.087291986
52330,L5 ET,0.17657083,-0.12965658
244354,L2/3 IT,0.1610071,0.2660066
111686,L2/3 IT,0.3277046,0.001978755
111701,L5 ET,-0.088288784,0.14520633
91686,L2/3 IT,0.06616557,0.19260144
91670,L6 CT,0.124542415,-0.41868111
201787,Astro,0.014157891,0.28708076
52168,Astro,0.025196075,0.17270261
260978,Endo,0.07105553,0.26174265
92823,L2/3 IT,0.13091153,0.21759516
112030,L2/3 IT,-0.2095901,0.3886884
91230,L2/3 IT,0.088477254,0.2521714
201611,L2/3 IT,0.23329055,0.1440959
201610,Astro,-0.15425107,0.11037636
91219,L2/3 IT,0.058594644,0.31611872
264515,L5 IT,-0.43990505,-0.06629872
91204,L5 IT,-0.31552815,0.06917751
112244,Micro,0.028965533,0.20934159
269596,L6 CT,-0.19479284,-0.091967225
112309,L5 IT,-0.19465414,0.11910075
110127,L2/3 IT,-0.34406376,0.25340903
271383,L4/5 IT,-0.2295424,0.26901054
7248,Astro,-0.16088417,-0.13803229
9606,Micro,-0.26243356,0.36785525
112388,L4/5 IT,-0.2505666,0.35525185
62793,L6 IT,-0.117729545,-0.091046065
7229,L6 IT,-0.24042523,-0.10446569
91038,Astro,-0.32949865,0.27019525
220972,L5 ET,0.05540979,0.031678796
51919,Oligo,-0.06271416,0.24244124
208050,Pvalb,0.258951,-0.14737618
261314,L6 CT,0.2494483,-0.35843444
61922,L2/3 IT,-0.21176091,0.30662686
53193,L2/3 IT,0.3895524,-0.010912895
9596,OPC,0.38001394,0.062210977
52431,Oligo,0.10469842,-0.4073916
53138,L5 ET,-0.26837182,0.17223358
112217,L6 CT,-0.120946705,0.037860036
264480,L6 IT,0.22683841,-0.22496703
220996,VLMC,0.1896565,0.28703254
112041,Astro,0.16795814,0.27525502
260965,L6 CT,-0.13923606,-0.0020269454
92874,Endo,0.33458686,-0.054641962
208425,Oligo,0.012040675,0.10152948
201686,L5 ET,-0.35027486,-0.0479472
12675,Astro,0.082360625,-0.32437474
91411,Astro,0.12506765,0.23797661
112098,L6 IT,-0.25575948,0.07233989
52100,L6 IT,-0.09178656,-0.17483112
245479,Micro,-0.0908477,0.31364864
208065,L6 CT,0.12895012,-0.31383365
110231,Endo,-0.011853933,0.124593794
62703,L2/3 IT,0.34860766,-0.024838984
208475,Oligo,0.2638064,-0.11273047
242259,L5 IT,0.34007597,-0.229442
244371,Pvalb,0.32181972,-0.21633908
62719,L6 CT,0.11980981,-0.24619982
62724,Astro,0.3468135,-0.027155012
52056,L6 IT,-0.26421452,-0.0066058934
112189,L6 CT,0.097537994,-0.19750512
7448,L6 IT,-0.013245165,-0.10737631
271163,L5 IT,-0.4174378,0.04750532
208039,PVM,-0.14088985,0.19751346
110434,L4/5 IT,0.18272716,0.04602021
91852,Oligo,-0.23877048,-0.15033174
7409,Oligo,0.015221536,-0.30621684
264343,Astro,0.26119256,0.17408484
221065,Pvalb,0.3012215,-0.28957087
110989,L2/3 IT,0.079701066,0.29601777
9467,L5 IT,0.02276206,0.08822733
92450,SMC,-0.21305946,-0.115133435
110669,OPC,0.24213213,-0.3585815
111015,Sst,-0.17242935,0.12240577
202011,L2/3 IT,0.40401495,-0.18065149
202007,Oligo,-0.122534275,-0.063321054
110985,L4/5 IT,-0.3003439,0.23105097
52659,L2/3 IT,0.33754152,-0.050377846
218152,Vip,0.12220091,0.25789112
111059,VLMC,0.4630263,0.0033465028
271243,Oligo,0.06733638,-0.37414226
269682,L5 ET,0.24134201,-0.27189958
92168,L2/3 IT,-0.3390695,0.25074685
218150,L6 CT,0.13474685,-0.21763563
92516,Astro,-0.25951597,0.283543
110614,Vip,-0.10549009,-0.07925063
92158,OPC,-0.3761538,0.17095023
9503,Oligo,0.043157518,-0.36780113
62303,L2/3 IT,0.04116577,0.2272473
92259,L2/3 IT,-0.34967905,0.27792102
271233,L5 IT,0.156824,-0.061650038
110738,L2/3 IT,0.11659783,0.23660624
9480,Endo,0.2779917,0.16312444
264315,Endo,0.18230164,0.037988782
261238,L2/3 IT,0.3408413,0.048564136
92321,Astro,0.07169777,-0.3699454
242722,Astro,0.11436391,-0.21636072
110848,L6 IT,0.04844272,-0.12795383
208188,L5 IT,-0.3645755,0.045201838
52750,VLMC,0.35429752,0.10492861
110859,L2/3 IT,0.33629233,-0.040253818
110864,L4/5 IT,0.29725146,-0.12602076
218164,L4/5 IT,-0.2336337,0.20025814
52732,L5 ET,-0.30990225,0.16360694
52731,OPC,0.33987665,-0.050752938
7382,L2/3 IT,0.08627498,0.22268456
110880,VLMC,0.22612733,0.25052547
110780,L6 CT,-0.20928797,-0.022632211
52794,L5 IT,0.38220805,-0.25247064
13805,Lamp5,0.43656456,-0.04711336
52823,Micro,-0.060020715,-0.22998169
202039,L2/3 IT,0.11783379,0.2224806
110960,OPC,-0.13894862,0.43183416
92261,Endo,0.07768655,-0.15757358
110963,L4/5 IT,-0.21222219,0.26401114
110601,Endo,-0.25578323,0.038968444
235795,L2/3 IT,0.05014682,0.27635348
261173,L5 IT,-0.42864758,0.037513137
92526,L5 ET,-0.27035564,0.13051409
279106,Vip,-0.31552377,0.2877568
221162,L5/6 NP,-0.28761786,0.1234225
9531,Astro,0.42682785,-0.1463339
52512,OPC,0.071168125,-0.3396095
218126,Oligo,0.05913931,-0.3584358
91988,Astro,0.27699554,-0.30798665
271202,L6 IT,0.23878229,-0.35656664
271272,L5/6 NP,0.3036844,-0.21865228
92630,L2/3 IT,0.14166462,0.22550297
271275,Endo,-0.19503763,0.122320235
208270,L5 ET,0.3122921,-0.23360315
111328,Endo,0.05662179,0.20894921
62111,L2/3 IT,0.17827356,0.098065495
202207,L4/5 IT,-0.2257283,0.27885014
208299,Endo,0.10376996,0.11332357
111338,L4/5 IT,-0.10025701,0.26138502
111340,Astro,0.08580291,0.16127127
264407,L4/5 IT,0.12046766,0.12358832
111347,L2/3 IT,0.116173744,0.26930088
91875,Micro,-0.25813603,-0.007644415
52959,L5/6 NP,0.049269855,-0.12840003
111357,L2/3 IT,0.08711761,0.22131819
91872,Endo,-0.07150847,-0.13205424
92022,L2/3 IT,-0.21077314,0.4418491
91846,L6 IT,0.21879727,-0.18253493
234693,Astro,0.3530537,-0.1567401
92062,L5 ET,-0.11079994,0.1506803
62335,L5/6 NP,-0.055326104,0.055050075
92118,L2/3 IT,-0.2939938,0.31297612
52616,L4/5 IT,-0.18269259,0.21951914
111130,L2/3 IT,-0.26951936,0.32028663
221134,Vip,-0.12279132,0.34601915
52907,L2/3 IT,0.43073696,-0.104379654
221144,Endo,0.0064867735,-0.17078972
52596,VLMC,0.27679366,0.2101621
92540,L6 CT,-0.14510542,0.049045205
52910,Astro,0.10919297,-0.44775623
62343,L2/3 IT,-0.039907783,0.23321438
110535,Oligo,-0.23579386,-0.14088261
62358,L6 CT,0.11734718,-0.19665769
239997,Oligo,0.017406762,-0.33465126
92561,VLMC,0.42157394,0.04274249
52580,L5 ET,-0.021963865,0.06955713
264297,Oligo,-0.14912611,-0.21198949
111180,L6 CT,-0.18388218,-0.056165516
92079,L2/3 IT,0.27542722,0.10048962
271264,L6 CT,-0.01806891,-0.14289722
111239,Peri,-0.19895792,0.359163
201947,L6b,-0.19481081,-0.11574939
52531,L4/5 IT,0.094189465,0.13946396
264386,Astro,-0.1400409,0.462076
51910,L2/3 IT,0.19446403,0.21135074
269584,VLMC,0.020420253,0.38203543
201519,L6 IT,0.1977055,-0.35209376
264701,L5 ET,0.34899914,-0.21450087
113415,Astro,-0.1465404,0.10416162
53488,L4/5 IT,-0.306324,0.27670068
109380,L5 IT,0.13033205,-0.050689638
109365,L6 IT Car3,-0.27947772,-0.2008464
109352,L5/6 NP,0.2117492,-0.28846413
53530,L2/3 IT,0.04688424,0.25026375
113485,L5 IT,-0.16602775,0.044030845
53531,OPC,-0.12913644,-0.16497207
113510,L6 CT,0.24387449,-0.26462683
51340,SMC,0.10004866,0.30004674
90023,Pvalb,0.11870688,0.16900522
218311,Endo,0.25409836,-0.3516551
109340,L2/3 IT,0.13415962,0.18928874
93338,L4/5 IT,0.3799346,-0.24714538
113570,Pvalb,-0.22871545,0.20082027
93349,L2/3 IT,0.2426951,0.1960553
113596,L4/5 IT,-0.21914011,0.25650615
89996,L5 IT,0.14704555,-0.063179374
109292,L2/3 IT,-0.25663525,0.3595245
217721,L6 IT,0.026566923,-0.037816107
220832,L6 CT,-0.16092375,-0.03176129
109344,Pvalb,0.26975596,-0.21198508
220845,Oligo,-0.2536507,-0.12348902
90061,L5 ET,-0.03215316,0.11804575
264697,OPC,-0.07958138,-0.064190924
9369,L6 CT,-0.20040217,0.011439025
109556,L6 CT,0.08277553,-0.062913746
260767,Pvalb,0.37132943,-0.25195852
51470,L4/5 IT,0.1390158,0.09657514
7557,L4/5 IT,-0.22616324,0.2719671
93185,Endo,0.0453524,0.32336438
264641,Oligo,-0.107857406,0.3223024
221560,L6 IT,0.19341272,-0.35106468
51453,Pvalb,-0.27102885,-0.09794593
208719,Micro,-0.21094301,-0.13778883
217821,Endo,0.3035617,0.15279877
7560,L2/3 IT,-0.11648974,0.34665048
113251,Oligo,-0.04894203,-0.2610467
217813,L2/3 IT,0.14980805,0.13993007
12781,OPC,-0.13577524,0.30741292
63202,Endo,0.37280905,-0.15400237
201253,L2/3 IT,-0.23300704,0.3613981
93240,Peri,0.07324028,0.17379582
51377,L5 ET,0.216385,-0.10745385
202555,Vip,0.37346232,-0.06071675
109440,Peri,-0.28274304,-0.017092407
9364,Endo,-0.26432317,0.140894
90139,OPC,0.10514611,0.22603047
89945,L5 IT,-0.19241005,0.17579806
242147,L6 CT,0.2590893,-0.3308456
89917,Peri,-0.24759075,0.12788725
271501,Oligo,0.12597275,-0.43539324
217654,L6 IT,-0.04772094,-0.25578856
109186,L4/5 IT,0.06232792,0.11998588
269746,L5 ET,0.07983565,0.10011333
113897,L6 CT,-0.17005417,0.03573352
13693,L4/5 IT,0.06469375,0.13876009
89600,L5 IT,-0.420843,0.008155584
269751,Oligo,-0.16365522,0.13148004
217633,L6 IT,-0.28231025,-0.13198537
6998,VLMC,-0.20151138,0.4884559
93474,L6 IT,-0.13044006,-0.047157556
93488,L6 CT,0.10648489,-0.16044983
63572,L6 IT,0.036722302,-0.053535372
53635,L5 ET,0.17279845,-0.1051912
93518,L4/5 IT,-0.15646848,0.22646457
221686,OPC,0.3994468,-0.08122802
242276,L5 IT,0.30563587,-0.3046859
114061,Pvalb,-0.14008135,-0.18717611
12529,L4/5 IT,0.41054273,-0.23121542
51031,L4/5 IT,-0.04392129,0.16229612
114070,L6 IT,-0.16608489,-0.013138711
261516,L4/5 IT,-0.2170287,0.2888733
271556,L4/5 IT,0.3662961,-0.19627434
209017,Oligo,0.08968902,-0.26239482
217664,Endo,-0.12711662,0.3623408
201271,Oligo,-0.078235745,0.16243511
89702,PVM,0.04101324,-0.2745331
89733,Oligo,-0.21637261,-0.10101244
51221,L4/5 IT,-0.354222,0.16549224
63393,Lamp5,0.12402171,0.30515194
89900,Micro,0.4022609,-0.05410987
269510,L6 CT,-0.0816533,-0.07903436
113639,L5 ET,0.28741437,-0.2115204
89891,Astro,0.22492999,0.24058098
9697,L6 CT,0.02300924,-0.1385358
220827,Oligo,0.121928394,-0.38486946
271059,VLMC,0.05867386,0.38002628
113690,Oligo,0.083832026,-0.3831781
113696,Endo,-0.08910462,0.14822042
113723,L6 CT,0.17506802,-0.32095033
245558,L4/5 IT,-0.0021438003,0.20722878
244401,Sst,0.08089918,-0.07387969
93447,L6 CT,-0.17587313,0.03119719
201103,Oligo,-0.08665204,-0.16476747
61709,Sst,0.23976928,0.12803525
89819,L2/3 IT,0.14137453,0.18278134
63480,Endo,-0.18044075,0.42259783
261494,L4/5 IT,-0.42240238,0.08485949
53591,L6 IT,-0.21379071,-0.032607198
89745,Endo,0.33935237,0.010229111
89740,L5 IT,-0.38276988,0.10632223
113830,L6 IT,-0.008211672,0.014217734
113176,Astro,-0.4122294,0.117275774
208713,L6 CT,0.09852713,-0.20966274
53425,L6 CT,0.0826481,-0.2473515
61893,Endo,-0.20714799,-0.16952881
244269,L6 CT,0.22225493,-0.23469576
202376,Endo,0.15038162,0.11000168
109897,L4/5 IT,-0.093018025,0.24337631
7480,VLMC,0.08897692,-0.3866529
90741,L2/3 IT,-0.43069792,0.18711239
53267,Oligo,0.07316637,0.10443586
93003,Lamp5,0.2932344,0.18355507
221474,Astro,0.43868083,-0.0018025041
202417,L5 IT,0.11851603,0.014368415
90728,L5 IT,-0.25010595,0.20040476
53296,L5/6 NP,0.023663223,-0.055572957
62973,L2/3 IT,0.42615235,-0.13209814
62976,Oligo,0.16258478,-0.4124577
112714,L5/6 NP,0.28790563,-0.29069388
51757,L6 CT,0.22880995,-0.37026677
112789,L6 IT,-0.18233609,-0.009270221
9626,L4/5 IT,-0.31190962,0.22584128
112810,L4/5 IT,0.3663451,-0.22257194
53302,PVM,0.21174425,-0.22963393
271415,Oligo,0.011207521,0.14602041
112840,L6 IT,0.25521672,-0.27745798
90696,Astro,-0.2462034,0.2465998
92988,Oligo,0.10456014,-0.40389395
202423,L5 IT,0.21406722,-0.038977176
109965,L4/5 IT,0.3666268,-0.15960625
201474,Pvalb,0.12901568,0.03301674
7464,L4/5 IT,-0.13733935,0.24635667
261350,L6 IT,-0.2056365,-0.04791075
271398,Pvalb,-0.29758537,0.14377749
271136,L5 ET,0.34043968,-0.27608886
51888,L6 IT,-0.013374299,-0.046096653
201513,Oligo,0.15235084,-0.4028246
269719,L2/3 IT,0.11727321,0.2812844
245337,SMC,0.18381923,0.28793472
208558,OPC,-0.13238496,0.087469876
90969,L6 IT,0.18592477,-0.28231794
51865,L6 IT,-0.17779619,-0.0740574
236627,L2/3 IT,0.15615821,0.25015306
7468,Endo,-0.29478917,0.04766357
92972,PVM,0.33631837,0.09924978
51856,Endo,0.058890224,0.346174
244286,L6 CT,0.07834995,-0.20088404
7202,Astro,0.20660347,-0.080804825
90946,Endo,0.051439643,0.116473556
92976,Micro,0.36778146,-0.21711123
208031,L6 CT,0.21023059,-0.27859673
264233,Astro,-0.079257995,-0.20975277
53229,OPC,0.0011666417,-0.19039446
90865,L2/3 IT,0.20619673,0.19179976
112593,L4/5 IT,-0.26170197,0.20363694
6547,L5 IT,-0.16729423,0.18813682
112847,L4/5 IT,0.075535536,0.16572398
51706,L5/6 NP,-0.16595602,0.038110435
245527,L6 CT,-0.3752087,-0.016563624
112990,L5 ET,0.2497266,-0.13646767
271437,Astro,0.3014496,-0.30881596
93118,L2/3 IT,-0.3925249,0.20125973
239932,Endo,-0.023106843,0.3621611
113007,L6 CT,0.1902104,-0.24777374
90449,L6 IT,-0.11668804,-0.08233479
53409,Endo,0.016549349,0.20122945
63113,L4/5 IT,-0.03143552,0.22168988
51575,L4/5 IT,0.11286932,0.11147642
12612,Pvalb,-0.2167201,0.17694831
242174,L4/5 IT,0.13194656,0.110293806
90434,L2/3 IT,0.22401565,0.16058636
113087,L5 IT,-0.2871183,0.15671867
61855,L5 IT,0.030568779,0.051242232
93146,Oligo,-0.08343884,0.05863017
260785,PVM,-0.13420644,-0.197725
260778,Pvalb,0.062108994,-0.24084154
113143,Endo,0.08265036,0.09811664
109590,Astro,-0.30827528,-0.048732698
90395,OPC,-0.24383566,-0.1186122
63147,L4/5 IT,-0.05631885,0.23128211
109582,OPC,-0.20372346,0.08599126
61869,L5 ET,0.13278681,-0.17035624
201374,Sst,0.15898281,-0.12397796
90477,L4/5 IT,0.052659214,0.18274206
90492,L6 IT,0.19233793,-0.31705332
202428,Oligo,0.093443096,-0.40737498
112863,Oligo,0.14329576,0.18665928
201365,Endo,0.34785187,0.04071051
9389,Peri,-0.32101834,0.1590178
221500,L2/3 IT,0.07634449,0.30303073
90661,Endo,-0.2202532,0.23320222
112887,L6 CT,0.18781292,-0.34130928
112898,L5 IT,0.30600464,-0.2465317
264211,L5 IT,-0.17170268,0.072016
7545,L6 CT,0.1895386,-0.3241015
201355,L2/3 IT,0.21048325,0.05742818
220888,Endo,-0.12514678,0.2767287
51664,Sst,0.2709152,0.03769815
112923,L4/5 IT,-0.29198638,0.294874
7148,Oligo,0.07515168,-0.37259728
90621,Peri,0.010350168,-0.2908306
63050,L2/3 IT,-0.1605016,0.40818793
264605,L4/5 IT,-0.06258389,0.22749305
90537,L2/3 IT,0.3948542,-0.16452134
63054,L4/5 IT,-0.4087641,0.15604061
279118,L4/5 IT,0.15539318,0.14835078
7547,L4/5 IT,-0.3164227,0.21252549
51629,Pvalb,-0.09087804,0.08764011
90490,Endo,-0.12948036,0.117943406
220178,L6 CT,-0.33867294,-0.09821519
6543,L2/3 IT,0.43865186,-0.117313504
64977,Astro,-0.008798599,-0.2941059
265962,L6 IT,-0.2120431,-0.13195482
123086,L6 CT,0.08851391,-0.10473809
105663,L2/3 IT,-0.13296598,0.3750552
60590,Endo,0.36000127,-0.021781355
123113,Astro,-0.32403177,0.26032364
211107,L6 CT,-0.02558747,-0.16296464
211128,L4/5 IT,-0.40163654,0.137622
46431,Astro,-0.42360705,0.051182687
60578,Micro,-0.38729948,0.03196174
105561,Micro,-0.3859396,0.26646215
234622,L4/5 IT,0.29078746,-0.12241241
211129,L6 IT,0.16455024,-0.26502573
197991,Endo,-0.24771997,0.012121797
197986,L6 IT,0.27621454,-0.25233582
123195,L4/5 IT,-0.28266925,0.2861042
223273,L4/5 IT,-0.3084163,0.23748273
82974,L5 ET,0.042266607,0.002341926
66682,L6 IT,-0.11705956,-0.12983105
82964,Pvalb,-0.2746849,-0.036967754
46386,L5 IT,-0.04875201,0.15190136
207039,Pvalb,0.010563791,0.15912402
259002,OPC,-0.3623101,0.07882023
207057,Oligo,-0.17609426,0.28376955
223235,L4/5 IT,-0.19503772,0.25798404
265960,L4/5 IT,-0.2888999,0.2225563
259026,Endo,0.09422153,0.35547024
223180,Oligo,-0.3240297,-0.084412694
234134,L6 IT,0.16001701,-0.21009335
46620,Peri,0.42240632,0.014907956
270810,Astro,0.0070400834,-0.28558183
272227,L2/3 IT,0.17445737,0.09182435
122913,Astro,-0.30164534,0.071599305
236987,Oligo,-0.3193934,-0.075696856
60624,L6 CT,-0.34252906,-0.06722677
245070,Sncg,0.4506684,-0.10254288
122938,Lamp5,-0.044698566,0.22076786
198051,L6 CT,-0.056610316,-0.0876703
122942,Pvalb,-0.20822644,0.020486057
122944,L6 IT,-0.16926724,-0.04432097
122980,Endo,0.004482448,-0.13531712
13451,Endo,0.15925074,0.038923442
46537,Oligo,0.1606636,-0.37513572
122991,Micro,-0.10773915,0.20598292
83148,L6 IT,-0.21262932,0.008382976
218634,Pvalb,-0.10033655,0.15770292
6014,L6 CT,0.024044454,-0.13441226
198039,L6 IT,-0.1388362,-0.062675446
123038,L6 CT,-0.19007903,-0.021603137
95601,L6b,-0.18104109,-0.15297231
123250,L6 IT,0.25815052,-0.26547635
82926,Micro,-0.37275004,0.1890285
46372,Peri,0.13178092,0.35107207
82923,L2/3 IT,-0.28650567,0.36460847
12169,Endo,-0.015621692,0.3492291
197897,L4/5 IT,-0.051525712,0.20532352
223318,L6 CT,-0.052482814,-0.030419528
123577,Endo,0.20912182,0.19844383
66832,L6 IT Car3,-0.30706275,-0.12214455
123584,L6 CT,-0.045725554,-0.03762448
105504,VLMC,0.47898155,-0.03153631
95818,Oligo,-0.212527,0.28425038
242398,L6 IT,0.0044212937,-0.053209275
123623,L6 CT,0.18834853,-0.3032705
95832,L6 CT,-0.32551676,-0.014359385
105418,L5 IT,-0.24735472,0.12429935
278166,L5 ET,0.03899014,0.007820368
263682,Micro,-0.322084,0.0917542
216484,L2/3 IT,-0.47313285,0.1276167
246105,Astro,0.29305488,-0.08566287
123658,Oligo,-0.095843315,-0.24565706
82547,Micro,-0.13969356,0.44667816
243831,Vip,0.05022794,0.14025873
66917,Oligo,-0.0047460794,0.10584581
66921,L6 CT,0.17839539,-0.24171853
55556,L4/5 IT,-0.3974013,0.1457063
82503,L5 ET,-0.199776,0.058835268
55505,L6 CT,0.05378717,-0.13112915
7965,L6 CT,-0.015441805,-0.11575025
46250,L6 IT,0.22779274,-0.27434665
258946,L2/3 IT,-0.17606676,0.32322794
46368,SMC,-0.16224614,-0.22474274
268840,Endo,0.049624324,0.044499755
66737,Endo,-0.06594679,-0.25884515
223282,L2/3 IT,0.034139097,0.21412587
123282,Peri,-0.07421392,0.3416639
123356,L6 IT,-0.15547767,-0.13190344
243841,Oligo,-0.115801215,-0.21561912
242396,L6 CT,0.05293399,-0.058082342
277954,L6 CT,0.19699717,-0.30906373
123418,Endo,-0.16014674,0.42488712
60559,Endo,-0.45732483,0.039139092
82841,L6 CT,0.06426853,-0.08870521
211190,L5 IT,0.072533846,0.044738114
123423,L5 IT,0.30391628,-0.1566146
216501,L2/3 IT,0.32752383,-0.12458357
60542,Astro,0.33487666,0.13477558
14535,L6 IT,-0.19941464,-0.09699014
46296,L6 IT,-0.27178192,-0.17518988
82825,Astro,-0.38235158,0.12003136
207015,L5 IT,-0.082900226,0.0187819
268806,L4/5 IT,0.039715946,0.27342457
46271,L6 CT,0.17779541,-0.36508188
243838,OPC,-0.040546656,0.37745625
123528,L4/5 IT,-0.082350194,0.15531224
240026,L5 IT,-0.12505937,0.076107204
10493,L2/3 IT,0.40116388,-0.1026403
46651,L5 IT,-0.24073094,0.07900846
122087,L2/3 IT,0.25616062,0.101581395
203685,L6 IT,0.23118764,-0.25711298
265833,PVM,-0.30589753,-0.07055777
279294,L4/5 IT,-0.006661117,0.20373595
210876,Micro,0.16563648,-0.28476074
122169,L4/5 IT,0.3436334,-0.15328899
7948,L2/3 IT,0.13475025,0.25006896
105917,L2/3 IT,0.23332834,0.17108548
198377,L2/3 IT,0.13507283,0.21040052
66369,VLMC,0.39462107,0.04408449
203677,OPC,0.19591111,-0.41386914
259213,L2/3 IT,0.45198226,-0.11579552
210886,Pvalb,0.23354053,-0.13864899
223088,Oligo,-0.08664301,0.20496863
105911,L4/5 IT,-0.3266833,0.18391055
83626,Micro,0.06699258,0.17666179
95426,Oligo,-0.23616567,0.21300673
13479,VLMC,0.11061603,0.35248107
203709,Astro,0.03608209,-0.26251286
105865,L5 ET,0.32309407,-0.25986385
66409,Pvalb,-0.15331396,0.21461952
236343,Oligo,-0.08668411,0.25734693
241883,Astro,0.2647773,0.17971379
234411,L5/6 NP,-0.027346432,0.06921363
46988,VLMC,0.14092767,0.33794892
216648,L2/3 IT,0.35840374,-0.06519607
198493,L6 IT,-0.051674694,-0.12918934
47102,L4/5 IT,-0.16152573,0.2872122
66274,L2/3 IT,-0.35094061,0.26224315
10390,L4/5 IT,-0.28322464,0.3106035
66276,L2/3 IT,0.111524224,0.18744344
55182,L2/3 IT,-0.23545444,0.37797707
121913,L5 ET,0.32173383,-0.28400633
66284,L4/5 IT,0.0789274,0.10605121
83880,L5 ET,-0.24093562,0.1766876
106122,L4/5 IT,0.37293994,-0.18805188
83854,SMC,-0.28991738,-0.22689089
121958,PVM,0.11649847,-0.4189831
244508,L6 IT,-0.068068355,-0.018870085
106075,Peri,0.19436336,-0.3150745
210840,L2/3 IT,0.4170798,-0.12770286
83832,L4/5 IT,-0.16838044,0.25584167
121987,Astro,-0.1844002,0.13423657
198455,L5 IT,0.066566885,0.06516838
83816,L6 CT,0.102606475,-0.11442298
122008,L6 IT,0.08863872,-0.13431466
60734,L5 ET,-0.2533465,0.12288654
122046,Astro,-0.043035984,-0.056977242
12232,L6 IT,-0.21676546,-0.15193263
46896,SMC,0.4912237,-0.12184045
272193,Micro,-0.086518675,0.37417054
122247,L5 ET,0.27711415,-0.21099979
95447,Endo,0.3066427,-0.0012703836
243878,Oligo,0.088594794,-0.3757817
122517,L2/3 IT,0.3298415,-0.053472698
122538,L6 IT,0.16685814,-0.355824
242964,L5 IT,-0.24129835,0.18614298
198240,L4/5 IT,0.36292177,-0.2103926
122569,Endo,-0.08023086,0.38153172
244517,L4/5 IT,-0.18866658,0.2809211
105817,Endo,-0.35360432,0.3074097
211050,Sncg,0.3592357,-0.0036975443
265899,L4/5 IT,-0.11624354,0.190884
46698,L5 IT,-0.31470346,0.046401262
259101,L5 IT,-0.0062226653,0.01333338
13472,L6 CT,0.042197645,-0.17726105
12916,Sst,-0.27371413,0.22066826
66553,L4/5 IT,-0.1093694,0.28624016
198171,Astro,-0.24868557,-0.20165858
216577,L5 ET,-0.2906062,0.1339984
211077,Astro,-0.17178482,0.12670648
105788,L5 ET,-0.23882961,0.078733444
95560,Oligo,0.10578674,-0.3975159
268874,Astro,-0.07679924,-0.07087219
83240,L5 IT,0.3085091,-0.27855688
122729,L6 CT,-0.30582047,-0.029760778
211012,L4/5 IT,-0.05976498,0.21362603
6058,Endo,-0.30945653,0.05314392
46767,SMC,0.28795356,0.15573585
270821,Endo,0.066990435,0.28310925
122263,L5 IT,-0.00043407083,0.13069242
66411,L6 CT,-0.024527907,-0.038737983
277830,VLMC,0.1846056,0.30851215
198345,Sst,-0.14614856,0.00799799
83592,L5 IT,-0.37314725,0.10262948
55326,PVM,0.3788461,-0.12429798
122297,L2/3 IT,-0.2584268,0.35677755
272200,Astro,0.04089296,0.15488714
6101,L2/3 IT,0.11020166,0.23567939
122345,L4/5 IT,0.18097407,0.06947482
66432,L6 IT,0.17780662,-0.37190014
83553,L5 IT,-0.23084122,0.06065184
66443,Endo,0.22016156,-0.20187607
198315,L6 IT,-0.03613749,-0.14135113
210924,VLMC,0.27839082,0.18545741
198304,L2/3 IT,0.2523749,0.13769901
203724,Oligo,0.0947718,0.19853073
265863,L6 IT,-0.0143812,-0.031858563
122393,Astro,-0.41797245,0.012881517
95508,L6 CT,0.21437073,-0.34723032
55329,L2/3 IT,0.080797076,0.1708684
60666,PVM,0.26059026,-0.021047324
211004,L5/6 NP,0.0347057,-0.06793395
105822,L2/3 IT,0.1260904,0.20998275
66261,Micro,-0.27712518,-0.14252451
197873,L2/3 IT,0.15249652,0.25320917
10572,L2/3 IT,-0.31925482,0.29947388
197485,L4/5 IT,-0.2452775,0.3092661
216318,Pvalb,0.1767323,-0.42351943
211608,Endo,-0.022794306,-0.18741164
96123,SMC,-0.19381955,0.2467171
125006,L6 CT,-0.016292304,-0.0168612
45412,L5 IT,-0.4218462,0.031814516
125010,L5/6 NP,0.035704553,-0.10328618
60385,L5 IT,-0.29996222,0.14752406
8051,Endo,-0.33724812,0.17820072
223544,L2/3 IT,0.4183573,-0.19131887
96102,L4/5 IT,0.3587011,-0.2334412
244556,VLMC,0.19052559,0.3038463
96143,L6 CT,-0.35324174,-0.06367871
266262,L5 ET,-0.4217014,0.047903836
125089,L6 CT,0.14108431,-0.1394774
125117,VLMC,0.41047096,0.03708607
125123,Astro,0.4680602,-0.11462727
246171,L6 CT,-0.20982832,0.057056844
81467,L2/3 IT,0.082936764,0.18644172
13408,L2/3 IT,0.38414544,-0.07626191
258634,Oligo,0.030542374,-0.3951686
104847,L2/3 IT,0.4064163,-0.15183562
45390,Micro,0.08965021,0.27998984
81571,L2/3 IT,0.39292705,-0.21628746
223529,L6 CT,0.26185054,-0.3348145
81601,Endo,0.27988362,0.07394844
203984,Endo,0.29266918,0.19684547
124621,Endo,-0.002148956,-0.18662488
105029,L2/3 IT,0.1863302,0.21001178
67259,Micro,-0.108307034,-0.19172052
277798,L5 IT,-0.45155957,0.052089334
223489,L5 IT,-0.03205946,0.15658557
9019,L6 CT,0.045678794,-0.10355401
197575,OPC,-0.21888152,-0.0923067
262187,SMC,0.09602463,0.15928978
197568,L2/3 IT,0.23156768,0.17995757
67279,L4/5 IT,0.31948447,-0.20742816
45537,L6b,0.11953908,-0.38981587
236292,L6 IT Car3,-0.30660307,-0.09792632
67298,Oligo,0.043609142,-0.34990424
258694,L6 IT Car3,-0.28158402,-0.13433838
81623,Pvalb,-0.0920544,-0.05880958
10663,L6 CT,-0.18219993,0.01674223
5799,L6 CT,0.27006918,-0.25091577
258675,L6 CT,0.038811266,-0.16882688
211585,Astro,-0.12246513,0.3270852
67314,Oligo,-0.15230149,0.27841127
266231,L5 IT,-0.4043712,-0.048322976
234906,Oligo,-0.22397247,0.20807785
67430,SMC,-0.123491645,-0.09105337
237057,L5 ET,-0.25601572,0.07793176
125216,Peri,0.3524143,-0.2288369
96168,L4/5 IT,-0.25422657,0.20692086
278946,L2/3 IT,0.24469787,0.08625001
278398,L6 CT,-0.08687368,-0.12734228
104665,Oligo,0.13305593,-0.4770347
204139,L2/3 IT,0.37866068,-0.08007881
8988,Micro,0.3697911,-0.01166898
211767,L2/3 IT,0.34944677,0.010787308
5725,Peri,0.0882929,0.20058334
211769,Astro,-0.10120675,-0.030718178
81161,L2/3 IT,0.31640273,-0.034632564
125565,Astro,-0.115392804,-0.23199978
10707,L5 IT,-0.0059654713,0.101920724
204152,L2/3 IT,-0.2914197,0.3072095
125579,Oligo,-0.020075649,0.199952
125580,L2/3 IT,0.015343726,0.25210422
125594,Micro,-0.021139562,0.28807914
55936,L2/3 IT,0.11497402,0.28254294
243002,OPC,-0.3042587,0.030551195
197310,L4/5 IT,-0.14982677,0.1909625
96283,Oligo,-0.24961102,-0.08799294
272488,L2/3 IT,0.39242458,-0.1778324
60271,L6 IT,-0.16375685,-0.111579865
81045,L2/3 IT,0.33391744,-0.079164624
45111,L2/3 IT,-0.37211388,0.22366542
45222,VLMC,0.26160663,0.23562372
262185,L5 IT,-0.30864963,0.09990227
45223,L5 IT,-0.107298404,0.07936144
81231,L4/5 IT,-0.39956105,0.11209738
211672,Endo,0.17814273,0.21233803
197400,L2/3 IT,-0.0009771287,0.24922985
268678,Pvalb,-0.21047595,0.15078092
104836,Oligo,-0.08352667,-0.21039239
12948,L5 ET,0.29006445,-0.20286983
243786,VLMC,0.31483942,0.14244157
211690,L2/3 IT,0.3100127,-0.0109808445
243782,L4/5 IT,0.39029568,-0.17680526
125342,L5 IT,0.18435729,-0.1429106
243780,L5 IT,0.038881004,0.08767444
125351,Endo,0.21033913,0.23062074
204075,L4/5 IT,-0.2220155,0.29773462
262215,Oligo,0.101614475,-0.3886884
197381,L6 CT,0.090352654,-0.059930146
81281,L5 IT,0.08089757,0.020791173
96197,L5 IT,0.14512521,-0.040047854
241815,VLMC,0.21863246,0.26845837
218723,L6 IT,-0.18519437,-0.07835251
96207,L5 IT,0.32544738,-0.27133176
211741,Oligo,-0.067765355,-0.2982873
96231,L2/3 IT,0.061530173,0.25394076
81239,L6 CT,-0.02096206,-0.09694636
216236,Endo,0.1733957,-0.23197484
234073,L5 IT,-0.20079058,0.06989491
82500,Sst,0.14046615,-0.048560917
96071,Endo,-0.07832801,-0.17212147
203973,VLMC,0.27101463,0.21362513
46001,L6b,0.13691574,-0.3876971
266117,L5 ET,0.3552369,-0.24264246
279338,Oligo,0.010222673,-0.21843213
45991,Micro,0.22418374,0.053423703
82228,L4/5 IT,-0.24158677,0.31047118
45985,OPC,0.4439348,-0.11951968
10600,L4/5 IT,0.058710814,0.16529584
82202,L5 IT,-0.019605607,0.11640942
223398,L6 CT,0.17130184,-0.36749405
258859,PVM,0.13712984,-0.43723446
262141,L2/3 IT,-0.047123432,0.34014308
197770,L2/3 IT,0.32764333,0.00719738
266131,OPC,-0.104340106,0.3703938
67070,L4/5 IT,-0.19292998,0.26901668
223401,L5 IT,0.20872706,-0.117975235
272348,L4/5 IT,0.07587808,0.11666292
197741,L4/5 IT,0.27363622,-0.06117606
67074,Astro,0.032894313,0.11113465
203910,Oligo,-0.039322138,-0.23946163
67101,Oligo,-0.118000865,-0.24081507
197732,L4/5 IT,-0.32855675,0.23773164
10618,L2/3 IT,0.1363579,0.1490677
203900,Astro,-0.22138834,0.2839411
278434,L5 ET,0.30777025,-0.17658588
67028,Oligo,-0.22623658,0.28842384
105305,Astro,-0.30826718,0.110422015
95911,Oligo,0.07026607,-0.3433385
258898,SMC,0.18393207,-0.140695
10578,L6 IT,-0.17538485,-0.09550199
243825,Sst,0.043515563,-0.13656497
82467,Oligo,-0.1170378,-0.13052076
123780,Peri,0.052897632,0.10917908
206970,L5 IT,-0.14153844,0.21243387
105379,L6 CT,0.1529535,-0.3183092
268777,L6 IT,-0.3252549,0.041011512
82407,L4/5 IT,-0.2768233,0.2709301
66962,L6 CT,0.14768082,-0.31523332
82361,Oligo,-0.011785179,-0.25983962
105374,Endo,-0.09937894,-0.13045466
268769,Oligo,0.057914674,-0.24282247
123866,L5 IT,-0.10403803,0.074600816
46026,L4/5 IT,0.05878997,0.13335502
46025,Pvalb,-0.074706376,0.17956734
211361,L6 IT,-0.037353992,-0.13319275
268766,Peri,0.16710687,0.31319195
9040,L5 IT,-0.14544761,0.20288557
46022,L5 IT,-0.122219145,0.13182104
95949,L5 ET,0.34761763,-0.19861653
216431,L5 IT,-0.41478795,0.039283574
216398,L2/3 IT,-0.1968669,0.44096106
45885,OPC,0.3776924,-0.052027225
211441,L4/5 IT,-0.005660683,0.22653866
82062,Peri,0.058413267,0.21467912
197672,L2/3 IT,0.38771254,-0.1424275
270748,L6 CT,-0.12297019,-0.0693956
236554,L2/3 IT,0.30657005,0.004052341
216357,L2/3 IT,0.45667863,-0.13075519
45734,L4/5 IT,0.0069540143,0.18100494
223461,Astro,-0.15860254,0.13469744
45715,L5 IT,-0.055163056,0.11123294
105151,Endo,-0.29225367,0.12356663
124441,L2/3 IT,0.45655656,-0.14186764
81864,L6 IT,0.11763632,-0.29243076
67208,L6 CT,0.09743184,-0.19252294
105144,Oligo,0.018626451,-0.20707184
81827,Endo,0.043957114,0.2387749
262177,L5 ET,0.024205685,0.110969186
60421,Oligo,0.050744057,-0.33724603
45684,L4/5 IT,0.123565614,0.029901803
45683,L4/5 IT,0.35630405,-0.22336712
105087,PVM,-0.19565594,0.40637124
242412,L5 ET,0.24723005,-0.16728982
124535,L6 CT,0.20279086,-0.36605173
124553,L6 IT,-0.035410225,-0.020094454
124556,L6 CT,0.035247505,-0.17531735
105082,L6 IT,0.08440834,-0.20029801
81906,Endo,-0.25695226,0.32276624
211555,PVM,-0.12457687,0.44870967
211475,Astro,-0.10418442,0.40396702
216373,Oligo,0.0022763014,-0.29438704
237018,L5 IT,-0.11633894,0.1374287
67127,Oligo,-0.24862996,-0.19712096
60433,L4/5 IT,-0.050608933,0.18646508
269922,L4/5 IT,-0.0012079477,0.20168447
105200,Astro,-0.19484925,0.082072854
82005,L2/3 IT,0.13956416,0.2703815
234115,L5 ET,-0.35684597,0.009770095
272362,L6 IT,0.24309027,-0.34584984
124183,L2/3 IT,0.44625384,-0.10298711
211459,Endo,0.061305404,0.11972159
124195,L6 CT,0.04567939,-0.11566898
5903,Astro,0.064709544,-0.3614604
124217,L2/3 IT,0.4445843,-0.12401906
124265,Oligo,0.073277235,-0.31864566
8030,L6b,-0.10657826,-0.16054526
5890,L2/3 IT,0.32276344,-0.047878534
211470,Sst,-0.20436448,0.0680275
81952,Micro,0.24989188,-0.30750364
258796,L4/5 IT,0.3627594,-0.18473536
124328,L4/5 IT,-0.2800346,0.2915386
124337,Oligo,-0.31344593,0.15038913
223441,Sst,0.13131028,-0.10127306
124349,L2/3 IT,-0.31859553,0.29464996
124367,L2/3 IT,0.12552351,0.25728446
216693,Endo,-0.1544733,0.0835138
272145,Pvalb,-0.19923493,0.28876424
121859,L2/3 IT,0.006890118,0.3307116
65378,L5 ET,0.3902365,-0.16020334
207387,Astro,-0.16753528,0.43833643
119169,L6 IT,-0.27913707,-0.21412736
220549,SMC,0.22837573,0.20697415
65388,SMC,-0.17800882,0.45610833
203353,L2/3 IT,0.3587078,-0.10040277
207369,Endo,0.114055514,0.21891433
107119,L6 IT,-0.10657066,0.032120526
119193,Endo,0.07094926,-0.11708334
222553,L6 CT,-0.1563969,-0.08065602
220558,L4/5 IT,0.3567794,-0.13335004
54662,L2/3 IT,0.40432072,-0.1553083
216998,L6 IT,0.25876606,-0.30797714
85736,Astro,0.07780784,-0.18587673
9156,PVM,-0.24789715,0.13864332
12317,L6 CT,0.20533246,-0.3425936
107096,L2/3 IT,0.41617823,-0.18829152
48361,L4/5 IT,-0.1841152,0.2228427
207361,L5 IT,-0.44927981,0.015635908
222562,Endo,0.19035304,-0.029828101
107086,L6 CT,0.050625682,-0.20248103
60987,Pvalb,-0.25171745,0.13117164
259697,L4/5 IT,-0.38313246,0.14847726
207398,L2/3 IT,-0.17558119,0.4235584
48431,L6 CT,-0.048286885,-0.12583533
54631,Lamp5,-0.3230301,0.28302664
210181,L4/5 IT,-0.4374054,0.08964354
203317,L6 CT,0.17930406,-0.29168123
279224,L4/5 IT,-0.14071,0.20894474
259740,Endo,-0.01694119,0.19816548
85948,Peri,-0.42959034,0.10594821
259739,L4/5 IT,-0.23106799,0.2225706
61028,Oligo,0.12416142,-0.20960328
85892,Sst,-0.009072542,-0.17115742
54594,Peri,-0.22207081,0.28491545
118991,L4/5 IT,-0.29805976,0.3225749
85887,L2/3 IT,-0.07862759,0.32767522
48472,L6 CT,-0.07818043,-0.06599033
119009,Astro,0.17090982,0.08311045
222520,L2/3 IT,-0.28273138,0.34781545
12337,Pvalb,-0.31388277,0.16292179
271930,L4/5 IT,-0.26721916,0.26794988
107238,L5 IT,-0.43178868,-0.02339685
48455,Oligo,-0.08501956,-0.21579435
107213,Oligo,0.14110577,-0.4191607
199347,L4/5 IT,0.100446284,0.11449462
270917,L6 CT,0.19358009,-0.34034783
54629,L4/5 IT,-0.37822127,0.10053307
119085,L2/3 IT,-0.3569677,0.2715358
279233,L5 IT,0.120938,0.012230456
65428,L2/3 IT,-0.046601534,0.37533402
94858,L6 CT,0.25343144,-0.26717353
12865,OPC,0.14037329,0.12317151
85415,Oligo,0.08639157,-0.39769268
119545,L5 ET,0.25053215,-0.17986533
48159,Oligo,-0.28102034,-0.1924425
119548,Endo,-0.28599477,0.2956285
106979,L4/5 IT,-0.38958752,0.12182987
106970,L5 IT,-0.43658486,0.0333755
119606,Oligo,-0.047848225,-0.25422555
12296,L2/3 IT,-0.27962735,0.32228065
54750,Astro,-0.100737035,0.28202224
245887,OPC,0.19632018,0.24438483
207354,SMC,0.12325239,0.3333012
259623,Astro,-0.12718466,-0.17369127
278139,Peri,0.17455769,-0.26666275
199099,L6 CT,0.25495046,-0.32431495
207335,L2/3 IT,0.44569147,-0.12262544
12294,L2/3 IT,0.3183416,-0.015316993
119815,OPC,0.051872194,-0.30729723
119828,L5/6 NP,-0.24840713,0.14006442
265572,L4/5 IT,-0.31055006,0.25931197
65569,Pvalb,-0.19706634,0.14679188
6341,L6b,0.13972211,-0.41012138
85299,Astro,-0.15588117,-0.018488139
48065,Peri,0.102925,0.24690717
210346,Oligo,0.13743424,-0.07627025
242339,L5 ET,0.2499522,-0.29194218
278134,L2/3 IT,0.24241132,0.09905964
207359,Endo,-0.16878101,0.38618588
119316,L5 IT,0.045113742,0.007998049
236870,Oligo,-0.17021203,-0.12635458
210279,SMC,0.038317084,0.18062568
85614,L4/5 IT,0.28071517,-0.07569116
240012,Endo,0.042141616,0.36074096
265515,L5/6 NP,0.069233656,-0.13652271
119370,Endo,0.13555938,-0.38569674
107049,Peri,0.32566202,-0.011766553
119371,PVM,0.43832582,-0.19464266
199243,L5/6 NP,-0.1054298,-0.047276765
14320,L6 CT,-0.31607968,-0.068727136
119396,Vip,0.19480479,0.21251994
107018,L2/3 IT,0.27981788,-0.046293557
119407,OPC,0.25176084,-0.40377197
119437,Pvalb,0.24621826,-0.08556044
6377,L4/5 IT,-0.20440334,0.18616086
236418,L6 IT,0.015796125,-0.12774801
107002,Astro,-0.20391402,0.19240713
106986,Lamp5,0.26510763,-0.347513
210326,L6 CT,-0.1557239,-0.14427552
210330,VLMC,0.21970701,0.27840555
210343,Peri,-0.062624305,0.2789536
60981,Vip,0.24817169,0.16361511
119529,Oligo,0.10310531,-0.41167745
60952,L4/5 IT,-0.34492213,0.26044202
259741,Pvalb,-0.24603465,0.19314611
222490,L2/3 IT,0.115860045,0.21969128
14247,L2/3 IT,-0.11734775,0.3983277
86361,L6 CT,-0.13702229,-0.044829845
118370,Sst,-0.2479085,0.13329619
242006,Oligo,0.022024453,-0.09304291
86352,L5/6 NP,0.26977563,-0.32995558
263923,L4/5 IT,0.2865922,-0.078260064
118382,Endo,-0.10203427,0.357045
86344,Astro,-0.19654986,0.456052
118402,Sst,-0.27124298,0.003657341
118407,L2/3 IT,-0.060911804,0.2682966
259859,L4/5 IT,-0.2549401,0.2352342
54410,L2/3 IT,0.2158404,0.08492863
107604,L4/5 IT,-0.3161985,0.17476523
118420,VLMC,0.27489793,0.20280898
269226,L6 CT,0.13691676,-0.18627313
118456,L6 CT,0.18885154,-0.36290762
94594,Pvalb,-0.17626607,0.21205801
65108,Micro,0.18062419,0.14308226
118502,L5 ET,-0.14420843,0.088273406
118522,Vip,-0.051139444,0.3633632
118524,Oligo,0.044201076,-0.16279525
7751,SMC,0.15317082,0.117850065
48778,L6 IT,-0.03860548,0.007507682
118338,Lamp5,0.115526676,0.11350477
118336,Lamp5,0.08315891,0.25693375
234834,Micro,-0.08844185,0.06555498
199640,Micro,-0.12299606,-0.15507391
94533,L5/6 NP,0.34556,-0.23380893
199626,Peri,0.34633034,-0.20962372
54372,Oligo,-0.18180972,0.04466802
239514,L6 IT,-0.14771083,-0.10117918
64992,L6 CT,-0.04526511,-0.04666215
259893,L6 IT,-0.110435694,-0.026592493
222378,Endo,-0.015569508,0.3367579
118147,L2/3 IT,0.40381193,-0.061631024
86550,Sst,-0.20720336,0.26751608
54375,L5/6 NP,0.21350151,-0.31410766
86511,L6 IT,-0.06268507,-0.024904937
48899,L2/3 IT,0.24449885,0.15284592
259883,Endo,-0.06646064,-0.103963524
217138,Astro,0.114610136,0.22586459
118228,L2/3 IT,0.12021786,0.2469266
217136,L2/3 IT,0.081986666,0.26467746
244046,L6 CT,0.28365523,-0.2908368
277870,L6 CT,-0.1905278,-0.106254905
86419,Astro,-0.42534083,0.037813246
86411,Oligo,-0.07741386,0.00024563074
203110,L5 IT,0.13587248,0.008624196
279022,L4/5 IT,0.05915636,0.15121406
48702,Astro,0.10749763,-0.4176915
86311,Oligo,0.04298508,-0.34845692
6470,L2/3 IT,0.15219676,0.23723608
94632,L2/3 IT,-0.093013585,0.33561736
199406,L2/3 IT,0.0447641,0.23320246
118770,Astro,0.14658445,-0.45357823
236855,Oligo,-0.21788353,0.16982383
259766,L4/5 IT,-0.27653435,0.21894592
118806,L5 IT,0.32115692,-0.24949923
6437,L6 IT,0.053781986,-0.20028043
118816,L6 CT,0.14568245,-0.32016197
107346,Oligo,-0.00030988455,-0.21552733
54528,L6 IT,-0.112100214,0.023164213
210153,L6 CT,0.117118716,-0.18984932
199396,L6 CT,0.0646413,-0.1382702
94733,L2/3 IT,-0.06246993,0.3868115
218502,L6 IT,-0.104305506,-0.08505055
118852,L5 IT,-0.43831533,-0.012874842
86011,L2/3 IT,0.17889619,0.20097482
12354,L4/5 IT,-0.26737094,0.28389543
265401,Oligo,-0.11987147,0.20101398
48542,Endo,-0.044653356,-0.18988758
12854,L6 IT,-0.20035937,-0.08088285
259752,PVM,-0.22460508,0.35823154
259747,L2/3 IT,-0.22915486,0.316015
6433,Pvalb,0.041009307,0.09425026
10141,Oligo,0.033803344,-0.22941035
86103,L4/5 IT,-0.33104855,0.18714458
6427,Endo,0.14356798,0.29954457
210136,Oligo,0.002282679,-0.31875256
61043,L4/5 IT,-0.2729225,0.25563622
10108,Oligo,0.0646438,-0.31049484
207444,L6 CT,0.065633416,-0.1503065
242889,Pvalb,0.0018268228,0.17124337
210095,L6 IT,0.00037562847,-0.09191933
86212,L6 CT,0.21328819,-0.25270236
245815,L2/3 IT,-0.42315462,0.15985888
94700,VLMC,0.004316807,0.4138236
118603,L2/3 IT,-0.282485,0.388408
118613,Oligo,0.10056698,-0.39393765
118619,L6 IT,0.11128354,-0.15619925
217095,L6 CT,-0.19009963,0.059101522
210105,Endo,0.12248248,-0.47742638
54464,OPC,0.26626354,-0.36401254
118630,Astro,0.24247551,0.19129986
107488,L5 ET,0.27172655,-0.17810634
48651,OPC,0.1918394,0.25239217
118639,OPC,-0.08925852,0.32836097
107432,Lamp5,0.03484881,0.16871673
12358,L4/5 IT,0.35385424,-0.1480746
199425,VLMC,0.2685669,0.19980896
65224,PVM,0.15370768,0.21518582
107409,Pvalb,-0.039111704,-0.05938804
199422,Astro,-0.21702617,0.4168508
265376,L2/3 IT,0.13689148,0.21893674
85243,Astro,0.43660033,-0.14645779
54756,Vip,0.27778238,0.10360879
65610,L6 CT,-0.23273718,-0.010261804
210665,L2/3 IT,0.36730748,-0.18078023
210668,Sst,-0.32480586,0.21384585
222873,L6 IT,-0.053453594,-0.0673756
106280,Sst,0.08851981,0.22255874
60811,L4/5 IT,-0.005663514,0.15655756
95255,L5 IT,0.10655284,-0.050217777
47426,Oligo,0.23806411,-0.21042153
259378,Endo,0.09356737,0.30826294
60802,L2/3 IT,0.31559837,-0.05663982
216767,Astro,0.10288453,-0.44569084
47446,Peri,0.13222444,0.17143196
84350,Endo,-0.011448532,0.16825372
198651,Astro,-0.15478405,0.19815904
84347,L2/3 IT,-0.41000652,0.16659558
66058,L6 IT,-0.27667844,-0.0836882
14422,Endo,0.18306571,-0.21675062
84333,L2/3 IT,0.41612953,-0.10630444
121309,L4/5 IT,-0.12246373,0.20181441
259361,PVM,-0.1848219,0.26344013
47366,Oligo,0.083010495,-0.39941046
203607,Astro,-0.25163674,-0.0004414618
84323,Oligo,0.038231492,-0.24713409
198655,Micro,0.126791,-0.026522636
210653,Oligo,-0.1114023,-0.22807762
265730,Astro,0.4351248,-0.1022875
259401,L6 IT Car3,-0.36476108,-0.11570525
259453,L6 IT,-0.033450484,-0.04189524
65925,L6 CT,-0.09788039,-0.015009701
120862,PVM,0.11181861,-0.38659644
106386,Endo,-0.2556426,0.34391826
65936,L6 IT,-0.07892051,0.059646487
47571,L6 CT,0.26330525,-0.3243894
106375,Oligo,-0.027614534,-0.2812019
106369,L2/3 IT,0.114827156,0.2065422
65946,Oligo,0.12225205,-0.41342676
106342,L5 IT,-0.0102669895,0.10187316
216814,Astro,-0.023738146,-0.12942302
120957,L5 ET,-0.033936262,0.089631915
269000,L4/5 IT,-0.24728858,0.29287112
121021,L6 CT,0.025956929,-0.075811625
47514,L6 IT,-0.16509321,0.013293445
210640,L2/3 IT,0.3567953,0.04027188
60838,Astro,-0.082190424,-0.030360073
121067,Endo,-0.3042302,0.23622179
84476,L4/5 IT,-0.024873495,0.15441155
218563,Endo,-0.06605613,-0.19628602
121071,L2/3 IT,0.075966835,0.16668296
66011,VLMC,0.23625147,0.24249661
265728,Pvalb,0.272905,-0.33387643
121331,Micro,0.12503016,-0.27891237
210718,Peri,0.32420403,0.07721734
106190,Astro,0.29531473,-0.09859085
121343,Endo,-0.43937555,0.08020806
272118,L6 CT,0.117093325,-0.10890964
234149,OPC,-0.16618162,0.24914497
218579,L4/5 IT,0.39932013,-0.19849262
84077,L6b,-0.11381966,-0.16787717
84072,L2/3 IT,0.11723846,0.26975662
60755,Endo,-0.24793884,0.30189407
121635,L4/5 IT,0.027747333,0.1879341
236944,L4/5 IT,0.051468432,0.18952006
66200,L5 ET,0.16570419,-0.045086235
121675,OPC,-0.2797155,0.29492134
47196,Endo,-0.4237343,-0.061727166
198539,L6 CT,0.2222203,-0.32829037
121750,L4/5 IT,-0.30028898,0.26703727
60752,L2/3 IT,-0.1444903,0.32640195
220424,L2/3 IT,-0.20316565,0.4010347
66216,L6 CT,-0.036808312,-0.029999882
84018,Micro,-0.2684716,0.004762411
84011,L5 ET,-0.112901986,0.026166975
121795,L4/5 IT,0.17065632,0.0070531964
10372,Sst,-0.3122074,-0.21100724
83999,Micro,-0.37642393,0.005785823
14445,L2/3 IT,0.14808345,0.18375367
236359,Endo,0.31657368,0.111198425
84087,L5 IT,-0.39995795,0.03856349
216830,L5 IT,0.064632416,0.11436266
121536,L5/6 NP,0.1518724,-0.10253525
66164,Astro,0.008100569,0.18872523
84248,L4/5 IT,-0.25964698,0.2875713
121365,Oligo,0.016725123,-0.3187037
234875,L2/3 IT,0.35277122,-0.07331973
121370,L5 IT,0.30850667,-0.17449173
66120,L6 CT,-0.34318966,-0.09691462
95289,L4/5 IT,-0.34428567,0.23675746
47330,L6 CT,-0.11055502,0.045362473
263770,Endo,0.22368932,-0.08936235
121407,L5 IT,-0.39404577,-0.028483778
95301,Micro,0.05842507,-0.0683538
106179,Micro,0.11363572,0.26149344
55137,L6 IT,-0.1873971,-0.12861124
245976,L6 CT,0.23262203,-0.30928266
84109,L2/3 IT,0.3066376,-0.087046176
66156,L2/3 IT,0.37422884,-0.037986755
84106,Peri,0.023008168,0.1269229
263769,Oligo,-0.042616278,0.20409906
47295,L4/5 IT,0.36001325,-0.20538175
47292,L5 IT,-0.20453292,0.12596166
222949,PVM,-0.2155441,0.5
47285,Pvalb,0.17551124,0.11914796
47276,L2/3 IT,0.083887994,0.32666767
121477,L4/5 IT,-0.11562282,0.20031214
84093,L2/3 IT,0.33010787,0.0028492808
265691,Oligo,0.11286926,-0.4327029
95138,L4/5 IT,-0.03250727,0.17375213
236387,L2/3 IT,0.29511446,0.081362545
235550,L5/6 NP,-0.18714592,0.19590133
210449,L5 IT,-0.20333302,0.11717588
120169,L6b,0.121623576,-0.38413784
12280,Oligo,0.11531556,0.09805918
270893,Sst,-0.017302752,0.15772134
65705,SMC,0.38654906,-0.11448935
84995,Oligo,-0.21198261,-0.30634433
65710,Peri,-0.37617004,-0.12523085
106818,Micro,-0.12312338,0.46513772
120180,L5 IT,-0.006403625,0.015394568
198979,VLMC,0.40575737,0.039402783
106787,L5 IT,0.022826433,-0.028901964
242354,Oligo,-0.15250397,-0.23312232
278721,Astro,0.24824679,0.22116274
106768,Peri,-0.39628026,0.01886177
54839,Pvalb,-0.16396779,0.11838192
198962,Micro,-0.36457178,0.07287061
120267,L2/3 IT,0.35017914,-0.15043142
243971,L5 ET,0.2754299,-0.20599845
95007,Lamp5,0.3178218,-0.23321694
47880,SMC,0.23034513,0.0058460236
120291,L6 IT,-0.029598176,-0.17573008
47871,Endo,0.13953954,-0.5
120138,Endo,0.20515943,0.077039
47869,L4/5 IT,0.24558038,-0.04420635
259537,VLMC,0.21437865,0.27585208
47951,L5 IT,-0.05528328,0.1747269
119924,Oligo,0.11384457,-0.42289996
94941,L6 CT,-0.26808125,-0.028696716
85164,Micro,-0.29924968,0.069339395
85134,L6 CT,0.104460716,-0.19446975
244492,Micro,-0.2925684,-0.12806255
48033,L6 CT,-0.023862004,-0.067685574
48031,L2/3 IT,0.24675769,0.03804308
65656,PVM,0.20821208,0.059281528
222646,Endo,-0.09031874,-0.1650556
263846,Endo,0.1654234,0.15088546
259565,Endo,0.16558701,-0.18971372
265620,Astro,-0.050766706,-0.25755674
199031,L6 IT,-0.043766648,-0.13794118
48009,L6 IT,-0.0715186,-0.12397799
85086,L6 CT,0.100323915,-0.19881278
47977,Endo,0.20062262,0.18168193
120028,Micro,0.26539212,0.18733299
242352,Oligo,-0.06733546,0.11308646
85058,L6b,-0.14005864,-0.17049584
47960,L4/5 IT,0.32902014,-0.16594878
94963,Endo,0.037581623,0.29192877
120110,L5 ET,0.22808349,-0.19835028
85054,L2/3 IT,0.33703429,-0.075440675
120119,L2/3 IT,0.09812337,0.18470001
118063,L4/5 IT,-0.01714021,0.1795072
47864,Astro,-0.049309433,-0.26779085
239502,Endo,-0.11888063,0.20598441
120682,OPC,0.2326346,0.12287241
106549,Oligo,0.08082557,-0.40257853
65842,Astro,-0.3656026,0.16130513
120692,L2/3 IT,0.059701443,0.29953945
241950,Astro,-0.35918033,0.11182988
84748,Oligo,-0.22602126,-0.07474953
120718,Oligo,0.19392037,-0.3139078
120732,L2/3 IT,0.033926606,0.32067764
95019,Endo,-0.14950803,-0.20892623
120757,L6b,0.14607882,-0.4120304
47674,SMC,0.21319562,0.26534927
261923,L2/3 IT,0.34909356,-0.06827995
207309,L2/3 IT,0.016307294,0.21922314
84745,L2/3 IT,-0.3969757,0.21867412
106479,Pvalb,-0.13466612,0.22009408
269013,Endo,-0.1696895,0.46504885
106476,Peri,-0.27587253,0.23747611
120780,Endo,0.10000414,0.32037914
60873,L6 CT,0.07681489,-0.12059966
95120,L6 CT,0.24127233,-0.27712822
120806,L4/5 IT,-0.4134891,0.10588753
198790,Peri,0.30940968,-0.22030908
54993,L5 ET,-0.41746852,0.030762374
47720,Oligo,0.117501676,-0.37827963
198953,L4/5 IT,-0.22451061,0.23171794
120638,L4/5 IT,0.30904055,-0.16722444
47743,Endo,0.03904617,0.32598948
261891,L6 CT,-0.25454697,-0.15911442
220487,L2/3 IT,0.42684335,-0.106675684
259502,L6 CT,0.09385502,-0.17186299
65741,OPC,0.096916676,-0.3905211
47822,L5/6 NP,0.16406637,-0.16801137
95010,L4/5 IT,0.13093495,0.17090076
54895,Endo,-0.022046179,-0.16354847
84853,L5 IT,0.1827144,-0.09565261
84850,L4/5 IT,-0.34543878,0.17117667
207314,L6 CT,0.25569993,-0.34133476
84819,SMC,-0.057709634,-0.16295531
265666,L6 CT,0.19440663,-0.25008217
65812,L2/3 IT,0.40156388,-0.16263944
259491,L5/6 NP,0.10068089,-0.16650659
120501,L2/3 IT,0.45984185,-0.15276092
65816,Oligo,0.24420792,-0.25776595
65819,VLMC,0.3240903,0.17273057
54905,L6 IT,0.28611076,-0.26030403
120506,L4/5 IT,0.21559769,-0.07400045
106589,L4/5 IT,-0.14212343,0.1786418
270886,L6 CT,0.080130875,-0.2274139
210536,L2/3 IT,0.054096162,0.31838483
6287,L6b,0.1299681,-0.37124676
84753,L4/5 IT,-0.33663204,0.24832964
38563,Peri,0.034071445,0.14701653
17709,Vip,-0.17684907,0.4145046
173691,Endo,-0.2911,0.061937153
161263,Astro,0.21762848,0.2500199
150357,Astro,0.18355721,0.27944285
21205,L6b,0.05341518,-0.31994808
253161,L6 IT,0.057545245,-0.19619626
142753,Oligo,0.15066534,-0.4315706
29123,Endo,0.040470243,-0.30115026
148442,L4/5 IT,0.22149265,0.026893437
229120,OPC,-0.08968356,0.12367439
253167,L4/5 IT,-0.28184664,0.31536776
157162,L4/5 IT,0.04002887,0.19435018
3065,Sst,0.23710412,0.07317114
16625,L5 IT,0.10314798,0.035913825
276698,Astro,0.10201329,0.060039937
142692,L6 CT,-0.18835667,0.022585034
142688,L2/3 IT,0.25115567,0.15381455
142680,Astro,-0.16893503,0.058270037
231961,Lamp5,0.25673795,-0.18857747
233347,L6 CT,0.00932157,-0.06585041
23455,L2/3 IT,-0.19494325,0.37749588
146294,OPC,0.3689859,-0.07580346
142668,Astro,-0.0903362,-0.19707629
181396,Pvalb,0.0716632,0.19573665
157121,PVM,-0.006942481,-0.06601825
165060,L6b,-0.11324635,-0.151402
277650,Sst,-0.19852817,0.08660334
165049,OPC,0.14424706,-0.4089747
146331,VLMC,0.48130268,-0.05056721
181436,L2/3 IT,0.15735525,0.17833918
157087,L5 IT,0.0011565089,0.0835188
233411,L6b,-0.21957347,-0.17403412
227250,Endo,0.0037429929,0.12474072
142828,Peri,0.22093683,-0.24566689
247997,Micro,0.43745893,-0.11781883
251327,Pvalb,-0.29410115,0.26458573
188871,L4/5 IT,-0.112146944,0.30280942
239166,L6 CT,0.14830357,-0.20684364
181465,L4/5 IT,-0.3739003,-0.077081054
142792,L5 ET,0.30942798,-0.2544694
190557,L2/3 IT,-0.094784975,0.3700478
16852,Astro,0.021056414,0.22596318
247996,Endo,-0.008303165,-0.3253786
277415,L6 CT,0.23041111,-0.25178397
165141,L6 CT,-0.32351446,-0.029438645
755,Astro,-0.17073211,0.3339153
29105,L6 IT,0.14762771,-0.21555877
276680,L4/5 IT,0.37761456,-0.2163195
186516,VLMC,-0.11091405,0.47293907
142777,L5/6 NP,0.1005584,-0.20723006
161250,Astro,0.122042894,0.32916534
172410,L5 ET,0.118321896,-0.13541058
29110,L6b,-0.10947958,-0.20463902
229129,Astro,0.14668435,-0.44065437
181443,L5 ET,-0.1126574,0.096245706
248954,L5 IT,-0.058745176,0.014018416
142762,L6 CT,0.07554531,-0.11724588
172447,L5 IT,-0.03442934,0.14762408
24955,L5 IT,0.14689791,-0.08405763
144798,L6 IT,0.08910847,-0.26419955
250464,Peri,-0.05359015,0.17550838
181482,L2/3 IT,0.10597664,0.16501158
146344,L2/3 IT,-0.24340397,0.4154697
157051,PVM,-0.056485116,-0.25430635
34787,L5 IT,0.22180855,-0.14350131
21043,L6 IT,0.19075948,-0.29417676
241351,Astro,0.10001582,0.31097764
172929,L2/3 IT,0.065054774,0.33124375
247062,Endo,0.19191325,0.24926859
150484,L2/3 IT,0.14496869,0.24653786
29246,L4/5 IT,-0.13536614,0.32345992
172954,Endo,-0.22478744,-0.1768009
29248,Micro,0.27729046,-0.24521536
172996,L6 CT,-0.046585053,-0.06906316
149149,L6 CT,-0.06591201,-0.17231184
23469,L5 IT,-0.33485004,0.12557334
229091,L5 ET,0.014048219,0.086679995
186611,L6 CT,-0.018857569,-0.14825127
142494,L6 CT,-0.27615863,-0.13309681
150522,L6 CT,0.16463244,-0.24594077
156991,Pvalb,0.11942339,0.07399255
173019,L2/3 IT,0.04866159,0.22914094
25043,L2/3 IT,0.23594075,0.033398688
164989,L4/5 IT,-0.3724513,0.14000869
186631,Peri,0.26925242,-0.009180069
164984,L6 CT,0.12707537,-0.19092152
226570,L6 CT,0.20140481,-0.36342192
156945,VLMC,0.32729363,0.16689062
142472,L5 IT,0.2897057,-0.21721712
228026,L5/6 NP,0.13200313,-0.14985088
159581,L6 CT,-0.10458532,-0.12960538
29245,L4/5 IT,-0.42315105,0.078232646
231978,Endo,0.03213024,-0.3027939
172889,L6 CT,-0.18854442,-0.07180333
29242,L5 IT,0.23682976,-0.17226166
15555,OPC,0.15835065,0.040671468
17327,L5 IT,0.14781314,0.020310521
276724,L2/3 IT,-0.05179867,0.2652433
21101,L5 IT,-0.4090677,0.051333904
247311,L4/5 IT,0.25198543,-0.09559712
157045,L6 IT,0.12754828,-0.23055077
29211,Astro,0.03333211,0.20433229
150443,L6 CT,0.12992549,-0.17659682
238411,L4/5 IT,-0.008471072,0.23308289
254340,PVM,0.17849517,0.2301215
16327,Pvalb,0.21288002,-0.11958617
142591,L6 IT,0.19859177,-0.17990398
142579,SMC,0.42824185,-0.14321497
3457,L5 IT,-0.0053057075,0.09402835
145322,L6 CT,-0.20761824,-0.16911334
189290,Oligo,0.039542258,0.14887607
167761,Lamp5,-0.042529404,-0.28266305
3062,Oligo,0.039411128,-0.29288876
165039,L5 IT,-0.19072518,0.07142067
247066,L6 IT,0.046983898,-0.17595261
165035,Micro,0.1806277,0.2640416
255771,L6 IT Car3,-0.30817777,-0.15527698
34792,L6 IT,-0.28608412,0.06101191
250432,Endo,0.11197722,0.07291204
150470,L6 IT,-0.31259197,-0.16832104
21055,L2/3 IT,0.22979677,0.04995811
165026,L2/3 IT,0.37914342,-0.18077624
36650,Micro,-0.11884749,-0.20084059
173050,Micro,0.21972317,-0.15455347
142832,L2/3 IT,0.2825864,0.012267232
17307,OPC,0.09110737,-0.27354077
188941,Oligo,0.120217025,-0.26200968
157526,L6 CT,-0.33759838,-0.063728034
171701,L2/3 IT,-0.4133717,0.23125792
181707,Sst,0.06086868,0.05590868
247302,L2/3 IT,0.28591758,0.123995125
21603,L6 CT,-0.1749312,0.09510833
251790,L5 ET,-0.0802162,0.08914369
181701,OPC,-0.31535274,0.1751324
148513,L5 IT,-0.36632475,0.13236558
231794,OPC,-0.15366518,0.449692
186439,L5 ET,-0.08030373,0.096960545
3083,L5 IT,-0.3382387,0.114290595
231798,VLMC,0.15614158,0.33174068
275295,L5 ET,-0.20350197,0.1157316
181694,OPC,-0.32396665,0.18503243
807,L6 IT,0.16262662,-0.31183952
143045,PVM,0.037965,0.40001404
160252,L6 CT,0.18503612,-0.20804319
191293,L4/5 IT,0.3549381,-0.20001185
166594,L2/3 IT,0.08808476,0.22556841
226634,L5 ET,-0.32036155,0.18565124
21552,Astro,-0.19965816,0.15404743
24889,Micro,-0.08865431,0.35728854
21533,L6 CT,-0.10821387,0.011535108
181655,L4/5 IT,-0.12982449,0.19162321
186442,Astro,0.105375886,0.33574826
229834,Micro,0.10088974,0.25393128
36391,Sst,0.08684629,-0.100853115
171861,Oligo,0.10261071,-0.3807901
252505,L5 IT,-0.43426386,0.078831434
171680,L2/3 IT,0.373124,-0.12863475
250670,Astro,0.077824175,-0.3344347
171400,Oligo,0.18027258,-0.08032009
241334,Astro,0.42546576,-0.012290508
171405,Endo,-0.117141575,0.29264754
181810,L5 IT,-0.23365477,0.13968438
23386,L6 IT,-0.117284834,-0.11778027
143148,L6b,-0.14770809,-0.14116693
185544,VLMC,0.44654185,-0.0014885366
241336,L6 CT,0.048195362,-0.1809344
273946,OPC,0.16090024,-0.3584575
157591,Oligo,-0.10593936,0.10232282
186393,Oligo,0.031111062,-0.30273205
181795,L2/3 IT,0.3282475,-0.07510084
36380,L5 IT,0.22518218,-0.11828244
24854,Oligo,-0.11605799,0.02300638
165311,Sst,-0.3463682,-0.04934013
280007,Oligo,-0.22115853,-0.14006558
21701,L2/3 IT,0.33391446,-0.075825006
171560,Oligo,0.18131769,-0.42046636
185553,L6 CT,-0.29882884,-0.053711206
186417,Astro,0.08092874,0.19801652
248890,L4/5 IT,0.20349824,0.035357714
241338,L5 ET,0.21335363,-0.046092242
231784,L6 CT,-0.15403286,-0.051448345
248893,L2/3 IT,0.24726051,0.1658513
24863,Astro,0.23323965,-0.28627867
32923,L2/3 IT,-0.004951775,0.31246692
181736,L5/6 NP,-0.19213489,-0.041085362
247225,Micro,-0.007773161,0.28134477
188923,L6 CT,0.13894105,-0.32060063
157420,L6 IT,-0.21264902,-0.08593851
172139,Peri,-0.08792478,0.12809044
161096,L6 CT,-0.23692742,-0.13163197
32851,L2/3 IT,0.45370406,-0.08608675
157339,L4/5 IT,-0.3047619,0.231394
157321,OPC,0.1549111,0.23242241
186503,L5 ET,0.039648056,0.073277116
275271,L5 ET,0.21180296,-0.09516728
250526,L2/3 IT,0.101688445,0.27263415
150292,L6 IT,-0.10141531,-0.1363124
181499,Oligo,-0.34840834,-0.024466574
255706,Oligo,-0.09428641,-0.17770374
172188,Astro,0.099547565,-0.38103485
247305,Oligo,0.09453136,-0.39717823
181497,L6 IT,-0.19014585,-0.1283955
2078,L4/5 IT,0.04725921,0.22679192
142886,L5 IT,-0.14715198,0.0865109
29053,L6 IT,-0.18916613,-0.08151382
183451,Astro,0.22141457,0.23821723
185296,L4/5 IT,-0.4057267,0.16063535
231896,Oligo,0.080254495,-0.41588712
188872,L4/5 IT,-0.22033253,0.30277812
172234,L4/5 IT,-0.31170473,0.22465909
248935,Sncg,0.03872907,-0.263421
183907,L5 IT,-0.054760277,0.16348219
26897,L6 IT Car3,-0.3438295,-0.11695126
148813,L4/5 IT,-0.3266632,0.23601633
29081,L6 CT,0.2236107,-0.40243155
21413,L6 IT,0.028928459,-0.18321213
24902,Astro,-0.10315108,0.31240487
229844,L2/3 IT,0.1799984,0.19338447
15560,L6 CT,-0.24211076,0.102167726
181621,Oligo,-0.09191343,-0.0146407485
33828,Oligo,-0.18492684,0.082118094
186458,Endo,-0.1242705,0.20223397
143013,L2/3 IT,0.40027082,-0.20865235
146241,Oligo,0.0528754,-0.33845222
189480,L6 IT,-0.06742275,0.011533201
275273,L2/3 IT,0.3995552,-0.12194994
28987,L2/3 IT,0.10262662,0.30102617
142983,L6 IT,-0.22418287,-0.17312792
21478,L5 ET,-0.016614556,0.06250161
17295,Micro,-0.011452377,0.3268023
171965,L2/3 IT,0.35003924,-0.053526163
157384,L4/5 IT,-0.12484157,0.22147626
275505,Vip,0.2783624,-0.22090241
181571,L6 CT,-0.15558901,-0.0107091665
274613,L2/3 IT,0.14304483,0.21529704
172056,L6 CT,0.21744043,-0.3925773
191321,L5 ET,-0.019959748,0.10469687
28996,L5/6 NP,-0.27909744,0.12059164
28999,L2/3 IT,0.088614225,0.29228288
150241,Endo,-0.19080538,0.45101625
190255,L6 IT,-0.116286784,-0.0573515
275506,L5 IT,-0.14021048,0.15741342
32856,Oligo,-0.00957045,0.21733141
190248,L6 CT,-0.010265529,-0.0908058
181544,L6b,0.14232504,-0.37417433
185572,PVM,0.1597532,0.26761043
227942,Endo,-0.2125982,0.36180353
181818,Peri,-0.044656366,0.15196317
280151,L2/3 IT,0.23883581,0.11905122
160217,PVM,0.28043175,0.18056333
164583,L2/3 IT,-0.37670302,0.22372788
150806,L4/5 IT,-0.23151174,0.29373652
577,Peri,-0.17994106,0.29780382
173872,Peri,0.033530533,-0.34501967
3439,Endo,-0.1369453,0.09295595
253353,Micro,0.110989034,-0.31090134
146665,PVM,0.03738451,-0.064490855
253355,L6 IT,0.24527383,-0.3332881
238427,L2/3 IT,0.08498037,0.28792578
20552,L5 IT,-0.06180361,0.10723454
141918,L4/5 IT,0.31575304,-0.065883815
148342,Endo,0.051832616,0.17364597
247575,Pvalb,-0.20965594,0.33328325
36934,L2/3 IT,0.048205376,0.21158797
186858,Oligo,0.07758558,-0.3561617
247468,L6 CT,-0.30987406,-0.054927737
279678,L6 CT,0.19645321,-0.2686183
146690,SMC,0.28068691,-0.2275238
32547,L5 IT,-0.06232956,0.17418587
253361,L2/3 IT,0.39658928,-0.17760548
173948,L2/3 IT,0.18049312,0.09867573
249041,L5 ET,0.27525848,-0.16480932
248152,L2/3 IT,0.10388857,0.18666404
180893,L4/5 IT,-0.3556733,0.14202887
229924,Oligo,0.08376509,-0.40148485
150909,L4/5 IT,-0.029127598,0.19119155
255054,Peri,-0.33608472,0.2202102
20568,Astro,0.2469756,0.20506847
145290,L5 IT,0.30011058,-0.18073219
255895,Endo,0.2772494,-0.095654964
164597,Oligo,0.08623254,-0.2565607
36845,L2/3 IT,-0.16459918,0.3484068
181034,Endo,0.05501449,0.15010732
3940,L4/5 IT,-0.124587595,0.2743401
253329,L6 IT,0.027637482,-0.21406049
226475,VLMC,-0.08456302,0.4275456
173732,L2/3 IT,-0.35810912,0.24613065
229019,L4/5 IT,0.11137259,0.16007495
255068,L5 IT,0.25164646,-0.14186174
17361,L6 CT,-0.26199132,-0.16407445
29523,L4/5 IT,0.34569925,-0.086876154
173758,Oligo,0.110541046,-0.425743
148360,VLMC,0.24309349,0.23937017
248445,Oligo,-0.14401919,-0.21251893
26736,Astro,0.35143453,0.10239881
173780,L4/5 IT,0.3760299,-0.14729458
173794,Endo,-0.008015424,-0.2507068
34707,L2/3 IT,0.21285087,0.1742928
191613,L5 IT,0.31570238,-0.205917
29544,L5/6 NP,0.28724408,-0.21659303
184090,Astro,-0.27933955,-0.06242591
141985,Micro,0.13071996,-0.4274379
230529,Lamp5,-0.045523882,0.36074108
250296,L4/5 IT,-0.28977925,0.29055566
25179,Peri,-0.41769803,0.077206135
161501,L6 CT,-0.15073633,-0.068005174
150785,L4/5 IT,-0.45209864,0.056375384
228076,Endo,0.396138,-0.180392
29553,Pvalb,-0.2545538,-0.08483586
274467,Oligo,0.10243344,-0.36673382
185166,L6 CT,0.077160895,-0.3006812
255908,L4/5 IT,-0.3019761,0.2429434
229928,VLMC,0.03450787,0.4089321
250228,Endo,0.16681612,0.286264
252792,Endo,0.004795313,-0.14291787
186920,L4/5 IT,0.09086561,0.17552
226422,L5 IT,-0.22014877,0.120797455
141806,Astro,0.10744864,0.3036028
273846,L5 ET,0.3306039,-0.29765493
238038,Vip,-0.30955198,9.8347664e-05
167551,L6 IT,0.12523168,-0.23347124
180779,L4/5 IT,-0.2091282,0.31999797
180773,Oligo,-0.17235327,-0.009650707
240734,SMC,0.32131296,0.13274378
25236,Astro,-0.26143807,0.40377396
273845,Oligo,0.005640745,-0.17730018
36984,Pvalb,-0.04343608,0.13984418
36986,Micro,0.13454515,-0.46055147
161576,L4/5 IT,0.057246923,0.20370221
141780,L5 IT,-0.22086534,0.17948663
146762,L2/3 IT,0.38850373,-0.10666105
141768,L2/3 IT,0.09431183,0.18495315
232189,L4/5 IT,0.3249789,-0.1970813
1998,L6 IT,0.088849485,-0.23224697
188618,Oligo,0.110643625,-0.380087
17386,L6 CT,-0.09001678,-0.06836119
156005,Vip,0.33453614,-0.02842617
155982,Oligo,0.10253334,-0.42457268
29717,L2/3 IT,0.07559967,0.2583788
141829,Oligo,-0.06841403,-0.11050624
36949,L5 IT,0.0008865595,0.09701532
164515,L5 ET,0.23943448,-0.14700028
247940,L5/6 NP,-0.2177274,0.10983163
190692,SMC,-0.08808836,-0.00030514598
20521,L5 IT,0.3074742,-0.21176425
20513,Peri,-0.19147897,0.19639373
26692,Oligo,-0.11807677,-0.15538174
141875,L2/3 IT,0.051218867,0.21507508
36953,Astro,-0.28058493,0.18349683
252708,L6 IT Car3,-0.2952388,-0.15581724
26691,Astro,-0.39047962,0.06363779
36957,L2/3 IT,0.15620768,0.12041479
174093,Micro,-0.19116274,0.42343497
20496,L5 IT,-0.45204893,0.03428614
150920,Sst,0.08701801,-0.04258433
150921,Astro,-0.24089038,0.43940407
252429,Oligo,0.15379888,0.034560084
156157,L2/3 IT,0.39893252,-0.16664189
148307,Endo,-0.22361758,0.055101395
183143,Pvalb,-0.2060748,0.28011763
156150,Pvalb,0.1822313,0.12090665
174158,L2/3 IT,0.059104085,0.22393233
34678,Micro,0.17368156,-0.23576257
167585,OPC,-0.11387184,-0.23760909
180813,L2/3 IT,0.1238085,0.17242438
190058,Peri,0.19257092,-0.15742067
228091,L6 CT,-0.07915288,-0.082101375
32512,Astro,-0.06272274,0.116573155
520,L2/3 IT,0.28039658,-0.00537768
34674,Micro,0.1283648,0.15968639
253396,L2/3 IT,-0.32825702,0.293153
156932,L6 IT,0.1535688,-0.1506674
183118,L6 IT,-0.025433123,-0.11182132
29502,Pvalb,0.001387775,0.08700365
142343,Sst,0.2535807,0.097331405
142342,Oligo,0.104171395,-0.16879451
146493,L5/6 NP,-0.14965394,0.16859889
181211,L2/3 IT,0.36489344,-0.04802978
173208,Endo,0.039262056,0.20053518
150627,PVM,-0.42802992,0.1469301
227270,Micro,-0.12649336,-0.034752488
173262,Endo,0.13479197,-0.41301757
251861,Oligo,-0.19202027,0.019198775
29347,L6 CT,-0.052539796,-0.03713408
255811,Micro,0.33773965,0.097077906
186701,Oligo,-0.0064671934,-0.25011325
159608,L4/5 IT,-0.26255798,0.29750186
253251,L6 CT,-0.15435141,-0.026466668
173295,Lamp5,0.0456627,-0.26624393
34757,PVM,0.322201,-0.021792442
191546,Astro,-0.024155617,-0.08483869
20839,L6 CT,-0.17458263,-0.109057575
2325,OPC,-0.14454284,0.43972325
142260,Pvalb,-0.20130625,0.051229477
142258,L6b,0.1535759,-0.41337982
238662,Astro,0.20676678,-0.23278388
26782,L4/5 IT,-0.06614089,0.20755726
173319,L6 CT,-0.26848966,0.0012460351
20818,PVM,0.36951286,-0.12097627
275225,OPC,0.10241681,-0.38557252
227648,PVM,0.078253984,0.39897525
20895,Pvalb,0.18510461,-0.2572785
173358,Micro,-0.0828481,0.34893352
274633,Astro,-0.1289264,-0.239333
164831,L2/3 IT,0.17089736,0.20558637
173059,L5 IT,-0.41890615,-0.015674919
156920,Sst,-0.2734976,0.22980559
181260,Endo,-0.15406203,0.27315575
232021,L5 IT,-0.029899985,0.016639471
167727,Endo,0.081462204,0.27896667
255796,L5 IT,0.16570151,-0.059536338
150569,L5 IT,0.027169824,0.020640254
274630,Sst,-0.35209674,0.0065484643
173100,Endo,0.06670767,0.31977385
173101,Pvalb,-0.13954043,0.14281976
2300,Peri,0.08326578,0.31153053
20928,Oligo,0.031227946,-0.31258097
156907,SMC,0.007798791,-0.084985495
156890,Micro,0.12766999,0.3003748
156880,L5 ET,-0.08958709,0.09098536
161330,L6 CT,-0.27334285,-0.08624473
16323,L6 IT,0.09856379,-0.06781891
20922,Oligo,0.1039502,-0.4358304
161333,Oligo,0.04587996,-0.30083513
164865,Oligo,0.10089171,-0.40996575
254307,Oligo,0.00014775991,-0.25907546
150619,L4/5 IT,0.06363344,0.17267096
181238,L5/6 NP,0.24810725,-0.30775386
156801,L6 CT,-0.14880562,0.028651714
23503,Oligo,0.10291517,-0.41784453
173135,Sst,0.09755474,-0.0077539086
253250,L5 IT,-0.30837923,0.11486852
185225,Oligo,0.23360223,-0.42112035
280242,Astro,-0.26019004,0.22917235
166643,PVM,0.113756955,-0.42962757
164735,Sst,-0.059140086,0.16299015
186757,L4/5 IT,0.25789392,-0.095897645
29454,Lamp5,0.3856234,-0.014415741
2340,Astro,-0.012720466,0.3245064
186772,Pvalb,-0.2361711,0.18625867
173511,L5/6 NP,0.25567502,-0.18005478
142123,Micro,0.025895655,0.38692826
164689,Pvalb,6.610155e-05,0.20960963
191602,OPC,0.3947612,-0.22211081
142104,Endo,0.025520802,0.15256953
189515,Pvalb,0.326685,-0.12944698
161460,L5 IT,0.0053712726,0.094055355
173523,L6 IT,-0.27761668,-0.12540632
173551,L5 ET,0.146977,-0.17863905
240524,L6 CT,0.102234244,-0.15444571
241235,L5 IT,0.049195647,0.07320809
227279,Lamp5,-0.34473926,-0.042182863
173562,Pvalb,0.43555486,-0.1619443
150736,L4/5 IT,0.030851185,0.14655203
173572,L4/5 IT,0.39239913,-0.19875559
166663,Micro,-0.16725045,0.2403745
173599,L6 CT,-0.3131017,-0.154001
142094,Micro,-0.069765985,0.32222348
619,Oligo,0.19268781,-0.22472179
156471,L5/6 NP,-0.11338261,0.040291846
232108,L6 IT,-0.05959615,-0.11647585
144856,L5 IT,0.008050978,0.08720809
173631,Endo,0.070972085,0.24396586
156584,Endo,0.12003112,0.15706027
641,L5 IT,0.15019721,-0.024726152
156590,L5/6 NP,0.18597966,-0.29522693
274638,L6 IT,-0.12997061,-0.03420964
20794,Endo,0.14790016,0.3097962
34750,Endo,0.29432797,-0.10684565
227276,L2/3 IT,-0.22519991,0.3814094
156642,L6 CT,-0.20291737,0.019424736
29386,Oligo,0.0724169,-0.3424186
150663,L6 CT,0.16091067,-0.37092087
639,L4/5 IT,-0.066604376,0.29326308
36773,Endo,-0.097716,-0.063590765
233494,L4/5 IT,0.05168897,0.19196075
183440,L4/5 IT,-0.31599778,0.28820544
25117,L2/3 IT,0.17709732,0.21573657
1562,L6 CT,0.17978954,-0.37868717
161393,Astro,-0.25808305,0.38309234
148388,Lamp5,-0.13724291,-0.03317949
15968,L6 CT,-0.18934023,-0.018651962
36797,PVM,-0.08876273,-0.23697945
156608,Endo,0.17182934,0.3044883
185201,Endo,0.30392754,0.14345574
156602,PVM,0.08319998,0.37117243
146545,L6 IT,-0.26028308,-0.07415429
240625,L6 CT,0.12566757,-0.24128792
276784,L6 CT,0.17461205,-0.23813686
150721,L6 IT,-0.021713734,-0.07925409
33477,PVM,0.1555267,0.09085828
173489,OPC,0.47540516,-0.09200472
150724,Pvalb,-0.26694396,0.2460438
186749,L4/5 IT,-0.19370285,0.26393896
186750,L2/3 IT,-0.3165505,0.34749204
33798,Pvalb,-0.21958035,0.17551005
21776,L6b,0.14100987,-0.37466142
181825,SMC,0.27654207,0.022351563
145739,Oligo,-0.23174593,0.013599813
169302,Endo,0.22952896,-0.03145346
148733,Sst,0.296678,0.07374227
35882,Endo,0.36938083,-0.04212278
248533,L5 IT,-0.069022715,0.056268632
1078,Oligo,0.02288574,-0.25061196
144019,L6 CT,-0.15619597,2.0563602e-05
35888,L4/5 IT,-0.35085028,0.18192673
227827,Sst,0.08006549,0.11422515
144016,L6 CT,-0.07021287,-0.06362012
231214,L2/3 IT,0.40353942,-0.07123494
169343,L5/6 NP,-0.0054805577,0.05655694
169389,L2/3 IT,-0.265954,0.41786712
160649,L4/5 IT,0.30264527,-0.083884716
166459,Astro,0.13422912,0.3232013
251636,L4/5 IT,-0.18799964,0.24959177
158704,L2/3 IT,0.069913685,0.27492702
169429,Oligo,-0.104540825,-0.25756574
158702,L2/3 IT,0.4412765,-0.11036107
169447,L5 IT,0.090266705,0.015562952
35916,L4/5 IT,0.3464337,-0.12497389
145751,L4/5 IT,-0.23620555,0.27830434
143977,L2/3 IT,0.43077952,-0.09890345
169500,L2/3 IT,0.20110714,0.18152583
24415,Sst,-0.24984956,0.31675988
160659,L2/3 IT,0.02968967,0.2329182
231414,Astro,0.38157803,0.03026849
145738,Astro,0.43112522,-0.14574468
33221,L4/5 IT,0.08965689,0.20628875
252891,Astro,-0.03390822,0.16843975
144025,Oligo,0.060575128,-0.36313626
158891,L4/5 IT,-0.115266085,0.22655588
276357,L2/3 IT,-0.4098272,0.16961634
144121,L2/3 IT,-0.028330177,0.3518461
160634,Lamp5,0.18773162,0.12515551
169114,L4/5 IT,0.030529201,0.15190595
169125,L6 IT,-0.27021784,0.11005342
280161,SMC,-0.04285592,0.4034981
169149,Astro,-0.5,0.04200369
169158,L5/6 NP,-0.19326118,0.16857469
251114,L6 IT,-0.30657884,-0.16317719
149315,Peri,-0.05178699,-0.26744103
166147,Oligo,0.18199164,0.06298369
158831,L2/3 IT,0.27249777,0.113155484
3526,L6b,0.014494002,-0.29352456
248743,L5 ET,0.21683961,-0.3095505
169190,L5 IT,0.110557914,-0.075024635
17085,L6 IT,0.23180872,-0.24117377
1087,L4/5 IT,0.27843624,-0.071826726
158790,L5 IT,-0.32484576,0.13706481
189420,VLMC,0.12688696,0.35761613
169211,Lamp5,0.27386343,0.10354859
24378,Oligo,0.034645617,-0.33963537
144656,L5 ET,0.28808016,-0.20057169
1082,L2/3 IT,0.42139536,-0.0775955
160641,Oligo,-0.016022116,0.18180543
24384,Oligo,0.14120978,-0.4166023
144034,L5 ET,0.1462689,-0.18739408
169247,Pvalb,0.1381399,-0.20238876
28170,L2/3 IT,-0.0125238,0.28297555
165999,L5 IT,0.26040363,-0.16142067
182532,Oligo,-0.11261746,-0.1954633
148695,Sst,0.040655315,-0.006062895
149708,L5/6 NP,-0.28700817,0.12781006
274134,L4/5 IT,0.08427179,0.13632977
169785,OPC,-0.05850932,-0.24387306
231473,Astro,0.40960306,-0.19992772
189266,OPC,0.22735,-0.039936244
148674,PVM,-0.024915308,0.34844685
15839,L6 CT,-0.21265712,0.078211784
230791,Endo,-0.19349194,0.02920258
160717,L2/3 IT,0.3483417,-0.04001534
148667,L6 CT,-0.13405162,0.02272749
22485,L2/3 IT,0.31018078,-0.03021115
158566,L2/3 IT,-0.36450258,0.1955697
160730,Endo,-0.10730633,-0.20990375
22478,L6 CT,-0.36438698,-0.09454179
143842,L6 CT,-0.09195396,-0.01725483
24509,Endo,0.27271318,-0.20110384
165830,L6 CT,-0.1954624,-0.0985544
144692,L4/5 IT,0.37068224,-0.22956988
158513,L6 CT,0.20602965,-0.30337685
227859,L6 CT,-0.26897645,-0.1821478
183705,SMC,-0.13376671,0.09530538
158468,L6 CT,-0.2732413,-0.078069896
149734,Astro,0.25982213,-0.36020494
182410,L6 IT Car3,-0.30392691,-0.06561056
158430,L6 CT,0.05741924,-0.14598843
22446,Astro,0.15236413,0.3127377
169759,L4/5 IT,0.044367015,0.17541116
158673,L4/5 IT,0.26501387,-0.061173707
240485,L6 CT,0.15177852,-0.3523274
145828,Sst,0.13243312,-0.20243046
255228,L2/3 IT,-0.057952493,0.28155088
165971,Astro,0.12589616,0.18150741
168177,L5 ET,0.23665053,-0.32900393
182526,Astro,-0.06743935,-0.2675969
35959,Peri,0.107676744,0.12086028
165966,OPC,-0.120502144,0.37108016
189125,L4/5 IT,-0.34908038,0.25458246
190416,Endo,0.35760438,-0.26211533
230806,Vip,-0.055278957,0.28658032
145821,L5 IT,0.33863235,-0.256024
158626,L4/5 IT,-0.29267728,0.254614
251016,L5 ET,-0.115814805,-0.026943356
227723,L4/5 IT,-0.07587206,0.25682646
252916,OPC,0.15032625,0.0895502
144683,Pvalb,-0.25381863,0.29299766
158617,Micro,0.13191253,0.08602482
240854,L6 CT,0.18897599,-0.3554282
169652,SMC,0.17788261,-0.407685
252621,Oligo,0.13497561,-0.3901294
169669,L2/3 IT,-0.3258022,0.28578043
27895,VLMC,0.33621705,0.13272429
183489,Endo,0.340671,-0.15570512
158606,VLMC,0.2719729,0.19626105
165926,L6 CT,0.18029398,-0.32694837
226790,L5 IT,0.29114866,-0.19393277
169716,L5 ET,-0.16592175,0.157408
169729,L4/5 IT,-0.13002247,0.21388942
226788,OPC,0.4060052,-0.1602158
27131,Oligo,0.2454927,-0.1913065
189180,L6 CT,0.07044619,-0.2512188
190931,Endo,-0.24518514,0.39649045
185885,L2/3 IT,0.058500826,0.31193912
168281,L6 IT,0.018608093,-0.009391725
159231,Astro,0.072191834,-0.37476733
27986,VLMC,0.10643965,0.3550591
182829,Astro,-0.238489,0.35172653
183532,L4/5 IT,-0.12383261,0.281646
237969,L2/3 IT,-0.021945953,0.26667255
182814,OPC,0.42294848,-0.13612804
168612,Pvalb,-0.33604202,0.15431476
23065,L2/3 IT,0.21633923,0.14843565
33351,L4/5 IT,-0.3338076,0.18837976
27987,Endo,0.103031576,-0.41765654
159194,L4/5 IT,0.25330532,-0.071107775
166341,L2/3 IT,0.34576362,-0.09268707
168643,L5 IT,0.34774464,-0.2213772
229485,L2/3 IT,0.15842378,0.25003046
185900,Peri,0.05452192,0.07991654
168709,L5 IT,-0.053679556,0.060347676
3554,Oligo,-0.018498212,-0.15713662
168729,Pvalb,0.0045876503,0.096010566
28016,L2/3 IT,0.14062178,0.28432488
145481,Pvalb,-0.21309692,0.12255669
251170,Pvalb,0.014669836,-0.15231004
230873,L5 ET,0.22688198,-0.1751366
183540,L5 IT,-0.0407719,-0.019107461
230869,L5/6 NP,0.29803842,-0.2401678
230858,Oligo,0.28413904,-0.19571677
189241,Peri,0.07506549,0.1490016
168738,L6 CT,0.17269742,-0.36528105
251223,OPC,0.021356225,0.091724575
275472,Oligo,0.054522455,0.20571792
145561,L2/3 IT,0.0676198,0.21441758
168349,L6 CT,-0.08885473,-0.16044557
149337,Astro,-0.42588705,0.02156037
168367,L2/3 IT,0.4195953,-0.16050419
182876,L2/3 IT,0.37866408,-0.11436033
166370,Endo,0.01656866,0.16959745
190813,Lamp5,0.4097798,-0.01711917
168410,L6 CT,-0.22119802,-0.014351428
17091,Micro,0.28827512,0.14729369
33370,Astro,0.0074311495,0.21046406
190818,L4/5 IT,-0.21061343,0.2517354
168416,L6b,0.111686885,-0.35534704
144476,Sst,-0.24476588,0.092687845
3184,L6 CT,0.040159643,-0.194834
252662,L5 IT,0.016600072,0.013953984
2099,Oligo,-0.19781813,-0.17152536
3243,L5 IT,0.030813336,-0.17296624
227735,Endo,-0.20573106,0.37213427
168421,L6 IT,0.23044145,-0.23726645
35677,Micro,0.27434826,-0.08989984
231282,L6 IT,-0.08683807,0.008388996
159269,Endo,0.20037001,0.17439163
252854,L6 IT,0.29342568,-0.2597564
240832,L4/5 IT,0.06487697,0.16447473
231283,L6 CT,0.023743033,-0.018787414
27292,SMC,-0.24095437,-0.15079397
23124,PVM,-0.19355965,0.3322537
276281,L4/5 IT,-0.1607272,0.24418521
255517,L6 CT,0.18144047,-0.33917356
252864,L2/3 IT,-0.28458852,0.29760998
166298,Endo,0.44503272,-0.06452623
168235,L4/5 IT,-0.32550186,0.24077803
168927,L6 IT,0.19683349,-0.18901035
27230,L6 IT Car3,-0.2922905,-0.057440966
148749,Oligo,0.0321123,-0.324965
227143,L5 IT,-0.030225545,-0.005017489
2126,Vip,-0.16438991,0.40239972
168961,Peri,-0.2790237,0.23550439
22858,L6 IT,-0.043761104,-0.12850183
144601,Micro,0.023901641,0.1772818
182673,L4/5 IT,0.06881893,0.12068373
28161,L6 CT,0.111438215,-0.3132339
144602,L5 IT,0.33116376,-0.22717085
190522,Astro,-0.16615203,0.0042871237
240516,Micro,-0.34715146,0.20281583
28162,Pvalb,0.1633187,0.13555038
168973,L2/3 IT,0.29395765,0.05189693
248740,L2/3 IT,0.06234348,0.25516433
23264,L5 IT,-0.39195105,0.06672937
255256,L6 IT,0.0020999908,-0.10545567
185989,L2/3 IT,0.3089586,-0.0038317442
158911,L6 IT,-0.17394462,0.0067473054
182654,L2/3 IT,-0.24424145,0.35241437
22829,L4/5 IT,0.08775997,0.07031822
2131,L4/5 IT,-0.36463007,0.18248701
229738,L4/5 IT,0.38085872,-0.19012716
169050,L6b,0.14854217,-0.40499297
182638,L2/3 IT,0.40747696,-0.064673334
158992,L6 CT,-0.038368374,-0.087301254
145589,L2/3 IT,0.4419393,-0.18957126
274542,L4/5 IT,-0.32370326,0.23362887
275441,Peri,0.23635513,0.105787754
22977,Oligo,-0.062041968,0.113583565
160505,PVM,-0.081777066,-0.2363978
3545,L2/3 IT,-0.096277475,0.30536777
274109,OPC,0.14959383,-0.13852695
251260,Astro,0.28201914,0.08502823
226891,PVM,-0.30815864,0.27623534
149434,L2/3 IT,0.25047112,0.13391346
144287,Sst,0.15694249,-0.23198426
159069,Endo,-0.30820322,0.2975328
247160,L6 CT,-0.13734964,0.047286928
274529,L2/3 IT,0.06545824,0.17803699
255491,L4/5 IT,0.23180914,-0.07705629
275572,Oligo,0.039994836,-0.3396144
160409,Oligo,-0.24542156,0.038712084
255493,Astro,-0.34381303,-0.12275162
190460,Astro,0.19389933,0.19019651
27259,L2/3 IT,0.05911064,0.3100245
33373,L6 IT,-0.06357047,-0.1233643
35772,L2/3 IT,0.4068932,-0.19829813
149474,L6 IT,-0.17827043,0.0478642
17130,Endo,0.23043364,-0.35974777
148769,L5 IT,-0.3358701,0.09184742
1124,Oligo,-0.14431381,0.16582
229724,Vip,-0.49773252,0.089205146
248733,Oligo,-0.29110873,0.33774662
160544,Peri,0.18153691,0.18021637
238619,L5 IT,0.25915402,-0.10099214
145669,Sst,0.23345602,0.019243658
233747,Endo,-0.33193797,0.19660568
190396,Oligo,0.14767784,-0.4604211
158419,PVM,0.10100323,-0.4334676
255154,Astro,-0.020438224,0.20580477
27015,Endo,0.08859426,-0.3627509
170763,Endo,0.06551939,0.20731843
34919,Astro,0.2257523,0.26688433
150012,Oligo,-0.31124914,0.26951152
160994,L6 CT,0.15290904,-0.22552931
33413,Sst,-0.097617,0.1731168
143407,L4/5 IT,0.037121594,0.14081281
277474,L2/3 IT,0.38133395,-0.02263692
149231,Sst,0.21607286,0.07153678
170794,L5 IT,-0.065796465,0.16671467
170799,L5 ET,0.2397384,-0.30592656
27008,Pvalb,0.17581141,-0.35120958
157762,L5 IT,0.34426397,-0.25477108
170811,L4/5 IT,-0.040032327,0.17348003
27000,L6 IT,0.18478215,-0.067211
181992,Micro,0.18403602,0.1977449
230679,Endo,-0.258357,0.02354139
150015,L6 CT,0.2058503,-0.32346505
21987,Micro,0.18808728,0.08296692
161004,L6 CT,0.21577412,-0.3479734
237731,L5 ET,0.038259387,0.042031765
21986,L6 CT,0.08898014,-0.2102361
24812,L5 IT,-0.100483894,0.08202362
170849,OPC,0.1554094,0.10064387
145417,Pvalb,-0.31762,0.2639401
181977,Oligo,-0.043841094,0.22273278
226700,Oligo,-0.042520195,-0.27507883
170864,Endo,-0.22395223,-0.14860588
170748,L5 IT,-0.44128287,-0.048381865
157816,Oligo,0.043049514,-0.32110888
149951,L5 IT,0.32233912,-0.23848125
170560,L6 CT,-0.23328409,-0.0140456855
165515,Micro,-0.035606116,0.2746263
252556,L6 IT,0.23115093,-0.3458283
27854,Astro,-0.09679258,0.083028734
159431,L5 IT,0.3321324,-0.22147635
28712,L5 IT,-0.07242289,0.13430107
149970,Astro,0.2571997,-0.23884696
191164,L6 CT,-0.08208245,-0.107927114
248206,Pvalb,0.37692332,-0.22584006
183813,L4/5 IT,-0.42518544,0.024234712
36193,Astro,0.01290375,-0.11182025
170635,L4/5 IT,-0.3644752,0.14689165
274002,L5 ET,0.3310237,-0.24349907
160958,L5/6 NP,0.14892715,-0.09845063
167992,L6 IT,-0.25431138,-0.15418708
239164,L2/3 IT,-0.037576467,0.35481662
22062,L6 IT,0.22392595,-0.3320151
183462,L5 IT,0.37723887,-0.26920223
157871,VLMC,0.14038944,0.33043748
157865,Astro,0.16656876,0.093254745
23372,Endo,0.05675465,0.19335622
188989,Endo,-0.33754355,0.21492451
170684,L5 IT,-0.41763127,0.022486746
157827,L4/5 IT,0.016388237,0.1518861
908,L4/5 IT,-0.30900678,0.23004627
170740,Astro,-0.37021935,0.06428683
190312,Micro,0.015789688,-0.03986743
165521,Oligo,-0.22983554,0.17663485
170876,L4/5 IT,-0.24510649,0.27193594
170886,L6 IT,-0.068715036,-0.07966316
191249,L2/3 IT,0.38429934,-0.12452838
171055,Astro,0.3443973,-0.054418653
33788,Micro,-0.06875065,-0.22273111
231702,OPC,-0.1823557,-0.018528342
188957,L5 IT,0.3484559,-0.23788735
32951,L5 ET,-0.012278467,0.025831997
27837,Sst,-0.09924063,0.05575514
159453,Oligo,0.0059980154,-0.24048018
159461,Astro,0.3693781,-0.06613055
171146,SMC,-0.035372317,-0.26210845
166557,L4/5 IT,-0.09666288,0.28172344
33795,L2/3 IT,0.39945447,-0.10359651
171189,Endo,-0.3156727,0.29903662
36326,L6 IT,-0.28689772,-0.15575883
36328,L4/5 IT,-0.1513313,0.24800354
171194,L5 IT,-0.3730985,0.020128071
189452,L4/5 IT,-0.11848888,0.2758804
24844,OPC,-0.31613427,-0.05262983
186379,Astro,-0.026445776,-0.04830563
254409,Oligo,-0.018140137,-0.290892
233753,Astro,0.09962404,-0.15416348
273947,Oligo,0.05065781,-0.10632354
185304,L4/5 IT,-0.35798073,0.22936618
254407,Endo,-0.16767803,-0.21243909
231740,L4/5 IT,-0.18613711,0.2842453
191265,L5 IT,0.077230275,-0.03205359
28889,L5 IT,-0.030913502,0.079286575
171047,Lamp5,0.36987644,-0.22492808
250777,L6 IT,-0.0905824,-0.07342753
276523,L4/5 IT,-0.15564209,0.19896036
229211,Oligo,0.042688966,-0.35387546
170901,L6 IT,0.025616169,-0.08442563
186333,Peri,-0.00019133091,0.16651654
229225,Micro,-0.32692516,0.2734421
191204,L2/3 IT,0.3866331,-0.020936728
146110,L2/3 IT,0.06943387,0.2270056
143320,L5 ET,0.3209023,-0.25659817
241329,L2/3 IT,0.056930423,0.22014725
157730,L4/5 IT,-0.13876364,0.26473445
33648,Astro,-0.22854215,0.42584348
21917,L6 IT,-0.40675795,-0.009915113
157725,L4/5 IT,0.0017983317,0.17700571
170979,Astro,-0.39481705,-0.024053484
872,L5 IT,0.22557801,-0.14667824
171004,L6 CT,0.23096633,-0.30111104
231682,Pvalb,-0.22736326,0.1255452
171016,Astro,-0.28919172,0.19186687
28826,L6 CT,-0.044596434,-0.24125168
150045,L2/3 IT,-0.2787779,0.3276505
17247,L2/3 IT,0.3149457,-0.07245153
248036,Astro,-0.05178368,0.27476948
165369,VLMC,0.3358999,0.114853024
171021,VLMC,0.10746008,0.34797978
21885,L4/5 IT,0.0195117,0.18904036
279711,SMC,-0.094739944,0.23603559
34903,L2/3 IT,-0.23313284,0.44675916
190278,L5/6 NP,0.21465331,-0.3577388
165367,L6 IT,-0.09112418,-0.059506178
231687,Endo,-0.1033231,-0.18915981
17230,L6 IT,-0.047041446,-0.026217729
33046,Pvalb,-0.26006258,0.1660217
191132,L4/5 IT,-0.36464643,0.24170786
158246,Oligo,-0.16055167,0.00087696314
250948,L2/3 IT,0.2934593,0.006015241
229295,Astro,-0.1673361,0.18936253
24622,L2/3 IT,0.0035851002,0.27356774
230752,VLMC,-0.1754429,0.49279118
22361,OPC,0.12087774,0.14137101
158233,Peri,0.36072052,-0.16263506
231517,Oligo,0.03332275,-0.2045972
252990,L6b,0.13442421,-0.4018432
252999,L5 IT,0.044272363,0.15365535
24627,L4/5 IT,-0.16381711,0.20866609
34998,L2/3 IT,0.10393518,0.28636277
149826,PVM,-0.014935672,-0.24432656
277471,L2/3 IT,0.25451028,-0.0054659843
168077,Endo,0.015285552,0.37351882
186203,OPC,0.0027752519,-0.31064844
253000,L6 IT,-0.14564645,0.014315367
231527,L6 IT,0.048914433,-0.049169272
148789,L2/3 IT,0.28074837,0.038359106
170079,VLMC,0.48732126,-0.061981678
158200,L2/3 IT,0.1956439,0.23163861
158199,PVM,-0.05260271,0.18530643
160836,Pvalb,-0.15180627,0.1137957
2212,L2/3 IT,-0.25742978,0.31015456
248489,L6 CT,0.04976201,-0.111646086
248802,L2/3 IT,0.047806144,0.30349433
168071,Endo,0.40657145,-0.07886279
159417,OPC,-0.123105824,-0.17401105
149257,Micro,0.026770175,-0.16469085
28516,L5 ET,-0.25475228,0.16113931
33122,L6 CT,-0.0100642145,0.0013191104
250970,L4/5 IT,-0.32752877,0.2321145
248795,L2/3 IT,0.15301359,0.22777474
149300,L2/3 IT,0.10372347,0.24174947
166512,L6b,-0.12968159,-0.19191778
169905,Pvalb,-0.054168165,-0.052693546
24156,L4/5 IT,-0.26281536,0.23495889
160743,Oligo,0.016920686,-0.29376078
148653,L6 CT,-0.18990892,-0.19920579
28453,Oligo,0.084558964,-0.3806198
190755,Endo,0.17656994,0.23584121
165738,L6 CT,0.07015562,-0.121383965
279831,Pvalb,0.18050987,-0.10469523
165735,Peri,-0.37138185,0.18663114
186182,Astro,-0.32907057,0.07487595
158320,L6 IT Car3,-0.26474655,-0.17332527
28491,Peri,-0.16817841,0.39135116
148650,L6 IT,-0.41177383,-0.017930418
1952,Astro,0.12721038,0.03544998
165713,Endo,-0.11266604,0.25851494
231494,Endo,-0.08428067,0.38517594
158260,L4/5 IT,0.34980035,-0.13225493
28508,L6b,-0.2831338,-0.17541108
276065,L6 CT,0.04336381,-0.19722566
169940,L5/6 NP,0.20100176,-0.27306694
169945,Astro,-0.050517797,0.23845899
159413,L5/6 NP,0.27805084,-0.22260898
277434,L6b,-0.06116423,-0.20481893
165701,L6 CT,-0.17810553,0.08038962
158170,L4/5 IT,0.0374074,0.14585918
149883,L6 IT,0.17429733,-0.14982745
23334,PVM,-0.0004949868,-0.21558014
143601,L5 ET,-0.29284662,0.082286835
237994,L6 CT,-0.18241784,0.03475243
240801,L2/3 IT,-0.36750087,0.23532665
143600,Oligo,-0.27495277,0.14801055
22183,VLMC,0.36995625,0.09547162
170432,Astro,-0.19891107,0.45764214
22177,L6 IT,-0.24751219,0.07656193
3762,L6 CT,-0.105920166,-0.106334716
170442,L2/3 IT,0.10864514,0.23255289
183000,Astro,0.2546513,-0.27167252
170448,Oligo,-0.08804938,0.20299119
157991,L4/5 IT,0.35288078,-0.12636238
36159,L6 IT,0.11494243,-0.25505242
157964,L4/5 IT,-0.2963776,0.3048541
16398,L6 IT,-0.076565444,-0.04408583
28689,Pvalb,-0.3685742,0.17585063
22162,Lamp5,-0.14264196,-0.084459126
182168,Endo,-0.17793697,0.2899338
22153,L4/5 IT,-0.115137845,0.29502773
182151,Pvalb,-0.06998861,0.06952542
248484,L2/3 IT,0.14674962,0.11530322
2228,Oligo,0.06454581,0.25204915
34974,L4/5 IT,-0.38870344,0.10265267
22127,Astro,0.11980605,0.2119689
17229,Astro,-0.1795724,0.08213377
229247,L2/3 IT,0.06707716,0.2213043
3498,Oligo,0.06335753,0.091955066
143602,Oligo,0.10796547,-0.34224296
149903,Pvalb,-0.010044545,0.13826525
33071,Micro,-0.04151246,-0.19586685
253040,L2/3 IT,0.4446633,-0.12162474
233647,Astro,0.45634496,-0.22330669
170158,Endo,0.41281855,-0.087813616
250928,Astro,-0.1188246,0.3590303
22274,L6 CT,0.08482438,-0.16852364
170209,Astro,-0.13335133,0.34014755
158158,Astro,0.07596797,0.32059723
240470,L5 IT,0.2601967,-0.15622559
165612,Astro,0.14451468,0.03461033
33086,Lamp5,0.33667052,0.02105409
149891,L2/3 IT,-0.31418842,0.35107327
160884,Astro,0.0022922754,0.23069906
168043,L6 IT,-0.04531899,0.040069282
275484,SMC,0.04239136,0.11264229
155978,L2/3 IT,-0.43866342,0.1290403
251734,L6 CT,-0.15910354,0.078691125
170265,L4/5 IT,0.028045952,0.13046515
231570,SMC,0.05085385,0.36544144
165548,L4/5 IT,0.29493636,-0.11269319
274140,Endo,0.29218024,0.19426191
226753,L6 IT,0.022593975,-0.16546765
226746,Vip,-0.26433986,0.2921425
22208,L6 CT,0.046414673,-0.09278837
186225,L2/3 IT,0.15458345,0.16009182
148603,Sst,0.21677274,-0.053846806
255187,SMC,0.20894337,0.008126676
241165,Sst,-0.28777015,0.08130473
149901,L4/5 IT,-0.3017186,0.25770926
226745,Oligo,-0.012339085,0.12102902
35589,Sst,-0.09048012,0.04954171
232221,L2/3 IT,0.3990085,-0.1328784
15818,Endo,-0.23226294,-0.063815534
232239,L2/3 IT,-0.36541262,0.22242302
139883,L6 IT,0.12425226,-0.113354445
177206,VLMC,0.11881864,0.33725548
275761,L6 IT,0.16871262,-0.30514592
153798,L2/3 IT,0.3217798,0.026363134
179799,Endo,0.43723917,-0.118071705
177246,L6 CT,0.16814071,-0.2372424
18626,Micro,0.36575758,0.0139914155
31905,L5/6 NP,-0.23107493,0.07338983
18622,L6 CT,-0.20576516,-0.048582554
238632,L2/3 IT,0.39580548,-0.14839965
230040,L2/3 IT,0.3366748,-0.078306824
18607,Sst,-0.23796946,0.1917463
3380,L2/3 IT,-0.36182287,0.20259923
202,Endo,0.18686908,-0.1312302
163376,L2/3 IT,0.118652105,0.26284015
153783,L5 IT,0.27632242,-0.24760738
177318,OPC,0.47226083,-0.11322531
162216,L6 CT,-0.27407825,-0.06718728
184582,Astro,-0.16012791,0.29310435
153730,Micro,-0.12832755,-0.014327705
248166,Oligo,0.04211104,0.1401884
147464,L5 IT,0.2739346,-0.27578235
177380,L4/5 IT,0.34576195,-0.22882259
18562,Micro,0.34294283,-0.0086428225
139849,Endo,0.39968234,-0.12687337
192340,L4/5 IT,-0.17973158,0.28509396
177408,L5 ET,0.019752562,0.04756832
153813,Oligo,0.06901902,-0.38673308
184948,Lamp5,-0.081745654,-0.13284796
18663,Astro,0.14268357,-0.4350512
184953,Peri,0.0018544197,0.21947622
153896,Oligo,0.059230924,-0.107236266
153884,L6 CT,0.13022792,-0.2011621
31939,Endo,0.23247927,0.2018404
37909,L4/5 IT,-0.05288732,0.16012979
147931,Sst,0.23924589,0.0994038
151932,Astro,0.2199027,0.27569813
2854,Peri,-0.053201854,0.29239422
30880,L6 IT,-0.2851352,0.033536196
37914,Astro,-0.17343226,0.3921095
1343,Oligo,-0.115752995,-0.20886174
277362,PVM,0.21581393,0.22967225
15770,L2/3 IT,0.05179441,0.33446902
163418,L5 IT,0.17719787,-0.16955674
192286,Peri,-0.03131622,0.32492548
153864,Endo,-0.24245796,0.16844165
153857,L6 CT,0.079892516,-0.120361954
34119,L6b,-0.1298756,-0.15155602
226073,Endo,0.27531052,0.1854716
139927,L6 IT,-0.16913402,0.008154094
248333,L2/3 IT,0.101827204,0.2959972
177112,PVM,-0.09518099,-0.16020963
153844,Oligo,0.08176577,-0.17867935
16048,L6 IT,-0.19675353,0.027453363
18683,L5 IT,-0.17738047,0.15880781
177174,L6 IT,-0.17908472,-0.06383717
192302,Micro,0.051388204,-0.2073805
153839,Astro,-0.31476587,0.24571311
34120,Oligo,0.053474188,-0.3895262
177430,L6 CT,0.09477335,-0.17580992
27603,Endo,-0.35991436,0.17292297
153692,L5/6 NP,0.045435548,-0.042883426
38083,SMC,0.2241441,-0.25460654
277219,L2/3 IT,0.25017095,0.1538009
226041,Sst,0.23263067,-0.29893613
139670,L4/5 IT,-0.28036803,0.18236512
187803,L5 ET,0.12296957,-0.030068904
277602,L5 IT,-0.26391134,0.16827059
163317,Lamp5,0.44717348,-0.19149873
238070,L6 IT,0.27750283,-0.23690522
31837,Micro,0.15913737,0.18935269
139642,Lamp5,0.08198726,-0.2548957
187804,Micro,-0.042232156,-0.266365
153446,Astro,0.23987198,-0.062524974
139630,L6 CT,0.25881898,-0.35155338
18446,L2/3 IT,0.0831849,0.29652035
18445,Endo,-0.28854614,0.22021502
163309,Pvalb,-0.07570875,-0.1480059
18441,Lamp5,0.46046007,-0.09251481
177610,Oligo,0.06760275,-0.37725446
255363,Oligo,0.10269803,-0.24755514
188227,L5 ET,-0.038252503,0.09755671
177618,Endo,-0.31625944,-0.13577768
240824,Peri,-0.40090033,0.13342643
147565,L5 IT,0.29546422,-0.21189061
27467,L2/3 IT,0.118523955,0.21225744
18411,L6 IT,-0.17515653,-0.019258618
153409,Lamp5,0.40280932,0.00047832727
227074,L6 CT,0.15571892,-0.2525745
187797,Oligo,-0.01454255,-0.23277235
226044,L4/5 IT,0.012069643,0.19639772
31061,L6 CT,0.123193085,-0.27160347
153507,SMC,-0.086345136,0.1900757
2604,Peri,0.2743398,0.10667467
192359,Astro,0.45366395,-0.17460477
249609,L2/3 IT,0.059488952,0.19864148
25853,Oligo,-0.12958187,0.07741237
18544,Oligo,-0.07190421,0.17875618
147493,Oligo,-0.16131121,0.10115433
251437,L5 IT,0.164478,0.013409913
177467,Peri,0.047179997,0.16394281
249605,L4/5 IT,-0.1139527,0.28498054
228340,Micro,-0.3271516,0.13920075
185602,SMC,0.41507578,-0.02070862
248326,L2/3 IT,0.16990638,0.22249758
189338,L2/3 IT,0.18906337,0.1874119
18773,Oligo,0.12173349,-0.4478441
31030,Astro,0.090349436,0.075166285
147895,Oligo,0.12184316,-0.3987381
139779,Astro,-0.08707929,0.29859376
277209,L2/3 IT,-0.0020391643,0.33088398
228579,L2/3 IT,0.07624924,0.30288488
166749,Oligo,-0.098818004,-0.23237702
192383,L5 IT,0.23857689,-0.21498013
18509,L4/5 IT,0.013145626,0.18912536
18506,OPC,-0.11460695,0.08652377
277487,L5 IT,-0.13502082,0.14738965
177509,L6 CT,0.046694577,-0.16126591
187782,Astro,-0.028802097,0.36537945
166762,Endo,-0.2514198,0.1525898
277216,OPC,-0.13487056,-0.050186753
34349,L6 CT,0.06765002,-0.12293774
179662,Astro,-0.1828933,0.13759154
34107,L5 ET,0.054398596,0.063672304
23749,L4/5 IT,-0.25666824,0.27516216
140272,L6 IT Car3,-0.29405546,-0.12512949
256129,Oligo,-0.08056328,-0.19943121
144977,L6 CT,-0.11503348,-0.01789397
192178,Endo,-0.15966183,-0.115127295
147299,L6 CT,-0.17699668,-0.052796572
151735,L2/3 IT,0.32733053,0.048060298
163603,L6b,0.063578784,-0.29888153
25690,Endo,0.049527645,-0.055036455
163599,Micro,0.16768903,0.0062746406
176612,L4/5 IT,-0.36971578,0.14644349
229994,L6 CT,-0.15700966,-0.13970417
163577,Endo,-0.040754974,-0.025823444
184498,Oligo,0.072139025,-0.34185216
18991,Oligo,0.22909111,0.01637137
30739,L2/3 IT,0.09511566,0.22026867
185719,Micro,0.39489454,0.0036407113
154103,SMC,-0.14289522,-0.03844267
274333,L2/3 IT,-0.1787096,0.37804693
166732,Pvalb,0.44038862,-0.15747485
246973,L6 CT,-0.061024547,-0.10677865
176652,VLMC,0.1880762,0.28931934
179978,Oligo,0.11529386,0.16877061
231026,L6 IT,0.11107761,-0.05379328
154062,L5 IT,-0.3149584,0.06055051
154041,L6 IT,-0.2794205,0.024023235
37817,Peri,-0.3364904,0.17324752
192198,L6 CT,0.032632172,-0.12673154
176569,L6 CT,0.0012885332,-0.06511778
176686,Astro,0.10807097,-0.037128747
230334,L4/5 IT,-0.31186396,0.2654947
37753,Endo,-0.022963375,-0.19503668
176482,Oligo,-0.12005803,-0.18161017
174313,L6 IT,0.24756134,-0.24690408
247818,VLMC,0.08791661,0.38080734
232716,L4/5 IT,0.30565023,-0.056494266
275896,SMC,-0.17616549,0.18376791
2558,L2/3 IT,0.11752063,0.2638507
151720,L2/3 IT,0.281694,-0.01853928
277097,L2/3 IT,0.42557913,-0.14456487
37729,L5 IT,0.12956107,-0.079408795
30678,L2/3 IT,0.11280185,0.25165427
149011,Pvalb,0.08354658,-0.20664778
154202,Pvalb,-0.24167418,0.17069358
15429,L6 CT,0.16916597,-0.42695916
140318,L5/6 NP,0.18186408,-0.11844775
154188,Sst,-0.07945347,-0.083804995
180015,L4/5 IT,-0.3410229,0.18681026
34439,L2/3 IT,0.42471206,-0.18316838
192167,L6 IT,0.034810007,-0.13379127
19056,L5 ET,0.27328622,-0.2973795
192172,L2/3 IT,-0.19154397,0.3673402
176541,L2/3 IT,0.23566592,0.1634044
19046,L6 IT,0.014805913,-0.18219739
26450,Endo,-0.37027255,0.13176769
277104,Astro,-0.33694315,0.33572668
34432,Oligo,-0.21959081,-0.04898292
180010,L5 IT,-0.26835847,0.10070068
34430,L4/5 IT,0.21997696,-0.051638097
154169,L5 IT,0.1812306,-0.15480661
188346,L6 CT,0.18647945,-0.2064034
189646,L2/3 IT,-0.20584896,0.3367495
163521,SMC,-0.03551364,0.23547357
192260,Endo,0.36364675,-0.04174429
189833,L4/5 IT,0.03402263,0.15789407
238649,L6 IT Car3,-0.26088405,-0.117792934
176877,Oligo,0.07357532,-0.3691198
176892,L5 ET,-0.2278255,0.10445911
247646,Endo,-0.13946825,0.37371057
176906,Endo,0.02882725,0.22816622
153964,L2/3 IT,-0.1992285,0.3394909
187625,L4/5 IT,-0.26509893,0.33497763
34405,Astro,0.36384064,-0.19476137
140033,L6 IT,0.19833893,-0.22018588
190658,L6 CT,-0.272312,-0.14156947
18806,L2/3 IT,0.31486136,0.04451269
18798,L6 IT,-0.16243806,-0.0087145865
274926,Oligo,-0.14522839,-0.12990388
31960,Oligo,0.011073351,-0.22189388
23721,L6 CT,-0.072717756,-0.024831861
147939,L6 CT,0.13143736,-0.32991427
18787,Endo,0.26637268,0.021605015
249677,L6 IT,-0.26802057,-0.1776987
176981,Astro,0.44947958,-0.10785717
1826,L5 IT,-0.25272092,0.16899252
247783,L2/3 IT,-0.2665742,0.36797744
151881,L6 IT,-0.19152218,0.015617847
147385,L6 CT,-0.12594202,-0.04029715
147936,Astro,-0.07745269,0.27528816
230278,L6 IT,-0.24019518,0.09405619
30830,Oligo,-0.17534924,0.23631442
34083,Oligo,-0.12813026,-0.069894314
30826,L6 CT,0.15168315,-0.319785
140065,Sst,-0.21538165,-0.06415379
18933,Endo,0.074548244,0.24978256
26428,L5/6 NP,0.1341123,0.10788417
140149,L6 CT,0.20531636,-0.3424335
37835,L5 IT,0.2437442,-0.17220491
25766,Endo,-0.33653614,0.06600857
145272,L2/3 IT,0.37962353,-0.11158624
154004,L6 CT,0.22379506,-0.3035995
30802,Vip,-0.17469072,-0.15592805
184984,Endo,-0.017769665,0.32288337
140145,L2/3 IT,-0.29305276,0.3145299
176754,L6 IT Car3,-0.29337955,-0.2172091
277142,L2/3 IT,0.40756905,-0.20327377
140125,L2/3 IT,0.22826439,0.16367012
140005,Oligo,0.12397015,-0.4367163
179952,Astro,0.31128222,0.1492747
274729,L6 CT,0.19574273,-0.24169695
18904,Endo,-0.002952814,0.3103649
140101,VLMC,0.27113587,0.24237186
148866,L6 CT,0.25559437,-0.3374197
140100,Sst,0.10428542,-0.024421722
18896,L6b,-0.15547699,-0.161614
140088,OPC,0.1534388,0.24538904
176792,Astro,-0.08072519,0.24393213
1315,Endo,0.26706785,-0.11664435
188333,L2/3 IT,0.38523495,-0.060534388
140067,Oligo,-0.10116354,-0.23694754
230297,Oligo,0.1098299,-0.36819226
25776,L2/3 IT,0.13304514,0.24576485
277143,L6 CT,0.17387956,-0.29119593
226122,Pvalb,-0.10291606,0.24447018
147881,PVM,0.061732113,0.35612708
31125,L6 CT,0.09051621,-0.16769683
184862,Endo,-0.021791965,-0.15522581
26056,Astro,0.20726961,0.16948438
275807,L2/3 IT,0.05184698,0.21793222
162491,L6 CT,-0.28646284,-0.10020447
183340,L5 IT,0.19411945,-0.080097735
184853,L2/3 IT,-0.46142566,0.048553407
160004,L6 IT,0.27186424,-0.31846163
178618,L2/3 IT,0.38545978,-0.115837425
166798,L6 IT,0.14829409,-0.10568011
26068,Oligo,0.021043599,-0.32387727
274186,L4/5 IT,0.06844139,0.2010684
230105,Micro,-0.32961982,0.03154832
17684,L5 IT,-0.4285224,-0.0067436695
248581,L4/5 IT,0.34234756,-0.21846724
178666,L6 IT,-0.024791777,-0.10859719
148910,L4/5 IT,0.15421265,0.008864939
152797,L5 IT,-0.21079397,0.15142852
160011,L4/5 IT,0.012830198,0.19667369
253999,Endo,-0.4605118,0.019239724
162865,L5/6 NP,-0.34193945,-0.02704686
35333,Astro,0.31805366,0.13286978
253942,L4/5 IT,-0.27916035,0.18221998
27523,L4/5 IT,-0.3474291,0.22294414
152420,L4/5 IT,-0.004815936,0.18304908
162841,Oligo,0.20301068,-0.048766375
17865,Micro,-0.2967934,0.2404033
162833,L4/5 IT,-0.30591422,0.24597263
273629,L2/3 IT,0.2207132,0.16263747
162599,L4/5 IT,0.061534643,0.10827625
152840,Astro,-0.10290158,0.36245155
17943,L5 IT,-0.22059256,0.127002
147836,L6 CT,-0.14561719,-0.13406557
147831,Pvalb,-0.3537351,0.01843214
31374,L4/5 IT,0.3304369,-0.12414533
162977,Endo,0.12537277,-0.19794074
228377,Oligo,0.16424513,-0.40359706
238084,Oligo,0.08528316,-0.41531205
254828,L2/3 IT,-0.22330317,0.3987605
248299,L6 CT,0.18842572,-0.23290503
179356,Oligo,0.273794,-0.21150044
145114,L4/5 IT,0.039604604,0.15305078
166981,Astro,0.02713883,0.39043456
147669,L6 CT,0.12617499,-0.22115928
253915,L2/3 IT,0.11308795,0.1988889
228439,Endo,0.048930705,0.28893596
256353,Oligo,0.1347444,-0.29892862
162950,L6 CT,-0.22225526,0.004508257
240068,Endo,-0.025138259,-0.30514014
229628,Astro,0.19808853,0.13999808
139337,L5 ET,0.01538527,0.093286574
23992,L6 IT,-0.1072427,-0.15907165
166773,Endo,0.37316662,-0.09599364
17953,Endo,-0.14437881,0.3350104
2724,L5 IT,0.21110308,-0.07490489
139331,L5/6 NP,0.17591995,-0.23041207
277301,Oligo,0.006903708,-0.32662287
166946,L6 CT,0.223697,-0.3208205
179332,Oligo,-0.016129851,-0.070165366
252208,L5 IT,0.06362057,-0.049495727
253993,L6 IT,-0.2720368,-0.061984956
253943,PVM,0.30673718,-0.19404057
31632,Oligo,0.07813215,-0.34903306
192635,L5 IT,-0.35588443,-0.011378318
228398,L4/5 IT,-0.0144687,0.23865443
31539,OPC,-0.13116023,0.38436985
147735,OPC,0.07184988,0.14138997
152520,Pvalb,0.11817074,-0.27324986
179013,L4/5 IT,-0.2806167,0.26305944
179019,OPC,-0.22313514,0.19911826
179022,L6 CT,0.082401335,-0.23563579
31541,L2/3 IT,0.4182477,-0.052438855
184759,Micro,0.029935062,0.11296147
160068,Oligo,0.128546,-0.4380893
184760,L5 IT,0.13580781,-0.019450247
31551,Endo,-0.12587741,0.03693515
152576,L5 ET,0.31371784,-0.27211142
228397,Oligo,0.024445832,-0.2867211
17727,L4/5 IT,-0.037695765,0.17405331
38531,Micro,0.24667066,0.07686752
230126,Sst,0.16169083,-0.2110233
229615,OPC,0.25561988,-0.35328406
188097,Endo,0.0149457455,0.16747999
148896,L4/5 IT,-0.29505906,0.27246916
248571,L5 IT,0.048838258,0.091086745
162670,L5 IT,0.15317589,-0.047153473
31575,L5 IT,-0.035871595,0.019973218
279621,L5 ET,-0.0104803145,0.035678983
162718,L5 IT,0.28673744,-0.22370201
17710,L2/3 IT,0.10667616,0.24037123
26128,Oligo,0.033450484,-0.31872502
178975,Astro,-0.013482451,0.18401814
23989,L4/5 IT,0.12000185,0.09552735
178944,L6 IT,-0.27003318,-0.18707046
152716,L6 CT,-0.19541919,0.08008289
252229,L4/5 IT,-0.24836355,0.25921875
225939,Sst,-0.21643421,0.20469362
17694,L6 CT,-0.062346607,-0.12682661
26103,L2/3 IT,0.25781375,0.12486017
233388,Astro,-0.13727531,0.21389794
160019,Astro,0.055260956,-0.30542025
247699,L5 IT,-0.27207124,0.16079432
162644,L4/5 IT,-0.11386359,0.26792502
225938,Lamp5,-0.040864408,0.39075953
17811,L5 IT,-0.4267182,0.005138099
249395,SMC,0.13568455,0.34939325
139137,L5/6 NP,0.22533381,-0.30189225
179399,Astro,0.16669953,-0.020878285
254812,Endo,0.24056596,-0.20440635
190598,Oligo,-0.114736766,0.10171229
238489,L6 IT,-0.05725953,0.011681676
178868,L5 IT,-0.37588498,-0.03031364
228401,Pvalb,0.2570879,-0.13427901
178871,OPC,0.20834899,0.2813024
152491,L2/3 IT,0.063437164,0.19883728
237538,L6 CT,0.19121414,-0.2621845
178941,Endo,0.13894153,0.20530337
16090,L6 CT,0.030104935,-0.1853973
139050,Astro,-0.36847496,0.07856196
178942,L5 ET,0.33454907,-0.23875168
254807,VLMC,0.2893911,0.20693839
23915,L5 IT,-0.25711405,0.040291607
192615,Endo,-0.064183116,0.24261487
18387,L6 CT,0.055370808,-0.16325295
83,Oligo,0.01746428,-0.30093467
178418,Endo,-0.2130315,0.26689202
230227,Astro,0.2377305,-0.31454706
167038,Endo,-0.34827262,-0.034802914
177880,L2/3 IT,0.04918295,0.17288423
254037,Oligo,0.03174156,-0.25886473
25933,VLMC,0.39523882,0.072874606
192460,Oligo,0.020041823,-0.29607594
192461,L5 IT,0.21664202,-0.09800303
187908,L2/3 IT,0.27108973,0.08899778
38192,L2/3 IT,0.3754546,-0.13817507
145089,L5/6 NP,-0.03187889,-0.07797688
38195,Micro,0.3164553,0.10918385
147857,Lamp5,0.27665788,-0.05812332
139515,L2/3 IT,0.35703695,0.018108964
177935,Astro,-0.43027544,-0.11027157
179534,L4/5 IT,-0.25913045,0.26033068
177953,Oligo,-0.1697689,-0.19593456
177956,VLMC,0.12761134,0.33870482
31780,Oligo,-0.016164124,-0.18633965
179516,L2/3 IT,0.12538028,0.1807692
177992,Astro,-0.13765538,-0.19580206
274362,L6 CT,-0.17973506,-0.018370032
226005,Vip,0.16992503,0.1955409
16060,Micro,-0.3735872,0.032472014
227534,Sncg,-0.1404846,0.38913608
179509,L4/5 IT,0.36393487,-0.21916914
249515,OPC,0.021715939,-0.29898173
38225,Endo,0.24587983,0.20980805
153246,PVM,-0.42539254,0.25999576
184642,L6 CT,0.07198155,-0.094726175
145232,L4/5 IT,-0.3228256,0.2155366
145072,OPC,-0.20782602,0.43628478
152150,L2/3 IT,0.032036543,0.22267419
227548,Endo,0.19481164,-0.04462874
167113,L6 IT,0.2086001,-0.304677
147869,Micro,-0.34659576,0.04726541
252324,L5 IT,0.11313033,-0.11360082
163264,Oligo,0.0084834695,-0.26323026
189758,L6 CT,-0.12648377,-0.12596148
187844,L5 IT,0.06679499,0.08548969
177717,Endo,-0.48366016,-0.041256726
275849,L6 IT,-0.12656873,-0.13694301
249562,L6 CT,0.17307734,-0.34004384
167102,Astro,0.1796776,0.08024746
152186,L6 CT,0.25114298,-0.29886004
161,L2/3 IT,0.0639931,0.21504998
177790,Pvalb,0.22025299,-0.017940849
254582,Endo,0.08970553,0.3377878
163236,L6 CT,-0.0674631,-0.09216446
38151,L5/6 NP,0.17256224,-0.27301276
179604,Astro,0.23414338,0.19708318
254042,L2/3 IT,-0.02985096,0.3281449
38160,L5 IT,0.016133428,-0.015713692
187854,L4/5 IT,0.009980559,0.16916418
4223,L6 CT,0.10813165,-0.16278404
229593,L6 IT,-0.061424673,-0.12622473
247462,L5 IT,0.33754092,-0.26686695
252319,Endo,0.0109555125,0.20291668
251447,L4/5 IT,0.011493683,0.18860847
249554,L6 IT,-0.12716794,-0.15429762
153176,Oligo,0.2293008,-0.12863728
153152,Oligo,0.072701514,-0.40571833
31274,Endo,0.40908748,-0.0031675994
233009,Micro,0.24975389,0.072484374
18088,Peri,-0.21817395,0.3163057
31327,L4/5 IT,-0.23574182,0.22238773
187951,L2/3 IT,0.14535666,0.24526292
18076,Oligo,0.1396352,-0.47494188
38302,L6 IT,-0.10606605,0.054035127
179432,Endo,0.20840997,0.2512055
252297,L2/3 IT,0.40792018,-0.20336074
18070,L5 ET,0.06062281,-0.044632852
31333,L6b,-0.18304482,-0.15653467
252200,L6b,-0.089630425,-0.21628079
31724,L6 IT,0.34008777,-0.11878711
192503,L2/3 IT,0.15567762,0.21955097
163015,L2/3 IT,0.056109726,0.20021755
233024,VLMC,0.20445299,0.29949445
277278,Peri,0.07685715,0.20997334
178369,L4/5 IT,0.28638697,-0.12521392
35356,L2/3 IT,-0.24009219,0.40247422
166987,L6 CT,-0.092684984,-0.13737804
178370,L2/3 IT,-0.002774626,0.34053594
249465,L6 IT,-0.2762261,-0.19106817
31358,L6 IT,0.013107657,-0.16972542
139376,L6 IT,0.2349258,-0.1874879
188187,Pvalb,-0.18869454,0.27916336
228449,Endo,-0.013069689,0.10564405
254025,L6 IT,0.30450773,-0.29697567
178412,L5 IT,0.055044472,-0.02210164
254571,Astro,-0.17974868,0.43582606
18100,L2/3 IT,-0.42602322,0.11213225
162403,L4/5 IT,0.07974708,0.14445585
147644,Endo,0.26555264,0.11092621
152238,L6 CT,-0.13684583,0.028111994
252303,L5 ET,0.3403769,-0.26378834
253873,L2/3 IT,-0.058703363,0.3576088
18201,Sst,0.31869477,0.0116119385
178042,Sncg,-0.21443918,-0.05075869
152254,Pvalb,-0.11722854,0.31320882
274471,Oligo,0.05157262,-0.37855655
153126,Endo,0.04221791,0.13800836
38240,L5 ET,0.21385127,-0.11264989
178073,L4/5 IT,-0.106170624,0.20577973
277261,L6 IT,0.024533093,-0.061071843
232987,L4/5 IT,-0.34250993,0.21400815
249507,L6 IT,0.073489726,-0.073316574
183327,L6 IT Car3,-0.2836875,-0.1446518
31758,L2/3 IT,-0.035241306,0.259551
1804,Astro,-0.27140957,0.36696535
31749,Endo,0.24249041,0.16558391
31299,Lamp5,0.30960232,-0.019273251
183324,Astro,0.1230371,-0.46518314
16730,L5 ET,-0.35331893,0.0186162
18138,Astro,0.17552382,-0.17703
232998,L6 IT,-0.25105196,0.042915225
192483,L5 ET,0.30078602,-0.2775876
147618,Astro,0.3579203,-0.22319901
1717,Vip,0.06989175,0.22352576
159961,Lamp5,0.040745497,0.3468299
163141,Astro,0.16313082,0.29699618
248175,L5 IT,0.17456794,-0.03223455
228492,L6 IT,-0.27529693,-0.15211219
176481,Astro,0.059938073,0.2946002
163642,Peri,0.00023639202,0.36815155
238528,L4/5 IT,0.35623008,-0.16449285
175124,Micro,0.08490127,0.19554776
161690,L5/6 NP,0.2008887,-0.14053908
175126,L2/3 IT,0.014169037,0.24728
253541,L6 CT,-0.17664587,-0.06264779
144897,Pvalb,-0.11011493,-0.015953511
16501,L6 CT,0.10947913,-0.15417916
226272,Endo,-0.010767311,0.30975235
167435,Astro,0.09595597,-0.2817397
180486,L5 IT,0.08530027,-0.038700998
175164,L6 IT,-0.0482668,-0.09116721
250044,L5 IT,-0.15973195,0.067364514
385,SMC,-0.21722177,0.2968508
141431,Oligo,0.03601092,-0.3361054
141390,L2/3 IT,-0.38005322,0.24387652
175199,L2/3 IT,0.08140254,0.28993732
34598,L6 CT,0.06419653,-0.32989752
175212,L4/5 IT,-0.03707549,0.24086988
155358,Micro,0.2834471,-0.23846358
155346,L2/3 IT,0.1129725,0.2785887
30077,Oligo,-0.030850291,-0.13156924
237637,L4/5 IT,-0.29064584,0.26746005
19854,Pvalb,-0.14465243,0.21581298
30078,Oligo,0.13182622,-0.38304582
250031,L5 ET,-0.18283677,0.11971706
151305,L5 IT,-0.03561914,0.031112492
23634,L4/5 IT,0.06420499,0.15942913
144902,Oligo,0.12944657,-0.45542762
164193,L2/3 IT,-0.20629892,0.382698
141432,L2/3 IT,0.10523307,0.29363304
155433,L4/5 IT,-0.3238595,0.19440019
174968,Oligo,-0.025629073,-0.23786363
240338,L5 IT,-0.3034283,0.16806221
20029,Pvalb,-0.35012266,0.15212
228842,L6 CT,0.16035426,-0.31562582
20012,L2/3 IT,-0.32903016,0.32089424
232406,L4/5 IT,-0.31360775,0.25611365
37150,Pvalb,0.091225386,0.17077434
37153,Oligo,0.4502257,-0.15143028
161689,L5 ET,-0.41969782,-0.0011821985
1613,VLMC,0.10467124,0.32305324
33965,L5 IT,-0.24540314,0.09791422
226321,L4/5 IT,-0.40963134,0.11993396
144892,L2/3 IT,-0.1567722,0.36571914
19989,L2/3 IT,0.09644556,0.17272866
226320,Oligo,0.043851376,-0.40459818
146872,L5 ET,-0.006581217,0.0703516
32314,L5 IT,-0.41280547,-0.03155592
151278,L6 CT,0.24940419,-0.37369686
275084,Endo,-0.35498488,0.081899166
174998,Astro,-0.22191441,-0.19563475
19983,L2/3 IT,-0.24424246,0.33821082
175003,L6 IT,0.018707216,-0.16306695
250065,Astro,0.12174213,-0.45051643
164194,L5 IT,0.030816376,0.1044631
247015,Pvalb,-0.13894954,0.1301716
180521,Pvalb,0.04522133,0.12900901
32307,Oligo,-0.029665053,-0.2569977
26581,L2/3 IT,-0.08295643,0.30631948
188513,Astro,0.3112958,0.08298999
164143,L5 IT,-0.37521204,0.09855795
185740,Endo,0.45884603,-0.08975741
37292,L5 IT,0.0798198,0.02169472
175378,L2/3 IT,0.09493452,0.21473664
2467,Peri,-0.066146255,0.42987537
164085,L4/5 IT,-0.43205252,0.08709717
30144,L2/3 IT,-0.046957135,0.38292372
254997,Endo,0.2161287,-0.1085155
155211,Endo,-0.15825531,-0.08845699
146894,L5/6 NP,0.18612921,-0.264391
164083,Lamp5,-0.12437707,0.43533528
1636,L4/5 IT,-0.13590586,0.2218492
16001,L6 IT,0.058439016,-0.19390774
240330,Peri,0.085705996,0.3558215
167397,L5 IT,-0.4377475,0.07603115
191856,Vip,0.09544039,0.29374278
151378,L2/3 IT,-0.20523322,0.33706295
180371,Astro,0.12485206,-0.44113603
185098,L6 CT,0.037126124,-0.18646732
180370,Oligo,0.0030633807,-0.30977508
33997,Micro,0.22538942,0.19939339
141189,L4/5 IT,-0.28886843,0.25864536
187226,L5 IT,0.2192818,-0.18826348
2061,Oligo,-0.02875799,-0.26336408
148133,L5/6 NP,0.0067858696,-0.030212134
17498,L6 IT,0.04443735,-0.18893474
238527,SMC,-0.359923,0.20011467
161817,L2/3 IT,0.212466,0.11846298
34000,L5 IT,-0.12274954,0.16311312
187191,L5 IT,0.21627247,-0.1769945
155487,Micro,0.17301238,0.30926543
141256,L5 IT,-0.34139723,0.0625968
189994,Endo,0.22356892,0.0639807
37238,Oligo,-0.121813774,-0.20941505
33507,Endo,0.055595934,0.23172373
155310,L6 CT,-0.0253807,-0.05032417
190004,L4/5 IT,-0.3481673,0.25498104
175275,L2/3 IT,-0.31352082,0.35537875
141310,L2/3 IT,0.11978036,0.2753588
151341,L2/3 IT,0.28855622,0.080829024
19805,L6 CT,-0.3307243,-0.123045295
275069,L4/5 IT,-0.019433767,0.21673262
276983,SMC,0.15109807,0.19025213
141287,L2/3 IT,0.17932141,0.23020542
175314,L5 ET,-0.17364502,0.15927732
164132,L4/5 IT,-0.32967642,0.22412997
237633,Vip,0.314233,-0.21505034
175318,Oligo,0.025063038,-0.3457477
275713,L6b,0.15024406,-0.39205644
164124,Sst,0.15882951,-0.21145007
26569,L6 CT,-0.17235717,-0.04944715
180456,Pvalb,0.05592531,-0.15547523
30115,L4/5 IT,-0.3510012,0.23081201
188511,L5 IT,0.19918716,-0.100192755
175325,L5 IT,0.0054404736,0.08710837
253564,Micro,0.20945007,0.26541495
19767,L5/6 NP,0.12666768,-0.07218447
188500,VLMC,0.09020865,0.37995535
175335,Sst,-0.2817114,-0.056796253
16540,Vip,0.21967399,0.07740319
180450,Pvalb,0.050016463,0.19455987
17448,Oligo,0.10114801,-0.37611896
233791,PVM,-0.31363282,0.031911254
149098,OPC,-0.1515292,-0.17450899
174479,L4/5 IT,-0.14364618,0.2565797
3429,L2/3 IT,0.2024098,0.19377822
155865,L4/5 IT,0.25027627,-0.05565971
186991,Oligo,-0.14448288,-0.2051838
230511,L6 CT,-0.2316311,0.025805652
184166,L6 IT,-0.06902826,-0.13664708
279761,Sst,0.24213791,0.15103072
167542,L6b,0.16408777,-0.42464066
155826,Lamp5,0.040057182,-0.23433149
159671,L5 IT,0.15674847,-0.03333965
151096,Pvalb,-0.20431766,0.25969994
151098,L4/5 IT,-0.2963857,0.3107838
247355,Endo,0.21847534,0.044671297
155784,L4/5 IT,0.36420155,-0.22038609
185769,OPC,0.42731684,-0.12021637
255028,Oligo,-0.109630704,-0.19694847
185135,L2/3 IT,-0.13002113,0.3643661
32403,L6 CT,0.15244591,-0.29837126
188577,Endo,-0.02104786,0.3384319
151106,L6 IT,-0.32063317,0.09310746
20224,Oligo,0.004324436,-0.26947218
228916,L2/3 IT,0.30778587,0.07353473
155743,L5 IT,0.21731853,-0.1320031
174576,L6 CT,-0.05898121,-0.18809152
279934,L4/5 IT,0.0041742325,0.1808961
183170,L2/3 IT,-0.36933076,0.25196612
487,L4/5 IT,-0.18288177,0.2142191
141661,OPC,0.263301,0.119053185
34641,Micro,0.061158895,0.33541685
32433,L2/3 IT,0.3228491,-0.068614006
32438,Oligo,-0.10812384,-0.15790552
180759,Endo,-0.19407621,-0.12744418
280254,L5/6 NP,-0.18824172,0.15816468
174358,L6 IT,0.24627268,-0.2961652
174360,Astro,0.26327866,-0.25739598
185153,L6 CT,0.15377808,-0.27060947
174370,Micro,-0.11631879,-0.24465984
29730,Astro,-0.06601405,0.38118303
16268,L4/5 IT,0.401532,-0.21741581
275687,L6 CT,-0.070084155,-0.09686673
141739,L6b,0.14267671,-0.3919027
155944,Sst,0.37322432,-0.17148846
164434,L6 IT,-0.07087067,-0.14543578
250189,L6 IT,-0.27195632,-0.12646416
20318,L5 ET,0.22158068,-0.12235865
174412,L4/5 IT,0.19190454,0.07198268
37015,Sst,-0.3067746,0.19300807
250177,Vip,0.37389308,-0.1901856
155933,L4/5 IT,0.08836162,0.17901623
228111,Oligo,0.045096338,-0.35446078
180719,VLMC,0.2379449,0.26472956
20311,Astro,-0.29800737,0.23830283
148263,L4/5 IT,-0.39032993,0.10857785
184164,Oligo,0.06775361,-0.3331486
161615,L6 CT,0.13523269,-0.17844898
2985,L4/5 IT,0.059917152,0.13164675
155902,Astro,-0.03757736,0.19241786
239225,OPC,-0.24923313,0.14150947
180712,L2/3 IT,0.08474219,0.256186
155122,L2/3 IT,0.067920506,0.18639064
185762,L2/3 IT,0.43661088,-0.18776205
174634,Oligo,0.010976613,-0.26122618
187062,Peri,-0.023836672,0.37836295
276923,L6 CT,0.06534809,-0.06687006
155622,L5/6 NP,0.23312128,-0.1441176
29957,L5 IT,-0.44810754,0.036296546
27698,Astro,-0.15467212,0.24084443
32346,Micro,0.088591516,0.35499448
189366,L2/3 IT,0.06870961,0.28823972
174880,L6 IT,-0.1189442,-0.09295207
29960,L5/6 NP,-0.2900468,0.07607955
151184,Astro,0.17876226,0.20037705
161670,L5 IT,0.28658313,-0.18826032
174933,L6 IT,-0.09689385,-0.09568611
174934,Endo,0.019457757,-0.07389143
37120,L6 IT,-0.099176854,-0.0004891157
167476,Astro,0.15138203,-0.22659594
141510,L2/3 IT,-0.28203678,0.34782434
155551,L5/6 NP,-0.1833595,0.047056973
248635,L5 IT,-0.19354802,0.16736054
155536,Peri,-0.16738695,-0.1099107
155512,Astro,-0.23523879,0.15446812
141489,L2/3 IT,0.43104458,-0.08877614
280264,L5 IT,-0.17894694,0.18126225
160172,L5 IT,-0.21025443,0.102312684
248390,L4/5 IT,0.16312373,0.12210858
174955,Astro,0.39241076,-0.065917194
233187,L6 IT,0.021527648,-0.13140601
20046,L4/5 IT,-0.21288192,0.23494828
33952,Endo,-0.114467174,-0.078006715
155733,Astro,0.36411166,-0.01353851
155635,Micro,-0.27026477,0.17720193
155662,VLMC,-0.12631309,0.47955614
180644,L5 ET,0.22081172,-0.23889366
252410,Astro,-0.321849,0.22619128
164343,L2/3 IT,-0.04448104,0.35598546
141605,L2/3 IT,0.04936421,0.22827828
155724,L2/3 IT,0.079571426,0.28308535
17425,Oligo,0.114801586,-0.4328981
174715,L2/3 IT,-0.15253952,0.3424639
275701,L4/5 IT,0.38600147,-0.19790119
239188,L6 IT,-0.096283495,-0.107147634
32378,L4/5 IT,-0.27593046,0.30250746
228896,L2/3 IT,-0.11214849,0.37987298
250106,Endo,0.47522426,-0.12421796
35494,L6b,-0.24516898,-0.15300542
34634,L2/3 IT,0.42060965,-0.108741224
228891,Endo,-0.06351295,0.2914214
17050,PVM,0.025698781,0.35040617
184228,L6 IT,0.012242138,-0.18749577
151121,Astro,-0.24210161,0.09048891
141563,Oligo,0.3065669,-0.30908996
155693,Oligo,-0.076147884,0.19334114
16245,Astro,0.066820025,0.21038353
180617,L4/5 IT,0.38224727,-0.19325328
251950,L5 ET,0.12894213,-0.04934588
184241,OPC,-0.35882893,0.16493803
240642,L2/3 IT,0.084194005,0.28563297
141559,Astro,0.03144002,0.029439092
191731,L4/5 IT,0.3400656,-0.21425104
228875,L5 ET,-0.45828006,0.021265864
191880,L6 CT,0.15290898,-0.3559903
26546,Pvalb,-0.11768013,0.3173229
248681,Endo,-0.30994856,0.27472204
4106,Endo,-0.10344407,-0.25386465
32131,L6 IT Car3,-0.32342178,-0.1881342
249855,Oligo,-0.07883087,0.19924366
30459,L6 CT,0.14143687,-0.19345751
184411,L4/5 IT,0.21338058,-0.0072622895
162001,L4/5 IT,-0.049516737,0.20945829
2912,L6 CT,-0.12842965,-0.005674571
233167,Vip,-0.17145371,0.3547547
149015,L4/5 IT,-0.05904746,0.26559556
187394,L4/5 IT,-0.05468297,0.1782493
34053,L4/5 IT,0.29149222,-0.09135476
147999,Endo,-0.043154895,0.16421586
30472,Endo,-0.033471167,0.38083243
154613,L4/5 IT,-0.25100803,0.27091587
230385,VLMC,0.2975934,0.19982427
187402,Peri,0.21951294,-0.037623227
192050,L2/3 IT,-0.28208435,0.29369426
19315,L2/3 IT,0.2096287,0.17267132
30490,Oligo,-0.035522133,0.21157962
184412,L5 IT,-0.1481348,0.18677092
180160,Endo,-0.12626398,0.044517815
188407,L4/5 IT,0.37546617,-0.18172395
154592,L2/3 IT,0.27625173,0.0965476
163811,L2/3 IT,0.22033203,0.12894881
147984,L5 IT,-0.3500601,0.1537357
154639,L6 CT,-0.07739854,-0.060731024
176060,L5 ET,0.21359378,-0.25433624
176059,Oligo,-0.004013598,0.21973842
184410,Astro,0.22304684,0.24730575
30383,L4/5 IT,0.098763585,0.09848076
248368,L2/3 IT,-0.08976078,0.29010797
140389,L2/3 IT,-0.18382153,0.40877533
147116,L5 ET,-0.09016928,0.06660712
189888,Sst,-0.112378925,-0.028402686
274318,L4/5 IT,0.22039866,0.034867525
187340,Astro,-0.07793015,-0.19185275
140732,L5 IT,0.29933262,-0.19454229
175564,L2/3 IT,0.047230124,0.24847388
32140,L5 ET,0.23995894,-0.15166554
228740,Micro,0.22873294,0.2591151
19396,Endo,-0.07270771,-0.22072026
274400,Oligo,0.12291181,-0.38033262
154746,L6 CT,-0.28118995,-0.037434787
280273,L6 CT,0.069389224,-0.18632331
280068,L6 CT,-0.19412565,-0.02239573
154706,L4/5 IT,0.18392873,0.029388428
159792,L2/3 IT,0.11016053,0.14230365
17533,L4/5 IT,-0.04579577,0.2095449
154691,L4/5 IT,0.021323204,0.17012787
176049,Oligo,0.11437398,0.0734517
151690,L6 CT,0.19307327,-0.22029787
154680,L2/3 IT,0.3245448,0.035555482
25559,L2/3 IT,-0.31190324,0.33371913
19357,L5 IT,-0.22883478,0.059281707
37557,Astro,0.25829405,0.19382536
275729,L5 IT,0.23780924,-0.095048845
176163,L5 IT,-0.04590848,0.07565892
187415,L2/3 IT,-0.32083076,0.356507
19281,SMC,0.13886815,-0.43454805
27623,VLMC,0.3048615,0.15989614
19186,L6b,-0.102199614,-0.19683725
187501,L5 IT,0.2505331,-0.22153369
249783,L6 CT,-0.09336105,-0.022000045
248232,L5 IT,-0.05293235,0.13168764
192081,Oligo,-0.020706505,-0.23871663
187476,L6 CT,0.2144118,-0.29814076
176355,L2/3 IT,0.3981049,-0.11473864
180059,L2/3 IT,0.3311525,0.010658622
19170,L6 IT,0.06733096,-0.04945934
140466,Astro,0.096683025,-0.44142535
274954,Lamp5,0.041115046,0.38564843
147194,L5 IT,0.34669197,-0.29565778
273704,Oligo,0.06806946,0.09750062
232688,L5 ET,0.3441648,-0.25503272
180052,Astro,0.04415649,-0.3391894
37653,L5 ET,-0.06400254,0.048373103
26462,Astro,-0.40453416,-0.03867945
140451,L5 ET,0.2226637,-0.09423545
147241,L6 CT,-0.060469657,0.010427475
147251,L5 IT,-0.38688824,0.036018193
30592,L2/3 IT,0.106033206,0.22496313
187497,L6 IT,-0.15761206,-0.09149164
145278,L6 CT,0.14980358,-0.32724676
154325,L5 ET,0.21853054,-0.22016889
140438,Oligo,-0.04380706,-0.20223013
147969,L2/3 IT,0.062687576,0.22807354
19408,Oligo,0.059920073,-0.32620105
140509,Astro,0.39951664,-0.079166085
277082,L6 CT,-0.053602546,-0.009925544
159794,L2/3 IT,0.26638722,0.099179804
251402,L5 IT,-0.27289066,0.17577773
140584,L6 IT,-0.25001246,-0.17352581
32116,Astro,0.3074882,-0.2927056
180133,Endo,0.37679797,0.054744303
16185,Oligo,0.06570053,-0.33408946
228262,L2/3 IT,0.18144798,0.22805351
229986,L6 IT,0.24131292,-0.2818061
253659,VLMC,0.010499716,0.4186641
15441,L6 CT,-0.13617605,-0.0023592412
190680,Micro,-0.3033915,0.24771553
151621,L5 ET,-0.33834854,0.081049025
30557,Astro,0.072111785,-0.36315006
140562,L4/5 IT,0.060084462,0.15778369
238178,L5 ET,-0.13966191,0.12965232
30550,L6 CT,-0.33980134,-0.10414079
167327,Lamp5,-0.13509703,-0.1984686
180100,Vip,-0.29123,0.2548051
176285,L4/5 IT,0.39452899,-0.2203654
226145,L2/3 IT,-0.30138972,0.2940219
140404,Oligo,0.10244441,-0.44238344
237590,L6 CT,0.17620575,-0.28568769
253661,VLMC,0.12028694,0.3621813
147180,L6 CT,-0.15547615,-0.01371631
19202,L2/3 IT,-0.3263672,0.27947313
26469,L2/3 IT,0.110019565,0.281618
187442,Micro,0.10457134,-0.43827003
192008,L5 IT,-0.11258337,0.16882104
273733,VLMC,0.19905221,0.30042207
249893,L2/3 IT,0.100830376,0.21633542
246995,L2/3 IT,0.42108834,-0.11536068
159728,OPC,-0.14547986,-0.13580683
176472,L6b,0.025209248,-0.28162092
185077,L2/3 IT,0.18296391,0.23756611
148100,L6 CT,0.106420636,-0.17169592
187256,L5 IT,-0.02580291,0.11330575
37702,L6 IT,0.004834354,-0.03125426
187273,L5 ET,0.3371743,-0.25166768
180304,L5 IT,-0.37508392,0.07358581
274943,L5 IT,-0.058001637,0.027204514
32215,L2/3 IT,0.065724134,0.2094661
180301,L6 CT,-0.10010958,0.003590405
30630,L4/5 IT,-0.13179192,0.2847581
240958,Micro,-0.08676723,0.052251518
141063,L4/5 IT,-0.31778455,0.27807653
147057,L4/5 IT,0.26720464,-0.058353633
191909,Astro,0.09621471,0.32042682
273751,Sst,0.044294477,0.27340108
19549,L4/5 IT,-0.3465926,0.19793141
30308,Peri,0.09782255,0.11272645
175732,Oligo,-0.12209517,-0.24246907
280266,L2/3 IT,0.38494158,-0.10457474
16018,Pvalb,0.19600475,-0.22888184
180295,Astro,0.18804628,0.097079694
151450,Pvalb,0.2502765,0.15207559
154953,L5/6 NP,-0.14104092,0.123859525
230414,L6 CT,-0.09362289,-0.042855114
141004,Oligo,-0.28444558,0.12880993
187506,SMC,0.47873002,-0.05547908
147017,L4/5 IT,0.3494466,-0.15423152
226215,L6 CT,-0.014122903,-0.04505372
2950,Astro,0.28224778,-0.16076425
241270,L2/3 IT,0.35868412,0.012385488
16215,Micro,0.3170247,-0.2641217
164040,L6 IT,-0.11464888,-0.029385448
175614,Astro,0.3841558,-0.11758831
155084,L6 IT,-0.26536745,-0.07746217
277021,L5 IT,0.15053087,-0.081496656
175625,L2/3 IT,-0.3712889,0.24236214
164026,VLMC,0.017381787,0.4167567
175641,Endo,-0.10125381,0.38450098
37347,L5 IT,-0.3688249,0.082690895
19574,L4/5 IT,-0.24503243,0.28931004
180328,L6 IT,0.08848649,-0.13418397
25657,L5 IT,0.33134562,-0.23357835
183218,L5 IT,0.11124939,0.047195494
25478,VLMC,-0.059081584,0.43564028
37354,L5 IT,0.02887988,-0.0720014
226212,Astro,0.10013121,0.04363346
175667,Endo,0.18033838,0.30553085
175668,L6 IT,0.19845289,-0.26473856
154281,PVM,-0.16873747,-0.18182218
274405,L4/5 IT,-0.21347529,0.31023598
254192,L5 IT,-0.017660588,0.086084366
147011,L4/5 IT,0.027094722,0.18538553
175672,L5 IT,0.063209414,0.0786894
254707,L4/5 IT,-0.22379413,0.19443649
151663,Lamp5,0.05942917,0.3036495
191918,L4/5 IT,-0.32230273,0.2533207
25503,Endo,-0.15279242,0.37942886
27652,L4/5 IT,-0.20087427,0.30337876
226187,L6b,0.029675245,-0.27959356
175850,OPC,-0.18453747,0.3920036
140386,Oligo,-0.2045283,0.14605153
151536,L4/5 IT,-0.19671586,0.23202133
232701,L2/3 IT,0.06301218,0.1899026
151538,L6 CT,0.17208129,-0.3240046
256054,Endo,-0.14846349,-0.19649369
180225,L4/5 IT,-0.121439844,0.15391105
19455,L6 CT,-0.12010276,0.010414124
19442,L6 IT,-0.007726878,-0.12916371
147114,L2/3 IT,-0.16473025,0.33707267
30340,L5 IT,-0.10438281,0.08148301
191938,L4/5 IT,0.24320227,-0.07290894
175966,L5 IT,0.1179471,-0.08799711
140819,Oligo,-0.09506181,-0.02537319
32161,L2/3 IT,-0.24748942,0.42577028
185590,Sst,0.29558873,-0.26570192
32159,PVM,-0.004976362,-0.13337862
161983,L4/5 IT,-0.2981382,0.2097894
25539,Endo,0.17942822,-0.13950363
185594,L6 CT,0.080762625,-0.14311841
175971,Oligo,0.0017489791,0.12062365
256071,Oligo,-0.105938226,-0.14958301
176444,L5 ET,0.045588195,0.08054525
154844,Oligo,-0.1917479,0.19014066
249894,Endo,0.1607123,0.2505049
175762,Vip,0.013575733,0.31659997
37450,L5 IT,0.37185413,-0.2582574
228228,L2/3 IT,0.18947011,0.13998175
163969,OPC,0.060666263,-0.259032
273744,Endo,0.14312488,0.15032125
147073,L5 IT,-0.3524614,0.13937229
24039,L5/6 NP,0.25898552,-0.36487857
19512,L6 CT,-0.09992257,-0.01626733
185076,L6 IT,0.1051085,-0.12606683
232576,L2/3 IT,0.34756422,0.023272276
167369,L6 CT,0.1168924,-0.30221763
175798,Endo,0.23664802,0.2360233
4066,L6 IT,0.023062587,-0.14364916
154919,L5 ET,-0.2255367,0.17873585
161908,L6 CT,0.16286248,-0.24155936
159759,PVM,-0.12931862,0.4212634
140950,L6 CT,0.07948518,-0.14899972
249926,Astro,-0.18812248,0.0858922
189923,Endo,-0.30122995,0.1496476
37435,Astro,0.3930933,0.013508379
274701,L2/3 IT,0.051304817,0.24217379
19478,L2/3 IT,-0.18497577,0.34154123
230349,L4/5 IT,-0.2597552,0.29267144
228684,L5/6 NP,0.15389413,-0.23327172
140914,Micro,0.21904755,0.23458159
140910,L5 ET,-0.34911084,0.004789233
249912,L5 IT,0.30088973,-0.1739775
248372,L5 IT,0.35023832,-0.2217547
188431,PVM,0.21512169,0.18096662
161928,L6 IT,-0.29391396,-0.118371785
154318,L5 IT,-0.23306003,0.13801205
