,cell_class,coord_X,coord_Y
195649,L4/5 IT,0.1528971,0.1169672
130199,L6 CT,0.2989598,-0.2227245
278984,L6 CT,0.1743521,-0.25721774
168533,L2/3 IT,-0.17902572,0.36890435
257331,L5 ET,-0.31941056,0.25688976
194834,Astro,0.33985382,0.29747695
13480,L5 ET,0.060769364,-0.07901165
168537,Pvalb,0.06711595,0.14253855
168551,L6 CT,-0.02483292,-0.20011955
199614,L2/3 IT,-0.049389347,0.2706874
41808,L6 IT,-0.2978157,0.056311365
262405,Oligo,-0.19648387,-0.22987837
56424,Astro,0.32632798,0.27896923
195530,Oligo,0.4250298,-0.43554053
88091,L5 IT,0.29172093,-0.19047722
236251,VLMC,0.057104334,0.42952287
209399,L6 CT,-0.20794658,-0.08895263
97862,L2/3 IT,-0.20985185,0.35695368
240510,Astro,-0.48765007,-0.23004949
74292,L4/5 IT,0.47036898,-0.03440929
118151,PVM,0.42654896,0.27917236
257759,OPC,-0.38440865,-0.0814729
203733,L6 CT,0.064334616,-0.24943465
251220,L4/5 IT,0.055794165,0.14666688
132563,L4/5 IT,0.41471672,0.11416966
88073,Peri,0.40499735,0.016062405
23101,Pvalb,-0.46324694,0.07958996
103628,Vip,-0.45140237,0.4578333
265049,L4/5 IT,-0.28795275,0.22872943
195653,L6 CT,0.2541765,-0.15522352
267273,L2/3 IT,0.1991239,0.1637994
41736,L2/3 IT,-0.40101004,0.374085
195652,L5 IT,0.058048174,-0.10237309
169217,L5 ET,-0.07474469,-0.03597266
273029,L6 IT,0.18925856,-0.16468063
88078,VLMC,0.471254,0.32546198
88130,Oligo,-0.36443615,-0.33438754
132378,PVM,0.017394885,-0.134523
132420,L4/5 IT,0.43878102,0.09534335
59311,L5 IT,-0.15758844,0.14142048
55372,L2/3 IT,-0.10508947,0.31763178
238990,L4/5 IT,-0.07187216,0.17583674
251194,OPC,-0.44728798,0.44797212
132234,L2/3 IT,0.3384205,0.19150048
92962,SMC,0.40848517,0.14621949
118293,Astro,-0.1763113,-0.32644165
5178,Lamp5,-0.47476238,0.47236633
172923,L4/5 IT,0.3962351,0.11857474
257376,L6 CT,-0.48115176,0.06901318
55367,L6b,-0.45633262,-0.30366784
4991,L4/5 IT,0.42703462,0.036344048
23056,Oligo,-0.29836887,-0.2598372
199578,Endo,-0.036926523,0.027740177
130272,L4/5 IT,-0.17144825,0.19370306
56392,Micro,0.08481048,0.19886851
132124,L6 CT,-0.3538509,-0.050541166
132118,L6 CT,0.040838525,-0.19669315
48554,L6 CT,0.31321788,-0.148072
194925,Astro,-0.17674963,-0.32680225
41809,L6 CT,-0.3086438,-0.1481759
209361,PVM,-0.21060939,-0.37006786
168597,Oligo,-0.457173,-0.3722543
132391,PVM,0.15306865,0.10365653
132384,Peri,0.42577982,-0.115439504
130216,Oligo,-0.4490499,-0.3120464
195678,Oligo,-0.106885,-0.25002697
118238,L6 CT,0.3240922,-0.30641586
88153,L6 CT,0.12104665,-0.25836828
132327,Micro,-0.29979086,-0.13979071
269723,Astro,-0.15718992,-0.17333788
48533,L2/3 IT,-0.34255517,0.33359963
218225,Oligo,-0.28056675,-0.31638378
182580,Lamp5,0.25661987,0.098068416
217391,L5 IT,-0.3684255,0.20759243
88162,L2/3 IT,-0.20117696,0.3220728
22758,L5/6 NP,-0.38238373,0.15156019
41890,VLMC,0.20929126,0.39783883
257357,Micro,-0.26510072,0.023192342
168595,L6 IT,0.065634236,-0.15845174
9879,L6 CT,0.38951117,-0.37082994
9875,Oligo,-0.3302182,-0.29928386
224768,Endo,0.010465488,0.16445476
88056,Astro,-0.23195629,0.08580327
41645,L5 IT,-0.025632128,0.04557621
105934,L2/3 IT,-0.06341104,0.3263842
194569,L5 IT,0.022180721,-0.016422544
182567,Oligo,0.40489197,-0.40251997
213591,Astro,-0.20320348,0.28874815
41415,Endo,-0.33890522,0.31106788
133265,Oligo,-0.268972,-0.2616577
23183,L6b,0.08500598,-0.27555764
87870,L6 CT,-0.4343852,-0.07841483
257245,L2/3 IT,0.29711157,0.16853893
133188,L5 ET,0.3510632,-0.09422955
246573,L2/3 IT,0.21975498,0.15323633
173142,L4/5 IT,0.43487585,0.050940093
133118,L6 IT,-0.28861052,-0.08076006
267267,L2/3 IT,-0.08001001,0.32741475
133096,L6 CT,-0.3536441,-0.16827947
88958,Astro,0.47336203,-0.41753492
14216,Oligo,-0.055919632,-0.33349442
203678,L4/5 IT,-0.4338299,0.29955423
224343,Oligo,0.44425184,-0.46807003
243418,L6 IT,-0.21614389,-0.1137149
133088,L5 ET,-0.24071752,0.13567775
194617,Sncg,-0.36239243,0.42562473
133058,Oligo,-0.4004354,-0.06953022
87843,L6 CT,0.12262784,-0.20398206
63870,L4/5 IT,-0.28953424,0.27505815
87785,Astro,0.11690323,-0.1900602
224330,VLMC,-0.20610668,0.47792816
23222,L6b,-0.44605607,-0.29478827
209469,Endo,-0.46579704,0.19587594
239409,L6 CT,-0.4465189,-0.12258887
41338,Endo,-0.20841263,0.29511
168295,L4/5 IT,0.439108,0.05196422
63865,L4/5 IT,-0.2482229,0.24182987
209453,L4/5 IT,-0.14780374,0.16647428
105962,L5 IT,-0.10586126,0.12321937
87807,L6 CT,-0.18951039,-0.09966689
246574,Micro,-0.023051366,0.23998803
133317,L5 IT,-0.075581536,0.028387424
4917,L2/3 IT,0.42864084,0.08715296
59299,L6 IT,-0.014538899,-0.06738439
217342,L6 CT,-0.20672922,-0.17304361
87839,L2/3 IT,0.21533589,0.24863982
41406,Astro,-0.20367114,0.009931948
9799,L6 CT,-0.39272267,-0.16218743
182921,Astro,-0.10277869,0.41330886
218230,Astro,0.07559644,-0.24601525
74259,Oligo,0.4012885,-0.41299367
88938,VLMC,-0.31731975,0.49647313
41519,L4/5 IT,0.45151192,0.10810709
132805,Oligo,0.24768434,-0.37425652
23134,L6 CT,0.4915551,-0.25865746
264909,VLMC,-0.21347465,0.48234355
264223,Vip,0.22569446,0.29988503
48968,Endo,0.36621088,-0.27691823
132791,L6 CT,0.28403533,-0.32797968
88021,L4/5 IT,0.40712988,-0.005756352
42918,Oligo,-0.36620885,-0.29099184
224352,Peri,0.40396392,-0.47187594
118073,Astro,0.10742323,-0.11437598
194717,L6 CT,-0.3186974,-0.10194191
257761,Endo,-0.26757932,0.21648377
75750,L6b,-0.05230947,-0.22894931
173106,L2/3 IT,0.19343345,0.29239446
209137,Oligo,0.26746863,-0.37964734
64259,L4/5 IT,0.21521144,0.053419407
132733,Endo,-0.11791344,0.35995042
92957,Oligo,0.31988722,-0.42296833
88041,L6 CT,0.26479912,-0.26983544
118896,L5/6 NP,-0.21361773,0.100019336
194730,Astro,-0.197051,-0.12947726
17095,Oligo,0.31364626,-0.40955836
70500,L6 CT,0.3771882,-0.3069787
48982,Micro,0.1107354,-0.03770638
224943,Oligo,-0.07446636,-0.18592522
169244,PVM,-0.39221093,0.5204885
97879,Astro,0.29118174,0.30508137
177891,Oligo,-0.3472098,-0.12348959
132993,L6 CT,0.013915107,-0.15327275
194680,L2/3 IT,-0.34174734,0.3769257
23149,L6 IT,-0.011397734,-0.06470683
4932,L6 CT,0.049036905,-0.25503808
132931,L2/3 IT,-0.2685969,0.31013274
241568,L4/5 IT,0.443771,0.066957474
41574,L6 IT,0.37392974,-0.32168674
132909,Sst,-0.28623384,-0.025544498
130099,L4/5 IT,-0.09030135,0.21710223
251229,L6 CT,-0.34286928,-0.102659136
222375,VLMC,0.50320256,0.31503236
244151,L6 CT,0.1905437,-0.26286912
48987,Micro,-0.2436933,0.017303254
233306,Micro,-0.41057694,0.15485227
209413,L2/3 IT,0.33706892,0.12372792
132867,L4/5 IT,-0.20939387,0.20992237
88936,Endo,-0.36200947,0.4922772
132114,Oligo,-0.03659387,-0.11667085
195624,L5/6 NP,0.03838174,-0.052442525
9403,Oligo,-0.40405872,-0.2156564
88654,Pvalb,0.14710222,-0.15814906
18341,Oligo,-0.056995556,-0.28963333
272898,L4/5 IT,0.13110642,0.08893949
42562,L2/3 IT,-0.30409458,0.39602625
241643,L5 IT,-0.032302275,0.069140196
55339,Endo,0.47538394,-0.40758073
224479,SMC,-0.38570616,0.3010739
130934,Peri,-0.030129448,0.28095514
241632,VLMC,-0.30651185,0.49621183
245087,L5 IT,-0.14129467,-0.041336212
169007,Oligo,-0.24210052,-0.2286089
172927,L4/5 IT,-0.3484745,0.28449553
9822,Oligo,0.3143664,-0.37428927
264944,Endo,-0.1765232,0.43067324
209217,L4/5 IT,0.49591744,0.106402755
220016,L5 IT,0.25012153,-0.007141236
71161,Peri,0.23976164,-0.059974227
232009,L2/3 IT,0.34128308,0.23119742
195563,Astro,0.17629097,-0.18228117
195398,VLMC,0.2011873,0.39913273
130992,Astro,-0.2930086,0.46016264
177795,Astro,-0.37952814,-0.10030419
236256,Astro,-0.0070512737,-0.008090738
42455,Micro,-0.09438802,-0.3144197
224524,L6 CT,0.3198942,-0.13299093
61961,SMC,0.15967207,0.38729697
195293,L6 CT,-0.07849361,-0.1608676
131191,VLMC,-0.14567716,0.4616099
103991,L6 CT,0.015253231,-0.21225768
209235,Sst,0.50682026,-0.070602626
64072,L6 IT,0.3857695,-0.28574306
131153,L5 IT,0.076463684,-0.04074839
130881,L4/5 IT,0.475879,0.07360542
70557,L2/3 IT,-0.31383705,0.4056207
70559,Oligo,0.17429237,-0.32810175
251117,Oligo,0.35009807,-0.39693505
61967,L6 CT,0.30342728,-0.22572026
240503,Pvalb,0.46918333,0.06285387
272902,L5 IT,0.30102557,-0.12863511
56329,Oligo,0.06870203,-0.33922914
48695,SMC,0.46186674,0.328421
131074,SMC,0.39197737,-0.11648545
173013,L5 IT,-0.14784355,0.11699563
263478,Astro,0.06790577,0.15569484
130873,Oligo,0.0473188,-0.34021235
224467,SMC,0.30747658,-0.16891542
257643,Lamp5,0.19619595,0.35083538
92838,Oligo,0.31579542,-0.39985317
42752,Micro,0.46151233,-0.378014
172953,L5 ET,-0.25440896,0.073231876
130623,Micro,0.11263637,0.14742106
130617,L2/3 IT,-0.28374642,0.3557933
130616,SMC,-0.43320575,0.48283726
48587,Astro,0.256046,-0.098397076
237293,Endo,-0.09327985,0.06436914
278935,L6 CT,-0.44509202,-0.10584068
118714,L2/3 IT,-0.03538026,0.22926104
209179,L5 ET,-0.42425254,0.13033175
103977,Endo,0.35846692,0.10827035
130575,L5 IT,0.3775875,-0.15026432
272853,L2/3 IT,-0.3285867,0.39371252
130569,L6 CT,0.21274792,-0.20827654
259770,Astro,-0.20545752,-0.3710467
269418,Oligo,-0.30252385,-0.08901495
234206,L5 IT,-0.38911518,0.24996841
88813,Oligo,0.1484264,-0.35260698
182606,L5 IT,-0.11205943,0.057722982
130576,L2/3 IT,-0.3621539,0.33919346
177796,L6 CT,0.09288894,-0.14903042
214533,Oligo,-0.09869148,-0.26338643
103981,L2/3 IT,0.44819546,0.10170084
130841,L2/3 IT,0.25214887,0.2278732
70576,Oligo,-0.39940327,-0.11441547
199441,L2/3 IT,0.42523855,0.16413361
169034,L5/6 NP,-0.37930143,0.21317732
22830,L5 IT,0.22109364,-0.106202364
92858,Endo,0.23211156,0.17750525
263361,Endo,-0.0017205919,0.30509752
48639,PVM,0.44064838,0.31500012
182643,Oligo,0.49197942,-0.4721461
130674,L5/6 NP,0.15725724,-0.097647846
177772,L6 CT,-0.22597806,-0.14897424
272875,L6 IT,0.2848913,-0.25982392
251130,Astro,0.41626942,0.2267133
55353,L6 IT,0.26611656,-0.22489354
172961,L6b,0.4609651,-0.41555047
257660,Oligo,0.41923338,-0.40881804
199426,L5 IT,0.40254998,-0.18110827
209194,SMC,-0.4899412,0.38610852
42761,VLMC,-0.17965497,0.47156578
5150,Micro,-0.4308595,0.50405675
61984,L6b,-0.3648952,-0.17906123
23036,L5 IT,0.3718266,-0.029854003
48744,Oligo,-0.48310354,-0.19912958
131292,L4/5 IT,-0.21800022,0.24246818
131861,Oligo,0.4127456,-0.27645713
75607,Oligo,0.08239649,-0.31152406
88342,Endo,-0.07067843,-0.3704231
42163,L6 CT,-0.22370307,-0.034596477
245836,Astro,-0.24731638,0.3986147
272955,L2/3 IT,0.3392501,0.13569015
1096,L5 ET,0.040669903,-0.10926482
217505,L2/3 IT,0.2638402,0.27516532
130330,Astro,0.41633642,0.15436697
173054,PVM,0.14558528,0.015467104
206293,Oligo,0.35740852,-0.38890177
131780,Oligo,0.45451462,-0.46853843
131773,L2/3 IT,0.24374638,0.17464268
131760,L4/5 IT,0.4262311,0.069303036
56368,L5 ET,-0.21469338,-0.028623763
71912,Peri,-0.09782638,-0.18293327
131746,Micro,0.32000822,0.2921486
88879,L4/5 IT,0.06375025,0.111560285
219998,L6b,-0.42705435,-0.24068445
88318,L6 CT,-0.46763104,0.012310203
217424,L4/5 IT,0.48299396,0.023201462
224659,L5/6 NP,-0.38779104,0.20655257
177126,L5 IT,-0.43974763,0.1895656
64197,Astro,-0.44066328,-0.32344797
182794,Oligo,-0.3679893,-0.02574629
236044,L4/5 IT,0.048282847,0.13590741
63936,Astro,0.43494928,-0.37869006
257393,L4/5 IT,-0.3063935,0.23694652
42853,L2/3 IT,0.42302454,0.17754936
132070,L4/5 IT,0.39057797,0.07441604
42015,L6 IT,0.158949,-0.16324481
204452,Astro,0.18174134,0.31360263
208042,Astro,-0.11826624,0.4165964
88269,L5 IT,-0.33784056,0.1658994
246537,OPC,0.1893876,0.16734529
237310,Astro,-0.10088904,-0.32532042
48839,L4/5 IT,0.41790688,0.047765788
64176,Astro,0.29192424,0.25253153
246532,Astro,0.45715618,-0.46779937
209314,Oligo,0.16336052,-0.059701
97825,L6 IT,-0.21269132,-0.06730482
195062,Oligo,0.07350455,-0.3010484
195078,Astro,-0.0688536,-0.27688977
5010,Oligo,-0.36631748,-0.24566817
246580,SMC,-0.07411678,0.28182346
22981,Pvalb,-0.31913924,0.39560956
131709,L6 CT,0.25378925,-0.19071758
195204,Endo,-0.27804863,-0.24934608
179607,Oligo,0.16076629,-0.3211105
63932,L6 CT,0.33712488,-0.29147404
131436,L5 ET,-0.108376935,0.13265538
42311,L2/3 IT,0.33305568,0.27875757
42331,L5 IT,0.47762,-0.18353996
131388,L4/5 IT,0.4057132,0.0014825128
131385,Astro,-0.0034491564,-0.100420296
18363,Oligo,0.24386124,-0.20939013
56353,VLMC,-0.3804161,0.5137345
177145,Astro,-0.36072433,-0.2567661
236333,Peri,0.32555836,0.04896229
59336,Endo,0.18184052,0.24888635
42377,Oligo,0.42780316,-0.46439457
88861,VLMC,0.381024,0.35371
173026,Oligo,-0.37359643,0.49005955
209273,Oligo,-0.09955628,-0.120146245
217444,Oligo,-0.3040158,-0.2465303
118832,Endo,-0.030734792,-0.3620465
131307,L6 CT,0.00044120895,-0.147995
64117,L2/3 IT,0.19196056,0.29480737
42418,L4/5 IT,0.45790994,-0.008547191
131473,L6 IT,0.41083306,-0.2947626
209285,L6 CT,0.18272875,-0.21995655
17125,Oligo,0.043930516,-0.17693481
22956,L4/5 IT,0.44494212,0.0014484487
195600,Astro,-0.36694217,-0.17233652
131683,Pvalb,0.3754171,0.034224626
267326,Oligo,0.21979772,-0.059291545
277361,L5 IT,0.50320125,-0.19869286
88874,Lamp5,0.26618862,-0.26076794
42808,L5 IT,-0.37565228,0.16870087
64142,Lamp5,0.45601386,0.23628533
195199,L2/3 IT,0.4015507,0.23226494
131629,Oligo,-0.14507158,-0.25779265
130409,Astro,-0.06727372,-0.22364843
236338,Peri,0.02657263,0.04780936
12488,Oligo,-0.11772384,-0.26597342
131563,OPC,-0.3901494,0.11431503
195171,L4/5 IT,-0.22768031,0.20684314
168828,Micro,0.50167245,0.24752885
42272,L6 IT,0.36589324,-0.34149203
42275,Oligo,-0.09244703,-0.22158098
168832,L6 CT,-0.2530437,0.009707894
64139,Astro,-0.24361156,-0.34577584
9857,Astro,0.16433345,0.3759188
133637,L4/5 IT,-0.4747551,0.32747388
133436,L5/6 NP,0.49154973,-0.12687418
256758,Endo,-0.48818305,0.38928777
256760,L5 ET,0.04931979,-0.09728876
204654,L6 CT,0.45863038,-0.28826296
49337,L4/5 IT,-0.32353893,0.2663973
209839,L5 IT,0.22052245,0.043189522
136048,L6 CT,-0.47426218,-0.29400575
193685,Astro,0.22692071,0.3117265
209833,L5 ET,0.29092598,-0.034666333
136026,L4/5 IT,0.2514137,0.088003874
193694,Oligo,-0.28221172,-0.091442674
271802,Vip,0.473934,0.24080646
234801,L6 IT,0.42806023,-0.3563214
12408,L5 IT,0.12449281,-0.06495568
173340,Endo,0.30201894,0.127981
135973,L6 CT,-0.38410425,-0.1267812
193715,PVM,0.16032825,0.11454201
40001,Oligo,-0.42588943,-0.11981332
262491,Endo,0.30579317,-0.036172125
56688,L5 IT,-0.38054785,0.11824703
203646,L2/3 IT,0.4382279,0.16005737
135937,L6 IT,-0.021318778,-0.1397976
40027,Oligo,-0.47701237,0.0019895695
135989,Oligo,-0.21697377,-0.2779712
183145,L5/6 NP,-0.29305565,0.22175789
199894,L5 IT,0.20033912,-0.05870763
39954,Oligo,-0.0966004,-0.2670579
117303,L5/6 NP,-0.09794469,0.07005787
10054,VLMC,0.4439689,0.33291334
256711,L2/3 IT,-0.45598492,0.39675766
173361,Oligo,-0.3782172,-0.02745733
39875,Endo,-0.405349,0.2008655
4615,Oligo,0.46280283,-0.36372244
98044,Endo,0.36921245,0.16556841
93309,L6 CT,-0.26702374,-0.08423257
56703,L4/5 IT,0.31460762,0.0386396
251365,Peri,0.05138342,-0.27096555
11756,Oligo,-0.009152576,-0.3802596
64781,Astro,-0.44496888,0.4296568
256748,L6 CT,0.19575845,-0.19303429
93301,Oligo,0.08711402,-0.2993245
179502,L6 CT,0.3217172,-0.329005
193669,Astro,-0.15924819,0.44748628
70323,Lamp5,-0.32423192,-0.2350618
183152,L2/3 IT,0.20981084,0.3010986
209846,L6 CT,0.25223953,-0.21165144
269272,L5 ET,-0.49111447,0.25727314
244093,L5 ET,-0.05756189,0.100815594
20810,L5/6 NP,0.40207696,-0.14162657
18215,Oligo,0.24382816,-0.2984579
23578,Lamp5,-0.03707336,0.39958423
244098,OPC,-0.4555958,0.4803732
256799,L6 IT,0.021119341,-0.17800164
40227,Astro,-0.39282054,-0.3785867
193856,L4/5 IT,0.029520497,0.106382966
135573,Oligo,-0.21706735,-0.30121988
40250,Astro,-0.2416345,0.23545736
167707,L5 IT,-0.36606175,0.1923356
273273,L6 IT,0.40243113,-0.3517126
135504,L2/3 IT,0.23536383,0.27236915
40303,L2/3 IT,-0.42919302,0.36268818
135485,Astro,0.4155302,-0.24374008
167724,Endo,0.47730833,-0.023280654
56668,L6 CT,0.16591011,-0.21697807
173320,Oligo,0.39760387,-0.42741522
106059,Lamp5,0.096956,0.37617582
40314,L5 ET,0.1869515,-0.0794726
97098,L2/3 IT,-0.45842236,0.35506004
179511,L5 ET,-0.4226463,0.13189155
135426,Micro,0.14266084,0.06521243
273270,L4/5 IT,0.42302912,0.03400516
12788,L6 CT,-0.10885532,-0.18249017
61789,L6b,0.39385062,-0.3881572
103242,L2/3 IT,0.12973659,0.26141882
103245,L2/3 IT,0.038997278,0.25901616
256851,L5 IT,0.46085644,-0.16191146
267212,Peri,0.3440513,-0.1953674
87075,L6 CT,-0.24880295,0.008933272
167683,SMC,0.15927492,0.034500595
193748,Oligo,-0.094652906,-0.2956105
183137,L4/5 IT,0.15117685,0.14816886
167612,SMC,-0.16839473,0.22419477
40078,L6 IT,0.10886054,-0.15747198
117385,L4/5 IT,-0.43675703,0.28065437
273310,Astro,-0.09522839,0.363728
225421,Endo,0.23814087,0.29343522
40110,L6 IT,0.4379794,-0.36873525
215314,Astro,-0.33013296,-0.06082702
87014,L5/6 NP,0.46394408,-0.2475068
40202,L2/3 IT,0.45022303,0.2500711
225412,PVM,-0.06482743,0.42492986
167653,SMC,0.3041939,-0.17239633
246720,Sst,-0.18284349,0.021613594
199891,L6 CT,-0.38361672,-0.055877928
167665,L5 IT,-0.26940954,0.13020742
135659,L5 IT,0.31654596,-0.06671378
10021,Astro,-0.42569527,0.48618233
40173,L6b,0.3761897,-0.38083404
135642,VLMC,0.049505875,0.4283709
209775,L5 IT,-0.39345276,0.10250062
193813,L4/5 IT,0.25520027,0.04272216
225406,L6 CT,-0.12522359,-0.10132128
225508,L6 CT,-0.28645408,-0.11653784
136343,Peri,-0.101454005,0.118374586
193569,L2/3 IT,0.12393503,0.18539965
49479,L6b,-0.27026415,-0.18109849
20788,Oligo,-0.4441917,-0.0022962429
167243,L6 IT,-0.49082512,-0.2038413
56821,Astro,-0.34486675,-0.23774636
246814,Endo,0.12611054,-0.05736858
65016,L6 CT,0.21741168,-0.27640104
213423,L2/3 IT,-0.1365513,0.3277505
70266,Peri,0.47868,-0.2810126
137074,L5 IT,-0.14408682,0.13571376
70271,Astro,-0.26375642,-0.38550377
23718,Astro,-0.046128497,0.35801417
278119,L5 ET,-0.21805613,0.15928328
222252,Oligo,-0.12780704,-0.33111346
76144,Sst,0.07135193,0.016525771
103021,Endo,0.19191621,-0.378383
136969,L2/3 IT,0.1737247,0.16738522
225593,L5 IT,0.3410123,-0.028148089
193347,L4/5 IT,-0.24649943,0.2590164
86575,L2/3 IT,0.34204412,0.24844974
136924,Endo,-0.15608628,0.43417078
39553,Endo,-0.4744921,0.11722016
167287,Astro,0.32327175,-0.032927845
243317,Oligo,-0.24559398,-0.26316556
39555,L6 CT,0.019737646,-0.06650293
231020,L6 CT,-0.45081854,-0.13655075
217147,L2/3 IT,0.36441827,0.11255503
137450,L5 ET,-0.48957682,0.1931904
117121,Astro,0.01888518,-0.2937895
225657,OPC,-0.45695812,-0.15872976
65068,Astro,-0.0910234,-0.25247642
167145,Astro,0.001897112,0.3345791
233855,Astro,-0.2185461,0.43783355
86428,L6 CT,0.05925457,-0.11909586
219862,L2/3 IT,0.124870345,0.29618
230990,L6 CT,0.49625063,-0.35236102
117128,OPC,-0.3050355,0.057610746
76171,L6 CT,0.21826302,-0.253672
137285,Oligo,-0.089269534,-0.34236485
137267,L5 IT,0.040057883,0.097969234
137258,Pvalb,0.4448647,0.13907546
93359,L5 IT,0.4505089,-0.08235237
65042,L4/5 IT,-0.21855013,0.27378923
264189,L4/5 IT,0.43252903,0.0076666437
39431,Pvalb,-0.35640934,-0.0061506666
86486,Oligo,-0.26838443,-0.16474143
39438,OPC,-0.4598589,-0.21419844
232980,L4/5 IT,0.43945467,0.017780986
86488,L5 IT,-0.068643555,0.116476834
167204,Astro,-0.15605454,-0.32467043
222254,Vip,-0.25252873,0.41807795
76141,L6 CT,-0.4558803,-0.104530156
8904,OPC,0.35629815,0.043371018
136548,L2/3 IT,-0.468793,0.41456068
76084,L2/3 IT,-0.19478406,0.2794736
39749,Peri,0.32585174,-0.29670614
9353,Oligo,0.39138573,-0.41333067
23646,L6 IT,-0.38422176,-0.018221948
278908,L5 ET,0.4690435,-0.11769715
239358,Pvalb,0.24461178,-0.0044720806
273359,L2/3 IT,-0.42478472,0.39281297
267192,Astro,-0.37492567,0.13847864
136441,Oligo,0.444731,0.044500645
39744,Oligo,0.34292293,-0.3817221
136439,Endo,0.40980124,-0.037864182
117271,L4/5 IT,-0.034771726,0.1715442
279571,L6 CT,-0.010335788,-0.13683286
23598,L6 CT,-0.05029933,-0.12985161
136368,L5 ET,0.2527948,-0.05811477
49413,L5 ET,0.40864277,-0.06512067
136366,L4/5 IT,0.3058768,0.09826839
23585,L2/3 IT,-0.17067029,0.24883771
222269,L5 IT,-0.44933978,0.15537524
179497,Micro,0.20843963,-0.11460465
86799,L4/5 IT,0.2587878,0.0754897
204667,Astro,0.32649738,0.006360676
265263,L6b,-0.30791155,-0.19582596
278073,Astro,0.4480583,-0.4191875
86689,PVM,0.007723913,0.40390158
136856,Endo,-0.41501105,-0.04359672
209954,Micro,-0.019440934,0.13963658
213431,L6 CT,-0.46047202,-0.14152196
117227,L6 CT,0.39131558,-0.19920185
56768,L2/3 IT,-0.017523035,0.30344772
136798,L6 IT,-0.051940516,-0.08758572
86620,L2/3 IT,0.34332412,0.23083282
11458,Sst,0.19310103,0.011353698
193406,L5 IT,0.075328335,-0.053819004
222262,L4/5 IT,0.06617211,0.07376832
269244,Astro,0.1119657,0.26094443
193413,L2/3 IT,-0.33796668,0.31839597
193419,Astro,-0.10572626,0.33421898
39629,Vip,0.025350437,0.001940038
231043,L2/3 IT,0.19486271,0.28900915
167351,L5 ET,0.385908,-0.10743293
23673,Pvalb,0.046430036,0.1061095
136698,L6b,0.46431845,-0.42910773
117261,L2/3 IT,0.01558052,0.28348935
136675,Lamp5,0.44096786,0.12480992
136674,Oligo,0.45039755,-0.37467045
1311,VLMC,0.34233665,0.36701012
49434,L6 CT,-0.45780626,0.04312926
40348,L5 ET,-0.15835916,0.11452049
23456,VLMC,-0.30245018,0.49602354
246695,L6 CT,0.4634294,-0.26551437
183076,Oligo,-0.38185155,-0.3769596
11248,L4/5 IT,-0.3319347,0.28102267
194285,Astro,-0.22427557,-0.36617932
4810,Vip,0.16689806,0.30038887
244633,L5 IT,0.039608225,0.07099658
251279,L4/5 IT,0.5009714,0.042608734
194299,Lamp5,-0.102506,-0.2151236
117786,L2/3 IT,-0.46698377,0.40526986
273151,Peri,-0.29749948,0.103375554
134020,Astro,-0.23688604,-0.36056626
251277,Peri,0.40723556,-0.19939855
106016,Pvalb,-0.4331915,0.09984279
134016,L5 IT,-0.39824212,0.20335925
134004,Vip,-0.14218505,0.30610424
41026,Oligo,-0.04770808,-0.3737118
194314,Endo,-0.115227774,0.02597278
181198,Astro,-0.18705495,0.058649417
262002,L2/3 IT,-0.22041883,0.35843223
179544,L5 IT,-0.23970504,0.11170459
267965,L6 IT,-0.14821814,-0.09637177
217308,L6 CT,0.08554976,-0.14542785
59773,L5 IT,-0.044733897,0.11794025
64431,SMC,0.37244534,-0.45581535
173218,L6 CT,-0.43258834,-0.13497439
133907,VLMC,-0.106551275,0.4516393
134094,Lamp5,0.43089294,0.19325328
231206,L5 IT,0.32093167,-0.078404665
134302,Oligo,0.09294866,-0.116491914
134301,L2/3 IT,-0.33958232,0.41826993
40870,Astro,0.3483897,0.06483567
225170,Pvalb,-0.2465067,0.2911986
233919,L6 CT,-0.17314403,-0.09411812
269300,L2/3 IT,0.07820223,0.18944603
87530,L6 CT,-0.43126312,-0.24515313
209561,L4/5 IT,-0.2557842,0.23159868
9970,L6 IT,0.41959268,-0.26315337
40904,Oligo,-0.24240898,0.24761134
7938,Astro,-0.41827083,0.0029157065
134225,L6 IT,0.37815547,-0.22275564
71186,Astro,-0.47806597,-0.0068396665
233922,Astro,0.23308127,-0.2418114
168063,VLMC,-0.1625733,0.4695447
9375,L5 ET,0.27606046,-0.039373014
209556,OPC,-0.25019616,-0.21255228
168067,L5 IT,-0.06774001,0.013922181
251287,SMC,-0.12271409,0.4550208
251286,L6 IT,-0.30294847,0.06576967
179524,Astro,0.4788075,-0.038697038
213548,SMC,0.36187917,-0.07047132
194237,Oligo,0.23048411,-0.16644484
182983,Astro,0.1189975,-0.33670923
199741,L2/3 IT,-0.25634837,0.30931914
222355,L5 ET,-0.46656722,0.13114762
9385,Vip,-0.23498453,-0.057539437
75804,Astro,0.39345127,-0.028461967
168230,L2/3 IT,-0.058750764,0.2906977
133568,Oligo,-0.3471068,-0.3726978
15041,Astro,0.3991778,0.053251024
133559,L6 IT,0.4224292,-0.29413915
182951,L5 IT,-0.43335688,0.26157588
133549,L4/5 IT,0.20796178,0.0940668
41245,L5 IT,-0.1630447,0.047235843
182950,L6 CT,-0.32117707,-0.16926196
237348,Pvalb,0.46705782,-0.069428295
251264,L4/5 IT,0.5005395,0.084718525
133498,Oligo,0.02443318,-0.2986094
168257,L6 IT,-0.024568036,-0.07808888
64373,Micro,0.23787414,0.35872298
9386,L6 CT,0.024396047,-0.14725822
4893,Micro,0.14213435,-0.1735043
173168,Oligo,-0.25469026,-0.26125097
265097,L6 CT,0.05121027,-0.119435936
222369,Oligo,0.4070465,-0.4560283
71182,Oligo,0.049979195,-0.24157554
103544,Oligo,-0.12640788,-0.2607476
133502,Endo,0.4009478,0.2776131
64405,L6 CT,0.36264318,-0.24450898
87678,OPC,0.19632368,0.31611085
199712,L2/3 IT,-0.3883466,0.39896703
204530,L6 IT,-0.29494315,-0.07267481
194355,Oligo,0.44455785,0.092338085
194356,PVM,0.26614475,-0.3079434
117931,L5 ET,0.023475036,-0.088834345
70443,Oligo,-0.08463292,-0.07646629
194360,Oligo,-0.06864466,-0.2555614
262426,Astro,-0.2875499,-0.21726248
117939,L4/5 IT,-0.026786312,0.1291281
257150,Pvalb,-0.29031974,0.25926298
72614,L6 CT,0.012693211,-0.16746542
4846,Oligo,0.018214807,-0.34175646
133764,Astro,-0.18341978,-0.26325318
194395,L5 IT,0.016738221,0.09225112
11816,Oligo,0.1367055,-0.022107814
133726,Oligo,0.033547446,0.17861277
219141,L6 CT,-0.4868963,-0.29626375
41160,Oligo,-0.33258814,-0.23575318
72616,OPC,0.4989618,-0.12535542
177918,Micro,0.40100026,0.117504776
55271,Oligo,0.019819424,-0.27628016
17086,L4/5 IT,-0.41309962,0.33813077
87677,Peri,-0.060223058,-0.25415966
41182,Peri,-0.027897462,0.17838311
134363,L6 IT,-0.49266613,-0.057688627
133431,Oligo,-0.0336584,-0.25225556
276255,L4/5 IT,0.49325353,0.014945503
6580,L5 IT,0.12881045,-0.09008291
232056,L2/3 IT,-0.096682414,0.23445648
194053,L4/5 IT,0.25563508,0.12272799
103326,L6 CT,-0.4062735,-0.11269012
40548,OPC,-0.44940567,0.21690279
1258,Oligo,-0.43028456,-0.38298678
134967,L2/3 IT,-0.01831393,0.3246885
87266,Endo,0.24422453,0.2235812
194070,PVM,0.13627796,-1.1958182e-06
225292,Endo,-0.102561936,0.16714275
273219,Oligo,-0.3128394,-0.26170954
194046,Endo,-0.0061272825,0.026432034
194071,L6 IT,0.29682326,-0.16345987
134893,Vip,-0.16683586,0.3290527
209661,L6 CT,-0.19262658,-0.16742599
15095,L2/3 IT,-0.30003452,0.4042945
40660,Micro,-0.35035717,0.4922073
134831,PVM,0.1758139,-0.3112108
12425,L2/3 IT,0.113949224,0.2508703
209660,Peri,-0.1111048,-0.16878185
40666,Oligo,0.4355933,-0.47527122
134807,L4/5 IT,-0.0033198143,0.14189166
6625,L6 CT,0.22402774,-0.16460097
49271,L6 CT,-0.1894316,-0.14781001
231166,L2/3 IT,0.48754883,0.23979026
64612,L2/3 IT,0.20485394,0.30557108
87240,L5 IT,0.31654567,-0.04782671
135333,L6 CT,-0.4603034,-0.20589128
218293,L6 IT,0.36613286,-0.32778597
167770,Astro,-0.14900203,-0.051896278
4715,Oligo,0.46668243,0.018241491
256915,L2/3 IT,0.43684375,0.0782215
135284,PVM,0.11954318,0.039931055
49305,PVM,0.10096119,-0.009948913
251330,Pvalb,-0.33578312,0.29436058
246681,L6 IT,-0.44852874,0.06851202
207933,Oligo,-0.13265933,-0.11717957
135029,Oligo,-0.13348918,-0.30184674
87182,L2/3 IT,-0.073252216,0.20864087
40402,Astro,0.49361795,-0.40570155
183059,L6 CT,0.34669763,-0.23738748
135184,L5/6 NP,-0.04730229,-0.06512651
135166,L5/6 NP,-0.16242726,0.08198756
6628,Astro,0.22356282,0.35713613
23445,L2/3 IT,-0.034472957,0.24108577
193994,Astro,0.10858892,0.3751275
167809,Endo,-0.17626236,0.0076044463
87216,L4/5 IT,0.48896736,-0.016321722
225312,Oligo,0.094564304,-0.33050972
70377,L5/6 NP,0.18228988,0.031098064
207938,L4/5 IT,-0.23167287,0.2531801
134788,Oligo,-0.37594137,-0.34193295
199847,L5/6 NP,-0.40412408,0.2552712
167970,Astro,0.10395317,-0.30032465
134518,L4/5 IT,0.056180045,0.15110224
265143,Astro,0.4434378,-0.16036308
40764,PVM,0.14246939,-0.13096336
233907,Vip,0.13759832,-0.08062315
117672,L6 IT,-0.098428205,-0.020156924
257037,L6 CT,-0.21911941,-0.06069279
134494,L5 IT,0.4603864,-0.15177035
225197,L6 IT,0.40561372,-0.23911488
232959,Astro,-0.17246719,0.4406705
194172,Endo,-0.0839964,0.0209344
280229,L5 IT,-0.33080015,0.13559598
87461,Astro,-0.35592985,-0.31243086
4781,L5 IT,-0.31218725,0.122214496
209590,L6 CT,-0.28024405,-0.1586585
204560,Micro,-0.22960116,-0.061020408
194183,Oligo,-0.2902084,-0.31385922
167997,Oligo,-0.15717591,-0.36332875
179517,Sst,-0.21001454,0.06784415
70415,L5 IT,0.0067437445,0.085825145
271827,Sncg,0.20727442,0.31521702
59256,Oligo,-0.1416405,-0.3286875
241541,VLMC,0.44909626,0.31120497
194171,L2/3 IT,0.49792677,0.14146364
64533,Oligo,0.08319138,-0.28829914
250377,Oligo,-0.28028738,0.24657404
225267,L5 ET,-0.15536721,-0.06618145
181195,L4/5 IT,0.41567838,0.011769321
207940,L2/3 IT,0.08533113,0.31935483
40679,L4/5 IT,0.40945005,0.04115915
256999,Oligo,-0.30284142,-0.30268645
237390,L6 IT,0.27134693,-0.20966348
173280,Endo,0.009968802,-0.04710186
56572,Endo,-0.16116364,-0.21776241
97991,L2/3 IT,0.063478395,0.26443368
183016,L2/3 IT,-0.44200975,0.40403533
134678,L2/3 IT,-0.12935974,0.26883948
23389,Sncg,-0.07917182,0.31829715
173276,Oligo,-0.2933278,-0.21233869
194131,Oligo,-0.006210908,-0.27017558
134654,Oligo,-0.09153272,0.09576446
134630,Oligo,-0.25009048,-0.21279305
134623,L6b,0.4193746,-0.37053788
64548,Oligo,-0.14879899,-0.2553119
87397,L6 CT,-0.06763594,-0.19702643
134614,Astro,-0.47569066,0.08604157
4773,Oligo,-0.34730202,-0.2940689
49211,L5 IT,0.03136252,-0.028669987
167965,L6 CT,-0.4300186,-0.06086317
134386,L6 IT,-0.43630797,-0.018263314
219100,L6b,-0.28361705,-0.18875888
9510,L6 CT,0.451136,-0.21382064
14830,L6b,0.31317514,-0.36613697
47882,OPC,0.36763608,-0.33514246
231728,L6 CT,0.010372445,-0.16848162
258867,Astro,-0.26016992,-0.38447347
91114,Oligo,0.30891955,-0.40875635
222723,Astro,0.13788603,-0.23130164
74828,Astro,0.18194757,0.25175488
272310,L6 CT,-0.035047367,-0.09879759
46039,L2/3 IT,-0.41985017,0.37037212
197816,Astro,0.3395217,0.086168885
21810,L2/3 IT,0.10242896,0.199974
280200,PVM,0.19495521,0.20053655
123848,OPC,0.36645156,0.31721228
120296,OPC,-0.32240412,0.41286856
171214,L6b,0.46750182,-0.43470165
177384,Lamp5,0.1450402,0.22918844
277821,Astro,0.058286175,0.3161258
91158,Endo,-0.060354307,-0.059657607
97403,L6 CT,-0.14294018,-0.18717408
123703,Oligo,-0.40168583,-0.36994386
269674,L4/5 IT,0.22611885,0.13062477
62745,Endo,-0.12472691,-0.36552724
241850,L6b,0.14723401,-0.28773725
14556,Peri,0.40991932,-0.03314266
215109,Endo,-0.29786032,-0.37466422
250736,Sst,-0.33723417,0.28341156
45958,L2/3 IT,0.45919293,0.23238802
120215,Astro,0.04206775,-0.0034689642
55735,Oligo,0.22722565,-0.09603101
62858,Oligo,0.018211827,-0.27267164
204035,Pvalb,0.23052011,0.06505501
11609,Astro,-0.47021288,0.39420438
181886,Oligo,-0.18796872,-0.3128815
62855,L5 IT,-0.32720178,0.1885271
171115,Peri,0.12383984,0.34065747
5918,L6 IT,0.014607593,-0.196583
276542,L6 IT,0.07282208,-0.12068871
242745,L6 CT,-0.43110177,-0.20236927
120234,L4/5 IT,0.26426643,0.1037128
104971,OPC,0.04250203,-0.38709027
124036,L4/5 IT,-0.07529463,0.23019314
21200,VLMC,-0.061670914,0.42203522
70886,L2/3 IT,0.15092163,0.3028186
237010,L6 CT,-0.4653641,-0.13347223
197767,Oligo,-0.43718678,0.24667162
171147,Sst,-0.4795778,-0.19031358
231940,Astro,-0.2369218,-0.21416369
62815,VLMC,0.021973416,0.43111634
222709,L2/3 IT,0.16062807,0.2506488
123962,L6 CT,-0.44509876,-0.11357427
71108,Oligo,0.10825144,-0.31791854
124190,Oligo,-0.26158333,-0.32551807
6301,L2/3 IT,0.3195941,0.28747255
9602,L5 ET,-0.1106358,-0.06278378
105049,Micro,0.236472,0.15001988
46361,VLMC,0.30464488,0.3788476
220252,Pvalb,-0.45777857,0.11329085
231748,L2/3 IT,0.23010491,0.16800058
123234,L5 IT,-0.01799874,0.054463204
120439,Astro,-0.028696671,0.33332992
21765,L6 CT,0.32139987,-0.28743348
120447,L2/3 IT,-0.1183012,0.28171265
123213,L4/5 IT,0.42853945,0.04103994
197980,L6 CT,0.45881617,-0.38879344
258986,L2/3 IT,0.17600809,0.29370475
236992,Endo,-0.24874566,0.08306271
171411,PVM,0.12839179,-0.3076023
46428,Astro,-0.21226184,-0.33939806
203950,Astro,-0.045397595,0.34253323
21227,L5 IT,0.09321271,0.051099714
6293,L4/5 IT,0.22387175,0.22473055
272024,L6 CT,-0.34985405,-0.093606085
272246,L6 CT,-0.27238154,-0.093075514
259012,L6b,-0.25864625,-0.1813246
198895,L5 IT,-0.20392768,0.12736666
46470,Astro,-0.13338108,0.440028
223270,L6 CT,0.1286615,-0.18793136
208470,Oligo,-0.20447679,-0.28586036
47805,L2/3 IT,0.12759255,0.27422452
171311,L6 CT,-0.44970953,-0.24934
123640,Oligo,0.40508342,-0.4479146
46179,Oligo,0.39135617,-0.27045307
171237,L6 IT,-0.2239018,-0.11862281
71107,SMC,0.16510521,0.38661826
248878,L4/5 IT,0.10658555,0.10795969
14540,L5 IT,0.3392458,-0.08124551
46184,Oligo,-0.28368104,-0.2571435
14539,L6 CT,0.29773653,-0.25026017
91246,Sst,-0.383262,0.33318013
46213,L6 IT,0.28554422,-0.28397405
97399,L4/5 IT,-0.07099791,0.19670707
259497,Micro,-0.26378894,0.14930087
264502,L6b,0.008297786,-0.2497713
123483,L6 CT,-0.46349594,0.031991597
123482,Micro,-0.23488207,0.23421866
9491,VLMC,0.36394686,0.36092395
250695,L5/6 NP,-0.4588553,0.24097556
123467,Endo,0.467565,-0.33719712
14538,Peri,-0.4101862,-0.015674952
223302,L6 IT,0.024971768,-0.22708938
223298,L4/5 IT,0.40859574,0.026000258
5971,L6b,-0.391512,-0.18233544
91313,L4/5 IT,-0.13877226,0.21028864
123650,Oligo,-0.19087003,-0.29946995
250662,Micro,0.3045833,0.14291471
262079,Astro,0.4447084,-0.14134258
104940,L6 IT,0.43250376,-0.26401174
90667,L2/3 IT,0.21110104,0.24414259
48023,L4/5 IT,0.29012465,0.029312667
14623,Oligo,0.0133818835,-0.33483055
258670,L6 CT,-0.4357279,-0.18719053
45450,L2/3 IT,0.29259706,0.27787888
45455,L4/5 IT,0.30622452,0.032541033
232890,L5 ET,0.04003583,-0.08733019
124899,L2/3 IT,0.09318797,0.20222157
197532,Endo,0.093467936,0.13375169
90695,Astro,0.3290416,-0.47273344
48027,Oligo,0.26066267,-0.3394448
267438,Oligo,0.2541647,-0.36152697
119976,L5 IT,0.321171,-0.082467854
181957,Oligo,-0.3577066,-0.19682652
21945,Astro,0.31823474,-0.26673514
124819,L6 IT,0.4191156,-0.26088285
74931,PVM,-0.01644577,-0.2549288
45524,L6 CT,0.22953485,-0.26549575
170918,Pvalb,-0.025741324,0.10086942
124772,Micro,-0.16399558,0.40000027
214466,OPC,-0.17816116,-0.12986246
223503,Oligo,-0.061988756,-0.1351682
45501,L6 CT,-0.4704958,0.024649736
181964,L6 CT,-0.21257405,-0.09819299
258660,L5 IT,0.10838805,0.051535543
21971,SMC,-0.30351937,-0.20074764
279245,Peri,0.13585411,-0.09954691
223571,Oligo,-0.47065982,-0.16433859
213841,L6 CT,-0.46376434,0.011223074
215138,L6 CT,0.2570033,-0.21990263
172619,Endo,-0.08294575,-0.09281948
5766,Endo,-0.38772705,0.21779066
199045,L4/5 IT,0.31410074,0.056559797
45357,L2/3 IT,0.22722219,0.04211169
125176,Oligo,0.18994854,-0.34842002
248838,L4/5 IT,-0.3505914,0.28972745
71127,Oligo,-0.23379944,-0.08227071
90617,L6 IT,-0.18363033,-0.08935729
125108,Astro,0.26501077,0.35373306
177490,L5 IT,0.24859117,-0.005108986
125104,Oligo,0.1996765,-0.3494193
125072,L6 CT,-0.35790372,-0.06569278
250786,OPC,0.48848492,-0.20524025
197467,L5 IT,-0.4469989,0.19074273
48037,L2/3 IT,-0.36515445,0.32525402
278271,L6b,0.26935184,-0.32928967
125022,L5 ET,-0.10619308,0.03201508
9632,Oligo,-0.010445759,-0.17361283
899,L4/5 IT,0.0914828,0.090209305
74400,Micro,-0.26494098,0.09826845
235753,Sst,0.023906872,0.25867832
223499,Astro,-0.3403326,0.44101542
217919,Oligo,-0.09324758,-0.00083038583
197663,Pvalb,-0.35732663,0.068326235
62919,L5 IT,0.15998082,0.01684415
105608,L5 IT,0.17700092,0.05070519
5863,L4/5 IT,0.49069428,0.09969306
181915,Peri,-0.20376445,0.16836339
264548,Sst,-0.39763117,0.016439911
197673,Oligo,-0.028417274,-0.27296227
124332,Astro,-0.436465,-0.2634714
92332,Astro,-0.20689838,-0.35873252
220362,VLMC,0.3127696,0.37746
124479,L5 IT,-0.33009827,0.19510818
45771,PVM,0.17909496,0.11457455
218978,L4/5 IT,0.3412102,0.05413949
18557,L6 IT,0.10095368,-0.12775224
277810,L2/3 IT,-0.44595551,0.39778757
5895,L6 CT,0.4937623,-0.39074695
12647,L2/3 IT,0.25263804,0.21626163
47934,Astro,0.49653214,-0.08993116
124257,Endo,-0.27369547,0.4003665
222683,L5 IT,0.35212433,-0.14773864
45817,Lamp5,0.346631,-0.16570401
18559,L6 CT,-0.27232698,-0.02901015
74879,L5 ET,0.15046285,-0.00071871653
248970,L5 IT,-0.12638234,0.07975817
262207,Oligo,-0.45365396,-0.093061715
258750,Astro,0.110899195,0.3992133
11349,Astro,-0.03486018,-0.02571768
92375,Lamp5,0.25754035,0.35982847
220227,VLMC,-0.07217063,-0.30429158
124663,Astro,-0.3506968,-0.24636856
45602,Oligo,-0.197666,-0.12638548
237041,Astro,-0.043840304,0.31149977
120006,Oligo,0.3634268,-0.39550385
222656,SMC,-0.37514377,0.30991548
120019,L5 IT,0.2718767,-0.04204992
208619,L6 CT,-0.107680455,-0.107504666
45634,L6b,0.17433755,-0.29620644
197612,SMC,-0.43382186,0.4924388
206500,Micro,0.36555767,0.23056078
120058,L5 IT,0.26919723,0.0013121329
90807,OPC,-0.42459407,0.077408135
104890,L5 IT,0.10197984,-0.20991254
197621,L4/5 IT,0.43388546,0.04330009
74408,L2/3 IT,-0.21806528,0.3249936
104894,Endo,0.032731578,0.013544735
179727,L6 CT,-0.39286143,0.04495823
90837,L6 CT,-0.48594597,-0.18328565
45663,Endo,0.33612126,-0.020918641
124534,Oligo,-0.4099372,0.12313151
231678,L6 CT,-0.3279077,0.023854729
22014,OPC,-0.13279943,0.30113834
172455,L2/3 IT,0.49089575,0.0719232
123059,Micro,-0.46246845,0.32922208
250565,Oligo,-0.13947119,-0.22946787
6159,L4/5 IT,0.13989054,0.12288976
6162,L6 CT,0.4986571,-0.26750088
121702,Oligo,0.37738043,-0.21330449
47191,L6 IT,-0.49188787,-0.070964634
120745,L2/3 IT,0.31153798,0.12660486
91884,Astro,0.032918498,0.37641573
172345,Vip,-0.070595875,0.34287095
18637,Sst,-0.43051314,0.15345132
121658,Endo,0.21619265,0.35953116
91855,Astro,-0.20016395,-0.32051378
244321,OPC,0.2605847,0.222058
121597,SMC,0.025526032,0.333391
203871,VLMC,-0.35338485,0.5073819
222960,L6 CT,0.42975253,-0.31532538
47265,Astro,-0.2683425,0.4635073
172032,Endo,0.28060967,-0.37981796
259329,Sst,-0.40423918,0.17162138
264353,L4/5 IT,-0.27005923,0.27819002
222955,L6 CT,-0.31931537,-0.05921221
203866,L6 IT,-0.42336863,0.05888855
62428,Peri,0.26838565,0.049551245
55568,SMC,0.15424512,0.39241058
121773,L4/5 IT,-0.12868746,0.18602866
277839,L2/3 IT,-0.29352248,0.39412582
55572,L2/3 IT,0.011145577,0.23323935
220318,L5 IT,0.3423829,-0.063584924
245991,Astro,0.32743,0.03462624
181646,L5 IT,-0.019145682,0.06997377
47003,SMC,-0.11722554,0.4465115
267489,Oligo,0.4689136,-0.37984753
122028,L6 IT,-0.38203228,0.07598925
47006,Oligo,0.47304332,-0.40023762
264431,L5 IT,0.4440372,-0.17087978
74661,L5 IT,0.14836209,-0.08148095
276620,Astro,-0.14109354,0.40794277
47011,Astro,0.13248949,0.15440685
97310,Oligo,-0.28733212,-0.33129895
793,Astro,-0.1337124,-0.33405203
121982,Oligo,0.31713867,-0.38280421
280223,L4/5 IT,0.368388,0.0044877194
236312,Oligo,-0.044595405,-0.2964399
276623,L2/3 IT,-0.3383031,0.4087773
198487,L5 ET,0.19076823,-0.015983585
121875,L5 ET,0.3536827,-0.07467264
12711,L5 IT,0.108861074,-0.096493274
121856,L6 IT,-0.46506748,-0.023593102
172364,Lamp5,0.11926024,-0.118374884
223001,L6 IT,0.09026568,-0.2280289
242727,PVM,-0.07995407,-0.21027192
198428,L6 CT,-0.0410998,-0.13281068
778,L5/6 NP,-0.12242313,0.022119816
62415,L6 IT,-0.24286802,-0.05388624
47488,Astro,0.0019785916,-0.17320642
18635,Astro,0.09299706,0.35536706
62367,Oligo,0.0028434251,-0.3261823
198718,Oligo,-0.1775163,-0.23172674
172213,L4/5 IT,0.32799417,0.10461205
47516,VLMC,0.08727215,0.42205918
105503,Oligo,-0.3125363,0.16300774
172307,Astro,-0.17384563,0.29523486
214005,L2/3 IT,0.047063336,0.25109643
21308,L6 CT,-0.4849179,-0.06459698
264366,Sst,-0.0031972076,-0.036347006
47592,Oligo,-0.34437734,-0.29626316
236925,Oligo,-0.4179796,0.04312479
62354,Astro,-0.24253993,-0.37111145
259416,Astro,-0.1266187,-0.2906018
47590,L6 IT,-0.25689322,-0.0047541596
198777,L6 IT,-0.06356944,-0.0039611794
97248,Endo,-0.48631868,0.34866935
105488,L2/3 IT,0.118000135,0.30420476
177253,Pvalb,0.22990511,-0.13776964
120925,L4/5 IT,0.3581273,0.06994486
250521,Astro,0.39522022,0.09079844
47543,L4/5 IT,0.25063843,0.043195184
270788,Lamp5,-0.14885868,0.36445636
47470,Oligo,0.3490824,-0.4219256
222860,Oligo,-0.36229128,-0.30849665
208256,L6 CT,0.29364312,-0.22090167
236938,L5 ET,0.32976228,-0.12839615
91973,Lamp5,0.19199501,0.1774891
172095,L2/3 IT,-0.41145736,0.37988877
234151,PVM,0.1914147,-0.28872555
91987,Micro,-0.21662365,0.40810645
6205,L4/5 IT,0.23123918,0.13574237
105427,Micro,-0.4161214,-0.01981676
172136,Endo,0.42145628,0.091457725
279268,Astro,0.124212846,0.22871435
121206,Oligo,-0.12983383,-0.25761324
218133,L6 CT,0.432141,-0.22368178
213996,Astro,-0.06816785,0.14197737
47663,L6 CT,-0.067746475,-0.13741598
47429,L2/3 IT,-0.30525333,0.37940657
74528,Sncg,-0.46143097,0.45951062
121143,L6 IT,0.22251861,-0.23666957
198809,OPC,0.43832654,-0.07275951
21392,Peri,-0.10007046,0.37359214
92160,L2/3 IT,-0.3146137,0.3147419
120818,Endo,-0.04782857,0.04531532
222864,Astro,-0.2161576,-0.34126335
177264,L5/6 NP,0.16465883,-0.0818612
120766,L6 IT,-0.30184567,0.015386548
123068,Endo,-0.36669934,0.27004945
91733,L6 CT,0.4216429,-0.30847514
6131,L5 IT,0.12700687,-0.0811041
198118,L6 CT,-0.09511651,-0.12853324
198137,OPC,0.32889718,0.019574966
12696,Endo,0.037599966,0.19504023
21700,L4/5 IT,0.20213412,0.11987585
171547,L6 CT,-0.17544673,-0.031324867
91511,VLMC,-0.1979446,0.47556853
259072,L6 CT,0.27784413,-0.3287586
62634,Oligo,-0.2540505,-0.04297507
97361,L5 IT,0.29747325,-0.15264621
259076,Oligo,-0.1165963,-0.16479412
120578,L5 IT,0.17374568,0.03828382
14504,L2/3 IT,0.15937684,0.18744838
21256,L6 IT,0.47653145,-0.3200153
55612,Endo,-0.38075063,-0.23244685
91529,L5 IT,-0.14050005,0.14049834
91534,L5 ET,-0.1680059,0.09238911
122586,L2/3 IT,0.12507634,0.29026783
272212,L2/3 IT,-0.17630483,0.27252066
259120,L5/6 NP,-0.39849895,0.17751169
181760,L2/3 IT,-0.12583779,0.3291151
122556,L5/6 NP,0.32362998,-0.18654826
214014,SMC,-0.101898536,0.20986372
46672,Oligo,-0.11535095,-0.27710554
218974,PVM,0.4298429,0.33456385
74744,Oligo,-0.010310516,0.16699672
198871,L4/5 IT,-0.44516462,0.29638833
62678,Oligo,-0.0012849416,-0.28729707
172451,L5/6 NP,0.49353325,-0.28059614
8033,L2/3 IT,0.04796581,0.26528817
123021,L5 IT,0.30730444,-0.19274205
123020,Pvalb,0.18107627,0.06079584
46524,Oligo,0.2201005,-0.3505537
62297,L2/3 IT,0.16815041,0.23119932
105107,L2/3 IT,-0.07465379,0.31396276
223222,Oligo,0.18722932,-0.31353492
259027,Endo,-0.119872466,0.10387552
122955,L5 IT,0.17568724,-0.00020084158
122946,Pvalb,0.49338478,-0.2989907
47782,OPC,-0.3024155,0.46121073
120508,L2/3 IT,0.4393928,0.10629588
14519,L6 IT,-0.20304994,-0.14627829
220277,Oligo,0.009372398,-0.334593
259037,L5 IT,0.45185053,-0.14474761
46567,L5/6 NP,0.046636328,0.0022238456
21254,Astro,-0.35893685,-0.20098263
220282,L4/5 IT,0.34221703,0.030697878
259050,L6 CT,-0.15620138,-0.09013599
122835,Oligo,-0.108678386,-0.34534284
74745,L2/3 IT,0.001429454,0.32413906
268112,Oligo,-0.112886354,-0.20100331
91730,L6 CT,0.4300701,-0.30739236
179764,L5 IT,0.19872026,-0.030495737
236966,L2/3 IT,0.3014112,0.0072003566
46862,Oligo,0.20395575,-0.38622764
62584,Micro,-0.13299976,0.13154137
172374,Sst,-0.3424675,0.017521586
122284,L6 CT,-0.26126736,-0.12913603
172372,L5/6 NP,-0.33463082,0.18393308
215080,L2/3 IT,0.31547195,0.20687789
97327,L6 CT,-0.12371738,-0.08416486
46875,L6 CT,-0.49313968,-0.30907607
177317,Astro,-0.34522226,-0.024417195
120675,Endo,0.053852066,0.24129051
122298,Astro,0.3909173,0.082550645
231805,L2/3 IT,0.12079845,0.31626534
62559,Micro,0.121307775,0.20237249
70979,L5 IT,0.25799453,0.010048654
122184,L6 IT,-0.48881015,-0.02060223
248908,PVM,0.14445643,0.004709866
171798,L2/3 IT,-0.46307752,0.3650394
55585,L2/3 IT,0.36197895,0.25415248
208345,Endo,0.19798802,0.371836
218068,Oligo,-0.3872309,-0.33617923
62546,Sst,0.27984244,-0.24548334
198396,Pvalb,0.3797192,0.094325304
74688,Astro,-0.068301246,0.18987125
250596,L4/5 IT,0.0008499478,0.12627691
92205,L6 CT,0.045873925,-0.21426141
59666,Oligo,-0.29295912,-0.26067522
203923,Lamp5,0.37173355,0.30525404
6090,L6 IT,0.15637545,-0.13804504
122447,Astro,-0.31376848,0.45563304
47738,L5 IT,-0.47953156,0.2619031
122441,Vip,-0.47239378,0.08776605
122435,VLMC,0.017899916,0.4299783
46800,L6 CT,0.107908055,-0.1720826
122427,L5 IT,0.2223476,-0.026886914
278642,L4/5 IT,0.42649972,0.012195643
46813,L4/5 IT,0.3661455,0.056708332
264451,PVM,0.2939521,-0.2886349
92209,L6 CT,-0.23166965,-0.07600787
248897,L6 CT,-0.43695846,0.037426826
91603,L6 IT,0.2005844,-0.2820024
122374,L6 CT,0.12844853,-0.23847866
91605,Pvalb,-0.08281265,0.22909158
122357,L2/3 IT,-0.06460635,0.21609062
234581,L5 IT,0.4710827,-0.22990233
231800,L5 IT,-0.21513061,0.1307509
236960,L6 CT,-0.27943623,-0.08472344
6104,Endo,0.4113397,0.13969994
267958,L6 IT,0.38699603,-0.22849122
55484,L5 IT,-0.06947021,0.12805128
272209,L6 CT,-0.28954178,-0.14791569
43055,Oligo,0.44014794,-0.43931273
119888,Oligo,-0.42673087,-0.32835966
272443,Micro,-0.36555243,-0.2155492
264787,Endo,0.4879769,-0.058159444
214459,L5 IT,0.3576976,-0.13576958
89495,L2/3 IT,-0.31617096,0.40122038
128426,L2/3 IT,0.39601594,0.26802564
43752,L2/3 IT,0.25233334,0.27241254
128387,L2/3 IT,0.1163014,0.2775271
59469,Oligo,0.14734052,-0.34386724
14778,L2/3 IT,-0.015527979,0.22902173
196313,L6 CT,0.06321375,-0.18100652
128361,Oligo,0.04217367,0.40174383
14781,Astro,0.26433527,0.3020692
128360,Oligo,-0.48041466,-0.07688233
244989,L4/5 IT,0.26941395,0.022901114
246346,Oligo,0.18023,-0.32786933
128268,Oligo,0.26724923,-0.13511664
63578,Oligo,-0.053753003,-0.2758939
119238,L6 IT,0.3672989,-0.3065682
128194,L2/3 IT,-0.19950403,0.281384
119269,L2/3 IT,-0.4764904,0.4283939
97648,L6 CT,-0.46711877,-0.23392877
63557,Pvalb,-0.19823934,0.30060267
48346,L2/3 IT,0.18927036,0.15321583
246351,L6 CT,-0.46688858,-0.011123452
104279,L4/5 IT,0.4616204,0.061711665
169732,Oligo,0.371374,-0.23612106
204296,L6 CT,-0.2331707,-0.092460275
43606,L6 IT,0.49952626,-0.334607
258049,L5 ET,-0.3145201,0.104825914
128681,SMC,0.3994354,0.13317555
17612,OPC,-0.14224474,0.3745039
128675,Oligo,-0.12937562,-0.2125566
43647,L2/3 IT,0.23599498,0.23036623
196212,Micro,0.010470912,-0.23128045
128658,Endo,0.28039074,-0.375152
250433,Oligo,0.33515292,-0.38848215
279444,L4/5 IT,0.44811934,-0.04221112
196233,Astro,-0.18979733,-0.33352178
177164,L4/5 IT,0.26508445,0.057347532
196241,Astro,-0.3875149,0.23293835
128605,L2/3 IT,0.07567631,0.20525837
224101,Oligo,0.39548993,-0.4194674
97673,L2/3 IT,0.21175508,0.23804653
128566,L6 IT,0.003046975,-0.064279765
204303,L4/5 IT,0.351753,0.12530458
119192,Oligo,-0.29579806,-0.17028698
222545,Endo,0.38292277,-0.19970527
716,L6 CT,-0.32985598,-0.004416261
56130,L2/3 IT,-0.41344088,0.41820717
43717,OPC,-0.19886456,-0.16168827
104317,L5 IT,0.3964134,-0.18244618
206320,L4/5 IT,0.39094502,0.015681889
119277,L4/5 IT,0.50311947,0.006094929
5418,Sst,0.46035248,-0.20660585
213758,L2/3 IT,-0.23332481,0.29367656
169917,L4/5 IT,0.47566283,0.058173116
44059,L6 CT,-0.42919654,-0.07233563
250441,L2/3 IT,0.42159045,0.13942194
48306,Endo,0.21930079,-0.048768226
199266,L5 ET,-0.31170484,0.20846367
169927,PVM,0.07475822,0.40214288
169942,L6 IT,-0.46558058,0.16592121
127632,Astro,-0.1735361,-0.16505697
259681,Astro,0.23084389,-0.29179132
8107,L6b,-0.1323178,-0.21899354
127626,L5 ET,-0.49101767,0.13725168
22383,L5 ET,-0.059487596,-0.037794326
250958,L5 IT,0.46307337,-0.16750693
169955,L6 IT,0.45871478,-0.30214053
269688,SMC,0.46169972,0.08902639
196588,PVM,0.33691406,-0.27005243
182348,Peri,0.3258888,0.044690963
127494,L2/3 IT,0.31124836,0.14335966
262279,L4/5 IT,0.1865742,0.14556068
244998,Oligo,-0.2868604,-0.22368288
270048,Astro,0.14627402,0.1758532
181371,Endo,0.21222512,-0.07324302
127777,Sst,-0.24689661,0.15758288
271956,L2/3 IT,0.1242287,0.17400199
56080,Micro,-0.068029895,0.10702771
22469,Astro,-0.19935344,-0.100636065
128011,L5 IT,0.44637114,-0.07325226
127997,Oligo,0.108401224,-0.061403517
223994,L6 CT,-0.32455003,0.015362795
59490,L2/3 IT,-0.29192728,0.3660128
127977,L6 CT,0.22213112,-0.2062217
177658,Oligo,-0.4216586,-0.38037524
89672,L5 ET,-0.08599658,-0.017725114
43971,L2/3 IT,0.44034827,0.23536599
127927,L5 ET,-0.24144788,0.17684537
63528,PVM,0.023156628,0.33215845
127909,Endo,0.02473031,0.2535864
127894,L6b,-0.03671111,-0.23522961
127877,Endo,-0.3061663,0.4513873
127874,L6 CT,-0.43990523,-0.16431996
220135,Endo,0.05660169,-0.19487393
196487,L2/3 IT,0.15580563,0.14509445
270120,L5 ET,-0.43461138,0.1113317
13387,Lamp5,0.07653658,0.3233837
44013,Astro,-0.28380716,-0.34915435
127849,L2/3 IT,0.20999394,0.28484148
48345,L6 CT,0.38099062,-0.369685
250961,L2/3 IT,-0.19549023,0.34475726
74318,PVM,-0.0766954,0.43144947
182345,Lamp5,-0.11025961,0.4264276
196177,SMC,-0.429324,0.47682726
119145,Astro,-0.12523244,0.38745302
213710,L6 CT,-0.07572891,-0.120660305
182552,L2/3 IT,-0.40674976,0.35519344
75414,L2/3 IT,0.4377339,0.2309748
70596,L5 IT,-0.37423563,0.20447081
104091,L6 IT,-0.48508945,-0.017796192
14820,L4/5 IT,0.4180919,0.083697975
13461,L2/3 IT,0.46135956,0.17975092
213715,Pvalb,0.48303753,0.11662471
172875,Oligo,0.08701478,-0.32802546
129568,L5 ET,0.1960104,-0.08358616
89070,L6 CT,-0.24179853,0.0003032647
195866,Oligo,-0.32176465,-0.30865014
89116,L6 CT,0.41554308,-0.30996972
129495,Oligo,-0.12350254,-0.34183097
214530,Peri,-0.30957532,0.37099683
195886,Astro,-0.36152112,-0.094387084
129447,L5 ET,0.31102192,-0.09765047
62065,Peri,-0.024251536,0.15301996
195893,L4/5 IT,0.3209188,0.08223802
129418,Endo,0.46113342,-0.04982466
267341,Endo,-0.04702936,0.14599419
215215,Oligo,0.061546788,-0.34386796
169452,L6b,-0.3317123,-0.16077426
62059,L6 IT,0.41039342,-0.20972908
224282,L4/5 IT,0.45637822,0.01754975
1051,L5 IT,0.44257593,-0.065454245
172900,Endo,-0.023046002,0.26559877
257823,L2/3 IT,-0.17712907,0.36571318
89012,L5 IT,0.26438606,-0.21235111
62013,Oligo,-0.35988343,-0.2275993
43085,Oligo,-0.40109128,-0.16965103
43094,Oligo,0.3271175,-0.42531726
89019,L2/3 IT,-0.05846195,0.3344016
62016,Endo,0.30987018,-0.21190318
222495,Oligo,0.27548307,-0.38600773
224296,L2/3 IT,-0.003032073,0.25097013
43098,Astro,0.47849935,-0.197604
195768,L5 IT,-0.32991892,0.21154541
257831,Endo,-0.08042495,-0.28477043
5233,Endo,-0.08136399,0.022765633
169364,Oligo,-0.40783644,-0.38348964
231386,L4/5 IT,0.32623225,0.09148157
129700,L2/3 IT,-0.30813554,0.33889443
89048,VLMC,0.2905829,0.3859207
269440,L6 CT,-0.067389086,-0.19252723
1061,VLMC,0.3236224,0.376819
62024,Endo,-0.21892096,0.0016988479
120874,L6 CT,-0.40305704,-0.1549719
118981,L4/5 IT,0.4225515,0.008696821
242454,Oligo,0.39211613,-0.35410243
169666,Oligo,-0.43279192,-0.039434884
182534,L6 CT,-0.2380714,-0.0502829
97731,L6 IT,-0.32401866,0.09276551
12516,Oligo,0.4320014,-0.3622635
248765,SMC,-0.12003569,0.44766843
204321,Astro,0.21014695,0.37681144
14796,L6 CT,-0.48380324,0.07410902
246389,Peri,0.02082865,-0.18492514
43505,Astro,0.38855195,-0.26381215
182497,Endo,-0.27801532,0.33187175
48443,PVM,-0.09035863,-0.20880884
56163,L5/6 NP,-0.2914521,0.16916513
241692,Astro,-0.005656674,0.29799318
43472,L6 IT,-0.32011726,0.15548784
119113,L2/3 IT,0.061876997,0.30199933
59411,L2/3 IT,-0.23533951,0.28839678
6411,L4/5 IT,0.22740315,0.07945615
5337,Endo,-0.035986945,-0.15428168
97690,L4/5 IT,-0.46820787,0.29764605
219085,Endo,-0.03594391,-0.21278587
89398,L6 CT,-0.41970736,-0.05597711
43587,L4/5 IT,0.50454926,0.030410763
48427,L5 ET,-0.4212972,0.22347468
224134,Endo,-0.19986467,0.24835873
119136,Astro,-0.1365997,0.073260725
14791,L6 IT,-0.14571671,-0.06143919
257999,L6 CT,-0.022554412,-0.11148608
17175,Astro,-0.20333256,-0.36421424
169571,Astro,0.19406055,-0.37235802
195925,Astro,-0.0071981098,0.19952679
220086,Astro,0.17338644,-0.3548819
129317,Astro,-0.014102474,-0.20524439
195932,Astro,-0.18441771,0.40859872
169507,Astro,-0.39535668,0.47629082
209087,L6 CT,-0.28760344,-0.016164366
18366,Oligo,0.093593225,-0.30686003
92714,L2/3 IT,-0.08614315,0.24285132
119069,Oligo,0.2742746,-0.3835668
172863,L6 IT,-0.4258031,0.004783865
5276,L4/5 IT,0.35646647,0.064822316
43304,OPC,0.40144742,-0.47750527
251026,L6 IT,0.39421988,-0.3473958
129215,L6b,-0.29127115,-0.15846103
119080,Endo,-0.46193653,0.10205418
63746,L6 CT,0.4408334,-0.29209945
222531,Oligo,-0.28930297,-0.26741445
177710,L6 IT,-0.48157287,-0.16023639
217564,L2/3 IT,-0.3187555,0.37661237
129103,Micro,0.01120989,0.027658697
129095,OPC,0.3726769,0.15288633
129046,Astro,0.49084973,0.2703488
43435,Oligo,-0.21661665,-0.3257695
89161,Peri,-0.36273795,-0.2136834
45321,L6b,-0.40768367,-0.20774269
105718,SMC,0.108734176,0.41701806
245864,L6 CT,-0.24773242,-0.1516814
213826,L6 CT,-0.41139093,-0.25164765
258478,SMC,-0.100409284,0.2150957
939,L6 CT,0.3278936,-0.2089031
170484,Endo,-0.22342257,-0.064044654
44849,L6 IT,-0.37586498,-0.051253352
250842,Micro,0.20924984,0.15298527
126112,L4/5 IT,0.4986071,-0.02960721
44876,L4/5 IT,0.4211946,0.074203074
223674,Endo,0.23522131,0.33917737
44912,Oligo,0.006427244,-0.30774993
75095,L2/3 IT,-0.42639795,0.4212302
170514,OPC,0.008696064,0.2831275
126047,L5/6 NP,0.37399858,-0.060478304
197165,L5 IT,-0.37552375,0.20860237
231606,L6 CT,0.1513984,-0.12832433
125992,Micro,0.089899406,-0.26470482
105654,Astro,-0.48153955,0.47422695
259602,Pvalb,0.4796492,-0.03431869
125984,PVM,0.10066138,-0.14397177
235738,Astro,-0.3359536,0.46809912
119811,Astro,-0.16504999,-0.23844275
250831,Endo,-0.31280255,0.35934645
126048,L4/5 IT,-0.37196493,0.33406794
104621,Vip,-0.4615232,0.31129682
170462,Oligo,0.04479693,-0.3003042
63204,Astro,-0.03151007,0.16311455
208754,L4/5 IT,0.30022264,0.050359543
48110,L4/5 IT,0.25675136,0.11031002
44708,Lamp5,0.3158282,0.34799975
44712,Endo,0.18863033,0.046649035
92447,L5 IT,0.45680016,-0.07441774
22198,L5 IT,-0.45476002,0.15346181
22195,L2/3 IT,-0.11116476,0.25286943
264664,Oligo,-0.023839846,-0.2881133
182190,L5 IT,-0.3998494,0.16867769
12582,L2/3 IT,0.18399803,0.29195333
249592,L6 CT,-0.40228498,-0.14222673
44773,OPC,-0.3985495,0.44948673
272536,Astro,-0.20383222,-0.3532694
199092,SMC,-0.4427974,0.34489924
9659,Oligo,-0.072626725,0.04708999
119780,Pvalb,0.45918405,-0.15734926
170439,L6b,-0.116721615,-0.21658498
197082,L6 CT,-0.12364937,0.0022489391
104615,L5 IT,0.2215368,-0.094067425
182177,L5 IT,0.44668412,-0.112677515
126225,L6 IT,0.43360496,-0.36974695
271976,L5 ET,-0.04437785,0.0815025
208745,L4/5 IT,0.055640623,0.11258906
213829,L2/3 IT,0.48030937,0.10292357
208760,L2/3 IT,0.3673696,0.18613607
245892,L6 CT,-0.48238823,-0.11165556
125946,Lamp5,0.47413296,0.28431427
182058,Astro,-0.1771514,-0.1764746
125529,L6 CT,-0.25374585,-0.14433542
125523,L5 IT,-0.054295674,0.065540075
244265,Oligo,0.09561817,-0.14309907
7980,Endo,-0.32429028,0.4731928
70806,L6 CT,0.42049515,-0.21454662
105640,L6 CT,-0.40960187,-0.05046362
223604,L5 ET,0.2937289,-0.088299185
197355,Micro,0.33249283,-0.3637408
262225,L4/5 IT,0.48110968,0.036179002
278598,Oligo,-0.19144253,-0.2548958
197356,Astro,-0.24045129,-0.3450039
170770,L4/5 IT,-0.24377693,0.23957485
125394,L4/5 IT,0.37278444,0.073417366
197377,Astro,-0.45648915,-0.26677483
90541,Oligo,-0.43515325,-0.34989783
170780,L4/5 IT,0.4277327,0.059658464
170781,L6 CT,-0.42203966,-0.13669387
90561,L2/3 IT,0.094152555,0.24307859
264591,L5 ET,0.07384686,0.034506436
45314,L4/5 IT,0.47957927,-0.0056997873
270804,Sst,-0.017879888,0.040372487
223601,SMC,0.3523572,0.32097912
248831,Oligo,0.15319394,-0.31786704
125613,L2/3 IT,0.21009289,0.2734021
246194,Lamp5,0.17315648,0.3044576
214777,Oligo,0.29862767,0.014839675
258516,L4/5 IT,0.34147698,0.044027563
182102,Astro,0.39592206,-0.24233228
223646,Pvalb,0.21609692,-0.1881004
270082,L2/3 IT,-0.15516715,0.3082592
125848,L5 IT,0.33310193,-0.109940976
45011,L5 IT,0.43134314,-0.25390857
208702,Pvalb,0.28293657,0.12172127
208697,L5/6 NP,0.18268548,0.035075303
197231,Oligo,-0.18464871,-0.24210191
22074,L5 IT,0.38555974,-0.2511157
5684,Astro,-0.24221535,-0.3826785
231962,L6 CT,-0.24054702,-0.15526319
5688,L6 CT,-0.22445197,-0.13640162
177187,L5 IT,0.3752668,-0.0680756
272502,L2/3 IT,-0.3167072,0.31934172
258554,L5 ET,-0.0010262574,0.03233206
172650,Astro,0.00994651,0.21473604
272491,Peri,0.3542754,-0.3355946
104683,Sst,-0.2478077,0.2980448
45121,VLMC,-0.09920643,0.45102787
9472,L6 CT,-0.33207858,-0.066600114
63125,L2/3 IT,-0.3897646,0.41144586
105653,Peri,-0.48017508,0.2276259
119380,Pvalb,0.15385251,-0.070788264
239445,Oligo,-0.20004483,-0.2781636
97567,L6b,-0.36954147,-0.14959794
217720,Peri,0.06346898,0.28210258
172735,Micro,0.5005949,-0.23700523
48215,Endo,0.20650856,0.0540204
268178,Astro,-0.28249407,0.068338215
119499,L4/5 IT,0.102423295,0.11945242
44396,L4/5 IT,0.45557845,-0.036891256
48175,L5/6 NP,0.28652686,-0.014326457
71985,Endo,-0.35623643,-0.021764133
250447,Astro,0.18588017,0.0845328
127024,Astro,-0.23431198,-0.36128783
75197,Pvalb,-0.41899717,0.19071627
59732,Endo,0.10104512,0.26942658
59509,Peri,0.44790608,-0.2791087
62154,Oligo,0.21611767,-0.08391002
56018,L6 CT,0.26065654,-0.23918596
62161,L5 IT,0.22250812,-0.034232292
258331,L6 CT,-0.41384882,-0.08134976
213778,L6 CT,-0.46473727,-0.044859532
170189,Lamp5,-0.2591561,-0.19590649
182250,Astro,0.053174958,-0.30267832
5529,Oligo,-0.098038,0.22710168
170202,L6b,0.20355402,-0.3057506
5516,L6 IT,0.45699024,-0.22089681
208847,PVM,-0.30867687,-0.20264098
127149,L4/5 IT,0.45696473,-0.069838166
235715,Lamp5,-0.31382978,0.46543795
172756,Endo,-0.20200063,-0.025210265
181376,L6b,-0.32187003,-0.1801368
172739,Astro,0.4312743,-0.47660568
238749,L2/3 IT,0.43378568,0.09655774
44202,Astro,-0.28413498,-0.36275408
12561,Micro,0.11162715,0.35740352
196639,L4/5 IT,0.2742079,0.05671614
196647,L2/3 IT,0.47756112,0.12306291
196651,L4/5 IT,-0.45201764,0.32295853
75233,L6 IT,-0.18740346,-0.054609034
137471,L6 CT,0.29239613,-0.14775991
276426,Oligo,0.12664895,-0.19619545
75231,L6b,-0.19048576,-0.20814168
12565,L4/5 IT,-0.07963543,0.23948884
127298,L6 IT,0.16153,-0.03990892
241745,L4/5 IT,-0.16047631,0.17229956
127287,PVM,0.24596332,-0.31792778
196709,L6b,-0.18040015,-0.20778129
204215,L5 IT,0.20763342,-0.00025588647
89918,L5 IT,-0.43754873,0.1637376
22341,Oligo,-0.3493939,-0.27546442
44285,Endo,-0.006274655,-0.047281597
213770,L6 CT,-0.30642363,0.021638032
204205,Oligo,-0.17324056,-0.29159597
170373,L6 CT,-0.42684326,-0.14090669
126913,L2/3 IT,0.36327296,0.101160645
196866,Peri,-0.045456216,0.026308712
231565,L6 IT,-0.061375365,-0.11733273
44585,Vip,0.14404874,0.31549507
199123,Astro,-0.15722217,-0.3510149
196969,Oligo,-0.0010211612,-0.31807712
204189,Sst,0.042011246,-0.035425548
170329,L6 CT,0.25477242,-0.2906561
70745,L6b,-0.28596547,-0.17109907
14684,Endo,0.09680031,0.3914457
90147,L6 CT,0.29600632,-0.33240217
170344,L6 CT,-0.19910364,-0.0467909
272557,L5 ET,0.15067802,-0.012756769
44647,Endo,0.48770374,0.08153701
204181,L2/3 IT,0.36985302,0.12772352
170353,Astro,-0.050017253,0.37865776
214774,SMC,0.45614046,0.0835945
63235,Oligo,-0.14227782,0.017554548
119724,L5 IT,0.2596274,0.001768019
63226,Lamp5,-0.19295974,0.45103782
18471,Endo,0.31657284,-0.006917212
234689,L6 CT,0.07761304,-0.23104778
126427,Vip,-0.24827345,0.37658507
126409,L5 IT,-0.4026975,0.23083353
179686,L6 IT,-0.2975433,0.052152093
8091,Micro,-0.036978707,-0.24398094
119706,Astro,-0.48525378,-0.27225506
214510,Astro,0.39577687,0.08984965
13391,Oligo,0.25305325,-0.37561435
223799,OPC,0.30472827,-0.41833046
119594,Endo,-0.07735424,0.1499191
223798,Peri,-0.0746979,0.2198075
217737,Astro,-0.32255578,0.11296439
258358,L6 CT,0.04660915,-0.12706444
126833,Astro,-0.351485,-0.13802072
90073,Astro,-0.2885481,-0.16899958
223785,L4/5 IT,0.49309677,0.00491732
126793,Micro,-0.042003617,0.027149197
215178,Oligo,-0.08747454,-0.27566826
119607,Astro,-0.2384917,-0.33130467
204197,L2/3 IT,0.3157419,0.2794683
7978,L6 IT,-0.41733232,0.17048109
90090,L2/3 IT,-0.121407166,0.3444863
97586,Oligo,-0.064658,-0.28940696
172686,Oligo,-0.27730483,-0.32026565
22244,L2/3 IT,0.45839828,0.22524458
11327,Astro,0.4445398,0.28155297
208804,L5 IT,-0.1287738,0.10581654
44548,Micro,0.21531628,0.31287467
75148,L6 IT,-0.18126576,0.03947651
119681,Oligo,-0.03269382,-0.27204382
90034,Sst,0.08770566,-0.1238004
223875,Oligo,-0.31411725,-0.21980163
38580,Oligo,-0.3349788,-0.27084363
244042,L6 IT,0.22867052,-0.18150216
238085,SMC,-0.4563119,-0.35063472
235461,L2/3 IT,0.11437599,0.17639196
1794,Endo,-0.28413957,0.46293426
67587,L4/5 IT,0.28705418,0.050965723
241032,VLMC,-0.13453929,0.45871198
67579,L5 IT,0.17775093,0.016764965
188154,Endo,0.32724768,0.228356
81174,PVM,-0.021722123,-0.2536115
211756,Peri,-0.24081217,-0.17750534
228379,Peri,-0.16178699,-0.097474724
162516,L6b,-0.16962071,-0.21446747
212839,L6b,-0.22265859,-0.18994302
252271,L6 IT,-0.064183906,-0.16514838
212852,Oligo,-0.45961607,-0.3547152
254033,Endo,0.06954883,-0.2592752
12077,L5 ET,0.37640214,-0.090699166
162545,Astro,-0.21287875,-0.230694
266288,Vip,0.29955733,-0.21003059
236127,Pvalb,-0.018312857,-0.0914776
152214,Oligo,-0.008698627,-0.26251337
31796,L2/3 IT,0.11129044,0.2972377
162556,L4/5 IT,-0.014974549,0.19007862
263172,Astro,-0.10707568,0.40397155
162578,L4/5 IT,0.046652958,0.117128074
152131,L4/5 IT,0.098007485,0.20896894
152432,L5 IT,-0.38314205,0.19451481
81247,L5 IT,0.45104325,-0.16752523
152445,Vip,-0.23988791,0.43655354
81130,L6b,-0.05597262,-0.23927224
184898,L6 CT,-0.4072647,0.03300726
238100,Oligo,-0.37085485,-0.337842
277495,Oligo,-0.05851142,-0.1197834
152695,Oligo,-0.00250636,-0.30743825
57913,L2/3 IT,0.5017765,0.13326365
69340,L4/5 IT,0.0850942,0.12649089
67631,Oligo,-0.43425184,-0.021675978
67626,Astro,-0.33688244,-0.25859952
152663,L6b,0.2665608,-0.32907075
274793,Oligo,0.039992794,-0.30707985
81085,Peri,0.25065827,-0.263398
152625,Oligo,0.24459831,-0.2826828
162418,Pvalb,0.26079017,0.121525705
152588,OPC,0.10138045,0.33389038
239882,L6 CT,0.39395767,-0.20414829
184888,L6 CT,-0.3124987,-0.10360798
152557,L5 IT,0.17165814,-0.008788023
16084,VLMC,0.1703708,0.40177613
230097,L4/5 IT,0.07671003,0.100106716
31602,L6b,-0.10141529,-0.2304815
162444,Endo,-0.08740355,0.31775576
274779,L4/5 IT,0.35487127,0.08742249
219609,L6 IT,-0.009577975,-0.20675176
188115,L2/3 IT,0.2687062,0.28950542
152469,L4/5 IT,0.034448847,0.13151354
216219,SMC,-0.35577875,0.3067069
252254,Oligo,-0.27691305,-0.26311982
247658,L2/3 IT,0.3185478,0.23903698
152099,PVM,0.14216958,-0.1654295
69369,L6 CT,0.3114156,-0.24575835
151685,Astro,0.17690115,-0.086196065
205408,Endo,-0.046181187,0.019528236
215622,Endo,-0.33708626,-0.22973415
151669,L2/3 IT,-0.11647795,0.32087302
151666,Oligo,0.3145942,-0.40231538
151629,L4/5 IT,0.33598226,0.06993824
32106,L2/3 IT,0.50414455,0.07272458
32107,L4/5 IT,0.3089475,0.050733622
100619,Vip,0.46264607,-0.29571685
188408,L6 IT,-0.31633285,0.028278586
151591,L5/6 NP,-0.23808537,-0.038344715
77726,L2/3 IT,0.36101598,0.24834585
266267,Micro,0.14777212,0.33819723
67439,L4/5 IT,-0.17408873,0.1967026
67436,L5 IT,0.15817587,-0.02114657
151512,Astro,-0.031076297,0.09582877
151498,Oligo,-0.36897355,-0.21416059
26109,L2/3 IT,0.095905885,0.2443195
151486,L4/5 IT,0.42334187,-0.013126019
228221,Oligo,0.20229708,-0.35238707
16021,L6 CT,-0.43818256,-0.23992687
178706,Micro,-0.44621527,0.04046571
57833,L6 IT,-0.1474321,-0.12699914
26097,L6 IT,-0.2861771,-0.06438202
32057,L2/3 IT,0.100704655,0.2832322
32047,L5 ET,0.30608147,-0.028356198
211676,L2/3 IT,0.02935563,0.30095124
81383,L2/3 IT,-0.37842909,0.39088452
67542,L6 CT,-0.3246076,-0.07503384
67540,Endo,-0.05344321,0.0071889125
67534,SMC,0.3538069,0.32496518
31849,Endo,0.009238467,0.1376757
241033,Astro,-0.37836698,-0.017126355
81270,L5 IT,0.3203503,-0.058820132
228327,L6 CT,-0.48084575,-0.23257047
31903,L6 CT,-0.47586197,-0.3053523
31916,Peri,0.29278982,-0.30888197
233574,Micro,-0.28274685,0.08670372
151933,Astro,0.41090298,0.27805287
249425,Astro,-0.4239425,0.12635994
162389,Astro,-0.33559513,-0.15673703
266281,Oligo,-0.096266404,-0.19675577
211700,Peri,0.20179449,-0.03979439
31943,Endo,-0.34370747,-0.15627909
254084,L2/3 IT,-0.30324373,0.3900268
211692,L5 IT,-0.16855232,-0.04961318
247645,Astro,0.27804154,0.03669655
151834,Oligo,-0.22796668,-0.33900326
12104,Endo,0.43913007,0.14736348
81367,Micro,0.35708475,-0.31326342
151789,Pvalb,-0.010613307,0.25219697
254115,L4/5 IT,0.08850245,0.09919238
228281,L2/3 IT,0.4707691,0.20413643
100589,L6 IT,0.25386024,-0.17276081
151911,L4/5 IT,-0.37331623,0.25052404
178747,L6 CT,-0.45964268,0.047428723
2747,Endo,0.0762233,0.3858165
205443,L2/3 IT,0.10840957,0.15538466
185006,Oligo,-0.02114074,-0.17410725
153699,Oligo,0.21699189,-0.3202728
67743,L5/6 NP,-0.011579767,0.0007871352
30998,L4/5 IT,-0.07642405,0.14593285
31005,Oligo,-0.28370285,-0.142165
31011,Oligo,0.20491765,-0.34570503
11682,Astro,-0.26750427,-0.36043775
211861,Astro,-0.19486393,-0.36176574
80814,PVM,0.196474,0.2058425
153607,Micro,-0.123322085,-0.0014590956
184994,Astro,-0.14498876,-0.3423825
153557,Oligo,-0.22278444,0.012022074
2610,L6 IT,-0.034850523,-0.16938457
230006,Astro,-0.46985927,-0.10213292
153548,Peri,-0.27435163,-0.04764444
153539,Oligo,0.46830374,-0.41557154
153529,L5 ET,0.30582196,-0.054883096
274897,L2/3 IT,-0.31716108,0.38427228
240113,L6 CT,-0.35836703,0.004104551
69299,L6 IT,0.24375932,-0.10640293
31077,Oligo,-0.37978145,-0.33238816
205841,L6 CT,0.17526345,-0.15356538
153444,L2/3 IT,0.029898033,0.2730751
153439,Oligo,-0.36358666,0.47291797
230009,Endo,-0.25621152,0.4388163
57972,L4/5 IT,0.42912728,0.015494134
216158,L6 CT,0.18372832,-0.19462833
252379,L6b,-0.3217711,-0.18732435
30959,L4/5 IT,-0.49179643,0.35605323
185074,L2/3 IT,-0.096812025,0.32429522
154086,L4/5 IT,0.43220234,-0.020221893
266379,L4/5 IT,0.31262517,0.06239259
185066,L6 CT,-0.062496737,-0.1575982
154058,Endo,-0.390712,0.15591896
100269,VLMC,-0.10144515,0.44099325
30777,L2/3 IT,0.0149865,0.30391097
274930,VLMC,0.21393673,0.3954293
30852,Oligo,0.26953578,0.16478145
17838,L6 CT,0.36459225,-0.22677904
187641,Pvalb,0.40978456,-0.12937418
30857,Endo,-0.4911992,0.33878165
205494,Pvalb,-0.047870502,0.19409817
67824,Endo,-0.331694,0.09723717
161991,Peri,0.22585903,0.32991397
153880,Peri,0.34961617,-0.19480789
1861,L2/3 IT,0.2498505,0.2935924
262948,L6 CT,0.07511859,-0.18610168
178790,Peri,0.40244216,-0.09869543
162017,Micro,0.5005946,0.121489584
153787,Lamp5,0.2822944,0.3155061
153782,L4/5 IT,-0.12769596,0.22712839
253778,Lamp5,0.28602076,0.13503778
77929,L2/3 IT,-0.017738447,0.20630753
266831,Astro,0.12599115,-0.10024759
187711,L6 CT,-0.48857513,-0.21823534
153909,Endo,0.3421759,-0.34492248
151357,Peri,-0.044097915,-0.17143235
212811,L6 IT,-0.07635091,-0.008255217
230018,Astro,0.38423347,-0.15340674
31365,L2/3 IT,-0.2848,0.34236276
26319,Astro,-0.21919231,-0.31521693
253908,Oligo,-0.3585894,-0.3604739
81002,Pvalb,0.26967967,0.1432395
187977,L2/3 IT,0.06519996,0.20375395
162344,OPC,-0.28617847,0.14326042
268648,L6 CT,-0.06511621,-0.083456784
187980,Endo,0.24855213,-0.080426306
244782,L5 IT,0.3697511,-0.17576694
205458,Lamp5,0.037640855,0.23125285
31418,L6 IT,-0.2718631,0.058896538
188000,Peri,-0.29808488,0.034424838
31424,Sst,-0.1075121,0.009839352
31,L4/5 IT,0.28625953,0.082674205
57935,Oligo,-0.085548565,0.0026665293
252313,Oligo,-0.4325106,-0.0535982
238119,Astro,-0.29475707,-0.080144435
184901,L5 ET,0.4876327,-0.15330693
184900,L6 CT,-0.4930356,-0.25956532
188022,L6 CT,-0.38342577,-0.14889014
162370,OPC,0.22331671,-0.174965
228420,Sst,-0.41506565,0.07355195
152787,Oligo,-0.039727524,-0.3201841
31470,Oligo,0.42054546,-0.47111908
279885,L6 CT,-0.47740042,-0.14341268
162310,Oligo,-0.34807622,0.15698695
162308,VLMC,0.16499631,0.39905733
253899,L2/3 IT,-0.46868706,0.3815204
80988,L5 ET,-0.43134218,0.17846209
266340,Micro,0.36756563,0.21244782
153361,L5 IT,0.16832547,-0.023323659
153356,L5 ET,-0.37855655,0.067588985
216184,Peri,0.02226381,0.35916483
187847,Pvalb,-0.41820788,-0.17904648
228557,SMC,0.20495932,0.020520683
31153,L2/3 IT,0.06269424,0.3114124
17842,L5 IT,-0.09418984,0.12254745
67701,Oligo,0.23491018,0.035164412
77859,Endo,-0.39478496,0.22906893
252337,L5 IT,-0.24810915,0.18131053
187895,Oligo,-0.103612855,-0.15766141
274879,L4/5 IT,0.37312138,0.10561967
228524,L4/5 IT,-0.47471854,0.35037577
17851,Endo,0.4201066,-0.38538182
153130,L5 ET,0.18020718,-0.01640338
26352,L5/6 NP,0.17565362,-0.12690064
253880,Astro,0.22540675,-0.30551016
100370,Oligo,-0.41531116,-0.37763357
8673,L4/5 IT,0.4258893,-0.04372755
153084,L4/5 IT,-0.30878872,0.121748984
153081,Astro,-0.11129625,0.00028189644
67664,OPC,-0.4436426,0.14177984
253895,Endo,0.27690136,-0.30096185
153028,Oligo,-0.4010762,-0.12112439
153024,Oligo,-0.04268451,-0.27051175
247737,L2/3 IT,0.3834017,0.13435078
32267,Oligo,-0.34297737,0.1953929
238046,Oligo,0.10941665,0.21815431
279861,L5/6 NP,-0.13302557,-0.0825555
212914,Oligo,-0.038153306,-0.26343185
149828,Vip,0.19363563,0.34353775
205916,Endo,0.25313956,0.31409872
205293,Oligo,0.07915281,-0.3069108
77519,Micro,-0.42347565,-0.07369289
189084,L2/3 IT,-0.42258286,0.382895
274574,VLMC,0.12923484,0.41480684
149759,L4/5 IT,-0.09478201,0.18728662
82029,Oligo,0.33000052,-0.41494638
227864,Oligo,-0.16999908,-0.2548272
254462,L5 IT,-0.055205956,0.120028436
100927,PVM,0.377747,0.2759421
184585,Oligo,-0.06268658,-0.2660147
230263,Oligo,0.099086866,-0.29935178
67119,Oligo,-0.047817543,-0.2677691
100935,Micro,0.19434397,-0.22726351
100937,L4/5 IT,0.3228547,0.06723982
149680,VLMC,-0.109234765,0.44358826
33197,Lamp5,0.04371296,0.36565048
149634,Astro,0.24098115,0.34292245
189129,L2/3 IT,0.17597125,0.27621686
82096,Astro,-0.2586277,-0.041804764
189130,Oligo,0.19165348,-0.2262612
33215,L5 ET,-0.038255766,-0.056522343
189131,L6 IT,-0.41723472,-0.008496378
205294,L2/3 IT,0.23259966,0.238177
149868,Astro,-0.14547844,-0.32674456
238519,Astro,-0.059183165,-0.30085793
81982,L6 CT,-0.12077601,-0.14969257
150121,Endo,-0.30498332,0.048760053
100851,L6 CT,-0.1877291,0.015517797
278326,L6 CT,-0.33438128,-0.18404591
238518,SMC,-0.42954397,0.4905855
268751,Pvalb,0.027921245,-0.03998113
32942,L6 CT,0.046221897,-0.18872929
100856,L2/3 IT,-0.11032064,0.27852207
32960,Oligo,-0.4114079,-0.23483104
3089,Endo,0.42434818,-0.38447833
254422,L5 IT,0.06802331,-0.006144289
81932,PVM,0.1135606,0.030662294
274594,L4/5 IT,0.19742922,0.061800536
149601,L6 CT,0.027312681,-0.2069701
254431,Oligo,0.21271102,-0.310365
15918,Astro,0.17138116,-0.3224656
149978,L6 CT,0.06556569,-0.20687127
275846,L5/6 NP,-0.1765794,-0.04572368
77541,L4/5 IT,0.24975877,0.12417871
25905,L2/3 IT,-0.35326198,0.42445046
149923,OPC,0.32813913,-0.34768474
244812,L6 CT,0.20363574,-0.21493235
81972,L5 ET,0.4988343,-0.14482355
230250,L2/3 IT,0.4697193,0.24294019
237983,Oligo,-0.24774612,-0.2884162
77539,Astro,0.22494231,-0.14912727
81981,L6 CT,-0.29606533,-0.09243515
67171,L6 IT,0.35884798,-0.256949
32934,L5 IT,0.24063776,-0.08471432
189135,Pvalb,-0.16352363,0.0040468536
189142,L6 CT,0.14642672,-0.21919885
149290,L6 CT,-0.40805316,0.055346902
82240,L6 IT,0.38474977,-0.24879658
227781,L6 CT,-0.37125662,-0.061805937
227778,L6 IT,0.102917835,-0.24136999
33421,Vip,-0.21010302,0.27159548
205269,OPC,-0.21533017,0.13675296
149144,Astro,-0.09437351,0.2478795
227772,L6 CT,0.08948557,-0.27309698
274495,Oligo,-0.3324096,-0.04488984
149093,L6b,0.15383343,-0.2812466
77432,L4/5 IT,-0.12498747,0.16777277
67017,L6 CT,-0.48081884,-0.18660179
33520,OPC,0.16656356,-0.23048538
149066,L6 IT,0.12098347,-0.24775523
184528,Oligo,-0.061684623,-0.2518964
149058,Oligo,0.29736865,0.3711787
184527,L6 CT,-0.10470034,-0.13015684
243811,L5 ET,0.4952473,-0.13759977
189324,Pvalb,-0.28537387,0.0067999624
149028,L4/5 IT,-0.3053235,0.2521611
215584,L6 CT,-0.37835863,0.01171517
149003,L2/3 IT,0.3350526,0.11527771
254555,Vip,-0.2733873,0.40931076
33572,L6 CT,-0.29316217,-0.024833653
163522,Astro,0.18289094,0.036578592
189277,L5 ET,-0.44393328,0.2366907
12134,L4/5 IT,0.033604726,0.20945895
227798,L5 ET,-0.22960679,0.12386638
82219,Endo,0.2981068,-0.34292236
274562,L6 IT,0.3340665,-0.28584105
241139,L5 IT,-0.47622365,0.2382831
178637,L6 CT,-0.39348745,-0.10380483
58850,L6 CT,-0.44438612,-0.15958267
98743,Astro,0.036567077,0.12360191
67091,L4/5 IT,0.21412878,0.12652653
239660,L4/5 IT,0.4706785,0.014062133
262852,SMC,-0.19793843,-0.11269823
33278,L6 CT,-0.28520715,-0.06245685
227812,L5 IT,-0.05686836,0.017181184
3161,Endo,-0.15782939,-0.11263785
67088,L6b,-0.35425884,-0.15706095
100952,L4/5 IT,-0.12885068,0.16894084
184566,L2/3 IT,-0.23187347,0.29893577
25815,Endo,-0.18602042,0.13547677
149410,L4/5 IT,0.48507237,-0.007042501
189218,L5 IT,0.178335,-0.07122779
69533,Astro,0.41457474,-0.38186106
149386,L5 ET,0.14692937,-0.0409627
101001,L2/3 IT,0.10155736,0.25812835
163423,L2/3 IT,-0.22424601,0.39167988
101002,L6b,0.102203056,-0.28151217
178627,Vip,0.15888982,0.24631429
280050,L5/6 NP,-0.27958038,0.13322198
189251,Peri,0.42349732,-0.33375484
15877,L4/5 IT,0.48690504,0.05969244
17925,OPC,-0.31899673,-0.2420817
247814,Sst,-0.40639907,0.27336282
69482,Peri,-0.0020024027,0.21745265
163191,L4/5 IT,0.2972842,0.12495625
162936,Oligo,-0.34443676,-0.011550192
188641,L6 IT,-0.4842916,0.060315248
162940,Oligo,0.37084395,-0.35371286
67317,Oligo,-0.35923404,-0.12986246
32532,Astro,-0.14171202,-0.28034812
188645,L5 ET,-0.16411902,-0.03294969
32541,L4/5 IT,-0.38065624,0.2688384
150901,L6 CT,-0.14950408,0.05164921
150870,L2/3 IT,-0.008308992,0.23463535
150859,L4/5 IT,0.14712106,0.13069963
254267,Astro,-0.17519315,0.18416303
211571,OPC,0.28801823,0.3126787
150826,Oligo,-0.447118,0.30714482
150825,L6 CT,-0.48597312,-0.25096455
254274,Endo,-0.12520824,-0.12206769
150774,L6 IT,0.037625536,-0.068077415
150770,L5/6 NP,-0.3921671,0.021900948
228067,L6 CT,-0.42238092,0.04910701
67281,L2/3 IT,0.007056222,0.26338845
81660,PVM,0.10977487,0.0064899884
228062,Sst,0.30418885,0.085599124
26015,PVM,-0.25859088,0.14283562
77631,L2/3 IT,0.14952998,0.16016251
162997,L2/3 IT,0.4825384,0.11010784
230196,L2/3 IT,0.21332686,0.23044777
150964,L2/3 IT,-0.036894783,0.1938287
233596,L4/5 IT,0.13771068,0.11896342
150998,L4/5 IT,-0.3414002,0.2322244
100697,L2/3 IT,0.44882065,0.19140577
184741,Micro,0.08593701,0.26221657
2962,Astro,0.39473134,-0.33228508
81488,Endo,0.10881136,0.14893919
162838,L2/3 IT,-0.05528851,0.2253564
162846,L6 IT,-0.46928513,-0.1826019
228169,Astro,-0.40558428,-0.029456291
275805,Micro,0.10737316,0.33134103
162864,Oligo,-0.15709256,-0.14760432
162867,L6 CT,0.35579473,-0.23759633
58792,Oligo,-0.26851648,-0.2165094
32334,VLMC,0.49570715,0.3172003
162868,Oligo,-0.3818077,-0.3659386
150698,L4/5 IT,-0.19428603,0.19614595
254227,Oligo,-0.2844031,-0.23592952
228156,L6 CT,0.14612608,-0.19233131
81526,L6 CT,-0.05460061,-0.10752499
228137,L6 CT,0.06604461,-0.107852906
81550,L6 IT,-0.17916958,-0.08981481
268379,PVM,0.27167982,-0.3079574
178702,Endo,-0.01062648,-0.09193531
151087,Oligo,0.4928671,-0.3794889
67350,L2/3 IT,-0.1437227,0.34792125
81578,PVM,0.14229785,0.14464563
151050,L5 ET,0.4307413,-0.14302865
278168,L6 CT,-0.28743348,-0.1539326
151020,L4/5 IT,0.3194123,0.044957038
268688,L2/3 IT,-0.24223848,0.34297538
77571,L6 CT,-0.23875095,-0.06779021
233610,Astro,0.371086,-0.071089596
150669,L4/5 IT,0.058282956,0.16877079
219653,L6 CT,0.019232377,-0.20440757
69470,Astro,0.32347155,0.35935616
238016,Astro,-0.28066626,-0.13416982
163147,L4/5 IT,0.3212003,0.12750596
188848,L6 CT,-0.110805765,-0.15356421
32828,L6 CT,-0.46212718,-0.2186136
77581,L2/3 IT,0.378142,0.17829907
270367,L2/3 IT,0.0790485,0.24692231
178660,L4/5 IT,0.46251726,0.047514673
100806,VLMC,0.32063508,0.37901372
150295,Pvalb,0.30619413,0.20925736
150258,Micro,-0.11069687,-0.3188789
239014,L2/3 IT,0.429219,0.2137875
150233,Endo,0.32308054,-0.20108163
32898,L6 CT,0.20180123,-0.2697657
57740,L2/3 IT,-0.088322684,0.20928168
25947,L2/3 IT,0.42642552,0.17802185
234896,VLMC,-0.014334276,0.40601647
81876,Astro,0.2985059,0.22582293
150209,L6 CT,0.14422081,-0.1351876
188918,L6 CT,-0.4323767,-0.14572322
163176,L6 IT,-0.22534426,-0.0035963692
81891,L6 CT,0.43895286,-0.22305942
188928,Endo,-0.27826726,0.030900594
15948,L6 CT,-0.41932228,0.15586782
72374,VLMC,0.23612832,0.39107734
15958,L6 IT,-0.15904729,0.023711499
227973,OPC,0.30521125,0.08134127
150381,L6 IT,-0.18661447,-0.08904356
254304,OPC,0.3432572,-0.21436211
163016,Peri,-0.11167328,0.027631517
81706,L4/5 IT,0.35662055,0.09498185
252205,Astro,-0.25625265,-0.35496846
150633,L2/3 IT,0.36334985,0.16979897
81737,Endo,-0.45804828,-0.17189196
10653,L6 CT,0.2628218,-0.19604978
1731,L6 CT,-0.11859782,-0.20839447
150589,L2/3 IT,-0.03954278,0.27390563
98818,VLMC,-0.34151447,0.5058725
150555,Astro,-0.4466512,0.37671065
238021,Oligo,-0.4168784,-0.2398054
188724,L6 IT,-0.38576615,0.1613217
205357,Oligo,-0.17677812,-0.28425956
25996,PVM,0.3281539,-0.24938697
228024,L5 IT,0.0542057,0.07130283
212891,L6 IT,0.24252985,-0.2751693
184686,L5 IT,0.39634806,-0.16823092
150450,L4/5 IT,-0.21964328,0.20077783
240695,Astro,-0.11512937,0.08843511
227994,L2/3 IT,0.30374753,0.27943003
205914,Endo,-0.35480636,0.16931856
188833,L4/5 IT,0.20602237,0.087730825
184673,L4/5 IT,0.1947863,0.14696294
150408,L5 IT,-0.11358069,0.14571208
230215,Oligo,-0.3201299,0.05884486
248304,L6 CT,0.15399264,-0.22534832
154171,L6 CT,-0.47434258,-0.020432267
30709,Oligo,0.24113147,-0.36441782
211925,SMC,-0.45212978,-0.32261068
78445,VLMC,0.119783804,0.41651857
160592,L6 IT,-0.25303483,-0.0049814917
178998,L4/5 IT,-0.47455853,0.3410642
215773,L2/3 IT,-0.34435636,0.34879065
158071,Astro,-0.23454298,-0.3393988
186248,Astro,-0.008239344,-0.30672348
79305,Astro,0.33835405,-0.11522165
157995,VLMC,-0.32508627,0.4989419
229248,Astro,0.32541233,0.29820007
160640,L6 CT,-0.2815854,-0.12482646
28716,L2/3 IT,0.07837246,0.27212262
186294,Oligo,-0.3399319,-0.28753024
157875,L6 IT,-0.1152934,-0.13717338
28726,L2/3 IT,0.3866518,0.2240572
28736,Astro,-0.26235026,-0.22763142
157831,Peri,-0.313982,-0.024251822
157829,L6 CT,-0.2147942,-0.13160196
157806,L2/3 IT,-0.24342926,0.2772841
229235,Pvalb,0.0021458422,0.02509546
79363,L6 CT,0.5029799,-0.25106555
79367,L4/5 IT,-0.0030129994,0.17855197
28780,OPC,-0.18854795,0.4273345
28788,L5 IT,-0.16797094,0.16618317
157737,SMC,0.40673184,0.1366961
212338,Sst,0.41161883,-0.16210777
205707,L5 ET,0.45852494,-0.119203925
279971,Astro,0.38381958,-0.46049517
185455,L6 IT,0.2126839,-0.11214179
179114,Oligo,-0.45816553,-0.30969405
79153,L2/3 IT,0.097526655,0.28218228
185489,L5 IT,0.43499792,-0.060560826
215782,L5 IT,-0.36730385,0.19737023
248065,L6b,-0.31703767,-0.20257312
158505,L5 ET,0.23925607,-0.03445444
158501,L6 IT,-0.49271908,0.039617892
219372,Oligo,-0.31488797,-0.13893747
28393,Peri,0.4827068,-0.32425106
179017,L2/3 IT,-0.3900424,0.3565424
1992,L5 IT,0.25351417,-0.11195713
185473,Oligo,0.46809798,-0.47507203
158395,L4/5 IT,0.080737814,0.14252973
178986,L6 CT,-0.45711893,-0.052083645
229719,Oligo,-0.47355172,-0.17740306
266756,Endo,-0.14164372,-0.28832906
160532,Oligo,-0.24015845,-0.2426303
79212,L6b,0.11813299,-0.28418896
160553,Vip,0.42087245,0.018921133
263128,Astro,0.3778543,-0.24052137
219434,VLMC,-0.18705226,0.47350448
79243,L4/5 IT,-0.046203777,0.20465314
99614,SMC,0.08640061,0.20381963
28562,L6 IT,0.056354567,-0.20448852
158180,L4/5 IT,0.27042294,0.09253591
28582,Oligo,0.42245364,-0.40619224
240882,L2/3 IT,0.13811974,0.2821771
160524,Oligo,-0.3494501,-0.22404444
229336,L6 CT,-0.38971728,-0.11003232
79385,Endo,-0.29402834,0.15784949
252607,L6 CT,0.4715917,-0.34518987
243026,L4/5 IT,-0.2955501,0.303739
160803,Pvalb,0.42487496,-0.070989996
263130,L4/5 IT,-0.41888046,0.30819
229138,L4/5 IT,-0.31322393,0.2756636
58637,Astro,-0.45050552,-0.23000115
99749,L4/5 IT,0.40812027,0.06627089
253146,Astro,-0.3987684,-0.3017208
157227,L6 CT,0.3893482,-0.16931471
29102,Oligo,0.34335643,-0.33417326
29119,L2/3 IT,0.23380624,0.18715936
212236,VLMC,0.094096884,0.4196298
157180,L2/3 IT,0.10932253,0.22800499
29130,Oligo,-0.155023,-0.12533161
212235,Endo,-0.20715572,0.40376163
219359,Astro,0.11407481,0.34160024
78366,Astro,-0.1252744,-0.24906725
29155,Astro,0.29659522,0.34787393
205661,Oligo,0.13336562,-0.11799052
78333,L6 IT,0.48491699,-0.2981915
212232,Astro,-0.37293303,0.22571295
212230,L6 IT,0.3358314,-0.13349774
212228,L4/5 IT,0.4265694,0.077346325
205658,L4/5 IT,0.09609388,0.18633574
79644,L2/3 IT,0.25489664,0.24834192
243075,Endo,0.044221207,0.1267677
229162,L6 CT,0.36444622,-0.26767224
253135,L5 IT,0.3034985,-0.104142666
79540,L6b,-0.24127658,-0.18974718
229767,L2/3 IT,-0.0057930197,0.2328887
157694,L5/6 NP,0.12288551,-0.107583046
68462,Oligo,-0.016646668,0.018336292
68450,Endo,-0.100187704,0.1247862
99685,L5 IT,-0.0344017,0.078430116
219449,L6 CT,-0.32888037,-0.036252383
157639,OPC,-0.036441937,0.37904203
157637,L4/5 IT,0.1956759,0.09703648
278357,Oligo,-0.038123205,-0.16475165
212649,L5 ET,0.4291095,-0.084884524
214670,L5/6 NP,-0.39240697,0.2435934
28894,Astro,-0.32949185,0.40236473
157587,Oligo,0.29947448,-0.37799966
160692,L5 IT,0.07608025,0.058598693
79435,Pvalb,0.44982696,-0.22968829
157541,L6 IT,-0.45304167,0.06760615
205676,L5 IT,0.19077681,-0.06428471
235388,Oligo,-0.34002763,-0.312909
28928,L6 CT,-0.3027118,-0.07800752
157497,Astro,0.18241064,-0.37359753
28934,Oligo,0.097409114,-0.32741636
160766,Oligo,0.23246948,-0.38731492
229175,L2/3 IT,0.3139208,0.21361578
157436,L6 IT,-0.2896905,0.06091785
157412,L6b,-0.1983843,-0.20506322
215972,L2/3 IT,0.13280867,0.2827382
28980,L6 IT,-0.36085397,0.045301672
229204,L6 CT,-0.29459572,-0.10109851
79652,Oligo,-0.10025333,-0.2546242
243594,Astro,-0.2241882,0.06480056
252928,L6 CT,0.24828725,-0.16216016
159648,Micro,-0.25084478,-0.10520747
159641,Micro,0.19109951,-0.33117032
27715,PVM,0.4938059,0.26894373
243607,VLMC,0.07813232,0.42460263
99402,L6 CT,-0.3104294,-0.12755233
159569,L2/3 IT,-0.10949911,0.2902946
159556,Oligo,0.22353779,0.02389538
185793,L4/5 IT,-0.3497973,0.31297076
159526,VLMC,0.22562806,0.39331627
275502,L2/3 IT,-0.4584487,0.42726552
159481,L2/3 IT,0.08590983,0.3121761
185798,Oligo,-0.43957984,-0.32872316
27808,L5 IT,0.35996348,-0.03698281
248147,L6 CT,0.343827,-0.31171536
185806,L2/3 IT,0.46542525,0.22635049
229530,Oligo,-0.012780741,-0.31805474
160168,L5 IT,0.36142957,-0.1495355
68929,Astro,0.126828,-0.1430724
215839,L5 ET,-0.4576737,0.22412103
160193,OPC,-0.39961895,0.49830973
68780,Oligo,-0.31366765,-0.30922675
160203,Endo,0.36817527,-0.37063888
185849,SMC,0.038980052,0.08793545
78846,L6 IT,-0.041729853,0.01057234
185852,L2/3 IT,0.16687255,0.27402395
275537,Micro,0.41242695,-0.33761734
159656,Oligo,0.061369047,-0.3599349
2016,Astro,0.21939789,0.03217828
240817,Peri,0.4087993,-0.02897704
78630,L2/3 IT,0.23103754,0.1998846
78633,L4/5 IT,-0.011118069,0.11568612
159979,Pvalb,-0.17987816,0.07935822
229604,L6b,0.018263742,-0.24914393
68897,L5 IT,-0.053365752,0.11744028
248170,L6 CT,-0.46527696,-0.12761652
27573,Micro,0.06910835,0.069248736
160038,L5/6 NP,0.05799441,-0.13856149
212551,Oligo,-0.40998155,-0.2737616
159905,Endo,-0.45554766,0.12514293
244701,Astro,0.42183727,-0.27643788
78665,L5 IT,0.4739442,-0.3078688
99435,L2/3 IT,-0.077748194,0.29894197
160051,Oligo,0.26828158,-0.34210333
160056,L5 IT,0.07190101,-0.01173443
58573,Oligo,-0.2912378,-0.30254382
234545,Astro,-0.22156627,-0.36808246
233117,Oligo,-0.4020919,0.02884477
27625,L6 CT,-0.43613154,-0.14902121
159748,L6 CT,-0.2566544,-0.13351575
229632,L5 IT,0.28450972,-0.04410768
78723,L4/5 IT,0.42819953,0.09755325
229569,VLMC,0.38816148,0.3517037
205783,L6 CT,0.21245824,-0.30636996
159684,L4/5 IT,0.28592044,0.11748195
229638,L6 CT,0.3391444,-0.17905405
263122,Endo,0.24161284,-0.16801825
28372,Oligo,0.20940392,-0.077139914
185872,Astro,0.046048746,-0.28415632
252838,Sst,-0.25201082,0.35659063
158928,Peri,0.10265081,0.36444837
185990,L6 CT,0.31370437,-0.23347336
263104,L5 IT,0.22905348,-0.022894863
79029,Astro,0.41245276,-0.042752538
229380,Oligo,0.015409514,-0.2980155
219411,L5 IT,-0.25624081,0.19663608
68985,Peri,0.21740173,-0.068721145
160381,L2/3 IT,-0.45583487,0.38787788
160387,L4/5 IT,0.41774094,-0.0074716546
158737,Oligo,0.21043794,-0.35620892
277514,Astro,-0.025914505,-0.16414759
28244,L6 CT,-0.21871848,0.03252512
158730,L4/5 IT,0.43993062,0.031647857
160419,L5 ET,-0.27948546,0.1799699
160424,L4/5 IT,0.25003523,0.060451027
79077,Endo,-0.37083927,0.37127936
158705,Astro,-0.24734326,0.0935688
99529,OPC,0.18915902,-0.12185666
158693,L6 CT,0.4151631,-0.39259642
160438,Oligo,-0.1879472,-0.2841444
28274,Endo,0.15601377,-0.14851445
179030,L6 IT,-0.32606405,0.03389966
13140,Astro,0.3461609,-0.39115453
68650,Astro,-0.09147893,0.29837632
2169,L5 IT,0.38658673,-0.10123232
266675,Oligo,-0.2609406,-0.25140402
2007,L6 CT,-0.031648293,-0.10063198
158995,L2/3 IT,-0.41308993,0.3764996
78974,Lamp5,0.08993356,0.36583173
159299,Oligo,0.233806,-0.32501996
68753,Pvalb,0.45293128,0.013211455
179044,Oligo,-0.23104171,-0.23179173
68959,Endo,-0.29321378,0.0011987649
78879,L6 CT,0.11019759,-0.2001434
78888,L6 CT,-0.39620966,-0.001197312
27373,L6 CT,-0.2822281,-0.056227807
78903,Astro,-0.22751035,0.41442126
275463,OPC,0.09881984,0.3176331
159177,L6 CT,-0.28062242,-0.11620799
229474,L6 CT,0.26404858,-0.3242585
266690,Endo,-0.0660335,-0.21822244
159306,Astro,-0.087392256,-0.3313896
252689,Micro,0.22108905,-0.3760006
28036,Astro,-0.36308137,-0.18896857
28040,L5/6 NP,0.36616218,-0.08258507
68712,L2/3 IT,-0.3639871,0.39961517
275557,Endo,-0.18618448,-0.17131922
229455,Astro,0.46741956,0.27899426
159108,L4/5 IT,-0.41260266,0.3000396
16559,L6b,-0.4017442,-0.18766046
160299,L6 IT,0.33164978,-0.19329572
275448,L6 CT,0.08279203,-0.22242463
159033,L2/3 IT,-0.35332358,0.40343267
185533,L2/3 IT,-0.19218151,0.3311354
159026,Oligo,-0.2829687,-0.26540643
16554,L5 IT,0.23314933,0.01341572
163526,Astro,-0.06948958,0.38664663
68329,Vip,0.4570037,0.20384836
235416,Oligo,0.08096264,-0.34065753
30080,L2/3 IT,-0.2914992,0.40320498
155323,L2/3 IT,-0.13560744,0.26208985
161455,Astro,0.2596892,-0.04149479
17803,Astro,0.45564216,-0.19705856
100087,L6 CT,-0.39347616,-0.08984518
155219,L4/5 IT,-0.27433175,0.23451692
69195,Endo,0.286305,0.046076115
205582,L5/6 NP,0.4004038,-0.07005948
80240,Oligo,-0.31414145,-0.29654124
278383,L2/3 IT,-0.22363289,0.30020386
155174,L6 CT,-0.4587195,-0.2747789
212033,Oligo,-0.11237623,-0.27786058
155131,L5 IT,-0.19815032,0.15075618
155115,L4/5 IT,0.33007556,0.095318854
16220,Astro,-0.34635922,-0.36688507
30232,L2/3 IT,-0.036942646,0.31485593
212770,Oligo,0.17528467,-0.267433
278385,Oligo,0.21361785,-0.2362715
30267,Micro,0.48705804,0.026398595
266466,Astro,-0.13026328,0.02457356
11036,L6 CT,-0.08578549,-0.11890179
187300,Endo,0.49946523,-0.22571805
154937,Oligo,0.23595034,-0.05940977
253611,L5 IT,0.38133216,-0.18869984
69205,Astro,0.19584613,0.33776766
155351,L6 IT,0.41072607,-0.34627348
229916,VLMC,0.1502773,0.41117024
155368,Oligo,-0.39162013,-0.34422785
155375,L2/3 IT,-0.01963912,0.19807386
155746,VLMC,0.21735601,0.3955844
80077,L4/5 IT,0.13171582,0.14451319
29876,L6 CT,0.4784149,-0.34645775
247905,OPC,-0.4609913,-0.028876398
212105,L6 CT,0.24956702,-0.17860436
238244,OPC,-0.06311686,-0.22603288
270320,Micro,0.05048929,0.20878273
240944,L4/5 IT,0.46192157,0.027036365
80103,Astro,-0.0987743,-0.2901688
155652,Astro,-0.2716458,-0.24686351
68056,Lamp5,0.17412727,0.28545725
155644,L6 CT,-0.4767865,-0.18589893
80304,L4/5 IT,-0.29570124,0.2564085
216047,Astro,-0.33886755,-0.21667966
212713,L4/5 IT,-0.07067226,0.16285813
187073,L6b,0.5045431,-0.4415638
155552,L6b,-0.3900381,-0.26300383
266485,Micro,0.3963359,-0.02117676
216063,L6 CT,-0.42350388,-0.20827958
80161,Astro,-0.24239014,-0.34818673
247899,Oligo,-0.12968971,-0.2956106
80175,L2/3 IT,0.31203222,0.23479879
212072,Astro,-0.18328504,-0.3620531
80182,Astro,0.07560776,-0.020953868
78117,L4/5 IT,0.4703588,0.039936837
161419,Astro,-0.1274042,-0.28480962
155604,L6 CT,0.19115464,-0.20319289
228911,Oligo,-0.1623786,-0.28676644
154882,L5 IT,0.1723917,-0.111135155
275003,L6 IT,0.4077317,-0.21611631
154434,SMC,-0.44654173,0.34142125
187471,VLMC,-0.14876725,0.46451765
80485,Peri,-0.14393516,0.08145064
185099,Oligo,0.41556835,-0.46784487
187483,L6 IT,-0.32311916,0.0037217997
16170,VLMC,0.08613573,0.42774463
211947,Endo,0.33102483,-0.3840917
253682,L5 IT,-0.19858436,0.1421318
80494,Endo,0.30971396,-0.47923195
268406,SMC,-0.40190715,0.29369563
228687,L5 IT,0.020434663,0.070418715
252398,Endo,0.033790573,0.18259299
67887,Endo,-0.21669222,0.18323296
100234,Vip,-0.0557981,0.21235096
154269,Astro,-0.43317,-0.18090218
30659,L4/5 IT,-0.30180988,0.30148524
211937,Endo,0.48736727,0.038123902
187534,L6 CT,0.23656265,-0.11209074
100241,PVM,0.30136657,-0.2610043
253699,Astro,0.027124986,0.4119559
236086,L2/3 IT,0.15516995,0.29353327
80583,L6 CT,0.052142605,-0.2208144
26542,Oligo,0.02225332,-0.15900144
244691,L4/5 IT,-0.25871214,0.21251708
30700,Micro,-0.20093815,-0.08240512
154436,Endo,0.25952625,0.06428194
154439,Astro,0.107929036,-0.085565805
236121,L5/6 NP,0.4597754,-0.09000802
274963,Astro,0.26398432,-0.09437388
240967,L2/3 IT,0.34273034,0.23833543
80329,L5/6 NP,0.06502597,-0.049317215
275001,Oligo,-0.3717482,-0.31485608
263014,Peri,0.40885496,-0.18716863
67977,L5 IT,0.48096985,-0.25274795
2493,L4/5 IT,0.26612568,0.066608906
252413,Astro,-0.21357577,-0.3445295
78010,Oligo,0.3101622,-0.40050864
238196,L6 CT,-0.4216699,0.11525422
80371,L6 IT,0.430911,-0.23976853
78008,Astro,0.41313714,0.09676683
154697,Astro,-0.13123946,-0.34379363
80325,L6 IT,-0.35667503,-0.2026262
187382,Astro,-0.17713846,0.39826238
154610,Astro,0.46234566,-0.14427036
274978,Peri,-0.37912422,0.044916626
67930,L4/5 IT,0.24276166,0.070697606
2514,L6b,0.34617788,-0.35738966
249410,Peri,0.40095747,0.015320208
67929,L6 CT,-0.45439,-0.14942083
211981,Oligo,-0.13422574,-0.23072454
161731,Peri,0.19462876,0.2553187
80454,Astro,0.028513417,0.24980241
154514,Endo,0.41527766,-0.47844833
30535,Astro,-0.38892317,-0.064891666
187447,Oligo,-0.30102414,-0.213124
154628,L4/5 IT,0.21111451,0.06183463
68327,Oligo,0.2513755,-0.15089878
99077,L5 IT,0.00066091167,0.10023117
252476,Oligo,-0.4476174,-0.34870383
156766,L6b,-0.35856444,-0.14766577
156739,Pvalb,0.45537192,0.010139521
266792,L6 IT,0.1605423,-0.15979078
160998,L6 CT,-0.22380121,-0.08273876
252532,L6 CT,0.33370537,-0.21194279
156700,L4/5 IT,-0.19252975,0.23729151
178929,L2/3 IT,-0.11857335,0.32753164
186736,Astro,-0.24160628,0.46769547
16316,L6 CT,-0.46671996,-0.14671591
99868,L2/3 IT,0.38103122,0.15184546
214667,Pvalb,-0.07420714,-0.059306774
185328,Endo,0.39574456,0.20833844
253295,Oligo,0.1055731,-0.28796348
275221,L6 IT,-0.29656285,0.09298599
185327,Oligo,-0.41142642,-0.3165173
266529,Oligo,-0.17749237,-0.2929662
252518,L2/3 IT,0.49627644,0.09100658
26973,Pvalb,-0.08817156,0.011143532
186769,L4/5 IT,0.071667895,0.17142439
156570,L5 ET,-0.21185149,-0.015849594
270312,Astro,0.13423632,0.3575818
156553,Oligo,-0.48001507,-0.35463074
156542,Oligo,0.3398955,-0.434274
156531,Oligo,0.32369018,-0.38790554
78290,L5 IT,0.41977286,-0.05537725
156788,Oligo,-0.14903133,0.004468914
27027,L6 CT,-0.45423564,-0.19436169
156820,Astro,0.22446929,0.10874951
156838,L6 IT,-0.38160953,0.11275351
186577,Astro,-0.2508784,-0.34606576
266566,Astro,0.28605115,0.14668435
79680,L2/3 IT,0.34728175,0.20826906
29223,Peri,0.24336724,-0.14052176
157011,L6 IT,0.043680653,-0.22494659
178949,Oligo,-0.30066028,-0.015276138
229089,Oligo,0.12160681,-0.26368073
160916,Micro,-0.4384859,0.41359133
229086,Sst,0.2763971,0.11658347
279952,L5 IT,-0.30605763,0.09466201
156979,Astro,-0.30762273,-0.35801083
156977,L4/5 IT,0.43236607,0.026039537
156513,Astro,0.15756033,0.32883197
156975,Astro,-0.20436494,0.4348278
253217,L5 ET,-0.2973271,0.13928783
229783,L2/3 IT,0.16972868,0.24798232
79733,L6 CT,-0.4616009,-0.24451593
58651,Oligo,-0.035677955,-0.28274742
8642,L6 CT,-0.39360982,-0.06981644
2301,PVM,0.15575723,0.028097805
156903,L4/5 IT,0.2935205,0.05733573
29316,L2/3 IT,-0.45952976,0.3823284
252554,Oligo,0.3962286,-0.45835376
186654,L6b,-0.20347403,-0.20397493
79755,VLMC,0.1325535,0.07337475
240779,L5/6 NP,-0.22050326,-0.042837504
253211,L2/3 IT,0.33669865,0.14928102
275150,Oligo,-0.399925,-0.35683447
205822,L6 CT,-0.3478883,0.03385335
161078,L2/3 IT,-0.022056118,0.25415087
99938,Endo,0.11358212,0.0909065
212133,Oligo,0.14426093,-0.232243
205613,Vip,-0.33286595,0.40617144
2383,Lamp5,0.22680591,0.34654558
29688,L6 IT,0.22629522,-0.2763173
80009,Oligo,0.49064082,-0.32964358
155997,Sst,0.14422219,0.3089121
26863,L6 CT,-0.27958146,-0.1505208
16269,L6 CT,-0.45510316,-0.116419256
80024,L5/6 NP,-0.46500778,0.20766616
155964,L5 IT,-0.117237374,0.10120827
186960,L6 IT,0.2619508,-0.29000705
247924,PVM,0.3840716,0.27974343
155929,Astro,-0.047492698,-0.2877125
186979,L6 IT,-0.40335792,0.07357329
155887,Micro,-0.106724456,0.30118442
161293,L5/6 NP,0.08287756,-0.0018796064
2401,Astro,-0.20823674,-0.01629642
26824,Oligo,0.3154087,-0.26928842
29786,Micro,-0.4038697,0.42874557
161310,L5 IT,-0.09458487,0.09974766
80057,PVM,-0.32730722,-0.049741212
155850,L4/5 IT,-0.44815898,0.312683
29792,L2/3 IT,0.47208226,0.21558768
26810,Endo,0.17671238,0.21124256
161195,Astro,-0.123902395,0.39076287
68141,L6 IT,-0.04407938,-0.12501994
234987,Pvalb,-0.12938125,-0.14204928
266504,Pvalb,0.1971256,0.08451772
156485,Micro,0.093395874,0.07536411
156474,L2/3 IT,0.27911878,0.21145034
156460,Oligo,-0.1724134,-0.22245455
156459,L6 CT,0.048107788,-0.14688635
58666,Pvalb,-0.17522435,-0.07172203
186823,Lamp5,-0.34912312,-0.10532448
212688,L4/5 IT,0.078421935,0.17951202
186837,L2/3 IT,-0.3288914,0.32990843
156394,Oligo,-0.010745332,-0.28657147
229000,L6 IT,-0.23526718,0.09606719
229849,Pvalb,0.420731,-0.15260127
228998,L6 CT,0.020577773,-0.23996007
219516,L6 CT,-0.0006347145,-0.11831659
253354,SMC,0.3585065,0.32404947
58222,OPC,-0.09004642,-0.09869933
68198,L5 IT,-0.20753111,0.15562958
156292,Sst,-0.3498059,0.19472814
99913,Astro,0.0037534093,0.21687865
26895,Micro,-0.16772164,0.14885288
216015,L6 CT,-0.3609494,-0.01638702
29610,Oligo,0.49436474,-0.3638298
29614,Micro,-0.08428092,-0.36440057
156232,L6 CT,-0.46537888,-0.08764595
156226,Astro,0.4111017,0.28715163
99926,Lamp5,0.14037131,0.36513996
68161,Oligo,-0.029155985,-0.21275344
229853,Endo,0.40135437,0.26129258
241474,L4/5 IT,-0.289769,0.2517717
3229,L6 CT,0.18402813,-0.18295848
163542,Pvalb,0.3858502,0.15982455
141355,Astro,-0.3152058,-0.12785646
277674,Oligo,0.33783185,-0.39299354
102296,L5 IT,-0.12765108,0.11264253
215412,L6 CT,-0.44707015,-0.027717892
248531,Astro,0.48692763,0.27033776
191814,L6 CT,-0.20281546,-0.13720247
141308,L6 CT,-0.32431233,-0.09282386
178291,L6 IT,-0.047298,-0.20282403
165920,L2/3 IT,0.024481818,0.2163921
70033,L6 CT,-0.34829918,-0.07608825
57124,Micro,0.04184775,-0.274332
85028,PVM,0.4189489,0.32544637
226228,Astro,0.39607292,-0.1368171
165964,L6b,0.4303627,-0.40030318
16939,L5 IT,0.23768209,-0.12940764
24426,Oligo,-0.37647974,-0.36948845
277997,Astro,0.2051035,0.37685233
141100,L6 IT,-0.13643004,0.01797795
141089,L2/3 IT,-0.02825971,0.29649705
37384,L5 IT,-0.1958374,0.1415878
37395,L6 CT,0.40474218,-0.3298568
37408,Oligo,-0.33477145,-0.34917676
37415,L5/6 NP,-0.49303344,0.22419858
65657,Peri,0.13649063,-0.25717467
251623,L5 IT,0.30839247,-0.120645255
4049,Astro,0.028150603,-0.14818397
166059,L5 ET,-0.23985,0.15127105
141401,L5 IT,-0.3509894,0.15118158
84949,Endo,-0.15835188,-0.24631697
24514,L2/3 IT,0.40919888,0.21707994
37051,L6 IT,-0.4113595,0.06049597
178304,L6 CT,-0.2654143,-0.11351919
276076,Astro,-0.12217195,0.3944174
141598,PVM,-0.2939154,0.45166993
57155,VLMC,0.27773738,0.38635516
178301,L6 CT,0.13852362,-0.24408609
141561,Oligo,-0.2218274,-0.3034241
165851,L6b,-0.047404483,-0.23161003
269044,L5 IT,0.33691078,-0.0067356266
233787,Endo,-0.49169964,0.24391562
226338,L6 CT,-0.42223436,0.03816366
15496,L6b,0.08523135,-0.2822084
141511,L2/3 IT,-0.3005613,0.3319803
210485,Micro,-0.17804284,0.42677486
141500,L5 IT,-0.30545178,0.18902183
141485,Oligo,-0.15182348,-0.11507526
251663,Endo,0.31617647,0.29535955
165876,L6 IT,0.2869138,-0.17759103
24485,L5 IT,0.050596878,0.0927546
141445,L5 IT,0.3272143,-0.02549911
248514,L4/5 IT,-0.44915587,0.32147253
65720,L6 CT,-0.46311194,-0.28741765
262630,L2/3 IT,-0.35048276,0.41510963
243972,VLMC,0.0039948975,0.4034329
210469,L4/5 IT,0.18591242,0.14816558
140959,L6 CT,0.10736887,-0.25662225
13299,PVM,0.08673458,-0.15963313
166062,Peri,-0.14216192,-0.0024623908
8304,Astro,0.15434031,-0.22928071
242923,Astro,0.31394506,0.33780402
230856,L6 CT,-0.030995086,-0.070670664
85291,L6b,0.38786513,-0.3793522
166191,L6 IT,0.3174175,-0.29374278
65561,Endo,-0.23060526,0.43218398
210383,Oligo,-0.2577489,-0.32338798
37659,Astro,0.37718737,0.30853754
178222,L6 IT,0.40066785,-0.25894246
269076,Pvalb,0.43275547,-0.10450521
65549,L5 IT,0.31559265,-0.10944098
219201,L6 CT,-0.46332574,-0.03996021
85347,Endo,0.20599787,0.0060897134
85361,L6 CT,0.4556653,-0.27432567
37690,Endo,0.341797,-0.39482063
102492,Oligo,0.09619634,-0.10913965
192158,Astro,0.47591078,0.29340225
210363,L4/5 IT,0.33332914,0.09140444
183556,Astro,-0.018474475,0.18190241
37735,PVM,0.10746513,-0.021292869
256124,Astro,-0.42182612,0.019406822
65538,Lamp5,-0.04383789,0.3270253
251574,L4/5 IT,0.33894002,0.024374481
15420,L6 CT,0.2265176,-0.30051512
140280,Astro,-0.4245653,-0.29968852
166170,Oligo,-0.29163957,-0.18991983
4118,Astro,-0.43088934,-0.090018004
15443,Astro,-0.20692499,-0.3372727
230834,L6b,-0.06790434,-0.23041654
210431,L4/5 IT,-0.30344355,0.24549383
102369,L5 IT,-0.08753209,-0.053333674
1438,Peri,0.49309438,0.27348512
37455,L2/3 IT,-0.12623791,0.24172693
85133,L6 CT,0.07524739,-0.21567246
239322,SMC,-0.3479125,0.30854213
59080,Oligo,-0.008051887,-0.37813377
140856,PVM,0.119411096,-0.30050367
85147,Oligo,-0.10733114,-0.29570323
191959,Endo,-0.43835628,0.17796779
140839,Oligo,0.003492311,-0.26797915
76556,Oligo,-0.10542454,-0.16143897
37026,Pvalb,-0.45197946,0.4282202
216927,L5 IT,-0.28066653,0.1258921
140756,L2/3 IT,0.07077323,0.3097821
219806,Astro,-0.23249654,-0.36562836
37539,L2/3 IT,0.10034971,0.2913887
251609,L6 IT,0.20166056,-0.12215155
166129,Micro,-0.38487953,0.3448664
239060,OPC,-0.167581,-0.103075236
37568,Astro,0.06439619,0.3775009
178240,Pvalb,-0.37297794,0.0660404
140635,L6 CT,0.11088465,-0.22045419
279646,L4/5 IT,-0.015345916,0.12597674
140629,OPC,0.4887643,-0.16496655
140615,Endo,-0.24536891,0.4654686
206121,Oligo,0.11483823,-0.35434657
262637,L6b,-0.38544586,-0.22361264
102250,Oligo,0.24958585,0.09106636
84832,OPC,-0.40945017,0.18972385
165508,Lamp5,0.33935225,-0.31760782
65973,L2/3 IT,0.3872832,0.19300312
142752,L6 CT,-0.3661865,0.024233337
238590,L2/3 IT,0.36448687,0.25699258
191393,L4/5 IT,-0.08703269,0.18742633
241350,L6 CT,-0.4326803,-0.16982493
210623,L5 IT,-0.42893326,0.21527785
142698,PVM,-0.35373312,-0.04026452
142638,L5 IT,-0.40252727,0.21722686
84585,Oligo,-0.3933799,-0.14343774
191405,Lamp5,0.004807547,0.343655
204939,OPC,-0.47667783,0.18681598
165546,Astro,0.2661593,0.33932912
267081,VLMC,0.13368993,0.4122193
142599,L6b,-0.21373846,-0.20156837
65939,Astro,0.07431804,0.07721788
142575,L6 CT,-0.15837394,-0.10218671
142570,Endo,-0.22663529,-0.06353399
210600,L6 CT,0.3922326,-0.31043
36644,PVM,0.24026184,-0.3222838
206069,L5/6 NP,-0.16207232,-0.055859182
36669,L6 CT,-0.12138106,-0.2046231
191466,L6 IT,0.38557053,-0.3313048
24655,Oligo,-0.42496437,0.08158976
255792,L6 IT,0.20509838,-0.28364715
142779,VLMC,0.17469119,0.40238774
76724,Pvalb,0.2345501,0.25228465
183805,Pvalb,0.2141215,-0.026034895
11648,VLMC,0.28460735,0.37947547
3796,L4/5 IT,0.3039775,0.025716003
143159,L6 CT,0.4571457,-0.25443652
143138,OPC,-0.33883262,0.214926
24791,Micro,0.18650536,0.12160689
66036,L2/3 IT,0.25169927,0.23793572
191284,L6 IT,0.09702943,-0.094554245
17665,L2/3 IT,-0.04993309,0.26589108
143074,Oligo,0.18513016,-0.32962862
183852,Astro,0.23959003,-0.35106176
143062,L6 CT,-0.32306778,-0.01813433
36407,Oligo,-0.483384,-0.33606482
143025,Oligo,-0.046540722,0.25585222
279693,PVM,0.123825595,-0.02533025
191294,L6 IT,-0.4186153,0.10561025
3822,L2/3 IT,0.023189947,0.20679057
36456,L6 IT,0.26483166,-0.114756584
216792,Peri,-0.40203863,-0.04444057
142955,L4/5 IT,0.0772274,0.1060698
102048,L5 ET,-0.07331003,0.09363186
84484,OPC,0.05374126,-0.23349711
234873,Astro,0.2144606,0.14196283
142888,Endo,0.38115466,-0.02369127
84508,Astro,0.30387688,0.05891865
226607,Oligo,0.028594062,-0.26152286
65980,L6 CT,-0.4134422,-0.12701923
142813,L2/3 IT,0.4133458,0.25883824
84446,Oligo,0.14113508,-0.31241783
140253,Oligo,-0.046669528,-0.15554237
84650,OPC,-0.38842648,0.14102554
265688,L2/3 IT,0.16940247,0.16685498
230748,Lamp5,0.28358328,0.34001493
84772,Astro,-0.25901788,0.29057503
191623,L2/3 IT,-0.15946223,0.36198574
142015,L6 CT,-0.48081937,-0.21749139
276049,L4/5 IT,-0.21372421,0.2048465
276064,Lamp5,0.13282107,-0.07934213
247048,Astro,0.15295325,-0.26176965
36893,Pvalb,0.4069994,0.07113612
141964,L6 IT,0.1665958,-0.11906305
210534,Oligo,-0.0017345692,-0.20176917
141945,L5 IT,-0.000728562,0.0966503
204917,Micro,0.4750976,-0.23977876
237669,Endo,0.37409973,-0.29669213
3968,L4/5 IT,0.5016189,-0.008547429
76672,Vip,-0.28978246,0.23441058
237664,L5/6 NP,-0.3835632,0.15752661
36950,L5 ET,-0.49317974,0.2069804
3979,L6 CT,-0.10359807,-0.13562906
276070,Oligo,0.13834666,-0.34769082
216861,Astro,-0.35439733,-0.37979898
226425,Astro,-0.45844764,0.34239018
213240,Oligo,-0.12071927,-0.32950386
102245,Astro,-0.21633564,0.30436397
65780,Oligo,0.20834874,-0.32435304
24534,Oligo,-0.16133307,-0.2805882
98381,Oligo,-0.29151505,-0.29079336
273867,Micro,-0.21960185,-0.16013744
142061,L5 IT,-0.077056274,0.010194328
84768,Oligo,0.40182984,-0.45400444
241356,L2/3 IT,0.25614685,0.28854918
142406,L6 CT,-0.009525284,-0.23847997
142388,L2/3 IT,0.18085067,0.17539936
57203,Pvalb,-0.17722131,0.33669674
215413,L6b,0.29511058,-0.33941206
142363,L2/3 IT,0.44854796,0.17095011
255800,L6b,-0.09002142,-0.23090708
165615,Astro,0.20120369,0.007807996
183773,Oligo,0.10508822,-0.30366543
216840,L6 CT,-0.48979115,-0.19384477
142302,L5/6 NP,-0.13019527,-0.046992395
36755,L6 CT,-0.40481088,-0.16318056
216837,Pvalb,-0.08954166,0.17077476
3913,Oligo,0.19294427,-0.23609883
142211,Astro,0.10860269,0.33770883
226514,L6 CT,0.24584125,-0.30869806
255831,L6 CT,-0.46104586,-0.18789443
142179,Micro,-0.048247263,0.24277163
179420,Oligo,-0.43563163,-0.3853429
36801,L5 IT,-0.4629767,0.18088764
142139,L2/3 IT,-0.16344754,0.3596329
76687,L6 CT,-0.4513943,0.047713514
226492,OPC,-0.37372768,0.35981524
210561,Astro,0.4925719,-0.434057
3930,Oligo,0.18762217,-0.3607358
210540,Astro,0.28530598,0.32027084
262655,L6 CT,0.30609357,-0.20462036
102523,Oligo,0.22587948,-0.35937825
140245,Oligo,-0.36795706,-0.33583018
140238,Oligo,-0.3281395,-0.31822973
102828,L4/5 IT,-0.18674515,0.16874212
183387,Peri,-0.060064957,-0.12010789
86072,Peri,0.436225,0.25188917
102831,L5 IT,-0.37064725,0.18605822
138378,L6 IT,-0.12945522,-0.05421636
102832,L5/6 NP,-0.05232103,-0.06384146
38808,L6 CT,-0.09469004,-0.07531574
230949,L6b,-0.079157844,-0.2327159
273539,L4/5 IT,0.47082263,0.009363022
23934,PVM,0.14171104,-0.16826695
166855,Endo,-0.25158808,0.1738438
86123,L2/3 IT,0.0011745249,0.31745923
76307,Peri,0.016559646,-0.1851416
86147,Endo,-0.1328306,0.3849398
210125,L6b,-0.4146467,-0.17392385
86160,L6 CT,-0.2709617,0.012587693
273528,Endo,-0.118502066,-0.29088742
192966,L5 IT,0.21953045,-0.0015790798
4425,Oligo,0.3470053,-0.0021984018
65213,Oligo,0.49865252,-0.047979508
225778,Peri,0.33335578,-0.3161013
23897,Pvalb,0.18527941,-0.24348283
278122,Oligo,-0.23080803,-0.22179335
138178,Oligo,0.49002498,-0.39980447
225768,L2/3 IT,-0.08162968,0.33589756
38759,Sst,-0.4165541,0.098045945
210166,Oligo,0.2464721,-0.36439788
225840,Lamp5,0.2545573,-0.2290642
38732,L6 CT,-0.3249147,-0.13026258
234572,Lamp5,0.43576598,0.27154136
256427,VLMC,0.41388178,0.34184766
192791,OPC,0.32264036,-0.0956215
38655,L2/3 IT,0.3219791,0.2603252
242904,Oligo,-0.33232087,-0.00988454
225867,Endo,-0.3297307,0.2758237
192807,L6 CT,-0.45506495,-0.13249657
138649,Oligo,-0.4867476,-0.36843258
138645,L4/5 IT,0.41393125,0.0324555
166754,Micro,0.21990018,-0.2831152
138634,L4/5 IT,0.46073002,0.0050387643
267170,Pvalb,0.10452889,0.12851155
183361,Astro,-0.17876567,-0.0473612
76335,Oligo,0.3660046,-0.40306664
65300,Pvalb,-0.117250815,0.016233739
240066,Oligo,0.35602254,-0.40419686
210173,Oligo,-0.40657791,-0.3394919
192863,L2/3 IT,0.2583694,0.13972992
183402,L2/3 IT,0.46971095,0.12750804
269150,Oligo,0.19674455,-0.33308828
56917,Astro,-0.24499376,-0.3527887
86001,PVM,-0.1432411,-0.10866448
86009,Endo,0.49887604,-0.31270054
279611,L2/3 IT,0.19524346,0.24715203
76330,L5 IT,-0.44996125,0.2828164
38728,L4/5 IT,-0.40402082,0.28096533
65301,L6 CT,0.2071666,-0.21619686
76343,L2/3 IT,-0.035046265,0.3348503
102874,Astro,-0.1931972,0.41611964
65196,Sst,-0.15495874,0.093663156
210084,L2/3 IT,-0.15615003,0.3009411
193109,L6 IT,0.4080369,-0.23342127
215341,Lamp5,-0.35136127,0.47849566
72542,Micro,-0.021453753,-0.0032856204
183301,Oligo,0.06350528,-0.31072378
183299,L6 CT,-0.35500103,-0.11460051
193140,L2/3 IT,0.40793043,0.26140213
273480,Oligo,0.43217087,-0.42897055
246840,Pvalb,-0.019294098,-0.058118854
213396,L2/3 IT,-0.43289867,0.3971755
76219,Endo,0.22418319,-0.124822736
137661,Astro,-0.38529527,0.19950628
210080,Oligo,-0.2584349,-0.2539832
39219,L6 CT,-0.115126416,-0.18777809
76217,Astro,-0.41409487,-0.33071357
193150,Oligo,-0.25230014,-0.20170966
167074,L2/3 IT,0.049555644,0.24477541
137608,L6 IT,0.024968311,-0.21694994
56855,Oligo,-0.4032283,-0.38052127
10098,L6 CT,-0.2787368,-0.12617671
102940,L5/6 NP,0.15969925,-0.10616487
244032,L5/6 NP,-0.25887457,0.030222472
23799,Astro,-0.14375766,-0.032639477
86362,L5/6 NP,-0.26744026,0.17415506
240541,L6 CT,-0.4901418,-0.20876545
98132,Pvalb,0.21528672,-0.14173943
137771,VLMC,0.154325,0.40484464
39112,L4/5 IT,0.47709262,0.004281368
76258,Oligo,0.23614447,-0.35576534
65184,PVM,0.17018662,0.1175887
265359,L2/3 IT,-0.4903607,0.37445486
23883,L6 IT,-0.19837354,-0.076502085
210102,Oligo,-0.4565698,-0.33444172
65170,Micro,-0.23187052,-0.11733517
10132,L2/3 IT,0.34842837,0.17986226
277685,L2/3 IT,-0.45995703,0.41248494
219854,L6 CT,-0.48053515,-0.1785123
137998,L4/5 IT,0.24060093,0.13199234
193025,Astro,0.21711586,0.10441995
193028,L6 IT,-0.1752819,0.054336008
39022,L2/3 IT,-0.14608242,0.2733817
265361,VLMC,0.1363406,0.41077238
193033,Oligo,-0.12630488,-0.23791286
204739,VLMC,0.18826596,0.40221584
86251,Oligo,0.2725734,-0.36871883
102885,Oligo,-0.066315845,-0.33127397
193045,Oligo,-0.39449936,-0.24271357
76274,L6b,0.4886043,-0.41766015
86277,OPC,-0.38436,-0.0894182
4452,Endo,0.12521051,-0.088808656
235587,Astro,0.12221371,-0.35651526
39075,Micro,-0.28352833,-0.34054556
18182,Endo,0.01739733,0.16323966
65130,L6 IT,-0.4191733,0.14598858
137818,Oligo,-0.31995645,-0.2609123
270513,Oligo,0.039873406,0.0927853
59017,Endo,-0.33848917,-0.33046007
65350,L6 CT,-0.225028,-0.14236733
244007,L6 IT,0.3104204,-0.1732091
139850,Oligo,0.25740188,-0.36361414
204808,Sncg,-0.40614522,-0.0046766438
179463,L5 ET,0.0867136,0.007607784
1415,Peri,-0.10406007,-0.3523401
85518,L2/3 IT,-0.3347591,0.37957186
37993,L4/5 IT,0.37870216,0.054402705
249499,Vip,0.025130436,-0.2493558
139799,Pvalb,-0.22242142,0.34609687
166381,Oligo,0.36079437,-0.40014315
139773,L2/3 IT,0.34771872,0.25850224
178146,Astro,-0.2608086,-0.3107341
226052,L5 IT,0.39560527,-0.08140975
206147,Astro,0.28295004,-0.19849607
102636,L5 IT,0.31696898,-0.2005879
139658,Lamp5,-0.2835759,0.4099608
166419,L5 IT,0.20145242,-0.19284785
85575,L4/5 IT,0.25472265,0.17059982
265523,Lamp5,-0.024901763,0.37548912
192418,Astro,-0.22964443,-0.37181425
139609,Endo,-0.030767605,-0.037374828
210295,L2/3 IT,-0.23172127,0.37901634
192458,Endo,-0.11345969,-0.02872694
243107,Endo,0.354522,0.021427508
18149,VLMC,0.4023158,0.34637225
24173,L2/3 IT,0.29214984,0.21374154
15400,L2/3 IT,-0.35167673,0.36148584
235564,L6 CT,-0.4197926,-0.16892728
15404,PVM,0.12599061,-0.039636556
166329,L4/5 IT,-0.00357826,0.19021863
256152,L5 IT,0.012587771,0.08637154
166271,L2/3 IT,0.029791519,0.22763771
240570,L2/3 IT,-0.20932828,0.3268537
219196,Oligo,-0.007066592,-0.078273416
140203,Oligo,-0.39971578,-0.3417616
140169,Oligo,-0.32272008,-0.2947536
10234,Astro,-0.42607254,0.1754806
4159,L4/5 IT,0.48443156,-0.013088468
265552,L2/3 IT,0.008367166,0.22402167
10231,Oligo,-0.1563041,0.035832938
65500,L4/5 IT,0.42458963,0.029991444
24297,Endo,0.07788788,-0.096334994
38204,L6 CT,-0.12055336,-0.10908082
270476,VLMC,-0.05018936,0.42371255
72513,Lamp5,0.30314517,0.35967016
8291,Endo,0.38160563,-0.0023775436
166314,VLMC,-0.018529847,0.4069252
140042,L2/3 IT,-0.29041922,0.3838799
37892,Pvalb,0.49405706,0.18625534
37896,Astro,0.4538284,0.25446248
85454,Astro,-0.32604063,-0.3775581
139985,L2/3 IT,-0.14981495,0.35101885
57003,Astro,0.09060024,0.3567379
85476,L5 ET,-0.24103616,0.0242027
256188,Oligo,-0.2576959,-0.33729813
246958,L2/3 IT,0.32881814,0.23748267
256166,L5 IT,0.22902523,-0.066981375
268244,L6 CT,-0.48434913,0.06397605
166481,Astro,0.17298792,0.14354157
265510,L6 IT,0.31963795,-0.21761492
256378,Oligo,-0.086242095,-0.2934003
139193,Micro,0.14262675,0.38468874
233843,L6 IT,-0.2333092,-0.10845742
139134,L2/3 IT,-0.09791322,0.29803288
139033,L6 IT,-0.26581144,-0.119807065
24086,L4/5 IT,0.27124178,0.06273121
38505,L6 CT,0.45779806,-0.23024458
192654,L2/3 IT,0.25541645,0.26226944
192658,Oligo,-0.06696205,-0.17180389
246921,Endo,0.27379268,0.1273582
166649,Astro,-0.034548238,0.16358721
138930,Astro,0.17320113,-0.37058607
269130,Endo,-0.098269,-0.10292086
65362,L2/3 IT,0.2658522,0.251742
85831,Astro,0.3605817,-0.3152852
251516,L5 IT,-0.24803789,0.18715727
262562,L6 IT,0.1952338,-0.15602186
256411,Oligo,-0.41729978,-0.034062807
246919,OPC,-0.3087258,0.350361
138861,L5 IT,-0.009618863,0.099905014
138851,Astro,-0.075482324,-0.020530168
138849,Astro,-0.212765,-0.12033847
192723,L6 CT,-0.4080107,-0.005921636
225889,L5 ET,-0.108574316,0.09364593
246904,L2/3 IT,-0.49076867,0.3646034
139203,L5 IT,0.2374479,-0.19498017
139207,L6 CT,0.15733682,-0.24870166
38425,L5 ET,0.47281826,-0.17385319
139236,Oligo,-0.36496943,-0.3627447
225999,L2/3 IT,0.42558193,0.1879934
235569,Astro,0.3963303,0.19315207
216978,Oligo,-0.29008013,-0.09951356
213332,L6 CT,-0.46184725,-0.12298581
166514,L4/5 IT,-0.22290413,0.2315355
251528,PVM,0.17385863,0.11402923
139388,L6 CT,-0.26464948,-0.040229592
225971,Oligo,0.34842515,-0.30182812
70122,Oligo,-0.03668882,-0.2625338
24145,L2/3 IT,0.16101854,0.27604687
204782,Astro,-0.23794447,-0.31057128
139362,Micro,-0.30484,0.30891877
4237,Oligo,-0.26515907,-0.30327207
256344,L4/5 IT,0.37475502,0.024238225
139325,L6b,-0.24921168,-0.1911549
38373,Oligo,0.4508055,-0.47826725
225960,L4/5 IT,-0.47943178,0.28030723
166547,Oligo,-0.3046176,-0.23360348
183461,Oligo,-0.34551215,-0.30660093
240552,L6 CT,-0.41528723,-0.19961041
8283,Astro,-0.19830765,0.1271202
225942,L6 CT,0.17951714,-0.17782524
139261,Astro,0.32949203,0.31445736
139258,VLMC,-0.29790848,0.4953072
139248,Astro,0.06521128,-0.19187087
192585,L2/3 IT,0.08487396,0.1763717
183469,Astro,0.21738748,-0.35812533
84378,L5/6 NP,0.25231642,-0.18680242
226671,L6 CT,0.46255326,-0.32925877
143185,L2/3 IT,0.2978269,0.2948777
254988,L4/5 IT,0.32951647,0.037410613
83092,SMC,0.37714195,-0.07410976
77208,L4/5 IT,0.14679138,0.2445212
101394,L6 IT,0.113178775,-0.12444267
164113,L6 IT,0.3712589,-0.22297263
146903,Micro,0.14396511,0.060190257
83107,L5 IT,0.057705864,0.054821905
241219,L6 CT,-0.46523905,-0.341631
274300,Astro,-0.4648857,-0.29269433
146873,Endo,0.3171599,-0.074970245
247360,VLMC,-0.16972937,0.46815056
34611,L2/3 IT,0.31575668,0.17706299
57450,Peri,-0.0061461176,0.21661103
146837,Oligo,-0.2319891,-0.23424569
146818,L2/3 IT,0.50311273,0.011728313
77,L6 CT,-0.4036887,-0.12598449
101406,Astro,-0.10594864,0.26437604
205170,L4/5 IT,-0.22273605,0.22222733
164147,L4/5 IT,0.41572464,-0.023618255
146800,L2/3 IT,-0.23954074,0.33719635
216565,Astro,0.27311772,0.32632893
219718,L5/6 NP,-0.48521936,0.23399836
34681,Oligo,-0.4733702,-0.36992487
255049,VLMC,0.4218467,0.33955884
274293,Pvalb,-0.43694502,0.3717242
237873,L4/5 IT,0.21081518,0.08454704
146952,Endo,0.38506818,-0.36191094
146953,Micro,0.2791844,-0.29575178
57466,L4/5 IT,-0.27832025,0.2716506
211169,VLMC,0.5020414,0.31020248
205192,L4/5 IT,0.041748807,0.15225995
101340,Oligo,-0.21847753,-0.3116678
189842,L4/5 IT,-0.33986765,0.26312876
189846,L5 ET,-0.3161403,0.04138541
147219,Oligo,-0.20490302,-0.3229883
147201,Micro,-0.3543535,0.12063891
34480,L2/3 IT,0.07180743,0.24620837
189878,L6 CT,0.33866495,-0.30973107
34482,OPC,0.14744727,-0.06289062
189898,L5 IT,0.30353594,-0.085563004
211144,L2/3 IT,-0.066394374,0.25991553
262767,L5 IT,0.3719027,-0.14923146
249442,L6b,0.47250092,-0.42892164
164059,L2/3 IT,0.36331654,0.12820065
147074,L4/5 IT,0.012205943,0.1782201
58938,L2/3 IT,0.46709633,0.18687743
164066,L4/5 IT,-0.42813647,0.28280717
211139,L2/3 IT,0.21668236,0.29760015
189931,L5 IT,0.42936987,-0.21376976
270428,VLMC,0.24446385,0.388964
83040,L6 IT,-0.058863178,-0.116760254
243859,L4/5 IT,0.29847658,0.13422376
189935,Astro,-0.0335678,-0.2264283
243531,Oligo,-0.19433524,-0.28277236
57467,L2/3 IT,0.14193295,0.2520783
164058,L5 IT,-0.33171016,0.17675173
184384,Pvalb,-0.00024668826,0.19953257
255057,L4/5 IT,-0.050714,0.16399801
190067,L2/3 IT,-0.17828216,0.35633737
190187,L2/3 IT,-0.21353434,0.28933275
164273,Oligo,0.2304946,-0.35460213
146387,L2/3 IT,0.17616509,0.25285202
227257,Oligo,-0.14916472,-0.29413292
11139,L2/3 IT,0.25734675,0.18309468
146358,L2/3 IT,-0.18503137,0.32336962
215511,Oligo,-0.21359353,-0.2972108
146316,L6 CT,-0.3410197,-0.09473753
146307,L6 CT,0.27447736,-0.27445662
184225,SMC,-0.12453811,0.4506768
3476,L5 IT,-0.12755103,0.13792545
235308,Oligo,-0.014354691,-0.32358575
146268,Astro,-0.343363,0.06788194
69762,VLMC,0.43325782,0.33558095
3485,L2/3 IT,0.24977116,0.28835195
66524,L4/5 IT,-0.47310504,0.3144834
3492,L2/3 IT,0.17514215,0.18190491
77096,Endo,0.36458904,0.2214508
211045,L4/5 IT,0.25016457,0.15270668
77094,SMC,0.337461,0.10107881
12210,Vip,-0.24646337,0.28429848
235510,Pvalb,0.07682137,-0.19388202
77080,L6 CT,0.4897297,-0.29014093
146104,Endo,0.28722465,0.16569
242959,Pvalb,0.055493817,0.22627163
25345,L6 IT,0.47151804,-0.2924543
146398,L6 IT,-0.43492654,0.071964145
190178,Endo,-0.08411445,0.1020512
230464,L6 IT,-0.42376447,-0.06219134
216570,L6 CT,0.1692562,-0.19109458
25387,L6 CT,0.14992557,-0.10023531
237858,Oligo,0.08823542,0.03996479
83221,Oligo,-0.33149368,-0.24890733
146606,Oligo,-0.28515846,-0.17486647
146601,Endo,-0.27758908,0.4362284
25384,L4/5 IT,-0.03631018,0.1349312
34728,Astro,-0.40136233,0.51472443
146575,Oligo,0.13805811,-0.361032
66576,L4/5 IT,-0.43896294,0.32769376
213037,L4/5 IT,-0.3085537,0.26282126
190125,Astro,0.39215916,0.2936359
146671,Oligo,0.14090084,-0.34973717
34735,L6 CT,-0.053855464,-0.1829614
255072,Oligo,0.38247663,-0.21011528
234476,L2/3 IT,0.14588325,0.30054224
213044,L2/3 IT,-0.26671016,0.39001632
190139,Micro,-0.13019122,0.21715367
146472,L4/5 IT,0.344445,0.035764452
184268,Pvalb,0.41459435,0.06256831
83260,Endo,0.3299231,-0.119350016
146448,Oligo,0.3235832,-0.37138915
227265,Astro,-0.31028363,0.1301865
146430,L6 IT,-0.47987443,0.17536527
247321,Astro,0.12958948,-0.17814514
184250,Oligo,0.4498253,-0.46891755
83236,Micro,0.032672927,0.016414668
66495,L5/6 NP,0.38680887,-0.13568068
254896,PVM,0.027158067,0.33835125
247391,Endo,-0.06941293,0.32361788
57590,L2/3 IT,-0.20826204,0.32326323
58896,Oligo,-0.19460605,-0.12769875
11109,L6 CT,0.09271602,-0.13214377
189508,L2/3 IT,-0.24939214,0.385646
216481,L4/5 IT,0.42145061,0.039805647
33890,SMC,0.45009238,0.33197206
189516,L6 CT,-0.46628997,-0.003309045
82549,Astro,-0.46532673,0.21369141
205961,L2/3 IT,0.23506854,0.22321832
270403,L4/5 IT,-0.43130884,0.29376888
69587,L6 CT,-0.082352266,-0.11910474
101171,Endo,-0.3163826,0.12786901
10561,Endo,0.38379538,0.03048801
58909,Astro,-0.31113392,-0.04939643
227614,Astro,0.20126985,-0.13427028
3303,L4/5 IT,0.40422857,0.0622493
237924,Oligo,0.030236349,-0.32829916
268790,Micro,0.45922142,-0.13736638
148182,L2/3 IT,0.12343727,0.16787487
148169,L4/5 IT,0.4340371,0.06696057
25637,PVM,0.2527811,-0.31735957
230361,Astro,-0.17905529,-0.36250106
82637,Oligo,-0.18498404,-0.2801416
57558,L4/5 IT,-0.20650898,0.17355627
216494,L6 IT,-0.47430977,0.036422428
242535,L2/3 IT,-0.34742358,0.41354442
189485,OPC,-0.25755957,-0.2712373
189482,Oligo,0.2861095,-0.26993755
266069,L5 IT,0.016457424,-0.030476037
3236,L5 ET,-0.048799887,0.079054594
189364,OPC,0.39583492,0.28825074
148840,L2/3 IT,-0.26532608,0.29809868
3240,PVM,0.27662033,-0.30621368
163566,L5 IT,-0.40939504,0.17348254
66959,L2/3 IT,0.32878232,0.18618792
15844,L6 CT,-0.25513262,-0.060216222
227717,L5/6 NP,-0.38459662,0.059425827
275886,Astro,-0.2517271,-0.3152297
148687,Micro,0.24124335,-0.24658859
33719,L4/5 IT,0.31651044,0.09050375
33739,Endo,-0.22898965,0.45906782
25621,Lamp5,0.18043195,0.37305468
82445,L5 IT,-0.029268667,-0.06366086
189433,L2/3 IT,0.40866268,0.19464624
274449,PVM,0.09772347,-0.03926373
82450,L6 CT,0.0687577,-0.18661946
184484,Oligo,0.22512548,-0.3522302
254618,L5 ET,-0.26196492,0.18222731
33780,L6b,-0.40342194,-0.24548271
148554,L6 CT,-0.41557336,-0.12265223
66936,L4/5 IT,0.29306924,0.024922546
66924,Pvalb,-0.33923033,0.064902365
33811,Astro,0.064140186,0.2490086
247452,Oligo,-0.10679276,-0.2810435
82506,L5 IT,-0.2523921,0.21063924
148619,Oligo,0.28617024,-0.39290288
34415,L4/5 IT,0.40405136,0.027152117
189595,VLMC,0.43820256,0.33557624
178585,L2/3 IT,0.49559122,0.21841091
178548,L2/3 IT,-0.36028868,0.3967331
189730,L5 IT,-0.17801891,0.14482087
214622,L6 CT,-0.28373808,-0.12269148
163873,Micro,-0.18535031,0.10487032
236157,Pvalb,-0.13826482,-0.37859708
216502,L5/6 NP,-0.34855625,0.043125924
247408,Astro,0.42706043,0.12981486
147610,Oligo,0.401843,-0.43651387
147607,L2/3 IT,-0.05614148,0.32679307
227485,VLMC,-0.094873145,0.44936872
34309,Endo,-0.32398963,-0.34356666
163896,Endo,-0.25400534,0.47562557
147566,Astro,0.41732627,0.072619736
266008,L5 IT,0.019306347,-0.034462187
3370,L4/5 IT,0.49874777,0.025618311
189768,Endo,-0.34020352,0.13521045
205211,L6 CT,-0.050158158,-0.1668354
189774,Micro,-0.4244634,-0.1133554
279803,L2/3 IT,0.4808843,0.15756333
265999,Oligo,0.29284793,-0.4140015
163933,L6 CT,0.4482804,-0.3699761
98638,Endo,0.12536888,0.38974583
13257,L5 ET,-0.15472396,-0.034658406
219715,SMC,-0.444544,0.35226482
241207,Oligo,-0.37520966,-0.15854612
10526,Astro,-0.41045055,-0.37505037
147714,Oligo,0.35759997,0.23750794
34242,Astro,-0.4001393,0.3655703
66812,Oligo,0.29451382,-0.06151465
227600,L5 IT,-0.4710648,0.24509108
148002,Astro,-0.09711267,0.3802424
82691,Oligo,0.10208766,-0.30143625
3332,Endo,0.49281687,0.06552094
235500,L4/5 IT,-0.39523217,0.29013562
268798,L6 IT,-0.3334718,0.045667943
34063,Oligo,-0.39322716,-0.36513123
147967,L2/3 IT,-0.16475983,0.33675188
189643,L5 ET,-0.16087751,0.110838234
57542,L6 CT,-0.23410411,0.03272819
34088,L6 IT,0.5014689,-0.27624077
219274,Astro,0.49376637,0.12211406
237919,Astro,-0.4315568,-0.18638608
147922,Oligo,0.374367,-0.23776805
163806,L6 CT,0.38135988,-0.1991978
189680,L5 IT,-0.15172826,0.16937244
163823,L4/5 IT,0.45431727,-0.0021117069
211204,L5 IT,-0.030370131,-0.013045315
163831,Oligo,0.29265213,-0.2933987
34175,L2/3 IT,0.14476459,0.24577475
147819,L2/3 IT,0.041181132,0.2249698
189700,L2/3 IT,0.22666149,0.21509355
34189,Oligo,0.03026025,-0.27192724
227521,L6 CT,-0.4630837,-0.057107214
254805,Oligo,0.03681986,-0.3463319
189718,L6b,0.3073249,-0.36595282
34112,L4/5 IT,-0.25890225,0.22332984
211337,L6 CT,-0.29729697,-0.050401185
255170,Sst,-0.43322325,0.033879574
262747,L4/5 IT,-0.25664473,0.2637934
83986,L2/3 IT,-0.24071158,0.3165437
25040,Oligo,0.43863392,0.117177665
165019,L2/3 IT,-0.014879897,0.3077805
165029,Oligo,-0.26510608,-0.28778374
255507,L5/6 NP,-0.02099903,0.09216356
101801,L6 IT,-0.451006,0.00072604045
15624,Endo,0.32211488,0.027753707
251824,Micro,0.21579336,0.19699687
35833,L6 CT,0.085078344,-0.19404113
165058,L5 IT,0.09858023,-0.08127344
190935,PVM,0.38398415,-0.07888612
226868,Oligo,-0.4207244,-0.37941062
274086,VLMC,-0.33199438,0.502216
255525,Endo,0.06689517,0.05298942
8727,L2/3 IT,-0.09198178,0.28272605
226854,Astro,0.36206043,-0.092555135
248452,L2/3 IT,0.42275566,0.09625876
84042,L2/3 IT,-0.3920216,0.43609554
57305,Endo,-0.33595628,0.2010392
144085,L5 ET,0.029598162,-0.00044957176
3680,L2/3 IT,-0.2810121,0.3744017
206048,VLMC,-0.10282843,0.45144868
57299,SMC,0.29326612,-0.18349427
72462,L5 IT,-0.07789071,0.11679703
144030,L5 IT,-0.17934678,0.028598782
165005,L2/3 IT,-0.1475644,0.26092684
237769,Peri,0.12683259,0.30773956
144276,L5 ET,-0.23886739,0.02009907
35752,L4/5 IT,0.10522805,0.13266742
183987,L5 ET,0.00060953246,-0.089004725
179384,Astro,-0.2741623,0.44582593
101735,Lamp5,0.30611855,0.29018652
183985,L6 CT,0.49718076,-0.3920977
66275,Endo,0.36696947,0.1775971
101763,Endo,0.27106994,0.20927972
76912,L6 CT,0.24547903,-0.21161932
164958,Oligo,-0.33967295,-0.20036227
66264,L6 CT,-0.27307266,-0.12898487
144461,L6 CT,0.12637816,-0.2282668
226915,Astro,-0.4825778,-0.34654307
144438,L6b,-0.21208437,-0.18974689
255549,L6 CT,-0.4141559,-0.11325279
251836,Sst,-0.45690757,0.14295602
18008,L6 CT,-0.053767785,-0.19263026
144427,Astro,0.29032254,0.040333685
144420,OPC,0.358212,0.2781121
144418,L6 CT,0.41350526,-0.1428439
83960,L5 ET,0.22996859,-0.11332065
226902,PVM,-0.4542523,-0.057718936
279740,L6 IT,-0.048554346,-0.04461992
25048,L6 CT,0.05922334,-0.24651971
239288,Oligo,0.29893613,-0.35858852
83969,L2/3 IT,-0.22093783,0.37753832
190890,L2/3 IT,-0.21335526,0.2628309
213129,L6 CT,-0.2271476,-0.17682803
190844,Astro,-0.2978996,0.06130063
35639,OPC,-0.3897181,-0.02438635
251820,Oligo,0.14226662,-0.32817283
165106,PVM,0.15262787,-0.31074446
191106,L5 IT,0.4226817,-0.17501745
210726,L4/5 IT,-0.28366494,0.28893018
277287,Astro,-0.4613347,0.30214822
262689,Astro,-0.19754608,-0.3533867
143546,L5/6 NP,0.46551806,-0.28035957
178390,Oligo,0.013935551,-0.30431408
143512,L6b,-0.2121586,-0.19658726
76786,Oligo,-0.138214,-0.25308177
165318,L6 CT,0.12354188,-0.25923052
191166,L6 CT,-0.44625348,-0.07420975
143482,Sst,-0.019538298,0.2187612
241322,Oligo,-0.3581094,-0.33069944
69954,Endo,-0.36249703,0.45844203
36214,PVM,0.47214735,0.2563213
36221,L4/5 IT,-0.35281932,0.31780797
72472,Oligo,0.08746068,0.10478461
191191,L4/5 IT,0.14259635,0.102909744
143364,L6b,-0.37098393,-0.22511187
143323,SMC,-0.17931749,0.38515663
36275,Astro,-0.2636553,0.13740534
262680,SMC,-0.29541108,0.17600238
143248,L4/5 IT,0.46120954,-0.054798637
84353,SMC,-0.027310178,-0.38333252
24829,L5/6 NP,-0.20154189,-0.037123982
165374,L6 IT,-0.29090786,0.12218398
204998,PVM,-0.101553515,-0.113061905
143645,Oligo,-0.35989606,0.10842389
69939,Astro,0.09024231,-0.3193872
191094,L4/5 IT,0.38342106,0.022616144
210762,L6 CT,-0.48927054,-0.17041963
35891,L6 CT,0.045572743,-0.24984688
213163,L6 CT,-0.2406675,-0.12691
143987,PVM,-0.34799528,0.49242234
165123,L4/5 IT,-0.030084535,0.12758559
191017,L6 CT,-0.027706012,-0.12238771
210754,Pvalb,0.44098502,-0.26872298
143922,L6 CT,0.116947874,-0.0869194
35984,Oligo,0.34259135,-0.11924592
183923,Astro,-0.046838954,0.2186569
98461,L6 CT,-0.41778195,-0.029219542
76833,Oligo,-0.13200532,-0.27133894
69913,L2/3 IT,0.36569077,0.20404667
230625,L6 CT,-0.09323116,-0.112846434
76821,Astro,-0.17639871,-0.35878277
230629,Endo,0.2166783,0.20287466
3730,L6 CT,0.3300745,-0.1738097
143757,L2/3 IT,-0.112217024,0.24721652
255605,OPC,-0.47427186,-0.3800195
13082,Oligo,0.1617664,-0.3688264
274026,Micro,0.11873101,0.36648571
24887,L2/3 IT,-0.21256249,0.3748774
143695,L2/3 IT,-0.36314297,0.38461024
36094,Oligo,-0.10352062,-0.2528795
270448,L6 IT,-0.47606364,0.068948746
16863,L6 CT,0.016220018,-0.17711312
143849,L6 IT,-0.4355063,-0.009103958
146021,L5 IT,-0.37469953,0.17847943
144574,Astro,-0.06367834,0.3555848
210826,Endo,0.22339205,-0.11745748
164477,L2/3 IT,0.19331269,0.28010535
77046,Oligo,0.42267978,-0.098302394
184135,L4/5 IT,0.24643658,0.09789282
35157,L2/3 IT,0.22834514,0.2925787
101573,L5 IT,0.36017936,-0.16356379
237843,Peri,0.20679007,0.17373824
35171,L6 IT,-0.40109503,0.1254884
145609,Oligo,0.49277276,-0.4795115
83556,L6 CT,-0.37735477,-0.08971089
190481,L6 CT,0.44152528,-0.18614349
249459,Astro,0.3546419,-0.3841999
145527,VLMC,-0.2533371,0.49380964
205115,L6 CT,-0.36450553,0.020885643
179371,L2/3 IT,-0.010488793,0.29322743
190517,Astro,-0.06344788,0.28360927
35201,Astro,-0.31941432,0.07437706
255316,L5 IT,0.07420425,0.026014563
25202,L2/3 IT,0.4461673,0.24066222
25193,L4/5 IT,0.26034993,0.034218606
145395,L6 CT,-0.0044167186,-0.22088316
101604,Oligo,-0.32754868,-0.31272024
8367,L6b,0.21015178,-0.30735683
227112,L2/3 IT,-0.25567475,0.33131474
145358,L4/5 IT,0.4401108,-0.044213686
35247,L4/5 IT,0.4805057,0.07343972
205123,L5/6 NP,-0.36879957,0.17513233
145708,Oligo,0.40784627,-0.2491039
243520,L4/5 IT,0.44974273,0.0913527
35095,L5 ET,0.04483591,0.01017433
227191,Peri,0.0027057384,0.13615507
145941,L2/3 IT,0.08302842,0.25344527
98583,L2/3 IT,-0.28914917,0.36843276
77067,Oligo,0.034501836,-0.29246014
230508,L2/3 IT,0.34736294,0.26452273
83464,Pvalb,0.022732303,-0.054090593
145917,L6b,-0.06456335,-0.24191582
77064,Pvalb,0.46628875,-0.017468456
1589,L6 CT,-0.12509586,-0.12904772
35020,Oligo,-0.17120625,-0.1567032
164439,L6 IT,-0.45711517,0.16266608
219259,VLMC,-0.09045787,0.44914627
35248,Endo,0.43887246,0.1976341
145870,L5 ET,0.18961672,-0.07613018
57410,Oligo,-0.36144906,-0.2770902
98566,Oligo,-0.42093468,-0.32521284
262734,Pvalb,-0.4094819,0.14088094
145808,L5/6 NP,-0.12575926,0.024986561
251918,OPC,0.41968358,-0.13120249
145796,Oligo,0.22860979,-0.33421522
145790,L2/3 IT,0.11076151,0.17814547
35081,Sst,0.040833935,-0.15063459
66459,Astro,0.3337363,0.23993134
242476,L6 CT,-0.047089323,-0.1155971
190420,L6 IT,-0.20879178,-0.16375947
66455,Micro,0.04840468,0.31546503
274248,L6 IT,0.21170746,-0.2620032
267012,Endo,0.1843686,0.3324666
265845,L2/3 IT,0.23005573,0.04169452
184087,L2/3 IT,-0.026409313,0.21166772
144911,L2/3 IT,0.4140302,0.13608384
66326,Astro,-0.14643605,-0.2709912
213112,Oligo,-0.0008334364,-0.07003829
83781,OPC,-0.06998463,-0.38477394
230560,L6 CT,-0.28034842,-0.10267836
144882,L6 CT,0.23387997,-0.16935158
35515,L5 IT,-0.1695707,0.14682692
35518,Sst,-0.20331644,-0.004627291
35537,Vip,0.4966575,-0.10770896
247190,L4/5 IT,-0.10680513,0.19060796
190711,Micro,0.11073808,0.11371809
190717,Sst,0.3703863,-0.25596982
235007,L6 CT,-0.16676082,-0.0061902143
35558,OPC,0.49860227,-0.30607045
83811,L2/3 IT,0.19183175,0.2652539
274152,Astro,-0.37728995,0.36346304
215469,L5 ET,-0.048733458,0.10029018
144743,L6 CT,0.3028943,-0.30671096
10405,L2/3 IT,0.2116416,0.18847942
164842,L4/5 IT,-0.37966582,0.29323947
144677,L4/5 IT,-0.206623,0.24554545
83844,Lamp5,0.13962565,0.3419749
216677,Oligo,-0.38946557,-0.21995777
66291,VLMC,0.35709065,0.36156833
144634,Micro,0.25168288,0.25042897
66338,L5 IT,0.08943771,-0.054263327
15674,Astro,-0.15638639,0.42604208
236179,L2/3 IT,0.04264991,0.29689336
98518,L6 CT,-0.3881108,-0.13131851
83673,PVM,0.15993963,0.044353183
145243,L2/3 IT,0.4237154,0.2357446
145237,L4/5 IT,-0.4926411,0.3254727
25162,OPC,0.39901912,-0.39836392
83681,L5/6 NP,-0.32535517,0.18147767
178465,L6 CT,-0.13321571,-0.06847611
35300,L2/3 IT,0.35468143,0.18832153
184073,L5 ET,-0.09448378,0.0884254
83711,PVM,0.18254213,0.32681
164650,Oligo,-0.0267535,-0.27663055
255375,L6 CT,0.2550193,-0.2788114
145129,Endo,-0.34541857,0.47143698
145262,L5/6 NP,0.17326759,0.002239909
227077,L4/5 IT,-0.31887245,0.28802615
83723,Peri,0.31574595,-0.038768087
145100,Oligo,-0.2862578,-0.039801333
76994,Astro,0.28089982,0.33429503
205098,Astro,-0.12087713,-0.35431954
235518,L6 CT,0.44075054,-0.35671958
145080,Astro,0.46578884,-0.08134645
145052,Sst,-0.3605181,0.24929726
101658,L6 CT,0.06969999,-0.2555861
98519,Oligo,0.16976015,-0.33804
83748,OPC,-0.27504328,0.38760376
101678,Micro,0.016176984,-0.25793758
255401,Astro,0.31446862,0.31079102
190639,Micro,-0.4267978,-0.043025766
173439,L5 ET,-0.13798542,0.041724022
103522,Vip,-0.3487168,0.38467956
111298,Endo,0.36008364,-0.1048336
71870,Endo,-0.21271525,0.118691385
263745,Oligo,-0.092551365,-0.2564844
61148,Astro,0.41867995,-0.028088514
51886,L5 IT,-0.20038258,0.14688247
107370,L6 CT,-0.23800577,-0.15757635
52693,Astro,-0.2016481,-0.3374001
218824,Oligo,-0.11287908,-0.24948785
277050,Endo,-0.3126514,0.07774508
20391,L5/6 NP,0.0657749,0.0033462904
9078,L6 IT,-0.3694732,0.0027203225
7425,Pvalb,0.4237396,-0.31934583
55018,PVM,-0.07608388,-0.20342442
54804,Astro,-0.48894274,-0.14498213
261434,Endo,-0.42435634,0.14627278
110974,Pvalb,-0.44597352,0.12824285
115179,L4/5 IT,-0.25154316,0.2654125
8987,SMC,-0.16493787,0.24296898
49718,Micro,0.44054806,0.24857992
109474,Oligo,-0.05077587,-0.33357412
221219,OPC,-0.29078817,0.32867044
17531,L2/3 IT,-0.43662983,0.42289865
110531,L6 CT,-0.1784306,-0.103387386
214350,Astro,-0.15516447,-0.3473555
49720,Astro,-0.41395128,0.2767499
116739,L4/5 IT,-0.010247305,0.13531578
54187,Astro,-0.1257598,-0.32153255
260889,PVM,0.11876707,-0.040212248
52316,Endo,0.099857315,-0.3135685
108025,L2/3 IT,0.5021772,0.18155324
214261,Peri,0.19127916,0.25567162
221027,L5 IT,-0.37915865,0.16746545
8966,Pvalb,0.3099358,0.10706824
220496,Astro,0.093245015,0.117901504
54200,Endo,0.43127835,0.10738039
108619,L2/3 IT,-0.030283019,0.22873086
95676,Vip,-0.48695466,-0.2750615
20065,Lamp5,-0.47791538,0.50530815
19214,VLMC,0.48553383,0.32378614
220715,L4/5 IT,-0.32953358,0.2639547
203586,L4/5 IT,0.46063268,0.041794475
245277,Micro,0.051130936,0.32338607
260570,Astro,-0.059103057,0.36606652
108056,L6 CT,0.3386894,-0.25906986
60968,OPC,0.46927208,-0.20954439
7215,Astro,-0.07836561,-0.2537589
73145,Astro,-0.24790208,-0.36221677
52967,Lamp5,-0.34889805,0.4765209
202820,L2/3 IT,0.42747587,0.13746363
268066,Oligo,0.0076050614,-0.34709263
108598,L6 CT,0.24259464,-0.22834921
206916,Endo,0.32081068,5.024299e-05
236373,Oligo,0.056381986,-0.32928348
267784,L5/6 NP,0.23776035,0.008722749
112438,L6 CT,-0.30695635,-0.120600104
51125,SMC,0.1533225,-0.21445954
260902,Endo,0.22562186,-0.22618586
109124,Micro,0.45072508,-0.31980246
55142,Pvalb,0.39519387,0.15419167
202557,L6 CT,-0.025247052,-0.22538084
113882,L5 ET,-0.33886084,0.11063683
176671,L5 IT,-0.26529974,0.12521517
173799,L6 CT,-0.28387308,-0.014154915
110560,Oligo,0.03395377,-0.30599767
116701,Astro,-0.44056997,-0.013063166
181008,Oligo,0.34826195,-0.3355145
176410,Oligo,0.0937476,-0.16384566
221977,Sst,-0.4447712,0.10416323
112349,L5 ET,-0.3772023,0.2282955
50494,Oligo,-0.10107727,-0.20335129
108561,L6b,-0.22760446,-0.19055113
19156,L6 IT,-0.13139515,-0.1320259
107224,Endo,-0.103910014,-0.22606501
51951,L4/5 IT,-0.3298638,0.27947718
200131,Astro,-0.16733657,-0.30387902
116679,Oligo,-0.01413016,-0.14969134
108166,L5/6 NP,0.18408541,-0.0019643344
206954,L4/5 IT,0.49775386,0.051413175
113900,Endo,-0.38703352,0.36993933
94940,L6 IT,-0.11921416,-0.13732606
110574,Peri,0.38139993,-0.020552758
49737,Endo,0.43832868,-0.16081166
245208,SMC,0.3342784,-0.14271533
110552,L6b,0.21510707,-0.30102634
115798,L2/3 IT,0.29359603,0.2897697
11732,Oligo,0.21440385,-0.34366766
71576,L6 CT,-0.44223133,-0.19858089
116719,Oligo,-0.02056931,-0.32247365
243192,L4/5 IT,0.021579966,0.07924771
13643,L4/5 IT,0.10052554,0.15190953
221036,VLMC,0.3290835,0.37201327
54521,VLMC,0.33723295,0.3664502
115171,Astro,0.19718502,0.07503533
176950,Astro,-0.28360334,-0.32004184
113852,Astro,-0.0017784084,0.07034153
180099,Endo,-0.33012676,0.22568458
51123,L2/3 IT,0.20897155,0.22483957
221250,L5 IT,-0.09846906,0.025043543
207344,Peri,-0.19043384,-0.3602562
51924,L4/5 IT,-0.018108472,0.16461802
202036,Astro,0.28650504,0.326285
271614,Endo,0.27585632,0.16889137
9139,Astro,-0.47406024,-0.13893485
245593,Peri,0.17576765,0.37565434
239566,Pvalb,-0.0125242025,-0.21853739
50486,Oligo,-0.37715578,-0.32598734
113866,L4/5 IT,0.28034157,0.07015747
114375,OPC,-0.091818556,-0.1734359
54745,L2/3 IT,-0.27291,0.35435987
13596,L6b,0.25239766,-0.32464892
201534,Pvalb,0.404253,0.023239192
96802,L4/5 IT,-0.03474535,0.2040537
276942,Astro,-0.23771213,-0.22156847
115142,L4/5 IT,-0.24468102,0.2012592
110448,L4/5 IT,-0.3568415,0.257443
200110,Oligo,-0.058794066,-0.34138787
180907,L6 CT,-0.22824799,-0.044587526
7906,L2/3 IT,-0.16280268,0.35225117
20116,L6 CT,-0.43880993,-0.13113481
207738,Oligo,0.35912526,-0.4105547
176244,Oligo,0.18078642,-0.3005846
175684,Oligo,0.41937888,-0.43059257
207374,L5 ET,0.31635022,-0.12121245
112647,Endo,-0.4867145,0.15997428
200568,Oligo,-0.2345169,-0.28266698
20105,L4/5 IT,-0.21438654,0.21417499
239988,Astro,-0.13483752,-0.20906046
115280,Peri,0.051907286,-0.19706541
7356,L6 CT,0.36351365,-0.19439808
111611,L6 CT,-0.45150724,-0.17254534
234346,L4/5 IT,0.4532045,-0.06201086
73971,L6 IT,-0.33101422,0.09049529
264167,L6 CT,0.49628824,-0.32999408
71250,Oligo,-0.34635198,-0.004299555
110387,Pvalb,0.22571759,-0.19546622
238892,Lamp5,0.4116199,0.300762
238834,L5 ET,0.09489046,-0.07297164
94156,Astro,-0.30850208,0.43823075
279164,L2/3 IT,0.021726295,0.1790458
243182,Endo,0.18951212,0.0073437057
8990,Astro,-0.4543467,-0.014194492
260397,L2/3 IT,0.48136675,0.14255333
175701,VLMC,-0.31038445,0.49545693
111077,L6 CT,0.38901526,-0.18240055
200560,L5 IT,0.24740736,-0.010696206
261079,L6 CT,-0.011026099,-0.16021353
249895,SMC,0.39791018,0.13690305
200322,Micro,0.20948271,0.25818688
271025,Peri,0.014921114,0.18578523
234367,L4/5 IT,0.3341152,0.077790976
111590,Astro,-0.121360645,0.42218602
223,Micro,-0.33699536,0.44755286
95231,OPC,-0.41850048,-0.08989501
173836,L2/3 IT,0.060436413,0.21744007
73777,L2/3 IT,0.29349118,0.27081913
94253,Oligo,-0.35017025,-0.26360732
232261,Oligo,0.17190604,-0.3605518
221472,Oligo,-0.34562752,-0.22181794
53424,SMC,0.10444902,0.41822273
263641,PVM,-0.27868733,-0.06184012
202790,Endo,0.45017868,0.16754037
115722,Endo,0.29323167,-0.20435682
240006,Astro,-0.09273286,-0.045653436
175702,L5/6 NP,-0.11124919,0.11372757
207795,Astro,-0.31532684,-0.35526273
110361,OPC,0.4615602,-0.18312728
236721,VLMC,0.033011004,0.42884237
94169,L5 ET,0.26565212,-0.08244079
201136,Endo,-0.06704892,-0.027291093
73303,Oligo,0.44688553,-0.104347795
244414,PVM,0.11904596,-0.02983478
175954,Endo,0.08314459,0.04821771
235988,L5 ET,-0.41829854,0.21597397
51173,Endo,-0.06548141,0.23658884
114449,L5 IT,-0.46493196,0.2349714
61388,L4/5 IT,-0.0037527825,0.15023482
51168,OPC,-0.4643468,-0.37874967
52675,Sst,0.05689995,0.08210325
111646,L6 CT,0.48616308,-0.22781616
96243,PVM,0.15209626,0.02581453
207358,L6 IT,0.34258783,-0.2988146
232669,L4/5 IT,0.29196185,0.09273964
179965,L4/5 IT,0.4977213,0.03591537
106347,PVM,0.17165141,0.073944986
261666,L2/3 IT,0.31094772,0.19096321
111652,Endo,-0.14704244,0.38803947
94465,L5 IT,-0.3937806,0.18791687
180710,L6b,0.34106123,-0.3626399
214335,L2/3 IT,0.20848452,0.3029124
107315,Astro,-0.19729303,0.16473353
17564,Oligo,0.34851092,-0.25903958
54218,L4/5 IT,0.21161066,0.13237506
109084,L4/5 IT,0.38609648,-0.011971448
95452,Endo,-0.160152,0.22738439
203456,Endo,0.17899273,-0.060729418
250299,Oligo,-0.096959665,-0.3289829
107376,Endo,0.12536298,-0.27292967
220639,Oligo,0.31265265,0.027738329
96239,L2/3 IT,0.37178385,0.24938726
113770,L5 IT,-0.121025845,0.07671672
113734,Oligo,-0.49185884,-0.09394428
176465,L6b,-0.2711451,-0.20408013
232632,Endo,0.4979967,-0.3430151
176133,Peri,-0.36240667,0.016609367
7661,L2/3 IT,0.37630373,0.22322845
220465,Astro,0.00968729,-0.27392322
50677,L6 IT,-0.48228845,-0.09604365
71679,L2/3 IT,-0.23360126,0.34853637
200097,Oligo,-0.19211079,-0.2847023
175456,L6 CT,-0.47556695,0.0638929
7428,L6 IT,-0.33443826,-0.022174511
94481,L5/6 NP,0.033366486,-0.18504342
176861,L6 CT,0.047357544,-0.1387203
173821,L6 CT,-0.43688288,-0.122463286
111009,Pvalb,-0.29616863,0.38840073
261279,VLMC,0.41729856,0.33871406
271693,L4/5 IT,-0.37522766,0.2942934
50177,L4/5 IT,-0.3607109,0.29880857
200428,L6 IT,-0.48381025,0.15272945
110424,L5 IT,0.36361396,-0.030520562
261571,L6 CT,0.38306504,-0.25578535
107242,L4/5 IT,0.4321789,0.11638206
51183,Sst,0.3515997,-0.056595657
112585,Oligo,-0.24553107,-0.22662205
236712,Oligo,0.33708775,-0.102081865
201107,L5 IT,-0.3719972,0.1778335
7199,Oligo,-0.21183725,-0.30726224
176461,L6 CT,-0.47642505,-0.2523237
108558,Oligo,-0.46001512,-0.36911008
233169,Micro,-0.3185635,0.47317696
50906,L5/6 NP,0.05821602,-0.062335078
244454,L6b,-0.34749216,-0.1648697
95017,L6 CT,0.1466053,-0.19608569
201679,Astro,0.45847034,0.050691422
221069,L2/3 IT,0.47832292,0.17741346
106775,L6 CT,-0.43461812,0.060442742
207833,Oligo,0.107805595,-0.33702856
111914,L6 CT,-0.42079943,-0.19880015
7405,Oligo,0.09979789,-0.33055013
108383,L6 CT,-0.25885922,-0.099036634
11546,Peri,-0.39878398,0.06801134
175136,L2/3 IT,0.35018414,0.15188932
114251,L4/5 IT,-0.12780972,0.19440383
201004,Peri,0.20416574,-0.009709422
261234,Oligo,-0.0911627,-0.085778356
260956,L6 CT,-0.38218743,0.035961088
176335,Astro,-0.20782827,-0.32304198
271215,VLMC,0.47568458,0.32517165
114246,Sst,0.29424763,-0.06998652
50622,Micro,0.15110879,-0.06671414
52767,L6 IT,0.32083458,-0.16736114
236731,Oligo,-0.34409553,-0.17486557
221983,VLMC,0.022807822,0.40581107
50131,L4/5 IT,0.116163716,0.10543668
200190,Endo,0.08314215,0.33580452
14096,Astro,-0.2589956,-0.04718298
176343,Oligo,0.37721992,-0.4246355
110757,L4/5 IT,0.34554535,0.059472915
13718,OPC,0.079344556,-0.22811335
200160,L2/3 IT,0.16557555,0.2911998
18957,L6 CT,-0.43337464,-0.17826086
110721,Astro,0.045436963,-0.20292655
50950,Oligo,-0.41114247,-0.37829125
109307,L4/5 IT,-0.14956944,0.24937081
221829,Astro,-0.106041685,-0.32710528
55034,Oligo,-0.3101521,-0.3056584
108345,SMC,-0.07406972,0.2755679
115023,Oligo,-0.32393986,-0.25074634
263648,L4/5 IT,-0.2999038,0.28292745
49797,SMC,0.463893,0.098351955
112131,Astro,0.16316234,-0.37486053
260176,L5 IT,0.5035247,-0.23384458
238902,L2/3 IT,0.046670184,0.19341457
95123,Micro,0.27289158,0.35056078
115021,VLMC,-0.13832076,0.46522892
51035,L4/5 IT,0.3081085,0.046243366
95570,Micro,-0.07513945,-0.1790821
61204,Pvalb,-0.25161523,-0.06524211
115905,VLMC,0.1250935,0.41362572
176641,L6b,-0.24662448,-0.18238589
52813,OPC,-0.020141736,0.15059972
176052,Astro,-0.27217558,-0.3556877
236704,L6 CT,0.20883141,-0.28240192
271008,L6 CT,-0.09998439,-0.14821672
200988,Endo,0.2869165,0.010687586
19636,L4/5 IT,0.40466177,0.050956305
60633,Oligo,0.47520113,-0.46420336
180369,PVM,0.11527036,0.030963954
94359,L6 CT,0.48350894,-0.30960703
50993,Pvalb,0.26376033,0.15522516
207127,L6b,-0.22728525,-0.19878784
114983,L6 CT,-0.050770745,-0.21256748
106786,Vip,-0.03174214,0.36529416
220437,L6 IT,-0.14765288,-0.15133724
114192,Endo,0.44949645,-0.26444924
200182,L2/3 IT,0.18116234,0.29987937
111968,L2/3 IT,0.25368625,0.1623578
52772,L6 CT,-0.48971128,-0.15202975
50984,VLMC,0.09867005,0.41893858
73945,L6 CT,-0.3381493,-0.010097835
267674,Astro,-0.21526723,-0.35546756
9249,L2/3 IT,0.09570907,0.30187547
12878,L6 CT,0.4926458,-0.35767686
109234,L6 CT,0.49233145,-0.254649
176316,L4/5 IT,0.44277173,0.07556617
94101,L6 CT,-0.42058536,-0.03799269
175112,L5/6 NP,0.4020366,-0.14668354
52152,Lamp5,0.35697234,0.28463137
260294,Oligo,-0.34393847,-0.35763088
94100,Micro,-0.3383526,0.1405741
9134,Astro,0.2738747,-0.34375066
202621,Astro,-0.45024198,0.18059772
114203,L6b,-0.10544552,-0.23177433
242367,OPC,-0.32393476,0.42007726
18801,Oligo,0.35327744,-0.06745845
52139,L4/5 IT,0.024102136,0.13103592
176061,Oligo,-0.3963678,-0.23372859
175092,L4/5 IT,-0.30664065,0.28402102
50998,L5 IT,-0.18451856,-0.013968978
249671,Pvalb,0.36240786,-0.20784625
13710,L5 ET,0.25506824,-0.033381436
115936,Pvalb,-0.47938177,0.02683818
116455,Pvalb,0.0599349,-0.22237277
173586,L5/6 NP,0.47048515,-0.15507591
222106,L2/3 IT,0.102969214,0.20728618
116526,Oligo,-0.287999,-0.1970717
7601,Peri,0.2504182,0.35183448
245621,Pvalb,0.17492567,-0.19878626
61568,Peri,-0.35291076,0.48273724
180751,L2/3 IT,-0.26996,0.32797927
249149,L4/5 IT,-0.20099814,0.18560618
60881,L5 IT,-0.38511884,0.21253312
52181,Endo,-0.38866475,-0.11718583
95041,L6b,-0.14878474,-0.2085397
73605,Endo,-0.471242,0.3278718
73596,L2/3 IT,-0.18346171,0.35686624
110802,L6 CT,-0.4400878,-0.008608643
200177,L5 IT,0.378803,-0.043086056
240337,Oligo,-0.4323514,-0.33163872
61223,L5 IT,-0.18729456,0.18058342
116472,Endo,0.47470874,-0.28200775
232621,Micro,-0.33964902,-0.09989053
233175,Astro,-0.49038303,-0.17795876
232253,L2/3 IT,0.17085485,0.21377885
214330,L5 IT,-0.10093744,0.14800167
109317,Oligo,-0.2663466,-0.27506608
270987,L6 IT,0.29238784,-0.17352954
207076,L6 CT,-0.25572693,-0.08849317
110633,Lamp5,0.021391496,-0.14386898
54808,Micro,0.38886094,-0.45026472
60930,L6 IT,-0.2649945,-0.029073182
271343,L2/3 IT,0.49687743,0.17511064
202154,L6 CT,-0.18937458,-0.1393297
61160,L6 IT,0.22819696,-0.25839698
97068,L4/5 IT,-0.066695556,0.20031214
110650,L5 ET,0.48249567,-0.08190197
175007,L6 CT,0.503738,-0.3625782
234586,L5 ET,0.486517,-0.103441775
242250,Vip,-0.23553367,-0.006222848
260189,Endo,0.005290792,0.15361303
19612,L4/5 IT,0.43868476,0.07837516
201592,L6 CT,-0.019642368,-0.12714556
106755,Peri,0.40647155,-0.19567332
94981,Oligo,0.13385288,-0.36113596
13729,Oligo,-0.19724034,-0.29752433
232416,L6 CT,0.25213277,-0.308448
106490,L5 ET,-0.24796797,0.13695192
201604,Astro,-0.24951933,-0.37844446
176076,Oligo,0.41315997,-0.41453782
173546,Vip,0.020681009,0.29494768
53609,Endo,-0.44938847,0.029176172
245368,Oligo,0.038944826,-0.20921484
19342,L6 CT,0.23459147,-0.20287076
176842,Oligo,0.40346187,-0.439663
242132,Peri,-0.19511484,-0.22336924
52709,Oligo,-0.2995424,-0.0118977465
173533,L6 IT,-0.45600805,0.015919086
51959,L4/5 IT,-0.39915588,0.26364464
232216,L4/5 IT,-0.4054111,0.328075
53932,Endo,-0.41683885,0.038637575
249874,Oligo,0.4912082,-0.47468877
276851,L6 CT,-0.4497636,-0.24344009
263604,L5 IT,-0.15417404,0.067813575
278219,L4/5 IT,0.2301517,0.095351875
269861,Astro,-0.17911364,-0.2809785
240353,Astro,-0.085669056,-0.2717408
261637,L6 CT,-0.25966167,-0.016547773
221043,L2/3 IT,0.030737028,0.34799808
263844,L4/5 IT,0.48564816,0.053813513
233192,Oligo,0.2920463,-0.3924077
261024,OPC,-0.1165721,0.373775
17591,Astro,-0.3338254,0.38717777
112289,L5/6 NP,-0.12763868,-0.06964788
558,Endo,0.22090404,0.093483746
115110,Oligo,-0.18726791,-0.34925914
109392,Lamp5,0.28090304,-0.43945754
115106,L2/3 IT,0.37498283,0.13544154
277947,Astro,0.116023585,0.35983407
53518,Astro,-0.34010026,0.12606978
114338,Oligo,-0.22377889,-0.21464789
174030,Peri,-0.3928297,0.09184164
263876,Oligo,-0.13476194,0.06089085
114322,L6 IT,0.4794575,-0.35866776
73806,Pvalb,0.5029062,-0.28516924
112198,Micro,-0.45021456,-0.11779907
203328,Oligo,0.34802258,-0.048237
95137,OPC,-0.0074067856,0.33645326
49861,L5 ET,0.49501497,-0.14418006
108303,Astro,0.038694188,-0.28514868
200396,L6 IT,-0.4911567,-0.01863483
73440,L2/3 IT,0.3997767,0.00084793195
110858,Micro,0.0066023027,-0.07429749
116600,Astro,-0.21055047,0.45281166
218631,Oligo,-0.1396691,-0.27116624
55159,L6 CT,-0.40688556,-0.05901784
54809,Astro,-0.19327141,-0.34591752
174055,L6 CT,0.091698214,-0.21832296
17467,L4/5 IT,-0.14714195,0.21677893
260588,Astro,-0.48233175,0.46515673
106486,L5/6 NP,-0.22792636,-0.049249683
7695,PVM,-0.110641465,-0.16547418
180492,L6 CT,0.3151315,-0.32013005
115033,PVM,-0.025659576,-0.25971025
20609,L6 CT,0.304756,-0.34728408
11492,L6 IT,-0.15807517,0.017147835
94318,VLMC,-0.25057828,0.4916386
13867,SMC,0.35060602,0.3254404
236611,L4/5 IT,0.5044089,-0.017554257
108328,Astro,0.16866885,-0.3675207
19366,Oligo,0.4505573,-0.4601857
202150,Astro,-0.45338103,-0.35574672
18738,PVM,0.42199033,0.31966698
276885,L5/6 NP,0.064687416,-0.09561375
109176,L5 ET,0.50410074,-0.17191386
175606,Astro,0.20873891,0.32052094
71307,Endo,0.29020506,0.36595958
200916,L2/3 IT,0.2406324,0.28449422
7411,L6 CT,-0.0713682,-0.14898932
96048,VLMC,0.40743667,0.34424955
220843,L2/3 IT,-0.40246058,0.41684163
54713,Oligo,-0.35878897,-0.10745272
202630,L2/3 IT,0.26051885,0.16258699
95512,Oligo,0.36096865,-0.4396032
7842,L4/5 IT,0.351291,0.10004157
221388,L2/3 IT,0.16970716,0.257672
221387,L2/3 IT,0.47574002,0.09164083
50551,Vip,-0.2459019,0.2870068
6815,Oligo,0.44537693,0.02385157
250256,PVM,0.110813126,0.01278102
96416,Pvalb,-0.28197992,-0.21745428
93533,L2/3 IT,-0.3138556,0.39026076
200698,SMC,0.4668758,0.32771504
71726,L4/5 IT,-0.16240658,0.20112365
176683,L6 IT,-0.48750564,-0.07588482
174051,L4/5 IT,0.28395277,0.060870823
200640,SMC,-0.17819397,0.37612188
20707,Vip,0.10533939,-0.19678417
232682,L4/5 IT,0.5009714,0.046953734
50146,VLMC,0.17561601,-0.3415821
220884,L6 CT,-0.25782067,-0.066782594
232509,L2/3 IT,0.31485528,0.20134425
54773,Endo,-0.066026494,0.057464417
109735,Oligo,-0.39902735,-0.25176874
55013,OPC,0.22375451,0.0912832
214924,Oligo,0.008709773,0.11185449
108784,L2/3 IT,-0.24167459,0.3063525
108945,SMC,-0.11689101,0.45198202
270945,Oligo,-0.15578996,-0.06163505
60316,L6 CT,0.30183208,-0.19570774
18940,OPC,-0.35230494,0.27333844
202309,Endo,-0.07653351,-0.2868829
181103,SMC,0.13225739,0.24332756
107101,OPC,0.22685216,0.3603698
379,L2/3 IT,0.21589015,0.23163319
218454,Oligo,-0.21346982,-0.13952619
180270,Endo,0.43741548,0.13135988
114562,Oligo,0.38830698,-0.30072892
13929,L4/5 IT,0.25806367,0.045097467
279075,VLMC,-0.2669054,0.49182576
95388,L4/5 IT,-0.040115044,0.1390996
53796,Astro,-0.48087424,0.25332338
111444,L6 CT,-0.21869643,0.023359295
116229,Pvalb,0.42384636,-0.20733878
113422,Astro,-0.21325819,-0.28222704
260376,L6 CT,-0.17009966,-0.07540545
207243,L6 IT,0.14725928,-0.2090055
52434,L6 IT,-0.2287799,0.052548107
202307,L5 IT,0.365214,-0.01621044
61092,L5 IT,-0.0028228606,-0.023362372
60723,L6 CT,-0.45493993,-0.21665713
111229,L6 IT,-0.3171966,0.005056586
111390,L2/3 IT,0.17415981,0.22067714
61453,L4/5 IT,0.48197287,0.016611215
17540,Oligo,-0.3304035,-0.25692225
232117,L6 CT,-0.48674652,-0.028124247
261156,Pvalb,0.2408456,0.14703065
271281,Oligo,-0.20925404,-0.25841147
203220,Oligo,-0.36523026,-0.37882623
242069,L2/3 IT,0.4756112,0.1922046
19729,L6 IT,0.4773231,-0.22215444
261734,Endo,-0.37273,-0.23810515
59853,L6 CT,-0.19886215,0.011275079
277111,Micro,0.44201958,-0.36546397
113003,Sst,-0.21838932,0.08292341
207727,Sst,-0.23907848,0.35555673
276981,Astro,-0.35404074,-0.1214129
107658,Astro,0.41575956,-0.43363032
96186,Oligo,-0.11626418,-0.33731198
221519,Oligo,-0.07199423,-0.2992616
200026,L5 ET,-0.26027453,0.1185056
107104,L2/3 IT,0.08604537,0.29540175
55054,L2/3 IT,0.15495078,0.20321769
73097,L4/5 IT,-0.452286,0.33216578
96688,L4/5 IT,-0.4839783,0.30904984
54377,L4/5 IT,-0.22773813,0.24595898
51373,Peri,-0.000895306,0.24001396
263628,Oligo,-0.39345545,-0.3842302
173668,L5/6 NP,0.37328434,-0.21552971
109699,SMC,0.36485147,-0.45242405
179872,VLMC,-0.3637491,0.51300204
59880,L5 IT,0.25217712,-0.13074106
18747,L2/3 IT,0.15236972,0.28426427
94556,Astro,-0.014830962,0.3625834
261307,L5 IT,-0.42124367,0.2838723
201853,L2/3 IT,-0.48962173,0.396536
113457,L5 IT,-0.04822333,0.05268657
112906,VLMC,0.36967313,0.35685563
175389,L4/5 IT,0.019502386,0.13579041
94553,L4/5 IT,-0.15259524,0.15006578
251,Oligo,0.0041003083,-0.30042458
250223,L6 CT,0.13632391,-0.28095078
110208,L4/5 IT,-0.18698074,0.18721187
97032,L6 CT,-0.42876008,-0.030382607
106428,L6 IT,-0.2853155,-0.04517925
60094,L2/3 IT,-0.13175468,0.29464144
110213,L5 ET,-0.24117143,0.13630217
93972,Endo,0.03177695,-0.20082912
234261,L2/3 IT,-0.36534992,0.4107986
96216,L6 CT,0.3936519,-0.15373284
13955,SMC,0.40148264,0.1284346
93445,Astro,-0.058631107,0.40345216
180791,L4/5 IT,-0.13007773,0.17201018
203365,PVM,0.43948048,-0.3311304
200308,Oligo,0.009334967,-0.288612
175868,L5 IT,0.08399437,-0.024322692
61029,Oligo,-0.32571715,-0.25893065
221776,Endo,0.37294096,0.044424888
107098,L2/3 IT,0.21828942,0.28293937
110170,L2/3 IT,0.2336893,0.25948703
220739,Micro,-0.19462298,0.28491348
207731,L2/3 IT,-0.106925055,0.25735974
271654,L2/3 IT,0.4228363,0.1136632
61626,L4/5 IT,0.42971027,0.036697622
73680,L5 IT,0.43021882,-0.09582266
176539,L6 CT,-0.39849463,0.054068144
113429,OPC,0.3974648,-0.104705036
19457,L5/6 NP,0.034132347,-0.12614805
277401,L6 IT,-0.30425996,0.11323172
116238,Astro,0.26273388,-0.016242865
261710,Astro,0.36941522,0.23900229
95398,Endo,0.0834934,0.34915155
61033,Endo,-0.20803909,0.23503566
236798,Endo,-0.058706924,0.19209266
221589,SMC,0.11095755,0.4143349
107726,L2/3 IT,-0.384751,0.35911995
112939,L6 CT,0.41675377,-0.17979044
94743,Oligo,-0.294738,-0.109476626
261407,L6 CT,0.114755675,-0.09420106
270967,Oligo,-0.26484713,-0.17768472
220544,Oligo,-0.3700231,-0.36424807
12951,L5 ET,-0.044091478,0.044021364
220930,Endo,0.19395648,0.080126405
54385,L5 IT,0.03559445,-0.017575834
94706,L4/5 IT,-0.034814194,0.14756095
107490,SMC,-0.38344032,0.30788398
263504,L6 IT,0.01234363,-0.21919581
61472,L2/3 IT,0.49525726,0.21541476
235899,L2/3 IT,-0.22353984,0.35619807
54430,Oligo,-0.107570186,0.01873165
96639,L6b,-0.37901127,-0.18680644
271601,Micro,0.01207225,-0.13568023
50017,L6 IT,-0.0683112,-0.10328734
174200,L4/5 IT,0.4843353,-0.045709375
221171,Peri,0.47375435,0.02124035
232575,Vip,-0.4653875,0.42332727
96640,Lamp5,0.22698955,0.19809347
51425,L4/5 IT,-0.24006595,0.25976723
276904,Astro,0.117130205,-0.02503762
93371,L6b,-0.0021293308,-0.2415249
222206,L6 CT,-0.13376455,-0.18212757
108840,L5 ET,0.36515754,-0.11109811
55005,Oligo,-0.37036785,-0.045924578
20201,L5 IT,0.06871657,0.04882836
106587,L6 CT,0.28412223,-0.14482325
52466,L6 IT,0.14594649,-0.24689955
116165,L6b,-0.054256693,-0.24737221
117062,Micro,0.03337805,0.18729109
73543,L6 IT,-0.35585672,-0.0573113
203606,L5 ET,0.48223025,-0.099297315
14071,L5 ET,0.05149959,0.017715272
94599,L2/3 IT,-0.43504298,0.3860138
116152,L4/5 IT,0.43179518,-0.03115103
53252,SMC,0.10573278,-0.02360249
108858,L6 CT,-0.22013323,-0.08753866
203412,Oligo,-0.2152675,0.19797373
71612,L4/5 IT,0.27175754,0.0937264
72945,L2/3 IT,-0.242267,0.36564243
111306,L5/6 NP,-0.37357706,0.21724445
271773,L5 ET,0.34843135,-0.09254438
250142,Oligo,-0.22212832,-0.32667726
203191,Astro,0.43576193,-0.44624802
96778,PVM,-0.052044854,-0.25382084
53257,L6 CT,-0.4223621,-0.093604565
115560,L5 IT,0.27904403,-0.15801549
249930,L4/5 IT,-0.32237265,0.2812748
108864,Astro,0.3973078,-0.45391342
6868,L6 CT,-0.32444894,-0.16175899
260775,Endo,-0.44774002,-0.25321358
109918,L4/5 IT,-0.16815354,0.19324523
50770,L2/3 IT,0.2948715,0.23475707
109920,L5 IT,0.049528465,-0.015997771
180245,L5 IT,0.22414069,0.013088372
236804,Micro,0.42280406,0.3080188
49992,L5 IT,0.045343623,0.07953501
203167,L2/3 IT,0.45005417,0.15852195
113157,Oligo,-0.06123607,-0.33267426
51485,L5 IT,-0.10133354,0.015958961
94673,OPC,-0.14309828,-0.22782445
49546,L2/3 IT,-0.022079512,0.2862057
107112,Oligo,0.3728627,-0.33493328
53736,L6 CT,0.0633208,-0.15888876
261538,Pvalb,-0.13874026,0.27510434
207171,L5 IT,0.42000788,-0.16939712
240003,Endo,-0.20154752,-0.2973491
111380,L2/3 IT,-0.13007371,0.2883414
111381,PVM,0.25349456,0.12689376
93929,L6 CT,-0.24475981,-0.031854216
207877,Astro,-0.24934562,-0.37055588
114611,L2/3 IT,-0.32821667,0.37486
270951,L2/3 IT,0.43175244,0.17201322
53176,Oligo,-0.15750267,-0.3594998
94698,OPC,0.48202455,0.29935396
201951,Endo,0.23638974,-0.17883116
174706,L6 IT,0.44506288,-0.20658997
203566,L2/3 IT,0.28868216,0.29094142
111384,Astro,-0.30384797,0.1521219
60524,Oligo,-0.47691098,-0.27356422
270952,Oligo,-0.011127725,-0.17888531
260797,Endo,-0.17603807,0.3050508
220609,Astro,-0.20007144,-0.358184
93639,L5 IT,-0.075867936,0.12317741
49570,Oligo,-0.05197762,-0.2881931
222199,L6 CT,-0.41261315,0.07152629
111238,L2/3 IT,-0.18450294,0.2865643
111241,Oligo,0.45245183,-0.34335026
18965,Endo,-0.31771612,0.34521878
55109,Endo,-0.1786253,-0.055761818
19784,Oligo,-0.3789029,-0.24985707
207431,L6 CT,-0.42801762,-0.13211814
93383,SMC,0.4554916,0.3309974
220942,L6 CT,-0.33084774,0.009222325
73077,Pvalb,-0.34034523,-0.13117108
202351,L6 IT,-0.065516636,-0.106939316
7631,L6 CT,-0.23150049,-0.16903463
93924,L2/3 IT,-0.48687264,0.42386776
214851,L6 CT,-0.37067872,-0.1100446
113299,Astro,0.3725521,-0.3668164
114633,Pvalb,0.2504238,0.20866245
202343,Astro,-0.44384077,0.47486538
107584,Pvalb,-0.05401896,0.029534753
54467,L6 IT,-0.30338812,0.018519934
261747,Endo,0.4474976,-0.28474525
106630,Micro,0.07792227,0.3589306
108830,L4/5 IT,0.09843312,0.08280009
61741,PVM,0.13353287,-0.004968349
50777,Micro,-0.3908131,-0.22837585
261359,Endo,-0.38235414,0.13848323
73548,Micro,0.055160865,-0.038658503
107590,L6 IT,0.458412,-0.37242082
110035,VLMC,0.37773782,0.35202616
176720,Endo,-0.27524632,0.26781195
270837,L6 CT,-0.46441078,-0.07674962
180260,Oligo,-0.32030898,0.18802547
95409,SMC,0.46067494,0.33111405
220486,Vip,-0.085029826,0.36635792
360,L6 IT,0.17573272,-0.22331655
263627,Astro,0.09888141,-0.045044396
55113,L5 IT,-0.2607013,0.15530336
19438,L6 CT,-0.23165752,-0.161876
111124,Oligo,-0.23205124,-0.30232465
114774,L4/5 IT,0.03939633,0.15790111
201410,L6 CT,0.42253757,-0.24929702
73327,Oligo,0.3228485,-0.412996
59898,VLMC,0.26060653,0.38534236
11577,L2/3 IT,-0.20770536,0.2764598
54482,L4/5 IT,0.35927987,0.076931834
222057,L6 IT,0.33961743,-0.32004634
109643,Oligo,-0.49191558,0.10825133
201988,SMC,0.11455588,0.4159884
214150,Oligo,-0.10799052,-0.24199176
260085,L4/5 IT,-0.12520207,0.2599517
114776,PVM,0.11541049,0.034365114
109015,L2/3 IT,-0.47645974,0.417279
54292,L5 IT,0.22583859,-0.008858744
20235,L6 CT,-0.49183518,-0.1876466
243,Endo,-0.06356837,-0.07781109
51719,Sst,-0.26901072,0.078121245
8956,L6 CT,-0.47058722,0.07411885
221135,L6 CT,-0.32679522,-0.12755957
111093,L6b,-0.17541392,-0.22191092
9320,Astro,0.35606903,-0.15833038
20541,L6 CT,-0.0075261737,-0.2148889
106876,Vip,-0.40332514,0.31443608
234594,VLMC,-0.29218143,0.49394166
261561,L6 CT,-0.41583797,-0.14225447
115322,L6 IT,-0.286965,0.101821125
116865,L6 CT,-0.36371922,-0.0866926
106331,L4/5 IT,-0.03378643,0.14539438
97058,L6 CT,-0.18492891,-0.07262418
115367,L4/5 IT,0.4853822,0.004381355
93463,L5 IT,-0.113132134,0.056730743
263774,Oligo,-0.20992069,-0.21982291
95923,L5 IT,0.47635502,-0.309559
177042,L5/6 NP,0.30201894,-0.071306854
13735,L5 IT,0.39487064,-0.039748315
115700,L5 ET,0.1516047,-0.034676436
50383,L4/5 IT,0.50428545,-0.033800814
96539,L6 CT,-0.41662157,-0.037160072
73976,L6 IT,-0.4579109,0.06553668
53064,L5 IT,-0.17650546,0.16357571
112813,L2/3 IT,0.49963033,0.19639355
110254,L4/5 IT,0.056775138,0.12950045
111145,L6 CT,-0.2557342,-0.02353293
201985,L4/5 IT,0.11552934,0.12296617
277946,Oligo,-0.2928354,-0.23458377
61401,L6 CT,-0.29480818,0.012646582
71432,Oligo,-0.02417408,-0.1534113
234259,L2/3 IT,0.114620134,0.23739177
203407,Vip,-0.13568486,0.34225053
218327,L6 CT,-0.39639065,-0.059888784
93679,OPC,0.3445431,0.14004642
116890,Endo,0.43067676,-0.11680868
50712,L6 IT,-0.48242238,0.14342505
115698,Peri,0.49503243,-0.44081315
175256,Astro,0.3859604,0.1047737
114787,L2/3 IT,0.3338102,0.25708717
20175,L6 IT,0.10250907,-0.09577471
73222,Pvalb,0.24523215,0.058648046
220521,Astro,-0.19288017,-0.3391974
50361,PVM,0.089058265,0.22537237
175290,Endo,-0.06320612,0.29952514
260858,Oligo,-0.38147563,-0.3130677
271043,Oligo,0.07863085,-0.29667377
94532,L6 CT,-0.020642444,-0.10459331
9067,Endo,-0.04983841,0.08629018
279087,Oligo,-0.09202857,-0.26735008
277034,L2/3 IT,-0.36183548,0.37851703
114504,Sst,-0.4641303,0.2651295
263878,Oligo,-0.1743926,-0.26544124
61397,Astro,0.06319575,0.31586868
261417,L5 ET,-0.1314847,-0.0018866695
115414,L6 CT,0.12657927,-0.2610637
6753,L6b,-0.14772306,-0.21892855
263888,L4/5 IT,-0.0054313387,0.21080947
176714,SMC,0.35920966,0.32973945
260082,Oligo,-0.30437827,-0.2733577
263883,Oligo,-0.118363306,0.27252227
51299,L6 IT,-0.46484268,0.15338534
116841,L5 ET,-0.34157202,0.114827394
96894,L4/5 IT,0.13002352,0.084843636
95902,L6 CT,-0.20383625,-0.16312233
235162,Endo,-0.4743383,-0.3324305
95412,L6 CT,0.37380093,-0.18590811
51754,L6b,-0.43844447,-0.2261233
201426,L6 CT,-0.36232975,-0.0056799985
110233,L6 IT,0.35571462,-0.21469182
53063,Astro,0.16707341,-0.38062727
108720,Oligo,0.13135009,-0.3400982
175901,Endo,0.4544326,-0.4064646
110273,L6 IT,-0.42896122,0.15658128
61110,Oligo,-0.32919985,-0.21700531
244514,L2/3 IT,-0.04961522,0.25088215
93973,L6 CT,-0.20929681,-0.032870773
200548,L2/3 IT,-0.16133066,0.36692464
8935,Pvalb,0.048107788,-0.05880249
115407,L5 ET,-0.18341304,0.090425014
96568,Oligo,-0.26851648,-0.22622263
276789,L5/6 NP,0.012543663,0.018275198
107820,L5 IT,0.2350605,-0.14655516
260857,L2/3 IT,-0.023988262,0.33024353
61407,Oligo,0.027191147,-0.35248774
271417,L2/3 IT,0.39528716,0.18273115
260699,L2/3 IT,0.3977461,0.16511059
218801,Astro,0.089311585,0.38041192
