,cell_class,coord_X,coord_Y
138158,L2/3 IT,0.35247743,-0.33926922
256526,L4/5 IT,-0.17689496,0.035157442
6663,L2/3 IT,0.37474602,-0.21706638
138336,L5/6 NP,0.25907075,0.033712804
132250,L5/6 NP,-0.09377551,0.21111
554,Oligo,0.092671394,0.11794782
155201,L2/3 IT,-0.3772976,-0.10087067
56478,Sst,0.07769728,-0.28170064
28432,L2/3 IT,-0.22125131,-0.2357567
222268,L4/5 IT,-0.19956881,0.101322114
25487,L5 IT,0.29712182,-0.06061721
49389,Lamp5,-0.3927268,-0.12282619
236739,L5 IT,-0.16361725,0.36122626
22579,Astro,0.35442883,-0.37598163
49334,Vip,-0.32408762,0.40064353
193112,Oligo,0.1522296,0.43751085
48878,Pvalb,0.25410575,-0.0097082555
6253,Endo,0.1551885,-0.38906822
604,L2/3 IT,-0.26033443,-0.0793502
194998,Endo,0.40303957,-0.21316108
6811,Sst,-0.043191403,0.23102486
157733,L4/5 IT,-0.2522853,0.06648439
275949,Lamp5,0.30277205,-0.41598836
275942,L4/5 IT,0.28652042,-0.20529446
222403,Astro,-0.3848253,0.059064984
157667,L2/3 IT,0.27707392,-0.34486198
220070,Vip,-0.11914009,-0.32702464
25464,L4/5 IT,-0.008374184,-0.16169915
159981,OPC,0.20341212,0.10174477
49481,L5 IT,-0.09387478,0.34555632
24597,L2/3 IT,0.12250447,-0.2682618
138347,Endo,0.32017058,-0.2347002
229356,L2/3 IT,0.21564633,-0.3197602
192933,OPC,-0.24983415,0.14428782
28296,Oligo,0.017338872,0.1149956
24625,Peri,-0.17489356,-0.080884546
137774,SMC,0.31591356,-0.44151238
137860,Astro,0.16054457,-0.13051793
193086,VLMC,0.29449528,-0.4433386
132128,PVM,-0.14479873,-0.38542548
160069,L2/3 IT,0.15587676,-0.29157192
249407,L4/5 IT,-0.19787279,0.01035738
173492,Sst,0.12783527,-0.03576204
6373,Vip,0.25095826,-0.11411187
6393,L4/5 IT,-0.19874859,0.31841564
222365,Vip,0.37011027,-0.273788
270619,L5 IT,0.16463947,-0.05396828
56382,Pvalb,0.23707777,-0.09205672
276405,L5 IT,0.35164636,0.014154673
49030,L2/3 IT,-0.18695936,-0.24365798
6709,L5 IT,0.33252168,0.14529943
276421,VLMC,-0.1294891,-0.45497695
192996,L4/5 IT,-0.2864619,0.08066529
250351,L4/5 IT,0.1639288,-0.20083052
249017,L4/5 IT,0.35653538,-0.02335754
22440,L6 CT,0.1162591,0.21225017
28235,L2/3 IT,0.051068246,-0.30113518
178804,L6 CT,-0.029873818,0.3396197
185605,L2/3 IT,0.30114317,-0.3072576
28338,Endo,0.41084188,-0.24772695
138211,L4/5 IT,-0.1786181,0.057913482
56400,L6 CT,0.17085463,0.14983785
236905,VLMC,-0.06311715,-0.44362912
173548,L5 ET,0.019540608,-0.080732256
6273,Micro,0.25446522,0.30243844
192982,L4/5 IT,0.24109751,-0.15333837
28178,Vip,-0.03788522,0.2186104
6461,L6 CT,0.20016754,0.38710457
137785,L5/6 NP,0.045709074,0.071406126
247882,Oligo,0.12393689,0.37783796
240480,L2/3 IT,0.3763135,-0.30445942
6741,L5 IT,0.10101491,-0.038774103
137880,L4/5 IT,0.10023254,-0.126405
173528,VLMC,0.16363001,-0.4755297
56388,Pvalb,-0.36113125,0.037752748
155273,L2/3 IT,-0.33861732,-0.12343311
242343,L2/3 IT,-0.33413634,0.28564972
132262,Endo,-0.122969896,-0.41306615
27817,L4/5 IT,0.3388312,-0.058059663
187061,Sst,0.21394086,0.44503587
22855,L2/3 IT,-0.015570968,-0.25030988
271692,L4/5 IT,0.30161625,-0.08549279
221965,L2/3 IT,0.16450667,-0.3428145
136970,SMC,0.027978003,0.0846684
5661,L6 IT,-0.00355798,0.11360401
194865,Astro,-0.278405,-0.13703927
174028,L5 IT,-0.16359785,0.16421711
25517,Peri,0.002783835,0.35180843
173975,Endo,0.2160247,0.33752584
902,L4/5 IT,-0.28371137,0.19226182
173962,Endo,0.21397233,0.46915686
159861,Sst,-0.069722325,0.15830892
27957,VLMC,0.43174094,-0.38370764
137124,L4/5 IT,0.16709894,-0.19216037
193285,L6 CT,0.22969425,0.28262514
137153,L2/3 IT,0.2396999,-0.35064048
238770,L5 IT,0.15923476,0.41897064
869,L5 IT,-0.14465469,0.0932259
229495,Sst,0.20329434,-0.14219418
179295,L5 IT,0.15601838,0.0011621118
5737,Endo,-0.2805155,0.18567032
174114,Vip,0.11334354,-0.2765379
242450,L2/3 IT,0.34186268,-0.28973794
136935,L6 CT,0.18739021,0.3030532
136906,L2/3 IT,-0.3603906,0.3243661
257338,OPC,0.33554703,-0.34267664
24473,PVM,-0.18992367,0.35603684
279449,L2/3 IT,-0.14735723,-0.25621283
174334,L6 IT,0.08776337,0.13216466
23019,L6 IT,-0.08212143,0.2821445
50466,VLMC,0.42050081,-0.4093014
136749,Sst,0.27094495,-0.19387153
256653,VLMC,0.22916216,-0.49418244
23013,Pvalb,0.27004534,0.0765152
157592,Endo,0.035615623,-0.27849045
193409,VLMC,0.20243001,-0.47559565
279421,Endo,0.28664237,0.08438349
256647,L2/3 IT,-0.02351731,-0.33035025
136822,L4/5 IT,-0.20348495,-0.039817154
239121,Pvalb,-0.1603559,0.06809676
157601,SMC,0.06273025,0.25572085
180776,Peri,-0.21869853,0.30346322
27801,L6 CT,0.11489296,0.3439483
27802,Sst,-0.17848441,0.011230946
22856,L4/5 IT,0.015226662,-0.108705044
27806,L6 CT,0.036862493,0.40303522
174160,Endo,0.20381624,0.22078037
174144,Endo,0.31031442,0.3232723
229535,Peri,0.16657418,0.2851659
253548,L2/3 IT,-0.32457578,0.097489834
132388,L2/3 IT,-0.076128244,-0.28317356
155579,L5 IT,0.27257657,0.34366065
22661,VLMC,-0.2685575,-0.3750845
49711,L4/5 IT,0.19278687,-0.23365748
22658,PVM,0.27623236,-0.26274848
180984,L6 IT,0.25207382,0.124534786
49665,L6 IT,0.16230321,0.2963463
22644,L2/3 IT,-0.40168685,0.23685163
25511,Endo,0.33340794,-0.2316533
181000,L4/5 IT,0.22456908,-0.1637178
132291,Endo,0.19791049,0.1313709
137629,Endo,-0.29907298,0.01799655
6860,Endo,0.17587113,-0.14770189
6039,L4/5 IT,0.3345961,-0.12382159
738,L2/3 IT,-0.05146596,-0.35583952
181007,L4/5 IT,-0.15814525,-0.05929029
242029,L6 CT,0.10226202,0.31096256
49586,L4/5 IT,0.20744652,-0.10312164
173740,L2/3 IT,-0.2577289,0.31006372
137633,L5 IT,0.27379596,0.058061242
222196,Endo,-0.31047004,-0.16408622
187134,L2/3 IT,0.3625577,-0.29580846
173672,L6 IT,-0.035876602,0.016524613
49537,Pvalb,-0.226587,-0.24837047
222222,Oligo,-0.02705568,0.31730306
271739,Endo,-0.28797793,-0.0060183406
159871,L4/5 IT,-0.11763483,0.0027383566
173807,Astro,-0.046512097,-0.43830127
237009,VLMC,-0.15203962,-0.4289154
132386,Endo,0.10728073,-0.43593925
27982,PVM,-0.45973915,0.14280647
137175,L6 CT,0.11562872,0.2979493
178644,Pvalb,-0.062028915,0.3871739
137242,L6 CT,0.36072993,0.14400864
49968,Vip,0.29472256,-0.253089
137246,L5 IT,0.04810953,-0.08537394
56157,L4/5 IT,0.40402466,-0.03848359
49917,Endo,0.255067,-0.07629001
230406,L4/5 IT,0.17143935,-0.15623316
270650,L6 CT,0.11107749,0.114753604
220085,PVM,0.13728958,-0.40946674
242061,L5 ET,0.10423952,0.049729466
49867,Micro,0.19983596,0.3325376
179282,L2/3 IT,0.17648536,-0.2731592
173829,VLMC,0.27322608,-0.46626988
137354,L5 IT,-0.16299859,0.2390914
137380,L5 IT,0.08033621,0.2878182
185682,L2/3 IT,-0.29792747,0.07723302
173823,L2/3 IT,-0.11947349,-0.22411668
178675,Astro,-0.29600328,0.26905602
137431,L2/3 IT,0.08530289,-0.3780796
132302,L4/5 IT,-0.24696937,0.14822143
252761,L4/5 IT,-0.27370995,0.04074031
157753,OPC,-0.44155398,0.29260784
173293,Endo,-0.3559428,0.12718058
48763,L4/5 IT,0.3225751,-0.071074635
7847,Micro,0.19224548,-0.4026634
185,L2/3 IT,-0.17611286,-0.2601993
252636,Peri,-0.35679618,-0.18457565
131835,Endo,0.10383624,-0.25578102
7878,L5 ET,0.308033,0.0701673
250468,Astro,-0.39247674,-0.08125466
47344,L2/3 IT,-0.28628033,0.2837184
172428,Oligo,0.1341995,0.015380263
47343,L5 ET,0.29690856,-0.0013665259
154488,L4/5 IT,-0.20100942,0.29811126
154483,L4/5 IT,-0.19824174,0.044064403
29224,Astro,-0.46527177,0.1153779
29274,L6 CT,0.26836675,0.22028434
139507,VLMC,-0.45005035,-0.05758992
139541,OPC,0.104380846,0.2638371
29287,Endo,-0.29728204,-0.18841672
157932,L2/3 IT,0.22599745,-0.30326673
131808,L2/3 IT,-0.36631086,0.3264014
158231,L2/3 IT,-0.28879228,0.32716322
236335,Peri,-0.36256802,0.18986535
22045,L4/5 IT,-0.24404073,0.23410016
172357,L2/3 IT,0.06520456,-0.33400118
22040,L2/3 IT,-0.0700998,-0.23731366
29307,Vip,-0.21697581,-0.25837862
154474,Peri,0.14163274,-0.027586222
22029,L2/3 IT,-0.15617713,-0.27042097
172490,Astro,0.022324324,0.078008175
24826,L4/5 IT,0.20710951,-0.25315168
154564,VLMC,0.43453777,-0.3906465
192575,Sst,-0.03397712,0.18665987
131854,L2/3 IT,0.11805886,-0.28676617
239585,L2/3 IT,-0.36383498,0.15123773
154560,Oligo,0.2711522,0.10164511
24814,L2/3 IT,-0.12149581,-0.18202853
158319,L2/3 IT,-0.3260554,0.3135003
47526,L4/5 IT,0.35079676,-0.053326935
7745,L6 IT,0.2598452,0.2885465
236435,Micro,0.23132294,0.00046682358
230,L2/3 IT,-0.17946905,-0.3243033
230547,L2/3 IT,-0.3476627,0.31793433
192545,Pvalb,-0.16394171,-0.10346061
139287,Astro,-0.16717651,-0.3173104
272074,L2/3 IT,0.3384629,-0.33789974
172555,Astro,0.13693309,0.31521738
280292,L6 CT,0.08984333,0.27444434
139304,L2/3 IT,-0.37736273,0.036477566
239072,Endo,-0.46326578,-0.008358061
47399,Endo,-0.21637493,0.030909956
249358,Micro,-0.26062867,0.22802538
172491,L2/3 IT,-0.28057575,-0.18113014
185487,Astro,-0.23949996,0.3013121
29210,L2/3 IT,-0.33319864,0.019988835
131850,L6 IT,-0.04365033,0.19814396
185493,L5 IT,0.19662946,0.48966014
157986,Endo,0.24033076,0.07590145
154413,Oligo,-0.109971225,0.40705162
8168,Pvalb,0.1855821,0.26261145
172074,Pvalb,-0.15088451,0.34822863
272190,L5 IT,0.15008491,-0.024486989
246956,L6 IT,0.005984664,0.30249768
46823,L2/3 IT,-0.30556417,-0.055067837
8229,SMC,-0.4551697,0.24728572
154367,VLMC,0.001268208,-0.4518017
46769,L2/3 IT,-0.33607632,0.08729458
239054,VLMC,-0.14676905,-0.41880155
192330,Endo,0.17252046,-0.36130702
139873,Vip,0.054979384,-0.27769762
46931,L2/3 IT,-0.20561388,-0.17980814
29527,L2/3 IT,-0.009896249,-0.21578926
179059,Endo,-0.17099938,-0.043830603
236232,Endo,0.14550179,-0.4020747
46679,L4/5 IT,-0.25055435,0.28203773
272218,L6 CT,0.26230192,0.39012045
256189,L4/5 IT,0.14015967,-0.23215914
276014,L2/3 IT,-0.3742434,-0.022569716
131619,Oligo,-0.0047218204,0.17913121
253697,L5 ET,-0.048983514,0.38152057
236215,L2/3 IT,-0.32255995,-0.15584937
46606,L2/3 IT,-0.38346112,0.22747159
172008,L2/3 IT,-0.2256077,-0.16394842
29570,L2/3 IT,-0.36919415,0.33022672
160584,L6 CT,0.0908761,0.3156113
223080,Oligo,0.0967406,0.2105422
139760,Astro,-0.44684514,0.236574
8006,L5 ET,0.08313322,-0.0021178424
172238,L4/5 IT,0.12253302,-0.14606786
47185,L2/3 IT,-0.20721865,-0.18150756
222988,Endo,0.123007715,-0.18072936
172226,Astro,0.2885387,0.022646248
187475,L5 IT,0.07831597,-0.09057775
181521,L6 CT,0.19677472,0.26600766
160585,Lamp5,0.39931154,-0.12328717
29331,Sst,0.26896042,0.08658236
178992,L6 CT,0.074302614,0.38417673
192411,Peri,0.3309031,-0.022006184
8133,Endo,0.014599323,-0.29145902
172174,L6 CT,0.19428515,0.05292368
230589,L6 IT Car3,0.06942618,0.35032237
47023,PVM,-0.1580584,-0.16359279
57061,L2/3 IT,-0.036048383,-0.35233194
160627,L4/5 IT,-0.27649653,0.048143625
25037,L5 IT,-0.11684406,0.0013088584
223053,L4/5 IT,0.24907553,-0.14282495
179018,Pvalb,0.04899025,0.027497053
46965,L6 IT,-0.048573583,0.13419145
139717,L4/5 IT,0.37733263,-0.017175406
172147,L6 CT,0.056046486,0.26837587
160645,L5 ET,0.12379968,0.39934915
272157,Peri,-0.21672153,0.057113886
139216,Vip,0.116175115,-0.30949375
172674,L5 ET,-0.07719311,0.011089206
24799,L2/3 IT,-0.12067184,-0.27679586
28594,Micro,0.09360236,-0.36250323
48447,L6 CT,0.054409683,0.25246477
28626,Astro,-0.33440155,0.0061851144
7059,L2/3 IT,-0.16991371,-0.1810287
240645,L2/3 IT,-0.24481547,-0.23303285
48441,L6 CT,0.028305054,0.13348806
48410,L4/5 IT,-0.23101568,0.11922979
222544,Pvalb,0.29759306,-0.13329709
7060,L2/3 IT,-0.39551806,0.066030204
7066,Sncg,0.11917126,-0.42829874
138591,L2/3 IT,-0.35261405,0.14168209
173182,L2/3 IT,-0.3784341,0.12788635
181235,L2/3 IT,-0.31429487,0.0642311
48335,L6 CT,0.1817342,0.34393752
236663,L2/3 IT,0.025464773,-0.3111356
279121,L4/5 IT,-0.26586503,0.28434741
178874,L6 IT,0.2940746,0.062582195
154961,Peri,-0.07847628,-0.06588283
249385,Pvalb,-0.30434167,-0.088923216
48226,L6 CT,0.17654926,0.17196715
181263,L5 IT,0.3309114,-0.027745456
48200,Endo,0.05938542,-0.20626211
246895,Astro,0.31770802,0.15824705
28678,Micro,-0.16158193,0.15438443
138636,L2/3 IT,-0.3235523,-0.15406963
154945,Peri,-0.4238578,-0.037999034
48498,L5 IT,0.091468215,-0.16197151
222511,Astro,-0.1412763,-0.36631095
155050,L4/5 IT,-0.11872113,-0.11132085
157758,L4/5 IT,0.06746441,-0.17151889
6920,L2/3 IT,-0.26830465,-0.20301828
48745,L4/5 IT,-0.09076065,-0.17558342
48735,Pvalb,0.08319646,-0.1350295
155046,Peri,0.31129974,0.25313646
160216,L2/3 IT,0.18266469,-0.3669464
187262,Sst,0.19020408,0.048528373
158489,L4/5 IT,-0.25134045,0.05873382
138436,L6 CT,0.12994528,0.07266885
192896,Pvalb,0.119116426,0.15969044
48499,L2/3 IT,-0.070752025,-0.2926511
138450,L4/5 IT,-0.25032428,0.07373047
138525,L6 IT,0.24708903,0.29523176
155725,SMC,-0.24405438,-0.12271011
160240,L2/3 IT,0.18298674,-0.31507444
173212,L2/3 IT,-0.23197433,-0.10043681
138552,Micro,-0.13748017,-0.11651224
173209,L6 CT,0.16903466,0.24676967
247864,L2/3 IT,-0.27455693,-0.17579141
495,L4/5 IT,-0.26941594,0.08218908
173201,L4/5 IT,0.2640881,-0.16415799
192851,Pvalb,0.13598025,0.116627514
48506,Oligo,-0.17574197,0.2286259
160218,L4/5 IT,0.3485862,0.03610933
222617,Oligo,0.121775866,0.23808491
154915,L6 IT Car3,0.06119758,0.3586914
138741,Sst,-0.12644207,-0.11487198
275283,L2/3 IT,-0.37694684,0.24373096
131926,Astro,-0.20678198,-0.35345298
270553,L2/3 IT,-0.31932175,0.30007344
222739,L2/3 IT,-0.15048072,-0.18212071
7489,L4/5 IT,0.056044877,-0.16114318
47845,L6 CT,-0.0527865,0.29515684
256397,L6 CT,-0.003042817,0.28832597
272019,Endo,-0.084674805,-0.27825832
139040,VLMC,0.43023592,-0.40456545
275965,VLMC,0.13471138,-0.47283763
29004,L4/5 IT,0.22181946,-0.24999762
230694,Oligo,0.03625828,0.43804377
160417,L4/5 IT,-0.26918033,0.05596429
157824,L2/3 IT,-0.23634022,-0.23796442
131906,L6 IT,-0.04022166,0.1502313
139058,L2/3 IT,-0.23099378,-0.3003364
154624,Endo,-0.2897636,0.2624541
172726,L2/3 IT,0.21076548,-0.33817047
139190,Pvalb,0.18276447,-0.20557073
56792,Pvalb,-0.11510694,-0.046381205
272058,L2/3 IT,-0.12575775,-0.20330685
25256,L5/6 NP,0.22735167,0.010900199
279040,Peri,-0.24099287,-0.25161326
241943,L4/5 IT,-0.049948215,-0.19295934
47749,Astro,0.2443105,0.18153268
172777,L6 IT,0.22582746,0.15152127
160305,Endo,0.31978357,0.006289065
236561,L4/5 IT,0.03036201,-0.19888735
56605,L6 IT Car3,0.0021731257,0.31604868
7164,Astro,-0.24420905,-0.33225313
25342,L2/3 IT,-0.2673035,0.27949113
56618,L2/3 IT,-0.22102809,-0.21789694
7204,L2/3 IT,0.12662876,-0.35121262
48043,L5 IT,0.13686955,-0.030954987
7265,Sst,0.27304482,0.11250782
172935,L2/3 IT,-0.030629069,-0.3042302
271992,VLMC,-0.47495613,0.038969994
138776,L6 IT,0.08296907,0.14030248
236610,L5 IT,0.055231392,0.34837335
138815,L2/3 IT,-0.24546242,-0.14135411
47968,VLMC,0.3961481,-0.3803477
252699,L6 CT,0.08032489,0.040189683
157817,OPC,0.11992884,-0.14862919
185550,Pvalb,0.117114305,0.15640318
22224,L5 IT,-0.20902762,0.19568068
47913,Endo,0.10943121,0.15745294
56650,L2/3 IT,0.32685792,-0.3015215
236583,L2/3 IT,0.074895024,-0.36412358
181322,L2/3 IT,-0.25059307,-0.161033
236578,Micro,0.11828166,0.30134445
238909,L5 IT,0.082317054,0.43543172
25288,Astro,0.20663893,0.23197955
154659,L5 IT,0.29707384,-0.031850666
28466,L2/3 IT,0.17368722,-0.32466972
136695,L2/3 IT,0.4307205,-0.1313518
132487,L6 CT,0.13096952,0.38104874
185721,L2/3 IT,-0.30542767,-0.043338448
53370,Endo,0.24328548,-0.1039744
159313,OPC,0.34889257,-0.2054809
53368,L6 IT,0.2798379,0.21080351
185867,L4/5 IT,-0.17697665,-0.11611715
54999,Peri,-0.028508812,0.32551885
253242,Oligo,0.23406392,0.18508393
279850,L6 IT,0.03512013,0.05755955
53360,Endo,0.27513653,0.33362478
186705,Endo,0.22105283,-0.37935683
242263,L6 IT,0.10857606,0.1513257
276174,Sst,-0.022497743,0.10167605
53390,Endo,0.17831445,0.09718782
238008,L4/5 IT,-0.22555351,0.08688074
275884,L4/5 IT,0.34740162,-0.038642436
253258,Vip,-0.061060786,-0.07087177
159326,L5 IT,0.33663487,-0.009090424
257019,L2/3 IT,-0.32599184,0.032270968
240680,L4/5 IT,-0.10497981,-0.1451042
53272,L6 CT,0.2554652,0.104257226
3095,Astro,0.09391546,0.19654107
24287,L4/5 IT,0.30847174,-0.07000819
134631,Lamp5,-0.42162827,0.22474515
239255,L5 IT,0.07681829,-0.07066825
194138,L2/3 IT,-0.12321994,-0.2511242
242260,Vip,0.2405901,-0.24333555
53213,Peri,0.20543897,0.07889563
53398,L5 ET,0.04128498,-0.08147371
230039,Astro,-0.37427467,-0.06942317
179932,Pvalb,0.041696727,-0.013554722
186623,L2/3 IT,-0.34496373,0.22691333
220842,L5 IT,0.2894423,0.025405467
238532,Oligo,0.08158147,0.23986053
176753,L6 CT,0.1648575,0.14657032
177962,L6 IT,0.086491644,0.1462934
134332,L2/3 IT,0.06646693,-0.3040441
252862,VLMC,0.4852577,-0.26422244
220460,Endo,0.19827086,-0.18278715
156961,Lamp5,0.30522335,-0.40238908
23750,L2/3 IT,-0.3250362,-0.14651507
23734,VLMC,0.355222,-0.439089
230049,SMC,-0.45962608,0.016214788
194193,L6 IT,0.16501153,0.081059694
176721,L2/3 IT,-0.38337,0.17025763
185999,L4/5 IT,0.18761331,-0.23605508
176663,SMC,0.25297004,-0.30433863
252855,Pvalb,0.11817515,-0.24853766
220866,L6 CT,0.32426775,0.1967746
2973,L5 IT,0.296997,-0.034729004
133461,Pvalb,0.16513968,0.4875419
2983,L6 CT,0.20891821,0.35394198
133459,Endo,-0.24673387,0.14603657
246644,L5 ET,0.32023454,0.16436279
177964,Pvalb,-0.1337586,0.15835041
185862,VLMC,-0.4578659,-0.08115342
194136,Endo,-0.40420908,0.3042326
134670,L2/3 IT,0.1151157,-0.35433838
279811,Astro,0.050633848,0.21144944
270852,L2/3 IT,-0.33402267,-0.15068951
26641,L2/3 IT,-0.36961102,0.06886387
26680,L4/5 IT,0.33441705,0.08561957
279802,L5 IT,0.0810706,-0.047436774
275684,L4/5 IT,-0.13856259,-0.17668977
133340,Endo,0.34111607,0.036888063
176375,Endo,-0.39586756,0.33012992
253299,Endo,0.14470643,-0.20717108
194040,L4/5 IT,-0.03041318,-0.21283874
3419,L6 IT,0.18996757,0.29862374
23667,L5 IT,0.2302835,-0.06613067
3425,OPC,-0.20041376,0.08161163
52528,Endo,-0.18416086,0.098881006
26742,OPC,0.28118813,0.10098016
24298,L5 IT,-0.16897556,0.2916224
135068,Lamp5,0.3904367,-0.18626487
135082,L5 ET,-0.06541604,0.10526788
135085,Peri,0.061531425,0.3047374
26754,Astro,0.28780848,0.3365323
135131,L2/3 IT,-0.3280248,0.19072133
26759,Micro,-0.18616652,-0.042095542
176162,Lamp5,0.18429798,0.026629448
3589,Lamp5,-0.07529828,-0.3686058
249788,L2/3 IT,-0.34895912,-0.069609106
221116,L2/3 IT,-0.23305887,-0.26485053
3323,L2/3 IT,-0.025844634,-0.24846715
237930,L4/5 IT,0.09216702,-0.25565922
249769,Astro,0.14697254,0.2679243
249771,Vip,-0.3058112,0.1584832
185853,L5 IT,-0.15927452,0.38241386
53128,L4/5 IT,-0.15029684,-0.003088504
133428,Endo,0.22006762,0.30397463
249172,Astro,-0.45567593,0.12635773
134743,Astro,-0.16277993,-0.0044276416
1606,Vip,0.12980193,-0.086113095
242257,L2/3 IT,-0.1533395,-0.3100944
186739,Astro,-0.43536532,0.2677378
156601,L2/3 IT,-0.37637654,-0.06334472
186473,L4/5 IT,-0.21027535,0.104943156
53014,PVM,0.26489335,-0.12031302
134844,PVM,0.19724065,0.3570652
156591,L6 CT,0.07809186,0.18876332
178122,L5 IT,-0.115823954,0.08974713
3190,L4/5 IT,-0.2508953,-0.022150517
1597,Astro,0.24550891,0.28814632
52885,OPC,0.24651623,-0.43725964
176504,L2/3 IT,0.039389312,-0.34978446
221044,L6 IT,-0.09278515,0.11838019
52865,L2/3 IT,-0.2980912,0.13981867
240724,Endo,0.13611853,-0.22121477
249772,L4/5 IT,0.26128983,-0.10494441
186011,L2/3 IT,-0.16026506,-0.19097689
249709,PVM,-0.15503061,-0.25068012
23615,L2/3 IT,-0.16131505,-0.24094915
220837,L5 ET,-0.014211655,0.43091553
194232,L4/5 IT,-0.14017409,-0.15086392
54279,Micro,-0.11229864,0.39040142
133633,Sst,0.24670655,0.017854452
257147,L2/3 IT,0.3956477,-0.28335273
2084,SMC,-0.34378117,0.33067632
220632,VLMC,0.014813006,-0.47084463
157349,Pvalb,-0.2622686,-0.049857706
158946,L4/5 IT,-0.09770644,-0.19678602
2233,L2/3 IT,-0.11500004,-0.18763226
177435,Astro,0.21061343,-0.03191915
54178,L5 IT,-0.10997918,0.089420676
54151,L2/3 IT,-0.13474566,-0.29879612
177900,L2/3 IT,-0.38319966,0.27928513
25919,Pvalb,-0.13697723,-0.1250202
133895,L4/5 IT,-0.16363546,-0.119749606
1802,L5 IT,-0.19658947,0.12412828
158935,Pvalb,-0.16729033,0.28036618
25949,PVM,-0.11861512,-0.003261745
194325,L2/3 IT,-0.19636932,-0.14109033
242348,L2/3 IT,-0.1921899,-0.3109542
1789,L6 IT Car3,0.14408213,0.17616206
54057,Oligo,0.23304528,0.32080352
179736,L2/3 IT,-0.30211386,0.27978152
25978,VLMC,-0.3004784,-0.32621816
179748,Astro,0.20919299,0.2754326
25942,Lamp5,0.2602353,-0.4658954
279944,L5 IT,-0.15255046,0.043194354
194393,Vip,-0.0029616058,-0.082255185
257174,L2/3 IT,-0.18220955,-0.29017323
194439,L2/3 IT,0.34913337,-0.31496912
276100,L5 IT,0.18070602,-0.027352244
280016,VLMC,0.4413957,-0.38951325
230262,Astro,0.04012084,-0.20518976
194431,Vip,0.03455609,0.46615076
220588,Lamp5,0.31181318,-0.39778113
257153,Astro,-0.047384292,0.118879855
25844,PVM,0.29282367,0.30119324
25873,Astro,0.22890633,-0.16754648
238417,L5 IT,0.14621949,-0.029529333
1913,L4/5 IT,-0.27483368,0.20213467
2073,Astro,0.28574663,0.11783993
25834,Pvalb,-0.099809766,-0.18011779
1921,L6 IT,0.12416202,0.42228824
220596,PVM,-0.277,-0.34744567
54443,L6 CT,0.17092782,0.41173524
54439,L4/5 IT,0.18025899,-0.1444462
177784,VLMC,0.12204534,-0.4682512
230252,L4/5 IT,-0.2013095,-0.083482206
25891,Astro,0.40438265,-0.38045967
248099,L2/3 IT,-0.17307219,-0.2190415
54421,L6 CT,0.13468313,0.39388013
230240,Lamp5,0.09158784,-0.4118951
177680,Endo,0.18361723,0.24298888
230286,L5 ET,0.13831449,-0.02978316
186486,L2/3 IT,0.058038533,-0.28454673
177344,Endo,-0.27075386,0.21702898
24081,Astro,0.11472994,-0.37957898
157044,Astro,0.1920833,-0.41339707
177135,Peri,-0.32460997,0.33264947
220774,L6 IT,0.045458853,0.2047925
177938,Oligo,0.014423132,0.19719774
53698,Pvalb,0.18947291,0.16130334
133567,Astro,-0.20626667,-0.22548047
2575,L5 IT,-0.09897721,0.033771932
194494,L6 IT,0.037800252,0.23669833
24253,L5 ET,-0.011929095,-0.010002404
157368,Pvalb,0.2554286,-0.09386104
133518,Endo,0.21649498,0.16992092
157088,OPC,0.19384265,-0.3378119
238142,Endo,0.2834106,0.24142516
179841,Micro,0.40065408,-0.38456014
134204,Oligo,0.18229222,0.4408794
177015,L6 CT,0.20717096,0.050578356
176937,L6 CT,0.15600848,0.2566201
230944,SMC,0.010895073,-0.10837749
270874,PVM,0.40369803,-0.34432495
134215,PVM,0.4802956,-0.22673777
176927,L4/5 IT,0.38261253,-0.172452
23945,Peri,0.4232772,-0.18677232
23926,Oligo,0.15417522,0.34435242
157004,Astro,0.17152214,-0.30804357
220467,L4/5 IT,-0.20928463,-0.07495296
26129,VLMC,-0.42229703,-0.25109154
186572,L2/3 IT,0.24641973,-0.3413657
280038,Pvalb,-0.2447345,0.051780164
24077,L4/5 IT,-0.0066584945,-0.11128208
220694,L6 IT,-0.03356427,0.0006144047
157154,VLMC,0.09487218,-0.44095105
158925,L5/6 NP,0.2906841,0.13663262
24071,L2/3 IT,0.062022805,-0.3548952
249635,L2/3 IT,-0.28798747,0.32766306
2458,L5/6 NP,0.292359,0.054947555
179542,L6 IT,0.10281938,0.35498267
186541,L5 ET,-0.018641382,0.15108258
159010,L4/5 IT,0.034781873,-0.16599086
271022,Astro,0.01619643,-0.184953
257096,L2/3 IT,0.10711753,-0.33351594
253181,L2/3 IT,-0.23120138,-0.11106798
54669,L6 IT,0.16317683,0.08853632
53845,VLMC,-0.32596815,-0.30936635
238504,L6 CT,0.18646657,0.16826284
26076,Astro,0.21942824,-0.16715926
53781,L2/3 IT,0.3732401,-0.21379614
177209,L4/5 IT,-0.12834695,-0.052098393
177188,PVM,0.34864038,0.2018109
134116,VLMC,0.25899667,-0.4523665
54820,L4/5 IT,0.3466519,-0.07700589
26122,L2/3 IT,-0.3500347,-0.05721602
2534,L2/3 IT,0.35446924,-0.2961105
54836,VLMC,0.08863038,-0.4895381
159137,L4/5 IT,0.026908517,-0.14409944
27739,Endo,0.10730958,0.21799219
180150,Pvalb,-0.12691346,0.075574756
1512,Oligo,0.24282897,-0.20186406
51482,L2/3 IT,-0.2709371,0.27177447
174903,L2/3 IT,-0.021912485,-0.2916047
159623,Astro,-0.27196908,-0.2292786
180595,Vip,-0.31327644,-0.101432085
136140,Oligo,0.23173898,0.1749013
159626,L6 IT Car3,0.1719675,0.27680582
174842,OPC,0.039715946,0.35690206
275934,PVM,0.08331305,-0.44999856
51320,L4/5 IT,0.17047966,-0.104154974
279540,Pvalb,0.32582778,0.088401794
174823,Vip,0.11904967,-0.27710146
156044,PVM,-0.20893374,-0.24358705
4851,L2/3 IT,0.041089594,-0.2913118
51259,Astro,-0.15008387,-0.07538307
27291,L2/3 IT,0.115036726,-0.31397858
186390,L6 CT,0.06279874,0.4080336
51243,L5 IT,0.18498695,0.082672894
1162,L4/5 IT,0.28046447,-0.18041763
4892,Pvalb,-0.13890898,-0.21921426
136348,L6 IT,-0.06374204,0.12953568
51163,Micro,-0.15016797,-0.01468268
51150,L2/3 IT,-0.092703134,-0.20104486
51145,L4/5 IT,-0.07712361,-0.14022446
231228,Peri,0.23343593,0.42234534
55661,L5 IT,-0.1666094,-0.004372418
136430,L6 CT,0.0064923763,0.42506826
193681,L2/3 IT,0.25357115,-0.40159747
136043,L6 IT,0.13232571,0.04967785
221464,Lamp5,0.37387675,-0.40436134
51779,PVM,-0.04210335,0.42115182
156183,L2/3 IT,-0.051607907,-0.25820714
175004,Sst,0.14147168,-0.04191774
51769,L5 IT,-0.07147387,0.07881206
51768,Endo,-0.11903435,-0.39894006
135943,VLMC,0.43577158,-0.38731644
237422,L2/3 IT,-0.16180271,-0.17316675
186889,L5 ET,0.10186952,-0.026412189
25642,VLMC,-0.0070109367,-0.47489455
51693,L5 IT,0.22538519,-0.001033634
27194,L2/3 IT,0.047458887,-0.2958361
271423,L4/5 IT,-0.17742321,0.023428738
221507,L4/5 IT,-0.3012601,0.15463603
158734,L2/3 IT,-0.008945733,-0.33547032
178447,L6 CT,0.15080887,0.45514607
221510,L6 CT,0.033398867,0.27898484
135975,VLMC,0.41460162,-0.39243415
51627,Astro,0.21715605,0.37605613
180583,OPC,-0.19498968,0.03415692
55616,L4/5 IT,0.2752602,-0.17541757
51610,L5 IT,-0.14928454,-0.009924918
275579,L2/3 IT,-0.31109527,-0.021503508
4746,Micro,-0.3585233,-0.09356135
27136,L5 IT,0.29138553,-0.002189964
159674,SMC,-0.19693896,-0.38100952
247926,L4/5 IT,-0.23122069,0.22660452
1101,L6 CT,0.15609783,0.45283657
5182,Micro,0.31781828,-0.316428
27597,L2/3 IT,-0.29098648,-0.11918032
280167,L5/6 NP,0.08834642,0.003528297
23169,L2/3 IT,-0.30061126,0.14166355
180681,L2/3 IT,0.14247137,-0.29218608
50655,L2/3 IT,-0.25717986,-0.18992308
252772,L4/5 IT,-0.107717544,-0.08044261
5201,Peri,-0.25135446,-0.026324451
276095,Endo,-0.15918356,-0.05796039
220167,OPC,-0.2851075,-0.32959688
23119,Pvalb,-0.3113925,0.34016192
194816,Endo,0.090753436,0.32319516
270673,L5 IT,-0.1827803,0.025939941
5211,L2/3 IT,-0.27766454,-0.185897
136651,L4/5 IT,-0.07112488,-0.17034525
193465,L4/5 IT,-0.23000616,0.14635944
279463,L2/3 IT,-0.31781256,0.31664604
50586,PVM,-0.13833892,0.32996583
50579,Endo,0.2314105,-0.370523
276323,L2/3 IT,-0.13808873,-0.30025694
159800,L5 IT,-0.12034306,0.08701813
174469,L2/3 IT,0.23729628,-0.3032881
56071,L2/3 IT,-0.095108,-0.22982231
249281,L2/3 IT,-0.20169589,-0.2492032
250158,L5/6 NP,-0.12447873,0.09429932
136568,Astro,0.29718107,-0.29595113
246784,L5/6 NP,0.21479857,-0.04059583
55982,OPC,-0.20191678,-0.0904786
159677,L4/5 IT,-0.2518694,0.301328
27366,VLMC,0.36630428,-0.43250915
55790,SMC,0.25574988,0.25564468
159688,L2/3 IT,-0.3175609,0.27027357
51016,Sncg,-0.070050925,0.1810565
229654,OPC,-0.3661065,-0.013231099
242136,L2/3 IT,0.3408925,-0.19459933
257311,Pvalb,-0.31581306,0.037486553
174762,Endo,0.39421743,-0.29809684
179320,Vip,-0.07832876,-0.3114824
194774,L2/3 IT,0.3589933,-0.25595033
50978,L2/3 IT,-0.36898673,-0.005295545
155864,Micro,0.14436454,-0.061350763
238735,L2/3 IT,-0.33043504,-0.017828584
55878,OPC,0.21724576,0.13204426
276283,Astro,0.31447417,0.21159446
50915,L2/3 IT,0.069999695,-0.38519368
27518,L2/3 IT,0.2341131,-0.33521938
136507,Astro,0.092265904,-0.18066067
50878,Endo,0.33344996,-0.40957597
1025,L5 IT,-0.10712665,0.25382185
174636,L2/3 IT,0.37796175,-0.3233717
280166,L2/3 IT,0.09655213,-0.2773494
55971,L6 IT,0.04182303,0.34455532
5138,Oligo,0.16308618,0.20199859
229774,L2/3 IT,-0.0056561828,-0.33665118
186783,L4/5 IT,0.14795345,-0.22175896
23360,L6 IT Car3,0.12260473,0.35147887
249097,L2/3 IT,-0.3516798,0.26918125
229893,L6 CT,-0.066723585,0.335316
156477,L5 IT,-0.04934603,0.23126513
175771,Peri,0.29196858,0.32702482
1401,L5 ET,-0.071630925,-0.016244113
135350,VLMC,0.12334502,-0.48790732
276204,Astro,0.31659412,0.088961184
26856,VLMC,0.029552102,-0.45256922
175756,L2/3 IT,-0.062725216,-0.33386302
229870,Pvalb,0.11724383,0.40292192
52275,Endo,-0.31654632,-0.015217483
240530,Oligo,-0.059821457,-0.07823396
24334,L2/3 IT,-0.049711794,-0.32782802
156430,L6 IT,-0.10410914,0.2609098
157419,Endo,0.34443122,0.08618355
175748,L5 IT,0.3211766,-0.010768175
52264,L5 IT,-0.01793611,0.028875291
55324,Pvalb,-0.07355711,0.2197097
279684,OPC,-0.051260173,-0.0903388
246571,L2/3 IT,0.070109606,-0.28295946
3986,Pvalb,-0.078260034,0.1017493
276208,Peri,0.2389369,-0.20063022
4035,L2/3 IT,0.07225484,-0.35317385
156353,Astro,-0.14055365,-0.12576142
159406,OPC,0.32703137,0.21813726
175755,PVM,0.39259535,-0.44575018
135508,L5 IT,0.30074888,-0.07103339
135287,Endo,0.1863153,0.058107257
55284,L6 IT Car3,0.28308904,0.17052615
249866,L2/3 IT,0.19183064,-0.3764369
231077,Endo,-0.1835652,-0.06457403
178160,Astro,-0.42872077,0.3511306
175946,Vip,0.33440185,-0.34267944
23593,Astro,-0.08321974,0.1811682
242234,L2/3 IT,-0.101126045,-0.27588263
135164,OPC,-0.077198625,-0.14424789
55217,L2/3 IT,0.2971686,-0.20963982
23564,Astro,-0.018131763,0.09369421
135183,VLMC,-0.27455252,-0.36968413
3671,VLMC,-0.29791924,-0.36451676
249119,Astro,-0.14658138,-0.23390117
156504,Sst,0.026545763,0.16692501
238603,L2/3 IT,-0.34939697,-0.0021872818
249126,Endo,0.2606306,-0.42694807
133289,L2/3 IT,0.023125112,-0.21289918
133287,Astro,-0.43871564,0.070571244
279734,Pvalb,0.063928485,0.04995972
157416,Pvalb,0.33938915,-0.21226421
256927,L5 IT,-0.18699187,0.25506115
249925,Pvalb,-0.18912446,0.09251404
175816,L2/3 IT,-0.14783627,-0.21341118
175802,Endo,-0.24258095,-0.062448144
256916,L5 IT,-0.1821777,0.07469225
178176,L5 ET,-0.067046255,0.06920433
26936,Sst,-0.20901039,0.35227025
135517,L2/3 IT,0.37424117,-0.24611679
4061,L5 ET,-0.004979819,0.090265095
4352,L5 IT,0.017605782,-0.03639263
135748,L2/3 IT,-0.25033683,-0.11206207
237486,Endo,-0.26524088,-0.17919004
193784,Astro,-0.2828735,-0.06282669
229815,L6 CT,-0.004620105,0.23843795
247946,Astro,-0.089429796,0.2456404
51916,Vip,0.2566452,0.29079223
4466,L4/5 IT,-0.24070135,0.23846883
194601,L6 IT,0.2175684,0.062409878
51913,Peri,-0.4540444,0.023933887
175070,Astro,0.038807034,0.3840567
4343,SMC,0.16682231,-0.00022533536
23417,Endo,0.07204586,-0.1441181
135854,L2/3 IT,0.027464807,-0.2615124
238656,Endo,0.15869862,-0.34707272
239352,Vip,0.2861408,-0.25509512
271401,Endo,-0.24294779,0.28456694
51828,Pvalb,-0.20845875,0.37932694
51825,L6 CT,0.09786099,0.41556054
4548,L6 IT,0.23393512,0.29734486
133173,L6 IT,-0.07622525,0.18691915
256797,PVM,-0.40369555,-0.11494842
249262,Endo,-0.28675735,0.20459712
1272,Micro,-0.35791057,0.23604995
230822,VLMC,0.2607063,-0.4492835
4324,L4/5 IT,0.31250685,-0.17597368
159474,L2/3 IT,-0.3376428,0.015027463
1328,L2/3 IT,-0.33402228,0.21400958
135583,L2/3 IT,0.37401158,-0.2801623
1377,Astro,0.061458826,-0.43527776
135587,Oligo,0.25871646,0.22773916
240571,L4/5 IT,0.23780656,-0.20596462
237613,Astro,0.0863533,-0.4538809
156342,L5 IT,-0.059818447,0.24191964
4092,Micro,0.1383937,0.12824678
186022,L6 CT,0.11830133,0.3503238
52065,L5 IT,0.12258625,-0.024815053
237594,L2/3 IT,0.30935585,-0.27191877
23439,L4/5 IT,0.36731,-0.05355352
280144,L5 ET,0.24452698,0.16058111
253099,L6 IT,0.13108408,0.35664362
4218,L4/5 IT,-0.22527623,-0.11649841
135632,Oligo,-0.2925801,0.10310078
186853,OPC,0.1321882,0.010359585
23430,Endo,-0.34856355,0.15823585
135635,Micro,-0.43383768,0.2889945
231160,Micro,0.027204514,-0.39263618
175333,L2/3 IT,-0.2654589,-0.06817824
52036,SMC,-0.17350388,0.23075473
26988,SMC,-0.147984,-0.048910916
242209,L6 IT,0.020830393,0.20574903
256823,Endo,-0.15830445,0.23563558
237533,Sst,0.2099899,0.382926
55560,Astro,-0.3144316,0.071456194
4385,VLMC,0.409262,-0.4011064
45865,L5 IT,-0.19045067,0.28803718
46584,Endo,0.43053144,-0.18906927
32849,L2/3 IT,0.36816096,-0.25622672
32853,Endo,-0.2388682,0.08286512
151235,L2/3 IT,-0.31684119,0.22941238
19221,L4/5 IT,0.35674286,-0.11771709
32886,L6 CT,0.10619837,0.22356123
234058,L4/5 IT,-0.005295396,-0.16640604
151216,L4/5 IT,0.3182373,-0.16591007
14720,Endo,0.22577858,0.06735462
146704,Astro,0.013443291,0.14277798
38316,L5 IT,0.09331936,-0.0551669
38312,L5 ET,-0.119600326,0.2840042
14721,Micro,-0.42580357,-0.084216446
151181,L5 IT,-0.10904753,-0.052265823
183467,L5/6 NP,0.32218552,0.09389484
277773,L2/3 IT,-0.27663904,0.28632134
183468,Lamp5,-0.03680113,-0.35429007
38216,Oligo,0.208408,0.18239135
38199,L2/3 IT,-0.0192945,-0.31280994
32909,Sst,0.13572991,-0.13309968
38106,L2/3 IT,0.3855765,-0.13996214
19207,Peri,0.14955574,-0.07188395
240317,L2/3 IT,0.02352196,-0.36815774
247363,L2/3 IT,-0.37620884,0.19151211
277763,L5 IT,0.36371768,-0.0036299527
273667,L4/5 IT,0.20942909,-0.15199712
146881,L6 CT,0.1586914,0.3895836
14800,OPC,-0.077602535,0.37079102
151252,Vip,0.2835778,-0.12032974
241445,Micro,-0.43203917,0.047246993
183429,L2/3 IT,0.013690412,-0.25636455
251512,L5/6 NP,-0.02726987,0.023474038
225821,Micro,-0.20906988,0.2671724
183364,OPC,-0.14186957,-0.11901483
38753,L6 IT Car3,0.095935345,0.2066868
38735,L6 IT,0.172216,0.10027355
227999,L6 CT,-0.041728675,0.3054883
38724,L6 IT,-0.055653274,0.3803864
14411,VLMC,0.20166135,-0.48748183
38715,Peri,0.1361162,0.20549607
166850,Endo,0.24805188,0.23799062
38675,Peri,-0.048885435,-0.10809052
225861,VLMC,-0.0855712,-0.43759227
32780,L2/3 IT,-0.05113241,-0.2806235
188480,L2/3 IT,-0.35919094,0.22248876
19165,Lamp5,-0.28159845,-0.17559421
38651,L4/5 IT,-0.13738382,-0.045450926
166811,L2/3 IT,-0.23901135,-0.08129603
273590,VLMC,0.4280609,-0.4203025
255081,Micro,0.07711291,-0.348643
38582,L2/3 IT,-0.116606176,-0.25284135
38569,L2/3 IT,-0.30455953,0.09404147
273608,L4/5 IT,-0.2185539,0.24944365
19301,L6 CT,0.07814926,0.28212237
163159,Endo,-0.22578964,0.3137706
166734,L6 CT,0.19621879,0.21215588
234118,Astro,-0.24975005,0.3515777
151286,L4/5 IT,0.40749085,-0.049764037
146568,L6 CT,0.14562374,0.34627187
146571,L4/5 IT,0.12800056,-0.20720941
166814,L4/5 IT,-0.24912357,-0.030861825
254975,L5 IT,0.00699836,0.3481611
33045,L2/3 IT,-0.24581009,-0.25277588
166469,L2/3 IT,-0.3162816,0.072846234
166266,Pvalb,-0.16870987,-0.006429434
150975,Astro,0.20367241,-0.025398672
150971,VLMC,0.4336229,-0.41692042
166239,Astro,0.15114623,0.06284499
33170,L5/6 NP,0.30200195,0.06991351
37329,Pvalb,0.29894775,-0.1614064
37316,Oligo,-0.12374976,0.22338885
166142,L6 CT,0.22015393,0.15090317
33203,L6 CT,0.10793257,0.25529146
254257,L6 IT,0.15238464,0.1771769
15113,VLMC,0.35442197,-0.42714933
233886,L2/3 IT,0.3861335,-0.23597059
166084,Endo,-0.26392096,-0.079167575
37422,L4/5 IT,-0.18557766,0.32585818
165967,L6 IT,-0.07854208,0.3858031
147534,L5 IT,0.10250276,0.3820631
37216,L2/3 IT,0.3878247,-0.2653619
183646,L5 ET,0.1229167,0.00924325
241379,L6 CT,0.045290053,0.37258524
37180,L5/6 NP,-0.087738335,0.09644669
226287,Vip,-0.31000066,-0.06851295
15418,L2/3 IT,-0.31917697,0.030154705
233821,Endo,-0.080556124,0.18344021
247406,L5 ET,0.30660325,0.13321596
15457,Sst,0.41646266,0.061340094
277675,Astro,0.17968899,-0.45234913
273819,L2/3 IT,-0.32957014,-0.019079298
254835,L5/6 NP,-0.08237955,0.33397418
15285,Astro,0.2965752,-0.37974057
277045,Micro,0.4012133,-0.28392026
147387,L4/5 IT,0.32429457,-0.09157786
166293,L6 IT,0.13204134,0.032509267
166468,L4/5 IT,0.20940793,-0.123399705
37893,L5 IT,-0.17213026,0.28403425
151049,Oligo,0.1799221,0.4217242
166442,L5 IT,0.35091776,-0.009322166
274583,L2/3 IT,0.35542244,-0.3157984
189948,L5/6 NP,0.28657353,-0.004628986
277746,Astro,-0.15304655,-0.24704039
183498,L2/3 IT,0.026880085,-0.3731803
14895,L5 IT,0.20144087,0.42429113
233981,L4/5 IT,0.080789685,-0.13800886
37765,L2/3 IT,-0.31401542,0.1920957
226124,Astro,0.15830904,-0.42062733
183504,L5 IT,-0.0581294,0.055341005
251559,Endo,0.23437625,-0.4360024
189906,L4/5 IT,-0.1324251,-0.10045141
241418,L5 IT,-0.13833538,0.08085674
147108,L2/3 IT,-0.3947881,0.0239349
33153,L5 ET,-0.06703535,0.35041487
189880,L2/3 IT,-0.36059853,0.3000204
254249,VLMC,-0.48318744,0.08823341
166409,L2/3 IT,-0.20153835,-0.1944302
147167,Endo,0.29591554,0.16602981
273713,Endo,-0.19879258,0.3830641
233965,L5/6 NP,-0.12572005,0.14854085
147298,L4/5 IT,-0.120429695,-0.06903219
183529,Sst,-0.07445714,0.3606481
226182,Micro,-0.16441691,0.15549874
240311,L2/3 IT,-0.33895338,0.19444555
151025,VLMC,0.37408054,-0.43566823
233800,L6 CT,0.10337126,0.38817167
190205,Sst,0.05742675,-0.3460154
251468,L2/3 IT,-0.23882315,-0.11762044
13321,L5/6 NP,0.05614686,-0.017077059
19903,L4/5 IT,-0.25986677,0.20103824
273353,Oligo,-0.06530714,0.08625466
162524,L4/5 IT,-0.19511092,-0.080605656
228141,L2/3 IT,-0.39338738,-0.010048658
162530,L2/3 IT,0.23196852,-0.25395742
13353,L4/5 IT,0.05675459,-0.17505994
32404,Peri,-0.3387248,-0.12631398
252270,L2/3 IT,-0.24604249,-0.24260569
277956,L5 IT,0.33782554,0.054257452
162550,L6 IT,0.1740349,0.19076914
247230,L5 IT,-0.15802687,0.39917636
145513,L5 ET,0.011712551,-0.028995901
145570,L4/5 IT,0.0862661,-0.11105788
39791,Micro,0.38668025,-0.36605164
225521,L2/3 IT,-0.20761171,-0.2119967
240335,L2/3 IT,-0.23082092,-0.04413864
225534,Astro,-0.38064894,-0.17842126
234431,L2/3 IT,-0.21329781,-0.10800058
190470,L4/5 IT,0.14317787,-0.1594857
255263,L5 IT,-0.10856289,0.017923832
183140,Vip,0.14536333,-0.3028354
167602,Peri,-0.12015197,-0.32674378
190455,L5 IT,0.042253554,-0.008654356
232494,L6 CT,-0.07942259,0.24136335
225562,Micro,-0.2922221,0.12285787
255250,L5 ET,0.04091847,-0.044499308
13312,Endo,0.2080509,-0.12870115
167743,L6 CT,0.16288,0.25834566
13278,L2/3 IT,-0.29615635,-0.14366117
255344,Endo,-0.33276966,-0.006572813
40381,L2/3 IT,-0.40057197,0.034165025
239961,L2/3 IT,0.2591849,-0.33813083
32229,Pvalb,-0.084757805,0.1341061
276932,L5/6 NP,0.14955443,0.1744743
228189,Astro,0.12668735,0.39970285
188316,L2/3 IT,0.19324148,-0.36688322
255387,L6 CT,0.112503946,0.37043428
40266,L4/5 IT,0.035372198,-0.25043666
162365,Astro,-0.28396294,-0.09732458
228170,L5 IT,0.15948832,-0.063431114
40247,Vip,-0.3418424,-0.014542788
40242,Astro,-0.24389762,0.30134147
252295,L6 CT,0.15560687,0.10522652
162610,L2/3 IT,-0.01620689,-0.25864467
183014,L5 IT,-0.108038574,0.3679409
274677,L6 CT,0.23161781,0.19130123
40126,L4/5 IT,0.11715406,-0.18682396
13201,L2/3 IT,0.32132548,-0.3310967
40123,Peri,-0.16786948,0.185956
167921,Vip,0.21740067,-0.3344143
167871,L6 IT,0.1917854,0.30496126
19978,L4/5 IT,0.35487056,-0.0790132
167841,Pvalb,0.21073866,-0.26170966
183048,PVM,0.15169835,-0.4842614
276954,L2/3 IT,-0.3102703,-0.110696495
277969,Endo,0.17243898,0.28883183
234478,L2/3 IT,-0.0915817,-0.24924928
13267,Astro,0.09679663,-0.35495773
145117,L6 IT,0.08965951,0.18215477
145757,L5/6 NP,0.06326473,-0.02129227
167485,L2/3 IT,0.32324213,-0.25039506
39559,L2/3 IT,0.36328548,-0.25245395
19515,Micro,0.150927,-0.25468874
248602,Endo,-0.17020574,-0.25195086
14061,Lamp5,0.071994185,-0.40221748
14153,Endo,0.32902443,0.0007753372
151495,L5 IT,-0.00073224306,-0.02381283
39184,Oligo,0.02113223,0.27033782
39170,L4/5 IT,0.2902909,-0.08210662
19505,Micro,-0.3717913,-0.19826654
167070,L2/3 IT,-0.39158767,-0.03681907
39156,OPC,-0.20292974,-0.066386014
39151,L2/3 IT,-0.2740866,0.2498262
151476,L4/5 IT,-0.2752881,0.10868657
32689,L4/5 IT,0.17352062,-0.1418015
145936,Endo,-0.32846308,-0.050408542
225723,L6 CT,0.1974563,0.23051357
32699,L5/6 NP,0.12184954,-0.04257065
166941,L6 CT,-0.07530546,0.24625677
38938,L5 ET,0.17052114,0.14188176
163023,VLMC,-0.09964514,-0.44227076
252189,Peri,0.38242865,0.15415329
188435,L5 ET,-0.042067617,0.34154868
19389,Endo,-0.34461606,0.18392932
252186,L5 ET,0.26831925,0.07021034
146253,VLMC,0.3005575,-0.46079263
146285,L2/3 IT,-0.3272048,0.09221631
255106,Astro,-0.3410746,-0.114283025
188446,L5 IT,0.31915724,0.03375399
19377,VLMC,-0.19930312,-0.40903604
228032,L6 CT,0.24986303,0.23467392
190213,L2/3 IT,0.17740983,-0.31422707
234260,L6 IT,0.20603138,-0.025979161
188416,Astro,-0.42673188,-0.03658268
39530,Endo,-0.18096358,-0.17050532
39510,VLMC,-0.4448973,0.048957646
162700,Pvalb,-0.31314301,0.114913285
13640,VLMC,0.09113175,-0.46502852
188390,Lamp5,-0.25811988,-0.14611953
251381,L6 IT,0.14392424,0.14094824
145891,VLMC,-0.37758374,-0.23715666
32550,L6 CT,0.12144619,0.468579
274647,Peri,-0.4591079,0.13490772
167423,L2/3 IT,-0.15663397,-0.3145033
39419,Astro,0.1511609,0.14955169
277927,L5 IT,0.36819524,-0.003287226
19631,Micro,-0.42907205,-0.15451375
167155,L2/3 IT,0.17915308,-0.3621412
145902,VLMC,0.0014573336,-0.44308537
234314,L4/5 IT,-0.07865843,-0.19722268
32570,Oligo,0.12284392,0.22485358
167339,Vip,-0.15161172,-0.13682759
39392,L5 ET,-0.113660276,0.28331274
183235,L5 IT,0.18203115,0.33594364
167277,L6 CT,-0.087466896,0.21614891
162726,L2/3 IT,-0.321006,-0.043994814
151603,Astro,-0.055402875,-0.08935475
32574,L2/3 IT,0.014789581,-0.34354964
39365,Vip,-0.083818406,0.37001055
32584,PVM,0.22736812,-0.2466839
39335,Astro,0.11127114,-0.03228411
13931,L2/3 IT,0.058576107,-0.25042474
145903,L2/3 IT,0.40277618,-0.24136966
162346,L5 IT,0.26870012,0.25312054
254834,L2/3 IT,-0.36804914,-0.11703873
37106,L4/5 IT,0.36947,-0.13784263
17060,L4/5 IT,0.36793363,-0.15419927
33903,Sst,0.114043415,-0.1741966
274414,L6 CT,0.1004169,0.3084165
150387,L5 ET,0.020412743,0.2503618
150382,L2/3 IT,-0.3378275,-0.10194403
254513,VLMC,-0.46088564,-0.060845196
35193,L5 IT,0.015930891,-0.08752051
33906,L6 IT,0.16499656,0.07523358
251904,L2/3 IT,0.053561747,-0.25735423
35169,L2/3 IT,-0.21899563,-0.09236941
149395,Sst,0.14830607,-0.15365997
241256,L5 IT,0.19494152,-0.024416268
277259,L2/3 IT,-0.25469285,-0.2693919
18183,Pvalb,0.039739072,0.39049745
248427,L5 IT,0.14379442,0.31646305
18177,L2/3 IT,-0.41440493,0.16825938
189185,VLMC,0.13748777,-0.48767805
34910,Astro,-0.15535602,-0.29422963
149499,L5 IT,0.31094366,-0.019122213
149518,L2/3 IT,-0.18262729,-0.2950519
150281,L2/3 IT,-0.041986555,-0.28501332
17240,L2/3 IT,-0.15845755,-0.2361311
240177,Peri,0.35915172,0.006647289
233232,L4/5 IT,0.37242,-0.11990017
277262,L2/3 IT,-0.20688441,-0.29646793
33972,L6 IT Car3,0.19962054,0.38876796
164353,L4/5 IT,0.37847674,-0.1443868
149358,L4/5 IT,-0.2454294,-0.012414634
149355,PVM,0.19840199,0.35085064
17013,L4/5 IT,0.28793114,-0.1336306
227089,L4/5 IT,0.23981667,-0.06597912
148869,L2/3 IT,-0.13240889,-0.21680185
164804,L6 CT,0.21305734,0.3661883
16594,L5 IT,0.07082677,-0.043031722
16607,Astro,0.15426302,0.42938662
16608,Lamp5,0.068164766,-0.38149932
148921,L5 ET,0.2376219,0.0094893575
18418,Astro,0.2202689,0.23127258
164779,VLMC,0.3737694,-0.4559436
252002,L4/5 IT,0.037356913,-0.15635315
163968,L4/5 IT,-0.14863634,-0.121273726
277490,L2/3 IT,-0.3248607,-0.14825726
184053,Sst,0.261836,-0.2546926
149087,L6 IT,0.028697431,0.028550863
150254,Vip,-0.07486728,-0.21324381
164674,L4/5 IT,-0.26829714,0.098264396
164613,L5 IT,0.3042574,-0.023899704
16834,L2/3 IT,0.32152927,-0.22539335
16835,L2/3 IT,-0.08575809,-0.34512836
227042,L4/5 IT,0.1393699,-0.137528
16849,Peri,-0.16309401,0.30650908
149197,L2/3 IT,-0.19684997,-0.18294069
149263,OPC,0.38944006,0.06248039
16865,Endo,0.267842,0.31637877
18282,Lamp5,-0.013075501,-0.39850006
184349,L6 CT,0.05117023,0.4283542
149291,L2/3 IT,-0.32767683,0.14400923
184100,L2/3 IT,-0.03512746,-0.26678807
149295,Lamp5,-0.21392828,-0.23731545
164001,L6 CT,0.07959199,0.15300041
149573,L6 IT,-0.030650228,-0.02073431
34810,Oligo,-0.15778556,0.37634438
277263,L2/3 IT,-0.26311854,-0.17946288
17706,L6 CT,0.10862225,0.37151182
149833,Lamp5,-0.29717338,0.03392005
247510,L2/3 IT,0.29878807,-0.2982213
34555,L5/6 NP,0.106803596,0.17404956
251959,OPC,0.2464596,-0.102702886
149899,L2/3 IT,0.16392726,-0.36907196
227401,Micro,0.09591383,-0.114565134
277331,L2/3 IT,-0.2457844,-0.11972964
150149,SMC,-0.2935395,-0.35676664
164145,Endo,-0.1832085,0.2026425
233105,L4/5 IT,-0.049573272,-0.05740401
17767,L2/3 IT,0.28383666,-0.34362343
227417,L2/3 IT,-0.24989524,-0.2736643
164295,L4/5 IT,-0.059235156,-0.07725942
189016,L6 IT,0.0895828,0.023951828
149950,VLMC,0.34854102,-0.44557193
34406,L6 CT,0.11541927,0.2966113
34391,L4/5 IT,-0.24014777,0.1546377
184258,SMC,0.11931747,-0.089693725
150116,L6 CT,0.28342348,0.12905437
34357,L4/5 IT,0.027684927,-0.17119655
17799,L5 ET,-0.1276196,0.31806123
274384,L2/3 IT,0.14005464,-0.36923113
150043,L6 IT,-0.025531262,0.065491974
233055,Astro,-0.4180239,0.21889424
150099,Endo,-0.34739187,-0.024971694
274357,VLMC,0.38186067,-0.41716313
227475,Astro,-0.4117147,-0.025043935
17771,L2/3 IT,-0.29130328,-0.031672508
189357,Astro,-0.36658305,-0.18200979
254392,Astro,-0.13341889,0.39313853
233029,L6 CT,0.0004811883,0.1226272
227253,Lamp5,0.32654107,0.1118179
34784,L4/5 IT,0.36890078,-0.05506617
149656,L5 IT,0.051735938,-0.012911707
164128,L6 CT,0.13595754,0.30305356
34736,SMC,-0.21398574,0.25500196
34733,L4/5 IT,-0.2204782,0.08157599
18074,L4/5 IT,0.3750716,0.009617746
17428,L5 IT,-0.14510468,-0.028635949
164339,Oligo,0.21905583,0.21546638
227289,L2/3 IT,0.048265338,-0.30807656
251945,Astro,-0.15217936,-0.08076471
34647,L6 IT Car3,-0.0076553226,0.38031834
188912,L5 IT,-0.04025939,-0.022196293
17634,L5 IT,0.09883499,0.018878639
227576,L5 IT,-0.08832851,-4.1991472e-05
227304,L4/5 IT,0.23668295,-0.11433905
251949,Peri,-0.4186303,0.012943745
150187,L4/5 IT,0.2559697,-0.12078273
149748,Peri,0.2777294,-0.23771742
17557,L2/3 IT,-0.30690318,-0.202492
34588,L2/3 IT,-0.08339396,-0.24198183
227557,L6 IT Car3,0.009007275,0.28858328
274391,L5/6 NP,0.2109046,0.04438901
189078,Endo,-0.46069682,0.2512161
164142,VLMC,-0.15150774,-0.4165295
34167,L2/3 IT,-0.3573044,0.0365963
188935,L6 IT,-0.026152283,0.08705354
164306,L4/5 IT,-0.1131694,-0.18480814
233020,L6 CT,-0.012009561,0.09236437
15484,L4/5 IT,0.3532009,-0.12799454
148851,L4/5 IT,0.17937458,-0.14320928
18491,OPC,0.19660962,0.39666563
165462,L4/5 IT,-0.28686756,0.097482264
15796,L6 CT,0.2107653,0.23021424
183829,L5 ET,0.04865724,0.19219714
147893,L4/5 IT,0.35848683,-0.1896402
18886,L4/5 IT,0.36254847,-0.17050642
233649,Peri,0.009350359,0.45594877
189659,L4/5 IT,0.31152982,-0.16308662
274520,Astro,-0.41380036,0.30829042
226511,L5 IT,-0.11817598,0.2556733
165408,Vip,0.11367166,-0.2158474
147952,Lamp5,0.20720297,-0.39377663
36736,Endo,-0.15026027,-0.24430552
15916,L2/3 IT,0.2195149,-0.30750263
165337,Endo,-0.13287753,0.15509486
241358,L6 CT,0.21179289,0.4380666
273887,Pvalb,-0.054032207,0.3071264
274519,L2/3 IT,0.30409157,-0.39970982
33416,L4/5 IT,-0.25286382,0.04146421
165333,Oligo,-0.05928436,-0.017315894
233603,L4/5 IT,0.10936564,-0.12699524
36575,L6 CT,0.24039513,0.21916002
274508,L5 IT,0.13606101,-0.07365352
163623,L5 IT,0.15515518,0.38595283
251792,VLMC,-0.12808335,-0.394203
165258,L2/3 IT,-0.17376962,-0.21138704
165235,Astro,0.30958593,0.2814955
18840,L2/3 IT,-0.15531036,-0.27461463
165473,Peri,0.31051427,0.1837312
33365,Astro,-0.20138493,-0.28650987
36829,L5 ET,0.049732625,-0.041851312
165534,L2/3 IT,-0.28494424,0.029614687
277670,L4/5 IT,-0.22962707,0.22063255
240085,L4/5 IT,0.22826028,-0.10996577
163499,VLMC,0.4283592,-0.3877583
15538,L2/3 IT,-0.40483865,0.15627003
147681,Micro,0.25497222,0.28026247
15571,Astro,0.15803039,-0.37576103
33265,L2/3 IT,-0.37598026,0.030415773
37025,L6 IT Car3,0.09157753,0.27970052
273828,L2/3 IT,-0.3818171,0.04573995
163530,Sst,0.115970135,0.2530592
150792,Micro,0.22485435,-0.41348267
165653,Sst,0.33973372,-0.04353392
37006,L2/3 IT,0.16678584,-0.34151715
18820,PVM,-0.15822822,-0.31449723
37003,Lamp5,0.41819513,-0.28050017
36971,Pvalb,0.2733026,0.25507075
150783,Peri,0.2600175,0.22362739
165571,L5 ET,-0.010235101,0.23590434
277637,Micro,0.25350004,-0.19628882
15665,L4/5 IT,0.112374365,-0.15198123
147794,L6 CT,0.027148783,0.23640722
233712,L2/3 IT,-0.22499123,-0.20937094
147815,L5 IT,-0.15408033,0.18029404
36942,Peri,-0.066743106,-0.04178074
189699,L4/5 IT,0.22417307,-0.12601256
36910,L2/3 IT,0.27562863,-0.38011444
183796,SMC,-0.42732894,0.12888664
163534,VLMC,0.19696385,-0.42411447
18974,L2/3 IT,-0.063936055,-0.35100994
273932,SMC,0.37904578,-0.22297281
16044,Vip,0.008872271,-0.29990494
274491,VLMC,-0.14594531,-0.42905796
164977,L4/5 IT,-0.19339123,-0.005006343
247454,L2/3 IT,-0.13687843,-0.23410827
35988,L2/3 IT,0.2009651,-0.26386875
35982,Micro,0.21174687,0.2701282
18642,L2/3 IT,-0.31506133,0.28351527
189455,Endo,-0.0635187,-0.06423578
164915,L2/3 IT,0.18031204,-0.34693503
35928,L2/3 IT,0.078548074,-0.3330187
148555,Micro,-0.097978204,-0.151741
35918,Sst,-0.18190297,0.03809893
33710,L2/3 IT,-0.31711674,0.27781856
274074,L4/5 IT,-0.24649304,0.21553153
248446,Oligo,0.44635427,-0.11759025
188745,L5 ET,0.13178188,-0.033785224
150572,L2/3 IT,-0.3565703,0.30787992
16502,Peri,0.2029807,-0.08497915
35849,L2/3 IT,-0.28264552,0.29737836
164884,L6 IT,0.25217712,0.06019616
16504,L5/6 NP,0.038214564,0.36839193
254615,L4/5 IT,0.2339499,-0.20498589
148744,L2/3 IT,0.24368268,-0.2975402
35760,L4/5 IT,-0.25555322,0.24878776
274447,L2/3 IT,-0.25638235,-0.058629364
35689,Endo,0.17320478,0.16985059
148807,L6 CT,0.055934608,0.0891245
274119,L2/3 IT,-0.2958288,-0.017369747
164874,L2/3 IT,-0.34485805,-0.10222703
150527,L2/3 IT,0.057360172,-0.3013315
164892,L5 ET,-0.019610137,0.020575345
277517,L5 ET,-0.023933172,0.31544107
165003,Astro,-0.3642462,-0.14221579
165037,L6 CT,-0.04816234,0.3637169
241344,L4/5 IT,0.22833115,-0.19040263
16055,Astro,0.26150614,0.401249
148293,L4/5 IT,0.36844075,-0.053468376
189538,L6 CT,0.14913344,0.3988996
165174,Endo,0.41886008,0.10463667
33552,Astro,0.31618702,0.25491405
148321,L6 CT,0.16778183,0.43219805
36363,Oligo,0.0069612265,0.215164
150684,Peri,0.31642526,0.015968919
16132,L6 IT,0.023214638,0.016158402
36325,L6 CT,0.2443527,0.21143937
36321,L2/3 IT,0.12840605,-0.2770459
148335,L2/3 IT,-0.23249367,-0.078403056
148489,L4/5 IT,0.28606355,-0.16335124
240278,L6 CT,0.04780227,0.31152618
148371,Sst,-0.03569624,0.12040186
226704,Micro,0.06899029,0.32413554
165116,L6 IT,-0.048936307,0.26491165
36195,L6 IT,0.077543676,0.33550578
165086,PVM,0.33524996,0.007114947
251823,L4/5 IT,0.078820586,-0.14710847
189495,L2/3 IT,-0.31520897,0.2627017
33639,L2/3 IT,-0.23710126,-0.18937129
226754,L5 IT,-0.14137086,0.028738141
163711,L2/3 IT,-0.29701552,0.24385929
36079,L2/3 IT,-0.22378913,-0.190319
16224,Endo,0.0011321306,0.07825345
277585,Endo,0.102597654,-0.40899882
189519,Astro,-0.21476409,-0.28259075
168011,Endo,-0.15254197,-0.14905223
13092,L2/3 IT,0.17055404,-0.36338496
40408,Vip,0.2993564,-0.2684803
191784,Astro,0.057188034,0.3362922
170527,L5 IT,0.031882226,-0.038597077
9960,L2/3 IT,0.043686986,-0.40706134
141428,L6 CT,-0.056363434,0.2816093
223779,L4/5 IT,0.01972878,-0.20629326
182152,L6 IT,-0.12743726,0.28461576
170474,Endo,-0.30950153,0.030847013
252444,L6 IT,0.2089923,0.25004494
153564,L2/3 IT,-0.28816456,0.27574015
153549,PVM,-0.05326712,0.0022282004
170466,L5 IT,0.26732337,-0.03712699
170447,L6 IT,-0.029083401,0.18605816
44452,Astro,0.16222715,0.3835281
21249,L6 CT,0.18229657,0.33931416
228715,L5 IT,-0.07708129,0.057566702
44417,L4/5 IT,-0.26270178,0.0947181
161504,VLMC,0.46315962,-0.32433087
153448,Peri,0.3039047,0.35066473
21172,L5 IT,-0.047754347,-0.04076466
141557,OPC,0.31354505,0.12312055
170378,L2/3 IT,-0.3435081,0.23723751
253832,L2/3 IT,-0.132638,-0.20830467
187825,L2/3 IT,-0.1670883,-0.17649499
10320,L5 ET,-0.14569277,0.13641608
141611,Oligo,-0.06576541,0.31157535
253834,L5/6 NP,0.015560806,-0.041355908
10402,L2/3 IT,-0.33842993,-0.0040071905
255987,L2/3 IT,-0.05336669,-0.31892264
191793,L2/3 IT,0.36999172,-0.24157926
44608,L4/5 IT,0.021116018,-0.12927541
223734,L5/6 NP,0.28739488,0.17665327
276663,Endo,0.24026883,0.092969954
240964,L5 IT,0.22313589,-0.018780231
21339,Endo,0.34790105,-0.36780384
44928,Pvalb,0.30587226,0.06714952
191844,OPC,-0.2241019,-0.115932494
9701,L2/3 IT,-0.2908326,-0.06468716
235698,L2/3 IT,-0.30230603,-0.123958826
44864,Endo,0.1023159,0.044735193
44852,L2/3 IT,-0.16701582,-0.2806645
153620,Endo,-0.34045726,-0.16764754
44848,L2/3 IT,-0.1978583,-0.25700387
170653,L5 IT,0.31949204,-0.071642995
44819,Pvalb,0.1799624,0.2812636
44181,L4/5 IT,0.21457535,-0.15144107
182084,Micro,0.25038743,0.26060975
170614,SMC,0.016982079,-0.12927729
187757,L5 ET,-0.004630327,0.06706965
9863,L4/5 IT,0.06934607,-0.25042564
30366,Astro,0.38653964,-0.22806022
161321,L6 CT,0.16679764,0.35705477
252463,L6 IT,-0.11003208,0.33144432
9900,VLMC,-0.030571997,-0.4491578
141290,OPC,-0.16308999,0.023464799
161373,L5 IT,0.11915934,0.3507129
141311,Vip,-0.20918006,-0.16122717
141335,L6 IT,0.07013142,0.067890584
235647,L4/5 IT,-0.15367132,-0.0928314
255994,L4/5 IT,0.21785301,-0.1126847
9818,PVM,0.00052410364,-0.20185009
44168,L4/5 IT,0.24649233,-0.13912079
30626,L5 IT,-0.16148382,0.32968748
10407,L4/5 IT,0.066874206,-0.075959474
153143,L4/5 IT,-0.25731337,-0.0077397525
187919,L5 IT,0.17556119,-0.031035364
191580,L5 IT,0.07810134,0.3795176
30952,VLMC,-0.3690037,-0.21063107
169902,L4/5 IT,0.10171956,-0.22156605
235373,Oligo,-0.14797294,0.074923694
43731,VLMC,0.31735438,-0.42540914
182365,L2/3 IT,-0.24003187,-0.20021003
10949,L4/5 IT,-0.08399299,-0.043605268
10952,Astro,-0.4372289,0.04436916
255832,L4/5 IT,0.20833552,-0.20045006
142233,Oligo,-0.23414141,0.17297673
142243,L4/5 IT,0.22969037,-0.19095123
255839,L4/5 IT,-0.28356445,0.14196938
235344,L2/3 IT,-0.32795185,0.1432662
30976,L2/3 IT,0.24417329,-0.32541028
169870,L6 IT,0.075279236,-0.038664013
182374,Micro,-0.17900178,-0.40410703
43616,Endo,0.09877527,0.07630837
43592,Astro,-0.44942972,0.16582334
31008,Lamp5,-0.16556597,-0.32587492
43588,SMC,-0.257576,0.29072654
142339,L4/5 IT,-0.14042759,-0.04788235
182379,Peri,-0.2473658,0.36585498
161790,PVM,0.16853738,-0.18582198
11142,L6 IT,0.2695393,0.19333774
43532,L6 IT Car3,0.07242018,0.13405514
142423,L5 ET,-0.0037651062,0.27019727
11051,Peri,0.34322613,-0.32684556
256027,L5 ET,-0.15280649,0.1434924
235413,L2/3 IT,0.18012196,-0.3841868
20921,L5 ET,-0.112332165,0.21979511
248818,Oligo,-0.18130088,-0.016146004
223894,Astro,0.14664078,0.24370039
250888,L2/3 IT,0.11576086,-0.3338771
255939,L2/3 IT,0.1547873,-0.24462306
252443,L6 IT,0.07621759,0.20357049
185170,Micro,-0.22419566,0.19467497
231971,Astro,-0.37236366,-0.20448503
272619,Oligo,0.1776861,0.46114385
170275,L2/3 IT,-0.30432153,-0.100277066
153313,Peri,0.20740473,0.26104677
187878,Pvalb,0.23579025,-0.15347639
161558,L6 CT,0.13802749,0.16889948
141933,L6 CT,-0.013383031,0.08736396
232040,L4/5 IT,-0.25531578,0.048634827
153276,Oligo,0.07508224,0.39254934
182268,OPC,0.08263415,-0.26142597
153273,VLMC,0.21302903,-0.45574898
43999,L2/3 IT,0.25245637,-0.3644251
228647,Pvalb,-0.1846408,0.13700253
141990,Endo,0.036349535,-0.45444277
153268,L2/3 IT,-0.39389998,-0.037225276
170038,L4/5 IT,0.0631876,-0.18495578
161654,Sncg,0.23485523,-0.39657193
43940,Pvalb,-0.31974107,-0.04264468
142019,L5/6 NP,-0.15669191,0.13019234
278380,Astro,0.16791183,0.4626792
153252,L2/3 IT,-0.3511862,-0.025032759
191601,L5 ET,0.23486584,0.13039136
182257,Astro,0.2479651,0.21569288
239810,Endo,0.3132674,-0.27777016
141146,Endo,-0.009031504,0.02000308
153677,Astro,0.102341235,-0.37819538
29803,Oligo,0.21485347,0.16690081
278794,L2/3 IT,-0.2972722,-0.20791149
21792,VLMC,0.4496498,-0.37568012
250614,Oligo,-0.17459986,-0.102369756
8858,L2/3 IT,-0.3224678,0.098269045
228918,OPC,-0.3823331,-0.25180316
21766,L4/5 IT,0.10605919,-0.23067197
171577,L2/3 IT,0.31663424,-0.29238838
241855,Endo,-0.07817504,-0.20875186
46198,L6 CT,0.011151731,0.22321153
154015,Endo,0.10947573,-0.3517459
46167,L5 ET,-0.034338057,-0.044641554
21718,Endo,0.116270065,-0.37648135
140366,L6 IT,-0.003943801,0.109980226
171553,L2/3 IT,-0.3242381,0.16851604
8975,Oligo,-0.16357353,-0.024503022
235949,L6 IT,0.12373632,0.3379684
29863,L5 IT,0.2474122,0.008217573
235936,VLMC,-0.43041652,-0.17744899
171273,L5 IT,-0.22250131,0.14882028
231773,L2/3 IT,-0.31607413,0.21472138
181850,Astro,-0.0590972,0.17007309
46123,L2/3 IT,0.26349849,-0.31159717
46099,L4/5 IT,0.0857659,-0.16136238
235894,L2/3 IT,-0.30982804,0.1678397
275120,L2/3 IT,-0.23851186,-0.24617574
228893,L4/5 IT,0.32691962,-0.13685825
250607,L4/5 IT,0.26929116,-0.09100771
8718,L4/5 IT,0.2238903,-0.12800807
21814,L2/3 IT,0.21636438,-0.39614874
8636,L6 CT,0.2825328,0.22896737
154165,L2/3 IT,0.04642868,-0.24324152
278874,Micro,-0.14470264,-0.08166045
154149,Endo,0.11556977,0.19578964
171971,Pvalb,0.08353627,0.4809245
185400,L2/3 IT,-0.33748606,-0.031558692
171919,Endo,0.2797876,-0.1582745
140017,Oligo,0.17911094,0.3345654
223219,L5 IT,-0.13529637,0.04638928
8448,Sst,0.02798152,0.32039505
8456,Endo,0.21146834,-0.19376543
29665,L4/5 IT,0.3222826,-0.11855495
46536,L2/3 IT,-0.28298903,-0.11412671
8517,L6 IT,0.25858504,0.31159914
181879,L2/3 IT,-0.16820487,-0.3248599
140056,Astro,0.45038998,-0.3856017
171804,L4/5 IT,0.37175447,-0.07733905
160811,L4/5 IT,0.26901883,-0.13548687
46499,L5 IT,-0.09916085,0.049760103
8536,L2/3 IT,-0.26867825,-0.035925984
185385,Sst,0.29710317,-0.27844232
171794,L6 IT,0.09103972,0.32434005
154109,Endo,-0.02503711,-0.35300303
275160,Lamp5,-0.19848534,-0.16155353
29702,L4/5 IT,0.30106503,-0.15119076
228931,L5 IT,0.15302879,0.03458625
171758,L6 IT,0.029811263,0.22032803
253747,Astro,0.30436426,0.14448941
181693,VLMC,-0.036678284,-0.49353248
171812,Oligo,0.04196495,0.18692666
253758,PVM,-0.020587474,-0.17752334
21560,L2/3 IT,-0.14321339,-0.2275033
153949,L2/3 IT,0.16455358,-0.35200778
30066,L6 CT,0.24204296,0.25323063
250778,Micro,-0.21379927,0.013841093
9528,Astro,-0.26182622,-0.34410277
191984,L4/5 IT,-0.29984683,0.14750612
170865,L2/3 IT,0.018657684,-0.30666405
272410,L6 IT,-0.01588142,0.10359806
170852,PVM,-0.18806407,-0.027450085
246989,L2/3 IT,-0.2782963,0.29093087
272422,L4/5 IT,-0.23937964,-0.0088481605
272426,L6 IT,0.17712957,0.019106627
235774,L2/3 IT,0.056140482,-0.3450239
45342,VLMC,0.38252342,0.11691934
170832,Oligo,-0.018264055,0.036592245
9490,Pvalb,0.10744107,0.037444115
140937,VLMC,-0.46395323,-0.08980778
45274,L5 ET,-0.021363348,0.34087557
140966,L6 IT Car3,-0.1092166,0.18172544
30101,L2/3 IT,-0.28874463,-0.10578966
239751,PVM,-0.33111322,-0.28589845
45269,L5 IT,-0.18414205,0.06734985
140998,Peri,0.11193323,-0.2781812
21366,L4/5 IT,0.29297435,-0.22436213
141075,L6 IT,0.1786626,0.20324558
45106,L4/5 IT,0.26436514,-0.24426463
30158,L4/5 IT,-0.22873116,0.046897292
45079,L5 IT,-0.005006194,0.17473537
45067,L4/5 IT,-0.19828165,-0.06621289
153683,Astro,-0.090798914,-0.15203145
21375,L4/5 IT,-0.2786697,0.14827478
153658,L5 IT,-0.16122958,-0.00078460574
239744,Endo,0.094415545,-0.25278383
21415,L4/5 IT,0.08931774,-0.08491364
171103,Endo,-0.4551349,0.02687639
187647,L6 IT,0.11449987,0.14838272
46048,Oligo,0.2842176,0.24047178
248866,SMC,0.059867144,-0.18314162
140435,L6 IT Car3,0.17831933,0.24617761
29921,OPC,0.43156445,-0.27139637
153837,L2/3 IT,-0.23301491,-0.18197107
223396,Sst,0.37770426,-0.03784424
140484,L4/5 IT,-0.2583437,0.18091178
45918,SMC,0.21476144,-0.11294654
29950,SMC,0.17252368,0.12542582
17931,L2/3 IT,-0.07185906,-0.24710616
140506,Astro,-0.31885433,-0.2585461
45553,L6 CT,-0.0077970624,0.18999898
9285,SMC,0.3455804,-0.29567435
140511,L2/3 IT,-0.015769303,-0.32683802
235847,L2/3 IT,-0.29553163,0.06099075
45768,Endo,0.03303939,-0.3519079
228868,L4/5 IT,0.26900876,-0.16254541
21484,SMC,-0.19404021,-0.18818772
9302,Endo,-0.39718962,-0.17857671
187677,L2/3 IT,0.34331912,-0.32679015
161118,L5 IT,-0.17103082,0.36246103
45687,L6 IT,-0.045354784,-0.13400266
161134,L4/5 IT,0.37178355,-0.08152509
9457,L2/3 IT,0.25002182,-0.3024013
153784,L4/5 IT,0.1760028,-0.24089563
45558,Astro,0.036343515,0.28712857
272361,L6 CT,0.13898414,0.1230858
191487,L6 IT,-0.059663057,0.21940082
31055,Vip,0.18222868,-0.35974923
224180,L6 IT,-0.09173325,0.14875817
239909,Peri,-0.21373433,0.18210196
168657,L2/3 IT,-0.38927022,0.17858195
144123,L5 IT,0.3242411,0.10427499
12405,Micro,-0.19073838,-0.35109568
31783,L4/5 IT,0.22486836,-0.25752595
41412,L6 IT,0.09589267,0.052900612
144139,Peri,-0.04703316,-0.11711779
168647,L4/5 IT,0.22624224,-0.08715603
168639,L2/3 IT,-0.34683022,0.26228946
41326,L2/3 IT,-0.27803394,-0.20023447
273104,L2/3 IT,-0.2639907,-0.15271318
225014,L2/3 IT,0.33726853,-0.33382416
225019,L4/5 IT,-0.22332388,0.2998774
152310,L2/3 IT,0.40835065,-0.21835402
12469,OPC,0.019403636,-0.09359598
168591,L6 CT,0.0062024593,0.3331918
20326,PVM,0.030572474,0.38065404
12517,Astro,-0.37660357,-0.1366578
162141,Pvalb,0.24314189,0.06392956
241552,L6 IT Car3,0.07593244,0.33402324
31890,L5 ET,0.26009113,-0.004127115
182836,L2/3 IT,-0.116933316,-0.20893699
168512,L2/3 IT,0.05497098,-0.294377
247683,L5 IT,-0.018996686,-0.019427568
225076,L6 IT,-0.06580481,0.37687778
255470,L2/3 IT,-0.3862387,0.09062612
41091,L5 ET,0.18998998,-0.018378168
41491,L2/3 IT,-0.24227309,-0.095991194
31772,L4/5 IT,0.3837309,0.07023388
41526,Peri,0.26946616,0.27512103
252359,SMC,-0.0984346,0.25335807
12045,L2/3 IT,-0.18562871,-0.15486518
224814,L2/3 IT,0.12891513,-0.35915023
152461,L4/5 IT,-0.28816637,0.19478136
31649,Micro,-0.3718347,0.053411722
224830,Endo,-0.29368216,0.09733635
12064,L6 CT,0.20328104,0.27493668
234922,SMC,-0.34642553,-0.3006906
255562,L5 IT,0.232844,-0.027095199
143993,Endo,0.4298814,-0.2688021
41756,OPC,-0.3873861,-0.100105196
168889,L2/3 IT,0.15545183,-0.29051465
41660,Astro,-0.35175017,0.07149577
168887,L2/3 IT,0.13587397,-0.30756837
12586,Astro,0.2578497,0.29968292
12145,Endo,0.18971646,-0.060416788
276869,VLMC,0.45946246,-0.39582717
190989,SMC,-0.32011494,-0.08800176
168885,L4/5 IT,-0.26515883,0.25808626
162059,L2/3 IT,0.41392702,-0.20542553
255560,Peri,-0.0185391,0.08669579
12245,L2/3 IT,0.13033986,-0.3644022
41569,Peri,0.2574448,0.07490909
20396,L4/5 IT,-0.20972562,0.35128027
20393,Vip,0.098469734,-0.30855894
31754,L4/5 IT,0.07512915,-0.19829851
168785,L4/5 IT,-0.07270387,-0.16281399
20388,L4/5 IT,0.0025197268,-0.100082755
41537,L4/5 IT,-0.185397,-0.109892905
228386,Endo,0.18045604,-0.46530885
225095,L6 CT,0.093326926,0.08220905
144371,L6 IT,-0.0858891,0.06822878
168487,Micro,-0.06187445,0.24677128
12901,L4/5 IT,-0.20370811,0.021134138
225247,L4/5 IT,0.18041098,-0.26846498
144724,VLMC,-0.21697652,-0.4112522
278034,L5 ET,0.19862753,0.023234606
12922,L6 IT,0.06274563,0.21748537
168287,L4/5 IT,0.3285069,-0.17071635
168284,OPC,0.38143367,-0.32583046
182947,Endo,0.26917368,0.023841858
232341,Oligo,-0.15357727,-0.01664865
40650,L5 ET,0.16856712,0.4965667
232348,L2/3 IT,0.36342794,-0.2401923
144822,VLMC,0.38616186,-0.43928975
278014,L6 IT,0.24203521,0.13780963
20095,L4/5 IT,0.357179,-0.026554734
190709,L6 IT,0.07156181,0.22108346
255422,Oligo,0.06156349,-0.17400196
20057,L6 IT,0.31424594,0.23165333
144879,Astro,0.2301622,0.11560202
144883,PVM,0.23857164,-0.33145002
144930,Endo,0.16866106,-0.37171003
144947,L6 IT,0.014577687,0.16571069
13072,L6 CT,0.25282586,0.13557112
277999,OPC,0.21320522,-0.06330705
145012,L6 IT,0.066244066,0.22891688
40444,L4/5 IT,-0.04766321,-0.19971862
13080,Astro,0.016299963,0.46499795
40424,L4/5 IT,-0.19554958,-0.10284352
20049,L2/3 IT,0.2238667,-0.37388283
182976,Astro,-0.25170824,-0.20790744
191039,Pvalb,0.124382615,0.30621558
190760,L4/5 IT,-0.2190536,0.31471622
273194,L4/5 IT,0.25700122,-0.10331878
144409,Peri,-0.13398695,0.08008438
12615,L4/5 IT,0.351848,-0.10389373
251216,Pvalb,0.29657966,0.029158175
144465,Micro,-0.20555866,-0.18625566
190823,L2/3 IT,0.18487775,-0.27523232
162209,Endo,-0.2814751,-0.06311244
12635,L2/3 IT,-0.1551606,-0.22963217
20192,L4/5 IT,0.090251386,-0.24222451
251226,L4/5 IT,0.17791754,0.071591616
40908,OPC,0.05618143,-0.42149323
225167,L5 IT,-0.008760691,0.03551644
190805,L2/3 IT,-0.3021785,0.25181413
234728,L4/5 IT,0.369963,-0.0866572
40724,Micro,-0.13660488,-0.39057702
168412,Peri,0.43294066,-0.034217834
232304,L4/5 IT,0.2574154,-0.16033852
158147,L5 IT,0.082864225,-0.025340587
278081,SMC,-0.14759418,0.123378575
32020,L4/5 IT,-0.23515025,-0.011253774
182879,Astro,0.15798283,-0.45230246
152184,Endo,-0.12515116,0.32847708
190789,Micro,0.12658072,-0.44893113
144547,VLMC,0.29297864,-0.42606607
12744,SMC,-0.3233955,0.2083047
144578,L6 CT,0.00295192,0.077106416
152182,L2/3 IT,-0.088365346,-0.2000786
168355,Sst,0.008658826,0.07300365
190764,L4/5 IT,0.35241818,-0.07006174
40860,Endo,0.0757885,-0.3394432
191042,L6 CT,-0.03677699,0.26442224
191061,VLMC,0.27919114,-0.4522472
234940,L6 CT,0.017135262,0.22381246
169569,OPC,0.124866724,-0.2517117
169565,Endo,-0.13754946,-0.33219212
42948,Endo,0.2760793,0.048114598
11519,Endo,0.13009578,-0.29518735
169549,Lamp5,-0.43187094,0.0953877
274853,L6 CT,0.05583495,0.3923716
142797,Pvalb,0.09086746,-0.3572138
169454,Astro,0.33807915,-0.116726995
239844,L6 CT,0.2704636,0.111799955
42875,Oligo,0.12572086,0.37056988
272826,L2/3 IT,-0.015483081,-0.24374688
152851,L2/3 IT,-0.24357533,-0.11242291
42856,L2/3 IT,0.04432839,-0.2934779
241659,Endo,-0.36923617,-0.012182951
31206,Endo,-0.3917001,-0.11607954
191374,L5 IT,-0.027015507,0.19698453
241648,Peri,-0.44468853,-0.050846368
152776,Vip,0.15639997,-0.18621108
191370,L5 IT,0.049376547,-0.053951323
161935,L2/3 IT,-0.32233363,0.06123805
42772,L4/5 IT,0.26436472,-0.19002679
274835,Endo,-0.08414334,0.22542983
191348,Astro,0.20991671,-0.12149352
42690,L2/3 IT,-0.08424017,-0.27967715
224445,L4/5 IT,-0.010122567,-0.17229113
241007,L2/3 IT,-0.30812374,0.30387574
11674,L6 IT,0.1479528,0.024019599
142952,PVM,0.17310274,0.3938107
241650,Oligo,-0.008521199,0.27902472
42576,L4/5 IT,0.38049865,-0.14025933
142651,L2/3 IT,-0.21668124,-0.14183524
142627,L6 CT,0.06969124,0.27403992
161809,Astro,-0.18373746,0.33655024
224203,L6 IT,-0.013517231,0.03156513
43393,L2/3 IT,-0.3723171,0.2524234
43389,L4/5 IT,-0.15291718,-0.05659601
11222,Endo,0.20837724,-0.40923983
43344,Vip,-0.08166543,-0.2249271
142503,L4/5 IT,0.3761276,-0.19207731
142514,Astro,0.25437462,-0.4472961
142519,L4/5 IT,0.39366966,-0.15309972
11247,Endo,0.20012581,0.09400791
11289,L2/3 IT,-0.34622052,-0.11134884
43253,OPC,0.28833693,0.42656857
235242,Sst,-0.023566306,0.13833374
191404,Vip,0.29933727,-0.31571513
224254,L6 IT,0.14120859,0.11621052
248769,Endo,0.11484969,0.28843856
43229,Endo,-0.26052162,-0.12621215
11386,Astro,0.25514752,-0.38171613
169616,L6 CT,0.114703536,0.31453657
11433,L6 CT,0.053138316,0.19822437
191420,Endo,-0.26781118,0.07228744
224272,Vip,0.1315096,-0.4046953
191414,L2/3 IT,0.04061395,-0.303805
169602,OPC,0.18082374,-0.36564615
20805,Oligo,-0.14945856,0.10780501
169570,L2/3 IT,-0.061551183,-0.2557072
224297,L6 IT,0.049464047,0.36492258
43095,L5 IT,0.2104522,-0.011613101
274881,L2/3 IT,0.31702018,-0.29721043
223191,Micro,0.27535552,0.34589547
152702,PVM,-0.074053526,0.33533657
224501,Oligo,0.13380545,-0.26798335
143398,Endo,-0.00047424436,-0.35955966
31392,L5 IT,0.035272002,0.035301328
42102,L2/3 IT,-0.20103297,-0.18026543
152586,Astro,0.2508896,0.39523208
191156,L2/3 IT,0.18313146,-0.36890328
235012,L2/3 IT,0.40687817,-0.2096135
31419,Astro,-0.41342586,0.3114817
276836,Oligo,0.11677027,0.3799767
169054,VLMC,-0.44798392,-0.12583077
169053,L5 IT,0.15583742,-0.11829358
11908,Pvalb,-0.006217003,0.29532433
234997,L2/3 IT,0.2819388,-0.31824923
253972,L2/3 IT,-0.33336535,-0.016652316
228440,L6 CT,0.2288568,0.22182184
41996,L6 CT,0.08905232,0.3453706
41967,L2/3 IT,-0.24364856,-0.12934366
188100,L2/3 IT,0.28949076,-0.22303662
11954,L2/3 IT,-0.2418383,-0.22887936
276845,Pvalb,-0.24578494,0.18649375
152498,L5/6 NP,0.110857725,0.2536764
41938,Astro,0.23724401,-0.22077864
234965,Oligo,0.06605941,0.3963995
41909,L4/5 IT,-0.25253934,0.06471169
41908,L6 IT,-0.006407976,0.09040809
168918,L2/3 IT,0.16460633,-0.31464168
12015,L2/3 IT,0.0723753,-0.3373391
41895,OPC,0.07815802,-0.12295538
20469,Astro,0.11645347,0.4483704
41971,L6 CT,0.10934353,0.44435292
272905,Micro,0.31103694,0.066913426
191188,Astro,0.046191692,-0.3846237
276820,Sst,-0.11545533,0.3072554
161960,L5 IT,-0.020457596,0.01790142
11709,Astro,-0.033880323,0.11042708
143143,L4/5 IT,0.06431365,-0.19721979
235091,L6 IT Car3,0.015328884,0.10024434
143165,L4/5 IT,0.110667884,-0.18449697
143173,L2/3 IT,0.08278805,-0.29908282
161962,L5 IT,0.10764009,-0.10552949
143205,L5 IT,0.30878717,-0.059634656
143210,Oligo,-0.112282634,0.37644154
42385,L2/3 IT,0.06991136,-0.31922626
161968,L2/3 IT,-0.07679215,-0.2617311
11775,L2/3 IT,-0.31969208,0.16642398
143237,L2/3 IT,-0.20979112,-0.08077398
11832,OPC,0.08080429,-0.12728438
255661,L5 IT,0.08223641,-0.061616212
272946,L5 IT,-0.12821925,0.07296997
241611,L2/3 IT,0.06471491,-0.3055458
143298,Peri,0.1665461,0.17197114
42276,L2/3 IT,-0.2291224,-0.13809049
255650,L4/5 IT,-0.21487212,-0.039253294
143341,Endo,0.2717207,-0.40098262
228466,Astro,0.25205958,0.302208
169123,L4/5 IT,0.092368186,-0.2289873
11815,L5 IT,0.15583098,-0.08761215
42213,L2/3 IT,0.16908562,-0.38600633
188063,L6 IT,-0.026769191,0.0609293
191196,Endo,0.32131648,0.18544555
161996,VLMC,-0.2114169,-0.39463988
11780,Astro,-0.3645146,-0.16243586
158186,PVM,-0.17337799,0.31593972
179075,Endo,0.14849234,-0.012574762
113893,L2/3 IT,0.044245303,-0.28332186
258281,Sst,-0.29781324,0.31752175
116651,L6 IT Car3,0.107993186,0.23852557
75269,L5 ET,0.33533138,0.117845
75270,L2/3 IT,-0.11442217,-0.31917098
89370,L4/5 IT,0.16957164,-0.19704217
113288,Micro,-0.31548542,0.015657902
80145,PVM,0.32995427,-0.42940313
79507,L4/5 IT,-0.22959,0.24798048
127358,L6 CT,0.24053973,0.18049884
104173,L2/3 IT,-0.26134533,-0.2122015
243396,L2/3 IT,-0.31349003,0.330028
196636,L4/5 IT,-0.0063117146,-0.16947508
102103,L4/5 IT,-0.2890867,0.09312272
110892,L2/3 IT,0.0670709,-0.2617466
62667,Astro,-0.36464447,-0.17424619
127385,VLMC,0.06785208,-0.45825136
116585,L4/5 IT,-0.014660865,-0.17301205
242985,L4/5 IT,0.282098,-0.17689028
116536,L2/3 IT,-0.13052657,-0.16130334
127350,L5 IT,0.08052337,-0.098920316
62642,L6 CT,-0.025182217,0.15143156
217990,L2/3 IT,0.1217255,-0.33873492
266591,Astro,0.28089637,-0.2606861
211501,Micro,0.1378578,0.27245694
260130,L6 CT,0.12832528,0.24572629
213786,PVM,0.13504416,-0.45329332
243389,L5 ET,0.2549951,0.03883022
75192,L6 CT,0.077974916,0.21811068
127290,L2/3 IT,-0.24632359,0.29680866
245713,L6 CT,0.042210817,0.3538962
123369,Astro,-0.23587924,-0.05668813
266165,L6 CT,0.23416024,0.26182967
123343,L5 IT,0.17494607,-0.0485442
62810,L2/3 IT,0.1677807,-0.39736372
62759,L4/5 IT,-0.23649013,0.05603683
87284,SMC,-0.45355105,0.15935463
216412,Astro,-0.3400262,-0.028814673
106061,L5 IT,0.22053331,-0.04349512
67061,L4/5 IT,-0.1999157,0.36714655
87226,L4/5 IT,0.110853374,-0.21520448
243393,VLMC,-0.48025936,0.16813827
264411,Astro,0.21569604,-0.42619476
210863,L6 IT,0.112472296,0.08758944
245874,Peri,0.24433148,-0.03516376
102174,L5 IT,-0.12752205,0.12588775
75329,L4/5 IT,0.11143023,-0.16994631
258257,L2/3 IT,-0.3678381,-0.0010968745
263936,L2/3 IT,-0.06713951,-0.26832387
266484,L4/5 IT,0.3953386,-0.09881449
209716,Peri,-0.43656698,0.05046463
213674,L6 IT Car3,0.22874773,0.15479016
99728,L6 CT,0.1843527,0.2341342
218083,Micro,-0.1246925,-0.20047691
260185,Astro,-0.20095089,0.17144716
83731,Pvalb,0.21372086,0.12942052
102181,L5 IT,0.21036536,-0.11332452
84720,L4/5 IT,-0.24854186,-0.052357167
62483,L6 IT,0.2976039,0.12559927
104017,L5 IT,0.31960487,-0.046195
99721,Endo,0.06404674,0.2476592
87138,OPC,0.1468926,-0.100263536
123096,L5 ET,0.20534521,-0.02313003
81989,L5 IT,0.13937795,0.03134519
75501,Endo,0.122259855,-0.29450905
89459,L2/3 IT,-0.36729246,0.041608512
243416,L2/3 IT,-0.34392256,-0.109458
213680,L6 IT,-0.03266585,-0.015851468
89428,L2/3 IT,-0.40999871,0.18257421
104067,L6 IT,0.13478231,0.34721035
245262,L2/3 IT,-0.114507794,-0.2045235
67134,L2/3 IT,-0.14833349,-0.26714194
71640,L2/3 IT,0.10117501,-0.34921262
209049,L4/5 IT,-0.07293263,-0.14804542
209042,L4/5 IT,-0.040312707,-0.13264832
62613,Astro,-0.23475811,-0.3091238
106158,Micro,0.2965228,-0.44884038
199196,Peri,0.21572328,0.04833466
218048,L6 CT,0.22839749,0.28721547
266332,Peri,-0.3200785,0.2426418
108370,L5 ET,-0.03736782,0.124616444
84157,Endo,0.088199854,-0.39891848
81917,L5 IT,0.06648916,-0.027826667
266157,Endo,0.1919874,-0.2146008
91779,L2/3 IT,-0.21426472,-0.23398235
116507,Peri,0.39636904,-0.22316897
245120,Astro,-0.37882364,0.31129026
116497,Oligo,0.054989457,-0.2496332
218058,L2/3 IT,0.046877027,-0.326978
75422,L2/3 IT,-0.37530017,0.16890901
213714,Astro,-0.11679125,-0.0718036
116330,Micro,0.14769137,-0.14710614
127211,L2/3 IT,0.41459382,-0.22670847
127193,Endo,0.2842853,-0.3754962
108423,L4/5 IT,0.3159532,-0.17153177
74920,Endo,0.20603788,0.35103977
101853,OPC,-0.30912462,0.16840905
258968,L5 ET,0.11116785,0.12486684
260079,Lamp5,0.03477949,-0.34332982
74956,Astro,-0.41567543,-0.006247252
205626,L2/3 IT,-0.34079093,-0.059840262
113185,Astro,0.17659527,-0.24451804
212251,L5 ET,0.21047461,0.06805587
244128,Astro,0.090243936,-0.38470867
81036,OPC,-0.07373157,0.37314028
212102,L5 ET,0.120645404,0.5
243374,L2/3 IT,0.22326463,0.056500494
196825,L4/5 IT,-0.15705618,-0.039955735
202534,L2/3 IT,-0.32484663,0.1481567
116868,L4/5 IT,-0.19356388,0.25057518
201694,Astro,-0.3296685,0.10988003
63183,PVM,0.350029,-0.42600387
269528,L5 ET,0.26154804,0.01783222
94292,L4/5 IT,-0.2550584,0.19377983
127013,Endo,-0.40322176,0.24471337
66896,L4/5 IT,-0.21825671,0.3068875
258346,L4/5 IT,-0.16248313,-0.075572014
80060,L2/3 IT,-0.13490307,-0.21126682
267465,Endo,-0.20308834,0.03540361
268837,PVM,0.097546995,-0.4546678
66735,OPC,0.028911889,0.02663672
105719,L2/3 IT,0.1137082,-0.25693434
100041,L2/3 IT,-0.09553963,-0.22144762
74844,L4/5 IT,0.31053382,-0.19436598
101810,Vip,-0.17421523,-0.2430073
94244,L2/3 IT,-0.3027144,0.16169435
87502,L5 IT,0.18545526,0.43621927
126841,L4/5 IT,-0.26414347,0.013710976
74865,VLMC,-0.5,0.04539174
92012,Astro,-0.44278964,0.134386
211797,L6 IT,0.03536421,0.16610813
84112,Astro,0.36403704,-0.33862656
202869,L2/3 IT,0.010388315,-0.3097925
207577,OPC,0.34912997,-0.2702846
99946,Sst,0.070180595,0.084694505
205618,Oligo,-0.050709784,0.23470867
126888,VLMC,0.07271063,-0.43564484
264847,L5 IT,0.27750754,0.07513338
209611,Endo,0.21076286,0.013007402
243754,L2/3 IT,0.23306477,-0.3422376
262334,Micro,-0.020162791,-0.4346235
244467,Endo,-0.15225339,-0.12840605
63027,Oligo,0.15808791,0.32596982
75102,OPC,0.18914926,0.17949408
119473,L6 CT,0.17057407,0.1814881
127133,L6 CT,0.097840846,0.28997254
87347,L5 IT,-0.07523808,0.018162131
79541,L2/3 IT,-0.36276555,0.11562967
127136,Micro,-0.23596662,0.35612226
217907,L5 ET,0.3218783,0.14174801
102087,L2/3 IT,0.3427518,-0.28247458
62991,L2/3 IT,-0.28036857,-0.19882101
199223,PVM,0.37287492,-0.46344545
62986,Endo,-0.2788486,-0.041280508
196724,L5 ET,0.037836134,0.063932896
67008,L5 IT,-0.010340899,-0.00042507052
209656,L2/3 IT,0.09651482,-0.33310586
99864,L4/5 IT,-0.2881285,0.07730669
200116,L6 IT,0.2936005,0.32085162
89322,Sst,0.30264956,0.2632591
71780,Pvalb,-0.21208403,-0.22084966
99891,L6 IT,-0.05955559,0.12440956
213822,Astro,-0.4504735,0.2836805
63168,Endo,-0.38307333,-0.09251416
269542,L2/3 IT,0.39951044,-0.16565275
243973,Endo,-0.45368257,0.18707007
99903,L2/3 IT,-0.3070718,0.2923079
127038,L4/5 IT,-0.21522775,0.34429085
71821,L5 IT,-0.119396,0.27341247
63151,L2/3 IT,0.008716345,-0.21800387
84126,L4/5 IT,0.37532628,-0.1385619
203698,Endo,-0.34158826,-0.27365896
127203,Astro,-0.40726483,0.33999425
71820,Astro,-0.2678659,0.29943854
94366,L6 IT,-0.0733524,0.1591456
101990,Peri,-0.24084637,-0.045235127
83779,VLMC,0.05387914,-0.47207087
67001,L4/5 IT,-0.2675541,0.060224533
203696,L4/5 IT,-0.20815426,0.3130502
217866,L6 CT,0.24478501,0.39311785
105894,Astro,0.19883937,-0.14042768
127076,L5/6 NP,0.08109611,0.28537834
217870,L6 CT,-0.041580707,0.277036
71819,SMC,-0.04094875,-0.06762165
89176,SMC,0.16252589,-0.4701563
119523,Astro,0.2012428,-0.40270963
62442,Sncg,0.4115206,-0.2999462
108307,L4/5 IT,0.11164141,-0.24265283
85091,Oligo,-0.10628638,-0.08786148
61470,Sst,0.11866021,0.072538435
122752,L5 IT,0.04379022,0.14608818
76120,L2/3 IT,0.30929518,-0.35101488
86906,Micro,-0.37094015,-0.18420413
119807,L5 IT,0.20492935,-0.02690357
122749,L4/5 IT,0.1937334,-0.25137937
258102,PVM,-0.4441241,-0.13210946
76163,L2/3 IT,-0.15424222,-0.3197062
71198,L5 ET,-0.12671888,0.26884335
264475,L2/3 IT,-0.27476588,0.19838655
128472,Micro,-0.17353606,-0.03749785
258101,OPC,-0.062215507,-0.41935468
95035,L6 IT,-0.3233778,0.02688837
210914,Astro,-0.1110059,0.40059632
122739,L2/3 IT,-0.23755878,-0.07692814
265857,L2/3 IT,0.12826651,-0.26623818
213411,L2/3 IT,0.07576066,-0.2927662
95004,Oligo,0.020751059,0.14507824
95078,L4/5 IT,-0.14400008,-0.027647138
115908,L2/3 IT,-0.2912598,-0.12487319
122761,L5 IT,-0.13038513,0.040500283
110786,Oligo,-0.02354014,0.38445264
210721,Peri,0.12656039,0.09949529
61690,Micro,0.22665799,-0.33637065
198112,L2/3 IT,-0.18868065,-0.2385832
61681,L6 CT,0.27135402,0.34237057
116023,L2/3 IT,-0.35818428,0.22226495
128232,L2/3 IT,-0.18833193,-0.11972889
203533,Lamp5,-0.21051627,-0.17283142
76031,Endo,0.018309712,0.31208956
102367,L4/5 IT,-0.15634206,-0.012411088
61650,L4/5 IT,-0.24818173,0.23872107
61635,L2/3 IT,-0.29378843,0.065678895
110767,Lamp5,-0.07520634,-0.38943785
89557,L6 CT,0.014280856,0.2197969
119778,L5/6 NP,-0.02989316,0.016624749
200384,Astro,-0.45159534,0.09700996
102368,L6 IT,-0.10487968,0.27535224
99371,Micro,0.1833213,-0.37749878
76083,L5 IT,-0.1351724,0.23841423
115928,Peri,0.44813806,-0.3074308
128486,L2/3 IT,0.018312931,-0.35144395
245243,Endo,0.29172248,-0.38105822
218413,Sst,0.38002902,-0.27748042
99024,L5 IT,0.3627417,0.10860258
115603,L2/3 IT,0.04502213,-0.29834515
261551,L5/6 NP,-0.15242958,0.31202155
216127,Astro,0.18212444,-0.027245015
209907,L6 IT,0.18578148,0.03775996
128575,Lamp5,-0.43297628,0.12570888
71164,L2/3 IT,-0.29699886,0.15783864
95233,Oligo,-0.08308256,0.2019549
128607,SMC,-0.34296018,0.08556211
61237,L5/6 NP,0.31446052,0.124459565
269811,L2/3 IT,0.19630337,-0.31537002
204421,Sst,0.08428556,0.07497281
128622,L5 IT,0.08022082,-0.0002810657
71155,Micro,0.23418742,0.2551518
119877,Endo,-0.20246807,-0.3495022
119925,L6 CT,0.061021984,0.1699323
115550,L5 ET,0.010074794,0.22915053
86755,Pvalb,-0.2371155,0.043348014
98914,L2/3 IT,0.2568118,-0.3554365
122656,VLMC,-0.26376414,-0.38060385
128554,Astro,0.074837804,0.38455743
218440,L4/5 IT,-0.020230353,-0.16363394
106643,L6 IT,0.2846166,0.24902147
115769,L2/3 IT,-0.33246022,-0.17046726
82291,Sst,0.20627594,-0.41176397
210438,L6 IT,0.078511655,0.042467535
106456,L4/5 IT,-0.18729416,-0.050759345
208417,L4/5 IT,-0.2980997,0.120113015
76215,L2/3 IT,-0.32036614,0.20185632
67770,OPC,-0.23079354,-0.35714442
76243,Endo,-0.12215364,-0.37695962
76252,Astro,-0.362235,0.024656773
267216,Oligo,-0.107482076,0.42148715
216151,Endo,0.2704293,0.059915066
95132,L2/3 IT,-0.35033727,0.2733994
201220,L5 ET,-0.13862863,0.31072003
110751,Endo,-0.1309033,0.3926432
76318,L4/5 IT,-0.19042766,-0.14392212
61387,VLMC,0.35338992,-0.4659819
99198,L2/3 IT,-0.30771524,0.0287925
198197,L2/3 IT,0.03331715,-0.33260632
202905,PVM,0.13358963,0.3740275
198201,L5 ET,0.14877778,0.016262054
122661,L6 CT,0.02991575,0.25256222
268723,L5 ET,-0.1340996,0.22193956
67614,L2/3 IT,0.2883168,-0.28868306
205763,L2/3 IT,0.36368167,-0.27597624
243179,L2/3 IT,-0.29069313,-0.17890397
99663,L2/3 IT,-0.39847916,0.026141584
119673,PVM,0.25044388,-0.37783283
200263,L2/3 IT,-0.3537836,0.011388481
67429,L6 CT,0.2313183,0.15106356
99659,Astro,-0.4098999,-0.046813995
208350,Pvalb,-0.22697037,-0.012512475
99637,L5 IT,0.17333937,0.04108244
213575,Endo,0.23922533,-0.28445613
207407,Peri,-0.428824,0.040340364
207401,SMC,-0.14189166,0.3465153
127853,L6 IT Car3,0.013771296,0.19872999
102280,PVM,-0.0023434758,-0.36978137
89517,L5 ET,0.13918972,-0.018896371
71328,Micro,-0.27787632,-0.33342296
62119,Pvalb,0.35522062,-0.023697913
82055,L5 ET,-0.086785525,0.034647405
245688,L6 CT,0.0128906965,0.3664986
216270,L6 CT,-0.029325962,0.20353085
83713,L4/5 IT,0.36920947,-0.1074208
67467,L2/3 IT,0.17260486,-0.3874309
213594,L4/5 IT,0.3389737,-0.19648483
201235,L4/5 IT,-0.2635552,0.022641063
99712,Peri,-0.19035038,-0.10228735
127564,L5 IT,0.37252438,-0.017053306
75521,Pvalb,0.30603206,-0.2673427
196564,L6 CT,0.13085324,0.17731887
75566,L4/5 IT,-0.20223689,0.30332142
209730,Endo,-0.28623527,0.004701376
127636,SMC,0.25546658,-0.25677878
119544,L6 IT,0.051518857,0.22215801
62381,Peri,0.1275481,0.3979407
245122,Astro,-0.11465943,0.37851763
268717,L5 IT,-0.08843395,0.049110055
75596,L4/5 IT,-0.023717344,-0.19231036
80914,L4/5 IT,0.36140823,-0.046409965
71472,L2/3 IT,-0.34557217,0.03138876
208343,L6 IT Car3,-0.02016458,0.20062876
268709,L4/5 IT,0.33599776,-0.111196905
261981,SMC,0.43974054,-0.34449977
102257,Astro,0.3846615,-0.3793115
67373,Oligo,-0.057456017,0.012625337
119599,L2/3 IT,0.2526316,-0.39361924
62035,L2/3 IT,-0.38767177,0.08667755
116205,SMC,-0.4908834,0.17679286
89519,VLMC,-0.45696953,-0.07919714
103950,L2/3 IT,0.16177917,-0.35613853
61857,OPC,-0.15375626,-0.19756246
82114,L4/5 IT,0.19566053,-0.19311404
267219,Endo,0.23229092,0.156676
91630,L5 IT,-0.15683725,0.09749812
91621,L5 IT,-0.12245932,0.056032717
61808,L4/5 IT,0.14574575,-0.20754018
116032,L6 CT,0.13284594,0.30403155
110806,Astro,0.01703024,0.36185008
83652,PVM,-0.359447,-0.2749873
258142,Peri,-0.30199045,-0.13459757
83627,L5 IT,0.1457038,0.37315905
67585,VLMC,-0.21669966,-0.4012517
75975,L5 IT,0.017404258,-0.087165296
99408,OPC,0.080816865,-0.35495764
208379,Peri,-0.33311722,0.19580042
110804,L4/5 IT,-0.27877915,0.10390794
262376,Peri,-0.09857434,0.02267176
259611,Pvalb,-0.30566603,0.19741774
87037,Oligo,0.072025776,0.3589679
61858,L2/3 IT,0.23000091,-0.2810833
216243,L5 IT,-0.03843054,0.4333412
258149,L4/5 IT,-0.26461798,0.21179622
202081,L2/3 IT,0.2513005,-0.34639347
116200,Sst,0.18970579,0.0951342
127919,VLMC,0.35750002,-0.43825844
67478,L5 ET,-0.036346555,0.30434066
269700,Pvalb,0.0485211,0.3259282
116116,Sst,0.22654378,-0.26736715
214992,Sst,0.2542221,0.10257536
212306,L6 CT,0.26508552,0.2237559
67522,L2/3 IT,-0.35173488,0.28285933
94932,L2/3 IT,-0.21268913,-0.21356991
200305,Endo,0.2568187,0.37583727
116110,L4/5 IT,-0.0017074645,-0.22116864
61892,L6 IT,0.0076425076,0.19118422
205719,VLMC,0.4509434,-0.36267883
198081,L6 IT,0.0201388,0.25668406
94836,L4/5 IT,0.03499627,-0.2120656
102300,Astro,0.15329063,-0.28097415
94837,Astro,-0.041178524,0.39718372
209776,Peri,0.1205104,0.032222092
82097,Micro,-0.44891536,0.082345545
109134,L6 CT,0.306862,0.10021013
105621,Peri,0.06487852,-0.12335813
74771,L2/3 IT,-0.29142362,-0.18544102
126817,L2/3 IT,0.06727779,-0.3271355
111784,Astro,-0.096943945,-0.2409653
125426,L2/3 IT,0.14593029,-0.32066697
118306,Oligo,0.20152706,0.26907623
100858,L4/5 IT,0.29820776,-0.117972314
104579,VLMC,0.24775857,-0.46720508
205321,VLMC,0.438178,-0.38438284
118241,L6 CT,0.103548706,0.1617586
88137,L5/6 NP,0.09692985,0.18015909
242943,L5 IT,-0.115858614,-0.0635367
119035,L6 IT Car3,0.084465444,0.34247708
214305,L2/3 IT,0.13541138,-0.36852032
92725,Astro,0.17193723,-0.44528732
211645,Vip,0.3463707,-0.38398564
211644,Micro,-0.15119848,-0.38150623
65038,L5 ET,0.017565131,0.28616548
210794,L4/5 IT,0.03154117,-0.15509775
118146,Sncg,-0.19247746,-0.29006034
101407,Endo,0.07235938,-0.24264178
104498,Endo,-0.21168423,-0.27460223
258610,L5 IT,-0.10668683,0.2486164
100799,L2/3 IT,0.20837963,-0.34015828
118319,L4/5 IT,-0.27364758,0.027355313
204006,L2/3 IT,-0.2580799,-0.07552695
260832,Pvalb,0.11152488,0.29415047
197674,L6 CT,0.046202898,0.2781635
101360,Oligo,0.005440891,0.3492437
108506,L6 IT,-0.061605662,0.038748622
73081,L2/3 IT,-0.31365424,-0.20680243
267735,Oligo,-0.10080993,0.35076898
118375,Peri,-0.26083693,0.18550074
100902,L2/3 IT,-0.32664692,-0.06691331
207907,L2/3 IT,-0.22179848,-0.16940829
73102,VLMC,-0.4862348,0.06306946
265020,L4/5 IT,0.37804472,-0.041938365
243968,L5 ET,-0.0049010515,0.025126874
65200,L2/3 IT,-0.37558237,0.13908106
112726,Astro,0.33037233,-0.10748732
197376,Peri,0.12903112,-0.022927165
269198,L5 ET,0.3416766,0.09502816
261031,Endo,0.14186281,-0.18180957
73168,L5 IT,0.088383615,-0.08917582
93342,Oligo,0.0019623637,0.43641478
267709,VLMC,-0.4624614,-0.088776976
264287,Astro,0.15716898,0.099102974
100785,Endo,0.10808927,-0.39569837
205351,L2/3 IT,-0.118793756,-0.2518659
101528,L5 IT,0.21466541,0.23706448
119103,L2/3 IT,-0.01655975,-0.2956581
111804,Peri,-0.28702587,-0.2798741
64653,L2/3 IT,-0.004044324,-0.37647873
72209,L5 IT,-0.047397196,-0.08832842
64639,Endo,0.27719223,0.11422932
197227,L5/6 NP,0.20784396,0.07530582
123974,L2/3 IT,-0.29162377,-0.16791803
261018,Endo,-0.3730027,0.035232008
88110,L4/5 IT,0.08770746,-0.18678978
125798,Pvalb,-0.21866715,0.3100415
267657,L6 IT,0.25393653,0.08448541
64564,VLMC,0.12362492,-0.49876937
64537,L4/5 IT,0.1815821,-0.11565009
202593,L4/5 IT,-0.24820659,0.22343928
111371,L6 CT,0.046260655,0.37879705
88884,Lamp5,0.4632259,-0.14762521
211766,L2/3 IT,0.17186141,-0.330437
262885,Astro,-0.33694375,-0.22103709
64703,Pvalb,0.26045036,0.33221608
83987,L5 ET,0.13843286,0.45760345
199336,Endo,-0.12508655,-0.2722013
73571,L5 ET,-0.023516566,0.31903023
199345,L2/3 IT,-0.04323238,-0.30252677
125733,Astro,0.032479107,-0.4529148
108575,Oligo,0.19548064,0.44230688
100774,Astro,0.21864516,-0.42986324
118100,L2/3 IT,0.13333893,-0.3628692
125743,L2/3 IT,-0.35960934,-0.05916089
84007,Peri,0.036444426,0.058990717
199642,Astro,0.2654869,0.28619152
217221,Astro,-0.31795102,-0.27242386
93229,Oligo,0.02981466,0.2113232
125752,VLMC,0.28623742,-0.4543724
73553,Micro,-0.32295218,0.29679126
265039,L2/3 IT,-0.2303513,-0.1438404
203980,L4/5 IT,-0.13777491,-0.14091223
244801,L5 ET,0.1687628,-0.029473066
88869,Micro,0.06681746,-0.4612571
111422,Peri,-0.20716965,0.29106694
197241,OPC,-0.17199707,-0.16467938
118070,SMC,-0.27667302,0.02541095
93539,Endo,-0.006851554,-0.19490352
101478,Endo,0.43106908,-0.117788225
217304,Pvalb,0.097694755,0.45190847
217041,VLMC,0.25773823,-0.48648667
65305,OPC,0.20374471,0.19663996
88643,L5 IT,0.20255166,-0.04573825
81304,Astro,0.3000577,-0.32448995
93016,L4/5 IT,-0.27954715,0.05655718
93037,L2/3 IT,-0.21857527,-0.10058075
124619,L5 ET,0.026158214,0.058781743
216831,VLMC,-0.47549772,-0.04392287
65671,OPC,0.4212532,-0.055806667
72539,VLMC,-0.40589252,-0.18604994
65661,L2/3 IT,-0.18764073,-0.32187963
65642,Astro,-0.2867929,-0.10260382
124618,L6 CT,0.2225948,0.0738247
199395,L5 IT,-0.14666012,0.13932115
264213,L5 ET,-0.0027537346,0.31800407
204144,L5 IT,0.18875974,-0.0069574714
124597,OPC,0.21361387,0.36568016
259794,L2/3 IT,0.027741492,-0.30385938
65531,L2/3 IT,0.14798778,-0.3484516
93093,L6 IT,0.14588547,-0.051969886
259799,VLMC,-0.14478421,-0.42735508
88607,L4/5 IT,-0.21497145,0.060423017
118614,Endo,-0.27409595,0.24885857
124667,Endo,0.29268718,0.3166908
261477,L2/3 IT,-0.27041066,-0.04738012
112764,Lamp5,-0.32594216,-0.14328212
124732,Micro,0.2657948,-0.23029569
88591,Pvalb,-0.10828298,-0.31180447
214559,Micro,0.39496708,-0.3246296
262222,L5 IT,0.31988227,0.008011162
124787,PVM,0.09283316,-0.4851553
84022,Astro,0.00064367056,0.35345644
72645,PVM,0.4007188,-0.3652168
264959,Astro,-0.3560249,-0.11218652
118710,L5 ET,0.24383801,0.034768343
214524,L5 ET,0.035400033,0.11857718
216865,L4/5 IT,0.06107968,-0.16582227
88606,Oligo,0.23526889,0.35588276
92991,L5 IT,0.10784382,-0.09884104
204103,L2/3 IT,0.08859259,-0.3602016
124877,Astro,-0.2323874,0.06255239
124878,SMC,-0.16382429,-0.16345248
72721,Pvalb,0.37421143,0.060258746
264961,L4/5 IT,-0.08292514,-0.17271996
204092,Peri,0.4192962,0.0048137903
209288,Vip,0.017368793,-0.37058437
269103,L4/5 IT,0.28795254,-0.18154529
101292,SMC,-0.056963652,-0.41098845
92868,L2/3 IT,0.11764765,-0.3654264
216789,L4/5 IT,0.031120837,-0.19842368
65402,L6 IT,-0.057859868,0.30640215
216788,Astro,0.31220233,0.18201953
262248,Micro,-0.26350647,0.29768455
216787,L5 IT,0.13722569,-0.084585994
118463,L2/3 IT,-0.14368111,-0.24876806
124463,L2/3 IT,-0.31610927,-0.14440188
118429,OPC,0.13963968,0.40649325
65372,L5 IT,0.18179464,-0.013094068
244367,Astro,0.23042285,0.43958318
93175,Lamp5,0.22156852,-0.15995371
72396,L5 IT,0.28371388,-0.035389513
93194,L4/5 IT,-0.1357708,-0.08067918
93196,L5 IT,-0.10797283,0.048656285
216754,L2/3 IT,-0.38842365,0.11772466
73029,Astro,0.22169703,0.2847991
73041,L2/3 IT,-0.1819453,-0.29392627
197402,Micro,0.2667979,0.047029436
72931,L2/3 IT,0.3319586,-0.32283866
118483,Astro,0.28645843,-0.44102722
79872,Oligo,0.06810671,0.21805322
65415,L2/3 IT,-0.21006402,-0.17117238
258657,Peri,0.27118152,-0.014512539
72504,L4/5 IT,0.05329609,-0.10855314
118582,Endo,-0.08342102,-0.35568318
101138,L2/3 IT,-0.3125289,0.2631846
125086,L5 IT,0.31257176,-0.022650063
65481,L2/3 IT,0.20838964,-0.34547904
111493,Astro,-0.3844046,0.37947512
93123,Micro,-0.052131712,-0.436826
65459,Astro,0.23454171,0.20877182
205193,Astro,-0.34943628,-0.05141151
104924,L4/5 IT,0.26744467,-0.12766656
72481,Astro,0.33056772,-0.031194776
259827,Endo,0.26019907,0.34086782
65964,Lamp5,0.17382449,-0.31220275
104931,L4/5 IT,-0.15587422,-0.15484223
118498,L2/3 IT,-0.26476896,0.25157458
179080,L5 IT,0.14892489,-0.1253998
214605,L4/5 IT,0.053758442,-0.13872337
118490,Endo,0.24610198,0.23861682
209211,L6 CT,0.22870773,0.22342068
267863,L2/3 IT,-0.30955216,0.32743388
112977,Oligo,-0.07847175,-0.40245152
203971,L2/3 IT,-0.086624,-0.28684673
261503,Oligo,0.074198365,0.12253016
197855,Micro,-0.17328715,-0.042819858
74399,L2/3 IT,0.319964,-0.3148575
109329,Vip,-0.312026,0.12466782
258425,Micro,-0.37850216,-0.12937728
105450,L6 IT,-0.059627116,0.30979323
126485,L2/3 IT,0.33748454,-0.26910254
261513,L4/5 IT,-0.17935926,-0.12087026
123692,Pvalb,0.15508276,-0.24376163
63701,Endo,-0.29145652,0.24821591
63675,Peri,-0.011385292,-0.41598427
89084,PVM,0.34012914,0.084338725
123690,L5 ET,-0.014922261,0.16980636
113156,Micro,0.24969965,0.34237593
207681,Endo,-0.2786561,-0.2414377
208229,Endo,-0.22669017,0.10323274
63665,L2/3 IT,-0.27648947,0.2637596
63645,L2/3 IT,0.18735993,-0.24595258
74442,L5 IT,0.110158145,-0.0076459944
111096,L2/3 IT,-0.40416604,0.09150976
268869,L2/3 IT,0.25886047,-0.36280528
63615,Endo,-0.26861343,-0.30124986
211782,L6 CT,0.16231543,0.25009495
80053,L2/3 IT,0.40349662,-0.21599
113151,L2/3 IT,-0.07578215,-0.26705116
126322,VLMC,0.15388942,-0.47586647
217509,L4/5 IT,-0.2296023,0.2565815
71980,Pvalb,0.086539924,-0.030536562
89049,VLMC,0.40545934,-0.38385636
108437,L5 IT,-0.073682666,0.39952534
126333,L6 CT,0.04950273,0.34647804
260016,L5 ET,0.087949455,0.09429908
123750,Micro,0.09838569,-0.38807136
126336,Pvalb,-0.18457082,0.37154996
216582,Oligo,0.24123478,0.41289616
63863,Endo,-0.14082599,-0.3634771
63854,L4/5 IT,-0.2784697,0.18569028
100337,Astro,-0.15752134,-0.09071344
83934,Endo,0.03683108,-0.20713103
63824,L6 CT,0.1614216,0.3548174
71958,L5 ET,0.05119866,0.009637117
203844,VLMC,0.32230645,-0.4041091
111924,L6 IT,0.070218325,0.029702723
63805,L4/5 IT,-0.20097688,-0.114792645
217602,Endo,0.32707965,0.21489221
66655,L4/5 IT,0.048141062,-0.13610879
74507,PVM,0.4032249,-0.32723027
209099,L6 IT,-0.052875996,0.2898885
199252,Endo,-0.19407001,0.23293686
243764,L5 IT,-0.03466487,0.057811975
87560,L5 IT,-0.16339889,0.30652636
260070,L2/3 IT,-0.27338386,-0.14688209
217660,L4/5 IT,0.36089087,-0.13960734
100099,Astro,-0.027373672,0.31310022
258943,Peri,-0.1484918,0.210841
94152,Endo,-0.16953048,-0.08576071
196932,L6 CT,0.26579458,0.23747313
246268,Micro,0.3718369,0.038006663
89152,L2/3 IT,-0.3692826,0.32130867
101797,SMC,-0.27085352,-0.35562897
217678,L2/3 IT,-0.09577626,-0.22273996
209549,L2/3 IT,0.09039879,-0.34046224
105581,Endo,-0.15143946,0.34064543
63464,L2/3 IT,-0.2553172,-0.22221282
260869,L6 IT,-0.04424417,0.18819058
246272,L2/3 IT,-0.38472492,0.041143656
100106,L2/3 IT,0.30275208,-0.31894833
207638,Astro,-0.35973996,-0.20069408
126692,Astro,-0.22924379,-0.32882172
211786,L2/3 IT,-0.22378021,-0.22548723
246250,Oligo,0.07654792,0.18953162
196984,L4/5 IT,0.1317823,-0.20630985
268847,Astro,-0.045627266,-0.29373848
111094,OPC,0.052791893,0.11454666
207673,Astro,-0.2840013,0.2995069
104352,L6 CT,0.20465136,0.22727561
105525,L6 CT,0.12653178,0.4626996
89120,L5 IT,0.21289963,0.002998948
66674,VLMC,0.1508776,-0.47893772
269429,L6 CT,-0.011345297,0.2602275
205561,L5/6 NP,0.10995388,0.19812888
92124,Peri,0.19536442,0.0076003075
196971,Endo,0.3012743,0.30602825
87595,L2/3 IT,0.01255089,-0.28865993
269488,L4/5 IT,0.18682474,-0.16504902
63539,OPC,-0.14835009,0.28079367
268326,Endo,-0.17493618,-0.12460065
117152,L2/3 IT,-0.32518393,-0.088952154
243221,Endo,-0.22066727,0.26345682
74635,L5/6 NP,0.0888803,0.16926259
117166,L4/5 IT,0.32164824,-0.10827842
201939,Astro,-0.13940275,-0.40397614
74234,L2/3 IT,-0.23736516,-0.18616208
87755,L4/5 IT,0.16558594,-0.12533695
264912,L4/5 IT,-0.19975153,0.27919155
92367,Endo,0.0644542,-0.43875268
244798,L2/3 IT,-0.004755497,-0.3651656
258497,Vip,-0.36928353,0.02890557
126029,L6 IT,0.13194352,0.09836227
126049,SMC,0.37724233,0.06400889
100535,L6 CT,-0.021613568,0.33462965
73896,L4/5 IT,0.2108072,-0.13523507
66390,L2/3 IT,-0.31152356,-0.01379481
117719,Endo,0.20809656,0.3158831
117685,L2/3 IT,-0.25320798,-0.13700876
73987,L2/3 IT,0.38475448,-0.23971388
100511,L2/3 IT,-0.31238374,-0.13647774
93728,L4/5 IT,-0.17463404,0.011952102
117684,L5 ET,0.19319934,-0.053494334
210810,L2/3 IT,-0.08618608,-0.20764804
111866,Sst,0.36797333,-0.014535785
246116,L4/5 IT,-0.19663343,-0.08434841
64220,Micro,-0.22073007,0.05673641
73861,Astro,-0.006105989,0.40217346
214179,Micro,-0.050926834,0.4043069
125993,L5 IT,-0.062071443,0.080001414
92371,L5 ET,-0.10535392,0.04771322
64384,L5 IT,-0.1915645,0.1832323
259920,L2/3 IT,0.015960336,-0.37246335
210759,L2/3 IT,-0.2988429,-0.10719344
73716,SMC,0.21862054,-0.40144056
125933,Sst,0.17608947,0.36828798
203965,L6 CT,0.07695192,0.39122558
64361,L2/3 IT,0.25450242,-0.32293084
203963,L4/5 IT,-0.18785697,-0.106399536
199320,L6 IT,-0.034444988,0.3313648
74019,Astro,0.44960767,-0.12908593
92379,OPC,-0.3988116,0.022170186
92378,L2/3 IT,-0.35148942,0.01134938
117866,Astro,-0.23879713,-0.28402734
203948,L5 ET,-0.1108765,0.2908712
93643,L4/5 IT,0.3655079,-0.18231091
100537,L4/5 IT,0.196581,-0.1361709
259945,L5 IT,0.14306927,-0.054846436
125989,L2/3 IT,-0.3581067,0.29554385
108455,L5 IT,0.25939673,-0.08461207
207809,L2/3 IT,-0.38445652,0.20546627
66355,L6 IT,-0.09160817,0.20074576
269840,L4/5 IT,0.21828592,-0.2134138
266233,Sst,-0.037391186,0.3475513
199308,OPC,0.02744031,-0.16406846
105240,Endo,-0.034935385,-0.1092715
117577,Lamp5,-0.20212343,-0.25847328
92269,Pvalb,0.13578022,0.010424554
117564,L2/3 IT,0.117090106,-0.28314924
209444,L2/3 IT,-0.36434275,0.0052433014
126226,Oligo,0.201563,0.26322258
87806,Peri,-0.26069987,-0.23295239
117552,SMC,-0.27916348,-0.33106768
246111,Astro,0.08398092,-0.40739682
117479,L2/3 IT,-0.3602173,-0.013535947
211581,L2/3 IT,-0.1743699,-0.29087305
211580,L6 IT Car3,0.020942569,0.3623491
117469,Vip,0.30288863,-0.12582773
207736,L4/5 IT,-0.16845462,-0.02174902
104426,L5 IT,0.21412164,-0.08789554
119257,L5/6 NP,0.16827792,0.32869577
101706,SMC,-0.12580189,-0.4167137
267952,Endo,-0.11282942,-0.015193969
265096,L2/3 IT,-0.3321091,0.12290257
64084,L5 IT,0.14090621,-0.006692618
87855,SMC,-0.30551326,0.32363904
72033,L2/3 IT,-0.24706623,-0.24893317
126191,Oligo,0.22010237,0.14770448
244422,L2/3 IT,-0.3508256,0.19956899
64199,L6 CT,0.2097708,0.30408895
64178,Sst,0.34715694,0.046585202
100433,L6 CT,0.2994457,0.33144915
244150,L2/3 IT,-0.2907225,-0.2131204
64163,Endo,0.090877056,0.2445122
87934,L5 IT,0.30892217,0.21430093
211595,L2/3 IT,0.32937562,-0.2767989
199808,Astro,-0.1991291,-0.15237513
214724,L5 IT,0.1995365,-0.04677224
117642,L6 CT,0.024849713,0.37636113
66437,Endo,-0.23604015,-0.19651535
117640,Endo,0.29014403,0.13863117
262158,L4/5 IT,-0.13552254,-0.10626495
66452,Pvalb,0.16731846,0.2599514
93781,Pvalb,0.32955992,-0.17686304
119205,L2/3 IT,0.0122666955,-0.4023007
101657,Pvalb,-0.07365659,0.01834011
123875,Astro,-0.33613205,-0.23301214
203911,VLMC,0.21556425,-0.45183256
207774,L6 IT,0.20861048,0.32977152
218490,Astro,-0.33352795,-0.13550171
110768,L2/3 IT,-0.35194826,0.11203885
96064,Oligo,0.20419437,0.38939106
77762,Pvalb,-0.19485438,0.025170088
97961,Endo,-0.37040856,-0.14603886
270194,L4/5 IT,-0.24524191,0.2856782
206244,L2/3 IT,-0.29476827,0.025199115
80344,L5 IT,-0.1677419,0.044275522
77796,L2/3 IT,-0.38172966,0.2631601
58908,L5 IT,0.16726929,-0.100865275
112458,L5 IT,-0.0991731,0.09914267
113684,Endo,-0.10837662,0.3221066
121959,Astro,0.2432,-0.36793482
84540,OPC,-0.22290361,-0.060864776
206246,L6 CT,0.12358773,0.25079405
120710,PVM,-0.3545152,-0.13221818
215785,PVM,-0.18480417,-0.19641414
84414,L2/3 IT,-0.19547877,-0.23894861
90050,L4/5 IT,-0.2465277,0.26107645
266684,L5 IT,-0.19823292,0.30239058
244628,L4/5 IT,-0.2580186,0.12134671
96256,L6 CT,0.25610954,0.16153514
242531,Pvalb,-0.08883342,0.1967507
257706,L4/5 IT,0.38620204,-0.09036684
208832,L6 IT,0.13952363,-0.028618485
82874,Peri,0.2731647,0.08063769
77613,L5 IT,0.08896959,0.30788136
96149,L4/5 IT,0.15769887,-0.20856094
59104,VLMC,0.5,-0.3129121
130243,L5 IT,-0.08487883,0.3268755
59095,Micro,-0.47107753,-0.030701727
70370,VLMC,0.03873259,-0.43431455
203279,L2/3 IT,-0.3010394,0.018256247
245494,Lamp5,-0.03932476,-0.4244136
59063,Oligo,0.20166934,0.28123754
122043,L5 IT,-0.0441584,-0.058605433
59047,L5 IT,0.14094353,-0.13740253
265890,L6 CT,0.09083009,0.1916616
91010,L6 CT,-0.08449319,0.41578388
202977,Astro,0.15263188,0.11888605
112470,OPC,0.11732936,-0.4173469
211167,Astro,0.32440203,-0.019141674
98104,Astro,-0.34660864,-0.03944388
86097,Astro,-0.4364988,-0.0051556528
121948,Micro,-0.40543866,-0.16105238
68999,L4/5 IT,0.24934524,-0.19981727
80360,Micro,0.12310809,0.28410095
83412,Endo,0.2947427,-0.21743435
201552,Oligo,-0.09856531,0.34124744
58662,L6 IT,-0.060785353,-0.0065066516
103449,L4/5 IT,0.011529565,-0.18568242
77898,L4/5 IT,-0.2004188,-0.06590879
204544,L2/3 IT,-0.38421038,0.15142274
85970,Endo,0.32875282,0.19277489
114537,L6 IT,0.18601131,0.29521054
97801,Oligo,0.21833533,0.0014095902
200875,Sst,0.13988453,-0.13853914
210660,Astro,0.1691764,0.21758038
244896,Micro,-0.25073773,0.2627905
77985,Peri,-0.18888319,-0.21786779
121781,Oligo,0.20491445,0.32420117
85959,Astro,-0.4415339,0.24887544
215737,Astro,0.18367338,0.39538276
82984,L4/5 IT,0.24041736,-0.14462063
97679,Pvalb,0.20105892,0.3011726
112365,L4/5 IT,0.31072003,-0.08186188
198495,Micro,0.11312783,-0.41358933
200853,L6 IT Car3,0.017194927,0.33929062
244281,L2/3 IT,-0.38828048,0.14340341
107492,L2/3 IT,-0.2226099,-0.23186657
114595,L2/3 IT,-0.28864107,-0.13674554
215778,L5/6 NP,0.20955676,0.04939097
70234,L5 IT,0.25198948,0.21451479
243952,Endo,0.19282234,0.05124384
84535,L2/3 IT,-0.19760883,-0.1283502
110187,L5 ET,0.040996373,0.33992332
70222,L5 IT,0.25603843,0.12158477
130537,L4/5 IT,-0.079502344,-0.15121531
90127,Lamp5,-0.17257139,-0.3790382
259256,Astro,-0.18639538,-0.028588623
58732,Oligo,0.18139344,0.24617672
260537,L6 IT,0.2769789,0.07311869
198494,Peri,0.28530806,0.15891916
96377,L2/3 IT,-0.2854952,-0.075091064
77881,PVM,0.2415452,-0.41613466
107497,L5/6 NP,-0.07864022,0.31286323
130588,VLMC,0.4661935,-0.35316285
120784,Oligo,-0.04429081,0.46811652
68809,Astro,0.049865186,0.38224924
58561,L6 CT,0.2074917,0.41892135
77552,L5 ET,0.28909713,0.106157124
77549,Endo,0.070895255,-0.3462067
70519,VLMC,0.15878916,-0.5
89940,Endo,-0.13253227,0.30362314
59496,L2/3 IT,-0.14293018,-0.2956534
129852,L2/3 IT,0.17803925,-0.26739866
77282,Pvalb,0.17937934,0.36610556
95930,Endo,0.032022536,-0.40634325
114937,L5 ET,-0.10309103,0.10356873
129871,L2/3 IT,0.107364595,-0.35219204
84571,Oligo,0.06700629,0.043021858
122119,L2/3 IT,-0.2735064,-0.22067004
129896,L4/5 IT,0.255127,-0.09270534
77322,L6 CT,0.17489845,0.40481716
243050,Pvalb,-0.03898716,0.06180817
198887,L2/3 IT,0.14417279,-0.28355163
211191,Astro,0.038138688,0.1513772
77335,L6 CT,0.11429423,0.17137247
80697,L4/5 IT,-0.13571683,-0.1505408
77352,L2/3 IT,-0.07963833,-0.32625476
260464,L4/5 IT,-0.14709434,-0.12762946
110257,L2/3 IT,-0.3884567,0.19211859
129778,Endo,-0.47876188,0.0601691
212999,L4/5 IT,0.13774908,-0.20248806
91251,Endo,0.24284673,0.09974718
77241,Endo,0.3870226,-0.15109167
86176,Pvalb,-0.03302765,0.20358294
198392,L5 IT,0.19814414,0.43163908
206989,L4/5 IT,-0.13258311,-0.070806235
202966,PVM,0.34816742,0.051113248
70539,L2/3 IT,-0.31363255,0.1971246
122132,L2/3 IT,-0.32517442,-0.06512076
198889,L2/3 IT,-0.36648163,0.06073737
59583,L4/5 IT,-0.16833583,-0.035280675
59578,L4/5 IT,0.15651405,-0.21973965
129727,L6 CT,0.1917814,0.24324226
107266,VLMC,-0.48153913,0.23363954
260441,L2/3 IT,-0.40094262,0.06532538
59547,Endo,0.39635682,-0.3274498
260695,Astro,0.25603288,-0.39868397
86152,L6 CT,0.15640205,0.31766057
95889,OPC,-0.28396332,0.16277665
68584,L6 IT,0.033699214,0.026521146
98242,OPC,0.04394132,0.20863271
85306,L4/5 IT,-0.15760824,-0.07387215
114867,L6 CT,0.15262091,0.36189246
114743,L5 IT,0.014888048,-0.016149342
80595,Peri,-0.14421964,0.10918611
219139,Pvalb,0.035748124,-0.03240958
261665,L5 IT,0.08533871,-0.011693358
120588,L2/3 IT,-0.33855313,0.2648108
202699,Endo,-0.42156932,-0.008517653
68715,L2/3 IT,0.37408936,-0.25718153
70435,L2/3 IT,-0.19877309,-0.27347285
201575,L2/3 IT,0.02693069,-0.36341107
95286,VLMC,0.09575045,-0.46951985
219153,L2/3 IT,-0.39546648,-0.01976937
200792,L5 IT,0.20412773,0.0026108027
91036,L2/3 IT,-0.31493628,0.040752828
244643,L6 IT,0.112915576,0.022460341
70374,L4/5 IT,-0.062482417,-0.13280949
219184,L2/3 IT,0.055151224,-0.38599193
114708,Oligo,-0.00044676661,0.3717714
59178,Micro,-0.041782707,0.2617197
130218,L5 IT,-0.19261408,0.11827171
130190,Endo,-0.49069232,0.044846117
80644,Pvalb,-0.08525029,-0.16957465
114785,VLMC,-0.39724648,-0.26708856
77378,Pvalb,-0.2947629,0.37342215
86141,L6 IT,0.20245248,0.013789117
200716,L5 IT,0.014571488,-0.00067925453
77425,L6 IT,0.22400355,0.16523463
265379,L2/3 IT,-0.37744018,0.15081608
59363,Oligo,0.09491992,0.41091335
212943,Endo,-0.2937381,-0.09914529
130117,L6 IT Car3,0.16096121,0.21126741
206949,L5/6 NP,0.02525258,-0.047823846
114806,Endo,0.07933241,-0.18650535
212936,Vip,0.058363497,-0.35420883
70457,L4/5 IT,0.22358513,-0.24430045
82854,L4/5 IT,-0.25892976,-0.06751546
215860,Endo,-0.14222655,-0.2045821
120571,L4/5 IT,0.2721132,-0.22550091
103554,L5 IT,0.19617844,0.42164856
114795,L4/5 IT,-0.21833459,-0.023199439
109755,L5 IT,0.06455046,0.33771217
112293,L6 IT Car3,-0.26396412,-0.06441802
195638,L2/3 IT,0.3516559,-0.3263873
130721,L2/3 IT,-0.2112892,-0.16371748
85957,L4/5 IT,0.33208263,-0.25116718
130740,L2/3 IT,-0.21965665,-0.09352028
96912,L2/3 IT,-0.20271969,-0.16579881
90692,Endo,-0.4405504,0.210715
210256,L5 IT,0.16798079,-0.06352526
90282,L6 CT,-0.060257375,0.10892767
80460,L2/3 IT,0.06982243,-0.23036933
212651,Oligo,0.22180116,0.13720614
80401,Endo,-0.3741829,0.30409795
131134,Endo,0.18018675,0.27653527
57881,L2/3 IT,-0.09207821,-0.21673691
243997,L5 IT,-0.14878967,0.15094823
78424,Peri,0.1061514,-0.39261466
257570,Vip,0.29494184,-0.085663944
121428,L5 ET,-0.0048400164,0.25670797
78439,Peri,-0.47318685,0.19556677
109902,Endo,-0.44958544,0.13153219
131218,VLMC,0.007968724,-0.4597516
114135,L6 IT,0.21801025,0.26242262
206573,Peri,-0.077203244,0.04089117
69541,Astro,-0.1911855,0.31588054
131227,L4/5 IT,0.37454844,-0.013818651
57896,L5 ET,-0.07774779,0.035880446
121513,L6 IT,-0.023766905,0.22877687
270329,L2/3 IT,0.10180944,-0.37905928
120953,L5 IT,0.32968843,0.027808607
131025,L2/3 IT,-0.3789782,0.0427714
215636,Astro,0.21296471,-0.046863288
78349,L5 IT,-0.17180178,0.33704507
131055,L2/3 IT,-0.25027633,-0.10360944
259307,L4/5 IT,-0.19957647,0.36349815
70043,L4/5 IT,0.17567575,-0.19161013
90732,Astro,0.25084287,0.025009215
206630,OPC,0.09992629,-0.42074975
58046,Oligo,-0.22329062,0.23746222
96879,VLMC,0.33165365,-0.43922845
270335,L2/3 IT,-0.17107743,-0.16895208
202355,L2/3 IT,-0.2751446,-0.16623434
70001,L6 IT Car3,-0.107684106,0.28077388
69408,SMC,0.21192688,-0.4529108
195374,L5 ET,0.06711841,0.40050596
261368,L5 IT,0.12441778,0.49695992
120969,L4/5 IT,0.070241034,-0.21465224
90598,L5 IT,-0.06335276,-0.041097164
121037,L6 CT,0.2685488,0.34250575
215457,L2/3 IT,-0.29474705,0.2497704
69788,L6 IT,0.18489659,0.2379871
265912,Sncg,-0.20814988,-0.23391956
57320,L6 CT,0.15546995,0.19236588
112403,Oligo,-0.0045336783,0.37358332
69699,L2/3 IT,-0.15141949,-0.18822065
131519,L2/3 IT,-0.38669634,0.15484881
131525,L6 CT,0.20351744,0.17196131
78691,VLMC,0.34398782,-0.4113003
131483,OPC,-0.43776473,-0.056230992
109856,Lamp5,0.09830183,-0.07956338
69759,L5 IT,-0.13185981,0.28507978
202411,L4/5 IT,0.15322101,-0.16410172
108909,L6 CT,0.1122849,0.05325371
131574,Astro,0.12857139,0.24354154
78654,Astro,0.11670321,-0.27165833
107765,Astro,0.29002976,-0.025029361
260628,L6 CT,0.11319131,0.42828804
245190,Vip,-0.35041592,-0.23054764
69760,L2/3 IT,-0.27212793,-0.19435343
219735,Astro,-0.33090225,-0.0021104813
69789,Endo,0.29254353,-0.049298584
113983,Oligo,0.25306594,0.35876667
131252,L4/5 IT,-0.27577993,0.10594553
263488,L2/3 IT,-0.035607874,-0.3411609
121040,Astro,-0.15377876,0.11170626
208669,L6 IT,0.18058503,-0.015237868
78460,Sst,0.39817935,-0.07198548
208736,Pvalb,0.120287895,0.17769384
212611,L2/3 IT,-0.36699533,-0.079661906
206562,L2/3 IT,0.34086442,-0.26436207
57600,L5/6 NP,0.3100375,0.08223134
57571,L5 IT,0.10785109,-0.017374992
212598,L6 IT,-0.03723845,0.33354354
265939,L6 IT,0.0893324,-0.028136343
113861,Astro,0.087141275,-0.15918666
246514,L4/5 IT,0.31001294,-0.19299755
219701,L4/5 IT,0.30626482,-0.17960098
69634,Astro,-0.21121281,-0.15006098
57422,L6 CT,0.063304484,0.24932486
131481,Endo,0.22117102,-0.29351395
215485,L6 IT,0.11635649,0.03432107
206438,Pvalb,0.3138399,-0.053952873
96816,Astro,-0.18315277,-0.27610767
96815,Astro,0.038881123,0.35028666
78330,PVM,0.23852605,0.3467837
268418,L5 IT,0.12497991,0.40354878
114315,L6 IT,-0.089407,0.12760681
265426,L5 ET,-0.04719469,0.2973988
212474,L5 IT,0.2872188,0.0039443374
69201,Micro,-0.044681698,-0.40311903
264687,Endo,0.22687864,0.17319793
219432,L6 IT,-0.07026979,0.32864636
266814,PVM,-0.1867437,-0.4155203
120879,L5/6 NP,-0.10291028,0.27007115
211033,L2/3 IT,-0.270482,-0.1465922
102931,L4/5 IT,0.20805997,-0.17821118
265970,L2/3 IT,-0.3017491,0.35785484
113744,Astro,-0.37800682,0.11763579
261757,L4/5 IT,0.37845165,-0.11066732
78152,L2/3 IT,0.23857743,-0.313565
130819,L4/5 IT,-0.22273898,0.30042976
96595,Endo,-0.42999777,0.3130027
201522,L2/3 IT,0.27149504,-0.2823187
69203,L5 IT,0.0730893,-0.05017072
69176,L5 IT,0.3522054,-0.030656546
130793,Endo,-0.10579601,-0.23623046
84526,L4/5 IT,0.103773594,-0.16706452
83411,L2/3 IT,0.34363025,-0.0013919771
264542,L2/3 IT,-0.106286466,-0.35242635
96463,L4/5 IT,0.37484008,-0.122626305
58526,Pvalb,-0.00951004,0.08330065
85952,VLMC,0.04749763,-0.45663357
69133,PVM,0.14390606,-0.4479159
90936,L2/3 IT,-0.22213587,-0.31709346
78949,Astro,-0.40261102,-0.07356578
130778,L6 CT,0.22154945,0.25573796
102906,L2/3 IT,0.27814603,-0.25316605
97654,L4/5 IT,-0.25570047,0.18751955
58500,L6 CT,0.18888515,0.26617682
200905,OPC,0.42773438,-0.19395185
90135,L6 IT,0.27223665,0.04749793
114364,L6 CT,0.01626277,0.3518443
85925,Astro,-0.27959782,0.2624715
90149,Oligo,0.23724055,0.4106326
85898,L4/5 IT,-0.19141746,0.32691258
261770,OPC,-0.16372907,-0.030636609
130827,L6 IT,-0.03995973,0.0773769
83467,Astro,0.34085464,0.06490725
83390,L4/5 IT,0.37718242,-0.14168248
97605,Endo,-0.11118299,-0.059585333
78837,Sst,-0.0099729,-0.19653437
206685,Oligo,0.24965674,0.3373568
83082,L5 ET,-0.08357254,0.4122852
97414,PVM,0.46699667,-0.28382915
102965,L5 ET,0.11729348,-0.002734691
266800,Endo,0.06246972,-0.21745962
195424,L6 CT,0.096123755,0.011617422
70067,Micro,0.20712137,0.0703544
78214,L6 CT,0.14289415,0.32876623
130952,L4/5 IT,0.26831663,-0.24550784
96769,Astro,-0.41616186,0.3312167
97411,Vip,0.21619308,-0.051992953
130983,L2/3 IT,0.18733358,-0.3669291
130984,OPC,0.2559961,0.025915802
58154,OPC,0.0534696,0.23120224
109988,L6 IT,0.104890645,0.020802438
58147,SMC,-0.19009513,0.16348088
265545,Endo,-0.4490013,0.079354465
270319,L5 IT,0.25587374,-0.027670354
130870,L4/5 IT,-0.044568926,-0.15638131
200956,Endo,0.13049096,-0.28956658
90884,L2/3 IT,0.054791987,-0.38782114
96607,Micro,-0.35672706,-0.008355528
268405,L6 IT,0.15608186,-0.013271451
85812,L2/3 IT,-0.32959893,-0.1278221
109775,L2/3 IT,-0.36088374,0.2697116
78896,Astro,-0.3503391,-0.23588991
90895,Pvalb,-0.19854957,0.05489576
96661,L4/5 IT,-0.21943527,0.043496907
70092,OPC,0.34448284,-0.3587262
260589,L5 IT,0.1292414,-0.06339607
78178,L2/3 IT,-0.03409776,-0.2785721
195449,Peri,0.08627385,0.44825912
97552,L2/3 IT,-0.35589784,0.011878252
130866,L2/3 IT,0.32405788,-0.2879547
200940,L4/5 IT,-0.14977193,-0.16065916
58327,L4/5 IT,0.30691093,-0.13975137
198546,L4/5 IT,-0.23618686,-0.040432334
78198,Endo,0.26942545,0.116374075
97539,Endo,-0.13927633,0.36627555
266803,Pvalb,0.22679335,-0.32133055
58377,L6 CT,0.078798175,0.2070396
59647,L4/5 IT,-0.06547859,-0.16551024
65826,L5 ET,0.08633274,0.16507125
59658,Astro,-0.4277692,-0.024177015
218575,Endo,-0.17460641,-0.13963357
70699,L2/3 IT,-0.31925404,0.11163485
216073,Astro,0.25986832,-0.26505983
210057,Astro,-0.1278641,0.38964182
115119,L6 CT,0.06903964,0.24384618
268537,L5 ET,-0.10501835,0.028859913
128903,L6 IT,0.1430307,0.39444804
89872,L6 IT,0.062114954,0.44166505
107095,L2/3 IT,-0.13543525,-0.22386387
244888,L4/5 IT,0.27486557,-0.19088694
218597,L5 ET,0.33806032,0.14001936
89708,Endo,-0.11537176,-0.15349087
70711,Astro,-0.32755756,-0.1271778
79275,Peri,0.17070937,-0.2992592
83484,L2/3 IT,0.27778786,-0.36135942
70717,L5 ET,-0.042268276,0.29074717
208471,L2/3 IT,-0.08629945,-0.19593367
244036,L5/6 NP,0.075811446,0.036676466
218606,L4/5 IT,-0.22463441,-0.07719159
203447,L5 IT,0.07691878,0.0029399395
95387,Endo,-0.093627036,0.22455078
268171,Oligo,0.2631237,0.2678898
268544,L4/5 IT,0.2651456,-0.19818589
129304,Astro,0.33232915,0.14667153
91383,L6 CT,0.0015697479,0.057221353
269962,L6 IT Car3,0.114297986,0.36208916
115436,L2/3 IT,0.17076772,-0.32733405
205905,L4/5 IT,0.32453465,-0.17836708
115413,Peri,0.15704024,0.1568917
68350,L6 IT,0.103847444,0.004757583
76848,L4/5 IT,-0.14772263,-0.15412518
260405,OPC,0.3032117,0.24653089
211360,L5 ET,0.29301006,-0.013026059
109656,L2/3 IT,-0.21321985,-0.23667485
261399,Sst,0.05954677,0.093506455
60935,L5 IT,-0.14033496,0.19531482
67986,Astro,-0.011784196,0.3770724
59997,L4/5 IT,-0.23564076,0.07935578
267004,L2/3 IT,0.0640142,-0.2668664
60901,L4/5 IT,0.0100390315,-0.19861123
115090,L4/5 IT,0.22938603,-0.23379076
82540,L4/5 IT,-0.28073424,0.05060768
89676,Endo,-0.3906945,0.19992709
76919,L5 IT,-0.13420662,0.20745724
86633,L2/3 IT,0.020852149,-0.33596557
201183,L6 CT,0.15231317,0.32536393
202753,L6 IT,0.024538755,0.11301118
265743,OPC,0.029482007,0.24142474
213128,Oligo,-0.12538517,0.07562053
246376,Endo,-0.25698024,0.02298671
210933,Peri,-0.30157593,0.1997484
82331,L5 IT,-0.05713603,-0.0182544
86626,L4/5 IT,0.094226,-0.19861624
265348,L2/3 IT,-0.098350465,-0.3289711
82535,L2/3 IT,-0.32929265,-0.097767174
202437,OPC,-0.36747968,-0.085496545
109730,L4/5 IT,0.32127023,-0.116096884
68356,Lamp5,-0.024707645,0.05682093
76877,L4/5 IT,0.098796844,-0.18340227
102448,PVM,0.28046298,0.21571583
108186,VLMC,0.28408074,-0.46409833
103801,L2/3 IT,-0.3630345,0.26311475
212378,L4/5 IT,0.03173369,-0.21096635
122344,L5 IT,-0.13160944,0.17112601
60201,L5 IT,0.1399203,0.35254163
95692,L2/3 IT,0.4536069,-0.1289238
79285,L2/3 IT,0.21474701,-0.3859203
129188,Astro,0.4305007,-0.33077884
265309,L2/3 IT,0.20907891,-0.336901
211315,L2/3 IT,0.21052551,-0.2984804
60372,PVM,-0.18529549,-0.2300534
267092,PVM,-0.21891889,-0.36895138
209992,L5 ET,0.19419938,0.23350698
113431,L2/3 IT,-0.29692018,-0.2171723
246411,Endo,0.3750584,-0.38164803
98832,Astro,-0.2943732,-0.27449375
86541,L6 IT,0.312863,0.16142774
218695,L2/3 IT,-0.36254278,0.30191433
129007,Endo,-0.32367855,-0.06795606
110717,OPC,0.28572804,-0.37354594
115194,Astro,-0.21972221,0.24915028
120238,L5 ET,-0.028719515,0.27906305
205928,L2/3 IT,-0.2877131,0.023584008
86574,L2/3 IT,-0.30381083,0.09449273
110648,L2/3 IT,-0.07732552,-0.32449424
98687,Micro,0.1830672,-0.2807635
113515,L5 ET,-0.10777849,0.3334471
115211,L5 ET,-0.046588957,0.041636407
257935,Peri,-0.23602903,-0.34171277
98690,L6 CT,0.13839328,0.17283112
60423,Endo,-0.26739708,-0.09320253
262382,Astro,0.044160068,-0.10399431
76676,L5 ET,0.29006207,0.050413072
269912,VLMC,-0.28162706,-0.35127693
216037,L6 IT,0.2563064,0.06272912
98708,VLMC,-0.39424452,-0.23913768
103731,L4/5 IT,-0.23295105,0.12532532
215125,L6 IT,0.025635064,0.19859797
86654,SMC,0.10418272,0.04765719
68105,L4/5 IT,0.29686302,-0.077920556
268125,Sst,0.101724386,0.021347582
82431,Sst,-0.1443004,0.012732208
95410,L6 IT,-0.012543172,0.060522377
68307,L4/5 IT,-0.15761176,-0.116766214
218757,L6 IT,0.24134135,0.25310433
213187,L6 IT,0.20146608,0.00018674135
215999,Pvalb,0.2353167,-0.035986185
103640,L4/5 IT,0.1624099,-0.120854616
242640,L2/3 IT,-0.024974942,-0.25057492
263716,Lamp5,0.29867,0.25419056
60229,PVM,0.41805625,-0.14191476
122362,Endo,0.16234595,-0.40345886
76768,Pvalb,-0.14047328,0.144328
60665,PVM,-0.14230108,-0.21992815
108261,Endo,0.18009168,-0.23824748
83520,L2/3 IT,0.16451168,-0.27982867
82358,L5 IT,0.36366433,0.16946673
115167,L2/3 IT,-0.23955658,0.3105017
199005,L5 ET,0.3216707,0.12418449
103677,L5/6 NP,0.24937302,0.1937145
95666,L2/3 IT,-0.23640633,-0.17561597
103700,Endo,-0.20958382,-0.16321802
260391,L5/6 NP,-0.010120153,0.01655972
60294,L4/5 IT,0.32416123,-0.10528961
203403,L2/3 IT,-0.36347014,-0.05877915
129212,OPC,-0.40282786,-0.089355856
211334,L2/3 IT,0.14335674,-0.32060325
129198,Pvalb,0.16546679,0.18994099
115314,L5/6 NP,-0.11644828,0.289711
122445,L2/3 IT,-0.2657013,-0.155211
211872,Micro,-0.14771327,-0.15631843
106747,Astro,0.4017957,-0.19920978
59992,L2/3 IT,0.05660826,-0.3696738
95355,Peri,-0.32584566,0.2792322
108227,L2/3 IT,-0.38442555,0.044418097
102639,L2/3 IT,-0.3924094,-0.032744437
122201,L4/5 IT,0.3111092,-0.12291321
204494,L6 CT,0.17065454,0.22441798
244237,L5 IT,0.18309599,0.059289575
245623,Endo,-0.20559278,0.36794347
266040,L2/3 IT,-0.3123397,0.34722036
91264,Astro,-0.25723138,-0.37023965
114986,Sst,0.101270616,-0.08763012
107256,L2/3 IT,-0.10013512,-0.24621251
86686,L2/3 IT,-0.26498857,-0.030223966
86240,L2/3 IT,-0.25741768,-0.13320225
270047,L6 CT,-0.047385067,0.3880179
107211,L5 IT,0.07296991,-0.09487498
59889,OPC,0.2854578,-0.4144712
266961,L6 CT,0.22958273,0.24642676
122165,L2/3 IT,-0.35500923,0.028402328
110370,L2/3 IT,-0.1725736,-0.20618427
196156,Astro,0.2787102,-0.43450096
77214,VLMC,0.49051487,-0.31922737
95846,L4/5 IT,-0.2246437,0.12695032
112246,Vip,-0.21349365,0.15635598
218908,VLMC,0.39099592,-0.41768062
95848,Oligo,0.21556616,-0.09042716
108888,L2/3 IT,-0.3833932,0.18330091
82627,L4/5 IT,-0.18677267,-0.03466642
59793,L5 IT,-0.14560911,0.29616815
95320,L6 CT,0.05865383,0.091053724
115523,L4/5 IT,-0.23203647,0.33329147
208430,VLMC,-0.4910382,0.20818079
106706,L2/3 IT,-0.3748516,0.071403086
59790,OPC,-0.41159546,-0.026756048
206071,L2/3 IT,-0.23202261,-0.2669937
266977,Astro,0.11864132,0.24445337
268521,L5 ET,0.25287724,0.042504966
68482,OPC,0.42325097,-0.3510238
208485,L5 IT,0.09286398,0.3222776
77107,L4/5 IT,-0.2561668,0.04731953
129589,L5 ET,0.3407845,0.11513138
108147,OPC,-0.2183066,0.014780343
91424,Oligo,-0.029198706,-0.43178296
107246,Endo,0.18894207,-0.06228286
89655,L2/3 IT,0.14878172,-0.28810224
95771,L5 IT,-0.15788892,0.21293741
196157,L4/5 IT,0.101270854,-0.21193981
80264,L2/3 IT,-0.25250247,-0.21868935
112252,Astro,-0.32040274,0.26928806
122260,SMC,-0.28882033,-0.3001324
195812,L4/5 IT,-0.2181367,0.15306008
215236,Vip,-0.301232,-0.08899248
129474,Oligo,0.04081571,0.4561041
215219,Oligo,0.099842906,0.22829175
122603,L2/3 IT,-0.36689916,0.08828431
218962,Endo,-0.019267172,-0.424022
107207,L5 ET,0.35167825,0.18605882
205877,L2/3 IT,0.018248975,-0.3009473
120013,Pvalb,-0.21386734,-0.110667616
70595,L4/5 IT,0.009501576,-0.16417447
203342,L4/5 IT,0.12651873,-0.25632656
129669,Endo,-0.12356424,-0.13792405
70608,L2/3 IT,-0.3408516,0.04568976
267133,L4/5 IT,-0.0431,-0.17819414
68388,Pvalb,-0.045911044,-0.21696678
82568,L2/3 IT,-0.30876416,0.35044366
122327,L5 IT,-0.12949261,0.029387116
212037,Endo,0.15566999,-0.13614276
89656,L5/6 NP,-0.06572014,0.07073891
86665,L4/5 IT,-0.2036959,0.32544678
218494,L4/5 IT,0.33225286,-0.1419017
122339,Endo,0.17400378,0.06777495
70963,VLMC,0.03725052,-0.4812273
115053,L2/3 IT,-0.006435275,-0.33579707
86710,L2/3 IT,-0.38296196,0.28836423
213302,Peri,-0.25730824,0.42158478
114976,L5 ET,0.04398054,-0.028568447
129461,Astro,-0.11881408,-0.11298448
