,cell_class,coord_X,coord_Y
90212,L2/3 IT,-0.26492852,0.11780584
17632,L6 CT,0.22571999,0.20706797
72220,Astro,0.44046843,0.07558191
147709,L2/3 IT,-0.23294911,-0.12841308
108681,L6 CT,0.3872918,0.04530698
104475,L6 IT,0.3292837,0.11709899
17650,L6 IT,0.05340731,0.29105753
147757,Micro,0.020174623,0.3625874
170789,L2/3 IT,-0.3550595,-0.0072347224
38695,L4/5 IT,-0.12184134,-0.08679581
10615,Peri,-0.09566066,0.39851248
119837,Micro,0.34461743,-0.011794776
230959,Astro,0.31451553,0.23589265
35098,L5 IT,-0.09111413,0.19281882
71238,Peri,-0.37149808,0.14079636
170305,PVM,0.08235693,-0.048533946
35240,L2/3 IT,-0.34978783,0.12156665
103734,L2/3 IT,-0.27660275,-0.09783721
251961,L5 IT,-0.009285152,0.26843363
226486,VLMC,0.14328259,-0.5
227174,L2/3 IT,0.19526649,-0.35756475
149738,L5 IT,0.39134824,-0.110084265
235127,Astro,-0.27314377,0.23161924
259569,SMC,0.1421392,-0.3750697
103382,L2/3 IT,-0.13253328,-0.11939451
210574,L4/5 IT,-0.25180954,0.21442425
103838,Astro,-0.09178424,0.14690936
9603,L2/3 IT,-0.34031737,0.3097791
120084,Endo,-0.043325156,0.18659675
104503,L2/3 IT,-0.27205738,0.33036643
35096,OPC,0.07700652,-0.03104338
273900,Micro,-0.07700205,-0.06211078
89634,PVM,0.17549717,-0.4295009
273858,L5 IT,-0.020424575,-0.025075406
146410,Pvalb,0.08764511,0.31608862
119082,Lamp5,-0.39797014,-0.02638495
169375,L5 ET,-0.01072371,0.3124029
11653,OPC,-0.27661496,0.18236381
211990,L2/3 IT,-0.198565,-0.065163046
182266,L4/5 IT,0.27152508,-0.2729043
120165,L2/3 IT,-0.31605673,0.26378447
273631,L5 IT,0.4439336,0.008868754
233135,L2/3 IT,-0.29052618,0.34609824
244922,Lamp5,-0.116172016,-0.28415966
121109,Endo,-0.21113348,-0.07926315
119076,Astro,0.08570284,-0.35771078
215507,L4/5 IT,0.20318073,-0.2416276
72585,Endo,0.25270313,-0.31041372
170152,L2/3 IT,-0.080886036,0.41605675
103279,L5 IT,0.14130908,-0.1261065
11625,L6 CT,0.14423716,0.037344575
121122,L4/5 IT,-0.14291146,0.2548282
243098,PVM,-0.0003941059,0.12498391
89562,PVM,0.21880025,-0.115831554
36648,L2/3 IT,0.24968481,-0.36021435
146716,L5 IT,0.25300187,-0.13171574
38287,L5 IT,0.22730619,-0.05393073
70052,L4/5 IT,-0.23591611,0.19162256
260882,Micro,0.44023162,0.13434368
37027,L4/5 IT,-0.18799123,0.056482136
104662,Astro,-0.13281089,-0.23923865
36642,L2/3 IT,-0.14633843,-0.2178627
199074,L5 IT,-0.0731608,0.13440758
149356,Astro,-0.37013277,0.2876364
149384,Oligo,0.14228505,0.15529239
36709,L2/3 IT,-0.2745356,0.063325405
70948,VLMC,0.11800331,-0.46517986
198705,Endo,0.36464876,-0.083866835
182589,L2/3 IT,0.15732622,-0.3422522
79937,L6 CT,0.26715493,0.06902325
38488,Endo,0.08614272,-0.3594916
262468,L2/3 IT,-0.22918123,0.024207652
88708,L4/5 IT,-0.05366847,-0.1392343
215467,Peri,-0.14820701,-0.20071593
34884,L6 CT,0.25413585,0.24049646
245005,OPC,-0.37310758,0.34050757
38476,L4/5 IT,0.26495564,-0.30435658
265668,Endo,0.10591209,-0.12507573
149482,Peri,0.2674936,0.20874268
119025,L6 IT,0.17920005,0.052363396
112414,L4/5 IT,0.22031301,-0.26031536
190094,L5 IT,0.033033013,-0.03834471
38591,Oligo,0.3296681,0.040352702
235065,L2/3 IT,-0.28209412,0.1775806
9476,L2/3 IT,0.17029989,-0.34731245
245951,Astro,-0.28257355,-0.16786969
121060,L2/3 IT,-0.1780276,-0.19584051
159221,OPC,-0.21711284,-0.047312886
120046,L2/3 IT,0.10118526,-0.36565512
227233,L5 IT,-0.006241709,0.012394965
215476,Oligo,0.047626913,0.29011196
121000,L2/3 IT,-0.27282077,-0.07959774
254754,Oligo,0.18631881,0.30326498
36945,Astro,0.22441,-0.38801152
254749,L2/3 IT,-0.29414493,0.16214359
185847,L5 IT,0.047803223,-0.04904592
149622,L2/3 IT,-0.28248537,-0.03567317
118900,L4/5 IT,0.07990861,-0.14638841
11758,L2/3 IT,-0.31241965,0.011933148
36951,L2/3 IT,-0.30377376,0.2033652
146563,L4/5 IT,-0.06315839,-0.14566278
170869,L6 IT,0.31687772,0.04646784
121046,Astro,0.04606694,0.3899573
226525,L6 IT,0.44560474,0.20599478
80414,Micro,-0.28665936,-0.030906856
104660,Peri,0.37674004,-0.07554355
255076,L4/5 IT,-0.058995813,-0.101766706
149639,L2/3 IT,-0.3291799,0.19567186
149554,L2/3 IT,-0.32995945,0.035920262
204608,L2/3 IT,-0.35987285,0.15779674
36745,Astro,0.2920323,0.2736134
121004,L5 IT,0.16535008,-0.023977667
149551,L2/3 IT,-0.272142,-0.08105895
277419,L2/3 IT,-0.1797334,0.40137982
89628,L2/3 IT,-0.27539206,-0.03609112
88727,Endo,0.2757786,-0.05751878
36739,Endo,-0.028846622,-0.41663978
72518,SMC,-0.430233,0.34293813
239793,L2/3 IT,-0.110407144,-0.20057923
103363,L2/3 IT,-0.24561784,0.07986951
119982,L2/3 IT,-0.25677505,0.023942113
35000,Astro,-0.15285587,0.42526317
10359,L2/3 IT,-0.2906441,-0.0020599663
147962,L4/5 IT,0.25547844,-0.21799865
112715,Endo,0.1924591,-0.110509396
36747,Peri,0.09433937,-0.11841461
149685,L2/3 IT,-0.18994322,-0.19949675
88766,Pvalb,0.16371953,-0.23948666
34693,L4/5 IT,-0.14834648,0.061165452
170837,Endo,-0.40726048,0.1625939
118840,Astro,-0.016663462,0.23203433
88773,L6 CT,0.2504213,0.09151673
204590,Oligo,0.2258128,0.19837427
38665,L5 IT,0.08589178,-0.08293006
215404,VLMC,-0.46497366,0.20401025
36989,L5 ET,0.21861833,0.118736506
36783,L2/3 IT,-0.25161767,0.10536045
72543,Micro,-0.20491248,0.34486163
88807,L2/3 IT,-0.26341558,0.36717826
103853,Endo,0.46487457,0.14071745
159187,Oligo,0.056029677,0.31941843
164375,Pvalb,0.087581396,-0.067186326
34732,Vip,-0.049272418,0.42549485
227202,L6 IT,0.03693682,0.12577516
69992,SMC,-0.4389751,0.053566515
69851,L4/5 IT,-0.13347411,0.3706934
72328,L2/3 IT,-0.34712154,0.17423326
170863,Astro,0.38192618,-0.09510875
169141,Oligo,0.26632863,-0.030509472
262463,L2/3 IT,0.048777223,-0.32644844
215025,Sst,0.33037937,0.017370164
23558,Astro,-0.2741677,0.104582846
23555,SMC,-0.4472401,0.1779908
35075,Endo,-0.1262089,-0.096932024
34752,L2/3 IT,0.14026558,-0.3587916
36761,Sst,-0.25223315,0.13609946
169216,VLMC,-0.4499687,-0.06327954
112757,L5 IT,-0.115606755,0.14889938
72529,L4/5 IT,-0.17397812,0.08107215
262460,Sst,-0.017903209,-0.25219506
268119,Endo,0.13398021,-0.16548693
146613,L2/3 IT,-0.252589,0.12085408
84627,Oligo,-0.03279963,0.09588343
149478,Astro,0.09062809,-0.37337154
245509,Astro,-0.12024194,0.09468973
36965,Pvalb,0.17864156,0.08073145
190174,L2/3 IT,-0.32869205,0.06411606
70769,Astro,0.01988411,-0.36179164
244252,L2/3 IT,0.07495439,-0.33147705
37617,L2/3 IT,-0.31403852,0.14868444
71907,L2/3 IT,-0.046132088,-0.18796986
70404,VLMC,-0.39099783,-0.13966724
189887,L6 CT,0.29790115,0.040958345
147518,L6 CT,0.12761593,0.312128
148785,L4/5 IT,-0.215796,0.109386384
169698,L2/3 IT,-0.078540206,-0.16134903
226708,L6 CT,0.3588559,0.07795
35706,Astro,0.20149136,-0.055630296
120607,SMC,-0.37895113,0.39810163
235649,SMC,0.3037967,-0.07909024
148387,Lamp5,0.048295915,-0.147071
35712,L6 CT,0.16738683,0.2314812
80092,L6 CT,0.09064889,0.29598868
254876,Endo,-0.4323426,0.34056973
235252,L2/3 IT,-0.33589348,0.122354805
10947,L4/5 IT,0.021120012,-0.06961423
35729,L2/3 IT,-0.26252258,-0.055764586
277328,L6 IT,0.24798632,0.0864231
159070,Micro,-0.14795122,0.20758301
11313,L4/5 IT,0.016607285,-0.20709315
119379,L6 IT,0.41481113,0.049052656
169734,L2/3 IT,-0.24393728,0.33640373
204287,L2/3 IT,0.010816157,-0.3350785
35802,Sst,0.0011653304,-0.09430763
198864,SMC,-0.35644975,-0.11648831
10125,L6 CT,0.4510618,0.06811249
11342,L2/3 IT,-0.25491923,0.15023863
10907,L2/3 IT,-0.33946055,0.13335651
276970,L2/3 IT,-0.22189817,0.37497956
230948,L4/5 IT,-0.042540878,-0.049904406
9830,Astro,-0.17416671,-0.0072203577
182098,Endo,0.3786295,0.11475766
90007,Endo,-0.18766233,0.06444162
103543,L4/5 IT,-0.16761628,0.11441451
147064,L6 IT Car3,0.2783875,0.02987516
254951,L2/3 IT,-0.2676435,0.00816983
108903,L5 ET,-0.035939157,0.3388514
120615,L5 ET,0.0539065,0.3189562
204275,L6 IT,0.4272952,0.06885129
148356,L4/5 IT,-0.11456224,-0.07086879
148741,Astro,-0.34530196,0.39134246
35651,L2/3 IT,-0.20645231,-0.2064468
254860,L4/5 IT,-0.014164239,0.31413615
37214,Astro,0.18428159,0.013347805
268224,L5 IT,0.26518697,-0.20192707
273994,L4/5 IT,0.05801195,-0.23961824
35660,L5 ET,-0.0708949,0.14116317
80289,Astro,-0.31541228,0.42007887
104000,L2/3 IT,0.15849394,-0.29700398
9923,SMC,0.18969494,-0.41051733
70677,Endo,-0.24681336,0.07902008
103566,L2/3 IT,0.28404695,-0.27296752
235586,L5 IT,0.05315,-0.08403432
37648,L6 CT,0.19778877,0.29353446
89968,OPC,0.30206287,-0.15394816
147009,L2/3 IT,-0.19883546,-0.03173104
278338,SMC,-0.42631987,0.30523795
189423,L4/5 IT,0.0045604706,0.38586974
212097,Astro,0.05165267,0.06347555
70506,L4/5 IT,-0.12058517,0.31483394
226184,Peri,0.42676586,-0.16130263
250817,L4/5 IT,-0.20702943,0.21711719
112486,Oligo,0.1900382,-0.05236599
170488,L6 IT,0.26514882,-0.024624258
17465,L4/5 IT,-0.102146596,0.31837928
182120,L5/6 NP,-0.010397106,0.1738823
201458,Oligo,0.2118923,0.06405616
268210,VLMC,-0.48129454,0.1408673
264827,Astro,0.17974192,-0.37301752
35971,Micro,-0.36634952,0.32875746
226207,L4/5 IT,-0.037914485,0.33751446
182404,L2/3 IT,-0.24366662,0.40259963
108897,Micro,-0.22775805,0.27822012
169842,L5 IT,-0.06164092,0.19925213
71708,L5 ET,0.07252067,0.082235575
147422,Oligo,0.16664594,0.16244781
89344,L4/5 IT,0.22655785,0.20199394
10005,L2/3 IT,0.036370814,-0.25477174
11131,L2/3 IT,-0.33524355,0.21875793
235316,L5 ET,0.12588114,0.28185785
201494,L4/5 IT,-0.20837983,0.24478167
170503,Micro,-0.116494,0.26039392
266488,L6 IT,0.19614506,-0.047427833
104278,L5/6 NP,0.07803416,0.032405436
248783,L2/3 IT,-0.23651785,0.4169016
70561,L4/5 IT,-0.07670054,-0.1322875
148593,Vip,0.34205365,-0.1655739
244961,Pvalb,-0.19189563,0.4356675
214808,L2/3 IT,0.28179872,-0.27979442
10103,Oligo,0.19820738,0.0070244074
169739,Astro,0.30284733,0.01612556
11269,L5 IT,-0.103851646,0.0663569
71621,PVM,-0.117701024,0.40435892
70459,Micro,0.22200793,-0.059305906
104295,L5 IT,0.071130574,0.24103671
185952,Endo,0.29793626,-0.060518026
148666,Pvalb,-0.19510365,0.41691738
169757,L2/3 IT,-0.09232807,-0.19535813
240205,L4/5 IT,-0.21016383,0.31454426
104095,L2/3 IT,-0.10411686,-0.26454613
235645,L2/3 IT,-0.22789362,0.30461282
267972,VLMC,-0.08205658,-0.37410778
71855,Oligo,0.2255171,0.09485853
274025,VLMC,-0.024796605,-0.40742397
278296,L2/3 IT,-0.34753352,0.27568078
71843,VLMC,-0.2278072,-0.27010727
226840,Oligo,0.42617804,0.078950465
148609,Vip,-0.18388003,-0.14089942
37534,Astro,0.43644828,0.20024842
23719,L4/5 IT,-0.18972847,0.13369745
264720,L2/3 IT,0.24908221,-0.33959374
120515,Endo,-0.046350747,-0.08442578
214902,Endo,-0.44538575,0.067848444
226856,L4/5 IT,0.27933842,-0.21834552
23684,L4/5 IT,-0.07741165,-0.060882658
71952,Astro,0.21189648,-0.065996945
226954,L2/3 IT,-0.2797343,0.4053713
169482,Endo,0.43570244,0.07672495
17333,L4/5 IT,-0.08934876,0.3690943
35406,L2/3 IT,0.009751916,-0.22177908
169515,L2/3 IT,-0.12967953,-0.1623199
146826,Endo,0.37966776,0.07825321
214716,L2/3 IT,-0.16068581,0.39317322
182050,L2/3 IT,-0.3267185,0.16155428
119141,Oligo,0.30133426,0.02777046
208781,L5/6 NP,0.19350475,0.003890276
235171,L2/3 IT,-0.14150178,-0.24655017
147670,L6 IT,0.4538725,0.07722753
189279,L2/3 IT,-0.18466839,-0.2410528
36518,L4/5 IT,0.28729838,-0.20878401
227051,Endo,-0.32417506,0.41770202
38147,Lamp5,-0.31832913,-0.10579419
239806,L2/3 IT,-0.27259335,0.0063940883
108811,Astro,0.14932531,-0.34343496
10756,L5 IT,-0.020858198,0.36632645
274176,Endo,0.23774981,-0.32373273
37111,Micro,0.069138944,-0.11804268
260897,Astro,-0.030122638,0.21349609
149167,Endo,-0.23217809,0.33846658
37113,L5 ET,0.054393113,-0.03459379
104437,Micro,0.36450154,-0.03801632
255006,L2/3 IT,-0.17597622,0.46109384
254690,L2/3 IT,0.21353531,-0.37438607
104466,L5 ET,0.09717381,0.27736145
23936,L5 IT,0.30980724,-0.0785442
226369,L2/3 IT,-0.34574908,-0.00786376
248820,L5 IT,0.19671172,-0.029355943
254711,Oligo,-0.10911247,0.28849304
226377,Pvalb,0.29593354,0.06316382
274208,L2/3 IT,-0.31326413,0.31312227
189252,Astro,-0.19177437,0.4180978
88886,L2/3 IT,0.0473153,-0.31116545
212060,L4/5 IT,0.19827718,-0.25197712
182027,L4/5 IT,-0.21041346,0.045488477
103939,OPC,-0.08419469,-0.150579
170771,L2/3 IT,0.005639553,-0.22123235
90185,L2/3 IT,-0.08983904,-0.17211288
182195,L2/3 IT,-0.25926778,-0.1146858
215163,Endo,-0.13014746,0.123966396
108794,Lamp5,0.034283936,-0.3271809
189260,Endo,-0.08664754,0.16270685
88908,L5 IT,-7.9363585e-05,0.2627582
235148,L4/5 IT,-0.15762341,0.18259251
112426,L2/3 IT,-0.37404722,0.25201905
254515,Astro,0.32560152,-0.026273191
170051,Endo,0.18833208,-0.42890164
170039,L2/3 IT,-0.28443158,0.35952908
103414,Endo,0.26823592,-0.16590303
198975,L5 IT,0.1638282,-0.05519992
170408,Endo,-0.10969314,0.290758
35316,L5 IT,-0.09164551,0.16477555
38206,L4/5 IT,0.003617406,0.39974737
245890,Astro,0.3151273,-0.10798651
147645,L2/3 IT,-0.35787928,0.32582968
226339,PVM,-0.35439676,0.4489786
120312,Endo,-0.10631454,-0.14754918
103508,L4/5 IT,-0.14139545,0.15522939
89468,Astro,0.13282144,-0.0880532
103514,L6 CT,0.3623309,-0.0072627366
10865,Endo,-0.0028460026,0.3394915
108629,OPC,0.1330865,-0.23421091
103579,Endo,-0.13888288,0.33229882
36358,Astro,0.13913459,-0.119418114
264884,Micro,0.02584076,-0.39962742
119352,L5 IT,-0.04870087,0.0891965
104390,L5 IT,-0.011205375,0.2506963
169924,Astro,0.14944965,-0.19428667
169918,Oligo,0.31460106,0.26510972
235190,VLMC,0.12195253,-0.48485726
268044,L5/6 NP,0.03478402,-0.021629006
119559,Endo,0.3254519,0.031867802
23742,L2/3 IT,-0.24678957,0.04819107
35603,L4/5 IT,0.12541229,-0.21823362
209019,L2/3 IT,-0.10950604,-0.272103
90028,L2/3 IT,-0.3060066,0.3398713
23678,PVM,-0.4402043,0.06348109
169605,Oligo,-0.15213099,0.12513334
189528,L2/3 IT,-0.25804678,-0.016093552
10890,Astro,-0.39034846,0.025096
247378,Pvalb,-0.14582634,-0.12098223
24115,Astro,0.34992462,0.1397981
11398,OPC,0.32164288,-0.19367707
10209,L5 IT,0.30204684,-0.12139112
10651,Astro,-0.40683326,0.14009446
71457,L4/5 IT,0.30660838,-0.22041556
36388,L4/5 IT,0.36296135,-0.17440057
169553,L2/3 IT,-0.066054404,-0.24121031
169558,L2/3 IT,-0.06497902,-0.16027984
11523,Peri,0.20231938,-0.00589633
189302,Endo,0.1075536,-0.37519848
235442,L5/6 NP,0.088347435,-0.043980926
255003,VLMC,0.0082864165,-0.42106718
103436,L5 IT,0.057309866,-0.05365628
273664,L5 IT,0.06182313,-0.10193625
147642,SMC,-0.14683557,0.37474316
103956,VLMC,-0.48155794,0.21194679
71340,L2/3 IT,-0.23318538,-0.12481767
38085,L2/3 IT,-0.26082927,0.2818123
278371,L6 CT,0.050297678,0.21237719
88930,SMC,-0.46428788,0.22598892
273809,L6 CT,0.3089726,0.092788756
104433,L2/3 IT,-0.35884267,0.19549346
148225,PVM,-0.21853629,-0.17783695
70733,L6 IT,0.41931492,0.012760222
170032,L2/3 IT,-0.3377691,0.090824604
9708,L5 IT,0.14166397,-0.10871187
227000,Astro,0.2988246,-0.071154505
9710,Astro,-0.26059926,-0.054408908
17378,Astro,0.26780105,0.20260036
108603,L4/5 IT,-0.12448296,-0.054959446
89478,L4/5 IT,-0.15742326,0.243734
112619,L2/3 IT,0.20787567,-0.38187703
72026,L4/5 IT,-0.1511459,-0.05536437
254784,L5/6 NP,0.1783734,0.032328367
117160,L6 IT,0.19099158,-0.081157714
227313,L4/5 IT,-0.1368748,0.3457954
210050,L4/5 IT,0.2620076,-0.2607175
25383,Astro,-0.27786922,0.4684143
115145,Pvalb,-0.04917279,0.27878618
154952,L2/3 IT,-0.23276657,-0.071029276
229254,Oligo,-0.21167272,0.22673649
183499,Oligo,0.42430604,0.13488811
154990,Astro,-0.100629926,0.2688769
28620,L2/3 IT,-0.16999805,-0.119900316
240644,L6 IT,0.23018533,0.16146451
25394,L2/3 IT,-0.15554434,0.41239673
76880,Oligo,0.25175446,-0.088511705
25409,Peri,0.45222557,0.06442034
28520,L2/3 IT,-0.2557252,0.016940475
248040,L5 IT,0.20922154,-0.11709207
76939,OPC,0.33205009,-0.09650573
265349,L2/3 IT,-0.10106033,0.42199802
155052,L2/3 IT,-0.23516035,0.37044615
155062,Peri,0.35176957,-0.10658193
200616,Peri,-0.17273378,-0.12380263
155105,L4/5 IT,-0.08226916,0.3506933
76988,L2/3 IT,-0.20819882,0.3028643
154928,Astro,0.2188046,-0.11700854
187308,VLMC,-0.25242007,-0.27917027
186329,L5 ET,0.15420616,0.11579549
86371,Micro,-0.1461811,0.21238035
229186,L5 IT,-0.07045126,0.09405792
240635,Astro,-0.27674913,0.40190816
275959,Micro,-0.069558114,-0.06921694
229195,VLMC,-0.45265326,0.05528921
76729,Lamp5,0.15857476,-0.23280323
106947,L4/5 IT,-0.043105185,-0.09613231
154700,Sst,0.076983154,0.21646833
154751,Astro,0.17063487,-0.26249272
14785,Astro,-0.14739934,-0.29079872
76741,L4/5 IT,-0.14218557,0.060343206
200628,L5 ET,-0.028840989,0.15919077
107013,L2/3 IT,-0.1522404,-0.15399349
14805,L5/6 NP,0.33264744,0.051465154
25320,VLMC,-0.41288656,-0.026866555
229212,Micro,-0.0699949,-0.04051155
107051,L6 CT,0.34250945,0.120117724
166506,SMC,-0.4098668,0.13190407
154849,Lamp5,-0.3118911,-0.17491537
183477,L4/5 IT,0.12170482,-0.23912516
212371,OPC,0.08393645,-0.073011816
86386,OPC,-0.12017617,-0.13986784
85177,OPC,0.16551757,0.3609333
14802,OPC,-0.06865361,0.2977801
155118,L5 ET,0.13941687,-0.06976572
187231,L6 CT,0.41514516,0.10878658
155137,L5 IT,0.31721795,-0.04817152
28099,Peri,0.14967233,-0.022651881
248543,L4/5 IT,0.115891576,-0.2548663
28088,L4/5 IT,-0.11194858,0.002867043
200686,L4/5 IT,-0.04976967,-0.14875364
28041,L2/3 IT,-0.047380388,-0.3089627
203294,L6 IT,0.16318452,0.1372202
166063,L2/3 IT,-0.1688624,-0.20752251
183606,L2/3 IT,0.15530574,-0.36202908
200692,Astro,0.3361817,0.14840388
85297,Astro,-0.40623757,0.1425296
107261,Peri,0.28976035,0.061716318
28011,L6 IT,0.053397655,0.18021208
266950,L5 IT,0.010455012,-0.033193856
164894,SMC,-0.28813487,-0.012419999
27959,OPC,-0.15814441,-0.30737185
187076,L2/3 IT,0.274086,-0.37056008
166022,L6 IT,0.027112246,0.16474897
187063,L5/6 NP,0.0024963617,0.022822917
27928,L6 IT,0.2021249,-0.04891756
164897,VLMC,-0.27770483,-0.2621308
27886,L2/3 IT,0.0028181672,-0.24100667
77343,PVM,-0.31315452,0.43942064
186363,L2/3 IT,-0.06919861,-0.25057057
113525,L5 ET,0.14207685,0.28388613
77236,VLMC,-0.07739419,-0.3836788
265363,L2/3 IT,-0.22357035,-0.09824985
155146,L2/3 IT,-0.10749921,-0.23582488
86262,Endo,0.30809116,-0.3149708
212386,L2/3 IT,-0.36353135,0.17905772
245204,L6 IT,0.17042279,0.10123044
108156,L4/5 IT,0.22199029,-0.17028862
28295,L5 ET,-0.08175638,0.08338058
28294,SMC,0.27028066,0.28404397
157714,L4/5 IT,-0.07254583,0.3085761
115030,Lamp5,-0.015894085,-0.24567485
266980,Pvalb,0.26666087,-0.0077331364
155469,Peri,0.052924514,-0.21136406
28248,L4/5 IT,0.083933234,-0.14828205
253558,L5 IT,0.19651484,0.22243512
166208,L5 IT,0.03895861,0.3090474
155311,L5 IT,-0.13365385,0.07584572
15068,L6 IT,0.20705736,-0.011085212
251599,SMC,0.060981214,-0.25976378
114999,L4/5 IT,-0.18278703,-0.003929466
265577,L2/3 IT,-0.2419731,-0.12007886
77194,Endo,-0.22740951,0.49358696
155356,L6 IT,0.08068639,0.079723775
85280,OPC,-0.24312884,0.07324022
266967,Micro,0.3893019,0.073648155
79118,L6 IT,0.090215445,0.33577496
275285,L4/5 IT,-0.15134266,0.31589752
243500,VLMC,0.17022794,-0.48016548
76272,L2/3 IT,-0.09470683,-0.24647069
260321,L2/3 IT,-0.34110987,0.087046504
240009,L5 IT,0.17934811,-0.031797677
260341,L6 IT,0.024300039,0.041983485
29788,L5 IT,0.06446451,-0.073435545
29762,L2/3 IT,-0.24133915,0.0042490363
245146,L4/5 IT,-0.07999325,-0.058531135
115630,Astro,0.07360262,-0.4223397
228935,L6 CT,0.3342551,0.18323135
14322,L2/3 IT,-0.017694026,-0.25331762
85112,Micro,0.07534224,-0.3319079
200486,L4/5 IT,-0.20328405,0.17506105
248048,Endo,-0.013918638,0.17256361
213336,L6 IT,0.09088427,0.1445095
228962,Sst,0.35575593,-0.16929835
240159,VLMC,-0.0078654885,-0.42806104
79384,Astro,0.43718815,0.018861175
166924,L2/3 IT,-0.33988944,0.019897819
228968,L2/3 IT,-0.24812245,0.4287911
157887,Astro,0.12798226,-0.11977744
115571,SMC,0.26567358,-0.38592055
187610,L2/3 IT,-0.23775151,0.054782033
213394,L6 CT,0.34306085,0.16246861
154013,L2/3 IT,-0.17443919,-0.21707624
275124,L6 IT,0.05160415,0.21111149
277892,Endo,0.20688963,-0.22888228
14034,L2/3 IT,-0.339002,0.13535589
200380,L6 IT Car3,0.24633312,0.14472085
30038,Astro,-0.3412003,-0.13509351
30026,L6 IT Car3,0.21778208,0.18089795
275087,Micro,-0.44178218,0.13013518
153796,Pvalb,0.17424172,-0.0815258
240949,L4/5 IT,-0.053397596,-0.023609847
187679,Pvalb,0.30339038,-0.048451662
186281,PVM,-0.29180938,-0.21987215
187560,L2/3 IT,0.2603804,-0.35431617
76087,L4/5 IT,-0.0033169389,-0.06546885
76122,L5 IT,-0.04200399,0.23475629
86900,L2/3 IT,-0.055630267,-0.308711
183293,L2/3 IT,-0.25346547,0.37962282
153846,L2/3 IT,-0.335253,0.056054115
261942,L2/3 IT,-0.27785736,-0.052476883
167044,L2/3 IT,0.037186027,-0.30801362
275993,L5/6 NP,0.35040957,-0.070688754
167034,L5/6 NP,0.31874812,-0.07534793
153958,Lamp5,0.00028949976,-0.28040636
166970,Oligo,-0.16532144,0.24090481
76109,L5 IT,0.013256311,0.21135002
115566,Peri,0.077151954,-0.1477809
115545,Pvalb,0.004159093,-0.006709188
275171,L4/5 IT,0.15065575,-0.23986918
240919,L5 IT,0.11641103,-0.0982106
29282,L5 IT,0.17056942,-0.13634294
275251,Endo,-0.19359392,0.123283446
229087,L2/3 IT,-0.1494441,-0.07243344
86586,L2/3 IT,-0.3112026,-0.038077593
115371,Pvalb,-0.047328085,-0.11919978
166677,Sst,0.3530665,-0.24800602
115292,Sst,-0.11736816,0.35521173
16601,L5 ET,0.25588757,0.07290602
154561,L6 CT,0.2226361,0.2929724
76574,Endo,-0.37061632,-0.03801912
79343,L2/3 IT,0.0045197606,-0.2365681
16586,Pvalb,-0.20661283,0.037293434
275266,Sncg,-0.37327766,0.08947694
29116,Pvalb,0.30626482,0.10545981
251523,Astro,-0.17710856,-0.25587773
106888,PVM,-0.21763045,0.34788615
29029,Oligo,0.31366926,0.085877955
76675,L5 ET,0.14324546,-0.047133654
213230,L5 IT,-0.048527718,0.12960225
166565,Astro,-0.12833369,0.43039984
213223,L5 IT,0.14239204,-0.11425805
14608,L5 ET,0.12795436,-0.0858306
187392,L5 IT,-0.03784427,0.23158598
277820,Astro,-0.23565292,0.10783893
76540,L4/5 IT,0.28041345,-0.2291958
154245,L5 ET,0.29275012,-0.043040335
234160,L5 IT,0.15380472,-0.039507568
275196,Astro,-0.39524552,-0.057091027
253692,L2/3 IT,-0.231877,-0.0022541583
154296,Vip,0.016514122,0.11060828
154305,L2/3 IT,-0.13290495,-0.19562218
265267,Peri,0.23229581,-0.23113468
154311,L6 CT,0.25322485,0.23548537
229020,Vip,-0.21915159,0.123247206
16633,L6 CT,0.23971492,0.15489441
16621,L2/3 IT,-0.2770213,0.05281216
29465,Lamp5,-0.35571527,0.19289672
203455,Oligo,0.38814515,0.22660828
166783,L4/5 IT,-0.20231932,0.0346691
166780,Endo,-0.15566465,0.09907138
154387,Micro,-0.19299683,0.055565298
261881,Micro,0.17383075,-0.40856928
265288,PVM,-0.15521961,0.11226559
76538,L2/3 IT,-0.28674412,0.26137722
243484,L5 ET,0.054017305,-0.024578512
115484,L5 ET,0.119951546,0.25376928
253052,L6 CT,0.34513867,0.15406108
113411,L4/5 IT,-0.023638189,0.39436525
153778,L2/3 IT,-0.17495582,-0.09953046
277544,L4/5 IT,-0.055819064,0.4026754
16434,L5 IT,0.20160496,-0.12322989
233636,L2/3 IT,-0.31005293,0.27706134
156764,L2/3 IT,-0.27611744,0.37057024
165395,L4/5 IT,-0.17048284,0.05499798
25727,L4/5 IT,0.01659,-0.1479283
78352,L2/3 IT,-0.28190958,0.39214444
230315,Lamp5,-0.2671078,-0.07367498
212668,VLMC,-0.4176716,-0.10812646
240718,OPC,-0.0637241,0.4061694
275753,OPC,-0.041591108,-0.29223913
186673,L4/5 IT,-0.14352807,0.18703043
156860,L5 IT,0.017523646,0.33886057
15954,Peri,0.14848465,0.037838936
230313,L5 IT,0.028033257,0.20237797
16238,L2/3 IT,-0.31941748,0.3380863
212665,L4/5 IT,0.18472368,-0.2892983
26388,L2/3 IT,-0.3202576,0.24051017
26374,L5 ET,-0.11048266,0.24133015
78371,L4/5 IT,-0.18117133,0.31694287
261685,Pvalb,-0.17715424,0.021604717
203107,Micro,-0.37457347,0.3788749
26344,L2/3 IT,-0.11076388,-0.22545815
230317,Astro,0.27512372,-0.143069
78799,SMC,-0.44425303,0.14489669
156718,L6 IT,0.34239614,0.12856334
229992,Endo,0.18387085,-0.0765928
233685,L4/5 IT,0.083547056,-0.21810889
156521,Astro,0.14803034,0.0070186853
266810,SMC,-0.44529054,0.07785648
243584,SMC,-0.37221456,0.27418023
186771,L6 CT,0.25549674,0.2749015
85381,PVM,-0.33565235,-0.19164339
233677,Astro,-0.1807082,0.35350615
107575,Astro,0.33122724,-0.058860183
275685,Astro,0.114516914,-0.011120111
26679,Endo,-0.18844238,0.22399718
212656,L6 CT,0.18727487,0.11669034
15781,PVM,-0.07412422,0.35177124
210229,Endo,0.43420297,0.19999945
229961,L2/3 IT,-0.09700993,0.4069541
107891,OPC,0.19824064,0.29811364
26547,L6 CT,0.23352039,0.05132526
156611,Lamp5,-0.15632132,-0.110783756
156629,Endo,0.44463545,0.17978317
165066,Pvalb,0.20994633,-0.0022678077
186724,L2/3 IT,-0.10913712,0.41546774
114174,Sst,-0.12348431,0.08309364
26460,L2/3 IT,0.04700899,-0.33009455
156580,L5 IT,0.17271113,-0.15883249
253222,VLMC,-0.043784827,-0.39567164
15967,L5 IT,-0.07330394,0.058630288
156976,L6 CT,0.029677033,0.123841286
183909,L2/3 IT,-0.31284678,0.013009489
26002,OPC,0.1230337,-0.23940226
113992,L2/3 IT,-0.23926449,0.376383
212578,L2/3 IT,0.0049623847,-0.31834143
25979,Astro,-0.14546621,0.3309698
165183,L2/3 IT,-0.30121845,0.17989403
210296,L5/6 NP,0.277299,-0.106916934
210301,L2/3 IT,-0.06186852,-0.19977197
253150,L4/5 IT,-0.16594923,0.34693986
113964,L6 IT,0.15052414,0.07743603
16109,L2/3 IT,-0.23488396,-0.0014671087
201047,L5 ET,0.1956296,0.12954897
277601,Micro,-0.024396867,0.17107832
233551,Oligo,-0.15611255,0.16672003
230280,Endo,-0.119838536,0.42834133
113953,Endo,0.027391613,-0.28315827
78617,L4/5 IT,0.13585216,-0.23472536
25803,Lamp5,0.21216649,-0.46309146
16151,L5/6 NP,0.31544793,0.025820732
78639,L6 IT,0.044743538,0.3095495
16153,Astro,0.27438253,0.09444541
25808,L2/3 IT,0.21103984,-0.41214556
157226,Pvalb,0.012121558,-0.29461575
26797,Oligo,0.018109858,0.38490063
165186,Oligo,0.20868677,0.11893797
212526,L6 IT,0.09555346,0.3079403
78413,Lamp5,0.23960394,-0.38425285
183866,L6 IT,0.079671204,0.2359395
156998,SMC,0.14438713,-0.13383666
165304,L4/5 IT,0.103405714,-0.20416519
156999,L2/3 IT,-0.28800544,0.15379435
261713,Endo,0.026852608,-0.24330813
157036,Astro,0.20224726,0.012693882
266760,Endo,0.08289099,0.17945379
26197,Pvalb,-0.21319416,-0.057738215
265497,L2/3 IT,-0.21427006,-0.11816007
203036,Endo,-0.11346027,0.32321858
85638,L4/5 IT,-0.1933093,0.2899211
78450,L6 IT,0.07539153,0.22465408
15992,L4/5 IT,-0.19795337,0.25235504
25759,L5 IT,-0.12408793,0.12886596
26113,L6 IT Car3,0.30562705,0.19537663
26111,VLMC,-0.37954015,-0.1104047
230295,Endo,0.23411304,-0.15835965
85597,L6 IT,0.18413627,-0.0037103593
26070,VLMC,0.0807032,-0.44613567
26065,Lamp5,-0.20059732,-0.2726979
78743,L5 IT,0.019141018,0.18213964
157046,Astro,-0.04326272,0.2784456
266924,Astro,0.1735506,-0.27613574
114307,L2/3 IT,-0.19073945,0.39398026
277635,L6 CT,0.27767384,-0.038638532
229663,Endo,-0.10191819,0.055280983
155940,OPC,0.081542075,0.22880632
203275,OPC,0.3294028,-0.018066347
243616,L5 ET,0.35063636,-0.03338501
210152,L5 IT,0.02601999,-0.07616255
85336,L2/3 IT,-0.34405652,0.20540923
261803,L5 IT,0.16546619,-0.048200488
248501,Micro,0.42893487,0.0504992
200809,SMC,-0.43448186,-0.039193153
201130,Vip,-0.33819994,0.16158551
107356,VLMC,-0.20960751,-0.27743146
229684,L6 IT,0.1214453,0.31145918
27350,PVM,0.0750649,-0.4226912
107434,L2/3 IT,-0.116951704,0.39440668
27318,L4/5 IT,-0.2232869,0.18953502
155984,L6 IT,0.06388533,0.2493645
107438,Endo,-0.04823041,0.14925206
107468,VLMC,-0.31376058,-0.21597883
275571,Astro,0.15814728,-0.2917431
156002,Peri,-0.12054986,-0.10812023
201122,Endo,-0.17137197,0.20942336
155882,L4/5 IT,-0.22550943,0.049687266
230403,Vip,-0.13706142,-0.06405762
201131,L2/3 IT,-0.18842265,-0.120565176
27426,Micro,0.2545359,-0.17771432
27728,L2/3 IT,-0.25289533,0.26058054
186372,L2/3 IT,-0.2984026,0.25884622
86112,Micro,0.4883262,0.11970264
27697,L2/3 IT,-0.27927125,-0.045161724
155782,L2/3 IT,-0.2008524,-0.11638364
15287,L4/5 IT,0.29254788,-0.24662659
15320,L2/3 IT,-0.18583298,0.33950555
165940,Astro,0.35794634,-0.14633936
200773,Oligo,0.4457786,0.1857028
187014,L5/6 NP,0.11676669,0.2437414
229722,L2/3 IT,-0.15787944,0.4479034
200785,L2/3 IT,-0.31700397,0.12820423
79026,L6 CT,0.38917774,0.23087257
114710,Endo,-0.45083866,0.19881994
15377,Peri,0.21200907,0.01176101
27511,L6 IT,0.13999462,0.05056244
27510,L6 CT,0.3996696,0.054189682
229618,Astro,-0.16250536,0.33831334
27504,L5 IT,0.3648997,-0.0021482706
245161,L2/3 IT,-0.15020505,0.36577868
27456,Peri,0.4620949,0.087616265
165933,Endo,-0.1446231,-0.08215487
27525,L5 ET,0.10079497,-0.040123343
165869,Astro,0.27868736,-0.17803371
253412,Astro,0.09506118,0.06476998
27238,Endo,-0.22623569,0.4610641
183761,Endo,-0.1381633,0.12884218
156287,L2/3 IT,-0.33432338,0.19155401
156311,L4/5 IT,0.016141653,-0.19315019
200889,L5 ET,0.12816411,0.27475733
26959,Astro,0.09854549,-0.2752768
85963,L4/5 IT,-0.20043647,0.21114492
78015,Astro,-0.030484378,0.33344996
157581,Endo,-0.083999395,-0.2869969
114412,L4/5 IT,0.2530344,-0.22046927
248025,OPC,0.13420677,0.021933854
200880,L2/3 IT,-0.1300498,-0.1805093
157557,L4/5 IT,-0.1436804,0.17716843
78937,L5 IT,0.30222958,-0.1651406
156441,PVM,0.42560393,0.058145583
186814,L2/3 IT,-0.20496592,-0.030213147
156470,Astro,0.26260358,-0.29609966
107937,Astro,-0.12705588,0.10196644
260584,L4/5 IT,0.25154692,-0.26513138
26829,Endo,-0.06425041,-0.030160904
114326,Micro,-0.18826735,-0.05406341
15728,Astro,0.31550014,-0.046581417
156483,L5 IT,0.012859404,0.31901205
165551,VLMC,-0.26842415,-0.28474912
15746,OPC,0.23107165,-0.2930122
15625,VLMC,-0.14809886,-0.34852427
27021,L2/3 IT,-0.25040635,-0.008792311
156042,Peri,0.26756126,0.20629066
203218,L2/3 IT,-0.06956303,-0.16572347
15527,Astro,-0.20112455,-0.24888107
114608,L4/5 IT,0.119093,-0.15072143
165811,VLMC,-0.13695142,-0.35020766
266686,L2/3 IT,-0.30516386,0.13601232
156112,L5 IT,0.22782427,-0.154663
27150,Endo,-0.12330842,0.025166929
27146,Astro,-0.08563557,0.45088738
230376,Oligo,-0.13894597,0.36430937
78959,L5 IT,-0.06556803,0.14605069
253391,L6 CT,0.18020052,0.2790324
164924,L2/3 IT,-0.3251766,0.133174
165781,L6 CT,0.2821716,0.25237364
156130,L2/3 IT,-0.31285927,-0.028020293
266852,Peri,-0.19531941,0.3456248
212810,Astro,0.36220378,0.11602044
165779,PVM,-0.36428672,-0.14102215
186871,Micro,-0.24475315,0.111245334
27041,L2/3 IT,-0.17528033,-0.15577146
165708,Peri,-0.13871232,0.066734314
165705,Peri,0.4335754,0.15771884
107976,Micro,0.080201566,0.06030011
76014,Astro,0.29340196,0.015553176
25079,L4/5 IT,-0.21944734,0.16753232
79455,Endo,-0.0041398406,0.06447625
203944,L6 IT,-0.028590739,0.17945552
267624,Astro,0.39129287,0.04747218
17140,L2/3 IT,-0.19638422,0.43356282
188664,L4/5 IT,-0.09743443,0.35005397
73873,L2/3 IT,-0.19481415,-0.17812821
73874,L4/5 IT,0.15198141,-0.18168163
168569,L6 CT,0.34801167,0.074514866
12501,L5 ET,0.20485312,0.07136434
243969,L2/3 IT,-0.3672913,0.25881994
265651,Astro,0.18671137,-0.033519685
73927,L4/5 IT,-0.17818752,0.11325151
87986,Astro,0.03914565,0.35552466
33191,L6 IT,0.037011385,0.041364074
79683,Peri,0.27888674,0.020692885
74009,L2/3 IT,-0.27481958,0.1687321
74017,L4/5 IT,-0.06860003,-0.16633198
227862,L2/3 IT,-0.2482121,0.26844156
212217,OPC,0.27119267,-0.3918785
151007,L6 CT,0.22693962,-0.036868155
259988,Endo,-0.07132864,0.27403873
151045,VLMC,-0.3042657,-0.25400954
105086,Peri,0.06930798,0.34833878
168620,L6 IT,0.017934859,0.04945016
33383,OPC,-0.13043815,-0.10046634
73762,Vip,-0.20189315,0.26652014
168687,L4/5 IT,-0.1703066,0.20983422
12378,L2/3 IT,0.1981647,-0.36691245
12380,L5 IT,-0.031639248,0.11400938
88115,L6 IT,0.2523536,0.08811897
259907,Peri,0.45019078,0.16826719
73594,L2/3 IT,-0.011463165,-0.32673115
33614,L4/5 IT,-0.10924524,0.38645816
158632,OPC,0.3435864,-0.044961065
188733,Astro,-0.2225405,-0.15202242
239904,Endo,0.28050357,-0.006700903
33087,L2/3 IT,-0.09192303,-0.17490685
214243,Oligo,0.3163224,0.03548777
73663,Micro,-0.138533,0.08174372
108467,L5 IT,-0.09554556,0.01817435
112986,SMC,0.10854179,-0.018716335
244168,Astro,0.11726397,-0.42209598
73690,Astro,-0.19157323,-0.2610435
117920,Endo,-0.088359594,0.4093113
158584,Astro,-0.42658824,0.09872532
233280,Peri,-0.08360708,0.3548407
150766,L5 ET,-0.083417386,0.10218322
203954,Endo,-0.26243824,-0.030527592
117990,L6 IT,0.2689405,-0.05453968
158533,L4/5 IT,-0.07688001,0.04744792
199816,VLMC,-0.33978567,-0.19459292
168499,L2/3 IT,-0.33782333,0.20344144
182899,Oligo,-0.10326654,0.14005446
32729,OPC,0.1000855,-0.3376466
12752,L2/3 IT,0.12349218,-0.35746732
234682,Pvalb,-0.027588189,-0.104604304
32701,Pvalb,0.20142037,-0.0005749762
79624,L6 IT,0.09016055,0.31845272
117273,L6 IT,0.091426015,0.30323565
24694,PVM,-0.32029274,0.4759996
32676,L6 CT,0.17378592,0.14969558
151482,L2/3 IT,-0.18735653,-0.121545464
168361,L4/5 IT,-0.04878241,0.35951322
233316,L4/5 IT,-0.16587463,0.21880221
251245,Lamp5,0.033828735,-0.108754545
74429,L2/3 IT,-0.34346148,0.26896685
230718,Micro,0.3724804,-0.096325725
201282,L4/5 IT,-0.1002942,-0.027781188
74458,L4/5 IT,0.013285458,-0.1593576
182916,PVM,-0.06814104,-0.25373763
117209,L5 IT,0.18006265,-0.14070383
201281,L5 IT,-0.12879518,0.09658122
214000,L5 ET,0.15674591,-0.06128207
17026,L2/3 IT,-0.051362038,-0.249313
32615,SMC,-0.44374266,0.2592098
234833,L6 CT,0.11631626,0.20962882
267547,Micro,-0.25070885,0.43607837
199888,L5 IT,-0.039720654,0.23222762
234747,Micro,0.1630367,0.33775985
199818,Astro,0.22460145,-0.040950805
164483,L6 CT,0.3846342,0.039364398
241113,L2/3 IT,-0.2920363,0.30893505
87893,Endo,0.3557335,0.17386007
74110,L5 IT,0.026946723,0.16877335
227910,L4/5 IT,0.24664026,-0.17294046
105261,L5 IT,0.32164645,-0.014546603
74136,Sst,0.21779883,-0.28795564
227935,L4/5 IT,-0.14390919,0.31909525
74290,Endo,-0.21318713,0.2268058
74155,L2/3 IT,0.2551843,-0.3063348
12644,Oligo,0.30683106,0.05637288
199871,L2/3 IT,-0.21448562,-0.048623234
74208,VLMC,-0.35304612,0.45120817
87804,PVM,-0.217982,0.11064839
87793,Micro,-0.39933512,0.29694062
32792,Astro,-0.01126048,0.25029767
151384,Astro,-0.4296761,0.119693875
260013,Vip,0.2313363,-0.21807534
209490,Micro,-0.28576297,0.24126488
12715,Astro,-0.3501948,0.395769
209465,Micro,0.32064444,0.06336057
254150,L5 IT,0.18757784,-0.09141716
182772,VLMC,-0.3092363,-0.20855889
12341,PVM,-0.3068704,-0.23679626
88462,L4/5 IT,-0.027613908,-0.15664357
34393,L2/3 IT,-0.21468726,-0.0600065
278183,VLMC,-0.48099557,0.20918417
267799,Endo,-0.13622555,0.40712225
24367,L2/3 IT,-0.051166564,-0.21887052
24379,L6 CT,0.19920284,0.2559412
278181,L5 IT,-0.074943066,0.21325749
88354,L6 IT,0.068089664,0.33145493
234937,Astro,0.16355634,-0.37822402
188968,Sst,0.43259,0.028407872
118527,Astro,-0.32599723,-0.14164218
265010,Endo,-0.1394445,0.05444169
34284,Astro,-0.40559313,0.02160573
227491,OPC,-0.063176244,-0.10879892
150091,Astro,-0.2385785,-0.040658504
274366,Endo,-0.08023298,-0.32178816
182685,L2/3 IT,-0.21801594,-0.032877803
72936,Endo,0.07106382,0.35223114
214420,L4/5 IT,0.19850993,-0.23356804
259843,L2/3 IT,-0.14377344,0.4597826
243262,Peri,0.112366974,0.3335623
11956,Astro,-0.11768052,0.12452787
204072,L2/3 IT,-0.23548687,-0.15406299
209279,L2/3 IT,-0.16762662,0.45510703
84806,OPC,0.20116615,0.051846683
34616,Peri,-0.06280506,-0.06710881
79886,L2/3 IT,-0.036073387,-0.22046939
72641,L4/5 IT,0.24367893,-0.21638611
34577,Astro,0.06176418,-0.20287791
108559,L2/3 IT,-0.29243758,0.32025665
189064,L2/3 IT,-0.038039267,-0.3121909
112834,Lamp5,-0.3768432,0.01975584
204088,Peri,-0.04963529,0.076817214
169020,Oligo,-0.025428832,0.2792033
149867,Peri,0.33014607,0.10708779
188939,L4/5 IT,-0.16792998,0.2515663
251138,L2/3 IT,0.18498856,-0.33120915
72787,SMC,0.04894221,0.39963716
227403,L6 IT,0.3232696,0.07171869
149902,L2/3 IT,-0.29965967,0.031027555
17266,L4/5 IT,0.18102425,-0.28517652
11928,Pvalb,0.24902952,0.004710555
230841,Astro,0.1082086,0.10164547
104783,L5 ET,0.13042384,0.2617914
248091,PVM,-0.42430362,0.1840179
267802,L5 ET,0.27286017,-0.01842463
34465,L5 IT,0.14321089,-0.107966036
118653,Endo,0.34142244,-0.17470789
12075,L4/5 IT,-0.040575653,-0.13425782
188932,L5 IT,0.12435913,-0.12136558
72997,L5 ET,-0.007660657,0.3774621
88207,L4/5 IT,-0.070224166,0.17204708
88182,Astro,0.10137683,0.3280949
105020,L4/5 IT,0.1374206,-0.2314255
112866,VLMC,-0.23679197,-0.27337474
33853,Endo,-0.0877454,0.3873275
118177,Vip,-0.1771788,0.037068844
251167,L4/5 IT,0.3513013,-0.20029911
227674,Oligo,0.30839682,0.04778558
234854,L6 CT,0.3699677,0.09676474
227679,L2/3 IT,-0.26774848,0.043048143
234882,Astro,0.018629074,-0.32858396
33814,Endo,-0.23395646,0.20538479
150537,L2/3 IT,0.06696081,-0.31830567
182744,L4/5 IT,-0.039421827,-0.18328398
118141,L4/5 IT,-0.15396321,0.3157826
214295,L5 IT,0.21081853,-0.086910725
210508,L6 CT,0.15603775,0.20736182
17180,L2/3 IT,-0.24839905,0.30992955
118101,VLMC,-0.44388202,-0.009548098
188776,OPC,0.07409108,-0.1554589
168767,VLMC,-0.43965286,-0.02986142
188772,Astro,0.30005467,0.1535688
188799,VLMC,-0.11760253,-0.3718531
234845,Endo,-0.09984711,0.09852791
188837,Endo,0.36202073,-0.18843645
247538,L2/3 IT,0.078069985,-0.26764888
108551,L5 IT,0.17840284,-0.076993614
118411,L2/3 IT,-0.15807816,0.37066442
12107,L6 IT,0.3872246,0.21440065
88301,OPC,0.0022836328,0.19244021
164446,Endo,-0.2281228,0.1900785
118400,L6 IT,-0.002938062,0.23417634
79869,L4/5 IT,-0.18885666,-0.0134732425
259850,L2/3 IT,0.16448861,-0.36119133
254373,L2/3 IT,-0.19808024,-0.14021304
150211,Astro,0.074790776,0.31794614
203999,L4/5 IT,0.10640991,-0.23570651
188914,Endo,-0.4495531,0.08155507
150215,Astro,0.02963221,0.372621
150221,L2/3 IT,-0.04426968,-0.283163
34060,L5 IT,0.10318518,0.33153027
112860,Endo,-0.17946321,0.25372916
34048,L4/5 IT,0.07427412,-0.18495443
118371,Micro,0.105819285,-0.35701588
214361,L2/3 IT,-0.3221897,0.147775
118366,Oligo,0.32261115,-0.010322779
105009,L4/5 IT,0.17142332,-0.24616289
108479,L2/3 IT,-0.06003514,-0.18310943
227577,Endo,0.11643523,-0.29631096
117168,Sst,-0.32187307,0.11484128
24752,L4/5 IT,-0.19402575,0.2420088
168318,L2/3 IT,-0.35380298,0.21548563
251372,Astro,0.38055426,-0.057609826
153079,Astro,-0.44129562,0.13069743
187933,Micro,-0.11509389,0.42687243
213647,L5 ET,0.24734938,-0.08216053
108327,L4/5 IT,-0.19653684,0.011420548
248636,Micro,-0.14914775,0.008967102
75580,L4/5 IT,-0.19429389,0.12766409
265634,L6 IT,0.16865975,0.06354594
87123,Oligo,0.113381386,0.28992873
153148,Endo,-0.12980998,0.06741303
153165,VLMC,-0.26690668,-0.2624219
213625,L6 IT,0.12334311,0.14487219
153213,L4/5 IT,0.23182356,-0.25014713
30845,VLMC,-0.037299216,-0.41322282
153226,L6 CT,0.10076755,-0.016922802
87115,L6 CT,0.24157733,-0.028675497
200252,L2/3 IT,-0.36329192,0.23897171
187887,L2/3 IT,-0.114022285,0.3964244
251891,L6 IT,0.008398831,0.03913313
167479,L2/3 IT,-0.26733297,-0.0625616
79480,L5 IT,0.22076571,0.27287233
187947,L2/3 IT,-0.2634682,0.12547195
253903,L5 ET,-0.039498955,-0.0034781694
187956,L6 CT,0.20054364,0.10173762
167538,L2/3 IT,-0.2641173,0.26987314
152657,Endo,-0.27709758,-0.1910902
241009,L2/3 IT,-0.38100618,0.14275515
243411,OPC,0.04194933,-0.29255614
274826,VLMC,-0.04082328,-0.40244502
213728,Oligo,0.30590266,0.01057291
31288,OPC,0.16644078,0.2302041
75344,L2/3 IT,-0.3695054,0.265153
75349,L4/5 IT,-0.19861832,0.24687272
251359,L5 IT,-0.051261514,0.23593241
152732,L4/5 IT,0.2604708,-0.11520168
75623,L5 ET,-0.112428546,0.2004267
167605,Astro,-0.08375418,-0.29505455
203620,Astro,-0.048877925,-0.24846244
213683,VLMC,-0.40494934,-0.07289207
152875,Endo,-0.17079851,0.07620889
213681,Oligo,0.11955857,-0.22094113
167578,VLMC,-0.46160135,0.20799184
234391,L2/3 IT,-0.2698052,0.24952352
31112,L6 IT,0.16528744,-0.031520844
212297,L2/3 IT,-0.20219651,0.02534461
75475,VLMC,-0.00638026,-0.37677214
152941,Pvalb,-0.21552226,0.0680235
13486,Endo,0.25833398,-0.10552421
260216,L6 CT,0.033447623,0.22804135
75762,Astro,0.1836521,-0.4178956
87080,L4/5 IT,-0.084004045,-0.10397938
158053,Astro,-0.010537773,-0.15783134
85069,L5 ET,0.10904813,0.18019235
167319,Oligo,0.29005927,-0.11635077
244102,L2/3 IT,-0.24809793,0.040807545
184059,SMC,-0.380409,0.1377008
167275,Astro,0.35906214,0.097474396
158001,L5 ET,0.17098778,-0.07537305
183255,L2/3 IT,0.05398971,-0.26605064
16755,L6 CT,0.41606116,0.24006641
157998,VLMC,-0.46524164,0.022092223
234307,L2/3 IT,-0.2532624,0.3287329
30271,OPC,-0.019020826,-0.355362
86979,Astro,0.09096748,-0.27896583
13903,Vip,0.027675927,0.31632704
167215,L2/3 IT,-0.2971476,0.27943146
164698,VLMC,-0.42926988,0.3686924
157994,L2/3 IT,-0.36972362,0.069330454
275059,VLMC,-0.14050803,-0.36420828
248051,L2/3 IT,-0.20944172,-0.15861711
210442,L4/5 IT,-0.21335098,0.112709105
86930,L5 IT,0.044083536,0.29725385
153729,L6 CT,0.37682778,0.10630214
213498,Sst,0.20488167,-0.08275774
228480,Endo,-0.07476774,0.3347689
106288,L4/5 IT,-0.10895306,-0.08583751
116088,Astro,0.1681664,-0.046880126
274935,PVM,-0.32164842,0.29391313
213592,L2/3 IT,-0.16118184,0.457197
153277,L2/3 IT,-0.14040005,-0.23825392
158068,L6 IT Car3,0.11125547,0.36011553
106273,L4/5 IT,-0.04427907,-0.1594984
106281,Endo,0.21373099,0.19245982
167421,L5 IT,-0.032796204,0.15569401
213582,L6 IT,0.08838558,0.25618356
30622,Astro,0.11758882,-0.38334274
153353,L5 IT,0.18580806,-0.08638334
200314,Endo,0.36237764,0.037204683
253838,Astro,0.11973256,-0.3969534
277925,L2/3 IT,-0.34407145,0.25356698
261960,L4/5 IT,-0.13858184,0.2910971
187817,L5/6 NP,0.35582703,0.0077540874
13757,Pvalb,-0.19298434,0.14537758
267244,Astro,-0.41521877,0.32273507
116192,L4/5 IT,-0.17033464,-0.03503728
153478,Pvalb,-0.25878885,-0.09069139
30470,Micro,-0.4727077,0.20275915
183215,SMC,-0.0006505847,-0.24450952
253823,Endo,-0.09242195,-0.21076623
167400,Astro,0.18781102,-0.14017278
167669,Astro,-0.2245718,-0.22926292
164569,L2/3 IT,-0.3334585,-0.025116473
241014,Micro,0.10310978,0.19641125
151907,Micro,0.060619295,-0.28596961
267454,L4/5 IT,-0.21501482,0.18142003
168042,L2/3 IT,-0.2741214,-0.07509056
116941,Astro,0.24142283,-0.4178621
213876,Peri,-0.2205705,0.17422086
87488,L5 ET,-0.03051886,0.18895084
32192,L5 IT,0.0051981807,0.19263256
267450,L4/5 IT,-0.19274363,0.11709583
32191,OPC,0.14046091,-0.17616525
151939,VLMC,0.11534077,-0.4863752
151904,L2/3 IT,0.14677382,-0.40892163
265134,Pvalb,0.13165796,-0.2585414
188248,Astro,0.049660206,0.14128625
228240,L6 IT,0.07894266,0.21781468
87472,PVM,0.36143953,-0.013287723
113180,L2/3 IT,-0.16937977,-0.10627082
13156,OPC,0.14698625,-0.107441306
167962,Endo,-0.4091031,0.3388002
158335,L4/5 IT,0.21049279,-0.23173669
209598,L2/3 IT,-0.35996413,0.17287946
240607,L5 IT,0.20659482,-0.10728273
167946,L5 ET,0.0805549,-0.026129842
251293,Endo,0.003287375,-0.37906
152146,L2/3 IT,-0.20195141,0.3668967
13089,SMC,0.4660009,0.1406737
168051,OPC,0.25213665,-0.032366037
158372,L5 IT,-0.013073593,0.30141395
32460,L2/3 IT,-0.17545012,0.4441645
12944,L6 IT,0.17800349,0.25648654
168275,L6 IT,0.055179298,0.058599412
113168,Astro,0.05683118,0.20866185
260066,L6 CT,0.045431495,0.28808045
209531,L2/3 IT,0.2144556,-0.3332528
151736,L6 CT,0.3688779,0.104812145
241054,L5 ET,0.10890055,-0.046159744
276041,Peri,-0.15297303,0.25111187
74853,L4/5 IT,0.00078833103,-0.20213461
251267,L5 IT,0.06105113,0.31036186
201276,SMC,-0.33032915,-0.16587928
105632,L2/3 IT,-0.2469818,0.0065589547
74786,L4/5 IT,-0.11062002,0.22545278
168103,L2/3 IT,-0.10512221,-0.21876702
260075,L6 IT,0.17266375,0.18121052
105695,L5 ET,0.13049364,-0.09032723
105703,Micro,0.41581374,0.124512374
74822,L5 IT,0.012328982,-0.03688851
32299,L6 CT,0.24636436,-0.050640553
32293,L4/5 IT,0.1522283,-0.16317141
117009,Peri,0.09625423,0.24760658
112772,L4/5 IT,0.1162532,-0.2242963
32066,Peri,0.07073003,-0.14430699
16946,L2/3 IT,-0.12713659,-0.24978244
260126,Pvalb,-0.2344667,0.2000174
31718,L5 IT,0.18092787,0.12236953
152408,Vip,0.14574063,-0.3151448
209658,L5 IT,0.13846761,-0.15645188
105936,L6 IT,0.23481482,0.043554842
13309,Astro,0.12992185,0.12858617
105953,Astro,-0.24700758,-0.1290423
116688,L2/3 IT,-0.082129866,-0.22534385
152482,L2/3 IT,-0.23995355,0.03943038
245709,L2/3 IT,-0.19350299,-0.17312804
228366,Astro,0.23696542,-0.26874965
87293,Oligo,0.4704653,0.19654554
31506,L2/3 IT,-0.3167204,0.10126734
31482,L2/3 IT,0.024703741,-0.25277272
234447,L2/3 IT,-0.029013604,-0.24573505
213754,Vip,-0.32364306,0.20620173
16862,Endo,-0.33128744,-0.07672691
274814,L2/3 IT,-0.16464442,0.4357155
31347,SMC,0.16476905,-0.44693795
24892,L5/6 NP,0.3117662,0.044927478
75303,SMC,-0.4626394,0.13795745
228468,L5 ET,0.14863116,0.075736225
251338,L4/5 IT,0.17243141,-0.2680999
209603,OPC,-0.024523675,0.37890214
116770,L6 IT,0.08408296,0.3057419
116792,PVM,-0.006913513,-0.39633253
213846,L6 IT,0.13195485,0.2742933
32026,L2/3 IT,0.23957825,-0.33192503
32025,Endo,-0.21722192,0.5
87433,VLMC,-0.47968432,0.07288003
116835,Lamp5,0.18249166,-0.4178569
16943,Endo,0.18463385,-0.35986274
152256,L6 IT,0.054603517,0.21349943
254031,Endo,0.21843934,0.25175416
16893,L2/3 IT,-0.24830592,0.40520698
87376,VLMC,-0.12552902,-0.35819733
75141,L2/3 IT,-0.04027474,-0.2959299
210457,L5 IT,-0.026813596,0.025738537
152294,VLMC,0.011324286,-0.4250703
24839,Endo,0.05986303,-0.29726735
31900,L2/3 IT,-0.102615714,0.43860155
251322,Astro,0.25459623,-0.071844846
188171,L6 IT,0.23457968,0.31354463
167777,VLMC,-0.41662568,-0.08295506
213821,Astro,-0.44478306,0.10444796
31835,L2/3 IT,0.02846402,-0.24232307
87352,PVM,-0.16114065,0.32897097
75101,L2/3 IT,0.24174315,-0.33281347
167840,Lamp5,0.15885448,-0.42307657
247315,L2/3 IT,-0.2867933,0.18538648
162536,OPC,0.4100498,-0.026199996
103257,L2/3 IT,-0.009827048,-0.2995978
218274,L5 IT,0.014417827,0.12958473
110860,Endo,-0.26323965,0.06671214
249802,L2/3 IT,-0.27950484,0.2876184
205741,Endo,0.12384206,0.0129233
180076,Micro,0.103600204,-0.09490809
3553,Peri,-0.00068831444,0.18482417
249135,Pvalb,0.06494886,-0.1112189
221850,Endo,-0.41699696,0.103702486
256666,L6 IT,0.33601004,-0.044326276
176153,Vip,-0.24549052,0.10783124
127943,Peri,0.43075395,0.013815284
161311,Astro,-0.1664607,-0.11769757
271644,Micro,-0.27592304,0.47073156
242112,OPC,-0.2608127,-0.1981596
127928,Astro,-0.42244366,0.20136112
271645,L2/3 IT,-0.34628066,0.05112332
50426,L4/5 IT,-0.0016898215,-0.19429079
196477,L2/3 IT,-0.15931341,-0.08914605
252482,OPC,-0.31514376,0.28786218
196482,Astro,-0.24937937,-0.20979765
82092,L6 IT,0.41870177,0.056479275
269695,L2/3 IT,0.2143845,-0.34242964
50335,L4/5 IT,-0.098459065,0.3086034
109628,L5 IT,-0.00037685037,0.37835836
263853,L2/3 IT,-0.21235272,0.4106775
61824,VLMC,-0.05055371,-0.38876933
128128,SMC,0.36450624,0.16326094
136449,Endo,-0.17612559,-0.043447286
61653,L2/3 IT,0.24301642,-0.3493914
176491,L5 IT,0.20114142,0.3111475
94939,L6 CT,0.20593166,0.23101658
221711,L2/3 IT,-0.27091497,-0.06926718
221712,VLMC,0.013305366,-0.43351948
21189,L5 IT,-0.036726743,-0.03943783
136494,L2/3 IT,-0.29098195,0.30064958
3343,L6 CT,0.23180974,0.01432842
176487,Sst,-0.121189415,-0.18022588
3352,Astro,-0.05679947,-0.3412239
3646,Astro,0.06628704,0.34902233
61703,L5 ET,0.121227264,-0.11074141
176445,L4/5 IT,-0.11870757,0.20784456
263112,L4/5 IT,0.123277724,-0.19943711
202105,VLMC,-0.016353339,-0.41068974
184599,L2/3 IT,-0.12787324,0.4410435
128168,SMC,0.1427992,-0.072431594
221769,L5 IT,0.28890824,-0.15443212
50754,Astro,-0.3324387,0.15239012
99409,OPC,0.2117179,-0.07054445
221774,L5 IT,-0.06936324,0.22482824
3420,SMC,-0.36579472,0.08330035
196378,Micro,0.013821125,0.22425002
252126,SMC,0.31475586,-0.10195261
180022,L5 IT,-0.07981801,0.121531665
269689,Micro,-0.05619073,0.17022312
180193,L2/3 IT,-0.19202074,-0.16859296
196541,L4/5 IT,-0.08392978,-0.0039693713
62331,L4/5 IT,-0.15919006,0.30179662
99686,Micro,0.32174128,-0.08358738
94626,L2/3 IT,-0.33575672,0.1808325
211454,L4/5 IT,0.05305624,-0.2316356
81999,L5 IT,0.23752856,-0.017069578
50033,L5 IT,0.07694429,-0.050058335
205689,L6 CT,0.21967757,0.2517199
175760,L2/3 IT,0.07231194,-0.25828522
99695,Vip,-0.28182817,0.043913662
127548,L2/3 IT,-0.025775194,-0.27729172
21382,L4/5 IT,0.093527496,-0.2641396
240420,Astro,0.17087448,-0.44870692
94554,L6 IT,0.11537087,0.31976503
49911,L6 IT,0.022008657,0.14905584
175738,L4/5 IT,0.2775305,-0.24103728
193238,L2/3 IT,-0.23703125,0.33919358
175723,Astro,-0.35859692,0.39986706
193236,L4/5 IT,-0.013110936,-0.1541701
3948,Astro,-0.0060011446,-0.22088617
62469,Endo,-0.08704406,-0.191371
137357,L4/5 IT,0.22484267,-0.2112464
110871,Endo,0.092457056,0.3193261
196536,Oligo,-0.22901851,0.22461194
252489,L4/5 IT,-0.13781229,-0.06739804
239295,Endo,-0.07600707,0.22156125
244481,L2/3 IT,-0.17469981,0.45334423
62149,L6 IT,0.018226624,0.25445104
221948,L5 IT,0.09451395,-0.058698058
136893,L5 ET,0.25200564,-0.08487192
62194,L5 ET,0.035342395,0.0037566423
3675,L6 IT,0.32120395,0.03416878
3678,Oligo,-0.1486749,0.14564383
161279,L5 ET,0.0077156425,0.10336554
252115,L4/5 IT,-0.2012696,0.31175548
62250,L2/3 IT,0.1525557,-0.3500532
252486,SMC,-0.032346636,-0.032716513
221974,L6 CT,0.108451426,0.09227604
99635,Peri,0.07457495,-0.36859363
161243,L5 IT,0.11446947,-0.016867667
193327,L2/3 IT,-0.31952667,0.38622367
193326,Lamp5,-0.31791168,-0.04524803
50133,L2/3 IT,-0.33099166,0.09254849
127804,L5 IT,0.15261519,-0.08554998
50130,L4/5 IT,-0.13108283,0.34497356
94679,PVM,0.0361892,-0.2930173
3745,L4/5 IT,-0.12191552,0.2386989
62274,PVM,-0.48157015,0.25023496
3751,L5/6 NP,0.41149253,0.073984265
50113,Endo,-0.041892678,0.22051871
269672,Micro,-0.43534684,0.14230692
136993,PVM,-0.46717697,0.29418522
137408,L2/3 IT,-0.09903973,0.42140114
51015,L4/5 IT,-0.13093418,0.22052789
51039,Astro,0.39018947,-0.014998972
128747,L6 IT,0.22867996,0.1165694
207208,L2/3 IT,0.009856522,-0.3163886
242685,L6 CT,0.22882539,0.18180281
277051,Oligo,0.30332488,-0.07071498
61012,Micro,-0.42064896,0.1959613
266093,L5 IT,0.2392059,0.22089487
61055,L4/5 IT,-0.20116931,0.23155862
271409,L6 CT,0.36551017,0.19437605
135900,Astro,0.09487063,-0.38394493
51785,L5 IT,-0.035066366,0.29571414
95290,L5/6 NP,0.19996679,-0.044037133
2829,L2/3 IT,-0.1696265,0.34131187
263771,Astro,-0.03637743,-0.3868439
163193,L2/3 IT,-0.30561942,0.32524353
252420,L5 IT,-0.012336522,0.20797807
161596,Endo,-0.3125568,0.42490464
82324,Sst,0.013960004,-0.17937872
249719,L6 CT,0.041181087,0.13915235
135968,Oligo,-0.030809432,-0.109517515
218471,Astro,-0.094499856,0.3774793
211374,L2/3 IT,-0.23865625,-0.009167254
95234,Astro,-0.40037024,0.23681575
218465,VLMC,-0.03628999,-0.3973289
51868,PVM,-0.3686714,0.3924721
95321,L4/5 IT,0.009395719,-0.101889044
135828,L4/5 IT,0.14385533,-0.14551282
128777,L2/3 IT,-0.2686494,-0.058971465
135540,L6 CT,0.22672689,0.12786621
95411,L2/3 IT,-0.26128063,0.11839694
177104,L2/3 IT,-0.22182542,-0.038266152
60660,L2/3 IT,-0.29736808,0.22063297
221321,Endo,0.17637217,-0.23084575
205906,L4/5 IT,0.2692536,-0.26290208
52101,L2/3 IT,-0.29180998,0.17218208
218617,Astro,0.06448299,-0.1782861
193822,SMC,0.16517174,0.31983745
60706,Endo,0.16166997,-0.33095378
221344,L2/3 IT,-0.2284103,0.42188764
51636,Astro,-0.10241246,-0.074622065
218601,Endo,0.37855023,0.1462555
98876,SMC,-0.23911414,0.03891021
242670,Pvalb,-0.19952461,0.18887007
196126,L4/5 IT,0.21154302,-0.1482436
135716,Astro,0.31521308,-0.059209824
128812,L4/5 IT,-0.05283025,-0.062192887
51936,Pvalb,-0.15013716,0.023667932
20926,L2/3 IT,-0.24204546,0.38723046
179913,L2/3 IT,-0.13033769,0.42863202
83535,L6 CT,0.1597321,0.007841408
135805,SMC,-0.09565815,0.34812778
207185,Endo,-0.30081227,0.17464572
221359,Endo,-0.010690719,-0.36910477
244490,OPC,-0.40883344,0.1044364
269807,OPC,0.1867708,-0.13849196
231994,L4/5 IT,-0.16924644,0.14025766
277086,Astro,-0.34054685,0.04730904
128468,VLMC,-0.47687405,0.21834111
193576,L5 ET,0.13114035,-0.09644112
180008,L2/3 IT,-0.23764518,0.23137605
136340,L2/3 IT,-0.36141068,0.069316745
128457,Astro,0.12962049,-0.280554
256703,L5 ET,0.27251488,-0.08746791
61456,L4/5 IT,0.2408449,-0.27669477
136372,L4/5 IT,-0.0023439229,0.37308282
61461,Endo,-0.28925967,0.2556811
276702,Micro,-0.15378812,0.2839921
61533,L2/3 IT,0.09303206,-0.3258947
266105,Astro,0.1115368,-0.41108918
83623,L6 IT,0.21105832,0.08865017
94954,L6 IT Car3,0.17236304,0.24840719
51080,L4/5 IT,-0.13208175,0.30702436
128455,Micro,-0.14321002,0.009589732
61584,Lamp5,0.17250419,-0.4163592
128372,Oligo,0.17905933,0.29597974
61614,L5 ET,-0.08582869,0.16673005
3272,L2/3 IT,-0.22436428,-0.14604944
218356,L2/3 IT,-0.28011966,0.15841872
51047,Lamp5,-0.42117095,0.29853845
249171,L6 CT,0.23573351,0.17594326
218407,Astro,0.03984517,-0.4268048
205781,Endo,-0.26433313,-0.19763806
83603,SMC,0.3235702,0.0026668906
128569,OPC,-0.2890346,0.14887983
61269,L2/3 IT,-0.28983548,0.14828491
136025,L2/3 IT,-0.16882864,-0.13795707
95217,Peri,-0.23912048,0.01214236
3032,L4/5 IT,-0.023772746,-0.094528615
207258,Astro,0.24817222,-0.053114146
161564,Peri,-0.11747721,-0.29424822
128519,L5/6 NP,0.2460239,-0.14293686
185162,Sncg,-0.36769164,0.01140666
136108,Sst,-0.2809775,0.23942733
3067,L5 IT,-0.37410933,-0.11003348
51616,L2/3 IT,-0.25556827,-0.114115
176622,L2/3 IT,-0.3801947,0.17146212
263129,Pvalb,-0.24274716,0.11295986
237996,L4/5 IT,-0.15849113,0.03715968
256734,L5 ET,0.1571027,0.11870223
205799,L5 ET,0.2820313,-0.026891947
263127,L6 CT,0.009848893,0.1854009
246752,L5 IT,0.011398554,0.288782
242153,L2/3 IT,0.082354724,-0.32498997
51332,Lamp5,-0.36895517,-0.079254
136227,L4/5 IT,0.086802125,-0.15511644
210920,Endo,0.09119195,-0.42164132
136268,L5 IT,0.32032424,-0.04824817
99205,Astro,0.18216562,-0.4277144
20871,L2/3 IT,-0.17907554,-0.12607223
137442,Astro,0.12656254,0.29239458
81971,Micro,0.03228134,0.35135567
192811,L5 IT,0.13137084,-0.09394246
256435,L5 IT,-0.043584794,0.21522754
94239,L5 IT,-0.031797618,0.10743123
242820,Lamp5,-0.24628001,-0.1934554
63418,L4/5 IT,-0.1425766,0.038232148
138675,L2/3 IT,-0.30371588,0.122260034
192792,PVM,-0.26648635,0.45840406
126826,Endo,0.14427412,-0.37131685
48195,OPC,-0.3813593,0.2716958
83855,L6 IT Car3,0.3252082,0.21925998
175002,L2/3 IT,-0.27828676,0.26206952
138710,L5 ET,0.21777582,0.055076897
138732,Peri,0.25419372,-0.19620118
63462,Astro,0.097052395,-0.37991446
48129,L5 ET,0.20966244,-0.07792038
63468,Oligo,0.14128667,0.27536124
138749,Micro,-0.15498438,-0.2307494
175001,Endo,-0.27123097,0.16515994
4650,L5 ET,-0.0020506978,0.19094497
100046,L2/3 IT,0.21025741,-0.3741756
138761,L2/3 IT,0.24055356,-0.39153266
276575,L2/3 IT,-0.121322334,0.4494729
47995,L4/5 IT,-0.1648731,0.27128232
48271,Astro,0.16857082,-0.25416017
244737,L6 IT,0.19770348,0.035960734
237447,VLMC,-0.3448927,-0.18640289
207580,L4/5 IT,-0.22328278,0.07983643
109506,L6 IT,0.34825265,-0.01011467
63258,Lamp5,-0.04370594,-0.35021788
138570,L2/3 IT,-0.3377335,0.24457502
185337,L2/3 IT,0.03529626,-0.2907304
138573,SMC,0.11939865,-0.25803006
4419,Peri,0.3756252,-0.23229626
222517,L4/5 IT,-0.07411486,-0.14476821
21694,Endo,-0.31054124,0.4291758
63298,L2/3 IT,0.022788048,-0.3365636
63299,L6 CT,0.24368691,0.22144651
222526,Sst,0.47831792,0.15045804
4690,Endo,0.26588786,-0.3117764
138577,Endo,0.042472303,0.38035482
18963,Astro,-0.08333328,0.34849733
196871,Astro,-0.3935562,0.043586433
160920,L2/3 IT,0.113665104,-0.34869426
4482,Endo,0.22955394,-0.19751215
163560,L2/3 IT,-0.16793323,-0.12756965
160904,L5/6 NP,0.04505086,0.2667029
83840,L2/3 IT,-0.2012718,-0.019421846
207578,Astro,0.1882475,-0.065007865
126851,Endo,0.34166992,0.16137159
126843,L4/5 IT,0.0817737,-0.25761753
180522,Astro,0.043937802,0.4100588
196859,L4/5 IT,0.24992692,-0.25301158
126945,Endo,0.1351031,-0.27072334
21735,Astro,0.15352702,0.05981326
100116,L5 IT,-0.07403311,0.19694483
126430,VLMC,-0.2875432,-0.231621
63790,L5 IT,0.13972867,0.31988126
63804,L6 CT,0.3623119,0.063661754
246249,PVM,-0.19424334,0.37183958
163661,L2/3 IT,-0.06914407,-0.19953066
47555,Pvalb,0.26761627,0.010029256
4911,OPC,0.10533434,-0.13263452
231709,L2/3 IT,-0.10149327,0.4028635
126337,Endo,0.13628435,-0.27900362
139289,Endo,-0.34772706,0.32793814
174795,Micro,0.34810066,0.12936133
21863,VLMC,-0.30540746,-0.22192764
4980,Astro,-0.20650658,-0.1227074
256355,L4/5 IT,0.28771675,-0.23113313
139321,L4/5 IT,-0.1586116,0.12549251
222884,L2/3 IT,-0.28543717,-0.033634365
250119,L2/3 IT,0.062848866,-0.29006335
111246,Astro,-0.15282792,-0.28965682
180635,L2/3 IT,-0.34215105,0.16583705
139368,Astro,-0.14782852,0.14913273
126272,L2/3 IT,-0.2638278,-0.09444624
139395,L2/3 IT,-0.27120972,0.26987356
93851,Astro,-0.20142722,-0.12816197
262967,Micro,0.36275524,-0.12589106
197015,Endo,0.21046507,0.11982846
93982,Endo,0.4600525,0.1030575
272056,Oligo,-0.10406822,0.40485394
138872,L2/3 IT,-0.18482238,-0.03208068
126666,L2/3 IT,-0.23980361,-0.13728821
196965,L4/5 IT,-0.053656846,0.35739022
272005,Astro,-0.41544223,0.061267972
174881,Astro,0.32965446,0.18727219
180593,L2/3 IT,-0.3480783,0.3087052
94027,L2/3 IT,0.41279233,-0.066245824
159367,L2/3 IT,-0.21911031,0.38232654
207657,L2/3 IT,0.31592113,-0.19477448
47886,Astro,0.0834679,-0.4091456
94013,L5 ET,-0.07880089,0.13999283
160891,L4/5 IT,-0.08011949,0.32535517
21760,L4/5 IT,-0.2092861,0.2653938
138962,OPC,0.45441407,0.14261371
266188,Lamp5,-0.39853173,0.1080119
4809,Astro,0.44731504,0.08793843
109416,L2/3 IT,-0.18919548,-0.12458992
279532,Micro,0.19720823,0.013969302
83894,L2/3 IT,-0.11149427,-0.25795442
63667,PVM,-0.27432895,0.43171716
217575,L5 IT,-0.0029082298,-0.028440297
47715,Astro,0.19610584,-0.11481297
111146,OPC,0.32830274,0.07410598
192609,L4/5 IT,0.16316152,-0.21566117
47875,L2/3 IT,-0.17501754,-0.18109107
3977,L5 ET,0.23381436,0.08957106
126948,Oligo,0.40045494,0.25432754
175259,L2/3 IT,-0.11397001,-0.24957451
175522,L4/5 IT,0.14272183,-0.094285876
62649,L4/5 IT,-0.096561104,0.36045086
49527,Peri,0.05484569,-0.28900284
21488,Astro,-0.04411304,-0.34944862
161084,L4/5 IT,-0.022805959,0.32498926
196650,Endo,0.05573529,0.07399404
242733,Micro,-0.3823105,-0.037783593
109548,Astro,-0.41471514,0.21229613
137713,L6 CT,0.22207761,0.29999548
193117,L2/3 IT,0.2124703,-0.35332996
49449,Vip,-0.28328317,0.21888
49448,Oligo,0.06257075,0.33177274
4086,Micro,0.31854248,-0.11581397
137748,L2/3 IT,0.020288527,-0.23325548
83751,L5 IT,-0.0032230318,0.3304882
127347,L4/5 IT,-0.18976924,0.12699151
4089,Astro,0.28013217,-0.11896053
99814,L2/3 IT,-0.18444502,-0.08329904
49341,Pvalb,0.05644363,0.10156244
175443,L6 CT,0.19155616,0.027941644
279638,L6 IT,0.14146006,-0.00030612946
49320,Micro,-0.07936302,-0.29299647
180408,L2/3 IT,-0.29259932,0.14542055
109563,Peri,0.007803619,-0.3338583
222207,L2/3 IT,0.20938337,-0.3662703
49542,SMC,-0.41725415,0.34356654
81888,Endo,0.2433033,-0.1818639
99754,Peri,0.3516482,0.22689712
4012,PVM,-0.28138196,-0.1837199
49759,L6 CT,0.27048874,0.08895594
49755,Micro,0.36919183,-0.05654201
49722,L4/5 IT,-0.25020406,0.15469098
49719,Sst,0.061352372,-0.13079041
81954,L5 IT,0.24271435,-0.07548815
161179,L2/3 IT,-0.35402334,0.17552376
49695,L4/5 IT,-0.036590457,-0.17030856
94524,Astro,0.15632617,-0.40521595
62570,L6 CT,0.36276746,0.02148527
49292,L2/3 IT,-0.25008476,0.3170042
137505,L4/5 IT,-0.03140077,-0.02239436
175595,L2/3 IT,-0.29173097,0.11221731
193161,L2/3 IT,-0.27423573,-0.039809138
137606,Endo,-0.23764044,-0.16956374
127427,L4/5 IT,-0.2174631,0.09329456
4055,L2/3 IT,-0.17925698,0.45614684
127401,L4/5 IT,-0.19055453,0.13821614
193149,Astro,0.4583032,0.13163304
99783,L2/3 IT,-0.31888795,0.11881244
62617,L2/3 IT,-0.11234081,-0.23044899
184540,Astro,-0.4160522,0.23113418
161115,L6 CT,0.39420927,0.16887373
193170,L6 CT,0.13133925,0.25704318
94325,L2/3 IT,-0.25893825,0.06515175
180410,L2/3 IT,0.18754405,-0.36417803
4132,L4/5 IT,-0.20331705,0.291539
207550,Astro,-0.26741523,-0.1726287
48810,L5 ET,0.13981813,0.20326495
138400,L2/3 IT,0.04554206,-0.26174623
63153,VLMC,-0.31904453,-0.20998242
222415,L6 IT,0.24513817,0.20967722
138410,Pvalb,0.093958735,0.35709292
48779,L2/3 IT,0.02149874,-0.32270044
263967,SMC,0.3405062,-0.013630122
127029,L6 IT,0.13099808,0.22440016
110972,Oligo,0.27482826,0.09442395
175286,L6 IT,0.057900786,0.121412456
48689,Micro,0.38183933,0.056323826
138426,SMC,0.24174869,0.09385693
110977,Peri,0.1779719,0.14162034
127002,L5 IT,0.09394497,0.32763022
175273,Endo,-0.31180158,-0.16748574
138494,L2/3 IT,-0.13802174,-0.13110134
237517,L2/3 IT,-0.22025284,-0.08017099
126971,L6 CT,0.23001891,0.2050271
48579,Endo,-0.032043457,0.25789368
99916,Oligo,0.24360001,0.06662965
48564,L4/5 IT,-0.18073791,0.18208426
48549,L2/3 IT,-0.16555125,0.4349531
63138,L5 ET,0.19811249,0.07439512
127057,L6 IT,0.14969718,0.12366545
217854,L2/3 IT,-0.026886702,-0.31380984
207545,Micro,-0.13253698,0.20626312
49276,L2/3 IT,-0.28211874,-0.0020791292
62862,L5 IT,0.025374413,0.2982719
269583,L4/5 IT,-0.13038313,0.31124204
137849,Micro,0.08844435,0.22223145
62939,Endo,-0.3299341,0.05516714
99857,VLMC,0.20857018,-0.26863897
4147,Astro,-0.29903227,0.20981091
250010,Oligo,0.36870843,0.24597847
246857,L6 CT,0.21151286,0.1632232
49125,L2/3 IT,-0.27594787,0.1698932
110914,L5 IT,0.23686707,-0.14723057
62854,L2/3 IT,0.2657169,-0.3519295
222351,Endo,-0.37338018,0.14656377
63009,Peri,-0.35591033,-0.037436992
258313,L2/3 IT,-0.37466675,0.18295795
4263,L2/3 IT,-0.15726209,0.4065323
258316,Pvalb,-0.19508001,0.14004326
109544,Astro,0.2875675,-0.025015563
248339,Oligo,0.063519895,0.31699395
138242,OPC,-0.071146786,0.28259593
192942,L5 IT,0.031472325,-0.015500486
269560,Endo,0.23720968,-0.112148285
99901,L5 IT,0.30834585,-0.08117366
175323,L5 IT,0.080082476,-0.08393049
4244,Endo,-0.0141120255,-0.37582955
128978,L5 IT,-0.048273772,0.15490389
184667,L5 IT,0.21957904,-0.056291312
60631,VLMC,-0.016504258,-0.40135482
257274,Astro,-0.0053649247,-0.13167062
132989,L4/5 IT,0.23065543,-0.104898274
58489,Peri,0.30808574,-0.09576234
962,Endo,0.35641545,0.1831137
55573,VLMC,-0.014555275,-0.42413032
55570,L4/5 IT,0.25872284,-0.2312195
97625,Astro,-0.1993066,0.023608863
55548,L5 IT,0.27346438,-0.09998414
110116,L2/3 IT,-0.021242231,-0.26142424
133115,L2/3 IT,0.040801644,-0.33177412
133159,SMC,-0.03771934,0.2533272
133178,Micro,-0.3997327,0.13950562
195480,L6 CT,0.16001683,0.04222828
97655,Peri,0.30294448,-0.017448008
194597,Micro,-0.23311502,0.12235391
162634,Micro,-0.23079708,0.005872071
55427,L6 IT,0.031172097,0.03682345
130685,Astro,-0.43404365,0.14496934
82950,Peri,-0.3041851,0.30661517
133246,L4/5 IT,-0.17626902,0.14716983
194583,Pvalb,-0.03065309,-0.16424859
96399,Astro,0.25065017,-0.26831478
184951,L5 IT,0.07149702,-0.09735459
55596,L4/5 IT,-0.037064075,-0.048076987
130789,L2/3 IT,-0.31300047,0.1298095
132923,L4/5 IT,-0.043606997,-0.11153978
97619,L2/3 IT,-0.13772708,-0.20815703
58351,Endo,0.31910223,-0.00057029724
96679,L5 ET,0.28301007,0.28309566
178761,L4/5 IT,-0.07953,-0.05178508
132538,L6b,0.3318351,0.13558608
55910,L4/5 IT,0.053411305,-0.16922405
96609,Micro,-0.06889993,0.19768953
178728,L5 IT,0.110503495,-0.044050246
130831,Micro,-0.13258848,-0.2096554
96605,Astro,0.0033350587,-0.32611412
132676,L2/3 IT,-0.005361587,-0.29715532
232345,Astro,0.21705097,-0.019099593
58616,L4/5 IT,-0.017492563,-0.099368274
19695,Astro,0.068152726,-0.22972715
130818,L4/5 IT,-0.15511489,-0.017100334
132716,L2/3 IT,0.06732601,-0.311404
132763,L4/5 IT,0.016793609,-0.097946405
257286,L2/3 IT,-0.22099939,0.307611
97607,L4/5 IT,0.094843745,-0.23003411
194716,L6 IT,0.2801103,-0.011512876
132788,Astro,0.47889388,0.0753963
257648,Astro,0.23064065,-0.016251266
110098,L2/3 IT,-0.005335927,-0.3083759
897,L2/3 IT,-0.22132725,0.3596365
132836,L2/3 IT,-0.2832827,0.21090275
179291,L2/3 IT,0.2832207,-0.38376516
58333,Astro,-0.39396453,0.119583964
219362,Pvalb,-0.014167607,-0.24487525
20187,L6 CT,0.3289858,0.038250566
270201,L2/3 IT,-0.36366296,-0.069799155
1300,Micro,0.33418763,0.26995212
54896,Astro,-0.1493653,0.12777352
54863,Peri,0.37929434,0.045706928
130452,L5 IT,-0.012804061,0.27877814
54854,L5 IT,0.3476879,-0.039990127
58941,L6 IT,0.18495399,0.19876194
54846,SMC,0.10130298,0.16788197
20294,L2/3 IT,-0.1848039,0.3556574
58959,Sst,-0.09742871,0.058058023
220516,L6 CT,0.22317266,0.24957722
97985,L6 IT Car3,0.20245093,0.24899614
242351,VLMC,-0.001156807,-0.45379746
133586,SMC,0.29311436,-0.10043779
206228,OPC,-0.09390488,0.3200783
178243,Endo,-0.44064745,0.100856185
1362,L5 IT,0.040112615,0.38556308
96223,L2/3 IT,-0.28812763,0.04706967
82903,L2/3 IT,-0.13066813,0.38521022
162165,Lamp5,-0.04928738,-0.35259593
54649,L5 IT,0.060223162,0.33702356
96172,Oligo,0.1884476,0.15668869
133596,VLMC,-0.4325927,0.3281241
270208,L4/5 IT,-0.0816727,-0.0033181608
178384,L4/5 IT,0.24572164,-0.22082368
130477,Peri,0.5,0.15862483
162725,Micro,-0.15581962,0.10357106
178555,Endo,-0.25095907,0.17736512
178546,L4/5 IT,-0.22200078,0.29149365
130621,L2/3 IT,-0.045366198,-0.18190697
55277,Astro,0.31200242,-0.17641166
133293,L5/6 NP,-0.009010702,0.3436213
55233,Astro,0.13729578,-0.33263093
82939,Endo,0.42672002,0.24218667
219345,L6 CT,0.3632956,0.09616357
1195,L5 IT,-0.028181285,0.17489684
220425,L5 IT,0.09588534,-0.006136745
178473,Endo,0.16642827,-0.40544164
219355,Micro,-0.1497998,0.06564671
206792,Oligo,0.44548064,0.16779983
194537,Endo,-0.30930504,-0.12945825
58769,Micro,-0.07606903,0.121887505
194534,L2/3 IT,-0.23266011,0.26209998
110202,L6 IT Car3,0.2093429,0.24393016
178427,Sncg,-0.26433772,-0.13649696
219304,Endo,-0.34308523,0.009380281
20251,L2/3 IT,-0.19722787,0.39580196
178405,Endo,-0.2119306,0.2072528
20262,SMC,-0.44644472,0.012647688
195556,L5 IT,0.037038326,0.31180394
20281,L4/5 IT,-0.14946318,0.05865705
178464,L5 ET,0.09229112,-0.028461784
133618,Pvalb,0.14944667,-0.059564203
643,L2/3 IT,-0.19540119,-0.034725577
56026,L2/3 IT,-0.30432928,0.21442151
97179,L6 IT,0.27740562,0.17655689
257512,Astro,0.28531283,-0.065727115
280314,L4/5 IT,-0.0418756,-0.14629155
56857,Sst,0.1925289,-0.19985628
131420,L2/3 IT,0.022365093,-0.25983363
206553,L2/3 IT,-0.26507932,0.14493257
83203,L2/3 IT,0.012362659,-0.3397245
130,PVM,-0.25980958,-0.20758584
131892,L4/5 IT,-0.046260327,0.39216942
206499,Pvalb,-0.34267747,-0.05810845
57618,L6 CT,0.30733442,0.0647338
195050,Oligo,0.3966204,0.17889535
57625,L2/3 IT,-0.34807485,0.28249472
19949,Pvalb,-0.17089292,0.18316352
178960,Micro,-0.098477304,0.07349414
131328,OPC,0.00039952993,-0.4097054
131326,L4/5 IT,-0.13339728,0.2704659
162466,Lamp5,0.18217582,0.14572018
195022,Peri,0.2617936,-0.27184552
109884,Astro,0.37539256,-0.064517796
263464,Endo,-0.25108272,0.01971078
257419,L5 ET,0.032263875,0.045592308
131220,L4/5 IT,-0.1388093,0.27059382
56947,Astro,-0.3708661,0.3244996
131460,Astro,0.1690988,-0.31930077
257443,L5 ET,-0.03496614,0.11426008
19819,Astro,-0.34880722,-0.13957363
57163,L2/3 IT,-0.29616717,-0.03549239
57159,Endo,-0.26459736,-0.23475456
57190,Endo,0.1225273,-0.015951574
179072,L2/3 IT,-0.22367224,-0.20527622
257490,OPC,0.34373027,-0.11805037
57121,Astro,0.021598041,-0.40659034
97143,PVM,0.43475974,0.11677599
57277,L4/5 IT,0.11441165,-0.19083297
270472,VLMC,-0.26377735,-0.25742567
131542,L5 IT,0.019174635,0.24707395
97104,Astro,0.32429856,0.14968896
131982,L2/3 IT,-0.1964778,-0.080587804
232458,L4/5 IT,-0.24434543,0.09556669
131706,L2/3 IT,-0.2871647,0.084519565
57319,L4/5 IT,-0.094154686,0.31268346
57026,Pvalb,-0.14653784,0.047183692
179112,Astro,0.13770127,-0.29897752
109806,L5 IT,0.034124315,-0.06541476
131770,VLMC,-0.42176577,-0.06972304
263484,L5 IT,0.08811253,-0.14871809
83279,L2/3 IT,-0.14932185,0.44439822
19839,L6 IT,0.15133446,0.26018947
56986,L2/3 IT,-0.20335853,-0.019421995
56971,L5 ET,0.0068719387,0.21269679
57298,Endo,-0.22923273,0.26133525
96716,Micro,-0.035541654,-0.35338283
219927,L2/3 IT,-0.31705528,0.24265021
162427,PVM,0.12510598,-0.30447954
238895,L2/3 IT,-0.24782026,-0.1417633
56245,Endo,0.2548651,-0.020323128
96836,Endo,0.11796969,-0.24594864
202352,SMC,0.21454448,-0.09784141
206442,Micro,-0.39421248,-0.07888222
194909,Astro,-0.20030862,-0.01837328
470,L2/3 IT,-0.34508795,0.25967878
206436,L4/5 IT,0.20775676,-0.28464535
206433,Astro,-0.077273786,-0.07605964
244601,Astro,-0.19517958,-0.13053435
550,L5 IT,0.14932203,-0.048106164
96767,L5 IT,0.19238085,-0.08293599
219515,L5 IT,-0.008059323,0.38522983
20051,Vip,0.12399131,0.23256677
56112,L5 IT,-0.044973463,-0.01985374
270306,L4/5 IT,-0.21353862,0.18461055
58323,L2/3 IT,-0.2664414,0.25113356
19743,L4/5 IT,-0.15377489,0.1033203
132447,SMC,-0.12667349,0.30593967
242442,OPC,-0.075508446,-0.073324144
110021,Oligo,0.32819372,0.30993253
162301,L2/3 IT,-0.23994362,0.34314972
263447,L2/3 IT,-0.062384367,-0.22230506
399,L5 IT,-0.03734252,0.29908812
83372,L4/5 IT,-0.16050899,0.3147682
270641,L4/5 IT,0.13924438,-0.24467987
58062,Astro,0.20249462,-0.19589433
131157,L2/3 IT,-0.10099617,-0.25280273
222,L2/3 IT,-0.20813861,0.42133135
249366,L2/3 IT,-0.10524303,0.43446648
219949,Oligo,0.28088194,0.06971538
211048,L2/3 IT,-0.27759904,0.21262115
252307,L2/3 IT,-0.29348046,0.3185128
132085,VLMC,-0.29408294,-0.24467221
219959,Astro,0.23326904,-0.11939919
270604,L4/5 IT,-0.092372596,-0.09507811
20031,Endo,-0.05155754,-0.23016608
245313,SMC,0.18105072,-0.1423631
97274,L2/3 IT,-0.15898666,-0.095062196
131102,L4/5 IT,-0.08105576,-0.04872617
280284,Astro,-0.35201272,0.36917895
249316,Vip,0.19920337,-0.3646645
178926,L2/3 IT,0.09816128,-0.32539696
132142,L4/5 IT,-0.19997153,0.10527468
249370,L6 CT,0.18863839,0.103367746
97343,Sncg,-0.32886338,0.38184142
96892,L5 ET,0.104022324,0.08266294
220001,L6 IT,0.12340933,0.18614608
232384,L2/3 IT,0.17439085,-0.31606373
19762,L2/3 IT,-0.007603556,-0.3226841
270334,Endo,0.17535138,-0.119466156
206473,L4/5 IT,-0.15057755,0.08841616
238620,L4/5 IT,-0.20063108,0.23136818
280121,VLMC,-0.41726878,-0.06872314
54611,VLMC,0.018563509,-0.4395798
60024,L2/3 IT,-0.07439393,-0.24601382
95730,L2/3 IT,-0.15921256,0.4480821
52952,Oligo,0.04860288,0.081008434
239211,SMC,-0.43769196,0.33555734
221038,L2/3 IT,-0.24547464,0.20187527
110546,L2/3 IT,0.22461045,-0.32943457
271203,L4/5 IT,-0.19488621,0.11675465
98488,Micro,-0.096868664,-0.329185
177605,Endo,0.4523632,0.085889995
134939,L5 ET,0.21543062,0.047108233
177521,L2/3 IT,-0.19180131,-0.07496858
134943,Astro,0.23371917,-0.40876043
98496,Astro,0.24398494,0.07950199
110551,L2/3 IT,0.08699274,-0.31597352
52840,L6 CT,0.08929497,0.25165635
52803,L5 IT,0.16682595,-0.16087434
109704,Astro,0.35926396,-0.013671398
276792,Endo,0.09194988,-0.2692366
19401,L4/5 IT,-0.14198688,0.23265457
134964,L2/3 IT,-0.33705804,0.25565475
265882,L4/5 IT,-0.06922665,0.35225147
206027,VLMC,0.16064477,-0.48205623
2255,Oligo,0.350681,-0.027886301
211252,Endo,0.043590248,-0.1503214
177660,L4/5 IT,0.2768473,-0.2158364
60005,Endo,0.08873296,0.3799126
53060,Astro,-0.11630279,-0.2601674
271099,Endo,-0.33280027,-0.15961453
53305,Endo,-0.059481382,-0.33956784
59849,L2/3 IT,-0.32749876,0.23261225
271109,OPC,-0.119093746,0.36188275
59860,L4/5 IT,-0.06826916,-0.03735268
279993,L5/6 NP,0.21839952,-0.008987933
59886,Peri,-0.2569015,0.011720657
177748,L2/3 IT,0.22547871,-0.32966775
194153,L2/3 IT,-0.29316902,0.32344568
238390,L2/3 IT,0.24059325,-0.33626348
2000,Endo,0.3128621,0.099915326
179722,VLMC,0.0736593,-0.44407928
185033,L2/3 IT,-0.20787096,-0.09696838
83468,Endo,0.124180615,-0.07692921
2009,VLMC,-0.34837067,-0.19577515
59966,L5 ET,-0.025807083,0.30832952
53167,L4/5 IT,-0.095850885,0.013000369
95767,L4/5 IT,-0.15569103,0.04400891
134718,L2/3 IT,-0.128577,0.45765877
82565,L6 IT,0.08129823,0.22154695
276811,L2/3 IT,-0.25413823,0.06786567
271170,L6 IT,0.25049627,-0.039076686
269989,Endo,-0.2726102,0.35189873
232125,Lamp5,0.0833689,-0.3865323
129423,L2/3 IT,-0.30733886,0.06303567
110420,Micro,-0.4368064,0.18937713
218778,Vip,0.16436058,-0.29213527
129299,Astro,0.1179924,-0.32857233
19371,L2/3 IT,-0.35034585,0.17499137
19354,Oligo,-0.20132157,0.1266684
177245,Pvalb,-0.16353598,0.4707421
135242,Micro,-0.009676665,0.055405557
135251,Endo,0.32918763,-0.07274848
185082,Endo,0.16759807,-0.26434502
2495,Pvalb,0.08550805,-0.2574132
60431,Astro,0.15760589,-0.026740849
246686,L6 IT,0.07463914,0.05536616
129106,Astro,0.07610226,-0.2549842
109673,L2/3 IT,-0.3106143,0.11206502
135415,L2/3 IT,-0.26576096,0.3195535
98730,L6 IT,-0.025461257,0.10780704
238189,Endo,0.14935058,-0.41799235
257969,L6 CT,0.215895,0.15321577
163142,VLMC,-0.4246826,-0.08214465
263196,Astro,0.22559136,0.01896751
271337,Astro,-0.030562729,0.13401377
193891,L4/5 IT,-0.01712358,0.32406354
263183,L2/3 IT,-0.24200681,-0.074505925
161814,Micro,-0.34319478,0.39602774
221287,L2/3 IT,-0.05452639,-0.25023594
60628,Endo,0.24475694,0.10803968
95617,L2/3 IT,0.13432461,-0.25046152
246672,Endo,0.020872831,-0.28510708
110588,PVM,0.39422238,-0.067492425
242647,L2/3 IT,-0.3347385,0.022388518
221128,L4/5 IT,-0.01938942,-0.1752133
246412,Micro,0.17235422,0.024454594
221132,Endo,-0.39705566,0.4219191
263228,L2/3 IT,-0.28162757,0.28685254
110564,Endo,0.36272115,0.115954876
129254,Peri,-0.13329226,-0.1213955
249213,Peri,0.23995662,-0.20792815
194036,Micro,0.18388015,0.20120841
177355,L2/3 IT,-0.25371614,-0.1140821
239222,VLMC,-0.09066579,-0.37777078
60230,L6 IT,0.06509918,0.19238567
2259,L6 CT,0.3788588,0.04057479
129233,L5 ET,-0.19718,0.2036311
195973,L2/3 IT,-0.22188589,-0.032799035
52501,Oligo,0.107293844,-0.06184128
2398,Astro,0.18494302,0.19089758
135094,L4/5 IT,0.0435642,-0.14937767
221185,Astro,0.16798252,-0.40307668
20790,L4/5 IT,0.31586748,-0.12380758
98668,L2/3 IT,-0.38389975,0.12777025
52413,L6 IT,0.28578877,0.1685257
221192,L2/3 IT,0.014206886,-0.24566668
95631,L2/3 IT,-0.014560431,-0.30234233
60352,L2/3 IT,-0.23154521,-0.0043741465
60270,Pvalb,0.3358354,0.08411831
220910,L2/3 IT,-0.12116036,-0.1879586
242607,L2/3 IT,-0.09591845,-0.2217977
207020,SMC,-0.120708615,0.22901225
1637,OPC,-0.029206634,0.27795756
270146,L6 CT,0.18608886,0.12994963
257139,L6 IT,0.3649643,0.08615214
20370,Oligo,-0.33730167,0.22741205
177997,L2/3 IT,-0.2150017,0.42467654
54149,L2/3 IT,-0.11598286,-0.13081527
232218,Astro,0.10250002,-0.33633262
184993,OPC,0.3718534,-0.036720604
265889,L2/3 IT,-0.15678963,-0.2322861
248286,Astro,-0.25110334,-0.20227209
96040,SMC,-0.3648934,-0.064398915
130029,Peri,0.15324444,-0.099607825
280058,L4/5 IT,-0.020030022,0.36919677
130020,L2/3 IT,-0.1649094,-0.14885741
280057,L4/5 IT,-0.0923931,-0.044474095
246616,Endo,-0.3067882,-0.01989773
54007,L4/5 IT,0.2812724,-0.20104408
54003,Peri,-0.15358594,-0.028195262
219091,SMC,-0.012853771,-0.38512877
1669,L6 IT,0.18701261,0.0706594
53985,Pvalb,-0.17989239,0.255862
83449,Lamp5,-0.03362626,-0.34235144
134036,SMC,-0.049235165,-0.0554882
179484,OPC,0.11807561,-0.42564523
133838,L6 CT,0.1248582,0.18785065
54207,L6 IT,0.39636636,0.15512091
133830,L5 IT,0.047284782,0.14707571
110237,L2/3 IT,-0.1714538,-0.057263553
162735,Vip,0.27853417,-0.05915883
220573,L6 CT,0.2666434,0.03378749
20354,VLMC,-0.4816568,0.022771955
59076,L2/3 IT,-0.13656816,-0.20849204
1471,Sst,0.28051716,-0.07254863
133666,L2/3 IT,-0.009821773,-0.30041623
96139,L2/3 IT,-0.28695714,0.26347882
238579,PVM,0.3318987,-0.0189915
54456,Micro,0.15597707,-0.19588211
54455,L6 CT,0.22521329,0.081264496
195722,Astro,-0.37749213,0.17670625
194408,Endo,0.11278337,-0.015993446
238576,L6 IT,0.07713866,0.24240738
133743,Astro,0.106031,-0.03540355
130220,L5 IT,0.33646584,-0.093282044
19579,L6 IT,0.106057525,0.04219073
59232,Endo,0.30851167,-0.19769084
263646,L6 IT,0.2514493,0.054935336
19568,SMC,-0.41435122,-0.054838836
270155,L2/3 IT,0.09397602,-0.29444188
257146,L6 IT,-0.003295809,0.2728656
276875,L2/3 IT,-0.23944527,0.43168288
98216,Astro,0.17859209,-0.02179113
96116,L4/5 IT,0.294928,-0.17730835
162837,L6 CT,0.09372717,0.31236714
59455,L5 ET,0.19079274,0.14180863
257101,L4/5 IT,-0.050806165,0.37292176
95860,L6 IT Car3,0.17549318,0.28838968
162874,L4/5 IT,0.26958555,-0.21639267
110321,OPC,0.17866945,-0.20377299
202245,L4/5 IT,0.19670796,-0.19328061
177869,L6 CT,0.28075576,-0.01466158
53552,L2/3 IT,-0.2740994,0.13136256
220838,L6 IT,-0.017342865,0.13199812
59674,Astro,-0.19688898,0.03161961
202243,Astro,0.22675204,-0.12239316
194198,L2/3 IT,-0.2565984,0.3574006
177817,Astro,-0.41152793,0.2688079
1846,L2/3 IT,-0.29434633,-0.039614856
110371,L4/5 IT,-0.08614862,-0.06577256
207001,Endo,-0.22221309,0.14849466
19514,L2/3 IT,-0.14117861,-0.26345122
59768,PVM,-0.071104884,0.3585831
82628,L6 IT,0.017332256,0.082564
195834,L5 IT,0.2689879,-0.19156647
134417,L2/3 IT,-0.2286484,-0.17861474
95805,VLMC,-0.102157295,-0.38081047
129579,L5 IT,0.24802518,-0.1466276
232154,L2/3 IT,0.2171964,-0.37115133
95777,Astro,0.037790775,0.07649118
134588,L6 IT,0.05570513,0.03243822
195830,L4/5 IT,0.021261275,-0.18936247
139408,L2/3 IT,-0.3563029,0.16310298
98283,L2/3 IT,-0.3119747,0.012658536
1833,Endo,0.21623576,0.0049563646
19548,Endo,-0.097002596,0.12820476
95995,SMC,-0.16817725,-0.0117608905
134075,L6 IT,0.31878465,0.21935534
129938,L2/3 IT,0.021288991,-0.3244987
271027,OPC,0.373995,0.022101104
257818,L2/3 IT,-0.36347884,0.06912941
220741,Oligo,-0.1563926,0.26051962
257094,L4/5 IT,-0.16743281,0.08916217
249525,Astro,0.23007572,-0.36673263
95986,Sncg,-0.36610603,0.32445198
53774,L5 ET,0.31850845,-0.09199217
53640,L2/3 IT,-0.32716182,0.20474601
59498,Oligo,0.35209858,-0.0036240816
95903,L2/3 IT,-0.18151253,-0.08416313
194267,Sst,-0.34553462,0.20964098
53738,L4/5 IT,-0.21977982,0.06767064
195773,L2/3 IT,-0.0017282665,-0.27193427
276873,L4/5 IT,-0.064983785,0.37575042
53717,Sst,-0.13515821,0.04341626
1820,L2/3 IT,-0.011593491,-0.3522377
195778,Endo,-0.3298012,-0.103780925
110291,L2/3 IT,-0.16702199,-0.13295114
218995,Endo,-0.17916203,-0.04591143
179569,L2/3 IT,-0.36595333,0.1531694
20409,L4/5 IT,0.046688735,-0.10027018
258458,SMC,0.14255428,-0.16227031
217629,L4/5 IT,0.06782901,-0.19511679
237304,L2/3 IT,-0.2191439,0.26864672
41976,L2/3 IT,0.05450052,-0.36096978
224746,L6 IT Car3,0.35435134,0.2726617
67518,L2/3 IT,0.097777784,-0.31380084
143679,L5 IT,0.0052966475,0.08818716
7902,SMC,-0.42037004,0.33654046
266345,L2/3 IT,-0.3495465,0.3029018
143782,L2/3 IT,-0.19303128,-0.07626632
143783,L2/3 IT,-0.27235553,0.035908878
201663,L5 IT,0.1589269,-0.14876157
41892,L6 CT,0.14347625,0.2762506
236352,Endo,0.34283996,0.10064399
204879,L2/3 IT,-0.26504043,-0.024770528
122795,OPC,0.16216612,-0.4007177
41824,SMC,0.0041781664,-0.35631752
172386,Pvalb,-0.112608016,0.15820903
224813,L2/3 IT,-0.26806968,0.38222522
159808,L6 IT,0.42034227,-0.07191193
143937,L2/3 IT,-0.21447045,-0.1656254
143944,Astro,0.21180958,-0.15924823
67616,SMC,-0.48207542,0.0935058
172370,L2/3 IT,-0.22970179,-0.18450779
264465,L2/3 IT,0.09584701,-0.30625522
143973,Astro,-0.3084103,0.07552934
172441,L2/3 IT,-0.10355607,-0.18591627
112103,L2/3 IT,-0.3396399,0.036144137
143595,Endo,0.01130867,-0.15433103
67448,L2/3 IT,-0.14529029,0.44243973
191200,L2/3 IT,-0.21603012,0.44008297
143381,L2/3 IT,-0.30474597,0.30246753
42217,L6 CT,0.37908167,0.0900197
246060,VLMC,0.09075475,-0.4774529
80923,L2/3 IT,0.10860348,-0.34302306
123002,L2/3 IT,-0.15650767,-0.15895641
102227,L4/5 IT,-0.04994777,0.38571227
67332,L2/3 IT,-0.31345332,0.20172167
7825,Astro,0.18915784,0.22858274
143397,L5 ET,0.10108459,-0.021446943
112100,L5 IT,0.1914919,-0.013659775
236318,L2/3 IT,-0.22025204,0.3594026
22836,L6 IT,0.018027902,0.19561237
224668,L4/5 IT,0.31075037,-0.17146972
224673,L6 IT,0.10932785,0.114239156
172481,L4/5 IT,0.19040531,-0.22062135
255636,L6 IT,0.011981666,0.21554357
191157,Pvalb,0.28816032,-0.05442792
268693,L6 IT,0.2285173,-0.03665045
172476,Endo,0.29582232,0.2990458
122924,L2/3 IT,-0.1792432,0.40471166
7874,L2/3 IT,-0.22433794,-0.047847122
143555,Oligo,0.41406542,-0.01621592
67428,VLMC,-0.27693292,-0.2640177
42110,PVM,0.4551173,0.18388599
143356,Endo,0.20892006,-0.23842737
67665,Micro,-0.07151061,0.31580186
273037,L6 IT,0.2325831,-0.04618448
41331,L4/5 IT,-0.063245535,-0.020302296
18158,Peri,0.39500338,0.0461964
172152,OPC,0.4345466,0.07105106
122641,Astro,-0.40645784,0.02044487
122639,L2/3 IT,-0.37532532,0.05488956
216098,Oligo,0.34126836,-0.021100044
144213,L2/3 IT,0.2020312,-0.34959674
102403,L4/5 IT,-0.25615817,0.15236509
236265,PVM,-0.13618994,0.21317208
202675,Astro,0.22619951,-0.013634026
23079,Astro,0.097343564,-0.22479916
190887,L4/5 IT,0.29041648,-0.174907
190881,L6 CT,0.40809792,0.1457032
172119,L4/5 IT,-0.16970906,0.17691481
41166,Oligo,-0.02433616,0.16596866
225065,Astro,0.33864886,0.008219123
122561,L2/3 IT,0.089692175,-0.31526026
198247,L4/5 IT,-0.061844647,-0.077913284
68043,Vip,0.04561591,-0.29544663
68047,VLMC,-0.5,0.020489216
172080,L5 IT,0.050852418,0.0037422776
102463,L2/3 IT,-0.2703566,0.17441869
102535,L4/5 IT,0.16785634,-0.1494517
185723,L2/3 IT,-0.2329455,0.031128764
67940,L2/3 IT,-0.17297655,-0.16287965
122653,L2/3 IT,-0.17414856,-0.13364285
224990,L2/3 IT,0.231027,-0.31356966
236308,L2/3 IT,-0.2368632,0.13716578
8011,L6 IT Car3,0.27169335,0.15900046
23006,Peri,-0.1331,0.3256089
172239,L2/3 IT,-0.21694365,-0.051635474
41612,Peri,-0.18456173,-0.2002981
198155,L2/3 IT,-0.3282193,0.104071796
190986,L2/3 IT,-0.26889837,0.39767247
41588,PVM,-0.4007656,0.22321779
210716,Pvalb,0.04001963,-0.25417328
144062,Peri,-0.09895563,0.23633707
144100,L6 IT,0.043318808,0.23279184
216195,L4/5 IT,-0.05712095,0.3533805
67807,Endo,0.17804086,0.045951843
41517,L6 CT,0.32917356,-0.016352743
67858,L5 IT,0.009075761,0.08732939
91467,Endo,-0.42577296,0.02530706
23024,Endo,0.26586014,-0.24955082
273087,L6 IT,0.1745143,0.009381354
144136,Micro,0.3229338,0.076467454
91437,Endo,0.4558615,0.13436514
67876,L2/3 IT,-0.33487096,0.28992885
67878,L2/3 IT,0.0007112622,-0.21700934
224987,L2/3 IT,-0.21390858,0.27970588
67902,L2/3 IT,-0.29881364,0.17596006
248158,Oligo,0.012336373,0.32958126
123124,Endo,0.060423553,-0.42765903
172503,L5 ET,0.0864234,-0.023692638
246066,Sst,0.3789426,0.13786167
172818,L6 IT,0.050658166,0.07873064
66731,OPC,-0.01385203,-0.14562714
43081,Sst,0.46136546,0.10493219
111930,L6 IT,0.27822918,-0.06740126
224325,Astro,0.16181302,0.11260086
43019,Micro,-0.26349574,0.24253726
5032,Astro,-0.32698825,0.3878199
142722,L2/3 IT,-0.06354806,-0.27508736
92043,L2/3 IT,-0.2121489,0.2986142
7395,L5 ET,0.0226205,0.18115288
268836,L5/6 NP,0.15596968,-0.11652702
42955,Endo,-0.17536104,-0.05799216
268834,Peri,0.2463572,0.04859233
142772,L5 IT,0.08129847,0.013036191
42899,Astro,0.0063617826,0.29448593
205026,Pvalb,0.32522255,-0.1314618
66869,Oligo,0.18927193,0.3139767
7432,Lamp5,-0.31251174,-0.12319982
268792,Astro,0.3425631,-0.06112197
66872,L2/3 IT,-0.3647592,0.12680465
81061,L6 IT Car3,0.2819172,0.24100512
172771,L2/3 IT,0.1191082,-0.3428718
142821,Astro,-0.39680046,0.33177292
22610,Oligo,0.35639918,0.17270184
43115,SMC,-0.3762409,0.319314
205043,L5 ET,0.16323924,0.12999088
224276,Endo,0.41386634,0.048338115
123824,Micro,-0.072989225,-0.32733428
260993,L5 IT,-0.068463,0.21707207
123762,Sst,0.43632627,0.103165925
208215,L2/3 IT,0.34136987,-0.28431582
142479,L2/3 IT,-0.34860203,0.10338175
262701,L2/3 IT,-0.18569538,-0.2169517
197848,VLMC,-0.477673,0.039169133
279117,Endo,-0.22272253,0.020895243
191453,Oligo,0.3939364,0.2102822
172924,L2/3 IT,-0.29417992,0.33062524
101773,L6 CT,0.43766445,0.013550699
109153,Endo,-0.29096532,-0.10730785
201731,L2/3 IT,0.06304908,-0.36482513
43265,L2/3 IT,-0.28276968,0.36009562
272738,L6 IT Car3,0.26001906,0.28330302
277220,L5 IT,0.2530387,-0.12751204
101783,PVM,-0.31569412,0.14729375
22591,Astro,0.23846263,0.21826524
272762,Endo,0.2676993,0.27436888
216555,L4/5 IT,0.25976276,-0.27694184
205052,L2/3 IT,-0.3194509,0.02269876
224266,Astro,-0.42830515,0.103809595
43134,Astro,-0.36839384,0.25314444
279108,L4/5 IT,0.01708585,-0.15857145
66556,Pvalb,-0.10700047,-0.011115015
239571,Astro,0.032682657,0.18820393
42802,L4/5 IT,-0.19403327,-0.007674247
66928,L4/5 IT,-0.040861785,0.37460458
236453,L4/5 IT,-0.14701885,0.2445488
42499,L6 IT,0.20922142,0.0146381855
123298,Astro,-0.079313904,-0.31733358
123263,Astro,-0.069631875,-0.3278798
246067,SMC,0.039123893,-0.4020614
42456,Endo,0.3302948,-0.090638965
239581,Astro,0.021006405,0.34181726
163988,L6 CT,0.16563404,0.12547982
67111,L4/5 IT,-0.18003747,-0.014254391
204929,L5 IT,0.055740297,-0.0401015
42373,L6 CT,0.32290912,0.2080552
123375,L6 CT,0.31326336,0.0062096715
191239,L2/3 IT,-0.2425263,0.4193933
172639,L2/3 IT,-0.24278891,0.35148406
42332,L5 IT,0.09183985,0.3146941
123177,L2/3 IT,-0.30886263,0.019925356
42318,L4/5 IT,0.21253264,-0.16789415
123167,L2/3 IT,-0.28788543,-0.1078192
198012,SMC,-0.47278342,0.22526228
191227,Astro,-0.020629317,-0.25056148
159866,L4/5 IT,0.12230188,-0.22250992
91758,L2/3 IT,-0.31198066,0.32113856
123131,Sst,-0.055167854,-0.20166704
67177,Astro,0.15530282,0.28408337
42372,L5 ET,0.398817,-0.06388232
41070,L2/3 IT,-0.26025322,0.13308936
7718,L5 IT,-0.042755365,0.061933815
143103,Endo,0.278152,-0.31021336
101912,L5 IT,0.12166351,0.31479007
81054,L2/3 IT,-0.16762847,0.45182276
7549,Peri,-0.1800802,0.14981711
142890,Micro,-0.3887319,0.2996006
268776,L2/3 IT,-0.28483018,0.13754815
272840,L4/5 IT,-0.13094208,0.074240446
216455,L6 CT,0.16412693,0.1922428
172761,L4/5 IT,-0.047213525,-0.11130947
277233,L4/5 IT,-0.017704457,-0.04975483
191341,L4/5 IT,-0.17065415,-0.05161366
208278,L5 IT,0.28700697,-0.1622079
112075,VLMC,-0.46596444,0.2829451
66985,Astro,0.25841504,-0.21079531
247087,Astro,0.36883062,-0.037252933
216446,L6 CT,0.3703245,0.13795167
66999,L2/3 IT,-0.34650886,0.14220852
7628,L4/5 IT,-0.18385586,0.08687103
204965,Endo,0.097572446,-0.050973415
22712,Endo,0.056239307,0.16448951
7665,L6 IT,0.070433795,0.31204826
255683,L6 CT,0.13674247,0.21602267
143035,Peri,-0.06168607,0.41255862
42566,Pvalb,-0.11574006,0.35215878
42565,L2/3 IT,-0.31767827,-0.051336527
204985,Endo,0.4265725,-0.005771041
101681,L6 IT,0.24473763,0.17951101
102541,Endo,0.27704406,0.10483426
262584,L5 IT,0.04796636,0.2735244
112383,VLMC,-0.3556834,-0.17151108
8960,L4/5 IT,0.26572657,-0.25153026
84429,L4/5 IT,-0.20194998,0.22895998
39515,L4/5 IT,-0.112790406,0.32740414
145837,Vip,0.2820863,0.050715983
171337,Astro,0.1315558,-0.3212589
39491,L4/5 IT,-0.16587529,0.22570062
208592,L4/5 IT,0.28585535,-0.24791884
171310,Endo,-0.20610112,0.055766523
225618,Pvalb,-0.015939593,0.1876046
261529,L2/3 IT,-0.2920091,0.103839755
278750,L5/6 NP,0.07418531,-0.0078002512
145895,L4/5 IT,0.3255635,-0.22930264
190393,L6 IT,-0.046973825,0.07649034
69273,Lamp5,0.1372183,-0.38140732
259286,Endo,-0.18378678,-0.19823179
121609,L2/3 IT,0.21600908,-0.35309362
39402,L4/5 IT,0.21244848,-0.23724177
17912,Astro,0.27012908,0.0005093217
39391,VLMC,-0.40036857,-0.10128525
121600,Pvalb,0.1907419,0.13384998
80463,Sst,-0.17615548,0.44974178
69336,Sst,0.20324373,-0.0050985813
80476,SMC,-0.4513566,0.2116149
39611,L2/3 IT,-0.3202849,0.17041749
171452,L2/3 IT,-0.18768418,0.41708726
171453,L2/3 IT,0.014766753,-0.2990377
68963,Micro,-0.2965869,0.008147657
225480,Endo,-0.15744513,0.31025523
215786,L2/3 IT,-0.25264156,0.33436823
145435,VLMC,-0.4630377,0.22485542
145460,L5 IT,0.09722239,-0.06565231
39838,OPC,-0.20043874,0.25464702
39820,Endo,0.014306188,-0.40920404
69025,L6 CT,0.33798355,0.07071012
39807,Lamp5,-0.32516837,0.32933176
23347,Pvalb,0.011483133,-0.21835515
39778,L2/3 IT,-0.09584463,-0.24235886
244903,Micro,-0.22321615,-0.0861654
39776,Astro,-0.42385417,0.14580166
8872,L2/3 IT,-0.26269853,0.07994133
23356,L6 CT,0.32916892,0.21978712
90944,Astro,0.05831194,0.27421987
255268,Pvalb,0.24534023,0.13039166
231176,Endo,0.2679807,-0.12198424
276254,L2/3 IT,-0.15525368,0.44562173
145681,Pvalb,0.2495768,-1.8000603e-05
145683,SMC,0.3010614,-0.18212694
185791,Endo,0.2700855,-0.31594005
171523,L6 CT,0.1528182,0.019092739
80488,L4/5 IT,0.11943495,-0.14108121
171650,L2/3 IT,-0.2356871,-0.14552668
121985,Astro,-0.38400912,0.0074620843
211971,Pvalb,-0.13356045,0.46207142
145934,L5/6 NP,0.06573081,0.3748234
38948,Pvalb,0.18738854,-0.020287454
146140,L5 IT,0.26739663,-0.15040907
255143,Peri,0.3178382,-0.18227986
17846,Astro,0.22064996,-0.09396535
264618,Endo,-0.097644806,-0.2611862
146197,L2/3 IT,-0.052497357,-0.27919775
235850,L2/3 IT,-0.22397229,0.43582827
9273,L5 IT,-0.018074363,0.09241617
208676,L4/5 IT,-0.16611764,0.32335353
265721,L4/5 IT,0.18532598,-0.2272366
164244,L2/3 IT,-0.30755317,0.23209769
108913,L4/5 IT,-0.2169857,0.08999109
190244,L4/5 IT,0.17962474,-0.3195867
69690,Astro,0.37015533,-0.05832967
103209,L5 IT,-0.046402335,0.3362412
190217,L4/5 IT,0.26119864,-0.22866926
38834,L5 IT,-0.0014427304,0.09894431
69706,L2/3 IT,0.05054629,-0.322317
225808,Micro,-0.078633845,0.39507133
171025,L5 IT,0.2616815,-0.17731825
69718,L2/3 IT,-0.04824999,-0.19305786
250764,L5 IT,0.27197927,-0.13748509
90410,L6 IT Car3,0.22474974,0.23389554
146101,PVM,0.104133785,0.026358306
225745,VLMC,-0.08548349,-0.37976718
235857,Pvalb,0.15706265,-0.20142236
247296,L2/3 IT,-0.32201326,0.027258813
159449,Astro,0.1862638,-0.13362944
17888,L5/6 NP,0.0819993,0.3758794
103050,L2/3 IT,-0.34007156,-0.04062134
23460,L2/3 IT,-0.07362896,-0.23829511
39259,L4/5 IT,-0.13475946,0.30876946
145939,L5 ET,0.32402194,0.016114712
262517,L2/3 IT,-0.31266117,0.061617434
181880,L5 ET,-0.1154913,0.11063975
208649,OPC,0.07236135,0.38714415
69516,L2/3 IT,-0.15572983,0.4047889
69520,Endo,0.078421354,0.2855357
248875,L2/3 IT,0.020905375,-0.2886776
17866,OPC,-0.24729675,-0.2594965
264582,L4/5 IT,0.06372464,-0.08892882
146011,L2/3 IT,-0.27169746,0.16138613
90605,L5 IT,-0.12991002,0.111691475
250739,Endo,0.16988128,-0.07891187
239720,L2/3 IT,-0.31979,0.0008572936
39121,L2/3 IT,-0.28968722,0.307595
80459,Astro,-0.10247147,-0.24997863
9218,L2/3 IT,-0.30629098,0.25369757
164216,VLMC,-0.15658918,-0.32766533
146083,L5 IT,-0.020519286,0.26685053
171053,L4/5 IT,0.13470721,-0.15630174
159415,L2/3 IT,-0.3095868,0.13803571
102878,L6 IT,0.34013033,-0.03604895
102825,Lamp5,0.12788576,-0.43464392
190539,OPC,0.43218553,0.16029096
225195,L4/5 IT,-0.105947345,0.35958076
122358,L5 IT,0.21101618,0.1478644
40758,PVM,0.20437354,0.040213823
144651,L5/6 NP,-0.0183613,0.27012515
208478,L5 IT,-0.007812232,-0.1017586
264497,Peri,-0.057208776,-0.25045887
215982,L2/3 IT,-0.25089806,0.09816855
250566,L6 IT,0.21488076,0.018525124
277275,L2/3 IT,-0.34911075,0.26077163
40689,L2/3 IT,-0.35822695,0.31044823
225230,Oligo,0.13207304,0.05538839
255440,L5 ET,-0.0115606785,0.11117309
91280,OPC,0.36966974,0.06651139
184298,L4/5 IT,-0.2504259,0.19001985
171906,Oligo,0.39258474,-0.01260528
68411,L2/3 IT,0.1167739,-0.39067444
261524,Sst,-0.085436344,0.19632196
40675,L5 IT,0.16532421,0.0013222694
91279,Endo,-0.35497272,0.24382514
80716,Vip,0.18863893,-0.163488
144809,OPC,0.12904644,0.01692015
208484,L2/3 IT,0.23117387,-0.34316134
273217,L2/3 IT,-0.27663386,-0.01073128
171994,L4/5 IT,-0.1758447,0.22949833
252773,L4/5 IT,-0.22348121,0.14831287
23142,L2/3 IT,0.22718292,-0.37424678
68294,L4/5 IT,0.18568093,-0.16289935
181561,L4/5 IT,-3.2633543e-05,-0.14153695
41057,Peri,-0.21908471,-0.0047944784
259129,L2/3 IT,-0.2739886,0.09925997
68089,OPC,0.38130695,-0.12384397
91357,Micro,0.13083023,0.24721456
8246,Astro,0.22385752,-0.17220724
144453,Endo,-0.25328466,0.47463852
18127,L6 IT,-0.0006380379,0.20217007
23112,L2/3 IT,-0.35972476,0.17846036
201626,L2/3 IT,0.17551535,-0.19809508
190826,L4/5 IT,-0.041208982,-0.15134415
144827,Astro,0.3077752,0.020013034
190825,L2/3 IT,-0.220175,-0.097156465
40942,VLMC,-0.4956439,0.06188059
68115,L2/3 IT,-0.17368981,-0.15905604
144501,L2/3 IT,-0.18755779,-0.113405794
259160,L4/5 IT,0.20643145,-0.28358626
164097,L2/3 IT,-0.3412485,0.013379097
80786,L5 IT,-0.10800561,0.17645198
68174,L2/3 IT,-0.24073005,-0.032108665
122386,Endo,0.27196413,0.19235069
68204,SMC,0.13758141,-0.02961728
164109,PVM,-0.011374444,-0.113957584
91333,L4/5 IT,0.18335032,-0.17837939
40950,VLMC,-0.06306079,-0.3980444
171866,L2/3 IT,-0.2674842,0.34812176
122244,VLMC,-0.49030644,0.17332065
268513,Endo,-0.0038106143,0.34325844
198413,L2/3 IT,-0.11343944,-0.13323015
198415,L2/3 IT,-0.14864367,-0.09255552
145192,OPC,-0.1691503,0.36446846
262554,L4/5 IT,-0.08474228,0.3350938
122065,L6 IT,0.25963223,0.12423825
171709,Pvalb,0.035401702,0.33796036
40092,L4/5 IT,-0.011384159,-0.17418095
112310,L5 IT,0.10503125,0.3075233
208552,L2/3 IT,-0.1966781,-0.074376166
225427,Oligo,0.044136703,0.22909641
273333,Micro,-0.34639427,-0.013569385
268494,L4/5 IT,-0.06954685,0.38243043
268469,Astro,0.142263,0.19834125
122007,Pvalb,-0.10228717,-0.1635614
145286,L2/3 IT,-0.11298224,-0.11490592
80571,L2/3 IT,-0.22103378,-0.0606865
225446,L4/5 IT,-0.13949573,0.28547847
145315,L5 IT,-0.044939876,0.016486228
145316,L6 IT,-0.06959921,0.16101164
23324,L4/5 IT,-0.12080309,0.36189872
8770,L5/6 NP,-0.09485382,0.14542323
145345,Peri,0.25431466,0.031446695
171686,Astro,0.31211257,0.0015622973
39903,Astro,0.082635164,0.012994528
202706,L5/6 NP,0.3269233,0.089503884
225097,Astro,0.06302267,0.28858322
40186,L2/3 IT,-0.26589936,-0.032060802
276280,Pvalb,0.20200157,-0.095467776
40493,Astro,-0.023527175,-0.34375507
181650,L4/5 IT,0.31282163,-0.21345928
144993,L2/3 IT,-0.3291757,-0.0064733922
40480,L5 ET,-0.03580585,0.03468156
236125,L2/3 IT,-0.34384146,0.16055393
102654,L2/3 IT,-0.1194534,-0.16279304
248913,Astro,0.17588067,0.06139964
225336,SMC,0.18493009,0.114524186
204789,L5 IT,-0.0963352,0.18176013
68595,SMC,0.113927424,0.015648782
122122,Endo,-0.088177234,0.27678388
171742,Endo,0.029087424,-0.4004249
68601,PVM,-0.110522985,0.06664008
204784,L4/5 IT,-0.035116464,-0.13328177
236115,L2/3 IT,-0.34472823,0.02318269
145078,L5 IT,-0.050178587,0.22064936
201591,L6 CT,0.21617597,0.13193649
236112,L6 IT,0.2448256,0.23129302
233022,Astro,-0.020579726,0.36133093
264519,L2/3 IT,-0.26615414,0.35790718
211905,L4/5 IT,-0.1974262,0.16384321
215862,L2/3 IT,-0.27933353,0.04365194
273289,Endo,0.08371037,-0.35729843
201588,L4/5 IT,0.38393074,-0.11658338
215881,Astro,0.056176543,-0.33047503
272725,L2/3 IT,-0.2993377,-0.033756375
43015,PVM,-0.12836531,-0.046667337
68034,L2/3 IT,0.18812323,-0.31325233
223594,Astro,0.00030899048,-0.3772667
101073,VLMC,-0.46407732,0.24273461
239494,L5/6 NP,0.22457069,-0.09836957
191920,L5 IT,-0.01477164,0.012949586
236936,Astro,-0.24350476,-0.23980477
45236,Vip,-0.0898751,-0.084602386
272465,L2/3 IT,0.0039464235,-0.33331567
217344,L6 IT,0.23600692,-0.04674688
140999,L4/5 IT,-0.060804754,0.32905483
81403,L4/5 IT,0.33897907,-0.13113365
45176,Astro,-0.02617848,-0.095229
65440,SMC,-0.22279659,0.42337644
191907,L6 CT,0.29796726,0.06565863
18641,L5 ET,0.2862736,0.06047696
231571,Endo,0.37071657,-0.060878158
45093,L4/5 IT,-0.027848989,-0.15679452
250315,L2/3 IT,-0.14742258,-0.105914205
101143,Astro,-0.35993022,-0.011573285
241806,L5 IT,0.22863084,-0.16993931
279415,L6 IT,0.18033904,-0.02626118
111457,SMC,0.23960006,-0.24548128
100572,L4/5 IT,0.15655905,-0.28257972
45272,L6 IT,0.2625401,0.24976802
125968,Endo,0.40308702,0.1534909
65349,L2/3 IT,-0.36442775,0.108744144
249021,L6 CT,0.37979817,0.07972139
22209,L2/3 IT,-0.3036551,-0.08792433
276461,L4/5 IT,-0.15243936,-0.05450976
100593,L2/3 IT,-0.28286004,0.3861032
65380,Oligo,-0.026024431,0.42426246
125157,Micro,-0.14823914,-0.21864074
5462,L4/5 IT,0.14050823,-0.26217166
64329,Micro,-0.19547,0.0258075
250305,L4/5 IT,-0.06807947,-0.094429255
140954,L2/3 IT,-0.013716251,-0.31279385
46631,Endo,-0.1497418,0.39672315
223573,Endo,-0.33558342,0.12515658
243919,Peri,0.14630938,0.19391668
7177,L6 CT,0.11219442,0.0874477
46633,Endo,0.28129745,0.00077325106
45286,L2/3 IT,-0.35010892,0.13529372
65406,Micro,0.06368244,-0.40571192
6184,Astro,-0.4479066,0.22665006
279287,Pvalb,0.22102886,-0.16699171
140873,L4/5 IT,-0.22235483,0.11763501
256030,Sst,0.23314273,-0.06581223
101169,PVM,0.16227567,-0.35143325
44787,L2/3 IT,-0.16826501,0.46215153
44765,Endo,0.11587334,0.012820423
93012,L2/3 IT,0.06548554,-0.32819977
141330,L5 IT,0.25624436,-0.18052998
81298,Endo,-0.38061747,0.4050212
174320,L2/3 IT,-0.2417408,0.44354653
223718,VLMC,-0.24149874,-0.27723294
111579,L4/5 IT,0.26926577,-0.24980524
174077,VLMC,-0.34404153,-0.13762379
269356,L5 ET,-0.08325991,0.059618056
44651,L4/5 IT,-0.07074416,-0.13509539
184423,Astro,0.06571257,-0.36418533
124884,L2/3 IT,-0.26620156,0.40210873
217373,SMC,0.3791511,-0.046464264
261129,L4/5 IT,-0.05660042,-0.1444796
111594,VLMC,0.16269785,-0.47091812
93009,L6 IT,0.093770504,0.21935844
269035,Peri,0.28020793,0.057971776
174399,L5 IT,-0.111867994,0.02352649
93040,L4/5 IT,0.10700554,-0.234572
141274,Astro,0.40239775,-0.0039177537
244382,L4/5 IT,0.09490591,-0.26629376
124955,L5 IT,-0.053519666,0.33089072
141210,L6b,0.32804275,0.22764504
223155,Astro,-0.12245169,0.38311762
272509,Endo,0.23303956,0.087058604
256019,L2/3 IT,-0.234918,0.31332958
276458,VLMC,-0.45583415,-0.00711146
139895,L2/3 IT,-0.27558962,-0.17382419
22037,Sst,0.11417872,-0.27583963
44942,Oligo,0.035438478,0.12952286
223136,L6 CT,0.21613586,0.13641578
232864,Pvalb,0.21504873,-0.097005874
125036,Astro,0.026464462,-0.2875623
139871,PVM,-0.16324705,0.19786084
236902,L4/5 IT,-0.22225341,-0.0033439994
223128,L2/3 IT,-0.2372038,-0.029987723
111503,Astro,-0.040870667,0.38445514
174312,Endo,-0.14961547,-0.29576772
197487,L5 IT,-0.045998365,0.2965632
6280,Micro,0.27499217,0.08432096
269068,L2/3 IT,-0.18555906,-0.08428919
6299,Astro,-0.3531145,0.049723387
223668,L4/5 IT,-0.21127385,0.09127605
246990,L4/5 IT,0.28387684,-0.21361238
207818,Endo,-0.1466479,0.05930376
191940,Astro,0.38547194,-0.0142382085
65026,Astro,0.37050587,0.03497219
205328,VLMC,-0.21793723,-0.29965752
205324,Endo,0.16404283,0.026500702
250268,L2/3 IT,-0.23236868,-0.13500896
197327,L2/3 IT,-0.3189091,0.3271907
246186,Lamp5,0.030424058,-0.3989917
140476,Endo,-0.28226358,0.10017115
65083,L2/3 IT,-0.22485748,0.41512454
64649,Endo,0.18271261,0.07322407
81444,L6 IT,0.17287749,0.0552575
64627,L2/3 IT,0.1559127,-0.37744108
45933,Peri,-0.12083456,0.19129121
93571,OPC,0.26898324,-0.10905093
269227,L4/5 IT,-0.1287351,-0.020167768
140498,Endo,0.14348888,-0.41351804
173925,L2/3 IT,-0.23126721,0.3554452
140118,L2/3 IT,-0.2732268,0.3275392
173886,VLMC,-0.45496294,0.054205358
140501,L2/3 IT,0.11753744,-0.32792917
140167,L2/3 IT,-0.27856234,0.22496963
248187,Sst,0.010651767,0.32485372
125655,SMC,-0.15719602,-0.026400775
237129,Peri,0.280599,-0.19061708
174073,VLMC,-0.35835424,-0.19367638
100752,L2/3 IT,-0.09584695,0.4612164
160462,L2/3 IT,-0.29758233,0.058591783
140353,OPC,0.09997791,-0.41941285
46241,L2/3 IT,-0.20179057,-0.15001339
192157,L5/6 NP,0.27485657,-0.037081927
46225,L5 IT,0.08774626,-0.08422449
81480,L4/5 IT,-0.19630954,0.32496077
256116,L2/3 IT,-0.24795917,0.33515894
5827,L4/5 IT,0.19440609,-0.24979141
174037,L6 CT,0.38755536,0.08371866
272294,Peri,-0.22518134,0.08525044
140369,L5 ET,-0.110419124,0.087108076
64935,Lamp5,-0.1770621,-0.264274
140387,Endo,-0.47184867,0.23485506
173990,L2/3 IT,-0.25895435,0.18128306
180909,Micro,-0.076794714,0.17501938
100686,L2/3 IT,-0.01214838,-0.2285923
180910,OPC,-0.37530962,-0.027729541
64658,Pvalb,0.17245859,-0.2870129
100754,Astro,-0.35454452,-0.11583206
5845,L5 IT,0.05364132,0.17875302
180936,L5 ET,0.073957145,0.24031729
180819,L5 IT,-0.14798257,0.14405167
93242,Astro,0.029245079,0.17862934
93239,L2/3 IT,-0.27451062,-0.118674904
140053,Endo,0.2966261,-0.06696272
100929,L5 IT,-0.016898006,-0.039266646
81598,L2/3 IT,-0.27404815,0.15864033
269317,L4/5 IT,0.05106151,-0.20391634
22143,PVM,-0.44023165,0.3135379
173775,Endo,-0.1730392,0.085345745
192277,VLMC,-0.33869505,0.4596703
174189,Astro,0.27664328,-0.31341058
5491,Astro,0.17451435,0.20457965
100956,L4/5 IT,-0.18008238,0.35870546
239482,Endo,0.11008227,0.27125174
139957,Micro,0.12872505,-0.09682518
258631,OPC,0.15652919,0.33993173
173742,SMC,-0.4533977,0.10202342
22163,Astro,-0.19392556,0.048115194
223195,L2/3 IT,-0.3466519,0.23136085
65347,VLMC,-0.27466816,0.4898494
240464,L4/5 IT,-0.011615068,-0.10971221
256074,L4/5 IT,-0.027742475,-0.16807267
197540,L5 ET,0.10677725,0.23742366
111361,Astro,0.013271272,-0.31204206
140714,Endo,-0.4099693,0.088032424
93388,Endo,-0.08516398,0.3080573
81435,L2/3 IT,-0.22035891,-0.17179325
272243,L5 IT,-0.054802835,0.39078248
173846,Astro,0.20980036,-0.4167841
93368,L2/3 IT,-0.24952734,-0.0057412684
100860,L4/5 IT,-0.11017126,0.3791687
64541,L6 CT,0.3942845,0.097555876
5901,Astro,-0.44391823,0.17067623
160522,Micro,0.35548198,-0.053189874
180811,L2/3 IT,-0.2999748,0.32366788
125846,Sst,0.040077925,0.23719561
173830,SMC,0.040427685,-0.13062608
205306,L2/3 IT,-0.3068828,-0.027382582
22137,L5 IT,-0.12899587,0.13816082
93283,VLMC,-0.06597522,-0.39552474
217082,Micro,0.16001719,0.3161233
45654,L4/5 IT,0.28398365,-0.22515297
45621,Pvalb,0.4007331,0.05705297
45603,Vip,0.19868886,-0.28010696
5930,VLMC,-0.19980201,-0.30183738
140616,L5 IT,0.30304134,-0.11900744
173483,L5 IT,-0.032028794,0.01506108
174373,Micro,0.2710896,0.2164123
101210,PVM,-0.16880813,-0.3341136
101412,Astro,-0.21272212,-0.26414603
142134,L2/3 IT,-0.074064374,-0.19024616
92685,L2/3 IT,-0.31518358,0.093981266
6933,L4/5 IT,0.28657854,-0.20461023
197124,L2/3 IT,0.2875046,-0.27706903
22409,SMC,0.38154542,0.027211726
47177,VLMC,0.07577801,-0.45446193
262766,L5 IT,-0.012672454,0.24517971
124086,L4/5 IT,-0.22360614,0.12916565
22424,Astro,-0.16246739,-0.30328202
232823,L6 IT,0.013117373,0.025338769
191593,VLMC,-0.25037408,-0.28092396
269390,L2/3 IT,-0.07193056,-0.18560919
22433,VLMC,-0.39583313,-0.14482245
43749,PVM,-0.067938626,0.010665476
258845,Vip,-0.38273025,0.16229212
241708,L4/5 IT,-0.059681475,0.35996038
224053,Peri,-0.36180282,0.18791366
81172,L5 ET,0.22400075,0.0587036
47151,Micro,0.11705434,0.1309452
142182,VLMC,-0.034826815,-0.40855324
250156,Astro,0.4130152,0.051888525
124142,Pvalb,0.20781869,0.018992245
258780,L6 IT,0.012673318,0.21236038
191643,Sst,0.14904737,0.089921
22368,L2/3 IT,-0.30676007,0.039919913
223014,Endo,-0.23232451,0.4718902
43992,VLMC,-0.4042446,-0.1074664
250357,L2/3 IT,-0.25933397,0.034313858
124339,L2/3 IT,-0.25667977,-0.106262505
208095,L4/5 IT,0.069898665,-0.18486857
191782,Astro,0.21475697,-0.28264427
163888,VLMC,0.021740437,-0.43422705
142017,L4/5 IT,0.33727473,-0.17120203
237261,SMC,0.21773618,0.045324743
174501,L6 IT,0.25230956,0.0088246465
223005,L2/3 IT,-0.00710544,-0.25229168
92783,L6 IT,-0.02572453,0.22306973
255868,L6 CT,0.25989395,0.25877506
279166,L2/3 IT,-0.11846927,0.37604302
256258,Endo,-0.22834903,0.4178838
142116,Endo,-0.19873321,0.09949762
6899,Peri,0.43855458,0.02237761
141937,VLMC,0.0004761219,-0.4186589
66322,L2/3 IT,-0.29769146,0.2364623
237278,L6 IT,0.081012905,0.23235232
192465,L5 IT,0.3188479,0.054335058
241701,Endo,-0.17514339,0.31355637
142328,L2/3 IT,-0.1851188,-0.16522148
232914,Sst,0.3804543,0.15997267
211771,L2/3 IT,-0.314506,0.22898191
18795,Endo,0.13907135,0.30036163
22527,VLMC,-0.17020306,-0.33161145
142360,L2/3 IT,-0.28370738,0.3207096
250143,Pvalb,0.08295059,-0.10125479
163951,L4/5 IT,-0.0004862845,-0.19917065
264337,L2/3 IT,-0.34701952,0.095982194
142362,Lamp5,-0.3138163,0.16491807
142410,Sst,0.47179055,0.13255948
123885,Oligo,0.09513456,0.22248483
43514,PVM,0.121216774,-0.41984802
272718,L2/3 IT,-0.14910239,0.43931615
21873,Endo,-0.14845678,0.31768984
272719,L2/3 IT,-0.3188095,0.01015377
268890,Astro,0.36120063,-0.124053836
47282,Astro,0.09595555,-0.27374035
92500,VLMC,-0.23303205,-0.30268317
163703,L2/3 IT,-0.30018723,0.24933523
231476,L5 IT,0.022874177,0.13561702
142201,L2/3 IT,-0.09469628,-0.14484483
22457,Micro,0.437213,0.08635658
123954,Endo,0.30385536,0.12171233
272685,Astro,0.26737309,0.21147048
211587,L2/3 IT,-0.26630747,-0.037393987
93811,L5 ET,0.015758395,0.0110446215
142276,L6 CT,0.18172675,0.19802666
142307,Endo,0.43261242,0.15115404
7069,Astro,-0.18031189,0.43175387
160710,L2/3 IT,-0.35819098,0.18628204
43636,L2/3 IT,-0.19537538,0.3838104
197783,L2/3 IT,-0.1875709,-0.16213092
47233,L2/3 IT,0.26167643,-0.3262701
111280,L2/3 IT,-0.21500245,-0.18091941
126222,L2/3 IT,-0.105526924,-0.26850414
92368,Pvalb,-0.12499443,0.23753601
264082,L5/6 NP,0.2068367,-0.093762785
174550,L2/3 IT,-0.24739715,0.061758757
7088,Endo,-0.19112054,0.25275993
236657,L4/5 IT,-0.26114398,0.19024241
256244,PVM,-0.34533527,0.013982773
43956,L5 IT,0.071555614,-0.038388222
216816,L4/5 IT,-0.08948839,0.3448376
6571,L2/3 IT,-0.33607155,0.15986186
160156,VLMC,-0.49125326,0.12239438
141517,L2/3 IT,0.17408735,-0.3771092
5328,Endo,-0.3991241,0.17844772
264251,L2/3 IT,-0.25790355,0.053457916
276498,L2/3 IT,0.25951415,-0.32120162
160154,Micro,0.24000835,-0.046194285
236808,L4/5 IT,-0.23042262,0.12556154
124614,L2/3 IT,-0.014007866,-0.32895425
139750,Endo,0.42924613,0.24158865
6653,L2/3 IT,-0.3723464,0.22414988
240458,SMC,-0.4179682,-0.08318266
101309,L4/5 IT,-0.20987606,0.037210405
5254,Peri,-0.33110356,-0.113089025
22012,Micro,-0.10784742,0.10303497
244784,Pvalb,0.12089509,0.0802834
141526,Astro,0.2193132,-0.050349027
197626,Astro,0.3647862,-0.089627534
47073,L6 IT,0.080725014,0.3240497
139777,L5 ET,0.2613377,-0.06732988
216834,L2/3 IT,-0.32271564,0.18027782
44430,L2/3 IT,-0.23414132,-0.16351318
279229,PVM,0.045291245,-0.379721
101241,Oligo,0.32855034,0.14565653
272567,L2/3 IT,0.15395212,-0.37442178
44532,L2/3 IT,-0.29715523,0.12694502
192365,L4/5 IT,0.027194083,-0.16438839
6440,VLMC,-0.21289894,-0.305185
255984,PVM,-0.43864608,0.033510625
44508,L5 IT,0.34386325,-0.13424298
211600,OPC,-0.27610695,-0.19466856
173481,L6 IT,0.2805655,0.14569199
44493,Endo,-0.39145827,-0.048946112
81283,L6 CT,0.2601686,0.26933497
264248,OPC,0.07045901,-0.33245414
231646,L6 CT,0.07926971,0.16365832
124684,Astro,-0.41878152,0.34128565
173473,Astro,-0.0665625,-0.15868503
44447,L2/3 IT,-0.26890567,0.19363159
109272,L6 CT,0.1754188,0.26337218
192366,L2/3 IT,-0.21643034,0.40397942
272589,L4/5 IT,0.25504303,-0.19189411
84046,Pvalb,0.24927622,-0.13390505
237110,PVM,0.14184088,-0.3615688
268996,L6 CT,0.33987695,0.015951037
66056,L6 IT Car3,0.25668752,0.14714974
141731,Oligo,0.112433136,0.05086726
44121,L4/5 IT,-0.1503545,0.33601367
191681,L6 IT,0.013228595,0.14958239
223893,L2/3 IT,-0.343715,0.13193631
124374,L2/3 IT,-0.2836992,0.169896
47059,Pvalb,-0.049937397,-0.15401062
185597,L2/3 IT,-0.30716577,0.27280152
240477,Astro,0.14948034,-0.29214352
46970,Astro,0.28103763,-0.012120217
141802,Micro,-0.043180317,-0.42105094
201784,Endo,0.088927865,0.32779646
66013,L5 IT,0.06886941,0.049342632
256242,Peri,-0.22015303,0.38222772
44091,L2/3 IT,-0.113378406,-0.24335474
46975,SMC,0.041038334,-0.36396423
101330,Endo,0.3504722,0.15388507
173411,Micro,-0.22844449,-0.22539899
124589,PVM,-0.23879537,0.46825612
192413,Astro,0.3258024,0.021808267
252720,L5 IT,0.14756817,-0.08523688
197638,Endo,-0.21963179,0.19509321
160623,Lamp5,-0.3803776,0.3504873
109249,L2/3 IT,-0.38762987,0.101837635
279181,L4/5 IT,-0.11011255,0.2511574
