,cell_class,coord_X,coord_Y
138158,L2/3 IT,-0.19002649,0.3385492
256526,L4/5 IT,-0.08529437,0.036413416
6663,L2/3 IT,-0.07099963,0.3499567
138336,L5/6 NP,0.22888777,0.31946224
132250,L5/6 NP,0.21418592,-0.12668528
554,Oligo,0.18105379,0.08800046
155201,L2/3 IT,-0.36266527,-0.11204736
56478,Sst,0.09816118,-0.36153305
28432,L2/3 IT,-0.19778433,-0.21736096
222268,L4/5 IT,-0.07748551,-0.090303466
25487,L5 IT,0.063630424,0.2671029
49389,Lamp5,-0.47827274,-0.042646125
236739,L5 IT,0.23360708,-0.21220948
22579,Astro,-0.41860095,0.22208773
49334,Vip,-0.12797004,0.3653534
193112,Oligo,0.35665587,0.071428165
48878,Pvalb,0.16240355,0.33509892
6253,Endo,-0.005409695,-0.16283943
604,L2/3 IT,-0.29304206,-0.06917147
194998,Endo,-0.067843534,-0.12623404
6811,Sst,0.3378097,-0.09639315
157733,L4/5 IT,0.26658943,-0.28726292
275949,Lamp5,-0.21847877,0.31942564
275942,L4/5 IT,-0.12936503,0.18971203
222403,Astro,-0.28903303,-0.19267397
157667,L2/3 IT,0.03493925,-0.35298812
220070,Vip,0.20664921,-0.4403211
25464,L4/5 IT,-0.15292013,-0.12654541
159981,OPC,-0.011187889,0.3707025
49481,L5 IT,0.30743268,-0.21986301
24597,L2/3 IT,-0.36186394,0.1174833
138347,Endo,0.35764828,-0.021028534
229356,L2/3 IT,-0.39918628,0.025203511
192933,OPC,0.28503624,-0.026936844
28296,Oligo,0.08295276,0.1568545
24625,Peri,-0.010020532,-0.24308594
137774,SMC,-0.16927299,-0.35682106
137860,Astro,-0.28295556,-0.1027085
193086,VLMC,-0.5466864,0.047579512
132128,PVM,0.053918444,-0.41593474
160069,L2/3 IT,0.259393,-0.40148777
249407,L4/5 IT,-0.12434099,0.004927203
173492,Sst,0.2606211,-0.15990044
6373,Vip,-0.057898737,-0.087389395
6393,L4/5 IT,-0.05487565,-0.1103486
222365,Vip,-0.28652874,0.27672803
270619,L5 IT,0.33726284,-0.21813564
56382,Pvalb,0.2955844,-0.26686436
276405,L5 IT,0.088355206,0.26703656
49030,L2/3 IT,-0.0030610338,-0.2966311
6709,L5 IT,-0.0018561855,0.06571959
276421,VLMC,0.10327884,-0.4820088
192996,L4/5 IT,-0.23134688,0.082037374
250351,L4/5 IT,-0.16676548,0.19034265
249017,L4/5 IT,0.1434693,0.330607
22440,L6 CT,0.3196738,0.037078306
28235,L2/3 IT,-0.32826367,-0.03761621
178804,L6 CT,0.24067083,0.006653771
185605,L2/3 IT,-0.07876975,0.39152545
28338,Endo,-0.5172792,0.05246602
138211,L4/5 IT,-0.11160234,-0.1300761
56400,L6 CT,0.17257628,0.23389189
236905,VLMC,-0.101202674,-0.38891643
173548,L5 ET,0.2072626,-0.20567907
6273,Micro,0.014086686,0.24593948
192982,L4/5 IT,-0.09800429,0.22274207
28178,Vip,0.4164838,0.043098852
6461,L6 CT,0.36726025,0.19476162
137785,L5/6 NP,0.2677578,0.3148359
247882,Oligo,-0.06362174,0.04253082
240480,L2/3 IT,-0.13067803,0.37735695
6741,L5 IT,0.18056205,0.046843573
137880,L4/5 IT,-0.0846645,0.09629111
173528,VLMC,-0.54878664,0.012022838
56388,Pvalb,-0.10516975,0.3685153
155273,L2/3 IT,-0.07182545,0.400378
242343,L2/3 IT,-0.34831467,-0.12366839
132262,Endo,-0.5553725,-0.03549941
27817,L4/5 IT,0.08203723,0.27558702
187061,Sst,0.39111105,0.2381352
22855,L2/3 IT,-0.27775556,-0.12495567
271692,L4/5 IT,-0.05577735,0.22172777
221965,L2/3 IT,-0.30688062,0.23916738
136970,SMC,0.32252452,-0.21932016
5661,L6 IT,0.23881254,-0.09483354
194865,Astro,-0.18661115,0.28826505
174028,L5 IT,0.017182373,-0.114048466
25517,Peri,-0.009436168,0.041996107
173975,Endo,0.0031287894,0.047215864
902,L4/5 IT,-0.07684917,-0.16521405
173962,Endo,-0.4841002,0.12965111
159861,Sst,0.04811021,-0.04673089
27957,VLMC,0.24733296,-0.5391136
137124,L4/5 IT,-0.14048818,0.14469002
193285,L6 CT,0.24520513,0.042391166
137153,L2/3 IT,0.07217183,-0.3686188
238770,L5 IT,0.37523696,0.22064243
869,L5 IT,0.030620597,0.001437828
229495,Sst,-0.2859373,-0.05381681
179295,L5 IT,0.15643844,0.2893318
5737,Endo,-0.06308327,0.38512224
174114,Vip,0.16211042,-0.36293465
242450,L2/3 IT,-0.17290431,0.3219381
136935,L6 CT,0.25919315,-0.027508512
136906,L2/3 IT,-0.07053379,-0.30750668
257338,OPC,0.1117573,-0.10171516
24473,PVM,0.27434734,-0.29739165
279449,L2/3 IT,-0.107018985,-0.26750135
174334,L6 IT,0.09932276,0.08150266
23019,L6 IT,0.35220453,-0.15223889
50466,VLMC,-0.26374006,-0.27981377
136749,Sst,-0.21787795,-0.20546915
256653,VLMC,-0.48436007,0.23639129
23013,Pvalb,0.21259174,0.27492082
157592,Endo,0.1428527,-0.06508787
193409,VLMC,-0.12464414,-0.3797841
279421,Endo,0.06334438,-0.034794226
256647,L2/3 IT,-0.40261808,0.0014436692
136822,L4/5 IT,-0.23257399,-0.019407585
239121,Pvalb,0.22086713,-0.21486591
157601,SMC,-0.044160284,0.4288298
180776,Peri,-0.1744223,0.29965127
27801,L6 CT,0.38984004,0.26381606
27802,Sst,0.20679936,-0.27600503
22856,L4/5 IT,0.019911014,0.41630566
27806,L6 CT,0.3670762,0.18727474
174160,Endo,0.35926184,-0.17845158
174144,Endo,-0.10999555,-0.3571759
229535,Peri,0.24160644,0.22678314
253548,L2/3 IT,-0.27119607,-0.13732447
132388,L2/3 IT,-0.31633437,0.07007174
155579,L5 IT,0.40970215,0.24868815
22661,VLMC,0.25376818,-0.54010564
49711,L4/5 IT,0.2005485,-0.31388432
22658,PVM,-0.16464797,0.18060873
180984,L6 IT,0.23410586,-0.011711612
49665,L6 IT,0.22490427,0.15277342
22644,L2/3 IT,0.26237896,-0.47388005
25511,Endo,0.00095864385,-0.3956148
181000,L4/5 IT,0.030040167,0.32275206
132291,Endo,-0.3129794,-0.1167468
137629,Endo,-0.31020653,-0.056836262
6860,Endo,0.17358676,-0.08821337
6039,L4/5 IT,-0.045879044,0.2565245
738,L2/3 IT,-0.16221568,0.3718943
181007,L4/5 IT,-0.1579487,-0.071844086
242029,L6 CT,0.4237806,0.049608275
49586,L4/5 IT,0.14635482,-0.2340201
173740,L2/3 IT,-0.18761778,-0.08739798
137633,L5 IT,0.1941211,0.25929308
222196,Endo,-0.018595494,-0.35256892
187134,L2/3 IT,-0.43084535,0.097128615
173672,L6 IT,0.108331285,-0.08177613
49537,Pvalb,-0.3912344,0.11301266
222222,Oligo,0.38608602,0.11019121
271739,Endo,0.13052985,-0.072603
159871,L4/5 IT,0.027694725,0.3760764
173807,Astro,-0.10673327,-0.38647228
237009,VLMC,-0.46370986,0.2551589
132386,Endo,-0.22788537,0.4227702
27982,PVM,-0.14685556,0.18204509
137175,L6 CT,0.42786196,0.14054559
178644,Pvalb,0.029206239,0.007475361
137242,L6 CT,0.21771654,0.30228168
49968,Vip,0.10498246,-0.21896578
137246,L5 IT,0.28232375,-0.23556761
56157,L4/5 IT,0.14248106,0.3608191
49917,Endo,0.20604518,-0.2674926
230406,L4/5 IT,-0.15365526,0.048515722
270650,L6 CT,0.29327872,-0.06355514
220085,PVM,-0.31343657,0.2909196
242061,L5 ET,0.40484115,-0.18363662
49867,Micro,0.25653973,-0.04314263
179282,L2/3 IT,-0.3982688,0.075643584
173829,VLMC,0.26702526,-0.544387
137354,L5 IT,-0.0012363568,-0.045330122
137380,L5 IT,0.2962595,0.15523802
185682,L2/3 IT,-0.20880646,-0.04214324
173823,L2/3 IT,-0.33226368,0.029225335
178675,Astro,-0.25466922,0.18893336
137431,L2/3 IT,-0.3401216,0.22482042
132302,L4/5 IT,-0.07594556,-0.1404791
252761,L4/5 IT,-0.25531167,0.04402493
157753,OPC,0.09255376,-0.46495533
173293,Endo,-0.29085127,-0.188473
48763,L4/5 IT,0.0778267,0.32015944
7847,Micro,0.1942018,-0.3676452
185,L2/3 IT,0.23165193,-0.42521322
252636,Peri,-0.4017038,-0.036314204
131835,Endo,0.13722363,-0.078319326
7878,L5 ET,0.106095634,0.26529914
250468,Astro,-0.3427915,-0.17724876
47344,L2/3 IT,-0.32895133,0.07050274
172428,Oligo,0.08383509,-0.01351364
47343,L5 ET,0.05430033,0.15078042
154488,L4/5 IT,0.17160359,-0.16807203
154483,L4/5 IT,0.059993647,-0.1874169
29224,Astro,-0.4833704,0.12170516
29274,L6 CT,0.17812917,0.19265191
139507,VLMC,-0.27152085,0.4148879
139541,OPC,0.40689865,-0.019474342
29287,Endo,-0.08201561,0.21835612
157932,L2/3 IT,-0.29435894,-0.06740038
131808,L2/3 IT,-0.22769198,-0.22424395
158231,L2/3 IT,-0.16949251,-0.25995535
236335,Peri,0.41148165,-0.037976995
22045,L4/5 IT,-0.030143179,-0.16698788
172357,L2/3 IT,-0.35650352,-0.13636692
22040,L2/3 IT,-0.20409426,-0.10418297
29307,Vip,0.0026551709,-0.31878316
154474,Peri,-0.13778213,-0.1837639
22029,L2/3 IT,-0.47784626,-0.13803168
172490,Astro,0.38880244,-0.19245745
24826,L4/5 IT,-0.20202711,0.19702928
154564,VLMC,-0.5121457,0.18013369
192575,Sst,0.33251384,-0.13239174
131854,L2/3 IT,0.1764029,-0.35564733
239585,L2/3 IT,-0.29900655,0.20445888
154560,Oligo,0.35549363,0.124446735
24814,L2/3 IT,-0.32511017,0.063287124
158319,L2/3 IT,-0.0057609454,-0.3246364
47526,L4/5 IT,0.016719125,0.23404996
7745,L6 IT,0.36340424,0.21904062
236435,Micro,-0.1007239,-0.03373243
230,L2/3 IT,-0.48989677,-0.11800198
230547,L2/3 IT,-0.42541078,0.0052232593
192545,Pvalb,0.0033183321,-0.2525099
139287,Astro,-0.4535806,0.16078608
272074,L2/3 IT,-0.14491886,0.36475772
172555,Astro,0.3588864,0.11807017
280292,L6 CT,0.17943475,0.06597529
139304,L2/3 IT,-0.13647592,-0.26592165
239072,Endo,-0.37710527,0.24638645
47399,Endo,-0.11724139,0.00918524
249358,Micro,-0.18475997,-0.015905753
172491,L2/3 IT,0.18259826,-0.37242943
185487,Astro,0.008207105,-0.14837305
29210,L2/3 IT,0.08598008,-0.29745138
131850,L6 IT,0.32786593,-0.16165729
185493,L5 IT,0.3268222,0.28911364
157986,Endo,0.08996942,-0.18914415
154413,Oligo,0.14234546,-0.09261991
8168,Pvalb,0.31139746,0.13469349
172074,Pvalb,-0.18758613,0.0884137
272190,L5 IT,0.029552005,0.17002897
246956,L6 IT,0.2770621,0.036419377
46823,L2/3 IT,-0.17404684,-0.20918675
8229,SMC,-0.5531151,-0.0371743
154367,VLMC,-0.5459185,0.051904723
46769,L2/3 IT,-0.11800266,-0.27661395
239054,VLMC,-0.3895495,0.2786289
192330,Endo,0.18703279,0.30023694
139873,Vip,-0.26164097,-0.18153776
46931,L2/3 IT,-0.34897843,0.057256803
29527,L2/3 IT,-0.05669198,-0.20869498
179059,Endo,0.021391235,-0.307741
236232,Endo,0.14239421,-0.28151304
46679,L4/5 IT,-0.21954381,0.05667667
272218,L6 CT,0.39896092,0.04554169
256189,L4/5 IT,-0.23287812,0.014596745
276014,L2/3 IT,-0.15618569,-0.25204396
131619,Oligo,0.33674923,0.07129274
253697,L5 ET,0.35509464,0.041494355
236215,L2/3 IT,0.08562108,-0.37423205
46606,L2/3 IT,-0.3102033,-0.15754505
172008,L2/3 IT,0.0051055774,-0.26805037
29570,L2/3 IT,0.06869259,-0.37298548
160584,L6 CT,0.26772586,0.16850023
223080,Oligo,-0.06406019,-0.12334584
139760,Astro,-0.2536287,0.31345952
8006,L5 ET,0.09007468,-0.022049502
172238,L4/5 IT,-0.035954632,0.29941875
47185,L2/3 IT,-0.32745883,-0.01308991
222988,Endo,0.41733637,0.070636556
172226,Astro,0.092474304,-0.05684717
187475,L5 IT,-0.0847436,0.109786436
181521,L6 CT,0.08002045,0.032766923
160585,Lamp5,-0.26306176,0.304789
29331,Sst,0.15639421,0.23756962
178992,L6 CT,0.38315043,0.15555023
192411,Peri,0.21459982,-0.025192931
8133,Endo,0.27820203,-0.48330206
172174,L6 CT,0.19828668,-0.039623395
230589,L6 IT Car3,0.20264342,0.2325633
47023,PVM,0.28567967,-0.3831668
57061,L2/3 IT,-0.25626856,0.28479248
160627,L4/5 IT,-0.28418654,0.034196183
25037,L5 IT,-0.022135772,-0.07233156
223053,L4/5 IT,-0.083144255,0.14591275
179018,Pvalb,0.12529013,-0.08032261
46965,L6 IT,0.2821268,-0.13190617
139717,L4/5 IT,0.05540254,0.32246614
172147,L6 CT,0.250491,0.052845165
160645,L5 ET,0.35042182,0.24145667
272157,Peri,0.19641128,-0.22723205
139216,Vip,-0.33395597,-0.026239231
172674,L5 ET,0.27358958,-0.2015713
24799,L2/3 IT,-0.34431174,-0.10868575
28594,Micro,-0.27390504,-0.21381293
48447,L6 CT,0.40858772,-0.114555106
28626,Astro,-0.25115252,-0.006060317
7059,L2/3 IT,-0.3573103,0.115580365
240645,L2/3 IT,-0.17766297,0.321172
48441,L6 CT,0.19133559,-0.021427646
48410,L4/5 IT,0.2782937,-0.25719434
222544,Pvalb,-0.11604432,0.13175033
7060,L2/3 IT,-0.2670114,0.24672411
7066,Sncg,-0.413933,0.22701411
138591,L2/3 IT,0.08013698,-0.3379302
173182,L2/3 IT,-0.27090842,-0.1738178
181235,L2/3 IT,0.24723998,-0.39472008
48335,L6 CT,0.38911524,0.22164957
236663,L2/3 IT,-0.35700843,0.03490524
279121,L4/5 IT,-0.24282676,0.007028982
178874,L6 IT,0.101110004,0.17385112
154961,Peri,0.20942596,0.13662647
249385,Pvalb,-0.24819529,-0.21254553
48226,L6 CT,0.3883327,-0.11385451
181263,L5 IT,0.08866026,0.28741676
48200,Endo,-0.43808213,-0.026310042
246895,Astro,0.07392099,0.21051537
28678,Micro,0.2746766,0.16439639
138636,L2/3 IT,0.16102698,-0.4150862
154945,Peri,0.40292963,-0.15909
48498,L5 IT,-0.18265796,-0.0092006475
222511,Astro,-0.11131922,0.43509513
155050,L4/5 IT,-0.1847913,0.013184711
157758,L4/5 IT,0.12255921,-0.2625119
6920,L2/3 IT,-0.42135447,-0.021948472
48745,L4/5 IT,0.15356418,-0.27554315
48735,Pvalb,-0.17925847,0.15632187
155046,Peri,-0.11377893,-0.3151332
160216,L2/3 IT,0.14642587,-0.4012941
187262,Sst,0.10093727,0.12444453
158489,L4/5 IT,-0.19371495,-0.056727603
138436,L6 CT,0.14284328,0.039713964
192896,Pvalb,0.31802216,-0.09206335
48499,L2/3 IT,-0.40894833,0.063002035
138450,L4/5 IT,0.02941706,-0.19273515
138525,L6 IT,0.42507586,0.087191746
155725,SMC,0.22634867,0.2732603
160240,L2/3 IT,-0.08290631,0.3397963
173212,L2/3 IT,-0.2987276,-0.016214266
138552,Micro,-0.13424703,0.16505454
173209,L6 CT,0.38284084,-0.023663774
247864,L2/3 IT,0.2371057,-0.43907875
495,L4/5 IT,0.11541768,-0.25888598
173201,L4/5 IT,0.025928162,0.36880815
192851,Pvalb,0.1867558,0.0289713
48506,Oligo,0.30943558,-0.049036995
160218,L4/5 IT,0.022858225,0.28999424
222617,Oligo,0.31617036,-0.028445378
154915,L6 IT Car3,0.22506246,0.22428314
138741,Sst,-0.047434546,-0.15110452
275283,L2/3 IT,0.013611458,-0.3278709
131926,Astro,-0.10878394,-0.38612956
270553,L2/3 IT,-0.34490386,-0.07762055
222739,L2/3 IT,-0.0057118908,-0.26131916
7489,L4/5 IT,-0.099705346,0.19099717
47845,L6 CT,0.23971972,0.00898467
256397,L6 CT,0.25291422,0.11334698
272019,Endo,-0.32966802,-0.028459981
139040,VLMC,-0.091888405,-0.39330602
275965,VLMC,-0.2628755,0.4201097
29004,L4/5 IT,-0.19169977,0.21166395
230694,Oligo,-0.20342276,0.09480254
160417,L4/5 IT,-0.044800796,-0.20132454
157824,L2/3 IT,-0.072429486,-0.29015547
131906,L6 IT,0.12727335,0.10838871
139058,L2/3 IT,0.19566938,-0.43965405
154624,Endo,-0.26454782,-0.02876164
172726,L2/3 IT,-0.23478642,0.30385774
139190,Pvalb,-0.27989212,0.061684236
56792,Pvalb,-0.09657959,-0.11107658
272058,L2/3 IT,0.2907186,-0.3953877
25256,L5/6 NP,0.13989833,0.24828033
279040,Peri,-0.13383186,0.39905822
241943,L4/5 IT,-0.21064568,0.1103767
47749,Astro,0.10367044,0.24200849
172777,L6 IT,0.21695623,0.047661647
160305,Endo,0.4000686,-0.2363771
236561,L4/5 IT,0.013664685,-0.21144725
56605,L6 IT Car3,0.26918444,0.09453718
7164,Astro,-0.27776137,0.3840571
25342,L2/3 IT,-0.040195443,-0.25523174
56618,L2/3 IT,-0.43673816,0.09999679
7204,L2/3 IT,-0.4053493,0.16255657
48043,L5 IT,0.099556826,0.20701341
7265,Sst,0.35961083,-0.22700651
172935,L2/3 IT,-0.24444064,-0.17976503
271992,VLMC,-0.5536835,-0.040656283
138776,L6 IT,0.42277303,-0.120758906
236610,L5 IT,0.33835116,0.047990665
138815,L2/3 IT,-0.34099457,0.13036357
47968,VLMC,0.046039842,-0.45435512
252699,L6 CT,0.25138268,-0.108321175
157817,OPC,0.19346508,-0.28630847
185550,Pvalb,0.4189454,-0.13180204
22224,L5 IT,-0.11029775,0.11515187
47913,Endo,0.24275538,-0.006928101
56650,L2/3 IT,-0.18365619,0.3348452
236583,L2/3 IT,-0.3435308,0.19170253
181322,L2/3 IT,0.20690462,-0.39109457
236578,Micro,0.24345437,0.15707748
238909,L5 IT,0.3815188,0.22632514
25288,Astro,-0.048569,0.35323876
154659,L5 IT,0.017004512,0.2370504
28466,L2/3 IT,-0.2725704,0.18305467
136695,L2/3 IT,-0.097142614,0.42460495
132487,L6 CT,0.3033891,0.03130661
185721,L2/3 IT,-0.3103221,-0.009138122
53370,Endo,0.0046287403,0.14634483
159313,OPC,-0.057755746,0.3345045
53368,L6 IT,0.15883973,0.15244971
185867,L4/5 IT,-0.2302405,0.048577234
54999,Peri,0.19988248,-0.19357301
253242,Oligo,0.33095452,0.035432324
279850,L6 IT,0.15922877,-0.057318762
53360,Endo,0.42691347,0.23829423
186705,Endo,-0.16807169,0.00065635145
242263,L6 IT,0.3135437,-0.024437144
276174,Sst,0.13169172,-0.040416136
53390,Endo,0.34379908,-0.08961205
238008,L4/5 IT,0.12231936,-0.21753688
275884,L4/5 IT,0.08453568,0.2729265
253258,Vip,0.289085,-0.27622926
159326,L5 IT,0.0035246238,0.3276651
257019,L2/3 IT,0.26583108,-0.32877576
240680,L4/5 IT,-0.112449475,0.12465809
53272,L6 CT,0.3077639,-0.11748929
3095,Astro,0.19970849,-0.0286109
24287,L4/5 IT,-0.038125075,0.21520488
134631,Lamp5,0.19996026,-0.47648638
239255,L5 IT,0.21163324,-0.22480117
194138,L2/3 IT,-0.2760926,0.21555547
242260,Vip,0.17113677,-0.43921512
53213,Peri,0.0015204176,0.22788422
53398,L5 ET,0.077347,-0.1313846
230039,Astro,-0.041829683,-0.3768183
179932,Pvalb,0.40054896,-0.22628494
186623,L2/3 IT,0.068422996,-0.3340392
220842,L5 IT,0.08675905,0.22285502
238532,Oligo,0.3939143,-0.08694838
176753,L6 CT,0.42190525,-0.037487343
177962,L6 IT,0.19089231,0.14556001
134332,L2/3 IT,0.23451778,-0.42196953
252862,VLMC,-0.4105406,0.29422748
220460,Endo,0.19981274,-0.12229557
156961,Lamp5,-0.3987359,-0.18905212
23750,L2/3 IT,0.024659358,-0.3390907
23734,VLMC,-0.016220666,-0.43436718
230049,SMC,0.051065825,-0.426867
194193,L6 IT,0.27175424,-0.10938124
176721,L2/3 IT,-0.41558012,0.05118154
185999,L4/5 IT,-0.13119134,0.15529208
176663,SMC,-0.04392586,0.42591918
252855,Pvalb,-0.199456,-0.17081113
220866,L6 CT,0.25763032,-0.001113072
2973,L5 IT,0.098357104,0.25691146
133461,Pvalb,0.37463006,0.2519064
2983,L6 CT,0.3166524,0.14027421
133459,Endo,-0.015730597,-0.095400974
246644,L5 ET,0.29040316,0.27098632
177964,Pvalb,-0.014210679,0.0050321072
185862,VLMC,-0.54802716,0.12839101
194136,Endo,-0.05882726,-0.33781213
134670,L2/3 IT,-0.334273,-0.16933309
279811,Astro,0.25188372,-0.23886831
270852,L2/3 IT,-0.2968732,-0.17320971
26641,L2/3 IT,-0.26041546,-0.19331087
26680,L4/5 IT,0.17533466,0.18482016
279802,L5 IT,-0.031888105,0.16540043
275684,L4/5 IT,-0.24431217,0.10575609
133340,Endo,-0.1738131,-0.10395734
176375,Endo,-0.1466932,-0.32501107
253299,Endo,-0.11611856,0.19161378
194040,L4/5 IT,-0.2949026,0.0122760385
3419,L6 IT,0.42498252,0.028918251
23667,L5 IT,-0.055018045,0.13971911
3425,OPC,0.09428676,0.22771893
52528,Endo,-0.030720092,0.08854531
26742,OPC,0.00086601824,0.05995445
24298,L5 IT,0.060164116,-0.14003734
135068,Lamp5,-0.22310409,-0.04590775
135082,L5 ET,0.023163341,-0.012126282
135085,Peri,-0.06779704,-0.15035261
26754,Astro,-0.2213614,0.33135486
135131,L2/3 IT,-0.23067957,0.25373352
26759,Micro,0.35534254,-0.04915096
176162,Lamp5,0.14830998,0.23358713
3589,Lamp5,0.13945636,-0.45259297
249788,L2/3 IT,-0.3331576,-0.072087064
221116,L2/3 IT,-0.27045095,-0.19449224
3323,L2/3 IT,0.11074229,-0.27704167
237930,L4/5 IT,0.15547606,-0.3045932
249769,Astro,-0.12964204,-0.17943548
249771,Vip,-0.35528284,0.1777262
185853,L5 IT,0.1592423,-0.22615342
53128,L4/5 IT,0.059496127,-0.14997138
133428,Endo,-0.26322773,-0.0055353194
249172,Astro,-0.2509081,-0.26598138
134743,Astro,0.17665604,-0.19958232
1606,Vip,-0.03308586,-0.0032147318
242257,L2/3 IT,0.0897825,-0.37402427
186739,Astro,0.04656317,-0.42754775
156601,L2/3 IT,-0.25201803,-0.22091664
186473,L4/5 IT,0.19214788,-0.26434463
53014,PVM,0.07175245,-0.41502386
134844,PVM,0.12952098,-0.1488098
156591,L6 CT,0.41277334,-0.08942516
178122,L5 IT,-0.010486044,0.07528286
3190,L4/5 IT,-0.25604966,0.028892264
1597,Astro,-0.25467664,0.29751492
52885,OPC,-0.19066247,0.059187457
176504,L2/3 IT,0.0024841055,-0.35071164
221044,L6 IT,0.26780722,-0.14978994
52865,L2/3 IT,-0.26731166,0.080235586
240724,Endo,-0.05633364,0.2472937
249772,L4/5 IT,-0.016975142,0.17630045
186011,L2/3 IT,0.061780594,-0.2961293
249709,PVM,0.26481578,0.11414115
23615,L2/3 IT,-0.34549853,0.031821117
220837,L5 ET,0.24193022,0.3224566
194232,L4/5 IT,0.111082576,-0.2551728
54279,Micro,0.41839918,0.21844803
133633,Sst,0.07907613,-0.14175896
257147,L2/3 IT,-0.05427102,0.43882936
2084,SMC,-0.32169643,0.00921087
220632,VLMC,-0.47226033,0.24805532
157349,Pvalb,-0.29804868,-0.07838242
158946,L4/5 IT,-0.24412715,-0.047737435
2233,L2/3 IT,-0.28197283,0.13162778
177435,Astro,0.016902827,0.20384489
54178,L5 IT,-0.0006513372,0.11035888
54151,L2/3 IT,0.28354022,-0.47509342
177900,L2/3 IT,-0.29317248,0.24765109
25919,Pvalb,-0.049233414,0.22268818
133895,L4/5 IT,-0.26092392,0.063724324
1802,L5 IT,0.16645554,-0.23683257
158935,Pvalb,-0.17096144,-0.043485597
25949,PVM,0.012954794,-0.31859547
194325,L2/3 IT,-0.2798453,-0.059714332
242348,L2/3 IT,-0.39632884,-0.1435257
1789,L6 IT Car3,0.35680118,0.1718214
54057,Oligo,0.05497863,-0.0067864805
179736,L2/3 IT,-0.26436895,0.20364837
25978,VLMC,-0.2929678,0.40083355
179748,Astro,-0.08702416,0.026258692
25942,Lamp5,-0.03551296,-0.38313138
279944,L5 IT,-0.07616443,0.05211799
194393,Vip,-0.23043516,0.058145747
257174,L2/3 IT,0.06478944,-0.3518656
194439,L2/3 IT,-0.14814791,0.34913772
276100,L5 IT,0.07254698,0.14850573
280016,VLMC,-0.5495087,-0.05410464
230262,Astro,-0.13173759,-0.1116371
194431,Vip,0.17126843,-0.1417232
220588,Lamp5,-0.44754976,0.16919772
257153,Astro,0.40683147,-0.04612191
25844,PVM,0.192328,-0.47289008
25873,Astro,0.3321413,-0.23454554
238417,L5 IT,0.21115574,0.3064626
1913,L4/5 IT,0.12756714,-0.24770133
2073,Astro,-0.14340311,0.19306175
25834,Pvalb,-0.20900854,0.010494038
1921,L6 IT,0.1973004,0.06720297
220596,PVM,0.14937922,-0.49791914
54443,L6 CT,0.42927763,0.20693801
54439,L4/5 IT,-0.11683235,0.13559656
177784,VLMC,0.011528157,-0.4429894
230252,L4/5 IT,0.06814923,-0.2482958
25891,Astro,-0.14766204,-0.34698057
248099,L2/3 IT,-0.3190246,-0.034387246
54421,L6 CT,0.40308943,0.08872442
230240,Lamp5,-0.4721972,-0.013787225
177680,Endo,-0.072785266,0.12030004
230286,L5 ET,0.24219206,-0.20220198
186486,L2/3 IT,-0.15511224,-0.17665292
177344,Endo,0.32403544,-0.19379647
24081,Astro,-0.047086813,0.40951824
157044,Astro,-0.3522759,0.26358706
177135,Peri,0.11907866,-0.35910165
220774,L6 IT,0.1423035,0.0727704
177938,Oligo,0.19902697,0.016541407
53698,Pvalb,0.364786,0.029314026
133567,Astro,-0.30305594,-0.04859753
2575,L5 IT,0.032260023,-0.09163557
194494,L6 IT,0.28003898,0.1827871
24253,L5 ET,0.06330278,-0.0019986182
157368,Pvalb,0.00086375326,-0.15379702
133518,Endo,0.23344794,0.05027668
157088,OPC,-0.509398,-0.008120373
238142,Endo,0.19392249,0.13939206
179841,Micro,-0.31480992,-0.218082
134204,Oligo,-0.08403561,0.20452689
177015,L6 CT,0.19588473,-0.07384576
176937,L6 CT,0.354149,-0.056188896
230944,SMC,0.25394413,0.33331352
270874,PVM,0.05365821,-0.4299457
134215,PVM,-0.121392824,-0.38365102
176927,L4/5 IT,-0.095764734,0.24210565
23945,Peri,-0.05860255,0.34794766
23926,Oligo,0.40749267,0.24242662
157004,Astro,-0.004746236,-0.30929977
220467,L4/5 IT,-0.12602007,0.2785867
26129,VLMC,-0.5013008,0.1935439
186572,L2/3 IT,-0.20219952,0.27989113
280038,Pvalb,0.26064786,-0.2980461
24077,L4/5 IT,0.1061134,-0.18580534
220694,L6 IT,0.23687258,-0.15816064
157154,VLMC,-0.40523794,0.29703057
158925,L5/6 NP,0.26369712,-0.16522528
24071,L2/3 IT,-0.22363096,-0.23465966
249635,L2/3 IT,0.15939727,-0.4189422
2458,L5/6 NP,0.20186666,0.16405831
179542,L6 IT,0.41315982,0.11975311
186541,L5 ET,0.271731,0.2759841
159010,L4/5 IT,-0.17447945,0.11098848
271022,Astro,-0.22279644,0.22104238
257096,L2/3 IT,0.054503106,-0.33576506
253181,L2/3 IT,-0.21759257,-0.1261961
54669,L6 IT,0.24113086,-0.07515274
53845,VLMC,-0.41773835,0.2934447
238504,L6 CT,0.25384852,0.2530223
26076,Astro,-0.012814678,0.24755357
53781,L2/3 IT,-0.072838195,0.37814617
177209,L4/5 IT,0.22384277,-0.26285338
177188,PVM,-0.1559965,0.18304507
134116,VLMC,-0.31733453,-0.27198744
54820,L4/5 IT,0.019187234,0.26729137
26122,L2/3 IT,-0.42632654,0.058577403
2534,L2/3 IT,-0.19469768,0.32144547
54836,VLMC,-0.5656761,0.09995817
159137,L4/5 IT,-0.11342541,0.08848505
27739,Endo,0.24888,0.086846575
180150,Pvalb,0.32982716,-0.015734866
1512,Oligo,-0.42020354,0.034289286
51482,L2/3 IT,0.05992099,-0.28929675
174903,L2/3 IT,-0.28932616,0.1859474
159623,Astro,0.275229,0.26928604
180595,Vip,0.14722231,-0.33212
136140,Oligo,-0.1153544,-0.042935386
159626,L6 IT Car3,0.18381855,0.36389577
174842,OPC,0.40480438,-0.12738828
275934,PVM,-0.19045684,-0.34453326
51320,L4/5 IT,-0.0975704,0.053384468
279540,Pvalb,0.0039472207,0.13470875
174823,Vip,-0.16508058,-0.1760938
156044,PVM,0.19682613,-0.468933
4851,L2/3 IT,0.2802343,-0.41275626
51259,Astro,-0.028477646,-0.15725185
27291,L2/3 IT,-0.2623028,0.23820405
186390,L6 CT,0.37578842,0.19195537
51243,L5 IT,0.29977843,-0.10319723
1162,L4/5 IT,-0.040839233,0.34461778
4892,Pvalb,-0.39704424,0.11987929
136348,L6 IT,0.1639258,0.010130748
51163,Micro,0.23607454,-0.26844835
51150,L2/3 IT,0.2852054,-0.34584337
51145,L4/5 IT,-0.036410786,-0.17480059
231228,Peri,-0.29749307,-0.22639303
55661,L5 IT,0.2591909,-0.24728821
136430,L6 CT,0.37581715,0.022404358
193681,L2/3 IT,-0.431543,0.12630115
136043,L6 IT,0.14362875,0.08749156
221464,Lamp5,-0.20421404,0.42884684
51779,PVM,0.06592133,-0.11010839
156183,L2/3 IT,-0.16446492,-0.21844323
175004,Sst,0.016779803,-0.01168789
51769,L5 IT,0.16875383,0.32232767
51768,Endo,-0.37399665,-0.06192763
135943,VLMC,-0.48646078,0.22938399
237422,L2/3 IT,-0.18399161,-0.15832971
186889,L5 ET,0.26678285,-0.19767053
25642,VLMC,-0.5198459,0.16616724
51693,L5 IT,0.052351676,0.14130722
27194,L2/3 IT,-0.057577528,-0.28058338
271423,L4/5 IT,0.098251246,-0.24816938
221507,L4/5 IT,-0.19135207,-0.10294719
158734,L2/3 IT,-0.3709826,0.040085897
178447,L6 CT,0.33400473,0.25373095
221510,L6 CT,0.36372092,0.051186785
135975,VLMC,-0.56964684,0.08610295
51627,Astro,0.2199451,0.3569572
180583,OPC,0.26747563,-0.16311847
55616,L4/5 IT,-0.082171865,0.2540447
51610,L5 IT,-0.02051089,-0.12305911
275579,L2/3 IT,-0.35320473,0.11024915
4746,Micro,0.25851586,-0.27167684
27136,L5 IT,0.062936984,0.23693089
159674,SMC,-0.54460186,0.06585555
247926,L4/5 IT,-0.15027025,0.068055734
1101,L6 CT,0.41165343,0.22130094
5182,Micro,-0.12413565,0.34519488
27597,L2/3 IT,-0.3805897,0.08811359
280167,L5/6 NP,-0.020747222,0.17075698
23169,L2/3 IT,-0.31265786,0.11070196
180681,L2/3 IT,-0.08697153,-0.20679347
50655,L2/3 IT,-0.07132021,0.43059677
252772,L4/5 IT,-0.17815048,-0.06614216
5201,Peri,0.13540342,0.3567769
276095,Endo,0.11280199,0.18906598
220167,OPC,-0.46196848,0.01365374
23119,Pvalb,-0.085260786,0.43113595
194816,Endo,0.35760954,0.1678674
270673,L5 IT,0.16137275,-0.24357767
5211,L2/3 IT,-0.02781967,-0.31000912
136651,L4/5 IT,0.2555577,-0.28809363
193465,L4/5 IT,-0.12652758,0.06382035
279463,L2/3 IT,-0.34788722,0.18559788
50586,PVM,-0.29667273,-0.08834754
50579,Endo,-0.31011903,-0.054814294
276323,L2/3 IT,-0.38515207,-0.011574164
159800,L5 IT,0.0070877895,0.06919001
174469,L2/3 IT,-0.17404297,0.3167252
56071,L2/3 IT,0.040379785,-0.2743842
249281,L2/3 IT,0.09560623,-0.35829353
250158,L5/6 NP,0.06896605,-0.046277836
136568,Astro,-0.15561166,-0.22654627
246784,L5/6 NP,0.05596169,0.17553465
55982,OPC,-0.316018,-0.13492437
159677,L4/5 IT,0.11905476,-0.2770419
27366,VLMC,-0.5447983,-0.001859203
55790,SMC,-0.27042902,0.34754544
159688,L2/3 IT,-0.35970932,-0.003133431
51016,Sncg,-0.37901554,0.1607909
229654,OPC,-0.1116401,0.24073951
242136,L2/3 IT,0.2528923,-0.34467918
257311,Pvalb,-0.29731646,-0.1454828
174762,Endo,0.15009978,-0.2663256
179320,Vip,-0.07009921,-0.32425797
194774,L2/3 IT,-0.18671092,0.30796164
50978,L2/3 IT,-0.42852232,-0.030026034
155864,Micro,0.37148234,-0.14921196
238735,L2/3 IT,-0.3398443,-0.040334776
55878,OPC,-0.10147355,-0.09780513
276283,Astro,-0.23565939,0.32801384
50915,L2/3 IT,-0.4542897,0.06260757
27518,L2/3 IT,-0.20980176,0.27130896
136507,Astro,0.078246735,-0.11938454
50878,Endo,-0.30330452,0.37758917
1025,L5 IT,0.09124979,0.043226406
174636,L2/3 IT,-0.18343213,0.3240705
280166,L2/3 IT,0.12286814,-0.31017876
55971,L6 IT,0.4042907,0.15447061
5138,Oligo,0.095980726,0.23573487
229774,L2/3 IT,0.1795958,-0.40648186
186783,L4/5 IT,-0.12128884,0.19466548
23360,L6 IT Car3,0.32824782,0.26756424
249097,L2/3 IT,-0.21736917,-0.21422137
229893,L6 CT,0.1971564,-0.047731593
156477,L5 IT,0.21130618,0.2503566
175771,Peri,0.42828456,-0.07976471
1401,L5 ET,-0.031458117,0.025163218
135350,VLMC,-0.55343217,-0.018034652
276204,Astro,-0.20332623,-0.0085436255
26856,VLMC,-0.18131462,-0.33172512
175756,L2/3 IT,-0.25029537,0.2582122
229870,Pvalb,0.36746362,0.007992372
52275,Endo,0.0156091675,-0.3255577
240530,Oligo,0.21759996,-0.13273703
24334,L2/3 IT,-0.30149984,0.2414665
156430,L6 IT,0.09973564,0.0062918514
157419,Endo,-0.41970992,0.2164595
175748,L5 IT,-0.0009193197,0.3318501
52264,L5 IT,0.30733517,-0.19723196
55324,Pvalb,-0.119217195,0.034805283
279684,OPC,0.21917966,0.27294016
246571,L2/3 IT,-0.32392436,0.051678643
3986,Pvalb,0.29888645,-0.08466692
276208,Peri,-0.07851795,0.13850133
4035,L2/3 IT,0.13460955,-0.4026479
156353,Astro,0.25898334,-0.21010296
159406,OPC,-0.08488212,-0.24053381
175755,PVM,-0.18210655,-0.34194112
135508,L5 IT,0.27671537,-0.2501592
135287,Endo,0.022322677,0.12247644
55284,L6 IT Car3,0.29042056,0.3141594
249866,L2/3 IT,-0.07791648,0.41302747
231077,Endo,-0.16938436,0.19550906
178160,Astro,0.009801947,-0.39552325
175946,Vip,-0.4776963,-0.004551783
23593,Astro,0.1842793,0.22856687
242234,L2/3 IT,-0.12880361,-0.22577758
135164,OPC,0.37554398,0.2805841
55217,L2/3 IT,0.28177783,-0.3581429
23564,Astro,0.15227607,-0.089889124
135183,VLMC,0.09596261,-0.47548985
3671,VLMC,-0.30782428,0.39144272
249119,Astro,-0.2934992,0.1340606
156504,Sst,0.35830334,0.24616311
238603,L2/3 IT,-0.39010736,0.07061057
249126,Endo,0.13062927,-0.41077757
133289,L2/3 IT,0.16486618,-0.3009935
133287,Astro,0.0865654,-0.42324185
279734,Pvalb,0.18425825,0.11668782
157416,Pvalb,-0.15929237,0.28059638
256927,L5 IT,0.11600234,-0.1794463
249925,Pvalb,-0.12042398,-0.084570095
175816,L2/3 IT,-0.31299815,0.080220744
175802,Endo,-0.26071924,0.1298552
256916,L5 IT,0.13661411,-0.21361159
178176,L5 ET,0.11343446,0.16515903
26936,Sst,-0.081419624,0.11816381
135517,L2/3 IT,-0.38155273,-0.15060516
4061,L5 ET,0.13158712,-0.024801329
4352,L5 IT,-0.09812889,-0.016316608
135748,L2/3 IT,-0.21562484,-0.11739151
237486,Endo,0.1293166,-0.39000928
193784,Astro,-0.39395788,0.047675893
229815,L6 CT,0.20633963,-0.03865637
247946,Astro,0.23221305,0.20948426
51916,Vip,0.3056819,0.27291185
4466,L4/5 IT,-0.19414464,0.004524216
194601,L6 IT,0.0757189,0.15798275
51913,Peri,-0.5005362,-0.0110438615
175070,Astro,0.025201105,-0.03153725
4343,SMC,0.11440488,0.06452988
23417,Endo,-0.071992375,0.13125364
135854,L2/3 IT,-0.25295815,0.11869083
238656,Endo,0.007211469,-0.014490858
239352,Vip,0.024219655,-0.3466817
271401,Endo,0.0849941,-0.26256102
51828,Pvalb,-0.38029268,0.17765109
51825,L6 CT,0.31473115,0.21543549
4548,L6 IT,0.36408964,0.088987455
133173,L6 IT,0.0657483,0.0255308
256797,PVM,-0.5175508,0.08350037
249262,Endo,0.3781338,-0.15135802
1272,Micro,0.2394037,-0.38665533
230822,VLMC,-0.23598868,0.4360919
4324,L4/5 IT,0.045654677,0.30011958
159474,L2/3 IT,-0.015751578,-0.2964397
1328,L2/3 IT,0.063069664,-0.3429879
135583,L2/3 IT,-0.11191777,0.38106942
1377,Astro,-0.47645515,0.17408113
135587,Oligo,0.2650902,0.35496372
240571,L4/5 IT,-0.23476446,0.047606573
237613,Astro,-0.315925,0.37675184
156342,L5 IT,0.16598746,-0.10709898
4092,Micro,-0.212738,-0.17129461
186022,L6 CT,0.35475048,0.18276434
52065,L5 IT,0.03311976,0.10797016
237594,L2/3 IT,-0.19165036,0.31851673
23439,L4/5 IT,0.06475588,0.35440826
280144,L5 ET,0.26098463,0.018105194
253099,L6 IT,0.38783422,0.11472671
4218,L4/5 IT,-0.18461019,-0.1376309
135632,Oligo,-0.18555224,-0.0798157
186853,OPC,0.28946403,0.061744854
23430,Endo,0.12830868,-0.35039705
135635,Micro,-0.13564041,-0.30265635
231160,Micro,-0.14463216,0.26496226
175333,L2/3 IT,0.230553,-0.34439963
52036,SMC,0.3196225,-0.22588558
26988,SMC,0.064942144,-0.22795345
242209,L6 IT,0.3737041,-0.11582248
256823,Endo,-0.17623764,0.12513117
237533,Sst,0.31924382,-0.075745806
55560,Astro,-0.21155092,0.15890639
4385,VLMC,-0.32319796,0.38054657
45865,L5 IT,0.050074063,-0.14271961
46584,Endo,0.21092942,0.33234286
32849,L2/3 IT,-0.19544181,0.31879687
32853,Endo,0.16698083,-0.25301617
151235,L2/3 IT,-0.21743986,-0.14084117
19221,L4/5 IT,-0.07422934,0.32875246
32886,L6 CT,0.25382462,0.13352232
234058,L4/5 IT,-0.2116991,-0.0029786378
151216,L4/5 IT,0.011683129,0.3748436
14720,Endo,0.29293326,0.19451861
146704,Astro,0.31456617,0.08313654
38316,L5 IT,0.29870626,-0.18702205
38312,L5 ET,0.24142984,0.31053537
14721,Micro,-0.40421033,0.25955576
151181,L5 IT,-0.09040461,0.005672261
183467,L5/6 NP,0.2067832,0.23019777
277773,L2/3 IT,-0.022185124,-0.28248638
183468,Lamp5,-0.27731034,0.25172275
38216,Oligo,0.14277163,0.09941761
38199,L2/3 IT,-0.40637723,0.109473154
32909,Sst,-0.1787248,0.022432968
38106,L2/3 IT,0.02014216,0.3839447
19207,Peri,0.096689366,0.12759827
240317,L2/3 IT,-0.27796152,0.24560319
247363,L2/3 IT,-0.085963614,-0.2929979
277763,L5 IT,0.13196066,0.34678024
273667,L4/5 IT,-0.139714,0.1045485
146881,L6 CT,0.28602514,0.18543623
14800,OPC,0.28703496,0.24894266
151252,Vip,-0.1833269,0.13519077
241445,Micro,-0.4439774,-0.06757794
183429,L2/3 IT,0.073924206,-0.26818615
251512,L5/6 NP,0.1692436,0.14107059
225821,Micro,0.29091355,0.35694164
183364,OPC,-0.11363009,0.28148973
38753,L6 IT Car3,0.3331996,0.09514795
38735,L6 IT,0.29707143,0.0018181056
227999,L6 CT,0.23489681,0.12108652
38724,L6 IT,0.1883516,0.16999517
14411,VLMC,0.1309295,-0.49827737
38715,Peri,0.12711808,-0.15262498
166850,Endo,0.0977247,0.29745704
38675,Peri,-0.049087442,0.2728805
225861,VLMC,-0.14158392,-0.36301976
32780,L2/3 IT,-0.38039792,0.026823685
188480,L2/3 IT,0.08190455,-0.34844756
19165,Lamp5,-0.17713094,0.27979732
38651,L4/5 IT,0.17715803,-0.2285781
166811,L2/3 IT,-0.27820367,-0.033924058
273590,VLMC,-0.5638231,0.10333626
255081,Micro,-0.44204208,-0.060419932
38582,L2/3 IT,-0.33376196,-0.048487917
38569,L2/3 IT,-0.28592536,-0.023921922
273608,L4/5 IT,-0.11430324,-0.031831697
19301,L6 CT,0.2281898,0.15853195
163159,Endo,-0.22077999,0.20194916
166734,L6 CT,0.17899498,0.09272228
234118,Astro,-0.29535165,-0.14096968
151286,L4/5 IT,0.019457422,0.40767747
146568,L6 CT,0.2974004,0.094303355
146571,L4/5 IT,-0.20445424,0.15458433
166814,L4/5 IT,-0.2554382,0.02592735
254975,L5 IT,0.25807968,0.18853264
33045,L2/3 IT,-0.43181628,0.045879588
166469,L2/3 IT,-0.124411054,-0.19471063
166266,Pvalb,0.095655285,-0.06039323
150975,Astro,-0.21219304,-0.019398883
150971,VLMC,0.06956973,-0.46243936
166239,Astro,0.4007853,-0.06315245
33170,L5/6 NP,0.2505869,0.29643935
37329,Pvalb,-0.30214357,0.037874147
37316,Oligo,0.12326946,-0.03696026
166142,L6 CT,0.29759476,-0.093937084
33203,L6 CT,0.1753805,0.20215838
254257,L6 IT,0.31860396,-0.084101066
15113,VLMC,0.123464786,-0.48630935
233886,L2/3 IT,-0.10566304,0.3594585
166084,Endo,0.20686522,-0.36456925
37422,L4/5 IT,0.030583821,0.27683216
165967,L6 IT,0.18673864,0.26882553
147534,L5 IT,0.29972842,0.25375766
37216,L2/3 IT,-0.13784993,0.35654682
183646,L5 ET,0.048947953,0.16262881
241379,L6 CT,0.33994696,0.20373593
37180,L5/6 NP,0.09015473,0.14672874
226287,Vip,-0.34540555,0.18729512
15418,L2/3 IT,-0.31829885,-0.065756366
233821,Endo,0.11883881,-0.29493803
247406,L5 ET,0.27290908,0.26042116
15457,Sst,0.035352193,-0.2804355
277675,Astro,-0.52188647,0.068617985
273819,L2/3 IT,-0.09299315,-0.24417426
254835,L5/6 NP,0.16065541,0.12857156
15285,Astro,-0.4520082,-0.029789165
277045,Micro,-0.04465101,0.11408554
147387,L4/5 IT,-0.01383356,0.20368032
166293,L6 IT,0.053580724,0.04373388
166468,L4/5 IT,-0.060959257,0.20735578
37893,L5 IT,-0.039074577,-0.044604078
151049,Oligo,0.35764894,0.10705648
166442,L5 IT,0.12158974,0.3118617
274583,L2/3 IT,-0.056798495,0.4320706
189948,L5/6 NP,0.14476839,0.33932322
277746,Astro,-0.13814306,-0.2847526
183498,L2/3 IT,-0.38937417,0.13035993
14895,L5 IT,0.35203537,0.27460825
233981,L4/5 IT,-0.10288984,0.14538507
37765,L2/3 IT,0.14894113,-0.35474956
226124,Astro,-0.25570875,0.38375312
183504,L5 IT,0.17520806,-0.1322027
251559,Endo,-0.230481,0.37804163
189906,L4/5 IT,-0.15044427,-0.013847426
241418,L5 IT,0.003985606,-0.06861277
147108,L2/3 IT,-0.35707235,0.12718205
33153,L5 ET,0.20743921,0.2834015
189880,L2/3 IT,-0.31703913,-0.17182086
254249,VLMC,0.12681267,-0.49256945
166409,L2/3 IT,-0.31876278,0.11911993
147167,Endo,0.2946433,0.15982209
273713,Endo,0.2807341,-0.22663446
233965,L5/6 NP,0.09115776,-0.00032807887
147298,L4/5 IT,0.010226153,-0.16236128
183529,Sst,0.06666418,-0.03298439
226182,Micro,0.42186907,-0.06845777
240311,L2/3 IT,-0.0064915195,-0.28457773
151025,VLMC,-0.25462595,0.42353582
233800,L6 CT,0.30665335,0.08798854
190205,Sst,-0.14944154,-0.2934838
251468,L2/3 IT,0.009168528,-0.2670616
13321,L5/6 NP,0.050684832,-0.10946642
19903,L4/5 IT,-0.024999,-0.21374093
273353,Oligo,-0.04138676,0.030260727
162524,L4/5 IT,-0.16835064,-0.07332231
228141,L2/3 IT,0.21153125,-0.42122436
162530,L2/3 IT,-0.21782598,-0.099172756
13353,L4/5 IT,-0.1849527,-0.022480264
32404,Peri,0.2703651,-0.21007104
252270,L2/3 IT,-0.37929186,0.15126549
277956,L5 IT,0.19313219,0.33112186
162550,L6 IT,0.39033106,-0.056849852
247230,L5 IT,0.16550896,0.3600101
145513,L5 ET,0.29860362,-0.21776913
145570,L4/5 IT,-0.1273886,0.050155804
39791,Micro,-0.25203514,-0.29265922
225521,L2/3 IT,-0.39076754,0.12572484
240335,L2/3 IT,-0.24644646,0.035331294
225534,Astro,-0.5029055,0.09592633
234431,L2/3 IT,-0.26801577,-0.064416334
190470,L4/5 IT,-0.03696672,-0.13320391
255263,L5 IT,-0.018801428,0.1567546
183140,Vip,-0.32983816,0.17472927
167602,Peri,-0.04051409,0.41224527
190455,L5 IT,0.090848826,-0.075543895
232494,L6 CT,0.19715157,-0.13800208
225562,Micro,-0.014189698,-0.27714735
255250,L5 ET,0.021548174,-0.07066502
13312,Endo,-0.2070857,0.38945246
167743,L6 CT,0.26714858,0.14950882
13278,L2/3 IT,0.22544631,-0.4069252
255344,Endo,0.09614565,-0.35147303
40381,L2/3 IT,-0.42268553,0.068755135
239961,L2/3 IT,-0.3371676,-0.07449068
32229,Pvalb,0.18565229,-0.087800875
276932,L5/6 NP,0.16984347,0.016624555
228189,Astro,0.12830517,0.017509565
188316,L2/3 IT,-0.4346353,0.042252347
255387,L6 CT,0.313832,0.171849
40266,L4/5 IT,-0.14203557,-0.12986644
162365,Astro,0.053659163,-0.23022483
228170,L5 IT,0.090779744,-0.1328999
40247,Vip,0.2660471,-0.41906893
40242,Astro,-0.15199295,-0.14937083
252295,L6 CT,0.2142066,-0.005954817
162610,L2/3 IT,0.19243231,-0.29927975
183014,L5 IT,0.13985899,0.1358463
274677,L6 CT,0.3641235,-0.036808863
40126,L4/5 IT,-0.19419274,-0.033776775
13201,L2/3 IT,-0.13779894,0.36759168
40123,Peri,-0.07359431,0.011355564
167921,Vip,-0.27969873,0.23357587
167871,L6 IT,0.16317806,0.30371696
19978,L4/5 IT,-0.11322365,0.28337777
167841,Pvalb,-0.289609,-0.08573182
183048,PVM,-0.13595518,-0.34818637
276954,L2/3 IT,-0.34967282,0.15514039
277969,Endo,0.4273509,0.17960058
234478,L2/3 IT,0.29440704,-0.43316293
13267,Astro,-0.4087185,0.12564956
145117,L6 IT,0.35993597,-0.010799482
145757,L5/6 NP,0.012007557,0.08770649
167485,L2/3 IT,0.27912727,-0.37066764
39559,L2/3 IT,-0.06919334,0.36979175
19515,Micro,0.26261625,0.32349843
248602,Endo,0.23915604,-0.37931234
14061,Lamp5,-0.15717003,-0.3040883
14153,Endo,0.10437652,-0.11233951
151495,L5 IT,0.01697608,-0.035189703
39184,Oligo,0.42825225,0.00028209388
39170,L4/5 IT,-0.0033606067,0.3396651
19505,Micro,0.17962357,-0.50807536
167070,L2/3 IT,-0.41825455,0.15273581
39156,OPC,0.22359934,-0.46066695
39151,L2/3 IT,-0.2689688,0.050294504
151476,L4/5 IT,-0.19654173,0.014361307
32689,L4/5 IT,-0.007981099,0.26687062
145936,Endo,0.2744532,-0.45901263
225723,L6 CT,0.39937678,0.024185583
32699,L5/6 NP,0.22056785,-0.15788926
166941,L6 CT,0.27195796,-0.12084688
38938,L5 ET,0.29308626,-0.020449296
163023,VLMC,0.13227352,-0.4932989
252189,Peri,0.16281101,-0.13613476
188435,L5 ET,0.19596478,0.27173567
19389,Endo,0.07779958,0.19429718
252186,L5 ET,0.22820142,0.33750558
146253,VLMC,-0.4452902,0.27300006
146285,L2/3 IT,-0.3298685,-0.08696444
255106,Astro,-0.26981786,0.27761924
188446,L5 IT,0.14080974,0.26765817
19377,VLMC,-0.5520853,-0.04815699
228032,L6 CT,0.33738938,0.06763975
190213,L2/3 IT,-0.16506895,-0.23025177
234260,L6 IT,0.13582441,0.12748002
188416,Astro,0.18281129,-0.46328646
39530,Endo,-0.17815015,-0.1771364
39510,VLMC,0.049014173,-0.42578524
162700,Pvalb,-0.18362099,-0.21794842
13640,VLMC,-0.5669184,0.09714322
188390,Lamp5,0.24094656,-0.42537534
251381,L6 IT,0.2422708,0.013381466
145891,VLMC,0.14405331,-0.50525856
32550,L6 CT,0.39743516,0.24035297
274647,Peri,0.15104797,-0.44061255
167423,L2/3 IT,0.07711389,-0.37102765
39419,Astro,0.2526227,0.09935729
277927,L5 IT,0.11720105,0.31800073
19631,Micro,-0.44681126,-0.121859625
167155,L2/3 IT,-0.16890657,0.3684457
145902,VLMC,-0.55267334,0.026096031
234314,L4/5 IT,0.008824371,-0.19876887
32570,Oligo,0.0890735,0.116477415
167339,Vip,-0.1620546,0.19551979
39392,L5 ET,0.11526849,0.16482525
183235,L5 IT,0.28850225,0.15075086
167277,L6 CT,0.1827251,0.06525062
162726,L2/3 IT,0.22133365,-0.39471537
151603,Astro,-0.014078595,0.019439504
32574,L2/3 IT,-0.19357869,0.28368688
39365,Vip,0.053209446,0.35022044
32584,PVM,-0.45993266,0.15155475
39335,Astro,-0.18008685,-0.063458994
13931,L2/3 IT,0.26101014,-0.3918965
145903,L2/3 IT,-0.038535096,0.43184614
162346,L5 IT,0.34123477,0.21663015
254834,L2/3 IT,-0.2323651,-0.22886448
37106,L4/5 IT,-0.122387804,0.24001102
17060,L4/5 IT,-0.086616404,0.30909276
33903,Sst,-0.22808778,0.12723039
274414,L6 CT,0.35841987,0.065806195
150387,L5 ET,0.41043696,-0.124755666
150382,L2/3 IT,-0.15545607,-0.26151222
254513,VLMC,-0.4142607,0.29892504
35193,L5 IT,-0.044924773,0.10415302
33906,L6 IT,0.1359326,-0.0032829791
251904,L2/3 IT,-0.01968602,-0.22618692
35169,L2/3 IT,-0.2475709,-0.0686761
149395,Sst,0.23817137,-0.2785514
241256,L5 IT,0.07494762,0.20212458
277259,L2/3 IT,0.20100531,-0.43936104
18183,Pvalb,0.19536754,0.09385757
248427,L5 IT,0.37712303,0.17400049
18177,L2/3 IT,-0.007563688,-0.33099812
189185,VLMC,0.0062719807,-0.44106996
34910,Astro,-0.20327458,0.30212307
149499,L5 IT,0.08155938,0.29522634
149518,L2/3 IT,0.10231873,-0.37488455
150281,L2/3 IT,-0.25781238,0.21171062
17240,L2/3 IT,0.16695693,-0.37328058
240177,Peri,0.2986314,-0.119623944
233232,L4/5 IT,-0.04520855,0.31534582
277262,L2/3 IT,-0.19325683,0.34606063
33972,L6 IT Car3,0.35448447,0.20325015
164353,L4/5 IT,-0.044078566,0.3434658
149358,L4/5 IT,-0.18725553,-0.056887522
149355,PVM,-0.40470943,-0.03357275
17013,L4/5 IT,-0.032682337,0.25999153
227089,L4/5 IT,-0.017005183,0.17389898
148869,L2/3 IT,0.2891828,-0.40480465
164804,L6 CT,0.39687893,0.074000105
16594,L5 IT,-0.03551493,0.12740968
16607,Astro,0.07120528,-0.00397183
16608,Lamp5,-0.1593579,0.39326292
148921,L5 ET,0.07905384,-0.10724799
18418,Astro,0.146606,0.22114675
164779,VLMC,-0.17189962,-0.36274654
252002,L4/5 IT,-0.12757131,0.14040671
163968,L4/5 IT,0.018380128,-0.20237042
277490,L2/3 IT,0.2528374,-0.44854355
184053,Sst,-0.2907486,-0.019708052
149087,L6 IT,0.31216392,-0.18964632
150254,Vip,-0.21278998,0.26370913
164674,L4/5 IT,-0.25754088,-0.018558398
164613,L5 IT,-0.035185315,-0.014567986
16834,L2/3 IT,0.28339818,-0.3533064
16835,L2/3 IT,0.023935221,-0.36021042
227042,L4/5 IT,-0.07026873,0.11212753
16849,Peri,-0.11121363,-0.06862347
149197,L2/3 IT,-0.34456584,0.05816458
149263,OPC,0.16421989,-0.21289991
16865,Endo,0.21451005,0.22127156
18282,Lamp5,-0.49933615,0.07509665
184349,L6 CT,0.24364677,0.14547627
149291,L2/3 IT,-0.32358572,-0.10361381
184100,L2/3 IT,0.03365501,-0.30921406
149295,Lamp5,-0.23896623,-0.25474358
164001,L6 CT,0.20134977,0.107944116
149573,L6 IT,0.10240909,-0.082896695
34810,Oligo,0.4189835,0.006536886
277263,L2/3 IT,-0.32094777,0.19906817
17706,L6 CT,0.35689864,0.19707768
149833,Lamp5,0.24897072,-0.36101425
247510,L2/3 IT,-0.23727036,0.2670787
34555,L5/6 NP,0.22218338,0.27928162
251959,OPC,0.19279256,-0.017467275
149899,L2/3 IT,-0.29525578,0.22875868
227401,Micro,0.014691673,-0.1332659
277331,L2/3 IT,-0.15588737,-0.2126887
150149,SMC,0.23253492,-0.5335883
164145,Endo,0.01575061,-0.027278915
233105,L4/5 IT,0.2711722,-0.2663629
17767,L2/3 IT,-0.20940727,0.28730637
227417,L2/3 IT,-0.38477984,0.17787294
164295,L4/5 IT,-0.10015894,0.05890356
189016,L6 IT,0.4213532,-0.1901211
149950,VLMC,-0.54458135,0.056435093
34406,L6 CT,0.41712657,0.035721764
34391,L4/5 IT,0.02510681,0.24848495
184258,SMC,0.22617397,0.3284757
150116,L6 CT,0.25835636,0.2708425
34357,L4/5 IT,-0.1392149,0.0076226443
17799,L5 ET,0.022875331,0.09733157
274384,L2/3 IT,-0.10787935,-0.2781248
150043,L6 IT,0.3179218,-0.10193117
233055,Astro,-0.49265593,-0.110075876
150099,Endo,-0.24699885,0.2988047
274357,VLMC,0.07295539,-0.4190787
227475,Astro,-0.038135745,-0.35547054
17771,L2/3 IT,-0.29768258,-0.06306712
189357,Astro,0.1924946,-0.44879806
254392,Astro,0.2716984,-0.08041321
233029,L6 CT,0.1281195,0.083679125
227253,Lamp5,0.254921,0.059626088
34784,L4/5 IT,-0.008529283,0.28787953
149656,L5 IT,0.09548964,0.20008509
164128,L6 CT,0.2748274,0.061915025
34736,SMC,0.082104705,0.22847848
34733,L4/5 IT,-0.07983837,0.13431023
18074,L4/5 IT,0.048441432,0.32286066
17428,L5 IT,0.15013465,-0.2107554
164339,Oligo,0.37879017,-0.004739061
227289,L2/3 IT,-0.3843256,0.014591262
251945,Astro,0.3373871,0.023389742
34647,L6 IT Car3,0.32074305,0.10489337
188912,L5 IT,-0.07092247,0.05853556
17634,L5 IT,0.18847296,-0.09966473
227576,L5 IT,-0.039676644,-0.01082696
227304,L4/5 IT,-0.18196419,0.14249848
251949,Peri,-0.20978627,-0.031829074
150187,L4/5 IT,-0.050773658,0.26660115
149748,Peri,0.23652521,-0.4517575
17557,L2/3 IT,0.2985607,-0.4807868
34588,L2/3 IT,0.25169453,-0.41022193
227557,L6 IT Car3,0.2579212,0.1246569
274391,L5/6 NP,0.156719,0.20202433
189078,Endo,0.11127689,-0.00929524
164142,VLMC,-0.5547074,-0.031036213
34167,L2/3 IT,-0.33403155,-0.14328052
188935,L6 IT,0.18569818,-0.030829623
164306,L4/5 IT,-0.27894166,0.018849596
233020,L6 CT,0.19513705,-0.12669201
15484,L4/5 IT,-0.027732827,0.28590465
148851,L4/5 IT,-0.0679026,0.24589483
18491,OPC,0.18112412,-0.4410246
165462,L4/5 IT,0.038655482,-0.2316915
15796,L6 CT,0.36554274,-0.005666092
183829,L5 ET,0.320223,0.22444074
147893,L4/5 IT,-0.066751696,0.22575991
18886,L4/5 IT,-0.070575096,0.3368132
233649,Peri,0.10358878,0.014294133
189659,L4/5 IT,-0.07853795,0.3292786
274520,Astro,-0.3472115,-0.19459276
226511,L5 IT,0.07322659,-0.11645682
165408,Vip,-0.038435318,-0.27301776
147952,Lamp5,-0.44685516,0.018281743
36736,Endo,0.14555195,-0.30854058
15916,L2/3 IT,-0.30610323,0.16144763
165337,Endo,-0.1178929,-0.049151853
241358,L6 CT,0.4085228,0.23552094
273887,Pvalb,0.22710636,-0.18390442
274519,L2/3 IT,-0.39588395,-0.09230019
33416,L4/5 IT,-0.21179757,0.01965724
165333,Oligo,0.115486406,0.21221118
233603,L4/5 IT,0.015514277,0.37912977
36575,L6 CT,0.3606291,-0.04658939
274508,L5 IT,-0.050353326,0.07110672
163623,L5 IT,0.33672175,0.26391757
251792,VLMC,0.1905385,-0.5213461
165258,L2/3 IT,0.26719317,-0.37548548
165235,Astro,0.061750554,0.12727503
18840,L2/3 IT,-0.42468667,-0.014996722
165473,Peri,-0.029545285,0.13223682
33365,Astro,-0.15497729,-0.31187493
36829,L5 ET,0.29298428,-0.22722752
165534,L2/3 IT,-0.29404384,-0.028908506
277670,L4/5 IT,-0.08346484,-0.10747413
240085,L4/5 IT,0.03074845,0.268682
163499,VLMC,-0.23269248,-0.3262232
15538,L2/3 IT,-0.18206328,-0.24713399
147681,Micro,0.21954605,-0.07409443
15571,Astro,-0.36552593,0.17520784
33265,L2/3 IT,-0.20369169,0.27329874
37025,L6 IT Car3,0.42329863,0.054678664
273828,L2/3 IT,-0.44827035,0.008480415
163530,Sst,0.32736972,-0.024766639
150792,Micro,-0.15383893,-0.22951247
165653,Sst,-0.052839495,0.2925822
37006,L2/3 IT,-0.23096979,-0.21442463
18820,PVM,-0.16665766,-0.31004852
37003,Lamp5,-0.16698083,0.39314294
36971,Pvalb,-0.04227809,-0.083291456
150783,Peri,0.40235272,0.055923328
165571,L5 ET,0.361729,0.0013642758
277637,Micro,-0.0735094,0.102212474
15665,L4/5 IT,-0.07383127,0.2078285
147794,L6 CT,0.29223755,-0.0125937015
233712,L2/3 IT,-0.4164899,0.014008626
147815,L5 IT,-0.008579351,0.012959167
36942,Peri,-0.36489478,0.025282547
189699,L4/5 IT,-0.04170183,0.24215035
36910,L2/3 IT,-0.42838737,-0.031349912
183796,SMC,0.070482396,-0.22695966
163534,VLMC,-0.36608833,-0.2383063
18974,L2/3 IT,-0.35650352,-0.11092971
273932,SMC,0.16525653,-0.32271743
16044,Vip,-0.30927482,-0.12113525
274491,VLMC,0.16288623,-0.51025987
164977,L4/5 IT,-0.15188414,0.025395498
247454,L2/3 IT,-0.29212487,0.20231174
35988,L2/3 IT,-0.16906121,-0.14068134
35982,Micro,0.27010873,-0.030006602
18642,L2/3 IT,-0.09259573,-0.26438433
189455,Endo,0.22873637,0.3603781
164915,L2/3 IT,-0.16123748,0.34603095
35928,L2/3 IT,-0.21432477,-0.22685419
148555,Micro,0.37089673,0.116470024
35918,Sst,-0.1349957,0.014448032
33710,L2/3 IT,0.20615074,-0.37771708
274074,L4/5 IT,0.28917894,-0.2964192
248446,Oligo,0.29961285,-0.013611212
188745,L5 ET,0.033974312,0.06318186
150572,L2/3 IT,-0.37717792,0.120113835
16502,Peri,0.14260927,0.011691973
35849,L2/3 IT,0.08904251,-0.30554682
164884,L6 IT,0.39836076,-0.16929068
16504,L5/6 NP,0.2675793,-0.08633433
254615,L4/5 IT,-0.10772372,-0.12368183
148744,L2/3 IT,0.017397724,-0.31392133
35760,L4/5 IT,-0.14940342,-0.14170854
274447,L2/3 IT,-0.21236286,-0.16269402
35689,Endo,0.35205957,0.03866248
148807,L6 CT,0.11097374,0.006612763
274119,L2/3 IT,-0.30153084,0.10878758
164874,L2/3 IT,-0.31824043,0.2128176
150527,L2/3 IT,-0.2575974,-0.112252966
164892,L5 ET,0.08019056,0.124166355
277517,L5 ET,0.2844303,0.19614469
165003,Astro,-0.1593863,0.33345175
165037,L6 CT,0.3676134,0.21281026
241344,L4/5 IT,0.17951706,-0.2689734
16055,Astro,-0.11673776,-0.33581644
148293,L4/5 IT,0.06570145,0.31258583
189538,L6 CT,0.33506718,0.1617497
165174,Endo,-0.5143223,-0.104797944
33552,Astro,0.17126557,0.26610714
148321,L6 CT,0.3518404,0.26777846
36363,Oligo,0.35947785,-0.13684662
150684,Peri,-0.07775185,-0.2689116
16132,L6 IT,0.054877244,0.055311486
36325,L6 CT,0.32931808,0.030022606
36321,L2/3 IT,-0.23182434,-0.06991924
148335,L2/3 IT,0.13205817,-0.31446135
148489,L4/5 IT,-0.026231624,0.30720174
240278,L6 CT,0.32546172,0.10298036
148371,Sst,0.07996263,0.09881751
226704,Micro,0.42609116,0.020589516
165116,L6 IT,0.22064468,-0.085672095
36195,L6 IT,0.40550908,0.017007157
165086,PVM,-0.11881266,0.09898655
251823,L4/5 IT,-0.16341439,0.0809332
189495,L2/3 IT,-0.34899876,0.13099216
33639,L2/3 IT,0.25125483,-0.44280988
226754,L5 IT,-0.06442789,-0.022237852
163711,L2/3 IT,-0.01817707,-0.28153527
36079,L2/3 IT,0.17268863,-0.34082305
16224,Endo,0.34916374,-0.06409754
277585,Endo,-0.19019824,0.3892786
189519,Astro,-0.3565332,0.08439581
168011,Endo,0.012164496,0.05887769
13092,L2/3 IT,0.0028999075,-0.33821917
40408,Vip,0.28354052,-0.44496673
191784,Astro,0.26951084,0.12821041
170527,L5 IT,0.037477754,-0.071405485
9960,L2/3 IT,-0.50518346,-0.10167469
141428,L6 CT,0.22433022,-0.017513886
223779,L4/5 IT,-0.20746344,0.06282465
182152,L6 IT,0.06401815,-0.043824866
170474,Endo,-0.16722229,-0.12484436
252444,L6 IT,0.35642895,0.13106029
153564,L2/3 IT,-0.29861203,0.13988595
153549,PVM,0.13704476,0.022591218
170466,L5 IT,0.006995164,-0.1745583
170447,L6 IT,0.3564144,-0.1334772
44452,Astro,0.20890042,0.18150012
21249,L6 CT,0.31780782,0.23136304
228715,L5 IT,0.08032521,0.18339853
44417,L4/5 IT,-0.098421074,-0.13336425
161504,VLMC,-0.32343364,-0.27812487
153448,Peri,0.09599652,0.3192826
21172,L5 IT,0.09042945,-0.14963709
141557,OPC,0.022550605,0.15742467
170378,L2/3 IT,0.24346825,-0.44559616
253832,L2/3 IT,-0.05973605,-0.19173108
187825,L2/3 IT,0.07834651,-0.27043617
10320,L5 ET,0.0034032091,0.0739402
141611,Oligo,0.41370347,-0.1936679
253834,L5/6 NP,-0.043988205,0.042916045
10402,L2/3 IT,0.2859538,-0.41897446
255987,L2/3 IT,-0.31979102,0.17259882
191793,L2/3 IT,-0.13255921,0.33719522
44608,L4/5 IT,0.24217722,-0.28605217
223734,L5/6 NP,0.31444475,-0.0324405
276663,Endo,-0.1367074,0.22661369
240964,L5 IT,0.036036573,0.20845883
21339,Endo,0.23134592,-0.46858746
44928,Pvalb,0.05317136,0.25567722
191844,OPC,-0.117903866,-0.16464041
9701,L2/3 IT,-0.2844813,0.15391032
235698,L2/3 IT,-0.23055461,-0.1971937
44864,Endo,0.12884107,-0.011976317
44852,L2/3 IT,-0.4355922,-0.006695345
153620,Endo,-0.23763806,0.1446449
44848,L2/3 IT,-0.36656418,0.15559767
170653,L5 IT,0.0759578,0.31265295
44819,Pvalb,0.29830757,-0.053671613
44181,L4/5 IT,-0.12762073,-0.0911376
182084,Micro,-0.043261804,0.1847273
170614,SMC,-0.05595527,-0.018737927
187757,L5 ET,0.21147409,-0.09436284
9863,L4/5 IT,-0.036767222,-0.18415277
30366,Astro,-0.42004502,0.23791878
161321,L6 CT,0.32875213,0.2205184
252463,L6 IT,0.15955254,0.13599591
9900,VLMC,-0.50821626,0.18804799
141290,OPC,0.2004039,-0.05195166
161373,L5 IT,0.4252108,0.09581618
141311,Vip,-0.34915403,-0.06518482
141335,L6 IT,0.18543664,0.041902706
235647,L4/5 IT,0.16663799,-0.25652814
255994,L4/5 IT,-0.056244828,0.21560346
9818,PVM,0.02792617,-0.13336258
44168,L4/5 IT,-0.10283432,0.14989828
30626,L5 IT,0.17857918,-0.16771953
10407,L4/5 IT,0.0451388,0.20217179
153143,L4/5 IT,-0.18400261,-0.049407735
187919,L5 IT,-0.012702979,0.16155563
191580,L5 IT,0.39339224,0.15721385
30952,VLMC,0.1550509,-0.5084048
169902,L4/5 IT,-0.13486916,-0.12678672
235373,Oligo,0.3556967,-0.16416185
43731,VLMC,-0.009549178,-0.43689692
182365,L2/3 IT,0.2622566,-0.44518316
10949,L4/5 IT,0.25129613,-0.26356608
10952,Astro,-0.28802156,0.29456526
255832,L4/5 IT,-0.23293298,0.23824726
142233,Oligo,0.14695337,-0.3050856
142243,L4/5 IT,0.272952,-0.272803
255839,L4/5 IT,0.15284297,-0.27232093
235344,L2/3 IT,-0.31731227,0.12768911
30976,L2/3 IT,0.24965063,-0.46027905
169870,L6 IT,0.17817953,-0.14626242
182374,Micro,0.20794997,-0.49741536
43616,Endo,0.19522873,0.24112247
43592,Astro,-0.1753495,0.43438923
31008,Lamp5,-0.44707584,0.10673253
43588,SMC,-0.05099062,-0.1826723
142339,L4/5 IT,0.10832032,-0.1994612
182379,Peri,-0.17113644,0.02842389
161790,PVM,-0.025631465,0.3395787
11142,L6 IT,0.3311986,-0.10482903
43532,L6 IT Car3,0.19525263,0.11720686
142423,L5 ET,0.35235986,-0.06797241
11051,Peri,-0.16340762,0.18319415
256027,L5 ET,0.16858467,-0.18651928
235413,L2/3 IT,-0.50473297,0.15598886
20921,L5 ET,0.086923085,-0.023424283
248818,Oligo,-0.17604426,0.07998942
223894,Astro,0.0029851422,0.16489683
250888,L2/3 IT,0.121037684,-0.33765453
255939,L2/3 IT,-0.23108569,0.13485931
252443,L6 IT,0.36724958,0.10580139
185170,Micro,0.3873141,0.16890661
231971,Astro,-0.38376257,0.23683171
272619,Oligo,0.27761254,0.112994894
170275,L2/3 IT,0.12181475,-0.35141432
153313,Peri,0.39597496,0.07948427
187878,Pvalb,-0.21310765,0.08922641
161558,L6 CT,0.23690686,-0.02007778
141933,L6 CT,0.38620582,-0.19495599
232040,L4/5 IT,-0.20303214,0.13725607
153276,Oligo,0.25888517,0.06457828
182268,OPC,0.37447122,0.20577715
153273,VLMC,-0.54704267,0.0078022927
43999,L2/3 IT,0.088174425,-0.38405663
228647,Pvalb,0.14600131,-0.21722509
141990,Endo,0.09237101,-0.46925193
153268,L2/3 IT,-0.48155537,-0.08139567
170038,L4/5 IT,-0.118552126,0.15452956
161654,Sncg,-0.3510281,0.21432881
43940,Pvalb,-0.21593994,-0.19684447
142019,L5/6 NP,0.2905003,-0.1992117
278380,Astro,0.23189148,0.299623
153252,L2/3 IT,-0.40679953,-0.015875235
191601,L5 ET,0.42026356,-0.1480058
182257,Astro,0.05482527,0.22746955
239810,Endo,-0.19804972,-0.21320535
141146,Endo,0.15271774,0.31898522
153677,Astro,-0.36360893,0.15033613
29803,Oligo,0.22989216,0.08072518
278794,L2/3 IT,0.2503535,-0.4713415
21792,VLMC,-0.15619245,-0.34555322
250614,Oligo,0.09933015,-0.29850382
8858,L2/3 IT,-0.32879537,0.041501746
228918,OPC,-0.023403205,-0.42185152
21766,L4/5 IT,-0.20438385,0.12750213
171577,L2/3 IT,-0.1363174,0.35289258
241855,Endo,-0.25832862,0.19612639
46198,L6 CT,0.27401057,0.08524023
154015,Endo,0.10164621,-0.32909524
46167,L5 ET,-0.036210336,0.008860275
21718,Endo,0.16155353,-0.015288547
140366,L6 IT,0.14740244,0.10898982
171553,L2/3 IT,-0.2642295,-0.014054671
8975,Oligo,0.021624051,-0.08753331
235949,L6 IT,0.37282827,0.12332283
29863,L5 IT,0.11377957,0.2450835
235936,VLMC,-0.35696903,0.3526737
171273,L5 IT,0.22366974,-0.2312331
231773,L2/3 IT,0.117572926,-0.32339698
181850,Astro,0.31854644,-0.13677676
46123,L2/3 IT,-0.31600702,0.1875832
46099,L4/5 IT,-0.09702287,-0.08899568
235894,L2/3 IT,-0.26521254,-0.10014723
275120,L2/3 IT,-0.12513518,-0.25664383
228893,L4/5 IT,-0.03182129,0.30136847
250607,L4/5 IT,0.08276489,-0.23390679
8718,L4/5 IT,0.13419989,-0.2508992
21814,L2/3 IT,-0.20492688,0.32627606
8636,L6 CT,0.31020394,0.10139279
154165,L2/3 IT,0.053869985,-0.28386104
278874,Micro,0.0053654537,0.031385764
154149,Endo,-0.0975875,0.20230608
171971,Pvalb,0.20840254,0.34023625
185400,L2/3 IT,-0.3397284,0.08383499
171919,Endo,-0.12810078,0.08739351
140017,Oligo,0.017914914,0.039133295
223219,L5 IT,0.24471924,-0.20864289
8448,Sst,0.31923833,0.09777193
8456,Endo,0.14112481,0.3543597
29665,L4/5 IT,-0.06138412,0.27172297
46536,L2/3 IT,0.26269242,-0.36631215
8517,L6 IT,0.425092,0.14557134
181879,L2/3 IT,-0.016415633,-0.3181944
140056,Astro,-0.5161082,-0.100759014
171804,L4/5 IT,0.025127195,0.31612724
160811,L4/5 IT,0.004079245,0.30440944
46499,L5 IT,0.06136086,-0.10450895
8536,L2/3 IT,-0.09985448,-0.21466775
185385,Sst,-0.05148325,0.28985822
171794,L6 IT,0.37982747,0.06415914
154109,Endo,-0.3079883,-0.10723512
275160,Lamp5,0.1363639,-0.2608661
29702,L4/5 IT,-0.025280513,0.27221668
228931,L5 IT,0.0043039545,0.07035296
171758,L6 IT,0.32302263,-0.08422445
253747,Astro,-0.07443369,0.16183506
181693,VLMC,-0.4958117,0.20313238
171812,Oligo,0.27249452,-0.13270397
253758,PVM,0.052638672,0.27926755
21560,L2/3 IT,0.08014115,-0.30841047
153949,L2/3 IT,-0.3478953,-0.014910772
30066,L6 CT,0.28277925,0.17857806
250778,Micro,0.26143047,0.19962953
9528,Astro,-0.32513016,0.32261765
191984,L4/5 IT,-0.26871407,-0.078863725
170865,L2/3 IT,-0.37567768,0.14062743
272410,L6 IT,0.12774792,-0.0032892972
170852,PVM,0.13417116,-0.15557836
246989,L2/3 IT,-0.1323426,-0.20367129
272422,L4/5 IT,-0.14107156,-0.14844932
272426,L6 IT,0.174041,-0.04419644
235774,L2/3 IT,-0.28956184,-0.17874809
45342,VLMC,-0.1723119,-0.35099548
170832,Oligo,-0.13672417,-0.11425306
9490,Pvalb,0.26589146,0.33393955
140937,VLMC,0.14874324,-0.5064976
45274,L5 ET,0.30196568,0.11934672
140966,L6 IT Car3,0.3281035,0.1664624
30101,L2/3 IT,0.108700655,-0.3461144
239751,PVM,0.21262404,-0.5229317
45269,L5 IT,-0.09764723,-0.003698483
140998,Peri,-0.36849704,-0.032148853
21366,L4/5 IT,-0.14795774,0.24799244
141075,L6 IT,0.26922026,0.06933181
45106,L4/5 IT,-0.078185745,0.30403203
30158,L4/5 IT,0.2678505,-0.34014368
45079,L5 IT,0.17703441,0.1774718
45067,L4/5 IT,-0.14337921,-0.08632867
153683,Astro,-0.13223219,0.056998655
21375,L4/5 IT,-0.23732847,0.090568885
153658,L5 IT,-0.074226744,-0.05526556
239744,Endo,0.33630624,0.18433098
21415,L4/5 IT,0.16632608,-0.19816019
171103,Endo,-0.22982305,0.07469468
187647,L6 IT,0.34864393,-0.09497781
46048,Oligo,0.33676568,-0.057963446
248866,SMC,0.2565191,0.3387686
140435,L6 IT Car3,0.21058205,0.2056313
29921,OPC,-0.030301012,0.06019102
153837,L2/3 IT,-0.3043544,0.12371962
223396,Sst,0.16013947,-0.18075778
140484,L4/5 IT,0.054458223,-0.16897388
45918,SMC,0.08518913,-0.21808644
29950,SMC,0.18568912,0.1837381
17931,L2/3 IT,-0.22819659,-0.14804225
140506,Astro,-0.056630947,-0.35116345
45553,L6 CT,0.29589793,-0.14835964
9285,SMC,-0.15095371,0.18480663
140511,L2/3 IT,-0.40615478,0.02174823
235847,L2/3 IT,-0.05680559,-0.2221481
45768,Endo,0.1479316,-0.2934832
228868,L4/5 IT,0.010954462,0.3661915
21484,SMC,-0.2901281,0.049831495
9302,Endo,0.19217691,-0.50425416
187677,L2/3 IT,-0.21791056,-0.2571159
161118,L5 IT,0.026349448,-0.21760373
45687,L6 IT,0.16711673,0.021317288
161134,L4/5 IT,0.023247562,0.3656388
9457,L2/3 IT,-0.22354704,0.27741992
153784,L4/5 IT,-0.090971865,0.24163245
45558,Astro,0.22756866,-0.12147297
272361,L6 CT,0.17598614,0.1280279
191487,L6 IT,0.11524721,0.101033136
31055,Vip,-0.23717254,-0.23594274
224180,L6 IT,0.17487946,-0.10566048
239909,Peri,-0.04742161,-0.0150731355
168657,L2/3 IT,-0.34753433,0.12327354
144123,L5 IT,0.23867086,0.3522877
12405,Micro,-0.44899723,0.13903312
31783,L4/5 IT,-0.20672089,0.25247413
41412,L6 IT,0.26314703,-0.15068062
144139,Peri,0.18292949,-0.24951868
168647,L4/5 IT,-0.055921055,0.19589125
168639,L2/3 IT,-0.42548826,0.0070512146
41326,L2/3 IT,0.17671993,-0.4230246
273104,L2/3 IT,0.0022045001,-0.30120623
225014,L2/3 IT,-0.1599684,0.35817754
225019,L4/5 IT,-0.057521023,0.2593906
152310,L2/3 IT,-0.067330875,0.4060499
12469,OPC,-0.15052918,0.12850492
168591,L6 CT,0.2639086,0.1041898
20326,PVM,0.13756487,-0.14650609
12517,Astro,-0.4515654,-0.013488069
162141,Pvalb,0.049503587,0.19215374
241552,L6 IT Car3,0.31025562,0.05189477
31890,L5 ET,0.043829344,0.1387643
182836,L2/3 IT,-0.19577855,-0.20342498
168512,L2/3 IT,0.051115178,-0.23535646
247683,L5 IT,-0.010015644,-0.06574772
225076,L6 IT,0.28447482,-0.04477878
255470,L2/3 IT,0.2597507,-0.4618106
41091,L5 ET,0.05469098,-0.07203613
41491,L2/3 IT,-0.30807287,0.05304472
31772,L4/5 IT,0.2968112,-0.27879375
41526,Peri,0.2893068,-0.11274682
252359,SMC,0.15988383,0.18589567
12045,L2/3 IT,-0.06287984,-0.21756558
224814,L2/3 IT,-0.26710987,0.2551118
152461,L4/5 IT,-0.29788435,0.029153392
31649,Micro,0.058644794,-0.36576033
224830,Endo,-0.13738891,0.20074664
12064,L6 CT,0.41862902,-0.11524458
234922,SMC,-0.3996092,0.3060271
255562,L5 IT,0.024201237,0.18030487
143993,Endo,0.39988068,0.11813514
41756,OPC,-0.22680062,0.396864
168889,L2/3 IT,0.036385916,-0.26865494
41660,Astro,-0.27606967,0.1007518
168887,L2/3 IT,-0.25440383,0.16927783
12586,Astro,0.37127057,0.24316995
12145,Endo,0.40588197,-0.16064133
276869,VLMC,0.0892879,-0.473454
190989,SMC,-0.34807253,0.062601075
168885,L4/5 IT,-0.28079993,0.10865508
162059,L2/3 IT,-0.18433803,0.34061337
255560,Peri,-0.049752213,0.18334912
12245,L2/3 IT,-0.3937038,0.14859252
41569,Peri,-0.0062332526,0.321447
20396,L4/5 IT,-0.16823795,0.020307943
20393,Vip,-0.102028824,0.3916328
31754,L4/5 IT,0.23321095,-0.3330329
168785,L4/5 IT,-0.16209397,0.032577798
20388,L4/5 IT,-0.08855314,-0.02914311
41537,L4/5 IT,0.033628546,-0.2372358
228386,Endo,-0.410487,-0.18988337
225095,L6 CT,0.116599225,0.02325742
144371,L6 IT,0.05753263,0.06360553
168487,Micro,0.2246134,0.35462344
12901,L4/5 IT,0.11049529,-0.21381612
225247,L4/5 IT,-0.26060334,0.15380578
144724,VLMC,-0.5041539,0.1942582
278034,L5 ET,0.08305349,-0.08956598
12922,L6 IT,0.2839631,0.1254233
168287,L4/5 IT,-0.051555254,0.3371771
168284,OPC,-0.22047198,-0.24572374
182947,Endo,0.25876573,0.18273972
232341,Oligo,0.026559614,0.23081736
40650,L5 ET,0.18312803,0.3133428
232348,L2/3 IT,-0.060046293,0.3648374
144822,VLMC,-0.5691301,0.093620345
278014,L6 IT,0.23572102,-0.081562534
20095,L4/5 IT,0.0908375,0.33631784
190709,L6 IT,0.2768781,-0.042110756
255422,Oligo,-0.03393171,-0.13092525
20057,L6 IT,0.2896932,0.29197454
144879,Astro,0.3761374,0.20300858
144883,PVM,-0.39049152,0.20626573
144930,Endo,0.15831158,0.025276825
144947,L6 IT,0.23565325,0.09854232
13072,L6 CT,0.19330946,0.013233826
277999,OPC,0.2489604,-0.22206743
145012,L6 IT,0.289946,0.07774614
40444,L4/5 IT,0.13531628,-0.28633487
13080,Astro,0.047581397,-0.06744869
40424,L4/5 IT,-0.15713352,-0.11859162
20049,L2/3 IT,-0.25863564,0.28684926
182976,Astro,0.1846079,-0.41042233
191039,Pvalb,0.32370356,0.25883597
190760,L4/5 IT,0.24778464,-0.24541692
273194,L4/5 IT,-0.0014506951,0.2784509
144409,Peri,0.3364202,-0.062341496
12615,L4/5 IT,-0.18732366,0.19345592
251216,Pvalb,0.10904416,0.23659943
144465,Micro,0.2688277,-0.4378575
190823,L2/3 IT,0.21263471,-0.37185025
162209,Endo,0.021138154,-0.18438904
12635,L2/3 IT,-0.2953155,-0.06108488
20192,L4/5 IT,-0.18451267,0.1633573
251226,L4/5 IT,-0.16671544,0.013114497
40908,OPC,-0.31682637,0.33384067
225167,L5 IT,0.011509739,0.01991193
190805,L2/3 IT,0.014932834,-0.2506672
234728,L4/5 IT,0.04290601,0.34125066
40724,Micro,-0.4530537,0.18208854
168412,Peri,0.14104185,-0.14876528
232304,L4/5 IT,-0.10373018,0.16925858
158147,L5 IT,-0.033258893,0.08039449
278081,SMC,0.07843109,-0.22327776
32020,L4/5 IT,-0.0030997768,0.40222377
182879,Astro,-0.2336016,0.360146
152184,Endo,0.24208161,-0.015098289
190789,Micro,-0.35709366,0.29870325
144547,VLMC,0.057548426,-0.41318285
12744,SMC,-0.28426304,-0.114574745
144578,L6 CT,0.31056747,-0.16541703
152182,L2/3 IT,-0.19017982,-0.12231918
168355,Sst,-0.09218023,0.06862871
190764,L4/5 IT,-0.0034791008,0.2592557
40860,Endo,0.107349835,-0.26311636
191042,L6 CT,0.37554756,-0.032431617
191061,VLMC,0.1923587,-0.52253485
234940,L6 CT,0.37610093,0.15534423
169569,OPC,-0.14940119,0.2503897
169565,Endo,-0.39726764,0.0071298927
42948,Endo,0.030374967,0.3846237
11519,Endo,0.20059338,-0.22847722
169549,Lamp5,0.14578441,-0.4652027
274853,L6 CT,0.32166317,0.19677769
142797,Pvalb,0.13232163,-0.35016316
169454,Astro,-0.07877234,0.31637347
239844,L6 CT,0.42740932,-0.22243969
42875,Oligo,0.16297081,0.16747247
272826,L2/3 IT,-0.16501343,-0.17251863
152851,L2/3 IT,-0.2882201,-0.11221789
42856,L2/3 IT,-0.3309129,0.08523564
241659,Endo,0.16817018,0.04284291
31206,Endo,-0.50943416,0.097424075
191374,L5 IT,0.4199275,-0.17590259
241648,Peri,-0.45320094,0.23429851
152776,Vip,0.19438061,-0.37470156
191370,L5 IT,-0.01953689,-0.100781634
161935,L2/3 IT,-0.2547583,0.12082325
42772,L4/5 IT,-0.07633684,0.33126146
274835,Endo,0.24160448,-0.018001989
191348,Astro,-0.05353556,0.23470698
42690,L2/3 IT,-0.38425198,-0.03519465
224445,L4/5 IT,0.1054193,-0.23256965
241007,L2/3 IT,0.002563499,-0.32861876
11674,L6 IT,0.39418808,-0.20663045
142952,PVM,0.40105715,0.28292686
241650,Oligo,0.36303392,-0.08959432
42576,L4/5 IT,-0.0056599155,0.36102504
142651,L2/3 IT,-0.062190928,-0.2295896
142627,L6 CT,0.29252973,0.23332356
161809,Astro,-0.09428776,0.1340336
224203,L6 IT,0.32471696,-0.17090718
43393,L2/3 IT,-0.35191044,-0.120014265
43389,L4/5 IT,-0.17447072,0.034161016
11222,Endo,-0.07765306,-0.25279504
43344,Vip,0.12301024,-0.38354427
142503,L4/5 IT,-0.050492145,0.33177382
142514,Astro,-0.08503286,-0.3929401
142519,L4/5 IT,0.027666949,0.43055564
11247,Endo,0.26308277,0.23937969
11289,L2/3 IT,-0.38818258,-0.022177294
43253,OPC,-0.066392995,-0.38928556
235242,Sst,0.23656884,0.055919394
191404,Vip,-0.08707354,0.4044534
224254,L6 IT,0.35212353,-0.07694091
248769,Endo,0.07604822,0.19223474
43229,Endo,-0.017680205,-0.17638053
11386,Astro,-0.42183903,-0.06783463
169616,L6 CT,0.3790646,0.10306214
11433,L6 CT,0.41779545,-0.08634074
191420,Endo,0.4207501,0.10306661
224272,Vip,-0.10545675,-0.2344416
191414,L2/3 IT,-0.3181765,-0.15109785
169602,OPC,-0.3499563,0.09401105
20805,Oligo,0.18464991,-0.09236632
169570,L2/3 IT,0.013901375,-0.28350097
224297,L6 IT,0.38958016,0.16322254
43095,L5 IT,0.03322562,0.049038097
274881,L2/3 IT,0.18249461,-0.38887066
223191,Micro,0.19009396,-0.2282254
152702,PVM,0.14723489,-0.14385365
224501,Oligo,-0.30386046,0.11849217
143398,Endo,-0.43745098,0.1576588
31392,L5 IT,0.11869576,0.13156824
42102,L2/3 IT,-0.12142185,-0.2109514
152586,Astro,0.4276618,0.16961579
191156,L2/3 IT,-0.34169188,0.214765
235012,L2/3 IT,-0.061833538,0.41227877
31419,Astro,-0.34246543,0.24320666
276836,Oligo,0.36190078,-0.043704227
169054,VLMC,0.29421976,-0.56117064
169053,L5 IT,0.053039335,-0.21895732
11908,Pvalb,0.22619048,0.11664985
234997,L2/3 IT,0.23735073,-0.41131914
253972,L2/3 IT,0.090236746,-0.32556003
228440,L6 CT,0.31772485,0.20447455
41996,L6 CT,0.2824106,0.22545348
41967,L2/3 IT,-0.26561674,0.19102983
188100,L2/3 IT,0.009141706,-0.24129148
11954,L2/3 IT,-0.34813485,-0.1187994
276845,Pvalb,0.038906954,0.30515254
152498,L5/6 NP,0.29408482,-0.08177899
41938,Astro,0.014384292,0.36183596
234965,Oligo,0.31699488,0.009612426
41909,L4/5 IT,-0.10987384,0.26095295
41908,L6 IT,0.11454918,0.00059990585
168918,L2/3 IT,-0.097885795,0.39063036
12015,L2/3 IT,-0.06754909,-0.27593458
41895,OPC,0.14529434,0.17826287
20469,Astro,0.19952378,0.07714735
41971,L6 CT,0.42025456,0.17759995
272905,Micro,0.22011265,-0.30577123
191188,Astro,-0.4617974,0.02987288
276820,Sst,0.15574047,0.05761276
161960,L5 IT,0.026425622,0.19069146
11709,Astro,0.12002619,-0.068545654
143143,L4/5 IT,-0.17651561,0.17726009
235091,L6 IT Car3,0.2735825,0.30393964
143165,L4/5 IT,-0.07065419,0.19781475
143173,L2/3 IT,0.072667085,-0.3205071
161962,L5 IT,-0.028757192,-0.028556183
143205,L5 IT,0.05356332,0.29130185
143210,Oligo,0.2949216,-0.19312163
42385,L2/3 IT,-0.009246327,-0.27825612
161968,L2/3 IT,0.07620027,-0.29983187
11775,L2/3 IT,-0.0830671,-0.2154104
143237,L2/3 IT,-0.104299374,-0.17765383
11832,OPC,-0.034993865,-0.0651017
255661,L5 IT,-0.07212571,0.047957584
272946,L5 IT,0.23579916,0.3532288
241611,L2/3 IT,-0.12512258,-0.2733494
143298,Peri,0.19785473,0.29999357
42276,L2/3 IT,-0.17866024,-0.19870506
255650,L4/5 IT,-0.0055233613,0.4047438
143341,Endo,0.17454591,-0.28895867
228466,Astro,0.33161733,0.21186851
169123,L4/5 IT,0.023048423,-0.2296157
11815,L5 IT,-0.10716618,0.1165102
42213,L2/3 IT,-0.3707085,-0.08740918
188063,L6 IT,0.07888725,0.05465226
191196,Endo,0.32026497,-0.20645092
161996,VLMC,-0.38855127,0.3161742
11780,Astro,-0.21587375,-0.25014257
158186,PVM,0.35661003,-0.23558392
179075,Endo,-0.11880235,0.16389917
113893,L2/3 IT,-0.304121,-0.09284495
258281,Sst,-0.23657367,0.29151094
116651,L6 IT Car3,0.20282742,0.19259982
75269,L5 ET,0.29670534,0.33116108
75270,L2/3 IT,-0.30654973,0.22646378
89370,L4/5 IT,-0.14814919,0.1360272
113288,Micro,0.16195193,-0.432294
80145,PVM,-0.19605264,-0.34185714
79507,L4/5 IT,0.21936008,-0.28647566
127358,L6 CT,0.24505207,0.1910172
104173,L2/3 IT,-0.053910352,-0.29779458
243396,L2/3 IT,0.23628697,-0.4054445
196636,L4/5 IT,0.25449392,-0.28128594
102103,L4/5 IT,-0.20709702,-0.08603631
110892,L2/3 IT,0.06291082,-0.26338106
62667,Astro,-0.12719458,-0.3086282
127385,VLMC,-0.47909406,0.24208234
116585,L4/5 IT,0.26850548,-0.3096468
242985,L4/5 IT,0.10389259,-0.24992846
116536,L2/3 IT,-0.10021607,-0.17618443
127350,L5 IT,-0.08878688,0.10627769
62642,L6 CT,0.15117612,0.03197013
217990,L2/3 IT,0.13782892,-0.36058712
266591,Astro,-0.19656917,0.2318968
211501,Micro,0.23755285,-0.07015221
260130,L6 CT,0.25307402,0.1725481
213786,PVM,-0.16916612,-0.35357976
243389,L5 ET,0.11236324,0.16398548
75192,L6 CT,0.2652054,0.05111812
127290,L2/3 IT,-0.20305344,-0.09628542
245713,L6 CT,0.31428596,0.18200044
123369,Astro,-0.06817446,-0.04907705
266165,L6 CT,0.41656676,-0.013665512
123343,L5 IT,-0.042049505,-0.056380406
62810,L2/3 IT,-0.39385262,0.060496315
62759,L4/5 IT,-0.10486434,0.21374951
87284,SMC,0.4109774,0.26802903
216412,Astro,-0.059794463,-0.2576462
106061,L5 IT,0.025497459,0.10027985
67061,L4/5 IT,-0.14600554,-0.08171494
87226,L4/5 IT,-0.20839614,0.09889202
243393,VLMC,0.2072216,-0.52494365
264411,Astro,-0.17797485,-0.2910285
210863,L6 IT,0.1508446,-0.0214196
245874,Peri,-0.18116903,0.13569932
102174,L5 IT,0.28822944,-0.20673789
75329,L4/5 IT,0.18623534,-0.27935845
258257,L2/3 IT,-0.38479888,-0.05404325
263936,L2/3 IT,-0.24068761,-0.15758418
266484,L4/5 IT,0.08755555,0.3623433
209716,Peri,-0.34105656,-0.15827934
213674,L6 IT Car3,0.42634556,0.06336765
99728,L6 CT,0.40798303,-0.07677637
218083,Micro,-0.31559893,0.039080366
260185,Astro,0.14759037,0.19734947
83731,Pvalb,0.37067392,0.26470262
102181,L5 IT,0.24044034,-0.20802177
84720,L4/5 IT,0.24024794,-0.3238464
62483,L6 IT,0.22220984,0.14105998
104017,L5 IT,0.16628447,0.35167795
99721,Endo,0.21169004,0.15796624
87138,OPC,0.07723626,-0.005589977
123096,L5 ET,0.16444138,-0.15421681
81989,L5 IT,0.08697798,0.19956754
75501,Endo,0.3728163,0.090264186
89459,L2/3 IT,-0.35069335,0.12145595
243416,L2/3 IT,-0.40376547,0.03905253
213680,L6 IT,0.38691315,-0.05614765
89428,L2/3 IT,-0.43977496,0.0071015805
104067,L6 IT,0.38225976,0.1168233
245262,L2/3 IT,-0.3761103,-0.090559855
67134,L2/3 IT,-0.019525267,-0.29829943
71640,L2/3 IT,-0.4093464,-0.06266554
209049,L4/5 IT,0.05524399,-0.17326702
209042,L4/5 IT,0.19443163,-0.27120274
62613,Astro,-0.23109055,0.3311473
106158,Micro,0.10732242,-0.39574826
199196,Peri,0.1692423,0.27158362
218048,L6 CT,0.33449188,0.22040193
266332,Peri,0.2569013,-0.3622402
108370,L5 ET,0.101284645,-0.018975511
84157,Endo,0.050056957,0.07835524
81917,L5 IT,0.05365821,-0.020372406
266157,Endo,-0.033220805,0.13769136
91779,L2/3 IT,-0.36872432,0.051046893
116507,Peri,0.079357944,-0.29047948
245120,Astro,-0.4607806,-0.074342355
116497,Oligo,0.33743748,0.24013244
218058,L2/3 IT,-0.36815,-0.13131376
75422,L2/3 IT,-0.29335165,-0.14788987
213714,Astro,0.34114888,-0.1292388
116330,Micro,0.12651142,0.33229
127211,L2/3 IT,-0.15164977,0.38157213
127193,Endo,0.40810475,-0.0025893003
108423,L4/5 IT,-0.13388705,0.2522257
74920,Endo,0.124446236,-0.25329268
101853,OPC,-0.21176302,0.37621891
258968,L5 ET,0.3193197,-0.058978274
260079,Lamp5,-0.4577052,0.09341626
74956,Astro,-0.18401551,-0.27815205
205626,L2/3 IT,-0.42313817,0.079566225
113185,Astro,-0.1313647,0.07405989
212251,L5 ET,0.16733757,0.15658621
244128,Astro,-0.1860294,0.11899082
81036,OPC,0.4053729,0.01716946
212102,L5 ET,0.28185174,0.3028763
243374,L2/3 IT,-0.092304535,0.34830946
196825,L4/5 IT,0.076749705,-0.20924367
202534,L2/3 IT,-0.31566966,0.13647465
116868,L4/5 IT,0.28370354,-0.2626419
201694,Astro,-0.06390939,-0.10602333
63183,PVM,0.06985351,-0.4104405
269528,L5 ET,0.04226067,-0.045453146
94292,L4/5 IT,0.006182216,-0.18137233
127013,Endo,-0.4250324,0.1787691
66896,L4/5 IT,0.08664837,0.3538764
258346,L4/5 IT,0.24680707,-0.3006646
80060,L2/3 IT,0.02589973,-0.24323545
267465,Endo,-0.05666969,0.3061108
268837,PVM,-0.48678508,0.21124922
66735,OPC,0.03579446,-0.09736805
105719,L2/3 IT,-0.31936422,0.14831279
100041,L2/3 IT,-0.31066045,0.0032160133
74844,L4/5 IT,-0.12994549,0.21820472
101810,Vip,-0.018257774,0.37545937
94244,L2/3 IT,0.19696882,-0.34244198
87502,L5 IT,0.3746278,0.28343874
126841,L4/5 IT,-0.15476775,-0.12985243
74865,VLMC,-0.1435965,-0.36801624
92012,Astro,-0.43623435,-0.050702825
211797,L6 IT,0.41982546,-0.047223344
84112,Astro,-0.09776152,-0.33657992
202869,L2/3 IT,0.11469384,-0.35113817
207577,OPC,0.36458644,0.15083168
99946,Sst,0.16038516,0.06906961
205618,Oligo,0.12533632,0.18614028
126888,VLMC,-0.4505877,0.26965547
264847,L5 IT,0.28287324,0.33785754
209611,Endo,0.2831299,0.35542285
243754,L2/3 IT,-0.28122318,0.24240129
262334,Micro,-0.27735943,0.40156633
244467,Endo,0.061256252,0.16844074
63027,Oligo,0.2870104,0.13736914
75102,OPC,0.21604875,-0.32217622
119473,L6 CT,0.30094424,-0.006591752
127133,L6 CT,0.21739271,0.096160635
87347,L5 IT,0.009774469,0.10382812
79541,L2/3 IT,0.064825915,-0.31644595
127136,Micro,-0.18670252,0.0762357
217907,L5 ET,0.26599154,0.28435498
102087,L2/3 IT,-0.2505391,0.2657388
62991,L2/3 IT,-0.3555934,-0.13287915
199223,PVM,-0.12697634,-0.35368353
62986,Endo,-0.27655038,0.1151617
196724,L5 ET,0.10091438,0.03484164
67008,L5 IT,0.016557358,0.11518453
209656,L2/3 IT,-0.36908945,-0.014386669
99864,L4/5 IT,-0.21397805,0.16899614
200116,L6 IT,0.27770677,0.28932422
89322,Sst,0.14394096,-0.010459736
71780,Pvalb,-0.14756486,0.23473237
99891,L6 IT,0.100895606,-0.062342927
213822,Astro,0.27549854,-0.5077147
63168,Endo,0.17302921,-0.49754477
269542,L2/3 IT,-0.12507027,0.3170728
243973,Endo,-0.4219372,0.2538197
99903,L2/3 IT,-0.32889643,-0.0736386
127038,L4/5 IT,0.14072415,-0.22554655
71821,L5 IT,0.22309086,-0.20213933
63151,L2/3 IT,-0.32681894,0.0928738
84126,L4/5 IT,-0.05172185,0.31679767
203698,Endo,-0.38796854,0.27290672
127203,Astro,0.09174343,-0.43643892
71820,Astro,-0.05826,0.10888849
94366,L6 IT,0.017372511,0.01842229
101990,Peri,0.21275607,0.087553665
83779,VLMC,0.2764351,-0.5473243
67001,L4/5 IT,-0.19537339,0.12910418
203696,L4/5 IT,-0.062305547,-0.0418386
217866,L6 CT,0.3967537,0.16914897
105894,Astro,0.047266923,0.02563189
127076,L5/6 NP,0.2620332,0.29454952
217870,L6 CT,0.25329295,-0.08517955
71819,SMC,-0.04030166,-0.10332863
89176,SMC,-0.4003782,0.29970485
119523,Astro,-0.41821805,0.14691101
62442,Sncg,-0.4595036,0.08846252
108307,L4/5 IT,-0.15472224,-0.02517654
85091,Oligo,-0.19896692,0.0015677065
61470,Sst,0.21118966,-0.0890408
122752,L5 IT,0.23557928,0.24463682
76120,L2/3 IT,-0.09733827,0.42741275
86906,Micro,-0.20292753,0.39058745
119807,L5 IT,-0.017995633,0.18335746
122749,L4/5 IT,-0.20749152,0.18086879
258102,PVM,-0.14595225,-0.36583674
76163,L2/3 IT,-0.31095842,-0.18414362
71198,L5 ET,0.111970685,-0.0743299
264475,L2/3 IT,0.12785605,-0.2724036
128472,Micro,0.21955606,-0.23638774
258101,OPC,-0.35794017,-0.16516398
95035,L6 IT,-0.122790374,-0.16434915
210914,Astro,0.07304611,0.02706246
122739,L2/3 IT,0.047064863,-0.24398492
265857,L2/3 IT,0.28933522,-0.50948215
213411,L2/3 IT,0.14269319,-0.3241331
95004,Oligo,0.11628386,-0.12842728
95078,L4/5 IT,0.05471196,-0.14929615
115908,L2/3 IT,0.17269799,-0.3838539
122761,L5 IT,-0.00014833361,-0.099965796
110786,Oligo,0.051394127,-0.09466274
210721,Peri,0.04257735,0.021575198
61690,Micro,-0.23360029,0.34874237
198112,L2/3 IT,-0.43112555,-0.08831869
61681,L6 CT,0.39047703,0.00076781213
116023,L2/3 IT,-0.39851832,0.085946485
128232,L2/3 IT,-0.06984935,-0.19534715
203533,Lamp5,-0.28060493,0.19533996
76031,Endo,-0.23128778,0.052436516
102367,L4/5 IT,-0.08925144,0.14579432
61650,L4/5 IT,-0.07931117,-0.1700794
61635,L2/3 IT,-0.24049133,-0.090654835
110767,Lamp5,0.22251782,-0.5008262
89557,L6 CT,0.29962572,0.1638423
119778,L5/6 NP,0.07804402,0.088158414
200384,Astro,-0.35613582,0.27728015
102368,L6 IT,0.3440015,-0.13605417
99371,Micro,0.25863823,-0.506261
76083,L5 IT,0.20656916,-0.13062279
115928,Peri,0.11271163,-0.48194665
128486,L2/3 IT,-0.40764955,0.053344354
245243,Endo,0.1155571,-0.420049
218413,Sst,-0.37503004,-0.042346194
99024,L5 IT,0.25126228,0.3122148
115603,L2/3 IT,0.2775825,-0.43066454
261551,L5/6 NP,0.116268955,0.23150502
216127,Astro,0.047241114,0.1763712
209907,L6 IT,0.3392777,-0.17423387
128575,Lamp5,-0.4226878,0.13873844
71164,L2/3 IT,-0.26970744,0.16307853
95233,Oligo,0.37640503,-0.2254894
128607,SMC,-0.044714905,-0.017005578
61237,L5/6 NP,0.21771428,0.266115
269811,L2/3 IT,-0.29160187,-0.15907453
204421,Sst,0.14092144,0.06318627
128622,L5 IT,0.078738414,0.03682421
71155,Micro,-0.08832327,0.022404358
119877,Endo,-0.20081228,0.35590523
119925,L6 CT,0.41648957,-0.080098346
115550,L5 ET,0.20558742,0.0012631267
86755,Pvalb,-0.17131722,0.107935295
98914,L2/3 IT,0.29688063,-0.45183873
122656,VLMC,0.28374103,-0.5501313
128554,Astro,0.37901744,0.027096257
218440,L4/5 IT,-0.094781704,-0.14352338
106643,L6 IT,0.23966935,0.18349616
115769,L2/3 IT,0.24008712,-0.45798886
82291,Sst,-0.30407578,-0.20153992
210438,L6 IT,0.12129208,-0.083514616
106456,L4/5 IT,-0.15910512,-0.053356543
208417,L4/5 IT,-0.035829045,-0.18830477
76215,L2/3 IT,-0.35245347,0.13167153
67770,OPC,-0.040579654,-0.2103223
76243,Endo,-0.3853658,0.16714798
76252,Astro,-0.43230134,0.014644429
267216,Oligo,0.38333836,-0.05348386
216151,Endo,0.18225536,-0.20018016
95132,L2/3 IT,0.02521076,-0.32180285
201220,L5 ET,0.050730072,0.03257571
110751,Endo,0.16446361,0.21139596
76318,L4/5 IT,0.24822113,-0.33051854
61387,VLMC,-0.55352014,0.12045936
99198,L2/3 IT,0.12691012,-0.32142597
198197,L2/3 IT,-0.37094387,0.104647204
202905,PVM,0.4110184,0.14107649
198201,L5 ET,0.13088462,-0.11217336
122661,L6 CT,0.26241186,0.19529788
268723,L5 ET,-0.0136979595,0.059146687
67614,L2/3 IT,-0.29924285,-0.16817792
205763,L2/3 IT,-0.18930364,0.30438787
243179,L2/3 IT,-0.31440765,0.23157142
99663,L2/3 IT,0.055351518,-0.33048368
119673,PVM,-0.30294165,0.27343786
200263,L2/3 IT,-0.3740389,0.1350696
67429,L6 CT,0.21580371,0.18438272
99659,Astro,-0.40178743,0.22055559
208350,Pvalb,-0.24366358,0.06580858
99637,L5 IT,0.10962429,0.20260541
213575,Endo,0.27972165,-0.12057729
207407,Peri,-0.4465546,-0.074993774
207401,SMC,0.27373037,-0.05089332
127853,L6 IT Car3,0.28430858,0.3288597
102280,PVM,-0.20087457,-0.33940792
89517,L5 ET,0.0075946674,-0.025142267
71328,Micro,-0.22141048,0.4305302
62119,Pvalb,-0.011689581,0.3096518
82055,L5 ET,0.06657865,-0.085010275
245688,L6 CT,0.31614354,0.12729327
216270,L6 CT,0.14992806,0.11622946
83713,L4/5 IT,-0.016027607,0.3270529
67467,L2/3 IT,0.13807496,-0.40659136
213594,L4/5 IT,-0.114131786,0.3068841
201235,L4/5 IT,-0.19749281,-0.07887508
99712,Peri,-0.025739945,-0.1624593
127564,L5 IT,0.12486496,0.3089515
75521,Pvalb,-0.20158452,0.16452073
196564,L6 CT,0.39422134,-0.07083984
75566,L4/5 IT,-0.012323953,0.20571707
209730,Endo,-0.31761798,0.16737007
127636,SMC,-0.39194238,0.27503878
119544,L6 IT,0.27385756,-0.09762566
62381,Peri,0.10180249,0.31872082
245122,Astro,0.18082872,-0.13973688
268717,L5 IT,0.18636742,-0.13907589
75596,L4/5 IT,-0.30268046,0.06534581
80914,L4/5 IT,0.051455818,0.33631897
71472,L2/3 IT,-0.20160839,-0.19659127
208343,L6 IT Car3,0.29952148,0.11181943
268709,L4/5 IT,0.009333454,0.34147018
261981,SMC,0.3209255,0.14861844
102257,Astro,-0.4535525,0.22731899
67373,Oligo,0.2659615,0.15985762
119599,L2/3 IT,-0.17175531,0.36610252
62035,L2/3 IT,-0.23377723,-0.20497538
116205,SMC,-0.5137877,-0.10824005
89519,VLMC,-0.04302094,-0.41818476
103950,L2/3 IT,-0.2237246,0.271546
61857,OPC,-0.33055553,-0.019244269
82114,L4/5 IT,0.261126,-0.31970155
267219,Endo,0.29452613,-0.15317617
91630,L5 IT,-0.047282793,0.023680314
91621,L5 IT,0.09353938,0.1954482
61808,L4/5 IT,-0.1657182,0.16405182
116032,L6 CT,0.4017348,0.007259831
110806,Astro,0.35145882,0.27641886
83652,PVM,-0.37570122,-0.23732455
258142,Peri,0.2536668,-0.38138735
83627,L5 IT,0.39372608,0.19175498
67585,VLMC,0.28722158,-0.5517186
75975,L5 IT,-0.05315075,-0.09889941
99408,OPC,-0.29749823,-0.10215853
208379,Peri,0.15123007,-0.22456591
110804,L4/5 IT,-0.19316804,0.11433016
262376,Peri,0.35533872,-0.21452247
259611,Pvalb,0.3301626,0.050836727
87037,Oligo,0.31328383,0.106477484
61858,L2/3 IT,-0.3361177,0.05659388
216243,L5 IT,0.21074185,-0.15799521
258149,L4/5 IT,-0.18636417,-0.019089058
202081,L2/3 IT,-0.42390153,0.027593657
116200,Sst,0.1168898,0.055797264
127919,VLMC,-0.38241762,0.3211813
67478,L5 ET,0.23237154,0.16496174
269700,Pvalb,0.38144395,0.088517115
116116,Sst,-0.38767862,0.06505899
214992,Sst,0.3164945,-0.08083014
212306,L6 CT,0.21625051,0.17302571
67522,L2/3 IT,-0.3270388,-0.16970553
94932,L2/3 IT,-0.3488089,0.20218281
200305,Endo,-0.03151945,0.21713947
116110,L4/5 IT,-0.15525687,0.16876595
61892,L6 IT,0.20153156,0.09831421
205719,VLMC,0.11878135,-0.48128283
198081,L6 IT,0.20477965,0.17638747
94836,L4/5 IT,0.0033815727,-0.20966704
102300,Astro,-0.33381653,0.075860366
94837,Astro,-0.13888335,0.14847372
209776,Peri,0.32819685,0.22535978
82097,Micro,-0.26863045,0.11074428
109134,L6 CT,0.20755932,0.2614088
105621,Peri,-0.1768775,-0.093704835
74771,L2/3 IT,-0.41267973,0.093365416
126817,L2/3 IT,-0.38514045,-0.060733393
111784,Astro,-0.20752573,0.19421874
125426,L2/3 IT,-0.10911549,0.36265576
118306,Oligo,0.3997945,-0.19177203
100858,L4/5 IT,-0.0794119,0.24437873
104579,VLMC,-0.43976462,0.2745601
205321,VLMC,-0.1517466,-0.3471651
118241,L6 CT,0.23567227,-0.046333447
88137,L5/6 NP,0.2532145,0.08095549
242943,L5 IT,0.08888432,-0.18262945
119035,L6 IT Car3,0.22510019,0.16748051
214305,L2/3 IT,-0.14341766,-0.27521503
92725,Astro,-0.09298412,-0.3096466
211645,Vip,-0.08949486,0.3791331
211644,Micro,-0.4123695,0.13408361
65038,L5 ET,0.29109177,0.053088233
210794,L4/5 IT,0.29691646,-0.30374712
118146,Sncg,-0.24137625,-0.24805857
101407,Endo,-0.15114033,0.21180181
104498,Endo,0.18942699,-0.45203626
258610,L5 IT,0.04257413,-0.026025966
100799,L2/3 IT,0.25229666,-0.45592368
118319,L4/5 IT,-0.30271727,0.021693751
204006,L2/3 IT,-0.08014152,-0.20468627
260832,Pvalb,0.35064718,0.085028335
197674,L6 CT,0.32957634,0.05614184
101360,Oligo,0.37333903,-0.049492195
108506,L6 IT,0.21871445,-0.15235801
73081,L2/3 IT,-0.14263636,0.38245392
267735,Oligo,0.1899235,-0.10366608
118375,Peri,-0.28724644,-0.1019568
100902,L2/3 IT,-0.40849832,0.080119655
207907,L2/3 IT,-0.34807253,0.020068213
73102,VLMC,0.00035914034,-0.43898994
265020,L4/5 IT,0.07510354,0.3411367
243968,L5 ET,0.08243593,-0.030506328
65200,L2/3 IT,-0.33675146,-0.12800066
112726,Astro,-0.2109372,0.071894035
197376,Peri,0.078944705,0.049532935
269198,L5 ET,0.2718117,0.3223238
261031,Endo,-0.13862315,0.27852207
73168,L5 IT,-0.039496817,0.105675206
93342,Oligo,0.08027258,0.15567832
267709,VLMC,-0.43223467,0.2800898
264287,Astro,0.14793453,0.08013807
100785,Endo,0.20488456,-0.41191435
205351,L2/3 IT,-0.14592096,0.3314396
101528,L5 IT,0.3598536,0.054973707
119103,L2/3 IT,-0.38373676,0.048173472
111804,Peri,-0.30284157,-0.25987834
64653,L2/3 IT,-0.39176545,-0.09006627
72209,L5 IT,0.19383308,-0.20316087
64639,Endo,0.107673965,0.3188252
197227,L5/6 NP,0.24867305,0.07189517
123974,L2/3 IT,-0.23196414,-0.19108294
261018,Endo,-0.1914134,0.2916906
88110,L4/5 IT,-0.1625776,0.17450546
125798,Pvalb,-0.06930635,-0.16977163
267657,L6 IT,0.2428129,0.03486
64564,VLMC,-0.34194016,-0.25384438
64537,L4/5 IT,0.00046857446,0.29452956
202593,L4/5 IT,-0.057819642,-0.15909924
111371,L6 CT,0.29363284,0.22009973
88884,Lamp5,-0.4545291,-0.06306188
211766,L2/3 IT,-0.313372,-0.08590238
262885,Astro,-0.21972364,-0.29349655
64703,Pvalb,0.3207176,0.28058982
83987,L5 ET,0.4168053,0.27954012
199336,Endo,-0.10955457,-0.17367755
73571,L5 ET,0.3513632,-0.07003443
199345,L2/3 IT,-0.36776388,0.09673141
125733,Astro,-0.43538317,-0.09873928
108575,Oligo,0.21493718,0.081446454
100774,Astro,-0.03622643,0.3884802
118100,L2/3 IT,0.03543254,-0.3698517
125743,L2/3 IT,-0.3928347,-0.051663056
84007,Peri,-0.067371525,0.00031279027
199642,Astro,-0.1240472,-0.07672684
217221,Astro,-0.4408647,0.21153383
93229,Oligo,0.2645543,0.27724034
125752,VLMC,-0.5503936,0.033217177
73553,Micro,0.15341213,-0.22199537
265039,L2/3 IT,-0.1520136,-0.19004102
203980,L4/5 IT,-0.1700998,-0.08553015
244801,L5 ET,0.06720366,0.08105092
88869,Micro,0.07616701,-0.45494348
111422,Peri,-0.0038103238,0.22628759
197241,OPC,-0.21744084,0.07838826
118070,SMC,0.08986869,-0.2192251
93539,Endo,-0.08093215,0.28328252
101478,Endo,-0.41271234,0.18258695
217304,Pvalb,0.39296773,0.049812898
217041,VLMC,-0.5532359,0.12385063
65305,OPC,0.3668163,-0.1290002
88643,L5 IT,0.37076178,-0.20257948
81304,Astro,-0.35342523,-0.15169235
93016,L4/5 IT,-0.24005744,-0.05821313
93037,L2/3 IT,-0.29311857,0.07142423
124619,L5 ET,0.03228166,0.1371985
216831,VLMC,0.29243866,-0.55415696
65671,OPC,-0.3121187,-0.21444117
72539,VLMC,-0.23519418,-0.32477993
65661,L2/3 IT,-0.38978612,-0.0695308
65642,Astro,0.16155776,-0.40205574
124618,L6 CT,0.23070958,0.023644075
199395,L5 IT,0.102443956,0.15264748
264213,L5 ET,0.272819,0.24274527
204144,L5 IT,0.086359106,0.23749082
124597,OPC,-0.25662014,0.36676902
259794,L2/3 IT,0.04542967,-0.3126936
65531,L2/3 IT,0.2094234,-0.43206537
93093,L6 IT,0.01481273,0.03260754
259799,VLMC,0.17410108,-0.51518834
88607,L4/5 IT,0.0691817,-0.18918334
118614,Endo,0.1813027,-0.15358873
124667,Endo,-0.33698037,0.27993697
261477,L2/3 IT,-0.34916857,0.05860935
112764,Lamp5,-0.30211645,0.16978692
124732,Micro,0.006125711,-0.2858932
88591,Pvalb,-0.35712272,-0.14617427
214559,Micro,-0.31784785,0.29534942
262222,L5 IT,0.015889429,0.37598956
124787,PVM,0.050935708,-0.41969323
84022,Astro,0.15103635,-0.033360794
72645,PVM,-0.30103043,-0.28086257
264959,Astro,0.14772049,-0.3390271
118710,L5 ET,0.12950549,-0.110520676
214524,L5 ET,0.30187336,-0.13123997
216865,L4/5 IT,0.17337337,-0.24734192
88606,Oligo,0.42091474,-0.16428198
92991,L5 IT,-0.023164667,0.096174344
204103,L2/3 IT,-0.24915639,-0.20763503
124877,Astro,0.16968265,0.34561855
124878,SMC,-0.3528596,0.06429444
72721,Pvalb,-0.16030157,0.21571164
264961,L4/5 IT,-0.18640971,0.17924355
204092,Peri,0.025243364,-0.18206777
209288,Vip,-0.15999421,-0.2229238
269103,L4/5 IT,0.005181752,0.3805971
101292,SMC,-0.27475184,0.34349394
92868,L2/3 IT,-0.28058428,0.25745422
216789,L4/5 IT,-0.17411786,-0.06099756
65402,L6 IT,0.31957474,-0.064532235
216788,Astro,0.2154037,0.32365113
262248,Micro,-0.49943802,-0.09592523
216787,L5 IT,-0.080139585,0.07819091
118463,L2/3 IT,-0.32842088,0.10323928
124463,L2/3 IT,-0.38733286,-0.04434301
118429,OPC,0.17621341,0.034684762
65372,L5 IT,0.06330051,0.19964121
244367,Astro,0.1909611,-0.0026186258
93175,Lamp5,-0.18633899,-0.06523506
72396,L5 IT,0.14854017,0.19419567
93194,L4/5 IT,-0.14395678,0.034013197
93196,L5 IT,0.011673115,-0.09745632
216754,L2/3 IT,0.06866451,-0.35955483
73029,Astro,0.26586047,0.23149179
73041,L2/3 IT,-0.4262158,0.07256155
197402,Micro,0.07078781,-0.07518311
72931,L2/3 IT,-0.08277977,0.40112007
118483,Astro,-0.18750703,0.4041025
79872,Oligo,0.33185396,0.23229752
65415,L2/3 IT,0.03209313,-0.25873524
258657,Peri,-0.12412048,-0.13968273
72504,L4/5 IT,-0.10022897,0.09033905
118582,Endo,0.19210234,-0.43771154
101138,L2/3 IT,0.25611845,-0.42159575
125086,L5 IT,0.11967363,0.27031976
65481,L2/3 IT,-0.12092728,0.36882675
111493,Astro,-0.47003886,0.06516777
93123,Micro,-0.10694245,-0.35958272
65459,Astro,0.22943631,0.19535403
205193,Astro,-0.08504448,0.39264727
104924,L4/5 IT,0.013134263,0.31575966
72481,Astro,-0.028185166,0.10254632
259827,Endo,0.26212296,-0.1749201
65964,Lamp5,-0.037548818,0.35237962
104931,L4/5 IT,-0.26842126,0.027608082
118498,L2/3 IT,-0.024771728,-0.20593615
179080,L5 IT,-0.1074535,-0.07273562
214605,L4/5 IT,-0.07321722,0.17723541
118490,Endo,0.06984576,0.14248262
209211,L6 CT,0.2544842,0.093982145
267863,L2/3 IT,-0.21124423,0.3047313
112977,Oligo,-0.4789423,0.13847081
203971,L2/3 IT,-0.30786625,0.17577074
261503,Oligo,0.20565358,-0.18684943
197855,Micro,-0.05998043,0.05838017
74399,L2/3 IT,-0.26112828,0.2542131
109329,Vip,-0.16587928,0.22791295
258425,Micro,-0.3577064,0.25315934
105450,L6 IT,0.16981116,0.071349785
126485,L2/3 IT,-0.16323522,0.32494038
261513,L4/5 IT,-0.2400907,-0.0037841946
123692,Pvalb,-0.12611982,0.28540188
63701,Endo,-0.14382088,-0.05610265
63675,Peri,0.10411724,-0.45807803
89084,PVM,-0.2867596,0.37835556
123690,L5 ET,0.21502885,0.056888923
113156,Micro,0.36422876,0.14594327
207681,Endo,0.2680519,-0.18883981
208229,Endo,0.30623755,0.17977326
63665,L2/3 IT,0.25329646,-0.35402167
63645,L2/3 IT,-0.1407542,0.38191307
74442,L5 IT,0.14912221,0.16209947
111096,L2/3 IT,-0.42735624,0.052098915
268869,L2/3 IT,-0.41423872,-0.06101276
63615,Endo,-0.48929855,0.0937693
211782,L6 CT,0.26199284,0.03549479
80053,L2/3 IT,-0.06765596,0.43710446
113151,L2/3 IT,-0.32750532,0.16079317
126322,VLMC,-0.104326494,-0.38452303
217509,L4/5 IT,0.035080336,-0.1745799
71980,Pvalb,0.24200514,0.3024065
89049,VLMC,0.08383962,-0.46992552
108437,L5 IT,0.24595764,0.26847488
126333,L6 CT,0.35334805,0.19246046
260016,L5 ET,0.23959479,-0.11700486
123750,Micro,-0.015338995,0.25422907
126336,Pvalb,0.40845183,0.12583403
216582,Oligo,0.16230121,0.030354723
63863,Endo,0.103981994,-0.39440876
63854,L4/5 IT,-0.18294981,0.23852901
100337,Astro,-0.026251294,-0.1136962
83934,Endo,0.24572751,-0.18894114
63824,L6 CT,0.29740396,0.1834967
71958,L5 ET,0.044620596,0.100761935
203844,VLMC,0.047860347,-0.4572435
111924,L6 IT,0.17773047,-0.05903013
63805,L4/5 IT,-0.2299819,0.15654938
217602,Endo,-0.039874233,-0.124491766
66655,L4/5 IT,-0.0725315,-0.064763024
74507,PVM,-0.46473137,0.15123819
209099,L6 IT,0.14276746,-0.049001053
199252,Endo,0.36241826,-0.13970493
243764,L5 IT,0.14968625,-0.12402387
87560,L5 IT,0.006093763,-0.098699585
260070,L2/3 IT,-0.1544714,-0.2354907
217660,L4/5 IT,-0.0033796802,0.37634432
100099,Astro,-0.17464054,-0.0498804
258943,Peri,0.09427675,0.102849826
94152,Endo,0.053868078,0.09870039
196932,L6 CT,0.27737167,0.18989341
246268,Micro,0.24631765,-0.37899387
89152,L2/3 IT,0.26907083,-0.46364415
101797,SMC,0.22409782,-0.5296414
217678,L2/3 IT,-0.007773198,-0.26827753
209549,L2/3 IT,-0.4169225,-0.027366236
105581,Endo,0.30469754,0.12805109
63464,L2/3 IT,-0.30629888,0.21740048
260869,L6 IT,0.22251913,-0.08372258
246272,L2/3 IT,0.15433094,-0.3701992
100106,L2/3 IT,0.028634511,-0.32899833
207638,Astro,-0.45381966,0.19679503
126692,Astro,0.2418792,-0.50723314
211786,L2/3 IT,-0.26468018,-0.20687772
246250,Oligo,0.16474804,-0.20664771
196984,L4/5 IT,-0.16360712,-0.031957522
268847,Astro,0.019412898,-0.27355224
111094,OPC,0.11485299,0.074844465
207673,Astro,0.070813976,-0.34683168
104352,L6 CT,0.33365217,0.08062892
105525,L6 CT,0.39320597,0.25070179
89120,L5 IT,0.11730888,0.25844407
66674,VLMC,-0.4223908,0.28517592
269429,L6 CT,0.24490067,0.028970882
205561,L5/6 NP,0.35143134,-0.0037579685
92124,Peri,0.14067093,0.30097455
196971,Endo,0.16339758,-0.018755212
87595,L2/3 IT,-0.21711895,0.25376666
269488,L4/5 IT,-0.05519495,0.18884759
63539,OPC,0.09643593,-0.3726263
268326,Endo,-0.1854428,0.16763805
117152,L2/3 IT,-0.3581681,0.05413805
243221,Endo,0.23766032,0.00013242662
74635,L5/6 NP,0.39112303,-0.04972072
117166,L4/5 IT,0.00061967224,0.3107611
201939,Astro,0.04637494,-0.42794317
74234,L2/3 IT,-0.38367024,0.08211897
87755,L4/5 IT,0.06986775,0.28425348
264912,L4/5 IT,-0.09161431,0.13826637
92367,Endo,0.07016184,-0.15867974
244798,L2/3 IT,0.18640003,-0.40160376
258497,Vip,-0.40653965,0.1364836
126029,L6 IT,0.17711702,0.027458712
126049,SMC,0.18534723,-0.23888646
100535,L6 CT,0.38002506,0.13313775
73896,L4/5 IT,-0.18538824,0.19485317
66390,L2/3 IT,-0.057088114,-0.25425488
117719,Endo,0.24067828,0.16183405
117685,L2/3 IT,0.039892636,-0.28653038
73987,L2/3 IT,-0.0276644,0.40395212
100511,L2/3 IT,-0.40979418,0.11125933
93728,L4/5 IT,0.27847388,-0.28053707
117684,L5 ET,0.18408105,-0.15914239
210810,L2/3 IT,0.1104966,-0.29517823
111866,Sst,0.13692853,0.32217294
246116,L4/5 IT,0.21354994,-0.30323255
64220,Micro,-0.35005024,0.14779352
73861,Astro,0.2779983,-0.011756554
214179,Micro,-0.17591769,0.028415307
125993,L5 IT,0.24510023,-0.16276164
92371,L5 ET,0.014439844,-0.07675643
64384,L5 IT,-0.07326857,0.03273432
259920,L2/3 IT,-0.46307808,-0.0756513
210759,L2/3 IT,-0.029288627,-0.2945878
73716,SMC,0.07646044,-0.22739454
125933,Sst,0.4172857,0.19068013
203965,L6 CT,0.40264812,0.010720953
64361,L2/3 IT,-0.37431172,0.0610051
203963,L4/5 IT,-0.123747624,-0.14960454
199320,L6 IT,0.41486213,0.09275703
74019,Astro,-0.12632903,0.416183
92379,OPC,-0.2625801,0.280675
92378,L2/3 IT,0.04897543,-0.32630926
117866,Astro,-0.296582,0.08659826
203948,L5 ET,0.13740215,-0.09489627
93643,L4/5 IT,-0.02956722,0.37610233
100537,L4/5 IT,-0.078328766,0.0697401
259945,L5 IT,0.051249824,0.02020894
125989,L2/3 IT,-0.3383676,-0.12518965
108455,L5 IT,0.016575776,0.06575315
207809,L2/3 IT,0.0031966195,-0.33293265
66355,L6 IT,0.16772011,0.012928233
269840,L4/5 IT,-0.20962775,0.11675732
266233,Sst,0.38189688,0.13079582
199308,OPC,-0.27166322,-0.05480297
105240,Endo,-0.030143179,-0.056315318
117577,Lamp5,-0.1507048,0.26762086
92269,Pvalb,0.39114818,-0.22265415
117564,L2/3 IT,-0.24146149,0.20650868
209444,L2/3 IT,-0.3399686,-0.14988948
126226,Oligo,-0.3715353,0.043514058
87806,Peri,-0.31009257,-0.05960019
117552,SMC,-0.2641704,-0.29684198
246111,Astro,-0.46576783,-0.09440912
117479,L2/3 IT,-0.32836214,0.20338403
211581,L2/3 IT,-0.0148944035,-0.31506532
211580,L6 IT Car3,0.35263845,0.14668344
117469,Vip,-0.15010497,-0.048982754
207736,L4/5 IT,0.22463855,-0.2700771
104426,L5 IT,0.19563553,-0.21630047
119257,L5/6 NP,0.27249226,-0.0638182
101706,SMC,-0.53737134,0.06971674
267952,Endo,0.33682862,0.25873643
265096,L2/3 IT,-0.25760126,0.1741548
64084,L5 IT,0.13329431,-0.11858098
87855,SMC,-0.1178338,-0.17603098
72033,L2/3 IT,-0.17635062,-0.24890001
126191,Oligo,0.13431516,0.17226212
244422,L2/3 IT,-0.4014778,-0.006367758
64199,L6 CT,0.4214768,-0.05198534
64178,Sst,-0.059060313,-0.16405712
100433,L6 CT,0.4293212,0.015931591
244150,L2/3 IT,0.12296083,-0.4029503
64163,Endo,0.39489898,-0.0243323
87934,L5 IT,0.28917667,0.28591144
211595,L2/3 IT,-0.12024123,0.32524025
199808,Astro,-0.26508954,0.11425172
214724,L5 IT,0.16480228,0.27860993
117642,L6 CT,0.31733128,0.15533487
66437,Endo,0.07765528,-0.28455353
117640,Endo,0.21700981,-0.16132562
262158,L4/5 IT,-0.18545732,0.004751906
66452,Pvalb,0.27367035,0.26543784
93781,Pvalb,-0.19710058,0.2674322
119205,L2/3 IT,-0.16397291,-0.273166
101657,Pvalb,0.30207387,-0.17383803
123875,Astro,-0.015488125,-0.36024225
203911,VLMC,-0.33078408,0.37450016
207774,L6 IT,0.28732905,0.10695706
218490,Astro,-0.25418398,0.034693047
110768,L2/3 IT,-0.2792971,0.16113733
96064,Oligo,0.22804293,-0.23891719
77762,Pvalb,-0.15345088,-0.058795825
97961,Endo,-0.26933554,-0.24491973
270194,L4/5 IT,-0.17145023,0.041925773
206244,L2/3 IT,-0.14169174,-0.20441325
80344,L5 IT,0.116229616,-0.17552637
77796,L2/3 IT,0.19372138,-0.4288543
58908,L5 IT,0.29280606,-0.2507258
112458,L5 IT,0.27618912,-0.1534393
113684,Endo,0.34777614,0.14383458
121959,Astro,-0.15418696,0.3351401
84540,OPC,-0.32567576,0.12796871
206246,L6 CT,0.21710506,0.10291521
120710,PVM,0.040830456,-0.12648825
215785,PVM,0.087312125,0.011284336
84414,L2/3 IT,-0.4031327,0.036912486
90050,L4/5 IT,0.13303861,-0.24313216
266684,L5 IT,0.029676639,-0.1704445
244628,L4/5 IT,-0.11354584,-0.036508754
96256,L6 CT,0.39274302,-0.14070831
242531,Pvalb,-0.04423616,0.07759069
257706,L4/5 IT,-0.006904103,0.30221546
208832,L6 IT,0.38813964,-0.21668927
82874,Peri,0.23433217,-0.10141806
77613,L5 IT,0.2593691,0.19223975
96149,L4/5 IT,-0.18020275,0.10053788
59104,VLMC,0.07462283,-0.46360034
130243,L5 IT,0.20133075,-0.11378275
59095,Micro,0.13656953,-0.49896425
70370,VLMC,-0.079616584,-0.39622492
203279,L2/3 IT,0.029947184,-0.29253882
245494,Lamp5,-0.23328197,0.403884
59063,Oligo,0.3353584,0.06405561
122043,L5 IT,-0.030042447,-0.044795826
59047,L5 IT,0.29629788,-0.28521168
265890,L6 CT,0.26815554,0.17889677
91010,L6 CT,0.17674515,0.0065741986
202977,Astro,0.42044148,-0.10567646
112470,OPC,-0.21444228,-0.182914
211167,Astro,-0.05897186,0.27543378
98104,Astro,-0.31060943,-0.14387538
86097,Astro,-0.26673344,0.36924088
121948,Micro,0.06708708,-0.4060372
68999,L4/5 IT,-0.098624475,0.25041187
80360,Micro,0.19205585,0.13123964
83412,Endo,0.005092643,-0.35108453
201552,Oligo,0.095444165,-0.21506085
58662,L6 IT,0.28372875,-0.19195475
103449,L4/5 IT,0.27202997,-0.29090416
77898,L4/5 IT,-0.23155671,0.0016987771
204544,L2/3 IT,-0.31995502,0.20378225
85970,Endo,0.14885458,-0.15980835
114537,L6 IT,0.36685988,0.11263226
97801,Oligo,0.19566616,-0.31958467
200875,Sst,-0.15377307,0.11712395
210660,Astro,0.007252775,-0.006850317
244896,Micro,-0.13339278,0.043724045
77985,Peri,-0.28478703,0.12281369
121781,Oligo,-0.1257292,-0.043465033
85959,Astro,0.26287547,-0.51896995
215737,Astro,0.31067786,-0.068382815
82984,L4/5 IT,-0.1254099,-0.17644782
97679,Pvalb,0.38184038,0.18080114
112365,L4/5 IT,0.10528823,0.28115398
198495,Micro,-0.0060964003,0.31792063
200853,L6 IT Car3,0.28290644,0.21895306
244281,L2/3 IT,-0.41802984,-0.018801287
107492,L2/3 IT,-0.43968615,0.058680817
114595,L2/3 IT,-0.39699775,0.016925022
215778,L5/6 NP,0.10088756,0.21243154
70234,L5 IT,0.22144923,0.24845503
243952,Endo,0.18143502,0.2126997
84535,L2/3 IT,-0.25907406,0.011003777
110187,L5 ET,0.267629,0.24802743
70222,L5 IT,0.3835598,-0.121068045
130537,L4/5 IT,0.040682577,-0.2115147
90127,Lamp5,-0.20387474,0.43815666
259256,Astro,-0.015651502,0.087182686
58732,Oligo,0.36542264,-0.21893345
260537,L6 IT,0.1084772,0.22698514
198494,Peri,0.1853514,0.1666293
96377,L2/3 IT,0.13550839,-0.33234966
77881,PVM,-0.13280264,0.4290521
107497,L5/6 NP,0.1547561,-0.116406396
130588,VLMC,-0.19519031,-0.33417213
120784,Oligo,0.08368208,-0.119445816
68809,Astro,-0.12493534,0.10774134
58561,L6 CT,0.30754957,0.2517159
77552,L5 ET,0.25675055,-0.00896509
77549,Endo,-0.30522382,0.078090474
70519,VLMC,-0.3137,0.39132792
89940,Endo,0.24110374,0.2530769
59496,L2/3 IT,-0.21788636,0.3081255
129852,L2/3 IT,0.20480773,-0.33666492
77282,Pvalb,0.40066233,-0.029810444
95930,Endo,0.02427002,-0.3923949
114937,L5 ET,0.24125293,-0.19281174
129871,L2/3 IT,-0.3121539,0.23240946
84571,Oligo,0.23154542,-0.037496403
122119,L2/3 IT,-0.3191447,0.22027354
129896,L4/5 IT,0.030412398,0.26300347
77322,L6 CT,0.31844673,0.12014036
243050,Pvalb,-0.009365477,0.2775324
198887,L2/3 IT,0.23942819,-0.3683594
211191,Astro,0.21920678,0.26188463
77335,L6 CT,0.272993,-0.017720297
80697,L4/5 IT,-0.009246983,-0.19911458
77352,L2/3 IT,-0.34876856,0.22994332
260464,L4/5 IT,-0.21364164,0.081379876
110257,L2/3 IT,-0.35648867,-0.12753333
129778,Endo,-0.34113404,0.25570506
212999,L4/5 IT,-0.14289626,0.14175849
91251,Endo,-0.020358182,0.2676121
77241,Endo,-0.011926211,0.20065646
86176,Pvalb,0.41202047,0.18606655
198392,L5 IT,0.3889735,0.23148392
206989,L4/5 IT,-0.010980941,-0.10976528
202966,PVM,0.12748513,0.012839302
70539,L2/3 IT,-0.26736814,0.15899627
122132,L2/3 IT,-0.33977714,-0.042180732
198889,L2/3 IT,-0.1942938,-0.24862738
59583,L4/5 IT,-0.1376543,-0.04592444
59578,L4/5 IT,-0.12320555,0.17328052
129727,L6 CT,0.37153497,0.019994482
107266,VLMC,-0.13978827,-0.37132657
260441,L2/3 IT,-0.28006062,-0.1534398
59547,Endo,-0.5009627,0.02927725
260695,Astro,0.063803814,-0.3857525
86152,L6 CT,0.41473266,0.025501713
95889,OPC,-0.17361036,-0.25323904
68584,L6 IT,0.09943315,-0.043889716
98242,OPC,0.3853335,0.21592228
85306,L4/5 IT,-0.16742116,0.09837358
114867,L6 CT,0.2381688,0.19921409
114743,L5 IT,0.35130736,-0.18645306
80595,Peri,-0.19944665,-0.05140324
219139,Pvalb,0.28967968,-0.26766002
261665,L5 IT,0.2382631,-0.16378652
120588,L2/3 IT,0.11507448,-0.36551112
202699,Endo,-0.28783658,-0.22373684
68715,L2/3 IT,-0.05029712,0.41905385
70435,L2/3 IT,-0.43833122,-0.003213659
201575,L2/3 IT,-0.20841712,0.3284557
95286,VLMC,-0.02398888,-0.4290223
219153,L2/3 IT,-0.42595932,0.05642222
200792,L5 IT,0.13001427,0.2088627
91036,L2/3 IT,-0.31203058,0.100303456
244643,L6 IT,0.30322155,-0.02674599
70374,L4/5 IT,-0.07096929,0.2659343
219184,L2/3 IT,-0.20330751,-0.235761
114708,Oligo,0.24350277,0.118509874
59178,Micro,0.19241354,-0.24986245
130218,L5 IT,-0.08852214,0.044093713
130190,Endo,-0.4820939,0.08629279
80644,Pvalb,-0.30130485,0.15534483
114785,VLMC,-0.46658477,0.25179654
77378,Pvalb,-0.2286011,0.3112595
86141,L6 IT,0.06896993,0.03603314
200716,L5 IT,0.08338251,0.06504236
77425,L6 IT,0.39011475,0.020081386
265379,L2/3 IT,0.25196508,-0.4612658
59363,Oligo,0.39799854,0.09361099
212943,Endo,0.2298266,-0.36395282
130117,L6 IT Car3,0.3575944,0.13929324
206949,L5/6 NP,0.049638532,-0.11260934
114806,Endo,-0.030232944,-0.09019081
212936,Vip,-0.40934768,0.116599545
70457,L4/5 IT,-0.21310347,0.1760584
82854,L4/5 IT,-0.23281708,-0.10174005
215860,Endo,0.1294454,0.23966913
120571,L4/5 IT,-0.09057961,0.29736197
103554,L5 IT,0.42314592,0.1919248
114795,L4/5 IT,-0.13317099,-0.06650065
109755,L5 IT,0.31197438,0.16282569
112293,L6 IT Car3,0.16719553,0.16792355
195638,L2/3 IT,-0.23476833,0.28633493
130721,L2/3 IT,-0.24041516,-0.14596201
85957,L4/5 IT,0.29077342,-0.35034072
130740,L2/3 IT,-0.22781047,0.17042564
96912,L2/3 IT,-0.30298555,-0.05730219
90692,Endo,-0.46394604,-0.11662342
210256,L5 IT,-0.051978506,0.12989031
90282,L6 CT,0.29753307,-0.15980135
80460,L2/3 IT,-0.23486003,-0.009417489
212651,Oligo,0.16547349,-0.09738384
80401,Endo,-0.18640292,-0.23084052
131134,Endo,0.35756823,-0.111992404
57881,L2/3 IT,-0.36316985,0.016603157
243997,L5 IT,-0.04049603,0.017926559
78424,Peri,0.016393386,0.32799447
257570,Vip,-0.24669537,0.054776117
121428,L5 ET,0.24545243,0.17729442
78439,Peri,-0.035456456,-0.39454836
109902,Endo,-0.15369818,0.43752116
131218,VLMC,-0.57067883,0.0884503
114135,L6 IT,0.4023572,0.0026045293
206573,Peri,-0.28238025,0.07420336
69541,Astro,0.28299233,-0.27414984
131227,L4/5 IT,0.07544287,0.36322987
57896,L5 ET,0.054046296,-0.09873213
121513,L6 IT,0.17077354,0.07328008
270329,L2/3 IT,0.11578991,-0.36901152
120953,L5 IT,0.18036386,0.34844726
131025,L2/3 IT,0.217814,-0.42764384
215636,Astro,-0.2673362,-0.22207989
78349,L5 IT,0.054377817,-0.14167447
131055,L2/3 IT,-0.3156151,0.059028015
259307,L4/5 IT,0.066274844,-0.20228495
70043,L4/5 IT,-0.12494794,0.22107296
90732,Astro,-0.17642552,0.11590098
206630,OPC,-0.25960028,0.34149867
58046,Oligo,0.25056687,-0.23366089
96879,VLMC,-0.13057795,-0.35631263
270335,L2/3 IT,-0.08400235,-0.22380121
202355,L2/3 IT,0.013428055,-0.3088106
70001,L6 IT Car3,0.119623624,0.14692734
69408,SMC,-0.41794106,0.29690707
195374,L5 ET,0.34640923,0.2316166
261368,L5 IT,0.35005185,0.24131279
120969,L4/5 IT,-0.14635646,-0.112459585
90598,L5 IT,-0.07326306,-0.011712864
121037,L6 CT,0.4253935,0.21483444
215457,L2/3 IT,-0.02281759,-0.26416248
69788,L6 IT,0.3432906,-0.008802965
265912,Sncg,-0.0829922,0.4226734
57320,L6 CT,0.20215657,0.12904547
112403,Oligo,0.0012843832,-0.054448977
69699,L2/3 IT,-0.2770637,0.17317669
131519,L2/3 IT,-0.30201736,0.23771058
131525,L6 CT,0.33845285,-0.06983428
78691,VLMC,-0.114790715,-0.38419712
131483,OPC,-0.47192326,0.04269199
109856,Lamp5,-0.07554523,0.22434668
69759,L5 IT,0.06572696,-0.12475027
202411,L4/5 IT,0.028963469,0.3793537
108909,L6 CT,0.12814757,0.09204684
131574,Astro,-0.23695785,0.056149587
78654,Astro,-0.0670797,-0.029887453
107765,Astro,0.087939404,0.32133126
260628,L6 CT,0.3439876,0.16928385
245190,Vip,-0.4039953,0.16038494
69760,L2/3 IT,-0.36191043,0.15388219
219735,Astro,0.21693882,-0.5021077
69789,Endo,-0.13482136,-0.021787897
113983,Oligo,0.40256676,0.07978265
131252,L4/5 IT,-0.26837865,0.0014166087
263488,L2/3 IT,0.21546409,-0.44413018
121040,Astro,-0.07140253,0.09538333
208669,L6 IT,0.107936166,-0.12128313
78460,Sst,-0.029780306,0.35987347
208736,Pvalb,0.20391604,0.25565577
212611,L2/3 IT,-0.41427943,0.045222864
206562,L2/3 IT,-0.19826022,0.26131165
57600,L5/6 NP,0.08492436,0.21481596
57571,L5 IT,0.044750415,0.23884015
212598,L6 IT,0.37275437,0.02705507
265939,L6 IT,0.1957049,-0.14772333
113861,Astro,-0.15608269,-0.006203547
246514,L4/5 IT,-0.13057214,0.2334811
219701,L4/5 IT,-0.1292007,0.2605822
69634,Astro,-0.35409415,0.15285622
57422,L6 CT,0.30068466,0.034943447
131481,Endo,0.13871512,-0.37724984
215485,L6 IT,0.39215705,-0.16905625
206438,Pvalb,-0.06594751,0.21315251
96816,Astro,-0.23850068,-0.24344431
96815,Astro,0.35061392,-0.16422234
78330,PVM,-0.44615623,0.23605822
268418,L5 IT,0.41986522,0.16408812
114315,L6 IT,0.21712026,-0.06579198
265426,L5 ET,0.33178034,0.04332672
212474,L5 IT,0.08353194,0.2585857
69201,Micro,0.2619402,0.0728132
264687,Endo,0.4072263,0.19545941
219432,L6 IT,0.33835468,-0.13392486
266814,PVM,-0.14826736,-0.36867344
120879,L5/6 NP,0.2706159,0.29452616
211033,L2/3 IT,-0.3450046,-0.14211588
102931,L4/5 IT,-0.0149690285,-0.10906185
265970,L2/3 IT,-0.23485583,-0.22730286
113744,Astro,-0.42997867,0.23320197
261757,L4/5 IT,-0.0044663325,0.40407556
78152,L2/3 IT,-0.2321882,0.24434303
130819,L4/5 IT,-0.052942194,0.2562356
96595,Endo,-0.06650052,0.0067037195
201522,L2/3 IT,0.24103275,-0.34898686
69203,L5 IT,0.00082143396,-0.1681587
69176,L5 IT,0.10107317,0.32659018
130793,Endo,0.21798322,-0.4545626
84526,L4/5 IT,0.06923398,0.35283196
83411,L2/3 IT,-0.1722554,0.34581953
264542,L2/3 IT,-0.15577275,0.36831057
96463,L4/5 IT,0.027276658,0.35687572
58526,Pvalb,0.047492944,0.116276905
85952,VLMC,0.27958086,-0.5497126
69133,PVM,-0.027556218,-0.39407134
90936,L2/3 IT,-0.36842665,0.2552892
78949,Astro,-0.40401018,0.06720339
130778,L6 CT,0.40160403,0.061771795
102906,L2/3 IT,0.27772066,-0.37992233
97654,L4/5 IT,0.05151006,-0.18638091
58500,L6 CT,0.4260302,-0.03287305
200905,OPC,0.299987,0.22282468
90135,L6 IT,0.093547784,0.16408597
114364,L6 CT,0.33627138,0.19643782
85925,Astro,-0.29506046,0.15871517
90149,Oligo,0.116247974,-0.15037443
85898,L4/5 IT,-0.049155273,-0.11054249
261770,OPC,-0.094517924,-0.059272006
130827,L6 IT,0.10918393,-0.02227445
83467,Astro,0.22390375,-0.477085
83390,L4/5 IT,-0.07257993,0.31340343
97605,Endo,-0.08051569,-0.070992514
78837,Sst,-0.2370489,0.11123751
206685,Oligo,0.33152887,-0.19893302
83082,L5 ET,0.33068755,0.0448495
97414,PVM,-0.12419636,-0.3578387
102965,L5 ET,0.052946053,0.086442456
266800,Endo,0.052612208,-0.20355318
195424,L6 CT,0.18219987,-0.076003686
70067,Micro,-0.076185085,0.14561944
78214,L6 CT,0.41488764,0.2401952
130952,L4/5 IT,-0.17805395,0.2028412
96769,Astro,0.11410078,-0.41032982
97411,Vip,0.08201977,-0.25050616
130983,L2/3 IT,-0.31876764,0.23740934
130984,OPC,0.14017537,0.23333399
58154,OPC,0.29384014,-0.07630642
109988,L6 IT,0.15775535,-0.044363633
58147,SMC,0.07923206,-0.22401156
265545,Endo,0.031178199,-0.41537786
270319,L5 IT,0.17292401,0.32609564
130870,L4/5 IT,-0.12687367,-0.012829676
200956,Endo,0.07090112,-0.25661612
90884,L2/3 IT,-0.14042717,-0.26747233
96607,Micro,-0.27690744,0.014166161
268405,L6 IT,0.35142586,-0.17929514
85812,L2/3 IT,-0.05977962,-0.2910092
109775,L2/3 IT,-0.14155,0.38417947
78896,Astro,-0.40723762,0.24954532
90895,Pvalb,-0.1680662,0.06982319
96661,L4/5 IT,0.24038997,-0.31045198
70092,OPC,0.22055718,-0.009358421
260589,L5 IT,-0.005771257,0.22037606
78178,L2/3 IT,-0.28722867,0.22052662
195449,Peri,-0.046562172,-0.043320075
97552,L2/3 IT,-0.3027163,-0.17677711
130866,L2/3 IT,-0.25848,0.2743367
200940,L4/5 IT,-0.2931586,0.030018613
58327,L4/5 IT,-0.06216798,0.2599644
198546,L4/5 IT,-0.0428221,-0.1800846
78198,Endo,0.24934652,0.06626628
97539,Endo,0.2788674,-0.07770972
266803,Pvalb,-0.22045001,-0.19588687
58377,L6 CT,0.27254298,0.019526705
59647,L4/5 IT,0.27171,-0.30396068
65826,L5 ET,0.27665272,0.047417983
59658,Astro,0.09475102,0.34535795
218575,Endo,-0.19814658,-0.11519964
70699,L2/3 IT,-0.32414648,-0.005101159
216073,Astro,0.24224016,-0.10560484
210057,Astro,-0.06269101,0.0055577606
115119,L6 CT,0.40046892,0.030703172
268537,L5 ET,0.084195696,-0.16015847
128903,L6 IT,0.29702428,0.24336033
89872,L6 IT,0.4050074,0.27765745
107095,L2/3 IT,-0.15071577,-0.19165789
244888,L4/5 IT,-0.1605056,0.23287188
218597,L5 ET,0.03260126,0.14103995
89708,Endo,-0.074264534,-0.14835371
70711,Astro,-0.32827044,0.17728536
79275,Peri,-0.14011887,0.43120086
83484,L2/3 IT,-0.20054948,0.31126463
70717,L5 ET,0.058228694,-0.07272129
208471,L2/3 IT,-0.035070695,-0.19885685
244036,L5/6 NP,0.119588755,0.05008529
218606,L4/5 IT,-0.25848132,0.123077855
203447,L5 IT,0.12645301,0.07798885
95387,Endo,0.30419168,-0.08841269
268171,Oligo,0.28765032,-0.060101047
268544,L4/5 IT,-0.12705606,0.24435668
129304,Astro,-0.16000521,0.12627141
91383,L6 CT,0.11722102,0.03002511
269962,L6 IT Car3,0.25260463,0.22245632
115436,L2/3 IT,-0.31836215,0.18623076
205905,L4/5 IT,-0.1181531,0.21086834
115413,Peri,0.1930922,0.30016226
68350,L6 IT,0.26195475,-0.11711235
76848,L4/5 IT,-0.19900694,0.20302884
260405,OPC,0.04235234,-0.105812475
211360,L5 ET,0.07550999,0.24028651
109656,L2/3 IT,-0.3371195,0.2027946
261399,Sst,0.13964298,-0.07041888
60935,L5 IT,0.2523664,-0.16909496
67986,Astro,0.23224697,0.27918243
59997,L4/5 IT,-0.039233066,-0.14285766
267004,L2/3 IT,0.18726876,-0.32564026
60901,L4/5 IT,-0.21205002,0.041434273
115090,L4/5 IT,-0.18560162,0.1906604
82540,L4/5 IT,0.10928818,-0.27307123
89676,Endo,-0.39602664,-0.14907001
76919,L5 IT,0.06680753,-0.04924245
86633,L2/3 IT,-0.36893836,-0.14293002
201183,L6 CT,0.25696108,0.20095067
202753,L6 IT,0.42374447,-0.09333055
265743,OPC,0.033461295,0.36122602
213128,Oligo,0.2552949,-0.17337589
246376,Endo,-0.09736473,-0.1983452
210933,Peri,-0.15608689,0.15779148
82331,L5 IT,0.18937013,-0.18507002
86626,L4/5 IT,-0.19708958,0.074117705
265348,L2/3 IT,-0.00091639906,-0.34217608
82535,L2/3 IT,0.06683495,-0.3483023
202437,OPC,-0.19886619,-0.15315865
109730,L4/5 IT,-0.0025215521,0.34238362
68356,Lamp5,0.34523025,-0.13874002
76877,L4/5 IT,-0.18466118,0.13942353
102448,PVM,0.20562616,-0.12293883
108186,VLMC,-0.2871415,0.40673423
103801,L2/3 IT,-0.07140545,-0.29545856
212378,L4/5 IT,-0.12458215,-0.12561737
122344,L5 IT,0.20957413,-0.1584061
60201,L5 IT,0.42332348,0.009949669
95692,L2/3 IT,-0.0985728,0.39906007
79285,L2/3 IT,-0.36659744,0.16526721
129188,Astro,-0.16698405,0.43296814
265309,L2/3 IT,-0.25788504,0.24804549
211315,L2/3 IT,0.19347474,-0.36197662
60372,PVM,-0.052322008,-0.021249846
267092,PVM,0.15110609,-0.49171448
209992,L5 ET,0.17975399,0.3117721
113431,L2/3 IT,-0.43685177,0.0951594
246411,Endo,-0.47305676,-0.052155092
98832,Astro,-0.31495422,0.31359762
86541,L6 IT,0.31250772,0.19988595
218695,L2/3 IT,-0.27306208,-0.2011257
129007,Endo,-0.368448,0.21557878
110717,OPC,0.097045444,-0.46401083
115194,Astro,0.11308899,-0.1670806
120238,L5 ET,0.31518313,0.002068624
205928,L2/3 IT,-0.26297492,-0.07414378
86574,L2/3 IT,-0.2790553,0.08533667
110648,L2/3 IT,-0.34198567,0.1942489
98687,Micro,0.16808882,0.090050444
113515,L5 ET,0.19281873,0.35689372
115211,L5 ET,0.11277553,-0.107822254
257935,Peri,-0.4947733,0.14550613
98690,L6 CT,0.41431233,-0.074610665
60423,Endo,0.07531824,-0.1929094
262382,Astro,-0.037446775,0.042962417
76676,L5 ET,0.16822603,0.34248728
269912,VLMC,0.01822158,-0.4429143
216037,L6 IT,0.08088436,-0.042118922
98708,VLMC,-0.55439943,-0.023208573
103731,L4/5 IT,0.08884206,-0.19563554
215125,L6 IT,0.34748432,0.04903494
86654,SMC,0.19058725,0.18355094
68105,L4/5 IT,0.04762789,0.3460173
268125,Sst,0.22637609,-0.062833026
82431,Sst,-0.051069357,-0.16385339
95410,L6 IT,0.10911485,-0.0632485
68307,L4/5 IT,-0.19302922,-0.046546474
218757,L6 IT,0.42649344,-0.09157844
213187,L6 IT,0.1478819,0.10644941
215999,Pvalb,-0.022790767,0.23982029
103640,L4/5 IT,-0.10774342,-0.048006073
242640,L2/3 IT,0.045986257,-0.2740097
263716,Lamp5,0.1702725,-0.45010346
60229,PVM,-0.04567436,-0.019179597
122362,Endo,-0.13738343,-0.21705277
76768,Pvalb,0.37167832,-0.15689911
60665,PVM,-0.22485647,0.29194826
108261,Endo,0.11598357,-0.29600787
83520,L2/3 IT,-0.20179468,-0.16275214
82358,L5 IT,0.23941335,0.36287594
115167,L2/3 IT,-0.26889905,0.047662124
199005,L5 ET,0.37012383,0.27891487
103677,L5/6 NP,0.17053494,0.09808026
95666,L2/3 IT,-0.35278988,-0.05308427
103700,Endo,0.15048721,-0.18419777
260391,L5/6 NP,0.089935504,0.121990666
60294,L4/5 IT,0.046841465,0.3487311
203403,L2/3 IT,0.22048876,-0.43002826
129212,OPC,0.40330055,0.11909126
211334,L2/3 IT,-0.25088292,0.23622333
129198,Pvalb,0.23403582,0.23204969
115314,L5/6 NP,0.17711702,-0.09803508
122445,L2/3 IT,-0.32275406,-0.14082094
211872,Micro,-0.18346313,-0.03068991
106747,Astro,-0.11543996,0.20527749
59992,L2/3 IT,0.2009004,-0.3997211
95355,Peri,-0.1292898,-0.13933082
108227,L2/3 IT,-0.41254446,0.061046764
102639,L2/3 IT,-0.38072142,-0.08469735
122201,L4/5 IT,-0.03608475,0.204114
204494,L6 CT,0.31416616,0.12385367
244237,L5 IT,0.12569818,-0.048146322
245623,Endo,0.048193477,-0.079793826
266040,L2/3 IT,-0.12524334,-0.27916843
91264,Astro,-0.019153036,-0.3884362
114986,Sst,0.16115096,0.24392878
107256,L2/3 IT,-0.41719434,0.086875245
86686,L2/3 IT,0.119184874,-0.28409243
86240,L2/3 IT,-0.20085877,-0.1812367
270047,L6 CT,0.23348406,0.007648155
107211,L5 IT,0.26228598,-0.23776905
59889,OPC,-0.113459654,0.4284193
266961,L6 CT,0.33752015,-0.012653604
122165,L2/3 IT,0.14822605,-0.34552467
110370,L2/3 IT,-0.3483789,-0.0061264187
196156,Astro,0.20061597,-0.48898154
77214,VLMC,-0.53470486,0.143719
95846,L4/5 IT,0.19664344,-0.24310516
112246,Vip,0.10775115,0.1163684
218908,VLMC,-0.5298183,0.1476361
95848,Oligo,-0.21810943,-0.13502021
108888,L2/3 IT,-0.44205195,0.026702806
82627,L4/5 IT,0.28403416,-0.3002591
59793,L5 IT,0.0547575,0.110517785
95320,L6 CT,0.14388058,0.15660094
115523,L4/5 IT,-0.08365918,0.24655776
208430,VLMC,0.05619254,-0.4348467
106706,L2/3 IT,0.2630088,-0.41134965
59790,OPC,-0.16973531,0.3335957
206071,L2/3 IT,-0.41545132,-0.0378467
266977,Astro,0.14650819,0.027486548
268521,L5 ET,0.21343115,-0.14715911
68482,OPC,-0.52543414,0.048109278
208485,L5 IT,0.41660485,0.08486281
77107,L4/5 IT,-0.1796549,0.045828447
129589,L5 ET,0.2185953,0.28892702
108147,OPC,-0.11115102,-0.020943597
91424,Oligo,-0.52659553,0.09945659
107246,Endo,-0.12815115,0.1229922
89655,L2/3 IT,0.11641105,-0.39817208
95771,L5 IT,-0.0014800802,-0.008786395
196157,L4/5 IT,-0.1777482,-0.004650846
80264,L2/3 IT,-0.32364282,0.20865194
112252,Astro,-0.0854064,-0.26520604
122260,SMC,-0.3845306,0.27451116
195812,L4/5 IT,0.016414009,0.28588784
215236,Vip,-0.40491349,0.13814603
129474,Oligo,0.28339818,0.239305
215219,Oligo,0.33505526,-0.007591203
122603,L2/3 IT,-0.39313045,0.1031798
218962,Endo,-0.4630066,-0.099871054
107207,L5 ET,0.2838808,0.29914093
205877,L2/3 IT,-0.3689968,0.07770352
120013,Pvalb,-0.2738198,-0.101224706
70595,L4/5 IT,0.034111165,-0.18560995
203342,L4/5 IT,-0.06357298,0.3281865
129669,Endo,-0.038182236,0.13797008
70608,L2/3 IT,-0.3181904,-0.07288988
267133,L4/5 IT,-0.1700688,0.21022306
68388,Pvalb,-0.0268896,-0.256047
82568,L2/3 IT,-0.1728504,-0.23884921
122327,L5 IT,0.12332823,-0.09547807
212037,Endo,-0.05552558,0.08348434
89656,L5/6 NP,0.089171015,-0.035915866
86665,L4/5 IT,-0.118615724,0.11283825
218494,L4/5 IT,-0.15505347,-0.105465904
122339,Endo,-0.17082068,0.26511514
70963,VLMC,-0.5616785,0.1097049
115053,L2/3 IT,-0.0242723,-0.324889
86710,L2/3 IT,-0.38123927,-0.1061153
213302,Peri,-0.18529493,0.10861109
114976,L5 ET,0.010693274,-0.062277094
129461,Astro,-0.052656807,0.35348713
