,cell_class,coord_X,coord_Y
51586,L6 CT,0.22641909,-0.024243593
51305,L4/5 IT,0.18988949,0.27941424
242141,L2/3 IT,-0.30616835,-0.04085812
162352,L4/5 IT,0.22438985,0.24794102
162423,L6 CT,-0.0034296215,-0.39268464
162401,OPC,-0.05911544,0.06809884
162156,L6 IT,0.4134283,0.2337392
51300,Astro,-0.34564713,-0.27226716
51751,L5 IT,0.16477507,0.036055982
51745,Oligo,0.26111227,0.09606671
66449,L5 IT,0.1303702,0.11173558
162176,Sst,-0.17130598,-0.23858893
51307,SMC,0.41908097,-0.05798936
162192,Micro,0.11747086,0.4137082
66433,Oligo,0.1936593,-0.3092639
51654,L5 IT,-0.051832944,-0.11536977
271503,L5 ET,-0.038465887,-0.09057143
66415,Astro,0.2416045,0.19239396
253897,Oligo,0.3030054,-0.12608689
216621,L4/5 IT,-0.2665981,-0.24298465
184973,OPC,0.04705,0.162193
221516,Micro,-0.1337412,-0.2366547
221614,L5 IT,-0.16753593,-0.19593787
162377,L6 CT,0.16655076,-0.06942856
51184,Oligo,0.37621295,0.15242368
162342,L2/3 IT,-0.2232148,-0.01606226
152956,L6 CT,0.14077258,-0.22149202
51132,L2/3 IT,-0.2636289,-0.1310677
216549,L2/3 IT,-0.17231658,0.13946748
271638,L4/5 IT,-0.14495581,-0.056907505
50474,PVM,-0.267389,-0.015696913
162620,L6 IT,0.3109926,-0.07437563
162635,Astro,-0.14050105,-0.31590974
221904,L4/5 IT,-0.00028896332,0.13594365
162636,Astro,-0.012196809,0.11016196
271659,L5 IT,-0.110776335,-0.058208913
162646,L6 IT Car3,0.46008676,0.037154138
221931,Pvalb,-0.1101791,-0.061005116
66708,Endo,-0.2629512,-0.010163248
50298,Astro,-0.07550874,-0.31163692
66718,Peri,0.30057317,0.18837726
50571,L4/5 IT,-0.10059163,0.027088821
162661,Endo,0.30644745,0.3504765
50241,Micro,0.03902316,0.38347363
184774,L5/6 NP,-0.030148238,-0.33004385
216526,Astro,0.14548409,-0.40845075
242096,Astro,0.31928068,0.14776748
252234,Pvalb,0.0627749,0.2166149
50119,Micro,0.12548453,0.16472036
162744,VLMC,0.006489396,0.4261011
222038,L4/5 IT,0.11551881,0.26714855
162766,Astro,-0.20459509,-0.16017297
49959,L4/5 IT,0.11355686,0.26300997
66743,L6 IT,0.25167733,-0.033598274
49936,L5/6 NP,-0.08384699,-0.124360025
222054,L5 IT,-0.21852702,-0.30984282
50270,L5 IT,-0.15457514,-0.24423403
50573,L4/5 IT,-0.2997151,-0.27261734
271627,L6 CT,-0.007250607,-0.3340311
66648,L4/5 IT,-0.1311051,0.027035475
51129,Oligo,0.050006032,0.14519477
221661,Endo,-0.024431497,0.07781768
271520,L2/3 IT,0.3651061,0.35406202
221662,Oligo,0.13223368,-0.40781564
162452,Peri,-0.11796445,0.1696167
242138,Endo,-0.026516318,-0.4235527
162471,L4/5 IT,-0.27411532,-0.2224665
66502,Astro,0.41648608,0.2229349
271551,L5 ET,0.089330375,-0.033460945
221692,L6 IT,0.34147322,0.06305528
50959,L4/5 IT,0.12959039,0.2609914
66504,Endo,-0.4396964,-0.38673055
50923,L2/3 IT,0.083803356,0.38231504
271412,Pvalb,0.0025994182,0.08401835
50885,L6 CT,-0.01113984,-0.3312751
184878,L4/5 IT,-0.3079567,-0.31518102
221761,L4/5 IT,-0.2522834,-0.35377154
271592,L5 ET,-0.07603571,-0.1253058
252279,Astro,0.3714537,0.20144176
216564,L6 IT,0.39345306,0.22947687
247721,L6 CT,0.1737861,-0.031075686
50723,L6 IT,0.17095429,-0.24354985
162519,L6 IT,0.4706055,0.065063596
184845,Endo,-0.08188933,-0.2206504
50678,L5 IT,0.10496551,0.08089
184799,Endo,0.31886315,-0.11084095
271618,Astro,0.4134599,0.12069315
162613,OPC,0.20538318,-0.23732957
221828,L2/3 IT,-0.16037679,0.044104874
51149,Lamp5,-0.04096085,-0.2400567
51773,Peri,0.23664922,0.22473705
63255,L2/3 IT,0.20630151,0.37545216
271410,OPC,0.0022073388,0.31104887
271084,Sst,0.33026618,0.2210443
161560,Endo,-0.19843784,0.11076242
220889,L4/5 IT,-0.18112653,-0.019728243
53290,Astro,-0.13368714,0.094429135
53280,L4/5 IT,-0.06202635,0.07819444
53248,L6b,0.32539523,-0.08828068
53242,L5 ET,-0.11610666,-0.14436805
65763,L6 IT,-0.11134043,-0.43045175
65768,PVM,0.38524193,0.30179954
220963,L4/5 IT,-0.11582503,0.0015133023
216858,L2/3 IT,-0.38853163,-0.299506
53208,L4/5 IT,-0.008237958,0.18718821
53179,L5 IT,-0.19391957,-0.32270035
161551,Pvalb,0.07901597,-0.1421988
220970,L4/5 IT,0.1994853,0.32553458
185144,SMC,-0.29244438,-0.32410187
187815,Oligo,0.33476526,-0.056974053
271165,L2/3 IT,0.021057546,0.34635323
65911,L6b,0.27183318,-0.062301487
216829,L4/5 IT,0.29885375,0.2817527
53124,OPC,0.33592027,0.18701005
53115,L4/5 IT,0.14725137,0.2792433
53113,L5 ET,-0.07345998,-0.26302803
153413,L2/3 IT,-0.17396829,0.14221907
53096,L6 CT,0.047887087,-0.30811727
185142,L4/5 IT,0.24035442,0.29902732
221005,L6 CT,0.09735119,-0.34562185
53075,Pvalb,-0.016590267,0.061789215
65836,Endo,0.3635624,0.28128868
53068,Astro,-0.29864943,-0.2907741
153445,Micro,-0.30698666,-0.39255145
185190,Vip,0.04562086,0.36054397
271039,L6 IT,0.050609052,-0.017551541
53755,OPC,-0.020126224,0.10567641
185303,L6 IT,0.15669656,-0.025660604
216908,Oligo,0.16864789,-0.32334647
161082,Endo,0.11731368,-0.2713725
185300,L2/3 IT,-0.16485062,0.12583661
153532,VLMC,-0.44808558,-0.4222965
161091,Astro,-0.2818743,-0.36522055
53687,L6 IT Car3,0.37110078,0.08587265
161171,L5 IT,-0.15497553,-0.34677303
185261,Micro,-0.22525945,-0.0670405
161267,Oligo,0.12010229,-0.45085102
53676,L4/5 IT,-0.29651496,-0.24895763
161525,Astro,-0.22004369,-0.07944858
216894,L6 IT,0.3110217,0.04146439
187783,L5 IT,-0.12026623,-0.2954627
161282,L2/3 IT,0.069924474,0.30010098
216874,L2/3 IT,-0.29140398,-0.18535
161370,L2/3 IT,-0.3230922,-0.02485606
53586,L2/3 IT,-0.3233031,-0.23911455
220814,L4/5 IT,0.004356265,0.133196
153455,L4/5 IT,-0.13807794,-0.04545638
161377,Micro,-0.36668152,-0.060773015
220819,L5 IT,0.08995813,0.02121681
161420,Vip,0.325648,0.34337825
53557,Endo,-0.14867467,-0.4753651
220839,Endo,0.10181683,0.13615173
161436,L6 CT,0.38615167,0.14562786
53662,L4/5 IT,-0.15819046,-0.014527172
53038,VLMC,-0.4525504,-0.2033113
53035,Astro,-0.2131064,-0.2966032
53015,PVM,0.27819067,-0.13585153
162008,Astro,0.15372616,0.14170748
52157,Pvalb,0.31640524,0.13370168
162010,L4/5 IT,-0.27925432,-0.41830072
52123,Peri,-0.10536671,-0.30430442
221328,L2/3 IT,-0.30386555,-0.17030531
52106,Sst,-0.31092536,-0.35374004
162014,Endo,0.42201078,0.25882137
271361,L4/5 IT,-0.24864289,-0.19383973
66117,Oligo,0.030379474,0.054820657
66760,Endo,-0.03925973,0.26527792
162039,L2/3 IT,-0.3280789,-0.37548256
221369,L6 IT,0.04182309,-0.34364584
52008,Lamp5,-0.42763606,-0.46038222
221274,L4/5 IT,-0.10098806,0.11596495
185017,L6 IT,-0.036001503,-0.17555097
153111,L6 CT,0.21054369,-0.14524627
271387,L6 CT,-0.09115362,-0.38773644
51934,L4/5 IT,0.3551879,0.30058026
51930,L6 CT,0.102989435,-0.09456575
51918,L5 IT,-0.17348638,-0.19809416
51891,Endo,-0.38232672,-0.3062343
221426,L4/5 IT,-0.25527266,-0.23323682
252362,L6 CT,0.3518858,0.19745064
66335,L4/5 IT,-0.27310294,-0.43910065
162112,OPC,0.090274036,0.18959963
51802,OPC,0.030723512,-0.20415196
51797,Micro,0.10114372,0.118617654
51796,L5 IT,-0.18550491,-0.12379435
242206,L6 CT,0.21379983,-0.039289206
153269,L6 IT,0.21063405,-0.10563615
52360,L4/5 IT,0.10399622,0.26140726
271298,L5/6 NP,0.2054218,0.12118745
252400,Lamp5,-0.18051127,0.23375928
65987,L2/3 IT,0.024019063,0.26848245
52976,L2/3 IT,0.074175954,0.3034097
52974,Endo,-0.42570463,-0.4670132
52890,Oligo,0.10220146,0.25175112
52872,Oligo,-0.18854561,-0.21637589
185097,Pvalb,-0.07050517,0.11293286
52839,PVM,0.11266953,0.35639262
52826,L2/3 IT,-0.14212608,0.24306369
52805,L6 CT,0.15045416,-0.11985472
216806,L4/5 IT,0.0032918453,0.1439898
52741,Endo,0.2832715,-0.012070537
52682,L5 IT,0.13810527,0.09452075
52681,Micro,-0.20919606,-0.015799373
52651,L2/3 IT,-0.22610104,0.033112705
52645,Oligo,0.22601426,-0.19576794
52630,L5 IT,-0.22027001,-0.3342976
153355,L5 IT,-0.25094193,-0.42179835
52589,Endo,-0.24281332,-0.37130588
52588,L4/5 IT,-0.30010486,-0.37927336
221145,L2/3 IT,-0.35384136,-0.37430787
52567,L5 IT,0.36881912,0.19350207
185059,Astro,-0.24247232,-0.3650725
66006,L5/6 NP,-0.2110467,-0.29878083
253850,Astro,0.26438862,0.29693156
185031,Micro,-0.273946,-0.16293797
52513,Astro,0.06362808,0.13566005
52455,L4/5 IT,-0.3561306,-0.35156727
162002,Endo,-0.18262595,-0.41007978
253896,L6 CT,0.042770147,-0.25421077
216682,L5 IT,-0.12856904,-0.37351263
66828,Endo,-0.21362334,0.09188259
49863,Astro,0.22856587,0.1681351
46865,L5/6 NP,-0.19500059,-0.396283
268663,L6 CT,0.31689113,0.08697277
46843,Pvalb,-0.010959297,0.058829546
272203,L5 IT,0.037324786,0.020804584
46835,Endo,-0.063239485,0.14463049
272205,L6 CT,0.15394479,-0.21437669
164229,L4/5 IT,-0.08618966,0.061332524
184238,L4/5 IT,0.026493192,0.2320236
46677,VLMC,0.17666972,0.47360134
216210,L4/5 IT,-0.29808298,-0.22566423
46666,L2/3 IT,0.17765892,0.40052867
272223,Oligo,0.25018698,0.24695355
223174,L6 IT,0.20815802,-0.047935605
164356,L6 CT,0.22788996,-0.059414893
184189,Astro,-0.028335035,0.15585017
164401,L5 ET,-0.11121184,-0.090370655
46461,L6 IT,0.29726398,-0.060557812
223251,L2/3 IT,-0.22708678,-0.03384149
223266,L5 IT,0.1743812,0.18282938
46417,OPC,0.12948209,-0.40326333
223272,L6 CT,-0.09435651,-0.31280863
46366,Sst,-0.22549844,-0.4235596
46313,L6 CT,0.09850049,-0.09811768
164432,L2/3 IT,-0.32754862,-0.3064289
268645,Pvalb,0.04907781,-0.030153662
67724,L6 IT,-0.07397494,-0.29497725
46190,VLMC,-0.14472407,0.28712547
184142,L4/5 IT,0.030270338,0.23786032
46143,L4/5 IT,-0.10977733,0.018483102
46867,L5 IT,0.09136391,0.1480776
67575,L6 IT Car3,0.39899063,0.021138012
67562,L2/3 IT,-0.24905995,-0.021221876
152714,L2/3 IT,-0.15519351,0.07035625
152799,L6 IT Car3,0.38741726,0.0028752089
47367,L4/5 IT,0.14835727,0.22233254
268676,L6 IT Car3,0.33557272,-0.027886838
47350,Oligo,0.21904337,-0.16021967
47341,L6 CT,0.17557132,0.018360794
47321,L5 IT,0.2368164,0.1500799
164079,SMC,-0.42450243,-0.14506212
184331,Peri,-0.014882326,-0.35257834
152769,Oligo,0.3702079,-0.073833585
47140,Sst,-0.114798725,0.012996197
164098,L6 CT,0.2264514,0.009183109
47082,Astro,-0.06721887,-0.37279347
47075,L6 CT,-0.024475574,-0.3113378
152745,Oligo,0.25492126,-0.22911942
223362,L2/3 IT,0.022396207,0.3023681
47068,Peri,-0.12495822,-0.3799671
47027,L4/5 IT,-0.08188468,-0.008799553
164103,Micro,-0.3887285,-0.08521357
216251,L6 IT,0.26247072,0.020799935
251978,L2/3 IT,-0.20373377,0.11438626
46993,Endo,0.3570704,0.23371577
152736,Oligo,0.20232785,-0.34462935
251971,L2/3 IT,-0.16457838,0.05791205
216249,L6 CT,0.24600792,0.012832224
46962,Sst,-0.22044003,-0.30424452
216235,L6 IT,0.09481114,-0.25785285
223090,Astro,0.12897533,0.16604584
46913,Pvalb,-0.031548083,-0.32732528
46912,L2/3 IT,-0.27643985,-0.12826616
46869,L5 ET,0.034838796,-0.019082516
223024,Micro,0.18930215,0.08155513
164542,Endo,-0.43521348,-0.35354522
164552,L2/3 IT,0.35124785,0.40285546
223368,L6 IT,0.12368703,0.113353014
268606,L4/5 IT,0.14629525,0.2862501
251833,Pvalb,0.13497037,0.19032073
45560,Sst,0.09647,0.09486884
67881,L5 IT,0.2377286,0.21884489
165015,L2/3 IT,-0.005984813,0.28393978
67891,Sst,0.19693851,0.20876282
45543,L5 IT,-0.045580924,-0.119069874
45510,L6 CT,0.1039682,-0.01670593
45492,Astro,-0.3602157,-0.27138698
272408,Oligo,0.08175808,0.15708405
45462,Astro,-0.3813633,-0.40256897
183958,L6 IT,0.35850567,0.2311874
165084,L6 IT,0.18498158,0.070654035
165105,L5 IT,-0.13342223,-0.28861284
45583,L6 IT,-0.07105094,-0.29530188
165114,L6 IT Car3,0.33964264,0.032366216
272430,OPC,0.12621325,-0.21905822
251818,L6 CT,-0.012805045,-0.30339694
45225,Astro,0.07566029,-0.40477842
45220,OPC,-0.20983735,-0.018720537
165177,L5 IT,-0.1391243,-0.1020565
251811,Oligo,0.16569841,-0.34920987
248464,Astro,-0.16068438,-0.11819753
183888,Pvalb,0.0018852949,-0.30614525
165275,Oligo,0.22608823,-0.21109098
45080,SMC,-0.121582836,-0.10428068
45076,Peri,0.2464782,-0.09171757
152604,OPC,0.01366657,0.15460652
67905,L5 ET,-0.17495438,-0.20633382
45056,L5 IT,0.18018538,0.17090261
223557,OPC,-0.17865354,-0.21685734
248380,Micro,0.1662302,-0.02044624
164964,Sst,0.29149908,0.15329641
67821,Oligo,0.25963312,-0.13821855
46067,L5 IT,0.3146305,0.2863152
223370,L4/5 IT,-0.27084583,-0.21654731
268630,L6 CT,0.3200603,0.095990896
164634,L5 IT,0.36977464,0.25937986
272315,L4/5 IT,-0.149703,-0.095303506
184062,Endo,0.22961354,0.4525038
241842,SMC,-0.46734163,-0.27497786
164748,Peri,-0.32006133,-0.4260344
216155,L4/5 IT,-0.05758986,0.05898893
223411,Astro,0.11630368,0.3613354
45904,L6b,0.20437336,-0.24220684
223425,Astro,-0.220949,-0.31127706
45854,L2/3 IT,-0.32573652,-0.28159118
251870,L2/3 IT,-0.15036738,0.07918918
152616,L6 IT,0.36433715,0.030727088
272365,Oligo,0.2897088,0.08671373
45808,L6 CT,-0.07089609,-0.36660415
45776,L4/5 IT,-0.057976454,0.06678039
45743,SMC,-0.3998258,-0.42267165
184028,L6 IT,0.10576862,-0.2783066
45729,L4/5 IT,-0.24224025,-0.43753156
152649,PVM,0.29784673,0.1260789
223463,L4/5 IT,-0.018230736,0.16441077
45693,Micro,-0.22878528,-0.2604577
45691,Micro,-0.18632281,-0.46028557
223469,L5 IT,0.091154575,0.12219232
164943,Oligo,0.5,0.08915275
247708,L5 ET,0.039491236,-0.016074538
216142,L6 IT,0.12295985,-0.10994747
183978,OPC,0.12454599,0.03717047
45815,L6 CT,0.0973897,-0.19979224
162786,SMC,-0.42278746,-0.11794579
164048,L2/3 IT,-0.107197344,0.10873842
47420,Astro,-0.2008248,-0.33170816
163194,Oligo,0.3311296,0.16509932
66895,L2/3 IT,0.18402791,0.36631572
163198,L6 IT,0.12602341,-0.12784865
163211,L4/5 IT,-0.23129201,-0.20091307
253926,L2/3 IT,-0.041446388,0.23372877
66966,Astro,0.022957385,-0.19744745
163217,Peri,-0.18022677,-0.28082696
48907,L2/3 IT,-0.2152771,-0.002018541
67003,L6b,0.18396282,-0.23756984
48894,L6 IT,0.33568555,0.14797401
222387,L4/5 IT,0.12837023,0.29994
163221,VLMC,-0.48548943,-0.4209137
48871,L5 IT,0.14590406,0.13044626
163259,SMC,-0.0183115,-0.35515544
163272,Micro,-0.086428106,0.14562565
48824,L6 CT,0.19756144,0.085463405
163278,L6 CT,0.0100185275,-0.17741811
216434,OPC,0.20251471,0.32311136
163305,Oligo,0.22212559,-0.070388496
48772,L6 IT,0.28143716,0.13214642
48691,Astro,-0.27236265,-0.2797827
48687,L5 IT,0.20027113,0.08384055
222442,L6 CT,0.38935357,0.05509782
163345,L4/5 IT,0.002271533,0.19699621
48661,Astro,-0.10752195,-0.0328812
241995,L4/5 IT,-0.13287368,-0.025323093
48653,Endo,0.12163955,0.25952184
48617,PVM,0.20120007,-0.3743077
222454,L2/3 IT,0.25816774,0.39986354
66893,L6 CT,0.31764555,-0.00085636973
49000,Endo,0.30037946,0.11003524
49099,Vip,-0.092137605,0.18927968
49178,Endo,-0.29558712,-0.3460897
222085,L6 IT,0.19949079,-0.06766027
162821,VLMC,-0.38995007,-0.041156113
162848,Oligo,-0.31039056,-0.25751162
271738,L5 ET,-0.01663971,0.038732648
49785,L4/5 IT,-0.23434302,-0.104949504
252220,L4/5 IT,0.12384468,0.27196687
49723,L6 CT,0.39066803,0.0803045
162996,Oligo,0.06970298,-0.4450279
49712,Oligo,0.25052923,0.060133636
163008,L6 CT,0.34268373,-0.019979775
66773,L6 IT Car3,0.41040736,0.050435007
222176,Astro,0.16405612,0.4614194
271772,L4/5 IT,-0.17373207,-0.02846989
222210,Peri,-0.04555583,-0.47051728
163373,Vip,-0.12937132,0.12643623
161062,Astro,0.12990129,-0.45142123
271778,L4/5 IT,-0.16893542,-0.064002484
152892,L6 IT,-0.12931716,-0.32435036
184702,L4/5 IT,0.18873936,0.31091362
49421,L2/3 IT,-0.2591353,-0.037460864
216491,L5 ET,-0.17389086,-0.19334862
252184,L2/3 IT,-0.21896377,0.11205524
163121,L4/5 IT,-0.24028662,-0.0993579
222287,L2/3 IT,-0.40161592,-0.34156862
184665,L5 ET,0.07800138,0.009164751
49298,Pvalb,-0.2305825,-0.271617
49291,Endo,0.29894847,0.14164698
222320,Astro,-0.15347004,0.25170356
163180,Sst,0.12592524,0.011882305
66884,OPC,-0.06450614,0.06282854
66866,Peri,-0.079491526,-0.21953544
48606,Oligo,-0.06500161,0.07665092
247718,L2/3 IT,0.208493,0.38681775
222464,Peri,0.1776774,-0.3434588
47915,Oligo,0.47543645,0.19356799
222693,Astro,0.15645748,-0.37339836
184439,L2/3 IT,-0.31816065,-0.06406933
184435,L2/3 IT,0.13651198,0.37866628
272014,Peri,0.10264033,0.0726434
241956,Endo,-0.40935785,-0.181407
163764,Peri,-0.25151402,-0.42442045
252015,Astro,0.38454968,0.12966287
47818,L6 IT,0.12275547,0.03766954
163788,Astro,0.22806114,-0.24729225
67338,Astro,-0.43721265,-0.3104049
47785,L5 IT,-0.21396145,-0.37616575
272044,L5 IT,0.23562616,0.032441974
268701,Micro,0.2629555,-0.16902629
163677,L5/6 NP,-0.10721406,-0.45723915
47732,L5 IT,-0.14364076,-0.10312995
47719,L2/3 IT,-0.12604532,0.1225
47714,Oligo,0.22748691,-0.302928
184420,L2/3 IT,-0.037704855,0.29241967
67389,L6 CT,0.093963146,-0.098510444
47650,L4/5 IT,0.25162977,0.2777803
47596,Endo,-0.41221437,-0.16352198
163852,Astro,0.2163536,0.18131882
47536,L4/5 IT,0.12099308,0.28243095
47521,Endo,-0.2492947,-0.41160607
184407,L5/6 NP,-0.122835666,-0.13184106
163880,L4/5 IT,-0.093556374,0.014599144
222853,Astro,0.40179253,0.20044988
163962,Astro,0.25339264,0.13612348
152820,Endo,0.10846627,0.2452699
47729,L6b,0.28672183,-0.10146752
184357,Peri,-0.32878992,-0.3850817
67329,L2/3 IT,-0.20130953,0.08209318
67249,L5 IT,0.042709887,0.0032073855
48578,L5 IT,0.3749966,0.22328019
163390,Pvalb,-0.056975514,0.24572277
216407,L6 IT,-0.1107063,-0.31899923
48535,Oligo,0.27821934,-0.20759022
48512,L6 CT,-0.1280826,-0.32860255
222519,L4/5 IT,-0.18217048,-0.042122036
67107,L6 IT Car3,0.41456485,0.030998051
48497,L6 IT,0.3874852,0.21433657
248327,L2/3 IT,-0.36186564,-0.21970981
163413,L4/5 IT,0.26492035,0.3051811
48418,Sst,-0.1178537,-0.045878917
222540,Astro,-0.19739574,0.18373662
48405,L4/5 IT,-0.29061043,-0.36582983
163429,L2/3 IT,0.3282516,0.40290296
163672,Endo,0.18042636,0.18134701
48318,Peri,-0.101342976,0.11547613
48276,L5 IT,-0.17140707,-0.2384893
253930,Astro,0.15970242,0.15113401
163512,L4/5 IT,-0.03245008,0.121474266
48252,Endo,-0.39542907,-0.37576744
67179,L2/3 IT,-0.15470016,0.16317749
222594,PVM,-0.019469738,0.29072255
163550,Astro,0.36422026,0.27906948
48067,L5 IT,0.35186017,0.21428984
67189,L5 IT,-0.11369908,-0.19244993
48046,Pvalb,0.14771998,0.017644644
152846,Astro,0.3217455,0.101982
152825,L2/3 IT,-0.15574211,0.0608778
163594,Micro,-0.08038649,0.3451805
163629,Oligo,0.023800194,-0.22357285
48283,L6 IT Car3,0.34405202,-0.00882858
53814,L6 IT,0.2927305,0.16995132
54128,OPC,0.25983697,-0.21199259
53907,Endo,-0.20140466,-0.314047
60355,Sncg,-0.034845173,0.25392407
60349,L6 CT,0.05025792,-0.36519092
63930,L4/5 IT,-0.08001459,0.1374504
60343,L2/3 IT,-0.13574517,0.16461366
156660,VLMC,-0.43559757,-0.15441588
60302,L6 IT,0.057863712,-0.33023828
63933,L4/5 IT,-0.25016457,-0.454806
60284,Endo,-0.11665857,-0.31417698
63937,L4/5 IT,-0.17536405,-0.022355855
63954,L6 CT,0.05260855,-0.4695392
218737,L2/3 IT,-0.25353694,-0.008540124
156716,Oligo,0.16119117,-0.34517145
218752,Oligo,-0.21207619,-0.3966228
218768,Endo,-0.37197083,-0.09821558
60190,L4/5 IT,0.08758366,0.20712453
60174,L6 IT,0.4068191,0.22179163
269417,Astro,0.14350098,-0.35942924
60157,L2/3 IT,-0.26145983,0.043043435
269969,OPC,-0.14659965,-0.07447326
186699,L2/3 IT,-0.32643598,-0.16384539
60092,L5 IT,-0.26209956,-0.3855695
60061,SMC,0.13430768,0.09991294
154577,L6 IT,0.022502184,-0.0042001605
269979,VLMC,-0.44616723,-0.2915725
253245,L2/3 IT,-0.39628413,-0.3526981
269399,SMC,-0.0951494,0.2322731
59996,L2/3 IT,-0.37460643,-0.40135825
253238,L4/5 IT,-0.029739797,0.20215476
218828,L6 IT,0.08448821,-0.032585055
156625,L6 IT,0.24063945,-0.1352953
60406,Micro,0.043269277,-0.22709516
156566,L2/3 IT,-0.021595836,0.281287
154611,PVM,-0.30638963,-0.21849966
269869,L2/3 IT,-0.018305868,0.29635346
60864,Micro,0.21210903,-0.31873587
217571,L6 CT,0.26118594,0.0005193949
156266,L6 CT,-0.0012534261,-0.28151196
63705,L2/3 IT,-0.09132126,0.18833452
156325,L2/3 IT,0.30881834,0.40190357
63708,Astro,-0.35099962,-0.053029746
60771,SMC,-0.029346228,0.30950028
60735,Endo,0.057286322,-0.27993488
218592,Oligo,0.17608207,-0.18112668
218610,L5 IT,-0.20529675,-0.334821
217556,L2/3 IT,-0.3712806,-0.17102247
269883,L4/5 IT,-0.03338924,0.09601021
60684,L4/5 IT,-0.31462562,-0.39488694
242620,OPC,-0.31102297,-0.082662046
218619,L6 CT,-0.06039232,-0.36122948
60659,Peri,0.38073242,0.12073374
60656,Astro,-0.11386472,0.14317012
156418,L2/3 IT,-0.29016888,-0.02009961
60611,Oligo,0.30425084,0.108302236
60596,Endo,-0.096859366,0.20990986
186824,L4/5 IT,-0.21611822,-0.15535673
186813,L5 IT,-0.09609321,-0.15667397
217529,Sst,-0.39627248,-0.29502356
63864,Astro,-0.12382105,-0.2288967
63909,L4/5 IT,-0.31875327,-0.34374535
60533,L6 CT,0.29969603,0.0370273
60526,L6 IT,0.088936985,-0.0997552
156497,Micro,-0.2682994,-0.43882707
269426,VLMC,-0.38004857,-0.03292358
154677,Oligo,-0.10763055,-0.14745167
60910,Pvalb,-0.17989549,-0.44017923
59938,L4/5 IT,-0.11338228,0.0715701
59877,L6 CT,0.392479,0.0357607
219247,Oligo,-0.030916095,-0.18931723
157459,L5 ET,-0.08086586,-0.43779132
154507,L6 IT,0.28298974,-0.055788428
270187,L6 IT,0.21418065,0.029257655
58965,L2/3 IT,-0.2763872,0.0114504695
186448,SMC,-0.20454141,-0.059692204
217389,L4/5 IT,0.061715245,0.22394508
58957,Pvalb,-0.13982755,0.019223273
219265,Endo,0.34800243,0.30653793
157471,L2/3 IT,-0.21846497,0.0027914643
58879,Astro,0.36994147,0.331693
58871,Endo,0.25891042,-0.09682545
154469,PVM,-0.15390581,0.24361736
58865,L4/5 IT,-0.28069586,-0.396605
64351,L5 IT,-0.014762253,0.03556341
269314,L6 IT,0.053302765,-0.3883123
58859,L5 IT,0.3363194,0.23994201
219299,L5/6 NP,0.19115078,0.21791118
248027,L2/3 IT,-0.35025802,-0.44659927
58690,Sst,-0.20763266,-0.13801268
269308,Endo,0.29251808,-0.18586385
186389,Oligo,0.20818454,-0.31286204
58660,VLMC,-0.3465931,0.0024712682
58643,Oligo,0.07415879,-0.29903817
58634,L6 CT,0.3215143,0.06829381
154461,SMC,-0.1900065,0.22485214
64485,L2/3 IT,-0.040802777,0.26961565
186338,L5 IT,-0.18711066,-0.2441796
217281,Oligo,0.033938646,-0.43977597
154513,Endo,0.090426624,-0.20484051
154529,L4/5 IT,0.30414563,0.32676268
59037,Oligo,0.18199903,-0.31068453
59066,Oligo,0.06315446,-0.082532436
218848,L2/3 IT,-0.21140185,0.058643937
156917,Micro,0.21547484,-0.1221669
59781,Oligo,0.3371417,-0.11377278
247983,Endo,-0.106976956,-0.34229535
64127,SMC,-0.11210233,-0.21027407
156964,L4/5 IT,-0.08151135,0.0637697
59698,L2/3 IT,0.27468956,0.41877943
59665,L2/3 IT,0.25409502,0.4273395
270056,OPC,-0.1663756,0.2517603
186627,OPC,0.48625284,0.18895513
242576,Astro,-0.28618556,0.04818386
269388,L6 CT,0.111267805,-0.1018846
154544,L4/5 IT,0.16394812,0.32453513
154534,Oligo,0.36275744,0.20420551
64124,Oligo,0.05675012,0.22100884
186538,L6 CT,0.2848373,-0.04907939
157173,Endo,-0.18623272,-0.4659688
59271,L6 CT,0.32927686,0.06924242
157201,L4/5 IT,0.29571956,0.31632817
157230,L2/3 IT,-0.36856315,-0.35706085
59234,L2/3 IT,-0.110522926,0.27366924
270157,OPC,0.2766148,-0.19201797
157239,L4/5 IT,-0.2813005,-0.31735003
157378,OPC,-0.1828497,-0.0076464713
270167,Micro,-0.058935165,0.27076852
64185,VLMC,-0.46079475,-0.44103163
59136,Endo,0.25290298,0.15013939
157385,L5 IT,0.21988821,0.17978013
157415,L6 IT,0.026355922,-0.19302541
157437,L2/3 IT,-0.033275574,0.23743528
186525,L5 ET,0.07395214,-0.08780956
157770,Pvalb,-0.08066431,-0.13802227
60927,Astro,-0.099283725,0.3001474
60949,L4/5 IT,-0.2125527,-0.10701662
62726,L4/5 IT,-0.17942923,-0.05294484
269610,L4/5 IT,-0.04650548,0.1763956
155398,L5 IT,-0.053401977,-0.05873218
155448,Astro,0.15164298,-0.10921019
62661,L5 ET,0.030932188,-0.10939804
155525,L6 IT,0.21967292,-0.10498983
62652,VLMC,-0.003116697,0.40082228
218015,L6 CT,0.1313582,-0.015112847
63400,L2/3 IT,-0.31600934,-0.02436629
155526,Endo,0.09734613,-0.20218161
218022,L4/5 IT,-0.068220556,0.05634457
62603,L4/5 IT,-0.28381443,-0.41280752
218069,L5 IT,-0.21712542,-0.3136098
62510,L2/3 IT,-0.2617773,-0.09058964
269508,Astro,-0.15183306,-0.378918
218085,Sst,0.2684356,-0.077881604
63435,L5 IT,-0.19094974,-0.21378565
155563,L4/5 IT,0.023753226,0.13201278
155575,Astro,-0.14496055,-0.30588338
62449,Endo,-0.18514353,-0.4664608
218110,L6 CT,0.028455019,-0.42562792
187070,OPC,0.27940202,-0.17128944
218121,Endo,-0.36086616,-0.37919295
253483,L6 CT,0.030781806,-0.41325277
62378,Sst,-0.11935404,-0.290815
62364,Astro,0.27486336,-0.2595827
62285,L6 CT,0.3411916,0.045831025
155641,L4/5 IT,-0.28928018,-0.35080922
63466,L2/3 IT,-0.32997936,-0.40727258
62735,L6 CT,0.21054953,-0.07660866
187150,L5 IT,-0.07243472,-0.1678367
269601,L4/5 IT,-0.050445378,0.14548421
62782,PVM,-0.04167372,0.08402401
154880,L2/3 IT,-0.34366208,-0.33322322
155024,Astro,-0.030811518,0.117783606
242772,Vip,-0.31797212,-0.32303858
242771,Endo,0.23145789,0.078079104
242770,PVM,-0.07173264,0.18675363
63131,L4/5 IT,-0.27752203,-0.20078814
63118,L2/3 IT,-0.07967812,0.15087622
63117,Micro,0.2112701,0.14307678
63097,L4/5 IT,0.106506824,0.2927547
269550,VLMC,-0.22154394,0.21389443
217864,OPC,-0.40795898,-0.21217337
63071,Astro,-0.13882643,0.055309653
63052,Astro,-0.098718286,0.3103451
187236,Micro,0.20920563,-0.026429415
269501,PVM,0.10471362,0.06005478
269567,L6 IT,0.2177428,-0.1403797
63004,Pvalb,0.1397301,0.12740403
62998,VLMC,0.0012142658,0.41195613
63309,L2/3 IT,-0.18083203,0.16541386
62978,L6 IT,-0.06391066,-0.19297999
63314,L2/3 IT,-0.18833318,0.14783138
269577,Vip,-0.38843948,-0.45363474
187204,L4/5 IT,-0.08096114,0.056086123
155216,Oligo,0.22717947,-0.27494824
217933,Peri,0.22428817,-0.29885226
62856,L6b,0.11984509,-0.28858984
63387,Oligo,0.23509848,-0.28627664
217951,L6b,0.12714016,-0.30300277
62829,Oligo,0.31795436,0.23258972
187159,L4/5 IT,0.12165314,0.22655666
63025,L4/5 IT,0.2803493,0.26643205
156247,L6 IT,0.0072410107,-0.21370512
187051,L6 CT,0.053830504,-0.28638855
269500,Endo,0.3268935,0.35968906
269763,L6 IT,0.3724358,0.035692513
242700,Micro,-0.24480674,-0.025755256
218399,L5 IT,-0.13289091,-0.36938035
61393,L6 CT,0.116664946,-5.826354e-05
156038,L5 IT,-0.046191037,-0.23371181
154752,L6 CT,0.045446336,-0.09232876
61366,L6 IT,0.23650849,-0.110292464
61364,Pvalb,0.3235432,0.3491795
61324,L4/5 IT,0.09462839,-0.104392916
156052,L6 CT,0.3294165,0.10113239
242694,Oligo,0.40278977,0.23182142
156082,Lamp5,0.13972932,-0.0127303
218451,Astro,-0.14196858,-0.30724144
63629,L2/3 IT,-0.30978855,-0.059993595
63670,L4/5 IT,-0.28697658,-0.24494028
63685,L5 IT,0.18281281,0.09793705
269803,Endo,0.084667325,0.20263714
63690,Lamp5,-0.10398695,0.273014
156099,L6 IT,0.018362403,-0.08195457
269810,Astro,-0.36520252,-0.06462914
218480,Endo,-0.40342334,-0.48087925
61083,L4/5 IT,0.03697127,0.21311975
63691,Oligo,0.17398423,-0.29473773
218504,L6 IT,0.08551639,-0.11305666
61021,L5 ET,-0.06664315,-0.018307328
218513,Vip,0.3756401,0.2684731
156236,Astro,0.057180107,0.4077263
60983,L2/3 IT,0.2618208,0.39869088
242682,L2/3 IT,-0.35462284,-0.26406443
253418,Pvalb,0.13467741,0.077983975
155991,PVM,-0.26598543,-0.17730132
61592,Oligo,0.035452366,0.03478253
218364,L6 IT,0.20297235,-0.16673797
155696,L2/3 IT,-0.30818576,-0.10201734
154830,L6 CT,0.3182928,0.0670979
154803,Sst,0.12240082,0.1543814
154781,Sst,0.2629456,0.06036228
62027,Micro,0.14362222,0.10978246
187025,Endo,-0.39909887,-0.3915492
218214,PVM,-0.32069677,-0.055382013
155777,L6 IT,0.37325984,0.13704234
61888,L6 IT,0.2450015,-0.098281294
63548,L6 CT,0.2429772,-0.04739055
155780,L5 IT,-0.11607528,-0.14923501
63570,L6 IT,0.20332581,-0.19508806
155838,L6 CT,-0.048633248,-0.31815878
186988,L6b,0.18127519,-0.25542757
218178,Oligo,0.28309864,-0.23072526
61851,L5 ET,0.1319682,0.1567837
218290,Oligo,-0.08789119,-0.38711265
155872,Endo,-0.27340925,-0.3942144
61800,L2/3 IT,-0.13426909,0.20198393
253453,Peri,-0.03682685,0.15039593
61785,L2/3 IT,-0.2920803,-0.20143935
217611,Oligo,0.21053332,-0.13005158
155881,L2/3 IT,-0.15493804,0.15056068
155893,L2/3 IT,-0.29514438,-0.14523152
186972,Micro,0.12574416,-0.01584068
155981,Endo,0.07285094,0.31888014
186943,SMC,0.39081532,0.28783822
269755,L4/5 IT,-0.016892582,0.06360829
218360,Astro,-0.4437726,-0.27203372
154760,Endo,0.20337903,-0.11934325
218285,L4/5 IT,-0.25541598,-0.44760346
58579,L4/5 IT,-0.31716493,-0.40904993
58530,Micro,-0.18289268,-0.21168098
157781,Endo,-0.20017287,-0.42716482
55416,Sst,-0.14462373,0.032814622
160145,Micro,0.017486513,0.12461555
160148,Micro,-0.098492354,-0.43542266
153993,Oligo,0.35970533,0.18755573
220376,L5 ET,-0.07537204,-0.036318213
153972,L6 CT,0.0063575506,-0.32827914
160326,OPC,0.26113284,0.06599444
220377,L6b,0.07931483,-0.43527257
242388,Astro,0.1917935,-0.3180001
55328,L2/3 IT,-0.30216455,-0.05677089
65335,L2/3 IT,-0.22044551,0.05778414
55315,Oligo,0.07650268,-0.38707644
217022,L5 IT,-0.07815552,-0.29549888
160341,Micro,-0.36899835,-0.18453792
160345,L5 IT,-0.11242214,-0.059135616
55273,L2/3 IT,-0.09419581,0.19261128
270833,L4/5 IT,-0.04360196,0.14545745
185519,Astro,0.22299373,-0.34201726
55254,Peri,-0.2981137,-0.116395086
220406,Astro,-0.23010385,-0.40142044
55181,L2/3 IT,-0.14264834,0.21107864
242376,L6 CT,0.10712761,-0.20703235
185503,SMC,0.29726583,0.18431371
269133,L4/5 IT,0.27442807,0.33012766
55108,L2/3 IT,-0.31634915,-0.129046
55097,Micro,0.38151824,0.15666586
220435,L4/5 IT,-0.13590357,0.01513958
55088,L4/5 IT,-0.12795627,0.023889244
55050,Peri,-0.037552983,0.3653071
160114,L5 IT,0.21983486,0.17373824
55425,Oligo,0.42677075,0.17351097
55428,L6 CT,0.2225157,-0.09682244
153998,Oligo,0.10468286,-0.3819921
56081,L2/3 IT,0.16244811,0.39880276
56033,SMC,-0.15253776,0.21275347
270676,L6 CT,0.16460568,-0.2879318
56012,L4/5 IT,-0.23672256,-0.4369057
55991,L2/3 IT,-0.3233041,-0.07838151
159789,L2/3 IT,0.19075072,0.39187658
65205,L4/5 IT,-0.28956193,-0.42647612
269185,Oligo,-0.18468449,-0.24499294
154112,L5 ET,0.10945189,0.10515833
154059,L4/5 IT,0.043504,0.12922955
55970,Micro,-0.2285094,-0.12278828
55898,L6b,0.08602339,-0.38442448
55826,Endo,-0.3830949,-0.14676747
185708,Astro,-0.10139555,-0.37002373
217017,L6 CT,0.0052757263,-0.27110776
220237,L2/3 IT,0.19255173,0.4384325
55707,Micro,-0.35518396,-0.11744395
55687,L6 CT,0.30305845,0.093746305
154018,OPC,0.19147247,0.20713079
55656,L5 IT,-0.20997462,-0.1839475
55588,L2/3 IT,-0.23584157,-0.03987643
55574,Astro,0.26783288,0.22882146
159894,Peri,0.39887816,0.21637481
270791,L4/5 IT,-0.004731059,0.10185802
248167,L2/3 IT,-0.15563703,0.056672335
185631,Endo,-0.10012999,-0.18021601
65296,PVM,0.18515229,-0.24877
160032,Oligo,0.2392779,-0.24180877
55451,L6 CT,0.33110398,0.04102695
154000,Peri,-0.17614147,0.13500118
159838,Oligo,0.28437847,-0.13446283
56125,L2/3 IT,-0.34918463,-0.09366956
65395,Oligo,0.3191049,-0.024499714
54958,VLMC,-0.26965564,0.12835115
270975,Oligo,0.40888673,0.055743933
160768,Pvalb,0.11203396,0.25228393
242329,L2/3 IT,0.12637341,0.38269937
220637,PVM,-0.36342776,-0.46590433
160780,Peri,0.09916884,0.15979803
269108,Micro,-0.053794354,0.34487915
153792,Endo,-0.41517687,-0.21110931
269104,L2/3 IT,0.13918477,0.37769353
153682,L6 CT,0.14197934,0.007938385
252594,L6 IT,0.019122064,-0.087869704
160818,L6 IT Car3,0.39634448,0.057355106
54157,OPC,0.16039467,-0.40387088
154974,L5 IT,0.035773516,0.079161525
160850,L6 CT,0.104445875,-0.29726785
185356,L4/5 IT,-0.22520891,-0.20868984
54088,Astro,0.31077152,0.29647827
65537,L4/5 IT,-0.015886724,0.13194245
185355,Endo,-0.023176879,-0.22823605
54067,L2/3 IT,-0.30209982,-0.19484791
271002,L4/5 IT,-0.2817201,-0.36111072
54024,Peri,0.4440292,0.1757856
242308,Astro,0.1516329,0.13059556
54022,Lamp5,-0.15173718,0.25867933
153585,L6 CT,0.19515961,-0.060962915
248207,L5 IT,0.30073935,0.21263236
153554,L2/3 IT,-0.3341338,-0.19685507
65557,Endo,-0.13311914,-0.33943778
53940,L5 IT,0.13083118,0.10521376
53919,L4/5 IT,0.20640045,0.33350456
54269,L4/5 IT,-0.02974844,0.13234699
220614,PVM,0.23037452,-0.07806933
54298,Astro,-0.43639922,-0.19597277
253773,L5 IT,0.31743914,0.23355699
270876,L6 CT,0.08741498,-0.33382535
248189,L5 ET,0.041568458,0.02643162
54910,L6 IT,0.04390633,-0.20831597
160465,OPC,0.15776968,-0.33578354
65401,Oligo,0.30315512,-0.1767964
54728,L5 ET,0.15383244,0.20881271
54725,Micro,0.32799047,-0.17584181
54685,L4/5 IT,-0.22731805,-0.3701526
54670,L6 IT,0.22893113,-0.09880751
65413,Oligo,0.26076978,-0.19388035
54634,L6 IT,0.009312451,-0.20536226
185476,Astro,0.33471674,0.30833465
185460,PVM,0.33906525,0.3668577
54599,L2/3 IT,-0.09336719,0.21373701
220439,Vip,-0.11612505,-0.058488548
270921,PVM,-0.12717026,-0.37438893
187655,L4/5 IT,0.16015154,0.30545837
160558,L6 CT,0.21251738,0.03962642
160566,Astro,-0.08104566,-0.30719137
270926,Astro,0.30692053,0.0234586
54508,Peri,0.34961724,0.08635461
153863,Astro,0.10783845,-0.2637431
65477,L4/5 IT,0.109127104,0.21245456
54506,L5 IT,-0.021964073,-0.082113534
54487,L4/5 IT,-0.020488948,0.08229452
185457,L4/5 IT,0.28439444,0.3329128
185454,Astro,-0.20245355,-0.23947614
160608,L5 IT,0.014176369,-0.24688455
160661,L2/3 IT,-0.21949676,0.0959571
185438,L2/3 IT,0.18129605,0.3978086
160550,L6 IT Car3,0.46129483,0.07606208
56136,Micro,0.24109578,-0.28240374
159727,Endo,0.2231822,-0.074629605
56174,L2/3 IT,-0.15320224,0.116873145
57792,L2/3 IT,-0.055539966,0.29621965
186208,L4/5 IT,-0.08678943,0.082283854
57789,L4/5 IT,0.24445307,0.3175878
64679,Pvalb,0.1391074,-0.061673522
158334,Vip,-0.042390704,0.17316109
57766,Micro,-0.16812837,-0.26435477
57745,Astro,-0.45378396,-0.31645805
64723,L6 IT Car3,0.3914292,0.053923905
57699,Endo,-0.27420282,-0.31555668
158386,L6 CT,-0.054966807,-0.35864985
57692,Astro,-0.03628245,0.18479812
57674,Lamp5,-0.2750671,-0.049388617
270382,Endo,0.30624706,0.24974889
219680,Oligo,0.14866084,-0.38678488
57640,PVM,-0.42642015,-0.40038037
270393,Endo,-0.36614424,-0.05871439
253675,L2/3 IT,-0.007662505,0.32365835
158393,L6 CT,0.2896037,-0.021448404
247819,Astro,-0.26430786,-0.24471787
158558,L5/6 NP,0.1537233,0.15945804
57551,Astro,0.2017793,-0.3114344
158575,OPC,0.34639883,0.32908142
242477,Oligo,-0.18235084,-0.37610543
64765,L6 CT,0.19055128,0.019094586
186093,L6 CT,0.18677765,-0.23328018
57445,Astro,-0.2590031,-0.4046994
57441,L4/5 IT,-0.24929681,-0.23028046
57436,L6 IT,0.13932592,-0.01576513
57421,Pvalb,0.033985496,0.10441184
269284,Endo,0.26929224,0.28853977
57795,Astro,-0.035746813,0.27089715
57808,L6 CT,0.32897776,-0.05036381
57831,Endo,0.2129221,0.1410346
58497,L2/3 IT,-0.31347445,-0.06482077
58458,L5/6 NP,-0.03968957,-0.3433084
157808,SMC,0.26993275,0.3317724
186318,Astro,-0.44306844,-0.4438356
58399,L2/3 IT,-0.24669757,-0.021845222
219455,L2/3 IT,0.049226105,0.33869183
219461,L2/3 IT,-0.41494602,-0.38385782
219462,L2/3 IT,-0.16525057,0.041050494
253051,Micro,-0.43407005,-0.29558092
157913,L5 IT,0.11768389,0.055669546
58292,Endo,0.15324062,0.15672427
219518,L2/3 IT,0.079063654,0.31072414
58205,L4/5 IT,0.2678855,0.26376188
58197,Oligo,0.22420561,-0.12808403
252906,L2/3 IT,-0.005748838,0.26673692
64586,Endo,0.3582602,0.14820015
186275,SMC,-0.28240857,-0.3938877
58153,Oligo,0.25088674,-0.15239748
219551,L2/3 IT,0.16481912,0.38139528
58104,L5 IT,0.3875538,0.26049763
58079,Pvalb,-0.36701015,-0.2402888
58065,Pvalb,-0.034822673,0.15684974
186246,Endo,-0.21907878,-0.42143562
58057,L5 IT,0.017157614,0.011457384
253021,L4/5 IT,-0.20530096,-0.12690279
269285,L2/3 IT,-0.12091866,0.10636598
219600,L6 CT,0.0826022,-0.1342223
57938,VLMC,-0.38111705,-0.02109301
253005,Oligo,0.0829435,-0.24681103
158184,Astro,-0.22686172,-0.2446203
154410,L6 IT,0.061022878,-0.37001055
158728,L2/3 IT,-0.20460731,0.042218924
57364,Oligo,0.22323191,-0.18172488
64770,VLMC,-0.44721058,-0.23582861
56615,L6 CT,0.20557761,0.019224346
159122,Micro,-0.1773526,-0.27676296
64968,L4/5 IT,-0.28328747,-0.4376201
219916,L4/5 IT,-0.03622967,0.1418339
217174,L5 IT,0.16114664,0.05825597
187551,SMC,-0.15574434,-0.012021273
154195,L4/5 IT,-0.1979236,-0.085547954
253709,Oligo,0.16576433,0.015523195
65065,Micro,0.029203415,0.33476645
56571,L2/3 IT,0.03870082,0.23922229
242887,L4/5 IT,-0.24511594,-0.19556314
159369,VLMC,-0.25439516,0.14313161
219934,L2/3 IT,-0.38220844,-0.3605495
159373,Oligo,0.1460033,-0.3085492
56626,L2/3 IT,-0.027792722,0.23439294
159409,L6 IT Car3,0.3575952,0.08858949
56491,L4/5 IT,-0.07835236,0.079093516
185792,Oligo,0.28842896,-0.08127874
56470,L2/3 IT,-0.057286054,0.27735364
159564,Peri,-0.0037504733,-0.3103421
56427,Astro,0.109259784,-0.24101707
159606,L2/3 IT,0.17232919,0.34195817
159612,L6 CT,0.2032587,-0.112380385
56318,Pvalb,0.08482838,-0.04358071
65134,L5 ET,0.3516314,0.25883466
220072,L6 CT,-0.07898599,-0.23065197
270643,Oligo,0.26607543,-0.21773806
159616,L4/5 IT,-0.16425157,-0.017251462
185758,Pvalb,-0.19667268,-0.3047404
252770,L4/5 IT,-0.08108765,0.11556178
219969,Sst,0.046214342,0.17021859
161021,Oligo,0.20717579,-0.27635705
56653,Oligo,0.11687368,-0.39088392
64900,Lamp5,-0.35776955,-0.3413769
187532,L2/3 IT,-0.26791227,-0.08838394
158731,Sncg,0.25544578,0.4469347
217230,SMC,0.1249789,0.2213198
186046,Oligo,-0.18885437,-0.28781426
57193,Astro,-0.1405747,0.2626841
158815,L4/5 IT,-0.2029553,-0.082847
57118,Vip,-0.10477492,0.19501609
219801,L4/5 IT,-0.29751506,-0.417556
217227,L4/5 IT,0.07296002,0.24484622
64834,Pvalb,-0.06243196,-0.27781302
57077,L2/3 IT,-0.3632664,-0.2961673
219808,L6 CT,0.114317,-0.21268386
64838,Astro,0.17563963,0.4504248
186034,Sst,0.08246446,-0.33647805
217187,L5 ET,0.03147012,-0.13390508
158871,Astro,-0.052817047,-0.43541554
56976,Vip,-0.2595501,-0.10903621
158917,L6 IT Car3,0.41451377,0.016462088
219849,OPC,0.20437175,-0.1264056
158956,Micro,-0.18338725,-0.4111702
158961,Astro,-0.26958644,0.015006959
252870,Peri,0.20698565,0.32366204
56902,Pvalb,0.007256031,0.12959182
159025,Endo,-0.3792627,-0.25793934
159094,L2/3 IT,0.32110208,0.42367798
56767,L2/3 IT,0.1882087,0.4219854
270537,L6 CT,0.2291171,0.044791996
64896,Endo,-0.11437473,-0.45925292
159103,VLMC,-0.24764004,0.16490346
56659,OPC,-0.25088423,-0.15413877
158903,L4/5 IT,0.05562055,0.22457069
45004,Endo,-0.21850637,-0.29112336
197619,L6 CT,-0.007485062,-0.4239995
223657,L5/6 NP,-0.11577597,-0.29549688
26216,L6 IT,-0.008912981,-0.216091
26229,L4/5 IT,-0.0005595386,0.21141064
250098,L6 IT,0.2989521,-0.03928733
240704,Astro,0.21816236,-0.29238653
230068,L6 CT,0.20570952,-0.032895803
26318,L2/3 IT,-0.16514707,0.15791422
26324,Astro,0.005019963,0.13210803
180616,Peri,-0.07943964,0.13587594
174755,Oligo,-0.18560779,-0.33417708
26440,L6 IT,-0.0022868216,-0.21423203
174751,Micro,-0.29283977,-0.38898754
26506,Oligo,-0.012852013,-0.38316846
229980,Pvalb,0.086485684,-0.17097124
180633,Astro,0.290834,0.38266742
275709,L5 ET,-0.088332355,-0.34079728
250094,Peri,0.20425129,-0.17379928
26584,L5 IT,0.28912586,0.267363
26189,L4/5 IT,-0.17275107,-0.058270335
174928,Pvalb,0.17184782,0.23228735
175091,PVM,-0.31690675,-0.16370142
25810,L6 IT,0.37770867,0.19869524
240684,Oligo,0.26742655,-0.23114336
250047,Astro,0.1929729,-0.33681878
25868,Oligo,0.30210674,-0.11069587
230228,L5 IT,0.264,0.22785097
175059,L6 CT,-0.07955882,-0.34212822
25960,L2/3 IT,-0.38456243,-0.36361864
230195,L2/3 IT,0.12327975,0.3733068
180541,Endo,-0.015932232,0.35866392
174974,L2/3 IT,0.031241953,0.35840625
230136,Oligo,0.121542156,-0.42475078
275787,L6 IT,0.22644848,-0.056051105
250081,L6b,0.10577935,-0.392394
26164,L4/5 IT,-0.21169603,-0.18629292
250087,L4/5 IT,-0.02917245,0.13261306
25795,Astro,0.073034525,0.056377947
26596,Oligo,0.11384761,-0.40644273
229942,OPC,0.16899186,-0.38912758
26946,Endo,-0.23778379,-0.38513404
174422,L5 IT,-0.010291696,0.0670231
229820,L6 CT,0.31914717,0.15652543
27001,OPC,-0.13122553,-0.08038673
174361,Pvalb,-0.17117059,-0.03323278
27055,Micro,0.15309292,0.40042776
27062,Astro,-0.26230487,-0.36086237
27099,L4/5 IT,-0.1183005,0.07713574
229765,L5 IT,-0.05673918,0.013876975
27159,Oligo,0.20875019,0.111346185
27180,SMC,0.33282036,0.15365064
240783,Astro,0.013113141,0.29634774
174228,L4/5 IT,-0.0021960437,0.1659416
27212,L5 IT,0.28641272,0.17761302
27277,Endo,-0.2775974,-0.15993184
240761,L2/3 IT,-0.04427609,0.24798137
26624,PVM,0.3456565,0.37218004
174446,Oligo,-0.3226574,-0.1861395
174528,L5 IT,0.1952728,0.24608415
240733,L2/3 IT,0.31463444,0.38453853
229937,Pvalb,0.057500005,-0.42488134
229925,L2/3 IT,-0.101810396,0.13282341
26724,Oligo,-0.16516766,-0.076892495
26741,L5 IT,-0.15972248,-0.4032393
174652,Astro,-0.29648265,-0.4061859
174649,L5 IT,-0.06619096,0.021026254
26813,L4/5 IT,0.16013563,0.30206144
174644,Oligo,0.2251758,-0.267298
26846,L6 CT,0.3913461,0.08432233
174624,L5 IT,0.19935966,-0.057466626
229874,PVM,0.32379162,-0.041012377
249074,Micro,-0.0037995279,-0.43091005
26892,Pvalb,0.21972728,0.28087157
180676,L6 CT,0.118649125,-0.31491923
229846,PVM,0.06588787,0.13372833
174219,L6 CT,0.04633963,-0.33909148
175094,Endo,0.20994782,-0.22931454
230311,L5 ET,-0.2009741,-0.41102928
249970,L4/5 IT,-0.20099348,-0.085912585
249972,Oligo,-0.04508096,0.16709304
24685,VLMC,-0.47398984,-0.32547945
175547,Astro,0.22471702,0.049659967
24739,L4/5 IT,0.091143966,0.2935667
24747,L2/3 IT,-0.2303848,0.046397805
175523,L4/5 IT,-0.0800021,0.0408386
240606,Astro,-0.4348604,-0.17614016
24774,Micro,0.11681396,0.15445554
175512,Astro,-0.32008225,-0.24586996
230698,L5 IT,0.012350917,0.111099064
24789,L5 ET,-0.21377316,-0.364992
24794,L4/5 IT,0.07586396,0.2627061
230677,L4/5 IT,-0.09871641,0.016159475
24818,L2/3 IT,0.06498647,0.38449234
24634,Astro,0.4128793,0.16515642
24884,Endo,-0.30842647,-0.40919474
180352,Peri,-0.23603898,-0.42626438
24567,L2/3 IT,-0.04510203,0.164972
230832,Pvalb,0.048249602,-0.27786338
24366,L2/3 IT,-0.3459623,-0.22815561
175766,L5/6 NP,0.37580407,0.22859871
24374,Oligo,0.45482147,0.102626204
240583,Endo,-0.36659634,-0.45441672
175735,L2/3 IT,0.04646814,0.32211387
24412,Oligo,0.24771649,-0.27181524
24438,L6 IT,0.40641046,0.015861332
24507,L5 IT,-0.10234538,-0.121243924
230783,L6 CT,0.32432622,-0.057429105
24530,Astro,-0.24100569,-0.44928354
175721,L5 ET,0.3324116,0.16051996
180327,Endo,0.181355,0.4521261
249969,VLMC,0.14629644,-0.4053686
24553,VLMC,-0.3377679,0.043514907
230761,L4/5 IT,0.2912857,0.3378557
25751,L5 IT,-0.2087368,-0.2895456
240617,Micro,0.22106522,0.18116891
24946,OPC,0.07369518,0.120441556
25397,L6 CT,0.1462673,-0.25178745
175220,Micro,-0.39508292,-0.15253526
25451,Endo,0.024031281,0.23445249
175149,L6 CT,0.33942544,0.0352512
25502,Oligo,0.12046522,0.037355006
25504,L6 IT,0.06665468,-0.23665321
240668,Endo,-0.2510306,-0.42742544
175148,Astro,-0.1929524,-0.49964684
25538,Micro,-0.15838999,-0.47551495
25548,Micro,0.1714167,0.11486775
230393,L6 CT,0.073245406,-0.083386004
180512,L2/3 IT,-0.3826606,-0.21865368
250046,VLMC,-0.47133607,-0.44145104
275893,L2/3 IT,0.31790495,0.41902828
25707,SMC,-0.038013846,0.14779896
275954,L4/5 IT,-0.20252246,-0.16086936
230626,Astro,-0.13542295,-0.22654074
175268,L6 IT,0.3170724,0.010981262
230480,L4/5 IT,-0.20437369,-0.15723759
175435,L5/6 NP,-0.16801512,-0.38350216
175417,Sst,-0.019278467,-0.12860191
24969,Astro,0.14138228,0.349307
24982,Astro,0.074133515,0.2580139
24988,Endo,0.3257655,0.18995458
24994,L6 CT,0.3332951,0.07630479
25075,Oligo,-0.17773107,-0.28918436
25091,Astro,-0.284666,-0.08263126
230559,L6 CT,0.01394999,-0.3011766
175296,L6 IT,0.09651005,-0.1972126
230534,Astro,-0.18145627,-0.33609408
230533,L4/5 IT,-0.14736745,0.050597906
25170,Micro,-0.2573344,-0.113324225
275977,Astro,0.20037395,0.44650775
25222,L6 CT,0.072674334,-0.39427602
25322,L4/5 IT,0.22067851,0.30492407
175856,OPC,-0.22796664,-0.052127093
174218,Oligo,0.2660823,-0.18431553
27320,Endo,-0.266044,0.10446656
249014,L6 IT,0.31323522,0.048238993
229034,Endo,-0.11055845,-0.22180882
29404,Sst,-0.1303809,-0.23480526
229031,L2/3 IT,0.15260643,0.37689233
173413,Oligo,-0.23880333,-0.32832345
240925,Oligo,0.2179119,-0.2660674
29487,Sst,-0.17491719,-0.26865774
29511,L4/5 IT,-0.27835733,-0.42251232
173408,L4/5 IT,0.13327646,0.25258732
29589,L4/5 IT,-0.25360283,-0.4667035
29590,SMC,0.17446381,0.22823286
275190,L6 IT,0.2729038,-0.07675344
173375,Oligo,0.29536808,-0.20428094
29624,Pvalb,0.08554524,-0.10376343
181173,Astro,-0.17655256,-0.29916462
250334,L6 CT,0.43466938,0.0343889
181174,Endo,-0.35941476,-0.45382118
29280,L6 IT,0.1088624,-0.04905936
229099,Sst,-0.047444135,-0.3614636
173540,L2/3 IT,-0.02293989,0.26896054
28977,Endo,0.023901284,0.110631585
29010,Peri,-0.30916178,-0.13666797
229149,Astro,-0.14894977,-0.3106176
29016,L2/3 IT,-0.325899,-0.10034388
29018,Sst,-0.33291858,-0.20680359
173535,Astro,-0.23611349,-0.29503322
29057,L5 IT,0.15408182,0.1068694
173513,L6 CT,0.19116753,-0.05319953
29093,SMC,-0.03725198,0.39045316
29109,Endo,-0.23763761,-0.10211095
29118,L5 IT,0.17976975,0.056360602
250330,Endo,-0.2678091,-0.3286791
181092,Astro,0.20930302,0.44481832
29167,PVM,0.36703902,-0.07328418
29216,L6 CT,0.020267785,-0.3092122
173542,L6 IT,0.24608856,-0.07559985
29727,L6 IT,0.32287163,0.009148061
29749,L2/3 IT,0.22992086,0.43161845
275014,L2/3 IT,-0.38595122,-0.4423503
30313,Micro,-0.2940256,-0.3647849
181246,L5 IT,-0.13737983,-0.38368312
228765,VLMC,0.17018646,0.4824168
173107,L2/3 IT,-0.12882596,0.14219552
30381,Endo,-0.29608977,-0.46436474
30410,Endo,-0.21200845,-0.18448886
240975,L6 CT,0.10108787,-0.14452401
173063,L6 IT Car3,0.4837225,0.12086749
181283,L2/3 IT,0.35145235,0.3733415
30477,Oligo,0.16204935,-0.27328712
172944,L2/3 IT,-0.21568519,0.06340939
30532,L6 CT,0.02476734,-0.40148246
30543,L5 IT,-0.21706143,-0.231345
274957,Endo,0.15478969,-0.40554982
30257,Oligo,0.1414544,-0.11895403
173325,Oligo,0.29931223,-0.14508179
173232,Oligo,0.1968618,-0.21307987
30227,Endo,-0.031031013,0.27116716
249005,L4/5 IT,0.012240946,0.24525326
29778,L6 IT,0.19659448,-0.16508886
29779,OPC,0.09161645,0.27853113
228926,L2/3 IT,-0.20003858,0.06172341
173270,L4/5 IT,-0.3026226,-0.44144917
29857,L4/5 IT,-0.12660545,0.082966566
173259,L6 IT,0.30071932,0.037227392
228897,L6 IT,0.30789244,0.16090482
29980,Endo,-0.1090104,-0.10466236
275082,L6 CT,-0.07427013,-0.40250018
30053,L4/5 IT,-0.08209795,0.080727994
30086,Endo,-0.4355796,-0.2691567
228814,Oligo,0.03989631,-0.2955202
30211,L6 CT,0.35623348,0.082633674
30225,L6 CT,0.28760833,-0.07295337
228793,L6 CT,0.13680053,-0.008049548
229690,Endo,0.3610958,0.07646501
28945,Micro,-0.21835828,-0.26585874
28900,Oligo,0.1904121,-0.35393685
229570,Micro,-0.019711047,0.14358622
27706,OPC,0.3071379,0.3001967
250257,L4/5 IT,0.18707079,0.3166157
27738,Astro,-0.40280482,-0.39558715
27773,SMC,-0.19994563,-0.23076403
27785,L5 IT,0.29742575,0.2612244
27820,Endo,-0.41940805,-0.16402158
180890,L6 CT,0.1798392,-0.15974507
173982,VLMC,-0.13207474,0.28630686
27935,L6b,0.08955753,-0.40849033
27955,L6 CT,0.4072404,0.14402372
27978,L4/5 IT,0.06366414,0.24226612
180906,L6 CT,0.18645298,-0.11310542
173960,VLMC,-0.44589737,-0.26113665
173955,L6 IT,0.4665153,0.20529377
27636,Oligo,0.2346949,0.04718989
28060,L6 IT,0.16904157,-0.2279461
174045,L4/5 IT,-0.24654794,-0.43514246
174066,L6 IT,0.24577874,0.04616958
180794,Oligo,-0.09551138,-0.38499644
27334,Astro,0.18470377,0.23556572
229686,PVM,0.36828887,-0.034611702
229675,L6 IT,0.002684474,-0.3520537
229673,L6 IT,0.38195854,0.1688227
240809,L5 IT,-0.07146099,-0.36506435
27395,L6 CT,0.14511794,-0.13222924
27408,Astro,-0.12731546,-0.3324529
174088,L6 CT,0.22337121,-0.0054806173
27419,L6 IT,0.24109405,-0.08035153
27425,L5 IT,-0.08592564,-0.035744548
27435,L6 CT,0.067053616,-0.28875262
27466,L4/5 IT,-0.279388,-0.39753342
174070,L5 IT,0.34113157,0.1451214
27476,PVM,0.20963567,0.5
27533,Astro,0.34290588,0.03376603
28917,Astro,0.040315688,-0.26274985
28129,L2/3 IT,-0.38749155,-0.32867905
28206,L4/5 IT,-0.00998202,0.1526553
28676,Astro,0.2517814,0.33207822
28682,Oligo,0.02174753,-0.33657587
28686,L6 CT,0.3296042,0.122669876
28702,Oligo,0.3557127,0.084355175
181036,L6 IT,0.28210008,0.14999068
28728,Endo,0.3019436,-0.1502598
181052,L2/3 IT,-0.36942264,-0.14740553
181064,Astro,0.0036178827,-0.37894008
229230,L6 CT,-0.07310125,-0.3823673
28802,VLMC,-0.46755633,-0.4135323
28841,Endo,0.44618684,0.16966867
28850,L5 IT,-0.21456042,-0.4349902
173602,L2/3 IT,-0.17718983,0.14224225
28881,Oligo,0.39279956,-0.059788376
181069,Sst,-0.2766438,-0.02296573
28670,L4/5 IT,0.075303376,0.15127891
173928,L6 CT,0.06043738,-0.27421385
173737,Sst,-0.13500485,-0.39856943
28609,Astro,0.29976547,0.37582386
28211,L5 IT,0.20396376,0.16586977
180933,L5 IT,-0.09419429,-0.07315728
28219,L2/3 IT,-0.12505066,0.1821109
173869,Oligo,0.27252352,-0.18780765
250289,Peri,-0.3659704,-0.16630504
28291,Micro,-0.23119822,-0.32052854
229354,L6 IT,0.18504453,-0.13110426
173847,Astro,-0.09186116,-0.37310708
249039,L5/6 NP,-0.08294529,-0.34817418
180958,Sst,-0.073037,-0.12969396
249036,L6 CT,0.054844618,-0.22250038
28467,Pvalb,-0.0639776,0.08819014
249023,L6 IT,-0.055227965,-0.18275017
28517,Sst,-0.049289316,-0.13561693
181001,L6 IT,-0.058106303,-0.40634966
28623,Endo,-0.44087705,-0.24958703
172862,L4/5 IT,-0.11474413,0.047234476
175871,L5 IT,-0.06827122,-0.1089637
24248,L5 IT,0.03340423,-0.001458317
232378,L2/3 IT,0.022377312,0.2984472
232372,Oligo,0.08844823,-0.22541645
232365,Astro,-0.35970554,-0.37425452
232356,Endo,0.2686854,0.20213997
20084,L2/3 IT,-0.27647203,0.010861576
20104,Oligo,0.109393895,-0.32932281
178139,L2/3 IT,-0.3875516,-0.35839504
178093,Oligo,0.1658414,-0.32189974
20177,L2/3 IT,-0.34864163,-0.3426531
20183,L5 IT,-0.07187489,-0.20327172
178041,L6 CT,-0.024416566,-0.3893552
178036,Astro,0.3362106,0.3510452
20213,Oligo,0.10729414,-0.21259737
177987,Astro,-0.12988058,-0.4231617
20221,L5 IT,0.35545647,0.24164051
232386,L2/3 IT,-0.21434242,-0.059761554
177986,Peri,0.12890655,-0.36649334
232393,Pvalb,-0.14674231,-0.02331838
249497,L5 IT,-0.05693081,-0.066094965
19702,L4/5 IT,-0.16894329,-0.0882799
19779,Oligo,0.0632537,-0.3368659
19785,Vip,0.24829012,0.3031118
19789,PVM,-0.39988202,-0.22312906
249467,L6 IT,0.41250634,0.11700481
19833,L2/3 IT,-0.306736,-0.052992195
232455,Astro,0.10756153,0.13532108
178317,PVM,-0.33010244,-0.1284104
276966,L6 CT,-0.029912502,-0.38384685
178252,L5 IT,-0.095315814,-0.04792732
179444,L5 IT,0.11958903,0.07322937
19917,Micro,-0.0061680675,-0.007313162
19930,L5 IT,0.20992899,0.17327636
276944,L4/5 IT,-0.20569226,-0.10640961
19987,Oligo,0.22226095,-0.2187059
178177,L2/3 IT,-0.34265855,-0.14637423
249466,Peri,-0.27442974,-0.42007023
177958,L2/3 IT,0.019247532,0.35410798
20304,L4/5 IT,0.026201665,0.19191241
249235,PVM,-0.18165225,-0.246757
177744,Endo,0.2798388,0.1405977
20650,Oligo,0.3287055,-0.056119263
20651,L2/3 IT,-0.27688485,-0.011841476
20705,Endo,-0.42210162,-0.39678663
177736,L2/3 IT,-0.27632105,-0.1287458
276778,Astro,-0.4470355,-0.33862627
232064,VLMC,-0.4650605,-0.4247693
20814,Astro,-0.280214,0.056761086
249228,Oligo,-0.030678362,-0.13851821
177703,Sst,0.28952152,0.16338861
179666,Oligo,0.30994737,-0.104797035
21106,L5 IT,0.33143353,0.26262653
231966,Astro,0.22957414,0.19238031
177547,Oligo,0.08806473,-0.12715954
177782,Oligo,0.3666445,0.23761523
177857,Vip,-0.083437294,0.143556
232133,Endo,-0.15307343,-0.32287562
276837,L4/5 IT,-0.22108927,-0.38659096
20328,L6 IT,-0.0803597,-0.39771926
276881,L6 CT,-0.11738807,-0.35380572
177837,L4/5 IT,-0.09574208,-0.011881292
249549,L4/5 IT,-0.14451972,0.027860641
240355,L4/5 IT,-0.09870726,0.10632563
177808,L4/5 IT,-0.29458538,-0.3718704
179626,L2/3 IT,-0.3201416,-0.23731056
232210,L2/3 IT,-0.1605804,0.07630128
20384,L6 CT,0.17657608,-0.11503509
20404,Vip,-0.30629045,-0.34006774
232179,L6 CT,0.04989612,-0.3053695
177797,L2/3 IT,-0.29109105,-0.13728198
232162,Oligo,0.4475038,0.11212009
20515,Oligo,0.31949764,-0.01304248
179629,L6 IT,0.08203071,-0.33061776
276828,L5 ET,0.08485639,0.07265055
177532,Pvalb,-0.11897904,0.20112115
232529,Oligo,0.1821993,-0.27532512
19552,L5 IT,-0.1285629,-0.14505294
232993,Astro,0.4228847,0.20975673
249305,L6 IT,0.106936395,0.061507583
240254,L6 IT,0.33826584,-0.007659465
232975,Oligo,0.30715925,-0.059640884
18249,L2/3 IT,0.17175478,0.43818915
249404,Endo,0.21878844,-0.20692313
18293,Micro,0.12061119,0.01060611
178755,L5/6 NP,-0.23257968,-0.3857829
18313,Oligo,0.14053053,-0.23919332
18360,L2/3 IT,-0.18613154,0.03926909
240263,L5 IT,0.12510127,0.10350436
178739,Pvalb,-0.020641476,-0.29239744
232854,L4/5 IT,0.19607502,0.3244756
18671,L2/3 IT,-0.3756109,-0.25801086
18680,Sst,-0.3439987,-0.1834214
249309,Endo,-0.3194703,-0.11179304
18724,L6 CT,0.15537304,-0.25065964
249387,Astro,0.041462064,-0.12414205
178913,Astro,0.24691355,0.17454535
17813,L6 IT,0.013778567,-0.25183266
277321,L4/5 IT,-0.22500134,-0.10128361
17841,L4/5 IT,0.09643185,0.25743556
179064,L6 IT,0.27890903,0.15467542
179031,L6 CT,0.06603533,-0.14489889
17885,Endo,-0.18167782,-0.17616352
240238,L5 IT,-0.19929856,-0.35668278
17927,L2/3 IT,-0.14373767,0.04203379
233036,PVM,0.2050094,-0.035424948
17932,L5 IT,-0.0012240112,-0.055411607
249332,L5 ET,-0.16267833,-0.2611635
249373,L2/3 IT,-0.20630032,0.12125313
18039,L2/3 IT,0.0618999,0.35635656
18078,L2/3 IT,-0.38210896,-0.26141015
18093,Endo,-0.27938277,-0.36764243
18105,L6 IT,0.15789342,-0.10322702
19592,L2/3 IT,-0.2041862,0.12872887
18756,L2/3 IT,-0.37842068,-0.23524791
232830,L4/5 IT,-0.23917615,-0.42957902
179300,L2/3 IT,-0.3270708,-0.28080183
19265,L6b,0.013269842,-0.46883368
178582,Lamp5,-0.24124604,-0.16646168
19320,Sst,0.36025304,0.39629632
277046,Astro,-0.15752563,-0.40377113
19347,L5 ET,0.2019645,0.13006008
178542,L4/5 IT,-0.21427831,-0.20832309
178520,Oligo,0.20365602,-0.2896271
19404,L5 IT,-0.19258133,-0.2961403
179381,SMC,0.09388447,0.12313837
19424,Oligo,0.25957918,-0.21079797
178429,Endo,0.3601458,0.26140612
19493,VLMC,-0.45009887,-0.13810015
232573,Oligo,0.23545063,-0.14322415
19542,L5 ET,0.3231529,0.2486639
232670,L2/3 IT,-0.37693906,-0.29393816
178732,Endo,-0.20008987,-0.22608405
19193,Oligo,0.18563354,-0.33322844
19163,L6 IT,0.19229674,0.09848446
232817,L5 ET,0.18571687,0.12410009
232809,Endo,-0.38084745,-0.47882697
18887,Peri,-0.28685907,0.06909865
18914,Endo,-0.225075,-0.11510384
178727,L4/5 IT,-0.3356741,-0.36319363
178726,Oligo,0.2921797,-0.16128331
178689,L4/5 IT,0.02809298,0.17578596
178686,L2/3 IT,-0.07499707,0.2150259
178678,Endo,-0.20550871,-0.387667
232766,Endo,0.14084405,0.38312107
277130,L2/3 IT,-0.0060673654,0.29771763
18995,L5 IT,-0.0028778315,0.092360854
232728,L2/3 IT,-0.1899201,0.04725516
178643,L2/3 IT,-0.252123,0.051192284
178641,L6 CT,0.083969,-0.00058960915
232690,Peri,0.19233179,0.39206874
24315,L4/5 IT,0.0764001,0.25540918
21240,L4/5 IT,-0.021951377,0.14366639
21265,Oligo,0.21389937,-0.27954704
23140,Micro,-0.39593548,-0.29437792
180086,L4/5 IT,0.059276164,0.22670662
23157,L2/3 IT,-0.14357743,0.11936933
176247,Peri,-0.1690428,-0.4305041
231221,Micro,-0.33685714,0.02096051
23245,OPC,0.32477117,0.124741495
23256,Oligo,0.0037997365,-0.45017272
23265,L4/5 IT,-0.19945773,-0.023653507
23294,L6 CT,0.39024115,0.04988426
176215,L5 IT,-0.122020006,-0.13950506
231182,Endo,0.0145715475,0.135252
23376,L5 ET,0.2223512,0.20655715
276238,L2/3 IT,-0.10188407,0.12599355
176206,L6 CT,0.007829249,-0.27012992
23459,Endo,-0.062116534,0.22607815
23073,L6 IT,-0.121352285,-0.2808237
231132,Endo,-0.09102425,-0.116809934
176288,L2/3 IT,-0.1986337,0.071811795
249777,Oligo,-0.009631962,-0.30852854
22746,L2/3 IT,0.029268444,0.25930566
249167,OPC,-0.07369417,-0.024808586
22790,SMC,-0.14247659,0.2777589
22802,Sst,-0.068152666,-0.2984333
22811,L6 CT,0.35941762,0.073682725
22832,Oligo,0.11979717,-0.39657936
231348,OPC,0.12624413,0.18202132
22877,L4/5 IT,0.1295284,0.26896167
22934,L2/3 IT,0.2878719,0.42759335
22944,L6 IT,0.23554784,-0.014047354
22952,Oligo,0.3595559,0.04599774
22978,L5 IT,0.35243934,0.25199646
22990,L6 CT,0.08427733,-0.095094204
23021,Peri,0.20637089,-0.04137948
231311,Oligo,0.11486679,-0.37968886
176369,Endo,-0.273399,-0.2849105
176531,L2/3 IT,0.29640824,0.41006833
23513,L6 IT,-0.045775443,-0.13237321
176171,Sst,0.16478604,-0.03270954
23862,L5 IT,-0.16100556,-0.22848955
230964,L2/3 IT,-0.40281424,-0.30054104
230957,Vip,0.063357055,0.18191826
23899,SMC,0.0739131,0.41968668
23902,L6b,0.09768784,-0.43066388
230942,Micro,0.20465606,0.002071321
24042,Astro,-0.01673165,-0.20284209
176000,SMC,0.043013513,0.27196574
24048,Astro,0.1937213,-0.16041806
24049,Micro,0.10599452,0.054151297
249878,Astro,0.086339176,-0.4553519
24090,Vip,-0.3671311,-0.4504432
24105,Oligo,0.34293413,-0.18828762
276115,L6 IT,0.3619702,0.05381894
175975,Peri,0.3452235,-0.10364735
23854,L2/3 IT,-0.25969177,-0.08517137
180135,L6 CT,0.11536002,-0.2622016
23830,L2/3 IT,-0.32445216,-0.0911614
180181,Astro,-0.28519648,-0.4349642
249133,VLMC,-0.48911706,-0.3330229
23583,L5 IT,-0.14955789,-0.16935632
23590,PVM,-0.25299448,-0.021027327
276195,Oligo,0.28897125,0.03942424
276192,Endo,-0.18901473,-0.29414517
23662,PVM,0.060307205,-0.37720594
176113,L4/5 IT,0.15100849,0.26925313
23687,Astro,-0.35551202,-0.3936408
23699,OPC,-0.2090579,-0.42977294
176081,Oligo,0.4430794,0.061389983
231004,Micro,-0.02938047,0.19159746
231001,Endo,-0.3053643,-0.46217117
23764,L6 IT,0.11881602,-0.059077024
23765,L6 CT,-0.0050257444,-0.39403814
230980,PVM,0.04608339,0.1727646
176006,Endo,0.25029415,-0.10082838
177527,L2/3 IT,-0.38271248,-0.43405643
276374,L6 CT,0.37521303,0.14600039
176584,L5 IT,0.02013123,0.055458188
177257,Astro,-0.13687387,0.27779835
177251,Oligo,0.33118922,-0.15064317
179791,L6 IT,-0.02942288,-0.1774868
21747,SMC,-0.4157167,-0.4674153
177149,L5 IT,0.36642116,0.2378056
240450,L4/5 IT,-0.1263229,0.05254078
276570,OPC,0.18366987,-0.36386892
179822,L6 IT,0.00029993057,-0.08769199
21803,L2/3 IT,0.19973433,0.38283414
179824,L6 CT,0.04130268,-0.34764713
231729,L6 CT,0.30658168,0.07947481
177039,Oligo,0.40817523,0.21498525
21840,L6 IT,0.15769535,0.029886663
21888,L2/3 IT,-0.24456885,0.014554799
21889,Endo,0.28259373,0.20451039
179784,L6 IT Car3,0.39689672,0.007542789
176955,L6 IT Car3,0.3769648,0.0026622415
179775,L2/3 IT,-0.26011068,-0.024373949
177303,Astro,-0.38755792,-0.3189547
21278,SMC,-0.20694137,0.1005066
21281,SMC,-0.4240071,-0.18006864
276673,L5 IT,-0.12731928,-0.3904958
21312,L6 CT,0.14039719,0.008485138
21372,L6 IT,0.2381224,0.06437254
21394,L6 CT,0.0113428235,-0.41348583
21418,PVM,-0.28035748,0.13909203
21422,L4/5 IT,-0.38988551,-0.43995848
231857,L5 IT,0.013190091,0.107274294
231844,L2/3 IT,0.09980601,0.32907408
177469,Endo,-0.25555617,-0.114842
177391,Oligo,0.2864337,-0.17041513
249615,Peri,0.15731001,0.43769604
249622,L2/3 IT,-0.37526345,-0.31050152
21563,Astro,-0.20073003,-0.26137486
276584,Pvalb,0.060651302,0.0717926
22688,Endo,0.0014337897,-0.35183677
179887,Endo,0.19047427,-0.14056471
249196,L6 CT,0.052028596,-0.25268173
240481,L2/3 IT,-0.15976813,0.08450055
231487,Oligo,0.34425288,-0.072583795
276404,L5 IT,0.0034714937,0.0011868477
22534,L2/3 IT,-0.40122142,-0.4511032
22574,Endo,-0.055447817,0.103627205
231445,Astro,0.21248806,-0.0051862597
231441,Endo,0.27824104,0.15679854
176712,Vip,0.20993781,0.28317827
176681,L4/5 IT,0.24116272,0.34607685
22590,Pvalb,0.037317157,-0.28615063
22597,Vip,-0.14029306,0.14090192
22629,Endo,-0.2726365,-0.33405304
179981,L2/3 IT,-0.24211031,-0.10755208
22636,Endo,0.16541803,-0.15649256
176613,L5 IT,-0.010262519,0.08228272
22410,Oligo,0.07420194,-0.43686846
21910,L6 IT,0.16543394,-0.1781593
22405,L4/5 IT,0.13762623,0.297042
231511,Endo,-0.22733635,-0.13752946
249691,L5 IT,-0.050431162,-0.066592455
22058,L2/3 IT,0.18281895,0.3302704
22083,L2/3 IT,-0.29838413,-0.070839554
22114,Vip,0.20863461,0.41397905
231603,Oligo,-0.21771342,-0.19667172
276472,L2/3 IT,-0.3352369,-0.29688978
176835,SMC,0.15673506,0.44538355
276453,Astro,0.07832754,0.22172397
176834,Astro,-0.40929574,-0.33195293
240473,L6 CT,-0.030241907,-0.34880406
176825,Astro,-0.36208326,-0.34609652
231526,L6 CT,0.11585003,-0.24452224
179953,L6 CT,0.24626267,0.015329182
276439,L6 IT,0.16352063,-0.1982103
231516,L5 ET,0.071269095,0.13612872
231506,Micro,0.33781326,0.37296778
30575,L2/3 IT,0.18882996,0.3356442
274950,Astro,-0.21761373,-0.2505097
228701,OPC,0.22630769,-0.22827628
225401,Endo,-0.36654216,-0.4150259
182988,Oligo,0.026319027,-0.2697513
40218,L2/3 IT,-0.15623572,0.17232603
225383,Endo,0.42110986,0.16084123
168023,Astro,-0.28147173,-0.38070515
40324,L5 IT,0.26661253,0.22572774
40360,L4/5 IT,-0.015797645,0.16464686
225356,L5 IT,0.24743241,0.22158593
40370,OPC,0.055417776,0.3150617
40374,SMC,0.03366214,0.4317143
167975,L5 IT,-0.0059182346,-0.3048486
40391,OPC,-0.046227306,0.30363375
167914,L2/3 IT,-0.22296762,-0.03675139
183025,L4/5 IT,-0.31093442,-0.30200446
225309,Peri,-0.10349232,-0.41141966
40161,L6 IT,-0.11767593,-0.23669535
40498,L2/3 IT,0.009683013,0.28083944
40137,L2/3 IT,0.28918242,0.38074446
40108,L5 IT,0.30456358,0.22626638
182845,Astro,-0.015113831,0.10882586
39773,L4/5 IT,0.1491462,0.2507332
225523,L2/3 IT,-0.14496598,0.17837262
39782,L6 CT,0.14837044,-0.16527894
39784,L5 ET,0.04320824,0.009379804
225490,L2/3 IT,-0.19154775,0.14219856
39856,L6 CT,0.003773868,-0.30546182
182863,L2/3 IT,0.031909168,0.30623978
168387,Endo,0.008471608,0.32290077
251239,L4/5 IT,0.008529305,0.15500438
39918,OPC,0.009884834,0.38853192
39930,L6 IT,0.17049378,0.010455191
168201,Endo,0.16339934,-0.3175264
168104,Astro,0.20062923,0.33109516
40017,Lamp5,-0.06566009,0.23771375
40112,L2/3 IT,-0.14781043,0.1752786
168511,L6 IT,0.34066474,0.01146853
40500,Oligo,0.15262508,-0.06715417
40557,L2/3 IT,0.3500558,0.3942669
41004,L4/5 IT,-0.274804,-0.32749015
225111,L6b,0.07248384,-0.3870731
41029,L2/3 IT,-0.28848392,-0.04376462
167813,L2/3 IT,-0.012079775,0.340024
41049,Oligo,0.31236833,-0.033325613
273144,Oligo,0.058446944,-0.41019207
167802,OPC,-0.018908918,-0.300169
167744,Peri,-0.20542267,-0.027016848
41239,L6 CT,0.1712352,-0.006175518
41276,L4/5 IT,-0.24096388,-0.16251945
273109,L2/3 IT,-0.07031304,0.21275192
41291,L5 IT,-0.02447018,0.043147266
273108,Endo,0.23072058,-0.31664646
225011,L6 IT,0.00292176,-0.09375635
167701,L6 IT,0.09323913,-0.24224517
40987,L4/5 IT,-0.16911638,-0.07920447
40545,Astro,0.1508491,0.032390296
40959,L6 CT,0.3267874,0.043747008
40931,L2/3 IT,-0.17863342,0.14471483
167889,L6 CT,0.45865977,0.19996244
167873,L4/5 IT,-0.22690767,-0.16399145
40634,L2/3 IT,-0.19287783,0.0012040734
40645,L5 IT,-0.11021298,-0.38393426
167866,Endo,-0.030415326,0.1668889
40762,L5 ET,-0.17362702,-0.35433453
273191,SMC,-0.22621039,0.16323948
40780,Astro,0.40478933,0.21426678
40788,L6 IT,0.40581977,0.011689901
167858,Pvalb,0.05419916,-0.12564915
40805,L5 IT,-0.09337646,-0.18684962
183040,Lamp5,-0.3479876,-0.17111048
273182,Oligo,0.1028139,0.106226325
273180,L6 CT,0.00037568808,-0.35731247
251313,L6 CT,0.123763144,-0.12737581
40940,L6 IT,0.073393226,-0.12714782
273086,SMC,0.0645619,0.36968714
39715,L5 IT,0.014024913,0.07843983
39651,L2/3 IT,0.17197186,0.36916298
225897,L6 CT,0.26436114,-0.027740449
251077,L6 CT,0.372559,0.12596202
38589,L6 IT,0.014904022,-0.17978543
38593,L5 IT,0.34605289,0.30990708
38611,L5 IT,0.19558632,0.19281036
169294,L6 CT,0.18744123,-0.088776976
225872,L5 IT,-0.0946022,-0.16739267
169246,Astro,0.35861087,0.2630322
38683,L6b,0.29491776,-0.09920919
273560,Endo,-0.25395474,-0.35763398
38694,Endo,0.22838938,0.04424411
38702,L6 CT,0.22420627,-0.061454624
273543,L4/5 IT,-0.32749897,-0.31169778
38793,L5 IT,-0.20584843,-0.44030887
251091,L4/5 IT,-0.20379257,-0.1499503
38548,Oligo,0.41249108,0.09903455
38865,L6 IT,0.31974912,0.022804618
38534,Astro,-0.002154231,0.33307248
38452,L4/5 IT,-0.021692872,0.15482867
226060,L6 IT,-0.13305601,-0.40099537
273671,L6 CT,0.30257636,0.036564946
38086,L6 IT,0.049441397,-0.2818622
38087,L5 IT,-0.19295308,-0.34792078
38095,L5 ET,0.3202359,0.15098917
273665,L6b,0.17331773,-0.23013923
38122,L6 IT,-0.0349634,-0.30169982
169376,Astro,-0.13857701,0.09263545
169373,VLMC,-0.48105672,-0.3512205
225976,L6 CT,0.13344324,-0.1751594
38355,L4/5 IT,0.14166665,0.28507972
38389,Pvalb,-0.21911883,-0.30707026
38406,Endo,-0.3553966,-0.37519684
169361,Oligo,0.103689194,-0.39360774
169352,Peri,0.19137663,0.35240698
38507,L6 IT,0.0054713488,-0.18940696
39687,OPC,-0.122669935,0.089324474
38873,L6 IT,0.35542727,0.010449171
38995,L6 CT,0.1353296,-0.2505496
39434,Peri,0.25951743,0.29451263
39439,Micro,-0.4449389,-0.33707935
168790,L5 IT,0.21955395,0.16761142
225623,L5 ET,-0.13796797,-0.23184499
39472,PVM,-0.35649648,-0.38072187
39488,L4/5 IT,-0.01274696,0.16191095
248728,L2/3 IT,-0.076407075,0.1752451
39519,Oligo,0.09140849,-0.37284046
168736,Micro,0.2970242,0.19706273
168722,Astro,-0.21597642,-0.32839996
225585,Oligo,0.39895374,0.0011712909
225584,Peri,-0.20658803,-0.4281502
182768,L6 IT,-0.019666374,-0.057205677
251204,Pvalb,0.098086,-0.20025012
251209,Peri,-0.0111247,0.24264258
225628,L6 IT Car3,0.39137965,0.08476555
225746,L6 IT,0.14292938,-0.06553754
39417,L4/5 IT,-0.3065827,-0.29074338
39394,L6 CT,-0.0058355033,-0.48244897
39012,L5 IT,-0.060310155,-0.4133677
273494,Astro,-0.22318503,-0.22634718
39111,Endo,-0.16888472,-0.085294396
169183,L4/5 IT,0.024446368,0.19095433
39172,L5 IT,0.023174882,0.062925756
273479,Sst,0.27654558,-0.11208877
182621,Pvalb,0.122948885,0.38040018
169009,L6 CT,0.017376423,-0.17541417
182699,L2/3 IT,-0.082747966,0.23689097
168849,SMC,-0.21664777,0.18179154
251163,L6b,0.1739322,-0.24088347
39351,L2/3 IT,0.26526666,0.44025707
168833,L2/3 IT,-0.25545344,-0.024888486
39379,L5 IT,-0.16258627,-0.21750024
168823,L2/3 IT,0.35212183,0.37366414
182723,L4/5 IT,-0.19819525,-0.45453998
169396,L2/3 IT,-0.14952296,0.1820944
41459,L4/5 IT,-0.0905917,0.007809758
41502,L6 CT,0.15737808,-0.20044339
43781,Vip,-0.1587728,-0.070683956
43814,L4/5 IT,-0.032447577,0.13658506
224039,Astro,-0.31341374,-0.39847037
43828,L2/3 IT,0.32493508,0.41292918
251693,Oligo,0.14625615,-0.18924028
165789,L4/5 IT,0.18408805,0.32328188
251708,L6 CT,0.3458733,0.12840992
224025,L5/6 NP,0.3603682,0.18520117
224020,Endo,0.002483368,-0.3121876
165702,OPC,0.12842,-0.4181788
43944,PVM,0.42815846,0.26519752
251724,L6 IT,0.22275579,-0.12713468
272632,Oligo,0.19247687,-0.1544163
44014,L6 CT,0.105449855,-0.0130752325
183755,L6 IT,0.37913352,0.02548951
43740,Astro,0.10599756,0.1613304
44042,L2/3 IT,-0.08720663,0.17054403
43732,L6 IT,0.30404174,0.06761962
43649,Astro,-0.09724563,-0.26429552
272757,L4/5 IT,-0.26117378,-0.31624365
272751,L6 CT,0.1941644,-0.14112675
166315,L6 IT,0.20295262,-0.090333074
166283,Oligo,0.21871471,-0.23460725
43282,Oligo,-0.04808125,-0.42714375
43323,Micro,-0.44625944,-0.3923527
43445,L6 CT,0.4104486,0.046597302
43482,Peri,-0.20793658,-0.2995991
43486,Pvalb,0.08990502,0.18174124
166131,Astro,-0.4519896,-0.41007346
43504,L2/3 IT,-0.13599977,0.06947672
166087,Peri,0.40538943,0.14320743
241698,L6 CT,-0.14355662,-0.33530352
43552,L2/3 IT,0.058614373,0.38578385
43607,Astro,-0.070607096,-0.38685217
43690,L6 IT,0.09895384,-0.11498472
183534,Micro,-0.19269145,-0.35466903
165630,L2/3 IT,0.38165098,0.37251812
44076,Pvalb,-0.16571194,-0.3755749
165375,SMC,-0.033721417,0.28581786
165343,L4/5 IT,0.053380728,0.24529356
251787,L5 IT,0.30815035,0.26380044
44628,L4/5 IT,0.27747804,0.27180248
44664,Astro,0.10510212,0.23121464
44679,L2/3 IT,0.31173712,0.42365485
44726,L5 IT,0.092116,0.03959769
44748,L6 CT,0.07875508,-0.15773126
165302,L4/5 IT,0.024219453,0.19981986
272528,OPC,-0.3743953,-0.32216734
241795,Endo,0.10766029,-0.19130683
223676,L4/5 IT,0.041398168,0.23471045
44916,L2/3 IT,0.020124078,0.29793233
44934,L6 CT,0.36261386,0.081101775
223662,Peri,0.38067806,0.2861328
165386,L4/5 IT,-0.26153296,-0.27858424
165607,Sst,-0.107043594,-0.13808778
44388,L2/3 IT,-0.38682997,-0.32283878
223854,Pvalb,-0.02105698,0.06815839
44100,L5/6 NP,0.35308844,0.16263467
44101,L5 IT,0.051314175,-0.035160452
223886,L6 CT,0.38628918,0.124307156
165535,L2/3 IT,0.1126284,0.39594662
44185,L5 IT,0.4104383,0.19839352
241743,L2/3 IT,-0.071116716,0.31321645
251739,Oligo,0.20415282,-0.3041617
241744,L2/3 IT,0.16713476,0.35818875
272596,SMC,-0.39987853,-0.46282703
183821,Lamp5,-0.21375734,0.12785536
183836,Pvalb,-0.06849152,0.044191957
165413,Endo,0.14237899,0.39238906
44276,L4/5 IT,0.24370563,0.3092147
44295,VLMC,0.00661999,0.39167982
44308,L4/5 IT,-0.046391904,0.15550524
272578,L4/5 IT,-0.092849195,0.033677876
224956,VLMC,-0.38548863,-0.062424183
272770,L4/5 IT,0.008651555,0.21439397
166436,L6 IT,0.2556929,-0.09458035
272986,VLMC,-0.48397806,-0.32690734
42014,L4/5 IT,-0.09087375,0.0786109
42029,VLMC,0.036788285,0.4286359
248618,L5 IT,0.13660663,0.13014692
272974,Lamp5,0.25689697,-0.22252885
167192,Endo,0.16977507,0.24063247
167180,L4/5 IT,0.04128295,0.1683743
224664,L2/3 IT,0.037384808,0.3837353
42126,Endo,0.19859976,0.24603307
251436,L2/3 IT,-0.31852293,-0.22216979
42154,Micro,0.31236243,0.19413525
42199,Endo,-0.3034213,-0.37244356
167166,L2/3 IT,-0.25413418,0.053450704
183279,OPC,-0.3845151,-0.07751769
167119,Astro,0.25512898,-0.21922213
41937,Astro,0.30071515,0.17497331
224567,L6 CT,0.105315804,-0.10688475
183263,L5 ET,-0.16785687,-0.24453291
273010,VLMC,-0.46411127,-0.25321817
167689,Pvalb,0.27450597,-0.06285837
41584,VLMC,-0.44509214,-0.15129733
167660,Endo,0.017745018,0.10526645
41603,L6 CT,0.0039076805,-0.24075183
183147,Oligo,0.23352575,-0.24759752
167519,L2/3 IT,-0.0060607195,0.22459579
167495,Astro,-0.4164676,-0.18302506
41674,L4/5 IT,-0.14278272,0.05457753
251375,L2/3 IT,0.26542217,0.40452182
167446,Oligo,0.2109533,-0.3256001
273036,L2/3 IT,0.20171177,0.42456985
183207,L6 IT,-0.069656014,-0.22426629
41775,L2/3 IT,0.09898561,0.3587346
224834,Pvalb,-0.17389986,0.08176446
167373,L5 IT,-0.0024439394,0.040493667
167236,L2/3 IT,-0.26750827,-0.12572959
166358,Oligo,0.23449844,-0.23594677
272932,L5 IT,0.26264197,0.18117541
224534,L2/3 IT,-0.27359295,-0.1390959
224377,Endo,-0.0015759468,0.18773258
166633,L5 IT,-0.23237595,-0.35873732
224374,OPC,-0.2914946,0.0765875
183459,Micro,-0.2711314,-0.42256448
166569,L6 CT,0.2941475,0.023684263
224364,Peri,0.14121062,-0.4149362
42898,L6 IT,-0.026949644,-0.14793101
251533,L5 IT,-0.16524547,-0.39308685
253971,Pvalb,-0.09701082,0.01616162
166461,L2/3 IT,-0.23274803,-0.03215751
272806,Oligo,0.14272183,0.068202615
272797,L6 CT,0.16806084,-0.19647172
43008,L6 CT,0.32501888,-0.07932487
43016,Endo,0.24938977,0.2460854
166451,OPC,-0.09546819,-0.32816964
241649,L4/5 IT,-0.24204832,-0.050703704
167069,Oligo,0.07367152,-0.26816744
166665,L5 IT,0.085463524,0.14602697
42801,Oligo,0.14945793,-0.41056824
42419,L4/5 IT,0.15400374,0.2712319
42424,Peri,-0.019967109,-0.39589015
167066,L2/3 IT,-0.18314314,0.014195204
248600,Endo,-0.1741463,-0.4263598
167049,L4/5 IT,0.037593424,0.12726212
241626,PVM,-0.3529053,-0.25422978
167008,Micro,0.31195122,0.2480616
42591,L5 IT,0.14105457,-0.042015046
251452,Peri,-0.09127873,-0.27752203
42635,L2/3 IT,-0.23229012,0.0750463
42645,L5 IT,-0.1079483,-0.084174186
166975,Endo,0.081333816,0.4116794
166961,L2/3 IT,-0.32788074,-0.2535022
42698,L4/5 IT,-0.19270965,-0.4237968
224417,Endo,-0.13978991,-0.28705683
251496,Astro,-0.24736899,-0.34578067
226063,Astro,-0.26521343,-0.20207196
251056,Oligo,-0.0025219917,-0.43323213
251044,Sst,-0.1734122,-0.046548486
171822,Endo,-0.26408583,-0.25456548
171813,Sst,-0.1850816,-0.25166818
274593,Oligo,0.22185695,-0.16388777
33020,Oligo,-0.26082033,-0.20262596
33030,L4/5 IT,0.21022892,0.2984813
33053,Pvalb,0.2747581,0.30023873
33072,Pvalb,0.20035052,0.16201907
227873,VLMC,-0.44985327,-0.42636672
33103,Endo,0.3772006,0.16730565
33155,Astro,0.17319417,-0.24556857
227846,SMC,-0.3751421,-0.14579543
33182,L5 ET,0.16075742,0.02218473
33184,OPC,-0.093783945,0.29962975
33196,L6 CT,0.2548014,0.01699704
33202,L4/5 IT,-0.14769721,0.06415862
241115,L5 IT,0.29895043,0.31465638
171791,Micro,0.17624527,0.1103183
32952,Astro,-0.42613035,-0.42299706
32915,L5 IT,0.055139422,0.11456007
241075,L6 CT,-0.020420969,-0.33438888
32590,VLMC,-0.4815385,-0.37357217
228043,SMC,-0.31897497,-0.19006786
32640,Pvalb,-0.2791701,-0.24883005
32655,Endo,-0.25502548,-0.44015977
32658,L6 CT,-0.08173102,-0.40538886
274625,L2/3 IT,-0.33671767,-0.38348097
32768,Oligo,0.44452655,0.15157855
227979,OPC,0.005528033,0.07870638
32800,L6 CT,0.10249555,-0.17182317
32804,Oligo,-0.023477554,-0.42852736
32805,L4/5 IT,-0.067059815,0.040254414
32839,L5 IT,0.09136993,0.1011436
32841,Astro,-0.07008931,-0.26595658
227941,Astro,-0.19430202,0.17847043
171862,L2/3 IT,-0.09122312,0.108234465
274648,L2/3 IT,-0.05465448,0.25636667
171762,L4/5 IT,-0.1951521,-0.13490596
33372,L4/5 IT,-0.267276,-0.2628687
33870,Oligo,0.19241452,-0.02550131
33881,Oligo,0.11862904,-0.32231924
33893,L6 CT,0.20743054,-0.02795586
33933,Micro,0.16563421,-0.037725836
171328,Astro,0.20824099,0.28120935
227613,L5/6 NP,0.40943962,0.28322798
227605,Micro,0.30846667,0.2173329
274398,L6 CT,0.14376241,-0.10060087
250700,Micro,0.093510926,0.05004573
274396,L4/5 IT,0.083438516,0.23725063
171218,L2/3 IT,-0.33595756,-0.14088273
34135,OPC,0.21847361,-0.11938521
181859,L2/3 IT,0.25149548,0.43574482
171178,L4/5 IT,-0.22448775,-0.11619282
171175,L5 ET,-0.0013249218,0.049387634
274438,Astro,0.21843737,-0.19566733
33297,L4/5 IT,0.072996914,0.2343598
171417,SMC,-0.047279358,-0.491368
33758,Endo,0.0062663555,0.15320039
171747,L6 CT,0.03008598,-0.4406336
171575,Peri,-0.30704278,0.0043554306
181782,L5 IT,0.34501517,0.28532112
33420,Endo,-0.25440523,-0.081193805
181785,L2/3 IT,-0.015428692,0.22763747
33503,OPC,-0.3639216,-0.057364494
171477,L6 CT,0.3877402,0.09870666
227752,Astro,-0.42617798,-0.32135034
33606,L4/5 IT,-0.0113993585,0.18529934
227745,Vip,-0.29270673,-0.4686205
33657,Endo,-0.038609356,0.23539197
227730,Oligo,0.27104628,-0.21415576
241161,Pvalb,-0.028546393,0.08038968
171421,Pvalb,0.28938586,-0.020162284
227715,L6 IT,0.30151337,-0.028577536
33760,Pvalb,-0.19532633,-0.047645986
34221,L6 CT,0.15943265,-0.25666702
32530,L6 CT,0.033201635,-0.17779836
181563,Oligo,0.28860962,-0.13299435
240987,Astro,0.2604561,-0.16446066
274859,L6 IT,0.48257762,-0.004804939
31161,Peri,-0.15022358,-0.105609864
31163,Peri,0.20826572,0.030262828
274850,Endo,-0.26816612,-0.35266185
228507,L2/3 IT,-0.054320186,0.2539811
172425,Astro,-0.11911872,0.22213471
172402,Oligo,0.31353366,0.16385537
31466,Oligo,-0.14248079,-0.13924238
274802,Oligo,0.3788252,0.15058148
31488,VLMC,-0.4586173,-0.32390627
31527,L2/3 IT,-0.23784435,-0.03342545
31565,Micro,0.041891634,-0.3531416
181449,L6 IT Car3,0.3751939,0.010331869
31630,Micro,-0.33449334,-0.085045695
172431,L6b,0.15094066,-0.29690784
181451,L2/3 IT,0.088237405,0.3127185
31086,L6 IT Car3,0.28023636,0.0562011
228573,Astro,0.4440769,0.2117356
30598,L6 IT,0.22401726,0.0031051636
30617,L6 CT,0.13345373,-0.08575609
172861,L6 IT,0.30738717,-0.03978759
172827,L5 ET,0.1077168,0.02754867
181329,L5 IT,0.19464886,0.21693152
172725,Oligo,0.321105,-0.16264123
30846,L5 IT,-0.03424844,-0.060525954
30848,L2/3 IT,-0.032030016,0.23311937
172690,Oligo,0.10933834,-0.31205884
172535,L6 IT,0.33061773,0.19959992
228601,L4/5 IT,0.20469004,0.30996662
172511,VLMC,-0.114459306,0.3060469
30996,Vip,-0.10204056,0.036234856
30999,Endo,0.1806494,-0.150211
228577,L5 ET,-0.1471368,-0.384162
172495,L6 CT,0.39589876,0.11243129
172057,L6 IT,0.18288445,-0.16081193
31688,Endo,0.2431528,0.4578315
31707,L6b,0.29982102,-0.09113163
32166,L2/3 IT,0.20810515,0.44518268
228211,L6 CT,-0.04596126,-0.3105186
32205,L2/3 IT,-0.25307703,-0.020917803
228202,Sst,0.35155845,-0.047276855
172316,L6 CT,0.1831283,0.003902793
228191,L6 IT,0.19050157,-0.0931215
32252,Micro,0.24536955,0.15137625
172279,Astro,-0.08980903,-0.33931047
32258,L5 IT,-0.18925983,-0.17790905
32319,L6 CT,0.3817296,0.10948384
172264,L2/3 IT,-0.04065299,0.30522686
172235,L6 IT,0.39876258,0.049334407
228152,Vip,0.25766456,0.062405825
228134,Astro,0.008710146,0.20896924
172177,L5/6 NP,0.07372725,0.031781733
32071,L6 CT,0.10063177,-0.2050502
172387,Peri,-0.24859461,-0.4126699
32062,VLMC,-0.48373386,-0.4109307
31940,Astro,0.08454865,0.25614297
250496,SMC,0.18702656,0.45528477
31723,Endo,0.3647297,0.0047676563
31756,L2/3 IT,-0.25618887,0.057950497
228353,L6 CT,0.3060516,0.020006299
31775,L5 IT,0.30939823,0.22370213
31798,L2/3 IT,-0.19678992,0.05897093
31823,Lamp5,0.058764696,0.36783206
31832,Endo,0.12226844,0.4748407
31856,PVM,-0.41922194,-0.077430695
31908,Micro,0.32974648,0.12719995
228325,L6 IT,-0.01936543,-0.09596655
181461,OPC,0.31462145,0.33628702
31928,OPC,-0.42221567,-0.26217133
31929,L5 IT,-0.12900317,-0.17311242
31932,L4/5 IT,-0.20336461,-0.14623955
228292,L6 IT Car3,0.40542322,0.07180101
34277,L2/3 IT,0.103259206,0.34405923
248870,L2/3 IT,-0.28703186,-0.4061638
34290,Astro,0.07457101,-0.41106248
273865,Pvalb,0.070745826,0.19239146
36882,L2/3 IT,0.28472322,0.33507657
170114,L6 CT,-0.035973936,-0.17729738
36919,Oligo,0.23698723,-0.21303353
226453,L6 IT,0.003442645,-0.21206635
248797,OPC,0.16591793,-0.24419522
36964,PVM,0.38566947,0.16749603
36988,Oligo,0.40352988,0.02767229
248796,L2/3 IT,-0.27696335,-0.030507475
226408,Vip,-0.3449734,-0.05877289
250956,Endo,0.27164435,0.22313756
226379,L6 CT,0.2939834,-0.046725303
37108,L5 IT,-0.0062461197,-0.029628247
226349,L4/5 IT,-0.25734633,-0.24075508
250969,L4/5 IT,-0.20804861,-0.17182899
36825,L5 ET,-0.030757844,0.0365054
37122,L5 ET,0.32285863,0.30143785
226528,L6 CT,0.09636855,-0.24518162
170159,Endo,-0.21591783,-0.34122208
250902,L4/5 IT,-0.3022734,-0.37937927
36313,L2/3 IT,-0.19236341,-0.003980994
170248,Endo,-0.1295661,-0.44463557
226653,Astro,-0.15484288,-0.18365574
36401,L4/5 IT,-0.1574508,0.014698505
36403,OPC,0.12553096,0.15186083
170186,Endo,-0.21253014,-0.35039872
36446,L5 IT,0.28681988,0.19796973
36476,Pvalb,-0.0089280605,-0.37051654
226581,Sst,-0.088982075,0.044490457
36598,L2/3 IT,-0.12084475,0.15554774
226576,L6 CT,0.1516586,-0.19901174
170166,L6b,0.23389149,-0.13673946
226564,L5 IT,-0.19495562,-0.45139614
36702,Oligo,0.16831607,-0.31776172
36713,L2/3 IT,-0.38796908,-0.2716169
36246,L5 IT,0.13594598,0.10925722
273816,L5 ET,-0.0049485564,-0.095768124
226336,L2/3 IT,-0.21540949,-0.02329281
169618,OPC,-0.4405768,-0.3066574
37618,Astro,-0.20259932,-0.35856354
182491,PVM,0.04326552,0.31107533
37732,Endo,0.40905887,0.23097378
37739,VLMC,-0.46100974,-0.42999515
226117,Peri,0.41755265,0.07562697
169600,L5 ET,0.1616885,0.19795096
182522,PVM,0.05930841,-0.25544226
182523,Oligo,0.36009556,-0.13885212
169563,L4/5 IT,-0.18901116,-0.075125426
37879,L2/3 IT,-0.22262654,0.060534596
251034,Oligo,0.29161918,0.04044497
226081,Lamp5,-0.21296227,0.10399467
169469,L4/5 IT,-0.12905401,-0.05834818
226077,L6 CT,0.23377693,-0.107031524
37605,L6 IT,0.101052284,-0.115131706
37126,Pvalb,-0.22907674,-0.35387012
37603,Astro,0.03014642,0.3555522
182484,L5 IT,0.351669,0.21299833
182392,L4/5 IT,-0.027843177,0.16376787
37182,L6 CT,0.115827024,-0.17966422
182419,L4/5 IT,-0.2300305,-0.42994544
241377,OPC,-0.2971662,-0.47823298
182434,Endo,-0.15212148,-0.06151843
37307,L2/3 IT,-0.17951661,0.16941518
37416,VLMC,-0.37702167,-0.008552283
273735,L6 CT,-0.035095096,-0.3575123
273734,Micro,-0.42977494,-0.29235163
37512,Endo,-0.07126379,0.26558936
169701,L5 IT,-0.19029754,-0.26199424
226168,L4/5 IT,-0.22755134,-0.45032382
37550,L6 IT Car3,0.3891145,0.005074978
226165,L2/3 IT,0.11407477,0.41709745
37583,L6 CT,0.4067256,0.069333196
182485,Oligo,0.13723367,-0.2569001
36230,L4/5 IT,-0.22062704,-0.23402116
241326,SMC,-0.25226974,-0.11929834
36184,L6 CT,0.15561354,-0.26414502
227348,L5/6 NP,-0.20379257,-0.3681821
170961,L4/5 IT,-0.07258856,0.11467332
227318,L4/5 IT,0.23227865,0.28166842
170954,L2/3 IT,0.063599765,0.3202777
34764,L6 IT,0.0672881,-0.26223344
250768,L2/3 IT,0.24935031,0.37657595
34850,Endo,-0.29715702,-0.118157595
170935,L5 IT,0.30103207,0.07513839
34880,L4/5 IT,0.20665103,0.28037792
227203,Endo,0.2052018,-0.21887013
181952,L4/5 IT,0.17733073,0.29911453
34982,L2/3 IT,-0.294459,-0.17861924
274251,L2/3 IT,-0.40275657,-0.38551223
274245,Peri,0.012745023,-0.20612791
181971,L5 IT,0.025412023,0.061712503
34567,L2/3 IT,0.13293433,0.31678098
170778,L2/3 IT,-0.25533447,-0.005419284
227381,Pvalb,0.37132192,0.39330512
34533,L2/3 IT,0.36787325,0.37989485
227466,Astro,0.21887326,0.39533067
250737,L2/3 IT,0.04062164,0.32004184
34360,Peri,-0.11547288,0.15892482
171125,L2/3 IT,-0.3497288,-0.41381177
227452,L6 CT,0.03557247,-0.10064438
181893,Micro,-0.15824473,0.23080683
181908,L6b,0.2453059,-0.16338149
34404,L6 CT,0.08944863,-0.08403677
274322,L2/3 IT,-0.35850266,-0.19568762
227416,L5 IT,-0.17637786,-0.4528668
181924,Pvalb,0.07569474,0.027600586
34478,Pvalb,-0.25301945,-0.45963913
34508,Endo,-0.20553252,-0.35177302
170981,L4/5 IT,-0.07290259,0.120545805
34531,L2/3 IT,0.23394287,0.4461217
34551,L2/3 IT,-0.37162685,-0.36774355
35250,Micro,-0.04516378,0.1742956
35357,PVM,-0.2536564,-0.04721412
35364,Oligo,0.21793944,0.054817617
35797,L5 ET,0.022931278,0.029874027
35901,Lamp5,0.36944926,-0.010594398
35905,Oligo,0.35943598,0.09225917
35947,L6 CT,-0.016201377,-0.30730605
35950,L4/5 IT,-0.052508444,0.118618965
35962,PVM,-0.27477717,-0.38479212
35993,L6 IT,-0.021692723,-0.09618923
170436,Endo,0.061125338,-0.20537153
36033,L4/5 IT,-0.21930191,-0.09212297
170350,Oligo,0.16832578,-0.34159026
182219,L5 IT,-0.09081888,-0.17363337
36114,Endo,0.19667065,-0.31327504
36137,L2/3 IT,0.32713658,0.41237164
226743,L5 IT,0.03643483,0.11373156
182230,Oligo,-0.23871589,-0.03079772
35732,Endo,-0.36423945,-0.3928386
170536,L4/5 IT,0.14447123,0.31450808
250819,Astro,0.02036357,0.1250059
35718,Endo,0.18152273,0.15541172
274170,Oligo,0.29580826,-0.18629187
170729,L5 ET,-0.039565504,-0.028208941
35476,L5/6 NP,0.3627439,0.11784607
227034,OPC,-0.35571015,-0.050528646
250808,L5 ET,0.06924176,0.11589295
35497,L6 IT,0.22586936,-0.075497985
227022,Peri,-0.12103444,-0.15413538
44972,L4/5 IT,-0.16174772,-0.01709783
35531,Astro,-0.1558761,-0.36461604
35563,L2/3 IT,-0.2537391,0.029070377
170620,L2/3 IT,-0.042479724,0.22242713
226976,Endo,0.15659672,0.16748118
250810,L2/3 IT,0.021079898,0.300618
35672,L2/3 IT,-0.06862679,0.14144164
226906,L5 IT,-0.18634811,-0.21322134
35713,L6 IT,0.29351115,0.045481205
35532,Astro,-0.03650549,-0.2886482
68007,L6 CT,0.36481118,0.108875096
70644,L4/5 IT,0.07636064,0.23014528
68018,Sst,0.16510147,0.24988073
105553,Astro,-0.12025598,0.2378968
246654,Astro,0.3790658,0.24548167
194105,VLMC,0.019691288,0.43464
134762,SMC,-0.44335815,-0.3059847
105622,L4/5 IT,-0.067486405,0.02705127
105646,Astro,0.15278083,0.20087218
105540,L2/3 IT,-0.25952637,0.033782005
194118,L5 IT,-0.116692096,-0.07396409
134715,Astro,-0.14213458,-0.29718244
105717,L5 ET,0.048063695,0.019368947
105780,Astro,-0.15571493,-0.40303287
134693,PVM,0.32006627,-0.094394505
134609,Endo,0.13146865,0.2241233
105846,L5 IT,0.28235954,0.22567606
105686,L6 CT,0.16529924,-0.23323217
203826,L5 IT,-0.011966258,-0.0019989014
262110,L6 IT,0.2583303,-0.051406473
262113,Oligo,0.18169236,-0.29334596
204033,L5 ET,-0.13930851,-0.20647642
104964,Oligo,0.23442149,-0.2811244
104976,L4/5 IT,0.0044330955,0.08287692
104987,L6 CT,0.13591594,-0.14241016
134983,Astro,0.17919189,-0.34770292
204016,L6 IT,0.26865298,-0.03693661
105090,Oligo,0.23991656,-0.23099715
105095,L5 IT,0.09905827,0.030912578
105155,Peri,0.021074057,0.39701807
105203,L2/3 IT,-0.38891944,-0.42813945
134935,L6 IT,0.28922552,0.01715219
203914,L2/3 IT,0.26417804,0.44823736
245053,L4/5 IT,-0.013058662,0.2040348
134926,L4/5 IT,-0.15647274,0.0206455
105344,Astro,0.13950217,0.02574253
257022,L2/3 IT,0.3044436,0.37870187
134586,Endo,0.1615926,0.12844527
105888,Astro,-0.0055564046,0.26469237
134563,VLMC,-0.3546826,0.001223743
257061,L5 ET,0.01419121,-0.15328398
106312,Endo,0.37893277,0.26084238
194228,L6 IT,0.057112873,-0.34153426
194231,L6 CT,0.19786274,-0.11091086
134160,Peri,0.27227473,0.3823982
106384,L4/5 IT,-0.3040936,-0.45966515
134146,Oligo,0.17182398,-0.30229914
106409,L6 IT,-0.07760292,-0.18408471
106418,L6 CT,-0.04937452,-0.2704969
106449,Micro,0.39303654,-0.015481651
134141,Oligo,0.12980276,-0.4151816
134072,Endo,-0.2593265,-0.24862069
106715,PVM,0.36654937,-0.09863299
106726,L6 CT,0.4031456,0.08265042
134068,L4/5 IT,-0.27463663,-0.3163312
134339,L2/3 IT,-0.27929673,-0.18566883
104956,L5 IT,0.12032819,0.19361347
134387,L6 CT,-0.047994226,-0.46308666
106187,L5 IT,-0.047047317,-0.05455199
105923,L2/3 IT,-0.39987007,-0.2714042
134519,L6 CT,0.05430329,-0.09975153
134507,Oligo,0.15465695,-0.24487329
106001,L2/3 IT,0.1360079,0.31365585
134481,L2/3 IT,0.08648634,0.3883562
106027,Pvalb,0.2838797,0.32326764
262000,Sst,-0.10687539,-0.06465018
106041,L5 ET,0.008831739,0.10066962
203650,VLMC,-0.11506054,0.28728014
106118,L6 IT,0.11371976,-0.29628468
106125,L6 IT,0.08716309,-0.077126354
106126,VLMC,-0.48354578,-0.3121071
134418,L6 CT,-0.0018433332,-0.24873924
245112,Lamp5,-0.07366884,0.14998096
203616,Astro,0.29305816,0.024689674
134397,L2/3 IT,-0.26910865,-0.115330845
135044,L6 CT,0.3362326,0.17771119
104914,L6 CT,0.18901801,-0.08405429
104898,Oligo,0.19030106,-0.25582716
135851,L5 IT,-0.054836363,-0.05142653
103693,Pvalb,0.01479274,0.16038245
204454,L2/3 IT,-0.2872082,-0.097869694
103758,Peri,0.1632688,-0.12628669
262389,L4/5 IT,-0.27750427,-0.31014258
103792,L6 CT,0.09260112,-0.2522225
204435,L4/5 IT,-0.046253055,0.05808103
103851,L5 ET,-0.026188552,-0.16406497
193762,Endo,-0.17622948,0.21976006
262379,Oligo,0.07837659,0.10225874
262378,L2/3 IT,-0.087114364,0.16558689
103878,Oligo,0.29915524,-0.15191102
103882,L4/5 IT,-0.10567218,-0.028037459
135818,L2/3 IT,-0.14813995,0.18280518
103919,Astro,-0.38408282,-0.0870679
103621,L6 CT,0.21383417,-0.040274262
103926,L6 IT,0.058187604,-0.06380698
204492,L5 ET,0.09571785,-0.040350795
103525,OPC,0.38789624,0.18447316
103222,L5 IT,0.32021904,0.2820394
193606,L4/5 IT,0.09511119,0.23488641
103237,L2/3 IT,-0.14204344,0.21194237
136163,L6 CT,0.16733605,-0.0385547
103272,L4/5 IT,0.063914955,0.19873643
204613,Astro,-0.24054775,-0.3527118
262473,Astro,-0.26634055,-0.1968179
256755,L6 IT,0.41033345,0.046760976
262470,L6 IT,0.19518566,-0.060491055
244918,Oligo,0.24510759,-0.26147518
204585,L5 IT,0.3880484,0.25788003
103393,Peri,0.15888143,-0.09843591
103435,Lamp5,-0.08223337,0.3257327
103437,L2/3 IT,-0.17145053,0.012468517
193698,Endo,-0.13510737,0.23015231
193726,L6 CT,0.32106584,0.10420287
106774,Pvalb,-0.13166618,0.06499243
135813,Endo,0.3657279,0.23544544
262355,L6 CT,0.31580102,0.061543822
104533,SMC,-0.13610885,-0.03068626
104545,L4/5 IT,-0.24624133,-0.4301313
104559,Astro,-0.3503843,-0.2178931
262259,L5 IT,0.29582417,0.19961846
135385,SMC,0.099647045,0.16382515
135354,L5 IT,0.16100228,0.22666568
135309,L6b,0.1557647,-0.29491794
246683,Oligo,-0.18267438,0.02009672
104716,L4/5 IT,-0.30347902,-0.29566914
135218,Astro,-0.4488723,-0.33944952
135199,OPC,-0.19685453,0.22486752
135114,Peri,0.026759982,0.080016494
204063,L6 IT,0.15065157,-0.02368623
135070,Endo,-0.42346776,-0.36005574
104851,Astro,-0.1710645,-0.25689998
256881,Oligo,-0.0014373362,-0.24813923
204388,OPC,0.24666685,-0.1112189
135477,L2/3 IT,-0.37296507,-0.2841447
104413,L6 IT,0.06208402,-0.16595477
256809,Micro,0.21665204,-0.14729485
104112,L5 ET,-0.09373817,-0.33540386
135762,L2/3 IT,0.34836,0.36834776
262336,Lamp5,-0.24747887,0.11594266
104193,PVM,0.23563719,-0.1814633
135694,L5 ET,-0.18453103,-0.37426743
104211,Vip,-0.389613,-0.36083183
104220,L2/3 IT,-0.01925391,0.24713427
135614,L4/5 IT,-0.16488644,0.0027839541
104301,L4/5 IT,0.1582408,0.23844844
104306,L5 IT,0.29074037,0.2536556
193846,Oligo,0.03166133,-0.33725116
104346,L4/5 IT,-0.20892319,-0.18580315
104376,L2/3 IT,-0.3769942,-0.12916186
204244,Oligo,0.30578697,-0.115762055
193879,Endo,0.24003607,0.17459798
103217,L4/5 IT,-0.19707176,-0.07697874
261871,Astro,-0.0019333959,-0.45135462
106813,Peri,0.07225019,0.39624143
245268,L5 IT,-0.16133365,-0.108162045
202579,OPC,0.15854955,-0.42498136
261454,Oligo,0.23900062,-0.26409316
109389,L5/6 NP,0.3973922,0.24081302
257322,Oligo,-0.17493007,-0.032890946
109420,L5 IT,-0.13809714,-0.27247876
109328,L6 CT,0.02842158,-0.36174113
109435,VLMC,-0.24923101,0.14084172
132606,Astro,0.13061321,0.3954538
202549,L5/6 NP,0.2838161,0.14886153
132430,L6 IT,0.3466279,0.07205701
132406,L2/3 IT,-0.34089053,-0.1658881
109552,VLMC,0.103390574,-0.44183052
245292,L2/3 IT,-0.33384308,-0.17148462
202552,VLMC,-0.48503014,-0.31029677
109309,L5 ET,0.12648523,0.08320081
261479,L4/5 IT,-0.16391858,-0.0949271
109250,L6 IT,0.108992994,0.013928533
257297,L2/3 IT,-0.21906483,0.016775608
202760,L2/3 IT,0.25031608,0.36493146
261544,L4/5 IT,0.08489376,0.17120755
202743,L4/5 IT,-0.19765437,-0.057859242
202740,Micro,-0.10760075,-0.3153245
108940,Oligo,0.31146497,-0.16529113
108997,L4/5 IT,-0.13121673,0.062471747
132695,Astro,-0.25766155,-0.23686555
202693,L5 IT,0.36164045,0.2132346
109081,L4/5 IT,-0.31165394,-0.35956693
109085,L4/5 IT,0.22429776,0.32954842
202635,L6 CT,0.34150773,-0.022398919
109205,L4/5 IT,-0.019596845,0.16449851
109220,L5 IT,0.25503778,0.19053185
132624,Pvalb,0.20365983,0.42021042
202512,Astro,-0.0316011,0.146815
202506,OPC,0.18491828,0.34905732
202477,L4/5 IT,-0.3055126,-0.38794407
132257,L2/3 IT,0.36473054,0.37789643
110104,L2/3 IT,0.34460765,0.40222305
110120,Oligo,0.010568559,-0.28555852
110131,Endo,-0.031374842,0.074278355
202304,Endo,-0.052575678,0.23177254
110206,L4/5 IT,0.07335204,0.25989568
131862,L2/3 IT,0.17125028,0.3141746
195106,Endo,-0.020640135,0.27034152
110281,Astro,0.035761714,0.13239193
195126,Lamp5,-0.092531145,0.2283827
195147,L6 CT,-0.03957349,-0.35415825
261280,Astro,0.2923537,0.29297352
110416,VLMC,-0.049930453,0.38122362
257487,L5/6 NP,-0.031901628,-0.016535461
110444,L2/3 IT,-0.29593977,-0.07628167
257491,L6 IT,0.1349085,-0.17169473
110066,L2/3 IT,0.337718,0.38148856
261549,L6 CT,0.35392362,0.063963294
261355,L2/3 IT,0.38960975,0.34181744
110011,SMC,-0.20282409,0.14863795
194945,L5 IT,0.08879453,0.04640478
132078,L6 IT,0.27608597,-0.011981815
109718,Oligo,0.28605777,-0.08132875
202426,Sst,0.46616352,0.22838122
109770,PVM,-0.38669702,-0.07344273
109772,L4/5 IT,-0.04379013,0.16522789
132046,Astro,-0.0064007044,-0.46731833
257400,L6 IT,0.07618511,-0.24394321
109837,L5 IT,0.36454445,0.28442347
202407,Micro,0.10471904,0.12465435
261380,Oligo,0.20452112,-0.08946377
194983,OPC,-0.33357438,-0.13990402
194985,OPC,-0.09435433,-0.17957729
261365,Oligo,0.114186704,-0.37237206
195007,Pvalb,-0.068437666,-0.3207123
131879,L6b,0.3823697,-0.026984334
202773,L6 CT,0.26033783,-0.0737423
108754,L5 IT,0.1513381,0.06808531
257289,Peri,0.02859205,0.16109586
257165,Astro,0.31432134,-0.07392797
194444,L6 IT,-0.03785047,-0.2107766
133612,L6 CT,0.27853113,0.013135672
107292,Oligo,0.23375773,0.0685249
194475,L6 CT,0.20279026,-0.04418692
203291,Pvalb,0.38385195,0.2200998
133485,L4/5 IT,-0.26864177,-0.19602478
107372,Pvalb,-0.042402238,0.042308748
261781,L6 CT,0.24723214,0.023084342
107436,OPC,-0.112172514,-0.396078
203232,L2/3 IT,-0.18758816,0.06536347
203208,L6 IT,0.11490905,-0.2422623
203189,L5 IT,0.10691458,0.1423217
194521,Astro,-0.32642165,-0.44104618
194532,Astro,-0.21906361,-0.39487416
203344,Endo,-0.1871945,-0.37317663
133446,L5/6 NP,-0.052389324,-0.1618056
107193,L2/3 IT,0.069437504,0.37205738
133679,Endo,-0.17431867,-0.35211915
106864,Peri,0.1357435,0.17599934
203422,L2/3 IT,0.2491799,0.4333852
106942,L5 ET,-0.21501833,-0.3229215
194322,L2/3 IT,-0.108786106,0.17125416
106993,L5 IT,-0.08806512,-0.13426325
194335,L6 IT Car3,0.36955386,0.14479673
133790,L2/3 IT,0.12788534,0.3433084
133771,Endo,-0.18805614,-0.02654177
194398,L2/3 IT,-0.3440463,-0.30402306
107044,L2/3 IT,-0.18052316,0.118107736
107089,Micro,0.20958203,-0.13884449
107110,L5 ET,-0.18320352,-0.28211647
107129,SMC,0.046065032,0.44215208
257163,L2/3 IT,-0.24991608,-0.093979985
203352,L6 CT,0.033899665,-0.0453749
133658,Endo,-0.22177258,-0.19311827
203426,L4/5 IT,0.019429088,0.14154351
133420,L6 IT,0.16857481,-0.12114337
107662,L4/5 IT,0.17626673,0.30305374
108391,Oligo,0.20325452,-0.29147112
108404,L6 CT,0.12513858,-0.24626526
202872,L4/5 IT,0.102100134,0.2631582
132925,Oligo,0.18253946,-0.024668962
108458,Astro,0.23639715,0.46337867
108460,Oligo,-0.11482829,-0.24878097
245225,L2/3 IT,-0.25084487,0.030823708
194688,L5/6 NP,-0.014251918,-0.37893623
108486,L6 IT,0.04058957,-0.28945976
132883,L5 ET,-0.19295943,-0.27792555
108529,Micro,0.36437088,0.1625709
132875,L2/3 IT,0.30193257,0.42565888
245238,L4/5 IT,-0.290581,-0.29203543
108688,Lamp5,0.03287524,-0.43405074
108698,L6 IT,0.14776832,0.0036330223
108353,Astro,-0.42309877,-0.27968276
133413,L4/5 IT,-0.21412721,-0.33969104
132936,Oligo,0.23955339,-0.11052385
108279,Endo,-0.3145694,-0.092078716
133387,L2/3 IT,-0.22550517,-0.010426253
107762,L6 IT,0.33992088,0.2301724
257212,Oligo,0.23136944,-0.21015686
133312,Lamp5,-0.36173618,-0.07721609
133311,L4/5 IT,0.117028,0.22959816
194578,L5 IT,0.12534916,0.11568838
107947,L2/3 IT,-0.3623073,-0.15264556
245203,L5 IT,-0.2122676,-0.359235
133203,Oligo,0.06318325,0.028282166
194618,L6 CT,-0.00070121884,-0.4017606
261659,Endo,0.06689829,0.18917274
133065,L5 ET,-0.17386153,-0.43616974
108204,Lamp5,-0.21379259,0.16108036
108211,L4/5 IT,-0.093108505,0.052516818
108238,L6 CT,0.031900764,-0.05954632
108315,L6 IT,-0.1152468,-0.23991561
256714,Lamp5,0.1969043,-0.2474241
103196,Astro,-0.35925442,-0.36728552
103184,L2/3 IT,-0.3090881,-0.09092039
98753,L6 CT,0.15135783,-0.20160899
98758,L2/3 IT,-0.3684725,-0.17441127
138863,L2/3 IT,-0.13707131,0.094738245
98815,L4/5 IT,-0.036226064,0.14937252
246908,Peri,-0.14659512,-0.09946811
98861,L5 IT,0.16110575,-0.07105827
98750,Endo,0.3045838,0.08068246
192740,Pvalb,0.013660967,0.20216471
138759,L5 IT,-0.08741176,-0.08035043
98882,L4/5 IT,-0.11187157,0.047852337
205882,L2/3 IT,-0.094652,0.11606532
98924,Pvalb,-0.094055355,0.21415436
98926,L5 IT,-0.16175088,-0.28427273
138758,L6 IT,0.13624972,0.023335814
98878,Astro,-0.29968464,-0.055189013
138886,L4/5 IT,-0.028180003,0.079762876
205991,L5 IT,-0.19913661,-0.44248497
138909,L2/3 IT,-0.16161454,0.115741014
206126,L2/3 IT,0.15270072,0.42754948
98266,Astro,-0.35087514,-0.017044365
138953,Peri,-0.14072916,-0.05593732
98342,L4/5 IT,-0.012622923,0.12814546
98436,L6 IT,0.33525872,0.20429808
206060,L6 CT,0.29496008,0.038151562
98462,Peri,-0.20336974,0.1557259
256410,L5 IT,0.26667112,0.23177266
98495,Sst,0.1188699,0.02567339
206039,L4/5 IT,-0.014651448,0.11276263
98516,L5 ET,-0.071074665,-0.32308343
98546,L5 ET,0.28048295,0.15780401
263224,Astro,-0.10821453,0.2283321
98595,Oligo,0.3024103,-0.102440596
98598,L5 ET,-0.23883075,-0.34820008
98973,Vip,-0.33139092,-0.48676276
205837,L4/5 IT,0.19227737,0.33355266
138736,Oligo,0.33648056,0.056706846
99018,L2/3 IT,-0.31724113,-0.25654262
138652,L6 CT,-0.030069709,-0.27786687
205772,Oligo,0.36825395,-0.10722348
192837,Oligo,0.16716564,0.029614925
99361,Micro,0.28168768,0.111337006
256444,L4/5 IT,-0.047144204,0.09395653
99393,Endo,0.028179705,0.3045476
138542,L4/5 IT,0.2721836,0.31396043
138541,Micro,-0.009558529,-0.20694396
205754,L4/5 IT,-0.24325871,-0.41954872
205748,L2/3 IT,-0.39734983,-0.27776513
256454,Micro,-0.06436637,-0.43274176
205742,L2/3 IT,-0.14511809,0.15682602
99514,Pvalb,0.04736346,0.18853587
138507,Peri,0.16550267,0.032399237
99548,PVM,0.22785926,-0.25866526
205778,SMC,-0.3590828,-0.039492786
206143,L4/5 IT,-0.27431536,-0.35514554
99307,L2/3 IT,0.30604315,0.43029374
99260,L6 CT,0.14005601,-0.26775646
138708,L2/3 IT,0.21128011,0.37897885
99058,L6 CT,-0.00731048,-0.18279597
99071,Endo,0.3408696,0.30325586
99072,L6 IT,0.24393082,-0.07750395
99084,L2/3 IT,0.004380405,0.2593385
99096,L4/5 IT,-0.0463866,0.10067487
99125,Oligo,-0.090563655,-0.20247859
99130,Lamp5,-0.09091982,0.2959277
138703,L4/5 IT,-0.24912944,-0.4020972
99162,L6 CT,0.0042833686,-0.4351191
138689,L2/3 IT,-0.2675665,-0.17618236
205816,L2/3 IT,-0.31797615,-0.045374095
138678,Astro,-0.26946262,-0.29358548
138673,Endo,-0.43959877,-0.3786511
205803,Endo,-0.42649007,-0.18976599
192804,L4/5 IT,0.09726149,0.26474482
138968,L5 IT,0.36029613,0.25244337
139017,Oligo,0.3558907,-0.08866751
206161,L2/3 IT,-0.27065217,-0.15054771
97139,L2/3 IT,-0.16311166,0.19107622
97154,L2/3 IT,0.18707818,0.39971048
97169,Pvalb,0.20909005,-0.10416296
233081,L5 IT,0.1920284,0.2070545
139561,L2/3 IT,-0.34135994,-0.15794423
206480,L6 IT,0.407996,0.009106159
206476,Vip,0.33832878,0.1433413
192459,Astro,-0.14467463,-0.27490616
139526,Pvalb,0.04042405,-0.04944703
97354,PVM,0.32817805,0.20344663
192466,L5 ET,-0.13889542,-0.18155172
97357,L2/3 IT,-0.20436531,-0.03157869
97392,L4/5 IT,0.24350572,0.25594467
139519,L6 CT,0.07193148,-0.30515057
139493,Astro,-0.09619334,0.25820208
139574,Vip,-0.41350237,-0.23047867
97404,Sst,0.373608,0.17025483
97087,L4/5 IT,0.13637245,0.2965508
139590,L4/5 IT,0.07719135,0.24974239
244567,L5 ET,-0.13582304,-0.18765846
96703,L2/3 IT,-0.35214293,-0.14152813
96757,Pvalb,0.06326133,0.20965016
139728,L6 IT Car3,0.42186093,0.0019104481
206663,L4/5 IT,0.17547369,0.29794753
96835,L2/3 IT,-0.32523236,-0.27295488
192393,L2/3 IT,-0.049424052,0.23070294
206625,L5 ET,-0.21326578,-0.23059809
206613,Micro,0.08899683,-0.048335582
246947,L5 IT,-0.13937008,-0.1793698
139664,Astro,-0.31387398,-0.38350165
244587,VLMC,0.082062006,0.4668836
263526,L6 IT,0.12902337,-0.16031408
256257,L5/6 NP,0.068202734,0.033441186
97011,Endo,-0.09229961,0.23352951
97083,Oligo,0.15010202,-0.35275286
99555,Peri,-0.32497752,-0.4214372
139423,L6 CT,0.043043017,-0.41444802
97425,L4/5 IT,-0.1029982,0.08256656
97782,L6 IT,0.10285187,-0.008525401
97790,Astro,0.27990824,0.32423937
139118,Endo,0.0073064566,0.2820323
97835,Astro,0.1850161,0.27666575
97836,Astro,-0.14071772,0.1431045
97851,Astro,0.31716758,-0.18029246
139111,Astro,-0.07163575,-0.31726855
139103,Oligo,0.18444347,-0.33947432
97914,L5 ET,-0.06014186,-0.07636067
97978,Micro,-0.07848492,-0.15072033
244638,Astro,-0.22530887,-0.22342971
139072,PVM,-0.20065674,-0.36712074
206191,L4/5 IT,0.10510403,0.2541951
139051,L6 IT,0.115855336,-0.016370833
244642,L2/3 IT,-0.12668279,0.07514608
97772,L2/3 IT,-0.18515423,0.08665711
256326,L4/5 IT,-0.27852416,-0.3984314
192597,L6 IT,0.33513564,0.00917244
97695,L6 CT,-0.053158253,-0.38907677
97454,Astro,0.20020562,-0.17168516
97466,Endo,-0.26069883,-0.35155725
139383,L6 CT,0.39904898,0.08185291
206399,L6 CT,0.24873614,0.03897226
97513,Endo,-0.45662087,-0.28540194
139375,Peri,-0.009902239,0.06220472
139363,L4/5 IT,0.08837861,0.25462723
139310,Astro,-0.33648,-0.3247995
97600,Lamp5,0.29272616,-0.018257529
97623,Oligo,0.02761519,-0.37680113
139293,SMC,-0.14720532,0.26303524
139277,L2/3 IT,-0.14926597,0.19382846
256371,Pvalb,0.08469844,-0.16615257
97664,Astro,-0.1067909,0.2963224
263379,Astro,-0.43957624,-0.15779501
97718,L4/5 IT,0.028461933,0.13155574
244708,L2/3 IT,-0.06712383,0.20850205
205720,L4/5 IT,-0.2830155,-0.39582473
99605,L2/3 IT,0.33279735,0.39954257
137224,Lamp5,-0.12088537,0.10203409
137206,L6 CT,0.23690206,0.07510984
101820,L6 IT,0.066979945,-0.2568614
101882,L5 IT,0.4071899,0.23972094
244861,Lamp5,0.025408983,-0.3482269
101926,L2/3 IT,0.31393576,0.4199649
101936,L5 IT,0.40247118,0.28946102
204986,L5 ET,0.035197973,-0.13064733
137201,Lamp5,-0.35390604,-0.17708918
193272,Astro,0.34049374,0.23864102
102107,L5/6 NP,0.124596775,0.094085574
102112,L5/6 NP,0.10415244,0.17028469
204932,L6 CT,0.060846686,-0.38595265
193291,L4/5 IT,-0.11195192,0.010204196
137038,L4/5 IT,-0.2523574,-0.40364242
101774,L2/3 IT,-0.14556092,0.12017369
137018,L6 IT,0.29351842,-0.010770172
101708,L4/5 IT,-0.31100214,-0.43251705
101669,L5 IT,0.08124596,0.17162663
101401,Astro,0.36091244,-0.11153355
205164,Sst,-0.033104837,0.060756743
101427,L4/5 IT,0.1001268,0.19871587
137510,L4/5 IT,-0.24536636,-0.18963206
205151,Vip,-0.044650346,-0.35038298
244847,L4/5 IT,0.1725834,0.33899784
137480,L2/3 IT,-0.23360112,-0.040483266
262739,L2/3 IT,-0.34942985,-0.22278357
101542,L5 IT,-0.13443738,-0.21530649
244851,L5 IT,0.38379186,0.24593252
137321,L6 CT,0.12232125,-0.08931014
101589,Peri,0.072690785,0.09245062
137269,OPC,-0.024189472,0.0822863
101600,Oligo,0.18952167,-0.19330063
101625,Oligo,0.309506,-0.14529032
137236,Oligo,0.24895835,-0.06245771
262785,VLMC,-0.4631603,-0.3814701
262632,L4/5 IT,0.21176851,0.31357253
136992,L6 CT,-0.041814297,-0.43170655
262538,L2/3 IT,-0.24784979,-0.08090076
102936,L5 ET,0.15630972,0.15346664
136652,L2/3 IT,-0.35517147,-0.26287097
136591,VLMC,-0.27485734,0.14040709
136571,Oligo,-0.11938223,-0.26621848
204699,VLMC,-0.4364467,-0.17996466
103030,Endo,-0.0733206,-0.4496725
136542,L4/5 IT,0.08635068,0.22407985
136458,L5 IT,-0.14802152,-0.28997958
103105,Micro,-0.1874097,-0.2008087
262505,L5 IT,0.34126985,0.31318873
193559,SMC,-0.2175262,-0.4583304
193577,L2/3 IT,0.10601926,0.39356947
103132,L5/6 NP,0.42862117,0.2524594
204655,L5 IT,-0.1149264,-0.2444191
136661,Endo,0.21829152,0.13052756
102278,Vip,0.10908604,-0.1831665
102881,L5 IT,0.22260952,0.08345914
246791,L6 CT,0.36037892,0.12044257
102377,L2/3 IT,0.0018324256,0.31210726
102431,PVM,0.26344007,0.470976
136958,L5 IT,0.030068278,0.075092316
136938,L4/5 IT,-0.26416397,-0.26321328
136866,Oligo,0.28192574,-0.21437815
102532,L4/5 IT,0.2408551,0.24271601
102539,Oligo,0.35151583,-0.081751525
193382,SMC,-0.18412659,-0.024119169
102629,L2/3 IT,0.04507667,0.36211056
102655,L6 IT,-0.099033475,-0.17407292
193402,L4/5 IT,-0.2092107,-0.04754764
136800,L4/5 IT,-0.03685391,0.1887353
204769,L6 IT,-0.02775237,-0.21487302
256654,Astro,0.2912166,0.441876
256656,Lamp5,-0.22660127,0.15659797
136686,L2/3 IT,-0.31066018,-0.15166104
202184,Oligo,0.2111972,-0.108736336
137545,L4/5 IT,-0.174113,-0.13004449
137572,Sst,-0.036821097,0.28537667
100062,L4/5 IT,-0.20272106,-0.110274166
263013,L5 ET,-0.15028703,-0.24985969
100173,Vip,-0.36470085,-0.4508935
138337,L4/5 IT,-0.022574842,0.16577148
205544,L2/3 IT,-0.07335442,0.19312167
138315,L5 ET,0.041946232,0.113479376
100312,L6 CT,0.04137951,-0.3205722
100371,L4/5 IT,0.11741221,0.3204112
138213,Peri,-0.06479856,-0.29932815
205440,L5 ET,-0.15670016,-0.2576617
205437,Astro,-0.19580784,-0.17099598
100435,Astro,-0.3784728,-0.3500092
100446,Peri,0.23316795,0.12486309
100498,L5 IT,0.3289281,0.26273346
262906,SMC,-0.033409834,0.17537051
100059,OPC,-0.22336799,-0.13459301
138157,Endo,-0.10836631,0.11673105
205587,Astro,0.11006802,-0.12767336
256458,Lamp5,-0.1406456,0.05506414
99608,L4/5 IT,0.34998327,0.2150495
99620,Endo,0.03049159,0.31810158
205715,Astro,0.21547818,-0.33345306
138480,Oligo,0.34670734,-0.106692046
263061,L2/3 IT,-0.24649858,0.047203243
99733,L4/5 IT,-0.121540934,-0.004125774
99785,L6 IT,0.124102235,-0.17471907
192898,L6 CT,-0.10109821,-0.4198535
263049,L5 IT,-0.1902296,-0.27071935
99804,L2/3 IT,-0.17638421,0.108744085
99815,Vip,-0.39668444,-0.29681328
205641,L5/6 NP,-0.113007486,-0.4558183
192900,L4/5 IT,0.08490217,0.25541824
99889,L2/3 IT,-0.032827705,0.30581188
99953,Endo,0.33834058,0.14494425
244749,Endo,0.08385062,-0.17803875
205219,L4/5 IT,0.23561496,0.28796685
138145,Pvalb,-0.22656766,-0.18015087
100576,L2/3 IT,0.0040192604,0.31603402
244807,Sst,0.308497,0.10216594
262859,L2/3 IT,0.010869503,0.32206744
100941,L5 IT,0.10029209,0.12951231
100958,L4/5 IT,-0.20485637,-0.083830565
137712,Oligo,0.11058819,-0.2087962
137698,L5/6 NP,-0.1607287,-0.4140755
193142,Endo,-0.0020889044,0.22751552
101107,Astro,-0.2106019,-0.36984885
137660,Oligo,0.32125396,-0.011281431
137628,Peri,-0.33745778,-0.35949552
101178,L5 IT,0.13877225,0.16669416
262807,Astro,-0.429281,-0.2661593
205236,L4/5 IT,0.16143167,0.2620061
101220,L6 CT,-0.007705152,-0.431992
101227,L2/3 IT,0.35443038,0.35136223
205320,Endo,0.15524328,-0.09079155
100562,Oligo,0.18884307,0.01003015
100827,Astro,-0.18459845,-0.30694968
256533,Peri,-0.25333452,-0.426527
138125,L2/3 IT,-0.2412436,-0.05943623
138103,Astro,0.19703114,-0.34612584
138089,Vip,-0.30553362,-0.40944856
205400,L6b,0.27491635,-0.12992945
205393,Peri,0.09900391,0.12372154
138010,L4/5 IT,0.28089452,0.26381022
246853,L5 ET,0.03300029,0.09230918
193065,L2/3 IT,-0.290106,-0.17525241
100692,VLMC,-0.34712696,0.019588232
262880,Peri,-0.09719792,0.22460783
100742,Vip,-0.05029434,0.14086568
137809,L5 IT,0.005400598,0.031899333
100773,L6 IT,0.25617647,-0.0341928
137770,L6 CT,0.01790905,-0.18082607
100781,Micro,-0.058632284,0.26801765
100790,Oligo,-0.31260222,-0.20564213
96554,Oligo,0.31225133,-0.18610382
110565,Endo,-0.4610629,-0.32032925
110592,Sst,-0.12584782,-0.10052687
126914,Oligo,0.15557742,-0.3682538
119743,L5 IT,0.31140578,0.191773
199096,PVM,-0.4614366,-0.21131536
119771,Endo,0.27650434,0.19470417
199095,Micro,-0.13288283,-0.21787181
119844,L4/5 IT,0.15636832,0.30511874
196857,L2/3 IT,0.18259269,0.3557126
119868,OPC,0.15168446,-0.41990674
259582,L6 IT,0.10815871,-0.18812853
119968,L2/3 IT,0.15371758,0.3420769
199038,Sst,0.10758418,0.18559897
126878,L6 IT,0.14766467,0.025568664
120069,L5 IT,-0.20309299,-0.36303228
120151,L4/5 IT,-0.19317055,-0.13760844
119896,L5 ET,-0.06143087,-0.10895383
259627,Endo,0.42011178,0.3218717
119649,L6 IT,0.07546741,-0.045814157
119648,Sst,-0.16448188,-0.26808268
119282,Oligo,0.27635455,-0.07561889
119296,Endo,0.2798369,0.31680316
127063,L5 IT,0.27197313,0.19740671
127039,OPC,0.097189784,0.10301238
199255,OPC,0.10056257,-0.14398435
119382,OPC,0.41286403,0.009886265
119384,L5/6 NP,0.07006025,0.0015919805
126976,Oligo,0.3648281,-0.076677024
119471,L6b,0.19543183,-0.1915499
126966,Astro,-0.1294052,-0.42300296
119475,Micro,0.18209559,0.43513173
126928,Astro,0.29544693,0.37148845
119502,L6 IT,0.27897304,0.06021428
199182,L5 ET,0.3053959,0.26817274
119543,Endo,0.23555613,0.22278744
126846,Oligo,0.23398203,-0.24201056
196911,L2/3 IT,0.13244486,0.33518744
120319,Endo,-0.16045007,-0.24972123
120322,L2/3 IT,0.121477485,0.32736838
196967,Micro,-0.08721697,-0.3843279
126576,Peri,-0.33136195,-0.25577062
126574,Pvalb,0.040448487,-0.4274191
126544,L2/3 IT,0.023002267,0.32590127
126542,L6 IT,0.1105057,-0.2850083
120999,L6 CT,0.13605762,-0.08126676
197013,Endo,0.24124539,-0.23631555
121025,Micro,0.3578531,0.3124128
126406,L2/3 IT,-0.34104395,-0.30141193
197039,Pvalb,0.33366555,0.015373886
126355,L2/3 IT,-0.16463625,0.06914973
126324,SMC,-0.42837325,-0.14524177
121090,Oligo,0.20059204,-0.09002048
198688,L2/3 IT,0.29563892,0.35506606
197062,OPC,0.2364384,0.0075868964
120858,L6 CT,0.19082636,-0.083655626
119281,Oligo,-0.34931415,-0.44605666
120855,L2/3 IT,0.07201058,0.33409142
198836,Sst,0.02637726,-0.23292089
120366,L4/5 IT,-0.24779403,-0.13805595
120370,Endo,0.2934686,0.07781756
245909,L4/5 IT,0.17968506,0.28711647
126715,Pvalb,-0.13071719,-0.08370924
126696,L6 CT,0.12673634,-0.14822409
198897,L4/5 IT,-0.2108984,-0.18272865
258397,OPC,0.32539105,-0.013588935
198881,L2/3 IT,-0.29163882,-0.15510768
120563,L6 IT Car3,0.22699505,-0.082446665
120576,L6 CT,0.19064724,-0.1021997
126657,L2/3 IT,-0.38223538,-0.23702666
120608,VLMC,-0.49318293,-0.3479064
126652,L2/3 IT,-0.30920923,-0.050755084
120660,Oligo,0.26531255,-0.18538806
198841,L6 CT,0.20111704,-0.025012672
126645,L2/3 IT,-0.19085166,0.09923452
127085,L6 IT,0.35332686,0.1642074
119188,L2/3 IT,0.22241151,0.42091537
119187,Oligo,0.052567303,-0.2510382
118040,Micro,0.15906024,0.080470145
245775,L5 ET,-0.06630501,-0.33592218
199670,Astro,-0.23168403,-0.33004147
259901,L6 IT,0.34228438,0.20729393
118097,Astro,0.019900322,-0.3096395
127786,L5 ET,-0.11667943,-0.10988763
127692,L2/3 IT,-0.1503143,0.030783355
127647,L2/3 IT,-0.3730598,-0.18762308
118252,Endo,0.15240085,0.4438904
127621,VLMC,-0.43458045,-0.4422962
118272,Endo,0.33657366,0.34876204
259863,L4/5 IT,-0.20849127,-0.09938192
196596,L6 IT,0.30254984,0.16637033
199574,Peri,0.2796738,0.34552866
118324,L2/3 IT,0.20618087,0.33806902
199681,L6 CT,0.118982136,-0.27964264
196601,Micro,0.3017425,0.23155981
199695,Endo,-0.06880954,-0.3942118
127969,Astro,-0.45083073,-0.38200113
246330,Oligo,0.08943832,-0.41079372
117601,Oligo,0.37307066,0.104789615
117674,L2/3 IT,-0.33558238,-0.17755848
128026,L5 IT,-0.04082924,-0.131892
128023,L6 IT,0.42485768,0.010674238
246325,L4/5 IT,-0.02130875,0.15631396
128008,L5 IT,0.35315,0.2561419
245754,VLMC,0.13751876,0.45848668
117798,L6 CT,0.061594307,-0.20617414
117800,L5 IT,0.3155793,0.23936313
196428,Astro,-0.2321133,-0.36359227
117831,Oligo,0.29441822,0.021254838
259940,L6 CT,0.1675545,-0.10352075
199740,L2/3 IT,-0.2527601,-0.039875478
127983,L2/3 IT,-0.31339005,-0.112283766
245764,L6 CT,0.335055,0.11465174
198663,OPC,0.14010072,0.48652744
118414,Micro,0.067945,-0.27097908
118465,SMC,-0.033319592,0.09247309
127178,L6 CT,0.30116308,0.08732617
196736,Endo,-0.3467673,-0.08900654
118936,L5 ET,-0.047239155,-0.05000171
258310,L4/5 IT,-0.056488723,0.12074381
259738,Astro,-0.20835823,0.16920847
196759,L5 IT,-0.0025487542,-0.14351106
127116,L4/5 IT,0.26158094,0.26436698
199355,L6 IT,0.24763668,0.090432465
119084,L5 ET,-0.17182457,-0.34048066
196775,L5 IT,-0.1779638,-0.42643642
258314,L6 CT,0.32820755,0.022641838
259716,L5 ET,-0.088064015,-0.24766022
127088,Astro,0.23546171,0.21632576
199315,Endo,0.15738106,-0.28889847
119164,PVM,0.12465143,0.07185942
196712,L6 IT,-0.005900353,-0.23961905
199526,L4/5 IT,-0.23809847,-0.26604837
118868,L4/5 IT,-0.18600315,-0.44760904
259767,L6 CT,0.2688588,-0.04507637
259842,L2/3 IT,-0.18678907,0.0950374
118501,Oligo,0.18385834,-0.34399486
118503,L2/3 IT,-0.033480793,0.2617752
199487,Astro,0.10157102,-0.3337012
245809,L4/5 IT,0.16008133,0.23883688
259805,SMC,-0.13873196,0.124987364
118609,L4/5 IT,-0.328808,-0.47011343
127364,L6 IT,0.21505797,0.08787745
118622,Pvalb,0.027563393,-0.11991814
199433,OPC,-0.43693528,-0.30305263
196656,L5/6 NP,-0.15046018,-0.292651
127284,Pvalb,-0.017477512,0.153202
259786,L5 IT,-0.24234208,-0.31706303
118764,Astro,0.11529046,-0.28890544
199404,L6 CT,0.09321219,-0.3046962
246289,L6 IT,0.156178,-0.24573934
258150,Oligo,0.28239787,-0.18580785
121233,SMC,-0.25854993,0.15672374
198644,Micro,-0.23419094,-0.4276204
258627,Pvalb,-0.13453135,-0.29626969
123606,Oligo,0.21525186,-0.107359916
125221,L6 CT,0.18311512,-0.23449981
197880,Oligo,-0.028235078,-0.45555606
125213,OPC,0.21293843,0.015396476
125205,PVM,0.3247798,0.3055371
197921,VLMC,-0.461916,-0.39842123
125125,L6 CT,0.21645927,0.0021016002
123764,L2/3 IT,-0.35786623,-0.23897591
123777,Oligo,0.38552302,0.13838804
197475,Oligo,0.1560573,-0.32475558
123874,Astro,0.16517574,-0.4455015
197805,L2/3 IT,-0.019226909,0.3137794
123881,PVM,0.2052458,-0.14673945
258648,Oligo,0.029184163,-0.26252142
197923,Oligo,0.23025602,0.1556471
197933,Micro,-0.21466336,0.041894495
125326,Astro,0.27326274,0.26777607
123006,Pvalb,-0.13154152,-0.2683875
123031,Peri,0.12608564,-0.43695304
197338,Oligo,0.21318412,-0.2695471
123060,SMC,0.25127155,0.4540109
125458,L6 IT,0.2895493,0.13912296
123092,L6 IT,0.32360458,0.02382791
123103,Endo,0.06006074,0.23191166
125433,L4/5 IT,-0.008500725,0.15637386
125416,L6 IT,0.33502012,0.013130903
123139,L4/5 IT,-0.017849475,0.13215482
125366,L6 CT,0.25564563,0.0036575198
123220,L2/3 IT,0.0063572526,0.23101437
123223,L4/5 IT,0.11041665,0.2952823
123329,VLMC,-0.48931226,-0.307153
123368,Oligo,0.2021786,-0.23885813
123884,L2/3 IT,-0.4064937,-0.3545338
123898,SMC,0.35416222,0.07476258
258866,Vip,-0.12845093,-0.0019312799
123910,Oligo,0.26920563,-0.05168116
124281,Astro,0.06901449,0.40225756
124282,L4/5 IT,0.037750125,0.18391258
124678,L6 IT,0.18248218,0.08470017
197683,L5 ET,0.19078863,0.17812145
197682,Oligo,0.21643215,0.06632954
124388,Endo,-0.324566,-0.4401632
124390,L6 IT,0.0624218,-0.14974841
124395,L6 CT,0.24922907,-0.027803928
258775,L4/5 IT,-0.08201468,0.034401536
258770,L2/3 IT,0.23667443,0.38915128
197616,L5 IT,0.4245581,0.2350604
124452,Micro,0.28912568,0.47596347
124472,L5 IT,-0.041651487,-0.38779622
124526,L4/5 IT,-0.1687983,-0.026627243
124592,Oligo,0.14344513,-0.32536387
124280,Lamp5,0.19956231,-0.13035771
122989,L2/3 IT,-0.18235698,0.13535565
197686,Oligo,-0.057630688,-0.4184093
124710,Endo,-0.2646878,-0.40367207
197779,Peri,-0.31004402,-0.20847458
197504,L4/5 IT,0.035790324,0.16370338
197762,L2/3 IT,-0.3050913,-0.17122155
258842,Oligo,0.20784807,-0.078264356
197512,L4/5 IT,0.09153664,0.32288283
124100,L2/3 IT,-0.2751919,-0.118991554
124113,Endo,0.23077738,0.114079416
197718,L6 CT,0.30391067,0.023620367
124879,L6 IT,0.24532092,0.09328008
124134,L4/5 IT,-0.12634644,0.05385691
124863,L2/3 IT,-0.3387485,-0.0972729
124773,L6 IT,-0.13204533,-0.37964898
124756,L5 IT,0.360075,0.22779202
124194,Endo,-0.36067232,-0.4392238
124215,Oligo,0.37180394,-0.095841646
124227,L2/3 IT,-0.117856115,0.19549996
125495,SMC,-0.13549262,-0.3091088
122916,Astro,0.3674476,0.13193142
122894,L5 ET,-0.10493317,-0.12684435
121696,L6 CT,0.07923788,0.0029852986
121708,Oligo,-0.06708363,-0.27411366
126205,L6 IT,0.3359233,0.07648492
121829,L5 IT,-0.15294915,-0.25291798
126179,L6 IT,0.37049407,0.036515713
197121,Astro,0.15514946,-0.24560389
126164,L4/5 IT,0.17802078,0.27870607
121955,Astro,-0.29821357,-0.2368153
259232,L6 CT,0.28683865,0.07935876
126155,L6 CT,0.0788399,-0.21481588
126124,L4/5 IT,-0.044479936,0.14947248
122067,L4/5 IT,0.19238722,0.30015725
126119,L2/3 IT,-0.03450951,0.3030476
122134,Peri,0.33467,0.018926144
122139,L2/3 IT,-0.23059094,0.04320973
258464,L5/6 NP,-0.11160886,-0.29875922
122142,L2/3 IT,-0.030921906,0.30181372
126224,Pvalb,0.13313174,-0.1308383
121545,L5 IT,0.08561045,0.13064241
121280,L5 IT,0.30043888,0.2434113
121281,Sst,-0.21183407,-0.17757323
121324,L5/6 NP,0.30835575,0.212771
121339,L6 CT,0.471039,0.038998425
121349,Oligo,0.23829073,-0.14888525
121361,L5 ET,0.38976556,0.18085098
121397,Lamp5,-0.43466774,-0.39162913
126293,Oligo,0.009378314,-0.104830086
121416,L6 CT,0.038165033,-0.2687861
197089,L2/3 IT,-0.12864378,0.17558551
121422,L2/3 IT,-0.20764896,-0.07224667
121427,L4/5 IT,-0.24907306,-0.18656507
121429,Pvalb,-0.08050689,-0.20487481
121442,L5/6 NP,-0.1455074,-0.18445924
121533,L4/5 IT,0.011755884,0.2076791
121625,L2/3 IT,-0.36576527,-0.17520458
126316,Endo,0.11938888,0.44558913
197131,L2/3 IT,-0.30049235,-0.08192873
122220,Endo,-0.4182837,-0.40886903
259102,L6 CT,0.10476512,-0.20282272
122646,L2/3 IT,0.31052643,0.33152926
258547,L4/5 IT,-0.22235763,-0.12442204
246032,L2/3 IT,-0.07116237,0.21837568
122719,Lamp5,0.04395902,0.34665024
246205,L2/3 IT,0.096479535,0.41851544
198151,L6 CT,-0.08405012,-0.28831017
122755,Endo,0.034513533,0.14533967
125609,L2/3 IT,-0.16851297,0.06587803
122776,VLMC,-0.47450086,-0.4522454
122783,Astro,-0.116772056,-0.13955677
125575,L4/5 IT,-0.033107758,0.075847626
125563,Astro,-0.0790067,0.26568985
125560,L4/5 IT,-0.21904793,-0.123348415
122881,L5/6 NP,0.32226014,0.21530932
125736,L5 ET,-0.1146732,-0.41379362
122212,L5/6 NP,-0.13242039,-0.33806276
122573,Peri,0.43253618,0.28753632
198249,L5 IT,-0.11064839,-0.079580516
245998,L6 CT,0.103836,-0.29460305
259198,L6 IT,0.3387735,0.034122586
258503,L4/5 IT,-0.07790834,0.14374387
125979,L2/3 IT,-0.17997229,0.03971106
125967,L6 IT Car3,0.1085096,-0.08564365
198336,L6 CT,0.18269229,-0.19569445
122346,Oligo,-0.13906923,-0.40916115
125934,Micro,-0.12453243,0.08894044
259165,L6 IT,0.3521713,0.11863536
125815,L6 IT,0.11280233,-0.19503295
122448,Astro,0.2861191,0.19439876
125777,Sst,-0.20004794,-0.465679
198274,Astro,-0.29664314,-0.3301279
122526,Astro,-0.11515239,-0.20908189
197250,Micro,0.055783987,0.42142367
125740,L6 CT,0.25344396,0.02973777
128259,L6 CT,0.24945968,-0.12498677
117533,L2/3 IT,0.37662673,0.35179937
117526,L2/3 IT,-0.11427912,0.13287246
112755,L5 ET,-0.005431235,-0.20476392
112760,L6 CT,0.21673787,0.039520085
112787,Oligo,0.25113827,-0.26778015
130488,L2/3 IT,0.06238711,0.3333941
130464,Astro,-0.21121415,-0.27367204
260828,L4/5 IT,0.13373709,0.28735566
130492,L2/3 IT,0.37048227,0.34148264
130380,Pvalb,-0.20858586,-0.21548894
195598,OPC,0.02063173,-0.33846384
112949,L6 CT,0.29510158,0.053783953
130331,Endo,0.078987,0.43308723
112991,L6 CT,0.41768456,0.021642327
113005,L4/5 IT,0.16875952,0.30471164
113059,L5 IT,-0.13267732,-0.23459858
260822,L6 CT,0.080212474,-0.3683554
112742,Sst,-0.22507393,-0.26792118
112711,Oligo,-0.20020643,-0.30214143
130502,L5 IT,-0.01400733,-0.13349944
195496,L2/3 IT,-0.41477713,-0.27416432
112432,L6 CT,0.11561841,-0.059485286
130708,Sst,0.14938688,0.3207271
112485,Oligo,0.32859832,-0.023384094
112491,Astro,0.3079694,0.45643222
201501,Oligo,0.13236517,-0.37748492
245497,Endo,-0.025897086,0.17597121
112516,L6 IT,0.025424957,-0.2500292
260884,L6 CT,0.014719725,-0.44618124
130586,Oligo,-0.08564344,-0.4441862
201491,PVM,0.10721439,-0.07617521
112576,L4/5 IT,0.30595505,0.31975162
130553,Pvalb,-0.12720329,0.093705535
195532,Oligo,0.13187915,-0.3566268
260863,Astro,0.16818982,-0.43133864
113083,L5 IT,0.34529722,0.26178604
113094,Pvalb,0.07187545,0.18309242
113128,Astro,0.11123729,0.03533578
130313,L4/5 IT,-0.16325879,-0.09514108
113423,L4/5 IT,-0.19560853,-0.08817053
130049,L4/5 IT,0.18364859,0.24166507
130039,Endo,0.12741858,0.11678761
195700,L2/3 IT,-0.32927716,-0.3374157
201205,Micro,-0.40780675,-0.41023064
113461,L2/3 IT,0.18282592,0.34033757
257806,L2/3 IT,-0.30269232,-0.09582806
129943,Pvalb,0.24564981,0.07996827
113501,L2/3 IT,-0.13667926,0.067801476
113540,OPC,0.070913374,-0.45329496
246434,Astro,0.117129326,0.43622565
129848,L5 IT,0.03298855,0.04038322
113571,L2/3 IT,0.23601544,0.4421832
113603,L2/3 IT,0.35478854,0.39070654
201156,L2/3 IT,-0.36627358,-0.35957944
113397,L6 CT,0.06589842,-0.38767225
112381,Astro,0.2788173,0.105205655
113391,Micro,0.23702663,-0.14460406
113351,Sst,0.23932809,0.104203045
246465,L4/5 IT,-0.046657115,0.043784916
113144,L2/3 IT,0.19994688,0.35233712
195631,Oligo,0.11761892,-0.34643954
113161,L6 IT,0.19483268,0.10621834
130198,Endo,0.19998956,0.46508646
113236,Oligo,0.17048866,-0.29440168
130160,L2/3 IT,-0.3777092,-0.29302806
113286,L2/3 IT,-0.06364152,0.22052574
246456,Pvalb,-0.070143014,-0.30584002
195679,L2/3 IT,-0.08321211,0.17056072
113306,L2/3 IT,-0.26368174,-0.005519986
260753,Oligo,0.10038215,-0.40653214
113311,L5 IT,-0.14477265,-0.3560081
113340,L6b,0.064953566,-0.40479985
113350,PVM,0.13383573,-0.34701344
130052,L4/5 IT,0.18562442,0.26028252
201538,L6 CT,0.25179964,0.0183388
112375,Micro,0.39188802,0.121061444
112347,L4/5 IT,-0.24216974,-0.21691114
257525,L2/3 IT,-0.28915912,-0.1721144
110965,L2/3 IT,-0.17166218,0.101631045
110986,Astro,-0.2576645,-0.3349465
195260,Pvalb,-0.13379401,-0.19311467
111014,L6 IT,0.21895105,-0.06456125
111016,L2/3 IT,0.11951804,0.42175376
111112,Oligo,0.14939326,-0.32923788
111134,Peri,0.0761435,0.08179706
111193,L6 CT,-0.14373663,-0.3149774
111195,Oligo,0.19366157,-0.2846629
201965,L2/3 IT,-0.013617396,0.31116325
111258,Endo,0.2311132,0.23003674
111265,Astro,-0.41642976,-0.34561372
261152,L6 IT,0.29074216,0.0075187087
195264,L2/3 IT,-0.2777655,-0.12115005
131333,Pvalb,-0.06481302,0.05107832
131302,Endo,0.3775078,0.26080143
131348,Sncg,-0.2930193,-0.03254631
131353,L4/5 IT,0.1375252,0.2269383
110595,L6 CT,0.18029237,-0.042550176
110611,Astro,-0.049741417,0.32207865
110617,L6 IT,0.32864755,-0.038538247
110653,L5 IT,-0.090084314,-0.09341547
110681,L5 ET,-0.17124856,-0.24942091
131435,L4/5 IT,-0.2962701,-0.33063084
195220,L6 CT,-0.0121102035,-0.31462628
202115,L6 CT,0.26272947,0.04491645
131384,L4/5 IT,0.159037,0.30951828
202104,L6 CT,0.23827267,-0.1237686
202102,L4/5 IT,-0.23510087,-0.104118735
131359,OPC,-0.073691964,0.34700972
110824,OPC,0.2556606,0.18553764
110830,L6 CT,0.0009548664,-0.2157206
110839,Astro,-0.11249632,0.17905986
202066,L5 IT,0.22771662,0.18985516
129838,Oligo,0.12244314,-0.40059388
131289,Peri,-0.10207179,0.24039805
201869,Astro,-0.3280223,-0.24583206
111975,Endo,-0.24350762,-0.14690158
260966,Oligo,0.25343585,-0.16059262
130970,Astro,-0.17464402,-0.37779537
130938,Astro,0.35505354,0.19290614
112079,L4/5 IT,-0.24264708,-0.4620153
130921,L4/5 IT,-0.24201366,-0.26887202
130895,Peri,-0.113370806,-0.12755615
112170,Endo,0.040994763,0.18644792
130847,L5 ET,-0.04178974,-0.014127761
112204,Endo,-0.03955114,0.07723051
246492,L2/3 IT,-0.33442947,-0.17108631
195478,Vip,0.33700508,0.30693817
201602,L2/3 IT,0.21359897,0.4130646
112249,Lamp5,-0.13235408,0.015166163
112262,L2/3 IT,-0.33541542,-0.17504051
201706,L6 CT,0.22029316,-0.15789175
111362,L4/5 IT,0.0068006516,0.11743045
260979,L2/3 IT,-0.2541622,-0.043393403
131088,L6 CT,0.3025086,0.043960094
257554,Endo,-0.3935948,-0.4768521
131241,L6 CT,-0.06919882,-0.32455093
261094,L6 CT,0.12687176,-0.32198888
195294,SMC,-0.41095442,-0.39692038
131123,Oligo,0.13215101,-0.049354136
111632,Endo,0.40983027,0.172692
201798,Oligo,0.23872608,-0.28871787
261063,Oligo,0.24755746,-0.26593626
111668,L2/3 IT,-0.2957011,-0.071434945
111683,L5 IT,-0.17697933,-0.21565628
111689,L5 IT,0.10532141,0.032334745
111695,L2/3 IT,-0.1734589,0.12976927
111704,L6 CT,0.20811647,-0.01903379
195323,L6 CT,0.43873155,0.18855858
261047,Astro,-0.4116222,-0.4498147
195377,L6 CT,0.3054788,-0.08332384
195757,VLMC,-0.45557928,-0.44348386
113638,L6 CT,0.3133995,0.057141483
129809,L4/5 IT,-0.24630702,-0.23574167
260249,L6 CT,0.37400424,0.11902863
116151,Micro,-0.13477647,-0.0359475
116153,Astro,0.3488319,0.37409824
260224,L2/3 IT,0.24621898,0.43321705
116249,PVM,0.08125609,-0.45772117
116282,L6 CT,0.09206641,-0.37377456
116303,VLMC,-0.010554105,0.3962496
116309,OPC,0.29595584,0.10909402
116387,L2/3 IT,-0.17387941,0.17018384
116402,Astro,-0.37125623,-0.12977317
246364,Astro,0.37109953,0.00027298927
200178,L4/5 IT,0.21305054,0.2731614
116571,L5 IT,-0.1560739,-0.16076773
128470,Oligo,0.24738824,-0.23291808
196286,Oligo,0.4650818,0.1448499
245683,Oligo,0.30225992,-0.14677873
116637,Pvalb,-0.1715824,0.030840933
116078,L4/5 IT,0.085033596,0.20511997
196251,Lamp5,-0.24148268,0.089805245
200420,L4/5 IT,-0.08240014,0.025411248
115830,L2/3 IT,-0.34718668,-0.2051028
115861,Oligo,0.25268143,-0.21857971
200402,L2/3 IT,0.37645745,0.3493467
258065,L6 CT,0.1037429,-0.27498072
128616,L5 IT,0.011104286,-0.07274452
115934,Astro,0.07625818,0.35039967
200381,L5 IT,0.09178859,0.12488675
115987,L6 CT,0.36275804,0.11109489
128614,Micro,-0.3428402,-0.2580148
245668,Pvalb,0.06859827,0.04130763
128586,L6 IT,0.24424434,0.07355076
196249,Endo,-0.07397127,0.25916415
116045,Endo,0.17852235,0.43233955
116059,Vip,-0.26333785,-0.14512148
116069,Micro,-0.19657624,-0.33521006
115742,Astro,-0.34460014,-0.27655923
200140,OPC,0.19118631,0.16071254
116667,Micro,-0.36381036,-0.1976951
199975,Vip,-0.4531979,-0.37038496
199962,L4/5 IT,0.25125784,0.3295591
117201,L6 CT,0.24593037,0.023855686
117208,Peri,-0.042755485,0.19908184
117228,L6 CT,0.3368169,0.118061006
117260,L6 CT,0.39923275,0.1594665
199903,Oligo,0.17992282,-0.33688888
117302,Astro,0.17966437,-0.27212614
199896,Astro,0.31458533,0.3633502
117370,L2/3 IT,-0.18583363,0.015145123
117415,Astro,0.29479778,0.122127235
128318,OPC,-0.32604972,-0.34386337
117431,L2/3 IT,0.18947947,0.42780727
117465,L4/5 IT,0.04750371,0.20618302
128284,L4/5 IT,-0.051959515,0.15115571
128321,Oligo,-0.19040489,-0.25038373
128456,L6 IT,0.057789028,-0.08069429
128353,Endo,-0.10071537,-0.3614346
116960,Endo,-0.24877724,-0.439778
128429,Astro,-0.15492636,0.23480976
116754,L6 IT Car3,0.40178913,0.029916704
116794,L6 IT,0.11282766,-0.20163172
116833,L6 IT,-0.0076728165,-0.22679955
200071,L2/3 IT,-0.31077367,-0.039171875
116845,Micro,-0.064150184,-0.3685189
128424,L2/3 IT,-0.17050245,0.13396448
116852,Astro,0.067867815,0.32817352
116858,Sst,0.20139605,0.13350129
116895,Lamp5,0.23951048,0.4549752
116901,Micro,-0.393212,-0.4551046
200039,L2/3 IT,-0.13119349,0.21103716
128399,L6 IT,0.13574797,-0.15526173
200030,Peri,-0.19154319,-0.084435195
128392,L4/5 IT,0.2019254,0.259857
117061,L2/3 IT,-0.24836364,-0.0069391727
131457,L2/3 IT,-0.12892729,0.2452702
128668,L6 IT,-0.17587525,-0.323944
128798,Oligo,0.22569275,0.13747543
114520,L2/3 IT,-0.3388913,-0.115677476
195899,Peri,0.17247617,-0.042948544
129416,Sst,-0.12225258,0.20827389
114576,Pvalb,0.2614758,-0.013641506
129415,L2/3 IT,-0.21852085,0.00633806
129325,L5 IT,-0.24882042,-0.36364323
195942,L5 IT,-0.10973194,-0.26153386
114644,Pvalb,0.18168998,-0.09319708
129205,Endo,0.21118355,0.4564113
114648,Oligo,0.18631685,-0.3032989
114751,Astro,-0.17202735,0.1200099
129196,L2/3 IT,-0.22894338,0.0063571334
200746,L2/3 IT,-0.27169466,-0.12046847
196005,L6 CT,0.29356527,0.09812671
129131,L2/3 IT,-0.13065651,0.17460811
260582,L6 IT,0.092607796,-0.07439056
196022,L2/3 IT,-0.27078998,-0.012342602
195884,Pvalb,-0.0109369755,0.058380127
129514,L2/3 IT,-0.109327406,0.23782551
113748,L6 IT,-0.10747126,-0.3883142
129674,Endo,-0.36679333,-0.26680797
201089,L4/5 IT,-0.024151951,0.060320735
260646,Oligo,0.18527043,-0.35263872
257844,Oligo,0.18144947,-0.3138072
195827,Oligo,0.30556732,-0.123842955
260619,Astro,-0.084783524,0.30303836
129557,Endo,0.31685472,0.008919656
113994,PVM,0.26237297,0.4039961
114009,Micro,0.13970065,-0.057896495
114026,Peri,0.117738724,-0.07953206
114067,Micro,0.23466492,0.19148004
114090,Oligo,0.17673808,-0.3971234
129522,Endo,-0.29893404,-0.37100157
200997,Endo,0.37638557,-0.036938906
129507,Astro,-0.045738727,0.07297802
128704,OPC,0.0052476525,-0.39702588
114892,Endo,-0.19940197,-0.31221536
114984,Peri,0.07704699,0.4389459
115456,SMC,-0.25948492,-0.35286573
260368,Oligo,0.11717868,-0.37880406
245653,OPC,0.419784,0.1972475
258017,L6 IT Car3,0.35512263,0.040755033
115567,Endo,0.05564058,0.057991803
128820,L6 CT,0.14142537,-0.19819462
200495,L6 CT,0.37943953,0.130943
196143,Endo,0.28278524,0.30311036
115615,SMC,0.046869516,-0.36457497
200472,Oligo,0.27191234,-0.17438191
115633,Endo,-0.24013397,-0.38393164
258030,L5 IT,-0.102300465,-0.08333346
115667,Astro,-0.08242178,-0.37442926
115681,Endo,-0.22240224,-0.3994709
200458,Endo,-0.21932614,-0.1707949
128947,L6 CT,0.4119599,0.17768806
196023,Endo,-0.052495986,-0.45263138
128964,L4/5 IT,-0.27516204,-0.30592966
246395,PVM,-0.23249573,-0.42945817
114993,Astro,-0.09921709,0.2892558
200675,PVM,-0.079621315,0.22105098
115000,SMC,-0.41872877,-0.06726247
196029,Oligo,0.0687266,-0.33860642
115079,L4/5 IT,0.20937425,0.31855452
115084,L6 CT,-0.052828193,-0.32239538
115181,L6 IT,0.07184434,-0.19214594
260412,VLMC,0.10311818,0.46308935
129101,L4/5 IT,0.040484786,0.22863263
260403,Astro,0.06942487,-0.28992224
129092,L2/3 IT,0.29496896,0.4037007
115288,L6 IT Car3,0.45002925,0.013516307
129068,L6 IT,0.35503715,0.18523097
260396,Endo,0.38536644,0.15126675
115313,Oligo,0.44480467,0.0771184
128994,OPC,0.16752404,0.21387404
68008,Endo,0.15564567,-0.04363334
96551,PVM,0.1462192,-0.028769791
96538,L5 IT,0.22155714,0.119608164
78169,L6 CT,0.045405984,-0.3418073
78174,Astro,-0.43014434,-0.27691734
78176,Micro,-0.20877388,0.1333124
148204,Sst,0.07799995,-0.020405382
148174,L5 ET,4.0709972e-05,-0.06807089
148155,L4/5 IT,-0.29427904,-0.41064087
78136,Oligo,0.16558993,-0.36757362
78264,Endo,0.18646514,0.09067923
247437,Oligo,0.26290244,0.2605343
212663,Oligo,0.33313602,-0.13508949
266777,L2/3 IT,0.032940328,0.3017825
266771,Astro,-0.42412415,-0.33573574
78421,L6 CT,0.20933819,-0.17359123
189584,L4/5 IT,-0.052289993,0.14772582
78332,L2/3 IT,0.13548756,0.42036045
212714,Astro,-0.33705473,-0.022912681
212724,Peri,0.07730782,-0.3441102
78081,L4/5 IT,0.025493503,0.16825056
77548,Endo,-0.32269174,-0.4113671
148365,Micro,0.4016683,0.2047869
77679,Oligo,0.1468175,0.20543069
212853,Oligo,-0.10772854,-0.41049832
77826,L2/3 IT,0.20367289,0.41117638
77827,L2/3 IT,-0.3669512,-0.43332177
77849,Oligo,0.21262962,-0.2340579
148346,L5 ET,-0.035830528,-0.116535276
266845,VLMC,-0.46471503,-0.31487364
77915,Micro,-0.3022387,-0.4893903
148325,Astro,-0.33149928,-0.43772897
254685,L6 IT,0.14799094,-0.13785404
77981,L5 ET,0.24372971,0.18399549
148237,L5 IT,0.12619847,0.13257784
148223,Astro,-0.4444823,-0.43107337
212627,Micro,0.21443099,0.0037515163
78456,Vip,-0.026470482,0.25271648
254717,L6 CT,-0.023335248,-0.2867689
212597,SMC,-0.27924293,-0.3861849
78946,Astro,-0.19325247,-0.3187074
212441,L5/6 NP,0.3351313,0.23949021
79005,L2/3 IT,-0.19633585,0.007573962
212414,L6 IT Car3,0.2650488,0.057243645
243634,L2/3 IT,-0.15457115,0.08061254
79177,L2/3 IT,-0.25243896,-0.053165138
79179,Oligo,0.34290826,-0.053776085
254825,Oligo,0.20431417,-0.29524815
212357,L5 ET,-0.091009736,-0.19026268
79344,L5/6 NP,-0.04594028,-0.27208295
79417,L4/5 IT,0.08694655,0.24226516
79445,Pvalb,-0.07631451,-0.095557004
266603,L2/3 IT,0.29427612,0.41718274
79517,VLMC,-0.06989846,0.33132106
147581,SMC,-0.06066072,0.013643146
243611,Lamp5,-0.34575665,-0.2650246
212925,SMC,-0.16119,-0.33712468
254816,L4/5 IT,0.36208087,0.30901003
254814,L2/3 IT,-0.35963416,-0.3897362
212588,L4/5 IT,-0.049797714,0.04946959
254722,Astro,0.13536167,0.15992987
148006,Endo,0.1695227,-0.23921561
212573,Pvalb,0.07370007,-0.2885114
189649,L6 IT,-0.026839525,-0.11795187
212568,L2/3 IT,-0.25288355,-0.33277476
147904,Peri,0.0986802,0.41142744
78704,VLMC,-0.46647897,-0.25471997
189678,PVM,-0.18703958,0.2515669
78749,SMC,-0.13011384,-0.022700071
147824,Astro,-0.23258492,-0.23690805
266713,Micro,-0.40299898,-0.18844965
189694,Peri,0.09682751,-0.37591094
78814,Oligo,0.11066949,-0.2718652
266706,Micro,-0.025916308,0.296252
78914,Astro,0.22023857,0.19263428
77492,L2/3 IT,-0.35592067,-0.27421194
212932,Micro,0.32243037,0.26495773
254672,Micro,-0.10017282,0.32107562
149104,SMC,-0.1281642,0.24374837
247463,SMC,0.22869337,0.49766797
267180,L6 IT,0.077463984,-0.01787448
76210,L4/5 IT,0.2823621,0.32144737
76230,L6b,0.34590304,-0.03244379
213392,Pvalb,-0.17484897,-0.039130837
76291,Astro,0.1356799,0.15789598
213380,Endo,0.34682631,-0.02052623
76344,VLMC,-0.44882256,-0.20684415
254550,L6 CT,0.05733502,-0.3189326
148863,L4/5 IT,-0.013845444,0.18600786
254589,Oligo,-0.1636652,-0.097181976
213295,L6 CT,-0.014228851,-0.3991195
76509,L6 IT,0.3092478,0.005039513
148817,OPC,0.013875842,0.23162818
76162,L4/5 IT,0.19078112,0.28609687
76590,L2/3 IT,0.072660685,0.36001724
76154,L6 IT,-0.08314574,-0.25752842
213437,Astro,-0.022984922,0.13482273
75782,L4/5 IT,0.023328304,0.20555878
149200,Astro,-0.0057679713,-0.38592514
213560,Peri,-0.03148207,-0.33679914
213557,L4/5 IT,0.3496294,0.30937356
213553,L6 CT,0.36017883,0.13992709
189296,Endo,-0.3786111,-0.28467935
267227,L4/5 IT,-0.06616256,0.050080717
267224,Endo,0.21595454,0.17256612
149127,L4/5 IT,0.068523586,0.1711675
213489,L4/5 IT,-0.2649055,-0.36544484
76006,Endo,0.06346369,0.21978611
76040,PVM,0.40038717,-0.04269007
267204,OPC,-0.42048523,-0.34098464
76043,Astro,-0.31663555,-0.0211972
76058,SMC,-0.37841576,-0.121765375
76142,Endo,-0.29789898,-0.23976937
212249,Lamp5,-0.33555153,-0.19398504
148753,L6 CT,0.07254946,-0.2881506
213234,L6 IT,0.30409104,0.063405395
77193,L6 IT,0.33954066,0.021125615
77206,L6 IT,0.012441099,-0.2284064
77211,Oligo,-0.002060622,-0.1355561
266959,Astro,-0.3519526,-0.07442427
77227,L5 IT,-0.0057176948,0.08749646
77232,Oligo,0.22574645,-0.19080085
77251,L6 CT,0.19164217,-0.1615504
212992,Oligo,0.28243715,0.1812318
77309,L5 ET,-0.119918704,-0.20811489
77336,Oligo,0.20975345,-0.24153721
212959,Sst,-0.22560686,-0.2365295
77382,L6 CT,-0.007090986,-0.14856008
212954,Oligo,0.27831626,-0.1256516
148408,L5 IT,0.26374447,0.13230914
77392,Peri,0.35413527,0.12079406
254659,Peri,0.17529815,-0.06353733
76663,L4/5 IT,0.35443807,0.2902034
243523,L6 CT,0.07529241,0.008053541
213114,L6 IT,0.27926314,0.014918804
213233,Oligo,0.05712241,-0.45685136
213227,L6 CT,0.20429248,-0.17179826
148632,L2/3 IT,-0.36670482,-0.354891
76689,L6 IT,0.40621358,0.018256366
148617,L4/5 IT,0.14083976,0.2667411
189436,SMC,0.15581083,0.45848733
76762,Oligo,0.15211481,-0.30006027
148556,Astro,-0.107551545,-0.21924382
213179,L5/6 NP,-0.167633,-0.24568456
148529,L6 CT,0.22237027,-0.050546616
76846,Sst,-0.23620197,-0.18017063
76889,Micro,0.25377357,0.032345116
76905,Peri,0.3418119,0.09078407
213119,Oligo,-0.17401323,0.13179749
213117,L6 IT,0.31968135,0.054547608
213081,PVM,0.12737691,-0.17483407
149208,Oligo,-0.038167506,-0.37257618
254857,L6 IT Car3,0.27149445,0.12527835
212242,L2/3 IT,-0.11831352,0.18303674
266159,Astro,0.38715106,0.34802753
81980,Endo,0.061315477,0.35279417
146675,Endo,-0.105147004,0.22470808
211452,SMC,-0.22917032,0.08766383
82018,L5 IT,0.35967416,0.21795064
82052,L5/6 NP,-0.20548272,-0.3213488
211486,L6 IT,0.15762734,-0.20754153
211448,Endo,-0.27962327,-0.381986
146666,Astro,-0.314004,-0.29204255
82093,L6 CT,0.050764203,-0.23519433
146640,L6 IT,0.133973,-0.25267404
82106,Endo,0.13469595,-0.16348046
146628,L4/5 IT,-0.23344758,-0.4362386
190081,L6 CT,0.35361195,0.14454615
82066,VLMC,-0.47168073,-0.32691157
146777,L6 IT,0.27786684,-0.03196174
81791,Sst,0.2595948,0.1123392
211544,Vip,0.02523756,-0.46574762
81399,VLMC,-0.20606267,0.22533035
211630,L6 IT,0.173509,-0.15408576
189989,Endo,0.27467,0.19356912
81548,L2/3 IT,-0.37039644,-0.35939685
81559,Astro,-0.29994956,0.041395783
81584,L6 CT,0.23323232,0.04272443
211605,L5 ET,-0.07050589,-0.11834967
146850,Astro,0.18242395,-0.28769368
266219,Peri,0.23558187,-0.18053335
81636,L4/5 IT,0.010360241,0.20126712
81650,Sst,-0.072776765,-0.10868776
81667,L2/3 IT,-0.22477615,0.10926956
266198,L6 CT,0.3428856,0.065579414
211556,Endo,-0.19211042,-0.33794457
190032,L4/5 IT,-0.16396585,0.047315538
190092,Sst,-0.24976212,-0.19816059
82178,L6 CT,0.17745787,-0.12619215
190116,L6 IT,0.31800574,0.1625241
146468,L6 CT,0.3519343,-0.001314342
146152,Endo,-0.027289212,0.069951
82635,L2/3 IT,0.25214487,0.3930251
82640,Endo,-0.2798001,-0.36701053
146099,L4/5 IT,-0.29388428,-0.39172274
82652,L6 CT,0.4002822,0.17002445
255162,L4/5 IT,-0.070865095,0.08474988
82698,L5 IT,-0.12450829,-0.25888908
82711,Endo,-0.25982076,-0.43477362
145966,L5 ET,-0.14648879,-0.25478265
82793,PVM,-0.028786302,0.05682814
82806,Oligo,0.0010480881,-0.4714739
145940,Astro,0.30267805,0.3239355
243840,L2/3 IT,-0.109078884,0.15823567
190372,Endo,0.057275772,0.27285743
82883,Vip,-0.35208482,-0.4090428
82625,SMC,-0.4316296,-0.30372107
81395,L5 IT,-0.031454593,0.082893014
190251,Sst,-0.021757543,-0.38896927
211258,L2/3 IT,0.060747504,0.3588977
146415,L5/6 NP,-0.03816116,-0.27089265
190190,SMC,-0.31608108,-0.04332745
146350,L5/6 NP,0.30110884,0.21438485
82290,L6 CT,0.3337931,0.03823912
82318,L4/5 IT,0.23547107,0.29745203
266075,Oligo,0.27480155,-0.19737506
243823,L4/5 IT,-0.27503282,-0.45061678
82437,Oligo,0.2776175,-0.18588468
190219,Peri,-0.22144538,0.07809299
82463,Oligo,0.2208035,-0.17555922
211296,L2/3 IT,0.10716182,0.30673778
266074,L6 CT,0.33675647,0.14395082
82499,L5 ET,-0.061410457,-0.022398919
190226,Endo,-0.15605897,-0.3979037
190234,L6 CT,0.3883567,0.025797963
255108,L4/5 IT,0.15275043,0.23376757
266272,Micro,0.261092,0.25924325
81373,L2/3 IT,-0.13001087,0.21148795
146907,Pvalb,0.14555186,-0.20402741
80015,L4/5 IT,0.084151804,0.26964653
80022,Micro,-0.19703093,-0.010451198
80050,Astro,0.26163375,-0.14230952
147433,L2/3 IT,-0.19382381,0.05555737
212089,L4/5 IT,0.23577154,0.2709906
80159,L5 ET,-0.18644232,-0.38975167
80167,L6 CT,0.03673035,-0.33459693
212057,Astro,0.30191892,0.3185451
212042,PVM,-0.49283373,-0.2759177
80241,Oligo,0.22453547,-0.27175242
266474,Oligo,0.16854686,-0.040558904
80246,L4/5 IT,-0.060955316,0.066717684
80247,Astro,-0.09202197,-0.14374575
243717,Astro,-0.36348867,-0.29027116
147431,L2/3 IT,-0.092538625,0.23765022
80002,Peri,-0.38484314,-0.17197427
147346,Endo,0.10697132,0.32646096
212130,Peri,-0.3126524,0.037825644
147488,Astro,-0.4097074,-0.31547564
79646,L6 IT,0.35271084,0.10094559
79666,L2/3 IT,0.18951899,0.4157675
79699,VLMC,-0.09462565,0.34451944
266551,L2/3 IT,-0.09380275,0.21347177
147494,VLMC,-0.4510602,-0.16376376
79781,L4/5 IT,-0.08287534,0.02532357
79820,L4/5 IT,-0.25148624,-0.18948957
79864,Peri,-0.18596774,-0.073057264
212172,L5 IT,0.2566622,0.12389588
212153,L6 CT,0.41590667,0.19828737
79907,L6 CT,0.34643304,0.13251525
79917,L6 IT,0.018657267,-0.41714346
79925,L2/3 IT,-0.085838705,0.1555286
79930,Endo,-0.026778579,0.09453601
266512,L4/5 IT,-0.20459613,-0.096132964
212141,L5 IT,0.0458802,0.12410873
147543,L4/5 IT,-0.07824013,0.09838557
266443,L5 IT,-0.061683655,-0.10749996
147271,L4/5 IT,0.0022516847,0.26720577
80856,L2/3 IT,0.3092845,0.4002912
247371,L4/5 IT,-0.29372144,-0.3417819
80979,Oligo,0.15604866,-0.33248973
80986,Endo,-0.24054477,-0.36681896
211803,L2/3 IT,-0.03986749,0.25362492
266315,Astro,0.24744457,0.19562453
81101,Oligo,0.24245673,0.18170881
81105,L2/3 IT,-0.116096705,0.16870052
266300,Pvalb,0.20689029,-0.02096963
81124,Astro,-0.10483199,0.27173328
81138,L2/3 IT,0.3107993,0.41096932
146922,L2/3 IT,0.20904183,0.42617202
81163,L6 IT Car3,0.3455724,0.052279115
266289,L4/5 IT,-0.24781379,-0.2891184
81274,L4/5 IT,-0.24128726,-0.18282881
80855,Oligo,0.2792043,-0.15868509
266416,L6 IT,-0.019917995,-0.19636378
189947,Micro,-0.05717182,-0.37226182
147054,Astro,0.17468345,-0.17977461
80479,Astro,-0.36550525,-0.43292636
189850,L5 IT,0.26748437,0.20343679
266408,L6 CT,0.23723286,0.06242627
80507,Astro,0.30723828,0.36471272
147145,L2/3 IT,0.2849747,0.4229161
211941,Pvalb,0.09993434,-0.017819762
189879,L4/5 IT,-0.03047344,0.22432601
211931,L4/5 IT,0.32755047,0.29318893
80581,Endo,0.30599457,0.11611146
80612,L6 IT,-0.12699983,-0.24903166
147129,L5 ET,-0.19209626,-0.28047782
147068,L5 IT,0.28130698,0.22504163
80666,Astro,0.25643474,0.27698797
211903,Oligo,-0.061191946,-0.29518586
80732,L4/5 IT,-0.28863174,-0.4560359
254970,L6 CT,0.35267222,0.13393855
243430,Astro,-0.12578312,-0.29749686
75626,Astro,0.16179979,-0.36881727
213619,L4/5 IT,-0.1134361,-0.05200538
215173,L5 ET,-0.0519104,-0.0531289
70762,L2/3 IT,-0.12765199,0.14030784
151636,Astro,-0.010877132,0.29873073
268145,L5/6 NP,0.1250534,0.08417332
70790,L4/5 IT,-0.18090132,-0.05136642
70841,L2/3 IT,0.20140767,0.43662113
247628,L2/3 IT,-0.022066444,0.2614208
70878,VLMC,-0.45938757,-0.23235801
215102,L4/5 IT,0.07659155,0.26443213
215100,L5 IT,0.13527209,0.107418776
70919,Astro,-0.39864433,-0.48126554
70952,Endo,-0.04915136,0.24632633
70968,Oligo,0.24960291,-0.26595825
70996,Pvalb,-0.07836777,-0.38953355
188385,Astro,-0.35484654,-0.15166333
188372,L6 IT,0.14369488,-0.17958194
70688,L5 IT,0.035752118,-0.0041879416
70680,Oligo,0.33323056,0.103440404
70253,Endo,0.04359132,0.24888182
70268,L6 IT,0.11513078,-0.09392461
70309,L2/3 IT,-0.25650385,-0.015521258
188359,Endo,-0.40472916,-0.285325
151739,Endo,0.04664761,0.15584338
215292,Endo,-0.1164422,0.16811305
70442,L2/3 IT,-0.091797054,0.117973566
70444,Astro,-0.39884803,-0.46464533
151722,L4/5 IT,-0.07008359,0.10919911
70497,Peri,-0.26860654,-0.14154485
70528,L4/5 IT,-0.28517702,-0.3001632
70536,Oligo,0.12524039,-0.38921565
70615,Peri,0.05726111,-0.29187182
70639,L2/3 IT,-0.30211854,-0.16203752
70649,Endo,-0.1683788,-0.28258356
268091,L6 IT,0.103229284,-0.031035036
71185,L6 CT,0.30733234,-0.008084565
71199,L4/5 IT,-0.21958238,-0.10298005
71203,Astro,0.29695117,-0.18668672
71753,L4/5 IT,0.26467884,0.29454178
71773,L4/5 IT,-0.0028744042,0.10604805
214833,L2/3 IT,-0.17392555,0.047274053
151447,L2/3 IT,-0.3743735,-0.23515299
188451,L6 CT,-0.054271936,-0.20073745
267961,Astro,-0.23865336,-0.31581116
214766,L4/5 IT,-0.016043216,0.1052559
151398,Astro,0.25432307,-0.20395848
151353,Lamp5,-0.24044609,-0.1970483
151347,OPC,0.009845793,-0.46962854
151342,L2/3 IT,-0.33681625,-0.1550808
254201,L5/6 NP,0.048002124,-0.12867591
188524,Oligo,0.2787031,0.15303922
72185,L4/5 IT,0.15017945,0.29327184
214692,L6 CT,0.3579023,0.12033594
71712,L6b,0.08521795,-0.44995207
151922,L4/5 IT,-0.12918144,-0.036386132
71689,Pvalb,0.21359396,-0.015501738
268002,L4/5 IT,0.100128114,0.29454857
151594,Oligo,0.16151452,0.042266726
71266,Oligo,0.2892173,-0.081260264
71283,L6b,0.3475631,-0.06654298
71335,Micro,0.09157586,-0.05046439
151537,SMC,0.0039948225,0.34341973
268060,SMC,-0.35790324,-0.33410734
71413,L2/3 IT,-0.0600681,0.2429235
71452,Astro,-0.16622114,-0.23800504
214964,L2/3 IT,-0.13534167,0.18652189
214963,Sst,0.082140744,0.12850636
71480,Endo,0.33684468,0.13224792
254169,L5 IT,0.21509707,0.12999088
71579,Oligo,0.2280249,-0.03153819
151505,L6 CT,0.03602463,-0.3741087
71616,L4/5 IT,-0.13527608,0.042661607
71663,L2/3 IT,-0.34334296,-0.31309533
70223,Peri,0.30839634,-0.013397217
70207,L4/5 IT,-0.040148318,0.1188305
151931,Endo,0.29708815,0.32389796
215921,Micro,-0.24138445,-0.082536936
68518,Endo,-0.22193906,-0.42713705
268516,L6 IT,0.44439352,0.0005090833
268515,Micro,0.3784194,0.2447387
268496,L6 CT,0.10933435,-0.27455443
68744,L6 CT,-0.058175057,-0.38586876
68774,Astro,-0.18795952,0.17304003
68776,L6 IT,0.07212132,-0.10879773
152410,Vip,-0.12541288,0.1541453
68832,L2/3 IT,0.29093564,0.3358395
152323,L4/5 IT,0.103922725,0.28677112
68877,Astro,0.18846399,0.07063264
68895,L6 IT,0.09584415,-0.23367548
215793,L5 IT,0.36583096,0.28725654
188163,L6 CT,0.13431978,-0.2459842
68437,Oligo,0.21057606,-0.24150735
215792,L2/3 IT,-0.11514872,0.20402575
215950,L6 CT,0.12909865,-0.17693865
68416,L2/3 IT,0.19388348,0.39987892
152574,L2/3 IT,-0.0018372536,0.30863768
152562,Astro,0.17290181,-0.36887652
268559,L2/3 IT,-0.40778863,-0.27906752
268557,L4/5 IT,0.02670449,0.24993467
216025,Endo,-0.046958983,-0.35955185
68218,Astro,0.1255799,0.002653122
216009,VLMC,-0.44212103,-0.17372799
68255,L6b,0.2914803,-0.082010955
68279,Endo,-0.3758402,-0.305077
253973,L5 IT,0.15084732,0.09631479
68311,Peri,-0.2191909,-0.3588737
243023,Oligo,0.23076397,-0.32916886
215980,L5 IT,-0.038215548,-0.11559138
68375,L4/5 IT,-0.2790888,-0.21906695
268532,PVM,0.06840247,0.43976712
268531,L4/5 IT,0.10766095,0.25772297
72231,Pvalb,0.05506724,-0.38734475
68966,VLMC,-0.26154262,0.15290421
69033,Endo,-0.13071406,0.024708152
215567,Astro,-0.15811005,-0.4348657
152094,Micro,0.3483445,-0.055137932
69721,Astro,-0.38327888,-0.17914715
254067,L5 ET,0.1579619,0.07729238
69803,L2/3 IT,0.27581,0.35659403
268298,Oligo,-0.041279674,-0.41487753
69818,Astro,-0.3633974,-0.037147075
215482,L2/3 IT,-0.13206819,0.17847222
247655,Pvalb,0.13790119,0.17686272
69965,L4/5 IT,-0.28740394,-0.25410113
268266,Oligo,0.24681836,-0.14322114
215405,L5/6 NP,-0.0006915629,-0.18231544
215403,Astro,-0.0009979904,-0.3202984
70143,L4/5 IT,-0.15125209,-0.067988604
70187,OPC,0.18765157,0.22124416
69614,Endo,0.094521165,-0.07465166
152307,Pvalb,-0.23154983,-0.35717312
152250,L5 IT,-0.07081103,-0.09539732
69478,L2/3 IT,-0.32081717,-0.25782555
69057,L4/5 IT,0.06488919,0.19057524
69060,L4/5 IT,-0.232683,-0.44327432
69068,Astro,0.105668485,0.35216343
188178,Peri,-0.09780666,-0.46183446
152293,Endo,-0.12447041,-0.43660784
69209,L4/5 IT,-0.093390316,0.077697456
69263,L2/3 IT,-0.29482895,0.008582413
215653,Oligo,0.1673429,-0.33991218
243081,L6 CT,-0.008184612,-0.36384714
69314,Endo,0.2625724,0.051934958
69337,Peri,0.2341609,-0.09563279
69345,L5 IT,0.08155167,0.12541074
69419,L5 ET,-0.15620467,-0.14105886
69442,L4/5 IT,-0.021468759,0.2384687
268367,Sst,-0.115229726,-0.03274393
69506,Sst,0.1597299,0.44389778
267891,L2/3 IT,-0.24369454,0.047763407
72355,Vip,0.25544846,0.3343451
151224,Astro,-0.263403,0.06573391
214011,L6 CT,0.061035275,-0.27960402
189031,Lamp5,-0.12698719,0.17694342
254448,Oligo,-0.16163778,-0.22386459
189080,L4/5 IT,-0.2741,-0.2617048
149731,Astro,-0.32477075,0.030091822
74568,L2/3 IT,-0.3572749,-0.4817467
189101,L2/3 IT,-0.16170266,0.03591919
74623,L4/5 IT,-0.27959526,-0.35562593
74640,Oligo,-0.097314894,-0.35462916
213961,Peri,0.17171806,-0.02930379
74698,SMC,0.0693655,0.35660142
149655,Pvalb,0.32658303,0.30652785
149631,Oligo,0.34500146,-0.139247
74763,Oligo,0.09101248,-0.24595544
267474,L6 CT,-0.0020346344,-0.29011956
74461,L2/3 IT,-0.28917125,-0.045787722
254475,OPC,-0.025330633,0.13973963
189008,Peri,0.40392405,0.0019567609
74410,Endo,-0.09036636,0.21664757
214118,L6 IT,0.11248958,0.0016292334
267568,L4/5 IT,-0.30585325,-0.43497992
267565,L6 IT,-0.08010754,-0.28813472
150098,L4/5 IT,-0.19449717,-0.056079596
74169,L6 IT,-0.088834345,-0.37192553
150063,Peri,0.048460424,-0.39215145
150059,VLMC,-0.4541995,-0.25292176
74262,L6 IT,0.14526951,-0.066218376
74271,L6 CT,0.0941326,-0.2751668
74285,Oligo,-0.18300417,-0.44543704
149982,L4/5 IT,-0.29416347,-0.45061645
74345,L2/3 IT,-0.20965156,0.043412626
74354,Micro,-0.44834533,-0.32594937
74375,L2/3 IT,-0.16044113,0.12232274
267537,Sst,-0.07484347,-0.25972736
74414,Micro,0.038850367,0.41711372
267583,Oligo,0.12473148,-0.23101646
74815,L4/5 IT,0.20784587,0.29568017
213886,L2/3 IT,-0.07675767,0.2738207
213756,L5 ET,-0.075837016,-0.36666977
75293,L6 CT,0.18155724,-0.064572066
75316,Astro,-0.2652499,-0.3407022
243398,SMC,-0.136888,0.30355942
189253,L5 IT,-0.21468785,-0.26171196
213690,L4/5 IT,-0.0185529,0.15329576
189254,L2/3 IT,0.050252438,0.37532657
213658,L6 IT,0.13957632,0.0637272
75497,Endo,0.3000803,0.28286397
213624,L4/5 IT,-0.008866757,0.19053262
189268,Sst,0.28826898,0.09056759
75605,Pvalb,0.402022,0.2656474
213623,L4/5 IT,-0.23584157,-0.13515976
75617,Astro,-0.2636252,-0.19870731
213621,L6 IT,-0.21023533,-0.38710624
75257,Lamp5,-0.1606681,-0.09813166
74866,SMC,-0.16577095,0.08361149
75256,Pvalb,0.13439697,-0.21480772
149413,L6 CT,0.12466389,-0.27231354
74874,Astro,0.22709882,0.099963725
189134,L6 CT,0.0020145774,-0.17240909
149619,L6 CT,0.41386783,0.15571785
213868,Sst,-0.281486,-0.3916177
149556,L5 ET,-0.09216112,-0.21082419
213864,L6 IT,0.34576917,0.00043445826
74961,Peri,0.09228915,-0.2675337
74988,Endo,-0.1745475,-0.19284701
75004,L5 IT,-0.1226764,-0.22605109
149534,L6 CT,0.047219753,-0.37127987
75070,L5 IT,0.09968352,0.115511
149492,Micro,0.17657113,0.37752408
189195,Endo,-0.4127918,-0.3923364
149425,Sst,0.08261299,0.007492602
149423,SMC,-0.41932005,-0.1873039
149367,Astro,0.16422457,-0.4181085
243851,Oligo,0.09228158,-0.37230986
74034,L5 IT,0.079549134,0.13372123
150372,Oligo,0.1390273,-0.40095234
72646,L5 IT,-0.15526038,-0.17017391
72648,Pvalb,0.123797536,0.22163087
150897,L4/5 IT,-0.033035904,0.17085582
150855,L2/3 IT,-0.3198837,-0.16221273
72772,Micro,0.2661934,0.027859867
150821,SMC,-0.33668274,-0.025884181
72796,Sst,0.22450417,0.05238694
150809,L2/3 IT,0.28538114,0.40662563
72811,Oligo,0.018819451,-0.48854247
72818,L2/3 IT,0.2615025,0.44340783
150779,L6 CT,0.34875375,0.15154034
188683,Endo,-0.40542054,-0.44746226
72907,Peri,-0.04629314,-0.48212042
267786,L2/3 IT,0.26767677,0.39088148
73007,L2/3 IT,-0.18639153,0.1716752
72643,PVM,0.21038091,-0.08544779
73023,Endo,0.44796354,0.19587481
72615,Lamp5,0.2235735,0.2504716
72555,Astro,0.10216838,-0.42695996
214635,Peri,0.24615401,0.30528212
267882,Micro,-0.17225316,0.24688768
72432,Pvalb,0.19074768,0.37789112
72434,L6 IT,0.39290196,-0.026183963
254228,Astro,0.296884,0.23980737
151160,L2/3 IT,-0.18196881,0.15785658
188587,L5 ET,0.121578336,0.12526381
151021,Astro,-0.40361094,-0.46659455
151010,Endo,0.25255752,0.002236724
188630,Sncg,0.030443251,0.34869105
247581,Micro,0.20014542,-0.08283913
150931,L2/3 IT,-0.050264776,0.28263938
72526,Endo,-0.4316267,-0.3304919
214590,Astro,0.3544178,-0.12850732
214582,Astro,0.15227908,0.18125176
150925,L6 IT,0.08212513,-0.25260663
74024,L5 IT,0.16488028,0.1510343
254277,Astro,0.44751114,0.14015222
188730,L2/3 IT,-0.11536074,0.1566366
73524,L4/5 IT,0.14577174,0.30828154
214279,Peri,-0.035754263,0.0056737065
73645,PVM,0.3150044,0.41048175
73668,Astro,-0.34746987,-0.07340157
73688,Oligo,0.13193816,-0.26320502
73689,L2/3 IT,-0.27715352,-0.13771889
267642,L4/5 IT,0.0137345195,0.2039774
214203,Endo,-0.16963333,0.21665746
73771,L4/5 IT,-0.27134004,-0.4466444
73786,Oligo,0.11558312,-0.2833547
150391,L2/3 IT,-0.2852103,-0.1818414
73843,L6 CT,-0.0013035238,-0.37872046
73852,Oligo,0.046471894,0.09695554
267620,L4/5 IT,-0.0033921897,0.1874417
150380,L2/3 IT,-0.19516397,0.099793434
150457,L5 IT,0.3480063,0.13732147
150717,L4/5 IT,0.038452268,0.14240497
150469,Endo,-0.10323477,-0.33873126
73345,L6 IT,-0.052199632,-0.20767727
73151,L4/5 IT,-0.066541195,0.07938242
254308,Astro,-0.27423614,-0.18155205
73183,L5/6 NP,0.25661266,0.14651012
73190,Oligo,0.3641106,0.16533864
267711,L2/3 IT,-0.27965847,-0.18621665
188782,L6 CT,0.047931314,-0.31294894
73260,Sst,0.08342159,0.082389176
73272,OPC,-0.15682289,-0.44656646
73274,Micro,0.2937386,0.19825727
73276,L5 IT,-0.00011450052,0.011523604
150543,L6 CT,0.056123257,-0.27749264
254320,L6 IT,0.056773186,-0.31384927
150521,L5 IT,0.25687116,0.17866868
267688,Endo,-0.4078984,-0.43103182
73336,L4/5 IT,-0.01613924,0.18870759
214307,L2/3 IT,-0.27684718,-0.102425486
96540,L2/3 IT,-0.25137335,0.009337246
82931,OPC,-0.015163511,-0.45494658
83015,L5 IT,-0.21050712,-0.4111418
264305,Astro,-0.2155199,-0.23158321
92453,L6b,0.17177087,-0.22092757
92492,L4/5 IT,-0.11270478,0.013906717
92532,L4/5 IT,-0.08073166,0.09847748
244348,OPC,0.21367002,-0.110789895
141911,L6 CT,0.07312685,-0.4038165
92416,Endo,0.3899107,0.15457475
141904,Endo,-0.4283921,-0.3142202
208123,L4/5 IT,0.15358448,0.28668362
141886,L6 CT,0.31264395,0.09647399
141841,L4/5 IT,0.0461511,0.22882497
92816,L6 IT,0.39180928,0.026435792
92827,Oligo,0.1596471,-0.3822757
191664,L6 CT,0.27231926,-0.076075464
92676,Astro,-0.17075706,-0.4278399
92404,L4/5 IT,0.23545158,0.28910697
92357,Oligo,0.16643453,-0.284258
92340,L6 IT,0.01640886,-0.14201403
142031,L6 IT,0.32697403,0.067038536
208235,L4/5 IT,-0.22051707,-0.20200154
208233,L2/3 IT,-0.38349903,-0.15966612
191616,L4/5 IT,-0.031210035,0.10502499
92148,Micro,-0.34121373,-0.049913883
142013,Oligo,0.23072964,-0.19088241
191636,L5/6 NP,-0.073747754,-0.39271483
92203,Oligo,0.2361018,-0.18794242
208217,L6 CT,-0.026736975,-0.38542327
92248,L6 IT,0.24317473,-0.13499463
264340,L5 ET,-0.20533177,-0.3982459
208208,L2/3 IT,-0.3873651,-0.22306591
191640,L6 IT,0.046667814,-0.115083545
92324,Pvalb,0.3097571,0.30235547
141960,L2/3 IT,0.020036936,0.2544142
264265,L6 CT,0.2508149,-0.10302389
92886,Micro,-0.30748773,-0.46442202
92914,OPC,0.17076021,0.4668889
191685,L6 CT,0.42363125,0.19158494
93227,Astro,-0.21372363,-0.41547745
141482,L5 IT,0.06826353,0.097957075
93276,L2/3 IT,-0.086441845,0.2424562
93291,L2/3 IT,0.17598277,0.41963732
264190,OPC,-0.011525154,0.028791726
93325,Endo,-0.34374607,-0.22726807
93352,L4/5 IT,0.0076155066,0.18777728
93378,Pvalb,0.1529386,-0.18683854
247033,L4/5 IT,-0.08436385,0.027390957
247029,L2/3 IT,-0.3288047,-0.121929675
93517,Astro,0.2485652,0.32113725
247024,L5 ET,0.34824258,0.274078
93557,L4/5 IT,-0.21293443,-0.16641304
93592,PVM,0.21082598,-0.35028705
93613,VLMC,-0.4869901,-0.2989265
93192,L6b,0.3125373,-0.07193178
264373,L5/6 NP,-0.13309819,-0.20332533
191733,Astro,0.1347276,-0.45108387
93159,OPC,0.092626214,-0.043051988
255944,Micro,0.27724355,0.2983197
92927,L6 CT,-0.08030671,-0.35525277
208045,L6 CT,0.39995426,0.09494364
92960,L2/3 IT,-0.2618882,-0.051993787
141635,Astro,-0.3564812,-0.27688307
191724,L6 CT,0.21631527,-0.07343453
141538,L4/5 IT,-0.03890696,0.13596714
141533,L4/5 IT,-0.13993973,-0.28488672
93090,L6 IT,0.27206922,0.0060610175
141528,Peri,0.33486795,0.18754864
207981,L5 ET,-0.02544862,-0.10495597
207975,Astro,0.12089819,0.10266411
93132,L5 IT,-0.15419084,-0.23336387
93149,Peri,0.41123718,0.32544947
191732,Peri,0.07746154,-0.30541638
93180,Astro,-0.13682586,-0.35254276
92041,L2/3 IT,-0.09267962,0.17303479
264387,L6 IT,0.17758232,-0.0014122128
208257,L4/5 IT,0.31869423,0.34981334
90578,L4/5 IT,0.2304396,0.31106085
191458,Endo,0.14700282,0.13123381
142492,L2/3 IT,0.07095224,0.36725003
90633,Oligo,0.14809912,-0.286735
191479,L2/3 IT,-0.21481389,0.017938435
90654,L2/3 IT,-0.40224075,-0.24366838
90698,Oligo,0.20632756,-0.18542197
90717,L4/5 IT,0.086548686,0.27261287
191480,Micro,0.31098264,0.2008937
208634,Endo,-0.12632212,0.14258945
90729,L2/3 IT,-0.091515124,0.18301958
90782,L4/5 IT,-0.05042258,0.106098056
90805,OPC,0.0034322739,-0.31202045
191495,L2/3 IT,-0.33714944,-0.20634085
90980,L2/3 IT,0.25957477,0.36314994
90575,L2/3 IT,0.3088628,0.39464116
208553,Micro,0.18377721,-0.24154598
208682,L4/5 IT,-0.1716545,-0.050456822
90464,L6 IT,-0.06527671,-0.30609313
90016,OPC,-0.049639285,0.30164063
191400,L5 ET,0.015406191,0.0422886
90029,Endo,-0.22695783,-0.024727881
90033,Sst,0.14866543,0.05930221
191401,L2/3 IT,-0.34836596,-0.35229537
142646,L6 CT,0.13485724,-0.22134084
191424,Endo,0.39513743,0.33310866
90176,L6 CT,0.29202515,-0.0076503754
208748,L4/5 IT,-0.06952742,0.10665232
191441,L6 CT,0.03241545,-0.32948267
208720,L5 ET,0.036160648,0.004446149
142510,Astro,-0.2725926,-0.36696836
208714,L4/5 IT,0.14907318,0.28633332
90363,L2/3 IT,-0.21751934,0.05020827
90403,L2/3 IT,-0.1337029,0.16050553
142499,L2/3 IT,-0.28865767,-0.04289311
207803,L4/5 IT,0.26580578,0.28423858
91028,Endo,-0.26119983,-0.18485287
208519,L4/5 IT,-0.27424744,-0.4350922
91593,L2/3 IT,-0.12168878,0.14096683
264445,L6 IT,0.022995055,-0.08310452
91772,L2/3 IT,0.14988649,0.40095252
191599,L2/3 IT,-0.3220101,-0.21038112
142072,Endo,-0.30751976,-0.30975193
91830,OPC,0.06059438,-0.029329836
264417,Astro,-0.16852754,-0.22840545
208312,L4/5 IT,-0.2868582,-0.44595933
91864,L4/5 IT,0.14841509,0.31936896
91873,Endo,-0.10956797,0.07756114
91902,L4/5 IT,0.14535868,0.28760344
142068,Endo,-0.29651767,-0.22785246
142063,Endo,0.061671257,0.13082182
91917,Peri,-0.17144677,-0.10034466
91960,L4/5 IT,-0.23731244,-0.4424587
91590,L5 IT,0.38466585,0.2796985
208532,L6 CT,-0.050305516,-0.1707398
91544,L6 CT,0.1938709,-0.113869846
142205,L4/5 IT,-0.0682683,0.10418016
142381,L6b,0.10314894,-0.34537727
91163,L4/5 IT,0.09330237,0.28423667
208512,L6 IT,0.36209285,0.01618725
91174,L4/5 IT,0.25492018,0.31509972
142368,Peri,-0.2922629,-0.32037959
91232,L5 IT,0.36523026,0.19627458
91285,L6 CT,0.3187605,0.061195612
244305,L5 ET,0.22295755,0.092108965
91300,Astro,-0.083425164,0.12478471
91302,L5 IT,-0.131064,-0.3528129
255806,Oligo,0.20517391,-0.06813234
91342,Astro,-0.04138702,0.33249623
208442,L6 IT,-0.06833479,-0.23825356
142232,Oligo,0.30319214,-0.139878
91525,Endo,-0.21996748,-0.34372908
142191,L4/5 IT,-0.19353426,-0.120839745
90009,L2/3 IT,0.064186394,0.3398227
93674,L2/3 IT,0.32725936,0.3770095
191768,Lamp5,-0.38573104,-0.3108126
207072,Micro,-0.04747355,-0.22189343
207069,Endo,0.15058869,0.21474427
95670,L5 IT,-0.056830943,-0.1750314
140419,L6 IT,0.3254282,0.0058714747
192123,Endo,-0.06049311,0.3315525
95713,Astro,0.06612718,-0.28886655
207078,Endo,0.33476096,0.08149326
140383,Micro,-0.13671857,-0.009202272
95763,L2/3 IT,-0.22971907,-0.015971005
95764,L2/3 IT,-0.32911873,-0.09918386
207021,Astro,0.20126396,-0.20243531
95776,L5 IT,0.31399274,0.2883588
140301,L5 IT,0.34761196,0.23383015
95791,L2/3 IT,-0.3181498,-0.49135795
207031,Pvalb,0.31583017,-0.05671072
263733,L4/5 IT,-0.11662829,0.013383687
207122,Peri,-0.07308009,-0.21579513
95547,Oligo,-0.1379956,-0.13557619
95111,Endo,-0.13887954,-0.43655333
140602,L4/5 IT,0.062017083,0.27018666
95159,L4/5 IT,-0.14285311,-0.059435487
95212,L6 CT,0.045816004,-0.1953367
244502,L4/5 IT,-0.028307766,0.17578495
140583,L6 CT,0.17143548,-0.23632067
207201,L2/3 IT,-0.059249282,0.25033242
263762,PVM,0.1395461,-0.29115176
95357,Vip,-0.28079784,-0.08774555
207163,OPC,-0.16301617,0.24547201
95425,L2/3 IT,-0.3768345,-0.41725028
95465,Peri,-0.15698731,-0.12449166
95530,L2/3 IT,-0.36936453,-0.18875673
95531,L2/3 IT,-0.14993533,0.18853402
140422,L6 CT,-0.09828371,-0.26048678
140274,L6b,0.1453597,-0.30861157
256145,Endo,0.3750767,0.09584218
95830,Oligo,0.28443122,-0.1464574
95929,Astro,0.24630874,0.09313643
263626,L2/3 IT,0.10728949,0.37466192
263622,Pvalb,-0.09469241,-0.28716183
96275,Astro,-0.16829666,-0.29684073
96350,L6 IT,0.26827335,-0.013946623
96376,L4/5 IT,-0.24663082,-0.4592588
96391,L4/5 IT,-0.15502799,-0.029874682
96400,Astro,-0.3155967,-0.019435763
96407,Astro,-0.3569638,-0.4397542
256198,L5 IT,0.35236853,0.2850843
139887,L5/6 NP,-0.03969103,-0.3217647
96472,Endo,0.20612031,0.050293088
139878,L6 IT,0.30423367,-0.09799421
139860,Astro,0.3335287,-0.09313184
206748,L2/3 IT,-0.2788048,-0.11570576
96527,Astro,-0.4184205,-0.27343237
206864,L6 CT,0.39369655,0.15151834
207293,L6 IT,0.32992584,0.0012626052
140001,Astro,-0.07444903,0.18127263
140071,L6 CT,0.39648134,0.21114188
95945,SMC,-0.17120767,0.2424503
95975,Micro,0.13840377,-0.24356422
206964,L4/5 IT,-0.2776603,-0.35379735
140206,L5 IT,-0.1726186,-0.18803653
96034,L2/3 IT,-0.05584538,0.1706348
192197,L2/3 IT,0.037537277,0.30763108
96075,Astro,0.224774,0.21686941
96089,Micro,0.05473107,0.21099901
96093,Micro,-0.24865219,-0.2903978
96100,Endo,-0.41258118,-0.21359062
140114,L6 CT,0.08537519,-0.2606845
244555,L6 IT,0.23383367,-0.06619468
206903,L5 IT,-0.14158005,-0.2600951
96150,Astro,0.082555294,-0.15053031
96155,L5 ET,-0.22093049,-0.29549366
140021,Astro,-0.013260871,0.17744505
95082,L4/5 IT,-0.21994117,-0.11068219
140637,Vip,-0.1023612,-0.016581684
263835,L4/5 IT,-0.23815084,-0.16372705
94163,L6 CT,0.17576748,-0.17890486
94168,L5 ET,0.1786921,0.1453985
141347,L6 IT,0.19423199,-0.061508417
244455,Endo,-0.050884306,0.30693728
94251,Endo,-0.39586806,-0.44065762
207575,Peri,0.414122,0.11209983
191823,Oligo,-0.06831843,-0.37043655
141275,Pvalb,-0.10347137,-0.38929516
263968,Astro,-0.05055839,-0.44459957
94338,SMC,-0.2904054,0.08903515
94353,Peri,0.19555938,0.20454526
94360,L5 IT,-0.20425639,-0.24725264
94367,Endo,-0.33201683,-0.28898144
141266,Sst,-0.0027491152,0.113793075
94393,L4/5 IT,-0.009229302,0.16031021
94123,L2/3 IT,-0.2176235,0.018765092
141183,L6 IT Car3,0.47424054,0.08997047
141374,L5/6 NP,-0.007985026,-0.19732231
94014,Endo,-0.4608506,-0.42303765
93727,Peri,0.30120897,-0.08330628
264097,L5 IT,0.04564172,-0.004505545
93792,Endo,0.059478045,0.23193532
247019,L6b,0.1849019,-0.18768266
207754,Oligo,0.049183965,-0.42097306
141407,L6 CT,0.16136956,-0.041949958
207734,L6b,0.14889538,-0.28705755
141404,Oligo,0.18891805,-0.32559913
93909,Astro,-0.0002836585,0.21566755
93919,Astro,0.09717226,0.14013362
141382,VLMC,-0.22190997,0.16672516
93942,Endo,0.022924244,0.2781722
93968,Pvalb,0.18260485,-0.057515234
141375,SMC,-0.070299834,0.22795397
264055,L6 IT,0.3562953,0.10510248
94022,L6 IT,0.10791659,0.044923127
93677,L5 ET,-0.16966718,-0.15511376
244472,Oligo,0.33201092,-0.1587869
191899,L5 ET,-0.02644685,-0.3538581
140790,SMC,-0.25213423,-0.16496745
140735,L4/5 IT,-0.25350296,-0.34938294
192022,Endo,-0.26089984,-0.31628203
140683,L2/3 IT,0.1994304,0.41976798
263866,Micro,0.21113503,0.1427235
140670,SMC,-0.19987538,0.18218428
94886,Oligo,0.33993196,0.059195697
94887,Astro,0.06276351,0.37104708
94890,L5 IT,-0.09251183,-0.05516866
140646,L2/3 IT,-0.2883016,-0.025509179
94916,Endo,0.3660652,0.1664142
94922,L4/5 IT,-0.3033588,-0.25405535
207343,L6 IT Car3,0.46248078,0.007078469
94962,L5 IT,-0.009531975,-0.0052884817
94969,L4/5 IT,-0.28173947,-0.3459445
207390,Peri,0.13185936,-0.1198495
94455,Oligo,0.3122717,-0.1857751
263892,L6 IT,0.25166023,-0.06938261
263901,L6 CT,0.09774846,-0.12601879
141065,L2/3 IT,-0.23737994,0.036940157
191913,Endo,-0.29853797,-0.4263343
141018,L2/3 IT,-0.27045873,0.01878053
191926,L6 IT Car3,0.33329976,0.029848754
94521,L6 CT,0.23879617,0.062119186
140922,L4/5 IT,-0.0758028,0.13243484
94539,L5 ET,-0.21277103,-0.3535416
140904,L6 CT,0.3908792,0.17407912
94596,Lamp5,-0.15784687,0.10631508
263922,OPC,-0.2136414,-0.0022055507
94601,Peri,-0.36119384,-0.081172824
207460,L5 ET,-0.2001957,-0.3711191
140883,Pvalb,0.12103248,0.26706988
94655,Peri,-0.2168056,-0.08289018
140842,OPC,0.3171819,0.26178324
140805,L2/3 IT,-0.29115653,-0.026449919
89974,VLMC,-0.48883677,-0.38668078
89973,Oligo,0.28435045,0.049010277
89932,L6 CT,0.028309643,-0.38121995
85348,L2/3 IT,-0.1844557,0.05149913
85421,L4/5 IT,0.13420749,0.27046144
265551,L6 CT,-0.003925115,-0.085739166
210345,Peri,-0.08414596,0.037730396
85485,L5 IT,-0.11209941,-0.21431899
85543,Endo,-0.278434,-0.26227742
85317,Endo,-0.2562393,-0.30306792
265521,L4/5 IT,-0.21013013,-0.16139263
144835,SMC,-0.37660784,-0.36962736
85618,OPC,0.4041741,0.20302427
190718,Astro,-0.05482644,0.24081653
210274,L2/3 IT,-0.26726902,-0.0037364066
265491,L4/5 IT,-0.06480932,0.10374576
144733,L2/3 IT,-0.00059753656,0.23412651
85605,L4/5 IT,-0.14437538,-0.044480562
210386,L2/3 IT,0.2524162,0.40174466
265579,L4/5 IT,0.24314749,0.28992212
265585,L2/3 IT,-0.24889514,-0.004243225
144956,L2/3 IT,-0.24548507,-0.058571428
84848,Astro,0.19484913,0.121076584
84943,L5 IT,-0.18436351,-0.19934627
265642,OPC,-0.21901098,-0.30729824
85039,Astro,-0.24154821,-0.05616623
210447,Astro,-0.13837883,-0.34660995
144923,Micro,0.154688,-0.13612598
190691,L5 IT,0.23938537,0.12791842
210445,Oligo,-0.15711412,-0.37069297
210437,L2/3 IT,-0.29950678,-0.031336874
265612,L4/5 IT,0.27594578,0.31106347
85161,L4/5 IT,0.17969549,0.28792638
144875,L2/3 IT,-0.3316262,-0.289712
144853,L5 IT,-0.14476576,-0.3210911
85223,Vip,0.36856014,0.011294305
85681,Astro,-0.3377897,-0.29292268
190745,L4/5 IT,0.07395011,0.21643615
85716,Endo,-0.14059308,-0.051038623
144691,Astro,0.08351731,-0.033572942
144234,L5 IT,-0.21781516,-0.45918953
86280,Micro,0.052344143,-0.27130657
86285,L4/5 IT,-0.2748788,-0.429017
86291,L2/3 IT,-0.3288324,-0.16428569
190949,Peri,-0.05810064,0.19882667
265354,L2/3 IT,-0.39415777,-0.22816971
144071,Astro,-0.36106497,-0.42277685
86298,L4/5 IT,0.04955125,0.20047903
86314,Micro,-0.06394014,0.26808918
190976,Oligo,0.20177162,-0.021785975
144029,L4/5 IT,-0.15207511,-0.06551471
144018,L5 IT,0.1582523,0.12597287
86399,L5 ET,-0.1343461,-0.12267929
190982,L2/3 IT,-0.3335722,-0.06935638
86540,L6 IT,0.14298975,-0.22397351
190870,Astro,-0.30416125,-0.30276752
210528,L4/5 IT,-0.08065748,0.11344427
255474,L2/3 IT,-0.31643164,-0.3034705
265369,L6 CT,0.361548,0.12216073
144659,Endo,-0.19742033,-0.36402327
190776,L2/3 IT,-0.046894282,0.2341457
85746,Vip,0.3317303,0.34246498
85747,Oligo,0.22973835,-0.27911675
210228,Micro,0.11356938,0.37527496
210227,L5 IT,-0.07317722,-0.14817077
85813,L2/3 IT,-0.004752755,0.2119652
85828,L4/5 IT,-0.21130776,-0.22163668
144554,Astro,-0.31219324,-0.43282562
85852,Pvalb,-0.2654428,-0.28731388
85859,L2/3 IT,-0.09693509,0.24399376
144539,L6 IT,0.15025747,-0.20478484
85875,L6 CT,0.3991304,0.15938067
210206,L6 CT,-0.06547412,-0.25297207
244019,L4/5 IT,-0.15606046,-0.015857995
255471,L2/3 IT,-0.21247745,0.024387658
84776,L6 CT,0.048400998,-0.23086694
84767,L4/5 IT,-0.35103074,-0.33934474
144985,L4/5 IT,0.21611518,0.28702968
211005,OPC,0.3402704,0.21973139
145491,L6b,0.06437719,-0.49306577
210973,Astro,-0.1352444,0.25133228
83544,Endo,0.33549893,0.30200595
265859,L5 ET,-0.14282548,-0.36837304
190521,Vip,0.03945905,-0.19660756
83599,L6 IT Car3,0.24077564,-0.037407637
83670,L6 CT,0.10146165,-0.0499759
83698,SMC,0.3430491,0.3813489
145381,L4/5 IT,-0.041596025,0.1777206
247224,L5 IT,-0.013048619,-0.015852898
145318,L6 CT,0.03935331,-0.40933865
210843,Micro,-0.32426715,-0.100084215
83806,Peri,-0.1535751,-0.15950608
83829,L5 IT,-0.14802876,-0.3847636
211009,L2/3 IT,0.022059917,0.31102276
83864,L4/5 IT,-0.064433575,0.17036879
145521,Astro,-0.3333993,-0.47547352
265895,L6b,0.25314623,-0.17282578
190406,Endo,-0.44298965,-0.4029072
247259,L4/5 IT,-0.29466307,-0.43592983
247248,L5/6 NP,-0.10482916,-0.4391376
255246,L5 ET,0.2252078,0.18833178
243867,Endo,0.36159623,-0.12862328
145645,L4/5 IT,-0.2461366,-0.102909416
145614,L6 CT,0.38426274,-0.037412345
255280,VLMC,0.14046508,-0.3354648
145586,L4/5 IT,0.35109353,0.2922827
247232,Oligo,0.15738517,0.0147637725
265921,L2/3 IT,-0.10815188,0.18603498
83284,Astro,0.27412587,-0.16294286
83311,L6 CT,0.081107914,-0.3953268
145568,L4/5 IT,-0.0050342977,0.109000504
83354,Astro,0.30676752,0.10746145
83399,L5 IT,-0.1596328,-0.13866726
209970,Oligo,0.24020982,-0.26943555
210821,L6 CT,-0.005580187,-0.3203197
265808,Micro,0.411691,0.20720738
210679,L6 IT,0.27627295,0.07928568
84361,Endo,0.0696432,0.4181143
145184,Lamp5,-0.04056701,0.32884645
84383,Peri,0.05525565,0.16351324
84426,Oligo,0.28903055,-0.08219519
210646,L6 CT,0.33337206,0.097302794
190629,SMC,-0.1213882,0.23678356
84482,Oligo,0.2176423,0.2378673
145127,L5 IT,-0.06846678,-0.029164225
210630,L2/3 IT,-0.01666215,0.3141744
210607,L6 IT,0.22091275,-0.017831475
145060,L6 CT,0.139301,-0.18006983
210591,L2/3 IT,0.18809634,0.3940013
84676,L6 CT,0.21143764,-0.06967232
247202,Endo,0.38997746,0.1660536
84342,L6 CT,0.19549924,-0.16469023
145314,L6 IT,0.38338816,0.12069726
145197,L6 CT,0.3015774,0.07382923
84286,Astro,-0.003681779,0.07255137
83931,Oligo,0.2104798,-0.10352588
210817,Oligo,0.15510827,-0.25188947
265802,Endo,0.31469512,0.47282583
145294,L4/5 IT,-0.2619077,-0.34675297
83976,Oligo,0.08187848,0.17798
210802,Astro,0.12771398,0.2566191
145289,Micro,0.14965022,0.04281646
145283,Endo,-0.2349754,0.14069903
84034,Endo,0.14416635,0.19795233
145260,L4/5 IT,-0.017841846,0.15802276
84180,Endo,-0.31230217,0.036232352
84208,L2/3 IT,-0.3520226,-0.31435567
145217,L6 CT,0.16806048,-0.20225999
84235,L4/5 IT,0.09017515,0.17191195
84282,L6 IT,0.16116905,0.09813428
84289,L6 CT,0.23087901,0.031890035
86591,L2/3 IT,0.33113295,0.4233051
190983,L5 ET,-0.055813283,-0.17410606
143988,L4/5 IT,0.39300853,0.32107127
143164,L6 CT,0.19727415,-0.05677268
209222,L6 CT,0.25898272,0.028405666
88677,Astro,0.41136867,0.15291065
143157,Oligo,0.17490035,-0.346981
88764,L6 CT,0.36485076,0.1881352
209190,L6 CT,0.2556392,-0.052218318
264932,L2/3 IT,-0.24345475,-0.048565716
143153,L4/5 IT,-0.25479126,-0.19640207
143150,L2/3 IT,0.32190746,0.41803932
143122,Endo,0.34468514,0.32069725
209154,L2/3 IT,0.16378814,0.38609922
88909,L4/5 IT,-0.24790087,-0.33624116
264913,L2/3 IT,-0.0046339035,0.2689914
191280,Endo,-0.23281187,-0.389512
88966,L6 IT Car3,0.4583475,0.031174064
88609,Endo,-0.24172828,0.08649325
89052,Oligo,0.36953086,0.14798391
88598,Sst,-0.023673832,-0.18617061
209250,L6 CT,0.054947138,-0.3502176
88206,L2/3 IT,-0.3272701,-0.3204386
143282,Oligo,0.117684126,-0.34149012
88228,L6 CT,0.34248018,0.15096796
88239,L4/5 IT,-0.25186932,-0.09610474
191238,Oligo,0.30155164,0.032984078
209324,Sst,0.0348652,-0.102665216
88289,L5 ET,-0.19132057,-0.37117237
88298,L5 ET,-0.21307689,-0.43817165
191242,L5 IT,0.25494206,0.23008353
88382,L5 ET,0.21557987,0.1952045
88403,L6 IT,-0.0691919,-0.21483493
191253,Oligo,0.10062778,0.10314757
88421,L4/5 IT,-0.26416987,-0.1862419
88460,Oligo,0.014931142,-0.3690641
209265,Astro,0.3027786,-0.03483373
143168,Endo,-0.33516866,-0.42950025
209360,Astro,-0.36417603,-0.07202771
89128,L6 CT,0.31533056,-0.014453739
89205,Endo,0.45001262,0.13920796
142841,L4/5 IT,0.06180668,0.2525686
89640,L2/3 IT,0.2705438,0.385673
89651,L4/5 IT,-0.08688897,0.12683505
89689,L5 IT,0.2714345,0.18048882
191372,L5 IT,0.20869923,0.15610355
89734,L4/5 IT,-0.2547254,-0.36624706
244234,Astro,-0.20176178,-0.2821092
255739,L2/3 IT,-0.25558013,-0.098850995
264736,L2/3 IT,-0.06898829,0.30483168
89843,L5 IT,-0.17421824,-0.18915048
89876,Oligo,0.15525949,-0.36709192
142790,Pvalb,0.3366484,0.41344374
142743,Pvalb,-0.2637924,-0.15995866
244242,L6 CT,0.06878942,-0.23012653
89921,L5 ET,-0.09134683,-0.10643017
208948,L5 ET,-0.16965356,-0.2924375
255686,Lamp5,-0.34547716,-0.44759667
89607,L4/5 IT,-0.10467172,0.008738697
89550,L2/3 IT,-0.37368774,-0.3852012
191323,L6 IT,0.25469798,0.15974921
89253,L4/5 IT,-0.17442864,-0.027363628
209071,VLMC,-0.46736774,-0.29744473
89297,L6 CT,0.36164623,0.16638291
89300,Pvalb,-0.24026853,0.03164953
142948,Astro,-0.40383214,-0.3703471
142947,Vip,-0.17113838,0.12577486
264825,VLMC,-0.47012523,-0.46485463
264824,PVM,0.35907537,0.33879137
89415,L6 IT,0.0024681687,-0.40436715
89451,Astro,0.19952893,0.19598478
255712,Peri,0.2842093,-0.16874051
264797,Astro,-0.14930433,-0.38285935
191359,L6 IT,0.21144527,-0.028309047
208997,L6 CT,0.081382394,-0.13436934
142868,Peri,0.121797025,-0.40833205
82941,Pvalb,-0.08416164,0.0920046
143358,L6 IT,-0.013999641,-0.087343544
143388,PVM,-0.08302212,0.20382261
143837,L5 IT,0.27877092,0.22611678
143807,Astro,0.11314368,-0.4295467
143799,L4/5 IT,-0.18475991,-0.0719665
209728,L2/3 IT,-0.31866485,-0.051632613
143780,VLMC,-0.44567233,-0.44465017
87170,OPC,0.31241244,0.12785476
87171,L6 CT,-0.004594356,-0.28975546
87173,Endo,0.3058089,-0.16660348
191074,L6 IT,0.0875597,-0.2812659
244104,L6 CT,0.3894887,0.14487118
191075,L2/3 IT,0.342417,0.39245468
209689,OPC,0.07802665,-0.07564974
143760,OPC,0.4745651,-0.018715352
143742,L5 ET,0.120409906,0.06529981
87367,Astro,-0.40961707,-0.39735484
87034,L4/5 IT,0.12635624,0.2723794
87405,L4/5 IT,-0.24352083,-0.14717296
265215,L4/5 IT,-0.18795952,-0.11956477
191041,L6 CT,-0.057769626,-0.43789312
86609,Endo,-0.26959923,-0.22671005
86645,Micro,-0.05946076,0.26858526
209936,L6 IT,0.023173451,-0.2690012
86671,Astro,-0.24494812,-0.42065236
86709,Endo,-0.24868515,-0.2978456
86734,Endo,-0.093099505,-0.32905748
143967,L6 IT,0.13500267,0.0683049
209911,Astro,0.34596884,0.059885442
143957,L5 IT,-0.1648151,-0.36403152
86838,Astro,0.12728941,0.058853388
86891,Endo,-0.2805518,-0.38510913
209838,L2/3 IT,-0.22951746,-0.05587679
244095,L4/5 IT,-0.27015996,-0.32683182
86944,L2/3 IT,0.18344659,0.34108758
86961,L4/5 IT,0.12694287,0.287511
143881,L2/3 IT,-0.08090216,0.2286728
143384,Oligo,0.23581767,-0.26550174
87415,L4/5 IT,0.13618541,0.29018617
143687,L5 IT,-0.058075845,-0.15795699
87795,Astro,-0.12915659,-0.2688409
87796,L2/3 IT,0.10150164,0.34219545
191144,Oligo,0.12887311,0.1977669
87825,Vip,-0.08605972,0.2181462
87835,L2/3 IT,0.09807211,0.38242954
87877,L5 IT,-0.01855731,0.035945654
143492,Astro,-0.31221962,-0.31144196
87965,Oligo,0.24202657,-0.23526454
143451,L4/5 IT,-0.29674017,-0.47777903
143443,L4/5 IT,0.33035254,0.3172428
209405,Oligo,0.24661463,-0.08401927
88100,L5 ET,-0.11723423,-0.4543271
88102,Endo,-0.18607783,-0.274477
88144,L6 IT,0.34214658,-0.015886545
88170,Endo,-0.2740866,-0.40467566
143609,L5 ET,0.046951056,0.0033919215
265153,L5 IT,0.10950488,0.16121632
209488,Sst,0.3752939,0.24884915
143640,SMC,-0.12798485,0.07306665
87445,L2/3 IT,-0.35146677,-0.46542257
209594,Endo,-0.28693,-0.2570945
209573,SMC,-0.16153154,0.050392866
87535,Astro,0.06399453,-0.097955674
265123,L2/3 IT,-0.026386917,0.31923568
87548,L6 CT,0.32805258,0.10480285
209532,L4/5 IT,-0.14692104,-0.07746723
87579,L6 CT,0.33160108,-0.02787909
87585,L5 ET,-0.16099378,-0.24185804
265108,Astro,-0.023040444,0.1083138
247136,L6 CT,0.4086399,0.14698088
87625,PVM,0.024361849,0.40946716
191095,Micro,0.2868775,0.21796054
143652,L2/3 IT,-0.2794295,-0.118742526
244139,Peri,0.27794647,-0.008459657
209491,Oligo,0.23490345,-0.102395564
97256,Oligo,-0.015542597,0.20132428
89448,Micro,-0.36084545,-0.46630874
950,Pvalb,0.06916767,-0.29241765
239933,L6 IT,0.34695667,0.039313853
235006,Astro,-0.06876221,0.111036
14913,Endo,-0.27763873,-0.31865397
233343,Endo,-0.09869447,0.21070027
11133,L6 CT,0.0008184314,-0.23267809
3776,L5 ET,-0.08814451,-0.3902672
283,L6b,0.17001629,-0.25039905
5073,L6 CT,0.026997268,-0.22042653
9103,Astro,0.097911,0.04057759
7151,L4/5 IT,-0.20082608,-0.05434084
278728,L6 CT,0.26689035,0.021236897
7157,Pvalb,0.08936548,-0.222586
9106,L5 IT,0.39024818,0.28676635
14897,L5 ET,0.10670233,0.059395134
3769,Lamp5,0.18950862,-0.13192615
238186,L2/3 IT,-0.17905861,0.12587714
14487,Endo,0.2549495,-0.057584018
10428,L4/5 IT,-0.23115012,-0.41989315
278202,Micro,0.41990143,0.2731781
7141,L5 IT,0.09106809,0.096140385
7979,Sst,-0.072953254,0.16595739
1516,Peri,-0.39414752,-0.4742034
3831,L5 IT,0.19486898,0.09669405
10368,Astro,0.23064041,0.48956525
9024,L5 IT,-0.09376931,-0.078568906
4998,L2/3 IT,-0.35893953,-0.18450424
239209,VLMC,0.17327183,0.4761154
10376,Oligo,-0.07509768,-0.35376158
7108,L5 IT,-0.11752111,-0.1974026
240054,L2/3 IT,-0.1376169,0.15239024
13421,Endo,-0.03599769,-0.46999454
9062,Astro,0.08018422,0.42928386
16173,L4/5 IT,0.06065917,0.2273584
236952,Endo,-0.21234798,-0.14101851
278979,Oligo,0.14763641,-0.38950422
5030,Astro,0.24264592,0.06558621
10418,Astro,-0.42179435,-0.42155316
14469,Endo,0.29402977,0.38128084
7988,L5 ET,-0.1230599,-0.16913396
17322,L6 CT,0.32130772,0.11364728
11187,L5 ET,-0.045161963,-0.24895194
279821,Endo,0.07989067,0.18609703
9630,VLMC,-0.44601086,-0.36204103
9620,L4/5 IT,0.097004,0.25499922
9129,L5 IT,0.22370851,0.16417092
10495,L5 IT,-0.20565534,-0.26764125
6022,L4/5 IT,-0.06358945,0.10499871
10500,Endo,0.22103405,-0.2803995
239408,L6 IT,-0.1377551,-0.27745885
10503,L5/6 NP,-0.04184094,-0.24172798
6015,Micro,-0.4489317,-0.21883982
13893,L6 IT,0.025407255,-0.30224702
15609,L4/5 IT,-0.24699211,-0.16681641
15614,Astro,-0.067522526,0.3008358
11910,L4/5 IT,0.20727867,0.31689757
1462,L4/5 IT,0.20551938,0.2960443
14529,L4/5 IT,-0.043625087,0.11667967
14530,L6 IT Car3,0.4195913,0.08165306
3702,Oligo,0.2452066,-0.22344661
3688,Micro,-0.22053686,-0.060014993
2155,L4/5 IT,-0.017775565,0.106704
1476,Endo,0.12924004,-0.10080916
278197,L6 CT,-0.012205362,-0.38629532
236367,L5 IT,0.16919583,0.15870482
237747,L5 IT,-0.18340018,-0.20848161
6070,L6 CT,0.20640868,-0.19263878
280281,L5 ET,-0.12826219,-0.42684564
238209,Vip,0.2100789,-0.22792393
14499,Astro,-0.20858976,-0.39893833
1480,L2/3 IT,-0.04231897,0.30532533
11096,L4/5 IT,0.10385007,0.24972719
17539,Peri,0.20392871,-0.06889689
10448,L4/5 IT,0.07899475,0.23845184
235333,Oligo,0.21304429,-0.2669732
16452,L4/5 IT,0.2873991,0.3206852
238929,Micro,-0.30934292,-0.4655809
239605,Oligo,0.05830592,-0.3758559
279918,Astro,0.23952484,-0.11210117
9124,Endo,-0.23291951,-0.44313058
233660,L4/5 IT,-0.01874131,0.12367481
6062,SMC,0.12142992,-0.42678586
5125,L4/5 IT,0.23900944,0.35699666
234643,Pvalb,0.051338673,-0.20162466
238704,L2/3 IT,0.19398034,0.39140558
8045,L4/5 IT,-0.028630286,0.09427637
9663,L5 ET,-0.06320399,-0.057721198
13022,L5 ET,0.07195008,0.08767241
3086,L6 IT,0.3711,0.111652076
233546,L6 CT,-0.013223618,-0.36551863
15928,L2/3 IT,-0.2745831,-0.10512701
278765,PVM,0.0568375,-0.45722976
14373,L6 CT,0.24046391,0.016988456
13362,Pvalb,0.0013619065,0.29289997
8163,L2/3 IT,-0.15522426,0.07261866
6994,Astro,0.11312842,-0.07785177
3958,Endo,0.11369866,0.16070306
6271,L4/5 IT,-0.29387745,-0.4183207
12539,Endo,0.08794874,0.14229387
237999,L2/3 IT,-0.14357805,0.0539788
2021,L4/5 IT,-0.07122764,0.14789301
237995,Astro,0.29416198,-0.22113532
237344,L6 CT,0.39103395,0.24024689
239819,Oligo,0.2674374,0.027163446
233291,OPC,-0.15338644,-0.24371043
235697,L6b,0.3720563,-0.041655034
6294,Oligo,0.20574754,0.16761023
237662,L2/3 IT,0.3570264,0.34996945
277625,Pvalb,0.23967898,0.18943435
278493,PVM,-0.35142526,0.008561313
15490,L6 IT,0.12629282,-0.06365949
13337,L5 IT,0.05866486,0.06507981
234179,Peri,-0.09316832,-0.34897983
13345,Peri,-0.20528716,0.013951182
15092,Sst,0.049661458,0.07183254
233554,L6 IT,0.14484715,-0.05916813
9711,Endo,-0.24329507,-0.28371754
17288,Oligo,0.16044503,-0.3435238
795,Vip,-0.44314688,-0.2858569
15077,Oligo,-0.3275178,-0.36303335
16567,L5 IT,0.014729798,0.091207445
11291,L5 IT,-0.021285713,0.049268305
8902,L4/5 IT,0.25757462,0.32216936
233784,Astro,0.07227379,-0.45418754
16563,Oligo,0.21254742,-0.29760253
278928,L5/6 NP,0.21715492,0.108928084
212,Endo,0.17931783,-0.024483353
236263,L6 CT,0.19449848,-0.08200818
6266,Endo,0.32669592,0.37133658
6263,Oligo,0.16215128,-0.006202787
4942,L6 CT,0.38770026,0.0742107
2566,Endo,0.17677021,0.11882514
15891,L6 CT,0.36709666,0.06640977
8086,L5/6 NP,-0.021857053,-0.34820935
6215,L4/5 IT,0.26062596,0.28069723
236279,L4/5 IT,0.30246186,0.26874608
12954,L6 CT,0.037253737,-0.4199693
11203,L5 IT,-0.20426694,-0.24298477
4938,L6b,0.11367071,-0.38369775
11847,L6 CT,0.38426763,0.25848854
3148,L5 IT,0.35275143,0.26939136
13961,OPC,-0.0061075687,0.3110038
16498,VLMC,-0.40370405,-0.08625519
4973,Endo,0.049305856,0.15446532
2563,L4/5 IT,-0.004488945,0.1997205
248,L2/3 IT,-0.24755663,-0.0119012
234607,Oligo,0.37577164,-0.08817735
238359,PVM,0.29983848,0.2876163
1138,L4/5 IT,0.30266362,0.31635082
11917,Micro,0.12343466,-0.13399792
4937,L4/5 IT,-0.18194544,-0.037141144
17588,L2/3 IT,-0.28784338,-0.030683666
237330,Oligo,0.011605442,-0.31236863
16817,L5 ET,-0.012318343,0.0015509725
3924,Oligo,0.22366548,-0.23032403
9705,Micro,0.25598437,-0.077081144
9702,PVM,-0.43943664,-0.37314653
237325,Lamp5,-0.4156861,-0.36267114
12556,L2/3 IT,-0.14840794,0.080881774
239233,L2/3 IT,-0.3135823,-0.068302006
8097,L6 IT,0.022347033,-0.09725687
12243,L4/5 IT,0.0033767223,0.09523523
239232,Astro,0.33890408,0.27150387
234754,L5/6 NP,0.33343792,0.17881536
279264,Endo,0.05425638,-0.27160633
10319,Oligo,0.16452974,-0.40159926
235288,Oligo,0.3898946,-0.07989958
235291,L5/6 NP,-0.15913221,-0.33833784
6229,L4/5 IT,-0.23038337,-0.085157484
15547,L6 IT,0.38581187,0.2514314
8947,L6 CT,-0.080198735,-0.33181673
8878,Endo,0.18224317,0.020151079
5981,Endo,-0.029498547,-0.32934213
11922,L2/3 IT,-0.2479715,-0.047972858
7627,Astro,-0.14049664,-0.44029155
277933,L6 IT,0.07620144,-0.18207857
13818,L5 IT,-0.21440795,-0.2935915
1304,L5 IT,0.096405745,0.17553782
235434,L2/3 IT,-0.34727305,-0.29393893
235835,L5 IT,-0.10217956,-0.12843502
3514,Peri,-0.2800669,-0.12679154
238893,Endo,-0.31257325,-0.2815724
2400,L4/5 IT,0.12347281,0.21154743
7364,L6 IT,0.07963872,-0.008390516
10697,PVM,-0.2628329,0.032160938
14702,L6 CT,-0.11420807,-0.4048983
5747,Oligo,0.11440289,-0.004960984
2280,L6 IT,0.31672353,-0.055936128
5495,Oligo,0.097304285,0.11524618
235804,L2/3 IT,0.10480136,0.3932283
239562,L4/5 IT,-0.2350961,-0.15057147
5782,L5 ET,0.015715301,-0.047009885
7629,L4/5 IT,0.29655457,0.31424147
279773,Oligo,0.11482173,-0.36402038
233326,Endo,-0.39553156,-0.48732224
3353,Oligo,-0.054831833,-0.42312458
17366,L6 CT,0.15428782,-0.07321155
9300,L6 CT,0.2911517,0.06628764
2251,Astro,-0.3944357,-0.37664387
2258,Oligo,0.1351772,-0.40224415
10660,L2/3 IT,0.01774317,0.32771623
239575,VLMC,-0.38254026,-0.05453542
3364,L5 IT,-0.11243591,-0.13844627
237068,L4/5 IT,-0.25281805,-0.14906856
14736,Pvalb,-0.38116372,-0.38952905
16350,L6 CT,0.21653533,-0.0062126815
5788,L2/3 IT,0.27127385,0.45811146
10672,L5 IT,0.04531139,0.014695346
5784,L4/5 IT,-0.051285118,0.16481656
233327,L5 IT,-0.15683934,-0.33506194
17372,L4/5 IT,-0.13324738,0.029606104
235837,Endo,0.0840534,0.22806281
16984,L6 CT,0.060261846,-0.32557893
9310,L2/3 IT,-0.15087855,0.15340632
406,L2/3 IT,0.3524388,0.36264557
7591,Micro,-0.36804345,-0.16421625
5732,L6 IT,0.35699725,0.044164777
233698,Astro,0.23479056,0.39761132
16284,L2/3 IT,0.18724263,0.43573946
14650,Pvalb,0.09465003,-0.09352818
239154,L2/3 IT,-0.17041191,0.0441913
17409,Micro,-0.41116965,-0.11726585
235817,Astro,0.3587001,0.18069524
237106,L5 IT,0.38600177,0.2558728
10763,L2/3 IT,-0.37526006,-0.41771162
13761,Astro,-0.119333506,0.16604918
15738,Astro,0.3670963,0.25456262
1346,L2/3 IT,0.08282876,0.31572074
14652,L6 CT,0.07233429,-0.36906534
9416,Peri,-0.016495973,0.34873706
5613,Micro,-0.19463345,-0.394344
237090,Micro,-0.17306572,-0.23430878
233191,L6 CT,0.24760151,0.012394309
234063,L6 IT,0.28343952,0.04617381
277405,L6 CT,0.113282025,-0.28642184
5564,Astro,0.15297902,0.4669329
496,L6 CT,0.37948787,0.1483038
2359,L5 IT,-0.07313833,-0.19925886
237890,L2/3 IT,-0.2052843,0.11840361
12735,L5 IT,0.38438386,0.25970638
2290,Oligo,0.27282757,0.25964516
524,Peri,0.1118052,0.074655116
17423,L4/5 IT,-0.19060612,-0.11459923
7551,Oligo,0.3403672,-0.16473961
236509,Endo,-0.21227288,-0.3365258
237850,Pvalb,-0.14200795,-0.3549961
9482,Peri,0.040525675,-0.5
13732,L4/5 IT,-0.02794531,-0.121145904
279352,Oligo,0.12845027,-0.20920047
234305,L4/5 IT,-0.13183615,-0.035014242
10720,SMC,-0.35681546,-0.022207916
515,L4/5 IT,-0.12914333,-0.0046429634
237881,L2/3 IT,-0.15045941,0.096045375
9396,Micro,-0.09337935,-0.34732613
278674,Endo,-0.15390593,-0.008606464
3409,Oligo,0.10237104,-0.033777744
7407,L6 CT,0.18889636,-0.24119154
13841,L4/5 IT,0.124809206,0.30534983
12720,Endo,-0.16618365,-0.12280995
5433,L6 CT,0.390096,0.19632316
3296,L6 CT,0.44663912,0.17502391
278700,L6 CT,0.0039717555,-0.41822374
3297,L6 CT,-0.030256063,-0.32582307
12152,L2/3 IT,-0.39577246,-0.28321013
236436,PVM,0.0955708,-0.28179914
238912,OPC,-0.03624469,-0.28485382
234280,SMC,-0.010748893,0.127406
10963,Endo,-0.002085209,0.0632382
278627,L2/3 IT,-0.24246404,0.015287995
13572,SMC,0.12494218,-0.3229217
237238,OPC,0.15298206,0.0025296807
5298,L6 IT,0.12977982,-0.07458469
3311,L5 IT,-0.09989333,-0.110655755
5307,L6 IT,0.37229866,0.029401958
10956,L4/5 IT,-0.013000876,0.1677792
10955,L6 CT,0.0045647025,-0.40014488
11946,L4/5 IT,-0.28674412,-0.15949845
234706,Astro,0.2519021,-0.18669844
11930,L4/5 IT,-0.3041355,-0.31701466
11009,Sst,0.12484914,-0.39282662
235868,L5 IT,0.3094871,0.2183541
16917,L2/3 IT,-0.22934204,-0.044069707
278712,L6 IT,0.24116325,-0.0122663975
14534,L6 CT,0.10011315,-0.24436864
676,L2/3 IT,-0.27853775,-0.02360028
235503,SMC,-0.09855616,-0.14220661
2185,Oligo,0.02640438,0.08610594
2191,Astro,-0.406874,-0.40384698
236417,L6 CT,0.14245433,-0.20901155
235863,Pvalb,-0.24282628,-0.19555447
235756,Astro,0.19014466,-0.2890423
7797,L6 IT Car3,0.49354768,0.022578835
12863,Sst,0.041427493,0.37355995
11020,Astro,0.08458936,0.13374376
11014,L5 ET,-0.13479769,-0.25252753
235870,L6 IT,0.39249116,0.102142274
664,PVM,-0.5,-0.3122912
5253,L6 CT,-0.06125933,-0.38034126
236428,Micro,-0.13039836,-0.27287865
239594,L6 IT,0.12437397,0.024504066
238609,Vip,-0.13497141,0.106009126
5947,Oligo,0.024578214,-0.37552065
237001,Sst,0.11815244,0.26089716
17485,L6 IT,0.3606624,0.21218568
237023,L6 IT,-0.0106664,-0.18218419
238663,SMC,0.2282145,0.4588365
16963,Astro,-0.33752012,-0.1374631
16379,L4/5 IT,0.11151421,0.24627292
12714,L4/5 IT,-0.18300307,-0.10570535
234969,L5 ET,-0.1313459,-0.18393677
9544,Pvalb,0.31101346,0.28117347
237200,Micro,0.19728065,0.04779768
277631,VLMC,-0.46293113,-0.23498264
14763,L6 CT,0.20631593,-0.13466257
13624,Astro,0.17241353,0.4809367
3598,L2/3 IT,-0.37141246,-0.14721331
7682,L6 CT,0.01781267,-0.35932416
235785,L2/3 IT,-0.35848582,-0.301875
7675,Astro,0.09497249,0.35040987
14748,L6 IT,-0.13651618,-0.366302
237910,SMC,-0.44905353,-0.2533005
14595,L4/5 IT,-0.030261844,0.063542485
5192,Astro,-0.29959133,-0.23900086
9551,Micro,-0.4342543,-0.14079666
279927,Pvalb,-0.14038655,-0.38133773
15812,Astro,-0.05889389,-0.37799978
11949,OPC,0.06469059,-0.41032946
10590,L5 IT,-0.111723274,-0.18764642
5331,L6 CT,0.34906512,0.113262355
7727,L4/5 IT,-0.004950434,0.17880487
279754,L4/5 IT,-0.19197837,-0.019453287
237799,Sst,-0.061333507,0.099107146
236596,L6 IT,0.09950417,0.005259335
17066,Vip,-0.039833218,-0.4273212
237214,L5/6 NP,0.25693744,0.058111668
14788,L5 ET,-0.20203152,-0.24909526
238665,L4/5 IT,-0.22119647,-0.4855187
13593,Oligo,-0.09133661,-0.3399492
10612,Astro,0.030018508,0.2382164
2451,L5 IT,0.0829854,0.09511268
277563,L6 IT,0.015012085,-0.35395396
5375,Sst,-0.09156901,-0.23762715
279766,Oligo,-0.30047125,-0.17339078
633,L5 IT,0.09537417,0.08305359
17152,L6 IT,-0.027875781,-0.15994066
16848,L5 ET,0.06744957,0.020946443
14255,L2/3 IT,-0.15927833,0.119998336
12412,Micro,-0.38542503,-0.4185341
8459,L6 CT,-0.027412057,-0.16370595
16610,Astro,-0.38193887,-0.4103799
233266,Endo,-0.19966313,-0.16949168
12478,Endo,-0.44475123,-0.36678243
3029,Micro,-0.40214953,-0.29394233
11399,L5/6 NP,0.16421902,0.08179581
233121,Micro,0.06331241,0.039327085
11504,L4/5 IT,0.24076688,0.30853152
8800,L2/3 IT,-0.23645675,-0.09306678
10199,L6 CT,0.22053427,-0.13200217
9907,L2/3 IT,-0.2842103,-0.033999205
15188,Micro,-0.17410436,-0.36790285
239967,SMC,0.010065436,0.11056548
13102,L5/6 NP,0.16267389,0.11127442
2723,L5 IT,0.31300688,0.043736637
8297,L4/5 IT,0.16403848,0.31653136
13308,Pvalb,0.034084737,0.28584516
6921,Astro,-0.038904756,-0.28873265
277506,Micro,-0.41833028,-0.30068883
6396,Pvalb,0.010722935,-0.453462
238476,L2/3 IT,-0.27349955,-0.045455724
16759,Oligo,-0.101591974,-0.35196006
279231,L6 CT,0.32375944,0.06916189
239132,L6 CT,0.38945562,0.1576128
234208,L6 CT,0.2575394,-0.0016504526
238430,L6 IT,0.17890406,0.034116507
280031,L5/6 NP,0.41681147,0.2193408
8550,Endo,-0.2929045,-0.42088497
6926,L6 IT,0.11711329,0.058452547
11696,L6 CT,0.032801926,-0.3957591
16756,Astro,0.21242613,-0.097375244
6748,Astro,0.352808,0.057836294
9808,Endo,0.29545796,0.2596727
277485,L6 CT,0.36790496,0.0983392
4700,Astro,-0.30570644,-0.195414
236727,Astro,0.40446222,0.35252404
2706,Oligo,0.19200182,-0.37579772
1928,L6 CT,0.1341027,-0.27397805
10028,L4/5 IT,-0.051210284,0.14926916
238771,L2/3 IT,-0.34742332,-0.13141707
2925,L2/3 IT,-0.25805235,0.019730985
11510,Astro,0.22970521,0.07774943
4698,L6 IT,-0.12696269,-0.33200848
10205,L5 IT,-0.12727496,-0.35281458
235572,L2/3 IT,-0.114142925,0.095626235
233595,Vip,0.27001494,0.37688547
8810,L6 IT,0.18866879,0.106757045
6449,L2/3 IT,-0.11866242,0.11967713
4584,L5 IT,0.20140743,-0.04441315
278785,L4/5 IT,0.039719164,0.1355691
15387,Endo,-0.43819427,-0.36501324
8701,Pvalb,-0.20237783,-0.36003682
279851,Sst,-0.18653178,-0.2966082
2708,L5 IT,-0.12213141,-0.2184248
10074,L4/5 IT,-0.22996491,-0.4679701
14065,L6 CT,0.20560598,-0.15860647
16682,Astro,0.35626447,0.34610838
278002,L5 ET,0.12766933,0.17417103
10154,L5 IT,-0.15053368,-0.09195751
236052,L6 IT,0.20680368,-0.13160491
15977,Astro,-0.010654926,-0.3461815
11484,L4/5 IT,-0.22514376,-0.16267216
233819,L4/5 IT,-0.22875914,-0.09959704
233399,L4/5 IT,0.08943844,0.21010524
2992,Astro,-0.3922882,-0.097645044
279227,L4/5 IT,-0.25040522,-0.14329806
236861,Oligo,0.17904127,-0.37892565
277351,Oligo,0.037116647,-0.34771603
233848,L2/3 IT,-0.1414186,0.18705207
238991,Peri,-0.28585693,-0.15790859
2686,L4/5 IT,-0.21920973,-0.17645234
917,Endo,0.20941019,-0.33559048
235191,L2/3 IT,-0.08950889,0.22278959
13053,L2/3 IT,-0.124271184,0.1576603
11464,VLMC,-0.461103,-0.4323963
233410,L6 IT,0.28684455,-0.04232368
239359,Endo,0.100866616,0.29687715
854,Endo,0.45393842,0.05349785
236195,L6 IT,0.1603502,-0.0122461915
8650,Peri,0.43109965,0.14502257
17213,Micro,-0.024945885,0.2949581
6919,L4/5 IT,-0.24419671,-0.17279893
12389,L4/5 IT,-0.24326977,-0.18644238
4664,L2/3 IT,-0.014916748,0.23428243
13105,L5 ET,-0.075621486,-0.2574521
14076,SMC,-0.01212436,0.14351624
236119,VLMC,-0.4509603,-0.26012644
2683,L6 IT,0.047336936,-0.1760177
10178,PVM,-0.3996916,-0.0870277
16075,Oligo,0.28935313,-0.16146582
233272,VLMC,-0.36964744,-0.006742239
13301,OPC,0.22942924,0.44276333
234806,L2/3 IT,-0.35761577,-0.24409011
235082,L6 CT,0.18240893,-0.06884128
8663,L2/3 IT,-0.107039094,0.20617503
58,Micro,0.23676121,0.36722744
10076,Astro,0.34434986,0.027326941
10158,L2/3 IT,0.2090519,0.44214284
277428,L2/3 IT,-0.22271782,-0.07292861
8667,Endo,0.2780422,-0.17480832
6878,VLMC,-0.26690716,0.11230236
15386,L2/3 IT,-0.15596578,0.046737194
279904,L2/3 IT,-0.30559248,-0.061861128
237557,Oligo,0.040148854,0.05636245
9989,L6 CT,0.07057476,-0.33913308
6817,L5 IT,-0.16719177,-0.13016617
14194,L2/3 IT,0.2014252,0.4334846
2746,L5 IT,-0.1482138,-0.12288356
13034,Endo,0.1742956,0.22520006
1623,L4/5 IT,-0.18638718,-0.05468133
4308,Endo,0.13478595,-0.25525218
278861,Oligo,0.404572,0.080928326
2859,Pvalb,0.034091413,0.31170797
4718,VLMC,0.116429985,-0.4188858
15365,L2/3 IT,-0.1343297,0.12976092
14168,Endo,-0.2806437,-0.31752628
14325,L6 IT,-0.002395749,-0.19831428
236106,Astro,0.07969588,0.19045168
235180,L4/5 IT,0.18056798,0.32163137
11640,L2/3 IT,0.17461163,0.42549914
816,Astro,-0.41008982,-0.4262932
237639,L6 IT,-0.11574322,-0.3920156
236710,Oligo,0.21717358,-0.22378427
17276,Pvalb,0.019321322,-0.022333175
4298,Astro,0.32367402,0.15730107
12418,SMC,-0.4615033,-0.43075356
239840,PVM,0.40816027,-0.039412856
278549,Peri,0.1708467,0.16492248
233623,L2/3 IT,-0.2919718,-0.01940155
15339,Endo,-0.19534186,-0.14698231
875,L5 IT,-0.23267502,-0.42230046
14264,L2/3 IT,0.2522756,0.41976744
278839,Oligo,-0.23374817,-0.38476318
10235,L6 CT,0.05086118,-0.14035642
233401,L2/3 IT,-0.28697312,-0.0654825
14104,L5 IT,0.32943165,0.20362443
6350,Astro,-0.03959486,-0.45911244
1751,L6 IT,0.09348142,-0.17423889
277610,L4/5 IT,0.035719395,0.19857275
16653,L6 IT,0.24297923,0.11063826
234492,L2/3 IT,-0.23431608,-0.06505731
6346,Astro,0.017217517,0.12535363
239678,L5 ET,-0.13218698,-0.110219866
233893,L6 CT,0.28887647,0.06347889
16058,Endo,0.10311979,-0.061727345
17244,Endo,0.35314834,0.34345323
8863,Vip,-0.28047496,-0.2841511
239039,L5 IT,-0.13911214,-0.30853003
13132,L2/3 IT,-0.33426243,-0.23327205
953,OPC,-0.063599944,-0.49249285
14231,L2/3 IT,-0.30743006,-0.16596884
234209,Pvalb,0.08687574,-0.02036205
4264,Endo,0.027410507,0.31322426
237549,Astro,0.31337696,-0.094626546
15202,L2/3 IT,0.24392402,0.34109557
2,SMC,-0.43995562,-0.16374114
14098,Peri,0.40835655,0.07132709
238488,L6 IT,0.30948198,0.17306072
9979,Oligo,-0.06898478,-0.40643352
12311,VLMC,-0.38887668,0.0058775544
16663,L2/3 IT,-0.35849163,-0.33105934
8627,Endo,-0.26549774,-0.3465916
237623,L6 IT,0.09545487,-0.14380112
239375,Endo,0.16607034,-0.009062022
239679,L4/5 IT,0.22043633,0.26663256
14173,L4/5 IT,-0.23853183,-0.26051503
6635,L2/3 IT,0.26126152,0.42414057
