,cell_class,coord_X,coord_Y
33679,VLMC,-0.034675285,-0.46991464
57365,L6 CT,-0.23527904,0.18314867
227808,Oligo,-0.32353103,0.22346108
73398,L6 CT,0.046298638,0.23444258
57449,Lamp5,-0.006851062,0.31544393
129791,L6 IT,-0.2897371,0.30280071
117896,Oligo,0.12415628,0.48761487
214201,Astro,0.29626387,0.30083317
188813,L6 CT,-0.15188642,0.15431069
73787,Micro,0.4039687,0.06867592
117842,L6 CT,-0.092863485,0.23329215
212502,Oligo,-0.2582065,0.29169935
25711,VLMC,0.35041142,-0.3922571
199783,L4/5 IT,-0.22078805,-0.12928782
117722,L4/5 IT,0.3650095,-0.17913388
150869,L6 IT,-0.38200426,0.10972409
150865,Oligo,-0.09089832,0.29519355
199779,L6 CT,-0.40567487,0.10217111
214167,Sncg,0.3055734,-0.1783881
227821,L2/3 IT,-0.14712869,-0.22282062
212513,L2/3 IT,0.1492515,-0.3413842
254266,Astro,0.5329994,-0.22264983
275910,L2/3 IT,-0.08824082,-0.37984845
73322,OPC,-0.3498345,0.3139608
118213,L6 CT,0.31331903,0.44481933
25610,L5 IT,0.086023554,-0.09082009
260657,L2/3 IT,-0.31025285,-0.21206318
53737,Astro,0.24850588,-0.037060242
59392,L6 IT,-0.18223856,0.28902882
150807,L2/3 IT,0.008716211,-0.3044979
59422,OPC,-0.1885304,0.25740957
129968,L5 IT,0.10994212,0.11783342
78832,L6 IT,-0.1944514,0.22226761
199732,Astro,-0.05671142,0.4338684
118027,L4/5 IT,0.1388803,-0.11109482
129824,SMC,0.13290243,0.064931914
188774,Micro,-0.015730426,-0.28288415
157451,L5 IT,-0.3905627,-0.017374497
33713,Astro,0.041462436,0.42672235
267661,Endo,-0.2331116,0.09055297
150649,L2/3 IT,-0.10718201,-0.3562385
134112,L2/3 IT,0.45568258,-0.19631495
73532,Endo,0.075920686,-0.19998278
131475,L2/3 IT,0.40671808,-0.17411272
129847,Endo,-0.08605726,0.13315313
150580,Pvalb,-0.17152302,-0.24453022
199663,Endo,0.34915078,-0.15083893
266692,Astro,-0.15144958,0.07261388
150643,L6 CT,-0.4141217,0.2624852
157535,L2/3 IT,0.13200866,-0.35185045
131479,Micro,0.019994542,-0.4573989
131837,L6 IT,0.22424178,0.2027428
73711,Micro,0.30037308,0.08191566
150486,Lamp5,0.34891504,-0.33707523
230350,L4/5 IT,-0.29207033,-0.18313198
242559,L2/3 IT,0.18833946,-0.22984321
131465,L4/5 IT,0.11614697,-0.21128328
253130,L5/6 NP,-0.36835623,0.02391361
150652,Micro,-0.39057153,-0.069510266
266700,L4/5 IT,-0.36604273,-0.10914491
73422,Endo,0.03571786,0.18061809
150492,L4/5 IT,0.061737224,-0.10761388
254311,L5 IT,-0.3690157,-0.058615457
53846,Endo,-0.20158495,-0.19625609
73980,L6 IT,0.11264585,0.22577868
271036,SMC,-0.08098863,-0.076510504
59484,L6b,0.047161356,0.37952328
78748,L2/3 IT,0.118521854,-0.34712273
32996,L5 IT,-0.2582996,0.030448008
275877,SMC,0.052899525,-0.36174515
253174,L6 CT,-0.4257903,0.18065856
32472,Oligo,0.2973867,0.35531253
151689,L6 IT,0.2252432,0.13842706
74593,Peri,0.38928455,-0.1987804
151649,L4/5 IT,-0.26139516,-0.2095776
74583,L6 CT,-0.000706777,0.3366531
32509,L6 CT,-0.33763444,0.28094178
133761,Astro,0.08925633,-0.43177283
260064,L6 CT,0.22751497,0.32005912
56810,Peri,0.039764658,0.18315701
186527,L4/5 IT,-0.022565857,-0.1825466
195650,L5/6 NP,0.008438483,-0.0061335377
74535,L4/5 IT,-0.38529968,-0.09621991
254146,L4/5 IT,-0.20456006,-0.14949794
74524,L2/3 IT,-0.03958966,-0.28960735
214006,L6 CT,0.28753358,0.15924452
56815,VLMC,0.24019264,-0.42697832
74481,L4/5 IT,0.25141466,-0.07490556
32511,SMC,0.12166546,0.099418744
32457,Astro,0.00065119565,-0.017513763
270954,L4/5 IT,-0.28907883,-0.21506207
59216,OPC,0.17060839,-0.4370248
200027,L4/5 IT,-0.34398198,-0.085770205
32305,L5 IT,0.064306244,-0.08878277
32320,L6 CT,-0.38204622,0.23459397
116991,SMC,0.38501263,-0.0072131567
32332,Oligo,-0.009776875,0.40265375
254112,Astro,-0.26936954,-0.4518488
195640,L4/5 IT,-0.113840386,-0.18987279
267483,Vip,-0.037190422,0.29000568
219181,L4/5 IT,0.2253624,-0.17646788
228148,L5 ET,0.1765847,-0.038986187
245572,L6 CT,-0.2670576,0.2994479
133740,L6 IT,0.180216,0.16987734
57605,L2/3 IT,0.08523749,-0.36525497
267487,Peri,-0.17798124,0.3212849
32352,L5 ET,-0.14471848,-0.04307271
219170,Oligo,-0.21202518,0.16917609
32440,L5 IT,-0.11040078,0.023165751
74679,L6 CT,0.059991106,0.33927852
151725,Pvalb,-0.1704732,-0.18638326
78550,L5 IT,-0.33405036,0.06702344
257789,L4/5 IT,-0.11196895,-0.10552512
194363,L6 IT,0.0075742453,0.22709541
117213,L4/5 IT,0.3595417,-0.18091138
117607,L5 ET,0.2321568,0.05042206
57486,L6 CT,0.03577809,0.285734
59366,VLMC,-0.13688709,-0.47334817
151143,Astro,-0.40762848,0.08359824
54029,L2/3 IT,0.39309502,-0.22483565
117615,Oligo,0.024738565,0.51987034
254240,L6 CT,-0.28844428,0.28414547
188569,Oligo,0.43699205,-0.0012183301
117569,L2/3 IT,0.36737192,-0.19926102
33011,Astro,-0.21805389,-0.410057
33094,L6 CT,0.016520217,0.15380333
33148,L4/5 IT,0.09973155,-0.19840361
259986,VLMC,0.3401783,-0.39569813
274567,Micro,-0.07783587,-0.15340711
74006,L4/5 IT,0.2030379,-0.080899134
131459,L4/5 IT,0.012407109,-0.22528528
199800,L5 IT,0.187174,0.071560785
241137,L6 CT,-0.039320454,0.193911
78722,L5 IT,-0.08722477,-0.029966395
157336,L4/5 IT,0.10192637,-0.24331193
32869,L6 CT,0.16668718,0.12426941
117478,VLMC,-0.2778945,-0.4725169
151488,VLMC,-0.25131053,-0.47415414
56841,L6b,0.066995665,0.40151232
267530,OPC,0.33675086,-0.030043852
74390,L6 IT,0.011447653,0.09452848
78561,Astro,-0.16960351,0.06123768
113967,L6 CT,0.0359457,0.21203856
74369,L6 IT,0.0074522644,0.28316814
199897,L5 IT,-0.28841138,0.0011280067
260048,VLMC,-0.28588045,-0.4718899
130157,L5 ET,-0.13950445,-0.0038715117
54118,L4/5 IT,-0.26927125,-0.1873781
157271,L2/3 IT,0.2225781,-0.31377983
214065,Oligo,-0.17518501,0.014943112
32770,Astro,0.19813113,-0.08883621
246526,Astro,0.07831262,0.05085616
157272,L2/3 IT,0.31090397,-0.16616432
25843,L2/3 IT,0.105426535,-0.37365162
151256,L6 IT,-0.29924315,0.11567049
194323,Micro,-0.22522058,-0.30620885
32596,L6 CT,0.11835061,0.20475827
25575,L4/5 IT,-0.05723311,-0.19978492
229680,L6b,0.09823577,0.39387143
118224,VLMC,0.38826454,-0.37775582
199335,Pvalb,-0.3792923,-0.10579853
35225,L2/3 IT,-0.24625377,-0.29623413
72212,Pvalb,0.06549202,-0.13467981
149344,L4/5 IT,-0.20129384,-0.16940482
129506,L6 CT,-0.2995562,0.2866121
149325,L6 CT,-0.36241573,0.2843247
25211,Pvalb,0.29385096,0.049643923
157874,Pvalb,0.20360099,-0.08935098
157881,L5 ET,0.32097852,-0.045661103
267913,L4/5 IT,0.19758688,-0.15317394
214712,Sst,-0.091336384,0.06933658
157897,L6 CT,0.0910192,0.15163212
219798,Micro,0.10027729,-0.44767794
195871,L6 CT,0.100066766,0.27768946
35410,L2/3 IT,-0.23035677,-0.28669268
129479,Endo,0.04536383,-0.14381744
157931,L2/3 IT,0.31339628,-0.27647793
35430,L4/5 IT,0.18157946,-0.22532432
194140,L6 CT,-0.11781146,0.31587142
189229,L4/5 IT,0.31117928,-0.11419694
53209,Sncg,0.1850075,-0.40215787
227130,Oligo,-0.078874096,0.32359582
253057,L5/6 NP,0.16336773,0.099885985
118882,Astro,0.36652106,-0.062111925
118888,L5 IT,0.120570645,-0.09416591
129625,Astro,-0.21545203,-0.406463
157823,SMC,0.12917928,0.07779358
129582,L2/3 IT,0.09181528,-0.3145188
195137,L4/5 IT,0.15358125,-0.17518072
57097,L6 IT,0.30859357,0.0692275
195854,L6 IT,-0.010495409,0.24332587
118969,Oligo,-0.3334967,0.32197213
79310,Sst,0.351651,-0.048962664
227228,Oligo,-0.045559034,0.3794737
59808,Endo,0.25815034,0.06094544
270044,L2/3 IT,-0.15559588,-0.2926715
189189,Oligo,0.250614,0.25467318
35015,L5 IT,0.16350554,0.24493323
149435,L6 CT,0.18274055,0.27850348
129547,PVM,-0.02775921,0.2055705
195861,L6 CT,-0.19948746,0.18495743
113492,VLMC,-0.00832431,-0.47117087
199338,L6 CT,-0.16303302,0.1840819
72070,PVM,-0.04899259,-0.3120987
119195,L2/3 IT,0.28871602,-0.31909385
269996,Astro,0.1596577,0.26988733
35658,L2/3 IT,0.28118366,-0.31934586
131640,L6 CT,0.17749523,0.33987683
35699,Endo,-0.16232423,0.2245531
189418,L2/3 IT,0.2039843,-0.19965298
129355,L5 IT,-0.23017026,-0.033290517
35836,L6 CT,0.2356116,0.38162637
226859,L4/5 IT,-0.1630881,-0.20872091
129335,L5 IT,-0.058664992,0.25769454
60113,Oligo,-0.24413256,0.35581928
71873,Oligo,-0.21164586,-0.45985472
242471,L5 IT,0.04441805,-0.07229848
214829,Oligo,0.26738137,0.44361538
269967,Peri,0.30798912,0.32904488
119431,L5 ET,-0.22486831,-0.019030165
35865,L2/3 IT,-0.16776003,-0.30654913
148612,L4/5 IT,0.030897781,-0.31372717
52722,L5 IT,0.13292466,0.16813736
226828,L6 IT,0.36919862,0.123928234
71783,Astro,0.17340158,0.5134188
226949,L4/5 IT,0.2564243,-0.05029322
199258,L6 CT,-0.41429263,0.24495624
134880,L6 CT,-0.28092253,0.27702832
25065,OPC,0.100961134,0.4561879
149154,L6 CT,-0.29886717,0.22607355
157939,L4/5 IT,-0.23125751,-0.10558723
134697,L6 CT,0.28025156,0.22888516
131561,Micro,0.1558582,-0.3229496
149071,L5 IT,-0.42426014,0.15337245
134765,VLMC,-0.12360592,-0.472503
72023,Oligo,0.27263558,0.29032934
269982,L5 ET,0.083937034,0.04278027
57257,Micro,-0.16870458,-0.44686204
72487,L6 IT,-0.23592822,0.09221314
274158,L6b,-0.4323398,0.3385725
72003,L6 CT,-0.21374972,0.15894519
259692,L5 ET,0.30802983,0.061262894
53045,Oligo,-0.027595565,0.1280512
148944,Pvalb,0.3408749,-0.09733285
226992,L6 CT,0.31685358,0.3732208
57225,L4/5 IT,0.22340553,-0.22059949
186287,L6 CT,0.24599193,0.20280026
226981,L5 IT,-0.3964761,0.010630596
35622,L4/5 IT,-0.30075932,-0.16815965
148966,L2/3 IT,0.30772322,-0.30384615
34774,Oligo,0.17098527,0.39827126
118853,Oligo,-0.2784959,0.15431486
199390,L6 CT,-0.36861932,0.30077845
118394,L5 IT,-0.2233683,0.08177994
73000,L5/6 NP,0.22484712,0.09197323
34147,L2/3 IT,0.13311963,-0.3181671
72978,L6 IT,0.0037738234,0.2896812
150157,L5 IT,-0.28392166,0.09092264
72961,L4/5 IT,0.22035222,-0.12203406
113671,L4/5 IT,-0.124636844,-0.1365027
218979,L5/6 NP,-0.19132634,-0.0711882
53581,Astro,0.1661819,-0.13599329
57007,L6 CT,0.13492845,0.36546332
113663,Astro,0.00947611,0.46578604
53565,L6b,-0.2903242,0.33801407
254416,Sst,-0.36214072,0.122536525
227476,L5/6 NP,0.11091708,0.16243576
227465,Oligo,0.07379858,0.4238584
134239,L5 IT,-0.20298,0.03926139
59667,L2/3 IT,0.40896857,-0.22094484
57022,L5 IT,0.3225221,-0.03191368
72877,L6 CT,-0.101646736,0.23516141
254374,Oligo,0.025198534,0.41290796
25491,L4/5 IT,0.26072574,-0.1113594
199545,Astro,0.36331445,-0.26833832
134216,L2/3 IT,0.15011542,-0.26540273
230386,Micro,0.07789497,0.4192112
230392,L2/3 IT,-0.20553078,-0.21883653
157598,L5 ET,0.33141422,2.194196e-06
129730,L5 IT,0.3600616,0.029492307
33866,VLMC,0.14280699,-0.45416078
220791,L4/5 IT,-0.14343567,-0.13171257
56992,L6 CT,-0.29123044,0.26508445
151866,L4/5 IT,-0.12110506,-0.15047677
257450,Oligo,-0.2853852,0.37932575
227457,Astro,-0.21541522,-0.20046414
150376,L6 IT,-0.0038689524,0.1282386
33911,Sst,0.26436824,0.0809813
33927,Oligo,-0.1878876,-0.057412665
214359,Astro,0.022227988,0.07389109
257076,Astro,-0.25728387,0.38127786
188893,Astro,0.29443687,0.5078034
79046,OPC,-0.4086339,-0.038763624
220799,L6 IT,-0.36453176,0.27835363
220800,L6 CT,-0.07703672,0.25552183
53599,Endo,0.26149172,-0.2697454
118355,Sst,-0.34542543,-0.07025452
271046,L6 IT,0.3141054,0.16120468
53532,Micro,-0.2537405,-0.030455451
259811,L6 CT,0.20992385,0.18788336
72634,L6 IT,-0.3603748,0.20012604
242271,L4/5 IT,-0.037676528,-0.26690793
149750,L2/3 IT,0.31697613,-0.3084417
186331,SMC,0.34901875,0.02920555
129637,L2/3 IT,0.06098707,-0.37926292
72619,L4/5 IT,-0.30434978,-0.11620991
34630,L6 CT,-0.26616353,0.27859032
118757,L6b,0.15451787,0.40333003
118763,Oligo,0.14069705,0.48343742
118767,L2/3 IT,-0.25459957,-0.28442085
59760,L5 ET,-0.23852338,-0.029511135
53434,Oligo,-0.328965,0.2916516
25374,L4/5 IT,-0.13205089,-0.22254302
149705,L5/6 NP,-0.35335964,0.10903756
131524,Lamp5,0.05080904,-0.4135497
34672,L5 IT,0.2716378,-0.05320282
274288,Astro,0.35086042,-0.27925712
214588,VLMC,0.366727,-0.3886953
212373,L5 IT,-0.24745597,0.16222255
149797,Endo,0.069774255,0.12871735
157692,Oligo,-0.022116259,0.32008582
25474,L4/5 IT,0.3701718,-0.102872565
72673,L2/3 IT,0.39349926,-0.15327041
149941,Oligo,0.30812812,0.48636907
34464,L4/5 IT,-0.17077984,-0.10621251
113644,L6 CT,0.13414906,0.22555332
72807,L2/3 IT,0.40319085,-0.18830945
257850,L2/3 IT,-0.004458502,-0.2581452
219814,L5 ET,-0.22725113,-0.06498532
59686,L4/5 IT,-0.3737111,-0.08140482
72791,L6 CT,0.3146724,0.3425057
227379,Micro,0.42058522,-0.19720535
72841,Peri,-0.2781065,0.1460871
220851,L6b,-0.0073633343,0.38373882
129648,Oligo,0.10864954,0.32568264
72711,L4/5 IT,-0.2597795,-0.075014904
34569,L4/5 IT,-0.18333308,-0.088406965
266662,Endo,-0.1550772,0.03962462
227343,L2/3 IT,0.29958338,-0.32118875
254449,Sst,-0.07239397,-0.104104295
227336,Pvalb,0.27567,-0.096930936
53468,Micro,0.2056142,0.19300114
131749,Micro,0.04307653,-0.43639216
72722,Endo,0.15055685,0.18807851
73283,L2/3 IT,-0.26698124,-0.31583953
26226,Oligo,-0.13043983,0.33194458
151926,L5 ET,-0.2866817,-0.052226346
132514,L5 ET,0.34471577,-0.052279066
253638,Endo,-0.20329426,-0.40455443
132586,L5 ET,0.21018057,0.07504098
29001,Endo,-0.050838485,-0.29264885
156277,L6 CT,0.23459588,0.20933019
76685,L6 CT,0.03573428,0.33397943
57781,L2/3 IT,0.17648558,-0.37061045
130823,L5 IT,0.0072776526,-0.097419664
115195,Pvalb,0.1289268,-0.17241697
229147,L5 IT,-0.07220356,0.10571878
154594,Endo,0.37592185,-0.30367795
132680,L5 ET,0.43723541,0.034776974
77969,L2/3 IT,0.24962775,-0.21004148
213239,L6b,0.05749999,0.38991582
132712,Oligo,-0.06129028,0.49579257
58416,Pvalb,-0.33005375,-0.0035357885
275634,Sst,-0.23759283,0.12230025
187433,OPC,0.14622347,-0.3989599
253642,Astro,-0.3502093,0.08794741
28929,L5 ET,0.42854315,-0.048013937
229191,Peri,0.18732403,0.26964402
132491,L5 IT,0.17504244,0.08877455
28578,Peri,-0.3107761,0.36660814
28627,L6b,-0.35080367,0.33876878
28664,L4/5 IT,0.09185241,-0.1552297
257633,Astro,0.05035852,0.4978767
76813,L6 CT,-0.38989407,0.1181656
130880,L6 CT,-0.3999005,0.19597636
56525,Vip,-0.21689941,-0.27718022
200596,Sncg,-0.31132853,-0.34812686
130871,L4/5 IT,0.404979,-0.14282955
156273,Micro,-0.27861607,-0.41405326
270294,Micro,-0.35653973,0.24897872
154866,L5/6 NP,0.37313962,-0.026260149
187328,VLMC,0.08657752,-0.46008456
28842,L2/3 IT,0.018290684,-0.3755206
76759,Oligo,-0.025284842,0.40785885
187358,Vip,-0.0717804,0.16140227
243503,Astro,-0.12025602,0.14801405
260557,L6 CT,0.21272491,0.39845812
76728,L4/5 IT,-0.06303914,-0.17082866
156319,L4/5 IT,-0.37217486,-0.09218271
76630,Peri,-0.035611913,0.15771185
195465,L2/3 IT,-0.04713814,-0.32798386
154506,Oligo,0.023659274,0.37586683
275163,L6 CT,0.075361595,0.19435541
76381,Endo,-0.2137269,0.11953382
76377,Oligo,0.012612745,-0.027092677
267159,L4/5 IT,-0.16782148,-0.13473044
257564,L4/5 IT,-0.24978586,-0.09579478
26807,L6 CT,-0.08307515,0.35070544
58494,Astro,-0.018110529,0.114758775
115704,L4/5 IT,0.1372057,-0.2913407
154049,L2/3 IT,-0.2962808,-0.35088885
200447,L2/3 IT,-0.08670823,-0.35794866
187595,L4/5 IT,0.25315595,-0.10200177
29811,L2/3 IT,-0.19568677,-0.38051677
130785,L2/3 IT,-0.20125945,-0.3636615
26805,L5/6 NP,0.07385789,-0.07657196
114264,L2/3 IT,0.52310246,-0.17996241
26769,Astro,0.40857738,-0.32107002
187602,L4/5 IT,-0.11993997,-0.19520329
213387,L6 IT,-0.07883243,0.24084143
228906,L6 CT,0.22602831,0.16854517
29667,L6b,0.19423734,0.3991928
156220,L2/3 IT,0.18648319,-0.36692727
154126,L6 CT,0.20830487,0.3412392
76420,Endo,0.37366617,-0.36101973
132782,L5 IT,0.23647527,0.15569936
213278,PVM,-0.17428882,0.23272263
115463,Astro,0.2017511,0.41090286
132796,L5 IT,-0.116002366,-0.044778567
29312,L4/5 IT,0.025590345,-0.23842762
154414,L6 IT,-0.204129,0.16684137
194690,Astro,-0.33970398,0.00016712025
26925,Endo,0.27517748,0.15137975
243478,L4/5 IT,0.046866283,-0.16725744
229033,L6 CT,-0.08489184,0.2176613
156372,L4/5 IT,-0.28013253,-0.15939169
132966,Micro,0.1211739,-0.29565847
29417,Peri,0.016989306,-0.08541037
154371,Lamp5,0.39519006,-0.12813269
29609,L6 CT,0.19884627,0.20844845
156464,L6b,0.07665138,0.38241982
195303,SMC,-0.18169253,0.15199153
247817,L4/5 IT,0.3631432,-0.11070971
154206,L5/6 NP,-0.17894404,0.114901766
257409,Pvalb,-0.34837037,-0.13420044
213393,Astro,0.13532482,0.054673065
156218,Lamp5,-0.18644781,-0.30939293
187288,L5 IT,-0.36297393,0.056206156
132239,L2/3 IT,-0.03733249,-0.31901026
155781,L4/5 IT,0.08560984,-0.21069275
27699,L6 CT,0.17521946,0.31083304
77456,Oligo,-0.022646472,0.379529
56310,L2/3 IT,0.25343764,-0.27834076
27771,L2/3 IT,0.16386203,-0.37089735
155714,L4/5 IT,-0.19613118,-0.2503256
194931,L6 CT,-0.14015456,0.16850369
156013,L4/5 IT,-0.233097,-0.23121895
56298,L6 IT,0.09018873,0.16250806
77339,L4/5 IT,-0.14219971,-0.1629547
27900,Astro,-0.24894841,-0.40886724
77327,L2/3 IT,0.47294366,-0.14833443
229499,L6 IT,-0.08242507,0.18944918
77800,L6b,0.015537038,0.37470865
114883,Astro,-0.04825063,0.470437
220047,Endo,-0.2958939,-0.05072559
77283,L6 IT,-0.3322665,0.17499726
58076,Micro,-0.18754782,-0.42933673
229713,OPC,0.11131136,-0.2932738
27609,L4/5 IT,-0.1906084,-0.12041427
27604,PVM,0.41885334,-0.31321877
229674,Oligo,-0.3892303,0.3538202
212866,L4/5 IT,0.33257264,-0.06719424
77644,L2/3 IT,0.047313467,-0.29024088
155873,L2/3 IT,0.15003423,-0.35305846
219994,L6 IT,-0.03845103,0.3021168
200800,L2/3 IT,-0.22101344,-0.2318817
257607,L2/3 IT,-0.2775638,-0.36514333
253464,L6 CT,-0.25605303,0.19592325
260523,Vip,-0.058755055,0.09088926
219955,Astro,-0.2790979,0.2876941
275535,Astro,0.13733803,0.11113565
275560,Oligo,0.26395392,0.4649685
229600,Endo,-0.17734303,-0.037974816
27554,Astro,-0.004063651,-0.19787575
114714,L2/3 IT,-0.25612575,-0.37030834
27558,L2/3 IT,-0.15913923,-0.3259457
114721,SMC,0.061916396,-0.22979702
195357,L6 CT,-0.014928862,0.2544707
257371,Endo,-0.16847368,-0.21960323
155540,Oligo,-0.30262983,0.3735565
253490,L2/3 IT,-0.30627602,-0.30792934
56242,Endo,0.10834049,0.4166134
275459,L5/6 NP,0.29671353,0.17204516
27172,L6 CT,-0.42163765,0.31403416
77076,Peri,-0.26582527,0.20629148
243521,L6 IT,0.26996833,0.11801164
58224,Astro,-0.042712018,0.16922484
156115,L5 IT,-0.33019793,-0.054343503
77048,L6 CT,0.17052715,0.31197864
115035,L5 IT,-0.27888834,0.14372073
58251,L4/5 IT,-0.19587414,-0.08529498
260429,Endo,0.037477687,0.031517196
115051,Astro,0.4169752,-0.009377699
57822,L4/5 IT,-0.38837612,-0.12599693
155184,L6 CT,-0.07063751,0.1819279
156210,L6 CT,0.04238476,0.2561106
76981,Oligo,-0.27700442,-0.0084554665
246545,L4/5 IT,0.048598096,-0.1762286
58287,Astro,0.21477585,0.27859682
200611,Oligo,-0.28242987,-0.02703629
155044,L5 IT,-0.0043465644,-0.123976186
247873,Astro,0.16872899,0.35336852
155237,Oligo,0.12960212,0.4059196
76886,L2/3 IT,0.42696583,-0.20572259
28250,L2/3 IT,0.27717763,-0.2976058
187152,L2/3 IT,-0.0035303682,-0.31431812
219561,Peri,0.15370445,-0.3018583
58124,L2/3 IT,0.3350318,-0.27667725
28080,L5 IT,0.19929682,-0.045681696
229746,L6 CT,-0.058779374,0.21174292
58130,L2/3 IT,-0.2692296,-0.36447668
155524,Micro,-0.38403696,0.20937501
77847,L5/6 NP,-0.17944567,0.1116849
155475,Oligo,0.0139929205,0.3461703
28164,L6 IT,0.22039543,0.18145435
58137,Pvalb,0.08037029,-0.18493967
28165,VLMC,-0.12613992,-0.47652748
155335,Endo,0.4440499,-0.30234888
77851,L2/3 IT,0.40491998,-0.20889036
266965,L2/3 IT,-0.18051283,-0.25967127
56191,Astro,0.11187868,0.3097388
194891,Oligo,-0.12198602,0.35732716
56161,L4/5 IT,-0.21501763,-0.13750063
220095,L4/5 IT,0.214653,-0.15783907
77852,L4/5 IT,-0.11227588,-0.15002199
58185,L4/5 IT,-0.2606374,-0.15103017
29864,L5 ET,-0.43501008,-0.007668983
55552,L4/5 IT,-0.11345495,-0.18145172
115748,L6 IT,-0.34154314,0.09158151
152506,Endo,0.06364004,0.13053356
130433,L6b,0.19862424,0.40895534
133584,L4/5 IT,0.040582076,-0.16384624
130389,L4/5 IT,0.021575764,-0.113686875
58978,Astro,0.07967119,0.20851396
253985,L6 IT,-0.4037733,0.13458137
31588,L2/3 IT,0.23276977,-0.28247327
213780,L4/5 IT,-0.3511359,-0.09429602
133550,VLMC,0.10303824,-0.45859668
257716,L4/5 IT,-0.25450498,-0.19217904
213784,Sst,-0.34642655,0.0009886809
26317,L4/5 IT,-0.24095152,-0.13980718
31665,L6 CT,-0.27901214,0.16484992
152417,L5 IT,-0.011248007,-0.0649939
213789,L4/5 IT,-0.40958482,-0.1100588
212648,L5 ET,-0.26688665,-0.037939113
31726,L4/5 IT,0.2557794,-0.10523932
152389,Astro,-0.27427447,0.3453911
213783,L4/5 IT,-0.027928665,-0.11677395
152525,Astro,0.2395194,-0.2871081
133528,VLMC,0.20775275,-0.4389785
116614,L4/5 IT,0.12634228,-0.119203284
78355,Endo,0.30954355,-0.23194398
152675,L6 IT,-0.13276331,0.1496465
240708,L4/5 IT,-0.2620842,-0.09013642
195553,PVM,-0.14073466,-0.09659566
186644,L4/5 IT,0.21420549,-0.1729004
116509,PVM,0.21036069,0.11041354
156911,L6 IT,-0.12385689,0.14702956
55022,Astro,-0.26170117,0.26201504
58856,Lamp5,0.38343257,-0.32140768
213734,L6b,0.28653216,0.41674
54989,VLMC,0.50115114,-0.3137349
219292,L4/5 IT,0.25650883,-0.15995018
78395,Peri,0.28012627,-0.27393648
31319,L4/5 IT,0.28046697,-0.1574712
31323,L4/5 IT,-0.123118564,-0.25433195
116587,L6 IT,0.14413665,0.24114905
152602,L4/5 IT,0.44038635,-0.061632555
133463,L4/5 IT,0.23346303,-0.09463693
116607,L4/5 IT,0.011501506,-0.11862071
26281,Endo,-0.33511686,-0.086279646
130323,L5 IT,0.005524829,-0.11910494
54664,L4/5 IT,-0.3628623,-0.12885769
242539,L2/3 IT,-0.22359036,-0.31133696
130233,Micro,-0.40368235,0.16632734
59102,Endo,0.1720892,-0.004680436
219685,L2/3 IT,0.29497164,-0.26924163
32095,L6b,-0.22771992,0.32964498
152095,Astro,0.029151961,-0.1529073
59118,L2/3 IT,0.32244605,-0.22611867
188242,L2/3 IT,0.16032325,-0.20058136
77736,L5/6 NP,-0.28463322,0.01888727
241046,Pvalb,-0.1952612,-0.21896331
116928,L2/3 IT,0.02313511,-0.37490603
59121,VLMC,-0.0107688755,-0.4732054
54473,L5/6 NP,0.2411813,0.04964571
254076,VLMC,0.47790307,-0.31569576
78440,Pvalb,0.23464821,0.14753442
151934,Lamp5,-0.13171382,0.3067584
151929,Astro,-0.3194912,0.14489244
74899,L6 CT,-0.25293833,0.28948736
57624,L5 ET,-0.148584,0.043720294
212619,L4/5 IT,-0.34634864,-0.08025165
133655,Astro,-0.3511955,-0.103006795
31282,L2/3 IT,0.18024276,-0.28353077
131931,L6 CT,0.20341544,0.36613637
59089,Oligo,-0.2363617,0.10402803
31774,L4/5 IT,-0.27916914,-0.14438842
267414,L4/5 IT,-0.30724704,-0.17774905
59028,Astro,-0.23915245,-0.19082443
188157,Oligo,0.13629244,0.48670274
257729,L4/5 IT,-0.12278913,-0.21978937
246591,VLMC,-0.18770812,-0.47851554
31885,Endo,-0.1603098,-0.26532733
116831,L6b,0.24735813,0.4151005
130296,L5/6 NP,0.33035284,0.07831167
130250,Lamp5,0.4851601,-0.2642561
220572,L4/5 IT,0.344846,-0.08465062
274734,L4/5 IT,-0.29761994,-0.19317205
56690,Endo,0.28007817,-0.14425348
54590,L6b,0.011589095,0.38735217
219895,Oligo,0.024845645,0.47363812
245714,L5 IT,-0.25073165,0.027171183
152201,Oligo,-0.04996632,0.49693018
243377,L6 IT,-0.33167118,0.21729027
253200,L2/3 IT,-0.21034266,-0.38600272
152149,Oligo,-0.08119853,0.28865904
26401,L2/3 IT,0.33243543,-0.21993785
75386,Oligo,-0.027601346,0.50188
267339,L2/3 IT,0.13835315,-0.2807162
213477,L6 CT,-0.18607365,0.19545726
76037,L6 CT,0.24838726,0.28311914
55461,L6 CT,-0.04369487,0.19184886
30119,L2/3 IT,0.09667282,-0.36634523
153752,L4/5 IT,-0.3961013,-0.114885375
30288,L5/6 NP,0.44115597,0.07413815
213505,L6 CT,0.07706998,0.13297085
30385,L5/6 NP,-0.35719043,0.015491504
253813,L4/5 IT,0.2367764,-0.08975996
26655,Oligo,-0.030684426,0.49813765
116067,L6 CT,-0.10618056,0.21667711
270808,L6 CT,-0.3241157,0.11036913
220372,OPC,0.30019265,0.16217564
75929,Endo,0.26110506,-0.35480613
153588,Astro,0.014437363,0.51285547
133221,Pvalb,-0.1401956,0.17421864
30457,L2/3 IT,-0.2918434,-0.3388738
78167,L5 IT,-0.36105078,0.060046244
75849,L4/5 IT,-0.040704265,-0.17271884
55466,L2/3 IT,-0.059166327,-0.36840695
275694,Peri,0.22993033,-0.3833153
55508,L6 CT,-0.38434237,0.083044514
76044,L5 IT,0.103664264,-0.0870911
253752,Astro,-0.35612667,0.38408357
29893,L5 IT,-0.41634452,0.06437175
133105,Oligo,0.18072431,0.4821663
58520,Vip,0.30421817,0.24139474
153882,Pvalb,0.19306038,-0.18780656
266809,Astro,-0.0433767,0.49972385
260309,L6 CT,0.25721002,0.41124922
115855,Pvalb,-0.42346287,0.22913872
228867,L2/3 IT,0.051299438,-0.29621282
29955,L6 CT,0.09125404,0.25323617
115870,Pvalb,-0.254313,0.10161339
29971,L4/5 IT,-0.2799421,-0.1731291
30000,Oligo,0.0175028,0.5178543
153821,L6 CT,-0.18611379,0.23442791
243447,L4/5 IT,-0.16203554,-0.17459439
270792,Micro,-0.052234158,0.20116876
30049,L6 CT,-0.36675793,0.13710098
115986,Endo,-0.08138378,0.13576679
115989,Oligo,0.1574084,0.4954123
78112,Astro,0.33491927,-0.3430324
59140,Astro,0.32034856,-0.1478142
130653,VLMC,-0.08599703,-0.47990304
186728,OPC,-0.10154088,0.29805166
187964,Astro,0.55178845,-0.23656543
260195,PVM,-0.036606953,0.21831803
31091,Oligo,-0.23300393,0.2828979
55168,Oligo,0.28894663,0.4348039
274872,L6 IT,0.15632729,0.15769158
275744,L2/3 IT,-0.17240642,-0.3486417
219327,L6 CT,0.09359245,0.18513976
253231,Peri,0.24461906,-0.220688
55152,Oligo,-0.35480642,0.365157
133369,L2/3 IT,-0.24053873,-0.36419287
148547,Pvalb,-0.39629114,-0.10358597
58754,L5 IT,0.37242562,0.033542383
187995,Endo,-0.22503288,-0.41338778
152867,Oligo,0.20283042,0.490938
195292,L6 CT,0.097977206,0.22100972
253934,Endo,0.11160277,-0.20369284
58763,Lamp5,-0.14945798,-0.39366105
152823,L5 IT,-0.08947863,-0.104326144
152742,L5 IT,-0.25766838,0.017094512
58707,L2/3 IT,0.35765415,-0.2593115
156589,L2/3 IT,0.3800106,-0.22267671
75490,Astro,-0.37709475,-0.02574597
55172,L6 CT,-0.066026405,0.18295328
75798,Lamp5,0.46841437,-0.2860207
130642,L2/3 IT,0.4178334,-0.15587343
220392,L6 CT,-0.34868097,0.2913792
253845,L4/5 IT,-0.09327902,-0.20274143
253272,L2/3 IT,-0.072470024,-0.3434603
243435,L4/5 IT,0.19088803,-0.08520712
30702,L4/5 IT,-0.2621733,-0.14118396
56579,L6 CT,0.08003561,0.2487974
58659,L2/3 IT,0.3120669,-0.28539342
153263,Oligo,-0.40699482,0.24984626
228639,L6 CT,-0.14879481,0.21232359
30719,L5 IT,-0.16039012,0.118143186
153211,L6 IT,-0.21311636,0.18173794
213627,Oligo,0.28878963,-0.18428592
153146,Endo,0.2744459,-0.12950642
75573,L6 CT,0.23445629,0.33936024
257226,L2/3 IT,0.2932614,-0.30850285
78262,Oligo,-0.10748042,-0.078509524
153068,L5 ET,0.38668603,0.061220933
26438,Astro,0.008649275,0.05622374
35954,L6 IT,0.21565227,0.22808902
48383,L2/3 IT,0.26848227,-0.3127135
71771,L6 CT,0.27628446,0.29954457
44348,Pvalb,0.42343402,0.12227701
247037,L6 CT,-0.427903,0.24972539
193275,L4/5 IT,0.31132466,-0.100234225
141508,L6 CT,-0.42429942,0.28513312
44458,L2/3 IT,-0.28350246,-0.27299175
65845,L6b,0.13221918,0.4155212
197599,L6 CT,-0.13980593,0.16366635
191762,L4/5 IT,0.10900973,-0.098701015
269029,Oligo,0.024305388,0.4996658
137164,L2/3 IT,-0.10817857,-0.28270292
191783,L6b,0.16656493,0.39196366
197541,L6 CT,0.13064222,0.25620174
44576,L2/3 IT,-0.05871977,-0.24397458
269650,L6 CT,-0.08455326,0.3591066
141364,Oligo,-0.26162362,0.12439935
222027,L6 IT,-0.12760802,0.14668839
50012,Endo,0.23523383,-0.025965195
44764,L2/3 IT,0.3334399,-0.2070693
65698,L4/5 IT,-0.22196986,-0.16808178
223687,L6 CT,0.05494438,0.26219493
62406,L2/3 IT,-0.11576022,-0.291979
127722,L5 ET,-0.038635686,0.05752491
196529,Pvalb,-0.33209616,0.22547363
124596,L5 IT,-0.27230114,0.10979633
256600,Pvalb,-0.22428091,0.13061522
272636,Lamp5,0.3594541,-0.32045913
124343,L4/5 IT,0.12511574,-0.1872934
216744,VLMC,-0.19548203,-0.478779
50132,Endo,-0.41490382,0.02971493
241722,L5/6 NP,0.055127516,0.103928134
44085,L6 CT,-0.11236106,0.24888472
124379,L6 CT,0.24110429,0.14268516
197667,Astro,0.40344763,-0.33136782
268975,L6 CT,0.2784376,0.24115221
62280,Vip,-0.18008359,-0.380352
258667,Endo,0.45492238,-0.22335114
124414,Sncg,0.1855657,-0.39934543
141693,L2/3 IT,0.0043700784,-0.36988154
44134,L4/5 IT,0.095992014,-0.24204521
191698,L2/3 IT,0.2229154,-0.35474545
141663,L6b,-0.40259635,0.33747733
66008,L6 IT,-0.35502875,0.29941845
65989,Oligo,0.16628109,-0.08945005
124538,Micro,-0.05893208,0.50032234
141592,L2/3 IT,-0.11858229,-0.26658428
44251,L4/5 IT,0.43515986,-0.19713269
44321,L6 CT,-0.26989216,0.13388227
216776,L2/3 IT,-0.2718202,-0.38214937
44813,Pvalb,0.29827923,0.23004697
65670,Astro,0.27472544,-0.36384135
141263,L4/5 IT,-0.21347655,-0.16037531
140956,Endo,0.13258938,-0.1848102
140913,Vip,-0.09397443,-0.3117054
45343,VLMC,0.2508096,-0.42494228
140908,L4/5 IT,-0.20823725,-0.093012914
125212,Astro,-0.21072169,-0.33772972
191974,VLMC,-0.13188906,-0.4746593
140757,L4/5 IT,-0.22317971,-0.1868227
269144,L4/5 IT,-0.2519433,-0.13394295
45500,Endo,0.08531962,-0.2394075
140755,L4/5 IT,-0.08118574,-0.16502915
45276,L2/3 IT,-0.17671151,-0.27418315
125299,L2/3 IT,-0.04932262,-0.37942755
45573,L4/5 IT,-0.097476706,-0.20858444
217059,OPC,0.18541513,0.22005592
269170,L4/5 IT,0.42708206,-0.118521705
137516,L6 CT,0.2317565,0.2403578
269180,Astro,-0.22124375,0.38832247
62592,L6 IT,-0.40748549,0.15189444
49596,L4/5 IT,-0.06389941,-0.1310903
140701,Astro,-0.39773244,0.23250107
127409,L2/3 IT,0.21448718,-0.33888143
218039,L6 CT,-0.12217341,0.13038997
49667,L4/5 IT,-0.43444914,-0.11569665
43965,Oligo,-0.111476734,0.04882567
65426,Endo,0.0407141,-0.09623583
141047,L6b,-0.19370212,0.32668924
50009,PVM,0.17451857,0.43970078
141249,L4/5 IT,0.093147084,-0.1756111
62448,Oligo,0.2394595,0.26025838
137340,L2/3 IT,-0.22626127,-0.3626435
65609,L5 IT,0.031845674,-0.07098581
44889,L6 CT,-0.43106914,0.32131112
49854,L4/5 IT,0.29486853,-0.19869228
49841,OPC,0.25123245,0.43430454
197480,Oligo,-0.04646708,0.424089
137411,L6 IT,-0.37518585,0.2196707
216980,Vip,0.5183955,-0.16409548
137444,L2/3 IT,-0.021685198,-0.33511698
45016,Endo,0.094965324,-0.18258478
45052,L2/3 IT,-0.104711875,-0.25044
137452,Sst,0.14042322,0.22235714
125050,Micro,-0.11025567,-0.26271325
125084,L6 IT,-0.04651667,0.28753042
218075,Peri,0.15218465,-0.42249888
45084,L4/5 IT,-0.091854736,-0.18297188
256040,OPC,0.0120420605,0.40582454
258255,L2/3 IT,-0.22206177,-0.3574844
222133,L6 CT,-0.16012911,0.19525401
223650,Oligo,0.06659596,0.42167944
62242,Peri,0.19880341,0.16102825
124238,L2/3 IT,0.41214567,-0.18579908
66188,L2/3 IT,0.15031742,-0.22853346
191329,Peri,0.009217843,0.073448285
216456,Peri,-0.04913099,-0.30531812
142914,L5 IT,0.019354478,-0.10627423
142865,L6 CT,-0.38593823,0.18730758
42786,L2/3 IT,0.34289938,-0.2529388
142827,L4/5 IT,-0.11624907,-0.28721774
221851,L4/5 IT,-0.17528267,-0.20075344
216487,L4/5 IT,-0.16667037,-0.19530158
224366,L4/5 IT,0.28579205,-0.1077839
196439,Oligo,0.2742883,0.51835954
42658,L6b,-0.060856774,0.37086993
123460,Pvalb,-0.19703652,0.254789
66839,L6 CT,-0.07862739,0.35908574
42916,Endo,0.1910228,0.08629255
61903,L2/3 IT,0.48523313,-0.13219167
271643,L5 IT,-0.039972648,-0.02336974
66756,L5 ET,0.086507544,-0.010003846
142742,L2/3 IT,0.45573825,-0.17762469
272792,L2/3 IT,-0.14594625,-0.34335166
66730,L4/5 IT,0.36828327,-0.078363284
66723,PVM,0.16780482,0.4404801
43097,L5 IT,-0.28045285,0.0390154
42891,Endo,-0.30219364,0.10033159
258935,VLMC,0.21389274,-0.43751448
272873,Oligo,0.18970834,-0.012137931
123364,L6 CT,-0.2998963,0.2999128
123063,Endo,0.06297992,0.050815452
67262,L5 IT,-0.17273556,0.114751324
224612,Vip,-0.31033987,-0.25354075
221789,L5 IT,0.108018026,-0.092204645
50650,L5 ET,0.039363727,-0.06046165
242123,L4/5 IT,0.07814561,-0.19042118
67232,L5 ET,-0.0014207214,-0.05575041
61837,L4/5 IT,-0.09511335,-0.21900679
224590,Micro,-0.3249005,0.21121262
67169,Vip,0.30186582,0.05978136
143048,PVM,-0.1352231,-0.2780375
191233,L6 CT,0.112331316,0.20405035
42382,VLMC,0.44355768,-0.3357434
256679,L4/5 IT,0.3054338,-0.11232583
128126,Peri,0.067689285,0.03119402
61867,L4/5 IT,-0.095788404,-0.19496615
143180,Astro,-0.26225543,-0.37172526
67042,L4/5 IT,-0.14236243,-0.2440014
50577,L5 ET,0.12385331,-0.04310755
197961,SMC,0.11397706,0.10725282
218248,Peri,-0.13825874,-0.07876296
42502,L5 ET,0.14231996,0.0027261563
42374,VLMC,-0.25814354,-0.4740453
127392,Endo,0.22284727,0.12940197
216536,Pvalb,0.3175797,-0.25834715
123617,Astro,-0.08223523,-0.08498658
123914,L6 CT,0.2180789,0.34513313
66391,L6 IT,0.22689955,0.28793156
216639,L6 CT,0.1282302,0.3452276
142318,Pvalb,0.0048348755,0.112764046
62178,Astro,-0.37457716,0.04711925
142239,L6 CT,-0.12913086,0.2502312
191568,L5 IT,0.4213475,0.04396354
142183,L5 ET,-0.42581278,0.01380657
123980,Endo,0.103768036,-0.13817786
43733,L4/5 IT,-0.3107378,-0.1008565
66402,Endo,0.30126226,0.431633
123992,Astro,0.17477988,0.46491158
191586,L6 CT,-0.30950272,0.21537314
124073,L2/3 IT,-0.31596518,-0.32247007
43824,L4/5 IT,-0.22568877,-0.14842142
142142,Oligo,0.038067535,0.22661017
43859,L6 CT,-0.024395034,0.26437163
124116,Oligo,0.031810686,0.5029469
43878,Pvalb,0.10261725,0.05585419
224016,L6 CT,-0.018615201,0.16999702
66209,L6 IT,-0.20709373,0.29888678
142000,Pvalb,0.40347713,-0.029753994
127818,L4/5 IT,-0.25897098,-0.14684378
66695,SMC,0.19756715,-0.43850893
191505,L6 CT,-0.036080375,0.2852109
43546,L5/6 NP,-0.40535575,0.047318865
66668,L6 CT,0.28763944,0.30182612
136722,L2/3 IT,-0.072747156,-0.35676846
136766,Sst,0.12011252,0.002150733
247067,L4/5 IT,-0.011305496,-0.14245458
255761,L2/3 IT,-0.20588212,-0.22356077
272755,Pvalb,-0.07431655,-0.2958591
50378,OPC,-0.14616285,-0.064118996
142558,L6 CT,-0.10310994,0.30735928
62092,Lamp5,0.18615435,0.1923322
123691,L4/5 IT,0.02047883,-0.21069984
272715,L6 CT,0.2722124,0.277866
191438,L2/3 IT,0.39187086,-0.17140718
123732,Peri,-0.37894517,0.19961105
224249,L2/3 IT,-0.28929025,-0.29448017
221930,Astro,0.025054947,-0.027287107
255773,L2/3 IT,-0.27660042,-0.38404876
246797,L5 IT,0.08077209,0.059360433
50267,L5 IT,-0.30584282,0.09720068
43408,L6 IT,-0.17113091,0.12415545
256642,Astro,0.08635609,0.5036001
216595,L4/5 IT,0.22478901,-0.080312565
272716,L6 IT,-0.1437429,0.26640898
218199,L6 CT,0.3049872,0.50033426
140645,Astro,-0.1585366,-0.044141036
223460,L4/5 IT,0.09021853,-0.19152267
62633,L2/3 IT,-0.19882156,-0.3061558
222891,L5 ET,0.10104327,-0.015215527
63921,SMC,-0.28092587,-0.12026547
139341,Lamp5,0.08340375,-0.41788623
127067,Endo,-0.2662837,0.19875
63920,L5 ET,0.20398854,0.090186104
63915,L6 IT,-0.210586,0.19792692
258455,L4/5 IT,-0.21900208,-0.19394611
139327,Pvalb,-0.07704006,-0.1286308
222868,Astro,-0.3982618,0.36730987
127054,PVM,0.18566303,0.43779683
222915,OPC,0.13502853,-0.041711908
222867,L6 CT,-0.12704553,0.22368024
192927,L6 CT,-0.06302635,0.20842408
139271,L5 IT,-0.32404298,0.04483186
139266,L4/5 IT,-0.14690237,-0.28200305
63813,PVM,-0.06883694,0.26375914
48811,L4/5 IT,-0.03759013,-0.2518277
139250,L6 IT,-0.23958169,0.14201681
63801,L6 CT,-0.030539319,0.3436408
138381,L6 CT,-0.3590485,0.17863677
242000,L6 IT,-0.3428473,0.126065
222418,L6 IT,0.07669823,0.265967
258444,L6 CT,-0.3756528,0.076956436
63163,L6 CT,-0.43345922,0.24095438
242832,L4/5 IT,-0.13648675,-0.13880591
47332,Oligo,-0.031232312,0.4608944
138122,L6 IT,-0.43174535,0.23128961
272142,Astro,-0.3431427,-0.060567897
139605,L2/3 IT,-0.21877028,-0.3876097
139594,L6b,-0.2204443,0.3190614
246941,Astro,-0.11448075,-0.2100391
126139,L2/3 IT,-0.07844274,-0.38136202
217442,L2/3 IT,0.38494998,-0.18488808
222983,L6 CT,-0.078978464,0.30042112
242842,Peri,0.37004673,0.0619285
139571,Vip,0.23653702,-0.23010342
246935,VLMC,-0.30446327,-0.4711728
272127,L4/5 IT,-0.27318913,-0.21913777
192997,OPC,-0.30571383,0.28757387
127139,L4/5 IT,0.04504229,-0.21237524
217887,VLMC,0.35500818,-0.39107147
271850,L4/5 IT,0.14868264,-0.15695463
49002,L4/5 IT,0.14683919,-0.14700551
64015,Sst,0.4115364,-0.030588012
48997,L2/3 IT,0.32272434,-0.23329659
271859,L5/6 NP,-0.34061354,0.100092396
192485,L2/3 IT,0.18313603,-0.27405345
138263,Oligo,0.16738777,0.46270978
139564,Oligo,-0.26417893,0.36435938
242846,Pvalb,0.17665623,0.24414484
139191,L4/5 IT,-0.09887545,-0.14772649
47688,L2/3 IT,0.37888324,-0.2332821
192856,L4/5 IT,-0.38472962,-0.114428595
138924,L5/6 NP,-0.110851005,0.07060115
192736,L6 IT,0.011288241,0.21945296
126711,Astro,0.16190998,0.4499274
48466,L4/5 IT,0.3833006,-0.037875574
48465,Endo,0.14964573,0.12724243
271982,Vip,-0.34265655,0.18230592
48095,L2/3 IT,0.2907198,-0.21406294
192767,Astro,0.27302188,0.08679335
126776,Endo,-0.17810567,-0.21185784
47924,Astro,-0.175415,0.22680216
222627,L4/5 IT,0.23944186,-0.11772759
48123,VLMC,-0.024051592,-0.4671656
241972,L4/5 IT,0.2466843,-0.06407319
138588,L4/5 IT,-0.11678691,-0.28243914
222590,L4/5 IT,-0.21210183,-0.16666667
241977,L4/5 IT,0.31932795,-0.12136267
48228,L6 CT,0.25098878,0.22634809
48267,L4/5 IT,-0.37078524,-0.097999796
126899,L6 IT,0.22712986,0.2752117
222573,Endo,0.20286904,0.16902368
271960,Pvalb,0.13621949,0.011539925
271937,L6 CT,0.2463886,0.33181626
126448,L2/3 IT,-0.036015585,-0.312818
48513,VLMC,0.045059934,-0.4654301
222685,PVM,-0.1406665,-0.07119034
48753,L2/3 IT,0.32902288,-0.2662092
246922,L4/5 IT,0.29356164,-0.07445125
63169,L4/5 IT,0.03312789,-0.26160344
217583,L2/3 IT,0.24366449,-0.28482258
196997,L2/3 IT,-0.17242254,-0.37193394
258415,L4/5 IT,0.32403368,-0.1647342
139018,L6 CT,0.25758666,0.17177086
196804,Oligo,0.050015405,0.2722091
63602,L5 IT,-0.3304069,0.080250785
127021,Peri,0.28019744,0.36501384
126969,L4/5 IT,0.09271543,-0.19234253
63584,L4/5 IT,-0.3671847,-0.11232196
217621,L5/6 NP,0.14442413,0.17384808
258326,Endo,0.098268315,0.38051063
63569,Oligo,0.1680576,0.5087123
192683,L2/3 IT,-0.17326914,-0.23386724
241970,L6 IT,-0.1614256,0.13264744
48607,L4/5 IT,-0.2646888,-0.13542311
258402,SMC,-0.2816736,-0.1364261
258401,L6 CT,-0.25650692,0.2707417
246886,OPC,-0.15335388,0.28349847
138933,L2/3 IT,0.2157533,-0.3653461
192655,Endo,0.10302912,0.38543516
67301,Micro,-0.31396568,-0.091164485
217415,L5/6 NP,-0.025221571,-0.045125347
137996,L2/3 IT,0.21331267,-0.3622068
197286,L6 IT,0.13991068,0.28884715
64957,VLMC,0.09359793,-0.46112037
197283,L2/3 IT,0.0045279413,-0.38903314
271782,L2/3 IT,0.039344266,-0.2913216
140416,Pvalb,0.16739021,-0.18006484
46136,Endo,-0.3096329,0.15336846
217194,L6 CT,0.2748456,0.34167355
49417,Peri,0.18627207,0.31708288
49390,L2/3 IT,0.25911254,-0.2269458
49382,L6 CT,0.10134779,0.18867187
64971,PVM,0.14607929,0.2801572
258544,L4/5 IT,-0.2814023,-0.19594954
64928,L6 CT,-0.16238324,0.16828297
64908,L4/5 IT,0.13834827,-0.08393164
217970,L6 CT,-0.3145476,0.2984534
140367,L4/5 IT,-0.02041547,-0.14360656
64837,L5 ET,-0.40490162,-0.000993263
64815,Astro,-0.31856918,0.22920899
272288,L5 ET,-0.1158755,-0.02234779
140314,Endo,-0.17077743,0.03557216
140270,VLMC,0.27168733,-0.41628313
46319,Oligo,0.22310923,-0.13526581
137765,Endo,0.086204275,-0.16383256
217967,Endo,-0.31050777,-0.09423138
49473,L5 IT,0.04437639,-0.09101482
137694,L6 CT,0.15849595,0.22663246
256093,L6 IT,-0.33646297,0.25854117
137676,L6 CT,-0.41420442,0.1619216
45816,L6 IT,0.31536204,0.25775087
125452,PVM,-0.015401587,0.48044002
45893,Pvalb,-0.07599421,0.21697645
45968,L5 IT,0.40931326,0.10425477
45994,L4/5 IT,-0.10769124,-0.18411224
46015,L6b,-0.1869619,0.34651506
46035,Peri,-0.24751653,-0.11459096
125622,Oligo,0.22961853,0.51288426
223367,Astro,-0.15254228,0.2475401
46042,L2/3 IT,0.020193473,-0.33465105
256113,L4/5 IT,-0.2604859,-0.16191249
49539,Astro,-0.022863075,-0.2694345
49522,L5 IT,-0.39001727,0.07423352
125670,L6b,0.06712769,0.36579126
125696,L4/5 IT,-0.24172999,-0.15381022
246208,Astro,-0.42350483,0.12706707
46070,L6 CT,-0.13911508,0.325105
64983,VLMC,0.17224257,-0.45009416
197287,Oligo,-0.34159702,0.28188288
64980,L2/3 IT,0.19335328,-0.2867683
223376,L4/5 IT,-0.31884205,-0.10990341
246946,L4/5 IT,-0.06871496,-0.21730874
140228,L2/3 IT,-0.06008412,-0.35032815
217240,Astro,-0.27456468,-0.15999876
197208,L6 CT,-0.43255,0.1580153
217305,L5 IT,-0.43553454,0.05841391
64436,Astro,0.058759704,0.17087232
46540,OPC,-0.28566355,0.02670138
62942,L6 IT,-0.253429,0.1299725
46553,L6 CT,-0.03383018,0.36523396
64393,L6 IT,-0.0964327,0.16638921
46566,OPC,-0.28907245,0.3247847
217321,Peri,0.09022765,0.35048217
46570,L5 IT,0.34093457,0.03838687
127237,VLMC,0.15651982,-0.45339027
197198,Endo,0.08513956,-0.044932585
64356,Oligo,-0.2623102,0.07240538
46629,L4/5 IT,-0.20670922,-0.15466215
223165,L5 IT,-0.050054863,0.06575583
246221,Lamp5,0.07632105,-0.27263445
269346,L5/6 NP,-0.1417936,0.09069155
139888,L2/3 IT,0.013847813,-0.36493942
64307,Astro,0.2981463,-0.39134237
256508,Endo,0.50285107,-0.19855176
46831,Oligo,-0.09612788,0.32504553
223105,L4/5 IT,-0.12417357,-0.18102859
217333,L4/5 IT,-0.13784899,-0.13563319
192185,Endo,0.26840985,0.43088377
272235,L4/5 IT,-0.1535054,-0.13056313
197217,L6 IT,0.051714376,0.21321999
140209,L4/5 IT,0.123807356,-0.17549928
140204,Micro,-0.26593906,-0.10300736
241857,L6 CT,0.066006705,0.22638516
46396,L6b,0.114152595,0.39182514
217258,Pvalb,0.05106853,0.15177076
46398,SMC,0.5369534,-0.22872941
64633,L2/3 IT,0.29119772,-0.23175518
196676,Astro,-0.023291096,-0.06424488
64632,L4/5 IT,-0.027923808,-0.16252513
193095,L6 IT,0.17295073,0.272357
246960,L5 IT,-0.1372488,0.14112149
222303,L5 IT,0.41351157,-0.010467868
46407,L5 IT,-0.13318829,0.060370494
125780,L2/3 IT,-0.09483351,-0.27326086
127275,Peri,-0.29789096,0.3083772
137804,L6 IT,-0.08102848,0.12682365
222318,Endo,0.27639002,0.086921856
217277,L6 CT,0.13836531,0.19547842
269290,L2/3 IT,0.030367836,-0.36515024
64559,L5 ET,-0.13174091,-0.029139113
62921,Endo,-0.4147538,-0.12863909
125820,L6 CT,0.17472999,0.16907124
137789,L4/5 IT,0.26137275,-0.09732123
214865,Endo,-0.25252187,-0.02096058
50673,Oligo,-0.35186994,0.19927566
42105,L2/3 IT,0.102126226,-0.2841938
196045,Astro,-0.15827863,0.15936778
221264,PVM,-0.39784443,0.3331344
146888,Oligo,-0.2609446,-0.18957634
226046,L2/3 IT,0.17989872,-0.31232408
129014,Astro,-0.076567635,0.023299146
120872,L5 IT,-0.20043017,0.04985069
70109,L4/5 IT,0.12818854,-0.11080624
146842,L4/5 IT,0.119907185,-0.081301495
146808,L2/3 IT,-0.2904216,-0.2253625
52254,L6 CT,0.044497147,0.28635937
268257,Micro,0.18916444,-0.37995055
38275,L5/6 NP,-0.19048126,0.06392442
70080,L6 IT,0.010809436,0.27106172
225977,Endo,-0.038937464,-0.10436402
225964,L4/5 IT,-0.29640585,-0.12657188
70049,L5 ET,0.17228876,0.062218238
38353,L6 CT,0.026113257,0.30587304
52233,L2/3 IT,0.5392139,-0.1901264
52219,L5 ET,-0.06375067,-0.06550993
190073,L2/3 IT,-0.25786126,-0.26048297
38397,Astro,0.12651603,-0.10186668
146929,Oligo,0.06892948,-0.16502173
37929,Pvalb,0.2833432,-0.05369855
218656,Oligo,0.26784074,0.45372337
226079,OPC,0.08642088,-0.32678038
70533,L2/3 IT,-0.18508591,-0.26740676
218665,L6 CT,-0.029952213,0.32066
147352,L2/3 IT,0.32711583,-0.29771125
70504,Oligo,0.118253216,0.40239006
243139,L4/5 IT,0.24166863,-0.19848521
70503,L4/5 IT,-0.09845959,-0.12649594
254901,L6 IT,0.03148274,0.33723956
196012,L4/5 IT,0.037446335,-0.26210952
189851,L2/3 IT,0.33248532,-0.24815486
70433,Endo,-0.41933358,0.1932454
120958,Astro,0.08911364,-0.3403523
189876,L4/5 IT,-0.00883995,-0.22600274
189905,L2/3 IT,0.1784784,-0.2989248
189921,L4/5 IT,0.36733782,-0.15292726
70336,OPC,0.3579675,-0.3088025
70335,Astro,-0.09149851,0.081191644
52287,VLMC,0.33097863,-0.3974118
70326,L4/5 IT,-0.38684016,-0.10077728
146972,Micro,-0.1546063,-0.077526316
146958,L6 IT,0.10879104,0.2698673
256899,L6 CT,-0.15112682,0.18624268
120708,Micro,0.07139443,-0.03981648
198858,Astro,0.0002040118,0.16121213
146626,L6 IT,-0.1997646,0.26263106
190082,Oligo,0.20016013,0.5003603
128984,L2/3 IT,-0.1518134,-0.23125546
255122,Lamp5,0.01407291,0.36299604
69659,L6 CT,0.0457374,0.3348763
268346,Lamp5,0.45540786,-0.28659764
259364,L5/6 NP,-0.30828375,-0.056347232
135631,L6 CT,-0.386414,0.27178907
221362,Peri,0.4201818,0.117166266
121313,L2/3 IT,-0.26093674,-0.23662533
69636,PVM,-0.21330221,-0.032164793
215563,Peri,0.28450918,-0.2726202
128877,Oligo,0.0762267,-0.11396466
146313,SMC,0.12203233,0.09114121
69633,L4/5 IT,0.07903938,-0.15365054
215568,L2/3 IT,-0.041961238,-0.3893976
60783,L5 ET,-0.40972233,0.01488005
128874,Micro,0.39124328,-0.31834197
121447,L2/3 IT,0.0897163,-0.26057464
193793,L5/6 NP,-0.09510575,-0.0021540634
121482,OPC,0.009572849,0.34290683
145987,Micro,-0.23378725,-0.25942332
128827,L4/5 IT,0.17530404,-0.20159145
69444,Oligo,-0.38640332,0.25171208
218558,L6 CT,0.27432847,0.19778411
242662,L4/5 IT,-0.2947893,-0.19734682
218668,VLMC,0.4626494,-0.32167614
146333,L5 IT,0.1534848,0.14680766
38785,L6 CT,-0.21599321,0.28683525
146608,L2/3 IT,0.46729672,-0.17129253
52216,Endo,-0.39390165,0.016446728
190093,L5 ET,0.08083509,0.04691552
135514,L2/3 IT,-0.030951843,-0.35884368
69977,Peri,0.2280759,-0.38815558
52134,L2/3 IT,0.04210277,-0.3058797
69947,L5 ET,0.034759924,-0.009967994
268278,L6 CT,0.15145092,0.39652145
146550,Astro,0.06869404,-0.27454174
135595,Oligo,0.25962514,0.3455314
215532,L5/6 NP,0.17254369,0.1825308
146491,Astro,0.50841004,-0.17168386
190156,L4/5 IT,0.17028074,-0.15785204
38638,Astro,0.387289,-0.28768113
135603,L2/3 IT,0.07443069,-0.2599594
38663,L5/6 NP,0.38834,0.08899407
259409,L5 IT,0.25598317,0.050839175
273554,L4/5 IT,0.06827609,-0.18985714
135613,L6 CT,0.22047482,0.38795447
38736,L6 IT,-0.18052955,0.1352586
38757,L4/5 IT,0.51514965,-0.13244782
273544,Oligo,0.24486761,0.47199804
38547,Micro,0.05702515,0.09787892
135272,L4/5 IT,0.072439715,-0.21553968
70544,L5/6 NP,0.23966543,0.16188537
52300,L2/3 IT,-0.30173242,-0.20854191
195961,L5 IT,0.32835275,0.039388705
71364,Endo,-0.32713675,-0.020858388
242642,L4/5 IT,0.17588018,-0.17421983
119675,SMC,0.5098918,-0.31826213
247440,Oligo,-0.056262717,0.4199314
148199,L2/3 IT,-0.14291428,-0.30917433
36496,L2/3 IT,-0.16635917,-0.29123828
189578,L4/5 IT,0.05520539,-0.1642506
221141,Endo,-0.40248138,-0.009424936
148109,L6 CT,0.10974835,0.21545027
52611,L6 CT,0.20099638,0.39309257
36574,Sst,-0.2868597,0.17781363
189608,L5 ET,-0.33689374,0.011591781
36688,L4/5 IT,0.17522828,-0.15318833
218744,Oligo,-0.07032631,0.3480106
271268,Micro,0.25257766,-0.34962076
189630,L2/3 IT,-0.20498623,-0.33786577
147988,L2/3 IT,-0.29872268,-0.24719931
71211,L6b,0.2809394,0.4221046
71206,L2/3 IT,-0.28893584,-0.24354906
189655,Oligo,0.10694967,0.43017173
189665,Astro,0.36463588,0.065660164
189607,Micro,-0.28640914,-0.34703714
119821,Pvalb,0.22419219,0.20873503
226644,Astro,-0.020288303,-0.15068822
36353,Endo,0.3428918,-0.27372843
245866,L2/3 IT,0.07760964,-0.30742818
135012,L6 CT,0.28001797,0.38580942
148500,Oligo,-0.29032147,0.3491977
52679,Endo,-0.37247878,0.20811234
71722,Lamp5,-0.054128423,-0.38675958
199204,L5 IT,-0.074081704,0.057471324
71681,L2/3 IT,0.2235208,-0.24427898
135014,L4/5 IT,-0.25325346,-0.17598961
245870,L4/5 IT,0.14371775,-0.18715034
36076,Micro,-0.36082077,-0.07310979
119561,L5 IT,-0.10244192,0.06586145
148472,L4/5 IT,-0.021810547,-0.21157284
52676,L5 IT,-0.4212528,-0.05753259
148457,L6 CT,0.05947639,0.15487169
60204,Oligo,0.14969383,0.47522902
271244,Endo,-0.3733567,0.12831657
71593,L6 CT,-0.22472109,0.29819268
226714,L5/6 NP,-0.27148312,0.07134448
119539,Vip,0.27885622,-0.17484726
148330,L6 IT,-0.13002308,0.2974134
71487,L6 CT,0.03245528,0.35341257
36339,L6 CT,0.28181946,0.20583831
71645,L2/3 IT,0.3007813,-0.2895893
39234,L5 IT,0.32628596,-0.03235803
256954,Oligo,-0.3071162,0.3395627
36812,Oligo,-0.28181905,0.29793602
273820,L6 IT,0.2673695,0.16250686
120241,Pvalb,-0.11508335,0.08352505
120255,L6 CT,-0.024760708,0.33624184
60362,L5 ET,0.07293557,-0.045553755
120331,L2/3 IT,-0.25351387,-0.30117005
268168,Astro,0.076745674,0.36399025
120337,L4/5 IT,-0.2858491,-0.15496473
70726,Oligo,0.054747567,0.30917197
135162,L6 IT,-0.3214448,0.20725624
241375,L2/3 IT,-0.2885173,-0.36169624
70803,Astro,-0.27189898,-0.08710493
37202,Endo,0.055159166,-0.4541313
198903,L5/6 NP,0.02798684,0.11502765
120425,L4/5 IT,0.3587572,-0.073781654
259492,L2/3 IT,0.053695336,-0.12565069
60393,Micro,-0.38959688,0.15692125
226243,Sst,0.14613675,0.11892365
60401,Oligo,-0.39680344,0.38925052
215220,Astro,-0.24434187,0.33387846
226239,Lamp5,0.033835158,-0.41174793
70582,L6 IT,-0.046275422,0.25646007
189788,Peri,-0.18695857,0.05406027
120385,Astro,0.052878544,-0.438898
135115,L5 IT,0.31284267,0.08198242
60361,L6 IT,0.29441828,0.15098421
147687,L6 IT,-0.0020285398,0.11767016
254781,L5/6 NP,-0.26941335,0.03601866
135133,L2/3 IT,0.16947095,-0.3424247
71102,VLMC,-0.11910097,-0.47510162
60320,L4/5 IT,-0.16429578,-0.1433007
71101,L4/5 IT,0.01264073,-0.15104018
147873,L2/3 IT,0.27489275,-0.22399472
52409,L2/3 IT,0.0055360645,-0.2843992
119984,L6 CT,-0.28216553,0.2386307
259560,Astro,0.036217973,-0.23774613
269933,L2/3 IT,0.08387713,-0.35720327
147685,L5 ET,0.2672177,-0.05192147
70939,L6 CT,0.2873696,0.31890458
120053,Micro,0.19304852,-0.42539307
120062,L5 IT,-0.2937535,0.08180641
147786,L4/5 IT,0.05153884,-0.23066635
70920,L2/3 IT,0.41732502,-0.13894294
147768,L2/3 IT,-0.30985194,-0.2747011
199002,L4/5 IT,0.29964417,-0.05559812
120116,Peri,0.14473747,-0.17418031
135140,L6 CT,-0.12915547,0.24075763
135147,L4/5 IT,-0.38728493,-0.13339828
37060,Oligo,-0.36613977,0.38199657
218709,L2/3 IT,-0.11565404,-0.38712114
69429,L2/3 IT,0.017145976,-0.32486856
51980,L6 CT,-0.43612987,0.24808072
190379,L6 CT,-0.02887778,0.23453419
68121,Oligo,0.22591488,-0.067033276
40936,Oligo,-0.42976773,0.064691946
136342,Astro,-0.31485456,0.14681564
40993,SMC,0.11103301,-0.4559723
51079,VLMC,-0.180431,-0.47207233
41022,L6 CT,0.24621247,0.33915925
41046,L2/3 IT,0.10902558,-0.3076445
144360,Oligo,0.2636038,0.23658584
144336,L6 CT,0.17476289,0.3652839
248053,Oligo,-0.29336262,-0.17271097
40918,Oligo,-0.03471999,0.34972525
198239,L5 ET,0.031306908,-0.013680976
128356,L4/5 IT,-0.1106195,-0.2346945
144302,L2/3 IT,-0.18109567,-0.2793361
41226,Endo,-0.4133566,0.17465453
41282,L2/3 IT,-0.18187656,-0.3335687
128336,L4/5 IT,-0.2895488,-0.102212116
41300,Astro,-0.10734595,0.33462846
144208,Lamp5,-0.31069028,-0.22911702
216109,L6 CT,0.18883102,0.28877336
224985,PVM,0.27718645,0.37499666
221684,VLMC,0.41979486,-0.36195055
136438,Vip,0.016784266,-0.19548671
128274,L2/3 IT,-0.17381398,-0.36469275
40912,L6 CT,-0.15955324,0.29215598
122365,Oligo,0.2613454,0.47267812
190739,L4/5 IT,-0.2929446,-0.15139575
51459,Lamp5,0.29558277,0.40326273
225263,L5 IT,0.19424097,0.13373952
144738,L4/5 IT,-0.2792619,-0.08232249
256752,VLMC,0.43766767,-0.33986968
144727,L4/5 IT,-0.10262625,-0.23664616
136214,L4/5 IT,-0.045988277,-0.15768854
68390,L4/5 IT,-0.32603794,-0.13515018
144694,L4/5 IT,0.08512889,-0.2178049
273203,Micro,0.14272664,0.1899306
225172,PVM,-0.028815731,-0.38288075
144665,Oligo,-0.26574343,0.1827843
40773,Oligo,0.008234963,0.39879435
61395,PVM,0.28793484,0.35008776
144575,L6 CT,-0.32736516,0.30680346
144534,L4/5 IT,-0.15592106,-0.14193968
144527,L4/5 IT,-0.3749206,-0.1284071
136324,L2/3 IT,-0.0077332407,-0.3801383
51285,Oligo,-0.028736934,0.37925434
136326,Peri,-0.33418238,0.3350644
68281,L2/3 IT,0.040977523,-0.3152303
246764,L5/6 NP,-0.20225938,-0.0034801774
136262,L4/5 IT,0.14239024,-0.23485856
190729,L4/5 IT,0.077255234,-0.22636019
67862,L4/5 IT,-0.21338193,-0.17068432
198205,L6 IT,-0.2393213,0.15956245
143920,Endo,0.10948001,-0.36037275
122823,Peri,0.04131396,0.024781335
143827,L5 IT,0.0907834,0.08548854
143788,L2/3 IT,0.48123503,-0.17495598
67549,L5 IT,-0.31264877,0.05221467
196362,OPC,-0.056110606,0.51145315
50847,Peri,-0.3164668,0.21718274
50800,L6 IT,-0.3381434,0.20887117
143625,L6 IT,0.11716209,0.26211762
259046,Vip,0.075966045,0.25988764
273019,Endo,0.37862408,-0.12155454
241602,PVM,-0.13375197,-0.09368195
136598,Endo,-0.24458767,0.17033987
247124,Oligo,-0.27736032,0.33565038
255624,L6 IT,0.22506402,0.07129155
67417,L5 IT,-0.0946026,0.11305682
216284,L2/3 IT,0.1751182,-0.27514786
42049,Oligo,0.12384634,0.45622194
143543,Endo,0.16714017,0.07318501
122927,L4/5 IT,-0.022062108,-0.1652929
143524,PVM,0.052886143,0.36225742
143415,L6 CT,0.16792499,0.22913776
198069,Astro,0.46481442,-0.25612193
41489,Vip,-0.2796905,-0.24081562
50918,L6 CT,0.018343017,0.2742802
41799,L4/5 IT,-0.21433075,-0.12348719
51006,VLMC,0.30142742,-0.41441557
41523,Endo,0.4926752,-0.19492511
67822,L4/5 IT,0.026224598,-0.16949235
41527,L6 CT,-0.20643301,0.22335212
122667,Astro,0.20373361,-0.3256322
122684,L5 ET,-0.19099261,-0.023170602
122686,L2/3 IT,-0.073083594,-0.27108663
41576,Endo,0.10068463,-0.26919183
67750,Oligo,-0.23838802,0.3201248
216163,Micro,0.30514938,0.42243093
216209,L6 CT,-0.15410955,0.31268084
50991,Astro,0.08781533,0.2478439
190988,Astro,0.2853223,-0.041334253
216171,L5 IT,-0.36720204,-0.035689335
67714,L6 CT,0.25759912,0.19802712
144000,L4/5 IT,-0.15414421,-0.09731464
268641,L4/5 IT,0.43222487,-0.12930255
122757,L2/3 IT,0.115547046,-0.36668494
143996,L2/3 IT,-0.29624707,-0.3645497
196345,Peri,-0.018248335,0.20418571
50969,VLMC,0.124295935,-0.45531756
41789,L4/5 IT,-0.12675564,-0.19796394
41590,L2/3 IT,0.43733764,-0.20113681
67353,L2/3 IT,0.35527104,-0.24425109
122264,L5 ET,0.16266869,-0.06067733
122255,L4/5 IT,-0.17748751,-0.16862549
61030,L6b,0.23561434,0.39374644
51813,Astro,0.0523894,0.5028494
128679,Pvalb,-0.09086062,0.20660894
198534,L4/5 IT,-0.28157747,-0.20740338
145701,L2/3 IT,-0.30893356,-0.36407852
121765,Endo,-0.08341585,-0.15311383
39699,PVM,0.1530507,-0.29524553
69121,Oligo,0.21690683,0.029009212
39704,VLMC,-0.13984273,-0.4735978
51806,Peri,0.13653068,-0.25897253
246373,L5/6 NP,-0.12068649,0.035858322
51778,Oligo,0.1799693,0.45333892
256790,Pvalb,-0.3057829,0.2772203
69066,Astro,0.39514226,-0.10542883
69051,L2/3 IT,0.12122075,-0.2849395
61128,L6 CT,-0.43658704,0.18144678
51732,Peri,0.39718348,0.07299392
218472,L4/5 IT,-0.22594704,-0.11537404
215776,L6 CT,-0.3724051,0.28711116
198467,L5 IT,-0.27407342,0.07918607
256784,Pvalb,-0.041916832,-0.113493636
145464,L2/3 IT,-0.14785086,-0.35198292
121821,L4/5 IT,-0.010392591,-0.19322683
39847,Endo,0.13536315,-0.40519542
69204,L6 CT,-0.23374556,0.31529808
121687,L4/5 IT,-0.32926828,-0.11469196
258033,L6 CT,-0.40733767,0.3318851
60908,Astro,0.07535152,-0.18087916
273445,L6 CT,-0.1288525,0.28157926
121571,OPC,-0.2674421,0.34597403
121581,Endo,0.20611976,-0.1289257
259300,L6 CT,0.16799437,0.31478435
135785,OPC,-0.060873225,0.029525865
218535,L5/6 NP,0.21195589,0.09172301
135829,L4/5 IT,0.1624469,-0.21267064
39378,L2/3 IT,0.39938164,-0.24618922
121692,L2/3 IT,0.09959559,-0.3651799
225650,Endo,-0.39283085,0.14782618
198562,L6 CT,-0.08776231,0.34611285
145904,PVM,0.22374378,0.42392027
268397,L4/5 IT,0.16888689,-0.11282231
69284,L4/5 IT,-0.25877082,-0.10459088
246733,Pvalb,-0.43757176,0.21117465
273419,Pvalb,0.39960402,0.03928696
190398,L6 IT,-0.18381982,0.28530902
145892,Endo,-0.16128843,-0.4394192
69239,L6 CT,-0.036026224,0.1831194
145844,L6 IT,0.07677184,0.2186393
135830,L5 IT,0.25221747,0.04910182
225283,L6 CT,0.24785368,0.35002297
145440,L6 CT,0.21854554,0.3314315
259234,Peri,-0.4356547,-0.027243119
68672,L5 IT,-0.42133373,0.07869618
40292,L5 IT,-0.37671506,-0.057356697
40294,Astro,-0.3160023,0.36624503
40297,Micro,-0.18649893,-0.09806405
122073,L6 IT,-0.10133858,0.26823533
190651,Micro,-0.070449516,0.33618522
198407,L2/3 IT,0.21794508,-0.26383787
145037,Micro,0.105277464,-0.39484158
68655,L4/5 IT,0.16540317,-0.28614062
61294,L6 IT,0.15399615,0.12398027
68697,Astro,0.26139098,-0.3266051
145030,L6 IT,-0.042929813,0.12474619
122130,L2/3 IT,0.0056355447,-0.25849617
215902,L4/5 IT,-0.22695242,-0.15486516
40484,L6 CT,0.31671333,0.2921316
144990,L4/5 IT,0.19158529,-0.13738523
61314,L6 IT,0.18558244,0.2539271
122190,L4/5 IT,0.33908683,-0.15989627
190698,Endo,-0.045624748,0.20886068
68513,L6 IT,-0.3170445,0.24507795
122230,L6 CT,0.12757675,0.29795873
273231,L4/5 IT,-0.2388726,-0.17303105
247201,L4/5 IT,0.21198843,-0.1149023
145424,L6 CT,-0.3807531,0.17227648
40195,L5 IT,-0.02380611,0.05344801
145144,OPC,-0.076029494,0.37344962
121975,L4/5 IT,0.26109076,-0.08278738
225479,Sst,-0.41983038,-0.029275905
39882,L4/5 IT,0.20442449,-0.29579246
242181,L4/5 IT,0.13560496,-0.19961475
145362,Endo,0.3875022,-0.349056
145329,L2/3 IT,0.5302734,-0.17299782
215800,L6 CT,0.31131464,0.4961275
271432,L4/5 IT,-0.05214958,-0.18743668
145270,Oligo,0.22145496,0.48291236
268450,L5 IT,-0.15656902,0.1050968
190634,L4/5 IT,-0.2847029,-0.14957832
242176,L5 ET,-0.21438612,0.03218328
273337,L2/3 IT,-0.22994547,-0.27541593
190586,Peri,0.14826165,-0.29226515
68848,L2/3 IT,0.2877742,-0.24241354
68837,Astro,0.41980493,-0.080107644
145254,L6 CT,0.16615818,0.37840313
122063,L4/5 IT,-0.076291725,-0.18919702
145239,Endo,-0.03789161,0.13054352
128567,Endo,-0.2575546,-0.21772702
51564,Pvalb,-0.25010103,0.21598832
122072,Astro,-0.41980934,0.0020671673
193690,L5 IT,0.26258928,-0.019021433
158100,L2/3 IT,-0.296328,-0.30932638
28435,L4/5 IT,-0.3391859,-0.13261531
12657,L5 IT,-0.18986066,0.009075422
209241,L6 CT,-0.42432833,0.2940607
169104,L4/5 IT,-0.13248499,-0.20730518
88579,L6 CT,0.12322907,0.35383517
235014,Endo,-0.09070243,0.13200198
209254,Micro,0.07882886,-0.42587176
88575,L6 CT,-0.23772182,0.2845865
104747,L5/6 NP,-0.12409811,0.25228703
11887,L6b,0.1702622,0.3857485
11938,Oligo,0.06596081,0.44218045
168977,L5 IT,-0.054657742,0.25492096
11948,L6 CT,0.22137891,0.260889
169109,Endo,0.55680686,-0.29419047
11953,L4/5 IT,-0.36022514,-0.09756799
248735,Oligo,-0.21798755,0.29980814
88425,L5 IT,-0.36271447,0.024835575
182667,Oligo,-0.14454661,0.3506776
168915,L5 ET,0.15631269,-0.024055075
244175,L6 IT,-0.39355332,0.10259502
104941,L2/3 IT,-0.30347764,-0.36399192
12062,L6b,-0.3941015,0.3290304
168892,L2/3 IT,-0.15013392,-0.2829508
12119,L6 IT,0.058581755,0.21733795
182705,OPC,0.1627581,0.48819333
265017,L5 ET,0.038949087,-0.029204171
104827,L4/5 IT,0.19846515,-0.16317658
88255,VLMC,-0.07231398,-0.47678286
11809,L2/3 IT,-0.005280778,-0.28873155
11782,L2/3 IT,-0.053718373,-0.27295232
251038,L2/3 IT,0.15964584,-0.35139287
88919,Micro,-0.29384965,-0.32230514
88891,L2/3 IT,-0.24600585,-0.38213512
11632,L6 CT,-0.13013805,0.17057274
182554,L4/5 IT,0.2950377,-0.16462009
169338,Oligo,-0.17553331,0.3624316
88844,Sst,-0.28723598,0.045130957
11666,OPC,-0.2316779,-0.19031169
11670,L6 CT,0.08904062,0.365633
235115,Micro,0.41848773,-0.26213545
104529,L6 IT,-0.19604267,0.23203044
104661,L4/5 IT,0.3553638,-0.09442486
169336,L5/6 NP,0.245055,0.076861486
235111,Lamp5,-0.1433426,-0.434628
278230,L5 ET,0.19064681,0.022482622
88751,L6 IT,-0.13831715,0.28029847
11705,Oligo,0.22287951,0.48849154
104629,L2/3 IT,-0.08234294,-0.33266443
245006,L6 IT,0.28001583,0.17059128
169205,L2/3 IT,-0.0464461,-0.23461021
182592,L4/5 IT,-0.07974352,-0.17185403
251109,L5 IT,-0.2998181,0.07955168
88694,L6 IT,0.03889586,0.12720977
209218,Pvalb,-0.34094787,0.23530726
104554,L2/3 IT,-0.1622862,-0.40340188
168794,L5 IT,0.33421624,-0.044171404
105013,OPC,0.30883175,0.4815575
203997,Astro,0.34487122,-0.17685665
105549,L6 CT,-0.36012232,0.14984028
12957,Sst,0.34766412,-0.04735033
265114,Oligo,0.18250237,0.14023463
278021,L4/5 IT,-0.2985736,-0.10051803
87557,L4/5 IT,-0.21229349,-0.15400957
12999,L4/5 IT,-0.15644096,-0.1566212
87545,L4/5 IT,-0.14336295,-0.14214857
168178,L6 IT,0.028322384,0.16497563
105687,Astro,0.5431357,-0.2031831
182989,L5 IT,-0.32361555,-0.036414903
87521,L6 CT,-0.19178231,0.16460179
251246,Astro,0.33593225,-0.23055749
203750,Pvalb,0.3523534,0.05364238
168009,Oligo,0.23874734,0.44599438
167987,L2/3 IT,0.30684954,-0.28017324
167951,Oligo,0.24083386,0.48051602
203727,L2/3 IT,0.027837172,-0.34189108
265140,L5 IT,-0.32642,-0.04829062
105845,L4/5 IT,0.10419266,-0.21551351
234531,L6 CT,0.12583278,0.15331535
203720,L5 IT,-0.039651737,0.077336356
234528,L2/3 IT,-0.016268566,-0.37965822
234526,Astro,-0.19656043,-0.40124598
167929,L6 IT,-0.41344577,0.14816467
245086,L4/5 IT,-0.13366164,-0.16018651
87646,L6 CT,-0.09269555,0.24349175
278060,L5 IT,-0.20102705,0.09847741
12804,Astro,-0.1149054,-0.14791663
278154,Sst,0.09593664,-0.26803803
168786,Peri,-0.1589926,0.3238051
12266,L6 CT,-0.3828752,0.15417062
182741,L2/3 IT,0.38589817,-0.15052758
168747,L4/5 IT,-0.057671472,-0.2861675
182765,Pvalb,0.42788666,0.12307386
105050,Endo,0.19494002,0.048865784
234828,Oligo,0.16588442,0.26025265
12386,L6 CT,-0.19740398,0.3067196
248715,L2/3 IT,-0.18382011,-0.3601613
105072,L4/5 IT,0.4322173,-0.06082819
168604,L2/3 IT,-0.26108396,-0.28735676
12454,L6 IT,0.30818713,0.14234565
234772,Astro,-0.13626684,0.2038434
12522,Endo,-0.05554296,-0.13562213
168523,Oligo,-0.05676709,-0.11509468
248702,L2/3 IT,0.5488313,-0.16562651
182843,L4/5 IT,0.29409218,-0.121081784
87828,OPC,0.24515419,0.51229864
105276,L2/3 IT,0.25341177,-0.24852823
203893,L4/5 IT,-0.19804402,-0.21251638
105345,Peri,-0.21115364,-0.34649873
12665,L2/3 IT,0.3420452,-0.26347843
105391,Oligo,-0.19601013,0.086606905
12709,L6 CT,-0.22339417,0.16848736
11509,L4/5 IT,0.20386414,-0.13656433
278246,OPC,-0.2347321,-0.19198929
278251,L2/3 IT,-0.23125781,-0.31531572
11448,L2/3 IT,0.19665359,-0.20062111
170920,Endo,0.03873281,-0.05594374
90343,L5 ET,0.3196805,-0.022932123
9459,L5 IT,0.3928404,-0.019204896
250770,Astro,0.06954764,0.33628207
9486,L4/5 IT,0.20771836,-0.24384545
170896,Endo,-0.047695443,0.038236845
170838,L4/5 IT,-0.1468613,-0.094380066
170818,L6 CT,-0.22213505,0.23356305
235761,Oligo,-0.14569102,-0.17234184
204576,L4/5 IT,0.34919304,-0.07660718
170813,Endo,-0.055723056,-0.14342676
170970,Endo,0.26354325,-0.39366594
90195,L6 IT,0.025889978,0.21262942
9649,Lamp5,-0.2516126,-0.4159559
170731,L4/5 IT,0.10949765,-0.21392854
9666,L2/3 IT,0.5560263,-0.16656052
170709,Endo,0.3984812,0.07982038
170690,Astro,-0.014411703,0.50745296
90134,L6 CT,0.07373898,0.27586186
182066,L4/5 IT,0.11510597,-0.16157459
235692,L5 ET,-0.37106997,0.002952803
182101,Oligo,-0.050486222,0.51178664
204506,Astro,0.07103334,-0.17975359
262417,L4/5 IT,0.18514924,-0.093923375
9646,Sst,0.25367612,0.12223534
278673,Oligo,0.065129384,0.48174596
90401,L6 CT,0.14178483,0.36949784
278680,Endo,0.03702016,-0.44416177
90886,Oligo,-0.025119647,0.4768241
90825,L6 CT,0.22826515,0.36495245
103027,Oligo,-0.41916203,0.37020016
9061,L4/5 IT,0.21913634,-0.09557299
9112,L2/3 IT,0.12943815,-0.21307297
171208,L6 CT,-0.103897825,0.2790239
171197,L5 IT,0.09969412,0.15018724
90727,Peri,-0.04380165,0.22530888
235891,L2/3 IT,0.23024152,-0.3541686
9140,L2/3 IT,-0.2937435,-0.38711303
90650,L2/3 IT,-0.017575428,-0.34395176
171133,L2/3 IT,-0.13004617,-0.3786117
171102,L4/5 IT,0.21916519,-0.1749096
239721,Pvalb,0.2914018,-0.15631916
103127,L5 IT,-0.39016056,-0.05331145
103131,L2/3 IT,0.20537387,-0.3093973
171061,L6 IT,-0.4343676,0.2596882
171031,L4/5 IT,-0.090864256,-0.17145498
181916,Peri,-0.265059,-0.1926926
208675,L5/6 NP,-0.07330932,0.077369735
90509,Endo,0.09995668,-0.30044258
9286,Endo,0.10498451,0.0027489252
278686,Oligo,-0.21528046,-0.07283209
171027,Pvalb,0.11553459,0.28734195
9317,L6 CT,-0.10195397,0.34305364
9871,Endo,0.19636367,0.49127865
13221,L5/6 NP,-0.21134286,0.09722327
235648,L5 IT,-0.056442186,0.07433675
89902,Oligo,0.02122046,0.519539
244214,L5 IT,0.21207123,0.12976418
170020,L5 ET,-0.2341462,-0.052266907
209004,Endo,-0.047386393,-0.19402875
235433,Astro,-0.041685626,0.3599015
169988,L5 ET,-0.4227172,0.020893563
235409,L6 CT,-0.31041467,0.11060457
10881,Oligo,-0.37844265,0.35776824
235391,L2/3 IT,-0.21314709,-0.30886775
10916,L6 CT,-0.08025186,0.27530968
10997,Astro,0.21630387,0.105832085
204338,Endo,0.108666584,-0.3873939
278386,Oligo,0.1454526,0.50124943
11088,Pvalb,0.054890558,-0.024214339
89351,Peri,-0.04686345,0.043111134
11123,L6 CT,-0.40187293,0.10153596
89310,Peri,0.24850129,0.39820063
278305,L2/3 IT,0.36691988,-0.1617416
182417,L2/3 IT,0.4643864,-0.15439565
209069,L2/3 IT,0.14653467,-0.2773072
11303,Oligo,0.16773091,0.2561286
89159,VLMC,-0.23923762,-0.47605154
104326,Astro,-0.24794151,-0.0028179102
262291,L4/5 IT,-0.3038929,-0.098693624
169598,SMC,-0.09468748,-0.04402859
250978,L6 IT,-0.028106913,0.113546595
89531,Oligo,0.11589293,0.4307933
10738,L4/5 IT,-0.23258717,-0.17442922
170068,Oligo,0.28698295,0.51178586
248822,L6 CT,-0.295628,0.19339447
182169,L6 CT,0.12524901,0.20751803
103572,L6 CT,0.2750786,0.21440755
103585,L4/5 IT,-0.262159,-0.1141838
103606,OPC,-0.16644071,-0.1542219
89822,L4/5 IT,-0.09217323,-0.08296503
170444,L4/5 IT,-0.04109426,-0.21395527
10229,L6 CT,-0.08725886,0.32297617
10237,Micro,0.046573654,0.0057410486
278497,Endo,-0.08385666,-0.11602245
170388,Oligo,0.29251462,0.51763034
89738,Astro,0.1324142,0.22943132
103742,L4/5 IT,0.043806598,-0.14860742
278474,L6 IT,-0.42466658,0.20389716
170363,L2/3 IT,0.016868547,-0.28477505
103816,Endo,0.30458808,0.19124065
10439,L6 IT,0.03167714,0.32004607
10449,Oligo,0.03371133,0.3271293
10510,L6 CT,-0.098530486,0.3173542
250915,L4/5 IT,-0.14838992,-0.15465976
235498,Micro,-0.2804008,0.3080141
103879,Oligo,0.025463477,0.50525737
103899,L6 CT,0.099370465,0.18414788
170151,L4/5 IT,-0.015956149,-0.2082573
170105,L4/5 IT,-0.045810625,-0.13287415
239760,L4/5 IT,-0.19873215,-0.08835487
171327,Micro,-0.16720699,0.3613817
203703,L2/3 IT,-0.030807033,-0.30013934
183064,Sncg,0.23453538,0.25421977
210298,L6 IT,-0.07950078,0.11715464
240116,L4/5 IT,-0.10780074,-0.14773022
203060,L5 IT,-0.272884,0.0943933
16159,Lamp5,-0.24668576,-0.35269332
16171,L6 CT,-0.23122464,0.16967128
277598,L5 ET,-0.40308827,0.024456847
277593,L5 IT,0.10496841,0.098907456
165076,L5 IT,-0.18245302,0.10564886
107856,L2/3 IT,-0.18694092,-0.32792607
165067,L6 CT,0.05160089,0.2848065
203010,L4/5 IT,-0.2726251,-0.22448911
107735,Micro,-0.26233274,0.21631818
107925,L2/3 IT,0.30980915,-0.2715103
16344,L5 IT,0.21774976,0.15897803
16367,L5 ET,-0.3573532,0.04824077
251839,L4/5 IT,0.5184046,-0.13882841
164917,L4/5 IT,0.038343444,-0.22767861
16392,L5 ET,-0.29389983,-0.014442574
85311,L6 IT,0.08415727,0.23075126
108039,L5/6 NP,0.35780746,-0.00315414
277533,L6 CT,-0.21118255,0.3146299
240151,L5 IT,0.06271343,0.039234985
85215,Oligo,-0.30965543,-0.031166803
85214,L2/3 IT,0.08978902,-0.2770891
16317,L6b,-0.12608425,0.34504628
108178,VLMC,-0.2971183,-0.47080332
233576,L4/5 IT,-0.077199176,-0.18497427
165224,Endo,-0.0682845,0.26135802
233815,L5 IT,0.018408403,-0.052397173
107482,Micro,0.00035063922,0.18579505
165800,L6 CT,-0.25488126,0.23235856
165796,L4/5 IT,-0.1463478,-0.16972418
233756,Endo,0.5592603,-0.19695
85973,L2/3 IT,-0.07577337,-0.28644812
251729,Peri,0.15886705,0.38036543
107516,L2/3 IT,0.2738104,-0.2614044
165647,L4/5 IT,-0.12742974,-0.17090039
15639,Astro,0.27291298,0.4343295
15708,OPC,-0.43236506,-0.08309667
85599,L2/3 IT,0.09787564,-0.27908057
244010,L2/3 IT,-0.20597033,-0.3540339
107547,L2/3 IT,0.21568881,-0.34777886
15749,L5 IT,0.31921268,-0.017861675
85778,L6 IT,0.069216356,0.24230878
248474,L5 ET,3.914535e-05,-0.030328792
85763,Vip,0.3699932,-0.269814
261731,L6b,-0.24185531,0.33754843
277623,OPC,0.048168585,-0.13093992
107667,L4/5 IT,-0.25132453,-0.12642564
248466,L4/5 IT,0.26572347,-0.08811201
165293,L4/5 IT,0.25093436,-0.06813635
265493,L6 CT,0.30018383,0.21022354
107538,Astro,0.40878212,-0.14611645
164861,Endo,-0.07646392,-0.431132
108209,L4/5 IT,0.12251817,-0.098277405
202935,L5/6 NP,0.10919528,-0.027920436
277403,Endo,0.5267142,-0.1577629
84758,L6 CT,0.30989885,0.4524575
108612,L4/5 IT,0.29258394,-0.11047305
210552,L4/5 IT,0.39992952,-0.08801983
202811,Endo,0.24306123,0.35856485
164316,Oligo,-0.1847245,0.3103786
202800,Peri,0.26784742,-0.15684395
108671,L2/3 IT,0.45096833,-0.20110025
17543,L6 IT,0.08820836,0.3050838
17565,L5 IT,0.2996573,0.010222871
261569,Astro,0.1626343,-0.39362806
251943,L6 IT,0.2066695,0.2056971
17614,Astro,0.3785243,-0.024453323
108725,L5 ET,-0.35994804,-0.026686322
202776,Oligo,-0.2150882,-0.26849234
84632,L6 CT,0.21558963,0.24698077
108786,L2/3 IT,0.030761793,-0.3424524
17651,Oligo,0.00894253,0.4783312
84577,L6 IT,0.009473667,0.21298747
17760,L5 IT,-0.0011244565,-0.09960179
17768,Endo,-0.039103553,-0.43761957
17775,PVM,-0.13677545,-0.2702855
17797,Endo,0.17347,0.29282123
251965,L4/5 IT,-0.3363337,-0.10487811
84670,Astro,0.03816761,-0.121978804
233205,L5/6 NP,0.14430611,0.13942568
84778,Oligo,0.015752122,-0.18063088
164393,L6 IT,-0.33075523,0.14270554
233409,Oligo,0.28755093,0.45855677
233406,Astro,0.22377269,0.3058207
85095,Astro,-0.25881463,-0.44207114
164740,L6 CT,0.075595185,0.24644844
16717,Vip,-0.21850164,-0.0898899
184088,L5/6 NP,-0.3913719,0.13269792
16798,L2/3 IT,0.107773766,-0.27699262
277472,L6 CT,0.21228413,0.30529964
84975,L2/3 IT,0.16030715,-0.18849696
84972,L2/3 IT,-0.036418363,-0.30022293
16951,Sncg,0.45627457,-0.23054709
164556,Vip,0.11776225,-0.2523389
108428,Astro,0.191097,0.4650765
164486,L4/5 IT,0.4681455,-0.15206452
17087,SMC,0.13018255,0.07007973
17113,Astro,-0.29394305,0.12718229
251902,L4/5 IT,-0.22896929,-0.13278605
233296,L6 CT,-0.18825568,0.30354106
17122,L4/5 IT,-0.16529141,-0.12427519
251912,L5 IT,0.122381255,-0.084990665
164451,Lamp5,-0.36459506,0.2378345
17177,L6 IT,0.2860284,0.28781402
84838,L4/5 IT,-0.09350534,-0.23550804
184156,L5 IT,-0.009545073,0.15025024
17284,Oligo,-0.4218986,0.34694052
165907,L4/5 IT,-0.24739696,-0.16446604
15397,L4/5 IT,-0.21821053,-0.14314358
86154,L4/5 IT,0.26075703,-0.06969659
107299,L2/3 IT,-0.15619455,-0.3571596
167380,Oligo,0.16670637,-0.3199073
167379,L5 IT,-0.0454918,0.1734799
251425,Micro,-0.1357859,0.11185531
87003,Astro,-0.017535582,-0.11533244
167242,Oligo,0.22261672,0.4736268
277909,L5 IT,0.106172726,0.04095124
183273,Astro,-0.10047008,0.013587017
251441,L4/5 IT,0.21246181,-0.10682525
86950,L2/3 IT,0.3317957,-0.2963602
167128,L6 IT,-0.09038727,0.14351957
86916,L5 IT,0.05106671,-0.093495235
87062,L4/5 IT,0.13673447,-0.15374143
183290,L4/5 IT,0.45329612,-0.13711877
106404,Sst,-0.063367054,-0.14822318
86860,L5 ET,0.3940581,-0.053777438
166960,Oligo,-0.05444236,0.41110438
86842,Endo,0.18013327,-0.39340818
240008,L2/3 IT,-0.19083627,-0.2406192
14287,L2/3 IT,-0.1179079,-0.24934731
166948,L4/5 IT,0.024119511,-0.1305011
14293,Oligo,0.074586436,0.43242043
265255,Endo,-0.410411,-0.08799486
106618,Oligo,0.27250445,-0.018414747
251464,Oligo,0.3771152,0.11043768
14199,Astro,-0.0924087,0.2593084
167437,L5 ET,0.08090107,-0.047083925
87090,L5 IT,0.28570044,0.10345946
13655,L2/3 IT,-0.08111547,-0.3876693
87290,Endo,0.34596032,-0.02779613
13324,L2/3 IT,-0.22464593,-0.3207951
106034,Astro,-0.15547694,0.38390946
209668,Peri,-0.21300046,-0.04355217
183094,Pvalb,-0.37595242,0.18190746
106066,L4/5 IT,-0.27459484,-0.16580774
106099,Peri,0.41995943,0.120468184
183096,Peri,-0.354226,0.31150037
13359,Vip,0.070095524,0.10653691
13372,Endo,0.16105579,-0.09432854
209688,L2/3 IT,-0.018374875,-0.30961514
183105,L5 IT,0.17509656,-0.007805925
13419,L5 IT,0.16933315,0.08321343
106164,L2/3 IT,0.41497356,-0.19273634
13510,PVM,0.2341548,-0.3946885
244103,L2/3 IT,0.13425885,-0.2431012
13515,L6 CT,-0.30028993,0.21605687
234383,L6 CT,-0.252618,0.18467216
13553,Oligo,-0.14729236,0.09799568
87130,Vip,0.0064425915,-0.17175017
13562,L6 CT,-0.009409711,0.13735972
167522,Astro,-0.120195195,-0.4304321
167505,Astro,-0.2501558,0.38234937
203592,L4/5 IT,0.4261816,-0.14236034
13634,Oligo,-0.3772608,0.2766565
86780,L4/5 IT,0.3334177,-0.084024355
105880,L4/5 IT,-0.38966686,-0.060411733
14318,L6 IT,0.112489805,0.25406545
86778,Oligo,0.043393508,0.49837703
210028,L4/5 IT,-0.37183172,-0.13071828
265324,L6 CT,0.14135258,0.37699765
14843,L2/3 IT,0.24592017,-0.3391431
248564,Oligo,-0.00075514615,0.47750497
86377,L6 CT,0.19712572,0.2914366
86357,L5 IT,0.1788042,-0.1373478
86354,L2/3 IT,-0.011937633,-0.26292235
210053,L2/3 IT,0.25422853,-0.28334197
107122,L6 CT,0.013211414,0.30479503
86335,L2/3 IT,-0.07826783,-0.3249504
86332,OPC,0.081204996,-0.06427644
86435,L2/3 IT,0.13224535,-0.30323628
166420,L4/5 IT,0.35182834,-0.11314382
251540,L6 IT,-0.06370656,0.24660192
86281,L6 IT,0.020847812,0.16681682
251549,L5 IT,-0.423541,0.10279553
86233,L4/5 IT,0.04276319,-0.18424265
265358,L6 IT,0.07614033,0.18419378
166230,Astro,-0.23443033,0.025047947
248550,Oligo,-0.017596409,0.50614643
15090,Astro,0.034271672,-0.20656489
166119,L4/5 IT,-0.2614411,-0.1795877
210118,VLMC,-0.26559436,-0.4725676
251615,L2/3 IT,0.38002068,-0.2675926
107195,L4/5 IT,0.38826758,-0.16589753
166507,L6 CT,0.20247333,0.2913267
86489,Oligo,-0.42794925,0.30420446
244055,SMC,0.35325992,0.020270396
86770,L4/5 IT,0.23949568,-0.093187705
166928,L2/3 IT,-0.14740278,-0.302272
86760,L2/3 IT,-0.07509895,-0.36672616
234167,L4/5 IT,0.3565873,-0.15595032
14397,L5 ET,0.38254768,0.062457968
166817,L6 CT,-0.19921704,0.16165929
261885,OPC,-0.20951582,-0.26894116
14479,L5/6 NP,-0.23222579,0.015567917
277822,VLMC,-0.1027741,-0.47359008
240021,Oligo,-0.071058825,-0.027500402
14573,L2/3 IT,-0.3036909,-0.3358996
86602,L4/5 IT,0.27028954,-0.10670675
106758,L2/3 IT,-0.28352654,-0.20388217
106799,L5 ET,0.03897132,-0.0475236
106802,Astro,0.09278874,0.34042364
166574,Astro,0.32668114,-0.061160903
106830,Astro,0.39189583,-0.108402595
244061,L2/3 IT,-0.20715155,-0.23624982
86554,L5/6 NP,-0.062301442,0.01428457
183458,L4/5 IT,0.28920305,-0.10528503
240032,Astro,-0.021533117,0.15157597
209983,Astro,-0.40209532,0.27438706
86528,L6 CT,-0.09644334,0.24219112
14724,Pvalb,-0.29743773,0.018755842
86495,L6b,-0.27463436,0.33394986
14319,Astro,-0.0514922,0.47049236
164166,Pvalb,-0.18074523,0.12539177
90935,L4/5 IT,0.3400098,-0.13388504
8908,L2/3 IT,0.14211737,-0.32226205
244505,L6 CT,0.024221733,0.34749067
2773,L2/3 IT,-0.26852995,-0.30741793
2809,Sst,0.13662647,0.13160084
176769,L4/5 IT,0.24949573,-0.063018486
95293,Oligo,-0.0035784394,0.39060032
2820,L6 CT,-0.03745903,0.33358753
176748,Astro,0.1523994,0.50720406
279873,L6 IT,-0.34003556,0.29379082
2885,Endo,0.032270625,0.15005808
238058,Endo,0.1726502,0.47845465
279858,Oligo,-0.042380735,0.47398418
98909,L2/3 IT,-0.2354558,-0.373943
176656,L6 CT,-0.17795144,0.18157004
3018,Endo,0.2369185,0.13133721
176654,Lamp5,0.36773574,-0.31857657
176623,PVM,0.33002156,-0.36306316
238022,L6 CT,-0.43334913,0.14941691
263135,L4/5 IT,0.09695451,-0.15782677
176614,L4/5 IT,-0.01134108,-0.1722204
263800,L5 ET,-0.061857,-0.00350238
99214,Astro,0.0939164,0.02943777
176590,L5 IT,0.34194756,0.0032062419
239257,Pvalb,0.1387422,0.020085622
95068,L4/5 IT,-0.11159082,-0.2009423
263140,L4/5 IT,0.14386289,-0.25176567
3183,Oligo,-0.062288657,0.28365737
205890,L2/3 IT,0.21019487,-0.3517527
263757,Pvalb,-0.052656695,-0.10264464
177416,L6 CT,-0.33161825,0.19002698
206003,Endo,-0.0052850097,0.40972894
205999,L2/3 IT,0.02510269,-0.3332082
95656,Vip,0.21335952,-0.32316417
95636,L4/5 IT,0.18991797,-0.108066514
207073,L6 IT,-0.1787232,0.1428502
177276,L4/5 IT,-0.2471682,-0.1583306
179779,Astro,0.08415727,0.24563347
179781,L2/3 IT,0.3188662,-0.21394865
179793,L4/5 IT,-0.3633107,-0.10545911
238217,Lamp5,-0.35486692,-0.011549782
244682,L6b,-0.2548055,0.33057314
2478,L4/5 IT,-0.0140387565,-0.18434404
177219,L5 ET,0.17256866,0.019092698
179800,L4/5 IT,-0.05603455,-0.17804043
249208,OPC,-0.3763674,0.3043568
95544,L5/6 NP,-0.3257106,0.092043206
205912,Oligo,-0.05610363,0.4923575
2537,L2/3 IT,-0.18768804,-0.29776105
95461,Oligo,-0.2758615,0.20947777
263754,L6 IT,0.27124685,0.26034987
279915,L4/5 IT,0.423908,-0.09565754
2570,Oligo,0.34804285,-0.180669
2573,L5 IT,-0.024600074,0.095027074
2491,L2/3 IT,-0.18597294,-0.37799126
95036,L6 CT,-0.24414657,0.22162174
3186,L2/3 IT,0.4850722,-0.14371614
207313,Endo,0.41859967,0.114078924
279671,Astro,-0.2759902,0.0597363
279659,L4/5 IT,-0.332533,-0.13358293
175550,Sst,-0.2744187,0.05318414
94492,L5 IT,-0.16617362,0.09018014
237605,L4/5 IT,-0.30370003,-0.07104792
175464,L4/5 IT,-0.082712546,-0.13931422
175368,L2/3 IT,-0.12648122,-0.28959772
180437,Astro,0.09592597,-0.37453258
175356,L5/6 NP,0.18909936,0.115642294
4283,Endo,-0.16092856,-0.26326293
244465,Oligo,-0.4328524,-0.037305247
180341,Micro,0.01489152,-0.4034394
4304,Endo,-0.08587138,-0.45861003
175150,L6 CT,0.151857,0.2524451
4444,L4/5 IT,-0.18607394,-0.11261968
94269,L4/5 IT,-0.042639002,-0.25125617
180525,L2/3 IT,-0.24018677,-0.2761985
4582,Astro,0.2733711,0.16070984
207590,Oligo,0.17232041,0.2573704
175029,L4/5 IT,-0.13206123,-0.23338391
237438,L6 CT,-0.3569057,0.118340656
94232,L2/3 IT,0.1732726,-0.24096467
100056,Endo,0.24496953,0.017119098
174969,L4/5 IT,0.13372378,-0.11933006
4318,L4/5 IT,-0.10035448,-0.16125007
99717,Endo,0.24367057,0.2307732
279696,Sst,-0.3071953,-0.15341116
3844,Oligo,-0.40501142,0.3532629
176552,L6 CT,-0.21746798,0.27851033
205767,Endo,-0.40277982,0.3287753
176493,Oligo,0.26483917,0.29661483
207331,L6 CT,-0.039249882,0.31934595
3358,L4/5 IT,-0.30115205,-0.123374835
207336,Endo,-0.14144893,0.2450205
176480,Astro,0.21137367,-0.41132396
207345,L2/3 IT,0.20967864,-0.3016401
176373,Oligo,0.113215014,0.13210605
3466,L4/5 IT,-0.23875366,-0.14461951
237848,L4/5 IT,0.32980317,-0.050006222
279777,Oligo,-0.2597062,0.04226153
249821,L4/5 IT,-0.4337169,-0.1266161
99582,Oligo,-0.40341222,0.35835177
99633,Micro,-0.42528838,-0.08910398
249842,L5 IT,-0.41081285,0.2017933
175981,L5 ET,0.20019816,0.017852861
175962,L5 IT,0.08226149,0.17446063
94731,L2/3 IT,0.09679876,-0.35782054
99658,L5/6 NP,0.2771542,0.008430023
279736,L4/5 IT,-0.17223333,-0.09188227
3777,L4/5 IT,-0.32412666,-0.12764059
94624,Peri,-0.0070338994,0.18830387
180272,Micro,0.121129796,0.18519561
94609,Endo,0.32978463,-0.1008728
244525,L4/5 IT,-0.22892363,-0.17109476
2271,L4/5 IT,0.36455983,-0.14603312
95696,L2/3 IT,0.2884897,-0.30740383
2159,L5 IT,0.37542993,-0.040308576
97364,L6 IT,0.094909355,0.31019127
370,L4/5 IT,0.16596077,-0.14638294
179190,L4/5 IT,-0.2800939,-0.22690882
178869,L2/3 IT,-0.19659968,-0.3916514
206653,L2/3 IT,-0.19810428,-0.34211978
206654,L6 IT,-0.0961069,0.13332497
503,L2/3 IT,0.064008996,-0.3096304
96787,L6 IT,-0.35536706,0.27683252
519,L6 CT,-0.22150172,0.16313134
97391,L4/5 IT,0.43226779,-0.09391408
206422,Endo,-0.041070208,0.4396518
179187,Endo,-0.022754177,0.5055311
523,L6 IT,0.17681621,0.1940599
179215,L5 ET,0.18529038,-0.053402882
178833,L5 ET,0.40188283,-0.07118605
263429,L4/5 IT,-0.40142393,-0.088815615
206384,L5 IT,-0.056069538,0.15995543
625,Oligo,0.27860707,0.461595
96702,L4/5 IT,0.093540415,-0.21559112
179251,L6 CT,-0.2509184,0.2072597
701,Micro,0.16559874,0.20261256
178737,Vip,-0.22072904,0.086192414
97599,Astro,-0.21992685,-0.058212113
206357,L2/3 IT,0.49490708,-0.15093283
178850,L4/5 IT,0.12498431,-0.15472864
206628,L6 CT,-0.23690106,0.29954714
353,Oligo,0.22420828,-0.21290706
206456,L6 CT,-0.16425712,0.2603683
97118,L6 CT,-0.357898,0.13947414
206525,OPC,0.12965082,0.45787287
179098,Pvalb,0.2277848,-0.027668726
179058,L6 IT,-0.31153476,0.23071961
249342,Endo,0.31631845,-0.043019366
64,Astro,0.4633838,-0.26761815
179125,L4/5 IT,0.11846374,-0.17113633
249355,Endo,-0.11626063,-0.3351682
97191,L2/3 IT,-0.23253699,-0.33621657
137,L2/3 IT,0.20092128,-0.2766241
143,Endo,0.42565596,-0.18599169
178972,Oligo,-0.30638307,0.012391228
238980,L4/5 IT,-0.16086526,-0.24284004
219,L2/3 IT,0.4573691,-0.15241452
263505,L6b,-0.41729516,0.31720233
96983,Lamp5,0.28644943,-0.3634082
96973,Vip,-0.09734835,-0.3910899
234,PVM,0.12609379,0.07271813
237,L2/3 IT,0.4226699,-0.23940171
96954,L5 IT,-0.3306743,0.12297009
179156,Oligo,0.054595783,0.0057015903
96900,Pvalb,-0.12039627,-0.080054894
238936,L2/3 IT,0.4698128,-0.19436689
318,L6 CT,-0.07346903,0.26762605
343,L4/5 IT,-0.10199778,-0.16514747
744,L6 CT,0.2777139,0.3385887
250083,L2/3 IT,0.16712861,-0.22741126
825,Endo,-0.14925446,0.022367228
97618,L4/5 IT,0.06601648,-0.1955602
178112,L6 IT,-0.24852528,0.23049454
249516,L6 IT,-0.43828237,0.092601344
249524,Micro,-0.41300678,0.20760678
177952,Oligo,-0.02308242,0.07940917
1733,L6 IT,-0.09181307,0.17002194
238485,L4/5 IT,-0.122839615,-0.17327909
179550,L5 ET,0.039246902,0.071877345
179557,L5 IT,-0.00828962,-0.10033427
98275,L4/5 IT,0.085414276,-0.17633553
280021,L5 ET,0.43472606,0.108866975
238455,L6 CT,-0.09757711,0.30951148
98215,L5 IT,0.35150683,0.115604565
1857,VLMC,0.42405432,-0.32268208
98331,L5 IT,0.1505088,0.14489387
1885,L5 IT,0.16990386,-0.017949056
1890,L5/6 NP,0.08141671,0.117596075
98353,L2/3 IT,-0.25642723,-0.3513307
177813,Oligo,-0.108772084,0.1460595
95814,Oligo,0.1355639,0.4680376
1945,L5/6 NP,0.29919517,0.112390324
179647,L4/5 IT,-0.18327682,-0.12735797
95744,L4/5 IT,0.06798981,-0.21581776
206064,L4/5 IT,0.43899494,-0.1164328
2069,Oligo,0.23117785,0.30808026
98292,Pvalb,-0.1804757,0.16877054
98197,L6 IT,-0.06712945,0.30547714
263649,L2/3 IT,-0.12713863,-0.23661913
178129,L2/3 IT,-0.13383533,-0.27067262
96503,Oligo,-0.25439423,0.33474064
178630,L2/3 IT,0.52027214,-0.19656233
96497,L4/5 IT,0.095038936,-0.16579305
179333,L5 IT,0.4198612,0.08661656
238712,L4/5 IT,-0.36986595,-0.08515908
179362,Sncg,0.3741684,-0.29080933
178469,Oligo,-0.32367975,0.35156047
263607,Astro,-0.39292514,0.36062467
179379,Oligo,0.07485382,0.4440394
97876,Micro,-0.19759257,0.124377295
244561,L5 ET,0.22427063,0.04338448
206815,L2/3 IT,0.2113624,-0.23199727
280149,L6 CT,-0.1345049,0.22240965
178308,L5 ET,-0.42728883,0.040801454
206241,L5 IT,-0.04502578,-0.052888077
178297,L6 CT,0.12589698,0.3488332
206213,Micro,-0.071545556,0.20788305
238637,L5 IT,0.09738009,0.14201508
98028,PVM,0.42379272,-0.31839874
238626,L5 ET,-0.06560142,-0.044935685
96157,VLMC,0.02252002,-0.46921936
206907,L4/5 IT,0.22804187,-0.12391351
98169,Endo,0.15941338,-0.11797951
178130,Oligo,0.22947006,0.5011137
98174,L2/3 IT,0.51226336,-0.18350922
263589,L4/5 IT,0.23575793,-0.048288625
171574,L5/6 NP,0.1174386,0.05464678
237414,Oligo,-0.2618816,0.34221673
205575,L2/3 IT,0.21255456,-0.32929456
236563,L4/5 IT,0.004487172,-0.22238643
172790,L4/5 IT,0.2877167,-0.08843677
279088,L6 CT,-0.39566177,0.16381554
181347,Astro,0.49651968,-0.26721793
236542,L5 IT,0.06193678,0.08331399
181361,Endo,0.20023225,0.065628216
205015,L5 ET,0.36167026,-0.04085497
91961,L2/3 IT,0.23512124,-0.2592532
101904,L6 CT,-0.07761319,0.36278242
91951,L6 IT,-0.18277,0.28161263
205002,Vip,0.020333096,0.47954124
172810,L6 CT,0.30770165,0.24619888
181367,L6 CT,0.22568093,0.24211411
279062,OPC,0.15124099,-0.3338924
236492,L2/3 IT,-0.19284947,-0.40833458
7605,L5/6 NP,-0.25988024,0.09090333
91911,L6 IT,0.101984784,0.19866012
7713,Oligo,0.12966721,0.19597672
7717,VLMC,0.41033506,-0.36650094
91854,Astro,0.2541464,0.33109498
239588,Lamp5,0.26692992,-0.2968482
172506,L4/5 IT,0.33680987,-0.1155508
7808,L2/3 IT,0.3354084,-0.241726
91720,Oligo,0.16455351,0.16966687
91939,Endo,-0.28636044,0.008366663
208332,Endo,-0.09391208,0.18612061
7312,L5 IT,0.15699439,-0.075676605
101789,L5 IT,-0.3116154,0.1332976
249006,L5 IT,-0.3424862,0.11362277
6903,Vip,-0.029456064,-0.18062429
173294,L6 CT,-0.20249875,0.15220599
101432,Micro,-0.115153626,0.18020521
6924,Astro,0.10064779,-0.032707315
92667,L5 ET,0.12098257,-0.03882451
6946,L6 CT,-0.17541073,0.246733
6962,Peri,0.09120934,-0.13418229
236705,L5 IT,-0.22814913,0.08002101
101541,VLMC,0.43073946,-0.35329264
7042,L6 CT,-0.18402393,0.16562293
236594,L4/5 IT,-0.2786836,-0.2201093
92482,Lamp5,-0.0033898503,-0.3552068
92311,L6 CT,-0.4083619,0.2895363
101638,L6 CT,-0.13992639,0.3068685
250415,L6 CT,0.037448153,0.19362585
264336,L4/5 IT,0.1548038,-0.09384893
7124,L2/3 IT,0.4232847,-0.17716233
173016,Endo,-0.13338237,-0.18910651
92288,L2/3 IT,0.04298617,-0.26830983
172982,L6 IT,-0.019635782,0.30103403
172971,Pvalb,-0.37468606,0.017250706
172920,Astro,0.18881033,0.5078902
236597,Vip,0.3724801,-0.2717154
173138,Oligo,-0.12100072,0.17369126
7826,Pvalb,-0.2079282,-0.11000274
7833,L2/3 IT,0.12965415,-0.35275072
91684,L5 IT,-0.2848869,0.07286851
91306,L4/5 IT,0.0049663037,-0.23344363
208479,L5 IT,0.32176554,0.040513624
8371,Sst,0.4017958,-0.094059214
181636,Astro,0.3743056,-0.076735154
262580,Micro,0.2524724,-0.4032544
8485,L2/3 IT,-0.013442829,-0.3688944
278853,L4/5 IT,-0.07047354,-0.19791351
262573,L5 IT,0.29821324,-0.03899805
171797,L5 IT,-0.317039,-0.07326557
8577,Oligo,-0.052406654,0.4812386
91093,L2/3 IT,-0.30085665,-0.3482898
102638,L2/3 IT,-0.30906796,-0.24003042
102743,L5 IT,0.06882332,0.001075197
102779,Oligo,0.21753405,0.43149877
8686,Sncg,0.08327477,0.28619158
250604,VLMC,-0.27318788,-0.47138005
8789,Peri,-0.06101893,0.21848266
102833,L4/5 IT,-0.25518483,-0.18359344
8792,Astro,0.2819953,0.33493686
204741,L2/3 IT,0.10146187,-0.31954914
262545,L2/3 IT,0.43114042,-0.1649855
208572,L5 IT,0.37491888,0.0029891618
181767,L6 CT,0.3145641,0.51027554
171618,Sst,-0.315643,-0.013611
236093,Peri,0.18301646,0.47832727
171985,L2/3 IT,-0.24627079,-0.37256432
8322,L2/3 IT,0.13656168,-0.31982037
91355,L2/3 IT,0.32524163,-0.28937328
236393,OPC,0.061193332,0.42407626
7913,Oligo,0.036351517,0.5131351
7919,Pvalb,-0.40200257,-0.1298009
7946,L2/3 IT,0.37567908,-0.17257713
204888,L6 CT,0.20668106,0.3763392
102319,L5 ET,0.0468231,-0.012501579
7956,L6 CT,-0.03284155,0.34661704
236330,L5 IT,-0.37584782,0.225664
204868,L6 CT,-0.41519004,0.33034378
91533,L6b,0.19628553,0.34654945
264464,L2/3 IT,0.042763814,-0.33609003
172309,L5/6 NP,-0.4114797,0.22594301
91513,Oligo,0.17231952,0.4153412
181506,Oligo,0.13556783,0.4314854
91468,L2/3 IT,0.0044923574,-0.27637243
278960,L4/5 IT,0.35416192,-0.1651874
264493,Astro,0.031195596,0.10942797
278937,Endo,0.17837374,-0.12010692
204856,Oligo,0.07734285,0.121806666
250536,Endo,-0.29042554,0.3081022
250545,Peri,-0.0055229217,0.481992
91361,L5 IT,-0.4314348,-0.06312345
8232,L6b,-0.21499087,0.3242759
102597,Astro,0.15306894,0.23934703
172059,SMC,-0.018902972,-0.093470976
264286,L4/5 IT,0.35812777,-0.12770166
92793,Oligo,-0.11448379,-0.0031333081
208108,L6 CT,0.15157227,0.24816869
205175,Oligo,-0.22140892,0.20345949
5087,L4/5 IT,0.2138891,-0.017690461
250144,OPC,0.10471408,0.31890696
237283,Astro,0.24072282,-0.18499239
250154,L2/3 IT,-0.14376603,-0.28778875
93803,L2/3 IT,0.053906158,-0.38089824
93794,Oligo,-0.0077895373,0.41774946
262911,L5 ET,0.26317424,-0.040739607
205446,L2/3 IT,0.4252197,-0.16126795
5204,L6 CT,-0.1669843,0.27039993
100463,L5 IT,-0.04146661,0.10232602
264086,L2/3 IT,-0.085687324,-0.34841037
5065,L6 CT,-0.3902424,0.25451094
207790,L6 CT,0.14394377,0.23456244
174433,L6 IT,0.14833431,0.16037785
174402,L4/5 IT,0.20060854,-0.118564025
5393,Endo,-0.19896637,-0.11486693
5404,Endo,-0.35894722,0.10557215
237178,L4/5 IT,0.2833681,-0.28660232
100553,Endo,0.088086054,-0.38358852
180764,L4/5 IT,-0.09474285,-0.17987432
180787,L4/5 IT,-0.11034571,-0.21905251
100599,Endo,-0.21950616,0.0021592565
237152,L2/3 IT,0.28123266,-0.3247542
174168,Micro,0.28573394,0.116916224
174443,L4/5 IT,-0.010972694,-0.1294219
180638,Endo,-0.028852835,-0.4475084
250125,Vip,0.25206417,-0.3556121
100364,L6 CT,0.088184044,0.19528483
94113,Astro,0.2863326,-0.15445818
94080,L5 IT,-0.20545621,-0.053394776
94072,Astro,-0.26669073,0.13647448
94065,L6 CT,-0.11300413,0.10012101
263017,L2/3 IT,-0.21972303,-0.2612238
4769,L6 CT,0.13110124,0.27566898
237376,Peri,-0.08564414,-0.07332291
100129,L2/3 IT,-0.26016527,-0.3896033
237374,L2/3 IT,0.20981126,-0.3402245
237370,L5 ET,-0.2072422,-0.018572908
4870,Endo,-0.1014709,0.28774214
4884,L4/5 IT,-0.302503,-0.066953674
93978,L6 CT,-0.22804238,0.18246393
205545,Micro,0.3710649,-0.10983263
100261,L4/5 IT,-0.22228564,-0.07330923
4901,VLMC,-0.29219145,-0.4716296
100275,Endo,-0.2268794,0.3433326
207707,L5 ET,-0.28729135,-0.016875904
174799,Oligo,0.054092005,-0.14203598
4910,Oligo,0.076175615,0.45251256
237336,L5 IT,0.056868777,-0.03541888
93885,Astro,0.09199719,-0.18036513
100308,Pvalb,-0.38372546,-0.10997237
279522,L2/3 IT,0.3406772,-0.2797935
205479,Endo,0.06435977,0.25744534
93567,L5/6 NP,-0.18963768,0.036122967
174920,Astro,-0.20313062,0.11730181
174084,L2/3 IT,0.42629844,-0.1652296
237098,Peri,0.18154447,-0.027758371
250316,L2/3 IT,0.2761792,-0.2502513
93098,L5 ET,0.13830571,-0.06277497
236900,L4/5 IT,0.12177287,-0.1839198
279248,Astro,0.41086137,-0.27481085
181082,L4/5 IT,-0.06306012,-0.19162779
93027,L2/3 IT,0.5424829,-0.16885124
264225,L4/5 IT,0.10991751,-0.26759678
173495,L4/5 IT,-0.4228511,-0.100819364
6402,Oligo,-0.41926455,0.3833372
92970,L5 ET,-0.26697546,0.015283216
181106,L4/5 IT,0.5023275,-0.1317283
93104,Astro,-0.0014538914,0.3282078
181116,Astro,-0.027960613,-0.41264078
249013,Astro,0.31481206,-0.06605141
6675,Endo,0.07368295,0.11085974
239519,L6 IT,-0.09564541,0.25690126
279191,L4/5 IT,-0.02726914,-0.19337283
173448,L5 IT,-0.154209,-0.06439908
244823,L2/3 IT,-0.062025532,-0.29467428
205184,L6 IT,-0.1729476,0.2911697
92845,L6 IT,0.31661838,0.22811173
6774,Peri,0.109687194,0.28405416
181176,Endo,0.050128236,0.18255161
279173,SMC,0.1868683,-0.07913427
173455,L4/5 IT,-0.0045394152,-0.23154636
6258,L2/3 IT,0.16201644,-0.23684926
101076,L2/3 IT,0.17536186,-0.30896366
173656,Oligo,-0.15003262,0.23204891
5723,OPC,-0.29406106,-0.07197721
173942,L6b,-0.3268392,0.3226632
100817,Micro,-0.24566515,0.2700618
93412,Oligo,-0.2521565,0.30735326
100835,L4/5 IT,-0.10238685,-0.1770771
250275,Micro,0.25490022,0.058045555
173883,Endo,0.46425438,-0.26538086
237037,L6 CT,-0.017482027,0.21787111
250281,L4/5 IT,0.3465106,-0.13365348
5875,L6 IT,0.182106,0.20619892
5878,Oligo,0.28285128,0.48948145
173839,L6 IT,0.22745655,0.20474826
93341,L6 CT,-0.05407794,0.34293145
180962,Astro,-0.23133172,0.35525542
5920,L6 IT,-0.15887578,0.20167737
180973,Oligo,0.27045077,0.36901766
100913,Astro,0.29876655,-0.08702357
5946,L5 ET,0.43869317,-0.015859198
93237,L5 IT,0.3466192,-0.007978868
5988,Astro,0.15163921,-0.19815017
6033,L6 CT,0.2197073,0.40878737
100963,Peri,0.3442698,-0.35734278
173674,L2/3 IT,0.2966922,-0.31383246
101036,VLMC,-0.31083542,-0.47062877
173657,Pvalb,-0.016818568,0.40553045
5607,L4/5 IT,-0.24182399,-0.18435718
84436,L4/5 IT,0.20077555,-0.10829492
131608,Oligo,-0.31576383,0.0034897514
84424,Pvalb,-0.3291034,0.10311042
110159,L6 CT,0.1733173,0.33027285
266403,L5 ET,0.16117136,-0.033697437
276922,L6 CT,0.2353835,0.28149623
20090,Oligo,-0.07907824,0.23489533
20078,Endo,-0.24802302,0.24470417
260904,Oligo,-0.09960948,0.2924928
232346,L4/5 IT,-0.115713075,-0.1714138
23397,L2/3 IT,0.3248918,-0.18893825
243734,Astro,-0.21290068,0.21154647
110024,L2/3 IT,0.20846151,-0.33380583
110020,Oligo,-0.17145823,-0.21303223
232359,L4/5 IT,-0.26915658,-0.14925896
162320,L5 IT,-0.2325619,0.07539199
109989,L4/5 IT,0.034421965,-0.14469238
159553,Oligo,-0.40986252,0.3658353
231698,Endo,0.47248584,-0.18757118
20034,Sst,-0.13910292,0.055506993
202390,L2/3 IT,0.15631573,-0.25688732
23436,L4/5 IT,-0.031946585,-0.15330048
185820,L2/3 IT,-0.21754952,-0.24153294
109887,VLMC,-0.0008838326,-0.4703189
19944,L5 ET,0.27904725,0.06535803
23521,L5 IT,-0.011176512,0.1223353
19896,L4/5 IT,-0.42535162,-0.113385394
162529,L2/3 IT,0.21774487,-0.3425352
83323,L2/3 IT,0.063495204,-0.3247298
109809,Oligo,-0.042368546,0.23746984
184840,SMC,0.4145282,-0.109199956
109798,Astro,0.08487217,0.46684384
19813,Endo,0.114625916,-0.018209588
184907,Astro,0.058925793,-0.2803375
276987,L6 CT,-0.25003898,0.1930447
23343,Oligo,-0.39126027,0.37720692
162236,L2/3 IT,-0.025737807,-0.31500638
159721,Astro,0.020180091,-0.30779392
266022,OPC,0.38336414,-0.10124312
82759,L6 CT,0.28007394,0.24531506
20445,PVM,0.27221757,0.3774767
112226,Peri,0.04079865,0.3165167
211882,L2/3 IT,-0.1180165,-0.25712836
82796,L6 CT,-0.3474064,0.21330743
20398,L4/5 IT,-0.4129207,-0.12476529
159692,L5 IT,0.06950568,0.14603631
80749,L2/3 IT,-0.20414056,-0.28595746
23202,L5/6 NP,-0.11699073,0.1679862
80728,L6 CT,-0.40530378,0.24227987
266001,L2/3 IT,0.016184703,-0.3320207
162115,L6 CT,-0.050250158,0.29878896
23340,L6 CT,-0.25493234,0.25809872
80720,Peri,0.30033046,0.3346929
240514,L2/3 IT,-0.020375624,-0.37526286
231239,L5/6 NP,-0.12061559,0.24915604
20362,L5/6 NP,0.40573066,0.12341373
80690,PVM,-0.03527455,0.21201633
110244,L5 IT,0.40430242,-0.010064673
80663,L4/5 IT,0.17445134,-0.102055386
231223,Astro,0.42043126,-0.22353546
110198,L6 IT,-0.08132447,0.16190176
23243,L4/5 IT,0.22747545,-0.18647502
80599,L5 IT,-0.17311825,0.08351605
184963,L6 CT,-0.28903413,0.19099478
159578,L4/5 IT,0.25686628,-0.2344717
276273,L4/5 IT,0.19106208,-0.10272871
23329,Peri,0.25364357,0.30063403
232228,L6 CT,0.31345838,0.20045398
162600,L4/5 IT,-0.13790466,-0.1702814
83396,Oligo,-0.16785677,0.07581
109774,L2/3 IT,-0.2815361,-0.21505116
83663,Oligo,0.3462426,0.033990014
19148,L6 IT,-0.1463338,0.1357209
163325,L5 IT,-0.15628703,0.089002416
185942,L6 CT,-0.15266792,0.17087494
159039,Peri,-0.14604817,-0.2668214
83707,L5 ET,-0.09101726,-0.02204169
230937,Endo,-0.1328625,-0.11227764
252867,L6 CT,-0.1609915,0.31181085
163331,Pvalb,-0.029249504,-0.38796592
230930,Oligo,0.08608107,0.45419347
159018,L2/3 IT,-0.297184,-0.28718132
163357,L2/3 IT,-0.14028414,-0.3378936
202492,Oligo,0.03041561,-0.11800872
252872,Astro,0.11571346,-0.25926405
19158,Oligo,-0.27537417,0.3834455
109580,L2/3 IT,0.075586066,-0.33757553
232715,L6 CT,-0.00042112172,0.21988223
276114,L5 IT,0.048525706,0.06225871
24153,VLMC,0.24373691,-0.42939827
163394,L4/5 IT,0.30157346,-0.05992837
252083,L5 IT,-0.2929632,0.06455235
163484,Endo,-0.3439275,0.021394063
19052,L6 IT,0.23324828,0.19448899
24160,Endo,-0.11773966,0.36363
277114,Endo,0.440843,-0.14018564
277118,Oligo,-0.21824096,0.29092574
163489,L2/3 IT,-0.11394535,-0.35285664
80029,L2/3 IT,0.39135128,-0.18302245
83790,Oligo,0.09875719,0.12986557
163517,L6 CT,0.21985881,0.3640195
230916,Oligo,-0.056821838,-0.10897036
232684,Pvalb,0.12886594,-0.16710062
23948,Pvalb,-0.40158033,-0.1346914
159182,L2/3 IT,-0.25359935,-0.20885189
276996,L5 IT,0.19419627,-0.0785314
109766,L5 ET,0.06781612,0.066543326
162659,Astro,-0.084384754,-0.24035384
23595,Micro,0.19016705,0.0018046685
162716,Astro,-0.07226227,-0.12033911
80364,VLMC,-0.19372283,-0.47659966
159347,L2/3 IT,-0.18092044,-0.29468608
232545,Oligo,-0.2454805,-0.25313658
232551,L6 CT,0.14522718,0.29687434
23655,Oligo,0.03087525,0.52009696
232558,L4/5 IT,-0.11143781,-0.15896313
23668,Astro,-0.1971369,0.07347588
162882,L6 CT,-0.12268935,0.28627968
23682,L2/3 IT,0.4145434,-0.2218347
162987,Oligo,-0.060109362,0.5158218
163012,Oligo,0.29499114,0.44450378
276180,Oligo,0.0135819465,0.0537359
277066,Oligo,-0.19800569,0.3436734
112553,L2/3 IT,-0.07828306,-0.2746211
276165,L4/5 IT,-0.11678903,-0.10090636
184612,Micro,-0.33118993,0.29648536
19292,L6 IT,-0.36365628,0.26534498
240322,L5 ET,0.16070293,-0.025018405
231313,Oligo,-0.07377659,0.32281613
19294,Astro,-0.263273,-0.40677163
19353,Oligo,-0.035541937,0.32812476
112492,Oligo,-0.3367781,-0.045072477
252176,L6 CT,-0.019115284,0.31489682
184690,Lamp5,-0.28778654,-0.44891727
202465,L5 IT,-0.3943056,0.04537325
232594,L5 ET,-0.36643732,-0.0006956868
159292,Endo,0.5617176,-0.20238318
162016,Astro,0.32290357,-0.19384347
82646,L5 IT,-0.18023537,0.06808631
20486,L4/5 IT,0.3960932,-0.15111639
81471,L6 CT,-0.14945342,0.22227924
81959,VLMC,0.2772187,-0.41486198
185499,L5 IT,-0.18207611,0.08948706
81448,VLMC,0.035607442,-0.46467036
22099,L6 IT,-0.3237543,0.23370074
231866,Vip,-0.13114102,0.07299422
160432,L4/5 IT,-0.13398226,-0.1995831
161202,Astro,0.27451128,0.109558746
160414,L4/5 IT,0.15470098,-0.14415161
160370,Endo,-0.2781257,0.13890152
111464,L6 CT,-0.28311253,0.21087752
21358,Endo,-0.22567536,-0.14017348
161283,L6 CT,-0.038272157,0.30933928
81405,L5 IT,-0.08561067,0.06696044
185272,L4/5 IT,-0.281447,-0.096450225
22221,L5 ET,0.24189918,0.096489534
81378,L6 IT,0.07690416,0.30888152
111496,L5 IT,0.08459501,0.019931424
81361,Pvalb,0.28706723,-0.2968813
81307,L4/5 IT,0.20951866,-0.17984425
81302,L5 ET,-0.18360229,0.03405081
276450,L4/5 IT,-0.13294585,-0.18047296
160257,L5 ET,-0.074560806,0.00195219
21284,L6 IT,0.080992684,0.15193509
160242,L6 IT,-0.17988311,0.13919203
245444,L5 IT,0.052543,-0.07412766
161462,L5 ET,-0.29635626,-0.027603935
185191,L2/3 IT,0.09113936,-0.3039725
82232,Pvalb,-0.15319328,-0.24180155
231941,L6 IT,-0.2277251,0.26469177
111476,L4/5 IT,0.00547646,-0.16301243
110873,L6 CT,-0.24622001,0.18194126
276635,L6 IT,0.05655636,0.317814
110888,L6 CT,-0.22922938,0.25520694
21882,L6 CT,-0.034126803,0.23797481
245406,L6 CT,0.22010826,0.28955698
160800,Pvalb,-0.29776472,0.23401646
201967,L2/3 IT,-0.14524843,-0.31554118
111160,SMC,-0.24733795,-0.33662516
185410,Oligo,0.016489819,0.45433265
252603,Endo,0.39449555,-0.34854275
21809,Astro,-0.19363458,-0.11003573
211594,L6 IT,0.035477534,0.24596415
81751,L6 CT,-0.3178777,0.091282055
276563,L4/5 IT,0.020963714,-0.15653308
211552,Astro,-0.2956429,0.38041693
231747,L2/3 IT,0.5171063,-0.18087201
21762,L5 ET,0.41381758,0.03337728
160893,L2/3 IT,-0.29978526,-0.3220005
111336,Astro,0.2906745,-0.20043431
240436,L5 IT,-0.1452408,-0.08407764
161098,Micro,-0.11886887,-0.4560591
261212,L2/3 IT,-0.098414585,-0.37501028
231618,Oligo,-0.07028128,0.28350973
111414,Oligo,-0.27409077,0.3373267
231621,Astro,-0.27647054,0.2016664
111373,L5 IT,0.3220691,0.023860503
211726,L2/3 IT,-0.04008095,-0.36262602
231819,L6 IT,-0.24007787,0.228976
211496,L5/6 NP,-0.026775137,-0.020359796
202050,L5 IT,-0.1416062,0.15121429
21564,L6 IT,0.070282266,0.28829974
21581,L4/5 IT,-0.091533825,-0.19726802
110923,L5 IT,-0.05005242,0.008741755
276585,Oligo,0.3010137,0.35642254
231813,L4/5 IT,0.28288049,-0.08169587
260860,OPC,-0.102536514,-0.45779508
161505,L6 CT,-0.19255681,0.285609
81276,Micro,-0.08170928,0.17889284
111974,Astro,-0.33560085,0.24578731
110563,L5 ET,0.3632521,0.04030316
82418,Oligo,-0.16167931,0.3467123
82440,Oligo,0.14480893,0.058505822
20753,L6 CT,-0.26740897,0.31748223
159896,Endo,-0.20693009,0.27903515
112048,L6 CT,0.28166854,0.30033344
20694,Vip,0.05937572,0.09505133
185058,L6 CT,0.16068195,0.2867769
22699,L4/5 IT,-0.03715484,-0.11534555
22717,L6 IT,-0.2191919,0.2153577
22719,Endo,0.11538552,-0.42756745
202189,L4/5 IT,-0.049541667,-0.21847351
110510,L5/6 NP,-0.42294115,0.090358004
20777,Oligo,0.041586235,0.34253943
240375,L2/3 IT,-0.21745123,-0.39174476
80947,Oligo,-0.41113532,0.042195965
185040,L5 IT,0.23907618,-0.13329418
211834,L6 IT,0.15558045,0.18172328
276797,L5/6 NP,-0.41685253,0.10090451
231361,L5 IT,0.33378184,0.12270765
276800,L5 ET,0.44034344,0.098406896
20605,Astro,-0.28916097,-0.4254235
110491,L2/3 IT,-0.2799269,-0.37416202
276347,Endo,0.2585479,0.13904451
159825,L5 ET,0.3081485,-0.008227628
82589,L4/5 IT,0.13532756,-0.09204401
201648,VLMC,0.40243524,-0.3707961
20544,L2/3 IT,-0.24238159,-0.20888855
276841,L4/5 IT,-0.39894044,-0.0816343
22743,L4/5 IT,-0.25662863,-0.09552671
111964,Peri,0.13580237,-0.26364625
211312,L5 ET,-0.18880172,-0.030763518
211314,L4/5 IT,0.23358445,-0.06121404
160122,L5 ET,-0.43826228,-0.018305492
160101,Oligo,0.17191522,0.46411586
231996,L5 IT,0.10425781,-0.07330738
161591,L4/5 IT,-0.10366054,-0.13631146
261035,L4/5 IT,-0.108250365,-0.20907693
22381,Peri,0.091967985,0.4318325
232013,Pvalb,-0.12084557,-0.12504409
185107,Micro,-0.35441244,0.32103217
110736,L4/5 IT,-0.20930286,-0.19185887
161787,L5 IT,0.04043545,0.11142962
243768,L2/3 IT,0.5478122,-0.18406819
22434,L2/3 IT,0.19646226,-0.3067804
22449,Oligo,0.008197561,0.44402605
185612,Endo,0.16111605,-0.27555764
266090,Oligo,0.00027792156,0.5181717
82360,L6b,-0.15029363,0.36280596
111848,Endo,-0.39385206,0.3551756
276777,Oligo,0.24371801,0.29238135
161889,L4/5 IT,-0.24499984,-0.2395912
159917,L2/3 IT,0.43703038,-0.17720138
231421,L4/5 IT,0.008644715,-0.18751033
161830,L2/3 IT,0.36494678,-0.2556907
22604,L4/5 IT,-0.07138373,-0.18202294
81278,PVM,0.17071907,0.42768806
110680,PVM,-0.023528054,0.20164429
22563,L5 IT,-0.02209954,-0.081883445
110706,L6 CT,0.053301707,0.3360685
20844,L4/5 IT,0.3632871,-0.09498732
160025,L6 IT,-0.0025173873,0.10220753
20865,L6 CT,0.0014019758,0.2846102
81162,L5 ET,0.10190539,-0.030736428
231439,L6 CT,-0.26643336,0.12478922
109473,Peri,-0.07687731,0.09477721
185402,VLMC,-0.22432835,-0.4776448
240257,L5/6 NP,0.37003946,0.02189963
109271,Endo,-0.2580608,-0.049076688
18812,VLMC,0.2932021,-0.4159846
230738,SMC,0.13938133,0.048751403
18528,L5 ET,-0.14767443,-0.039115828
163735,L5 IT,0.42168123,-0.006276857
266583,VLMC,0.081206545,-0.46243247
84273,L6 CT,0.27367926,0.32059395
252954,L4/5 IT,-0.4028209,-0.06829657
277144,Astro,0.14170729,0.26121885
186009,L5 IT,0.04219921,0.09935139
113123,L6 CT,0.09040986,0.20085894
79586,L5/6 NP,-0.055662528,-0.049439322
252976,Astro,0.1984831,-0.097416505
158431,L6 CT,-0.43098366,0.3289141
164158,L4/5 IT,0.43900222,-0.10297863
185994,L6 CT,-0.11462219,0.19433437
245520,VLMC,-0.09242879,-0.4753946
230795,L5/6 NP,-0.20962287,0.08638702
201298,L5/6 NP,0.030094072,0.22855084
277139,L5 IT,0.050399914,0.0388767
18330,Peri,0.3612833,-0.29558483
158869,Peri,0.05032964,-0.054477792
163869,L6 IT,-0.049298897,0.32368565
158714,L2/3 IT,0.19431613,-0.26385218
24876,L4/5 IT,0.2921167,-0.17057903
84196,PVM,-0.21099637,-0.4522921
112885,L2/3 IT,0.39254075,-0.23375247
266526,L2/3 IT,-0.16377984,-0.3931955
84365,L5 IT,-0.305862,0.04200505
84014,L4/5 IT,0.26359224,-0.20264657
260799,L6 CT,-0.40629822,0.11648147
113013,L6 CT,-0.06943865,0.25467968
212246,Oligo,0.4394281,-0.27344215
186094,L4/5 IT,0.18306272,-0.18600352
24623,L2/3 IT,0.4059409,-0.16789736
18058,L5 IT,-0.2895391,0.13091455
109359,L2/3 IT,0.42368257,-0.23450835
186166,L4/5 IT,-0.3397079,-0.10960959
18858,Micro,-0.20055552,0.021398533
184421,Astro,-0.1137041,0.36714458
163821,L5 IT,-0.09628941,0.08687405
24364,L2/3 IT,-0.12880503,-0.31132948
18197,Oligo,-0.10961409,0.25797993
202605,L2/3 IT,0.028400257,-0.29919046
186050,L4/5 IT,-0.07488267,-0.1648029
186177,Oligo,0.055044457,0.4322574
18026,L4/5 IT,0.34482807,-0.11362611
79562,L2/3 IT,0.017581895,-0.27300647
261515,L5 IT,0.4084493,0.08732061
163741,L4/5 IT,0.05109866,-0.08740075
84230,L6 CT,-0.13563319,0.23028938
112817,Oligo,0.047482,0.5198506
260771,L4/5 IT,-0.1537375,-0.18195613
252878,L5 IT,-0.37380904,0.08662294
108966,L6 CT,0.11513762,0.33936203
252031,Astro,-0.19125058,-0.13667454
163904,Pvalb,0.022417203,-0.22551359
158228,VLMC,-0.0074472874,-0.46704948
84076,L2/3 IT,-0.15059386,-0.33777452
18767,L5/6 NP,0.005059406,0.18125491
18121,L5/6 NP,-0.045886055,0.059302796
24881,L5 IT,0.025315031,-0.093017444
240615,Oligo,-0.06553663,0.29669005
112921,L6 CT,-0.2398503,0.2106043
163706,L6 CT,-0.10609691,0.21186028
24683,L2/3 IT,0.018603101,-0.35353106
18483,L5 IT,-0.22413339,0.1507098
18778,Endo,-0.19865517,0.01507758
163970,L4/5 IT,0.13765775,-0.21072735
202677,L5 ET,0.21312617,0.059332002
163756,L4/5 IT,0.057298318,-0.26658934
84331,L2/3 IT,-0.10687812,-0.30352187
83846,L4/5 IT,-0.23334767,-0.1405284
24642,L5 IT,0.12234722,0.11252354
184495,L6 CT,0.24439304,0.24386154
